ts_utc,event_id,market_id,question,market_kind,game_no,start_time,mins_to_start,outcome,token_id,best_bid,best_ask,mid,spread,bid_depth_1c,bid_depth_3c,bid_depth_5c,ask_cost_1c,ask_cost_3c,ask_cost_5c,n_bid_levels,n_ask_levels,volume
2026-07-26 07:26:29,707309,2937031,LoL: LNG Esports vs Ninjas in Pyjamas - Game 1 Winner,map,1,2026-07-26 07:00:00,-26.5,LNG Esports,36160422899354652254207940540246905977386205574695891145465515616600930660343,0.13,0.14,0.135,0.01,131.92,174.2,263.34,97.61,147.06,383.6,13,71,243005.09335099976
2026-07-26 07:26:29,707309,2937031,LoL: LNG Esports vs Ninjas in Pyjamas - Game 1 Winner,map,1,2026-07-26 07:00:00,-26.5,Ninjas in Pyjamas,27844725792844701774174426850630143019476648887780105960182606988755303279014,0.86,0.87,0.865,0.01,523.81,774.36,1813.85,966.58,1317.3,2258.29,71,13,243005.09335099976
2026-07-26 07:26:29,707309,2937032,LoL: LNG Esports vs Ninjas in Pyjamas - Game 2 Winner,map,2,2026-07-26 07:00:00,-26.5,LNG Esports,59169325821988122135064468162308796103168035761849022513289293225905568411975,0.44,0.45,0.445,0.01,8679.28,13108.08,13580.84,4041.13,5874.71,9181.47,23,27,3458.896084
2026-07-26 07:26:29,707309,2937032,LoL: LNG Esports vs Ninjas in Pyjamas - Game 2 Winner,map,2,2026-07-26 07:00:00,-26.5,Ninjas in Pyjamas,9750443237218684936401351443214131681943461238354594128478044162692102765046,0.55,0.56,0.555,0.01,4806.82,6856.74,10177.95,11279.68,17530.88,18264.71,27,23,3458.896084
2026-07-26 07:26:29,707309,2937070,LoL: LNG Esports vs Ninjas in Pyjamas (BO3) - LPL Group Nirvana,series,,2026-07-26 07:00:00,-26.5,LNG Esports,13039818333695149737281342507664211547843701275722322222876584185939242501053,0.26,0.28,0.27,0.02,525.8,812.9,2330.98,17.88,126.55,1500.31,25,69,189616.36198499997
2026-07-26 07:26:29,707309,2937070,LoL: LNG Esports vs Ninjas in Pyjamas (BO3) - LPL Group Nirvana,series,,2026-07-26 07:00:00,-26.5,Ninjas in Pyjamas,12860473214826239589455941156838165970195873497775725394826031293114353859333,0.7,0.74,0.72,0.04,153.34,3114.55,4266.22,1576.31,2497.86,8157.84,67,25,189616.36198499997
2026-07-26 07:26:29,707309,2937071,Games Total: O/U 2.5,total_games,,2026-07-26 07:00:00,-26.5,Over,24359272624180131226090660455899033408812226887357002081228479110034031872745,0.45,0.46,0.455,0.01,747.11,5536.77,6215.07,484.76,484.76,535.01,22,29,11700.603485
2026-07-26 07:26:29,707309,2937071,Games Total: O/U 2.5,total_games,,2026-07-26 07:00:00,-26.5,Under,108381714596051462356533180020716007562937971053100663382452198058023864406718,0.54,0.55,0.545,0.01,548.83,548.83,598.58,935.35,7513.69,8490.39,29,23,11700.603485
2026-07-26 07:26:29,707309,2937072,Game Handicap: NIP (-1.5) vs LNG Esports (+1.5),handicap,,2026-07-26 07:00:00,-26.5,Ninjas in Pyjamas,16388812940096809790530650714293458939259108420628457673222104151669146077775,0.47,0.53,0.5,0.06,44.18,77.93,185.43,5366.47,5366.47,9396.47,17,16,4644.773359
2026-07-26 07:26:29,707309,2937072,Game Handicap: NIP (-1.5) vs LNG Esports (+1.5),handicap,,2026-07-26 07:00:00,-26.5,LNG Esports,83122955062241040059825958710039144637665162163372825350443296513363355651814,0.47,0.53,0.5,0.06,4571.53,4571.53,7541.53,4.24,51.86,194.36,16,17,4644.773359
2026-07-26 07:26:29,707309,2937073,Game 1: Both Teams Slay Baron Nashor?,prop,1,2026-07-26 07:00:00,-26.5,Yes,88634958630554732249204324752506571932783407842776899036649776884149217974350,,,,,0.0,0.0,0.0,0.0,0.0,0.0,0,0,
2026-07-26 07:26:29,707309,2937073,Game 1: Both Teams Slay Baron Nashor?,prop,1,2026-07-26 07:00:00,-26.5,No,109350414182318346773921700709001023624112221402822062470884816297873297230168,,,,,0.0,0.0,0.0,0.0,0.0,0.0,0,0,
2026-07-26 07:26:29,707309,2937074,Game 1: Both Teams Slay a Dragon?,prop,1,2026-07-26 07:00:00,-26.5,Yes,49249325900890369760333609994306807404164456496607544079823482440851268465158,,,,,0.0,0.0,0.0,0.0,0.0,0.0,0,0,
2026-07-26 07:26:29,707309,2937074,Game 1: Both Teams Slay a Dragon?,prop,1,2026-07-26 07:00:00,-26.5,No,32506987800148271823244025969762336995621963553144532760372366352710891204163,,,,,0.0,0.0,0.0,0.0,0.0,0.0,0,0,
2026-07-26 07:26:29,707309,2937075,Game 1: Both Teams Destroy Inhibitors?,prop,1,2026-07-26 07:00:00,-26.5,Yes,53143465897373356064134857562741341859852996695683702466712930026068244305775,,,,,0.0,0.0,0.0,0.0,0.0,0.0,0,0,
2026-07-26 07:26:29,707309,2937075,Game 1: Both Teams Destroy Inhibitors?,prop,1,2026-07-26 07:00:00,-26.5,No,1291865117526100023415331385722428631703415960060001555749076418605466252556,,,,,0.0,0.0,0.0,0.0,0.0,0.0,0,0,
2026-07-26 07:26:29,707309,2937076,Game 1: Any Player Quadra Kill?,prop,1,2026-07-26 07:00:00,-26.5,Yes,40843568719811150504265678582960932009370693470166070795214334880672755873424,,,,,0.0,0.0,0.0,0.0,0.0,0.0,0,0,
2026-07-26 07:26:29,707309,2937076,Game 1: Any Player Quadra Kill?,prop,1,2026-07-26 07:00:00,-26.5,No,80228829125199935648700783725523423111905188695089349759736150092826737677661,,,,,0.0,0.0,0.0,0.0,0.0,0.0,0,0,
2026-07-26 07:26:29,707309,2937077,Game 1: Any Player Penta Kill?,prop,1,2026-07-26 07:00:00,-26.5,Yes,41790686501300098645425707602663455691822974649386722737830889655851535020600,,,,,0.0,0.0,0.0,0.0,0.0,0.0,0,0,
2026-07-26 07:26:29,707309,2937077,Game 1: Any Player Penta Kill?,prop,1,2026-07-26 07:00:00,-26.5,No,91665311447516048805861955897207984771497288197157120112891082428759103130792,,,,,0.0,0.0,0.0,0.0,0.0,0.0,0,0,
2026-07-26 07:26:29,707309,2937078,Game 1: Odd/Even Total Kills?,odd_even,1,2026-07-26 07:00:00,-26.5,Odd,34822264852719964149909994462204230149805852967011785993729714672278764537437,,,,,0.0,0.0,0.0,0.0,0.0,0.0,0,0,13.88235
2026-07-26 07:26:29,707309,2937078,Game 1: Odd/Even Total Kills?,odd_even,1,2026-07-26 07:00:00,-26.5,Even,52780819192336807171207123474252199006311614133908651184023129062257502691517,,,,,0.0,0.0,0.0,0.0,0.0,0.0,0,0,13.88235
2026-07-26 07:26:29,707309,2937079,Game 2: Both Teams Slay Baron Nashor?,prop,2,2026-07-26 07:00:00,-26.5,Yes,80621550572643563004660470431304946758276605937791841604965469832575863268626,,,,,0.0,0.0,0.0,0.0,0.0,0.0,0,0,
2026-07-26 07:26:29,707309,2937079,Game 2: Both Teams Slay Baron Nashor?,prop,2,2026-07-26 07:00:00,-26.5,No,52619080910024513143624489200619126340402526223215747267568933237978966233993,,,,,0.0,0.0,0.0,0.0,0.0,0.0,0,0,
2026-07-26 07:26:29,707309,2937080,Game 2: Both Teams Slay a Dragon?,prop,2,2026-07-26 07:00:00,-26.5,Yes,68264065859914101819119912072673018692139500680973032801625349502442851418225,,,,,0.0,0.0,0.0,0.0,0.0,0.0,0,0,
2026-07-26 07:26:29,707309,2937080,Game 2: Both Teams Slay a Dragon?,prop,2,2026-07-26 07:00:00,-26.5,No,19359762094010776954611290893688806068978213456792328484712709408464021879894,,,,,0.0,0.0,0.0,0.0,0.0,0.0,0,0,
2026-07-26 07:26:29,707309,2937081,Game 2: Both Teams Destroy Inhibitors?,prop,2,2026-07-26 07:00:00,-26.5,Yes,105264215005215858522537463075977170602714308545603715084289057988912954852353,,,,,0.0,0.0,0.0,0.0,0.0,0.0,0,0,
2026-07-26 07:26:29,707309,2937081,Game 2: Both Teams Destroy Inhibitors?,prop,2,2026-07-26 07:00:00,-26.5,No,25331813907540190406486404597990077598764269429095484588032599253885029388185,,,,,0.0,0.0,0.0,0.0,0.0,0.0,0,0,
2026-07-26 07:26:29,707309,2937082,Game 2: Any Player Quadra Kill?,prop,2,2026-07-26 07:00:00,-26.5,Yes,104469489124314856698818829231273182104857697449311376372844982753981212729833,,,,,0.0,0.0,0.0,0.0,0.0,0.0,0,0,
2026-07-26 07:26:29,707309,2937082,Game 2: Any Player Quadra Kill?,prop,2,2026-07-26 07:00:00,-26.5,No,77944468707389538179103531327287972986710995190063854115382208908841503492801,,,,,0.0,0.0,0.0,0.0,0.0,0.0,0,0,
2026-07-26 07:26:29,707309,2937083,Game 2: Any Player Penta Kill?,prop,2,2026-07-26 07:00:00,-26.5,Yes,72238338671350427746118689656193316471569336517427211444461166297495097261573,,,,,0.0,0.0,0.0,0.0,0.0,0.0,0,0,
2026-07-26 07:26:29,707309,2937083,Game 2: Any Player Penta Kill?,prop,2,2026-07-26 07:00:00,-26.5,No,109169827674592301988635916475138880772382525740221500533132298823468774022621,,,,,0.0,0.0,0.0,0.0,0.0,0.0,0,0,
2026-07-26 07:26:29,707309,2937084,Game 2: Odd/Even Total Kills?,odd_even,2,2026-07-26 07:00:00,-26.5,Odd,56699501934374978588605584687559613950735277159042481998765883313294371071969,,,,,0.0,0.0,0.0,0.0,0.0,0.0,0,0,13.88235
2026-07-26 07:26:29,707309,2937084,Game 2: Odd/Even Total Kills?,odd_even,2,2026-07-26 07:00:00,-26.5,Even,54263831031251367523092553994760037350802749879031918961700063643194329437657,,,,,0.0,0.0,0.0,0.0,0.0,0.0,0,0,13.88235
2026-07-26 07:26:29,707309,2937085,Game 3: Both Teams Slay Baron Nashor?,prop,3,2026-07-26 07:00:00,-26.5,Yes,57415618871828257113115634811612186396144129204700906406530340698797706080959,,,,,0.0,0.0,0.0,0.0,0.0,0.0,0,0,
2026-07-26 07:26:29,707309,2937085,Game 3: Both Teams Slay Baron Nashor?,prop,3,2026-07-26 07:00:00,-26.5,No,28785162172369815144645189617287164553368852205205321317857853079271358923281,,,,,0.0,0.0,0.0,0.0,0.0,0.0,0,0,
2026-07-26 07:26:29,707309,2937086,Game 3: Both Teams Slay a Dragon?,prop,3,2026-07-26 07:00:00,-26.5,Yes,33193631310755643839902645399017020879331430530824192069018457602112143656115,,,,,0.0,0.0,0.0,0.0,0.0,0.0,0,0,
2026-07-26 07:26:29,707309,2937086,Game 3: Both Teams Slay a Dragon?,prop,3,2026-07-26 07:00:00,-26.5,No,98906951424005371769026606832662518313424036637859901712525751676063889308916,,,,,0.0,0.0,0.0,0.0,0.0,0.0,0,0,
2026-07-26 07:26:29,707309,2937087,Game 3: Both Teams Destroy Inhibitors?,prop,3,2026-07-26 07:00:00,-26.5,Yes,40846445414707324808988185978225730131228719424802561054331200269233687515398,,,,,0.0,0.0,0.0,0.0,0.0,0.0,0,0,
2026-07-26 07:26:29,707309,2937087,Game 3: Both Teams Destroy Inhibitors?,prop,3,2026-07-26 07:00:00,-26.5,No,65462988333698012252221884551846574734958030487862027738132237830828693837305,,,,,0.0,0.0,0.0,0.0,0.0,0.0,0,0,
2026-07-26 07:26:29,707309,2937088,Game 3: Any Player Quadra Kill?,prop,3,2026-07-26 07:00:00,-26.5,Yes,27271423505998791536449506623776758288300159695330394963118741064644337866957,,,,,0.0,0.0,0.0,0.0,0.0,0.0,0,0,
2026-07-26 07:26:29,707309,2937088,Game 3: Any Player Quadra Kill?,prop,3,2026-07-26 07:00:00,-26.5,No,77308339061744985408519647274011754917604463640961268379661369687566945852543,,,,,0.0,0.0,0.0,0.0,0.0,0.0,0,0,
2026-07-26 07:26:29,707309,2937089,Game 3: Any Player Penta Kill?,prop,3,2026-07-26 07:00:00,-26.5,Yes,86414427716464508790152909775043342573876465533530158460020707800570054575074,,,,,0.0,0.0,0.0,0.0,0.0,0.0,0,0,
2026-07-26 07:26:29,707309,2937089,Game 3: Any Player Penta Kill?,prop,3,2026-07-26 07:00:00,-26.5,No,54669411679814500941118880476102692899175433955681894424730233046899641111533,,,,,0.0,0.0,0.0,0.0,0.0,0.0,0,0,
2026-07-26 07:26:29,707309,2937090,Game 3: Odd/Even Total Kills?,odd_even,3,2026-07-26 07:00:00,-26.5,Odd,96219548144802922577883528626090655351091923938870031739369466493668780915563,,,,,0.0,0.0,0.0,0.0,0.0,0.0,0,0,13.88235
2026-07-26 07:26:29,707309,2937090,Game 3: Odd/Even Total Kills?,odd_even,3,2026-07-26 07:00:00,-26.5,Even,78726482951493172606487149029126179777084447651955088206208159902056349520175,,,,,0.0,0.0,0.0,0.0,0.0,0.0,0,0,13.88235
2026-07-26 07:26:29,707309,3081252,First Blood in Game 2?,first_blood,2,2026-07-26 07:00:00,-26.5,LNG Esports,87957071202475140634022151856777896130460953795932875985734689089979108759163,0.48,0.55,0.515,0.07,375.69,375.69,375.69,550.0,550.0,550.0,3,4,217.307691
2026-07-26 07:26:29,707309,3081252,First Blood in Game 2?,first_blood,2,2026-07-26 07:00:00,-26.5,Ninjas in Pyjamas,19282001481478039900717027012336743880539815833218985553234663998142221591393,0.45,0.52,0.485,0.07,450.0,450.0,450.0,407.0,407.0,407.0,4,3,217.307691
2026-07-26 07:26:29,707309,3081253,First Blood in Game 1?,first_blood,1,2026-07-26 07:00:00,-26.5,LNG Esports,76613647202537638192763675920547057413730356660250494417733000682616903168143,,0.001,,,0.0,0.0,0.0,7.12,7.12,17.12,0,29,438.075701
2026-07-26 07:26:29,707309,3081253,First Blood in Game 1?,first_blood,1,2026-07-26 07:00:00,-26.5,Ninjas in Pyjamas,80874802078825090658282822893135796900557735506107792701263191972871232319517,0.999,,,,1304.81,1304.81,1494.81,0.0,0.0,0.0,29,0,438.075701
2026-07-26 07:26:29,707309,3081254,Total Kills Over/Under 27.5 in Game 1?,total_kills,1,2026-07-26 07:00:00,-26.5,Over,828505781536902713213425730968028571192563123456063588815043595005357097132,0.23,0.48,0.355,0.25,7.3,7.65,7.65,34.2,109.2,109.2,7,7,936.30878
2026-07-26 07:26:29,707309,3081254,Total Kills Over/Under 27.5 in Game 1?,total_kills,1,2026-07-26 07:00:00,-26.5,Under,80459863559113274384084010394691788791560389647703263781837451271808028662250,0.52,0.77,0.645,0.25,35.8,110.8,110.8,25.42,26.82,26.82,7,7,936.30878
2026-07-26 07:26:29,707309,3081255,Total Kills Over/Under 30.5 in Game 2?,total_kills,2,2026-07-26 07:00:00,-26.5,Over,12859925366677919868605889593730633552933807405870342822875211236776319890746,0.39,0.49,0.44,0.1,262.13,262.13,262.13,489.0,489.0,489.0,5,5,351.416733
2026-07-26 07:26:29,707309,3081255,Total Kills Over/Under 30.5 in Game 2?,total_kills,2,2026-07-26 07:00:00,-26.5,Under,94019021316724693952249169002591258037801109364046624534311456287361793686879,0.51,0.61,0.56,0.1,508.95,508.95,508.95,410.0,410.0,410.0,5,5,351.416733
2026-07-26 07:26:29,707309,3081256,Total Kills Over/Under 30.5 in Game 1?,total_kills,1,2026-07-26 07:00:00,-26.5,Over,87725896891784161100715652544411850030426141579367516507450513514595749609047,0.01,0.39,0.2,0.38,0.41,0.41,0.41,19.5,19.5,19.5,1,6,295.16082600000004
2026-07-26 07:26:29,707309,3081256,Total Kills Over/Under 30.5 in Game 1?,total_kills,1,2026-07-26 07:00:00,-26.5,Under,97201225274297892753342273029497890343243974972542770999806833288788032757969,0.61,0.99,0.8,0.38,30.5,30.5,30.5,40.72,40.72,40.72,6,1,295.16082600000004
2026-07-26 07:26:29,707309,3081257,Total Kills Over/Under 27.5 in Game 2?,total_kills,2,2026-07-26 07:00:00,-26.5,Over,108863761469982695351302931183698250498425107609560801457341752723903790657623,0.52,0.6,0.56,0.08,743.01,743.01,743.01,624.0,624.0,624.0,6,5,50.702776
2026-07-26 07:26:29,707309,3081257,Total Kills Over/Under 27.5 in Game 2?,total_kills,2,2026-07-26 07:00:00,-26.5,Under,98376158717084096133671661544120588883525069620303136661627812704236670349507,0.4,0.48,0.44,0.08,416.0,416.0,416.0,705.08,705.08,705.08,5,6,50.702776
2026-07-26 07:26:29,707309,3109110,Total Kills Over/Under 33.5 in Game 1?,total_kills,1,2026-07-26 07:00:00,-26.5,Over,73235012461604993223508141621187190908821090339279645331303674035367059314260,0.01,0.97,0.49,0.96,0.05,0.05,0.05,242.5,247.45,247.45,1,2,
2026-07-26 07:26:29,707309,3109110,Total Kills Over/Under 33.5 in Game 1?,total_kills,1,2026-07-26 07:00:00,-26.5,Under,8614939647260010013202586387289209692805042087808939312729663784081869760105,0.03,0.99,0.51,0.96,7.5,7.55,7.55,4.95,4.95,4.95,2,1,
2026-07-26 09:35:46,707325,2937091,LoL: Anyone's Legend vs Bilibili Gaming - Game 1 Winner,map,1,2026-07-26 11:00:00,84.2,Anyone's Legend,106906185790690167849895063392041009115494273917041294569591008180490173521485,0.43,0.44,0.435,0.01,11346.58,13508.58,15347.61,10768.61,14185.52,16885.92,34,38,1867.0099329999998
2026-07-26 09:35:46,707325,2937091,LoL: Anyone's Legend vs Bilibili Gaming - Game 1 Winner,map,1,2026-07-26 11:00:00,84.2,Bilibili Gaming,51653736840206909477127809769417338510771268257928893059964060309325560583787,0.56,0.57,0.565,0.01,13234.86,17153.36,20068.88,15668.85,18836.85,21760.68,38,34,1867.0099329999998
2026-07-26 09:35:46,707325,2937092,LoL: Anyone's Legend vs Bilibili Gaming - Game 2 Winner,map,2,2026-07-26 11:00:00,84.2,Anyone's Legend,3632761527830851126218403972215896322866498280718052589856316229871893863849,0.43,0.44,0.435,0.01,1277.5,4115.92,5012.6,2099.92,5573.3,5873.7,34,37,3348.6275040000005
2026-07-26 09:35:46,707325,2937092,LoL: Anyone's Legend vs Bilibili Gaming - Game 2 Winner,map,2,2026-07-26 11:00:00,84.2,Bilibili Gaming,70779665945520640638060284527025322569040195676030813411312036650498709891533,0.56,0.57,0.565,0.01,2625.09,6620.58,6936.1,1760.2,5915.52,7338.07,37,34,3348.6275040000005
2026-07-26 09:35:46,707325,2937114,LoL: Anyone's Legend vs Bilibili Gaming (BO3) - LPL Group Ascend,series,,2026-07-26 11:00:00,84.2,Anyone's Legend,83927624320717567322293360465565771333925478452952852805782756307712776908686,0.39,0.4,0.395,0.01,41573.64,47917.67,60547.34,61964.25,71784.45,73893.02,35,41,122136.92179700008
2026-07-26 09:35:46,707325,2937114,LoL: Anyone's Legend vs Bilibili Gaming (BO3) - LPL Group Ascend,series,,2026-07-26 11:00:00,84.2,Bilibili Gaming,113359571003047396767826426301838860151873706137356935468347609290162612073776,0.6,0.61,0.605,0.01,91629.52,104834.56,107504.56,65825.52,76676.43,100591.33,41,35,122136.92179700008
2026-07-26 09:35:46,707325,2937115,Games Total: O/U 2.5,total_games,,2026-07-26 11:00:00,84.2,Over,96722104278692088864245402190624922595785938161886735538042885922816494963748,0.47,0.48,0.475,0.01,2910.51,5102.7,6365.88,3722.74,13728.73,15761.95,31,32,3574.3843200000006
2026-07-26 09:35:46,707325,2937115,Games Total: O/U 2.5,total_games,,2026-07-26 11:00:00,84.2,Under,100077604143401124111462680244982754750901478819651333547594375692625089979294,0.52,0.53,0.525,0.01,3885.05,13741.04,15614.39,3336.98,6059.76,7782.13,32,31,3574.3843200000006
2026-07-26 09:35:46,707325,2937116,Game Handicap: BLG (-1.5) vs Anyone's Legend (+1.5),handicap,,2026-07-26 11:00:00,84.2,Bilibili Gaming,42449476321480753476908263842860461479311712176117706366122887640797055712452,0.32,0.33,0.325,0.01,613.44,1368.62,2130.39,4586.99,12371.11,12416.61,24,32,3410.920775999999
2026-07-26 09:35:46,707325,2937116,Game Handicap: BLG (-1.5) vs Anyone's Legend (+1.5),handicap,,2026-07-26 11:00:00,84.2,Anyone's Legend,102400219958593484908967793580148013055443120591803397478891753493119097650382,0.67,0.68,0.675,0.01,9116.71,23510.84,23585.34,1348.86,3161.09,5218.28,32,24,3410.920775999999
2026-07-26 09:35:46,707325,2937117,Game 1: Both Teams Slay Baron Nashor?,prop,1,2026-07-26 11:00:00,84.2,Yes,114415780908852448239778907487610815370694530579935091883476088315809736210722,0.08,0.33,0.205,0.25,127.15,127.15,161.05,151.07,151.07,151.07,5,17,
2026-07-26 09:35:46,707325,2937117,Game 1: Both Teams Slay Baron Nashor?,prop,1,2026-07-26 11:00:00,84.2,No,69622048401300544909555152785955652324852445957989816090538030596670288415532,0.67,0.92,0.795,0.25,306.72,306.72,306.72,1462.22,1462.22,2552.95,17,5,
2026-07-26 09:35:46,707325,2937118,Game 1: Both Teams Slay a Dragon?,prop,1,2026-07-26 11:00:00,84.2,Yes,103264526758415589256682305065439803261059341791516885088481784183499929620187,0.64,0.87,0.755,0.23,306.72,306.72,306.72,974.06,974.06,974.06,16,7,
2026-07-26 09:35:46,707325,2937118,Game 1: Both Teams Slay a Dragon?,prop,1,2026-07-26 11:00:00,84.2,No,2622793839582080428033213990019869727259708694379411953743560135095559157283,0.13,0.36,0.245,0.23,145.55,145.55,145.55,172.53,172.53,172.53,7,16,
2026-07-26 09:35:46,707325,2937119,Game 1: Both Teams Destroy Inhibitors?,prop,1,2026-07-26 11:00:00,84.2,Yes,100121916458454112344079324782314142235919731936939799786383598040561112105688,0.04,0.27,0.155,0.23,0.9,1.99,1.99,113.44,113.44,113.44,4,17,
2026-07-26 09:35:46,707325,2937119,Game 1: Both Teams Destroy Inhibitors?,prop,1,2026-07-26 11:00:00,84.2,No,100016836476763669206403787100302699394853063609681852225247420290009376570577,0.73,0.96,0.845,0.23,306.72,306.72,306.72,25.65,112.69,112.69,17,4,
2026-07-26 09:35:46,707325,2937120,Game 1: Any Player Quadra Kill?,prop,1,2026-07-26 11:00:00,84.2,Yes,45318175528046335607161226081376899606223344684940530995183027781024555859886,0.07,0.5,0.285,0.43,283.36,283.36,316.63,283.36,283.36,283.36,3,15,
2026-07-26 09:35:46,707325,2937120,Game 1: Any Player Quadra Kill?,prop,1,2026-07-26 11:00:00,84.2,No,31434111651714615066570618174045427246713506719122982526171458180679343117813,0.5,0.93,0.715,0.43,283.36,283.36,283.36,3764.64,3764.64,5394.71,15,3,
2026-07-26 09:35:46,707325,2937121,Game 1: Any Player Penta Kill?,prop,1,2026-07-26 11:00:00,84.2,Yes,66350550523881356308587509642800111816810263665107126951496660572488969712181,0.02,0.49,0.255,0.47,284.41,284.41,284.41,302.47,302.47,302.47,2,17,
2026-07-26 09:35:46,707325,2937121,Game 1: Any Player Penta Kill?,prop,1,2026-07-26 11:00:00,84.2,No,29336976172418728190894676475105321596156005151771442793581497417031302072161,0.51,0.98,0.745,0.47,303.25,303.25,303.25,28131.59,28131.59,28131.59,17,2,
2026-07-26 09:35:46,707325,2937122,Game 1: Odd/Even Total Kills?,odd_even,1,2026-07-26 11:00:00,84.2,Odd,83841019885738630578856410559180193372150701871896473243307611242181928235613,0.49,0.5,0.495,0.01,103.53,103.53,103.53,155.31,155.31,155.31,18,19,13.88235
2026-07-26 09:35:46,707325,2937122,Game 1: Odd/Even Total Kills?,odd_even,1,2026-07-26 11:00:00,84.2,Even,26667579112015225451017888617183051735195330785239914001198998315201530353149,0.5,0.51,0.505,0.01,151.18,151.18,151.18,107.75,107.75,107.75,19,18,13.88235
2026-07-26 09:35:46,707325,2937123,Game 2: Both Teams Slay Baron Nashor?,prop,2,2026-07-26 11:00:00,84.2,Yes,54798490823067512845436182415523194156850341534569660902309484636297929270791,0.08,0.33,0.205,0.25,127.15,127.15,161.05,151.07,151.07,151.07,5,18,
2026-07-26 09:35:46,707325,2937123,Game 2: Both Teams Slay Baron Nashor?,prop,2,2026-07-26 11:00:00,84.2,No,91461497856653500101438322587010402057326619689411913388834504433116328304804,0.67,0.92,0.795,0.25,306.72,306.72,306.72,1462.22,1462.22,2552.95,18,5,
2026-07-26 09:35:46,707325,2937124,Game 2: Both Teams Slay a Dragon?,prop,2,2026-07-26 11:00:00,84.2,Yes,110846714174846879664879320876288679504383438700685819386860084951761769773969,0.64,0.87,0.755,0.23,306.72,306.72,306.72,974.06,974.06,974.06,17,7,
2026-07-26 09:35:46,707325,2937124,Game 2: Both Teams Slay a Dragon?,prop,2,2026-07-26 11:00:00,84.2,No,4706188841464342218583938106863793911505779608297721893085790929991872662849,0.13,0.36,0.245,0.23,145.55,145.55,145.55,172.53,172.53,172.53,7,17,
2026-07-26 09:35:46,707325,2937125,Game 2: Both Teams Destroy Inhibitors?,prop,2,2026-07-26 11:00:00,84.2,Yes,54527946282244187894168294340809007593961982383702900104353902689449374670637,0.03,0.27,0.15,0.24,0.89,1.57,1.57,113.44,113.44,113.44,3,17,
2026-07-26 09:35:46,707325,2937125,Game 2: Both Teams Destroy Inhibitors?,prop,2,2026-07-26 11:00:00,84.2,No,43456222045537077012251674511630404144739820840770946950135930097892263315523,0.73,0.97,0.85,0.24,306.72,306.72,306.72,35.68,102.56,102.56,17,3,
2026-07-26 09:35:46,707325,2937126,Game 2: Any Player Quadra Kill?,prop,2,2026-07-26 11:00:00,84.2,Yes,111468803831513867086361238422212971155294378792127765934121528957551820980754,0.07,0.5,0.285,0.43,283.36,283.36,316.63,283.36,283.36,283.36,3,14,
2026-07-26 09:35:46,707325,2937126,Game 2: Any Player Quadra Kill?,prop,2,2026-07-26 11:00:00,84.2,No,84935760242847362360157307028896918431097593483649789353414838330964599356851,0.5,0.93,0.715,0.43,283.36,283.36,283.36,3764.64,3764.64,5394.71,14,3,
2026-07-26 09:35:46,707325,2937127,Game 2: Any Player Penta Kill?,prop,2,2026-07-26 11:00:00,84.2,Yes,66038029669970943085539599906815658534383415176888891874357566339550511190880,0.02,0.49,0.255,0.47,284.41,284.41,284.41,302.47,302.47,302.47,2,15,
2026-07-26 09:35:46,707325,2937127,Game 2: Any Player Penta Kill?,prop,2,2026-07-26 11:00:00,84.2,No,108243573785504866846670751011227306342033087347942106483024385767926893893137,0.51,0.98,0.745,0.47,303.25,303.25,303.25,28131.59,28131.59,28131.59,15,2,
2026-07-26 09:35:46,707325,2937128,Game 2: Odd/Even Total Kills?,odd_even,2,2026-07-26 11:00:00,84.2,Odd,19046459412336706162274174292346990527909402837479037562063782856752361068020,0.49,0.51,0.5,0.02,103.53,103.53,103.53,105.31,122.27,122.27,17,18,13.88235
2026-07-26 09:35:46,707325,2937128,Game 2: Odd/Even Total Kills?,odd_even,2,2026-07-26 11:00:00,84.2,Even,82629926385052102733234526902389337541620929065574949781703569881064092391008,0.49,0.51,0.5,0.02,101.18,116.22,116.22,107.75,107.75,107.75,18,17,13.88235
2026-07-26 09:35:46,707325,2937129,Game 3: Both Teams Slay Baron Nashor?,prop,3,2026-07-26 11:00:00,84.2,Yes,61244497046674275642485084069702604339505856732587881597215259116144708333092,0.07,0.96,0.515,0.89,283.76,284.02,317.46,27.04,111.7,111.7,6,4,
2026-07-26 09:35:46,707325,2937129,Game 3: Both Teams Slay Baron Nashor?,prop,3,2026-07-26 11:00:00,84.2,No,89100649283241389183094422210167810314916773044139223632127630941439482190913,0.04,0.93,0.485,0.89,0.96,1.99,1.99,4444.63,4450.86,6081.22,4,6,
2026-07-26 09:35:46,707325,2937130,Game 3: Both Teams Slay a Dragon?,prop,3,2026-07-26 11:00:00,84.2,Yes,61931319711788818719785941194744853519042852362395051538602478434331464237456,0.04,0.79,0.415,0.75,0.96,1.99,1.99,1065.97,1065.97,1065.97,4,11,
2026-07-26 09:35:46,707325,2937130,Game 3: Both Teams Slay a Dragon?,prop,3,2026-07-26 11:00:00,84.2,No,40784377247799055533031638570294932155207181042105528818682161329331130044448,0.21,0.96,0.585,0.75,283.36,283.36,283.36,27.04,112.6,112.6,11,4,
2026-07-26 09:35:46,707325,2937131,Game 3: Both Teams Destroy Inhibitors?,prop,3,2026-07-26 11:00:00,84.2,Yes,14781789298496679970977396530268505467464816010824433964596590468763562327539,0.05,0.96,0.505,0.91,283.87,284.68,285.35,27.04,111.7,111.7,5,4,
2026-07-26 09:35:46,707325,2937131,Game 3: Both Teams Destroy Inhibitors?,prop,3,2026-07-26 11:00:00,84.2,No,16353494303384463079728608823165668272506625880821710621709074200748452870326,0.04,0.95,0.495,0.91,0.96,1.99,1.99,6810.24,6841.99,6908.53,4,5,
2026-07-26 09:35:46,707325,2937132,Game 3: Any Player Quadra Kill?,prop,3,2026-07-26 11:00:00,84.2,Yes,72071171523876747761377568226620879888523505696528898516319522136622853390246,0.04,0.98,0.51,0.94,283.36,284.41,284.41,78.95,78.95,78.95,3,2,
2026-07-26 09:35:46,707325,2937132,Game 3: Any Player Quadra Kill?,prop,3,2026-07-26 11:00:00,84.2,No,102258183932041188831269543275923995443013733629415085447455153920008232815287,0.02,0.96,0.49,0.94,1.05,1.05,1.05,6800.64,6879.59,6879.59,2,3,
2026-07-26 09:35:46,707325,2937133,Game 3: Any Player Penta Kill?,prop,3,2026-07-26 11:00:00,84.2,Yes,76558748093857936985933496781780950949094176105263956316893768466404038166862,0.05,0.98,0.515,0.93,18.9,19.4,303.31,78.95,78.95,78.95,3,2,
2026-07-26 09:35:46,707325,2937133,Game 3: Any Player Penta Kill?,prop,3,2026-07-26 11:00:00,84.2,No,29994454649689580353884333990148268547770099603303437838967454307545495138701,0.02,0.95,0.485,0.93,1.05,1.05,1.05,359.1,383.6,28490.69,2,3,
2026-07-26 09:35:46,707325,2937134,Game 3: Odd/Even Total Kills?,odd_even,3,2026-07-26 11:00:00,84.2,Odd,67061359804204064170847775939307622337976034015075582671056081912411246735041,0.49,0.51,0.5,0.02,103.53,103.53,103.53,105.31,122.27,122.27,16,19,13.88235
2026-07-26 09:35:46,707325,2937134,Game 3: Odd/Even Total Kills?,odd_even,3,2026-07-26 11:00:00,84.2,Even,33657511483178186255645751327779018121442853840529515356695642058732995281928,0.49,0.51,0.5,0.02,101.18,116.22,116.22,107.75,107.75,107.75,19,16,13.88235
2026-07-26 09:35:46,707325,3081189,First Blood in Game 2?,first_blood,2,2026-07-26 11:00:00,84.2,Anyone's Legend,38980013053585382627044557885461424899627433382200430835828700635583939175805,0.45,0.54,0.495,0.09,217.19,217.19,217.19,238.72,238.72,238.72,15,17,17.133927
2026-07-26 09:35:46,707325,3081189,First Blood in Game 2?,first_blood,2,2026-07-26 11:00:00,84.2,Bilibili Gaming,32915426582315848072394551356012463050233939458308904167277641843508739227112,0.46,0.55,0.505,0.09,203.36,203.36,203.36,276.32,276.32,276.32,17,15,17.133927
2026-07-26 09:35:46,707325,3081190,First Blood in Game 1?,first_blood,1,2026-07-26 11:00:00,84.2,Anyone's Legend,4433330408410316846803071700370086732714825654055559249370346850470709072952,0.44,0.52,0.48,0.08,122.75,122.75,122.75,211.48,227.68,227.68,17,18,396.02810200000005
2026-07-26 09:35:46,707325,3081190,First Blood in Game 1?,first_blood,1,2026-07-26 11:00:00,84.2,Bilibili Gaming,56265377411176358654576366202811500730949665241782657984499538378433436097441,0.48,0.56,0.52,0.08,187.67,201.47,201.47,156.22,156.22,156.22,18,17,396.02810200000005
2026-07-26 09:35:46,707325,3081191,Total Kills Over/Under 30.5 in Game 2?,total_kills,2,2026-07-26 11:00:00,84.2,Over,23437973508451351356330991082104110111477813117354578429013063563881774470443,0.52,0.53,0.525,0.01,658.02,1015.23,1316.3,682.7,1229.83,1368.08,30,29,4596.1461
2026-07-26 09:35:46,707325,3081191,Total Kills Over/Under 30.5 in Game 2?,total_kills,2,2026-07-26 11:00:00,84.2,Under,43795506910926088362776940249733727340295848021891030089161568807434839732983,0.47,0.48,0.475,0.01,592.54,1040.19,1144.49,617.98,985.55,1311.91,29,30,4596.1461
2026-07-26 09:35:46,707325,3081192,Total Kills Over/Under 30.5 in Game 1?,total_kills,1,2026-07-26 11:00:00,84.2,Over,42413334049665637744079450278355110617992471546021782153366528621527176685032,0.51,0.54,0.525,0.03,50.89,1588.22,4412.92,27.0,277.51,551.93,19,22,261.566081
2026-07-26 09:35:46,707325,3081192,Total Kills Over/Under 30.5 in Game 1?,total_kills,1,2026-07-26 11:00:00,84.2,Under,108337392913264562280312318187593157873877600848046953117933229402235926120876,0.46,0.49,0.475,0.03,23.0,212.29,411.01,48.9,1706.56,4891.86,22,19,261.566081
2026-07-26 09:35:46,707325,3081193,Total Kills Over/Under 33.5 in Game 2?,total_kills,2,2026-07-26 11:00:00,84.2,Over,8586298549004551993442956533825310037264727331502800059723384947749880992529,0.33,0.42,0.375,0.09,330.9,334.0,351.2,268.46,272.86,272.86,19,15,
2026-07-26 09:35:46,707325,3081193,Total Kills Over/Under 33.5 in Game 2?,total_kills,2,2026-07-26 11:00:00,84.2,Under,110597114372405884962927286808742534536249688168361162103005224613607361053251,0.58,0.67,0.625,0.09,358.19,363.79,363.79,701.6,708.5,751.98,15,19,
2026-07-26 09:35:46,707325,3081194,Total Kills Over/Under 33.5 in Game 1?,total_kills,1,2026-07-26 11:00:00,84.2,Over,30552843765508490603664386461225254952089070999529702283764849905764612834885,0.32,0.41,0.365,0.09,306.85,306.85,326.75,264.21,264.21,264.21,18,17,
2026-07-26 09:35:46,707325,3081194,Total Kills Over/Under 33.5 in Game 1?,total_kills,1,2026-07-26 11:00:00,84.2,Under,53657580022631506873496992494579505139264461994954679282251091971010077831792,0.59,0.68,0.635,0.09,367.25,367.25,367.25,681.37,681.37,732.89,17,18,
2026-07-26 09:35:46,736889,3052456,LoL: DetonatioN FocusMe vs GAM Esports - Game 1 Winner,map,1,2026-07-26 09:10:00,-25.8,DetonatioN FocusMe,65011353631018713071171505495182390380941741488463129238964544116663310953339,0.07,0.08,0.075,0.01,41.88,217.98,274.72,106.7,232.68,336.23,7,50,27200.964494999982
2026-07-26 09:35:46,736889,3052456,LoL: DetonatioN FocusMe vs GAM Esports - Game 1 Winner,map,1,2026-07-26 09:10:00,-25.8,GAM Esports,35801897731509932686812263291100163767181774153634434997097264336916838391874,0.92,0.93,0.925,0.01,1096.2,2201.14,2925.28,654.51,3645.09,5168.13,50,7,27200.964494999982
2026-07-26 09:35:46,736889,3052457,LoL: DetonatioN FocusMe vs GAM Esports - Game 2 Winner,map,2,2026-07-26 09:10:00,-25.8,DetonatioN FocusMe,42937744305358871367372046700626407068501449357469814790574983155636574671597,0.2,0.22,0.21,0.02,213.91,216.08,337.82,87.0,144.75,284.82,16,25,1091.7111850000001
2026-07-26 09:35:46,736889,3052457,LoL: DetonatioN FocusMe vs GAM Esports - Game 2 Winner,map,2,2026-07-26 09:10:00,-25.8,GAM Esports,28730804478477604458287913289858982768928005033031526703340440409007979568260,0.78,0.8,0.79,0.02,296.0,469.24,848.69,911.09,920.95,1596.13,25,16,1091.7111850000001
2026-07-26 09:35:46,736889,3052458,LoL: DetonatioN FocusMe vs GAM Esports (BO3) - LCP Swiss Stage,series,,2026-07-26 09:10:00,-25.8,DetonatioN FocusMe,51537179564823969644541740494020853499082380953512590343567904489038510647853,0.05,0.08,0.065,0.03,203.9,541.4,556.14,139.17,390.99,672.49,5,54,13793.275570999998
2026-07-26 09:35:46,736889,3052458,LoL: DetonatioN FocusMe vs GAM Esports (BO3) - LCP Swiss Stage,series,,2026-07-26 09:10:00,-25.8,GAM Esports,71436784889384706742486070399229826615722550995099996464685445980208382653500,0.92,0.95,0.935,0.03,1425.67,3657.14,5600.9,4683.13,16208.27,17667.86,54,5,13793.275570999998
2026-07-26 09:35:46,736889,3052459,Games Total: O/U 2.5,total_games,,2026-07-26 09:10:00,-25.8,Over,88018096342515914230916666493378570347902975452535219555065575015239108255320,0.21,0.27,0.24,0.06,5.25,18.75,18.75,22.95,30.66,53.91,10,23,1124.601724
2026-07-26 09:35:46,736889,3052459,Games Total: O/U 2.5,total_games,,2026-07-26 09:10:00,-25.8,Under,4565501262201365586663448308149796867337127848182994847196036020708940532869,0.73,0.79,0.76,0.06,62.05,80.69,132.44,19.75,81.25,81.25,23,10,1124.601724
2026-07-26 09:35:46,736889,3052460,Game Handicap: GAM (-1.5) vs DetonatioN FocusMe (+1.5),handicap,,2026-07-26 09:10:00,-25.8,GAM Esports,42290737247327078154033229679017466127597604965421797477257206521279285078006,0.73,0.77,0.75,0.04,73.0,113.5,152.76,26.95,86.7,168.7,23,9,4566.502146
2026-07-26 09:35:46,736889,3052460,Game Handicap: GAM (-1.5) vs DetonatioN FocusMe (+1.5),handicap,,2026-07-26 09:10:00,-25.8,DetonatioN FocusMe,33736870685105906112079291775570570890974348299405084036051225604907672605907,0.23,0.27,0.25,0.04,8.05,23.3,41.3,27.0,43.65,61.64,9,23,4566.502146
2026-07-26 09:35:46,736889,3052461,Game 1: Both Teams Slay Baron Nashor?,prop,1,2026-07-26 09:10:00,-25.8,Yes,43122603346906596334296252674390024090674850813707504799571653481002893594363,,,,,0.0,0.0,0.0,0.0,0.0,0.0,0,0,
2026-07-26 09:35:46,736889,3052461,Game 1: Both Teams Slay Baron Nashor?,prop,1,2026-07-26 09:10:00,-25.8,No,22608822467931253116266072169018665654777361701132747530345713270796207530708,,,,,0.0,0.0,0.0,0.0,0.0,0.0,0,0,
2026-07-26 09:35:46,736889,3052462,Game 1: Both Teams Slay a Dragon?,prop,1,2026-07-26 09:10:00,-25.8,Yes,74215501327167909849241359432481487916379618630740230533970225895388863950789,,,,,0.0,0.0,0.0,0.0,0.0,0.0,0,0,
2026-07-26 09:35:46,736889,3052462,Game 1: Both Teams Slay a Dragon?,prop,1,2026-07-26 09:10:00,-25.8,No,2700831613290955209273655375397659608654767243904041149498498823960049922051,,,,,0.0,0.0,0.0,0.0,0.0,0.0,0,0,
2026-07-26 09:35:46,736889,3052463,Game 1: Both Teams Destroy Inhibitors?,prop,1,2026-07-26 09:10:00,-25.8,Yes,3293739883624986264587462729824836331214282650674730348137761585307068514108,,,,,0.0,0.0,0.0,0.0,0.0,0.0,0,0,
2026-07-26 09:35:46,736889,3052463,Game 1: Both Teams Destroy Inhibitors?,prop,1,2026-07-26 09:10:00,-25.8,No,29154993457603571820668414654026903019929933713215152878641461991846476623076,,,,,0.0,0.0,0.0,0.0,0.0,0.0,0,0,
2026-07-26 09:35:46,736889,3052464,Game 1: Any Player Quadra Kill?,prop,1,2026-07-26 09:10:00,-25.8,Yes,110583259923308425319613347807266707208155464247884617406380114258248590296565,,,,,0.0,0.0,0.0,0.0,0.0,0.0,0,0,
2026-07-26 09:35:46,736889,3052464,Game 1: Any Player Quadra Kill?,prop,1,2026-07-26 09:10:00,-25.8,No,58695582885503311700224629138899082484459074678476720855249230398376919226326,,,,,0.0,0.0,0.0,0.0,0.0,0.0,0,0,
2026-07-26 09:35:46,736889,3052465,Game 1: Any Player Penta Kill?,prop,1,2026-07-26 09:10:00,-25.8,Yes,34330035002242497104802979610594088977340529907173058891804688270540025993545,,,,,0.0,0.0,0.0,0.0,0.0,0.0,0,0,
2026-07-26 09:35:46,736889,3052465,Game 1: Any Player Penta Kill?,prop,1,2026-07-26 09:10:00,-25.8,No,2685798662111465383824180978542284874050671379946915634724344157498257883590,,,,,0.0,0.0,0.0,0.0,0.0,0.0,0,0,
2026-07-26 09:35:46,736889,3052466,Game 1: Odd/Even Total Kills?,odd_even,1,2026-07-26 09:10:00,-25.8,Odd,96024019328661713389434856998516988572952938277403200572331544637659879662758,,,,,0.0,0.0,0.0,0.0,0.0,0.0,0,0,
2026-07-26 09:35:46,736889,3052466,Game 1: Odd/Even Total Kills?,odd_even,1,2026-07-26 09:10:00,-25.8,Even,74606269401630656073490549396498325362383579018610019281129489885294011471250,,,,,0.0,0.0,0.0,0.0,0.0,0.0,0,0,
2026-07-26 09:35:46,736889,3052467,Game 2: Both Teams Slay Baron Nashor?,prop,2,2026-07-26 09:10:00,-25.8,Yes,78398900606810473928886550188359289717523016069426791538792567225193224782767,,,,,0.0,0.0,0.0,0.0,0.0,0.0,0,0,
2026-07-26 09:35:46,736889,3052467,Game 2: Both Teams Slay Baron Nashor?,prop,2,2026-07-26 09:10:00,-25.8,No,52665037043337375561459935002477091113517951856830143282169580638708232619231,,,,,0.0,0.0,0.0,0.0,0.0,0.0,0,0,
2026-07-26 09:35:46,736889,3052468,Game 2: Both Teams Slay a Dragon?,prop,2,2026-07-26 09:10:00,-25.8,Yes,54700050429914293914558458826306455956631792812518005058942029964101280372912,,,,,0.0,0.0,0.0,0.0,0.0,0.0,0,0,
2026-07-26 09:35:46,736889,3052468,Game 2: Both Teams Slay a Dragon?,prop,2,2026-07-26 09:10:00,-25.8,No,103174625901686305014379244190112260782199049077589018805919036689374073184835,,,,,0.0,0.0,0.0,0.0,0.0,0.0,0,0,
2026-07-26 09:35:46,736889,3052469,Game 2: Both Teams Destroy Inhibitors?,prop,2,2026-07-26 09:10:00,-25.8,Yes,74747346284248752117492112822053275897472710388496326446656188050726872971649,,,,,0.0,0.0,0.0,0.0,0.0,0.0,0,0,
2026-07-26 09:35:46,736889,3052469,Game 2: Both Teams Destroy Inhibitors?,prop,2,2026-07-26 09:10:00,-25.8,No,66970354576347646283842030867221728104651888207126039580347127002543064045488,,,,,0.0,0.0,0.0,0.0,0.0,0.0,0,0,
2026-07-26 09:35:46,736889,3052470,Game 2: Any Player Quadra Kill?,prop,2,2026-07-26 09:10:00,-25.8,Yes,26391115483617546214753623217319671056036818083591472769931145203163691054209,,,,,0.0,0.0,0.0,0.0,0.0,0.0,0,0,
2026-07-26 09:35:46,736889,3052470,Game 2: Any Player Quadra Kill?,prop,2,2026-07-26 09:10:00,-25.8,No,106738464965122298876029614728132202787956216946054320447170709653986919032034,,,,,0.0,0.0,0.0,0.0,0.0,0.0,0,0,
2026-07-26 09:35:46,736889,3052471,Game 2: Any Player Penta Kill?,prop,2,2026-07-26 09:10:00,-25.8,Yes,67330872012689038056321989131427498359267517800698756503731798922434579904743,,,,,0.0,0.0,0.0,0.0,0.0,0.0,0,0,
2026-07-26 09:35:46,736889,3052471,Game 2: Any Player Penta Kill?,prop,2,2026-07-26 09:10:00,-25.8,No,76847311448907992928513286849063716125474469279942038847644159947793339775665,,,,,0.0,0.0,0.0,0.0,0.0,0.0,0,0,
2026-07-26 09:35:46,736889,3052472,Game 2: Odd/Even Total Kills?,odd_even,2,2026-07-26 09:10:00,-25.8,Odd,112230790968821909231174292321144543593942859732511918070930915808344794872301,,,,,0.0,0.0,0.0,0.0,0.0,0.0,0,0,
2026-07-26 09:35:46,736889,3052472,Game 2: Odd/Even Total Kills?,odd_even,2,2026-07-26 09:10:00,-25.8,Even,72212041242030397621279564745977671769398372993310736551218196819330711699299,,,,,0.0,0.0,0.0,0.0,0.0,0.0,0,0,
2026-07-26 09:35:46,736889,3052473,Game 3: Both Teams Slay Baron Nashor?,prop,3,2026-07-26 09:10:00,-25.8,Yes,73594151451324060322328206545233071929391877566635041366774402852766594705346,,,,,0.0,0.0,0.0,0.0,0.0,0.0,0,0,
2026-07-26 09:35:46,736889,3052473,Game 3: Both Teams Slay Baron Nashor?,prop,3,2026-07-26 09:10:00,-25.8,No,10806789035103505016399612655186759744131426432034055802928820892389686901663,,,,,0.0,0.0,0.0,0.0,0.0,0.0,0,0,
2026-07-26 09:35:46,736889,3052474,Game 3: Both Teams Slay a Dragon?,prop,3,2026-07-26 09:10:00,-25.8,Yes,104545239996003802093379323844241805237822759244155956130646605355661396904057,,,,,0.0,0.0,0.0,0.0,0.0,0.0,0,0,
2026-07-26 09:35:46,736889,3052474,Game 3: Both Teams Slay a Dragon?,prop,3,2026-07-26 09:10:00,-25.8,No,61602725666722742720979997181894217854493819153128067258355070291009532656237,,,,,0.0,0.0,0.0,0.0,0.0,0.0,0,0,
2026-07-26 09:35:46,736889,3052475,Game 3: Both Teams Destroy Inhibitors?,prop,3,2026-07-26 09:10:00,-25.8,Yes,26957522922257698578638910153396194004220807052921905536712070978160928435867,,,,,0.0,0.0,0.0,0.0,0.0,0.0,0,0,
2026-07-26 09:35:46,736889,3052475,Game 3: Both Teams Destroy Inhibitors?,prop,3,2026-07-26 09:10:00,-25.8,No,7545941223283319808042168369079016319696941310791205977875331824881018069940,,,,,0.0,0.0,0.0,0.0,0.0,0.0,0,0,
2026-07-26 09:35:46,736889,3052476,Game 3: Any Player Quadra Kill?,prop,3,2026-07-26 09:10:00,-25.8,Yes,38551253882157003368255513199175448393138387044018065484374974834807430054906,,,,,0.0,0.0,0.0,0.0,0.0,0.0,0,0,
2026-07-26 09:35:46,736889,3052476,Game 3: Any Player Quadra Kill?,prop,3,2026-07-26 09:10:00,-25.8,No,96963673762812421256346777169232738928419974935773318108861937168293097468470,,,,,0.0,0.0,0.0,0.0,0.0,0.0,0,0,
2026-07-26 09:35:46,736889,3052477,Game 3: Any Player Penta Kill?,prop,3,2026-07-26 09:10:00,-25.8,Yes,97436849253855001391740430282393571964537452312295941950471733621772988206180,,,,,0.0,0.0,0.0,0.0,0.0,0.0,0,0,
2026-07-26 09:35:46,736889,3052477,Game 3: Any Player Penta Kill?,prop,3,2026-07-26 09:10:00,-25.8,No,12492956970778454822913673626047067481601476974045506055485254636274011637424,,,,,0.0,0.0,0.0,0.0,0.0,0.0,0,0,
2026-07-26 09:35:46,736889,3052478,Game 3: Odd/Even Total Kills?,odd_even,3,2026-07-26 09:10:00,-25.8,Odd,85088797955791597318062063642095161582882044024464907084466044616332123995174,,,,,0.0,0.0,0.0,0.0,0.0,0.0,0,0,
2026-07-26 09:35:46,736889,3052478,Game 3: Odd/Even Total Kills?,odd_even,3,2026-07-26 09:10:00,-25.8,Even,2582886880667674071835337153191622235945082433364347785263121132624674475201,,,,,0.0,0.0,0.0,0.0,0.0,0.0,0,0,
2026-07-26 09:35:46,736889,3069019,First Blood in Game 1?,first_blood,1,2026-07-26 09:10:00,-25.8,DetonatioN FocusMe,86832687785321714253749176220330537324118901712460274037857028067494406182546,,,,,0.0,0.0,0.0,0.0,0.0,0.0,0,0,
2026-07-26 09:35:46,736889,3069019,First Blood in Game 1?,first_blood,1,2026-07-26 09:10:00,-25.8,GAM Esports,37977231424226788832933125174257506356996686060576203930110572143066719505849,,,,,0.0,0.0,0.0,0.0,0.0,0.0,0,0,
2026-07-26 09:35:46,736889,3069020,First Blood in Game 2?,first_blood,2,2026-07-26 09:10:00,-25.8,DetonatioN FocusMe,2855237146626434160275596894418782906606986585769991853504334121980889847365,,0.49,,,0.0,0.0,0.0,490.0,490.0,490.0,0,1,
2026-07-26 09:35:46,736889,3069020,First Blood in Game 2?,first_blood,2,2026-07-26 09:10:00,-25.8,GAM Esports,104895698094172043228588392353421410755435268054032196275154821528638902060872,0.51,,,,510.0,510.0,510.0,0.0,0.0,0.0,1,0,
2026-07-26 09:41:35,707325,2937091,LoL: Anyone's Legend vs Bilibili Gaming - Game 1 Winner,map,1,2026-07-26 11:00:00,78.4,Anyone's Legend,106906185790690167849895063392041009115494273917041294569591008180490173521485,0.43,0.44,0.435,0.01,11346.58,14103.78,15282.77,10768.61,14185.52,16885.92,35,39,1867.0099329999998
2026-07-26 09:41:35,707325,2937091,LoL: Anyone's Legend vs Bilibili Gaming - Game 1 Winner,map,1,2026-07-26 11:00:00,78.4,Bilibili Gaming,51653736840206909477127809769417338510771268257928893059964060309325560583787,0.56,0.57,0.565,0.01,13234.86,17153.36,20068.88,15668.85,19729.65,21585.52,39,35,1867.0099329999998
2026-07-26 09:41:35,707325,2937092,LoL: Anyone's Legend vs Bilibili Gaming - Game 2 Winner,map,2,2026-07-26 11:00:00,78.4,Anyone's Legend,3632761527830851126218403972215896322866498280718052589856316229871893863849,0.43,0.44,0.435,0.01,1277.5,4115.92,5012.6,2099.92,5573.3,5873.7,35,37,3348.6275040000005
2026-07-26 09:41:35,707325,2937092,LoL: Anyone's Legend vs Bilibili Gaming - Game 2 Winner,map,2,2026-07-26 11:00:00,78.4,Bilibili Gaming,70779665945520640638060284527025322569040195676030813411312036650498709891533,0.56,0.57,0.565,0.01,2625.09,6620.58,6936.1,1760.2,5915.52,7338.07,37,35,3348.6275040000005
2026-07-26 09:41:35,707325,2937114,LoL: Anyone's Legend vs Bilibili Gaming (BO3) - LPL Group Ascend,series,,2026-07-26 11:00:00,78.4,Anyone's Legend,83927624320717567322293360465565771333925478452952852805782756307712776908686,0.39,0.4,0.395,0.01,41180.24,54713.85,67308.52,61719.89,68319.59,70427.16,36,44,122239.48941700008
2026-07-26 09:41:35,707325,2937114,LoL: Anyone's Legend vs Bilibili Gaming (BO3) - LPL Group Ascend,series,,2026-07-26 11:00:00,78.4,Bilibili Gaming,113359571003047396767826426301838860151873706137356935468347609290162612073776,0.6,0.61,0.605,0.01,91281.2,100205.0,102876.0,65183.92,88276.55,112126.45,44,36,122239.48941700008
2026-07-26 09:41:35,707325,2937115,Games Total: O/U 2.5,total_games,,2026-07-26 11:00:00,78.4,Over,96722104278692088864245402190624922595785938161886735538042885922816494963748,0.47,0.48,0.475,0.01,2910.51,5102.7,6223.02,3722.74,13728.73,15443.27,34,37,3938.9259850000008
2026-07-26 09:41:35,707325,2937115,Games Total: O/U 2.5,total_games,,2026-07-26 11:00:00,78.4,Under,100077604143401124111462680244982754750901478819651333547594375692625089979294,0.52,0.53,0.525,0.01,3885.05,13741.04,15320.22,3336.98,6059.76,7592.76,37,34,3938.9259850000008
2026-07-26 09:41:35,707325,2937116,Game Handicap: BLG (-1.5) vs Anyone's Legend (+1.5),handicap,,2026-07-26 11:00:00,78.4,Bilibili Gaming,42449476321480753476908263842860461479311712176117706366122887640797055712452,0.32,0.33,0.325,0.01,9758.44,10346.34,11108.11,4548.19,13732.31,13777.81,24,33,3410.920775999999
2026-07-26 09:41:35,707325,2937116,Game Handicap: BLG (-1.5) vs Anyone's Legend (+1.5),handicap,,2026-07-26 11:00:00,78.4,Anyone's Legend,102400219958593484908967793580148013055443120591803397478891753493119097650382,0.67,0.68,0.675,0.01,9035.51,26029.64,26104.14,21703.86,23125.78,25182.97,33,24,3410.920775999999
2026-07-26 09:41:35,707325,2937117,Game 1: Both Teams Slay Baron Nashor?,prop,1,2026-07-26 11:00:00,78.4,Yes,114415780908852448239778907487610815370694530579935091883476088315809736210722,0.08,0.33,0.205,0.25,127.15,127.15,168.25,151.07,151.07,151.07,5,19,
2026-07-26 09:41:35,707325,2937117,Game 1: Both Teams Slay Baron Nashor?,prop,1,2026-07-26 11:00:00,78.4,No,69622048401300544909555152785955652324852445957989816090538030596670288415532,0.67,0.92,0.795,0.25,306.72,306.72,306.72,1462.22,1462.22,2785.51,19,5,
2026-07-26 09:41:35,707325,2937118,Game 1: Both Teams Slay a Dragon?,prop,1,2026-07-26 11:00:00,78.4,Yes,103264526758415589256682305065439803261059341791516885088481784183499929620187,0.64,0.87,0.755,0.23,306.72,306.72,306.72,974.06,974.06,974.06,20,7,
2026-07-26 09:41:35,707325,2937118,Game 1: Both Teams Slay a Dragon?,prop,1,2026-07-26 11:00:00,78.4,No,2622793839582080428033213990019869727259708694379411953743560135095559157283,0.13,0.36,0.245,0.23,145.55,145.55,145.55,172.53,172.53,172.53,7,20,
2026-07-26 09:41:35,707325,2937119,Game 1: Both Teams Destroy Inhibitors?,prop,1,2026-07-26 11:00:00,78.4,Yes,100121916458454112344079324782314142235919731936939799786383598040561112105688,0.04,0.27,0.155,0.23,0.9,1.99,1.99,113.44,113.44,113.44,4,20,
2026-07-26 09:41:35,707325,2937119,Game 1: Both Teams Destroy Inhibitors?,prop,1,2026-07-26 11:00:00,78.4,No,100016836476763669206403787100302699394853063609681852225247420290009376570577,0.73,0.96,0.845,0.23,306.72,306.72,306.72,25.65,113.61,113.61,20,4,
2026-07-26 09:41:35,707325,2937120,Game 1: Any Player Quadra Kill?,prop,1,2026-07-26 11:00:00,78.4,Yes,45318175528046335607161226081376899606223344684940530995183027781024555859886,0.07,0.5,0.285,0.43,283.36,283.36,323.82,283.36,283.36,283.36,3,18,
2026-07-26 09:41:35,707325,2937120,Game 1: Any Player Quadra Kill?,prop,1,2026-07-26 11:00:00,78.4,No,31434111651714615066570618174045427246713506719122982526171458180679343117813,0.5,0.93,0.715,0.43,283.36,283.36,283.36,3764.64,3764.64,5747.17,18,3,
2026-07-26 09:41:35,707325,2937121,Game 1: Any Player Penta Kill?,prop,1,2026-07-26 11:00:00,78.4,Yes,66350550523881356308587509642800111816810263665107126951496660572488969712181,0.02,0.49,0.255,0.47,284.41,284.41,284.41,302.47,302.47,302.47,2,20,
2026-07-26 09:41:35,707325,2937121,Game 1: Any Player Penta Kill?,prop,1,2026-07-26 11:00:00,78.4,No,29336976172418728190894676475105321596156005151771442793581497417031302072161,0.51,0.98,0.745,0.47,303.25,303.25,303.25,28131.59,28131.59,28131.59,20,2,
2026-07-26 09:41:35,707325,2937122,Game 1: Odd/Even Total Kills?,odd_even,1,2026-07-26 11:00:00,78.4,Odd,83841019885738630578856410559180193372150701871896473243307611242181928235613,0.49,0.5,0.495,0.01,103.53,103.53,103.53,155.31,155.31,155.31,21,21,13.88235
2026-07-26 09:41:35,707325,2937122,Game 1: Odd/Even Total Kills?,odd_even,1,2026-07-26 11:00:00,78.4,Even,26667579112015225451017888617183051735195330785239914001198998315201530353149,0.5,0.51,0.505,0.01,151.18,151.18,151.18,107.75,107.75,107.75,21,21,13.88235
2026-07-26 09:41:35,707325,2937123,Game 2: Both Teams Slay Baron Nashor?,prop,2,2026-07-26 11:00:00,78.4,Yes,54798490823067512845436182415523194156850341534569660902309484636297929270791,0.08,0.33,0.205,0.25,127.15,127.15,168.25,151.07,151.07,151.07,5,21,
2026-07-26 09:41:35,707325,2937123,Game 2: Both Teams Slay Baron Nashor?,prop,2,2026-07-26 11:00:00,78.4,No,91461497856653500101438322587010402057326619689411913388834504433116328304804,0.67,0.92,0.795,0.25,306.72,306.72,306.72,1462.22,1462.22,2785.51,21,5,
2026-07-26 09:41:35,707325,2937124,Game 2: Both Teams Slay a Dragon?,prop,2,2026-07-26 11:00:00,78.4,Yes,110846714174846879664879320876288679504383438700685819386860084951761769773969,0.64,0.87,0.755,0.23,306.72,306.72,306.72,974.06,974.06,974.06,20,7,
2026-07-26 09:41:35,707325,2937124,Game 2: Both Teams Slay a Dragon?,prop,2,2026-07-26 11:00:00,78.4,No,4706188841464342218583938106863793911505779608297721893085790929991872662849,0.13,0.36,0.245,0.23,145.55,145.55,145.55,172.53,172.53,172.53,7,20,
2026-07-26 09:41:35,707325,2937125,Game 2: Both Teams Destroy Inhibitors?,prop,2,2026-07-26 11:00:00,78.4,Yes,54527946282244187894168294340809007593961982383702900104353902689449374670637,0.04,0.27,0.155,0.23,0.9,1.99,1.99,113.44,113.44,113.44,4,19,
2026-07-26 09:41:35,707325,2937125,Game 2: Both Teams Destroy Inhibitors?,prop,2,2026-07-26 11:00:00,78.4,No,43456222045537077012251674511630404144739820840770946950135930097892263315523,0.73,0.96,0.845,0.23,306.72,306.72,306.72,25.65,113.61,113.61,19,4,
2026-07-26 09:41:35,707325,2937126,Game 2: Any Player Quadra Kill?,prop,2,2026-07-26 11:00:00,78.4,Yes,111468803831513867086361238422212971155294378792127765934121528957551820980754,0.07,0.5,0.285,0.43,283.36,283.36,323.82,283.36,283.36,283.36,3,18,
2026-07-26 09:41:35,707325,2937126,Game 2: Any Player Quadra Kill?,prop,2,2026-07-26 11:00:00,78.4,No,84935760242847362360157307028896918431097593483649789353414838330964599356851,0.5,0.93,0.715,0.43,283.36,283.36,283.36,3764.64,3764.64,5747.17,18,3,
2026-07-26 09:41:35,707325,2937127,Game 2: Any Player Penta Kill?,prop,2,2026-07-26 11:00:00,78.4,Yes,66038029669970943085539599906815658534383415176888891874357566339550511190880,0.02,0.49,0.255,0.47,284.41,284.41,284.41,302.47,302.47,302.47,2,19,
2026-07-26 09:41:35,707325,2937127,Game 2: Any Player Penta Kill?,prop,2,2026-07-26 11:00:00,78.4,No,108243573785504866846670751011227306342033087347942106483024385767926893893137,0.51,0.98,0.745,0.47,303.25,303.25,303.25,28131.59,28131.59,28131.59,19,2,
2026-07-26 09:41:35,707325,2937128,Game 2: Odd/Even Total Kills?,odd_even,2,2026-07-26 11:00:00,78.4,Odd,19046459412336706162274174292346990527909402837479037562063782856752361068020,0.49,0.51,0.5,0.02,103.53,103.53,103.53,105.31,122.27,122.27,20,21,13.88235
2026-07-26 09:41:35,707325,2937128,Game 2: Odd/Even Total Kills?,odd_even,2,2026-07-26 11:00:00,78.4,Even,82629926385052102733234526902389337541620929065574949781703569881064092391008,0.49,0.51,0.5,0.02,101.18,116.22,116.22,107.75,107.75,107.75,21,20,13.88235
2026-07-26 09:41:35,707325,2937129,Game 3: Both Teams Slay Baron Nashor?,prop,3,2026-07-26 11:00:00,78.4,Yes,61244497046674275642485084069702604339505856732587881597215259116144708333092,0.07,0.96,0.515,0.89,283.76,284.02,324.65,27.04,111.7,111.7,6,4,
2026-07-26 09:41:35,707325,2937129,Game 3: Both Teams Slay Baron Nashor?,prop,3,2026-07-26 11:00:00,78.4,No,89100649283241389183094422210167810314916773044139223632127630941439482190913,0.04,0.93,0.485,0.89,0.96,1.99,1.99,4444.63,4450.86,6433.68,4,6,
2026-07-26 09:41:35,707325,2937130,Game 3: Both Teams Slay a Dragon?,prop,3,2026-07-26 11:00:00,78.4,Yes,61931319711788818719785941194744853519042852362395051538602478434331464237456,0.04,0.79,0.415,0.75,0.96,1.99,1.99,1065.97,1065.97,1065.97,4,11,
2026-07-26 09:41:35,707325,2937130,Game 3: Both Teams Slay a Dragon?,prop,3,2026-07-26 11:00:00,78.4,No,40784377247799055533031638570294932155207181042105528818682161329331130044448,0.21,0.96,0.585,0.75,283.36,283.36,283.36,27.04,112.6,112.6,11,4,
2026-07-26 09:41:35,707325,2937131,Game 3: Both Teams Destroy Inhibitors?,prop,3,2026-07-26 11:00:00,78.4,Yes,14781789298496679970977396530268505467464816010824433964596590468763562327539,0.05,0.96,0.505,0.91,283.87,284.68,285.35,27.04,111.7,111.7,5,4,
2026-07-26 09:41:35,707325,2937131,Game 3: Both Teams Destroy Inhibitors?,prop,3,2026-07-26 11:00:00,78.4,No,16353494303384463079728608823165668272506625880821710621709074200748452870326,0.04,0.95,0.495,0.91,0.96,1.99,1.99,6810.24,6841.99,6908.53,4,5,
2026-07-26 09:41:35,707325,2937132,Game 3: Any Player Quadra Kill?,prop,3,2026-07-26 11:00:00,78.4,Yes,72071171523876747761377568226620879888523505696528898516319522136622853390246,0.04,0.98,0.51,0.94,283.36,284.41,284.41,78.95,78.95,78.95,3,2,
2026-07-26 09:41:35,707325,2937132,Game 3: Any Player Quadra Kill?,prop,3,2026-07-26 11:00:00,78.4,No,102258183932041188831269543275923995443013733629415085447455153920008232815287,0.02,0.96,0.49,0.94,1.05,1.05,1.05,6800.64,6879.59,6879.59,2,3,
2026-07-26 09:41:35,707325,2937133,Game 3: Any Player Penta Kill?,prop,3,2026-07-26 11:00:00,78.4,Yes,76558748093857936985933496781780950949094176105263956316893768466404038166862,0.05,0.98,0.515,0.93,18.9,19.4,303.31,78.95,78.95,78.95,3,2,
2026-07-26 09:41:35,707325,2937133,Game 3: Any Player Penta Kill?,prop,3,2026-07-26 11:00:00,78.4,No,29994454649689580353884333990148268547770099603303437838967454307545495138701,0.02,0.95,0.485,0.93,1.05,1.05,1.05,359.1,383.6,28490.69,2,3,
2026-07-26 09:41:35,707325,2937134,Game 3: Odd/Even Total Kills?,odd_even,3,2026-07-26 11:00:00,78.4,Odd,67061359804204064170847775939307622337976034015075582671056081912411246735041,0.49,0.51,0.5,0.02,103.53,103.53,103.53,105.31,122.27,122.27,19,23,13.88235
2026-07-26 09:41:35,707325,2937134,Game 3: Odd/Even Total Kills?,odd_even,3,2026-07-26 11:00:00,78.4,Even,33657511483178186255645751327779018121442853840529515356695642058732995281928,0.49,0.51,0.5,0.02,101.18,116.22,116.22,107.75,107.75,107.75,23,19,13.88235
2026-07-26 09:41:35,707325,3081189,First Blood in Game 2?,first_blood,2,2026-07-26 11:00:00,78.4,Anyone's Legend,38980013053585382627044557885461424899627433382200430835828700635583939175805,0.45,0.54,0.495,0.09,217.19,217.19,217.19,238.72,238.72,238.72,15,17,17.133927
2026-07-26 09:41:35,707325,3081189,First Blood in Game 2?,first_blood,2,2026-07-26 11:00:00,78.4,Bilibili Gaming,32915426582315848072394551356012463050233939458308904167277641843508739227112,0.46,0.55,0.505,0.09,203.36,203.36,203.36,276.32,276.32,276.32,17,15,17.133927
2026-07-26 09:41:35,707325,3081190,First Blood in Game 1?,first_blood,1,2026-07-26 11:00:00,78.4,Anyone's Legend,4433330408410316846803071700370086732714825654055559249370346850470709072952,0.44,0.52,0.48,0.08,122.75,122.75,122.75,211.48,227.68,227.68,17,19,396.02810200000005
2026-07-26 09:41:35,707325,3081190,First Blood in Game 1?,first_blood,1,2026-07-26 11:00:00,78.4,Bilibili Gaming,56265377411176358654576366202811500730949665241782657984499538378433436097441,0.48,0.56,0.52,0.08,187.67,201.47,201.47,156.22,156.22,156.22,19,17,396.02810200000005
2026-07-26 09:41:35,707325,3081191,Total Kills Over/Under 30.5 in Game 2?,total_kills,2,2026-07-26 11:00:00,78.4,Over,23437973508451351356330991082104110111477813117354578429013063563881774470443,0.52,0.53,0.525,0.01,658.02,1015.23,1316.3,682.7,1229.83,1368.08,32,30,4596.1461
2026-07-26 09:41:35,707325,3081191,Total Kills Over/Under 30.5 in Game 2?,total_kills,2,2026-07-26 11:00:00,78.4,Under,43795506910926088362776940249733727340295848021891030089161568807434839732983,0.47,0.48,0.475,0.01,592.54,1040.19,1144.49,617.98,985.55,1311.91,30,32,4596.1461
2026-07-26 09:41:35,707325,3081192,Total Kills Over/Under 30.5 in Game 1?,total_kills,1,2026-07-26 11:00:00,78.4,Over,42413334049665637744079450278355110617992471546021782153366528621527176685032,0.51,0.54,0.525,0.03,50.89,1588.22,4412.92,27.0,277.51,551.93,24,24,261.566081
2026-07-26 09:41:35,707325,3081192,Total Kills Over/Under 30.5 in Game 1?,total_kills,1,2026-07-26 11:00:00,78.4,Under,108337392913264562280312318187593157873877600848046953117933229402235926120876,0.46,0.49,0.475,0.03,23.0,212.29,411.01,48.9,1706.56,4891.86,24,24,261.566081
2026-07-26 09:41:35,707325,3081193,Total Kills Over/Under 33.5 in Game 2?,total_kills,2,2026-07-26 11:00:00,78.4,Over,8586298549004551993442956533825310037264727331502800059723384947749880992529,0.33,0.42,0.375,0.09,330.9,334.0,351.2,268.46,272.86,272.86,21,19,
2026-07-26 09:41:35,707325,3081193,Total Kills Over/Under 33.5 in Game 2?,total_kills,2,2026-07-26 11:00:00,78.4,Under,110597114372405884962927286808742534536249688168361162103005224613607361053251,0.58,0.67,0.625,0.09,358.19,363.79,363.79,701.6,708.5,751.98,19,21,
2026-07-26 09:41:35,707325,3081194,Total Kills Over/Under 33.5 in Game 1?,total_kills,1,2026-07-26 11:00:00,78.4,Over,30552843765508490603664386461225254952089070999529702283764849905764612834885,0.32,0.41,0.365,0.09,306.85,306.85,326.75,264.21,264.21,264.21,21,20,
2026-07-26 09:41:35,707325,3081194,Total Kills Over/Under 33.5 in Game 1?,total_kills,1,2026-07-26 11:00:00,78.4,Under,53657580022631506873496992494579505139264461994954679282251091971010077831792,0.59,0.68,0.635,0.09,367.25,367.25,367.25,681.37,681.37,732.89,20,21,
2026-07-26 09:47:01,707325,2937091,LoL: Anyone's Legend vs Bilibili Gaming - Game 1 Winner,map,1,2026-07-26 11:00:00,73.0,Anyone's Legend,106906185790690167849895063392041009115494273917041294569591008180490173521485,0.43,0.44,0.435,0.01,11372.47,13924.07,14839.03,10753.6,14170.51,16870.91,35,39,1867.0099329999998
2026-07-26 09:47:01,707325,2937091,LoL: Anyone's Legend vs Bilibili Gaming - Game 1 Winner,map,1,2026-07-26 11:00:00,73.0,Bilibili Gaming,51653736840206909477127809769417338510771268257928893059964060309325560583787,0.56,0.57,0.565,0.01,13215.77,17134.27,20049.79,15703.16,19455.56,20898.46,39,35,1867.0099329999998
2026-07-26 09:47:01,707325,2937092,LoL: Anyone's Legend vs Bilibili Gaming - Game 2 Winner,map,2,2026-07-26 11:00:00,73.0,Anyone's Legend,3632761527830851126218403972215896322866498280718052589856316229871893863849,0.43,0.44,0.435,0.01,1277.5,4115.92,4828.5,2099.92,5573.3,5873.7,35,37,3348.6275040000005
2026-07-26 09:47:01,707325,2937092,LoL: Anyone's Legend vs Bilibili Gaming - Game 2 Winner,map,2,2026-07-26 11:00:00,73.0,Bilibili Gaming,70779665945520640638060284527025322569040195676030813411312036650498709891533,0.56,0.57,0.565,0.01,2625.09,6620.58,6936.1,1760.2,5915.52,7042.17,37,35,3348.6275040000005
2026-07-26 09:47:01,707325,2937114,LoL: Anyone's Legend vs Bilibili Gaming (BO3) - LPL Group Ascend,series,,2026-07-26 11:00:00,73.0,Anyone's Legend,83927624320717567322293360465565771333925478452952852805782756307712776908686,0.39,0.4,0.395,0.01,44944.91,58478.52,67573.19,65278.39,73057.59,75165.16,36,45,122291.98941700008
2026-07-26 09:47:01,707325,2937114,LoL: Anyone's Legend vs Bilibili Gaming (BO3) - LPL Group Ascend,series,,2026-07-26 11:00:00,73.0,Bilibili Gaming,113359571003047396767826426301838860151873706137356935468347609290162612073776,0.6,0.61,0.605,0.01,96618.95,107013.25,109684.25,71328.66,94421.29,111771.19,45,36,122291.98941700008
2026-07-26 09:47:01,707325,2937115,Games Total: O/U 2.5,total_games,,2026-07-26 11:00:00,73.0,Over,96722104278692088864245402190624922595785938161886735538042885922816494963748,0.47,0.48,0.475,0.01,2910.51,5102.7,6223.02,3720.74,13726.73,15441.27,34,37,3938.9259850000008
2026-07-26 09:47:01,707325,2937115,Games Total: O/U 2.5,total_games,,2026-07-26 11:00:00,73.0,Under,100077604143401124111462680244982754750901478819651333547594375692625089979294,0.52,0.53,0.525,0.01,3882.88,13738.87,15318.05,3336.98,6059.76,7592.76,37,34,3938.9259850000008
2026-07-26 09:47:01,707325,2937116,Game Handicap: BLG (-1.5) vs Anyone's Legend (+1.5),handicap,,2026-07-26 11:00:00,73.0,Bilibili Gaming,42449476321480753476908263842860461479311712176117706366122887640797055712452,0.32,0.33,0.325,0.01,9758.44,10496.34,11258.11,4548.19,13732.31,13777.81,24,33,3610.920775999999
2026-07-26 09:47:01,707325,2937116,Game Handicap: BLG (-1.5) vs Anyone's Legend (+1.5),handicap,,2026-07-26 11:00:00,73.0,Anyone's Legend,102400219958593484908967793580148013055443120591803397478891753493119097650382,0.67,0.68,0.675,0.01,9035.51,26029.64,26104.14,21703.86,23475.78,25532.97,33,24,3610.920775999999
2026-07-26 09:47:01,707325,2937117,Game 1: Both Teams Slay Baron Nashor?,prop,1,2026-07-26 11:00:00,73.0,Yes,114415780908852448239778907487610815370694530579935091883476088315809736210722,0.08,0.33,0.205,0.25,127.15,127.15,168.25,151.07,151.07,151.07,5,19,
2026-07-26 09:47:01,707325,2937117,Game 1: Both Teams Slay Baron Nashor?,prop,1,2026-07-26 11:00:00,73.0,No,69622048401300544909555152785955652324852445957989816090538030596670288415532,0.67,0.92,0.795,0.25,306.72,306.72,306.72,1462.22,1462.22,2785.51,19,5,
2026-07-26 09:47:01,707325,2937118,Game 1: Both Teams Slay a Dragon?,prop,1,2026-07-26 11:00:00,73.0,Yes,103264526758415589256682305065439803261059341791516885088481784183499929620187,0.64,0.87,0.755,0.23,306.72,306.72,306.72,974.06,974.06,974.06,20,7,
2026-07-26 09:47:01,707325,2937118,Game 1: Both Teams Slay a Dragon?,prop,1,2026-07-26 11:00:00,73.0,No,2622793839582080428033213990019869727259708694379411953743560135095559157283,0.13,0.36,0.245,0.23,145.55,145.55,145.55,172.53,172.53,172.53,7,20,
2026-07-26 09:47:01,707325,2937119,Game 1: Both Teams Destroy Inhibitors?,prop,1,2026-07-26 11:00:00,73.0,Yes,100121916458454112344079324782314142235919731936939799786383598040561112105688,0.04,0.27,0.155,0.23,0.9,1.99,1.99,113.44,113.44,113.44,4,20,
2026-07-26 09:47:01,707325,2937119,Game 1: Both Teams Destroy Inhibitors?,prop,1,2026-07-26 11:00:00,73.0,No,100016836476763669206403787100302699394853063609681852225247420290009376570577,0.73,0.96,0.845,0.23,306.72,306.72,306.72,25.65,113.61,113.61,20,4,
2026-07-26 09:47:01,707325,2937120,Game 1: Any Player Quadra Kill?,prop,1,2026-07-26 11:00:00,73.0,Yes,45318175528046335607161226081376899606223344684940530995183027781024555859886,0.07,0.5,0.285,0.43,283.36,283.36,323.82,283.36,283.36,283.36,3,18,
2026-07-26 09:47:01,707325,2937120,Game 1: Any Player Quadra Kill?,prop,1,2026-07-26 11:00:00,73.0,No,31434111651714615066570618174045427246713506719122982526171458180679343117813,0.5,0.93,0.715,0.43,283.36,283.36,283.36,3764.64,3764.64,5747.17,18,3,
2026-07-26 09:47:01,707325,2937121,Game 1: Any Player Penta Kill?,prop,1,2026-07-26 11:00:00,73.0,Yes,66350550523881356308587509642800111816810263665107126951496660572488969712181,0.02,0.49,0.255,0.47,284.41,284.41,284.41,302.47,302.47,302.47,2,20,
2026-07-26 09:47:01,707325,2937121,Game 1: Any Player Penta Kill?,prop,1,2026-07-26 11:00:00,73.0,No,29336976172418728190894676475105321596156005151771442793581497417031302072161,0.51,0.98,0.745,0.47,303.25,303.25,303.25,28131.59,28131.59,28131.59,20,2,
2026-07-26 09:47:01,707325,2937122,Game 1: Odd/Even Total Kills?,odd_even,1,2026-07-26 11:00:00,73.0,Odd,83841019885738630578856410559180193372150701871896473243307611242181928235613,0.49,0.5,0.495,0.01,103.53,103.53,103.53,155.31,155.31,155.31,22,22,13.88235
2026-07-26 09:47:01,707325,2937122,Game 1: Odd/Even Total Kills?,odd_even,1,2026-07-26 11:00:00,73.0,Even,26667579112015225451017888617183051735195330785239914001198998315201530353149,0.5,0.51,0.505,0.01,151.18,151.18,151.18,107.75,107.75,107.75,22,22,13.88235
2026-07-26 09:47:01,707325,2937123,Game 2: Both Teams Slay Baron Nashor?,prop,2,2026-07-26 11:00:00,73.0,Yes,54798490823067512845436182415523194156850341534569660902309484636297929270791,0.08,0.33,0.205,0.25,127.15,127.15,168.25,151.07,151.07,151.07,5,21,
2026-07-26 09:47:01,707325,2937123,Game 2: Both Teams Slay Baron Nashor?,prop,2,2026-07-26 11:00:00,73.0,No,91461497856653500101438322587010402057326619689411913388834504433116328304804,0.67,0.92,0.795,0.25,306.72,306.72,306.72,1462.22,1462.22,2785.51,21,5,
2026-07-26 09:47:01,707325,2937124,Game 2: Both Teams Slay a Dragon?,prop,2,2026-07-26 11:00:00,73.0,Yes,110846714174846879664879320876288679504383438700685819386860084951761769773969,0.64,0.87,0.755,0.23,306.72,306.72,306.72,974.06,974.06,974.06,20,7,
2026-07-26 09:47:01,707325,2937124,Game 2: Both Teams Slay a Dragon?,prop,2,2026-07-26 11:00:00,73.0,No,4706188841464342218583938106863793911505779608297721893085790929991872662849,0.13,0.36,0.245,0.23,145.55,145.55,145.55,172.53,172.53,172.53,7,20,
2026-07-26 09:47:01,707325,2937125,Game 2: Both Teams Destroy Inhibitors?,prop,2,2026-07-26 11:00:00,73.0,Yes,54527946282244187894168294340809007593961982383702900104353902689449374670637,0.04,0.27,0.155,0.23,0.9,1.99,1.99,113.44,113.44,113.44,4,19,
2026-07-26 09:47:01,707325,2937125,Game 2: Both Teams Destroy Inhibitors?,prop,2,2026-07-26 11:00:00,73.0,No,43456222045537077012251674511630404144739820840770946950135930097892263315523,0.73,0.96,0.845,0.23,306.72,306.72,306.72,25.65,113.61,113.61,19,4,
2026-07-26 09:47:01,707325,2937126,Game 2: Any Player Quadra Kill?,prop,2,2026-07-26 11:00:00,73.0,Yes,111468803831513867086361238422212971155294378792127765934121528957551820980754,0.07,0.5,0.285,0.43,283.36,283.36,323.82,283.36,283.36,283.36,3,18,
2026-07-26 09:47:01,707325,2937126,Game 2: Any Player Quadra Kill?,prop,2,2026-07-26 11:00:00,73.0,No,84935760242847362360157307028896918431097593483649789353414838330964599356851,0.5,0.93,0.715,0.43,283.36,283.36,283.36,3764.64,3764.64,5747.17,18,3,
2026-07-26 09:47:01,707325,2937127,Game 2: Any Player Penta Kill?,prop,2,2026-07-26 11:00:00,73.0,Yes,66038029669970943085539599906815658534383415176888891874357566339550511190880,0.02,0.49,0.255,0.47,284.41,284.41,284.41,302.47,302.47,302.47,2,19,
2026-07-26 09:47:01,707325,2937127,Game 2: Any Player Penta Kill?,prop,2,2026-07-26 11:00:00,73.0,No,108243573785504866846670751011227306342033087347942106483024385767926893893137,0.51,0.98,0.745,0.47,303.25,303.25,303.25,28131.59,28131.59,28131.59,19,2,
2026-07-26 09:47:01,707325,2937128,Game 2: Odd/Even Total Kills?,odd_even,2,2026-07-26 11:00:00,73.0,Odd,19046459412336706162274174292346990527909402837479037562063782856752361068020,0.49,0.51,0.5,0.02,103.53,103.53,103.53,105.31,122.27,122.27,21,21,13.88235
2026-07-26 09:47:01,707325,2937128,Game 2: Odd/Even Total Kills?,odd_even,2,2026-07-26 11:00:00,73.0,Even,82629926385052102733234526902389337541620929065574949781703569881064092391008,0.49,0.51,0.5,0.02,101.18,116.22,116.22,107.75,107.75,107.75,21,21,13.88235
2026-07-26 09:47:01,707325,2937129,Game 3: Both Teams Slay Baron Nashor?,prop,3,2026-07-26 11:00:00,73.0,Yes,61244497046674275642485084069702604339505856732587881597215259116144708333092,0.07,0.96,0.515,0.89,283.76,284.02,324.65,27.04,111.7,111.7,6,4,
2026-07-26 09:47:01,707325,2937129,Game 3: Both Teams Slay Baron Nashor?,prop,3,2026-07-26 11:00:00,73.0,No,89100649283241389183094422210167810314916773044139223632127630941439482190913,0.04,0.93,0.485,0.89,0.96,1.99,1.99,4444.63,4450.86,6433.68,4,6,
2026-07-26 09:47:01,707325,2937130,Game 3: Both Teams Slay a Dragon?,prop,3,2026-07-26 11:00:00,73.0,Yes,61931319711788818719785941194744853519042852362395051538602478434331464237456,0.04,0.79,0.415,0.75,0.96,1.99,1.99,1065.97,1065.97,1065.97,4,11,
2026-07-26 09:47:01,707325,2937130,Game 3: Both Teams Slay a Dragon?,prop,3,2026-07-26 11:00:00,73.0,No,40784377247799055533031638570294932155207181042105528818682161329331130044448,0.21,0.96,0.585,0.75,283.36,283.36,283.36,27.04,112.6,112.6,11,4,
2026-07-26 09:47:01,707325,2937131,Game 3: Both Teams Destroy Inhibitors?,prop,3,2026-07-26 11:00:00,73.0,Yes,14781789298496679970977396530268505467464816010824433964596590468763562327539,0.05,0.96,0.505,0.91,283.87,284.68,285.35,27.04,111.7,111.7,5,4,
2026-07-26 09:47:01,707325,2937131,Game 3: Both Teams Destroy Inhibitors?,prop,3,2026-07-26 11:00:00,73.0,No,16353494303384463079728608823165668272506625880821710621709074200748452870326,0.04,0.95,0.495,0.91,0.96,1.99,1.99,6810.24,6841.99,6908.53,4,5,
2026-07-26 09:47:01,707325,2937132,Game 3: Any Player Quadra Kill?,prop,3,2026-07-26 11:00:00,73.0,Yes,72071171523876747761377568226620879888523505696528898516319522136622853390246,0.04,0.98,0.51,0.94,283.36,284.41,284.41,78.95,78.95,78.95,3,2,
2026-07-26 09:47:01,707325,2937132,Game 3: Any Player Quadra Kill?,prop,3,2026-07-26 11:00:00,73.0,No,102258183932041188831269543275923995443013733629415085447455153920008232815287,0.02,0.96,0.49,0.94,1.05,1.05,1.05,6800.64,6879.59,6879.59,2,3,
2026-07-26 09:47:01,707325,2937133,Game 3: Any Player Penta Kill?,prop,3,2026-07-26 11:00:00,73.0,Yes,76558748093857936985933496781780950949094176105263956316893768466404038166862,0.05,0.98,0.515,0.93,18.9,19.4,303.31,78.95,78.95,78.95,3,2,
2026-07-26 09:47:01,707325,2937133,Game 3: Any Player Penta Kill?,prop,3,2026-07-26 11:00:00,73.0,No,29994454649689580353884333990148268547770099603303437838967454307545495138701,0.02,0.95,0.485,0.93,1.05,1.05,1.05,359.1,383.6,28490.69,2,3,
2026-07-26 09:47:01,707325,2937134,Game 3: Odd/Even Total Kills?,odd_even,3,2026-07-26 11:00:00,73.0,Odd,67061359804204064170847775939307622337976034015075582671056081912411246735041,0.49,0.51,0.5,0.02,103.53,103.53,103.53,105.31,122.27,122.27,20,22,13.88235
2026-07-26 09:47:01,707325,2937134,Game 3: Odd/Even Total Kills?,odd_even,3,2026-07-26 11:00:00,73.0,Even,33657511483178186255645751327779018121442853840529515356695642058732995281928,0.49,0.51,0.5,0.02,101.18,116.22,116.22,107.75,107.75,107.75,22,20,13.88235
2026-07-26 09:47:01,707325,3081189,First Blood in Game 2?,first_blood,2,2026-07-26 11:00:00,73.0,Anyone's Legend,38980013053585382627044557885461424899627433382200430835828700635583939175805,0.45,0.54,0.495,0.09,217.19,217.19,217.19,238.72,238.72,238.72,15,17,17.133927
2026-07-26 09:47:01,707325,3081189,First Blood in Game 2?,first_blood,2,2026-07-26 11:00:00,73.0,Bilibili Gaming,32915426582315848072394551356012463050233939458308904167277641843508739227112,0.46,0.55,0.505,0.09,203.36,203.36,203.36,276.32,276.32,276.32,17,15,17.133927
2026-07-26 09:47:01,707325,3081190,First Blood in Game 1?,first_blood,1,2026-07-26 11:00:00,73.0,Anyone's Legend,4433330408410316846803071700370086732714825654055559249370346850470709072952,0.44,0.52,0.48,0.08,122.75,122.75,122.75,211.48,227.68,227.68,17,19,396.02810200000005
2026-07-26 09:47:01,707325,3081190,First Blood in Game 1?,first_blood,1,2026-07-26 11:00:00,73.0,Bilibili Gaming,56265377411176358654576366202811500730949665241782657984499538378433436097441,0.48,0.56,0.52,0.08,187.67,201.47,201.47,156.22,156.22,156.22,19,17,396.02810200000005
2026-07-26 09:47:01,707325,3081191,Total Kills Over/Under 30.5 in Game 2?,total_kills,2,2026-07-26 11:00:00,73.0,Over,23437973508451351356330991082104110111477813117354578429013063563881774470443,0.52,0.53,0.525,0.01,658.02,1015.23,1316.3,682.7,1229.83,1368.08,32,30,4596.1461
2026-07-26 09:47:01,707325,3081191,Total Kills Over/Under 30.5 in Game 2?,total_kills,2,2026-07-26 11:00:00,73.0,Under,43795506910926088362776940249733727340295848021891030089161568807434839732983,0.47,0.48,0.475,0.01,592.54,1040.19,1144.49,617.98,985.55,1311.91,30,32,4596.1461
2026-07-26 09:47:01,707325,3081192,Total Kills Over/Under 30.5 in Game 1?,total_kills,1,2026-07-26 11:00:00,73.0,Over,42413334049665637744079450278355110617992471546021782153366528621527176685032,0.51,0.54,0.525,0.03,50.89,1588.22,4412.92,27.0,277.51,551.93,24,24,261.566081
2026-07-26 09:47:01,707325,3081192,Total Kills Over/Under 30.5 in Game 1?,total_kills,1,2026-07-26 11:00:00,73.0,Under,108337392913264562280312318187593157873877600848046953117933229402235926120876,0.46,0.49,0.475,0.03,23.0,212.29,411.01,48.9,1706.56,4891.86,24,24,261.566081
2026-07-26 09:47:01,707325,3081193,Total Kills Over/Under 33.5 in Game 2?,total_kills,2,2026-07-26 11:00:00,73.0,Over,8586298549004551993442956533825310037264727331502800059723384947749880992529,0.33,0.42,0.375,0.09,330.9,334.0,351.2,268.46,272.86,272.86,21,19,
2026-07-26 09:47:01,707325,3081193,Total Kills Over/Under 33.5 in Game 2?,total_kills,2,2026-07-26 11:00:00,73.0,Under,110597114372405884962927286808742534536249688168361162103005224613607361053251,0.58,0.67,0.625,0.09,358.19,363.79,363.79,701.6,708.5,751.98,19,21,
2026-07-26 09:47:01,707325,3081194,Total Kills Over/Under 33.5 in Game 1?,total_kills,1,2026-07-26 11:00:00,73.0,Over,30552843765508490603664386461225254952089070999529702283764849905764612834885,0.32,0.41,0.365,0.09,306.85,306.85,326.75,264.21,264.21,264.21,20,20,
2026-07-26 09:47:01,707325,3081194,Total Kills Over/Under 33.5 in Game 1?,total_kills,1,2026-07-26 11:00:00,73.0,Under,53657580022631506873496992494579505139264461994954679282251091971010077831792,0.59,0.68,0.635,0.09,367.25,367.25,367.25,681.37,681.37,732.89,20,20,
2026-07-26 09:52:30,707325,2937091,LoL: Anyone's Legend vs Bilibili Gaming - Game 1 Winner,map,1,2026-07-26 11:00:00,67.5,Anyone's Legend,106906185790690167849895063392041009115494273917041294569591008180490173521485,0.43,0.44,0.435,0.01,11362.58,13900.83,14653.55,10657.14,13969.14,16659.94,35,37,2120.3281119999997
2026-07-26 09:52:30,707325,2937091,LoL: Anyone's Legend vs Bilibili Gaming - Game 1 Winner,map,1,2026-07-26 11:00:00,67.5,Bilibili Gaming,51653736840206909477127809769417338510771268257928893059964060309325560583787,0.56,0.57,0.565,0.01,13093.0,16895.74,19800.86,15690.05,19421.8,20610.94,37,35,2120.3281119999997
2026-07-26 09:52:30,707325,2937092,LoL: Anyone's Legend vs Bilibili Gaming - Game 2 Winner,map,2,2026-07-26 11:00:00,67.5,Anyone's Legend,3632761527830851126218403972215896322866498280718052589856316229871893863849,0.43,0.44,0.435,0.01,1221.82,4060.23,4772.03,2099.92,5573.3,5873.7,35,38,3348.6275040000005
2026-07-26 09:52:30,707325,2937092,LoL: Anyone's Legend vs Bilibili Gaming - Game 2 Winner,map,2,2026-07-26 11:00:00,67.5,Bilibili Gaming,70779665945520640638060284527025322569040195676030813411312036650498709891533,0.56,0.57,0.565,0.01,2625.09,6620.58,6936.1,1686.38,5841.71,6967.14,38,35,3348.6275040000005
2026-07-26 09:52:30,707325,2937114,LoL: Anyone's Legend vs Bilibili Gaming (BO3) - LPL Group Ascend,series,,2026-07-26 11:00:00,67.5,Anyone's Legend,83927624320717567322293360465565771333925478452952852805782756307712776908686,0.39,0.4,0.395,0.01,38556.76,52090.36,64975.04,62015.82,69472.52,71581.09,36,45,136084.56318300008
2026-07-26 09:52:30,707325,2937114,LoL: Anyone's Legend vs Bilibili Gaming (BO3) - LPL Group Ascend,series,,2026-07-26 11:00:00,67.5,Bilibili Gaming,113359571003047396767826426301838860151873706137356935468347609290162612073776,0.6,0.61,0.605,0.01,91725.59,101692.39,104362.39,61241.33,84333.97,108743.86,45,36,136084.56318300008
2026-07-26 09:52:30,707325,2937115,Games Total: O/U 2.5,total_games,,2026-07-26 11:00:00,67.5,Over,96722104278692088864245402190624922595785938161886735538042885922816494963748,0.48,0.49,0.485,0.01,1963.35,4184.65,5459.31,10345.21,16776.3,17063.97,37,34,5115.679587000001
2026-07-26 09:52:30,707325,2937115,Games Total: O/U 2.5,total_games,,2026-07-26 11:00:00,67.5,Under,100077604143401124111462680244982754750901478819651333547594375692625089979294,0.51,0.52,0.515,0.01,10460.8,16541.43,16792.76,2203.14,4865.1,6512.47,34,37,5115.679587000001
2026-07-26 09:52:30,707325,2937116,Game Handicap: BLG (-1.5) vs Anyone's Legend (+1.5),handicap,,2026-07-26 11:00:00,67.5,Bilibili Gaming,42449476321480753476908263842860461479311712176117706366122887640797055712452,0.32,0.33,0.325,0.01,8518.44,9253.44,10009.71,4548.19,12332.31,12370.31,24,33,3610.920775999999
2026-07-26 09:52:30,707325,2937116,Game Handicap: BLG (-1.5) vs Anyone's Legend (+1.5),handicap,,2026-07-26 11:00:00,67.5,Anyone's Legend,102400219958593484908967793580148013055443120591803397478891753493119097650382,0.67,0.68,0.675,0.01,9035.51,23429.64,23491.64,18943.86,20708.68,22751.37,33,24,3610.920775999999
2026-07-26 09:52:30,707325,2937117,Game 1: Both Teams Slay Baron Nashor?,prop,1,2026-07-26 11:00:00,67.5,Yes,114415780908852448239778907487610815370694530579935091883476088315809736210722,0.08,0.33,0.205,0.25,127.15,127.15,168.25,151.07,151.07,151.07,5,19,
2026-07-26 09:52:30,707325,2937117,Game 1: Both Teams Slay Baron Nashor?,prop,1,2026-07-26 11:00:00,67.5,No,69622048401300544909555152785955652324852445957989816090538030596670288415532,0.67,0.92,0.795,0.25,306.72,306.72,306.72,1462.22,1462.22,2785.51,19,5,
2026-07-26 09:52:30,707325,2937118,Game 1: Both Teams Slay a Dragon?,prop,1,2026-07-26 11:00:00,67.5,Yes,103264526758415589256682305065439803261059341791516885088481784183499929620187,0.64,0.87,0.755,0.23,306.72,306.72,306.72,974.06,974.06,974.06,20,7,
2026-07-26 09:52:30,707325,2937118,Game 1: Both Teams Slay a Dragon?,prop,1,2026-07-26 11:00:00,67.5,No,2622793839582080428033213990019869727259708694379411953743560135095559157283,0.13,0.36,0.245,0.23,145.55,145.55,145.55,172.53,172.53,172.53,7,20,
2026-07-26 09:52:30,707325,2937119,Game 1: Both Teams Destroy Inhibitors?,prop,1,2026-07-26 11:00:00,67.5,Yes,100121916458454112344079324782314142235919731936939799786383598040561112105688,0.04,0.27,0.155,0.23,0.9,1.99,1.99,113.44,113.44,113.44,4,20,
2026-07-26 09:52:30,707325,2937119,Game 1: Both Teams Destroy Inhibitors?,prop,1,2026-07-26 11:00:00,67.5,No,100016836476763669206403787100302699394853063609681852225247420290009376570577,0.73,0.96,0.845,0.23,306.72,306.72,306.72,25.65,113.61,113.61,20,4,
2026-07-26 09:52:30,707325,2937120,Game 1: Any Player Quadra Kill?,prop,1,2026-07-26 11:00:00,67.5,Yes,45318175528046335607161226081376899606223344684940530995183027781024555859886,0.07,0.5,0.285,0.43,283.36,283.36,323.82,283.36,283.36,283.36,3,18,
2026-07-26 09:52:30,707325,2937120,Game 1: Any Player Quadra Kill?,prop,1,2026-07-26 11:00:00,67.5,No,31434111651714615066570618174045427246713506719122982526171458180679343117813,0.5,0.93,0.715,0.43,283.36,283.36,283.36,3764.64,3764.64,5747.17,18,3,
2026-07-26 09:52:30,707325,2937121,Game 1: Any Player Penta Kill?,prop,1,2026-07-26 11:00:00,67.5,Yes,66350550523881356308587509642800111816810263665107126951496660572488969712181,0.02,0.49,0.255,0.47,284.41,284.41,284.41,302.47,302.47,302.47,2,20,
2026-07-26 09:52:30,707325,2937121,Game 1: Any Player Penta Kill?,prop,1,2026-07-26 11:00:00,67.5,No,29336976172418728190894676475105321596156005151771442793581497417031302072161,0.51,0.98,0.745,0.47,303.25,303.25,303.25,28131.59,28131.59,28131.59,20,2,
2026-07-26 09:52:30,707325,2937122,Game 1: Odd/Even Total Kills?,odd_even,1,2026-07-26 11:00:00,67.5,Odd,83841019885738630578856410559180193372150701871896473243307611242181928235613,0.49,0.5,0.495,0.01,103.53,103.53,103.53,155.31,155.31,155.31,22,22,13.88235
2026-07-26 09:52:30,707325,2937122,Game 1: Odd/Even Total Kills?,odd_even,1,2026-07-26 11:00:00,67.5,Even,26667579112015225451017888617183051735195330785239914001198998315201530353149,0.5,0.51,0.505,0.01,151.18,151.18,151.18,107.75,107.75,107.75,22,22,13.88235
2026-07-26 09:52:30,707325,2937123,Game 2: Both Teams Slay Baron Nashor?,prop,2,2026-07-26 11:00:00,67.5,Yes,54798490823067512845436182415523194156850341534569660902309484636297929270791,0.08,0.33,0.205,0.25,127.15,127.15,168.25,151.07,151.07,151.07,5,21,
2026-07-26 09:52:30,707325,2937123,Game 2: Both Teams Slay Baron Nashor?,prop,2,2026-07-26 11:00:00,67.5,No,91461497856653500101438322587010402057326619689411913388834504433116328304804,0.67,0.92,0.795,0.25,306.72,306.72,306.72,1462.22,1462.22,2785.51,21,5,
2026-07-26 09:52:30,707325,2937124,Game 2: Both Teams Slay a Dragon?,prop,2,2026-07-26 11:00:00,67.5,Yes,110846714174846879664879320876288679504383438700685819386860084951761769773969,0.64,0.87,0.755,0.23,306.72,306.72,306.72,974.06,974.06,974.06,20,7,
2026-07-26 09:52:30,707325,2937124,Game 2: Both Teams Slay a Dragon?,prop,2,2026-07-26 11:00:00,67.5,No,4706188841464342218583938106863793911505779608297721893085790929991872662849,0.13,0.36,0.245,0.23,145.55,145.55,145.55,172.53,172.53,172.53,7,20,
2026-07-26 09:52:30,707325,2937125,Game 2: Both Teams Destroy Inhibitors?,prop,2,2026-07-26 11:00:00,67.5,Yes,54527946282244187894168294340809007593961982383702900104353902689449374670637,0.04,0.27,0.155,0.23,0.9,1.99,1.99,113.44,113.44,113.44,4,19,
2026-07-26 09:52:30,707325,2937125,Game 2: Both Teams Destroy Inhibitors?,prop,2,2026-07-26 11:00:00,67.5,No,43456222045537077012251674511630404144739820840770946950135930097892263315523,0.73,0.96,0.845,0.23,306.72,306.72,306.72,25.65,113.61,113.61,19,4,
2026-07-26 09:52:30,707325,2937126,Game 2: Any Player Quadra Kill?,prop,2,2026-07-26 11:00:00,67.5,Yes,111468803831513867086361238422212971155294378792127765934121528957551820980754,0.07,0.5,0.285,0.43,283.36,283.36,323.82,283.36,283.36,283.36,3,18,
2026-07-26 09:52:30,707325,2937126,Game 2: Any Player Quadra Kill?,prop,2,2026-07-26 11:00:00,67.5,No,84935760242847362360157307028896918431097593483649789353414838330964599356851,0.5,0.93,0.715,0.43,283.36,283.36,283.36,3764.64,3764.64,5747.17,18,3,
2026-07-26 09:52:30,707325,2937127,Game 2: Any Player Penta Kill?,prop,2,2026-07-26 11:00:00,67.5,Yes,66038029669970943085539599906815658534383415176888891874357566339550511190880,0.02,0.49,0.255,0.47,284.41,284.41,284.41,302.47,302.47,302.47,2,19,
2026-07-26 09:52:30,707325,2937127,Game 2: Any Player Penta Kill?,prop,2,2026-07-26 11:00:00,67.5,No,108243573785504866846670751011227306342033087347942106483024385767926893893137,0.51,0.98,0.745,0.47,303.25,303.25,303.25,28131.59,28131.59,28131.59,19,2,
2026-07-26 09:52:30,707325,2937128,Game 2: Odd/Even Total Kills?,odd_even,2,2026-07-26 11:00:00,67.5,Odd,19046459412336706162274174292346990527909402837479037562063782856752361068020,0.49,0.51,0.5,0.02,103.53,103.53,103.53,105.31,122.27,122.27,21,21,13.88235
2026-07-26 09:52:30,707325,2937128,Game 2: Odd/Even Total Kills?,odd_even,2,2026-07-26 11:00:00,67.5,Even,82629926385052102733234526902389337541620929065574949781703569881064092391008,0.49,0.51,0.5,0.02,101.18,116.22,116.22,107.75,107.75,107.75,21,21,13.88235
2026-07-26 09:52:30,707325,2937129,Game 3: Both Teams Slay Baron Nashor?,prop,3,2026-07-26 11:00:00,67.5,Yes,61244497046674275642485084069702604339505856732587881597215259116144708333092,0.07,0.96,0.515,0.89,283.76,284.02,324.65,27.04,111.7,111.7,6,4,
2026-07-26 09:52:30,707325,2937129,Game 3: Both Teams Slay Baron Nashor?,prop,3,2026-07-26 11:00:00,67.5,No,89100649283241389183094422210167810314916773044139223632127630941439482190913,0.04,0.93,0.485,0.89,0.96,1.99,1.99,4444.63,4450.86,6433.68,4,6,
2026-07-26 09:52:30,707325,2937130,Game 3: Both Teams Slay a Dragon?,prop,3,2026-07-26 11:00:00,67.5,Yes,61931319711788818719785941194744853519042852362395051538602478434331464237456,0.04,0.79,0.415,0.75,0.96,1.99,1.99,1065.97,1065.97,1065.97,4,11,
2026-07-26 09:52:30,707325,2937130,Game 3: Both Teams Slay a Dragon?,prop,3,2026-07-26 11:00:00,67.5,No,40784377247799055533031638570294932155207181042105528818682161329331130044448,0.21,0.96,0.585,0.75,283.36,283.36,283.36,27.04,112.6,112.6,11,4,
2026-07-26 09:52:30,707325,2937131,Game 3: Both Teams Destroy Inhibitors?,prop,3,2026-07-26 11:00:00,67.5,Yes,14781789298496679970977396530268505467464816010824433964596590468763562327539,0.05,0.96,0.505,0.91,283.87,284.68,285.35,27.04,111.7,111.7,5,4,
2026-07-26 09:52:30,707325,2937131,Game 3: Both Teams Destroy Inhibitors?,prop,3,2026-07-26 11:00:00,67.5,No,16353494303384463079728608823165668272506625880821710621709074200748452870326,0.04,0.95,0.495,0.91,0.96,1.99,1.99,6810.24,6841.99,6908.53,4,5,
2026-07-26 09:52:30,707325,2937132,Game 3: Any Player Quadra Kill?,prop,3,2026-07-26 11:00:00,67.5,Yes,72071171523876747761377568226620879888523505696528898516319522136622853390246,0.04,0.98,0.51,0.94,283.36,284.41,284.41,78.95,78.95,78.95,3,2,
2026-07-26 09:52:30,707325,2937132,Game 3: Any Player Quadra Kill?,prop,3,2026-07-26 11:00:00,67.5,No,102258183932041188831269543275923995443013733629415085447455153920008232815287,0.02,0.96,0.49,0.94,1.05,1.05,1.05,6800.64,6879.59,6879.59,2,3,
2026-07-26 09:52:30,707325,2937133,Game 3: Any Player Penta Kill?,prop,3,2026-07-26 11:00:00,67.5,Yes,76558748093857936985933496781780950949094176105263956316893768466404038166862,0.05,0.98,0.515,0.93,18.9,19.4,303.31,78.95,78.95,78.95,3,2,
2026-07-26 09:52:30,707325,2937133,Game 3: Any Player Penta Kill?,prop,3,2026-07-26 11:00:00,67.5,No,29994454649689580353884333990148268547770099603303437838967454307545495138701,0.02,0.95,0.485,0.93,1.05,1.05,1.05,359.1,383.6,28490.69,2,3,
2026-07-26 09:52:30,707325,2937134,Game 3: Odd/Even Total Kills?,odd_even,3,2026-07-26 11:00:00,67.5,Odd,67061359804204064170847775939307622337976034015075582671056081912411246735041,0.49,0.51,0.5,0.02,103.53,103.53,103.53,105.31,122.27,122.27,20,22,13.88235
2026-07-26 09:52:30,707325,2937134,Game 3: Odd/Even Total Kills?,odd_even,3,2026-07-26 11:00:00,67.5,Even,33657511483178186255645751327779018121442853840529515356695642058732995281928,0.49,0.51,0.5,0.02,101.18,116.22,116.22,107.75,107.75,107.75,22,20,13.88235
2026-07-26 09:52:30,707325,3081189,First Blood in Game 2?,first_blood,2,2026-07-26 11:00:00,67.5,Anyone's Legend,38980013053585382627044557885461424899627433382200430835828700635583939175805,0.45,0.54,0.495,0.09,208.24,208.24,208.24,238.72,238.72,238.72,15,16,17.133927
2026-07-26 09:52:30,707325,3081189,First Blood in Game 2?,first_blood,2,2026-07-26 11:00:00,67.5,Bilibili Gaming,32915426582315848072394551356012463050233939458308904167277641843508739227112,0.46,0.55,0.505,0.09,203.36,203.36,203.36,264.91,264.91,264.91,16,15,17.133927
2026-07-26 09:52:30,707325,3081190,First Blood in Game 1?,first_blood,1,2026-07-26 11:00:00,67.5,Anyone's Legend,4433330408410316846803071700370086732714825654055559249370346850470709072952,0.44,0.52,0.48,0.08,122.75,122.75,122.75,211.48,211.48,211.48,16,18,396.02810200000005
2026-07-26 09:52:30,707325,3081190,First Blood in Game 1?,first_blood,1,2026-07-26 11:00:00,67.5,Bilibili Gaming,56265377411176358654576366202811500730949665241782657984499538378433436097441,0.48,0.56,0.52,0.08,187.67,187.67,187.67,156.22,156.22,156.22,18,16,396.02810200000005
2026-07-26 09:52:30,707325,3081191,Total Kills Over/Under 30.5 in Game 2?,total_kills,2,2026-07-26 11:00:00,67.5,Over,23437973508451351356330991082104110111477813117354578429013063563881774470443,0.52,0.53,0.525,0.01,658.02,1015.23,1306.8,656.2,1203.33,1335.88,30,29,4596.1461
2026-07-26 09:52:30,707325,3081191,Total Kills Over/Under 30.5 in Game 2?,total_kills,2,2026-07-26 11:00:00,67.5,Under,43795506910926088362776940249733727340295848021891030089161568807434839732983,0.47,0.48,0.475,0.01,569.04,1016.69,1116.69,617.98,985.55,1301.41,29,30,4596.1461
2026-07-26 09:52:30,707325,3081192,Total Kills Over/Under 30.5 in Game 1?,total_kills,1,2026-07-26 11:00:00,67.5,Over,42413334049665637744079450278355110617992471546021782153366528621527176685032,0.51,0.56,0.535,0.05,25.39,1557.92,4377.92,142.63,411.25,411.25,22,22,261.566081
2026-07-26 09:52:30,707325,3081192,Total Kills Over/Under 30.5 in Game 1?,total_kills,1,2026-07-26 11:00:00,67.5,Under,108337392913264562280312318187593157873877600848046953117933229402235926120876,0.44,0.49,0.465,0.05,107.92,302.44,302.44,24.4,1676.86,4856.86,22,22,261.566081
2026-07-26 09:52:30,707325,3081193,Total Kills Over/Under 33.5 in Game 2?,total_kills,2,2026-07-26 11:00:00,67.5,Over,8586298549004551993442956533825310037264727331502800059723384947749880992529,0.32,0.43,0.375,0.11,311.2,317.2,317.2,222.16,222.16,222.16,18,15,
2026-07-26 09:52:30,707325,3081193,Total Kills Over/Under 33.5 in Game 2?,total_kills,2,2026-07-26 11:00:00,67.5,Under,110597114372405884962927286808742534536249688168361162103005224613607361053251,0.57,0.68,0.625,0.11,294.49,294.49,294.49,661.3,675.98,675.98,15,18,
2026-07-26 09:52:30,707325,3081194,Total Kills Over/Under 33.5 in Game 1?,total_kills,1,2026-07-26 11:00:00,67.5,Over,30552843765508490603664386461225254952089070999529702283764849905764612834885,0.32,0.42,0.37,0.1,303.75,303.75,309.75,223.21,223.21,223.21,18,17,
2026-07-26 09:52:30,707325,3081194,Total Kills Over/Under 33.5 in Game 1?,total_kills,1,2026-07-26 11:00:00,67.5,Under,53657580022631506873496992494579505139264461994954679282251091971010077831792,0.58,0.68,0.63,0.1,308.25,308.25,308.25,674.47,674.47,689.89,17,18,
2026-07-26 09:57:56,707325,2937091,LoL: Anyone's Legend vs Bilibili Gaming - Game 1 Winner,map,1,2026-07-26 11:00:00,62.1,Anyone's Legend,106906185790690167849895063392041009115494273917041294569591008180490173521485,0.43,0.44,0.435,0.01,11437.26,13975.51,14728.23,10688.61,14000.61,16691.41,35,37,2153.3281119999997
2026-07-26 09:57:56,707325,2937091,LoL: Anyone's Legend vs Bilibili Gaming - Game 1 Winner,map,1,2026-07-26 11:00:00,62.1,Bilibili Gaming,51653736840206909477127809769417338510771268257928893059964060309325560583787,0.56,0.57,0.565,0.01,13133.05,16935.79,19840.91,15789.05,19520.8,20709.94,37,35,2153.3281119999997
2026-07-26 09:57:56,707325,2937092,LoL: Anyone's Legend vs Bilibili Gaming - Game 2 Winner,map,2,2026-07-26 11:00:00,62.1,Anyone's Legend,3632761527830851126218403972215896322866498280718052589856316229871893863849,0.43,0.44,0.435,0.01,1221.82,4060.23,4772.03,2099.92,5573.3,5873.7,35,38,3381.6275040000005
2026-07-26 09:57:56,707325,2937092,LoL: Anyone's Legend vs Bilibili Gaming - Game 2 Winner,map,2,2026-07-26 11:00:00,62.1,Bilibili Gaming,70779665945520640638060284527025322569040195676030813411312036650498709891533,0.56,0.57,0.565,0.01,2625.09,6620.58,6936.1,1686.38,5841.71,6967.14,38,35,3381.6275040000005
2026-07-26 09:57:56,707325,2937114,LoL: Anyone's Legend vs Bilibili Gaming (BO3) - LPL Group Ascend,series,,2026-07-26 11:00:00,62.1,Anyone's Legend,83927624320717567322293360465565771333925478452952852805782756307712776908686,0.39,0.4,0.395,0.01,38532.0,52065.61,61195.28,61999.29,69455.99,71564.56,36,45,136270.44022700007
2026-07-26 09:57:56,707325,2937114,LoL: Anyone's Legend vs Bilibili Gaming (BO3) - LPL Group Ascend,series,,2026-07-26 11:00:00,62.1,Bilibili Gaming,113359571003047396767826426301838860151873706137356935468347609290162612073776,0.6,0.61,0.605,0.01,91700.3,101667.1,104337.1,61202.1,84294.73,101709.63,45,36,136270.44022700007
2026-07-26 09:57:56,707325,2937115,Games Total: O/U 2.5,total_games,,2026-07-26 11:00:00,62.1,Over,96722104278692088864245402190624922595785938161886735538042885922816494963748,0.48,0.49,0.485,0.01,1963.35,4184.65,5380.37,12285.36,17674.89,17962.56,37,34,5115.679587000001
2026-07-26 09:57:56,707325,2937115,Games Total: O/U 2.5,total_games,,2026-07-26 11:00:00,62.1,Under,100077604143401124111462680244982754750901478819651333547594375692625089979294,0.51,0.52,0.515,0.01,12398.5,17517.69,17769.02,2203.14,4865.1,6412.41,34,37,5115.679587000001
2026-07-26 09:57:56,707325,2937116,Game Handicap: BLG (-1.5) vs Anyone's Legend (+1.5),handicap,,2026-07-26 11:00:00,62.1,Bilibili Gaming,42449476321480753476908263842860461479311712176117706366122887640797055712452,0.32,0.33,0.325,0.01,9746.67,10481.67,11237.94,4498.19,13682.31,13720.31,24,33,3799.200628999999
2026-07-26 09:57:56,707325,2937116,Game Handicap: BLG (-1.5) vs Anyone's Legend (+1.5),handicap,,2026-07-26 11:00:00,62.1,Anyone's Legend,102400219958593484908967793580148013055443120591803397478891753493119097650382,0.67,0.68,0.675,0.01,8933.99,25928.12,25990.12,21683.9,23448.72,25491.41,33,24,3799.200628999999
2026-07-26 09:57:56,707325,2937117,Game 1: Both Teams Slay Baron Nashor?,prop,1,2026-07-26 11:00:00,62.1,Yes,114415780908852448239778907487610815370694530579935091883476088315809736210722,0.08,0.33,0.205,0.25,127.15,127.15,168.25,151.07,151.07,151.07,5,20,
2026-07-26 09:57:56,707325,2937117,Game 1: Both Teams Slay Baron Nashor?,prop,1,2026-07-26 11:00:00,62.1,No,69622048401300544909555152785955652324852445957989816090538030596670288415532,0.67,0.92,0.795,0.25,306.72,306.72,306.72,1462.22,1462.22,2785.51,20,5,
2026-07-26 09:57:56,707325,2937118,Game 1: Both Teams Slay a Dragon?,prop,1,2026-07-26 11:00:00,62.1,Yes,103264526758415589256682305065439803261059341791516885088481784183499929620187,0.64,0.87,0.755,0.23,306.72,306.72,306.72,974.06,974.06,974.06,20,7,
2026-07-26 09:57:56,707325,2937118,Game 1: Both Teams Slay a Dragon?,prop,1,2026-07-26 11:00:00,62.1,No,2622793839582080428033213990019869727259708694379411953743560135095559157283,0.13,0.36,0.245,0.23,145.55,145.55,145.55,172.53,172.53,172.53,7,20,
2026-07-26 09:57:56,707325,2937119,Game 1: Both Teams Destroy Inhibitors?,prop,1,2026-07-26 11:00:00,62.1,Yes,100121916458454112344079324782314142235919731936939799786383598040561112105688,0.04,0.27,0.155,0.23,0.9,1.99,1.99,113.44,113.44,113.44,4,20,
2026-07-26 09:57:56,707325,2937119,Game 1: Both Teams Destroy Inhibitors?,prop,1,2026-07-26 11:00:00,62.1,No,100016836476763669206403787100302699394853063609681852225247420290009376570577,0.73,0.96,0.845,0.23,306.72,306.72,306.72,25.65,113.61,113.61,20,4,
2026-07-26 09:57:56,707325,2937120,Game 1: Any Player Quadra Kill?,prop,1,2026-07-26 11:00:00,62.1,Yes,45318175528046335607161226081376899606223344684940530995183027781024555859886,0.07,0.5,0.285,0.43,283.36,283.36,323.82,283.36,283.36,283.36,3,18,
2026-07-26 09:57:56,707325,2937120,Game 1: Any Player Quadra Kill?,prop,1,2026-07-26 11:00:00,62.1,No,31434111651714615066570618174045427246713506719122982526171458180679343117813,0.5,0.93,0.715,0.43,283.36,283.36,283.36,3764.64,3764.64,5747.17,18,3,
2026-07-26 09:57:56,707325,2937121,Game 1: Any Player Penta Kill?,prop,1,2026-07-26 11:00:00,62.1,Yes,66350550523881356308587509642800111816810263665107126951496660572488969712181,0.02,0.49,0.255,0.47,284.41,284.41,284.41,302.47,302.47,302.47,2,20,
2026-07-26 09:57:56,707325,2937121,Game 1: Any Player Penta Kill?,prop,1,2026-07-26 11:00:00,62.1,No,29336976172418728190894676475105321596156005151771442793581497417031302072161,0.51,0.98,0.745,0.47,303.25,303.25,303.25,28131.59,28131.59,28131.59,20,2,
2026-07-26 09:57:56,707325,2937122,Game 1: Odd/Even Total Kills?,odd_even,1,2026-07-26 11:00:00,62.1,Odd,83841019885738630578856410559180193372150701871896473243307611242181928235613,0.49,0.5,0.495,0.01,103.53,103.53,103.53,155.31,155.31,155.31,20,20,13.88235
2026-07-26 09:57:56,707325,2937122,Game 1: Odd/Even Total Kills?,odd_even,1,2026-07-26 11:00:00,62.1,Even,26667579112015225451017888617183051735195330785239914001198998315201530353149,0.5,0.51,0.505,0.01,151.18,151.18,151.18,107.75,107.75,107.75,20,20,13.88235
2026-07-26 09:57:56,707325,2937123,Game 2: Both Teams Slay Baron Nashor?,prop,2,2026-07-26 11:00:00,62.1,Yes,54798490823067512845436182415523194156850341534569660902309484636297929270791,0.08,0.33,0.205,0.25,127.15,127.15,168.25,151.07,151.07,151.07,5,21,
2026-07-26 09:57:56,707325,2937123,Game 2: Both Teams Slay Baron Nashor?,prop,2,2026-07-26 11:00:00,62.1,No,91461497856653500101438322587010402057326619689411913388834504433116328304804,0.67,0.92,0.795,0.25,306.72,306.72,306.72,1462.22,1462.22,2785.51,21,5,
2026-07-26 09:57:56,707325,2937124,Game 2: Both Teams Slay a Dragon?,prop,2,2026-07-26 11:00:00,62.1,Yes,110846714174846879664879320876288679504383438700685819386860084951761769773969,0.64,0.87,0.755,0.23,306.72,306.72,306.72,974.06,974.06,974.06,20,7,
2026-07-26 09:57:56,707325,2937124,Game 2: Both Teams Slay a Dragon?,prop,2,2026-07-26 11:00:00,62.1,No,4706188841464342218583938106863793911505779608297721893085790929991872662849,0.13,0.36,0.245,0.23,145.55,145.55,145.55,172.53,172.53,172.53,7,20,
2026-07-26 09:57:56,707325,2937125,Game 2: Both Teams Destroy Inhibitors?,prop,2,2026-07-26 11:00:00,62.1,Yes,54527946282244187894168294340809007593961982383702900104353902689449374670637,0.04,0.27,0.155,0.23,0.9,1.99,1.99,113.44,113.44,113.44,4,19,
2026-07-26 09:57:56,707325,2937125,Game 2: Both Teams Destroy Inhibitors?,prop,2,2026-07-26 11:00:00,62.1,No,43456222045537077012251674511630404144739820840770946950135930097892263315523,0.73,0.96,0.845,0.23,306.72,306.72,306.72,25.65,113.61,113.61,19,4,
2026-07-26 09:57:56,707325,2937126,Game 2: Any Player Quadra Kill?,prop,2,2026-07-26 11:00:00,62.1,Yes,111468803831513867086361238422212971155294378792127765934121528957551820980754,0.07,0.5,0.285,0.43,283.36,283.36,323.82,283.36,283.36,283.36,3,17,
2026-07-26 09:57:56,707325,2937126,Game 2: Any Player Quadra Kill?,prop,2,2026-07-26 11:00:00,62.1,No,84935760242847362360157307028896918431097593483649789353414838330964599356851,0.5,0.93,0.715,0.43,283.36,283.36,283.36,3764.64,3764.64,5747.17,17,3,
2026-07-26 09:57:56,707325,2937127,Game 2: Any Player Penta Kill?,prop,2,2026-07-26 11:00:00,62.1,Yes,66038029669970943085539599906815658534383415176888891874357566339550511190880,0.02,0.49,0.255,0.47,284.41,284.41,284.41,302.47,302.47,302.47,2,19,
2026-07-26 09:57:56,707325,2937127,Game 2: Any Player Penta Kill?,prop,2,2026-07-26 11:00:00,62.1,No,108243573785504866846670751011227306342033087347942106483024385767926893893137,0.51,0.98,0.745,0.47,303.25,303.25,303.25,28131.59,28131.59,28131.59,19,2,
2026-07-26 09:57:56,707325,2937128,Game 2: Odd/Even Total Kills?,odd_even,2,2026-07-26 11:00:00,62.1,Odd,19046459412336706162274174292346990527909402837479037562063782856752361068020,0.49,0.51,0.5,0.02,103.53,103.53,103.53,105.31,122.27,122.27,19,19,13.88235
2026-07-26 09:57:56,707325,2937128,Game 2: Odd/Even Total Kills?,odd_even,2,2026-07-26 11:00:00,62.1,Even,82629926385052102733234526902389337541620929065574949781703569881064092391008,0.49,0.51,0.5,0.02,101.18,116.22,116.22,107.75,107.75,107.75,19,19,13.88235
2026-07-26 09:57:56,707325,2937129,Game 3: Both Teams Slay Baron Nashor?,prop,3,2026-07-26 11:00:00,62.1,Yes,61244497046674275642485084069702604339505856732587881597215259116144708333092,0.07,0.96,0.515,0.89,283.76,284.02,324.65,27.04,111.7,111.7,6,4,
2026-07-26 09:57:56,707325,2937129,Game 3: Both Teams Slay Baron Nashor?,prop,3,2026-07-26 11:00:00,62.1,No,89100649283241389183094422210167810314916773044139223632127630941439482190913,0.04,0.93,0.485,0.89,0.96,1.99,1.99,4444.63,4450.86,6433.68,4,6,
2026-07-26 09:57:56,707325,2937130,Game 3: Both Teams Slay a Dragon?,prop,3,2026-07-26 11:00:00,62.1,Yes,61931319711788818719785941194744853519042852362395051538602478434331464237456,0.04,0.79,0.415,0.75,0.96,1.99,1.99,1065.97,1065.97,1065.97,4,11,
2026-07-26 09:57:56,707325,2937130,Game 3: Both Teams Slay a Dragon?,prop,3,2026-07-26 11:00:00,62.1,No,40784377247799055533031638570294932155207181042105528818682161329331130044448,0.21,0.96,0.585,0.75,283.36,283.36,283.36,27.04,112.6,112.6,11,4,
2026-07-26 09:57:56,707325,2937131,Game 3: Both Teams Destroy Inhibitors?,prop,3,2026-07-26 11:00:00,62.1,Yes,14781789298496679970977396530268505467464816010824433964596590468763562327539,0.05,0.96,0.505,0.91,283.87,284.68,285.35,27.04,111.7,111.7,5,4,
2026-07-26 09:57:56,707325,2937131,Game 3: Both Teams Destroy Inhibitors?,prop,3,2026-07-26 11:00:00,62.1,No,16353494303384463079728608823165668272506625880821710621709074200748452870326,0.04,0.95,0.495,0.91,0.96,1.99,1.99,6810.24,6841.99,6908.53,4,5,
2026-07-26 09:57:56,707325,2937132,Game 3: Any Player Quadra Kill?,prop,3,2026-07-26 11:00:00,62.1,Yes,72071171523876747761377568226620879888523505696528898516319522136622853390246,0.04,0.98,0.51,0.94,283.36,284.41,284.41,78.95,78.95,78.95,3,2,
2026-07-26 09:57:56,707325,2937132,Game 3: Any Player Quadra Kill?,prop,3,2026-07-26 11:00:00,62.1,No,102258183932041188831269543275923995443013733629415085447455153920008232815287,0.02,0.96,0.49,0.94,1.05,1.05,1.05,6800.64,6879.59,6879.59,2,3,
2026-07-26 09:57:56,707325,2937133,Game 3: Any Player Penta Kill?,prop,3,2026-07-26 11:00:00,62.1,Yes,76558748093857936985933496781780950949094176105263956316893768466404038166862,0.05,0.98,0.515,0.93,18.9,19.4,303.31,78.95,78.95,78.95,3,2,
2026-07-26 09:57:56,707325,2937133,Game 3: Any Player Penta Kill?,prop,3,2026-07-26 11:00:00,62.1,No,29994454649689580353884333990148268547770099603303437838967454307545495138701,0.02,0.95,0.485,0.93,1.05,1.05,1.05,359.1,383.6,28490.69,2,3,
2026-07-26 09:57:56,707325,2937134,Game 3: Odd/Even Total Kills?,odd_even,3,2026-07-26 11:00:00,62.1,Odd,67061359804204064170847775939307622337976034015075582671056081912411246735041,0.49,0.51,0.5,0.02,103.53,103.53,103.53,105.31,122.27,122.27,20,22,13.88235
2026-07-26 09:57:56,707325,2937134,Game 3: Odd/Even Total Kills?,odd_even,3,2026-07-26 11:00:00,62.1,Even,33657511483178186255645751327779018121442853840529515356695642058732995281928,0.49,0.51,0.5,0.02,101.18,116.22,116.22,107.75,107.75,107.75,22,20,13.88235
2026-07-26 09:57:56,707325,3081189,First Blood in Game 2?,first_blood,2,2026-07-26 11:00:00,62.1,Anyone's Legend,38980013053585382627044557885461424899627433382200430835828700635583939175805,0.45,0.54,0.495,0.09,208.24,208.24,208.24,238.72,238.72,238.72,15,16,17.133927
2026-07-26 09:57:56,707325,3081189,First Blood in Game 2?,first_blood,2,2026-07-26 11:00:00,62.1,Bilibili Gaming,32915426582315848072394551356012463050233939458308904167277641843508739227112,0.46,0.55,0.505,0.09,203.36,203.36,203.36,264.91,264.91,264.91,16,15,17.133927
2026-07-26 09:57:56,707325,3081190,First Blood in Game 1?,first_blood,1,2026-07-26 11:00:00,62.1,Anyone's Legend,4433330408410316846803071700370086732714825654055559249370346850470709072952,0.44,0.52,0.48,0.08,122.75,122.75,122.75,211.48,211.48,211.48,16,18,396.02810200000005
2026-07-26 09:57:56,707325,3081190,First Blood in Game 1?,first_blood,1,2026-07-26 11:00:00,62.1,Bilibili Gaming,56265377411176358654576366202811500730949665241782657984499538378433436097441,0.48,0.56,0.52,0.08,187.67,187.67,187.67,156.22,156.22,156.22,18,16,396.02810200000005
2026-07-26 09:57:56,707325,3081191,Total Kills Over/Under 30.5 in Game 2?,total_kills,2,2026-07-26 11:00:00,62.1,Over,23437973508451351356330991082104110111477813117354578429013063563881774470443,0.52,0.53,0.525,0.01,658.02,1015.23,1306.8,656.2,1203.33,1335.88,30,29,4596.1461
2026-07-26 09:57:56,707325,3081191,Total Kills Over/Under 30.5 in Game 2?,total_kills,2,2026-07-26 11:00:00,62.1,Under,43795506910926088362776940249733727340295848021891030089161568807434839732983,0.47,0.48,0.475,0.01,569.04,1016.69,1116.69,617.98,985.55,1301.41,29,30,4596.1461
2026-07-26 09:57:56,707325,3081192,Total Kills Over/Under 30.5 in Game 1?,total_kills,1,2026-07-26 11:00:00,62.1,Over,42413334049665637744079450278355110617992471546021782153366528621527176685032,0.51,0.54,0.525,0.03,50.89,1583.42,4403.42,27.0,37.08,443.79,21,22,261.566081
2026-07-26 09:57:56,707325,3081192,Total Kills Over/Under 30.5 in Game 1?,total_kills,1,2026-07-26 11:00:00,62.1,Under,108337392913264562280312318187593157873877600848046953117933229402235926120876,0.46,0.49,0.475,0.03,23.0,30.92,325.44,48.9,1701.36,4881.36,22,21,261.566081
2026-07-26 09:57:56,707325,3081193,Total Kills Over/Under 33.5 in Game 2?,total_kills,2,2026-07-26 11:00:00,62.1,Over,8586298549004551993442956533825310037264727331502800059723384947749880992529,0.33,0.43,0.38,0.1,327.7,327.7,333.7,222.16,222.16,222.16,19,15,
2026-07-26 09:57:56,707325,3081193,Total Kills Over/Under 33.5 in Game 2?,total_kills,2,2026-07-26 11:00:00,62.1,Under,110597114372405884962927286808742534536249688168361162103005224613607361053251,0.57,0.67,0.62,0.1,294.49,294.49,294.49,694.8,694.8,709.48,15,19,
2026-07-26 09:57:56,707325,3081194,Total Kills Over/Under 33.5 in Game 1?,total_kills,1,2026-07-26 11:00:00,62.1,Over,30552843765508490603664386461225254952089070999529702283764849905764612834885,0.32,0.42,0.37,0.1,303.75,303.75,309.75,223.21,223.21,223.21,19,17,
2026-07-26 09:57:56,707325,3081194,Total Kills Over/Under 33.5 in Game 1?,total_kills,1,2026-07-26 11:00:00,62.1,Under,53657580022631506873496992494579505139264461994954679282251091971010077831792,0.58,0.68,0.63,0.1,308.25,308.25,308.25,664.39,664.39,679.81,17,19,
2026-07-26 10:03:23,707325,2937091,LoL: Anyone's Legend vs Bilibili Gaming - Game 1 Winner,map,1,2026-07-26 11:00:00,56.6,Anyone's Legend,106906185790690167849895063392041009115494273917041294569591008180490173521485,0.43,0.44,0.435,0.01,9770.16,12103.41,12652.65,8884.51,13000.51,15410.11,35,36,2179.6438999999996
2026-07-26 10:03:23,707325,2937091,LoL: Anyone's Legend vs Bilibili Gaming - Game 1 Winner,map,1,2026-07-26 11:00:00,56.6,Bilibili Gaming,51653736840206909477127809769417338510771268257928893059964060309325560583787,0.56,0.57,0.565,0.01,10927.15,15625.89,18236.29,13486.15,16922.9,17786.38,36,35,2179.6438999999996
2026-07-26 10:03:23,707325,2937092,LoL: Anyone's Legend vs Bilibili Gaming - Game 2 Winner,map,2,2026-07-26 11:00:00,56.6,Anyone's Legend,3632761527830851126218403972215896322866498280718052589856316229871893863849,0.43,0.44,0.435,0.01,1234.72,3873.13,4335.93,2044.92,5288.3,5307.5,35,39,3381.6275040000005
2026-07-26 10:03:23,707325,2937092,LoL: Anyone's Legend vs Bilibili Gaming - Game 2 Winner,map,2,2026-07-26 11:00:00,56.6,Bilibili Gaming,70779665945520640638060284527025322569040195676030813411312036650498709891533,0.56,0.57,0.565,0.01,2555.09,6280.58,6301.38,1703.48,5558.81,6291.01,39,35,3381.6275040000005
2026-07-26 10:03:23,707325,2937114,LoL: Anyone's Legend vs Bilibili Gaming (BO3) - LPL Group Ascend,series,,2026-07-26 11:00:00,56.6,Anyone's Legend,83927624320717567322293360465565771333925478452952852805782756307712776908686,0.39,0.4,0.395,0.01,45047.31,58765.92,70984.63,53448.07,61007.11,62845.68,36,44,136879.91235300008
2026-07-26 10:03:23,707325,2937114,LoL: Anyone's Legend vs Bilibili Gaming (BO3) - LPL Group Ascend,series,,2026-07-26 11:00:00,56.6,Bilibili Gaming,113359571003047396767826426301838860151873706137356935468347609290162612073776,0.6,0.61,0.605,0.01,79330.61,89433.07,91773.07,71906.06,95313.69,118450.73,44,36,136879.91235300008
2026-07-26 10:03:23,707325,2937115,Games Total: O/U 2.5,total_games,,2026-07-26 11:00:00,56.6,Over,96722104278692088864245402190624922595785938161886735538042885922816494963748,0.48,0.49,0.485,0.01,1909.52,4130.82,5074.72,7530.36,12722.09,12955.76,37,34,5359.962443000002
2026-07-26 10:03:23,707325,2937115,Games Total: O/U 2.5,total_games,,2026-07-26 11:00:00,56.6,Under,100077604143401124111462680244982754750901478819651333547594375692625089979294,0.51,0.52,0.515,0.01,7653.5,12590.1,12795.43,2144.83,4806.79,6022.6,34,37,5359.962443000002
2026-07-26 10:03:23,707325,2937116,Game Handicap: BLG (-1.5) vs Anyone's Legend (+1.5),handicap,,2026-07-26 11:00:00,56.6,Bilibili Gaming,42449476321480753476908263842860461479311712176117706366122887640797055712452,0.32,0.33,0.325,0.01,8510.97,9081.97,9616.31,2398.29,10182.41,10182.41,24,30,4708.291536999999
2026-07-26 10:03:23,707325,2937116,Game Handicap: BLG (-1.5) vs Anyone's Legend (+1.5),handicap,,2026-07-26 11:00:00,56.6,Anyone's Legend,102400219958593484908967793580148013055443120591803397478891753493119097650382,0.67,0.68,0.675,0.01,4834.79,19228.92,19228.92,18934.6,20313.42,21756.08,30,24,4708.291536999999
2026-07-26 10:03:23,707325,2937117,Game 1: Both Teams Slay Baron Nashor?,prop,1,2026-07-26 11:00:00,56.6,Yes,114415780908852448239778907487610815370694530579935091883476088315809736210722,0.04,0.63,0.335,0.59,40.89,81.91,81.91,85.21,105.94,105.94,4,18,
2026-07-26 10:03:23,707325,2937117,Game 1: Both Teams Slay Baron Nashor?,prop,1,2026-07-26 11:00:00,56.6,No,69622048401300544909555152785955652324852445957989816090538030596670288415532,0.37,0.96,0.665,0.59,49.25,59.93,59.93,1318.44,5362.35,5362.35,18,4,
2026-07-26 10:03:23,707325,2937118,Game 1: Both Teams Slay a Dragon?,prop,1,2026-07-26 11:00:00,56.6,Yes,103264526758415589256682305065439803261059341791516885088481784183499929620187,0.34,0.94,0.64,0.6,31.13,49.25,100.89,629.18,1617.65,3937.01,19,6,
2026-07-26 10:03:23,707325,2937118,Game 1: Both Teams Slay a Dragon?,prop,1,2026-07-26 11:00:00,56.6,No,2622793839582080428033213990019869727259708694379411953743560135095559157283,0.06,0.66,0.36,0.6,33.17,65.64,91.9,62.23,100.74,225.94,6,19,
2026-07-26 10:03:23,707325,2937119,Game 1: Both Teams Destroy Inhibitors?,prop,1,2026-07-26 11:00:00,56.6,Yes,100121916458454112344079324782314142235919731936939799786383598040561112105688,0.04,0.59,0.315,0.55,0.9,1.99,1.99,46.04,74.38,93.37,4,18,
2026-07-26 10:03:23,707325,2937119,Game 1: Both Teams Destroy Inhibitors?,prop,1,2026-07-26 11:00:00,56.6,No,100016836476763669206403787100302699394853063609681852225247420290009376570577,0.41,0.96,0.685,0.55,31.13,49.25,59.93,25.65,113.61,113.61,18,4,
2026-07-26 10:03:23,707325,2937120,Game 1: Any Player Quadra Kill?,prop,1,2026-07-26 11:00:00,56.6,Yes,45318175528046335607161226081376899606223344684940530995183027781024555859886,0.02,0.72,0.37,0.7,80.97,80.97,80.97,56.63,168.89,198.69,2,16,
2026-07-26 10:03:23,707325,2937120,Game 1: Any Player Quadra Kill?,prop,1,2026-07-26 11:00:00,56.6,No,31434111651714615066570618174045427246713506719122982526171458180679343117813,0.28,0.98,0.63,0.7,21.47,59.93,68.83,5993.03,5993.03,5993.03,16,2,
2026-07-26 10:03:23,707325,2937121,Game 1: Any Player Penta Kill?,prop,1,2026-07-26 11:00:00,56.6,Yes,66350550523881356308587509642800111816810263665107126951496660572488969712181,0.02,0.5,0.26,0.48,1.05,1.05,1.05,20.0,20.0,20.0,2,18,
2026-07-26 10:03:23,707325,2937121,Game 1: Any Player Penta Kill?,prop,1,2026-07-26 11:00:00,56.6,No,29336976172418728190894676475105321596156005151771442793581497417031302072161,0.5,0.98,0.74,0.48,20.0,20.0,20.0,78.95,78.95,78.95,18,2,
2026-07-26 10:03:23,707325,2937122,Game 1: Odd/Even Total Kills?,odd_even,1,2026-07-26 11:00:00,56.6,Odd,83841019885738630578856410559180193372150701871896473243307611242181928235613,0.49,0.5,0.495,0.01,103.53,103.53,103.53,155.31,155.31,155.31,20,20,13.88235
2026-07-26 10:03:23,707325,2937122,Game 1: Odd/Even Total Kills?,odd_even,1,2026-07-26 11:00:00,56.6,Even,26667579112015225451017888617183051735195330785239914001198998315201530353149,0.5,0.51,0.505,0.01,151.18,151.18,151.18,107.75,107.75,107.75,20,20,13.88235
2026-07-26 10:03:23,707325,2937123,Game 2: Both Teams Slay Baron Nashor?,prop,2,2026-07-26 11:00:00,56.6,Yes,54798490823067512845436182415523194156850341534569660902309484636297929270791,0.04,0.64,0.34,0.6,40.89,81.91,81.91,56.95,92.12,114.82,4,19,
2026-07-26 10:03:23,707325,2937123,Game 2: Both Teams Slay Baron Nashor?,prop,2,2026-07-26 11:00:00,56.6,No,91461497856653500101438322587010402057326619689411913388834504433116328304804,0.36,0.96,0.66,0.6,31.13,49.25,59.93,1318.44,5362.35,5362.35,19,4,
2026-07-26 10:03:23,707325,2937124,Game 2: Both Teams Slay a Dragon?,prop,2,2026-07-26 11:00:00,56.6,Yes,110846714174846879664879320876288679504383438700685819386860084951761769773969,0.36,0.94,0.65,0.58,49.25,59.93,59.93,629.17,1617.63,3937.07,18,6,
2026-07-26 10:03:23,707325,2937124,Game 2: Both Teams Slay a Dragon?,prop,2,2026-07-26 11:00:00,56.6,No,4706188841464342218583938106863793911505779608297721893085790929991872662849,0.06,0.64,0.35,0.58,33.17,65.64,91.9,88.99,110.67,110.67,6,18,
2026-07-26 10:03:23,707325,2937125,Game 2: Both Teams Destroy Inhibitors?,prop,2,2026-07-26 11:00:00,56.6,Yes,54527946282244187894168294340809007593961982383702900104353902689449374670637,0.04,0.59,0.315,0.55,0.9,1.99,1.99,71.97,88.68,88.68,4,17,
2026-07-26 10:03:23,707325,2937125,Game 2: Both Teams Destroy Inhibitors?,prop,2,2026-07-26 11:00:00,56.6,No,43456222045537077012251674511630404144739820840770946950135930097892263315523,0.41,0.96,0.685,0.55,49.25,59.93,59.93,25.65,113.61,113.61,17,4,
2026-07-26 10:03:23,707325,2937126,Game 2: Any Player Quadra Kill?,prop,2,2026-07-26 11:00:00,56.6,Yes,111468803831513867086361238422212971155294378792127765934121528957551820980754,0.02,0.72,0.37,0.7,80.97,80.97,80.97,82.74,166.36,196.16,2,16,
2026-07-26 10:03:23,707325,2937126,Game 2: Any Player Quadra Kill?,prop,2,2026-07-26 11:00:00,56.6,No,84935760242847362360157307028896918431097593483649789353414838330964599356851,0.28,0.98,0.63,0.7,31.13,59.93,68.83,5993.03,5993.03,5993.03,16,2,
2026-07-26 10:03:23,707325,2937127,Game 2: Any Player Penta Kill?,prop,2,2026-07-26 11:00:00,56.6,Yes,66038029669970943085539599906815658534383415176888891874357566339550511190880,0.02,0.5,0.26,0.48,1.05,1.05,1.05,20.0,20.0,20.0,2,17,
2026-07-26 10:03:23,707325,2937127,Game 2: Any Player Penta Kill?,prop,2,2026-07-26 11:00:00,56.6,No,108243573785504866846670751011227306342033087347942106483024385767926893893137,0.5,0.98,0.74,0.48,20.0,20.0,20.0,78.95,78.95,78.95,17,2,
2026-07-26 10:03:23,707325,2937128,Game 2: Odd/Even Total Kills?,odd_even,2,2026-07-26 11:00:00,56.6,Odd,19046459412336706162274174292346990527909402837479037562063782856752361068020,0.49,0.51,0.5,0.02,103.53,103.53,103.53,105.31,122.27,122.27,19,19,13.88235
2026-07-26 10:03:23,707325,2937128,Game 2: Odd/Even Total Kills?,odd_even,2,2026-07-26 11:00:00,56.6,Even,82629926385052102733234526902389337541620929065574949781703569881064092391008,0.49,0.51,0.5,0.02,101.18,116.22,116.22,107.75,107.75,107.75,19,19,13.88235
2026-07-26 10:03:23,707325,2937129,Game 3: Both Teams Slay Baron Nashor?,prop,3,2026-07-26 11:00:00,56.6,Yes,61244497046674275642485084069702604339505856732587881597215259116144708333092,0.04,0.96,0.5,0.92,1.21,81.91,81.91,27.04,111.7,111.7,4,4,
2026-07-26 10:03:23,707325,2937129,Game 3: Both Teams Slay Baron Nashor?,prop,3,2026-07-26 11:00:00,56.6,No,89100649283241389183094422210167810314916773044139223632127630941439482190913,0.04,0.96,0.5,0.92,0.96,1.99,1.99,35.01,6019.9,6019.9,4,4,
2026-07-26 10:03:23,707325,2937130,Game 3: Both Teams Slay a Dragon?,prop,3,2026-07-26 11:00:00,56.6,Yes,61931319711788818719785941194744853519042852362395051538602478434331464237456,0.04,0.9,0.47,0.86,0.96,1.99,1.99,332.46,882.45,1468.98,4,10,
2026-07-26 10:03:23,707325,2937130,Game 3: Both Teams Slay a Dragon?,prop,3,2026-07-26 11:00:00,56.6,No,40784377247799055533031638570294932155207181042105528818682161329331130044448,0.1,0.96,0.53,0.86,34.85,78.34,111.33,27.04,112.59,112.59,10,4,
2026-07-26 10:03:23,707325,2937131,Game 3: Both Teams Destroy Inhibitors?,prop,3,2026-07-26 11:00:00,56.6,Yes,14781789298496679970977396530268505467464816010824433964596590468763562327539,0.04,0.96,0.5,0.92,0.99,1.99,1.99,27.04,111.7,111.7,4,4,
2026-07-26 10:03:23,707325,2937131,Game 3: Both Teams Destroy Inhibitors?,prop,3,2026-07-26 11:00:00,56.6,No,16353494303384463079728608823165668272506625880821710621709074200748452870326,0.04,0.96,0.5,0.92,0.96,1.99,1.99,27.65,110.42,110.42,4,4,
2026-07-26 10:03:23,707325,2937132,Game 3: Any Player Quadra Kill?,prop,3,2026-07-26 11:00:00,56.6,Yes,72071171523876747761377568226620879888523505696528898516319522136622853390246,0.02,0.98,0.5,0.96,1.05,1.05,1.05,78.95,78.95,78.95,2,2,
2026-07-26 10:03:23,707325,2937132,Game 3: Any Player Quadra Kill?,prop,3,2026-07-26 11:00:00,56.6,No,102258183932041188831269543275923995443013733629415085447455153920008232815287,0.02,0.98,0.5,0.96,1.05,1.05,1.05,78.95,78.95,78.95,2,2,
2026-07-26 10:03:23,707325,2937133,Game 3: Any Player Penta Kill?,prop,3,2026-07-26 11:00:00,56.6,Yes,76558748093857936985933496781780950949094176105263956316893768466404038166862,0.05,0.98,0.515,0.93,18.9,19.4,19.95,78.95,78.95,78.95,3,2,
2026-07-26 10:03:23,707325,2937133,Game 3: Any Player Penta Kill?,prop,3,2026-07-26 11:00:00,56.6,No,29994454649689580353884333990148268547770099603303437838967454307545495138701,0.02,0.95,0.485,0.93,1.05,1.05,1.05,359.1,383.6,438.05,2,3,
2026-07-26 10:03:23,707325,2937134,Game 3: Odd/Even Total Kills?,odd_even,3,2026-07-26 11:00:00,56.6,Odd,67061359804204064170847775939307622337976034015075582671056081912411246735041,0.49,0.51,0.5,0.02,103.53,103.53,103.53,105.31,122.27,122.27,18,20,13.88235
2026-07-26 10:03:23,707325,2937134,Game 3: Odd/Even Total Kills?,odd_even,3,2026-07-26 11:00:00,56.6,Even,33657511483178186255645751327779018121442853840529515356695642058732995281928,0.49,0.51,0.5,0.02,101.18,116.22,116.22,107.75,107.75,107.75,20,18,13.88235
2026-07-26 10:03:23,707325,3081189,First Blood in Game 2?,first_blood,2,2026-07-26 11:00:00,56.6,Anyone's Legend,38980013053585382627044557885461424899627433382200430835828700635583939175805,0.45,0.74,0.595,0.29,2.25,2.25,2.25,142.96,178.73,333.12,14,14,17.133927
2026-07-26 10:03:23,707325,3081189,First Blood in Game 2?,first_blood,2,2026-07-26 11:00:00,56.6,Bilibili Gaming,32915426582315848072394551356012463050233939458308904167277641843508739227112,0.26,0.55,0.405,0.29,49.25,59.93,100.98,2.75,2.75,2.75,14,14,17.133927
2026-07-26 10:03:23,707325,3081190,First Blood in Game 1?,first_blood,1,2026-07-26 11:00:00,56.6,Anyone's Legend,4433330408410316846803071700370086732714825654055559249370346850470709072952,0.31,0.52,0.415,0.21,3.0,3.0,3.0,3.36,3.36,3.36,15,16,396.02810200000005
2026-07-26 10:03:23,707325,3081190,First Blood in Game 1?,first_blood,1,2026-07-26 11:00:00,56.6,Bilibili Gaming,56265377411176358654576366202811500730949665241782657984499538378433436097441,0.48,0.69,0.585,0.21,3.11,3.11,3.11,6.68,6.68,6.68,16,15,396.02810200000005
2026-07-26 10:03:23,707325,3081191,Total Kills Over/Under 30.5 in Game 2?,total_kills,2,2026-07-26 11:00:00,56.6,Over,23437973508451351356330991082104110111477813117354578429013063563881774470443,0.52,0.53,0.525,0.01,658.02,1015.23,1115.23,656.2,977.95,1110.5,29,28,4596.1461
2026-07-26 10:03:23,707325,3081191,Total Kills Over/Under 30.5 in Game 2?,total_kills,2,2026-07-26 11:00:00,56.6,Under,43795506910926088362776940249733727340295848021891030089161568807434839732983,0.47,0.48,0.475,0.01,569.04,832.29,932.29,617.98,985.55,1093.88,28,29,4596.1461
2026-07-26 10:03:23,707325,3081192,Total Kills Over/Under 30.5 in Game 1?,total_kills,1,2026-07-26 11:00:00,56.6,Over,42413334049665637744079450278355110617992471546021782153366528621527176685032,0.51,0.56,0.535,0.05,71.29,1323.29,4143.29,10.08,148.17,148.17,22,21,261.566081
2026-07-26 10:03:23,707325,3081192,Total Kills Over/Under 30.5 in Game 1?,total_kills,1,2026-07-26 11:00:00,56.6,Under,108337392913264562280312318187593157873877600848046953117933229402235926120876,0.44,0.49,0.465,0.05,7.92,107.92,107.92,68.5,1420.58,4600.58,21,22,261.566081
2026-07-26 10:03:23,707325,3081193,Total Kills Over/Under 33.5 in Game 2?,total_kills,2,2026-07-26 11:00:00,56.6,Over,8586298549004551993442956533825310037264727331502800059723384947749880992529,0.33,0.43,0.38,0.1,116.5,116.5,122.5,75.43,75.43,75.43,19,14,
2026-07-26 10:03:23,707325,3081193,Total Kills Over/Under 33.5 in Game 2?,total_kills,2,2026-07-26 11:00:00,56.6,Under,110597114372405884962927286808742534536249688168361162103005224613607361053251,0.57,0.67,0.62,0.1,100.0,100.0,100.0,246.0,246.0,260.68,14,19,
2026-07-26 10:03:23,707325,3081194,Total Kills Over/Under 33.5 in Game 1?,total_kills,1,2026-07-26 11:00:00,56.6,Over,30552843765508490603664386461225254952089070999529702283764849905764612834885,0.32,0.42,0.37,0.1,100.0,100.0,106.0,72.41,72.41,72.41,17,16,
2026-07-26 10:03:23,707325,3081194,Total Kills Over/Under 33.5 in Game 1?,total_kills,1,2026-07-26 11:00:00,56.6,Under,53657580022631506873496992494579505139264461994954679282251091971010077831792,0.58,0.68,0.63,0.1,100.0,100.0,100.0,212.5,212.5,227.92,16,17,
2026-07-26 10:03:23,736890,3052479,LoL: CTBC Flying Oyster vs Deep Cross Gaming - Game 1 Winner,map,1,2026-07-26 11:30:00,86.6,CTBC Flying Oyster,71521575287636475096045332404185629095399143773628264514117454306007199480841,0.39,0.4,0.395,0.01,1623.25,1739.46,2301.94,1551.88,2311.03,2687.19,28,26,9.333332
2026-07-26 10:03:23,736890,3052479,LoL: CTBC Flying Oyster vs Deep Cross Gaming - Game 1 Winner,map,1,2026-07-26 11:30:00,86.6,Deep Cross Gaming,39590117977306280350282632265008116007789216183720872765380459731213899628117,0.6,0.61,0.605,0.01,2266.12,3291.61,3760.84,2626.75,2832.66,3900.55,26,28,9.333332
2026-07-26 10:03:23,736890,3052480,LoL: CTBC Flying Oyster vs Deep Cross Gaming - Game 2 Winner,map,2,2026-07-26 11:30:00,86.6,CTBC Flying Oyster,109885906322679681148991883157094493444282128986029602352195999308026187924331,0.39,0.4,0.395,0.01,1438.64,1527.03,2067.95,1557.55,2507.29,2892.25,29,27,14.666662
2026-07-26 10:03:23,736890,3052480,LoL: CTBC Flying Oyster vs Deep Cross Gaming - Game 2 Winner,map,2,2026-07-26 11:30:00,86.6,Deep Cross Gaming,38870680360291703970571093973856484238741940564373297411198274857317071595974,0.6,0.61,0.605,0.01,2274.45,3556.55,4036.98,2325.36,2481.79,3509.67,26,29,14.666662
2026-07-26 10:03:23,736890,3052481,LoL: CTBC Flying Oyster vs Deep Cross Gaming (BO3) - LCP Swiss Stage,series,,2026-07-26 11:30:00,86.6,CTBC Flying Oyster,57586146346446825587005453669947237781947799222163673887194665737186979613448,0.36,0.37,0.365,0.01,6282.34,6912.02,7932.5,1898.48,4870.58,5007.75,34,44,4098.38068
2026-07-26 10:03:23,736890,3052481,LoL: CTBC Flying Oyster vs Deep Cross Gaming (BO3) - LCP Swiss Stage,series,,2026-07-26 11:30:00,86.6,Deep Cross Gaming,90064521238776078697270676333212466788830421854924873857190397045247273130863,0.63,0.64,0.635,0.01,3172.53,7738.72,7936.1,11487.52,12725.13,14962.76,44,34,4098.38068
2026-07-26 10:03:23,736890,3052482,Games Total: O/U 2.5,total_games,,2026-07-26 11:30:00,86.6,Over,70785334181407060367979468201250880883022695399126612812966073356141850812126,0.46,0.47,0.465,0.01,696.66,916.71,1323.35,1795.05,2050.05,2981.79,31,29,307.47773899999993
2026-07-26 10:03:23,736890,3052482,Games Total: O/U 2.5,total_games,,2026-07-26 11:30:00,86.6,Under,80367379471462710927529014348196224757537607078223253684163611077199749683134,0.53,0.54,0.535,0.01,1969.57,2224.57,3110.5,848.11,1128.16,1702.01,29,31,307.47773899999993
2026-07-26 10:03:23,736890,3052483,Game Handicap: DCG (-1.5) vs CTBC Flying Oyster (+1.5),handicap,,2026-07-26 11:30:00,86.6,Deep Cross Gaming,114771035533348391295807474427941063253967262977389617345930611234931622968731,0.37,0.39,0.38,0.02,618.77,795.47,993.7,436.37,819.63,1043.35,27,23,118.620279
2026-07-26 10:03:23,736890,3052483,Game Handicap: DCG (-1.5) vs CTBC Flying Oyster (+1.5),handicap,,2026-07-26 11:30:00,86.6,CTBC Flying Oyster,60260317126783907918753574243184167839934636069510151677217431260238788371569,0.61,0.63,0.62,0.02,682.41,1223.56,1517.69,1083.99,1412.29,1816.27,23,27,118.620279
2026-07-26 10:03:23,736890,3052484,Game 1: Both Teams Slay Baron Nashor?,prop,1,2026-07-26 11:30:00,86.6,Yes,55930163078622578955369558180096887141745754065648753990812097129410814724663,0.06,0.5,0.28,0.44,283.36,284.08,385.05,283.36,283.36,283.36,4,20,
2026-07-26 10:03:23,736890,3052484,Game 1: Both Teams Slay Baron Nashor?,prop,1,2026-07-26 11:30:00,86.6,No,90851613694416264815414423039890414383060354502578887326713229858822972245042,0.5,0.94,0.72,0.44,283.36,283.36,283.36,4439.3,4462.57,12454.7,20,4,
2026-07-26 10:03:23,736890,3052485,Game 1: Both Teams Slay a Dragon?,prop,1,2026-07-26 11:30:00,86.6,Yes,73016011814704941860771810768415193927639219654779748677903467283639317311518,0.5,0.78,0.64,0.28,283.36,283.36,283.36,1004.64,1004.64,1004.64,18,10,
2026-07-26 10:03:23,736890,3052485,Game 1: Both Teams Slay a Dragon?,prop,1,2026-07-26 11:30:00,86.6,No,21940272714740746094576705969162767165811188553106194780853387571144404399479,0.22,0.5,0.36,0.28,283.36,283.36,283.36,283.36,283.36,283.36,10,18,
2026-07-26 10:03:23,736890,3052486,Game 1: Both Teams Destroy Inhibitors?,prop,1,2026-07-26 11:30:00,86.6,Yes,33949098752234671750991867401972597087729277565054435436488184300344722962425,0.05,0.5,0.275,0.45,283.75,283.75,304.77,283.36,283.36,283.36,3,19,
2026-07-26 10:03:23,736890,3052486,Game 1: Both Teams Destroy Inhibitors?,prop,1,2026-07-26 11:30:00,86.6,No,16414277153894333779191262845089833194248167569971626490446330413043338716068,0.5,0.95,0.725,0.45,283.36,283.36,283.36,6808.0,6808.0,8889.54,19,3,
2026-07-26 10:03:23,736890,3052487,Game 1: Any Player Quadra Kill?,prop,1,2026-07-26 11:30:00,86.6,Yes,101649088522163451962832747565377228046163265269815368770128966964216041932683,0.07,0.5,0.285,0.43,283.36,283.36,323.32,283.36,283.36,283.36,3,19,
2026-07-26 10:03:23,736890,3052487,Game 1: Any Player Quadra Kill?,prop,1,2026-07-26 11:30:00,86.6,No,92957476019898524194169915520517562997359581060419486720948662975940403084690,0.5,0.93,0.715,0.43,283.36,283.36,283.36,3764.64,3764.64,5722.67,19,3,
2026-07-26 10:03:23,736890,3052488,Game 1: Any Player Penta Kill?,prop,1,2026-07-26 11:30:00,86.6,Yes,21959813163866952713714797714998830980333811309156206694382628684240985120341,0.03,0.49,0.26,0.46,0.4,284.51,284.51,299.97,299.97,299.97,3,21,5
2026-07-26 10:03:23,736890,3052488,Game 1: Any Player Penta Kill?,prop,1,2026-07-26 11:30:00,86.6,No,114423894235640065200274051386655887628201197385762434436465287909408266191288,0.51,0.97,0.74,0.46,300.75,300.75,300.75,16.26,28143.15,28143.15,21,3,5
2026-07-26 10:03:23,736890,3052489,Game 1: Odd/Even Total Kills?,odd_even,1,2026-07-26 11:30:00,86.6,Odd,106524224823809686243319856007203472296880245926579232760253024812517158688343,0.49,0.51,0.5,0.02,7.76,7.76,7.76,8.07,8.07,8.07,19,21,
2026-07-26 10:03:23,736890,3052489,Game 1: Odd/Even Total Kills?,odd_even,1,2026-07-26 11:30:00,86.6,Even,78195817050052342110432753261154346747086053336518388547182213365009485990104,0.49,0.51,0.5,0.02,7.76,7.76,7.76,8.07,8.07,8.07,21,19,
2026-07-26 10:03:23,736890,3052490,Game 2: Both Teams Slay Baron Nashor?,prop,2,2026-07-26 11:30:00,86.6,Yes,12000771345972814179038997577587237975402218375634209714862805108810292830349,0.06,0.5,0.28,0.44,283.36,284.08,385.11,283.36,283.36,283.36,4,20,
2026-07-26 10:03:23,736890,3052490,Game 2: Both Teams Slay Baron Nashor?,prop,2,2026-07-26 11:30:00,86.6,No,103811352077251681645249690532042404809434759349442950298910155444596830937734,0.5,0.94,0.72,0.44,283.36,283.36,283.36,4439.3,4462.57,12460.64,20,4,
2026-07-26 10:03:23,736890,3052491,Game 2: Both Teams Slay a Dragon?,prop,2,2026-07-26 11:30:00,86.6,Yes,89978002906561773276902909302054036527923368144692348273325845907830320715603,0.5,0.78,0.64,0.28,283.36,283.36,283.36,1004.64,1004.64,1004.64,17,10,
2026-07-26 10:03:23,736890,3052491,Game 2: Both Teams Slay a Dragon?,prop,2,2026-07-26 11:30:00,86.6,No,8612622648159253686706541862231784873540801426715928153531413421379543624077,0.22,0.5,0.36,0.28,283.36,283.36,283.36,283.36,283.36,283.36,10,17,
2026-07-26 10:03:23,736890,3052492,Game 2: Both Teams Destroy Inhibitors?,prop,2,2026-07-26 11:30:00,86.6,Yes,43952911922821160676960004904676597297619329414798333169774975693616465977928,0.05,0.5,0.275,0.45,283.75,283.75,304.47,283.36,283.36,283.36,3,19,
2026-07-26 10:03:23,736890,3052492,Game 2: Both Teams Destroy Inhibitors?,prop,2,2026-07-26 11:30:00,86.6,No,67615663380589657418729066148981182269549808642561927272161980212086537872315,0.5,0.95,0.725,0.45,283.36,283.36,283.36,6808.02,6808.02,8859.73,19,3,
2026-07-26 10:03:23,736890,3052493,Game 2: Any Player Quadra Kill?,prop,2,2026-07-26 11:30:00,86.6,Yes,96366567966049579311794617414275785898766569962339791739576067193351443003866,0.07,0.5,0.285,0.43,283.36,283.36,323.32,283.36,283.36,283.36,3,19,
2026-07-26 10:03:23,736890,3052493,Game 2: Any Player Quadra Kill?,prop,2,2026-07-26 11:30:00,86.6,No,59958646587211222547429250611434273247851122568175672614926960277536166690835,0.5,0.93,0.715,0.43,283.36,283.36,283.36,3764.64,3764.64,5722.67,19,3,
2026-07-26 10:03:23,736890,3052494,Game 2: Any Player Penta Kill?,prop,2,2026-07-26 11:30:00,86.6,Yes,1781960628048658476732782344692754449865561761778181478383470910302117606583,0.01,0.49,0.25,0.48,283.91,283.91,283.91,302.47,302.47,302.47,1,18,
2026-07-26 10:03:23,736890,3052494,Game 2: Any Player Penta Kill?,prop,2,2026-07-26 11:30:00,86.6,No,90758528357136019696031990859442895406395209439504922982639421204319230474447,0.51,0.99,0.75,0.48,303.25,303.25,303.25,28107.09,28107.09,28107.09,18,1,
2026-07-26 10:03:23,736890,3052495,Game 2: Odd/Even Total Kills?,odd_even,2,2026-07-26 11:30:00,86.6,Odd,66010670579251642593733241128320720340638005203059572455247321750373769749851,0.49,0.51,0.5,0.02,7.76,7.76,7.76,8.07,8.07,8.07,18,18,
2026-07-26 10:03:23,736890,3052495,Game 2: Odd/Even Total Kills?,odd_even,2,2026-07-26 11:30:00,86.6,Even,16022148688901182992261602665079756196230042954685676356693000294092232646598,0.49,0.51,0.5,0.02,7.76,7.76,7.76,8.07,8.07,8.07,18,18,
2026-07-26 10:03:23,736890,3052496,Game 3: Both Teams Slay Baron Nashor?,prop,3,2026-07-26 11:30:00,86.6,Yes,83446175620320525838785580573055921774655009523144594489071918388698786572984,0.07,0.96,0.515,0.89,283.76,284.26,324.57,27.04,111.12,111.12,6,4,
2026-07-26 10:03:23,736890,3052496,Game 3: Both Teams Slay Baron Nashor?,prop,3,2026-07-26 11:30:00,86.6,No,27839595260195224565613982795485688915589715611417470061106766498687581726437,0.04,0.93,0.485,0.89,0.96,1.99,1.99,4444.63,4454.13,6423.5,4,6,
2026-07-26 10:03:23,736890,3052497,Game 3: Both Teams Slay a Dragon?,prop,3,2026-07-26 11:30:00,86.6,Yes,96361220704408087972297490708807575820470593378288536411656287722575740551724,0.48,0.78,0.63,0.3,283.36,283.36,283.36,1004.64,1004.64,1004.64,16,10,
2026-07-26 10:03:23,736890,3052497,Game 3: Both Teams Slay a Dragon?,prop,3,2026-07-26 11:30:00,86.6,No,70470080594771850271651491791372680407939268531310532447170035725968336073306,0.22,0.52,0.37,0.3,283.36,283.36,283.36,306.97,306.97,306.97,10,16,
2026-07-26 10:03:23,736890,3052498,Game 3: Both Teams Destroy Inhibitors?,prop,3,2026-07-26 11:30:00,86.6,Yes,94773152235372501297877622625991765584025067516499251566411987488172068728367,0.05,0.96,0.505,0.91,284.35,284.35,285.02,27.04,111.12,111.12,3,4,
2026-07-26 10:03:23,736890,3052498,Game 3: Both Teams Destroy Inhibitors?,prop,3,2026-07-26 11:30:00,86.6,No,108231071859265839888344903665915676312933895972262750066306312021603704593765,0.04,0.95,0.495,0.91,0.96,1.99,1.99,6821.76,6821.76,6888.41,4,3,
2026-07-26 10:03:23,736890,3052499,Game 3: Any Player Quadra Kill?,prop,3,2026-07-26 11:30:00,86.6,Yes,32700710701231231337167047156639829570843467744671749304762837833951607016424,0.04,0.98,0.51,0.94,283.84,284.39,284.39,78.95,78.95,78.95,2,2,
2026-07-26 10:03:23,736890,3052499,Game 3: Any Player Quadra Kill?,prop,3,2026-07-26 11:30:00,86.6,No,70811910071987814299292014733431348467289587089778287902020349291891972107674,0.02,0.96,0.49,0.94,1.05,1.05,1.05,6812.16,6866.61,6866.61,2,2,
2026-07-26 10:03:23,736890,3052500,Game 3: Any Player Penta Kill?,prop,3,2026-07-26 11:30:00,86.6,Yes,44379163762100137095413636216700888863260105260256423554840126005173639820220,0.05,0.98,0.515,0.93,18.9,19.4,303.31,78.95,78.95,78.95,3,2,
2026-07-26 10:03:23,736890,3052500,Game 3: Any Player Penta Kill?,prop,3,2026-07-26 11:30:00,86.6,No,15895603730008518303460534112995105647594820962859728242774851613096137775015,0.02,0.95,0.485,0.93,1.05,1.05,1.05,359.1,383.6,28490.69,2,3,
2026-07-26 10:03:23,736890,3052501,Game 3: Odd/Even Total Kills?,odd_even,3,2026-07-26 11:30:00,86.6,Odd,4870308047937102388014621915893490554009904331373589192963145626162341143455,0.49,0.51,0.5,0.02,7.76,7.76,7.76,8.07,8.07,8.07,19,19,
2026-07-26 10:03:23,736890,3052501,Game 3: Odd/Even Total Kills?,odd_even,3,2026-07-26 11:30:00,86.6,Even,31234809864956988325414297800540885817219094799343763341780055599335218902132,0.49,0.51,0.5,0.02,7.76,7.76,7.76,8.07,8.07,8.07,19,19,
2026-07-26 10:03:23,736890,3069017,First Blood in Game 1?,first_blood,1,2026-07-26 11:30:00,86.6,CTBC Flying Oyster,10034635439924301464623004628260950424769887226181602115942511171456132426412,0.04,0.99,0.515,0.95,3.56,14.45,14.45,99.98,99.98,99.98,4,1,
2026-07-26 10:03:23,736890,3069017,First Blood in Game 1?,first_blood,1,2026-07-26 11:30:00,86.6,Deep Cross Gaming,42112641630084565630644064718185101009115107292327374745517852418033925030609,0.01,0.96,0.485,0.95,1.01,1.01,1.01,110.34,952.46,952.46,1,4,
2026-07-26 10:03:23,736890,3069018,First Blood in Game 2?,first_blood,2,2026-07-26 11:30:00,86.6,CTBC Flying Oyster,28520010537912648515892721739827822568637691490463571717702357910912598216298,0.01,0.98,0.495,0.97,0.05,0.05,0.05,60.49,60.49,60.49,1,2,
2026-07-26 10:03:23,736890,3069018,First Blood in Game 2?,first_blood,2,2026-07-26 11:30:00,86.6,Deep Cross Gaming,89564247182998597463969073457595021151365650057367631723452647497777804141652,0.02,0.99,0.505,0.97,1.01,1.01,1.01,4.95,4.95,4.95,2,1,
2026-07-26 10:09:13,707325,2937091,LoL: Anyone's Legend vs Bilibili Gaming - Game 1 Winner,map,1,2026-07-26 11:00:00,50.8,Anyone's Legend,106906185790690167849895063392041009115494273917041294569591008180490173521485,0.43,0.44,0.435,0.01,9563.41,12091.64,13071.14,8614.21,11648.07,15293.05,33,35,2179.6438999999996
2026-07-26 10:09:13,707325,2937091,LoL: Anyone's Legend vs Bilibili Gaming - Game 1 Winner,map,1,2026-07-26 11:00:00,50.8,Bilibili Gaming,51653736840206909477127809769417338510771268257928893059964060309325560583787,0.56,0.57,0.565,0.01,10586.08,14053.65,18000.67,13201.75,16930.52,18508.74,35,33,2179.6438999999996
2026-07-26 10:09:13,707325,2937092,LoL: Anyone's Legend vs Bilibili Gaming - Game 2 Winner,map,2,2026-07-26 11:00:00,50.8,Anyone's Legend,3632761527830851126218403972215896322866498280718052589856316229871893863849,0.43,0.44,0.435,0.01,1024.72,3867.93,4238.59,1759.47,4833.13,4852.33,35,35,3496.6275040000005
2026-07-26 10:09:13,707325,2937092,LoL: Anyone's Legend vs Bilibili Gaming - Game 2 Winner,map,2,2026-07-26 11:00:00,50.8,Bilibili Gaming,70779665945520640638060284527025322569040195676030813411312036650498709891533,0.56,0.57,0.565,0.01,2194.54,5718.66,5739.46,1413.48,5576.01,6171.35,35,35,3496.6275040000005
2026-07-26 10:09:13,707325,2937114,LoL: Anyone's Legend vs Bilibili Gaming (BO3) - LPL Group Ascend,series,,2026-07-26 11:00:00,50.8,Anyone's Legend,83927624320717567322293360465565771333925478452952852805782756307712776908686,0.39,0.4,0.395,0.01,44831.49,58450.1,70842.89,53830.48,61287.18,63125.75,36,44,143194.26169600006
2026-07-26 10:09:13,707325,2937114,LoL: Anyone's Legend vs Bilibili Gaming (BO3) - LPL Group Ascend,series,,2026-07-26 11:00:00,50.8,Bilibili Gaming,113359571003047396767826426301838860151873706137356935468347609290162612073776,0.6,0.61,0.605,0.01,79916.72,89883.52,92223.52,71568.62,94805.98,118280.94,44,36,143194.26169600006
2026-07-26 10:09:13,707325,2937115,Games Total: O/U 2.5,total_games,,2026-07-26 11:00:00,50.8,Over,96722104278692088864245402190624922595785938161886735538042885922816494963748,0.48,0.49,0.485,0.01,945.55,3175.42,4019.32,7480.68,12672.42,12879.09,35,33,5359.962443000002
2026-07-26 10:09:13,707325,2937115,Games Total: O/U 2.5,total_games,,2026-07-26 11:00:00,50.8,Under,100077604143401124111462680244982754750901478819651333547594375692625089979294,0.51,0.52,0.515,0.01,7601.81,12538.4,12720.73,1057.8,3729.82,4818.36,33,35,5359.962443000002
2026-07-26 10:09:13,707325,2937116,Game Handicap: BLG (-1.5) vs Anyone's Legend (+1.5),handicap,,2026-07-26 11:00:00,50.8,Bilibili Gaming,42449476321480753476908263842860461479311712176117706366122887640797055712452,0.32,0.33,0.325,0.01,8355.97,8926.97,9461.31,2167.29,9951.41,9951.41,24,30,4908.291536999999
2026-07-26 10:09:13,707325,2937116,Game Handicap: BLG (-1.5) vs Anyone's Legend (+1.5),handicap,,2026-07-26 11:00:00,50.8,Anyone's Legend,102400219958593484908967793580148013055443120591803397478891753493119097650382,0.67,0.68,0.675,0.01,4365.79,18759.92,18759.92,18589.6,19968.42,21411.08,30,24,4908.291536999999
2026-07-26 10:09:13,707325,2937117,Game 1: Both Teams Slay Baron Nashor?,prop,1,2026-07-26 11:00:00,50.8,Yes,114415780908852448239778907487610815370694530579935091883476088315809736210722,0.04,0.63,0.335,0.59,40.89,81.91,81.91,85.21,105.94,105.94,4,18,
2026-07-26 10:09:13,707325,2937117,Game 1: Both Teams Slay Baron Nashor?,prop,1,2026-07-26 11:00:00,50.8,No,69622048401300544909555152785955652324852445957989816090538030596670288415532,0.37,0.96,0.665,0.59,49.25,59.93,59.93,1318.44,5362.35,5362.35,18,4,
2026-07-26 10:09:13,707325,2937118,Game 1: Both Teams Slay a Dragon?,prop,1,2026-07-26 11:00:00,50.8,Yes,103264526758415589256682305065439803261059341791516885088481784183499929620187,0.34,0.94,0.64,0.6,31.13,49.25,100.89,629.18,1617.65,3937.01,19,6,
2026-07-26 10:09:13,707325,2937118,Game 1: Both Teams Slay a Dragon?,prop,1,2026-07-26 11:00:00,50.8,No,2622793839582080428033213990019869727259708694379411953743560135095559157283,0.06,0.66,0.36,0.6,33.17,65.64,91.9,62.23,100.74,225.94,6,19,
2026-07-26 10:09:13,707325,2937119,Game 1: Both Teams Destroy Inhibitors?,prop,1,2026-07-26 11:00:00,50.8,Yes,100121916458454112344079324782314142235919731936939799786383598040561112105688,0.04,0.59,0.315,0.55,0.9,1.99,1.99,46.04,74.38,93.37,4,18,
2026-07-26 10:09:13,707325,2937119,Game 1: Both Teams Destroy Inhibitors?,prop,1,2026-07-26 11:00:00,50.8,No,100016836476763669206403787100302699394853063609681852225247420290009376570577,0.41,0.96,0.685,0.55,31.13,49.25,59.93,25.65,113.61,113.61,18,4,
2026-07-26 10:09:13,707325,2937120,Game 1: Any Player Quadra Kill?,prop,1,2026-07-26 11:00:00,50.8,Yes,45318175528046335607161226081376899606223344684940530995183027781024555859886,0.02,0.72,0.37,0.7,80.97,80.97,80.97,56.63,168.89,198.69,2,16,
2026-07-26 10:09:13,707325,2937120,Game 1: Any Player Quadra Kill?,prop,1,2026-07-26 11:00:00,50.8,No,31434111651714615066570618174045427246713506719122982526171458180679343117813,0.28,0.98,0.63,0.7,21.47,59.93,68.83,5993.03,5993.03,5993.03,16,2,
2026-07-26 10:09:13,707325,2937121,Game 1: Any Player Penta Kill?,prop,1,2026-07-26 11:00:00,50.8,Yes,66350550523881356308587509642800111816810263665107126951496660572488969712181,0.02,0.5,0.26,0.48,1.05,1.05,1.05,20.0,20.0,20.0,2,18,
2026-07-26 10:09:13,707325,2937121,Game 1: Any Player Penta Kill?,prop,1,2026-07-26 11:00:00,50.8,No,29336976172418728190894676475105321596156005151771442793581497417031302072161,0.5,0.98,0.74,0.48,20.0,20.0,20.0,78.95,78.95,78.95,18,2,
2026-07-26 10:09:13,707325,2937122,Game 1: Odd/Even Total Kills?,odd_even,1,2026-07-26 11:00:00,50.8,Odd,83841019885738630578856410559180193372150701871896473243307611242181928235613,0.49,0.5,0.495,0.01,103.53,103.53,103.53,155.31,155.31,155.31,20,20,13.88235
2026-07-26 10:09:13,707325,2937122,Game 1: Odd/Even Total Kills?,odd_even,1,2026-07-26 11:00:00,50.8,Even,26667579112015225451017888617183051735195330785239914001198998315201530353149,0.5,0.51,0.505,0.01,151.18,151.18,151.18,107.75,107.75,107.75,20,20,13.88235
2026-07-26 10:09:13,707325,2937123,Game 2: Both Teams Slay Baron Nashor?,prop,2,2026-07-26 11:00:00,50.8,Yes,54798490823067512845436182415523194156850341534569660902309484636297929270791,0.04,0.64,0.34,0.6,40.89,81.91,81.91,56.95,92.12,114.82,4,19,
2026-07-26 10:09:13,707325,2937123,Game 2: Both Teams Slay Baron Nashor?,prop,2,2026-07-26 11:00:00,50.8,No,91461497856653500101438322587010402057326619689411913388834504433116328304804,0.36,0.96,0.66,0.6,31.13,49.25,59.93,1318.44,5362.35,5362.35,19,4,
2026-07-26 10:09:13,707325,2937124,Game 2: Both Teams Slay a Dragon?,prop,2,2026-07-26 11:00:00,50.8,Yes,110846714174846879664879320876288679504383438700685819386860084951761769773969,0.36,0.94,0.65,0.58,49.25,59.93,59.93,629.17,1617.63,3937.07,18,6,
2026-07-26 10:09:13,707325,2937124,Game 2: Both Teams Slay a Dragon?,prop,2,2026-07-26 11:00:00,50.8,No,4706188841464342218583938106863793911505779608297721893085790929991872662849,0.06,0.64,0.35,0.58,33.17,65.64,91.9,88.99,110.67,110.67,6,18,
2026-07-26 10:09:13,707325,2937125,Game 2: Both Teams Destroy Inhibitors?,prop,2,2026-07-26 11:00:00,50.8,Yes,54527946282244187894168294340809007593961982383702900104353902689449374670637,0.04,0.59,0.315,0.55,0.9,1.99,1.99,71.97,88.68,88.68,4,17,
2026-07-26 10:09:13,707325,2937125,Game 2: Both Teams Destroy Inhibitors?,prop,2,2026-07-26 11:00:00,50.8,No,43456222045537077012251674511630404144739820840770946950135930097892263315523,0.41,0.96,0.685,0.55,49.25,59.93,59.93,25.65,113.61,113.61,17,4,
2026-07-26 10:09:13,707325,2937126,Game 2: Any Player Quadra Kill?,prop,2,2026-07-26 11:00:00,50.8,Yes,111468803831513867086361238422212971155294378792127765934121528957551820980754,0.02,0.72,0.37,0.7,80.97,80.97,80.97,82.74,166.36,196.16,2,16,
2026-07-26 10:09:13,707325,2937126,Game 2: Any Player Quadra Kill?,prop,2,2026-07-26 11:00:00,50.8,No,84935760242847362360157307028896918431097593483649789353414838330964599356851,0.28,0.98,0.63,0.7,31.13,59.93,68.83,5993.03,5993.03,5993.03,16,2,
2026-07-26 10:09:13,707325,2937127,Game 2: Any Player Penta Kill?,prop,2,2026-07-26 11:00:00,50.8,Yes,66038029669970943085539599906815658534383415176888891874357566339550511190880,0.02,0.5,0.26,0.48,1.05,1.05,1.05,20.0,20.0,20.0,2,17,
2026-07-26 10:09:13,707325,2937127,Game 2: Any Player Penta Kill?,prop,2,2026-07-26 11:00:00,50.8,No,108243573785504866846670751011227306342033087347942106483024385767926893893137,0.5,0.98,0.74,0.48,20.0,20.0,20.0,78.95,78.95,78.95,17,2,
2026-07-26 10:09:13,707325,2937128,Game 2: Odd/Even Total Kills?,odd_even,2,2026-07-26 11:00:00,50.8,Odd,19046459412336706162274174292346990527909402837479037562063782856752361068020,0.49,0.51,0.5,0.02,103.53,103.53,103.53,105.31,122.27,122.27,19,19,13.88235
2026-07-26 10:09:13,707325,2937128,Game 2: Odd/Even Total Kills?,odd_even,2,2026-07-26 11:00:00,50.8,Even,82629926385052102733234526902389337541620929065574949781703569881064092391008,0.49,0.51,0.5,0.02,101.18,116.22,116.22,107.75,107.75,107.75,19,19,13.88235
2026-07-26 10:09:13,707325,2937129,Game 3: Both Teams Slay Baron Nashor?,prop,3,2026-07-26 11:00:00,50.8,Yes,61244497046674275642485084069702604339505856732587881597215259116144708333092,0.04,0.96,0.5,0.92,1.21,81.91,81.91,27.04,111.7,111.7,4,4,
2026-07-26 10:09:13,707325,2937129,Game 3: Both Teams Slay Baron Nashor?,prop,3,2026-07-26 11:00:00,50.8,No,89100649283241389183094422210167810314916773044139223632127630941439482190913,0.04,0.96,0.5,0.92,0.96,1.99,1.99,35.01,6019.9,6019.9,4,4,
2026-07-26 10:09:13,707325,2937130,Game 3: Both Teams Slay a Dragon?,prop,3,2026-07-26 11:00:00,50.8,Yes,61931319711788818719785941194744853519042852362395051538602478434331464237456,0.04,0.9,0.47,0.86,0.96,1.99,1.99,332.46,882.45,1468.98,4,10,
2026-07-26 10:09:13,707325,2937130,Game 3: Both Teams Slay a Dragon?,prop,3,2026-07-26 11:00:00,50.8,No,40784377247799055533031638570294932155207181042105528818682161329331130044448,0.1,0.96,0.53,0.86,34.85,78.34,111.33,27.04,112.59,112.59,10,4,
2026-07-26 10:09:13,707325,2937131,Game 3: Both Teams Destroy Inhibitors?,prop,3,2026-07-26 11:00:00,50.8,Yes,14781789298496679970977396530268505467464816010824433964596590468763562327539,0.04,0.96,0.5,0.92,0.99,1.99,1.99,27.04,111.7,111.7,4,4,
2026-07-26 10:09:13,707325,2937131,Game 3: Both Teams Destroy Inhibitors?,prop,3,2026-07-26 11:00:00,50.8,No,16353494303384463079728608823165668272506625880821710621709074200748452870326,0.04,0.96,0.5,0.92,0.96,1.99,1.99,27.65,110.42,110.42,4,4,
2026-07-26 10:09:13,707325,2937132,Game 3: Any Player Quadra Kill?,prop,3,2026-07-26 11:00:00,50.8,Yes,72071171523876747761377568226620879888523505696528898516319522136622853390246,0.02,0.98,0.5,0.96,1.05,1.05,1.05,78.95,78.95,78.95,2,2,
2026-07-26 10:09:13,707325,2937132,Game 3: Any Player Quadra Kill?,prop,3,2026-07-26 11:00:00,50.8,No,102258183932041188831269543275923995443013733629415085447455153920008232815287,0.02,0.98,0.5,0.96,1.05,1.05,1.05,78.95,78.95,78.95,2,2,
2026-07-26 10:09:13,707325,2937133,Game 3: Any Player Penta Kill?,prop,3,2026-07-26 11:00:00,50.8,Yes,76558748093857936985933496781780950949094176105263956316893768466404038166862,0.05,0.98,0.515,0.93,18.9,19.4,19.95,78.95,78.95,78.95,3,2,
2026-07-26 10:09:13,707325,2937133,Game 3: Any Player Penta Kill?,prop,3,2026-07-26 11:00:00,50.8,No,29994454649689580353884333990148268547770099603303437838967454307545495138701,0.02,0.95,0.485,0.93,1.05,1.05,1.05,359.1,383.6,438.05,2,3,
2026-07-26 10:09:13,707325,2937134,Game 3: Odd/Even Total Kills?,odd_even,3,2026-07-26 11:00:00,50.8,Odd,67061359804204064170847775939307622337976034015075582671056081912411246735041,0.49,0.51,0.5,0.02,103.53,103.53,103.53,105.31,122.27,122.27,18,20,13.88235
2026-07-26 10:09:13,707325,2937134,Game 3: Odd/Even Total Kills?,odd_even,3,2026-07-26 11:00:00,50.8,Even,33657511483178186255645751327779018121442853840529515356695642058732995281928,0.49,0.51,0.5,0.02,101.18,116.22,116.22,107.75,107.75,107.75,20,18,13.88235
2026-07-26 10:09:13,707325,3081189,First Blood in Game 2?,first_blood,2,2026-07-26 11:00:00,50.8,Anyone's Legend,38980013053585382627044557885461424899627433382200430835828700635583939175805,0.45,0.74,0.595,0.29,2.25,2.25,2.25,142.96,178.73,333.12,14,14,17.133927
2026-07-26 10:09:13,707325,3081189,First Blood in Game 2?,first_blood,2,2026-07-26 11:00:00,50.8,Bilibili Gaming,32915426582315848072394551356012463050233939458308904167277641843508739227112,0.26,0.55,0.405,0.29,49.25,59.93,100.98,2.75,2.75,2.75,14,14,17.133927
2026-07-26 10:09:13,707325,3081190,First Blood in Game 1?,first_blood,1,2026-07-26 11:00:00,50.8,Anyone's Legend,4433330408410316846803071700370086732714825654055559249370346850470709072952,0.31,0.52,0.415,0.21,3.0,3.0,3.0,3.36,3.36,3.36,15,17,396.02810200000005
2026-07-26 10:09:13,707325,3081190,First Blood in Game 1?,first_blood,1,2026-07-26 11:00:00,50.8,Bilibili Gaming,56265377411176358654576366202811500730949665241782657984499538378433436097441,0.48,0.69,0.585,0.21,3.11,3.11,3.11,6.68,6.68,6.68,17,15,396.02810200000005
2026-07-26 10:09:13,707325,3081191,Total Kills Over/Under 30.5 in Game 2?,total_kills,2,2026-07-26 11:00:00,50.8,Over,23437973508451351356330991082104110111477813117354578429013063563881774470443,0.52,0.53,0.525,0.01,658.02,1015.23,1115.23,656.2,977.95,1110.5,29,28,4596.1461
2026-07-26 10:09:13,707325,3081191,Total Kills Over/Under 30.5 in Game 2?,total_kills,2,2026-07-26 11:00:00,50.8,Under,43795506910926088362776940249733727340295848021891030089161568807434839732983,0.47,0.48,0.475,0.01,569.04,832.29,932.29,617.98,985.55,1093.88,28,29,4596.1461
2026-07-26 10:09:13,707325,3081192,Total Kills Over/Under 30.5 in Game 1?,total_kills,1,2026-07-26 11:00:00,50.8,Over,42413334049665637744079450278355110617992471546021782153366528621527176685032,0.51,0.55,0.53,0.04,45.79,1297.79,4117.79,37.58,175.67,175.67,22,23,261.566081
2026-07-26 10:09:13,707325,3081192,Total Kills Over/Under 30.5 in Game 1?,total_kills,1,2026-07-26 11:00:00,50.8,Under,108337392913264562280312318187593157873877600848046953117933229402235926120876,0.45,0.49,0.47,0.04,30.42,130.42,130.42,44.0,1396.08,4576.08,23,22,261.566081
2026-07-26 10:09:13,707325,3081193,Total Kills Over/Under 33.5 in Game 2?,total_kills,2,2026-07-26 11:00:00,50.8,Over,8586298549004551993442956533825310037264727331502800059723384947749880992529,0.32,0.43,0.375,0.11,100.0,106.0,106.0,75.43,75.43,75.43,18,14,
2026-07-26 10:09:13,707325,3081193,Total Kills Over/Under 33.5 in Game 2?,total_kills,2,2026-07-26 11:00:00,50.8,Under,110597114372405884962927286808742534536249688168361162103005224613607361053251,0.57,0.68,0.625,0.11,100.0,100.0,100.0,212.5,227.18,227.18,14,18,
2026-07-26 10:09:13,707325,3081194,Total Kills Over/Under 33.5 in Game 1?,total_kills,1,2026-07-26 11:00:00,50.8,Over,30552843765508490603664386461225254952089070999529702283764849905764612834885,0.32,0.42,0.37,0.1,100.0,100.0,106.0,72.41,72.41,72.41,17,16,
2026-07-26 10:09:13,707325,3081194,Total Kills Over/Under 33.5 in Game 1?,total_kills,1,2026-07-26 11:00:00,50.8,Under,53657580022631506873496992494579505139264461994954679282251091971010077831792,0.58,0.68,0.63,0.1,100.0,100.0,100.0,212.5,212.5,227.92,16,17,
2026-07-26 10:09:13,736890,3052479,LoL: CTBC Flying Oyster vs Deep Cross Gaming - Game 1 Winner,map,1,2026-07-26 11:30:00,80.8,CTBC Flying Oyster,71521575287636475096045332404185629095399143773628264514117454306007199480841,0.39,0.4,0.395,0.01,1623.25,1739.46,2284.94,1551.88,2311.03,2687.19,26,26,9.333332
2026-07-26 10:09:13,736890,3052479,LoL: CTBC Flying Oyster vs Deep Cross Gaming - Game 1 Winner,map,1,2026-07-26 11:30:00,80.8,Deep Cross Gaming,39590117977306280350282632265008116007789216183720872765380459731213899628117,0.6,0.61,0.605,0.01,2266.12,3291.61,3760.84,2626.75,2832.66,3867.55,26,26,9.333332
2026-07-26 10:09:13,736890,3052480,LoL: CTBC Flying Oyster vs Deep Cross Gaming - Game 2 Winner,map,2,2026-07-26 11:30:00,80.8,CTBC Flying Oyster,109885906322679681148991883157094493444282128986029602352195999308026187924331,0.39,0.4,0.395,0.01,1438.64,1527.03,2050.95,1557.55,2507.29,2892.25,27,26,14.666662
2026-07-26 10:09:13,736890,3052480,LoL: CTBC Flying Oyster vs Deep Cross Gaming - Game 2 Winner,map,2,2026-07-26 11:30:00,80.8,Deep Cross Gaming,38870680360291703970571093973856484238741940564373297411198274857317071595974,0.6,0.61,0.605,0.01,2274.45,3556.55,4036.98,2325.36,2481.79,3476.67,26,27,14.666662
2026-07-26 10:09:13,736890,3052481,LoL: CTBC Flying Oyster vs Deep Cross Gaming (BO3) - LCP Swiss Stage,series,,2026-07-26 11:30:00,80.8,CTBC Flying Oyster,57586146346446825587005453669947237781947799222163673887194665737186979613448,0.36,0.37,0.365,0.01,6128.09,6757.77,8210.25,1808.89,4057.51,4194.67,33,44,4098.38068
2026-07-26 10:09:13,736890,3052481,LoL: CTBC Flying Oyster vs Deep Cross Gaming (BO3) - LCP Swiss Stage,series,,2026-07-26 11:30:00,80.8,Deep Cross Gaming,90064521238776078697270676333212466788830421854924873857190397045247273130863,0.63,0.64,0.635,0.01,3019.97,6473.79,6671.18,11213.3,12450.91,15606.54,44,33,4098.38068
2026-07-26 10:09:13,736890,3052482,Games Total: O/U 2.5,total_games,,2026-07-26 11:30:00,80.8,Over,70785334181407060367979468201250880883022695399126612812966073356141850812126,0.46,0.47,0.465,0.01,696.66,916.71,1323.35,1795.05,2318.87,3250.62,29,28,307.47773899999993
2026-07-26 10:09:13,736890,3052482,Games Total: O/U 2.5,total_games,,2026-07-26 11:30:00,80.8,Under,80367379471462710927529014348196224757537607078223253684163611077199749683134,0.53,0.54,0.535,0.01,1969.57,2493.4,3379.32,848.11,1128.16,1702.01,28,29,307.47773899999993
2026-07-26 10:09:13,736890,3052483,Game Handicap: DCG (-1.5) vs CTBC Flying Oyster (+1.5),handicap,,2026-07-26 11:30:00,80.8,Deep Cross Gaming,114771035533348391295807474427941063253967262977389617345930611234931622968731,0.37,0.39,0.38,0.02,618.77,795.47,993.7,436.37,819.63,1043.35,27,23,118.620279
2026-07-26 10:09:13,736890,3052483,Game Handicap: DCG (-1.5) vs CTBC Flying Oyster (+1.5),handicap,,2026-07-26 11:30:00,80.8,CTBC Flying Oyster,60260317126783907918753574243184167839934636069510151677217431260238788371569,0.61,0.63,0.62,0.02,682.41,1223.56,1517.69,1083.99,1412.29,1816.27,23,27,118.620279
2026-07-26 10:09:13,736890,3052484,Game 1: Both Teams Slay Baron Nashor?,prop,1,2026-07-26 11:30:00,80.8,Yes,55930163078622578955369558180096887141745754065648753990812097129410814724663,0.06,0.5,0.28,0.44,283.36,284.08,384.79,283.36,283.36,283.36,4,20,
2026-07-26 10:09:13,736890,3052484,Game 1: Both Teams Slay Baron Nashor?,prop,1,2026-07-26 11:30:00,80.8,No,90851613694416264815414423039890414383060354502578887326713229858822972245042,0.5,0.94,0.72,0.44,283.36,283.36,283.36,4439.3,4462.57,10448.95,20,4,
2026-07-26 10:09:13,736890,3052485,Game 1: Both Teams Slay a Dragon?,prop,1,2026-07-26 11:30:00,80.8,Yes,73016011814704941860771810768415193927639219654779748677903467283639317311518,0.5,0.78,0.64,0.28,283.36,283.36,283.36,1004.64,1004.64,1004.64,18,10,
2026-07-26 10:09:13,736890,3052485,Game 1: Both Teams Slay a Dragon?,prop,1,2026-07-26 11:30:00,80.8,No,21940272714740746094576705969162767165811188553106194780853387571144404399479,0.22,0.5,0.36,0.28,283.36,283.36,283.36,283.36,283.36,283.36,10,18,
2026-07-26 10:09:13,736890,3052486,Game 1: Both Teams Destroy Inhibitors?,prop,1,2026-07-26 11:30:00,80.8,Yes,33949098752234671750991867401972597087729277565054435436488184300344722962425,0.05,0.5,0.275,0.45,283.75,284.16,305.03,283.36,283.36,283.36,4,20,
2026-07-26 10:09:13,736890,3052486,Game 1: Both Teams Destroy Inhibitors?,prop,1,2026-07-26 11:30:00,80.8,No,16414277153894333779191262845089833194248167569971626490446330413043338716068,0.5,0.95,0.725,0.45,283.36,283.36,283.36,6808.0,6828.38,8894.07,20,4,
2026-07-26 10:09:13,736890,3052487,Game 1: Any Player Quadra Kill?,prop,1,2026-07-26 11:30:00,80.8,Yes,101649088522163451962832747565377228046163265269815368770128966964216041932683,0.07,0.5,0.285,0.43,283.36,283.36,323.32,283.36,283.36,283.36,3,19,
2026-07-26 10:09:13,736890,3052487,Game 1: Any Player Quadra Kill?,prop,1,2026-07-26 11:30:00,80.8,No,92957476019898524194169915520517562997359581060419486720948662975940403084690,0.5,0.93,0.715,0.43,283.36,283.36,283.36,3764.64,3764.64,5722.67,19,3,
2026-07-26 10:09:13,736890,3052488,Game 1: Any Player Penta Kill?,prop,1,2026-07-26 11:30:00,80.8,Yes,21959813163866952713714797714998830980333811309156206694382628684240985120341,0.03,0.49,0.26,0.46,0.4,284.51,284.51,299.97,299.97,299.97,3,21,5
2026-07-26 10:09:13,736890,3052488,Game 1: Any Player Penta Kill?,prop,1,2026-07-26 11:30:00,80.8,No,114423894235640065200274051386655887628201197385762434436465287909408266191288,0.51,0.97,0.74,0.46,300.75,300.75,300.75,16.26,28143.15,28143.15,21,3,5
2026-07-26 10:09:13,736890,3052489,Game 1: Odd/Even Total Kills?,odd_even,1,2026-07-26 11:30:00,80.8,Odd,106524224823809686243319856007203472296880245926579232760253024812517158688343,0.49,0.51,0.5,0.02,7.76,7.76,7.76,8.07,8.07,8.07,18,21,
2026-07-26 10:09:13,736890,3052489,Game 1: Odd/Even Total Kills?,odd_even,1,2026-07-26 11:30:00,80.8,Even,78195817050052342110432753261154346747086053336518388547182213365009485990104,0.49,0.51,0.5,0.02,7.76,7.76,7.76,8.07,8.07,8.07,21,18,
2026-07-26 10:09:13,736890,3052490,Game 2: Both Teams Slay Baron Nashor?,prop,2,2026-07-26 11:30:00,80.8,Yes,12000771345972814179038997577587237975402218375634209714862805108810292830349,0.06,0.5,0.28,0.44,283.36,284.08,385.11,283.36,283.36,283.36,4,20,
2026-07-26 10:09:13,736890,3052490,Game 2: Both Teams Slay Baron Nashor?,prop,2,2026-07-26 11:30:00,80.8,No,103811352077251681645249690532042404809434759349442950298910155444596830937734,0.5,0.94,0.72,0.44,283.36,283.36,283.36,4439.3,4462.57,12460.63,20,4,
2026-07-26 10:09:13,736890,3052491,Game 2: Both Teams Slay a Dragon?,prop,2,2026-07-26 11:30:00,80.8,Yes,89978002906561773276902909302054036527923368144692348273325845907830320715603,0.5,0.78,0.64,0.28,283.36,283.36,283.36,1004.64,1004.64,1004.64,17,10,
2026-07-26 10:09:13,736890,3052491,Game 2: Both Teams Slay a Dragon?,prop,2,2026-07-26 11:30:00,80.8,No,8612622648159253686706541862231784873540801426715928153531413421379543624077,0.22,0.5,0.36,0.28,283.36,283.36,283.36,283.36,283.36,283.36,10,17,
2026-07-26 10:09:13,736890,3052492,Game 2: Both Teams Destroy Inhibitors?,prop,2,2026-07-26 11:30:00,80.8,Yes,43952911922821160676960004904676597297619329414798333169774975693616465977928,0.05,0.5,0.275,0.45,283.75,283.75,304.47,283.36,283.36,283.36,3,19,
2026-07-26 10:09:13,736890,3052492,Game 2: Both Teams Destroy Inhibitors?,prop,2,2026-07-26 11:30:00,80.8,No,67615663380589657418729066148981182269549808642561927272161980212086537872315,0.5,0.95,0.725,0.45,283.36,283.36,283.36,6808.02,6808.02,8859.73,19,3,
2026-07-26 10:09:13,736890,3052493,Game 2: Any Player Quadra Kill?,prop,2,2026-07-26 11:30:00,80.8,Yes,96366567966049579311794617414275785898766569962339791739576067193351443003866,0.07,0.5,0.285,0.43,283.36,283.36,323.32,283.36,283.36,283.36,3,19,
2026-07-26 10:09:13,736890,3052493,Game 2: Any Player Quadra Kill?,prop,2,2026-07-26 11:30:00,80.8,No,59958646587211222547429250611434273247851122568175672614926960277536166690835,0.5,0.93,0.715,0.43,283.36,283.36,283.36,3764.64,3764.64,5722.67,19,3,
2026-07-26 10:09:13,736890,3052494,Game 2: Any Player Penta Kill?,prop,2,2026-07-26 11:30:00,80.8,Yes,1781960628048658476732782344692754449865561761778181478383470910302117606583,0.01,0.49,0.25,0.48,283.91,283.91,283.91,302.47,302.47,302.47,1,18,
2026-07-26 10:09:13,736890,3052494,Game 2: Any Player Penta Kill?,prop,2,2026-07-26 11:30:00,80.8,No,90758528357136019696031990859442895406395209439504922982639421204319230474447,0.51,0.99,0.75,0.48,303.25,303.25,303.25,28107.09,28107.09,28107.09,18,1,
2026-07-26 10:09:13,736890,3052495,Game 2: Odd/Even Total Kills?,odd_even,2,2026-07-26 11:30:00,80.8,Odd,66010670579251642593733241128320720340638005203059572455247321750373769749851,0.49,0.51,0.5,0.02,7.76,7.76,7.76,8.07,8.07,8.07,18,18,
2026-07-26 10:09:13,736890,3052495,Game 2: Odd/Even Total Kills?,odd_even,2,2026-07-26 11:30:00,80.8,Even,16022148688901182992261602665079756196230042954685676356693000294092232646598,0.49,0.51,0.5,0.02,7.76,7.76,7.76,8.07,8.07,8.07,18,18,
2026-07-26 10:09:13,736890,3052496,Game 3: Both Teams Slay Baron Nashor?,prop,3,2026-07-26 11:30:00,80.8,Yes,83446175620320525838785580573055921774655009523144594489071918388698786572984,0.07,0.96,0.515,0.89,283.76,284.26,324.57,27.04,111.12,111.12,6,4,
2026-07-26 10:09:13,736890,3052496,Game 3: Both Teams Slay Baron Nashor?,prop,3,2026-07-26 11:30:00,80.8,No,27839595260195224565613982795485688915589715611417470061106766498687581726437,0.04,0.93,0.485,0.89,0.96,1.99,1.99,4444.63,4454.13,6423.5,4,6,
2026-07-26 10:09:13,736890,3052497,Game 3: Both Teams Slay a Dragon?,prop,3,2026-07-26 11:30:00,80.8,Yes,96361220704408087972297490708807575820470593378288536411656287722575740551724,0.48,0.78,0.63,0.3,283.36,283.36,283.36,1004.64,1004.64,1004.64,17,10,
2026-07-26 10:09:13,736890,3052497,Game 3: Both Teams Slay a Dragon?,prop,3,2026-07-26 11:30:00,80.8,No,70470080594771850271651491791372680407939268531310532447170035725968336073306,0.22,0.52,0.37,0.3,283.36,283.36,283.36,306.97,306.97,306.97,10,17,
2026-07-26 10:09:13,736890,3052498,Game 3: Both Teams Destroy Inhibitors?,prop,3,2026-07-26 11:30:00,80.8,Yes,94773152235372501297877622625991765584025067516499251566411987488172068728367,0.05,0.96,0.505,0.91,284.35,284.68,285.35,27.04,111.12,111.12,4,4,
2026-07-26 10:09:13,736890,3052498,Game 3: Both Teams Destroy Inhibitors?,prop,3,2026-07-26 11:30:00,80.8,No,108231071859265839888344903665915676312933895972262750066306312021603704593765,0.04,0.95,0.495,0.91,0.96,1.99,1.99,6821.76,6837.94,6904.59,4,4,
2026-07-26 10:09:13,736890,3052499,Game 3: Any Player Quadra Kill?,prop,3,2026-07-26 11:30:00,80.8,Yes,32700710701231231337167047156639829570843467744671749304762837833951607016424,0.04,0.98,0.51,0.94,283.84,284.39,284.39,78.95,78.95,78.95,2,2,
2026-07-26 10:09:13,736890,3052499,Game 3: Any Player Quadra Kill?,prop,3,2026-07-26 11:30:00,80.8,No,70811910071987814299292014733431348467289587089778287902020349291891972107674,0.02,0.96,0.49,0.94,1.05,1.05,1.05,6812.16,6866.61,6866.61,2,2,
2026-07-26 10:09:13,736890,3052500,Game 3: Any Player Penta Kill?,prop,3,2026-07-26 11:30:00,80.8,Yes,44379163762100137095413636216700888863260105260256423554840126005173639820220,0.05,0.98,0.515,0.93,18.9,19.4,303.31,78.95,78.95,78.95,3,2,
2026-07-26 10:09:13,736890,3052500,Game 3: Any Player Penta Kill?,prop,3,2026-07-26 11:30:00,80.8,No,15895603730008518303460534112995105647594820962859728242774851613096137775015,0.02,0.95,0.485,0.93,1.05,1.05,1.05,359.1,383.6,28490.69,2,3,
2026-07-26 10:09:13,736890,3052501,Game 3: Odd/Even Total Kills?,odd_even,3,2026-07-26 11:30:00,80.8,Odd,4870308047937102388014621915893490554009904331373589192963145626162341143455,0.49,0.51,0.5,0.02,7.76,7.76,7.76,8.07,8.07,8.07,19,19,
2026-07-26 10:09:13,736890,3052501,Game 3: Odd/Even Total Kills?,odd_even,3,2026-07-26 11:30:00,80.8,Even,31234809864956988325414297800540885817219094799343763341780055599335218902132,0.49,0.51,0.5,0.02,7.76,7.76,7.76,8.07,8.07,8.07,19,19,
2026-07-26 10:09:13,736890,3069017,First Blood in Game 1?,first_blood,1,2026-07-26 11:30:00,80.8,CTBC Flying Oyster,10034635439924301464623004628260950424769887226181602115942511171456132426412,0.04,0.99,0.515,0.95,3.56,14.45,14.45,99.98,99.98,99.98,4,1,
2026-07-26 10:09:13,736890,3069017,First Blood in Game 1?,first_blood,1,2026-07-26 11:30:00,80.8,Deep Cross Gaming,42112641630084565630644064718185101009115107292327374745517852418033925030609,0.01,0.96,0.485,0.95,1.01,1.01,1.01,110.34,952.46,952.46,1,4,
2026-07-26 10:09:13,736890,3069018,First Blood in Game 2?,first_blood,2,2026-07-26 11:30:00,80.8,CTBC Flying Oyster,28520010537912648515892721739827822568637691490463571717702357910912598216298,0.02,0.99,0.505,0.97,1.7,1.7,1.7,99.98,99.98,99.98,2,1,
2026-07-26 10:09:13,736890,3069018,First Blood in Game 2?,first_blood,2,2026-07-26 11:30:00,80.8,Deep Cross Gaming,89564247182998597463969073457595021151365650057367631723452647497777804141652,0.01,0.98,0.495,0.97,1.01,1.01,1.01,131.05,131.05,131.05,1,2,
2026-07-26 10:15:02,707325,2937091,LoL: Anyone's Legend vs Bilibili Gaming - Game 1 Winner,map,1,2026-07-26 11:30:00,75.0,Anyone's Legend,106906185790690167849895063392041009115494273917041294569591008180490173521485,0.43,0.44,0.435,0.01,9563.41,12091.64,13031.64,8614.21,11799.95,15241.55,34,33,2296.27069
2026-07-26 10:15:02,707325,2937091,LoL: Anyone's Legend vs Bilibili Gaming - Game 1 Winner,map,1,2026-07-26 11:30:00,75.0,Bilibili Gaming,51653736840206909477127809769417338510771268257928893059964060309325560583787,0.56,0.57,0.565,0.01,10586.08,14224.91,17953.31,13201.75,16930.52,18448.24,33,34,2296.27069
2026-07-26 10:15:02,707325,2937092,LoL: Anyone's Legend vs Bilibili Gaming - Game 2 Winner,map,2,2026-07-26 11:30:00,75.0,Anyone's Legend,3632761527830851126218403972215896322866498280718052589856316229871893863849,0.43,0.44,0.435,0.01,1024.72,3867.93,4257.59,1759.47,4921.8,4941.0,35,37,3496.6275040000005
2026-07-26 10:15:02,707325,2937092,LoL: Anyone's Legend vs Bilibili Gaming - Game 2 Winner,map,2,2026-07-26 11:30:00,75.0,Bilibili Gaming,70779665945520640638060284527025322569040195676030813411312036650498709891533,0.56,0.57,0.565,0.01,2194.54,5818.66,5839.46,1413.48,5576.01,6202.35,37,35,3496.6275040000005
2026-07-26 10:15:02,707325,2937114,LoL: Anyone's Legend vs Bilibili Gaming (BO3) - LPL Group Ascend,series,,2026-07-26 11:30:00,75.0,Anyone's Legend,83927624320717567322293360465565771333925478452952852805782756307712776908686,0.39,0.4,0.395,0.01,46684.83,60403.44,72796.22,52777.78,60556.98,62395.55,35,41,143350.99939800004
2026-07-26 10:15:02,707325,2937114,LoL: Anyone's Legend vs Bilibili Gaming (BO3) - LPL Group Ascend,series,,2026-07-26 11:30:00,75.0,Bilibili Gaming,113359571003047396767826426301838860151873706137356935468347609290162612073776,0.6,0.61,0.605,0.01,78337.68,88731.98,91071.98,74467.42,97875.05,121350.02,41,35,143350.99939800004
2026-07-26 10:15:02,707325,2937115,Games Total: O/U 2.5,total_games,,2026-07-26 11:30:00,75.0,Over,96722104278692088864245402190624922595785938161886735538042885922816494963748,0.48,0.49,0.485,0.01,945.55,3166.85,4110.75,7427.61,13124.45,13358.12,37,34,5479.962443000002
2026-07-26 10:15:02,707325,2937115,Games Total: O/U 2.5,total_games,,2026-07-26 11:30:00,75.0,Under,100077604143401124111462680244982754750901478819651333547594375692625089979294,0.51,0.52,0.515,0.01,7546.57,12949.41,13154.74,1057.8,3719.76,4935.57,34,37,5479.962443000002
2026-07-26 10:15:02,707325,2937116,Game Handicap: BLG (-1.5) vs Anyone's Legend (+1.5),handicap,,2026-07-26 11:30:00,75.0,Bilibili Gaming,42449476321480753476908263842860461479311712176117706366122887640797055712452,0.32,0.33,0.325,0.01,8355.97,8926.97,9461.31,2167.29,9951.41,9951.41,24,29,4908.291536999999
2026-07-26 10:15:02,707325,2937116,Game Handicap: BLG (-1.5) vs Anyone's Legend (+1.5),handicap,,2026-07-26 11:30:00,75.0,Anyone's Legend,102400219958593484908967793580148013055443120591803397478891753493119097650382,0.67,0.68,0.675,0.01,4365.79,18759.92,18759.92,18589.6,19968.42,21411.08,29,24,4908.291536999999
2026-07-26 10:15:02,707325,2937117,Game 1: Both Teams Slay Baron Nashor?,prop,1,2026-07-26 11:30:00,75.0,Yes,114415780908852448239778907487610815370694530579935091883476088315809736210722,0.04,0.63,0.335,0.59,40.89,81.91,81.91,85.21,105.94,105.94,4,18,
2026-07-26 10:15:02,707325,2937117,Game 1: Both Teams Slay Baron Nashor?,prop,1,2026-07-26 11:30:00,75.0,No,69622048401300544909555152785955652324852445957989816090538030596670288415532,0.37,0.96,0.665,0.59,49.25,59.93,59.93,1318.44,5362.35,5362.35,18,4,
2026-07-26 10:15:02,707325,2937118,Game 1: Both Teams Slay a Dragon?,prop,1,2026-07-26 11:30:00,75.0,Yes,103264526758415589256682305065439803261059341791516885088481784183499929620187,0.34,0.94,0.64,0.6,31.13,49.25,100.89,629.18,1617.65,3937.03,18,6,
2026-07-26 10:15:02,707325,2937118,Game 1: Both Teams Slay a Dragon?,prop,1,2026-07-26 11:30:00,75.0,No,2622793839582080428033213990019869727259708694379411953743560135095559157283,0.06,0.66,0.36,0.6,33.17,65.64,91.9,62.23,100.74,225.94,6,18,
2026-07-26 10:15:02,707325,2937119,Game 1: Both Teams Destroy Inhibitors?,prop,1,2026-07-26 11:30:00,75.0,Yes,100121916458454112344079324782314142235919731936939799786383598040561112105688,0.04,0.59,0.315,0.55,0.9,1.99,1.99,46.04,74.38,93.37,4,18,
2026-07-26 10:15:02,707325,2937119,Game 1: Both Teams Destroy Inhibitors?,prop,1,2026-07-26 11:30:00,75.0,No,100016836476763669206403787100302699394853063609681852225247420290009376570577,0.41,0.96,0.685,0.55,31.13,49.25,59.93,25.65,113.61,113.61,18,4,
2026-07-26 10:15:02,707325,2937120,Game 1: Any Player Quadra Kill?,prop,1,2026-07-26 11:30:00,75.0,Yes,45318175528046335607161226081376899606223344684940530995183027781024555859886,0.02,0.72,0.37,0.7,80.97,80.97,80.97,56.63,168.89,198.69,2,16,
2026-07-26 10:15:02,707325,2937120,Game 1: Any Player Quadra Kill?,prop,1,2026-07-26 11:30:00,75.0,No,31434111651714615066570618174045427246713506719122982526171458180679343117813,0.28,0.98,0.63,0.7,21.47,59.93,68.83,5993.03,5993.03,5993.03,16,2,
2026-07-26 10:15:02,707325,2937121,Game 1: Any Player Penta Kill?,prop,1,2026-07-26 11:30:00,75.0,Yes,66350550523881356308587509642800111816810263665107126951496660572488969712181,0.02,0.72,0.37,0.7,1.05,1.05,1.05,56.63,168.89,198.69,2,17,
2026-07-26 10:15:02,707325,2937121,Game 1: Any Player Penta Kill?,prop,1,2026-07-26 11:30:00,75.0,No,29336976172418728190894676475105321596156005151771442793581497417031302072161,0.28,0.98,0.63,0.7,21.47,59.93,68.83,78.95,78.95,78.95,17,2,
2026-07-26 10:15:02,707325,2937122,Game 1: Odd/Even Total Kills?,odd_even,1,2026-07-26 11:30:00,75.0,Odd,83841019885738630578856410559180193372150701871896473243307611242181928235613,0.49,0.5,0.495,0.01,103.53,103.53,103.53,155.31,155.31,155.31,21,20,13.88235
2026-07-26 10:15:02,707325,2937122,Game 1: Odd/Even Total Kills?,odd_even,1,2026-07-26 11:30:00,75.0,Even,26667579112015225451017888617183051735195330785239914001198998315201530353149,0.5,0.51,0.505,0.01,151.18,151.18,151.18,107.75,107.75,107.75,20,21,13.88235
2026-07-26 10:15:02,707325,2937123,Game 2: Both Teams Slay Baron Nashor?,prop,2,2026-07-26 11:30:00,75.0,Yes,54798490823067512845436182415523194156850341534569660902309484636297929270791,0.04,0.64,0.34,0.6,40.89,81.91,81.91,56.95,92.12,114.82,4,19,
2026-07-26 10:15:02,707325,2937123,Game 2: Both Teams Slay Baron Nashor?,prop,2,2026-07-26 11:30:00,75.0,No,91461497856653500101438322587010402057326619689411913388834504433116328304804,0.36,0.96,0.66,0.6,31.13,49.25,59.93,1318.44,5362.35,5362.35,19,4,
2026-07-26 10:15:02,707325,2937124,Game 2: Both Teams Slay a Dragon?,prop,2,2026-07-26 11:30:00,75.0,Yes,110846714174846879664879320876288679504383438700685819386860084951761769773969,0.36,0.94,0.65,0.58,49.25,59.93,59.93,629.17,1617.63,3937.07,17,6,
2026-07-26 10:15:02,707325,2937124,Game 2: Both Teams Slay a Dragon?,prop,2,2026-07-26 11:30:00,75.0,No,4706188841464342218583938106863793911505779608297721893085790929991872662849,0.06,0.64,0.35,0.58,33.17,65.64,91.9,88.99,110.67,110.67,6,17,
2026-07-26 10:15:02,707325,2937125,Game 2: Both Teams Destroy Inhibitors?,prop,2,2026-07-26 11:30:00,75.0,Yes,54527946282244187894168294340809007593961982383702900104353902689449374670637,0.04,0.59,0.315,0.55,0.9,1.99,1.99,71.97,88.68,88.68,4,17,
2026-07-26 10:15:02,707325,2937125,Game 2: Both Teams Destroy Inhibitors?,prop,2,2026-07-26 11:30:00,75.0,No,43456222045537077012251674511630404144739820840770946950135930097892263315523,0.41,0.96,0.685,0.55,49.25,59.93,59.93,25.65,113.61,113.61,17,4,
2026-07-26 10:15:02,707325,2937126,Game 2: Any Player Quadra Kill?,prop,2,2026-07-26 11:30:00,75.0,Yes,111468803831513867086361238422212971155294378792127765934121528957551820980754,0.02,0.72,0.37,0.7,80.97,80.97,80.97,82.74,166.36,196.16,2,16,
2026-07-26 10:15:02,707325,2937126,Game 2: Any Player Quadra Kill?,prop,2,2026-07-26 11:30:00,75.0,No,84935760242847362360157307028896918431097593483649789353414838330964599356851,0.28,0.98,0.63,0.7,31.13,59.93,68.83,5993.03,5993.03,5993.03,16,2,
2026-07-26 10:15:02,707325,2937127,Game 2: Any Player Penta Kill?,prop,2,2026-07-26 11:30:00,75.0,Yes,66038029669970943085539599906815658534383415176888891874357566339550511190880,0.02,0.72,0.37,0.7,1.05,1.05,1.05,56.63,168.89,198.69,2,16,
2026-07-26 10:15:02,707325,2937127,Game 2: Any Player Penta Kill?,prop,2,2026-07-26 11:30:00,75.0,No,108243573785504866846670751011227306342033087347942106483024385767926893893137,0.28,0.98,0.63,0.7,21.47,59.93,68.83,78.95,78.95,78.95,16,2,
2026-07-26 10:15:02,707325,2937128,Game 2: Odd/Even Total Kills?,odd_even,2,2026-07-26 11:30:00,75.0,Odd,19046459412336706162274174292346990527909402837479037562063782856752361068020,0.49,0.51,0.5,0.02,103.53,103.53,103.53,105.31,122.27,122.27,19,19,13.88235
2026-07-26 10:15:02,707325,2937128,Game 2: Odd/Even Total Kills?,odd_even,2,2026-07-26 11:30:00,75.0,Even,82629926385052102733234526902389337541620929065574949781703569881064092391008,0.49,0.51,0.5,0.02,101.18,116.22,116.22,107.75,107.75,107.75,19,19,13.88235
2026-07-26 10:15:02,707325,2937129,Game 3: Both Teams Slay Baron Nashor?,prop,3,2026-07-26 11:30:00,75.0,Yes,61244497046674275642485084069702604339505856732587881597215259116144708333092,0.04,0.97,0.505,0.93,0.95,81.54,81.54,15.52,69.97,69.97,4,2,
2026-07-26 10:15:02,707325,2937129,Game 3: Both Teams Slay Baron Nashor?,prop,3,2026-07-26 11:30:00,75.0,No,89100649283241389183094422210167810314916773044139223632127630941439482190913,0.03,0.96,0.495,0.93,0.48,1.03,1.03,28.78,6003.27,6003.27,2,4,
2026-07-26 10:15:02,707325,2937130,Game 3: Both Teams Slay a Dragon?,prop,3,2026-07-26 11:30:00,75.0,Yes,61931319711788818719785941194744853519042852362395051538602478434331464237456,0.03,0.9,0.465,0.87,0.81,1.51,1.51,332.46,882.45,1468.98,3,10,
2026-07-26 10:15:02,707325,2937130,Game 3: Both Teams Slay a Dragon?,prop,3,2026-07-26 11:30:00,75.0,No,40784377247799055533031638570294932155207181042105528818682161329331130044448,0.1,0.97,0.535,0.87,34.85,78.34,111.33,31.6,101.07,101.07,10,3,
2026-07-26 10:15:02,707325,2937131,Game 3: Both Teams Destroy Inhibitors?,prop,3,2026-07-26 11:30:00,75.0,Yes,14781789298496679970977396530268505467464816010824433964596590468763562327539,0.04,0.97,0.505,0.93,0.99,1.54,1.54,15.52,69.97,69.97,3,2,
2026-07-26 10:15:02,707325,2937131,Game 3: Both Teams Destroy Inhibitors?,prop,3,2026-07-26 11:30:00,75.0,No,16353494303384463079728608823165668272506625880821710621709074200748452870326,0.03,0.96,0.495,0.93,0.48,1.03,1.03,27.65,82.1,82.1,2,3,
2026-07-26 10:15:02,707325,2937132,Game 3: Any Player Quadra Kill?,prop,3,2026-07-26 11:30:00,75.0,Yes,72071171523876747761377568226620879888523505696528898516319522136622853390246,0.02,0.98,0.5,0.96,1.05,1.05,1.05,78.95,78.95,78.95,2,2,
2026-07-26 10:15:02,707325,2937132,Game 3: Any Player Quadra Kill?,prop,3,2026-07-26 11:30:00,75.0,No,102258183932041188831269543275923995443013733629415085447455153920008232815287,0.02,0.98,0.5,0.96,1.05,1.05,1.05,78.95,78.95,78.95,2,2,
2026-07-26 10:15:02,707325,2937133,Game 3: Any Player Penta Kill?,prop,3,2026-07-26 11:30:00,75.0,Yes,76558748093857936985933496781780950949094176105263956316893768466404038166862,0.02,0.98,0.5,0.96,1.05,1.05,1.05,78.95,78.95,78.95,2,2,
2026-07-26 10:15:02,707325,2937133,Game 3: Any Player Penta Kill?,prop,3,2026-07-26 11:30:00,75.0,No,29994454649689580353884333990148268547770099603303437838967454307545495138701,0.02,0.98,0.5,0.96,1.05,1.05,1.05,78.95,78.95,78.95,2,2,
2026-07-26 10:15:02,707325,2937134,Game 3: Odd/Even Total Kills?,odd_even,3,2026-07-26 11:30:00,75.0,Odd,67061359804204064170847775939307622337976034015075582671056081912411246735041,0.49,0.51,0.5,0.02,103.53,103.53,103.53,105.31,122.27,122.27,18,20,13.88235
2026-07-26 10:15:02,707325,2937134,Game 3: Odd/Even Total Kills?,odd_even,3,2026-07-26 11:30:00,75.0,Even,33657511483178186255645751327779018121442853840529515356695642058732995281928,0.49,0.51,0.5,0.02,101.18,116.22,116.22,107.75,107.75,107.75,20,18,13.88235
2026-07-26 10:15:02,707325,3081189,First Blood in Game 2?,first_blood,2,2026-07-26 11:30:00,75.0,Anyone's Legend,38980013053585382627044557885461424899627433382200430835828700635583939175805,0.45,0.74,0.595,0.29,2.25,2.25,2.25,142.96,188.23,342.62,11,15,17.133927
2026-07-26 10:15:02,707325,3081189,First Blood in Game 2?,first_blood,2,2026-07-26 11:30:00,75.0,Bilibili Gaming,32915426582315848072394551356012463050233939458308904167277641843508739227112,0.26,0.55,0.405,0.29,49.25,62.93,103.98,2.75,2.75,2.75,15,11,17.133927
2026-07-26 10:15:02,707325,3081190,First Blood in Game 1?,first_blood,1,2026-07-26 11:30:00,75.0,Anyone's Legend,4433330408410316846803071700370086732714825654055559249370346850470709072952,0.31,0.52,0.415,0.21,3.0,3.0,3.0,3.36,3.36,3.36,15,17,396.02810200000005
2026-07-26 10:15:02,707325,3081190,First Blood in Game 1?,first_blood,1,2026-07-26 11:30:00,75.0,Bilibili Gaming,56265377411176358654576366202811500730949665241782657984499538378433436097441,0.48,0.69,0.585,0.21,3.11,3.11,3.11,6.68,6.68,6.68,17,15,396.02810200000005
2026-07-26 10:15:02,707325,3081191,Total Kills Over/Under 30.5 in Game 2?,total_kills,2,2026-07-26 11:30:00,75.0,Over,23437973508451351356330991082104110111477813117354578429013063563881774470443,0.52,0.53,0.525,0.01,658.02,1015.23,1115.23,656.2,977.95,1110.5,29,28,4596.1461
2026-07-26 10:15:02,707325,3081191,Total Kills Over/Under 30.5 in Game 2?,total_kills,2,2026-07-26 11:30:00,75.0,Under,43795506910926088362776940249733727340295848021891030089161568807434839732983,0.47,0.48,0.475,0.01,569.04,832.29,932.29,617.98,985.55,1093.88,28,29,4596.1461
2026-07-26 10:15:02,707325,3081192,Total Kills Over/Under 30.5 in Game 1?,total_kills,1,2026-07-26 11:30:00,75.0,Over,42413334049665637744079450278355110617992471546021782153366528621527176685032,0.49,0.55,0.52,0.06,84.62,2904.62,2904.62,37.58,193.87,193.87,20,23,261.566081
2026-07-26 10:15:02,707325,3081192,Total Kills Over/Under 30.5 in Game 1?,total_kills,1,2026-07-26 11:30:00,75.0,Under,108337392913264562280312318187593157873877600848046953117933229402235926120876,0.45,0.51,0.48,0.06,30.42,143.59,143.59,88.07,3268.07,3268.07,23,20,261.566081
2026-07-26 10:15:02,707325,3081193,Total Kills Over/Under 33.5 in Game 2?,total_kills,2,2026-07-26 11:30:00,75.0,Over,8586298549004551993442956533825310037264727331502800059723384947749880992529,0.33,0.43,0.38,0.1,116.5,116.5,122.5,75.43,75.43,75.43,19,12,
2026-07-26 10:15:02,707325,3081193,Total Kills Over/Under 33.5 in Game 2?,total_kills,2,2026-07-26 11:30:00,75.0,Under,110597114372405884962927286808742534536249688168361162103005224613607361053251,0.57,0.67,0.62,0.1,100.0,100.0,100.0,246.0,246.0,260.68,12,19,
2026-07-26 10:15:02,707325,3081194,Total Kills Over/Under 33.5 in Game 1?,total_kills,1,2026-07-26 11:30:00,75.0,Over,30552843765508490603664386461225254952089070999529702283764849905764612834885,0.32,0.42,0.37,0.1,100.0,100.0,106.0,72.41,72.41,72.41,17,16,
2026-07-26 10:15:02,707325,3081194,Total Kills Over/Under 33.5 in Game 1?,total_kills,1,2026-07-26 11:30:00,75.0,Under,53657580022631506873496992494579505139264461994954679282251091971010077831792,0.58,0.68,0.63,0.1,100.0,100.0,100.0,212.5,212.5,227.92,16,17,
2026-07-26 10:15:02,736890,3052479,LoL: CTBC Flying Oyster vs Deep Cross Gaming - Game 1 Winner,map,1,2026-07-26 11:30:00,75.0,CTBC Flying Oyster,71521575287636475096045332404185629095399143773628264514117454306007199480841,0.39,0.4,0.395,0.01,1623.25,1739.46,2301.94,1551.88,2311.03,2687.19,28,26,9.333332
2026-07-26 10:15:02,736890,3052479,LoL: CTBC Flying Oyster vs Deep Cross Gaming - Game 1 Winner,map,1,2026-07-26 11:30:00,75.0,Deep Cross Gaming,39590117977306280350282632265008116007789216183720872765380459731213899628117,0.6,0.61,0.605,0.01,2266.12,3291.61,3760.84,2626.75,2832.66,3900.55,26,28,9.333332
2026-07-26 10:15:02,736890,3052480,LoL: CTBC Flying Oyster vs Deep Cross Gaming - Game 2 Winner,map,2,2026-07-26 11:30:00,75.0,CTBC Flying Oyster,109885906322679681148991883157094493444282128986029602352195999308026187924331,0.39,0.4,0.395,0.01,1438.64,1527.03,2067.95,1557.55,2507.29,2892.25,29,26,14.666662
2026-07-26 10:15:02,736890,3052480,LoL: CTBC Flying Oyster vs Deep Cross Gaming - Game 2 Winner,map,2,2026-07-26 11:30:00,75.0,Deep Cross Gaming,38870680360291703970571093973856484238741940564373297411198274857317071595974,0.6,0.61,0.605,0.01,2274.45,3556.55,4036.98,2325.36,2481.79,3509.67,26,29,14.666662
2026-07-26 10:15:02,736890,3052481,LoL: CTBC Flying Oyster vs Deep Cross Gaming (BO3) - LCP Swiss Stage,series,,2026-07-26 11:30:00,75.0,CTBC Flying Oyster,57586146346446825587005453669947237781947799222163673887194665737186979613448,0.36,0.37,0.365,0.01,5846.09,6475.77,7928.25,1580.89,4552.99,4690.15,34,44,4098.38068
2026-07-26 10:15:02,736890,3052481,LoL: CTBC Flying Oyster vs Deep Cross Gaming (BO3) - LCP Swiss Stage,series,,2026-07-26 11:30:00,75.0,Deep Cross Gaming,90064521238776078697270676333212466788830421854924873857190397045247273130863,0.63,0.64,0.635,0.01,2647.97,7214.16,7411.55,10695.3,11932.91,15088.54,44,34,4098.38068
2026-07-26 10:15:02,736890,3052482,Games Total: O/U 2.5,total_games,,2026-07-26 11:30:00,75.0,Over,70785334181407060367979468201250880883022695399126612812966073356141850812126,0.46,0.47,0.465,0.01,696.66,916.71,1323.35,1795.05,2318.87,3250.62,31,29,307.47773899999993
2026-07-26 10:15:02,736890,3052482,Games Total: O/U 2.5,total_games,,2026-07-26 11:30:00,75.0,Under,80367379471462710927529014348196224757537607078223253684163611077199749683134,0.53,0.54,0.535,0.01,1969.57,2493.4,3379.32,848.11,1128.16,1702.01,29,31,307.47773899999993
2026-07-26 10:15:02,736890,3052483,Game Handicap: DCG (-1.5) vs CTBC Flying Oyster (+1.5),handicap,,2026-07-26 11:30:00,75.0,Deep Cross Gaming,114771035533348391295807474427941063253967262977389617345930611234931622968731,0.37,0.39,0.38,0.02,618.77,795.47,993.7,436.37,819.63,1043.35,27,23,118.620279
2026-07-26 10:15:02,736890,3052483,Game Handicap: DCG (-1.5) vs CTBC Flying Oyster (+1.5),handicap,,2026-07-26 11:30:00,75.0,CTBC Flying Oyster,60260317126783907918753574243184167839934636069510151677217431260238788371569,0.61,0.63,0.62,0.02,682.41,1223.56,1517.69,1083.99,1412.29,1816.27,23,27,118.620279
2026-07-26 10:15:02,736890,3052484,Game 1: Both Teams Slay Baron Nashor?,prop,1,2026-07-26 11:30:00,75.0,Yes,55930163078622578955369558180096887141745754065648753990812097129410814724663,0.06,0.5,0.28,0.44,283.36,284.08,384.79,283.36,283.36,283.36,4,20,
2026-07-26 10:15:02,736890,3052484,Game 1: Both Teams Slay Baron Nashor?,prop,1,2026-07-26 11:30:00,75.0,No,90851613694416264815414423039890414383060354502578887326713229858822972245042,0.5,0.94,0.72,0.44,283.36,283.36,283.36,4439.3,4462.57,12428.95,20,4,
2026-07-26 10:15:02,736890,3052485,Game 1: Both Teams Slay a Dragon?,prop,1,2026-07-26 11:30:00,75.0,Yes,73016011814704941860771810768415193927639219654779748677903467283639317311518,0.5,0.78,0.64,0.28,283.36,283.36,283.36,1004.64,1004.64,1004.64,18,10,
2026-07-26 10:15:02,736890,3052485,Game 1: Both Teams Slay a Dragon?,prop,1,2026-07-26 11:30:00,75.0,No,21940272714740746094576705969162767165811188553106194780853387571144404399479,0.22,0.5,0.36,0.28,283.36,283.36,283.36,283.36,283.36,283.36,10,18,
2026-07-26 10:15:02,736890,3052486,Game 1: Both Teams Destroy Inhibitors?,prop,1,2026-07-26 11:30:00,75.0,Yes,33949098752234671750991867401972597087729277565054435436488184300344722962425,0.05,0.5,0.275,0.45,283.75,284.16,305.03,283.36,283.36,283.36,4,20,
2026-07-26 10:15:02,736890,3052486,Game 1: Both Teams Destroy Inhibitors?,prop,1,2026-07-26 11:30:00,75.0,No,16414277153894333779191262845089833194248167569971626490446330413043338716068,0.5,0.95,0.725,0.45,283.36,283.36,283.36,6808.0,6828.38,8894.07,20,4,
2026-07-26 10:15:02,736890,3052487,Game 1: Any Player Quadra Kill?,prop,1,2026-07-26 11:30:00,75.0,Yes,101649088522163451962832747565377228046163265269815368770128966964216041932683,0.07,0.5,0.285,0.43,283.36,283.36,323.32,283.36,283.36,283.36,3,19,
2026-07-26 10:15:02,736890,3052487,Game 1: Any Player Quadra Kill?,prop,1,2026-07-26 11:30:00,75.0,No,92957476019898524194169915520517562997359581060419486720948662975940403084690,0.5,0.93,0.715,0.43,283.36,283.36,283.36,3764.64,3764.64,5722.67,19,3,
2026-07-26 10:15:02,736890,3052488,Game 1: Any Player Penta Kill?,prop,1,2026-07-26 11:30:00,75.0,Yes,21959813163866952713714797714998830980333811309156206694382628684240985120341,0.03,0.49,0.26,0.46,0.4,284.51,284.51,299.97,299.97,299.97,3,21,5
2026-07-26 10:15:02,736890,3052488,Game 1: Any Player Penta Kill?,prop,1,2026-07-26 11:30:00,75.0,No,114423894235640065200274051386655887628201197385762434436465287909408266191288,0.51,0.97,0.74,0.46,300.75,300.75,300.75,16.26,28143.15,28143.15,21,3,5
2026-07-26 10:15:02,736890,3052489,Game 1: Odd/Even Total Kills?,odd_even,1,2026-07-26 11:30:00,75.0,Odd,106524224823809686243319856007203472296880245926579232760253024812517158688343,0.49,0.51,0.5,0.02,7.76,7.76,7.76,8.07,8.07,8.07,18,21,
2026-07-26 10:15:02,736890,3052489,Game 1: Odd/Even Total Kills?,odd_even,1,2026-07-26 11:30:00,75.0,Even,78195817050052342110432753261154346747086053336518388547182213365009485990104,0.49,0.51,0.5,0.02,7.76,7.76,7.76,8.07,8.07,8.07,21,18,
2026-07-26 10:15:02,736890,3052490,Game 2: Both Teams Slay Baron Nashor?,prop,2,2026-07-26 11:30:00,75.0,Yes,12000771345972814179038997577587237975402218375634209714862805108810292830349,0.06,0.5,0.28,0.44,283.36,284.08,385.07,283.36,283.36,283.36,4,20,
2026-07-26 10:15:02,736890,3052490,Game 2: Both Teams Slay Baron Nashor?,prop,2,2026-07-26 11:30:00,75.0,No,103811352077251681645249690532042404809434759349442950298910155444596830937734,0.5,0.94,0.72,0.44,283.36,283.36,283.36,4439.3,4462.57,12456.67,20,4,
2026-07-26 10:15:02,736890,3052491,Game 2: Both Teams Slay a Dragon?,prop,2,2026-07-26 11:30:00,75.0,Yes,89978002906561773276902909302054036527923368144692348273325845907830320715603,0.5,0.78,0.64,0.28,283.36,283.36,283.36,1004.64,1004.64,1004.64,17,10,
2026-07-26 10:15:02,736890,3052491,Game 2: Both Teams Slay a Dragon?,prop,2,2026-07-26 11:30:00,75.0,No,8612622648159253686706541862231784873540801426715928153531413421379543624077,0.22,0.5,0.36,0.28,283.36,283.36,283.36,283.36,283.36,283.36,10,17,
2026-07-26 10:15:02,736890,3052492,Game 2: Both Teams Destroy Inhibitors?,prop,2,2026-07-26 11:30:00,75.0,Yes,43952911922821160676960004904676597297619329414798333169774975693616465977928,0.05,0.5,0.275,0.45,283.75,284.16,305.07,283.36,283.36,283.36,4,19,
2026-07-26 10:15:02,736890,3052492,Game 2: Both Teams Destroy Inhibitors?,prop,2,2026-07-26 11:30:00,75.0,No,67615663380589657418729066148981182269549808642561927272161980212086537872315,0.5,0.95,0.725,0.45,283.36,283.36,283.36,6808.02,6828.42,8897.94,19,4,
2026-07-26 10:15:02,736890,3052493,Game 2: Any Player Quadra Kill?,prop,2,2026-07-26 11:30:00,75.0,Yes,96366567966049579311794617414275785898766569962339791739576067193351443003866,0.07,0.5,0.285,0.43,283.36,283.36,323.32,283.36,283.36,283.36,3,19,
2026-07-26 10:15:02,736890,3052493,Game 2: Any Player Quadra Kill?,prop,2,2026-07-26 11:30:00,75.0,No,59958646587211222547429250611434273247851122568175672614926960277536166690835,0.5,0.93,0.715,0.43,283.36,283.36,283.36,3764.64,3764.64,5722.67,19,3,
2026-07-26 10:15:02,736890,3052494,Game 2: Any Player Penta Kill?,prop,2,2026-07-26 11:30:00,75.0,Yes,1781960628048658476732782344692754449865561761778181478383470910302117606583,0.01,0.49,0.25,0.48,283.91,283.91,283.91,302.47,302.47,302.47,1,18,
2026-07-26 10:15:02,736890,3052494,Game 2: Any Player Penta Kill?,prop,2,2026-07-26 11:30:00,75.0,No,90758528357136019696031990859442895406395209439504922982639421204319230474447,0.51,0.99,0.75,0.48,303.25,303.25,303.25,28107.09,28107.09,28107.09,18,1,
2026-07-26 10:15:02,736890,3052495,Game 2: Odd/Even Total Kills?,odd_even,2,2026-07-26 11:30:00,75.0,Odd,66010670579251642593733241128320720340638005203059572455247321750373769749851,0.49,0.51,0.5,0.02,7.76,7.76,7.76,8.07,8.07,8.07,18,18,
2026-07-26 10:15:02,736890,3052495,Game 2: Odd/Even Total Kills?,odd_even,2,2026-07-26 11:30:00,75.0,Even,16022148688901182992261602665079756196230042954685676356693000294092232646598,0.49,0.51,0.5,0.02,7.76,7.76,7.76,8.07,8.07,8.07,18,18,
2026-07-26 10:15:02,736890,3052496,Game 3: Both Teams Slay Baron Nashor?,prop,3,2026-07-26 11:30:00,75.0,Yes,83446175620320525838785580573055921774655009523144594489071918388698786572984,0.07,0.96,0.515,0.89,283.76,284.26,324.57,27.04,111.12,111.12,6,4,
2026-07-26 10:15:02,736890,3052496,Game 3: Both Teams Slay Baron Nashor?,prop,3,2026-07-26 11:30:00,75.0,No,27839595260195224565613982795485688915589715611417470061106766498687581726437,0.04,0.93,0.485,0.89,0.96,1.99,1.99,4444.63,4454.13,6423.5,4,6,
2026-07-26 10:15:02,736890,3052497,Game 3: Both Teams Slay a Dragon?,prop,3,2026-07-26 11:30:00,75.0,Yes,96361220704408087972297490708807575820470593378288536411656287722575740551724,0.48,0.78,0.63,0.3,283.36,283.36,283.36,1004.64,1004.64,1004.64,17,10,
2026-07-26 10:15:02,736890,3052497,Game 3: Both Teams Slay a Dragon?,prop,3,2026-07-26 11:30:00,75.0,No,70470080594771850271651491791372680407939268531310532447170035725968336073306,0.22,0.52,0.37,0.3,283.36,283.36,283.36,306.97,306.97,306.97,10,17,
2026-07-26 10:15:02,736890,3052498,Game 3: Both Teams Destroy Inhibitors?,prop,3,2026-07-26 11:30:00,75.0,Yes,94773152235372501297877622625991765584025067516499251566411987488172068728367,0.05,0.96,0.505,0.91,284.35,284.68,285.35,27.04,111.12,111.12,4,4,
2026-07-26 10:15:02,736890,3052498,Game 3: Both Teams Destroy Inhibitors?,prop,3,2026-07-26 11:30:00,75.0,No,108231071859265839888344903665915676312933895972262750066306312021603704593765,0.04,0.95,0.495,0.91,0.96,1.99,1.99,6821.76,6837.94,6904.59,4,4,
2026-07-26 10:15:02,736890,3052499,Game 3: Any Player Quadra Kill?,prop,3,2026-07-26 11:30:00,75.0,Yes,32700710701231231337167047156639829570843467744671749304762837833951607016424,0.04,0.98,0.51,0.94,283.84,284.39,284.39,78.95,78.95,78.95,2,2,
2026-07-26 10:15:02,736890,3052499,Game 3: Any Player Quadra Kill?,prop,3,2026-07-26 11:30:00,75.0,No,70811910071987814299292014733431348467289587089778287902020349291891972107674,0.02,0.96,0.49,0.94,1.05,1.05,1.05,6812.16,6866.61,6866.61,2,2,
2026-07-26 10:15:02,736890,3052500,Game 3: Any Player Penta Kill?,prop,3,2026-07-26 11:30:00,75.0,Yes,44379163762100137095413636216700888863260105260256423554840126005173639820220,0.05,0.98,0.515,0.93,18.9,19.4,303.31,78.95,78.95,78.95,3,2,
2026-07-26 10:15:02,736890,3052500,Game 3: Any Player Penta Kill?,prop,3,2026-07-26 11:30:00,75.0,No,15895603730008518303460534112995105647594820962859728242774851613096137775015,0.02,0.95,0.485,0.93,1.05,1.05,1.05,359.1,383.6,28490.69,2,3,
2026-07-26 10:15:02,736890,3052501,Game 3: Odd/Even Total Kills?,odd_even,3,2026-07-26 11:30:00,75.0,Odd,4870308047937102388014621915893490554009904331373589192963145626162341143455,0.49,0.51,0.5,0.02,7.76,7.76,7.76,8.07,8.07,8.07,19,18,
2026-07-26 10:15:02,736890,3052501,Game 3: Odd/Even Total Kills?,odd_even,3,2026-07-26 11:30:00,75.0,Even,31234809864956988325414297800540885817219094799343763341780055599335218902132,0.49,0.51,0.5,0.02,7.76,7.76,7.76,8.07,8.07,8.07,18,19,
2026-07-26 10:15:02,736890,3069017,First Blood in Game 1?,first_blood,1,2026-07-26 11:30:00,75.0,CTBC Flying Oyster,10034635439924301464623004628260950424769887226181602115942511171456132426412,0.01,0.97,0.49,0.96,0.96,0.96,0.96,176.11,639.85,639.85,1,3,
2026-07-26 10:15:02,736890,3069017,First Blood in Game 1?,first_blood,1,2026-07-26 11:30:00,75.0,Deep Cross Gaming,42112641630084565630644064718185101009115107292327374745517852418033925030609,0.03,0.99,0.51,0.96,3.83,8.51,8.51,94.55,94.55,94.55,3,1,
2026-07-26 10:15:02,736890,3069018,First Blood in Game 2?,first_blood,2,2026-07-26 11:30:00,75.0,CTBC Flying Oyster,28520010537912648515892721739827822568637691490463571717702357910912598216298,0.01,0.99,0.5,0.98,0.96,0.96,0.96,99.98,99.98,99.98,1,1,
2026-07-26 10:15:02,736890,3069018,First Blood in Game 2?,first_blood,2,2026-07-26 11:30:00,75.0,Deep Cross Gaming,89564247182998597463969073457595021151365650057367631723452647497777804141652,0.01,0.99,0.5,0.98,1.01,1.01,1.01,94.55,94.55,94.55,1,1,
2026-07-26 10:20:51,707325,2937091,LoL: Anyone's Legend vs Bilibili Gaming - Game 1 Winner,map,1,2026-07-26 11:30:00,69.1,Anyone's Legend,106906185790690167849895063392041009115494273917041294569591008180490173521485,0.43,0.44,0.435,0.01,9555.06,11734.31,13340.43,8614.21,11799.95,15474.75,35,35,2296.27069
2026-07-26 10:20:51,707325,2937091,LoL: Anyone's Legend vs Bilibili Gaming - Game 1 Winner,map,1,2026-07-26 11:30:00,69.1,Bilibili Gaming,51653736840206909477127809769417338510771268257928893059964060309325560583787,0.56,0.57,0.565,0.01,10586.08,14224.91,18196.03,13190.1,16395.85,18979.36,35,35,2296.27069
2026-07-26 10:20:51,707325,2937092,LoL: Anyone's Legend vs Bilibili Gaming - Game 2 Winner,map,2,2026-07-26 11:30:00,69.1,Anyone's Legend,3632761527830851126218403972215896322866498280718052589856316229871893863849,0.43,0.44,0.435,0.01,1024.72,3867.93,4452.75,1759.47,4921.8,5174.2,34,37,3496.6275040000005
2026-07-26 10:20:51,707325,2937092,LoL: Anyone's Legend vs Bilibili Gaming - Game 2 Winner,map,2,2026-07-26 11:30:00,69.1,Bilibili Gaming,70779665945520640638060284527025322569040195676030813411312036650498709891533,0.56,0.57,0.565,0.01,2194.54,5818.66,6082.18,1413.48,5576.01,6507.6,37,34,3496.6275040000005
2026-07-26 10:20:51,707325,2937114,LoL: Anyone's Legend vs Bilibili Gaming (BO3) - LPL Group Ascend,series,,2026-07-26 11:30:00,69.1,Anyone's Legend,83927624320717567322293360465565771333925478452952852805782756307712776908686,0.39,0.4,0.395,0.01,46424.88,62719.87,75589.3,52771.78,63550.98,65614.55,36,45,144679.83693600004
2026-07-26 10:20:51,707325,2937114,LoL: Anyone's Legend vs Bilibili Gaming (BO3) - LPL Group Ascend,series,,2026-07-26 11:30:00,69.1,Bilibili Gaming,113359571003047396767826426301838860151873706137356935468347609290162612073776,0.6,0.61,0.605,0.01,78328.68,93269.72,95324.72,74048.02,101763.97,126145.54,45,36,144679.83693600004
2026-07-26 10:20:51,707325,2937115,Games Total: O/U 2.5,total_games,,2026-07-26 11:30:00,69.1,Over,96722104278692088864245402190624922595785938161886735538042885922816494963748,0.48,0.49,0.485,0.01,945.55,3166.85,4400.1,7417.85,14312.69,14457.85,37,34,5579.962443000002
2026-07-26 10:20:51,707325,2937115,Games Total: O/U 2.5,total_games,,2026-07-26 11:30:00,69.1,Under,100077604143401124111462680244982754750901478819651333547594375692625089979294,0.51,0.52,0.515,0.01,7536.4,14045.11,14171.95,1057.8,3719.76,5310.8,34,37,5579.962443000002
2026-07-26 10:20:51,707325,2937116,Game Handicap: BLG (-1.5) vs Anyone's Legend (+1.5),handicap,,2026-07-26 11:30:00,69.1,Bilibili Gaming,42449476321480753476908263842860461479311712176117706366122887640797055712452,0.32,0.33,0.325,0.01,8305.97,8886.97,9640.66,2142.66,9926.78,9926.78,24,32,4908.291536999999
2026-07-26 10:20:51,707325,2937116,Game Handicap: BLG (-1.5) vs Anyone's Legend (+1.5),handicap,,2026-07-26 11:30:00,69.1,Anyone's Legend,102400219958593484908967793580148013055443120591803397478891753493119097650382,0.67,0.68,0.675,0.01,4315.8,18709.93,18709.93,18478.31,19847.13,21882.84,32,24,4908.291536999999
2026-07-26 10:20:51,707325,2937117,Game 1: Both Teams Slay Baron Nashor?,prop,1,2026-07-26 11:30:00,69.1,Yes,114415780908852448239778907487610815370694530579935091883476088315809736210722,0.06,0.29,0.175,0.23,127.15,168.04,209.05,125.28,125.28,125.28,5,19,
2026-07-26 10:20:51,707325,2937117,Game 1: Both Teams Slay Baron Nashor?,prop,1,2026-07-26 11:30:00,69.1,No,69622048401300544909555152785955652324852445957989816090538030596670288415532,0.71,0.94,0.825,0.23,306.72,306.72,306.72,1992.01,3310.45,7350.31,19,5,
2026-07-26 10:20:51,707325,2937118,Game 1: Both Teams Slay a Dragon?,prop,1,2026-07-26 11:30:00,69.1,Yes,103264526758415589256682305065439803261059341791516885088481784183499929620187,0.67,0.9,0.785,0.23,306.72,306.72,306.72,1334.88,1334.88,1964.06,20,7,
2026-07-26 10:20:51,707325,2937118,Game 1: Both Teams Slay a Dragon?,prop,1,2026-07-26 11:30:00,69.1,No,2622793839582080428033213990019869727259708694379411953743560135095559157283,0.1,0.33,0.215,0.23,148.32,148.32,181.49,151.07,151.07,151.07,7,20,
2026-07-26 10:20:51,707325,2937119,Game 1: Both Teams Destroy Inhibitors?,prop,1,2026-07-26 11:30:00,69.1,Yes,100121916458454112344079324782314142235919731936939799786383598040561112105688,0.04,0.22,0.13,0.18,0.76,1.99,1.99,86.51,86.51,86.51,4,19,
2026-07-26 10:20:51,707325,2937119,Game 1: Both Teams Destroy Inhibitors?,prop,1,2026-07-26 11:30:00,69.1,No,100016836476763669206403787100302699394853063609681852225247420290009376570577,0.78,0.96,0.87,0.18,306.72,306.72,306.72,22.25,116.87,116.87,19,4,
2026-07-26 10:20:51,707325,2937120,Game 1: Any Player Quadra Kill?,prop,1,2026-07-26 11:30:00,69.1,Yes,45318175528046335607161226081376899606223344684940530995183027781024555859886,0.02,0.72,0.37,0.7,80.97,80.97,80.97,56.63,168.89,198.69,2,16,
2026-07-26 10:20:51,707325,2937120,Game 1: Any Player Quadra Kill?,prop,1,2026-07-26 11:30:00,69.1,No,31434111651714615066570618174045427246713506719122982526171458180679343117813,0.28,0.98,0.63,0.7,21.47,59.93,68.83,5993.03,5993.03,5993.03,16,2,
2026-07-26 10:20:51,707325,2937121,Game 1: Any Player Penta Kill?,prop,1,2026-07-26 11:30:00,69.1,Yes,66350550523881356308587509642800111816810263665107126951496660572488969712181,0.02,0.72,0.37,0.7,1.05,1.05,1.05,56.63,168.89,198.69,2,17,
2026-07-26 10:20:51,707325,2937121,Game 1: Any Player Penta Kill?,prop,1,2026-07-26 11:30:00,69.1,No,29336976172418728190894676475105321596156005151771442793581497417031302072161,0.28,0.98,0.63,0.7,21.47,59.93,68.83,78.95,78.95,78.95,17,2,
2026-07-26 10:20:51,707325,2937122,Game 1: Odd/Even Total Kills?,odd_even,1,2026-07-26 11:30:00,69.1,Odd,83841019885738630578856410559180193372150701871896473243307611242181928235613,0.49,0.5,0.495,0.01,103.53,103.53,103.53,155.31,155.31,155.31,21,20,13.88235
2026-07-26 10:20:51,707325,2937122,Game 1: Odd/Even Total Kills?,odd_even,1,2026-07-26 11:30:00,69.1,Even,26667579112015225451017888617183051735195330785239914001198998315201530353149,0.5,0.51,0.505,0.01,151.18,151.18,151.18,107.75,107.75,107.75,20,21,13.88235
2026-07-26 10:20:51,707325,2937123,Game 2: Both Teams Slay Baron Nashor?,prop,2,2026-07-26 11:30:00,69.1,Yes,54798490823067512845436182415523194156850341534569660902309484636297929270791,0.06,0.29,0.175,0.23,127.15,168.04,209.05,125.28,125.28,125.28,5,20,
2026-07-26 10:20:51,707325,2937123,Game 2: Both Teams Slay Baron Nashor?,prop,2,2026-07-26 11:30:00,69.1,No,91461497856653500101438322587010402057326619689411913388834504433116328304804,0.71,0.94,0.825,0.23,306.72,306.72,306.72,1992.01,3310.45,7350.31,20,5,
2026-07-26 10:20:51,707325,2937124,Game 2: Both Teams Slay a Dragon?,prop,2,2026-07-26 11:30:00,69.1,Yes,110846714174846879664879320876288679504383438700685819386860084951761769773969,0.68,0.9,0.79,0.22,303.28,303.28,303.28,1334.88,1334.88,1964.05,19,7,
2026-07-26 10:20:51,707325,2937124,Game 2: Both Teams Slay a Dragon?,prop,2,2026-07-26 11:30:00,69.1,No,4706188841464342218583938106863793911505779608297721893085790929991872662849,0.1,0.32,0.21,0.22,148.32,148.32,181.49,142.72,142.72,142.72,7,19,
2026-07-26 10:20:51,707325,2937125,Game 2: Both Teams Destroy Inhibitors?,prop,2,2026-07-26 11:30:00,69.1,Yes,54527946282244187894168294340809007593961982383702900104353902689449374670637,0.04,0.22,0.13,0.18,0.76,1.99,1.99,86.51,86.51,86.51,4,18,
2026-07-26 10:20:51,707325,2937125,Game 2: Both Teams Destroy Inhibitors?,prop,2,2026-07-26 11:30:00,69.1,No,43456222045537077012251674511630404144739820840770946950135930097892263315523,0.78,0.96,0.87,0.18,306.72,306.72,306.72,22.25,116.87,116.87,18,4,
2026-07-26 10:20:51,707325,2937126,Game 2: Any Player Quadra Kill?,prop,2,2026-07-26 11:30:00,69.1,Yes,111468803831513867086361238422212971155294378792127765934121528957551820980754,0.02,0.72,0.37,0.7,80.97,80.97,80.97,82.74,166.36,196.16,2,16,
2026-07-26 10:20:51,707325,2937126,Game 2: Any Player Quadra Kill?,prop,2,2026-07-26 11:30:00,69.1,No,84935760242847362360157307028896918431097593483649789353414838330964599356851,0.28,0.98,0.63,0.7,31.13,59.93,68.83,5993.03,5993.03,5993.03,16,2,
2026-07-26 10:20:51,707325,2937127,Game 2: Any Player Penta Kill?,prop,2,2026-07-26 11:30:00,69.1,Yes,66038029669970943085539599906815658534383415176888891874357566339550511190880,0.02,0.72,0.37,0.7,1.05,1.05,1.05,56.63,168.89,198.69,2,16,
2026-07-26 10:20:51,707325,2937127,Game 2: Any Player Penta Kill?,prop,2,2026-07-26 11:30:00,69.1,No,108243573785504866846670751011227306342033087347942106483024385767926893893137,0.28,0.98,0.63,0.7,21.47,59.93,68.83,78.95,78.95,78.95,16,2,
2026-07-26 10:20:51,707325,2937128,Game 2: Odd/Even Total Kills?,odd_even,2,2026-07-26 11:30:00,69.1,Odd,19046459412336706162274174292346990527909402837479037562063782856752361068020,0.49,0.51,0.5,0.02,103.53,103.53,103.53,105.31,122.27,122.27,19,19,13.88235
2026-07-26 10:20:51,707325,2937128,Game 2: Odd/Even Total Kills?,odd_even,2,2026-07-26 11:30:00,69.1,Even,82629926385052102733234526902389337541620929065574949781703569881064092391008,0.49,0.51,0.5,0.02,101.18,116.22,116.22,107.75,107.75,107.75,19,19,13.88235
2026-07-26 10:20:51,707325,2937129,Game 3: Both Teams Slay Baron Nashor?,prop,3,2026-07-26 11:30:00,69.1,Yes,61244497046674275642485084069702604339505856732587881597215259116144708333092,0.04,0.96,0.5,0.92,1.2,81.91,81.91,27.04,111.7,111.7,4,4,
2026-07-26 10:20:51,707325,2937129,Game 3: Both Teams Slay Baron Nashor?,prop,3,2026-07-26 11:30:00,69.1,No,89100649283241389183094422210167810314916773044139223632127630941439482190913,0.04,0.96,0.5,0.92,0.96,1.99,1.99,34.68,6020.97,6020.97,4,4,
2026-07-26 10:20:51,707325,2937130,Game 3: Both Teams Slay a Dragon?,prop,3,2026-07-26 11:30:00,69.1,Yes,61931319711788818719785941194744853519042852362395051538602478434331464237456,0.04,0.9,0.47,0.86,0.96,1.87,1.87,332.46,882.45,1468.98,4,10,
2026-07-26 10:20:51,707325,2937130,Game 3: Both Teams Slay a Dragon?,prop,3,2026-07-26 11:30:00,69.1,No,40784377247799055533031638570294932155207181042105528818682161329331130044448,0.1,0.96,0.53,0.86,34.85,78.34,111.33,27.04,99.01,99.01,10,4,
2026-07-26 10:20:51,707325,2937131,Game 3: Both Teams Destroy Inhibitors?,prop,3,2026-07-26 11:30:00,69.1,Yes,14781789298496679970977396530268505467464816010824433964596590468763562327539,0.04,0.96,0.5,0.92,0.99,1.99,1.99,27.04,111.7,111.7,4,4,
2026-07-26 10:20:51,707325,2937131,Game 3: Both Teams Destroy Inhibitors?,prop,3,2026-07-26 11:30:00,69.1,No,16353494303384463079728608823165668272506625880821710621709074200748452870326,0.04,0.96,0.5,0.92,0.96,1.99,1.99,27.65,110.1,110.1,4,4,
2026-07-26 10:20:51,707325,2937132,Game 3: Any Player Quadra Kill?,prop,3,2026-07-26 11:30:00,69.1,Yes,72071171523876747761377568226620879888523505696528898516319522136622853390246,0.02,0.98,0.5,0.96,1.05,1.05,1.05,78.95,78.95,78.95,2,2,
2026-07-26 10:20:51,707325,2937132,Game 3: Any Player Quadra Kill?,prop,3,2026-07-26 11:30:00,69.1,No,102258183932041188831269543275923995443013733629415085447455153920008232815287,0.02,0.98,0.5,0.96,1.05,1.05,1.05,78.95,78.95,78.95,2,2,
2026-07-26 10:20:51,707325,2937133,Game 3: Any Player Penta Kill?,prop,3,2026-07-26 11:30:00,69.1,Yes,76558748093857936985933496781780950949094176105263956316893768466404038166862,0.02,0.98,0.5,0.96,1.05,1.05,1.05,78.95,78.95,78.95,2,2,
2026-07-26 10:20:51,707325,2937133,Game 3: Any Player Penta Kill?,prop,3,2026-07-26 11:30:00,69.1,No,29994454649689580353884333990148268547770099603303437838967454307545495138701,0.02,0.98,0.5,0.96,1.05,1.05,1.05,78.95,78.95,78.95,2,2,
2026-07-26 10:20:51,707325,2937134,Game 3: Odd/Even Total Kills?,odd_even,3,2026-07-26 11:30:00,69.1,Odd,67061359804204064170847775939307622337976034015075582671056081912411246735041,0.49,0.51,0.5,0.02,103.53,103.53,103.53,105.31,122.27,122.27,18,20,13.88235
2026-07-26 10:20:51,707325,2937134,Game 3: Odd/Even Total Kills?,odd_even,3,2026-07-26 11:30:00,69.1,Even,33657511483178186255645751327779018121442853840529515356695642058732995281928,0.49,0.51,0.5,0.02,101.18,116.22,116.22,107.75,107.75,107.75,20,18,13.88235
2026-07-26 10:20:51,707325,3081189,First Blood in Game 2?,first_blood,2,2026-07-26 11:30:00,69.1,Anyone's Legend,38980013053585382627044557885461424899627433382200430835828700635583939175805,0.45,0.59,0.52,0.14,2.25,225.85,225.85,441.37,441.37,441.37,12,16,17.133927
2026-07-26 10:20:51,707325,3081189,First Blood in Game 2?,first_blood,2,2026-07-26 11:30:00,69.1,Bilibili Gaming,32915426582315848072394551356012463050233939458308904167277641843508739227112,0.41,0.55,0.48,0.14,306.72,306.72,306.72,2.75,299.15,299.15,16,12,17.133927
2026-07-26 10:20:51,707325,3081190,First Blood in Game 1?,first_blood,1,2026-07-26 11:30:00,69.1,Anyone's Legend,4433330408410316846803071700370086732714825654055559249370346850470709072952,0.31,0.52,0.415,0.21,3.0,3.0,3.0,3.36,256.82,256.82,15,18,396.02810200000005
2026-07-26 10:20:51,707325,3081190,First Blood in Game 1?,first_blood,1,2026-07-26 11:30:00,69.1,Bilibili Gaming,56265377411176358654576366202811500730949665241782657984499538378433436097441,0.48,0.69,0.585,0.21,3.11,219.01,219.01,6.68,6.68,6.68,18,15,396.02810200000005
2026-07-26 10:20:51,707325,3081191,Total Kills Over/Under 30.5 in Game 2?,total_kills,2,2026-07-26 11:30:00,69.1,Over,23437973508451351356330991082104110111477813117354578429013063563881774470443,0.52,0.53,0.525,0.01,658.02,1015.23,1306.8,656.2,977.95,1110.5,29,28,4596.1461
2026-07-26 10:20:51,707325,3081191,Total Kills Over/Under 30.5 in Game 2?,total_kills,2,2026-07-26 11:30:00,69.1,Under,43795506910926088362776940249733727340295848021891030089161568807434839732983,0.47,0.48,0.475,0.01,569.04,832.29,932.29,617.98,985.55,1301.41,28,29,4596.1461
2026-07-26 10:20:51,707325,3081192,Total Kills Over/Under 30.5 in Game 1?,total_kills,1,2026-07-26 11:30:00,69.1,Over,42413334049665637744079450278355110617992471546021782153366528621527176685032,0.51,0.56,0.535,0.05,25.5,292.67,3112.67,10.08,424.84,424.84,22,21,432.734314
2026-07-26 10:20:51,707325,3081192,Total Kills Over/Under 30.5 in Game 1?,total_kills,1,2026-07-26 11:30:00,69.1,Under,108337392913264562280312318187593157873877600848046953117933229402235926120876,0.44,0.49,0.465,0.05,7.92,308.26,308.26,24.5,302.57,3482.57,21,22,432.734314
2026-07-26 10:20:51,707325,3081193,Total Kills Over/Under 33.5 in Game 2?,total_kills,2,2026-07-26 11:30:00,69.1,Over,8586298549004551993442956533825310037264727331502800059723384947749880992529,0.33,0.43,0.38,0.1,327.7,327.7,333.7,222.16,222.16,222.16,19,15,
2026-07-26 10:20:51,707325,3081193,Total Kills Over/Under 33.5 in Game 2?,total_kills,2,2026-07-26 11:30:00,69.1,Under,110597114372405884962927286808742534536249688168361162103005224613607361053251,0.57,0.67,0.62,0.1,294.49,294.49,294.49,694.8,694.8,709.48,15,19,
2026-07-26 10:20:51,707325,3081194,Total Kills Over/Under 33.5 in Game 1?,total_kills,1,2026-07-26 11:30:00,69.1,Over,30552843765508490603664386461225254952089070999529702283764849905764612834885,0.32,0.42,0.37,0.1,287.74,287.74,293.74,231.4,231.4,231.4,18,18,
2026-07-26 10:20:51,707325,3081194,Total Kills Over/Under 33.5 in Game 1?,total_kills,1,2026-07-26 11:30:00,69.1,Under,53657580022631506873496992494579505139264461994954679282251091971010077831792,0.58,0.68,0.63,0.1,310.74,310.74,310.74,611.44,611.44,626.86,18,18,
2026-07-26 10:20:51,736890,3052479,LoL: CTBC Flying Oyster vs Deep Cross Gaming - Game 1 Winner,map,1,2026-07-26 11:30:00,69.1,CTBC Flying Oyster,71521575287636475096045332404185629095399143773628264514117454306007199480841,0.39,0.4,0.395,0.01,1375.5,1542.61,1906.08,1581.21,2508.53,2705.8,31,25,9.333332
2026-07-26 10:20:51,736890,3052479,LoL: CTBC Flying Oyster vs Deep Cross Gaming - Game 1 Winner,map,1,2026-07-26 11:30:00,69.1,Deep Cross Gaming,39590117977306280350282632265008116007789216183720872765380459731213899628117,0.6,0.61,0.605,0.01,2310.12,3567.84,3809.4,2224.5,2518.82,3215.69,25,31,9.333332
2026-07-26 10:20:51,736890,3052480,LoL: CTBC Flying Oyster vs Deep Cross Gaming - Game 2 Winner,map,2,2026-07-26 11:30:00,69.1,CTBC Flying Oyster,109885906322679681148991883157094493444282128986029602352195999308026187924331,0.39,0.4,0.395,0.01,810.89,950.34,1300.48,1586.88,2496.97,2703.05,32,26,14.666662
2026-07-26 10:20:51,736890,3052480,LoL: CTBC Flying Oyster vs Deep Cross Gaming - Game 2 Winner,map,2,2026-07-26 11:30:00,69.1,Deep Cross Gaming,38870680360291703970571093973856484238741940564373297411198274857317071595974,0.6,0.61,0.605,0.01,2318.45,3545.79,3798.54,1303.11,1548.24,2220.37,26,32,14.666662
2026-07-26 10:20:51,736890,3052481,LoL: CTBC Flying Oyster vs Deep Cross Gaming (BO3) - LCP Swiss Stage,series,,2026-07-26 11:30:00,69.1,CTBC Flying Oyster,57586146346446825587005453669947237781947799222163673887194665737186979613448,0.36,0.37,0.365,0.01,3309.86,3786.5,5192.18,3737.14,4592.63,4729.79,35,44,4298.38068
2026-07-26 10:20:51,736890,3052481,LoL: CTBC Flying Oyster vs Deep Cross Gaming (BO3) - LCP Swiss Stage,series,,2026-07-26 11:30:00,69.1,Deep Cross Gaming,90064521238776078697270676333212466788830421854924873857190397045247273130863,0.63,0.64,0.635,0.01,6221.05,7558.34,7755.73,6010.18,6956.54,10017.0,44,35,4298.38068
2026-07-26 10:20:51,736890,3052482,Games Total: O/U 2.5,total_games,,2026-07-26 11:30:00,69.1,Over,70785334181407060367979468201250880883022695399126612812966073356141850812126,0.46,0.47,0.465,0.01,435.78,911.03,1146.99,1795.05,2318.87,3093.55,33,30,307.47773899999993
2026-07-26 10:20:51,736890,3052482,Games Total: O/U 2.5,total_games,,2026-07-26 11:30:00,69.1,Under,80367379471462710927529014348196224757537607078223253684163611077199749683134,0.53,0.54,0.535,0.01,1969.57,2493.4,3236.32,530.99,1135.84,1464.07,30,33,307.47773899999993
2026-07-26 10:20:51,736890,3052483,Game Handicap: DCG (-1.5) vs CTBC Flying Oyster (+1.5),handicap,,2026-07-26 11:30:00,69.1,Deep Cross Gaming,114771035533348391295807474427941063253967262977389617345930611234931622968731,0.38,0.39,0.385,0.01,434.17,978.38,1013.58,416.45,652.44,984.84,26,24,118.620279
2026-07-26 10:20:51,736890,3052483,Game Handicap: DCG (-1.5) vs CTBC Flying Oyster (+1.5),handicap,,2026-07-26 11:30:00,69.1,CTBC Flying Oyster,60260317126783907918753574243184167839934636069510151677217431260238788371569,0.61,0.62,0.615,0.01,638.55,976.34,1408.79,723.59,1706.34,1776.14,24,26,118.620279
2026-07-26 10:20:51,736890,3052484,Game 1: Both Teams Slay Baron Nashor?,prop,1,2026-07-26 11:30:00,69.1,Yes,55930163078622578955369558180096887141745754065648753990812097129410814724663,0.06,0.5,0.28,0.44,283.36,284.08,384.79,283.36,283.36,283.36,4,20,
2026-07-26 10:20:51,736890,3052484,Game 1: Both Teams Slay Baron Nashor?,prop,1,2026-07-26 11:30:00,69.1,No,90851613694416264815414423039890414383060354502578887326713229858822972245042,0.5,0.94,0.72,0.44,283.36,283.36,283.36,4439.3,4462.57,12428.95,20,4,
2026-07-26 10:20:51,736890,3052485,Game 1: Both Teams Slay a Dragon?,prop,1,2026-07-26 11:30:00,69.1,Yes,73016011814704941860771810768415193927639219654779748677903467283639317311518,0.5,0.78,0.64,0.28,283.36,283.36,283.36,1004.64,1004.64,1004.64,18,10,
2026-07-26 10:20:51,736890,3052485,Game 1: Both Teams Slay a Dragon?,prop,1,2026-07-26 11:30:00,69.1,No,21940272714740746094576705969162767165811188553106194780853387571144404399479,0.22,0.5,0.36,0.28,283.36,283.36,283.36,283.36,283.36,283.36,10,18,
2026-07-26 10:20:51,736890,3052486,Game 1: Both Teams Destroy Inhibitors?,prop,1,2026-07-26 11:30:00,69.1,Yes,33949098752234671750991867401972597087729277565054435436488184300344722962425,0.05,0.5,0.275,0.45,283.75,284.16,304.99,283.36,283.36,283.36,4,20,
2026-07-26 10:20:51,736890,3052486,Game 1: Both Teams Destroy Inhibitors?,prop,1,2026-07-26 11:30:00,69.1,No,16414277153894333779191262845089833194248167569971626490446330413043338716068,0.5,0.95,0.725,0.45,283.36,283.36,283.36,6808.0,6828.38,8890.11,20,4,
2026-07-26 10:20:51,736890,3052487,Game 1: Any Player Quadra Kill?,prop,1,2026-07-26 11:30:00,69.1,Yes,101649088522163451962832747565377228046163265269815368770128966964216041932683,0.07,0.5,0.285,0.43,283.36,283.36,323.32,283.36,283.36,283.36,3,19,
2026-07-26 10:20:51,736890,3052487,Game 1: Any Player Quadra Kill?,prop,1,2026-07-26 11:30:00,69.1,No,92957476019898524194169915520517562997359581060419486720948662975940403084690,0.5,0.93,0.715,0.43,283.36,283.36,283.36,3764.64,3764.64,5722.67,19,3,
2026-07-26 10:20:51,736890,3052488,Game 1: Any Player Penta Kill?,prop,1,2026-07-26 11:30:00,69.1,Yes,21959813163866952713714797714998830980333811309156206694382628684240985120341,0.03,0.49,0.26,0.46,0.4,284.51,284.51,299.97,299.97,299.97,3,21,5
2026-07-26 10:20:51,736890,3052488,Game 1: Any Player Penta Kill?,prop,1,2026-07-26 11:30:00,69.1,No,114423894235640065200274051386655887628201197385762434436465287909408266191288,0.51,0.97,0.74,0.46,300.75,300.75,300.75,16.26,28143.15,28143.15,21,3,5
2026-07-26 10:20:51,736890,3052489,Game 1: Odd/Even Total Kills?,odd_even,1,2026-07-26 11:30:00,69.1,Odd,106524224823809686243319856007203472296880245926579232760253024812517158688343,0.49,0.51,0.5,0.02,7.76,7.76,7.76,8.07,8.07,8.07,18,21,
2026-07-26 10:20:51,736890,3052489,Game 1: Odd/Even Total Kills?,odd_even,1,2026-07-26 11:30:00,69.1,Even,78195817050052342110432753261154346747086053336518388547182213365009485990104,0.49,0.51,0.5,0.02,7.76,7.76,7.76,8.07,8.07,8.07,21,18,
2026-07-26 10:20:51,736890,3052490,Game 2: Both Teams Slay Baron Nashor?,prop,2,2026-07-26 11:30:00,69.1,Yes,12000771345972814179038997577587237975402218375634209714862805108810292830349,0.06,0.5,0.28,0.44,283.36,284.08,385.07,283.36,283.36,283.36,4,20,
2026-07-26 10:20:51,736890,3052490,Game 2: Both Teams Slay Baron Nashor?,prop,2,2026-07-26 11:30:00,69.1,No,103811352077251681645249690532042404809434759349442950298910155444596830937734,0.5,0.94,0.72,0.44,283.36,283.36,283.36,4439.3,4462.57,12456.67,20,4,
2026-07-26 10:20:51,736890,3052491,Game 2: Both Teams Slay a Dragon?,prop,2,2026-07-26 11:30:00,69.1,Yes,89978002906561773276902909302054036527923368144692348273325845907830320715603,0.5,0.78,0.64,0.28,283.36,283.36,283.36,1004.64,1004.64,1004.64,17,10,
2026-07-26 10:20:51,736890,3052491,Game 2: Both Teams Slay a Dragon?,prop,2,2026-07-26 11:30:00,69.1,No,8612622648159253686706541862231784873540801426715928153531413421379543624077,0.22,0.5,0.36,0.28,283.36,283.36,283.36,283.36,283.36,283.36,10,17,
2026-07-26 10:20:51,736890,3052492,Game 2: Both Teams Destroy Inhibitors?,prop,2,2026-07-26 11:30:00,69.1,Yes,43952911922821160676960004904676597297619329414798333169774975693616465977928,0.05,0.5,0.275,0.45,283.75,284.16,305.07,283.36,283.36,283.36,4,19,
2026-07-26 10:20:51,736890,3052492,Game 2: Both Teams Destroy Inhibitors?,prop,2,2026-07-26 11:30:00,69.1,No,67615663380589657418729066148981182269549808642561927272161980212086537872315,0.5,0.95,0.725,0.45,283.36,283.36,283.36,6808.02,6828.42,8897.94,19,4,
2026-07-26 10:20:51,736890,3052493,Game 2: Any Player Quadra Kill?,prop,2,2026-07-26 11:30:00,69.1,Yes,96366567966049579311794617414275785898766569962339791739576067193351443003866,0.07,0.5,0.285,0.43,283.36,283.36,323.32,283.36,283.36,283.36,3,19,
2026-07-26 10:20:51,736890,3052493,Game 2: Any Player Quadra Kill?,prop,2,2026-07-26 11:30:00,69.1,No,59958646587211222547429250611434273247851122568175672614926960277536166690835,0.5,0.93,0.715,0.43,283.36,283.36,283.36,3764.64,3764.64,5722.67,19,3,
2026-07-26 10:20:51,736890,3052494,Game 2: Any Player Penta Kill?,prop,2,2026-07-26 11:30:00,69.1,Yes,1781960628048658476732782344692754449865561761778181478383470910302117606583,0.01,0.49,0.25,0.48,283.91,283.91,283.91,302.47,302.47,302.47,1,18,
2026-07-26 10:20:51,736890,3052494,Game 2: Any Player Penta Kill?,prop,2,2026-07-26 11:30:00,69.1,No,90758528357136019696031990859442895406395209439504922982639421204319230474447,0.51,0.99,0.75,0.48,303.25,303.25,303.25,28107.09,28107.09,28107.09,18,1,
2026-07-26 10:20:51,736890,3052495,Game 2: Odd/Even Total Kills?,odd_even,2,2026-07-26 11:30:00,69.1,Odd,66010670579251642593733241128320720340638005203059572455247321750373769749851,0.49,0.51,0.5,0.02,7.76,7.76,7.76,8.07,8.07,8.07,18,18,
2026-07-26 10:20:51,736890,3052495,Game 2: Odd/Even Total Kills?,odd_even,2,2026-07-26 11:30:00,69.1,Even,16022148688901182992261602665079756196230042954685676356693000294092232646598,0.49,0.51,0.5,0.02,7.76,7.76,7.76,8.07,8.07,8.07,18,18,
2026-07-26 10:20:51,736890,3052496,Game 3: Both Teams Slay Baron Nashor?,prop,3,2026-07-26 11:30:00,69.1,Yes,83446175620320525838785580573055921774655009523144594489071918388698786572984,0.07,0.96,0.515,0.89,283.76,284.26,324.57,27.04,111.12,111.12,6,4,
2026-07-26 10:20:51,736890,3052496,Game 3: Both Teams Slay Baron Nashor?,prop,3,2026-07-26 11:30:00,69.1,No,27839595260195224565613982795485688915589715611417470061106766498687581726437,0.04,0.93,0.485,0.89,0.96,1.99,1.99,4444.63,4454.13,6423.5,4,6,
2026-07-26 10:20:51,736890,3052497,Game 3: Both Teams Slay a Dragon?,prop,3,2026-07-26 11:30:00,69.1,Yes,96361220704408087972297490708807575820470593378288536411656287722575740551724,0.48,0.78,0.63,0.3,283.36,283.36,283.36,1004.64,1004.64,1004.64,17,10,
2026-07-26 10:20:51,736890,3052497,Game 3: Both Teams Slay a Dragon?,prop,3,2026-07-26 11:30:00,69.1,No,70470080594771850271651491791372680407939268531310532447170035725968336073306,0.22,0.52,0.37,0.3,283.36,283.36,283.36,306.97,306.97,306.97,10,17,
2026-07-26 10:20:51,736890,3052498,Game 3: Both Teams Destroy Inhibitors?,prop,3,2026-07-26 11:30:00,69.1,Yes,94773152235372501297877622625991765584025067516499251566411987488172068728367,0.05,0.96,0.505,0.91,284.35,284.68,285.35,27.04,111.12,111.12,4,4,
2026-07-26 10:20:51,736890,3052498,Game 3: Both Teams Destroy Inhibitors?,prop,3,2026-07-26 11:30:00,69.1,No,108231071859265839888344903665915676312933895972262750066306312021603704593765,0.04,0.95,0.495,0.91,0.96,1.99,1.99,6821.76,6837.94,6904.59,4,4,
2026-07-26 10:20:51,736890,3052499,Game 3: Any Player Quadra Kill?,prop,3,2026-07-26 11:30:00,69.1,Yes,32700710701231231337167047156639829570843467744671749304762837833951607016424,0.04,0.98,0.51,0.94,283.84,284.39,284.39,78.95,78.95,78.95,2,2,
2026-07-26 10:20:51,736890,3052499,Game 3: Any Player Quadra Kill?,prop,3,2026-07-26 11:30:00,69.1,No,70811910071987814299292014733431348467289587089778287902020349291891972107674,0.02,0.96,0.49,0.94,1.05,1.05,1.05,6812.16,6866.61,6866.61,2,2,
2026-07-26 10:20:51,736890,3052500,Game 3: Any Player Penta Kill?,prop,3,2026-07-26 11:30:00,69.1,Yes,44379163762100137095413636216700888863260105260256423554840126005173639820220,0.05,0.98,0.515,0.93,18.9,19.4,303.31,78.95,78.95,78.95,3,2,
2026-07-26 10:20:51,736890,3052500,Game 3: Any Player Penta Kill?,prop,3,2026-07-26 11:30:00,69.1,No,15895603730008518303460534112995105647594820962859728242774851613096137775015,0.02,0.95,0.485,0.93,1.05,1.05,1.05,359.1,383.6,28490.69,2,3,
2026-07-26 10:20:51,736890,3052501,Game 3: Odd/Even Total Kills?,odd_even,3,2026-07-26 11:30:00,69.1,Odd,4870308047937102388014621915893490554009904331373589192963145626162341143455,0.49,0.51,0.5,0.02,7.76,7.76,7.76,8.07,8.07,8.07,19,18,
2026-07-26 10:20:51,736890,3052501,Game 3: Odd/Even Total Kills?,odd_even,3,2026-07-26 11:30:00,69.1,Even,31234809864956988325414297800540885817219094799343763341780055599335218902132,0.49,0.51,0.5,0.02,7.76,7.76,7.76,8.07,8.07,8.07,18,19,
2026-07-26 10:20:51,736890,3069017,First Blood in Game 1?,first_blood,1,2026-07-26 11:30:00,69.1,CTBC Flying Oyster,10034635439924301464623004628260950424769887226181602115942511171456132426412,0.03,0.99,0.51,0.96,3.79,8.45,8.45,99.99,99.99,99.99,3,1,
2026-07-26 10:20:51,736890,3069017,First Blood in Game 1?,first_blood,1,2026-07-26 11:30:00,69.1,Deep Cross Gaming,42112641630084565630644064718185101009115107292327374745517852418033925030609,0.01,0.97,0.49,0.96,1.01,1.01,1.01,174.98,636.47,636.47,1,3,
2026-07-26 10:20:51,736890,3069018,First Blood in Game 2?,first_blood,2,2026-07-26 11:30:00,69.1,CTBC Flying Oyster,28520010537912648515892721739827822568637691490463571717702357910912598216298,0.01,0.97,0.49,0.96,0.96,0.96,0.96,174.85,642.15,642.15,1,3,
2026-07-26 10:20:51,736890,3069018,First Blood in Game 2?,first_blood,2,2026-07-26 11:30:00,69.1,Deep Cross Gaming,89564247182998597463969073457595021151365650057367631723452647497777804141652,0.03,0.99,0.51,0.96,3.79,8.51,8.51,94.55,94.55,94.55,3,1,
2026-07-26 10:26:41,707325,2937091,LoL: Anyone's Legend vs Bilibili Gaming - Game 1 Winner,map,1,2026-07-26 11:30:00,63.3,Anyone's Legend,106906185790690167849895063392041009115494273917041294569591008180490173521485,0.43,0.44,0.435,0.01,9782.39,11656.84,12452.79,8834.21,11680.63,14569.19,36,35,2296.27069
2026-07-26 10:26:41,707325,2937091,LoL: Anyone's Legend vs Bilibili Gaming - Game 1 Winner,map,1,2026-07-26 11:30:00,63.3,Bilibili Gaming,51653736840206909477127809769417338510771268257928893059964060309325560583787,0.56,0.57,0.565,0.01,10866.08,14143.56,17262.92,13503.06,16251.61,17513.29,35,36,2296.27069
2026-07-26 10:26:41,707325,2937092,LoL: Anyone's Legend vs Bilibili Gaming - Game 2 Winner,map,2,2026-07-26 11:30:00,63.3,Anyone's Legend,3632761527830851126218403972215896322866498280718052589856316229871893863849,0.43,0.44,0.435,0.01,1234.72,3873.13,4331.41,1999.92,4891.83,5389.99,36,38,3496.6275040000005
2026-07-26 10:26:41,707325,2937092,LoL: Anyone's Legend vs Bilibili Gaming - Game 2 Winner,map,2,2026-07-26 11:30:00,63.3,Bilibili Gaming,70779665945520640638060284527025322569040195676030813411312036650498709891533,0.56,0.57,0.565,0.01,2500.09,5839.63,6369.39,1703.48,5558.81,6283.94,38,36,3496.6275040000005
2026-07-26 10:26:41,707325,2937114,LoL: Anyone's Legend vs Bilibili Gaming (BO3) - LPL Group Ascend,series,,2026-07-26 11:30:00,63.3,Anyone's Legend,83927624320717567322293360465565771333925478452952852805782756307712776908686,0.39,0.4,0.395,0.01,42685.64,62562.13,73701.05,51516.6,62736.12,64281.12,36,45,144876.52136100005
2026-07-26 10:26:41,707325,2937114,LoL: Anyone's Legend vs Bilibili Gaming (BO3) - LPL Group Ascend,series,,2026-07-26 11:30:00,63.3,Bilibili Gaming,113359571003047396767826426301838860151873706137356935468347609290162612073776,0.6,0.61,0.605,0.01,76432.91,91387.63,93342.63,67942.53,101820.21,122932.29,45,36,144876.52136100005
2026-07-26 10:26:41,707325,2937115,Games Total: O/U 2.5,total_games,,2026-07-26 11:30:00,63.3,Over,96722104278692088864245402190624922595785938161886735538042885922816494963748,0.48,0.49,0.485,0.01,1909.52,4130.82,5364.07,7417.85,13454.0,13599.16,38,35,5599.880807000002
2026-07-26 10:26:41,707325,2937115,Games Total: O/U 2.5,total_games,,2026-07-26 11:30:00,63.3,Under,100077604143401124111462680244982754750901478819651333547594375692625089979294,0.51,0.52,0.515,0.01,7536.4,13252.47,13379.31,2144.83,4806.79,6397.83,35,38,5599.880807000002
2026-07-26 10:26:41,707325,2937116,Game Handicap: BLG (-1.5) vs Anyone's Legend (+1.5),handicap,,2026-07-26 11:30:00,63.3,Bilibili Gaming,42449476321480753476908263842860461479311712176117706366122887640797055712452,0.32,0.33,0.325,0.01,8445.47,8911.47,9692.16,2307.66,10035.53,10035.53,24,32,4908.291536999999
2026-07-26 10:26:41,707325,2937116,Game Handicap: BLG (-1.5) vs Anyone's Legend (+1.5),handicap,,2026-07-26 11:30:00,63.3,Anyone's Legend,102400219958593484908967793580148013055443120591803397478891753493119097650382,0.67,0.68,0.675,0.01,4650.8,18944.93,18944.93,18788.81,19877.81,21986.52,32,24,4908.291536999999
2026-07-26 10:26:41,707325,2937117,Game 1: Both Teams Slay Baron Nashor?,prop,1,2026-07-26 11:30:00,63.3,Yes,114415780908852448239778907487610815370694530579935091883476088315809736210722,0.06,0.29,0.175,0.23,127.15,168.04,209.05,125.28,125.28,125.28,5,19,
2026-07-26 10:26:41,707325,2937117,Game 1: Both Teams Slay Baron Nashor?,prop,1,2026-07-26 11:30:00,63.3,No,69622048401300544909555152785955652324852445957989816090538030596670288415532,0.71,0.94,0.825,0.23,306.72,306.72,306.72,1992.01,3310.45,7350.31,19,5,
2026-07-26 10:26:41,707325,2937118,Game 1: Both Teams Slay a Dragon?,prop,1,2026-07-26 11:30:00,63.3,Yes,103264526758415589256682305065439803261059341791516885088481784183499929620187,0.67,0.9,0.785,0.23,306.72,306.72,306.72,1334.88,1334.88,1964.06,20,7,
2026-07-26 10:26:41,707325,2937118,Game 1: Both Teams Slay a Dragon?,prop,1,2026-07-26 11:30:00,63.3,No,2622793839582080428033213990019869727259708694379411953743560135095559157283,0.1,0.33,0.215,0.23,148.32,148.32,181.49,151.07,151.07,151.07,7,20,
2026-07-26 10:26:41,707325,2937119,Game 1: Both Teams Destroy Inhibitors?,prop,1,2026-07-26 11:30:00,63.3,Yes,100121916458454112344079324782314142235919731936939799786383598040561112105688,0.04,0.22,0.13,0.18,0.76,1.99,1.99,86.51,86.51,86.51,4,19,
2026-07-26 10:26:41,707325,2937119,Game 1: Both Teams Destroy Inhibitors?,prop,1,2026-07-26 11:30:00,63.3,No,100016836476763669206403787100302699394853063609681852225247420290009376570577,0.78,0.96,0.87,0.18,306.72,306.72,306.72,22.25,117.88,117.88,19,4,
2026-07-26 10:26:41,707325,2937120,Game 1: Any Player Quadra Kill?,prop,1,2026-07-26 11:30:00,63.3,Yes,45318175528046335607161226081376899606223344684940530995183027781024555859886,0.04,0.5,0.27,0.46,283.36,364.33,364.33,283.36,283.36,283.36,3,17,
2026-07-26 10:26:41,707325,2937120,Game 1: Any Player Quadra Kill?,prop,1,2026-07-26 11:30:00,63.3,No,31434111651714615066570618174045427246713506719122982526171458180679343117813,0.5,0.96,0.73,0.46,283.36,283.36,283.36,6800.64,12793.67,12793.67,17,3,
2026-07-26 10:26:41,707325,2937121,Game 1: Any Player Penta Kill?,prop,1,2026-07-26 11:30:00,63.3,Yes,66350550523881356308587509642800111816810263665107126951496660572488969712181,0.02,0.5,0.26,0.48,284.41,284.41,284.41,283.36,283.36,283.36,2,18,
2026-07-26 10:26:41,707325,2937121,Game 1: Any Player Penta Kill?,prop,1,2026-07-26 11:30:00,63.3,No,29336976172418728190894676475105321596156005151771442793581497417031302072161,0.5,0.98,0.74,0.48,283.36,283.36,283.36,28131.59,28131.59,28131.59,18,2,
2026-07-26 10:26:41,707325,2937122,Game 1: Odd/Even Total Kills?,odd_even,1,2026-07-26 11:30:00,63.3,Odd,83841019885738630578856410559180193372150701871896473243307611242181928235613,0.49,0.5,0.495,0.01,103.53,103.53,103.53,155.31,155.31,155.31,23,22,13.88235
2026-07-26 10:26:41,707325,2937122,Game 1: Odd/Even Total Kills?,odd_even,1,2026-07-26 11:30:00,63.3,Even,26667579112015225451017888617183051735195330785239914001198998315201530353149,0.5,0.51,0.505,0.01,151.18,151.18,151.18,107.75,107.75,107.75,22,23,13.88235
2026-07-26 10:26:41,707325,2937123,Game 2: Both Teams Slay Baron Nashor?,prop,2,2026-07-26 11:30:00,63.3,Yes,54798490823067512845436182415523194156850341534569660902309484636297929270791,0.06,0.29,0.175,0.23,127.15,168.04,209.05,125.28,125.28,125.28,5,20,
2026-07-26 10:26:41,707325,2937123,Game 2: Both Teams Slay Baron Nashor?,prop,2,2026-07-26 11:30:00,63.3,No,91461497856653500101438322587010402057326619689411913388834504433116328304804,0.71,0.94,0.825,0.23,306.72,306.72,306.72,1992.01,3310.45,7350.31,20,5,
2026-07-26 10:26:41,707325,2937124,Game 2: Both Teams Slay a Dragon?,prop,2,2026-07-26 11:30:00,63.3,Yes,110846714174846879664879320876288679504383438700685819386860084951761769773969,0.68,0.9,0.79,0.22,303.28,303.28,303.28,1334.88,1334.88,1964.05,19,7,
2026-07-26 10:26:41,707325,2937124,Game 2: Both Teams Slay a Dragon?,prop,2,2026-07-26 11:30:00,63.3,No,4706188841464342218583938106863793911505779608297721893085790929991872662849,0.1,0.32,0.21,0.22,148.32,148.32,181.49,142.72,142.72,142.72,7,19,
2026-07-26 10:26:41,707325,2937125,Game 2: Both Teams Destroy Inhibitors?,prop,2,2026-07-26 11:30:00,63.3,Yes,54527946282244187894168294340809007593961982383702900104353902689449374670637,0.04,0.22,0.13,0.18,0.76,1.99,1.99,86.51,86.51,86.51,4,18,
2026-07-26 10:26:41,707325,2937125,Game 2: Both Teams Destroy Inhibitors?,prop,2,2026-07-26 11:30:00,63.3,No,43456222045537077012251674511630404144739820840770946950135930097892263315523,0.78,0.96,0.87,0.18,306.72,306.72,306.72,22.25,117.88,117.88,18,4,
2026-07-26 10:26:41,707325,2937126,Game 2: Any Player Quadra Kill?,prop,2,2026-07-26 11:30:00,63.3,Yes,111468803831513867086361238422212971155294378792127765934121528957551820980754,0.04,0.5,0.27,0.46,283.36,364.33,364.33,283.36,283.36,283.36,3,17,
2026-07-26 10:26:41,707325,2937126,Game 2: Any Player Quadra Kill?,prop,2,2026-07-26 11:30:00,63.3,No,84935760242847362360157307028896918431097593483649789353414838330964599356851,0.5,0.96,0.73,0.46,283.36,283.36,283.36,6800.64,12793.67,12793.67,17,3,
2026-07-26 10:26:41,707325,2937127,Game 2: Any Player Penta Kill?,prop,2,2026-07-26 11:30:00,63.3,Yes,66038029669970943085539599906815658534383415176888891874357566339550511190880,0.02,0.5,0.26,0.48,284.41,284.41,284.41,283.36,283.36,283.36,2,17,
2026-07-26 10:26:41,707325,2937127,Game 2: Any Player Penta Kill?,prop,2,2026-07-26 11:30:00,63.3,No,108243573785504866846670751011227306342033087347942106483024385767926893893137,0.5,0.98,0.74,0.48,283.36,283.36,283.36,28131.59,28131.59,28131.59,17,2,
2026-07-26 10:26:41,707325,2937128,Game 2: Odd/Even Total Kills?,odd_even,2,2026-07-26 11:30:00,63.3,Odd,19046459412336706162274174292346990527909402837479037562063782856752361068020,0.49,0.51,0.5,0.02,103.53,103.53,103.53,105.31,122.27,122.27,21,20,13.88235
2026-07-26 10:26:41,707325,2937128,Game 2: Odd/Even Total Kills?,odd_even,2,2026-07-26 11:30:00,63.3,Even,82629926385052102733234526902389337541620929065574949781703569881064092391008,0.49,0.51,0.5,0.02,101.18,116.22,116.22,107.75,107.75,107.75,20,21,13.88235
2026-07-26 10:26:41,707325,2937129,Game 3: Both Teams Slay Baron Nashor?,prop,3,2026-07-26 11:30:00,63.3,Yes,61244497046674275642485084069702604339505856732587881597215259116144708333092,0.06,0.96,0.51,0.9,283.83,284.55,365.27,27.04,111.7,111.7,5,4,
2026-07-26 10:26:41,707325,2937129,Game 3: Both Teams Slay Baron Nashor?,prop,3,2026-07-26 11:30:00,63.3,No,89100649283241389183094422210167810314916773044139223632127630941439482190913,0.04,0.94,0.49,0.9,0.96,1.99,1.99,5391.28,5414.57,11406.93,4,5,
2026-07-26 10:26:41,707325,2937130,Game 3: Both Teams Slay a Dragon?,prop,3,2026-07-26 11:30:00,63.3,Yes,61931319711788818719785941194744853519042852362395051538602478434331464237456,0.04,0.83,0.435,0.79,0.96,1.99,1.99,1383.46,1383.46,1383.46,4,11,
2026-07-26 10:26:41,707325,2937130,Game 3: Both Teams Slay a Dragon?,prop,3,2026-07-26 11:30:00,63.3,No,40784377247799055533031638570294932155207181042105528818682161329331130044448,0.17,0.96,0.565,0.79,283.36,283.36,283.36,27.04,111.11,111.11,11,4,
2026-07-26 10:26:41,707325,2937131,Game 3: Both Teams Destroy Inhibitors?,prop,3,2026-07-26 11:30:00,63.3,Yes,14781789298496679970977396530268505467464816010824433964596590468763562327539,0.05,0.96,0.505,0.91,283.87,284.68,285.35,27.04,111.7,111.7,5,4,
2026-07-26 10:26:41,707325,2937131,Game 3: Both Teams Destroy Inhibitors?,prop,3,2026-07-26 11:30:00,63.3,No,16353494303384463079728608823165668272506625880821710621709074200748452870326,0.04,0.95,0.495,0.91,0.96,1.99,1.99,6810.24,6842.32,6908.21,4,5,
2026-07-26 10:26:41,707325,2937132,Game 3: Any Player Quadra Kill?,prop,3,2026-07-26 11:30:00,63.3,Yes,72071171523876747761377568226620879888523505696528898516319522136622853390246,0.04,0.98,0.51,0.94,283.36,284.41,284.41,78.95,78.95,78.95,3,2,
2026-07-26 10:26:41,707325,2937132,Game 3: Any Player Quadra Kill?,prop,3,2026-07-26 11:30:00,63.3,No,102258183932041188831269543275923995443013733629415085447455153920008232815287,0.02,0.96,0.49,0.94,1.05,1.05,1.05,6800.64,6879.59,6879.59,2,3,
2026-07-26 10:26:41,707325,2937133,Game 3: Any Player Penta Kill?,prop,3,2026-07-26 11:30:00,63.3,Yes,76558748093857936985933496781780950949094176105263956316893768466404038166862,0.02,0.98,0.5,0.96,284.41,284.41,284.41,78.95,78.95,78.95,2,2,
2026-07-26 10:26:41,707325,2937133,Game 3: Any Player Penta Kill?,prop,3,2026-07-26 11:30:00,63.3,No,29994454649689580353884333990148268547770099603303437838967454307545495138701,0.02,0.98,0.5,0.96,1.05,1.05,1.05,28131.59,28131.59,28131.59,2,2,
2026-07-26 10:26:41,707325,2937134,Game 3: Odd/Even Total Kills?,odd_even,3,2026-07-26 11:30:00,63.3,Odd,67061359804204064170847775939307622337976034015075582671056081912411246735041,0.49,0.51,0.5,0.02,103.53,103.53,103.53,105.31,122.27,122.27,20,22,13.88235
2026-07-26 10:26:41,707325,2937134,Game 3: Odd/Even Total Kills?,odd_even,3,2026-07-26 11:30:00,63.3,Even,33657511483178186255645751327779018121442853840529515356695642058732995281928,0.49,0.51,0.5,0.02,101.18,116.22,116.22,107.75,107.75,107.75,22,20,13.88235
2026-07-26 10:26:41,707325,3081189,First Blood in Game 2?,first_blood,2,2026-07-26 11:30:00,63.3,Anyone's Legend,38980013053585382627044557885461424899627433382200430835828700635583939175805,0.45,0.59,0.52,0.14,2.25,225.85,225.85,441.37,441.37,441.37,12,16,17.133927
2026-07-26 10:26:41,707325,3081189,First Blood in Game 2?,first_blood,2,2026-07-26 11:30:00,63.3,Bilibili Gaming,32915426582315848072394551356012463050233939458308904167277641843508739227112,0.41,0.55,0.48,0.14,306.72,306.72,306.72,2.75,299.15,299.15,16,12,17.133927
2026-07-26 10:26:41,707325,3081190,First Blood in Game 1?,first_blood,1,2026-07-26 11:30:00,63.3,Anyone's Legend,4433330408410316846803071700370086732714825654055559249370346850470709072952,0.31,0.52,0.415,0.21,3.0,3.0,3.0,3.36,256.82,256.82,15,18,396.02810200000005
2026-07-26 10:26:41,707325,3081190,First Blood in Game 1?,first_blood,1,2026-07-26 11:30:00,63.3,Bilibili Gaming,56265377411176358654576366202811500730949665241782657984499538378433436097441,0.48,0.69,0.585,0.21,3.11,219.01,219.01,6.68,6.68,6.68,18,15,396.02810200000005
2026-07-26 10:26:41,707325,3081191,Total Kills Over/Under 30.5 in Game 2?,total_kills,2,2026-07-26 11:30:00,63.3,Over,23437973508451351356330991082104110111477813117354578429013063563881774470443,0.52,0.53,0.525,0.01,658.02,1015.23,1206.8,656.2,977.95,1110.5,30,29,4596.1461
2026-07-26 10:26:41,707325,3081191,Total Kills Over/Under 30.5 in Game 2?,total_kills,2,2026-07-26 11:30:00,63.3,Under,43795506910926088362776940249733727340295848021891030089161568807434839732983,0.47,0.48,0.475,0.01,569.04,832.29,932.29,617.98,985.55,1193.08,29,30,4596.1461
2026-07-26 10:26:41,707325,3081192,Total Kills Over/Under 30.5 in Game 1?,total_kills,1,2026-07-26 11:30:00,63.3,Over,42413334049665637744079450278355110617992471546021782153366528621527176685032,0.51,0.55,0.53,0.04,25.5,1444.67,4264.67,81.58,358.25,358.25,24,22,432.734314
2026-07-26 10:26:41,707325,3081192,Total Kills Over/Under 30.5 in Game 1?,total_kills,1,2026-07-26 11:30:00,63.3,Under,108337392913264562280312318187593157873877600848046953117933229402235926120876,0.45,0.49,0.47,0.04,66.42,266.76,266.76,24.5,1550.58,4730.58,22,24,432.734314
2026-07-26 10:26:41,707325,3081193,Total Kills Over/Under 33.5 in Game 2?,total_kills,2,2026-07-26 11:30:00,63.3,Over,8586298549004551993442956533825310037264727331502800059723384947749880992529,0.33,0.43,0.38,0.1,327.7,327.7,333.7,146.72,146.72,146.72,19,15,
2026-07-26 10:26:41,707325,3081193,Total Kills Over/Under 33.5 in Game 2?,total_kills,2,2026-07-26 11:30:00,63.3,Under,110597114372405884962927286808742534536249688168361162103005224613607361053251,0.57,0.67,0.62,0.1,194.5,194.5,194.5,694.8,694.8,709.48,15,19,
2026-07-26 10:26:41,707325,3081194,Total Kills Over/Under 33.5 in Game 1?,total_kills,1,2026-07-26 11:30:00,63.3,Over,30552843765508490603664386461225254952089070999529702283764849905764612834885,0.32,0.42,0.37,0.1,287.74,287.74,293.74,231.4,231.4,231.4,17,18,
2026-07-26 10:26:41,707325,3081194,Total Kills Over/Under 33.5 in Game 1?,total_kills,1,2026-07-26 11:30:00,63.3,Under,53657580022631506873496992494579505139264461994954679282251091971010077831792,0.58,0.68,0.63,0.1,310.74,310.74,310.74,611.44,611.44,626.86,18,17,
2026-07-26 10:26:41,736890,3052479,LoL: CTBC Flying Oyster vs Deep Cross Gaming - Game 1 Winner,map,1,2026-07-26 11:30:00,63.3,CTBC Flying Oyster,71521575287636475096045332404185629095399143773628264514117454306007199480841,0.39,0.4,0.395,0.01,1375.5,1542.61,1690.76,1581.21,2659.86,2668.66,31,25,9.333332
2026-07-26 10:26:41,736890,3052479,LoL: CTBC Flying Oyster vs Deep Cross Gaming - Game 1 Winner,map,1,2026-07-26 11:30:00,63.3,Deep Cross Gaming,39590117977306280350282632265008116007789216183720872765380459731213899628117,0.6,0.61,0.605,0.01,2310.12,3768.45,3779.65,2224.5,2518.82,2797.72,25,31,9.333332
2026-07-26 10:26:41,736890,3052480,LoL: CTBC Flying Oyster vs Deep Cross Gaming - Game 2 Winner,map,2,2026-07-26 11:30:00,63.3,CTBC Flying Oyster,109885906322679681148991883157094493444282128986029602352195999308026187924331,0.39,0.4,0.395,0.01,810.89,950.34,1085.16,1586.88,2648.31,2665.91,32,25,14.666662
2026-07-26 10:26:41,736890,3052480,LoL: CTBC Flying Oyster vs Deep Cross Gaming - Game 2 Winner,map,2,2026-07-26 11:30:00,63.3,Deep Cross Gaming,38870680360291703970571093973856484238741940564373297411198274857317071595974,0.6,0.61,0.605,0.01,2318.45,3746.39,3768.79,1303.11,1548.24,1802.4,25,32,14.666662
2026-07-26 10:26:41,736890,3052481,LoL: CTBC Flying Oyster vs Deep Cross Gaming (BO3) - LCP Swiss Stage,series,,2026-07-26 11:30:00,63.3,CTBC Flying Oyster,57586146346446825587005453669947237781947799222163673887194665737186979613448,0.36,0.37,0.365,0.01,3270.35,3747.65,4878.05,3800.18,4955.66,4955.66,35,45,5036.661930000004
2026-07-26 10:26:41,736890,3052481,LoL: CTBC Flying Oyster vs Deep Cross Gaming (BO3) - LCP Swiss Stage,series,,2026-07-26 11:30:00,63.3,Deep Cross Gaming,90064521238776078697270676333212466788830421854924873857190397045247273130863,0.63,0.64,0.635,0.01,6419.71,8207.01,8207.01,5939.94,6887.64,9335.38,45,35,5036.661930000004
2026-07-26 10:26:41,736890,3052482,Games Total: O/U 2.5,total_games,,2026-07-26 11:30:00,63.3,Over,70785334181407060367979468201250880883022695399126612812966073356141850812126,0.46,0.47,0.465,0.01,435.78,911.03,1130.84,1795.05,2236.8,2822.11,31,30,307.47773899999993
2026-07-26 10:26:41,736890,3052482,Games Total: O/U 2.5,total_games,,2026-07-26 11:30:00,63.3,Under,80367379471462710927529014348196224757537607078223253684163611077199749683134,0.53,0.54,0.535,0.01,1969.57,2411.32,2972.31,530.99,1135.84,1452.15,30,31,307.47773899999993
2026-07-26 10:26:41,736890,3052483,Game Handicap: DCG (-1.5) vs CTBC Flying Oyster (+1.5),handicap,,2026-07-26 11:30:00,63.3,Deep Cross Gaming,114771035533348391295807474427941063253967262977389617345930611234931622968731,0.38,0.39,0.385,0.01,434.17,978.38,1046.58,416.45,652.44,809.47,26,25,118.620279
2026-07-26 10:26:41,736890,3052483,Game Handicap: DCG (-1.5) vs CTBC Flying Oyster (+1.5),handicap,,2026-07-26 11:30:00,63.3,CTBC Flying Oyster,60260317126783907918753574243184167839934636069510151677217431260238788371569,0.61,0.62,0.615,0.01,638.55,976.34,1176.31,723.59,1706.34,1843.14,25,26,118.620279
2026-07-26 10:26:41,736890,3052484,Game 1: Both Teams Slay Baron Nashor?,prop,1,2026-07-26 11:30:00,63.3,Yes,55930163078622578955369558180096887141745754065648753990812097129410814724663,0.06,0.5,0.28,0.44,283.36,284.08,385.15,283.36,283.36,283.36,4,20,
2026-07-26 10:26:41,736890,3052484,Game 1: Both Teams Slay Baron Nashor?,prop,1,2026-07-26 11:30:00,63.3,No,90851613694416264815414423039890414383060354502578887326713229858822972245042,0.5,0.94,0.72,0.44,283.36,283.36,283.36,4439.3,4462.57,12464.59,20,4,
2026-07-26 10:26:41,736890,3052485,Game 1: Both Teams Slay a Dragon?,prop,1,2026-07-26 11:30:00,63.3,Yes,73016011814704941860771810768415193927639219654779748677903467283639317311518,0.5,0.78,0.64,0.28,283.36,283.36,283.36,1004.64,1004.64,1004.64,18,10,
2026-07-26 10:26:41,736890,3052485,Game 1: Both Teams Slay a Dragon?,prop,1,2026-07-26 11:30:00,63.3,No,21940272714740746094576705969162767165811188553106194780853387571144404399479,0.22,0.5,0.36,0.28,283.36,283.36,283.36,283.36,283.36,283.36,10,18,
2026-07-26 10:26:41,736890,3052486,Game 1: Both Teams Destroy Inhibitors?,prop,1,2026-07-26 11:30:00,63.3,Yes,33949098752234671750991867401972597087729277565054435436488184300344722962425,0.05,0.5,0.275,0.45,283.75,284.16,304.99,283.36,283.36,283.36,4,20,
2026-07-26 10:26:41,736890,3052486,Game 1: Both Teams Destroy Inhibitors?,prop,1,2026-07-26 11:30:00,63.3,No,16414277153894333779191262845089833194248167569971626490446330413043338716068,0.5,0.95,0.725,0.45,283.36,283.36,283.36,6808.0,6828.38,8890.11,20,4,
2026-07-26 10:26:41,736890,3052487,Game 1: Any Player Quadra Kill?,prop,1,2026-07-26 11:30:00,63.3,Yes,101649088522163451962832747565377228046163265269815368770128966964216041932683,0.07,0.5,0.285,0.43,283.36,283.36,323.32,283.36,283.36,283.36,3,19,
2026-07-26 10:26:41,736890,3052487,Game 1: Any Player Quadra Kill?,prop,1,2026-07-26 11:30:00,63.3,No,92957476019898524194169915520517562997359581060419486720948662975940403084690,0.5,0.93,0.715,0.43,283.36,283.36,283.36,3764.64,3764.64,5722.67,19,3,
2026-07-26 10:26:41,736890,3052488,Game 1: Any Player Penta Kill?,prop,1,2026-07-26 11:30:00,63.3,Yes,21959813163866952713714797714998830980333811309156206694382628684240985120341,0.03,0.49,0.26,0.46,0.4,284.51,284.51,299.97,299.97,299.97,3,21,5
2026-07-26 10:26:41,736890,3052488,Game 1: Any Player Penta Kill?,prop,1,2026-07-26 11:30:00,63.3,No,114423894235640065200274051386655887628201197385762434436465287909408266191288,0.51,0.97,0.74,0.46,300.75,300.75,300.75,16.26,28143.15,28143.15,21,3,5
2026-07-26 10:26:41,736890,3052489,Game 1: Odd/Even Total Kills?,odd_even,1,2026-07-26 11:30:00,63.3,Odd,106524224823809686243319856007203472296880245926579232760253024812517158688343,0.49,0.51,0.5,0.02,7.76,7.76,7.76,8.07,8.07,8.07,18,21,
2026-07-26 10:26:41,736890,3052489,Game 1: Odd/Even Total Kills?,odd_even,1,2026-07-26 11:30:00,63.3,Even,78195817050052342110432753261154346747086053336518388547182213365009485990104,0.49,0.51,0.5,0.02,7.76,7.76,7.76,8.07,8.07,8.07,21,18,
2026-07-26 10:26:41,736890,3052490,Game 2: Both Teams Slay Baron Nashor?,prop,2,2026-07-26 11:30:00,63.3,Yes,12000771345972814179038997577587237975402218375634209714862805108810292830349,0.06,0.5,0.28,0.44,283.36,284.08,384.97,283.36,283.36,283.36,4,20,
2026-07-26 10:26:41,736890,3052490,Game 2: Both Teams Slay Baron Nashor?,prop,2,2026-07-26 11:30:00,63.3,No,103811352077251681645249690532042404809434759349442950298910155444596830937734,0.5,0.94,0.72,0.44,283.36,283.36,283.36,4439.3,4462.57,12446.77,20,4,
2026-07-26 10:26:41,736890,3052491,Game 2: Both Teams Slay a Dragon?,prop,2,2026-07-26 11:30:00,63.3,Yes,89978002906561773276902909302054036527923368144692348273325845907830320715603,0.5,0.78,0.64,0.28,283.36,283.36,283.36,1004.64,1004.64,1004.64,17,10,
2026-07-26 10:26:41,736890,3052491,Game 2: Both Teams Slay a Dragon?,prop,2,2026-07-26 11:30:00,63.3,No,8612622648159253686706541862231784873540801426715928153531413421379543624077,0.22,0.5,0.36,0.28,283.36,283.36,283.36,283.36,283.36,283.36,10,17,
2026-07-26 10:26:41,736890,3052492,Game 2: Both Teams Destroy Inhibitors?,prop,2,2026-07-26 11:30:00,63.3,Yes,43952911922821160676960004904676597297619329414798333169774975693616465977928,0.05,0.5,0.275,0.45,283.75,284.16,305.21,283.36,283.36,283.36,4,19,
2026-07-26 10:26:41,736890,3052492,Game 2: Both Teams Destroy Inhibitors?,prop,2,2026-07-26 11:30:00,63.3,No,67615663380589657418729066148981182269549808642561927272161980212086537872315,0.5,0.95,0.725,0.45,283.36,283.36,283.36,6808.02,6828.42,8911.8,19,4,
2026-07-26 10:26:41,736890,3052493,Game 2: Any Player Quadra Kill?,prop,2,2026-07-26 11:30:00,63.3,Yes,96366567966049579311794617414275785898766569962339791739576067193351443003866,0.07,0.5,0.285,0.43,283.36,283.36,323.32,283.36,283.36,283.36,3,19,
2026-07-26 10:26:41,736890,3052493,Game 2: Any Player Quadra Kill?,prop,2,2026-07-26 11:30:00,63.3,No,59958646587211222547429250611434273247851122568175672614926960277536166690835,0.5,0.93,0.715,0.43,283.36,283.36,283.36,3764.64,3764.64,5722.67,19,3,
2026-07-26 10:26:41,736890,3052494,Game 2: Any Player Penta Kill?,prop,2,2026-07-26 11:30:00,63.3,Yes,1781960628048658476732782344692754449865561761778181478383470910302117606583,0.01,0.49,0.25,0.48,283.91,283.91,283.91,302.47,302.47,302.47,1,17,
2026-07-26 10:26:41,736890,3052494,Game 2: Any Player Penta Kill?,prop,2,2026-07-26 11:30:00,63.3,No,90758528357136019696031990859442895406395209439504922982639421204319230474447,0.51,0.99,0.75,0.48,303.25,303.25,303.25,28107.09,28107.09,28107.09,17,1,
2026-07-26 10:26:41,736890,3052495,Game 2: Odd/Even Total Kills?,odd_even,2,2026-07-26 11:30:00,63.3,Odd,66010670579251642593733241128320720340638005203059572455247321750373769749851,0.49,0.51,0.5,0.02,7.76,7.76,7.76,8.07,8.07,8.07,18,18,
2026-07-26 10:26:41,736890,3052495,Game 2: Odd/Even Total Kills?,odd_even,2,2026-07-26 11:30:00,63.3,Even,16022148688901182992261602665079756196230042954685676356693000294092232646598,0.49,0.51,0.5,0.02,7.76,7.76,7.76,8.07,8.07,8.07,18,18,
2026-07-26 10:26:41,736890,3052496,Game 3: Both Teams Slay Baron Nashor?,prop,3,2026-07-26 11:30:00,63.3,Yes,83446175620320525838785580573055921774655009523144594489071918388698786572984,0.07,0.96,0.515,0.89,283.76,284.26,324.57,27.04,111.12,111.12,6,4,
2026-07-26 10:26:41,736890,3052496,Game 3: Both Teams Slay Baron Nashor?,prop,3,2026-07-26 11:30:00,63.3,No,27839595260195224565613982795485688915589715611417470061106766498687581726437,0.04,0.93,0.485,0.89,0.96,1.99,1.99,4444.63,4454.13,6423.5,4,6,
2026-07-26 10:26:41,736890,3052497,Game 3: Both Teams Slay a Dragon?,prop,3,2026-07-26 11:30:00,63.3,Yes,96361220704408087972297490708807575820470593378288536411656287722575740551724,0.48,0.78,0.63,0.3,283.36,283.36,283.36,1004.64,1004.64,1004.64,17,10,
2026-07-26 10:26:41,736890,3052497,Game 3: Both Teams Slay a Dragon?,prop,3,2026-07-26 11:30:00,63.3,No,70470080594771850271651491791372680407939268531310532447170035725968336073306,0.22,0.52,0.37,0.3,283.36,283.36,283.36,306.97,306.97,306.97,10,17,
2026-07-26 10:26:41,736890,3052498,Game 3: Both Teams Destroy Inhibitors?,prop,3,2026-07-26 11:30:00,63.3,Yes,94773152235372501297877622625991765584025067516499251566411987488172068728367,0.05,0.96,0.505,0.91,284.35,284.68,285.35,27.04,111.12,111.12,4,4,
2026-07-26 10:26:41,736890,3052498,Game 3: Both Teams Destroy Inhibitors?,prop,3,2026-07-26 11:30:00,63.3,No,108231071859265839888344903665915676312933895972262750066306312021603704593765,0.04,0.95,0.495,0.91,0.96,1.99,1.99,6821.76,6837.94,6904.59,4,4,
2026-07-26 10:26:41,736890,3052499,Game 3: Any Player Quadra Kill?,prop,3,2026-07-26 11:30:00,63.3,Yes,32700710701231231337167047156639829570843467744671749304762837833951607016424,0.04,0.98,0.51,0.94,283.84,284.39,284.39,78.95,78.95,78.95,2,2,
2026-07-26 10:26:41,736890,3052499,Game 3: Any Player Quadra Kill?,prop,3,2026-07-26 11:30:00,63.3,No,70811910071987814299292014733431348467289587089778287902020349291891972107674,0.02,0.96,0.49,0.94,1.05,1.05,1.05,6812.16,6866.61,6866.61,2,2,
2026-07-26 10:26:41,736890,3052500,Game 3: Any Player Penta Kill?,prop,3,2026-07-26 11:30:00,63.3,Yes,44379163762100137095413636216700888863260105260256423554840126005173639820220,0.05,0.98,0.515,0.93,18.9,19.4,303.31,78.95,78.95,78.95,3,2,
2026-07-26 10:26:41,736890,3052500,Game 3: Any Player Penta Kill?,prop,3,2026-07-26 11:30:00,63.3,No,15895603730008518303460534112995105647594820962859728242774851613096137775015,0.02,0.95,0.485,0.93,1.05,1.05,1.05,359.1,383.6,28490.69,2,3,
2026-07-26 10:26:41,736890,3052501,Game 3: Odd/Even Total Kills?,odd_even,3,2026-07-26 11:30:00,63.3,Odd,4870308047937102388014621915893490554009904331373589192963145626162341143455,0.49,0.51,0.5,0.02,7.76,7.76,7.76,8.07,8.07,8.07,19,19,
2026-07-26 10:26:41,736890,3052501,Game 3: Odd/Even Total Kills?,odd_even,3,2026-07-26 11:30:00,63.3,Even,31234809864956988325414297800540885817219094799343763341780055599335218902132,0.49,0.51,0.5,0.02,7.76,7.76,7.76,8.07,8.07,8.07,19,19,
2026-07-26 10:26:41,736890,3069017,First Blood in Game 1?,first_blood,1,2026-07-26 11:30:00,63.3,CTBC Flying Oyster,10034635439924301464623004628260950424769887226181602115942511171456132426412,0.03,0.99,0.51,0.96,3.79,8.46,8.46,545.49,545.49,545.49,3,1,
2026-07-26 10:26:41,736890,3069017,First Blood in Game 1?,first_blood,1,2026-07-26 11:30:00,63.3,Deep Cross Gaming,42112641630084565630644064718185101009115107292327374745517852418033925030609,0.01,0.97,0.49,0.96,5.51,5.51,5.51,174.98,636.48,636.48,1,3,
2026-07-26 10:26:41,736890,3069018,First Blood in Game 2?,first_blood,2,2026-07-26 11:30:00,63.3,CTBC Flying Oyster,28520010537912648515892721739827822568637691490463571717702357910912598216298,0.02,0.97,0.495,0.95,8.46,8.46,8.46,174.85,642.15,642.15,2,3,
2026-07-26 10:26:41,736890,3069018,First Blood in Game 2?,first_blood,2,2026-07-26 11:30:00,63.3,Deep Cross Gaming,89564247182998597463969073457595021151365650057367631723452647497777804141652,0.03,0.98,0.505,0.95,3.79,8.51,8.51,687.05,687.05,687.05,3,2,
2026-07-26 10:32:31,707325,2937091,LoL: Anyone's Legend vs Bilibili Gaming - Game 1 Winner,map,1,2026-07-26 11:30:00,57.5,Anyone's Legend,106906185790690167849895063392041009115494273917041294569591008180490173521485,0.43,0.44,0.435,0.01,9566.12,11540.57,12141.37,8558.98,11494.08,14149.44,36,34,2296.27069
2026-07-26 10:32:31,707325,2937091,LoL: Anyone's Legend vs Bilibili Gaming - Game 1 Winner,map,1,2026-07-26 11:30:00,57.5,Bilibili Gaming,51653736840206909477127809769417338510771268257928893059964060309325560583787,0.56,0.57,0.565,0.01,10515.12,13892.59,16769.23,13204.06,16102.61,17059.03,34,36,2296.27069
2026-07-26 10:32:31,707325,2937092,LoL: Anyone's Legend vs Bilibili Gaming - Game 2 Winner,map,2,2026-07-26 11:30:00,57.5,Anyone's Legend,3632761527830851126218403972215896322866498280718052589856316229871893863849,0.43,0.44,0.435,0.01,1024.72,3663.13,3926.25,1779.92,4671.83,4936.79,36,37,3496.6275040000005
2026-07-26 10:32:31,707325,2937092,LoL: Anyone's Legend vs Bilibili Gaming - Game 2 Winner,map,2,2026-07-26 11:30:00,57.5,Bilibili Gaming,70779665945520640638060284527025322569040195676030813411312036650498709891533,0.56,0.57,0.565,0.01,2220.09,5559.63,5846.67,1413.48,5268.81,5688.69,37,36,3496.6275040000005
2026-07-26 10:32:31,707325,2937114,LoL: Anyone's Legend vs Bilibili Gaming (BO3) - LPL Group Ascend,series,,2026-07-26 11:30:00,57.5,Anyone's Legend,83927624320717567322293360465565771333925478452952852805782756307712776908686,0.39,0.4,0.395,0.01,42237.25,62213.74,73306.03,51126.0,62135.52,63534.09,35,42,148656.80824500005
2026-07-26 10:32:31,707325,2937114,LoL: Anyone's Legend vs Bilibili Gaming (BO3) - LPL Group Ascend,series,,2026-07-26 11:30:00,57.5,Bilibili Gaming,113359571003047396767826426301838860151873706137356935468347609290162612073776,0.6,0.61,0.605,0.01,75859.5,90524.22,92304.22,67241.21,101289.16,122314.62,42,35,148656.80824500005
2026-07-26 10:32:31,707325,2937115,Games Total: O/U 2.5,total_games,,2026-07-26 11:30:00,57.5,Over,96722104278692088864245402190624922595785938161886735538042885922816494963748,0.48,0.49,0.485,0.01,945.55,3166.85,4239.47,7568.3,13522.53,13756.2,36,34,5599.880807000002
2026-07-26 10:32:31,707325,2937115,Games Total: O/U 2.5,total_games,,2026-07-26 11:30:00,57.5,Under,100077604143401124111462680244982754750901478819651333547594375692625089979294,0.51,0.52,0.515,0.01,7686.95,13327.4,13532.73,1057.8,3719.76,5097.85,34,36,5599.880807000002
2026-07-26 10:32:31,707325,2937116,Game Handicap: BLG (-1.5) vs Anyone's Legend (+1.5),handicap,,2026-07-26 11:30:00,57.5,Bilibili Gaming,42449476321480753476908263842860461479311712176117706366122887640797055712452,0.32,0.33,0.325,0.01,8290.47,8871.47,9419.31,2142.66,9926.78,9926.78,23,30,4908.291536999999
2026-07-26 10:32:31,707325,2937116,Game Handicap: BLG (-1.5) vs Anyone's Legend (+1.5),handicap,,2026-07-26 11:30:00,57.5,Anyone's Legend,102400219958593484908967793580148013055443120591803397478891753493119097650382,0.67,0.68,0.675,0.01,4315.8,18709.93,18709.93,18443.81,19812.63,21291.79,30,23,4908.291536999999
2026-07-26 10:32:31,707325,2937117,Game 1: Both Teams Slay Baron Nashor?,prop,1,2026-07-26 11:30:00,57.5,Yes,114415780908852448239778907487610815370694530579935091883476088315809736210722,0.04,0.63,0.335,0.59,40.91,81.91,81.91,85.21,105.94,105.94,4,18,
2026-07-26 10:32:31,707325,2937117,Game 1: Both Teams Slay Baron Nashor?,prop,1,2026-07-26 11:30:00,57.5,No,69622048401300544909555152785955652324852445957989816090538030596670288415532,0.37,0.96,0.665,0.59,49.25,59.93,59.93,1318.95,5362.06,5362.06,18,4,
2026-07-26 10:32:31,707325,2937118,Game 1: Both Teams Slay a Dragon?,prop,1,2026-07-26 11:30:00,57.5,Yes,103264526758415589256682305065439803261059341791516885088481784183499929620187,0.34,0.94,0.64,0.6,31.13,49.25,100.89,629.13,1617.51,3937.78,19,6,
2026-07-26 10:32:31,707325,2937118,Game 1: Both Teams Slay a Dragon?,prop,1,2026-07-26 11:30:00,57.5,No,2622793839582080428033213990019869727259708694379411953743560135095559157283,0.06,0.66,0.36,0.6,33.17,65.64,91.9,62.23,100.74,225.94,6,19,
2026-07-26 10:32:31,707325,2937119,Game 1: Both Teams Destroy Inhibitors?,prop,1,2026-07-26 11:30:00,57.5,Yes,100121916458454112344079324782314142235919731936939799786383598040561112105688,0.04,0.59,0.315,0.55,0.76,1.99,1.99,46.04,74.38,93.37,4,18,
2026-07-26 10:32:31,707325,2937119,Game 1: Both Teams Destroy Inhibitors?,prop,1,2026-07-26 11:30:00,57.5,No,100016836476763669206403787100302699394853063609681852225247420290009376570577,0.41,0.96,0.685,0.55,31.13,49.25,59.93,22.25,117.88,117.88,18,4,
2026-07-26 10:32:31,707325,2937120,Game 1: Any Player Quadra Kill?,prop,1,2026-07-26 11:30:00,57.5,Yes,45318175528046335607161226081376899606223344684940530995183027781024555859886,0.02,0.72,0.37,0.7,80.97,80.97,80.97,56.63,168.89,198.69,2,16,
2026-07-26 10:32:31,707325,2937120,Game 1: Any Player Quadra Kill?,prop,1,2026-07-26 11:30:00,57.5,No,31434111651714615066570618174045427246713506719122982526171458180679343117813,0.28,0.98,0.63,0.7,21.47,59.93,68.83,5993.03,5993.03,5993.03,16,2,
2026-07-26 10:32:31,707325,2937121,Game 1: Any Player Penta Kill?,prop,1,2026-07-26 11:30:00,57.5,Yes,66350550523881356308587509642800111816810263665107126951496660572488969712181,0.02,0.72,0.37,0.7,1.05,1.05,1.05,56.63,168.89,198.69,2,17,
2026-07-26 10:32:31,707325,2937121,Game 1: Any Player Penta Kill?,prop,1,2026-07-26 11:30:00,57.5,No,29336976172418728190894676475105321596156005151771442793581497417031302072161,0.28,0.98,0.63,0.7,21.47,59.93,68.83,78.95,78.95,78.95,17,2,
2026-07-26 10:32:31,707325,2937122,Game 1: Odd/Even Total Kills?,odd_even,1,2026-07-26 11:30:00,57.5,Odd,83841019885738630578856410559180193372150701871896473243307611242181928235613,0.49,0.5,0.495,0.01,98.0,98.0,98.0,152.0,152.0,152.0,21,20,13.88235
2026-07-26 10:32:31,707325,2937122,Game 1: Odd/Even Total Kills?,odd_even,1,2026-07-26 11:30:00,57.5,Even,26667579112015225451017888617183051735195330785239914001198998315201530353149,0.5,0.51,0.505,0.01,148.0,148.0,148.0,102.0,102.0,102.0,20,21,13.88235
2026-07-26 10:32:31,707325,2937123,Game 2: Both Teams Slay Baron Nashor?,prop,2,2026-07-26 11:30:00,57.5,Yes,54798490823067512845436182415523194156850341534569660902309484636297929270791,0.04,0.64,0.34,0.6,40.91,81.91,81.91,56.95,92.12,114.82,4,19,
2026-07-26 10:32:31,707325,2937123,Game 2: Both Teams Slay Baron Nashor?,prop,2,2026-07-26 11:30:00,57.5,No,91461497856653500101438322587010402057326619689411913388834504433116328304804,0.36,0.96,0.66,0.6,31.13,49.25,59.93,1318.95,5362.06,5362.06,19,4,
2026-07-26 10:32:31,707325,2937124,Game 2: Both Teams Slay a Dragon?,prop,2,2026-07-26 11:30:00,57.5,Yes,110846714174846879664879320876288679504383438700685819386860084951761769773969,0.36,0.94,0.65,0.58,49.25,59.93,59.93,629.13,1617.51,3937.78,18,6,
2026-07-26 10:32:31,707325,2937124,Game 2: Both Teams Slay a Dragon?,prop,2,2026-07-26 11:30:00,57.5,No,4706188841464342218583938106863793911505779608297721893085790929991872662849,0.06,0.64,0.35,0.58,33.17,65.64,91.9,88.99,110.67,110.67,6,18,
2026-07-26 10:32:31,707325,2937125,Game 2: Both Teams Destroy Inhibitors?,prop,2,2026-07-26 11:30:00,57.5,Yes,54527946282244187894168294340809007593961982383702900104353902689449374670637,0.04,0.59,0.315,0.55,0.76,1.99,1.99,71.97,88.68,88.68,4,17,
2026-07-26 10:32:31,707325,2937125,Game 2: Both Teams Destroy Inhibitors?,prop,2,2026-07-26 11:30:00,57.5,No,43456222045537077012251674511630404144739820840770946950135930097892263315523,0.41,0.96,0.685,0.55,49.25,59.93,59.93,22.25,117.88,117.88,17,4,
2026-07-26 10:32:31,707325,2937126,Game 2: Any Player Quadra Kill?,prop,2,2026-07-26 11:30:00,57.5,Yes,111468803831513867086361238422212971155294378792127765934121528957551820980754,0.02,0.72,0.37,0.7,80.97,80.97,80.97,82.74,166.36,196.16,2,16,
2026-07-26 10:32:31,707325,2937126,Game 2: Any Player Quadra Kill?,prop,2,2026-07-26 11:30:00,57.5,No,84935760242847362360157307028896918431097593483649789353414838330964599356851,0.28,0.98,0.63,0.7,31.13,59.93,68.83,5993.03,5993.03,5993.03,16,2,
2026-07-26 10:32:31,707325,2937127,Game 2: Any Player Penta Kill?,prop,2,2026-07-26 11:30:00,57.5,Yes,66038029669970943085539599906815658534383415176888891874357566339550511190880,0.02,0.72,0.37,0.7,1.05,1.05,1.05,56.63,168.89,198.69,2,16,
2026-07-26 10:32:31,707325,2937127,Game 2: Any Player Penta Kill?,prop,2,2026-07-26 11:30:00,57.5,No,108243573785504866846670751011227306342033087347942106483024385767926893893137,0.28,0.98,0.63,0.7,21.47,59.93,68.83,78.95,78.95,78.95,16,2,
2026-07-26 10:32:31,707325,2937128,Game 2: Odd/Even Total Kills?,odd_even,2,2026-07-26 11:30:00,57.5,Odd,19046459412336706162274174292346990527909402837479037562063782856752361068020,0.49,0.51,0.5,0.02,98.0,98.0,98.0,102.0,118.96,118.96,19,19,13.88235
2026-07-26 10:32:31,707325,2937128,Game 2: Odd/Even Total Kills?,odd_even,2,2026-07-26 11:30:00,57.5,Even,82629926385052102733234526902389337541620929065574949781703569881064092391008,0.49,0.51,0.5,0.02,98.0,113.04,113.04,102.0,102.0,102.0,19,19,13.88235
2026-07-26 10:32:31,707325,2937129,Game 3: Both Teams Slay Baron Nashor?,prop,3,2026-07-26 11:30:00,57.5,Yes,61244497046674275642485084069702604339505856732587881597215259116144708333092,0.04,0.96,0.5,0.92,1.19,81.91,81.91,27.04,111.7,111.7,4,4,
2026-07-26 10:32:31,707325,2937129,Game 3: Both Teams Slay Baron Nashor?,prop,3,2026-07-26 11:30:00,57.5,No,89100649283241389183094422210167810314916773044139223632127630941439482190913,0.04,0.96,0.5,0.92,0.96,1.99,1.99,34.57,6021.08,6021.08,4,4,
2026-07-26 10:32:31,707325,2937130,Game 3: Both Teams Slay a Dragon?,prop,3,2026-07-26 11:30:00,57.5,Yes,61931319711788818719785941194744853519042852362395051538602478434331464237456,0.04,0.9,0.47,0.86,0.96,1.99,1.99,332.46,882.45,1468.98,4,10,
2026-07-26 10:32:31,707325,2937130,Game 3: Both Teams Slay a Dragon?,prop,3,2026-07-26 11:30:00,57.5,No,40784377247799055533031638570294932155207181042105528818682161329331130044448,0.1,0.96,0.53,0.86,34.85,78.34,111.33,27.04,111.11,111.11,10,4,
2026-07-26 10:32:31,707325,2937131,Game 3: Both Teams Destroy Inhibitors?,prop,3,2026-07-26 11:30:00,57.5,Yes,14781789298496679970977396530268505467464816010824433964596590468763562327539,0.04,0.96,0.5,0.92,0.99,1.99,1.99,27.04,111.7,111.7,4,4,
2026-07-26 10:32:31,707325,2937131,Game 3: Both Teams Destroy Inhibitors?,prop,3,2026-07-26 11:30:00,57.5,No,16353494303384463079728608823165668272506625880821710621709074200748452870326,0.04,0.96,0.5,0.92,0.96,1.99,1.99,27.65,110.1,110.1,4,4,
2026-07-26 10:32:31,707325,2937132,Game 3: Any Player Quadra Kill?,prop,3,2026-07-26 11:30:00,57.5,Yes,72071171523876747761377568226620879888523505696528898516319522136622853390246,0.02,0.98,0.5,0.96,1.05,1.05,1.05,78.95,78.95,78.95,2,2,
2026-07-26 10:32:31,707325,2937132,Game 3: Any Player Quadra Kill?,prop,3,2026-07-26 11:30:00,57.5,No,102258183932041188831269543275923995443013733629415085447455153920008232815287,0.02,0.98,0.5,0.96,1.05,1.05,1.05,78.95,78.95,78.95,2,2,
2026-07-26 10:32:31,707325,2937133,Game 3: Any Player Penta Kill?,prop,3,2026-07-26 11:30:00,57.5,Yes,76558748093857936985933496781780950949094176105263956316893768466404038166862,0.02,0.98,0.5,0.96,1.05,1.05,1.05,78.95,78.95,78.95,2,2,
2026-07-26 10:32:31,707325,2937133,Game 3: Any Player Penta Kill?,prop,3,2026-07-26 11:30:00,57.5,No,29994454649689580353884333990148268547770099603303437838967454307545495138701,0.02,0.98,0.5,0.96,1.05,1.05,1.05,78.95,78.95,78.95,2,2,
2026-07-26 10:32:31,707325,2937134,Game 3: Odd/Even Total Kills?,odd_even,3,2026-07-26 11:30:00,57.5,Odd,67061359804204064170847775939307622337976034015075582671056081912411246735041,0.49,0.51,0.5,0.02,98.0,98.0,98.0,102.0,118.96,118.96,18,20,13.88235
2026-07-26 10:32:31,707325,2937134,Game 3: Odd/Even Total Kills?,odd_even,3,2026-07-26 11:30:00,57.5,Even,33657511483178186255645751327779018121442853840529515356695642058732995281928,0.49,0.51,0.5,0.02,98.0,113.04,113.04,102.0,102.0,102.0,20,18,13.88235
2026-07-26 10:32:31,707325,3081189,First Blood in Game 2?,first_blood,2,2026-07-26 11:30:00,57.5,Anyone's Legend,38980013053585382627044557885461424899627433382200430835828700635583939175805,0.45,0.67,0.56,0.22,2.25,2.25,2.25,6.09,6.09,6.09,11,16,17.133927
2026-07-26 10:32:31,707325,3081189,First Blood in Game 2?,first_blood,2,2026-07-26 11:30:00,57.5,Bilibili Gaming,32915426582315848072394551356012463050233939458308904167277641843508739227112,0.33,0.55,0.44,0.22,3.0,3.0,3.0,2.75,2.75,2.75,16,11,17.133927
2026-07-26 10:32:31,707325,3081190,First Blood in Game 1?,first_blood,1,2026-07-26 11:30:00,57.5,Anyone's Legend,4433330408410316846803071700370086732714825654055559249370346850470709072952,0.31,0.52,0.415,0.21,3.0,3.0,3.0,3.36,3.36,3.36,16,16,396.02810200000005
2026-07-26 10:32:31,707325,3081190,First Blood in Game 1?,first_blood,1,2026-07-26 11:30:00,57.5,Bilibili Gaming,56265377411176358654576366202811500730949665241782657984499538378433436097441,0.48,0.69,0.585,0.21,3.11,3.11,3.11,6.68,6.68,6.68,16,16,396.02810200000005
2026-07-26 10:32:31,707325,3081191,Total Kills Over/Under 30.5 in Game 2?,total_kills,2,2026-07-26 11:30:00,57.5,Over,23437973508451351356330991082104110111477813117354578429013063563881774470443,0.52,0.53,0.525,0.01,658.02,1015.23,1115.23,656.2,977.95,1110.5,30,28,4596.1461
2026-07-26 10:32:31,707325,3081191,Total Kills Over/Under 30.5 in Game 2?,total_kills,2,2026-07-26 11:30:00,57.5,Under,43795506910926088362776940249733727340295848021891030089161568807434839732983,0.47,0.48,0.475,0.01,569.04,832.29,932.29,617.98,985.55,1093.88,28,30,4596.1461
2026-07-26 10:32:31,707325,3081192,Total Kills Over/Under 30.5 in Game 1?,total_kills,1,2026-07-26 11:30:00,57.5,Over,42413334049665637744079450278355110617992471546021782153366528621527176685032,0.49,0.55,0.52,0.06,84.62,2904.62,2904.62,81.58,237.87,237.87,20,22,432.734314
2026-07-26 10:32:31,707325,3081192,Total Kills Over/Under 30.5 in Game 1?,total_kills,1,2026-07-26 11:30:00,57.5,Under,108337392913264562280312318187593157873877600848046953117933229402235926120876,0.45,0.51,0.48,0.06,66.42,179.59,179.59,88.08,3268.08,3268.08,22,20,432.734314
2026-07-26 10:32:31,707325,3081193,Total Kills Over/Under 33.5 in Game 2?,total_kills,2,2026-07-26 11:30:00,57.5,Over,8586298549004551993442956533825310037264727331502800059723384947749880992529,0.33,0.43,0.38,0.1,116.5,116.5,122.5,75.43,75.43,75.43,19,14,
2026-07-26 10:32:31,707325,3081193,Total Kills Over/Under 33.5 in Game 2?,total_kills,2,2026-07-26 11:30:00,57.5,Under,110597114372405884962927286808742534536249688168361162103005224613607361053251,0.57,0.67,0.62,0.1,100.0,100.0,100.0,246.0,246.0,260.68,14,19,
2026-07-26 10:32:31,707325,3081194,Total Kills Over/Under 33.5 in Game 1?,total_kills,1,2026-07-26 11:30:00,57.5,Over,30552843765508490603664386461225254952089070999529702283764849905764612834885,0.32,0.42,0.37,0.1,100.0,100.0,100.0,72.41,72.41,72.41,14,16,
2026-07-26 10:32:31,707325,3081194,Total Kills Over/Under 33.5 in Game 1?,total_kills,1,2026-07-26 11:30:00,57.5,Under,53657580022631506873496992494579505139264461994954679282251091971010077831792,0.58,0.68,0.63,0.1,100.0,100.0,100.0,212.5,212.5,212.5,16,14,
2026-07-26 10:32:31,736890,3052479,LoL: CTBC Flying Oyster vs Deep Cross Gaming - Game 1 Winner,map,1,2026-07-26 11:30:00,57.5,CTBC Flying Oyster,71521575287636475096045332404185629095399143773628264514117454306007199480841,0.39,0.4,0.395,0.01,995.5,1162.61,1324.23,941.88,2032.44,3097.24,32,26,9.333332
2026-07-26 10:32:31,736890,3052479,LoL: CTBC Flying Oyster vs Deep Cross Gaming - Game 1 Winner,map,1,2026-07-26 11:30:00,57.5,Deep Cross Gaming,39590117977306280350282632265008116007789216183720872765380459731213899628117,0.6,0.61,0.605,0.01,1376.12,2838.6,4193.8,1604.5,1898.82,2203.86,26,32,9.333332
2026-07-26 10:32:31,736890,3052480,LoL: CTBC Flying Oyster vs Deep Cross Gaming - Game 2 Winner,map,2,2026-07-26 11:30:00,57.5,CTBC Flying Oyster,109885906322679681148991883157094493444282128986029602352195999308026187924331,0.39,0.4,0.395,0.01,810.89,950.34,1098.63,947.55,1795.66,1813.26,32,24,14.666662
2026-07-26 10:32:31,736890,3052480,LoL: CTBC Flying Oyster vs Deep Cross Gaming - Game 2 Winner,map,2,2026-07-26 11:30:00,57.5,Deep Cross Gaming,38870680360291703970571093973856484238741940564373297411198274857317071595974,0.6,0.61,0.605,0.01,1384.45,2528.58,2550.98,1303.11,1548.24,1828.54,24,32,14.666662
2026-07-26 10:32:31,736890,3052481,LoL: CTBC Flying Oyster vs Deep Cross Gaming (BO3) - LCP Swiss Stage,series,,2026-07-26 11:30:00,57.5,CTBC Flying Oyster,57586146346446825587005453669947237781947799222163673887194665737186979613448,0.36,0.37,0.365,0.01,3274.67,3557.22,4689.2,3484.27,4639.75,4639.75,35,45,5252.7819300000065
2026-07-26 10:32:31,736890,3052481,LoL: CTBC Flying Oyster vs Deep Cross Gaming (BO3) - LCP Swiss Stage,series,,2026-07-26 11:30:00,57.5,Deep Cross Gaming,90064521238776078697270676333212466788830421854924873857190397045247273130863,0.63,0.64,0.635,0.01,5806.96,7594.26,7594.26,5947.62,6515.07,8966.33,45,35,5252.7819300000065
2026-07-26 10:32:31,736890,3052482,Games Total: O/U 2.5,total_games,,2026-07-26 11:30:00,57.5,Over,70785334181407060367979468201250880883022695399126612812966073356141850812126,0.45,0.46,0.455,0.01,657.09,657.09,836.61,364.39,868.44,1366.35,28,29,307.47773899999993
2026-07-26 10:32:31,736890,3052482,Games Total: O/U 2.5,total_games,,2026-07-26 11:30:00,57.5,Under,80367379471462710927529014348196224757537607078223253684163611077199749683134,0.54,0.55,0.545,0.01,412.61,958.66,1447.05,816.01,816.01,1085.29,29,28,307.47773899999993
2026-07-26 10:32:31,736890,3052483,Game Handicap: DCG (-1.5) vs CTBC Flying Oyster (+1.5),handicap,,2026-07-26 11:30:00,57.5,Deep Cross Gaming,114771035533348391295807474427941063253967262977389617345930611234931622968731,0.38,0.39,0.385,0.01,244.17,788.38,823.58,216.45,452.44,565.47,26,21,118.620279
2026-07-26 10:32:31,736890,3052483,Game Handicap: DCG (-1.5) vs CTBC Flying Oyster (+1.5),handicap,,2026-07-26 11:30:00,57.5,CTBC Flying Oyster,60260317126783907918753574243184167839934636069510151677217431260238788371569,0.61,0.62,0.615,0.01,338.55,676.34,820.31,413.59,1396.34,1466.14,21,26,118.620279
2026-07-26 10:32:31,736890,3052484,Game 1: Both Teams Slay Baron Nashor?,prop,1,2026-07-26 11:30:00,57.5,Yes,55930163078622578955369558180096887141745754065648753990812097129410814724663,0.03,0.72,0.375,0.69,40.79,81.43,81.43,82.74,166.36,196.45,3,19,
2026-07-26 10:32:31,736890,3052484,Game 1: Both Teams Slay Baron Nashor?,prop,1,2026-07-26 11:30:00,57.5,No,90851613694416264815414423039890414383060354502578887326713229858822972245042,0.28,0.97,0.625,0.69,31.13,59.93,68.92,1986.7,6009.65,6009.65,19,3,
2026-07-26 10:32:31,736890,3052485,Game 1: Both Teams Slay a Dragon?,prop,1,2026-07-26 11:30:00,57.5,Yes,73016011814704941860771810768415193927639219654779748677903467283639317311518,0.28,0.9,0.59,0.62,49.25,59.93,68.83,459.42,937.53,1506.95,17,9,
2026-07-26 10:32:31,736890,3052485,Game 1: Both Teams Slay a Dragon?,prop,1,2026-07-26 11:30:00,57.5,No,21940272714740746094576705969162767165811188553106194780853387571144404399479,0.1,0.72,0.41,0.62,49.95,90.41,120.37,129.04,159.45,189.25,9,17,
2026-07-26 10:32:31,736890,3052486,Game 1: Both Teams Destroy Inhibitors?,prop,1,2026-07-26 11:30:00,57.5,Yes,33949098752234671750991867401972597087729277565054435436488184300344722962425,0.02,0.72,0.37,0.7,1.37,1.37,1.37,56.63,168.89,213.43,2,19,
2026-07-26 10:32:31,736890,3052486,Game 1: Both Teams Destroy Inhibitors?,prop,1,2026-07-26 11:30:00,57.5,No,16414277153894333779191262845089833194248167569971626490446330413043338716068,0.28,0.98,0.63,0.7,21.47,59.93,73.24,115.32,115.32,115.32,19,2,
2026-07-26 10:32:31,736890,3052487,Game 1: Any Player Quadra Kill?,prop,1,2026-07-26 11:30:00,57.5,Yes,101649088522163451962832747565377228046163265269815368770128966964216041932683,0.02,0.72,0.37,0.7,80.47,80.47,80.47,56.63,168.89,198.69,2,17,
2026-07-26 10:32:31,736890,3052487,Game 1: Any Player Quadra Kill?,prop,1,2026-07-26 11:30:00,57.5,No,92957476019898524194169915520517562997359581060419486720948662975940403084690,0.28,0.98,0.63,0.7,21.47,59.93,68.83,5968.53,5968.53,5968.53,17,2,
2026-07-26 10:32:31,736890,3052488,Game 1: Any Player Penta Kill?,prop,1,2026-07-26 11:30:00,57.5,Yes,21959813163866952713714797714998830980333811309156206694382628684240985120341,0.03,0.5,0.265,0.47,0.4,1.15,1.15,20.0,20.0,20.0,3,19,5
2026-07-26 10:32:31,736890,3052488,Game 1: Any Player Penta Kill?,prop,1,2026-07-26 11:30:00,57.5,No,114423894235640065200274051386655887628201197385762434436465287909408266191288,0.5,0.97,0.735,0.47,20.0,20.0,20.0,16.26,90.51,90.51,19,3,5
2026-07-26 10:32:31,736890,3052489,Game 1: Odd/Even Total Kills?,odd_even,1,2026-07-26 11:30:00,57.5,Odd,106524224823809686243319856007203472296880245926579232760253024812517158688343,0.49,0.51,0.5,0.02,7.76,7.76,7.76,8.07,8.07,8.07,16,19,
2026-07-26 10:32:31,736890,3052489,Game 1: Odd/Even Total Kills?,odd_even,1,2026-07-26 11:30:00,57.5,Even,78195817050052342110432753261154346747086053336518388547182213365009485990104,0.49,0.51,0.5,0.02,7.76,7.76,7.76,8.07,8.07,8.07,19,16,
2026-07-26 10:32:31,736890,3052490,Game 2: Both Teams Slay Baron Nashor?,prop,2,2026-07-26 11:30:00,57.5,Yes,12000771345972814179038997577587237975402218375634209714862805108810292830349,0.03,0.72,0.375,0.69,40.79,81.43,81.43,56.63,168.89,198.69,3,19,
2026-07-26 10:32:31,736890,3052490,Game 2: Both Teams Slay Baron Nashor?,prop,2,2026-07-26 11:30:00,57.5,No,103811352077251681645249690532042404809434759349442950298910155444596830937734,0.28,0.97,0.625,0.69,21.47,59.93,68.83,1986.7,6009.65,6009.65,19,3,
2026-07-26 10:32:31,736890,3052491,Game 2: Both Teams Slay a Dragon?,prop,2,2026-07-26 11:30:00,57.5,Yes,89978002906561773276902909302054036527923368144692348273325845907830320715603,0.28,0.9,0.59,0.62,59.93,59.93,68.83,459.42,937.53,1506.95,15,9,
2026-07-26 10:32:31,736890,3052491,Game 2: Both Teams Slay a Dragon?,prop,2,2026-07-26 11:30:00,57.5,No,8612622648159253686706541862231784873540801426715928153531413421379543624077,0.1,0.72,0.41,0.62,49.95,90.41,120.37,155.53,155.53,185.33,9,15,
2026-07-26 10:32:31,736890,3052492,Game 2: Both Teams Destroy Inhibitors?,prop,2,2026-07-26 11:30:00,57.5,Yes,43952911922821160676960004904676597297619329414798333169774975693616465977928,0.02,0.72,0.37,0.7,1.51,1.51,1.51,82.74,166.36,196.16,2,17,
2026-07-26 10:32:31,736890,3052492,Game 2: Both Teams Destroy Inhibitors?,prop,2,2026-07-26 11:30:00,57.5,No,67615663380589657418729066148981182269549808642561927272161980212086537872315,0.28,0.98,0.63,0.7,31.13,59.93,68.83,121.89,121.89,121.89,17,2,
2026-07-26 10:32:31,736890,3052493,Game 2: Any Player Quadra Kill?,prop,2,2026-07-26 11:30:00,57.5,Yes,96366567966049579311794617414275785898766569962339791739576067193351443003866,0.02,0.72,0.37,0.7,80.47,80.47,80.47,56.63,168.89,198.69,2,17,
2026-07-26 10:32:31,736890,3052493,Game 2: Any Player Quadra Kill?,prop,2,2026-07-26 11:30:00,57.5,No,59958646587211222547429250611434273247851122568175672614926960277536166690835,0.28,0.98,0.63,0.7,21.47,59.93,68.83,5968.53,5968.53,5968.53,17,2,
2026-07-26 10:32:31,736890,3052494,Game 2: Any Player Penta Kill?,prop,2,2026-07-26 11:30:00,57.5,Yes,1781960628048658476732782344692754449865561761778181478383470910302117606583,0.01,0.5,0.255,0.49,0.55,0.55,0.55,20.0,20.0,20.0,1,16,
2026-07-26 10:32:31,736890,3052494,Game 2: Any Player Penta Kill?,prop,2,2026-07-26 11:30:00,57.5,No,90758528357136019696031990859442895406395209439504922982639421204319230474447,0.5,0.99,0.745,0.49,20.0,20.0,20.0,54.45,54.45,54.45,16,1,
2026-07-26 10:32:31,736890,3052495,Game 2: Odd/Even Total Kills?,odd_even,2,2026-07-26 11:30:00,57.5,Odd,66010670579251642593733241128320720340638005203059572455247321750373769749851,0.49,0.51,0.5,0.02,7.76,7.76,7.76,8.07,8.07,8.07,16,16,
2026-07-26 10:32:31,736890,3052495,Game 2: Odd/Even Total Kills?,odd_even,2,2026-07-26 11:30:00,57.5,Even,16022148688901182992261602665079756196230042954685676356693000294092232646598,0.49,0.51,0.5,0.02,7.76,7.76,7.76,8.07,8.07,8.07,16,16,
2026-07-26 10:32:31,736890,3052496,Game 3: Both Teams Slay Baron Nashor?,prop,3,2026-07-26 11:30:00,57.5,Yes,83446175620320525838785580573055921774655009523144594489071918388698786572984,0.06,0.96,0.51,0.9,0.95,1.25,81.93,27.04,111.12,111.12,5,4,
2026-07-26 10:32:31,736890,3052496,Game 3: Both Teams Slay Baron Nashor?,prop,3,2026-07-26 11:30:00,57.5,No,27839595260195224565613982795485688915589715611417470061106766498687581726437,0.04,0.94,0.49,0.9,0.96,1.99,1.99,16.59,26.27,6014.98,4,5,
2026-07-26 10:32:31,736890,3052497,Game 3: Both Teams Slay a Dragon?,prop,3,2026-07-26 11:30:00,57.5,Yes,96361220704408087972297490708807575820470593378288536411656287722575740551724,0.27,0.9,0.585,0.63,21.47,59.93,68.92,459.42,937.53,1506.95,16,9,
2026-07-26 10:32:31,736890,3052497,Game 3: Both Teams Slay a Dragon?,prop,3,2026-07-26 11:30:00,57.5,No,70470080594771850271651491791372680407939268531310532447170035725968336073306,0.1,0.73,0.415,0.63,49.95,90.41,120.37,59.58,177.99,209.86,9,16,
2026-07-26 10:32:31,736890,3052498,Game 3: Both Teams Destroy Inhibitors?,prop,3,2026-07-26 11:30:00,57.5,Yes,94773152235372501297877622625991765584025067516499251566411987488172068728367,0.05,0.96,0.505,0.91,0.99,1.32,1.99,27.04,111.12,111.12,4,4,
2026-07-26 10:32:31,736890,3052498,Game 3: Both Teams Destroy Inhibitors?,prop,3,2026-07-26 11:30:00,57.5,No,108231071859265839888344903665915676312933895972262750066306312021603704593765,0.04,0.95,0.495,0.91,0.96,1.99,1.99,21.12,37.3,103.95,4,4,
2026-07-26 10:32:31,736890,3052499,Game 3: Any Player Quadra Kill?,prop,3,2026-07-26 11:30:00,57.5,Yes,32700710701231231337167047156639829570843467744671749304762837833951607016424,0.04,0.98,0.51,0.94,0.48,1.03,1.03,78.95,78.95,78.95,2,2,
2026-07-26 10:32:31,736890,3052499,Game 3: Any Player Quadra Kill?,prop,3,2026-07-26 11:30:00,57.5,No,70811910071987814299292014733431348467289587089778287902020349291891972107674,0.02,0.96,0.49,0.94,1.05,1.05,1.05,11.52,65.97,65.97,2,2,
2026-07-26 10:32:31,736890,3052500,Game 3: Any Player Penta Kill?,prop,3,2026-07-26 11:30:00,57.5,Yes,44379163762100137095413636216700888863260105260256423554840126005173639820220,0.05,0.98,0.515,0.93,18.9,19.4,19.95,78.95,78.95,78.95,3,2,
2026-07-26 10:32:31,736890,3052500,Game 3: Any Player Penta Kill?,prop,3,2026-07-26 11:30:00,57.5,No,15895603730008518303460534112995105647594820962859728242774851613096137775015,0.02,0.95,0.485,0.93,1.05,1.05,1.05,359.1,383.6,438.05,2,3,
2026-07-26 10:32:31,736890,3052501,Game 3: Odd/Even Total Kills?,odd_even,3,2026-07-26 11:30:00,57.5,Odd,4870308047937102388014621915893490554009904331373589192963145626162341143455,0.49,0.51,0.5,0.02,7.76,7.76,7.76,8.07,8.07,8.07,17,17,
2026-07-26 10:32:31,736890,3052501,Game 3: Odd/Even Total Kills?,odd_even,3,2026-07-26 11:30:00,57.5,Even,31234809864956988325414297800540885817219094799343763341780055599335218902132,0.49,0.51,0.5,0.02,7.76,7.76,7.76,8.07,8.07,8.07,17,17,
2026-07-26 10:32:31,736890,3069017,First Blood in Game 1?,first_blood,1,2026-07-26 11:30:00,57.5,CTBC Flying Oyster,10034635439924301464623004628260950424769887226181602115942511171456132426412,0.01,0.97,0.49,0.96,0.96,0.96,0.96,176.1,639.84,639.84,1,3,
2026-07-26 10:32:31,736890,3069017,First Blood in Game 1?,first_blood,1,2026-07-26 11:30:00,57.5,Deep Cross Gaming,42112641630084565630644064718185101009115107292327374745517852418033925030609,0.03,0.99,0.51,0.96,3.83,8.51,8.51,94.55,94.55,94.55,3,1,
2026-07-26 10:32:31,736890,3069018,First Blood in Game 2?,first_blood,2,2026-07-26 11:30:00,57.5,CTBC Flying Oyster,28520010537912648515892721739827822568637691490463571717702357910912598216298,0.03,0.99,0.51,0.96,3.74,8.46,8.46,99.98,99.98,99.98,3,1,
2026-07-26 10:32:31,736890,3069018,First Blood in Game 2?,first_blood,2,2026-07-26 11:30:00,57.5,Deep Cross Gaming,89564247182998597463969073457595021151365650057367631723452647497777804141652,0.01,0.97,0.49,0.96,1.01,1.01,1.01,173.26,639.59,639.59,1,3,
