ts_utc,event_id,market_id,question,market_kind,game_no,start_time,mins_to_start,outcome,token_id,best_bid,best_ask,mid,spread,bid_depth_1c,bid_depth_3c,bid_depth_5c,ask_cost_1c,ask_cost_3c,ask_cost_5c,n_bid_levels,n_ask_levels,volume
2026-08-06 00:03:35,785102,3283068,LoL: NRG Esports vs Cupid Esports - Game 1 Winner,map,1,2026-08-06 00:00:00,-3.6,NRG Esports,63484378326747153188893989151458801342220145392349641641702148306718123574352,0.68,0.7,0.69,0.02,836.19,1209.44,1480.83,970.35,1386.47,2014.73,39,21,8397.575208
2026-08-06 00:03:35,785102,3283068,LoL: NRG Esports vs Cupid Esports - Game 1 Winner,map,1,2026-08-06 00:00:00,-3.6,Cupid Esports,35629048129232584221214073251486748096419491802996396058499718428829429139786,0.29,0.32,0.305,0.03,466.1,804.02,1071.62,469.8,663.86,852.8,20,39,8397.575208
2026-08-06 00:03:35,785102,3283069,LoL: NRG Esports vs Cupid Esports - Game 2 Winner,map,2,2026-08-06 00:00:00,-3.6,NRG Esports,101903243214850723610154512726749937723865076976856449991532635909776284407654,0.51,0.53,0.52,0.02,1031.0,1081.47,1255.91,317.1,317.1,412.52,19,15,313.47
2026-08-06 00:03:35,785102,3283069,LoL: NRG Esports vs Cupid Esports - Game 2 Winner,map,2,2026-08-06 00:00:00,-3.6,Cupid Esports,55697277055645475295284573202306789178119152219099234478498755115859721430969,0.47,0.49,0.48,0.02,273.9,273.9,343.2,1030.0,1082.53,1285.09,15,19,313.47
2026-08-06 00:03:35,785102,3283135,LoL: NRG Esports vs Cupid Esports (BO3) - North American Challengers League Group Stage,series,,2026-08-06 00:00:00,-3.6,NRG Esports,64084079069407432594266267651790975801758661471408589301573999684390264955287,0.57,0.59,0.58,0.02,661.7,1463.6,2062.05,1213.3,2125.53,2267.91,40,29,34757.890010999996
2026-08-06 00:03:35,785102,3283135,LoL: NRG Esports vs Cupid Esports (BO3) - North American Challengers League Group Stage,series,,2026-08-06 00:00:00,-3.6,Cupid Esports,79201753859985025699694468633018944120267601036348840101826971284310060405486,0.41,0.43,0.42,0.02,818.7,1398.25,1481.87,517.68,1187.38,1718.92,29,40,34757.890010999996
2026-08-06 00:03:35,785102,3283137,Games Total: O/U 2.5,total_games,,2026-08-06 00:00:00,-3.6,Over,98845373014174039883716167357924719554526903358988017654777618183317203260866,0.22,0.73,0.475,0.51,13.25,14.25,14.25,13.63,13.63,13.63,3,4,145.63893000000002
2026-08-06 00:03:35,785102,3283137,Games Total: O/U 2.5,total_games,,2026-08-06 00:00:00,-3.6,Under,110990433540446719710900025382387807526994286635796167524982065555845908678218,0.27,0.78,0.525,0.51,4.97,4.97,4.97,49.36,53.62,53.62,4,3,145.63893000000002
2026-08-06 00:03:35,785102,3283139,Game Handicap: NRG (-1.5) vs Cupid Esports (+1.5),handicap,,2026-08-06 00:00:00,-3.6,NRG Esports,37595368285718288742787919703670367205682980818378238805549364265619077126923,0.08,,,,1.0,1.0,1.0,0.0,0.0,0.0,1,0,1178.147819
2026-08-06 00:03:35,785102,3283139,Game Handicap: NRG (-1.5) vs Cupid Esports (+1.5),handicap,,2026-08-06 00:00:00,-3.6,Cupid Esports,85955020505633491953837836860861062116618847320096766078194259768074731765838,,0.92,,,0.0,0.0,0.0,11.5,11.5,11.5,0,1,1178.147819
2026-08-06 00:03:35,785102,3283141,Game 1: Both Teams Slay Baron Nashor?,prop,1,2026-08-06 00:00:00,-3.6,Yes,85005242363673106085793423444222472044575007000134118282804110673537936621595,,,,,0.0,0.0,0.0,0.0,0.0,0.0,0,0,
2026-08-06 00:03:35,785102,3283141,Game 1: Both Teams Slay Baron Nashor?,prop,1,2026-08-06 00:00:00,-3.6,No,52447848610353116221440320092707103911668120594725977315389706271308610285216,,,,,0.0,0.0,0.0,0.0,0.0,0.0,0,0,
2026-08-06 00:03:35,785102,3283143,Game 1: Both Teams Slay a Dragon?,prop,1,2026-08-06 00:00:00,-3.6,Yes,18415562032116962528676039851540603963835306713070423686056804407025202740885,,,,,0.0,0.0,0.0,0.0,0.0,0.0,0,0,
2026-08-06 00:03:35,785102,3283143,Game 1: Both Teams Slay a Dragon?,prop,1,2026-08-06 00:00:00,-3.6,No,68288668424595640468350339001309087236350058871379973644964063935470104654094,,,,,0.0,0.0,0.0,0.0,0.0,0.0,0,0,
2026-08-06 00:03:35,785102,3283145,Game 1: Both Teams Destroy Inhibitors?,prop,1,2026-08-06 00:00:00,-3.6,Yes,71312931568790299399556978779349890391784733606020037596211743970952977944479,,,,,0.0,0.0,0.0,0.0,0.0,0.0,0,0,
2026-08-06 00:03:35,785102,3283145,Game 1: Both Teams Destroy Inhibitors?,prop,1,2026-08-06 00:00:00,-3.6,No,87196812761661738162384181500433306803851242856879261415068704089508542199812,,,,,0.0,0.0,0.0,0.0,0.0,0.0,0,0,
2026-08-06 00:03:35,785102,3283147,Game 1: Any Player Quadra Kill?,prop,1,2026-08-06 00:00:00,-3.6,Yes,55044845943371310478071069099731680129173405263322115956861541520725315066243,,,,,0.0,0.0,0.0,0.0,0.0,0.0,0,0,
2026-08-06 00:03:35,785102,3283147,Game 1: Any Player Quadra Kill?,prop,1,2026-08-06 00:00:00,-3.6,No,30200625346067074015430060403220986189789510521859250903075564218844293941672,,,,,0.0,0.0,0.0,0.0,0.0,0.0,0,0,
2026-08-06 00:03:35,785102,3283149,Game 1: Any Player Penta Kill?,prop,1,2026-08-06 00:00:00,-3.6,Yes,107560095700680081265753652661503728851869475561552735651619553161993049247561,,,,,0.0,0.0,0.0,0.0,0.0,0.0,0,0,
2026-08-06 00:03:35,785102,3283149,Game 1: Any Player Penta Kill?,prop,1,2026-08-06 00:00:00,-3.6,No,40855440273703750856426691233596727964749770418266766934985160202102585211935,,,,,0.0,0.0,0.0,0.0,0.0,0.0,0,0,
2026-08-06 00:03:35,785102,3283151,Game 1: Odd/Even Total Kills?,odd_even,1,2026-08-06 00:00:00,-3.6,Odd,28506205421575290020814998249058289300585860890468471162765934462616239894100,,,,,0.0,0.0,0.0,0.0,0.0,0.0,0,0,
2026-08-06 00:03:35,785102,3283151,Game 1: Odd/Even Total Kills?,odd_even,1,2026-08-06 00:00:00,-3.6,Even,80052818987341269314964811602427948325492714504993275755681238113306752096543,,,,,0.0,0.0,0.0,0.0,0.0,0.0,0,0,
2026-08-06 00:03:35,785102,3283153,Game 2: Both Teams Slay Baron Nashor?,prop,2,2026-08-06 00:00:00,-3.6,Yes,98911511715837755508507756762686879553543748118846902421406797819607075906471,,,,,0.0,0.0,0.0,0.0,0.0,0.0,0,0,
2026-08-06 00:03:35,785102,3283153,Game 2: Both Teams Slay Baron Nashor?,prop,2,2026-08-06 00:00:00,-3.6,No,46901222857374341532357094517620312143605287296363931599973092247016809261229,,,,,0.0,0.0,0.0,0.0,0.0,0.0,0,0,
2026-08-06 00:03:35,785102,3283155,Game 2: Both Teams Slay a Dragon?,prop,2,2026-08-06 00:00:00,-3.6,Yes,80596801693903787229886545890032689219937154744303369312369374426821425227134,,,,,0.0,0.0,0.0,0.0,0.0,0.0,0,0,
2026-08-06 00:03:35,785102,3283155,Game 2: Both Teams Slay a Dragon?,prop,2,2026-08-06 00:00:00,-3.6,No,111690715776779590675763954961412503353673654998265013605899277181536881436524,,,,,0.0,0.0,0.0,0.0,0.0,0.0,0,0,
2026-08-06 00:03:35,785102,3283157,Game 2: Both Teams Destroy Inhibitors?,prop,2,2026-08-06 00:00:00,-3.6,Yes,38085770196210450268000024637719216266843933645198273302449020693312748141932,,,,,0.0,0.0,0.0,0.0,0.0,0.0,0,0,
2026-08-06 00:03:35,785102,3283157,Game 2: Both Teams Destroy Inhibitors?,prop,2,2026-08-06 00:00:00,-3.6,No,1659123527091550610917744873447719075736737684354608145206034397320931272683,,,,,0.0,0.0,0.0,0.0,0.0,0.0,0,0,
2026-08-06 00:03:35,785102,3283159,Game 2: Any Player Quadra Kill?,prop,2,2026-08-06 00:00:00,-3.6,Yes,59072866340815857154055817577050257549975276687662604619164949575432784801424,,,,,0.0,0.0,0.0,0.0,0.0,0.0,0,0,
2026-08-06 00:03:35,785102,3283159,Game 2: Any Player Quadra Kill?,prop,2,2026-08-06 00:00:00,-3.6,No,28561758108152406139438404372769189934258323994836262650000751890021574678697,,,,,0.0,0.0,0.0,0.0,0.0,0.0,0,0,
2026-08-06 00:03:35,785102,3283161,Game 2: Any Player Penta Kill?,prop,2,2026-08-06 00:00:00,-3.6,Yes,49442909133480310129277691706258524769453564888440972977360303274903690445956,,,,,0.0,0.0,0.0,0.0,0.0,0.0,0,0,
2026-08-06 00:03:35,785102,3283161,Game 2: Any Player Penta Kill?,prop,2,2026-08-06 00:00:00,-3.6,No,42415739949465161306148492615973429066665529910469991599585197472043164146807,,,,,0.0,0.0,0.0,0.0,0.0,0.0,0,0,
2026-08-06 00:03:35,785102,3283163,Game 2: Odd/Even Total Kills?,odd_even,2,2026-08-06 00:00:00,-3.6,Odd,67679580835458683168975266744203899367274704652969824193570744905028619110712,,,,,0.0,0.0,0.0,0.0,0.0,0.0,0,0,
2026-08-06 00:03:35,785102,3283163,Game 2: Odd/Even Total Kills?,odd_even,2,2026-08-06 00:00:00,-3.6,Even,86756373260314932676984480227768972205696499513453864679641377148929750575601,,,,,0.0,0.0,0.0,0.0,0.0,0.0,0,0,
2026-08-06 00:03:35,785102,3283165,Game 3: Both Teams Slay Baron Nashor?,prop,3,2026-08-06 00:00:00,-3.6,Yes,2616160987295017143145777882098606117877249526710546396870887150382389852111,,,,,0.0,0.0,0.0,0.0,0.0,0.0,0,0,
2026-08-06 00:03:35,785102,3283165,Game 3: Both Teams Slay Baron Nashor?,prop,3,2026-08-06 00:00:00,-3.6,No,13247982504007490083919596689735665672876636647724264943109153446581703340094,,,,,0.0,0.0,0.0,0.0,0.0,0.0,0,0,
2026-08-06 00:03:35,785102,3283166,Game 3: Both Teams Slay a Dragon?,prop,3,2026-08-06 00:00:00,-3.6,Yes,96596929651829752907946767577047557783211942355294547043275664071098844507364,,,,,0.0,0.0,0.0,0.0,0.0,0.0,0,0,
2026-08-06 00:03:35,785102,3283166,Game 3: Both Teams Slay a Dragon?,prop,3,2026-08-06 00:00:00,-3.6,No,72555109368440928948824078963849041997135589602785624236579633447096848038636,,,,,0.0,0.0,0.0,0.0,0.0,0.0,0,0,
2026-08-06 00:03:35,785102,3283167,Game 3: Both Teams Destroy Inhibitors?,prop,3,2026-08-06 00:00:00,-3.6,Yes,34579390581680133053130567889131080586022692808426142491581146463936133040307,,,,,0.0,0.0,0.0,0.0,0.0,0.0,0,0,
2026-08-06 00:03:35,785102,3283167,Game 3: Both Teams Destroy Inhibitors?,prop,3,2026-08-06 00:00:00,-3.6,No,84992752398524129232212146519164382426208034928103781615728119240410777629428,,,,,0.0,0.0,0.0,0.0,0.0,0.0,0,0,
2026-08-06 00:03:35,785102,3283168,Game 3: Any Player Quadra Kill?,prop,3,2026-08-06 00:00:00,-3.6,Yes,35781041723506361649748795475499563269598019947528022249639885978895735348196,,,,,0.0,0.0,0.0,0.0,0.0,0.0,0,0,
2026-08-06 00:03:35,785102,3283168,Game 3: Any Player Quadra Kill?,prop,3,2026-08-06 00:00:00,-3.6,No,94127435030498175140603827588677541735905591115693709051411957897503219963536,,,,,0.0,0.0,0.0,0.0,0.0,0.0,0,0,
2026-08-06 00:03:35,785102,3283169,Game 3: Any Player Penta Kill?,prop,3,2026-08-06 00:00:00,-3.6,Yes,67441048111656203122689816167870176039169436208522321940835747039928113294504,,,,,0.0,0.0,0.0,0.0,0.0,0.0,0,0,
2026-08-06 00:03:35,785102,3283169,Game 3: Any Player Penta Kill?,prop,3,2026-08-06 00:00:00,-3.6,No,104222021403651160160785795404540624739665771087792154957267428123712555221791,,,,,0.0,0.0,0.0,0.0,0.0,0.0,0,0,
2026-08-06 00:03:35,785102,3283170,Game 3: Odd/Even Total Kills?,odd_even,3,2026-08-06 00:00:00,-3.6,Odd,60757364328004222848449034257269242208473995184446548912735553410812783292187,,,,,0.0,0.0,0.0,0.0,0.0,0.0,0,0,
2026-08-06 00:03:35,785102,3283170,Game 3: Odd/Even Total Kills?,odd_even,3,2026-08-06 00:00:00,-3.6,Even,112491467372199222287138283912341398720287842696962218949818604585144669531878,,,,,0.0,0.0,0.0,0.0,0.0,0.0,0,0,
2026-08-06 00:03:35,785102,3365098,Game Handicap: CPD (-1.5) vs NRG Esports (+1.5),handicap,,2026-08-06 00:00:00,-3.6,Cupid Esports,49177368140127454961217683040434102689469702289763089220317906819076329972368,,,,,0.0,0.0,0.0,0.0,0.0,0.0,0,0,
2026-08-06 00:03:35,785102,3365098,Game Handicap: CPD (-1.5) vs NRG Esports (+1.5),handicap,,2026-08-06 00:00:00,-3.6,NRG Esports,76483820982193824900798926542425320807194742413597018073158027413151977141917,,,,,0.0,0.0,0.0,0.0,0.0,0.0,0,0,
2026-08-06 00:08:58,785102,3283068,LoL: NRG Esports vs Cupid Esports - Game 1 Winner,map,1,2026-08-06 00:00:00,-9.0,NRG Esports,63484378326747153188893989151458801342220145392349641641702148306718123574352,0.7,0.71,0.705,0.01,1340.92,1925.64,2016.64,587.0,770.07,1058.04,45,20,8397.575208
2026-08-06 00:08:58,785102,3283068,LoL: NRG Esports vs Cupid Esports - Game 1 Winner,map,1,2026-08-06 00:00:00,-9.0,Cupid Esports,35629048129232584221214073251486748096419491802996396058499718428829429139786,0.29,0.3,0.295,0.01,239.4,304.33,399.98,600.79,835.87,835.87,20,44,8397.575208
2026-08-06 00:08:58,785102,3283069,LoL: NRG Esports vs Cupid Esports - Game 2 Winner,map,2,2026-08-06 00:00:00,-9.0,NRG Esports,101903243214850723610154512726749937723865076976856449991532635909776284407654,0.51,0.53,0.52,0.02,1125.94,1319.03,1398.61,173.34,281.07,283.97,21,18,313.47
2026-08-06 00:08:58,785102,3283069,LoL: NRG Esports vs Cupid Esports - Game 2 Winner,map,2,2026-08-06 00:00:00,-9.0,Cupid Esports,55697277055645475295284573202306789178119152219099234478498755115859721430969,0.47,0.49,0.48,0.02,149.66,234.3,236.4,1123.06,1327.42,1420.84,18,21,313.47
2026-08-06 00:08:58,785102,3283135,LoL: NRG Esports vs Cupid Esports (BO3) - North American Challengers League Group Stage,series,,2026-08-06 00:00:00,-9.0,NRG Esports,64084079069407432594266267651790975801758661471408589301573999684390264955287,0.62,0.65,0.635,0.03,1638.04,2768.8,2780.4,1205.23,1684.77,3650.43,41,24,34757.890010999996
2026-08-06 00:08:58,785102,3283135,LoL: NRG Esports vs Cupid Esports (BO3) - North American Challengers League Group Stage,series,,2026-08-06 00:00:00,-9.0,Cupid Esports,79201753859985025699694468633018944120267601036348840101826971284310060405486,0.35,0.38,0.365,0.03,627.77,853.43,1734.77,1008.27,1765.69,1774.09,24,41,34757.890010999996
2026-08-06 00:08:58,785102,3283137,Games Total: O/U 2.5,total_games,,2026-08-06 00:00:00,-9.0,Over,98845373014174039883716167357924719554526903358988017654777618183317203260866,0.32,0.66,0.49,0.34,71.6,71.6,71.6,531.0,531.0,531.0,8,9,145.63893000000002
2026-08-06 00:08:58,785102,3283137,Games Total: O/U 2.5,total_games,,2026-08-06 00:00:00,-9.0,Under,110990433540446719710900025382387807526994286635796167524982065555845908678218,0.34,0.68,0.51,0.34,269.0,269.0,269.0,158.4,158.4,158.4,9,7,145.63893000000002
2026-08-06 00:08:58,785102,3283139,Game Handicap: NRG (-1.5) vs Cupid Esports (+1.5),handicap,,2026-08-06 00:00:00,-9.0,NRG Esports,37595368285718288742787919703670367205682980818378238805549364265619077126923,0.27,0.73,0.5,0.46,6.88,6.88,6.88,7.3,31.86,31.86,9,10,1178.147819
2026-08-06 00:08:58,785102,3283139,Game Handicap: NRG (-1.5) vs Cupid Esports (+1.5),handicap,,2026-08-06 00:00:00,-9.0,Cupid Esports,85955020505633491953837836860861062116618847320096766078194259768074731765838,0.29,0.73,0.51,0.44,10.0,12.7,20.45,18.82,18.82,18.82,11,8,1178.147819
2026-08-06 00:08:58,785102,3283141,Game 1: Both Teams Slay Baron Nashor?,prop,1,2026-08-06 00:00:00,-9.0,Yes,85005242363673106085793423444222472044575007000134118282804110673537936621595,,,,,0.0,0.0,0.0,0.0,0.0,0.0,0,0,
2026-08-06 00:08:58,785102,3283141,Game 1: Both Teams Slay Baron Nashor?,prop,1,2026-08-06 00:00:00,-9.0,No,52447848610353116221440320092707103911668120594725977315389706271308610285216,,,,,0.0,0.0,0.0,0.0,0.0,0.0,0,0,
2026-08-06 00:08:58,785102,3283143,Game 1: Both Teams Slay a Dragon?,prop,1,2026-08-06 00:00:00,-9.0,Yes,18415562032116962528676039851540603963835306713070423686056804407025202740885,,,,,0.0,0.0,0.0,0.0,0.0,0.0,0,0,
2026-08-06 00:08:58,785102,3283143,Game 1: Both Teams Slay a Dragon?,prop,1,2026-08-06 00:00:00,-9.0,No,68288668424595640468350339001309087236350058871379973644964063935470104654094,,,,,0.0,0.0,0.0,0.0,0.0,0.0,0,0,
2026-08-06 00:08:58,785102,3283145,Game 1: Both Teams Destroy Inhibitors?,prop,1,2026-08-06 00:00:00,-9.0,Yes,71312931568790299399556978779349890391784733606020037596211743970952977944479,,,,,0.0,0.0,0.0,0.0,0.0,0.0,0,0,
2026-08-06 00:08:58,785102,3283145,Game 1: Both Teams Destroy Inhibitors?,prop,1,2026-08-06 00:00:00,-9.0,No,87196812761661738162384181500433306803851242856879261415068704089508542199812,,,,,0.0,0.0,0.0,0.0,0.0,0.0,0,0,
2026-08-06 00:08:58,785102,3283147,Game 1: Any Player Quadra Kill?,prop,1,2026-08-06 00:00:00,-9.0,Yes,55044845943371310478071069099731680129173405263322115956861541520725315066243,,,,,0.0,0.0,0.0,0.0,0.0,0.0,0,0,
2026-08-06 00:08:58,785102,3283147,Game 1: Any Player Quadra Kill?,prop,1,2026-08-06 00:00:00,-9.0,No,30200625346067074015430060403220986189789510521859250903075564218844293941672,,,,,0.0,0.0,0.0,0.0,0.0,0.0,0,0,
2026-08-06 00:08:58,785102,3283149,Game 1: Any Player Penta Kill?,prop,1,2026-08-06 00:00:00,-9.0,Yes,107560095700680081265753652661503728851869475561552735651619553161993049247561,,,,,0.0,0.0,0.0,0.0,0.0,0.0,0,0,
2026-08-06 00:08:58,785102,3283149,Game 1: Any Player Penta Kill?,prop,1,2026-08-06 00:00:00,-9.0,No,40855440273703750856426691233596727964749770418266766934985160202102585211935,,,,,0.0,0.0,0.0,0.0,0.0,0.0,0,0,
2026-08-06 00:08:58,785102,3283151,Game 1: Odd/Even Total Kills?,odd_even,1,2026-08-06 00:00:00,-9.0,Odd,28506205421575290020814998249058289300585860890468471162765934462616239894100,,,,,0.0,0.0,0.0,0.0,0.0,0.0,0,0,
2026-08-06 00:08:58,785102,3283151,Game 1: Odd/Even Total Kills?,odd_even,1,2026-08-06 00:00:00,-9.0,Even,80052818987341269314964811602427948325492714504993275755681238113306752096543,,,,,0.0,0.0,0.0,0.0,0.0,0.0,0,0,
2026-08-06 00:08:58,785102,3283153,Game 2: Both Teams Slay Baron Nashor?,prop,2,2026-08-06 00:00:00,-9.0,Yes,98911511715837755508507756762686879553543748118846902421406797819607075906471,,,,,0.0,0.0,0.0,0.0,0.0,0.0,0,0,
2026-08-06 00:08:58,785102,3283153,Game 2: Both Teams Slay Baron Nashor?,prop,2,2026-08-06 00:00:00,-9.0,No,46901222857374341532357094517620312143605287296363931599973092247016809261229,,,,,0.0,0.0,0.0,0.0,0.0,0.0,0,0,
2026-08-06 00:08:58,785102,3283155,Game 2: Both Teams Slay a Dragon?,prop,2,2026-08-06 00:00:00,-9.0,Yes,80596801693903787229886545890032689219937154744303369312369374426821425227134,,,,,0.0,0.0,0.0,0.0,0.0,0.0,0,0,
2026-08-06 00:08:58,785102,3283155,Game 2: Both Teams Slay a Dragon?,prop,2,2026-08-06 00:00:00,-9.0,No,111690715776779590675763954961412503353673654998265013605899277181536881436524,,,,,0.0,0.0,0.0,0.0,0.0,0.0,0,0,
2026-08-06 00:08:58,785102,3283157,Game 2: Both Teams Destroy Inhibitors?,prop,2,2026-08-06 00:00:00,-9.0,Yes,38085770196210450268000024637719216266843933645198273302449020693312748141932,,,,,0.0,0.0,0.0,0.0,0.0,0.0,0,0,
2026-08-06 00:08:58,785102,3283157,Game 2: Both Teams Destroy Inhibitors?,prop,2,2026-08-06 00:00:00,-9.0,No,1659123527091550610917744873447719075736737684354608145206034397320931272683,,,,,0.0,0.0,0.0,0.0,0.0,0.0,0,0,
2026-08-06 00:08:58,785102,3283159,Game 2: Any Player Quadra Kill?,prop,2,2026-08-06 00:00:00,-9.0,Yes,59072866340815857154055817577050257549975276687662604619164949575432784801424,,,,,0.0,0.0,0.0,0.0,0.0,0.0,0,0,
2026-08-06 00:08:58,785102,3283159,Game 2: Any Player Quadra Kill?,prop,2,2026-08-06 00:00:00,-9.0,No,28561758108152406139438404372769189934258323994836262650000751890021574678697,,,,,0.0,0.0,0.0,0.0,0.0,0.0,0,0,
2026-08-06 00:08:58,785102,3283161,Game 2: Any Player Penta Kill?,prop,2,2026-08-06 00:00:00,-9.0,Yes,49442909133480310129277691706258524769453564888440972977360303274903690445956,,,,,0.0,0.0,0.0,0.0,0.0,0.0,0,0,
2026-08-06 00:08:58,785102,3283161,Game 2: Any Player Penta Kill?,prop,2,2026-08-06 00:00:00,-9.0,No,42415739949465161306148492615973429066665529910469991599585197472043164146807,,,,,0.0,0.0,0.0,0.0,0.0,0.0,0,0,
2026-08-06 00:08:58,785102,3283163,Game 2: Odd/Even Total Kills?,odd_even,2,2026-08-06 00:00:00,-9.0,Odd,67679580835458683168975266744203899367274704652969824193570744905028619110712,,,,,0.0,0.0,0.0,0.0,0.0,0.0,0,0,
2026-08-06 00:08:58,785102,3283163,Game 2: Odd/Even Total Kills?,odd_even,2,2026-08-06 00:00:00,-9.0,Even,86756373260314932676984480227768972205696499513453864679641377148929750575601,,,,,0.0,0.0,0.0,0.0,0.0,0.0,0,0,
2026-08-06 00:08:58,785102,3283165,Game 3: Both Teams Slay Baron Nashor?,prop,3,2026-08-06 00:00:00,-9.0,Yes,2616160987295017143145777882098606117877249526710546396870887150382389852111,,,,,0.0,0.0,0.0,0.0,0.0,0.0,0,0,
2026-08-06 00:08:58,785102,3283165,Game 3: Both Teams Slay Baron Nashor?,prop,3,2026-08-06 00:00:00,-9.0,No,13247982504007490083919596689735665672876636647724264943109153446581703340094,,,,,0.0,0.0,0.0,0.0,0.0,0.0,0,0,
2026-08-06 00:08:58,785102,3283166,Game 3: Both Teams Slay a Dragon?,prop,3,2026-08-06 00:00:00,-9.0,Yes,96596929651829752907946767577047557783211942355294547043275664071098844507364,,,,,0.0,0.0,0.0,0.0,0.0,0.0,0,0,
2026-08-06 00:08:58,785102,3283166,Game 3: Both Teams Slay a Dragon?,prop,3,2026-08-06 00:00:00,-9.0,No,72555109368440928948824078963849041997135589602785624236579633447096848038636,,,,,0.0,0.0,0.0,0.0,0.0,0.0,0,0,
2026-08-06 00:08:58,785102,3283167,Game 3: Both Teams Destroy Inhibitors?,prop,3,2026-08-06 00:00:00,-9.0,Yes,34579390581680133053130567889131080586022692808426142491581146463936133040307,,,,,0.0,0.0,0.0,0.0,0.0,0.0,0,0,
2026-08-06 00:08:58,785102,3283167,Game 3: Both Teams Destroy Inhibitors?,prop,3,2026-08-06 00:00:00,-9.0,No,84992752398524129232212146519164382426208034928103781615728119240410777629428,,,,,0.0,0.0,0.0,0.0,0.0,0.0,0,0,
2026-08-06 00:08:58,785102,3283168,Game 3: Any Player Quadra Kill?,prop,3,2026-08-06 00:00:00,-9.0,Yes,35781041723506361649748795475499563269598019947528022249639885978895735348196,,,,,0.0,0.0,0.0,0.0,0.0,0.0,0,0,
2026-08-06 00:08:58,785102,3283168,Game 3: Any Player Quadra Kill?,prop,3,2026-08-06 00:00:00,-9.0,No,94127435030498175140603827588677541735905591115693709051411957897503219963536,,,,,0.0,0.0,0.0,0.0,0.0,0.0,0,0,
2026-08-06 00:08:58,785102,3283169,Game 3: Any Player Penta Kill?,prop,3,2026-08-06 00:00:00,-9.0,Yes,67441048111656203122689816167870176039169436208522321940835747039928113294504,,,,,0.0,0.0,0.0,0.0,0.0,0.0,0,0,
2026-08-06 00:08:58,785102,3283169,Game 3: Any Player Penta Kill?,prop,3,2026-08-06 00:00:00,-9.0,No,104222021403651160160785795404540624739665771087792154957267428123712555221791,,,,,0.0,0.0,0.0,0.0,0.0,0.0,0,0,
2026-08-06 00:08:58,785102,3283170,Game 3: Odd/Even Total Kills?,odd_even,3,2026-08-06 00:00:00,-9.0,Odd,60757364328004222848449034257269242208473995184446548912735553410812783292187,,,,,0.0,0.0,0.0,0.0,0.0,0.0,0,0,
2026-08-06 00:08:58,785102,3283170,Game 3: Odd/Even Total Kills?,odd_even,3,2026-08-06 00:00:00,-9.0,Even,112491467372199222287138283912341398720287842696962218949818604585144669531878,,,,,0.0,0.0,0.0,0.0,0.0,0.0,0,0,
2026-08-06 00:08:58,785102,3365098,Game Handicap: CPD (-1.5) vs NRG Esports (+1.5),handicap,,2026-08-06 00:00:00,-9.0,Cupid Esports,49177368140127454961217683040434102689469702289763089220317906819076329972368,,,,,0.0,0.0,0.0,0.0,0.0,0.0,0,0,
2026-08-06 00:08:58,785102,3365098,Game Handicap: CPD (-1.5) vs NRG Esports (+1.5),handicap,,2026-08-06 00:00:00,-9.0,NRG Esports,76483820982193824900798926542425320807194742413597018073158027413151977141917,,,,,0.0,0.0,0.0,0.0,0.0,0.0,0,0,
2026-08-06 00:14:23,785102,3283068,LoL: NRG Esports vs Cupid Esports - Game 1 Winner,map,1,2026-08-06 00:00:00,-14.4,NRG Esports,63484378326747153188893989151458801342220145392349641641702148306718123574352,0.65,0.67,0.66,0.02,955.21,1463.55,1658.35,1243.87,1790.62,3038.54,41,21,8397.575208
2026-08-06 00:14:23,785102,3283068,LoL: NRG Esports vs Cupid Esports - Game 1 Winner,map,1,2026-08-06 00:00:00,-14.4,Cupid Esports,35629048129232584221214073251486748096419491802996396058499718428829429139786,0.33,0.35,0.34,0.02,589.32,834.96,1341.04,536.6,840.26,965.46,21,41,8397.575208
2026-08-06 00:14:23,785102,3283069,LoL: NRG Esports vs Cupid Esports - Game 2 Winner,map,2,2026-08-06 00:00:00,-14.4,NRG Esports,101903243214850723610154512726749937723865076976856449991532635909776284407654,0.51,0.53,0.52,0.02,1125.94,1175.43,1175.43,161.06,161.06,167.97,18,17,313.47
2026-08-06 00:14:23,785102,3283069,LoL: NRG Esports vs Cupid Esports - Game 2 Winner,map,2,2026-08-06 00:00:00,-14.4,Cupid Esports,55697277055645475295284573202306789178119152219099234478498755115859721430969,0.47,0.49,0.48,0.02,138.94,138.94,143.94,1123.06,1174.57,1174.57,17,18,313.47
2026-08-06 00:14:23,785102,3283135,LoL: NRG Esports vs Cupid Esports (BO3) - North American Challengers League Group Stage,series,,2026-08-06 00:00:00,-14.4,NRG Esports,64084079069407432594266267651790975801758661471408589301573999684390264955287,0.6,0.61,0.605,0.01,509.13,1089.06,1272.23,658.87,1067.57,2533.01,44,29,34757.890010999996
2026-08-06 00:14:23,785102,3283135,LoL: NRG Esports vs Cupid Esports (BO3) - North American Challengers League Group Stage,series,,2026-08-06 00:00:00,-14.4,Cupid Esports,79201753859985025699694468633018944120267601036348840101826971284310060405486,0.39,0.4,0.395,0.01,409.63,640.93,1425.99,347.87,770.24,915.23,29,44,34757.890010999996
2026-08-06 00:14:23,785102,3283137,Games Total: O/U 2.5,total_games,,2026-08-06 00:00:00,-14.4,Over,98845373014174039883716167357924719554526903358988017654777618183317203260866,0.04,0.73,0.385,0.69,1.4,1.4,1.4,9.93,9.93,9.93,2,3,145.63893000000002
2026-08-06 00:14:23,785102,3283137,Games Total: O/U 2.5,total_games,,2026-08-06 00:00:00,-14.4,Under,110990433540446719710900025382387807526994286635796167524982065555845908678218,0.27,0.96,0.615,0.69,3.67,3.67,3.67,41.93,41.93,41.93,3,2,145.63893000000002
2026-08-06 00:14:23,785102,3283139,Game Handicap: NRG (-1.5) vs Cupid Esports (+1.5),handicap,,2026-08-06 00:00:00,-14.4,NRG Esports,37595368285718288742787919703670367205682980818378238805549364265619077126923,0.26,0.75,0.505,0.49,1.48,1.48,1.48,35.41,39.31,43.87,1,4,1178.147819
2026-08-06 00:14:23,785102,3283139,Game Handicap: NRG (-1.5) vs Cupid Esports (+1.5),handicap,,2026-08-06 00:00:00,-14.4,Cupid Esports,85955020505633491953837836860861062116618847320096766078194259768074731765838,0.25,0.74,0.495,0.49,11.25,12.35,13.49,4.22,4.22,4.22,4,1,1178.147819
2026-08-06 00:14:23,785102,3283141,Game 1: Both Teams Slay Baron Nashor?,prop,1,2026-08-06 00:00:00,-14.4,Yes,85005242363673106085793423444222472044575007000134118282804110673537936621595,,,,,0.0,0.0,0.0,0.0,0.0,0.0,0,0,
2026-08-06 00:14:23,785102,3283141,Game 1: Both Teams Slay Baron Nashor?,prop,1,2026-08-06 00:00:00,-14.4,No,52447848610353116221440320092707103911668120594725977315389706271308610285216,,,,,0.0,0.0,0.0,0.0,0.0,0.0,0,0,
2026-08-06 00:14:23,785102,3283143,Game 1: Both Teams Slay a Dragon?,prop,1,2026-08-06 00:00:00,-14.4,Yes,18415562032116962528676039851540603963835306713070423686056804407025202740885,,,,,0.0,0.0,0.0,0.0,0.0,0.0,0,0,
2026-08-06 00:14:23,785102,3283143,Game 1: Both Teams Slay a Dragon?,prop,1,2026-08-06 00:00:00,-14.4,No,68288668424595640468350339001309087236350058871379973644964063935470104654094,,,,,0.0,0.0,0.0,0.0,0.0,0.0,0,0,
2026-08-06 00:14:23,785102,3283145,Game 1: Both Teams Destroy Inhibitors?,prop,1,2026-08-06 00:00:00,-14.4,Yes,71312931568790299399556978779349890391784733606020037596211743970952977944479,,,,,0.0,0.0,0.0,0.0,0.0,0.0,0,0,
2026-08-06 00:14:23,785102,3283145,Game 1: Both Teams Destroy Inhibitors?,prop,1,2026-08-06 00:00:00,-14.4,No,87196812761661738162384181500433306803851242856879261415068704089508542199812,,,,,0.0,0.0,0.0,0.0,0.0,0.0,0,0,
2026-08-06 00:14:23,785102,3283147,Game 1: Any Player Quadra Kill?,prop,1,2026-08-06 00:00:00,-14.4,Yes,55044845943371310478071069099731680129173405263322115956861541520725315066243,,,,,0.0,0.0,0.0,0.0,0.0,0.0,0,0,
2026-08-06 00:14:23,785102,3283147,Game 1: Any Player Quadra Kill?,prop,1,2026-08-06 00:00:00,-14.4,No,30200625346067074015430060403220986189789510521859250903075564218844293941672,,,,,0.0,0.0,0.0,0.0,0.0,0.0,0,0,
2026-08-06 00:14:23,785102,3283149,Game 1: Any Player Penta Kill?,prop,1,2026-08-06 00:00:00,-14.4,Yes,107560095700680081265753652661503728851869475561552735651619553161993049247561,,,,,0.0,0.0,0.0,0.0,0.0,0.0,0,0,
2026-08-06 00:14:23,785102,3283149,Game 1: Any Player Penta Kill?,prop,1,2026-08-06 00:00:00,-14.4,No,40855440273703750856426691233596727964749770418266766934985160202102585211935,,,,,0.0,0.0,0.0,0.0,0.0,0.0,0,0,
2026-08-06 00:14:23,785102,3283151,Game 1: Odd/Even Total Kills?,odd_even,1,2026-08-06 00:00:00,-14.4,Odd,28506205421575290020814998249058289300585860890468471162765934462616239894100,,,,,0.0,0.0,0.0,0.0,0.0,0.0,0,0,
2026-08-06 00:14:23,785102,3283151,Game 1: Odd/Even Total Kills?,odd_even,1,2026-08-06 00:00:00,-14.4,Even,80052818987341269314964811602427948325492714504993275755681238113306752096543,,,,,0.0,0.0,0.0,0.0,0.0,0.0,0,0,
2026-08-06 00:14:23,785102,3283153,Game 2: Both Teams Slay Baron Nashor?,prop,2,2026-08-06 00:00:00,-14.4,Yes,98911511715837755508507756762686879553543748118846902421406797819607075906471,,,,,0.0,0.0,0.0,0.0,0.0,0.0,0,0,
2026-08-06 00:14:23,785102,3283153,Game 2: Both Teams Slay Baron Nashor?,prop,2,2026-08-06 00:00:00,-14.4,No,46901222857374341532357094517620312143605287296363931599973092247016809261229,,,,,0.0,0.0,0.0,0.0,0.0,0.0,0,0,
2026-08-06 00:14:23,785102,3283155,Game 2: Both Teams Slay a Dragon?,prop,2,2026-08-06 00:00:00,-14.4,Yes,80596801693903787229886545890032689219937154744303369312369374426821425227134,,,,,0.0,0.0,0.0,0.0,0.0,0.0,0,0,
2026-08-06 00:14:23,785102,3283155,Game 2: Both Teams Slay a Dragon?,prop,2,2026-08-06 00:00:00,-14.4,No,111690715776779590675763954961412503353673654998265013605899277181536881436524,,,,,0.0,0.0,0.0,0.0,0.0,0.0,0,0,
2026-08-06 00:14:23,785102,3283157,Game 2: Both Teams Destroy Inhibitors?,prop,2,2026-08-06 00:00:00,-14.4,Yes,38085770196210450268000024637719216266843933645198273302449020693312748141932,,,,,0.0,0.0,0.0,0.0,0.0,0.0,0,0,
2026-08-06 00:14:23,785102,3283157,Game 2: Both Teams Destroy Inhibitors?,prop,2,2026-08-06 00:00:00,-14.4,No,1659123527091550610917744873447719075736737684354608145206034397320931272683,,,,,0.0,0.0,0.0,0.0,0.0,0.0,0,0,
2026-08-06 00:14:23,785102,3283159,Game 2: Any Player Quadra Kill?,prop,2,2026-08-06 00:00:00,-14.4,Yes,59072866340815857154055817577050257549975276687662604619164949575432784801424,,,,,0.0,0.0,0.0,0.0,0.0,0.0,0,0,
2026-08-06 00:14:23,785102,3283159,Game 2: Any Player Quadra Kill?,prop,2,2026-08-06 00:00:00,-14.4,No,28561758108152406139438404372769189934258323994836262650000751890021574678697,,,,,0.0,0.0,0.0,0.0,0.0,0.0,0,0,
2026-08-06 00:14:23,785102,3283161,Game 2: Any Player Penta Kill?,prop,2,2026-08-06 00:00:00,-14.4,Yes,49442909133480310129277691706258524769453564888440972977360303274903690445956,,,,,0.0,0.0,0.0,0.0,0.0,0.0,0,0,
2026-08-06 00:14:23,785102,3283161,Game 2: Any Player Penta Kill?,prop,2,2026-08-06 00:00:00,-14.4,No,42415739949465161306148492615973429066665529910469991599585197472043164146807,,,,,0.0,0.0,0.0,0.0,0.0,0.0,0,0,
2026-08-06 00:14:23,785102,3283163,Game 2: Odd/Even Total Kills?,odd_even,2,2026-08-06 00:00:00,-14.4,Odd,67679580835458683168975266744203899367274704652969824193570744905028619110712,,,,,0.0,0.0,0.0,0.0,0.0,0.0,0,0,
2026-08-06 00:14:23,785102,3283163,Game 2: Odd/Even Total Kills?,odd_even,2,2026-08-06 00:00:00,-14.4,Even,86756373260314932676984480227768972205696499513453864679641377148929750575601,,,,,0.0,0.0,0.0,0.0,0.0,0.0,0,0,
2026-08-06 00:14:23,785102,3283165,Game 3: Both Teams Slay Baron Nashor?,prop,3,2026-08-06 00:00:00,-14.4,Yes,2616160987295017143145777882098606117877249526710546396870887150382389852111,,,,,0.0,0.0,0.0,0.0,0.0,0.0,0,0,
2026-08-06 00:14:23,785102,3283165,Game 3: Both Teams Slay Baron Nashor?,prop,3,2026-08-06 00:00:00,-14.4,No,13247982504007490083919596689735665672876636647724264943109153446581703340094,,,,,0.0,0.0,0.0,0.0,0.0,0.0,0,0,
2026-08-06 00:14:23,785102,3283166,Game 3: Both Teams Slay a Dragon?,prop,3,2026-08-06 00:00:00,-14.4,Yes,96596929651829752907946767577047557783211942355294547043275664071098844507364,,,,,0.0,0.0,0.0,0.0,0.0,0.0,0,0,
2026-08-06 00:14:23,785102,3283166,Game 3: Both Teams Slay a Dragon?,prop,3,2026-08-06 00:00:00,-14.4,No,72555109368440928948824078963849041997135589602785624236579633447096848038636,,,,,0.0,0.0,0.0,0.0,0.0,0.0,0,0,
2026-08-06 00:14:23,785102,3283167,Game 3: Both Teams Destroy Inhibitors?,prop,3,2026-08-06 00:00:00,-14.4,Yes,34579390581680133053130567889131080586022692808426142491581146463936133040307,,,,,0.0,0.0,0.0,0.0,0.0,0.0,0,0,
2026-08-06 00:14:23,785102,3283167,Game 3: Both Teams Destroy Inhibitors?,prop,3,2026-08-06 00:00:00,-14.4,No,84992752398524129232212146519164382426208034928103781615728119240410777629428,,,,,0.0,0.0,0.0,0.0,0.0,0.0,0,0,
2026-08-06 00:14:23,785102,3283168,Game 3: Any Player Quadra Kill?,prop,3,2026-08-06 00:00:00,-14.4,Yes,35781041723506361649748795475499563269598019947528022249639885978895735348196,,,,,0.0,0.0,0.0,0.0,0.0,0.0,0,0,
2026-08-06 00:14:23,785102,3283168,Game 3: Any Player Quadra Kill?,prop,3,2026-08-06 00:00:00,-14.4,No,94127435030498175140603827588677541735905591115693709051411957897503219963536,,,,,0.0,0.0,0.0,0.0,0.0,0.0,0,0,
2026-08-06 00:14:23,785102,3283169,Game 3: Any Player Penta Kill?,prop,3,2026-08-06 00:00:00,-14.4,Yes,67441048111656203122689816167870176039169436208522321940835747039928113294504,,,,,0.0,0.0,0.0,0.0,0.0,0.0,0,0,
2026-08-06 00:14:23,785102,3283169,Game 3: Any Player Penta Kill?,prop,3,2026-08-06 00:00:00,-14.4,No,104222021403651160160785795404540624739665771087792154957267428123712555221791,,,,,0.0,0.0,0.0,0.0,0.0,0.0,0,0,
2026-08-06 00:14:23,785102,3283170,Game 3: Odd/Even Total Kills?,odd_even,3,2026-08-06 00:00:00,-14.4,Odd,60757364328004222848449034257269242208473995184446548912735553410812783292187,,,,,0.0,0.0,0.0,0.0,0.0,0.0,0,0,
2026-08-06 00:14:23,785102,3283170,Game 3: Odd/Even Total Kills?,odd_even,3,2026-08-06 00:00:00,-14.4,Even,112491467372199222287138283912341398720287842696962218949818604585144669531878,,,,,0.0,0.0,0.0,0.0,0.0,0.0,0,0,
2026-08-06 00:14:23,785102,3365098,Game Handicap: CPD (-1.5) vs NRG Esports (+1.5),handicap,,2026-08-06 00:00:00,-14.4,Cupid Esports,49177368140127454961217683040434102689469702289763089220317906819076329972368,,,,,0.0,0.0,0.0,0.0,0.0,0.0,0,0,
2026-08-06 00:14:23,785102,3365098,Game Handicap: CPD (-1.5) vs NRG Esports (+1.5),handicap,,2026-08-06 00:00:00,-14.4,NRG Esports,76483820982193824900798926542425320807194742413597018073158027413151977141917,,,,,0.0,0.0,0.0,0.0,0.0,0.0,0,0,
2026-08-06 00:19:46,785102,3283068,LoL: NRG Esports vs Cupid Esports - Game 1 Winner,map,1,2026-08-06 00:00:00,-19.8,NRG Esports,63484378326747153188893989151458801342220145392349641641702148306718123574352,0.21,0.23,0.22,0.02,430.5,430.5,442.75,4.95,13.45,34.17,13,48,34004.97835599999
2026-08-06 00:19:46,785102,3283068,LoL: NRG Esports vs Cupid Esports - Game 1 Winner,map,1,2026-08-06 00:00:00,-19.8,Cupid Esports,35629048129232584221214073251486748096419491802996396058499718428829429139786,0.77,0.79,0.78,0.02,16.57,41.07,95.19,1619.5,1619.5,1683.2,48,13,34004.97835599999
2026-08-06 00:19:46,785102,3283069,LoL: NRG Esports vs Cupid Esports - Game 2 Winner,map,2,2026-08-06 00:00:00,-19.8,NRG Esports,101903243214850723610154512726749937723865076976856449991532635909776284407654,0.51,0.54,0.525,0.03,1027.94,1027.94,1027.94,132.52,139.15,139.15,19,15,331.52
2026-08-06 00:19:46,785102,3283069,LoL: NRG Esports vs Cupid Esports - Game 2 Winner,map,2,2026-08-06 00:00:00,-19.8,Cupid Esports,55697277055645475295284573202306789178119152219099234478498755115859721430969,0.46,0.49,0.475,0.03,111.08,116.08,116.08,1027.06,1027.06,1027.06,15,19,331.52
2026-08-06 00:19:46,785102,3283135,LoL: NRG Esports vs Cupid Esports (BO3) - North American Challengers League Group Stage,series,,2026-08-06 00:00:00,-19.8,NRG Esports,64084079069407432594266267651790975801758661471408589301573999684390264955287,0.35,0.38,0.365,0.03,9.6,56.4,203.1,39.2,83.4,171.93,26,40,37790.27213400001
2026-08-06 00:19:46,785102,3283135,LoL: NRG Esports vs Cupid Esports (BO3) - North American Challengers League Group Stage,series,,2026-08-06 00:00:00,-19.8,Cupid Esports,79201753859985025699694468633018944120267601036348840101826971284310060405486,0.61,0.62,0.615,0.01,27.3,27.3,32.9,27.75,86.93,255.0,37,28,37790.27213400001
2026-08-06 00:19:46,785102,3283137,Games Total: O/U 2.5,total_games,,2026-08-06 00:00:00,-19.8,Over,98845373014174039883716167357924719554526903358988017654777618183317203260866,0.03,0.54,0.285,0.51,1.3,1.3,1.3,10.8,10.8,10.8,2,3,145.63893000000002
2026-08-06 00:19:46,785102,3283137,Games Total: O/U 2.5,total_games,,2026-08-06 00:00:00,-19.8,Under,110990433540446719710900025382387807526994286635796167524982065555845908678218,0.46,0.97,0.715,0.51,9.2,9.2,9.2,58.7,58.7,58.7,3,2,145.63893000000002
2026-08-06 00:19:46,785102,3283139,Game Handicap: NRG (-1.5) vs Cupid Esports (+1.5),handicap,,2026-08-06 00:00:00,-19.8,NRG Esports,37595368285718288742787919703670367205682980818378238805549364265619077126923,,0.8,,,0.0,0.0,0.0,4.56,4.56,4.56,0,1,1178.147819
2026-08-06 00:19:46,785102,3283139,Game Handicap: NRG (-1.5) vs Cupid Esports (+1.5),handicap,,2026-08-06 00:00:00,-19.8,Cupid Esports,85955020505633491953837836860861062116618847320096766078194259768074731765838,0.2,,,,1.14,1.14,1.14,0.0,0.0,0.0,1,0,1178.147819
2026-08-06 00:19:46,785102,3283141,Game 1: Both Teams Slay Baron Nashor?,prop,1,2026-08-06 00:00:00,-19.8,Yes,85005242363673106085793423444222472044575007000134118282804110673537936621595,,,,,0.0,0.0,0.0,0.0,0.0,0.0,0,0,
2026-08-06 00:19:46,785102,3283141,Game 1: Both Teams Slay Baron Nashor?,prop,1,2026-08-06 00:00:00,-19.8,No,52447848610353116221440320092707103911668120594725977315389706271308610285216,,,,,0.0,0.0,0.0,0.0,0.0,0.0,0,0,
2026-08-06 00:19:46,785102,3283143,Game 1: Both Teams Slay a Dragon?,prop,1,2026-08-06 00:00:00,-19.8,Yes,18415562032116962528676039851540603963835306713070423686056804407025202740885,,,,,0.0,0.0,0.0,0.0,0.0,0.0,0,0,
2026-08-06 00:19:46,785102,3283143,Game 1: Both Teams Slay a Dragon?,prop,1,2026-08-06 00:00:00,-19.8,No,68288668424595640468350339001309087236350058871379973644964063935470104654094,,,,,0.0,0.0,0.0,0.0,0.0,0.0,0,0,
2026-08-06 00:19:46,785102,3283145,Game 1: Both Teams Destroy Inhibitors?,prop,1,2026-08-06 00:00:00,-19.8,Yes,71312931568790299399556978779349890391784733606020037596211743970952977944479,,,,,0.0,0.0,0.0,0.0,0.0,0.0,0,0,
2026-08-06 00:19:46,785102,3283145,Game 1: Both Teams Destroy Inhibitors?,prop,1,2026-08-06 00:00:00,-19.8,No,87196812761661738162384181500433306803851242856879261415068704089508542199812,,,,,0.0,0.0,0.0,0.0,0.0,0.0,0,0,
2026-08-06 00:19:46,785102,3283147,Game 1: Any Player Quadra Kill?,prop,1,2026-08-06 00:00:00,-19.8,Yes,55044845943371310478071069099731680129173405263322115956861541520725315066243,,,,,0.0,0.0,0.0,0.0,0.0,0.0,0,0,
2026-08-06 00:19:46,785102,3283147,Game 1: Any Player Quadra Kill?,prop,1,2026-08-06 00:00:00,-19.8,No,30200625346067074015430060403220986189789510521859250903075564218844293941672,,,,,0.0,0.0,0.0,0.0,0.0,0.0,0,0,
2026-08-06 00:19:46,785102,3283149,Game 1: Any Player Penta Kill?,prop,1,2026-08-06 00:00:00,-19.8,Yes,107560095700680081265753652661503728851869475561552735651619553161993049247561,,,,,0.0,0.0,0.0,0.0,0.0,0.0,0,0,
2026-08-06 00:19:46,785102,3283149,Game 1: Any Player Penta Kill?,prop,1,2026-08-06 00:00:00,-19.8,No,40855440273703750856426691233596727964749770418266766934985160202102585211935,,,,,0.0,0.0,0.0,0.0,0.0,0.0,0,0,
2026-08-06 00:19:46,785102,3283151,Game 1: Odd/Even Total Kills?,odd_even,1,2026-08-06 00:00:00,-19.8,Odd,28506205421575290020814998249058289300585860890468471162765934462616239894100,,,,,0.0,0.0,0.0,0.0,0.0,0.0,0,0,
2026-08-06 00:19:46,785102,3283151,Game 1: Odd/Even Total Kills?,odd_even,1,2026-08-06 00:00:00,-19.8,Even,80052818987341269314964811602427948325492714504993275755681238113306752096543,,,,,0.0,0.0,0.0,0.0,0.0,0.0,0,0,
2026-08-06 00:19:46,785102,3283153,Game 2: Both Teams Slay Baron Nashor?,prop,2,2026-08-06 00:00:00,-19.8,Yes,98911511715837755508507756762686879553543748118846902421406797819607075906471,,,,,0.0,0.0,0.0,0.0,0.0,0.0,0,0,
2026-08-06 00:19:46,785102,3283153,Game 2: Both Teams Slay Baron Nashor?,prop,2,2026-08-06 00:00:00,-19.8,No,46901222857374341532357094517620312143605287296363931599973092247016809261229,,,,,0.0,0.0,0.0,0.0,0.0,0.0,0,0,
2026-08-06 00:19:46,785102,3283155,Game 2: Both Teams Slay a Dragon?,prop,2,2026-08-06 00:00:00,-19.8,Yes,80596801693903787229886545890032689219937154744303369312369374426821425227134,,,,,0.0,0.0,0.0,0.0,0.0,0.0,0,0,
2026-08-06 00:19:46,785102,3283155,Game 2: Both Teams Slay a Dragon?,prop,2,2026-08-06 00:00:00,-19.8,No,111690715776779590675763954961412503353673654998265013605899277181536881436524,,,,,0.0,0.0,0.0,0.0,0.0,0.0,0,0,
2026-08-06 00:19:46,785102,3283157,Game 2: Both Teams Destroy Inhibitors?,prop,2,2026-08-06 00:00:00,-19.8,Yes,38085770196210450268000024637719216266843933645198273302449020693312748141932,,,,,0.0,0.0,0.0,0.0,0.0,0.0,0,0,
2026-08-06 00:19:46,785102,3283157,Game 2: Both Teams Destroy Inhibitors?,prop,2,2026-08-06 00:00:00,-19.8,No,1659123527091550610917744873447719075736737684354608145206034397320931272683,,,,,0.0,0.0,0.0,0.0,0.0,0.0,0,0,
2026-08-06 00:19:46,785102,3283159,Game 2: Any Player Quadra Kill?,prop,2,2026-08-06 00:00:00,-19.8,Yes,59072866340815857154055817577050257549975276687662604619164949575432784801424,,,,,0.0,0.0,0.0,0.0,0.0,0.0,0,0,
2026-08-06 00:19:46,785102,3283159,Game 2: Any Player Quadra Kill?,prop,2,2026-08-06 00:00:00,-19.8,No,28561758108152406139438404372769189934258323994836262650000751890021574678697,,,,,0.0,0.0,0.0,0.0,0.0,0.0,0,0,
2026-08-06 00:19:46,785102,3283161,Game 2: Any Player Penta Kill?,prop,2,2026-08-06 00:00:00,-19.8,Yes,49442909133480310129277691706258524769453564888440972977360303274903690445956,,,,,0.0,0.0,0.0,0.0,0.0,0.0,0,0,
2026-08-06 00:19:46,785102,3283161,Game 2: Any Player Penta Kill?,prop,2,2026-08-06 00:00:00,-19.8,No,42415739949465161306148492615973429066665529910469991599585197472043164146807,,,,,0.0,0.0,0.0,0.0,0.0,0.0,0,0,
2026-08-06 00:19:46,785102,3283163,Game 2: Odd/Even Total Kills?,odd_even,2,2026-08-06 00:00:00,-19.8,Odd,67679580835458683168975266744203899367274704652969824193570744905028619110712,,,,,0.0,0.0,0.0,0.0,0.0,0.0,0,0,
2026-08-06 00:19:46,785102,3283163,Game 2: Odd/Even Total Kills?,odd_even,2,2026-08-06 00:00:00,-19.8,Even,86756373260314932676984480227768972205696499513453864679641377148929750575601,,,,,0.0,0.0,0.0,0.0,0.0,0.0,0,0,
2026-08-06 00:19:46,785102,3283165,Game 3: Both Teams Slay Baron Nashor?,prop,3,2026-08-06 00:00:00,-19.8,Yes,2616160987295017143145777882098606117877249526710546396870887150382389852111,,,,,0.0,0.0,0.0,0.0,0.0,0.0,0,0,
2026-08-06 00:19:46,785102,3283165,Game 3: Both Teams Slay Baron Nashor?,prop,3,2026-08-06 00:00:00,-19.8,No,13247982504007490083919596689735665672876636647724264943109153446581703340094,,,,,0.0,0.0,0.0,0.0,0.0,0.0,0,0,
2026-08-06 00:19:46,785102,3283166,Game 3: Both Teams Slay a Dragon?,prop,3,2026-08-06 00:00:00,-19.8,Yes,96596929651829752907946767577047557783211942355294547043275664071098844507364,,,,,0.0,0.0,0.0,0.0,0.0,0.0,0,0,
2026-08-06 00:19:46,785102,3283166,Game 3: Both Teams Slay a Dragon?,prop,3,2026-08-06 00:00:00,-19.8,No,72555109368440928948824078963849041997135589602785624236579633447096848038636,,,,,0.0,0.0,0.0,0.0,0.0,0.0,0,0,
2026-08-06 00:19:46,785102,3283167,Game 3: Both Teams Destroy Inhibitors?,prop,3,2026-08-06 00:00:00,-19.8,Yes,34579390581680133053130567889131080586022692808426142491581146463936133040307,,,,,0.0,0.0,0.0,0.0,0.0,0.0,0,0,
2026-08-06 00:19:46,785102,3283167,Game 3: Both Teams Destroy Inhibitors?,prop,3,2026-08-06 00:00:00,-19.8,No,84992752398524129232212146519164382426208034928103781615728119240410777629428,,,,,0.0,0.0,0.0,0.0,0.0,0.0,0,0,
2026-08-06 00:19:46,785102,3283168,Game 3: Any Player Quadra Kill?,prop,3,2026-08-06 00:00:00,-19.8,Yes,35781041723506361649748795475499563269598019947528022249639885978895735348196,,,,,0.0,0.0,0.0,0.0,0.0,0.0,0,0,
2026-08-06 00:19:46,785102,3283168,Game 3: Any Player Quadra Kill?,prop,3,2026-08-06 00:00:00,-19.8,No,94127435030498175140603827588677541735905591115693709051411957897503219963536,,,,,0.0,0.0,0.0,0.0,0.0,0.0,0,0,
2026-08-06 00:19:46,785102,3283169,Game 3: Any Player Penta Kill?,prop,3,2026-08-06 00:00:00,-19.8,Yes,67441048111656203122689816167870176039169436208522321940835747039928113294504,,,,,0.0,0.0,0.0,0.0,0.0,0.0,0,0,
2026-08-06 00:19:46,785102,3283169,Game 3: Any Player Penta Kill?,prop,3,2026-08-06 00:00:00,-19.8,No,104222021403651160160785795404540624739665771087792154957267428123712555221791,,,,,0.0,0.0,0.0,0.0,0.0,0.0,0,0,
2026-08-06 00:19:46,785102,3283170,Game 3: Odd/Even Total Kills?,odd_even,3,2026-08-06 00:00:00,-19.8,Odd,60757364328004222848449034257269242208473995184446548912735553410812783292187,,,,,0.0,0.0,0.0,0.0,0.0,0.0,0,0,
2026-08-06 00:19:46,785102,3283170,Game 3: Odd/Even Total Kills?,odd_even,3,2026-08-06 00:00:00,-19.8,Even,112491467372199222287138283912341398720287842696962218949818604585144669531878,,,,,0.0,0.0,0.0,0.0,0.0,0.0,0,0,
2026-08-06 00:19:46,785102,3365098,Game Handicap: CPD (-1.5) vs NRG Esports (+1.5),handicap,,2026-08-06 00:00:00,-19.8,Cupid Esports,49177368140127454961217683040434102689469702289763089220317906819076329972368,,,,,0.0,0.0,0.0,0.0,0.0,0.0,0,0,
2026-08-06 00:19:46,785102,3365098,Game Handicap: CPD (-1.5) vs NRG Esports (+1.5),handicap,,2026-08-06 00:00:00,-19.8,NRG Esports,76483820982193824900798926542425320807194742413597018073158027413151977141917,,,,,0.0,0.0,0.0,0.0,0.0,0.0,0,0,
2026-08-06 00:25:12,785102,3283068,LoL: NRG Esports vs Cupid Esports - Game 1 Winner,map,1,2026-08-06 00:00:00,-25.2,NRG Esports,63484378326747153188893989151458801342220145392349641641702148306718123574352,0.79,0.81,0.8,0.02,168.77,278.82,284.82,699.86,779.31,1909.06,45,16,34004.97835599999
2026-08-06 00:25:12,785102,3283068,LoL: NRG Esports vs Cupid Esports - Game 1 Winner,map,1,2026-08-06 00:00:00,-25.2,Cupid Esports,35629048129232584221214073251486748096419491802996396058499718428829429139786,0.19,0.21,0.2,0.02,161.69,177.24,365.49,41.64,75.59,77.59,16,45,34004.97835599999
2026-08-06 00:25:12,785102,3283069,LoL: NRG Esports vs Cupid Esports - Game 2 Winner,map,2,2026-08-06 00:00:00,-25.2,NRG Esports,101903243214850723610154512726749937723865076976856449991532635909776284407654,0.52,0.55,0.535,0.03,72.98,1241.18,1373.03,268.64,331.91,619.15,22,17,331.52
2026-08-06 00:25:12,785102,3283069,LoL: NRG Esports vs Cupid Esports - Game 2 Winner,map,2,2026-08-06 00:00:00,-25.2,Cupid Esports,55697277055645475295284573202306789178119152219099234478498755115859721430969,0.45,0.48,0.465,0.03,214.76,262.49,454.56,70.02,1240.67,1385.82,17,22,331.52
2026-08-06 00:25:12,785102,3283135,LoL: NRG Esports vs Cupid Esports (BO3) - North American Challengers League Group Stage,series,,2026-08-06 00:00:00,-25.2,NRG Esports,64084079069407432594266267651790975801758661471408589301573999684390264955287,0.68,0.69,0.685,0.01,683.94,936.14,1369.96,617.16,1360.31,2480.91,43,27,37790.27213400001
2026-08-06 00:25:12,785102,3283135,LoL: NRG Esports vs Cupid Esports (BO3) - North American Challengers League Group Stage,series,,2026-08-06 00:00:00,-25.2,Cupid Esports,79201753859985025699694468633018944120267601036348840101826971284310060405486,0.31,0.32,0.315,0.01,265.49,559.8,983.63,334.36,470.16,719.34,27,43,37790.27213400001
2026-08-06 00:25:12,785102,3283137,Games Total: O/U 2.5,total_games,,2026-08-06 00:00:00,-25.2,Over,98845373014174039883716167357924719554526903358988017654777618183317203260866,0.02,0.73,0.375,0.71,0.1,0.1,0.1,9.93,9.93,9.93,1,1,145.63893000000002
2026-08-06 00:25:12,785102,3283137,Games Total: O/U 2.5,total_games,,2026-08-06 00:00:00,-25.2,Under,110990433540446719710900025382387807526994286635796167524982065555845908678218,,0.98,,,0.0,0.0,0.0,4.9,4.9,4.9,0,1,145.63893000000002
2026-08-06 00:25:12,785102,3283139,Game Handicap: NRG (-1.5) vs Cupid Esports (+1.5),handicap,,2026-08-06 00:00:00,-25.2,NRG Esports,37595368285718288742787919703670367205682980818378238805549364265619077126923,0.35,0.71,0.53,0.36,1.75,1.75,1.75,29.26,29.26,29.26,1,4,1178.147819
2026-08-06 00:25:12,785102,3283139,Game Handicap: NRG (-1.5) vs Cupid Esports (+1.5),handicap,,2026-08-06 00:00:00,-25.2,Cupid Esports,85955020505633491953837836860861062116618847320096766078194259768074731765838,0.29,0.65,0.47,0.36,12.9,12.9,12.9,3.25,3.25,3.25,4,1,1178.147819
2026-08-06 00:25:12,785102,3283141,Game 1: Both Teams Slay Baron Nashor?,prop,1,2026-08-06 00:00:00,-25.2,Yes,85005242363673106085793423444222472044575007000134118282804110673537936621595,,,,,0.0,0.0,0.0,0.0,0.0,0.0,0,0,
2026-08-06 00:25:12,785102,3283141,Game 1: Both Teams Slay Baron Nashor?,prop,1,2026-08-06 00:00:00,-25.2,No,52447848610353116221440320092707103911668120594725977315389706271308610285216,,,,,0.0,0.0,0.0,0.0,0.0,0.0,0,0,
2026-08-06 00:25:12,785102,3283143,Game 1: Both Teams Slay a Dragon?,prop,1,2026-08-06 00:00:00,-25.2,Yes,18415562032116962528676039851540603963835306713070423686056804407025202740885,,,,,0.0,0.0,0.0,0.0,0.0,0.0,0,0,
2026-08-06 00:25:12,785102,3283143,Game 1: Both Teams Slay a Dragon?,prop,1,2026-08-06 00:00:00,-25.2,No,68288668424595640468350339001309087236350058871379973644964063935470104654094,,,,,0.0,0.0,0.0,0.0,0.0,0.0,0,0,
2026-08-06 00:25:12,785102,3283145,Game 1: Both Teams Destroy Inhibitors?,prop,1,2026-08-06 00:00:00,-25.2,Yes,71312931568790299399556978779349890391784733606020037596211743970952977944479,,,,,0.0,0.0,0.0,0.0,0.0,0.0,0,0,
2026-08-06 00:25:12,785102,3283145,Game 1: Both Teams Destroy Inhibitors?,prop,1,2026-08-06 00:00:00,-25.2,No,87196812761661738162384181500433306803851242856879261415068704089508542199812,,,,,0.0,0.0,0.0,0.0,0.0,0.0,0,0,
2026-08-06 00:25:12,785102,3283147,Game 1: Any Player Quadra Kill?,prop,1,2026-08-06 00:00:00,-25.2,Yes,55044845943371310478071069099731680129173405263322115956861541520725315066243,,,,,0.0,0.0,0.0,0.0,0.0,0.0,0,0,
2026-08-06 00:25:12,785102,3283147,Game 1: Any Player Quadra Kill?,prop,1,2026-08-06 00:00:00,-25.2,No,30200625346067074015430060403220986189789510521859250903075564218844293941672,,,,,0.0,0.0,0.0,0.0,0.0,0.0,0,0,
2026-08-06 00:25:12,785102,3283149,Game 1: Any Player Penta Kill?,prop,1,2026-08-06 00:00:00,-25.2,Yes,107560095700680081265753652661503728851869475561552735651619553161993049247561,,,,,0.0,0.0,0.0,0.0,0.0,0.0,0,0,
2026-08-06 00:25:12,785102,3283149,Game 1: Any Player Penta Kill?,prop,1,2026-08-06 00:00:00,-25.2,No,40855440273703750856426691233596727964749770418266766934985160202102585211935,,,,,0.0,0.0,0.0,0.0,0.0,0.0,0,0,
2026-08-06 00:25:12,785102,3283151,Game 1: Odd/Even Total Kills?,odd_even,1,2026-08-06 00:00:00,-25.2,Odd,28506205421575290020814998249058289300585860890468471162765934462616239894100,,,,,0.0,0.0,0.0,0.0,0.0,0.0,0,0,
2026-08-06 00:25:12,785102,3283151,Game 1: Odd/Even Total Kills?,odd_even,1,2026-08-06 00:00:00,-25.2,Even,80052818987341269314964811602427948325492714504993275755681238113306752096543,,,,,0.0,0.0,0.0,0.0,0.0,0.0,0,0,
2026-08-06 00:25:12,785102,3283153,Game 2: Both Teams Slay Baron Nashor?,prop,2,2026-08-06 00:00:00,-25.2,Yes,98911511715837755508507756762686879553543748118846902421406797819607075906471,,,,,0.0,0.0,0.0,0.0,0.0,0.0,0,0,
2026-08-06 00:25:12,785102,3283153,Game 2: Both Teams Slay Baron Nashor?,prop,2,2026-08-06 00:00:00,-25.2,No,46901222857374341532357094517620312143605287296363931599973092247016809261229,,,,,0.0,0.0,0.0,0.0,0.0,0.0,0,0,
2026-08-06 00:25:12,785102,3283155,Game 2: Both Teams Slay a Dragon?,prop,2,2026-08-06 00:00:00,-25.2,Yes,80596801693903787229886545890032689219937154744303369312369374426821425227134,,,,,0.0,0.0,0.0,0.0,0.0,0.0,0,0,
2026-08-06 00:25:12,785102,3283155,Game 2: Both Teams Slay a Dragon?,prop,2,2026-08-06 00:00:00,-25.2,No,111690715776779590675763954961412503353673654998265013605899277181536881436524,,,,,0.0,0.0,0.0,0.0,0.0,0.0,0,0,
2026-08-06 00:25:12,785102,3283157,Game 2: Both Teams Destroy Inhibitors?,prop,2,2026-08-06 00:00:00,-25.2,Yes,38085770196210450268000024637719216266843933645198273302449020693312748141932,,,,,0.0,0.0,0.0,0.0,0.0,0.0,0,0,
2026-08-06 00:25:12,785102,3283157,Game 2: Both Teams Destroy Inhibitors?,prop,2,2026-08-06 00:00:00,-25.2,No,1659123527091550610917744873447719075736737684354608145206034397320931272683,,,,,0.0,0.0,0.0,0.0,0.0,0.0,0,0,
2026-08-06 00:25:12,785102,3283159,Game 2: Any Player Quadra Kill?,prop,2,2026-08-06 00:00:00,-25.2,Yes,59072866340815857154055817577050257549975276687662604619164949575432784801424,,,,,0.0,0.0,0.0,0.0,0.0,0.0,0,0,
2026-08-06 00:25:12,785102,3283159,Game 2: Any Player Quadra Kill?,prop,2,2026-08-06 00:00:00,-25.2,No,28561758108152406139438404372769189934258323994836262650000751890021574678697,,,,,0.0,0.0,0.0,0.0,0.0,0.0,0,0,
2026-08-06 00:25:12,785102,3283161,Game 2: Any Player Penta Kill?,prop,2,2026-08-06 00:00:00,-25.2,Yes,49442909133480310129277691706258524769453564888440972977360303274903690445956,,,,,0.0,0.0,0.0,0.0,0.0,0.0,0,0,
2026-08-06 00:25:12,785102,3283161,Game 2: Any Player Penta Kill?,prop,2,2026-08-06 00:00:00,-25.2,No,42415739949465161306148492615973429066665529910469991599585197472043164146807,,,,,0.0,0.0,0.0,0.0,0.0,0.0,0,0,
2026-08-06 00:25:12,785102,3283163,Game 2: Odd/Even Total Kills?,odd_even,2,2026-08-06 00:00:00,-25.2,Odd,67679580835458683168975266744203899367274704652969824193570744905028619110712,,,,,0.0,0.0,0.0,0.0,0.0,0.0,0,0,
2026-08-06 00:25:12,785102,3283163,Game 2: Odd/Even Total Kills?,odd_even,2,2026-08-06 00:00:00,-25.2,Even,86756373260314932676984480227768972205696499513453864679641377148929750575601,,,,,0.0,0.0,0.0,0.0,0.0,0.0,0,0,
2026-08-06 00:25:12,785102,3283165,Game 3: Both Teams Slay Baron Nashor?,prop,3,2026-08-06 00:00:00,-25.2,Yes,2616160987295017143145777882098606117877249526710546396870887150382389852111,,,,,0.0,0.0,0.0,0.0,0.0,0.0,0,0,
2026-08-06 00:25:12,785102,3283165,Game 3: Both Teams Slay Baron Nashor?,prop,3,2026-08-06 00:00:00,-25.2,No,13247982504007490083919596689735665672876636647724264943109153446581703340094,,,,,0.0,0.0,0.0,0.0,0.0,0.0,0,0,
2026-08-06 00:25:12,785102,3283166,Game 3: Both Teams Slay a Dragon?,prop,3,2026-08-06 00:00:00,-25.2,Yes,96596929651829752907946767577047557783211942355294547043275664071098844507364,,,,,0.0,0.0,0.0,0.0,0.0,0.0,0,0,
2026-08-06 00:25:12,785102,3283166,Game 3: Both Teams Slay a Dragon?,prop,3,2026-08-06 00:00:00,-25.2,No,72555109368440928948824078963849041997135589602785624236579633447096848038636,,,,,0.0,0.0,0.0,0.0,0.0,0.0,0,0,
2026-08-06 00:25:12,785102,3283167,Game 3: Both Teams Destroy Inhibitors?,prop,3,2026-08-06 00:00:00,-25.2,Yes,34579390581680133053130567889131080586022692808426142491581146463936133040307,,,,,0.0,0.0,0.0,0.0,0.0,0.0,0,0,
2026-08-06 00:25:12,785102,3283167,Game 3: Both Teams Destroy Inhibitors?,prop,3,2026-08-06 00:00:00,-25.2,No,84992752398524129232212146519164382426208034928103781615728119240410777629428,,,,,0.0,0.0,0.0,0.0,0.0,0.0,0,0,
2026-08-06 00:25:12,785102,3283168,Game 3: Any Player Quadra Kill?,prop,3,2026-08-06 00:00:00,-25.2,Yes,35781041723506361649748795475499563269598019947528022249639885978895735348196,,,,,0.0,0.0,0.0,0.0,0.0,0.0,0,0,
2026-08-06 00:25:12,785102,3283168,Game 3: Any Player Quadra Kill?,prop,3,2026-08-06 00:00:00,-25.2,No,94127435030498175140603827588677541735905591115693709051411957897503219963536,,,,,0.0,0.0,0.0,0.0,0.0,0.0,0,0,
2026-08-06 00:25:12,785102,3283169,Game 3: Any Player Penta Kill?,prop,3,2026-08-06 00:00:00,-25.2,Yes,67441048111656203122689816167870176039169436208522321940835747039928113294504,,,,,0.0,0.0,0.0,0.0,0.0,0.0,0,0,
2026-08-06 00:25:12,785102,3283169,Game 3: Any Player Penta Kill?,prop,3,2026-08-06 00:00:00,-25.2,No,104222021403651160160785795404540624739665771087792154957267428123712555221791,,,,,0.0,0.0,0.0,0.0,0.0,0.0,0,0,
2026-08-06 00:25:12,785102,3283170,Game 3: Odd/Even Total Kills?,odd_even,3,2026-08-06 00:00:00,-25.2,Odd,60757364328004222848449034257269242208473995184446548912735553410812783292187,,,,,0.0,0.0,0.0,0.0,0.0,0.0,0,0,
2026-08-06 00:25:12,785102,3283170,Game 3: Odd/Even Total Kills?,odd_even,3,2026-08-06 00:00:00,-25.2,Even,112491467372199222287138283912341398720287842696962218949818604585144669531878,,,,,0.0,0.0,0.0,0.0,0.0,0.0,0,0,
2026-08-06 00:25:12,785102,3365098,Game Handicap: CPD (-1.5) vs NRG Esports (+1.5),handicap,,2026-08-06 00:00:00,-25.2,Cupid Esports,49177368140127454961217683040434102689469702289763089220317906819076329972368,,,,,0.0,0.0,0.0,0.0,0.0,0.0,0,0,
2026-08-06 00:25:12,785102,3365098,Game Handicap: CPD (-1.5) vs NRG Esports (+1.5),handicap,,2026-08-06 00:00:00,-25.2,NRG Esports,76483820982193824900798926542425320807194742413597018073158027413151977141917,,,,,0.0,0.0,0.0,0.0,0.0,0.0,0,0,
2026-08-06 01:07:44,774544,3232431,LoL: DN SOOPers Challengers vs T1 Academy - Game 1 Winner,map,1,2026-08-06 05:00:00,232.3,DN SOOPers Challengers,89180779190982217888721480397356977555107137546464234978404797852484734741757,0.36,0.37,0.365,0.01,325.35,1187.6,4249.9,511.65,2557.44,2799.18,28,38,2239.957697
2026-08-06 01:07:44,774544,3232431,LoL: DN SOOPers Challengers vs T1 Academy - Game 1 Winner,map,1,2026-08-06 05:00:00,232.3,T1 Academy,88014722200161978653189252241239151593851553457064281627692606693464050110943,0.63,0.64,0.635,0.01,848.35,3962.12,4302.38,594.65,2291.72,9040.43,38,28,2239.957697
2026-08-06 01:07:44,774544,3232432,LoL: DN SOOPers Challengers vs T1 Academy - Game 2 Winner,map,2,2026-08-06 05:00:00,232.3,DN SOOPers Challengers,23884292850499227526939876263394303804534512803840633561636774606942318735839,0.36,0.38,0.37,0.02,356.85,1453.5,3996.81,883.87,2420.22,2551.26,26,30,359.99999999999994
2026-08-06 01:07:44,774544,3232432,LoL: DN SOOPers Challengers vs T1 Academy - Game 2 Winner,map,2,2026-08-06 05:00:00,232.3,T1 Academy,21588236202997223551356634688420833324533049917314187094112572874681516479577,0.62,0.64,0.63,0.02,1404.13,3701.4,3882.36,653.15,2819.85,8414.35,30,26,359.99999999999994
2026-08-06 01:07:44,774544,3232433,LoL: DN SOOPers Challengers vs T1 Academy (BO3) - LCK Challengers League Rounds 3-4 Challenge Group,series,,2026-08-06 05:00:00,232.3,DN SOOPers Challengers,93287385816710097684121106780873579979982621892847464600379453036822266333560,0.29,0.3,0.295,0.01,1389.45,4569.15,5933.25,1671.24,2764.65,4111.29,26,50,16951.525801
2026-08-06 01:07:44,774544,3232433,LoL: DN SOOPers Challengers vs T1 Academy (BO3) - LCK Challengers League Rounds 3-4 Challenge Group,series,,2026-08-06 05:00:00,232.3,T1 Academy,91088887287590403349084191565363328938100254142680860097908489425083598491089,0.7,0.71,0.705,0.01,3805.6,6050.19,8618.48,3571.48,12398.74,16545.03,50,26,16951.525801
2026-08-06 01:07:44,774544,3232434,Games Total: O/U 2.5,total_games,,2026-08-06 05:00:00,232.3,Over,94194620899988396438941999727263821412211432687321645448307060066835791569633,0.44,0.46,0.45,0.02,520.13,3115.88,3884.7,575.29,2537.7,2900.08,22,27,19.990000000000002
2026-08-06 01:07:44,774544,3232434,Games Total: O/U 2.5,total_games,,2026-08-06 05:00:00,232.3,Under,92587768125686476379404132153686486577423762915501260880794999637102627059908,0.54,0.56,0.55,0.02,654.71,2718.93,3070.77,680.87,4391.82,5571.58,27,22,19.990000000000002
2026-08-06 01:07:44,774544,3232435,Game Handicap: T1.A (-1.5) vs DN SOOPers Challengers (+1.5),handicap,,2026-08-06 05:00:00,232.3,T1 Academy,110972547908732575081616034438873424941587419502986961453244563818036739471135,0.4,0.42,0.41,0.02,913.0,2538.0,2826.0,264.04,1854.4,3004.4,20,26,606.5522599999999
2026-08-06 01:07:44,774544,3232435,Game Handicap: T1.A (-1.5) vs DN SOOPers Challengers (+1.5),handicap,,2026-08-06 05:00:00,232.3,DN SOOPers Challengers,41499457609958663494372307629882562064062149340032423391519932611528909189693,0.58,0.6,0.59,0.02,355.1,2345.1,3695.1,1407.0,4071.47,4583.47,26,20,606.5522599999999
2026-08-06 01:07:44,774544,3232436,Game 1: Both Teams Slay Baron Nashor?,prop,1,2026-08-06 05:00:00,232.3,Yes,35879299538138743569243330768506936435969657050013347700645720707489668825160,0.02,0.98,0.5,0.96,3.8,3.8,3.8,326.47,326.47,326.47,2,2,
2026-08-06 01:07:44,774544,3232436,Game 1: Both Teams Slay Baron Nashor?,prop,1,2026-08-06 05:00:00,232.3,No,62830716487781823686229894051681424178705526769120560625424809228213799985789,0.02,0.98,0.5,0.96,3.8,3.8,3.8,325.53,325.53,325.53,2,2,
2026-08-06 01:07:44,774544,3232437,Game 1: Both Teams Slay a Dragon?,prop,1,2026-08-06 05:00:00,232.3,Yes,6729618535995143105929445516028200070068677328298548183260395690609454384120,0.02,0.98,0.5,0.96,3.8,3.8,3.8,325.54,325.54,325.54,2,2,
2026-08-06 01:07:44,774544,3232437,Game 1: Both Teams Slay a Dragon?,prop,1,2026-08-06 05:00:00,232.3,No,37653220819795268816043597710617640769765264179997945128937420772244148207178,0.02,0.98,0.5,0.96,3.8,3.8,3.8,326.15,326.15,326.15,2,2,
2026-08-06 01:07:44,774544,3232438,Game 1: Both Teams Destroy Inhibitors?,prop,1,2026-08-06 05:00:00,232.3,Yes,3614025147917699555212974378828925933707051130370544460613088590191558901669,0.02,0.98,0.5,0.96,3.8,3.8,3.8,325.53,325.53,325.53,2,2,
2026-08-06 01:07:44,774544,3232438,Game 1: Both Teams Destroy Inhibitors?,prop,1,2026-08-06 05:00:00,232.3,No,53471224693509242232810327929487652317822664336673195640668812230550140141086,0.02,0.98,0.5,0.96,3.8,3.8,3.8,324.85,324.85,324.85,2,2,
2026-08-06 01:07:44,774544,3232439,Game 1: Any Player Quadra Kill?,prop,1,2026-08-06 05:00:00,232.3,Yes,4357707627968591862978470615635767111935966287990643707131048919432556122862,0.01,0.5,0.255,0.49,0.6,0.6,0.6,47.62,47.62,47.62,1,8,
2026-08-06 01:07:44,774544,3232439,Game 1: Any Player Quadra Kill?,prop,1,2026-08-06 05:00:00,232.3,No,16679114107829251146426048604518133417278994003413940232677257411855097537527,0.5,0.99,0.745,0.49,47.62,47.62,47.62,59.4,59.4,59.4,8,1,
2026-08-06 01:07:44,774544,3232440,Game 1: Any Player Penta Kill?,prop,1,2026-08-06 05:00:00,232.3,Yes,19641519196430774905740913027320431444958327438294367674284679010427649627217,0.01,0.49,0.25,0.48,0.6,0.6,0.6,86.33,86.33,86.33,1,9,
2026-08-06 01:07:44,774544,3232440,Game 1: Any Player Penta Kill?,prop,1,2026-08-06 05:00:00,232.3,No,103493158186294192020724062044796042811515801778503153163478695158508175549982,0.51,0.99,0.75,0.48,87.91,87.91,87.91,59.4,59.4,59.4,9,1,
2026-08-06 01:07:44,774544,3232441,Game 1: Odd/Even Total Kills?,odd_even,1,2026-08-06 05:00:00,232.3,Odd,63562255436789805459964397707970044975493457509060149515383882296903156055547,0.49,0.51,0.5,0.02,56.76,56.76,341.37,59.07,59.07,406.94,12,12,
2026-08-06 01:07:44,774544,3232441,Game 1: Odd/Even Total Kills?,odd_even,1,2026-08-06 05:00:00,232.3,Even,90294284466104193965532761231229679879195631738726182943706486397085053427156,0.49,0.51,0.5,0.02,56.76,56.76,341.37,59.07,59.07,406.94,12,12,
2026-08-06 01:07:44,774544,3232442,Game 2: Both Teams Slay Baron Nashor?,prop,2,2026-08-06 05:00:00,232.3,Yes,9029144959068988097021865338698706110711332705432072678119750262948842927125,0.02,0.98,0.5,0.96,3.8,3.8,3.8,326.46,326.46,326.46,2,2,
2026-08-06 01:07:44,774544,3232442,Game 2: Both Teams Slay Baron Nashor?,prop,2,2026-08-06 05:00:00,232.3,No,98884523982677098867546138969502830410111780038470805650456889524526683336912,0.02,0.98,0.5,0.96,3.8,3.8,3.8,325.53,325.53,325.53,2,2,
2026-08-06 01:07:44,774544,3232443,Game 2: Both Teams Slay a Dragon?,prop,2,2026-08-06 05:00:00,232.3,Yes,62460971217033604232551759283234261351388918864301424372400829900765279795286,0.02,0.98,0.5,0.96,3.8,3.8,3.8,324.27,324.27,324.27,2,2,
2026-08-06 01:07:44,774544,3232443,Game 2: Both Teams Slay a Dragon?,prop,2,2026-08-06 05:00:00,232.3,No,101264886956311673098151811258873229804653451207176460795122333392580087235178,0.02,0.98,0.5,0.96,3.8,3.8,3.8,325.54,325.54,325.54,2,2,
2026-08-06 01:07:44,774544,3232444,Game 2: Both Teams Destroy Inhibitors?,prop,2,2026-08-06 05:00:00,232.3,Yes,18129068812058139379588183681585198414944643464524381268533112916376782447088,0.02,0.98,0.5,0.96,3.8,3.8,3.8,325.54,325.54,325.54,2,2,
2026-08-06 01:07:44,774544,3232444,Game 2: Both Teams Destroy Inhibitors?,prop,2,2026-08-06 05:00:00,232.3,No,82377905464719716231349776253640364419074438516592680931613565707823507518841,0.02,0.98,0.5,0.96,3.8,3.8,3.8,325.38,325.38,325.38,2,2,
2026-08-06 01:07:44,774544,3232445,Game 2: Any Player Quadra Kill?,prop,2,2026-08-06 05:00:00,232.3,Yes,115418406837869174802372349383067125222713629715103092282996917864203301451436,0.01,0.99,0.5,0.98,0.6,0.6,0.6,59.4,59.4,59.4,1,1,
2026-08-06 01:07:44,774544,3232445,Game 2: Any Player Quadra Kill?,prop,2,2026-08-06 05:00:00,232.3,No,49321627699953156242251282922222959119796863074550354989041901504336978378251,0.01,0.99,0.5,0.98,0.6,0.6,0.6,59.4,59.4,59.4,1,1,
2026-08-06 01:07:44,774544,3232446,Game 2: Any Player Penta Kill?,prop,2,2026-08-06 05:00:00,232.3,Yes,47268813826739899548979911053843469681894737904443008443679568866336955844928,0.01,0.48,0.245,0.47,0.6,0.6,0.6,28.04,28.04,28.04,1,9,
2026-08-06 01:07:44,774544,3232446,Game 2: Any Player Penta Kill?,prop,2,2026-08-06 05:00:00,232.3,No,19977748630173056866433018487705264595302965930188455570627001484347007265765,0.52,0.99,0.755,0.47,29.96,29.96,29.96,59.4,59.4,59.4,9,1,
2026-08-06 01:07:44,774544,3232447,Game 2: Odd/Even Total Kills?,odd_even,2,2026-08-06 05:00:00,232.3,Odd,30968811890272290250661020736278135796202271082966563978592041446709295506639,0.49,0.51,0.5,0.02,56.76,56.76,341.37,59.07,59.07,406.94,12,12,
2026-08-06 01:07:44,774544,3232447,Game 2: Odd/Even Total Kills?,odd_even,2,2026-08-06 05:00:00,232.3,Even,40164370542713187307312899191224318270676723476489888298100056766940246494985,0.49,0.51,0.5,0.02,56.76,80.24,364.85,74.13,101.69,449.56,13,14,
2026-08-06 01:07:44,774544,3232448,Game 3: Both Teams Slay Baron Nashor?,prop,3,2026-08-06 05:00:00,232.3,Yes,71576023241871401175971592010016711722223123186982137872842272703368679965393,0.02,0.98,0.5,0.96,3.8,3.8,3.8,325.53,325.53,325.53,2,2,
2026-08-06 01:07:44,774544,3232448,Game 3: Both Teams Slay Baron Nashor?,prop,3,2026-08-06 05:00:00,232.3,No,93067623435586791843392907535488902189972976229608602796130963811833208646489,0.02,0.98,0.5,0.96,3.8,3.8,3.8,325.53,325.53,325.53,2,2,
2026-08-06 01:07:44,774544,3232449,Game 3: Both Teams Slay a Dragon?,prop,3,2026-08-06 05:00:00,232.3,Yes,35277011020372038127019002970023945226717010988105132556808915084575325207141,0.02,0.98,0.5,0.96,3.78,3.78,3.78,326.06,326.06,326.06,2,2,
2026-08-06 01:07:44,774544,3232449,Game 3: Both Teams Slay a Dragon?,prop,3,2026-08-06 05:00:00,232.3,No,42486963979017244797432608176331237569951861256306330201111484852269689399406,0.02,0.98,0.5,0.96,3.8,3.8,3.8,323.96,323.96,323.96,2,2,
2026-08-06 01:07:44,774544,3232450,Game 3: Both Teams Destroy Inhibitors?,prop,3,2026-08-06 05:00:00,232.3,Yes,97119997746987310324776312807358351816067975529034692981743142446364280474883,0.02,0.98,0.5,0.96,3.8,3.8,3.8,325.53,325.53,325.53,2,2,
2026-08-06 01:07:44,774544,3232450,Game 3: Both Teams Destroy Inhibitors?,prop,3,2026-08-06 05:00:00,232.3,No,2934890365561776128688930072443945203788441834192107972485124555183125992036,0.02,0.98,0.5,0.96,3.8,3.8,3.8,325.54,325.54,325.54,2,2,
2026-08-06 01:07:44,774544,3232451,Game 3: Any Player Quadra Kill?,prop,3,2026-08-06 05:00:00,232.3,Yes,51081133047900106810214484615382869257858632642825409318312341862870847654173,0.01,0.99,0.5,0.98,0.6,0.6,0.6,59.4,59.4,59.4,1,1,
2026-08-06 01:07:44,774544,3232451,Game 3: Any Player Quadra Kill?,prop,3,2026-08-06 05:00:00,232.3,No,87946539744294236413543503114738779995138823770237791046006778174743511341887,0.01,0.99,0.5,0.98,0.6,0.6,0.6,59.4,59.4,59.4,1,1,
2026-08-06 01:07:44,774544,3232452,Game 3: Any Player Penta Kill?,prop,3,2026-08-06 05:00:00,232.3,Yes,108740881426938561659555230821084960559056210473266184770831186685760402412259,0.07,0.99,0.53,0.92,1.55,29.95,29.95,59.4,59.4,59.4,4,1,
2026-08-06 01:07:44,774544,3232452,Game 3: Any Player Penta Kill?,prop,3,2026-08-06 05:00:00,232.3,No,71925107048659588955620650875251086898811882996781706949879415464457756927419,0.01,0.93,0.47,0.92,0.6,0.6,0.6,23.45,563.05,563.05,1,4,
2026-08-06 01:07:44,774544,3232453,Game 3: Odd/Even Total Kills?,odd_even,3,2026-08-06 05:00:00,232.3,Odd,38855396122206171178532122546363262745932107856274451192186224807070911338253,0.49,0.51,0.5,0.02,70.66,94.14,378.75,74.13,101.69,449.56,14,14,
2026-08-06 01:07:44,774544,3232453,Game 3: Odd/Even Total Kills?,odd_even,3,2026-08-06 05:00:00,232.3,Even,90012076744913079261195616539238098915905530343472138300866740180463058262058,0.49,0.51,0.5,0.02,70.66,94.14,378.75,74.13,101.69,449.56,14,14,
2026-08-06 01:07:44,774545,3232454,LoL: HANJIN BRION Challengers vs Gen.G Global Academy - Game 1 Winner,map,1,2026-08-06 05:00:00,232.3,HANJIN BRION Challengers,52228976186109086158167316412215112760053122143363369169923420404312504057878,0.63,0.64,0.635,0.01,1214.94,1856.55,3279.64,9851.7,14485.73,16636.38,39,27,2214.0707409999995
2026-08-06 01:07:44,774545,3232454,LoL: HANJIN BRION Challengers vs Gen.G Global Academy - Game 1 Winner,map,1,2026-08-06 05:00:00,232.3,Gen.G Global Academy,59521189641895066408182829996235007935688731533512474356643238294249132018210,0.36,0.37,0.365,0.01,5410.47,7796.44,8784.23,727.23,1145.88,2154.15,27,39,2214.0707409999995
2026-08-06 01:07:44,774545,3232455,LoL: HANJIN BRION Challengers vs Gen.G Global Academy - Game 2 Winner,map,2,2026-08-06 05:00:00,232.3,HANJIN BRION Challengers,115417929023354005111662764790856677504457033071785355976072750789863211204398,0.63,0.64,0.635,0.01,1309.88,2179.38,3296.84,9005.77,13555.58,15610.72,38,29,2783.7240509999997
2026-08-06 01:07:44,774545,3232455,LoL: HANJIN BRION Challengers vs Gen.G Global Academy - Game 2 Winner,map,2,2026-08-06 05:00:00,232.3,Gen.G Global Academy,23972474913470880115057032408461645605542809190793930396567007793753895428600,0.36,0.37,0.365,0.01,4947.81,7291.0,8236.61,782.99,1343.65,2138.19,29,36,2783.7240509999997
2026-08-06 01:07:44,774545,3232456,LoL: HANJIN BRION Challengers vs Gen.G Global Academy (BO3) - LCK Challengers League Rounds 3-4 Trial Group,series,,2026-08-06 05:00:00,232.3,HANJIN BRION Challengers,24026104513594107834440296785430593351160052001316088259582248775400999298481,0.67,0.68,0.675,0.01,2583.68,4056.63,4088.13,9412.29,14654.59,19980.07,45,25,48814.336691000004
2026-08-06 01:07:44,774545,3232456,LoL: HANJIN BRION Challengers vs Gen.G Global Academy (BO3) - LCK Challengers League Rounds 3-4 Trial Group,series,,2026-08-06 05:00:00,232.3,Gen.G Global Academy,82284072290596608193444173194524343142672972006533699072212443664832954257979,0.32,0.33,0.325,0.01,4348.87,6506.43,8542.1,1299.76,2113.97,2132.47,25,45,48814.336691000004
2026-08-06 01:07:44,774545,3232457,Games Total: O/U 2.5,total_games,,2026-08-06 05:00:00,232.3,Over,110259001744478875529907484962729355575330137051830827843750986807358201211578,0.44,0.45,0.445,0.01,1292.11,3037.34,3738.57,313.41,986.2,2541.88,22,22,283.37214
2026-08-06 01:07:44,774545,3232457,Games Total: O/U 2.5,total_games,,2026-08-06 05:00:00,232.3,Under,78119555811882975940695707925666604046550666279218092046885752236619264101207,0.55,0.56,0.555,0.01,376.81,1131.51,2702.94,1691.21,4107.98,5204.77,22,22,283.37214
2026-08-06 01:07:44,774545,3232458,Game Handicap: BRO (-1.5) vs Gen.G Global Academy (+1.5),handicap,,2026-08-06 05:00:00,232.3,HANJIN BRION Challengers,34731578826327827696382702820978000185260052421693957343890768492719846122659,0.44,0.45,0.445,0.01,982.97,1941.56,2268.56,379.64,1452.16,1947.16,24,22,521.9841220000001
2026-08-06 01:07:44,774545,3232458,Game Handicap: BRO (-1.5) vs Gen.G Global Academy (+1.5),handicap,,2026-08-06 05:00:00,232.3,Gen.G Global Academy,58663945631918918829735153099439358930211403969518754785473975361119393196776,0.55,0.56,0.555,0.01,449.79,1634.18,2139.18,1265.59,2618.7,3116.7,22,24,521.9841220000001
2026-08-06 01:07:44,774545,3232459,Game 1: Both Teams Slay Baron Nashor?,prop,1,2026-08-06 05:00:00,232.3,Yes,41623911479621728754409842060721170209107439927110769513287655800834578596715,0.02,0.98,0.5,0.96,3.56,3.56,3.56,310.76,310.76,310.76,2,2,
2026-08-06 01:07:44,774545,3232459,Game 1: Both Teams Slay Baron Nashor?,prop,1,2026-08-06 05:00:00,232.3,No,81757850017572811618891575109697874959807695315780211898123784139163519463356,0.02,0.98,0.5,0.96,3.56,3.56,3.56,309.96,309.96,309.96,2,2,
2026-08-06 01:07:44,774545,3232460,Game 1: Both Teams Slay a Dragon?,prop,1,2026-08-06 05:00:00,232.3,Yes,91531508342492476208541184870895601075634693174041963430753255943292070893025,0.02,0.95,0.485,0.93,3.56,3.56,3.56,28.85,139.4,408.85,2,5,
2026-08-06 01:07:44,774545,3232460,Game 1: Both Teams Slay a Dragon?,prop,1,2026-08-06 05:00:00,232.3,No,46806863349072398168136653412437364134203407163018710384154190461390788717132,0.05,0.98,0.515,0.93,1.31,3.64,6.36,311.9,311.9,311.9,5,2,
2026-08-06 01:07:44,774545,3232461,Game 1: Both Teams Destroy Inhibitors?,prop,1,2026-08-06 05:00:00,232.3,Yes,102481002159417280462240219792845129828220305139623100309028070771981635999474,0.02,0.98,0.5,0.96,3.56,3.56,3.56,311.9,311.9,311.9,2,2,
2026-08-06 01:07:44,774545,3232461,Game 1: Both Teams Destroy Inhibitors?,prop,1,2026-08-06 05:00:00,232.3,No,16351552694030119623546279555399770820000530330536581263766845679249064548423,0.02,0.98,0.5,0.96,3.56,3.56,3.56,312.76,312.76,312.76,2,2,
2026-08-06 01:07:44,774545,3232462,Game 1: Any Player Quadra Kill?,prop,1,2026-08-06 05:00:00,232.3,Yes,112134773023820385320855705906048281474504695455770532388949586072893386311431,0.01,0.99,0.5,0.98,0.6,0.6,0.6,59.4,59.4,59.4,1,1,
2026-08-06 01:07:44,774545,3232462,Game 1: Any Player Quadra Kill?,prop,1,2026-08-06 05:00:00,232.3,No,58286049853582961753993113102005386173338939924829171161808371555932687372869,0.01,0.99,0.5,0.98,0.6,0.6,0.6,59.4,59.4,59.4,1,1,
2026-08-06 01:07:44,774545,3232463,Game 1: Any Player Penta Kill?,prop,1,2026-08-06 05:00:00,232.3,Yes,29857304755704290784078614316568955379345949231742876897857696161412334233037,0.01,0.48,0.245,0.47,0.6,0.6,0.6,28.04,28.04,28.04,1,9,
2026-08-06 01:07:44,774545,3232463,Game 1: Any Player Penta Kill?,prop,1,2026-08-06 05:00:00,232.3,No,65348383128392821854079532224686373708005215398533263909127959564790737089946,0.52,0.99,0.755,0.47,29.96,29.96,29.96,59.4,59.4,59.4,9,1,
2026-08-06 01:07:44,774545,3232464,Game 1: Odd/Even Total Kills?,odd_even,1,2026-08-06 05:00:00,232.3,Odd,12085842038463939270545478950052223429855836163027832392801316563433881762111,0.49,0.51,0.5,0.02,70.66,94.14,378.75,74.13,101.69,449.56,14,14,
2026-08-06 01:07:44,774545,3232464,Game 1: Odd/Even Total Kills?,odd_even,1,2026-08-06 05:00:00,232.3,Even,78545999971925325786837832202605788394225034222276297511956595857571951665863,0.49,0.51,0.5,0.02,70.66,94.14,378.75,74.13,101.69,449.56,14,14,
2026-08-06 01:07:44,774545,3232465,Game 2: Both Teams Slay Baron Nashor?,prop,2,2026-08-06 05:00:00,232.3,Yes,99987409080931823935660147002347361921606402009305036149689038876773958581465,0.02,0.98,0.5,0.96,3.56,3.56,3.56,311.9,311.9,311.9,2,2,
2026-08-06 01:07:44,774545,3232465,Game 2: Both Teams Slay Baron Nashor?,prop,2,2026-08-06 05:00:00,232.3,No,82389856775005729995871862312248122619538560953845801348942779615496767623838,0.02,0.98,0.5,0.96,3.56,3.56,3.56,309.43,309.43,309.43,2,2,
2026-08-06 01:07:44,774545,3232466,Game 2: Both Teams Slay a Dragon?,prop,2,2026-08-06 05:00:00,232.3,Yes,87220400061902764055455719399973368008065185481434829846381284629999980664936,0.02,0.95,0.485,0.93,3.56,3.56,3.56,28.79,139.45,409.02,2,5,
2026-08-06 01:07:44,774545,3232466,Game 2: Both Teams Slay a Dragon?,prop,2,2026-08-06 05:00:00,232.3,No,84830690455369071465250024850675332190451353925314489499711912420266749519014,0.05,0.98,0.515,0.93,1.31,3.64,6.36,310.64,310.64,310.64,5,2,
2026-08-06 01:07:44,774545,3232467,Game 2: Both Teams Destroy Inhibitors?,prop,2,2026-08-06 05:00:00,232.3,Yes,5862890107836289611207451520441003711544849776747139866717965997717380408960,0.02,0.98,0.5,0.96,3.56,3.56,3.56,311.91,311.91,311.91,2,2,
2026-08-06 01:07:44,774545,3232467,Game 2: Both Teams Destroy Inhibitors?,prop,2,2026-08-06 05:00:00,232.3,No,66894030232469029246936604711720249242208422494187884472830054400718282776153,0.02,0.98,0.5,0.96,3.56,3.56,3.56,310.41,310.41,310.41,2,2,
2026-08-06 01:07:44,774545,3232468,Game 2: Any Player Quadra Kill?,prop,2,2026-08-06 05:00:00,232.3,Yes,1369084144301936169814009995225552338242170047068556880250637363320540700901,0.01,0.99,0.5,0.98,0.6,0.6,0.6,59.4,59.4,59.4,1,1,
2026-08-06 01:07:44,774545,3232468,Game 2: Any Player Quadra Kill?,prop,2,2026-08-06 05:00:00,232.3,No,46458985505595578630554280852186375517960158180328063903999479769877614227892,0.01,0.99,0.5,0.98,0.6,0.6,0.6,59.4,59.4,59.4,1,1,
2026-08-06 01:07:44,774545,3232469,Game 2: Any Player Penta Kill?,prop,2,2026-08-06 05:00:00,232.3,Yes,40081486528062579171588259579925160529848207409571171122433422970901759995380,0.01,0.48,0.245,0.47,0.6,0.6,0.6,28.04,28.04,28.04,1,9,
2026-08-06 01:07:44,774545,3232469,Game 2: Any Player Penta Kill?,prop,2,2026-08-06 05:00:00,232.3,No,63932125121618200347398873167531567218103217786997703263382147467336613933652,0.52,0.99,0.755,0.47,29.96,29.96,29.96,59.4,59.4,59.4,9,1,
2026-08-06 01:07:44,774545,3232470,Game 2: Odd/Even Total Kills?,odd_even,2,2026-08-06 05:00:00,232.3,Odd,108764823482748327248644567628361129693998213225431789432083166453107164133285,0.49,0.51,0.5,0.02,70.66,94.14,378.75,74.13,101.69,449.56,14,14,
2026-08-06 01:07:44,774545,3232470,Game 2: Odd/Even Total Kills?,odd_even,2,2026-08-06 05:00:00,232.3,Even,112837214894143070168381040062111875129493989783693788582966401371746772318014,0.49,0.51,0.5,0.02,70.66,94.14,378.75,74.13,101.69,449.56,14,14,
2026-08-06 01:07:44,774545,3232471,Game 3: Both Teams Slay Baron Nashor?,prop,3,2026-08-06 05:00:00,232.3,Yes,52422249810080927282303659845413741913230067330723863548613139361912592210707,0.02,0.98,0.5,0.96,3.56,3.56,3.56,311.92,311.92,311.92,2,2,
2026-08-06 01:07:44,774545,3232471,Game 3: Both Teams Slay Baron Nashor?,prop,3,2026-08-06 05:00:00,232.3,No,20543921164934073667475611327251440050829508336167368022974844955374474847856,0.02,0.98,0.5,0.96,3.56,3.56,3.56,311.67,311.67,311.67,2,2,
2026-08-06 01:07:44,774545,3232472,Game 3: Both Teams Slay a Dragon?,prop,3,2026-08-06 05:00:00,232.3,Yes,53000067315067404320531984799130727848089342014221769656644797885791842063778,0.02,0.95,0.485,0.93,3.56,3.56,3.56,28.53,140.09,409.39,2,5,
2026-08-06 01:07:44,774545,3232472,Game 3: Both Teams Slay a Dragon?,prop,3,2026-08-06 05:00:00,232.3,No,17496805223902219750653102692339156520177042436494891685538421146979504784507,0.05,0.98,0.515,0.93,1.29,3.64,6.36,310.64,310.64,310.64,5,2,
2026-08-06 01:07:44,774545,3232473,Game 3: Both Teams Destroy Inhibitors?,prop,3,2026-08-06 05:00:00,232.3,Yes,62713232551823793351865044373118828310528371898480177737084499965610946288249,0.02,0.98,0.5,0.96,3.56,3.56,3.56,309.87,309.87,309.87,2,2,
2026-08-06 01:07:44,774545,3232473,Game 3: Both Teams Destroy Inhibitors?,prop,3,2026-08-06 05:00:00,232.3,No,26105581960167018434245347049851007006693299610396803473731106330949092345707,0.02,0.98,0.5,0.96,3.56,3.56,3.56,310.44,310.44,310.44,2,2,
2026-08-06 01:07:44,774545,3232474,Game 3: Any Player Quadra Kill?,prop,3,2026-08-06 05:00:00,232.3,Yes,31893771637185116006372993157995092598029892827058606892543693028062162419227,0.01,0.99,0.5,0.98,0.6,0.6,0.6,59.4,59.4,59.4,1,1,
2026-08-06 01:07:44,774545,3232474,Game 3: Any Player Quadra Kill?,prop,3,2026-08-06 05:00:00,232.3,No,49230876307030702903949884677839730069234152452453465094897991994735615003716,0.01,0.99,0.5,0.98,0.6,0.6,0.6,59.4,59.4,59.4,1,1,
2026-08-06 01:07:44,774545,3232475,Game 3: Any Player Penta Kill?,prop,3,2026-08-06 05:00:00,232.3,Yes,43952224026269367056271394022331987076742201675151603973402637642042263405658,0.07,0.99,0.53,0.92,1.55,29.95,29.95,59.4,59.4,59.4,4,1,
2026-08-06 01:07:44,774545,3232475,Game 3: Any Player Penta Kill?,prop,3,2026-08-06 05:00:00,232.3,No,68699030155861453178823835557493401203518098764217336924760141105141650525752,0.01,0.93,0.47,0.92,0.6,0.6,0.6,23.45,563.05,563.05,1,4,
2026-08-06 01:07:44,774545,3232476,Game 3: Odd/Even Total Kills?,odd_even,3,2026-08-06 05:00:00,232.3,Odd,30617973423877764607537571565899482245052378449629169910438999975941621522534,0.49,0.51,0.5,0.02,70.66,94.14,378.75,74.13,101.69,449.56,14,14,
2026-08-06 01:07:44,774545,3232476,Game 3: Odd/Even Total Kills?,odd_even,3,2026-08-06 05:00:00,232.3,Even,107495865248225449705831138089870925944430523028426449909894473657171323116010,0.49,0.51,0.5,0.02,70.66,94.14,378.75,74.13,101.69,449.56,14,14,
2026-08-06 01:13:20,774544,3232431,LoL: DN SOOPers Challengers vs T1 Academy - Game 1 Winner,map,1,2026-08-06 05:00:00,226.7,DN SOOPers Challengers,89180779190982217888721480397356977555107137546464234978404797852484734741757,0.36,0.37,0.365,0.01,325.35,1187.6,4315.93,511.65,2557.44,2799.18,28,36,2239.957697
2026-08-06 01:13:20,774544,3232431,LoL: DN SOOPers Challengers vs T1 Academy - Game 1 Winner,map,1,2026-08-06 05:00:00,226.7,T1 Academy,88014722200161978653189252241239151593851553457064281627692606693464050110943,0.63,0.64,0.635,0.01,848.35,3962.12,4302.38,594.65,2291.72,9187.4,36,28,2239.957697
2026-08-06 01:13:20,774544,3232432,LoL: DN SOOPers Challengers vs T1 Academy - Game 2 Winner,map,2,2026-08-06 05:00:00,226.7,DN SOOPers Challengers,23884292850499227526939876263394303804534512803840633561636774606942318735839,0.36,0.38,0.37,0.02,356.85,1453.5,4012.81,883.87,2420.22,2551.26,26,32,359.99999999999994
2026-08-06 01:13:20,774544,3232432,LoL: DN SOOPers Challengers vs T1 Academy - Game 2 Winner,map,2,2026-08-06 05:00:00,226.7,T1 Academy,21588236202997223551356634688420833324533049917314187094112572874681516479577,0.62,0.64,0.63,0.02,1404.13,3701.4,3882.36,653.15,2819.85,8448.35,32,26,359.99999999999994
2026-08-06 01:13:20,774544,3232433,LoL: DN SOOPers Challengers vs T1 Academy (BO3) - LCK Challengers League Rounds 3-4 Challenge Group,series,,2026-08-06 05:00:00,226.7,DN SOOPers Challengers,93287385816710097684121106780873579979982621892847464600379453036822266333560,0.28,0.29,0.285,0.01,3554.39,6668.18,6979.68,904.13,1936.98,3187.85,24,50,16951.525801
2026-08-06 01:13:20,774544,3232433,LoL: DN SOOPers Challengers vs T1 Academy (BO3) - LCK Challengers League Rounds 3-4 Challenge Group,series,,2026-08-06 05:00:00,226.7,T1 Academy,91088887287590403349084191565363328938100254142680860097908489425083598491089,0.71,0.72,0.715,0.01,2117.65,4391.32,6833.4,9428.98,18528.26,19566.76,50,24,16951.525801
2026-08-06 01:13:20,774544,3232434,Games Total: O/U 2.5,total_games,,2026-08-06 05:00:00,226.7,Over,94194620899988396438941999727263821412211432687321645448307060066835791569633,0.44,0.46,0.45,0.02,520.13,3115.88,3884.7,537.69,2549.1,2911.48,22,27,19.990000000000002
2026-08-06 01:13:20,774544,3232434,Games Total: O/U 2.5,total_games,,2026-08-06 05:00:00,226.7,Under,92587768125686476379404132153686486577423762915501260880794999637102627059908,0.54,0.56,0.55,0.02,612.31,2727.53,3079.37,680.87,4391.82,5571.58,27,22,19.990000000000002
2026-08-06 01:13:20,774544,3232435,Game Handicap: T1.A (-1.5) vs DN SOOPers Challengers (+1.5),handicap,,2026-08-06 05:00:00,226.7,T1 Academy,110972547908732575081616034438873424941587419502986961453244563818036739471135,0.4,0.43,0.415,0.03,913.8,2538.8,2826.8,1208.51,3033.51,3033.51,20,25,606.5522599999999
2026-08-06 01:13:20,774544,3232435,Game Handicap: T1.A (-1.5) vs DN SOOPers Challengers (+1.5),handicap,,2026-08-06 05:00:00,226.7,DN SOOPers Challengers,41499457609958663494372307629882562064062149340032423391519932611528909189693,0.57,0.6,0.585,0.03,1547.2,3722.2,3722.2,1406.2,4070.67,4582.67,25,20,606.5522599999999
2026-08-06 01:13:20,774544,3232436,Game 1: Both Teams Slay Baron Nashor?,prop,1,2026-08-06 05:00:00,226.7,Yes,35879299538138743569243330768506936435969657050013347700645720707489668825160,0.02,0.98,0.5,0.96,3.8,3.8,3.8,326.47,326.47,326.47,2,2,
2026-08-06 01:13:20,774544,3232436,Game 1: Both Teams Slay Baron Nashor?,prop,1,2026-08-06 05:00:00,226.7,No,62830716487781823686229894051681424178705526769120560625424809228213799985789,0.02,0.98,0.5,0.96,3.8,3.8,3.8,325.53,325.53,325.53,2,2,
2026-08-06 01:13:20,774544,3232437,Game 1: Both Teams Slay a Dragon?,prop,1,2026-08-06 05:00:00,226.7,Yes,6729618535995143105929445516028200070068677328298548183260395690609454384120,0.02,0.98,0.5,0.96,3.8,3.8,3.8,325.54,325.54,325.54,2,2,
2026-08-06 01:13:20,774544,3232437,Game 1: Both Teams Slay a Dragon?,prop,1,2026-08-06 05:00:00,226.7,No,37653220819795268816043597710617640769765264179997945128937420772244148207178,0.02,0.98,0.5,0.96,3.8,3.8,3.8,326.15,326.15,326.15,2,2,
2026-08-06 01:13:20,774544,3232438,Game 1: Both Teams Destroy Inhibitors?,prop,1,2026-08-06 05:00:00,226.7,Yes,3614025147917699555212974378828925933707051130370544460613088590191558901669,0.02,0.98,0.5,0.96,3.8,3.8,3.8,325.53,325.53,325.53,2,2,
2026-08-06 01:13:20,774544,3232438,Game 1: Both Teams Destroy Inhibitors?,prop,1,2026-08-06 05:00:00,226.7,No,53471224693509242232810327929487652317822664336673195640668812230550140141086,0.02,0.98,0.5,0.96,3.8,3.8,3.8,324.85,324.85,324.85,2,2,
2026-08-06 01:13:20,774544,3232439,Game 1: Any Player Quadra Kill?,prop,1,2026-08-06 05:00:00,226.7,Yes,4357707627968591862978470615635767111935966287990643707131048919432556122862,0.01,0.5,0.255,0.49,0.6,0.6,0.6,47.62,47.62,47.62,1,10,
2026-08-06 01:13:20,774544,3232439,Game 1: Any Player Quadra Kill?,prop,1,2026-08-06 05:00:00,226.7,No,16679114107829251146426048604518133417278994003413940232677257411855097537527,0.5,0.99,0.745,0.49,47.62,47.62,47.62,59.4,59.4,59.4,10,1,
2026-08-06 01:13:20,774544,3232440,Game 1: Any Player Penta Kill?,prop,1,2026-08-06 05:00:00,226.7,Yes,19641519196430774905740913027320431444958327438294367674284679010427649627217,0.01,0.49,0.25,0.48,0.6,0.6,0.6,86.33,86.33,86.33,1,9,
2026-08-06 01:13:20,774544,3232440,Game 1: Any Player Penta Kill?,prop,1,2026-08-06 05:00:00,226.7,No,103493158186294192020724062044796042811515801778503153163478695158508175549982,0.51,0.99,0.75,0.48,87.91,87.91,87.91,59.4,59.4,59.4,9,1,
2026-08-06 01:13:20,774544,3232441,Game 1: Odd/Even Total Kills?,odd_even,1,2026-08-06 05:00:00,226.7,Odd,63562255436789805459964397707970044975493457509060149515383882296903156055547,0.49,0.51,0.5,0.02,70.66,94.14,378.75,74.13,101.69,449.56,14,14,
2026-08-06 01:13:20,774544,3232441,Game 1: Odd/Even Total Kills?,odd_even,1,2026-08-06 05:00:00,226.7,Even,90294284466104193965532761231229679879195631738726182943706486397085053427156,0.49,0.51,0.5,0.02,70.66,94.14,378.75,74.13,101.69,449.56,14,14,
2026-08-06 01:13:20,774544,3232442,Game 2: Both Teams Slay Baron Nashor?,prop,2,2026-08-06 05:00:00,226.7,Yes,9029144959068988097021865338698706110711332705432072678119750262948842927125,0.02,0.98,0.5,0.96,3.8,3.8,3.8,326.46,326.46,326.46,2,2,
2026-08-06 01:13:20,774544,3232442,Game 2: Both Teams Slay Baron Nashor?,prop,2,2026-08-06 05:00:00,226.7,No,98884523982677098867546138969502830410111780038470805650456889524526683336912,0.02,0.98,0.5,0.96,3.8,3.8,3.8,325.53,325.53,325.53,2,2,
2026-08-06 01:13:20,774544,3232443,Game 2: Both Teams Slay a Dragon?,prop,2,2026-08-06 05:00:00,226.7,Yes,62460971217033604232551759283234261351388918864301424372400829900765279795286,0.02,0.98,0.5,0.96,3.8,3.8,3.8,324.27,324.27,324.27,2,2,
2026-08-06 01:13:20,774544,3232443,Game 2: Both Teams Slay a Dragon?,prop,2,2026-08-06 05:00:00,226.7,No,101264886956311673098151811258873229804653451207176460795122333392580087235178,0.02,0.98,0.5,0.96,3.8,3.8,3.8,325.54,325.54,325.54,2,2,
2026-08-06 01:13:20,774544,3232444,Game 2: Both Teams Destroy Inhibitors?,prop,2,2026-08-06 05:00:00,226.7,Yes,18129068812058139379588183681585198414944643464524381268533112916376782447088,0.02,0.98,0.5,0.96,3.56,3.56,3.56,325.54,325.54,325.54,2,2,
2026-08-06 01:13:20,774544,3232444,Game 2: Both Teams Destroy Inhibitors?,prop,2,2026-08-06 05:00:00,226.7,No,82377905464719716231349776253640364419074438516592680931613565707823507518841,0.02,0.98,0.5,0.96,3.8,3.8,3.8,313.66,313.66,313.66,2,2,
2026-08-06 01:13:20,774544,3232445,Game 2: Any Player Quadra Kill?,prop,2,2026-08-06 05:00:00,226.7,Yes,115418406837869174802372349383067125222713629715103092282996917864203301451436,0.01,0.99,0.5,0.98,0.6,0.6,0.6,59.4,59.4,59.4,1,1,
2026-08-06 01:13:20,774544,3232445,Game 2: Any Player Quadra Kill?,prop,2,2026-08-06 05:00:00,226.7,No,49321627699953156242251282922222959119796863074550354989041901504336978378251,0.01,0.99,0.5,0.98,0.6,0.6,0.6,59.4,59.4,59.4,1,1,
2026-08-06 01:13:20,774544,3232446,Game 2: Any Player Penta Kill?,prop,2,2026-08-06 05:00:00,226.7,Yes,47268813826739899548979911053843469681894737904443008443679568866336955844928,0.01,0.48,0.245,0.47,0.6,0.6,0.6,28.04,28.04,28.04,1,9,
2026-08-06 01:13:20,774544,3232446,Game 2: Any Player Penta Kill?,prop,2,2026-08-06 05:00:00,226.7,No,19977748630173056866433018487705264595302965930188455570627001484347007265765,0.52,0.99,0.755,0.47,29.96,29.96,29.96,59.4,59.4,59.4,9,1,
2026-08-06 01:13:20,774544,3232447,Game 2: Odd/Even Total Kills?,odd_even,2,2026-08-06 05:00:00,226.7,Odd,30968811890272290250661020736278135796202271082966563978592041446709295506639,0.49,0.51,0.5,0.02,70.66,94.14,378.75,74.13,101.69,449.56,14,14,
2026-08-06 01:13:20,774544,3232447,Game 2: Odd/Even Total Kills?,odd_even,2,2026-08-06 05:00:00,226.7,Even,40164370542713187307312899191224318270676723476489888298100056766940246494985,0.49,0.51,0.5,0.02,70.66,94.14,378.75,74.13,101.69,449.56,14,14,
2026-08-06 01:13:20,774544,3232448,Game 3: Both Teams Slay Baron Nashor?,prop,3,2026-08-06 05:00:00,226.7,Yes,71576023241871401175971592010016711722223123186982137872842272703368679965393,0.02,0.98,0.5,0.96,3.8,3.8,3.8,325.53,325.53,325.53,2,2,
2026-08-06 01:13:20,774544,3232448,Game 3: Both Teams Slay Baron Nashor?,prop,3,2026-08-06 05:00:00,226.7,No,93067623435586791843392907535488902189972976229608602796130963811833208646489,0.02,0.98,0.5,0.96,3.8,3.8,3.8,325.53,325.53,325.53,2,2,
2026-08-06 01:13:20,774544,3232449,Game 3: Both Teams Slay a Dragon?,prop,3,2026-08-06 05:00:00,226.7,Yes,35277011020372038127019002970023945226717010988105132556808915084575325207141,0.02,0.98,0.5,0.96,3.78,3.78,3.78,326.06,326.06,326.06,2,2,
2026-08-06 01:13:20,774544,3232449,Game 3: Both Teams Slay a Dragon?,prop,3,2026-08-06 05:00:00,226.7,No,42486963979017244797432608176331237569951861256306330201111484852269689399406,0.02,0.98,0.5,0.96,3.8,3.8,3.8,323.96,323.96,323.96,2,2,
2026-08-06 01:13:20,774544,3232450,Game 3: Both Teams Destroy Inhibitors?,prop,3,2026-08-06 05:00:00,226.7,Yes,97119997746987310324776312807358351816067975529034692981743142446364280474883,0.02,0.98,0.5,0.96,3.8,3.8,3.8,319.45,319.45,319.45,2,2,
2026-08-06 01:13:20,774544,3232450,Game 3: Both Teams Destroy Inhibitors?,prop,3,2026-08-06 05:00:00,226.7,No,2934890365561776128688930072443945203788441834192107972485124555183125992036,0.02,0.98,0.5,0.96,3.74,3.74,3.74,325.54,325.54,325.54,2,2,
2026-08-06 01:13:20,774544,3232451,Game 3: Any Player Quadra Kill?,prop,3,2026-08-06 05:00:00,226.7,Yes,51081133047900106810214484615382869257858632642825409318312341862870847654173,0.01,0.99,0.5,0.98,0.6,0.6,0.6,59.4,59.4,59.4,1,1,
2026-08-06 01:13:20,774544,3232451,Game 3: Any Player Quadra Kill?,prop,3,2026-08-06 05:00:00,226.7,No,87946539744294236413543503114738779995138823770237791046006778174743511341887,0.01,0.99,0.5,0.98,0.6,0.6,0.6,59.4,59.4,59.4,1,1,
2026-08-06 01:13:20,774544,3232452,Game 3: Any Player Penta Kill?,prop,3,2026-08-06 05:00:00,226.7,Yes,108740881426938561659555230821084960559056210473266184770831186685760402412259,0.07,0.99,0.53,0.92,1.55,29.95,29.95,59.4,59.4,59.4,4,1,
2026-08-06 01:13:20,774544,3232452,Game 3: Any Player Penta Kill?,prop,3,2026-08-06 05:00:00,226.7,No,71925107048659588955620650875251086898811882996781706949879415464457756927419,0.01,0.93,0.47,0.92,0.6,0.6,0.6,23.45,563.05,563.05,1,4,
2026-08-06 01:13:20,774544,3232453,Game 3: Odd/Even Total Kills?,odd_even,3,2026-08-06 05:00:00,226.7,Odd,38855396122206171178532122546363262745932107856274451192186224807070911338253,0.49,0.51,0.5,0.02,70.66,94.14,378.75,74.13,101.69,449.56,14,14,
2026-08-06 01:13:20,774544,3232453,Game 3: Odd/Even Total Kills?,odd_even,3,2026-08-06 05:00:00,226.7,Even,90012076744913079261195616539238098915905530343472138300866740180463058262058,0.49,0.51,0.5,0.02,70.66,94.14,378.75,74.13,101.69,449.56,14,14,
2026-08-06 01:13:20,774545,3232454,LoL: HANJIN BRION Challengers vs Gen.G Global Academy - Game 1 Winner,map,1,2026-08-06 05:00:00,226.7,HANJIN BRION Challengers,52228976186109086158167316412215112760053122143363369169923420404312504057878,0.63,0.64,0.635,0.01,1214.94,1822.48,3245.57,9851.7,14485.73,16824.16,43,32,2214.0707409999995
2026-08-06 01:13:20,774545,3232454,LoL: HANJIN BRION Challengers vs Gen.G Global Academy - Game 1 Winner,map,1,2026-08-06 05:00:00,226.7,Gen.G Global Academy,59521189641895066408182829996235007935688731533512474356643238294249132018210,0.36,0.37,0.365,0.01,5410.47,7796.44,8872.56,727.23,1123.17,2131.44,32,43,2214.0707409999995
2026-08-06 01:13:20,774545,3232455,LoL: HANJIN BRION Challengers vs Gen.G Global Academy - Game 2 Winner,map,2,2026-08-06 05:00:00,226.7,HANJIN BRION Challengers,115417929023354005111662764790856677504457033071785355976072750789863211204398,0.63,0.64,0.635,0.01,1294.13,2327.79,3445.25,9005.77,13555.58,15610.72,37,30,2783.7240509999997
2026-08-06 01:13:20,774545,3232455,LoL: HANJIN BRION Challengers vs Gen.G Global Academy - Game 2 Winner,map,2,2026-08-06 05:00:00,226.7,Gen.G Global Academy,23972474913470880115057032408461645605542809190793930396567007793753895428600,0.36,0.37,0.365,0.01,4947.81,7291.0,8236.61,773.74,1445.61,2240.15,30,37,2783.7240509999997
2026-08-06 01:13:20,774545,3232456,LoL: HANJIN BRION Challengers vs Gen.G Global Academy (BO3) - LCK Challengers League Rounds 3-4 Trial Group,series,,2026-08-06 05:00:00,226.7,HANJIN BRION Challengers,24026104513594107834440296785430593351160052001316088259582248775400999298481,0.67,0.68,0.675,0.01,4405.75,5862.45,5893.95,8242.44,13502.24,18791.72,45,26,48814.336691000004
2026-08-06 01:13:20,774545,3232456,LoL: HANJIN BRION Challengers vs Gen.G Global Academy (BO3) - LCK Challengers League Rounds 3-4 Trial Group,series,,2026-08-06 05:00:00,226.7,Gen.G Global Academy,82284072290596608193444173194524343142672972006533699072212443664832954257979,0.32,0.33,0.325,0.01,3798.72,5963.78,7985.45,2197.27,3002.73,3021.23,26,45,48814.336691000004
2026-08-06 01:13:20,774545,3232457,Games Total: O/U 2.5,total_games,,2026-08-06 05:00:00,226.7,Over,110259001744478875529907484962729355575330137051830827843750986807358201211578,0.44,0.45,0.445,0.01,1292.11,3037.34,3831.42,308.9,957.66,2513.34,23,22,283.37214
2026-08-06 01:13:20,774545,3232457,Games Total: O/U 2.5,total_games,,2026-08-06 05:00:00,226.7,Under,78119555811882975940695707925666604046550666279218092046885752236619264101207,0.55,0.56,0.555,0.01,371.3,1098.47,2669.9,1691.21,4107.98,5350.0,22,23,283.37214
2026-08-06 01:13:20,774545,3232458,Game Handicap: BRO (-1.5) vs Gen.G Global Academy (+1.5),handicap,,2026-08-06 05:00:00,226.7,HANJIN BRION Challengers,34731578826327827696382702820978000185260052421693957343890768492719846122659,0.44,0.45,0.445,0.01,982.97,1941.56,2268.56,379.64,1452.16,1947.16,26,22,521.9841220000001
2026-08-06 01:13:20,774545,3232458,Game Handicap: BRO (-1.5) vs Gen.G Global Academy (+1.5),handicap,,2026-08-06 05:00:00,226.7,Gen.G Global Academy,58663945631918918829735153099439358930211403969518754785473975361119393196776,0.55,0.56,0.555,0.01,449.79,1634.18,2139.18,1265.59,2618.7,3116.7,22,26,521.9841220000001
2026-08-06 01:13:20,774545,3232459,Game 1: Both Teams Slay Baron Nashor?,prop,1,2026-08-06 05:00:00,226.7,Yes,41623911479621728754409842060721170209107439927110769513287655800834578596715,0.02,0.98,0.5,0.96,3.56,3.56,3.56,310.76,310.76,310.76,2,2,
2026-08-06 01:13:20,774545,3232459,Game 1: Both Teams Slay Baron Nashor?,prop,1,2026-08-06 05:00:00,226.7,No,81757850017572811618891575109697874959807695315780211898123784139163519463356,0.02,0.98,0.5,0.96,3.56,3.56,3.56,309.96,309.96,309.96,2,2,
2026-08-06 01:13:20,774545,3232460,Game 1: Both Teams Slay a Dragon?,prop,1,2026-08-06 05:00:00,226.7,Yes,91531508342492476208541184870895601075634693174041963430753255943292070893025,0.02,0.95,0.485,0.93,3.56,3.56,3.56,28.85,139.4,408.85,2,5,
2026-08-06 01:13:20,774545,3232460,Game 1: Both Teams Slay a Dragon?,prop,1,2026-08-06 05:00:00,226.7,No,46806863349072398168136653412437364134203407163018710384154190461390788717132,0.05,0.98,0.515,0.93,1.31,3.64,6.36,311.9,311.9,311.9,5,2,
2026-08-06 01:13:20,774545,3232461,Game 1: Both Teams Destroy Inhibitors?,prop,1,2026-08-06 05:00:00,226.7,Yes,102481002159417280462240219792845129828220305139623100309028070771981635999474,0.02,0.98,0.5,0.96,3.56,3.56,3.56,311.9,311.9,311.9,2,2,
2026-08-06 01:13:20,774545,3232461,Game 1: Both Teams Destroy Inhibitors?,prop,1,2026-08-06 05:00:00,226.7,No,16351552694030119623546279555399770820000530330536581263766845679249064548423,0.02,0.98,0.5,0.96,3.56,3.56,3.56,312.76,312.76,312.76,2,2,
2026-08-06 01:13:20,774545,3232462,Game 1: Any Player Quadra Kill?,prop,1,2026-08-06 05:00:00,226.7,Yes,112134773023820385320855705906048281474504695455770532388949586072893386311431,0.01,0.99,0.5,0.98,0.6,0.6,0.6,59.4,59.4,59.4,1,1,
2026-08-06 01:13:20,774545,3232462,Game 1: Any Player Quadra Kill?,prop,1,2026-08-06 05:00:00,226.7,No,58286049853582961753993113102005386173338939924829171161808371555932687372869,0.01,0.99,0.5,0.98,0.6,0.6,0.6,59.4,59.4,59.4,1,1,
2026-08-06 01:13:20,774545,3232463,Game 1: Any Player Penta Kill?,prop,1,2026-08-06 05:00:00,226.7,Yes,29857304755704290784078614316568955379345949231742876897857696161412334233037,0.01,0.48,0.245,0.47,0.6,0.6,0.6,28.04,28.04,28.04,1,9,
2026-08-06 01:13:20,774545,3232463,Game 1: Any Player Penta Kill?,prop,1,2026-08-06 05:00:00,226.7,No,65348383128392821854079532224686373708005215398533263909127959564790737089946,0.52,0.99,0.755,0.47,29.96,29.96,29.96,59.4,59.4,59.4,9,1,
2026-08-06 01:13:20,774545,3232464,Game 1: Odd/Even Total Kills?,odd_even,1,2026-08-06 05:00:00,226.7,Odd,12085842038463939270545478950052223429855836163027832392801316563433881762111,0.49,0.51,0.5,0.02,70.66,94.14,378.75,74.13,101.69,449.56,15,14,
2026-08-06 01:13:20,774545,3232464,Game 1: Odd/Even Total Kills?,odd_even,1,2026-08-06 05:00:00,226.7,Even,78545999971925325786837832202605788394225034222276297511956595857571951665863,0.49,0.51,0.5,0.02,70.66,94.14,378.75,74.13,101.69,449.56,14,15,
2026-08-06 01:13:20,774545,3232465,Game 2: Both Teams Slay Baron Nashor?,prop,2,2026-08-06 05:00:00,226.7,Yes,99987409080931823935660147002347361921606402009305036149689038876773958581465,0.02,0.98,0.5,0.96,3.56,3.56,3.56,311.9,311.9,311.9,2,2,
2026-08-06 01:13:20,774545,3232465,Game 2: Both Teams Slay Baron Nashor?,prop,2,2026-08-06 05:00:00,226.7,No,82389856775005729995871862312248122619538560953845801348942779615496767623838,0.02,0.98,0.5,0.96,3.56,3.56,3.56,309.43,309.43,309.43,2,2,
2026-08-06 01:13:20,774545,3232466,Game 2: Both Teams Slay a Dragon?,prop,2,2026-08-06 05:00:00,226.7,Yes,87220400061902764055455719399973368008065185481434829846381284629999980664936,0.02,0.95,0.485,0.93,3.56,3.56,3.56,28.79,139.45,409.02,2,5,
2026-08-06 01:13:20,774545,3232466,Game 2: Both Teams Slay a Dragon?,prop,2,2026-08-06 05:00:00,226.7,No,84830690455369071465250024850675332190451353925314489499711912420266749519014,0.05,0.98,0.515,0.93,1.31,3.64,6.36,310.64,310.64,310.64,5,2,
2026-08-06 01:13:20,774545,3232467,Game 2: Both Teams Destroy Inhibitors?,prop,2,2026-08-06 05:00:00,226.7,Yes,5862890107836289611207451520441003711544849776747139866717965997717380408960,0.02,0.98,0.5,0.96,3.43,3.43,3.43,311.91,311.91,311.91,2,2,
2026-08-06 01:13:20,774545,3232467,Game 2: Both Teams Destroy Inhibitors?,prop,2,2026-08-06 05:00:00,226.7,No,66894030232469029246936604711720249242208422494187884472830054400718282776153,0.02,0.98,0.5,0.96,3.56,3.56,3.56,304.09,304.09,304.09,2,2,
2026-08-06 01:13:20,774545,3232468,Game 2: Any Player Quadra Kill?,prop,2,2026-08-06 05:00:00,226.7,Yes,1369084144301936169814009995225552338242170047068556880250637363320540700901,0.01,0.99,0.5,0.98,0.6,0.6,0.6,59.4,59.4,59.4,1,1,
2026-08-06 01:13:20,774545,3232468,Game 2: Any Player Quadra Kill?,prop,2,2026-08-06 05:00:00,226.7,No,46458985505595578630554280852186375517960158180328063903999479769877614227892,0.01,0.99,0.5,0.98,0.6,0.6,0.6,59.4,59.4,59.4,1,1,
2026-08-06 01:13:20,774545,3232469,Game 2: Any Player Penta Kill?,prop,2,2026-08-06 05:00:00,226.7,Yes,40081486528062579171588259579925160529848207409571171122433422970901759995380,0.01,0.48,0.245,0.47,0.6,0.6,0.6,28.04,28.04,28.04,1,9,
2026-08-06 01:13:20,774545,3232469,Game 2: Any Player Penta Kill?,prop,2,2026-08-06 05:00:00,226.7,No,63932125121618200347398873167531567218103217786997703263382147467336613933652,0.52,0.99,0.755,0.47,29.96,29.96,29.96,59.4,59.4,59.4,9,1,
2026-08-06 01:13:20,774545,3232470,Game 2: Odd/Even Total Kills?,odd_even,2,2026-08-06 05:00:00,226.7,Odd,108764823482748327248644567628361129693998213225431789432083166453107164133285,0.49,0.51,0.5,0.02,70.66,94.14,378.75,74.13,101.69,449.56,14,14,
2026-08-06 01:13:20,774545,3232470,Game 2: Odd/Even Total Kills?,odd_even,2,2026-08-06 05:00:00,226.7,Even,112837214894143070168381040062111875129493989783693788582966401371746772318014,0.49,0.51,0.5,0.02,70.66,94.14,378.75,74.13,101.69,449.56,14,14,
2026-08-06 01:13:20,774545,3232471,Game 3: Both Teams Slay Baron Nashor?,prop,3,2026-08-06 05:00:00,226.7,Yes,52422249810080927282303659845413741913230067330723863548613139361912592210707,0.02,0.98,0.5,0.96,3.56,3.56,3.56,311.92,311.92,311.92,2,2,
2026-08-06 01:13:20,774545,3232471,Game 3: Both Teams Slay Baron Nashor?,prop,3,2026-08-06 05:00:00,226.7,No,20543921164934073667475611327251440050829508336167368022974844955374474847856,0.02,0.98,0.5,0.96,3.56,3.56,3.56,311.67,311.67,311.67,2,2,
2026-08-06 01:13:20,774545,3232472,Game 3: Both Teams Slay a Dragon?,prop,3,2026-08-06 05:00:00,226.7,Yes,53000067315067404320531984799130727848089342014221769656644797885791842063778,0.02,0.95,0.485,0.93,3.56,3.56,3.56,28.53,140.09,409.39,2,5,
2026-08-06 01:13:20,774545,3232472,Game 3: Both Teams Slay a Dragon?,prop,3,2026-08-06 05:00:00,226.7,No,17496805223902219750653102692339156520177042436494891685538421146979504784507,0.05,0.98,0.515,0.93,1.29,3.64,6.36,310.64,310.64,310.64,5,2,
2026-08-06 01:13:20,774545,3232473,Game 3: Both Teams Destroy Inhibitors?,prop,3,2026-08-06 05:00:00,226.7,Yes,62713232551823793351865044373118828310528371898480177737084499965610946288249,0.02,0.98,0.5,0.96,3.56,3.56,3.56,309.87,309.87,309.87,2,2,
2026-08-06 01:13:20,774545,3232473,Game 3: Both Teams Destroy Inhibitors?,prop,3,2026-08-06 05:00:00,226.7,No,26105581960167018434245347049851007006693299610396803473731106330949092345707,0.02,0.98,0.5,0.96,3.56,3.56,3.56,310.44,310.44,310.44,2,2,
2026-08-06 01:13:20,774545,3232474,Game 3: Any Player Quadra Kill?,prop,3,2026-08-06 05:00:00,226.7,Yes,31893771637185116006372993157995092598029892827058606892543693028062162419227,0.01,0.99,0.5,0.98,0.6,0.6,0.6,59.4,59.4,59.4,1,1,
2026-08-06 01:13:20,774545,3232474,Game 3: Any Player Quadra Kill?,prop,3,2026-08-06 05:00:00,226.7,No,49230876307030702903949884677839730069234152452453465094897991994735615003716,0.01,0.99,0.5,0.98,0.6,0.6,0.6,59.4,59.4,59.4,1,1,
2026-08-06 01:13:20,774545,3232475,Game 3: Any Player Penta Kill?,prop,3,2026-08-06 05:00:00,226.7,Yes,43952224026269367056271394022331987076742201675151603973402637642042263405658,0.07,0.99,0.53,0.92,1.55,29.95,29.95,59.4,59.4,59.4,4,1,
2026-08-06 01:13:20,774545,3232475,Game 3: Any Player Penta Kill?,prop,3,2026-08-06 05:00:00,226.7,No,68699030155861453178823835557493401203518098764217336924760141105141650525752,0.01,0.93,0.47,0.92,0.6,0.6,0.6,23.45,563.05,563.05,1,4,
2026-08-06 01:13:20,774545,3232476,Game 3: Odd/Even Total Kills?,odd_even,3,2026-08-06 05:00:00,226.7,Odd,30617973423877764607537571565899482245052378449629169910438999975941621522534,0.49,0.51,0.5,0.02,70.66,94.14,378.75,74.13,101.69,449.56,14,14,
2026-08-06 01:13:20,774545,3232476,Game 3: Odd/Even Total Kills?,odd_even,3,2026-08-06 05:00:00,226.7,Even,107495865248225449705831138089870925944430523028426449909894473657171323116010,0.49,0.51,0.5,0.02,70.66,94.14,378.75,74.13,101.69,449.56,14,14,
2026-08-06 01:18:57,774544,3232431,LoL: DN SOOPers Challengers vs T1 Academy - Game 1 Winner,map,1,2026-08-06 05:00:00,221.0,DN SOOPers Challengers,89180779190982217888721480397356977555107137546464234978404797852484734741757,0.36,0.37,0.365,0.01,325.35,1187.6,4288.91,511.65,2557.44,2799.18,29,37,2239.957697
2026-08-06 01:18:57,774544,3232431,LoL: DN SOOPers Challengers vs T1 Academy - Game 1 Winner,map,1,2026-08-06 05:00:00,221.0,T1 Academy,88014722200161978653189252241239151593851553457064281627692606693464050110943,0.63,0.64,0.635,0.01,848.35,3962.12,4302.38,594.65,2291.72,9128.42,37,29,2239.957697
2026-08-06 01:18:57,774544,3232432,LoL: DN SOOPers Challengers vs T1 Academy - Game 2 Winner,map,2,2026-08-06 05:00:00,221.0,DN SOOPers Challengers,23884292850499227526939876263394303804534512803840633561636774606942318735839,0.36,0.38,0.37,0.02,356.85,1453.5,3996.81,883.87,2420.22,2551.26,26,31,359.99999999999994
2026-08-06 01:18:57,774544,3232432,LoL: DN SOOPers Challengers vs T1 Academy - Game 2 Winner,map,2,2026-08-06 05:00:00,221.0,T1 Academy,21588236202997223551356634688420833324533049917314187094112572874681516479577,0.62,0.64,0.63,0.02,1404.13,3701.4,3882.36,653.15,2819.85,8414.35,31,26,359.99999999999994
2026-08-06 01:18:57,774544,3232433,LoL: DN SOOPers Challengers vs T1 Academy (BO3) - LCK Challengers League Rounds 3-4 Challenge Group,series,,2026-08-06 05:00:00,221.0,DN SOOPers Challengers,93287385816710097684121106780873579979982621892847464600379453036822266333560,0.28,0.29,0.285,0.01,3559.39,6660.43,6684.43,898.63,1931.49,3182.35,22,51,18777.985801000003
2026-08-06 01:18:57,774544,3232433,LoL: DN SOOPers Challengers vs T1 Academy (BO3) - LCK Challengers League Rounds 3-4 Challenge Group,series,,2026-08-06 05:00:00,221.0,T1 Academy,91088887287590403349084191565363328938100254142680860097908489425083598491089,0.71,0.72,0.715,0.01,2104.19,4377.85,6819.94,9441.85,18502.88,18578.88,51,22,18777.985801000003
2026-08-06 01:18:57,774544,3232434,Games Total: O/U 2.5,total_games,,2026-08-06 05:00:00,221.0,Over,94194620899988396438941999727263821412211432687321645448307060066835791569633,0.44,0.46,0.45,0.02,487.13,3082.88,3823.01,540.04,2551.45,2913.83,22,26,19.990000000000002
2026-08-06 01:18:57,774544,3232434,Games Total: O/U 2.5,total_games,,2026-08-06 05:00:00,221.0,Under,92587768125686476379404132153686486577423762915501260880794999637102627059908,0.54,0.56,0.55,0.02,614.96,2730.18,3082.02,638.87,4349.82,5485.27,26,22,19.990000000000002
2026-08-06 01:18:57,774544,3232435,Game Handicap: T1.A (-1.5) vs DN SOOPers Challengers (+1.5),handicap,,2026-08-06 05:00:00,221.0,T1 Academy,110972547908732575081616034438873424941587419502986961453244563818036739471135,0.4,0.42,0.41,0.02,913.8,2538.8,2826.8,311.86,1882.57,3032.57,21,26,606.5522599999999
2026-08-06 01:18:57,774544,3232435,Game Handicap: T1.A (-1.5) vs DN SOOPers Challengers (+1.5),handicap,,2026-08-06 05:00:00,221.0,DN SOOPers Challengers,41499457609958663494372307629882562064062149340032423391519932611528909189693,0.58,0.6,0.59,0.02,421.14,2386.14,3736.14,1406.2,4070.67,4582.67,26,21,606.5522599999999
2026-08-06 01:18:57,774544,3232436,Game 1: Both Teams Slay Baron Nashor?,prop,1,2026-08-06 05:00:00,221.0,Yes,35879299538138743569243330768506936435969657050013347700645720707489668825160,0.02,0.98,0.5,0.96,3.8,3.8,3.8,326.47,326.47,326.47,2,2,
2026-08-06 01:18:57,774544,3232436,Game 1: Both Teams Slay Baron Nashor?,prop,1,2026-08-06 05:00:00,221.0,No,62830716487781823686229894051681424178705526769120560625424809228213799985789,0.02,0.98,0.5,0.96,3.8,3.8,3.8,325.53,325.53,325.53,2,2,
2026-08-06 01:18:57,774544,3232437,Game 1: Both Teams Slay a Dragon?,prop,1,2026-08-06 05:00:00,221.0,Yes,6729618535995143105929445516028200070068677328298548183260395690609454384120,0.02,0.98,0.5,0.96,3.8,3.8,3.8,325.54,325.54,325.54,2,2,
2026-08-06 01:18:57,774544,3232437,Game 1: Both Teams Slay a Dragon?,prop,1,2026-08-06 05:00:00,221.0,No,37653220819795268816043597710617640769765264179997945128937420772244148207178,0.02,0.98,0.5,0.96,3.8,3.8,3.8,326.15,326.15,326.15,2,2,
2026-08-06 01:18:57,774544,3232438,Game 1: Both Teams Destroy Inhibitors?,prop,1,2026-08-06 05:00:00,221.0,Yes,3614025147917699555212974378828925933707051130370544460613088590191558901669,0.02,0.98,0.5,0.96,3.8,3.8,3.8,325.53,325.53,325.53,2,2,
2026-08-06 01:18:57,774544,3232438,Game 1: Both Teams Destroy Inhibitors?,prop,1,2026-08-06 05:00:00,221.0,No,53471224693509242232810327929487652317822664336673195640668812230550140141086,0.02,0.98,0.5,0.96,3.8,3.8,3.8,324.85,324.85,324.85,2,2,
2026-08-06 01:18:57,774544,3232439,Game 1: Any Player Quadra Kill?,prop,1,2026-08-06 05:00:00,221.0,Yes,4357707627968591862978470615635767111935966287990643707131048919432556122862,0.01,0.5,0.255,0.49,0.6,0.6,0.6,47.62,47.62,47.62,1,10,
2026-08-06 01:18:57,774544,3232439,Game 1: Any Player Quadra Kill?,prop,1,2026-08-06 05:00:00,221.0,No,16679114107829251146426048604518133417278994003413940232677257411855097537527,0.5,0.99,0.745,0.49,47.62,47.62,47.62,59.4,59.4,59.4,10,1,
2026-08-06 01:18:57,774544,3232440,Game 1: Any Player Penta Kill?,prop,1,2026-08-06 05:00:00,221.0,Yes,19641519196430774905740913027320431444958327438294367674284679010427649627217,0.01,0.49,0.25,0.48,0.6,0.6,0.6,86.33,86.33,86.33,1,9,
2026-08-06 01:18:57,774544,3232440,Game 1: Any Player Penta Kill?,prop,1,2026-08-06 05:00:00,221.0,No,103493158186294192020724062044796042811515801778503153163478695158508175549982,0.51,0.99,0.75,0.48,87.91,87.91,87.91,59.4,59.4,59.4,9,1,
2026-08-06 01:18:57,774544,3232441,Game 1: Odd/Even Total Kills?,odd_even,1,2026-08-06 05:00:00,221.0,Odd,63562255436789805459964397707970044975493457509060149515383882296903156055547,0.49,0.51,0.5,0.02,70.66,94.14,378.75,74.13,101.69,449.56,14,14,
2026-08-06 01:18:57,774544,3232441,Game 1: Odd/Even Total Kills?,odd_even,1,2026-08-06 05:00:00,221.0,Even,90294284466104193965532761231229679879195631738726182943706486397085053427156,0.49,0.51,0.5,0.02,70.66,94.14,378.75,74.13,101.69,449.56,14,14,
2026-08-06 01:18:57,774544,3232442,Game 2: Both Teams Slay Baron Nashor?,prop,2,2026-08-06 05:00:00,221.0,Yes,9029144959068988097021865338698706110711332705432072678119750262948842927125,0.02,0.98,0.5,0.96,3.8,3.8,3.8,326.46,326.46,326.46,2,2,
2026-08-06 01:18:57,774544,3232442,Game 2: Both Teams Slay Baron Nashor?,prop,2,2026-08-06 05:00:00,221.0,No,98884523982677098867546138969502830410111780038470805650456889524526683336912,0.02,0.98,0.5,0.96,3.8,3.8,3.8,325.53,325.53,325.53,2,2,
2026-08-06 01:18:57,774544,3232443,Game 2: Both Teams Slay a Dragon?,prop,2,2026-08-06 05:00:00,221.0,Yes,62460971217033604232551759283234261351388918864301424372400829900765279795286,0.02,0.98,0.5,0.96,3.8,3.8,3.8,324.27,324.27,324.27,2,2,
2026-08-06 01:18:57,774544,3232443,Game 2: Both Teams Slay a Dragon?,prop,2,2026-08-06 05:00:00,221.0,No,101264886956311673098151811258873229804653451207176460795122333392580087235178,0.02,0.98,0.5,0.96,3.8,3.8,3.8,325.54,325.54,325.54,2,2,
2026-08-06 01:18:57,774544,3232444,Game 2: Both Teams Destroy Inhibitors?,prop,2,2026-08-06 05:00:00,221.0,Yes,18129068812058139379588183681585198414944643464524381268533112916376782447088,0.02,0.98,0.5,0.96,3.8,3.8,3.8,325.54,325.54,325.54,2,2,
2026-08-06 01:18:57,774544,3232444,Game 2: Both Teams Destroy Inhibitors?,prop,2,2026-08-06 05:00:00,221.0,No,82377905464719716231349776253640364419074438516592680931613565707823507518841,0.02,0.98,0.5,0.96,3.8,3.8,3.8,325.38,325.38,325.38,2,2,
2026-08-06 01:18:57,774544,3232445,Game 2: Any Player Quadra Kill?,prop,2,2026-08-06 05:00:00,221.0,Yes,115418406837869174802372349383067125222713629715103092282996917864203301451436,0.01,0.99,0.5,0.98,0.6,0.6,0.6,59.4,59.4,59.4,1,1,
2026-08-06 01:18:57,774544,3232445,Game 2: Any Player Quadra Kill?,prop,2,2026-08-06 05:00:00,221.0,No,49321627699953156242251282922222959119796863074550354989041901504336978378251,0.01,0.99,0.5,0.98,0.6,0.6,0.6,59.4,59.4,59.4,1,1,
2026-08-06 01:18:57,774544,3232446,Game 2: Any Player Penta Kill?,prop,2,2026-08-06 05:00:00,221.0,Yes,47268813826739899548979911053843469681894737904443008443679568866336955844928,0.01,0.48,0.245,0.47,0.6,0.6,0.6,28.04,28.04,28.04,1,9,
2026-08-06 01:18:57,774544,3232446,Game 2: Any Player Penta Kill?,prop,2,2026-08-06 05:00:00,221.0,No,19977748630173056866433018487705264595302965930188455570627001484347007265765,0.52,0.99,0.755,0.47,29.96,29.96,29.96,59.4,59.4,59.4,9,1,
2026-08-06 01:18:57,774544,3232447,Game 2: Odd/Even Total Kills?,odd_even,2,2026-08-06 05:00:00,221.0,Odd,30968811890272290250661020736278135796202271082966563978592041446709295506639,0.49,0.51,0.5,0.02,70.66,94.14,378.75,74.13,101.69,449.56,14,14,
2026-08-06 01:18:57,774544,3232447,Game 2: Odd/Even Total Kills?,odd_even,2,2026-08-06 05:00:00,221.0,Even,40164370542713187307312899191224318270676723476489888298100056766940246494985,0.49,0.51,0.5,0.02,70.66,94.14,378.75,74.13,101.69,449.56,14,14,
2026-08-06 01:18:57,774544,3232448,Game 3: Both Teams Slay Baron Nashor?,prop,3,2026-08-06 05:00:00,221.0,Yes,71576023241871401175971592010016711722223123186982137872842272703368679965393,0.02,0.98,0.5,0.96,3.8,3.8,3.8,325.53,325.53,325.53,2,2,
2026-08-06 01:18:57,774544,3232448,Game 3: Both Teams Slay Baron Nashor?,prop,3,2026-08-06 05:00:00,221.0,No,93067623435586791843392907535488902189972976229608602796130963811833208646489,0.02,0.98,0.5,0.96,3.8,3.8,3.8,325.53,325.53,325.53,2,2,
2026-08-06 01:18:57,774544,3232449,Game 3: Both Teams Slay a Dragon?,prop,3,2026-08-06 05:00:00,221.0,Yes,35277011020372038127019002970023945226717010988105132556808915084575325207141,0.02,0.98,0.5,0.96,3.73,3.73,3.73,326.06,326.06,326.06,2,2,
2026-08-06 01:18:57,774544,3232449,Game 3: Both Teams Slay a Dragon?,prop,3,2026-08-06 05:00:00,221.0,No,42486963979017244797432608176331237569951861256306330201111484852269689399406,0.02,0.98,0.5,0.96,3.8,3.8,3.8,318.71,318.71,318.71,2,2,
2026-08-06 01:18:57,774544,3232450,Game 3: Both Teams Destroy Inhibitors?,prop,3,2026-08-06 05:00:00,221.0,Yes,97119997746987310324776312807358351816067975529034692981743142446364280474883,0.02,0.98,0.5,0.96,3.8,3.8,3.8,325.54,325.54,325.54,2,2,
2026-08-06 01:18:57,774544,3232450,Game 3: Both Teams Destroy Inhibitors?,prop,3,2026-08-06 05:00:00,221.0,No,2934890365561776128688930072443945203788441834192107972485124555183125992036,0.02,0.98,0.5,0.96,3.8,3.8,3.8,325.54,325.54,325.54,2,2,
2026-08-06 01:18:57,774544,3232451,Game 3: Any Player Quadra Kill?,prop,3,2026-08-06 05:00:00,221.0,Yes,51081133047900106810214484615382869257858632642825409318312341862870847654173,0.01,0.99,0.5,0.98,0.6,0.6,0.6,59.4,59.4,59.4,1,1,
2026-08-06 01:18:57,774544,3232451,Game 3: Any Player Quadra Kill?,prop,3,2026-08-06 05:00:00,221.0,No,87946539744294236413543503114738779995138823770237791046006778174743511341887,0.01,0.99,0.5,0.98,0.6,0.6,0.6,59.4,59.4,59.4,1,1,
2026-08-06 01:18:57,774544,3232452,Game 3: Any Player Penta Kill?,prop,3,2026-08-06 05:00:00,221.0,Yes,108740881426938561659555230821084960559056210473266184770831186685760402412259,0.07,0.99,0.53,0.92,1.55,29.95,29.95,59.4,59.4,59.4,4,1,
2026-08-06 01:18:57,774544,3232452,Game 3: Any Player Penta Kill?,prop,3,2026-08-06 05:00:00,221.0,No,71925107048659588955620650875251086898811882996781706949879415464457756927419,0.01,0.93,0.47,0.92,0.6,0.6,0.6,23.45,563.05,563.05,1,4,
2026-08-06 01:18:57,774544,3232453,Game 3: Odd/Even Total Kills?,odd_even,3,2026-08-06 05:00:00,221.0,Odd,38855396122206171178532122546363262745932107856274451192186224807070911338253,0.49,0.51,0.5,0.02,70.66,94.14,378.75,74.13,101.69,449.56,14,14,
2026-08-06 01:18:57,774544,3232453,Game 3: Odd/Even Total Kills?,odd_even,3,2026-08-06 05:00:00,221.0,Even,90012076744913079261195616539238098915905530343472138300866740180463058262058,0.49,0.51,0.5,0.02,70.66,94.14,378.75,74.13,101.69,449.56,14,14,
2026-08-06 01:18:57,774545,3232454,LoL: HANJIN BRION Challengers vs Gen.G Global Academy - Game 1 Winner,map,1,2026-08-06 05:00:00,221.0,HANJIN BRION Challengers,52228976186109086158167316412215112760053122143363369169923420404312504057878,0.63,0.64,0.635,0.01,904.94,1592.28,3015.37,8690.74,13324.77,15676.8,41,29,2214.070741
2026-08-06 01:18:57,774545,3232454,LoL: HANJIN BRION Challengers vs Gen.G Global Academy - Game 1 Winner,map,1,2026-08-06 05:00:00,221.0,Gen.G Global Academy,59521189641895066408182829996235007935688731533512474356643238294249132018210,0.36,0.37,0.365,0.01,4757.43,7143.4,8225.92,537.23,986.37,1994.64,29,41,2214.070741
2026-08-06 01:18:57,774545,3232455,LoL: HANJIN BRION Challengers vs Gen.G Global Academy - Game 2 Winner,map,2,2026-08-06 05:00:00,221.0,HANJIN BRION Challengers,115417929023354005111662764790856677504457033071785355976072750789863211204398,0.63,0.64,0.635,0.01,984.13,2017.79,3135.25,7844.81,12394.62,14449.76,35,29,2783.7240509999997
2026-08-06 01:18:57,774545,3232455,LoL: HANJIN BRION Challengers vs Gen.G Global Academy - Game 2 Winner,map,2,2026-08-06 05:00:00,221.0,Gen.G Global Academy,23972474913470880115057032408461645605542809190793930396567007793753895428600,0.36,0.37,0.365,0.01,4294.77,6637.96,7583.57,583.74,1255.61,2050.15,29,35,2783.7240509999997
2026-08-06 01:18:57,774545,3232456,LoL: HANJIN BRION Challengers vs Gen.G Global Academy (BO3) - LCK Challengers League Rounds 3-4 Trial Group,series,,2026-08-06 05:00:00,221.0,HANJIN BRION Challengers,24026104513594107834440296785430593351160052001316088259582248775400999298481,0.67,0.68,0.675,0.01,4555.59,6012.29,6043.79,8253.07,13512.87,18838.35,45,26,50509.33669100001
2026-08-06 01:18:57,774545,3232456,LoL: HANJIN BRION Challengers vs Gen.G Global Academy (BO3) - LCK Challengers League Rounds 3-4 Trial Group,series,,2026-08-06 05:00:00,221.0,Gen.G Global Academy,82284072290596608193444173194524343142672972006533699072212443664832954257979,0.32,0.33,0.325,0.01,3803.73,5968.79,8004.46,2271.07,3076.53,3095.03,26,45,50509.33669100001
2026-08-06 01:18:57,774545,3232457,Games Total: O/U 2.5,total_games,,2026-08-06 05:00:00,221.0,Over,110259001744478875529907484962729355575330137051830827843750986807358201211578,0.44,0.45,0.445,0.01,1292.11,3037.34,3831.42,308.9,957.66,2513.34,23,22,360.05071
2026-08-06 01:18:57,774545,3232457,Games Total: O/U 2.5,total_games,,2026-08-06 05:00:00,221.0,Under,78119555811882975940695707925666604046550666279218092046885752236619264101207,0.55,0.56,0.555,0.01,371.3,1098.47,2669.9,1691.21,4107.98,5350.0,22,23,360.05071
2026-08-06 01:18:57,774545,3232458,Game Handicap: BRO (-1.5) vs Gen.G Global Academy (+1.5),handicap,,2026-08-06 05:00:00,221.0,HANJIN BRION Challengers,34731578826327827696382702820978000185260052421693957343890768492719846122659,0.44,0.45,0.445,0.01,982.97,1941.56,2268.56,379.64,1452.16,1947.16,26,22,521.9841220000001
2026-08-06 01:18:57,774545,3232458,Game Handicap: BRO (-1.5) vs Gen.G Global Academy (+1.5),handicap,,2026-08-06 05:00:00,221.0,Gen.G Global Academy,58663945631918918829735153099439358930211403969518754785473975361119393196776,0.55,0.56,0.555,0.01,449.79,1634.18,2139.18,1265.59,2618.7,3116.7,22,26,521.9841220000001
2026-08-06 01:18:57,774545,3232459,Game 1: Both Teams Slay Baron Nashor?,prop,1,2026-08-06 05:00:00,221.0,Yes,41623911479621728754409842060721170209107439927110769513287655800834578596715,0.02,0.98,0.5,0.96,3.56,3.56,3.56,310.76,310.76,310.76,2,2,
2026-08-06 01:18:57,774545,3232459,Game 1: Both Teams Slay Baron Nashor?,prop,1,2026-08-06 05:00:00,221.0,No,81757850017572811618891575109697874959807695315780211898123784139163519463356,0.02,0.98,0.5,0.96,3.56,3.56,3.56,309.96,309.96,309.96,2,2,
2026-08-06 01:18:57,774545,3232460,Game 1: Both Teams Slay a Dragon?,prop,1,2026-08-06 05:00:00,221.0,Yes,91531508342492476208541184870895601075634693174041963430753255943292070893025,0.02,0.95,0.485,0.93,3.56,3.56,3.56,28.85,139.4,408.85,2,5,
2026-08-06 01:18:57,774545,3232460,Game 1: Both Teams Slay a Dragon?,prop,1,2026-08-06 05:00:00,221.0,No,46806863349072398168136653412437364134203407163018710384154190461390788717132,0.05,0.98,0.515,0.93,1.31,3.64,6.36,311.9,311.9,311.9,5,2,
2026-08-06 01:18:57,774545,3232461,Game 1: Both Teams Destroy Inhibitors?,prop,1,2026-08-06 05:00:00,221.0,Yes,102481002159417280462240219792845129828220305139623100309028070771981635999474,0.02,0.98,0.5,0.96,3.56,3.56,3.56,311.9,311.9,311.9,2,2,
2026-08-06 01:18:57,774545,3232461,Game 1: Both Teams Destroy Inhibitors?,prop,1,2026-08-06 05:00:00,221.0,No,16351552694030119623546279555399770820000530330536581263766845679249064548423,0.02,0.98,0.5,0.96,3.56,3.56,3.56,312.76,312.76,312.76,2,2,
2026-08-06 01:18:57,774545,3232462,Game 1: Any Player Quadra Kill?,prop,1,2026-08-06 05:00:00,221.0,Yes,112134773023820385320855705906048281474504695455770532388949586072893386311431,0.01,0.99,0.5,0.98,0.6,0.6,0.6,59.4,59.4,59.4,1,1,
2026-08-06 01:18:57,774545,3232462,Game 1: Any Player Quadra Kill?,prop,1,2026-08-06 05:00:00,221.0,No,58286049853582961753993113102005386173338939924829171161808371555932687372869,0.01,0.99,0.5,0.98,0.6,0.6,0.6,59.4,59.4,59.4,1,1,
2026-08-06 01:18:57,774545,3232463,Game 1: Any Player Penta Kill?,prop,1,2026-08-06 05:00:00,221.0,Yes,29857304755704290784078614316568955379345949231742876897857696161412334233037,0.01,0.48,0.245,0.47,0.6,0.6,0.6,28.04,28.04,28.04,1,9,
2026-08-06 01:18:57,774545,3232463,Game 1: Any Player Penta Kill?,prop,1,2026-08-06 05:00:00,221.0,No,65348383128392821854079532224686373708005215398533263909127959564790737089946,0.52,0.99,0.755,0.47,29.96,29.96,29.96,59.4,59.4,59.4,9,1,
2026-08-06 01:18:57,774545,3232464,Game 1: Odd/Even Total Kills?,odd_even,1,2026-08-06 05:00:00,221.0,Odd,12085842038463939270545478950052223429855836163027832392801316563433881762111,0.49,0.51,0.5,0.02,70.66,94.14,378.75,74.13,101.69,449.56,14,14,
2026-08-06 01:18:57,774545,3232464,Game 1: Odd/Even Total Kills?,odd_even,1,2026-08-06 05:00:00,221.0,Even,78545999971925325786837832202605788394225034222276297511956595857571951665863,0.49,0.51,0.5,0.02,70.66,94.14,378.75,74.13,101.69,449.56,14,14,
2026-08-06 01:18:57,774545,3232465,Game 2: Both Teams Slay Baron Nashor?,prop,2,2026-08-06 05:00:00,221.0,Yes,99987409080931823935660147002347361921606402009305036149689038876773958581465,0.02,0.98,0.5,0.96,3.56,3.56,3.56,311.9,311.9,311.9,2,2,
2026-08-06 01:18:57,774545,3232465,Game 2: Both Teams Slay Baron Nashor?,prop,2,2026-08-06 05:00:00,221.0,No,82389856775005729995871862312248122619538560953845801348942779615496767623838,0.02,0.98,0.5,0.96,3.56,3.56,3.56,309.43,309.43,309.43,2,2,
2026-08-06 01:18:57,774545,3232466,Game 2: Both Teams Slay a Dragon?,prop,2,2026-08-06 05:00:00,221.0,Yes,87220400061902764055455719399973368008065185481434829846381284629999980664936,0.02,0.95,0.485,0.93,3.56,3.56,3.56,28.79,139.45,409.02,2,5,
2026-08-06 01:18:57,774545,3232466,Game 2: Both Teams Slay a Dragon?,prop,2,2026-08-06 05:00:00,221.0,No,84830690455369071465250024850675332190451353925314489499711912420266749519014,0.05,0.98,0.515,0.93,1.31,3.64,6.36,310.64,310.64,310.64,5,2,
2026-08-06 01:18:57,774545,3232467,Game 2: Both Teams Destroy Inhibitors?,prop,2,2026-08-06 05:00:00,221.0,Yes,5862890107836289611207451520441003711544849776747139866717965997717380408960,0.02,0.98,0.5,0.96,3.56,3.56,3.56,311.91,311.91,311.91,2,2,
2026-08-06 01:18:57,774545,3232467,Game 2: Both Teams Destroy Inhibitors?,prop,2,2026-08-06 05:00:00,221.0,No,66894030232469029246936604711720249242208422494187884472830054400718282776153,0.02,0.98,0.5,0.96,3.56,3.56,3.56,310.41,310.41,310.41,2,2,
2026-08-06 01:18:57,774545,3232468,Game 2: Any Player Quadra Kill?,prop,2,2026-08-06 05:00:00,221.0,Yes,1369084144301936169814009995225552338242170047068556880250637363320540700901,0.01,0.99,0.5,0.98,0.6,0.6,0.6,59.4,59.4,59.4,1,1,
2026-08-06 01:18:57,774545,3232468,Game 2: Any Player Quadra Kill?,prop,2,2026-08-06 05:00:00,221.0,No,46458985505595578630554280852186375517960158180328063903999479769877614227892,0.01,0.99,0.5,0.98,0.6,0.6,0.6,59.4,59.4,59.4,1,1,
2026-08-06 01:18:57,774545,3232469,Game 2: Any Player Penta Kill?,prop,2,2026-08-06 05:00:00,221.0,Yes,40081486528062579171588259579925160529848207409571171122433422970901759995380,0.01,0.48,0.245,0.47,0.6,0.6,0.6,28.04,28.04,28.04,1,9,
2026-08-06 01:18:57,774545,3232469,Game 2: Any Player Penta Kill?,prop,2,2026-08-06 05:00:00,221.0,No,63932125121618200347398873167531567218103217786997703263382147467336613933652,0.52,0.99,0.755,0.47,29.96,29.96,29.96,59.4,59.4,59.4,9,1,
2026-08-06 01:18:57,774545,3232470,Game 2: Odd/Even Total Kills?,odd_even,2,2026-08-06 05:00:00,221.0,Odd,108764823482748327248644567628361129693998213225431789432083166453107164133285,0.49,0.51,0.5,0.02,70.66,70.66,355.27,59.07,59.07,406.94,13,12,
2026-08-06 01:18:57,774545,3232470,Game 2: Odd/Even Total Kills?,odd_even,2,2026-08-06 05:00:00,221.0,Even,112837214894143070168381040062111875129493989783693788582966401371746772318014,0.49,0.51,0.5,0.02,56.76,56.76,341.37,74.13,74.13,422.0,12,13,
2026-08-06 01:18:57,774545,3232471,Game 3: Both Teams Slay Baron Nashor?,prop,3,2026-08-06 05:00:00,221.0,Yes,52422249810080927282303659845413741913230067330723863548613139361912592210707,0.02,0.98,0.5,0.96,3.56,3.56,3.56,311.92,311.92,311.92,2,2,
2026-08-06 01:18:57,774545,3232471,Game 3: Both Teams Slay Baron Nashor?,prop,3,2026-08-06 05:00:00,221.0,No,20543921164934073667475611327251440050829508336167368022974844955374474847856,0.02,0.98,0.5,0.96,3.56,3.56,3.56,311.67,311.67,311.67,2,2,
2026-08-06 01:18:57,774545,3232472,Game 3: Both Teams Slay a Dragon?,prop,3,2026-08-06 05:00:00,221.0,Yes,53000067315067404320531984799130727848089342014221769656644797885791842063778,0.02,0.95,0.485,0.93,3.56,3.56,3.56,28.53,140.09,409.39,2,5,
2026-08-06 01:18:57,774545,3232472,Game 3: Both Teams Slay a Dragon?,prop,3,2026-08-06 05:00:00,221.0,No,17496805223902219750653102692339156520177042436494891685538421146979504784507,0.05,0.98,0.515,0.93,1.29,3.64,6.36,310.64,310.64,310.64,5,2,
2026-08-06 01:18:57,774545,3232473,Game 3: Both Teams Destroy Inhibitors?,prop,3,2026-08-06 05:00:00,221.0,Yes,62713232551823793351865044373118828310528371898480177737084499965610946288249,0.02,0.98,0.5,0.96,3.56,3.56,3.56,309.87,309.87,309.87,2,2,
2026-08-06 01:18:57,774545,3232473,Game 3: Both Teams Destroy Inhibitors?,prop,3,2026-08-06 05:00:00,221.0,No,26105581960167018434245347049851007006693299610396803473731106330949092345707,0.02,0.98,0.5,0.96,3.56,3.56,3.56,310.44,310.44,310.44,2,2,
2026-08-06 01:18:57,774545,3232474,Game 3: Any Player Quadra Kill?,prop,3,2026-08-06 05:00:00,221.0,Yes,31893771637185116006372993157995092598029892827058606892543693028062162419227,0.01,0.99,0.5,0.98,0.6,0.6,0.6,59.4,59.4,59.4,1,1,
2026-08-06 01:18:57,774545,3232474,Game 3: Any Player Quadra Kill?,prop,3,2026-08-06 05:00:00,221.0,No,49230876307030702903949884677839730069234152452453465094897991994735615003716,0.01,0.99,0.5,0.98,0.6,0.6,0.6,59.4,59.4,59.4,1,1,
2026-08-06 01:18:57,774545,3232475,Game 3: Any Player Penta Kill?,prop,3,2026-08-06 05:00:00,221.0,Yes,43952224026269367056271394022331987076742201675151603973402637642042263405658,0.07,0.99,0.53,0.92,1.55,29.95,29.95,59.4,59.4,59.4,4,1,
2026-08-06 01:18:57,774545,3232475,Game 3: Any Player Penta Kill?,prop,3,2026-08-06 05:00:00,221.0,No,68699030155861453178823835557493401203518098764217336924760141105141650525752,0.01,0.93,0.47,0.92,0.6,0.6,0.6,23.45,563.05,563.05,1,4,
2026-08-06 01:18:57,774545,3232476,Game 3: Odd/Even Total Kills?,odd_even,3,2026-08-06 05:00:00,221.0,Odd,30617973423877764607537571565899482245052378449629169910438999975941621522534,0.49,0.51,0.5,0.02,70.66,94.14,378.75,74.13,101.69,449.56,14,14,
2026-08-06 01:18:57,774545,3232476,Game 3: Odd/Even Total Kills?,odd_even,3,2026-08-06 05:00:00,221.0,Even,107495865248225449705831138089870925944430523028426449909894473657171323116010,0.49,0.51,0.5,0.02,70.66,94.14,378.75,74.13,101.69,449.56,14,14,
2026-08-06 01:24:33,774544,3232431,LoL: DN SOOPers Challengers vs T1 Academy - Game 1 Winner,map,1,2026-08-06 05:00:00,215.4,DN SOOPers Challengers,89180779190982217888721480397356977555107137546464234978404797852484734741757,0.35,0.36,0.355,0.01,849.71,1887.45,4394.43,201.5,1215.89,2696.54,28,39,2239.957697
2026-08-06 01:24:33,774544,3232431,LoL: DN SOOPers Challengers vs T1 Academy - Game 1 Winner,map,1,2026-08-06 05:00:00,215.4,T1 Academy,88014722200161978653189252241239151593851553457064281627692606693464050110943,0.64,0.65,0.645,0.01,343.5,1952.23,4160.02,1636.48,3818.22,9406.85,39,28,2239.957697
2026-08-06 01:24:33,774544,3232432,LoL: DN SOOPers Challengers vs T1 Academy - Game 2 Winner,map,2,2026-08-06 05:00:00,215.4,DN SOOPers Challengers,23884292850499227526939876263394303804534512803840633561636774606942318735839,0.36,0.38,0.37,0.02,356.85,1453.5,3996.81,885.77,2640.56,2788.4,26,28,359.99999999999994
2026-08-06 01:24:33,774544,3232432,LoL: DN SOOPers Challengers vs T1 Academy - Game 2 Winner,map,2,2026-08-06 05:00:00,215.4,T1 Academy,21588236202997223551356634688420833324533049917314187094112572874681516479577,0.62,0.64,0.63,0.02,1407.23,4003.15,4207.31,653.15,2819.85,8414.35,28,26,359.99999999999994
2026-08-06 01:24:33,774544,3232433,LoL: DN SOOPers Challengers vs T1 Academy (BO3) - LCK Challengers League Rounds 3-4 Challenge Group,series,,2026-08-06 05:00:00,215.4,DN SOOPers Challengers,93287385816710097684121106780873579979982621892847464600379453036822266333560,0.28,0.29,0.285,0.01,3715.6,5863.72,5887.72,912.27,1843.93,3206.0,21,51,18777.985801000003
2026-08-06 01:24:33,774544,3232433,LoL: DN SOOPers Challengers vs T1 Academy (BO3) - LCK Challengers League Rounds 3-4 Challenge Group,series,,2026-08-06 05:00:00,215.4,T1 Academy,91088887287590403349084191565363328938100254142680860097908489425083598491089,0.71,0.72,0.715,0.01,2137.58,4186.0,6852.52,9923.35,16117.62,16193.62,51,21,18777.985801000003
2026-08-06 01:24:33,774544,3232434,Games Total: O/U 2.5,total_games,,2026-08-06 05:00:00,215.4,Over,94194620899988396438941999727263821412211432687321645448307060066835791569633,0.45,0.46,0.455,0.01,508.46,1164.96,3712.15,752.56,2763.97,3106.35,23,26,19.990000000000002
2026-08-06 01:24:33,774544,3232434,Games Total: O/U 2.5,total_games,,2026-08-06 05:00:00,215.4,Under,92587768125686476379404132153686486577423762915501260880794999637102627059908,0.54,0.55,0.545,0.01,864.44,2979.66,3312.28,640.54,1534.04,5222.16,26,23,19.990000000000002
2026-08-06 01:24:33,774544,3232435,Game Handicap: T1.A (-1.5) vs DN SOOPers Challengers (+1.5),handicap,,2026-08-06 05:00:00,215.4,T1 Academy,110972547908732575081616034438873424941587419502986961453244563818036739471135,0.4,0.42,0.41,0.02,915.0,2540.0,2825.0,341.37,1912.08,3062.08,23,26,606.5522599999999
2026-08-06 01:24:33,774544,3232435,Game Handicap: T1.A (-1.5) vs DN SOOPers Challengers (+1.5),handicap,,2026-08-06 05:00:00,215.4,DN SOOPers Challengers,41499457609958663494372307629882562064062149340032423391519932611528909189693,0.58,0.6,0.59,0.02,459.95,2424.95,3774.95,1410.0,4095.81,4610.81,26,23,606.5522599999999
2026-08-06 01:24:33,774544,3232436,Game 1: Both Teams Slay Baron Nashor?,prop,1,2026-08-06 05:00:00,215.4,Yes,35879299538138743569243330768506936435969657050013347700645720707489668825160,0.02,0.98,0.5,0.96,3.8,3.8,3.8,326.47,326.47,326.47,2,2,
2026-08-06 01:24:33,774544,3232436,Game 1: Both Teams Slay Baron Nashor?,prop,1,2026-08-06 05:00:00,215.4,No,62830716487781823686229894051681424178705526769120560625424809228213799985789,0.02,0.98,0.5,0.96,3.8,3.8,3.8,325.53,325.53,325.53,2,2,
2026-08-06 01:24:33,774544,3232437,Game 1: Both Teams Slay a Dragon?,prop,1,2026-08-06 05:00:00,215.4,Yes,6729618535995143105929445516028200070068677328298548183260395690609454384120,0.02,0.98,0.5,0.96,3.8,3.8,3.8,325.54,325.54,325.54,2,2,
2026-08-06 01:24:33,774544,3232437,Game 1: Both Teams Slay a Dragon?,prop,1,2026-08-06 05:00:00,215.4,No,37653220819795268816043597710617640769765264179997945128937420772244148207178,0.02,0.98,0.5,0.96,3.8,3.8,3.8,326.15,326.15,326.15,2,2,
2026-08-06 01:24:33,774544,3232438,Game 1: Both Teams Destroy Inhibitors?,prop,1,2026-08-06 05:00:00,215.4,Yes,3614025147917699555212974378828925933707051130370544460613088590191558901669,0.02,0.98,0.5,0.96,3.8,3.8,3.8,325.53,325.53,325.53,2,2,
2026-08-06 01:24:33,774544,3232438,Game 1: Both Teams Destroy Inhibitors?,prop,1,2026-08-06 05:00:00,215.4,No,53471224693509242232810327929487652317822664336673195640668812230550140141086,0.02,0.98,0.5,0.96,3.8,3.8,3.8,324.85,324.85,324.85,2,2,
2026-08-06 01:24:33,774544,3232439,Game 1: Any Player Quadra Kill?,prop,1,2026-08-06 05:00:00,215.4,Yes,4357707627968591862978470615635767111935966287990643707131048919432556122862,0.01,0.5,0.255,0.49,0.6,0.6,0.6,47.62,47.62,47.62,1,10,
2026-08-06 01:24:33,774544,3232439,Game 1: Any Player Quadra Kill?,prop,1,2026-08-06 05:00:00,215.4,No,16679114107829251146426048604518133417278994003413940232677257411855097537527,0.5,0.99,0.745,0.49,47.62,47.62,47.62,59.4,59.4,59.4,10,1,
2026-08-06 01:24:33,774544,3232440,Game 1: Any Player Penta Kill?,prop,1,2026-08-06 05:00:00,215.4,Yes,19641519196430774905740913027320431444958327438294367674284679010427649627217,0.01,0.49,0.25,0.48,0.6,0.6,0.6,86.33,86.33,86.33,1,9,
2026-08-06 01:24:33,774544,3232440,Game 1: Any Player Penta Kill?,prop,1,2026-08-06 05:00:00,215.4,No,103493158186294192020724062044796042811515801778503153163478695158508175549982,0.51,0.99,0.75,0.48,87.91,87.91,87.91,59.4,59.4,59.4,9,1,
2026-08-06 01:24:33,774544,3232441,Game 1: Odd/Even Total Kills?,odd_even,1,2026-08-06 05:00:00,215.4,Odd,63562255436789805459964397707970044975493457509060149515383882296903156055547,0.49,0.51,0.5,0.02,70.66,94.14,378.75,74.13,101.69,449.56,14,14,
2026-08-06 01:24:33,774544,3232441,Game 1: Odd/Even Total Kills?,odd_even,1,2026-08-06 05:00:00,215.4,Even,90294284466104193965532761231229679879195631738726182943706486397085053427156,0.49,0.51,0.5,0.02,70.66,94.14,378.75,74.13,101.69,449.56,14,14,
2026-08-06 01:24:33,774544,3232442,Game 2: Both Teams Slay Baron Nashor?,prop,2,2026-08-06 05:00:00,215.4,Yes,9029144959068988097021865338698706110711332705432072678119750262948842927125,0.02,0.98,0.5,0.96,3.8,3.8,3.8,326.46,326.46,326.46,2,2,
2026-08-06 01:24:33,774544,3232442,Game 2: Both Teams Slay Baron Nashor?,prop,2,2026-08-06 05:00:00,215.4,No,98884523982677098867546138969502830410111780038470805650456889524526683336912,0.02,0.98,0.5,0.96,3.8,3.8,3.8,325.53,325.53,325.53,2,2,
2026-08-06 01:24:33,774544,3232443,Game 2: Both Teams Slay a Dragon?,prop,2,2026-08-06 05:00:00,215.4,Yes,62460971217033604232551759283234261351388918864301424372400829900765279795286,0.02,0.98,0.5,0.96,3.8,3.8,3.8,324.27,324.27,324.27,2,2,
2026-08-06 01:24:33,774544,3232443,Game 2: Both Teams Slay a Dragon?,prop,2,2026-08-06 05:00:00,215.4,No,101264886956311673098151811258873229804653451207176460795122333392580087235178,0.02,0.98,0.5,0.96,3.8,3.8,3.8,325.54,325.54,325.54,2,2,
2026-08-06 01:24:33,774544,3232444,Game 2: Both Teams Destroy Inhibitors?,prop,2,2026-08-06 05:00:00,215.4,Yes,18129068812058139379588183681585198414944643464524381268533112916376782447088,0.02,0.98,0.5,0.96,3.8,3.8,3.8,325.54,325.54,325.54,2,2,
2026-08-06 01:24:33,774544,3232444,Game 2: Both Teams Destroy Inhibitors?,prop,2,2026-08-06 05:00:00,215.4,No,82377905464719716231349776253640364419074438516592680931613565707823507518841,0.02,0.98,0.5,0.96,3.8,3.8,3.8,325.38,325.38,325.38,2,2,
2026-08-06 01:24:33,774544,3232445,Game 2: Any Player Quadra Kill?,prop,2,2026-08-06 05:00:00,215.4,Yes,115418406837869174802372349383067125222713629715103092282996917864203301451436,0.01,0.99,0.5,0.98,0.6,0.6,0.6,59.4,59.4,59.4,1,1,
2026-08-06 01:24:33,774544,3232445,Game 2: Any Player Quadra Kill?,prop,2,2026-08-06 05:00:00,215.4,No,49321627699953156242251282922222959119796863074550354989041901504336978378251,0.01,0.99,0.5,0.98,0.6,0.6,0.6,59.4,59.4,59.4,1,1,
2026-08-06 01:24:33,774544,3232446,Game 2: Any Player Penta Kill?,prop,2,2026-08-06 05:00:00,215.4,Yes,47268813826739899548979911053843469681894737904443008443679568866336955844928,0.01,0.48,0.245,0.47,0.6,0.6,0.6,28.04,28.04,28.04,1,9,
2026-08-06 01:24:33,774544,3232446,Game 2: Any Player Penta Kill?,prop,2,2026-08-06 05:00:00,215.4,No,19977748630173056866433018487705264595302965930188455570627001484347007265765,0.52,0.99,0.755,0.47,29.96,29.96,29.96,59.4,59.4,59.4,9,1,
2026-08-06 01:24:33,774544,3232447,Game 2: Odd/Even Total Kills?,odd_even,2,2026-08-06 05:00:00,215.4,Odd,30968811890272290250661020736278135796202271082966563978592041446709295506639,0.49,0.51,0.5,0.02,70.66,94.14,378.75,74.13,101.69,449.56,14,14,
2026-08-06 01:24:33,774544,3232447,Game 2: Odd/Even Total Kills?,odd_even,2,2026-08-06 05:00:00,215.4,Even,40164370542713187307312899191224318270676723476489888298100056766940246494985,0.49,0.51,0.5,0.02,70.66,94.14,378.75,74.13,101.69,449.56,14,14,
2026-08-06 01:24:33,774544,3232448,Game 3: Both Teams Slay Baron Nashor?,prop,3,2026-08-06 05:00:00,215.4,Yes,71576023241871401175971592010016711722223123186982137872842272703368679965393,0.02,0.98,0.5,0.96,3.8,3.8,3.8,325.53,325.53,325.53,2,2,
2026-08-06 01:24:33,774544,3232448,Game 3: Both Teams Slay Baron Nashor?,prop,3,2026-08-06 05:00:00,215.4,No,93067623435586791843392907535488902189972976229608602796130963811833208646489,0.02,0.98,0.5,0.96,3.8,3.8,3.8,325.53,325.53,325.53,2,2,
2026-08-06 01:24:33,774544,3232449,Game 3: Both Teams Slay a Dragon?,prop,3,2026-08-06 05:00:00,215.4,Yes,35277011020372038127019002970023945226717010988105132556808915084575325207141,0.02,0.98,0.5,0.96,3.8,3.8,3.8,326.06,326.06,326.06,2,2,
2026-08-06 01:24:33,774544,3232449,Game 3: Both Teams Slay a Dragon?,prop,3,2026-08-06 05:00:00,215.4,No,42486963979017244797432608176331237569951861256306330201111484852269689399406,0.02,0.98,0.5,0.96,3.8,3.8,3.8,325.54,325.54,325.54,2,2,
2026-08-06 01:24:33,774544,3232450,Game 3: Both Teams Destroy Inhibitors?,prop,3,2026-08-06 05:00:00,215.4,Yes,97119997746987310324776312807358351816067975529034692981743142446364280474883,0.02,0.98,0.5,0.96,3.8,3.8,3.8,325.54,325.54,325.54,2,2,
2026-08-06 01:24:33,774544,3232450,Game 3: Both Teams Destroy Inhibitors?,prop,3,2026-08-06 05:00:00,215.4,No,2934890365561776128688930072443945203788441834192107972485124555183125992036,0.02,0.98,0.5,0.96,3.8,3.8,3.8,325.54,325.54,325.54,2,2,
2026-08-06 01:24:33,774544,3232451,Game 3: Any Player Quadra Kill?,prop,3,2026-08-06 05:00:00,215.4,Yes,51081133047900106810214484615382869257858632642825409318312341862870847654173,0.01,0.99,0.5,0.98,0.6,0.6,0.6,59.4,59.4,59.4,1,1,
2026-08-06 01:24:33,774544,3232451,Game 3: Any Player Quadra Kill?,prop,3,2026-08-06 05:00:00,215.4,No,87946539744294236413543503114738779995138823770237791046006778174743511341887,0.01,0.99,0.5,0.98,0.6,0.6,0.6,59.4,59.4,59.4,1,1,
2026-08-06 01:24:33,774544,3232452,Game 3: Any Player Penta Kill?,prop,3,2026-08-06 05:00:00,215.4,Yes,108740881426938561659555230821084960559056210473266184770831186685760402412259,0.07,0.99,0.53,0.92,1.55,29.95,29.95,59.4,59.4,59.4,4,1,
2026-08-06 01:24:33,774544,3232452,Game 3: Any Player Penta Kill?,prop,3,2026-08-06 05:00:00,215.4,No,71925107048659588955620650875251086898811882996781706949879415464457756927419,0.01,0.93,0.47,0.92,0.6,0.6,0.6,23.45,563.05,563.05,1,4,
2026-08-06 01:24:33,774544,3232453,Game 3: Odd/Even Total Kills?,odd_even,3,2026-08-06 05:00:00,215.4,Odd,38855396122206171178532122546363262745932107856274451192186224807070911338253,0.49,0.51,0.5,0.02,70.66,94.14,378.75,74.13,101.69,449.56,14,14,
2026-08-06 01:24:33,774544,3232453,Game 3: Odd/Even Total Kills?,odd_even,3,2026-08-06 05:00:00,215.4,Even,90012076744913079261195616539238098915905530343472138300866740180463058262058,0.49,0.51,0.5,0.02,70.66,94.14,378.75,74.13,101.69,449.56,14,14,
2026-08-06 01:24:33,774545,3232454,LoL: HANJIN BRION Challengers vs Gen.G Global Academy - Game 1 Winner,map,1,2026-08-06 05:00:00,215.4,HANJIN BRION Challengers,52228976186109086158167316412215112760053122143363369169923420404312504057878,0.63,0.64,0.635,0.01,1483.91,2171.25,3594.34,8690.74,13324.77,15481.05,41,33,2214.070741
2026-08-06 01:24:33,774545,3232454,LoL: HANJIN BRION Challengers vs Gen.G Global Academy - Game 1 Winner,map,1,2026-08-06 05:00:00,215.4,Gen.G Global Academy,59521189641895066408182829996235007935688731533512474356643238294249132018210,0.36,0.37,0.365,0.01,4757.43,7143.4,8139.5,877.26,1326.4,2334.67,33,41,2214.070741
2026-08-06 01:24:33,774545,3232455,LoL: HANJIN BRION Challengers vs Gen.G Global Academy - Game 2 Winner,map,2,2026-08-06 05:00:00,215.4,HANJIN BRION Challengers,115417929023354005111662764790856677504457033071785355976072750789863211204398,0.63,0.64,0.635,0.01,1563.1,2596.76,3714.22,7848.01,12397.82,14452.96,38,32,2783.7240509999997
2026-08-06 01:24:33,774545,3232455,LoL: HANJIN BRION Challengers vs Gen.G Global Academy - Game 2 Winner,map,2,2026-08-06 05:00:00,215.4,Gen.G Global Academy,23972474913470880115057032408461645605542809190793930396567007793753895428600,0.36,0.37,0.365,0.01,4296.57,6639.76,7585.37,923.77,1595.64,2390.18,32,38,2783.7240509999997
2026-08-06 01:24:33,774545,3232456,LoL: HANJIN BRION Challengers vs Gen.G Global Academy (BO3) - LCK Challengers League Rounds 3-4 Trial Group,series,,2026-08-06 05:00:00,215.4,HANJIN BRION Challengers,24026104513594107834440296785430593351160052001316088259582248775400999298481,0.67,0.68,0.675,0.01,3334.05,4790.75,4822.25,7848.07,13107.87,18433.35,45,26,50509.33669100001
2026-08-06 01:24:33,774545,3232456,LoL: HANJIN BRION Challengers vs Gen.G Global Academy (BO3) - LCK Challengers League Rounds 3-4 Trial Group,series,,2026-08-06 05:00:00,215.4,Gen.G Global Academy,82284072290596608193444173194524343142672972006533699072212443664832954257979,0.32,0.33,0.325,0.01,3613.14,5778.2,7813.87,1669.42,2474.88,2493.38,26,45,50509.33669100001
2026-08-06 01:24:33,774545,3232457,Games Total: O/U 2.5,total_games,,2026-08-06 05:00:00,215.4,Over,110259001744478875529907484962729355575330137051830827843750986807358201211578,0.44,0.45,0.445,0.01,1292.11,3037.34,3831.42,322.4,971.16,2526.84,23,22,360.05071
2026-08-06 01:24:33,774545,3232457,Games Total: O/U 2.5,total_games,,2026-08-06 05:00:00,215.4,Under,78119555811882975940695707925666604046550666279218092046885752236619264101207,0.55,0.56,0.555,0.01,387.8,1114.97,2686.4,1691.21,4107.98,5350.0,22,23,360.05071
2026-08-06 01:24:33,774545,3232458,Game Handicap: BRO (-1.5) vs Gen.G Global Academy (+1.5),handicap,,2026-08-06 05:00:00,215.4,HANJIN BRION Challengers,34731578826327827696382702820978000185260052421693957343890768492719846122659,0.44,0.45,0.445,0.01,982.97,1941.56,2268.56,422.84,1495.36,1990.36,24,22,521.9841220000001
2026-08-06 01:24:33,774545,3232458,Game Handicap: BRO (-1.5) vs Gen.G Global Academy (+1.5),handicap,,2026-08-06 05:00:00,215.4,Gen.G Global Academy,58663945631918918829735153099439358930211403969518754785473975361119393196776,0.55,0.56,0.555,0.01,502.59,1686.98,2191.98,1265.59,2618.7,3116.7,22,24,521.9841220000001
2026-08-06 01:24:33,774545,3232459,Game 1: Both Teams Slay Baron Nashor?,prop,1,2026-08-06 05:00:00,215.4,Yes,41623911479621728754409842060721170209107439927110769513287655800834578596715,0.02,0.98,0.5,0.96,3.56,3.56,3.56,310.76,310.76,310.76,2,2,
2026-08-06 01:24:33,774545,3232459,Game 1: Both Teams Slay Baron Nashor?,prop,1,2026-08-06 05:00:00,215.4,No,81757850017572811618891575109697874959807695315780211898123784139163519463356,0.02,0.98,0.5,0.96,3.56,3.56,3.56,309.96,309.96,309.96,2,2,
2026-08-06 01:24:33,774545,3232460,Game 1: Both Teams Slay a Dragon?,prop,1,2026-08-06 05:00:00,215.4,Yes,91531508342492476208541184870895601075634693174041963430753255943292070893025,0.02,0.95,0.485,0.93,3.56,3.56,3.56,28.85,139.4,408.85,2,5,
2026-08-06 01:24:33,774545,3232460,Game 1: Both Teams Slay a Dragon?,prop,1,2026-08-06 05:00:00,215.4,No,46806863349072398168136653412437364134203407163018710384154190461390788717132,0.05,0.98,0.515,0.93,1.31,3.64,6.36,311.9,311.9,311.9,5,2,
2026-08-06 01:24:33,774545,3232461,Game 1: Both Teams Destroy Inhibitors?,prop,1,2026-08-06 05:00:00,215.4,Yes,102481002159417280462240219792845129828220305139623100309028070771981635999474,0.02,0.98,0.5,0.96,3.56,3.56,3.56,311.9,311.9,311.9,2,2,
2026-08-06 01:24:33,774545,3232461,Game 1: Both Teams Destroy Inhibitors?,prop,1,2026-08-06 05:00:00,215.4,No,16351552694030119623546279555399770820000530330536581263766845679249064548423,0.02,0.98,0.5,0.96,3.56,3.56,3.56,312.76,312.76,312.76,2,2,
2026-08-06 01:24:33,774545,3232462,Game 1: Any Player Quadra Kill?,prop,1,2026-08-06 05:00:00,215.4,Yes,112134773023820385320855705906048281474504695455770532388949586072893386311431,0.01,0.99,0.5,0.98,0.6,0.6,0.6,59.4,59.4,59.4,1,1,
2026-08-06 01:24:33,774545,3232462,Game 1: Any Player Quadra Kill?,prop,1,2026-08-06 05:00:00,215.4,No,58286049853582961753993113102005386173338939924829171161808371555932687372869,0.01,0.99,0.5,0.98,0.6,0.6,0.6,59.4,59.4,59.4,1,1,
2026-08-06 01:24:33,774545,3232463,Game 1: Any Player Penta Kill?,prop,1,2026-08-06 05:00:00,215.4,Yes,29857304755704290784078614316568955379345949231742876897857696161412334233037,0.01,0.48,0.245,0.47,0.6,0.6,0.6,28.04,28.04,28.04,1,9,
2026-08-06 01:24:33,774545,3232463,Game 1: Any Player Penta Kill?,prop,1,2026-08-06 05:00:00,215.4,No,65348383128392821854079532224686373708005215398533263909127959564790737089946,0.52,0.99,0.755,0.47,29.96,29.96,29.96,59.4,59.4,59.4,9,1,
2026-08-06 01:24:33,774545,3232464,Game 1: Odd/Even Total Kills?,odd_even,1,2026-08-06 05:00:00,215.4,Odd,12085842038463939270545478950052223429855836163027832392801316563433881762111,0.49,0.51,0.5,0.02,70.66,94.14,378.75,74.13,101.69,449.56,14,14,
2026-08-06 01:24:33,774545,3232464,Game 1: Odd/Even Total Kills?,odd_even,1,2026-08-06 05:00:00,215.4,Even,78545999971925325786837832202605788394225034222276297511956595857571951665863,0.49,0.51,0.5,0.02,70.66,94.14,378.75,74.13,101.69,449.56,14,14,
2026-08-06 01:24:33,774545,3232465,Game 2: Both Teams Slay Baron Nashor?,prop,2,2026-08-06 05:00:00,215.4,Yes,99987409080931823935660147002347361921606402009305036149689038876773958581465,0.02,0.98,0.5,0.96,3.56,3.56,3.56,311.9,311.9,311.9,2,2,
2026-08-06 01:24:33,774545,3232465,Game 2: Both Teams Slay Baron Nashor?,prop,2,2026-08-06 05:00:00,215.4,No,82389856775005729995871862312248122619538560953845801348942779615496767623838,0.02,0.98,0.5,0.96,3.56,3.56,3.56,309.43,309.43,309.43,2,2,
2026-08-06 01:24:33,774545,3232466,Game 2: Both Teams Slay a Dragon?,prop,2,2026-08-06 05:00:00,215.4,Yes,87220400061902764055455719399973368008065185481434829846381284629999980664936,0.02,0.95,0.485,0.93,3.56,3.56,3.56,28.79,139.45,409.02,2,5,
2026-08-06 01:24:33,774545,3232466,Game 2: Both Teams Slay a Dragon?,prop,2,2026-08-06 05:00:00,215.4,No,84830690455369071465250024850675332190451353925314489499711912420266749519014,0.05,0.98,0.515,0.93,1.31,3.64,6.36,310.64,310.64,310.64,5,2,
2026-08-06 01:24:33,774545,3232467,Game 2: Both Teams Destroy Inhibitors?,prop,2,2026-08-06 05:00:00,215.4,Yes,5862890107836289611207451520441003711544849776747139866717965997717380408960,0.02,0.98,0.5,0.96,3.56,3.56,3.56,311.91,311.91,311.91,2,2,
2026-08-06 01:24:33,774545,3232467,Game 2: Both Teams Destroy Inhibitors?,prop,2,2026-08-06 05:00:00,215.4,No,66894030232469029246936604711720249242208422494187884472830054400718282776153,0.02,0.98,0.5,0.96,3.56,3.56,3.56,310.41,310.41,310.41,2,2,
2026-08-06 01:24:33,774545,3232468,Game 2: Any Player Quadra Kill?,prop,2,2026-08-06 05:00:00,215.4,Yes,1369084144301936169814009995225552338242170047068556880250637363320540700901,0.01,0.99,0.5,0.98,0.6,0.6,0.6,59.4,59.4,59.4,1,1,
2026-08-06 01:24:33,774545,3232468,Game 2: Any Player Quadra Kill?,prop,2,2026-08-06 05:00:00,215.4,No,46458985505595578630554280852186375517960158180328063903999479769877614227892,0.01,0.99,0.5,0.98,0.6,0.6,0.6,59.4,59.4,59.4,1,1,
2026-08-06 01:24:33,774545,3232469,Game 2: Any Player Penta Kill?,prop,2,2026-08-06 05:00:00,215.4,Yes,40081486528062579171588259579925160529848207409571171122433422970901759995380,0.01,0.48,0.245,0.47,0.6,0.6,0.6,28.04,28.04,28.04,1,9,
2026-08-06 01:24:33,774545,3232469,Game 2: Any Player Penta Kill?,prop,2,2026-08-06 05:00:00,215.4,No,63932125121618200347398873167531567218103217786997703263382147467336613933652,0.52,0.99,0.755,0.47,29.96,29.96,29.96,59.4,59.4,59.4,9,1,
2026-08-06 01:24:33,774545,3232470,Game 2: Odd/Even Total Kills?,odd_even,2,2026-08-06 05:00:00,215.4,Odd,108764823482748327248644567628361129693998213225431789432083166453107164133285,0.49,0.51,0.5,0.02,70.66,94.14,378.75,74.13,101.69,449.56,14,14,
2026-08-06 01:24:33,774545,3232470,Game 2: Odd/Even Total Kills?,odd_even,2,2026-08-06 05:00:00,215.4,Even,112837214894143070168381040062111875129493989783693788582966401371746772318014,0.49,0.51,0.5,0.02,70.66,94.14,378.75,74.13,101.69,449.56,14,14,
2026-08-06 01:24:33,774545,3232471,Game 3: Both Teams Slay Baron Nashor?,prop,3,2026-08-06 05:00:00,215.4,Yes,52422249810080927282303659845413741913230067330723863548613139361912592210707,0.02,0.98,0.5,0.96,3.56,3.56,3.56,311.92,311.92,311.92,2,2,
2026-08-06 01:24:33,774545,3232471,Game 3: Both Teams Slay Baron Nashor?,prop,3,2026-08-06 05:00:00,215.4,No,20543921164934073667475611327251440050829508336167368022974844955374474847856,0.02,0.98,0.5,0.96,3.56,3.56,3.56,311.67,311.67,311.67,2,2,
2026-08-06 01:24:33,774545,3232472,Game 3: Both Teams Slay a Dragon?,prop,3,2026-08-06 05:00:00,215.4,Yes,53000067315067404320531984799130727848089342014221769656644797885791842063778,0.02,0.95,0.485,0.93,3.56,3.56,3.56,28.53,140.09,409.42,2,5,
2026-08-06 01:24:33,774545,3232472,Game 3: Both Teams Slay a Dragon?,prop,3,2026-08-06 05:00:00,215.4,No,17496805223902219750653102692339156520177042436494891685538421146979504784507,0.05,0.98,0.515,0.93,1.29,3.64,6.36,310.64,310.64,310.64,5,2,
2026-08-06 01:24:33,774545,3232473,Game 3: Both Teams Destroy Inhibitors?,prop,3,2026-08-06 05:00:00,215.4,Yes,62713232551823793351865044373118828310528371898480177737084499965610946288249,0.02,0.98,0.5,0.96,3.56,3.56,3.56,309.87,309.87,309.87,2,2,
2026-08-06 01:24:33,774545,3232473,Game 3: Both Teams Destroy Inhibitors?,prop,3,2026-08-06 05:00:00,215.4,No,26105581960167018434245347049851007006693299610396803473731106330949092345707,0.02,0.98,0.5,0.96,3.56,3.56,3.56,310.44,310.44,310.44,2,2,
2026-08-06 01:24:33,774545,3232474,Game 3: Any Player Quadra Kill?,prop,3,2026-08-06 05:00:00,215.4,Yes,31893771637185116006372993157995092598029892827058606892543693028062162419227,0.01,0.99,0.5,0.98,0.6,0.6,0.6,59.4,59.4,59.4,1,1,
2026-08-06 01:24:33,774545,3232474,Game 3: Any Player Quadra Kill?,prop,3,2026-08-06 05:00:00,215.4,No,49230876307030702903949884677839730069234152452453465094897991994735615003716,0.01,0.99,0.5,0.98,0.6,0.6,0.6,59.4,59.4,59.4,1,1,
2026-08-06 01:24:33,774545,3232475,Game 3: Any Player Penta Kill?,prop,3,2026-08-06 05:00:00,215.4,Yes,43952224026269367056271394022331987076742201675151603973402637642042263405658,0.07,0.99,0.53,0.92,1.55,29.95,29.95,59.4,59.4,59.4,4,1,
2026-08-06 01:24:33,774545,3232475,Game 3: Any Player Penta Kill?,prop,3,2026-08-06 05:00:00,215.4,No,68699030155861453178823835557493401203518098764217336924760141105141650525752,0.01,0.93,0.47,0.92,0.6,0.6,0.6,23.45,563.05,563.05,1,4,
2026-08-06 01:24:33,774545,3232476,Game 3: Odd/Even Total Kills?,odd_even,3,2026-08-06 05:00:00,215.4,Odd,30617973423877764607537571565899482245052378449629169910438999975941621522534,0.49,0.51,0.5,0.02,70.66,94.14,378.75,74.13,101.69,449.56,14,14,
2026-08-06 01:24:33,774545,3232476,Game 3: Odd/Even Total Kills?,odd_even,3,2026-08-06 05:00:00,215.4,Even,107495865248225449705831138089870925944430523028426449909894473657171323116010,0.49,0.51,0.5,0.02,70.66,94.14,378.75,74.13,101.69,449.56,14,14,
