ts_utc,event_id,market_id,question,market_kind,game_no,start_time,mins_to_start,outcome,token_id,best_bid,best_ask,mid,spread,bid_depth_1c,bid_depth_3c,bid_depth_5c,ask_cost_1c,ask_cost_3c,ask_cost_5c,n_bid_levels,n_ask_levels,volume
2026-08-14 00:04:35,812499,3407716,LoL: T1 Academy vs Dplus KIA Challengers - Game 1 Winner,map,1,2026-08-14 03:00:00,175.4,T1 Academy,39734844495353304395398396140221540149305519357715269073311726294226019570550,0.6,0.61,0.605,0.01,10926.16,12706.66,14168.16,3198.07,7961.23,9324.0,22,25,52.400048999999996
2026-08-14 00:04:35,812499,3407716,LoL: T1 Academy vs Dplus KIA Challengers - Game 1 Winner,map,1,2026-08-14 03:00:00,175.4,Dplus KIA Challengers,33269339650279858595555088093374570383524449579809902479647974050760364184259,0.39,0.4,0.395,0.01,2040.7,4755.34,5461.75,7567.06,8896.56,10090.06,25,22,52.400048999999996
2026-08-14 00:04:35,812499,3407717,LoL: T1 Academy vs Dplus KIA Challengers - Game 2 Winner,map,2,2026-08-14 03:00:00,175.4,T1 Academy,65413134936637378696103480670341747188714493905423788592364522087047313278527,0.61,0.62,0.615,0.01,672.05,11613.96,12456.21,1636.61,2333.91,3188.44,24,26,24.390242
2026-08-14 00:04:35,812499,3407717,LoL: T1 Academy vs Dplus KIA Challengers - Game 2 Winner,map,2,2026-08-14 03:00:00,175.4,Dplus KIA Challengers,109850116150453228098769636194777220136528900176432751128686947209537047715503,0.38,0.39,0.385,0.01,977.79,1358.54,1783.61,447.95,8090.24,8745.37,26,24,24.390242
2026-08-14 00:04:35,812499,3407718,LoL: T1 Academy vs Dplus KIA Challengers (BO3) - LCK Challengers League Rounds 3-4 Challenge Group,series,,2026-08-14 03:00:00,175.4,T1 Academy,29334009531926017999172713361554624736754304108781329166019313376852181532606,0.66,0.67,0.665,0.01,16291.4,20178.08,22016.78,3917.0,10056.79,12503.48,48,29,11465.912210999997
2026-08-14 00:04:35,812499,3407718,LoL: T1 Academy vs Dplus KIA Challengers (BO3) - LCK Challengers League Rounds 3-4 Challenge Group,series,,2026-08-14 03:00:00,175.4,Dplus KIA Challengers,86576119660677556215120793453634271480079124875691072264113236209109323222775,0.33,0.34,0.335,0.01,1921.01,4590.38,5548.1,8443.26,10675.61,11846.91,29,48,11465.912210999997
2026-08-14 00:04:35,812499,3407719,Games Total: O/U 2.5,total_games,,2026-08-14 03:00:00,175.4,Over,12254491551645605749999948566783532239763590860890971634914438946306484415625,0.46,0.47,0.465,0.01,48.64,454.74,704.68,196.0,1735.32,1942.29,22,19,24.291665000000002
2026-08-14 00:04:35,812499,3407719,Games Total: O/U 2.5,total_games,,2026-08-14 03:00:00,175.4,Under,68717137278381026545457297595820702026186759179231499229342417358442267129224,0.53,0.54,0.535,0.01,213.5,1805.26,2000.43,58.36,581.1,930.72,19,22,24.291665000000002
2026-08-14 00:04:35,812499,3407720,Game Handicap: T1.A (-1.5) vs Dplus KIA Challengers (+1.5),handicap,,2026-08-14 03:00:00,175.4,T1 Academy,112387528592292424930650532924576804503241362728004667616961247667692272312413,0.37,0.38,0.375,0.01,171.38,709.65,2503.08,42.7,651.74,877.14,21,20,720.61431
2026-08-14 00:04:35,812499,3407720,Game Handicap: T1.A (-1.5) vs Dplus KIA Challengers (+1.5),handicap,,2026-08-14 03:00:00,175.4,Dplus KIA Challengers,94189587113690720225125693998745295556487555508602796811274630370563126617623,0.62,0.63,0.625,0.01,68.51,954.21,1258.81,302.62,1311.79,4952.99,20,21,720.61431
2026-08-14 00:04:35,812499,3407721,Game 1: Both Teams Slay Baron Nashor?,prop,1,2026-08-14 03:00:00,175.4,Yes,40069868393640809104786506776915751658534703452875290458511978206216443518807,0.07,0.5,0.285,0.43,179.58,179.87,183.87,176.0,176.0,176.0,6,9,
2026-08-14 00:04:35,812499,3407721,Game 1: Both Teams Slay Baron Nashor?,prop,1,2026-08-14 03:00:00,175.4,No,50608849903554909222219439429204277119215627374900112590959682663938465769933,0.5,0.93,0.715,0.43,176.0,176.0,176.0,2804.96,2811.82,2974.49,9,6,
2026-08-14 00:04:35,812499,3407722,Game 1: Both Teams Slay a Dragon?,prop,1,2026-08-14 03:00:00,175.4,Yes,64687367087236276548065101683258903075752340820526093114401398914562723872435,0.5,0.79,0.645,0.29,176.0,176.0,176.0,662.09,662.09,729.29,9,7,
2026-08-14 00:04:35,812499,3407722,Game 1: Both Teams Slay a Dragon?,prop,1,2026-08-14 03:00:00,175.4,No,26917764894392864707600724979145293015616736651873463361668909405225770515800,0.21,0.5,0.355,0.29,176.0,176.0,188.8,176.0,176.0,176.0,7,9,
2026-08-14 00:04:35,812499,3407723,Game 1: Both Teams Destroy Inhibitors?,prop,1,2026-08-14 03:00:00,175.4,Yes,90909758418785757498339848282956469721252985181476774447367514416062374905071,0.05,0.5,0.275,0.45,176.4,178.79,180.99,176.0,176.0,176.0,5,9,
2026-08-14 00:04:35,812499,3407723,Game 1: Both Teams Destroy Inhibitors?,prop,1,2026-08-14 03:00:00,175.4,No,97306944816021298866960210528887417854859989203311809746657546857239695639465,0.5,0.95,0.725,0.45,176.0,176.0,176.0,4231.57,4344.77,4562.54,9,5,
2026-08-14 00:04:35,812499,3407724,Game 1: Any Player Quadra Kill?,prop,1,2026-08-14 03:00:00,175.4,Yes,40480664112673814293878383496256759291306966101765432817155796609878716191611,0.08,0.5,0.29,0.42,177.85,177.85,179.85,176.0,176.0,176.0,5,9,
2026-08-14 00:04:35,812499,3407724,Game 1: Any Player Quadra Kill?,prop,1,2026-08-14 03:00:00,175.4,No,14076318087349160081892552307719855776657942293180940006992128639325104402095,0.5,0.92,0.71,0.42,176.0,176.0,176.0,2359.51,2359.51,2407.51,9,5,
2026-08-14 00:04:35,812499,3407725,Game 1: Any Player Penta Kill?,prop,1,2026-08-14 03:00:00,175.4,Yes,83951240816212277150512877212327250889048265428194239222014223541148332980146,0.01,0.49,0.25,0.48,176.05,176.05,176.05,187.31,187.31,187.31,1,9,
2026-08-14 00:04:35,812499,3407725,Game 1: Any Player Penta Kill?,prop,1,2026-08-14 03:00:00,175.4,No,14552533511971407204042061068349266750490465725326712708556780935391488764747,0.51,0.99,0.75,0.48,187.77,187.77,187.77,17428.95,17428.95,17428.95,9,1,
2026-08-14 00:04:35,812499,3407726,Game 1: Odd/Even Total Kills?,odd_even,1,2026-08-14 03:00:00,175.4,Odd,30008734824659626946333304876575234022448750432748410603007444659876904754544,0.49,0.51,0.5,0.02,131.66,143.64,428.25,138.13,138.13,486.0,13,12,
2026-08-14 00:04:35,812499,3407726,Game 1: Odd/Even Total Kills?,odd_even,1,2026-08-14 03:00:00,175.4,Even,99395084138140294423547521803551548703320007241030462665435762504531763643878,0.49,0.51,0.5,0.02,131.66,143.64,428.25,138.13,152.19,500.06,13,13,
2026-08-14 00:04:35,812499,3407727,Game 2: Both Teams Slay Baron Nashor?,prop,2,2026-08-14 03:00:00,175.4,Yes,58129688162656381793690234448367947337214519902641172243030953744164978549829,0.07,0.5,0.285,0.43,179.58,179.87,183.87,176.0,176.0,176.0,6,9,
2026-08-14 00:04:35,812499,3407727,Game 2: Both Teams Slay Baron Nashor?,prop,2,2026-08-14 03:00:00,175.4,No,37784282596358571641116459773582983188118603190781422145404475059195349143098,0.5,0.93,0.715,0.43,176.0,176.0,176.0,2804.92,2811.72,2974.39,9,6,
2026-08-14 00:04:35,812499,3407728,Game 2: Both Teams Slay a Dragon?,prop,2,2026-08-14 03:00:00,175.4,Yes,67100635698749036243996596083856731930110083604846187832565784378462214356906,0.5,0.78,0.64,0.28,176.0,176.0,176.0,732.39,732.39,732.39,9,8,
2026-08-14 00:04:35,812499,3407728,Game 2: Both Teams Slay a Dragon?,prop,2,2026-08-14 03:00:00,175.4,No,42625504916961847735090009072914737766516948044519350934640603247822281703262,0.22,0.5,0.36,0.28,195.7,195.7,195.7,176.0,176.0,176.0,8,9,
2026-08-14 00:04:35,812499,3407729,Game 2: Both Teams Destroy Inhibitors?,prop,2,2026-08-14 03:00:00,175.4,Yes,40023438874668498144632750208657873382044520843447740625081184081555141180970,0.06,0.5,0.28,0.44,2.69,180.96,183.3,176.0,176.0,176.0,6,9,
2026-08-14 00:04:35,812499,3407729,Game 2: Both Teams Destroy Inhibitors?,prop,2,2026-08-14 03:00:00,175.4,No,484091212595295130994775780202175233930586477475167866439140463580364160749,0.5,0.94,0.72,0.44,176.0,176.0,176.0,49.85,4347.19,4571.09,9,6,
2026-08-14 00:04:35,812499,3407730,Game 2: Any Player Quadra Kill?,prop,2,2026-08-14 03:00:00,175.4,Yes,57512002909106302457374648538616826010950529161110952092924294330557738326260,0.08,0.5,0.29,0.42,177.85,177.85,179.85,176.0,176.0,176.0,5,9,
2026-08-14 00:04:35,812499,3407730,Game 2: Any Player Quadra Kill?,prop,2,2026-08-14 03:00:00,175.4,No,46528999239069913500878472010371195055074690848476631394902559060981264912902,0.5,0.92,0.71,0.42,176.0,176.0,176.0,2359.51,2359.51,2407.51,9,5,
2026-08-14 00:04:35,812499,3407731,Game 2: Any Player Penta Kill?,prop,2,2026-08-14 03:00:00,175.4,Yes,10367002689217741199289369255672046887753394169252950796871025362076925359402,0.01,0.49,0.25,0.48,176.05,176.05,176.05,187.31,187.31,187.31,1,9,
2026-08-14 00:04:35,812499,3407731,Game 2: Any Player Penta Kill?,prop,2,2026-08-14 03:00:00,175.4,No,44629523316220057660997646176727280068477055828540480140172757604033758965591,0.51,0.99,0.75,0.48,187.77,187.77,187.77,17428.95,17428.95,17428.95,9,1,
2026-08-14 00:04:35,812499,3407732,Game 2: Odd/Even Total Kills?,odd_even,2,2026-08-14 03:00:00,175.4,Odd,68118589223287351123746973139702260581892652876242555636600008179922666725119,0.49,0.51,0.5,0.02,131.66,143.64,428.25,138.13,152.19,500.06,13,13,
2026-08-14 00:04:35,812499,3407732,Game 2: Odd/Even Total Kills?,odd_even,2,2026-08-14 03:00:00,175.4,Even,11563884776145307024557473783891356249853220511404723988011218691689405038835,0.49,0.51,0.5,0.02,131.66,143.64,428.25,138.13,152.19,500.06,13,13,
2026-08-14 00:04:35,812499,3407733,Game 3: Both Teams Slay Baron Nashor?,prop,3,2026-08-14 03:00:00,175.4,Yes,15108330882199972065167953232972112332503134649241289853150575394305889536382,0.07,0.99,0.53,0.92,178.06,178.3,182.3,99.99,99.99,99.99,6,1,
2026-08-14 00:04:35,812499,3407733,Game 3: Both Teams Slay Baron Nashor?,prop,3,2026-08-14 03:00:00,175.4,No,11583353539019187263341757865616242101793514605533674611840543623085353915285,0.01,0.93,0.47,0.92,1.01,1.01,1.01,2784.65,2790.46,2953.13,1,6,
2026-08-14 00:04:35,812499,3407734,Game 3: Both Teams Slay a Dragon?,prop,3,2026-08-14 03:00:00,175.4,Yes,86518706067459875316993377887665484784139398669990316039811150778003477248591,0.02,0.76,0.39,0.74,3.01,3.01,3.01,23.56,742.11,742.11,2,9,
2026-08-14 00:04:35,812499,3407734,Game 3: Both Teams Slay a Dragon?,prop,3,2026-08-14 03:00:00,175.4,No,6330268134995515899876922471865852432628309512536344065282936223963491226645,0.24,0.98,0.61,0.74,7.14,199.06,199.06,260.11,260.11,260.11,9,2,
2026-08-14 00:04:35,812499,3407735,Game 3: Both Teams Destroy Inhibitors?,prop,3,2026-08-14 03:00:00,175.4,Yes,46778385251335632815107295958228684502257914370849295054583406222456702799534,0.06,0.98,0.52,0.92,1.64,179.64,182.14,258.48,258.48,258.48,6,2,
2026-08-14 00:04:35,812499,3407735,Game 3: Both Teams Destroy Inhibitors?,prop,3,2026-08-14 03:00:00,175.4,No,17022380444954140080106111683131141599196325846984987422687868734754056013796,0.02,0.94,0.48,0.92,3.01,3.01,3.01,29.55,4318.22,4549.45,2,6,
2026-08-14 00:04:35,812499,3407736,Game 3: Any Player Quadra Kill?,prop,3,2026-08-14 03:00:00,175.4,Yes,89300494282854674899062293591156319703727387411768815627804385407768809680929,0.08,0.99,0.535,0.91,177.85,177.85,179.85,4.95,4.95,4.95,5,1,
2026-08-14 00:04:35,812499,3407736,Game 3: Any Player Quadra Kill?,prop,3,2026-08-14 03:00:00,175.4,No,114001328052018071192312018162667158102721309900817212379891076054206240411645,0.01,0.92,0.465,0.91,0.05,0.05,0.05,2359.51,2359.51,2407.51,1,5,
2026-08-14 00:04:35,812499,3407737,Game 3: Any Player Penta Kill?,prop,3,2026-08-14 03:00:00,175.4,Yes,114930391155820671280932336596912874838796280776517417418481514020573563481141,0.01,0.99,0.5,0.98,176.05,176.05,176.05,4.95,4.95,4.95,1,1,
2026-08-14 00:04:35,812499,3407737,Game 3: Any Player Penta Kill?,prop,3,2026-08-14 03:00:00,175.4,No,25083949550735874000852664968153918873092872242306546089004263953312445332311,0.01,0.99,0.5,0.98,0.05,0.05,0.05,17428.95,17428.95,17428.95,1,1,
2026-08-14 00:04:35,812499,3407738,Game 3: Odd/Even Total Kills?,odd_even,3,2026-08-14 03:00:00,175.4,Odd,55002932149693205039252313297704990705936164068114650496235005232232448118768,0.49,0.51,0.5,0.02,131.66,143.64,428.25,138.13,152.19,500.06,13,14,
2026-08-14 00:04:35,812499,3407738,Game 3: Odd/Even Total Kills?,odd_even,3,2026-08-14 03:00:00,175.4,Even,22731531805730680844471275051506006731851300824476975059046552919830390345510,0.49,0.51,0.5,0.02,131.66,143.64,428.25,138.13,152.19,500.06,14,13,
2026-08-14 00:04:35,826045,3477003,LoL: University of Mississippi vs Dorado Gaming - Game 1 Winner,map,1,2026-08-13 23:45:00,-19.6,University of Mississippi,55874250471635938217878483764169881064962907657144747443373903457968672402118,0.34,0.35,0.345,0.01,15.92,146.48,223.32,12.55,72.95,236.91,25,36,35
2026-08-14 00:04:35,826045,3477003,LoL: University of Mississippi vs Dorado Gaming - Game 1 Winner,map,1,2026-08-13 23:45:00,-19.6,Dorado Gaming,25530436947632167255504400104310024879544931865083523344668796858817507283259,0.65,0.66,0.655,0.01,22.45,122.05,369.49,32.08,312.98,500.76,36,25,35
2026-08-14 00:04:35,826045,3477004,LoL: University of Mississippi vs Dorado Gaming - Game 2 Winner,map,2,2026-08-13 23:45:00,-19.6,University of Mississippi,93393654637235963242793672408115158737739898371211250777957693074286011142251,0.43,0.54,0.485,0.11,240.07,243.99,249.0,167.94,186.19,193.39,19,17,
2026-08-14 00:04:35,826045,3477004,LoL: University of Mississippi vs Dorado Gaming - Game 2 Winner,map,2,2026-08-13 23:45:00,-19.6,Dorado Gaming,70726077246688687819245745739057950131747509047162699180245927064468247196432,0.46,0.57,0.515,0.11,143.06,156.83,161.83,330.33,336.22,344.04,17,19,
2026-08-14 00:04:35,826045,3477005,LoL: University of Mississippi vs Dorado Gaming (BO3) - North American Challengers League Group Stage,series,,2026-08-13 23:45:00,-19.6,University of Mississippi,96180167240884108635639221636859626098847362799509957080142076361679846720295,0.39,0.41,0.4,0.02,337.38,1149.1,1459.26,53.19,437.73,521.19,32,45,19863.761387
2026-08-14 00:04:35,826045,3477005,LoL: University of Mississippi vs Dorado Gaming (BO3) - North American Challengers League Group Stage,series,,2026-08-13 23:45:00,-19.6,Dorado Gaming,30953098509596093478361536724513981267659794883540055319831609947967175506381,0.59,0.61,0.6,0.02,75.8,567.53,667.01,548.49,1969.88,2546.48,45,32,19863.761387
2026-08-14 00:04:35,826045,3477006,Games Total: O/U 2.5,total_games,,2026-08-13 23:45:00,-19.6,Over,112626204040551435345902934610889581260544919028382018885068663812265785446279,0.45,0.52,0.485,0.07,4.5,73.26,186.02,51.79,104.43,285.32,9,8,
2026-08-14 00:04:35,826045,3477006,Games Total: O/U 2.5,total_games,,2026-08-13 23:45:00,-19.6,Under,58484335360793547186341034512516216707633168530398687257932055873013554815410,0.48,0.55,0.515,0.07,46.12,90.76,232.25,5.5,98.51,267.34,8,8,
2026-08-14 00:04:35,826045,3477007,Game Handicap: DOG (-1.5) vs University of Mississippi (+1.5),handicap,,2026-08-13 23:45:00,-19.6,Dorado Gaming,36475232916764934131632607825137970019681768309315216263282134659699311926851,0.31,0.38,0.345,0.07,3.1,3.1,3.1,3.8,3.8,3.8,1,1,12.149999999999999
2026-08-14 00:04:35,826045,3477007,Game Handicap: DOG (-1.5) vs University of Mississippi (+1.5),handicap,,2026-08-13 23:45:00,-19.6,University of Mississippi,114511820424717602403970879130914351179200962141183627331360374683656020286920,0.62,0.69,0.655,0.07,6.2,6.2,6.2,6.9,6.9,6.9,1,1,12.149999999999999
2026-08-14 00:04:35,826045,3477008,Game 1: Both Teams Slay Baron Nashor?,prop,1,2026-08-13 23:45:00,-19.6,Yes,2376222052716611987859502507080156041025547013012753097891215178351885289099,,,,,0.0,0.0,0.0,0.0,0.0,0.0,0,0,
2026-08-14 00:04:35,826045,3477008,Game 1: Both Teams Slay Baron Nashor?,prop,1,2026-08-13 23:45:00,-19.6,No,61827816156207260525611705445739554140934853042355144605136812415906841415269,,,,,0.0,0.0,0.0,0.0,0.0,0.0,0,0,
2026-08-14 00:04:35,826045,3477009,Game 1: Both Teams Slay a Dragon?,prop,1,2026-08-13 23:45:00,-19.6,Yes,77997628765144687463853224026282664847418723805006270100644379944217386465476,,,,,0.0,0.0,0.0,0.0,0.0,0.0,0,0,
2026-08-14 00:04:35,826045,3477009,Game 1: Both Teams Slay a Dragon?,prop,1,2026-08-13 23:45:00,-19.6,No,76828380678347908716954105368569086247671087556993899465688893405263429819919,,,,,0.0,0.0,0.0,0.0,0.0,0.0,0,0,
2026-08-14 00:04:35,826045,3477010,Game 1: Both Teams Destroy Inhibitors?,prop,1,2026-08-13 23:45:00,-19.6,Yes,107149130047444828777594656275874594666116255699756751643696796982679799870287,,,,,0.0,0.0,0.0,0.0,0.0,0.0,0,0,
2026-08-14 00:04:35,826045,3477010,Game 1: Both Teams Destroy Inhibitors?,prop,1,2026-08-13 23:45:00,-19.6,No,72919805636134998810152665939108475772960625434397717328928164485658184193945,,,,,0.0,0.0,0.0,0.0,0.0,0.0,0,0,
2026-08-14 00:04:35,826045,3477011,Game 1: Any Player Quadra Kill?,prop,1,2026-08-13 23:45:00,-19.6,Yes,38639478666624055787736457745604053656052907903991979508153997846433452933947,,,,,0.0,0.0,0.0,0.0,0.0,0.0,0,0,
2026-08-14 00:04:35,826045,3477011,Game 1: Any Player Quadra Kill?,prop,1,2026-08-13 23:45:00,-19.6,No,81399761047212693066837330002877942999049206828069134331184919541938350045966,,,,,0.0,0.0,0.0,0.0,0.0,0.0,0,0,
2026-08-14 00:04:35,826045,3477012,Game 1: Any Player Penta Kill?,prop,1,2026-08-13 23:45:00,-19.6,Yes,68346456367534375623880023233473315218614231917226474136914802082373761431786,,,,,0.0,0.0,0.0,0.0,0.0,0.0,0,0,
2026-08-14 00:04:35,826045,3477012,Game 1: Any Player Penta Kill?,prop,1,2026-08-13 23:45:00,-19.6,No,32089737279946447925914073259826747336284253647354596484751454238931287738616,,,,,0.0,0.0,0.0,0.0,0.0,0.0,0,0,
2026-08-14 00:04:35,826045,3477013,Game 1: Odd/Even Total Kills?,odd_even,1,2026-08-13 23:45:00,-19.6,Odd,64730016127225281885312763732122619863789564534305697905760500452929089465838,,,,,0.0,0.0,0.0,0.0,0.0,0.0,0,0,
2026-08-14 00:04:35,826045,3477013,Game 1: Odd/Even Total Kills?,odd_even,1,2026-08-13 23:45:00,-19.6,Even,19726769524523582992938853858878623078417323413938018942806887446053188638008,,,,,0.0,0.0,0.0,0.0,0.0,0.0,0,0,
2026-08-14 00:04:35,826045,3477014,Game 2: Both Teams Slay Baron Nashor?,prop,2,2026-08-13 23:45:00,-19.6,Yes,83307272001808055636535623109582626388305732933809860406210413023996956457925,,,,,0.0,0.0,0.0,0.0,0.0,0.0,0,0,
2026-08-14 00:04:35,826045,3477014,Game 2: Both Teams Slay Baron Nashor?,prop,2,2026-08-13 23:45:00,-19.6,No,41579192823407798534687272728325387307576001444475944196910986961977516043858,,,,,0.0,0.0,0.0,0.0,0.0,0.0,0,0,
2026-08-14 00:04:35,826045,3477015,Game 2: Both Teams Slay a Dragon?,prop,2,2026-08-13 23:45:00,-19.6,Yes,52685466834080075838755502146964179827410485412328620921877294744173719875997,,,,,0.0,0.0,0.0,0.0,0.0,0.0,0,0,
2026-08-14 00:04:35,826045,3477015,Game 2: Both Teams Slay a Dragon?,prop,2,2026-08-13 23:45:00,-19.6,No,62934314405874758055554856061295840161879001641874506789113000854409342614798,,,,,0.0,0.0,0.0,0.0,0.0,0.0,0,0,
2026-08-14 00:04:35,826045,3477016,Game 2: Both Teams Destroy Inhibitors?,prop,2,2026-08-13 23:45:00,-19.6,Yes,70894029606265762247072169670996564632077520439081522215802589828088139280446,,,,,0.0,0.0,0.0,0.0,0.0,0.0,0,0,
2026-08-14 00:04:35,826045,3477016,Game 2: Both Teams Destroy Inhibitors?,prop,2,2026-08-13 23:45:00,-19.6,No,97053962734304147231812903902650919442490267198511561362871855464296191425941,,,,,0.0,0.0,0.0,0.0,0.0,0.0,0,0,
2026-08-14 00:04:35,826045,3477017,Game 2: Any Player Quadra Kill?,prop,2,2026-08-13 23:45:00,-19.6,Yes,34994327413133259479465230261750453631887706312866638279290195854443953108927,,,,,0.0,0.0,0.0,0.0,0.0,0.0,0,0,
2026-08-14 00:04:35,826045,3477017,Game 2: Any Player Quadra Kill?,prop,2,2026-08-13 23:45:00,-19.6,No,23448169637531262627390239898769538345945120820746565622739992753234569212716,,,,,0.0,0.0,0.0,0.0,0.0,0.0,0,0,
2026-08-14 00:04:35,826045,3477018,Game 2: Any Player Penta Kill?,prop,2,2026-08-13 23:45:00,-19.6,Yes,8697176660099125710879689556555071193897678068172658498656646634685612258207,,,,,0.0,0.0,0.0,0.0,0.0,0.0,0,0,
2026-08-14 00:04:35,826045,3477018,Game 2: Any Player Penta Kill?,prop,2,2026-08-13 23:45:00,-19.6,No,22549416468425636300796094207721953608453046655929522273851689727564590205415,,,,,0.0,0.0,0.0,0.0,0.0,0.0,0,0,
2026-08-14 00:04:35,826045,3477019,Game 2: Odd/Even Total Kills?,odd_even,2,2026-08-13 23:45:00,-19.6,Odd,31325342781319586411402254215590774769666171949419985896275422326864553280628,,,,,0.0,0.0,0.0,0.0,0.0,0.0,0,0,
2026-08-14 00:04:35,826045,3477019,Game 2: Odd/Even Total Kills?,odd_even,2,2026-08-13 23:45:00,-19.6,Even,53659017280998702728504602409072501937247896390430079152185045588176856931499,,,,,0.0,0.0,0.0,0.0,0.0,0.0,0,0,
2026-08-14 00:04:35,826045,3477020,Game 3: Both Teams Slay Baron Nashor?,prop,3,2026-08-13 23:45:00,-19.6,Yes,55687826364945151566982284573983013146510326737354753365572730997451300565001,,,,,0.0,0.0,0.0,0.0,0.0,0.0,0,0,
2026-08-14 00:04:35,826045,3477020,Game 3: Both Teams Slay Baron Nashor?,prop,3,2026-08-13 23:45:00,-19.6,No,86438394116186357718552093240533559268790781444900784592873978885560158997752,,,,,0.0,0.0,0.0,0.0,0.0,0.0,0,0,
2026-08-14 00:04:35,826045,3477021,Game 3: Both Teams Slay a Dragon?,prop,3,2026-08-13 23:45:00,-19.6,Yes,88992577103794341243640030265003938860500860382338868733303496161212088988868,,,,,0.0,0.0,0.0,0.0,0.0,0.0,0,0,
2026-08-14 00:04:35,826045,3477021,Game 3: Both Teams Slay a Dragon?,prop,3,2026-08-13 23:45:00,-19.6,No,24689872434922031572787661067912053865376391484781162748291706179787893368637,,,,,0.0,0.0,0.0,0.0,0.0,0.0,0,0,
2026-08-14 00:04:35,826045,3477022,Game 3: Both Teams Destroy Inhibitors?,prop,3,2026-08-13 23:45:00,-19.6,Yes,28943208002448192888929139140457727924759736199633180705398860013968046125203,,,,,0.0,0.0,0.0,0.0,0.0,0.0,0,0,
2026-08-14 00:04:35,826045,3477022,Game 3: Both Teams Destroy Inhibitors?,prop,3,2026-08-13 23:45:00,-19.6,No,112045080299835805509918601796026454812100608077794508883103775622286788872830,,,,,0.0,0.0,0.0,0.0,0.0,0.0,0,0,
2026-08-14 00:04:35,826045,3477023,Game 3: Any Player Quadra Kill?,prop,3,2026-08-13 23:45:00,-19.6,Yes,99374047863784263917827928548516020082774996606419015677304015241830247318658,,,,,0.0,0.0,0.0,0.0,0.0,0.0,0,0,
2026-08-14 00:04:35,826045,3477023,Game 3: Any Player Quadra Kill?,prop,3,2026-08-13 23:45:00,-19.6,No,76341991175853058385533383542594470147101131849637525382756054736705176393897,,,,,0.0,0.0,0.0,0.0,0.0,0.0,0,0,
2026-08-14 00:04:35,826045,3477024,Game 3: Any Player Penta Kill?,prop,3,2026-08-13 23:45:00,-19.6,Yes,104470160120529841009473481178799070881077754056381161474780333721679077681570,,,,,0.0,0.0,0.0,0.0,0.0,0.0,0,0,
2026-08-14 00:04:35,826045,3477024,Game 3: Any Player Penta Kill?,prop,3,2026-08-13 23:45:00,-19.6,No,101410367148947011462551937537373994014758698670477152325735763824905720258574,,,,,0.0,0.0,0.0,0.0,0.0,0.0,0,0,
2026-08-14 00:04:35,826045,3477025,Game 3: Odd/Even Total Kills?,odd_even,3,2026-08-13 23:45:00,-19.6,Odd,46253729589644896751971482585022699231374684563839573371379588376237736087476,,,,,0.0,0.0,0.0,0.0,0.0,0.0,0,0,
2026-08-14 00:04:35,826045,3477025,Game 3: Odd/Even Total Kills?,odd_even,3,2026-08-13 23:45:00,-19.6,Even,39646065181917587032454197490767017773798464790421563363028663200771989027539,,,,,0.0,0.0,0.0,0.0,0.0,0.0,0,0,
2026-08-14 00:04:35,826070,3477050,LoL: NRG Esports vs Contingent Esports - Game 1 Winner,map,1,2026-08-14 03:00:00,175.4,NRG Esports,80814790902632668004539328994746617014614315928060173257015852122406695311005,0.8,0.81,0.805,0.01,277.88,2413.48,3251.08,61.57,4798.1,5923.01,19,18,367.074342
2026-08-14 00:04:35,826070,3477050,LoL: NRG Esports vs Contingent Esports - Game 1 Winner,map,1,2026-08-14 03:00:00,175.4,Contingent Esports,107651310737272584966890037363108476219576749219700416899862916279592660232089,0.19,0.2,0.195,0.01,14.13,938.49,1123.16,73.11,688.4,967.6,18,19,367.074342
2026-08-14 00:04:35,826070,3477051,LoL: NRG Esports vs Contingent Esports - Game 2 Winner,map,2,2026-08-14 03:00:00,175.4,NRG Esports,7118869453742291045797317815564893062933350229077106358535601493893500087591,0.8,0.81,0.805,0.01,607.6,2532.42,3428.73,1447.12,4691.51,5699.02,17,17,
2026-08-14 00:04:35,826070,3477051,LoL: NRG Esports vs Contingent Esports - Game 2 Winner,map,2,2026-08-14 03:00:00,175.4,Contingent Esports,108002125035495150522720856231525573531669999272447427854984681030770827642415,0.19,0.2,0.195,0.01,326.45,960.72,1124.73,160.88,716.66,1015.43,17,17,
2026-08-14 00:04:35,826070,3477052,LoL: NRG Esports vs Contingent Esports (BO3) - North American Challengers League Group Stage,series,,2026-08-14 03:00:00,175.4,NRG Esports,43038352639417355691707647173859018730749533391426346756399874481168166294619,0.87,0.88,0.875,0.01,1392.1,4538.06,5160.56,7773.36,11351.14,24339.66,56,12,5062.0655130000005
2026-08-14 00:04:35,826070,3477052,LoL: NRG Esports vs Contingent Esports (BO3) - North American Challengers League Group Stage,series,,2026-08-14 03:00:00,175.4,Contingent Esports,84678973437664474131672312186325078675557922490434064743358042746648544685152,0.12,0.13,0.125,0.01,972.61,1367.86,2397.89,222.7,808.52,936.02,12,56,5062.0655130000005
2026-08-14 00:04:35,826070,3477053,Games Total: O/U 2.5,total_games,,2026-08-14 03:00:00,175.4,Over,55750592239967941703301064844243535772993617325443398709488185293476935877531,0.27,0.29,0.28,0.02,407.48,880.36,905.36,247.69,514.9,671.68,23,29,4757.4850289999995
2026-08-14 00:04:35,826070,3477053,Games Total: O/U 2.5,total_games,,2026-08-14 03:00:00,175.4,Under,82152669265463547990220171689636558584137366588986322786820150257732179196557,0.71,0.73,0.72,0.02,603.67,1176.46,1494.75,1147.55,2571.66,2659.7,29,23,4757.4850289999995
2026-08-14 00:04:35,826070,3477054,Game Handicap: NRG (-1.5) vs Contingent Esports (+1.5),handicap,,2026-08-14 03:00:00,175.4,NRG Esports,95412707328160076383234584804646983201601033147527050227749727111466216606486,0.66,0.67,0.665,0.01,1200.61,4151.85,4551.85,748.92,1745.8,1850.24,34,22,6119.156677000001
2026-08-14 00:04:35,826070,3477054,Game Handicap: NRG (-1.5) vs Contingent Esports (+1.5),handicap,,2026-08-14 03:00:00,175.4,Contingent Esports,79376817134124206774201685278379459810679800756916708410468012280981017893764,0.33,0.34,0.335,0.01,367.46,814.9,857.56,622.0,2286.81,2531.97,22,34,6119.156677000001
2026-08-14 00:04:35,826070,3477055,Game 1: Both Teams Slay Baron Nashor?,prop,1,2026-08-14 03:00:00,175.4,Yes,87681573095327547420633314226806041000149028170713311037612514061710912723742,0.05,0.95,0.5,0.9,2.24,4.56,6.68,51.2,161.54,370.85,5,5,
2026-08-14 00:04:35,826070,3477055,Game 1: Both Teams Slay Baron Nashor?,prop,1,2026-08-14 03:00:00,175.4,No,69312485936334009045325800311715558032922672642482501491119421898458006349825,0.05,0.95,0.5,0.9,2.24,4.57,6.68,51.1,161.53,371.63,5,5,
2026-08-14 00:04:35,826070,3477056,Game 1: Both Teams Slay a Dragon?,prop,1,2026-08-14 03:00:00,175.4,Yes,83805735251597132117951173378137346357296339870381814266398461580520007861517,0.3,0.96,0.63,0.66,10.2,15.8,38.05,22.16,373.14,373.14,11,3,
2026-08-14 00:04:35,826070,3477056,Game 1: Both Teams Slay a Dragon?,prop,1,2026-08-14 03:00:00,175.4,No,24156205806670798372110555621724125417579911628083855143977773542489628788926,0.04,0.7,0.37,0.66,0.92,5.88,5.88,24.8,39.2,105.03,3,11,
2026-08-14 00:04:35,826070,3477057,Game 1: Both Teams Destroy Inhibitors?,prop,1,2026-08-14 03:00:00,175.4,Yes,70847180670013690410054498405126312924929675515172003776071312263632441945977,0.01,0.99,0.5,0.98,0.94,0.94,0.94,95.04,95.04,95.04,1,1,
2026-08-14 00:04:35,826070,3477057,Game 1: Both Teams Destroy Inhibitors?,prop,1,2026-08-14 03:00:00,175.4,No,15552457357105246680088345561853174847839914230111380560590702628300617170166,0.01,0.99,0.5,0.98,0.96,0.96,0.96,92.81,92.81,92.81,1,1,
2026-08-14 00:04:35,826070,3477058,Game 1: Any Player Quadra Kill?,prop,1,2026-08-14 03:00:00,175.4,Yes,90611949896330126489333584640484616670727390063723860281928013878403906065721,,,,,0.0,0.0,0.0,0.0,0.0,0.0,0,0,
2026-08-14 00:04:35,826070,3477058,Game 1: Any Player Quadra Kill?,prop,1,2026-08-14 03:00:00,175.4,No,30801089695626298578988776831063320516250144642136439806183847895839275854811,,,,,0.0,0.0,0.0,0.0,0.0,0.0,0,0,
2026-08-14 00:04:35,826070,3477059,Game 1: Any Player Penta Kill?,prop,1,2026-08-14 03:00:00,175.4,Yes,48229925814520007661244111895915992051489252573972834651743984793002069701817,,,,,0.0,0.0,0.0,0.0,0.0,0.0,0,0,
2026-08-14 00:04:35,826070,3477059,Game 1: Any Player Penta Kill?,prop,1,2026-08-14 03:00:00,175.4,No,9305314826584013047090950141969451002924314918612350007363467585821240369066,,,,,0.0,0.0,0.0,0.0,0.0,0.0,0,0,
2026-08-14 00:04:35,826070,3477061,Game 1: Odd/Even Total Kills?,odd_even,1,2026-08-14 03:00:00,175.4,Odd,32494922393258859963201856101328517997010549162018639697250819883519722049068,0.49,0.51,0.5,0.02,7.76,7.76,7.76,8.07,8.07,8.07,11,11,
2026-08-14 00:04:35,826070,3477061,Game 1: Odd/Even Total Kills?,odd_even,1,2026-08-14 03:00:00,175.4,Even,112834540130252099583593253928265938091790513484363299374731806537792656031528,0.49,0.51,0.5,0.02,7.76,7.76,7.76,8.07,8.07,8.07,11,11,
2026-08-14 00:04:35,826070,3477062,Game 2: Both Teams Slay Baron Nashor?,prop,2,2026-08-14 03:00:00,175.4,Yes,55753683192199022612671704126737811310328029678442412170950072602131054587210,0.05,0.95,0.5,0.9,2.23,4.56,6.68,50.77,155.83,378.15,5,5,
2026-08-14 00:04:35,826070,3477062,Game 2: Both Teams Slay Baron Nashor?,prop,2,2026-08-14 03:00:00,175.4,No,55937094852319737792850165512480430449747853756905259274031753275691368112975,0.05,0.95,0.5,0.9,2.22,4.44,6.68,51.08,161.39,371.49,5,5,
2026-08-14 00:04:35,826070,3477063,Game 2: Both Teams Slay a Dragon?,prop,2,2026-08-14 03:00:00,175.4,Yes,48623647428517517453611058807537447198598988098824330225032342676302728625012,0.01,0.95,0.48,0.94,0.96,0.96,0.96,50.93,161.66,371.75,1,5,
2026-08-14 00:04:35,826070,3477063,Game 2: Both Teams Slay a Dragon?,prop,2,2026-08-14 03:00:00,175.4,No,42417195815488111081943362396002926413430486562906704641578354062740797580084,0.05,0.99,0.52,0.94,2.23,4.56,6.68,95.03,95.03,95.03,5,1,
2026-08-14 00:04:35,826070,3477064,Game 2: Both Teams Destroy Inhibitors?,prop,2,2026-08-14 03:00:00,175.4,Yes,23628154900252164597588937639111773709699026601186386386168618417735820690106,0.78,0.84,0.81,0.06,39.0,39.0,39.0,40.65,80.81,98.41,12,10,532.9815600000001
2026-08-14 00:04:35,826070,3477064,Game 2: Both Teams Destroy Inhibitors?,prop,2,2026-08-14 03:00:00,175.4,No,85739117623916471191019361815038085504519438797717701017619191765882696246759,0.16,0.22,0.19,0.06,7.35,13.35,15.75,11.0,11.0,11.0,10,12,532.9815600000001
2026-08-14 00:04:35,826070,3477065,Game 2: Any Player Quadra Kill?,prop,2,2026-08-14 03:00:00,175.4,Yes,53208917334913900389630971292939370679251910829672144758009133122161611227896,,,,,0.0,0.0,0.0,0.0,0.0,0.0,0,0,
2026-08-14 00:04:35,826070,3477065,Game 2: Any Player Quadra Kill?,prop,2,2026-08-14 03:00:00,175.4,No,91070975633974495708697307701836756019763571915749676034097536234325782029896,,,,,0.0,0.0,0.0,0.0,0.0,0.0,0,0,
2026-08-14 00:04:35,826070,3477066,Game 2: Any Player Penta Kill?,prop,2,2026-08-14 03:00:00,175.4,Yes,41553921922748035091195286700334837861150809022270611498614461149967485676553,,,,,0.0,0.0,0.0,0.0,0.0,0.0,0,0,
2026-08-14 00:04:35,826070,3477066,Game 2: Any Player Penta Kill?,prop,2,2026-08-14 03:00:00,175.4,No,72372963262572990351948387093307185909935364431157003295642971589164020329307,,,,,0.0,0.0,0.0,0.0,0.0,0.0,0,0,
2026-08-14 00:04:35,826070,3477067,Game 2: Odd/Even Total Kills?,odd_even,2,2026-08-14 03:00:00,175.4,Odd,51682527872121142820533720760874357541341917877241650283064345652015294503432,0.49,0.51,0.5,0.02,7.76,7.76,7.76,8.07,8.07,8.07,11,11,
2026-08-14 00:04:35,826070,3477067,Game 2: Odd/Even Total Kills?,odd_even,2,2026-08-14 03:00:00,175.4,Even,52462070156083218163210891161506391469503363975012872173381524279777415671009,0.49,0.51,0.5,0.02,7.76,7.76,7.76,8.07,8.07,8.07,11,11,
2026-08-14 00:04:35,826070,3477068,Game 3: Both Teams Slay Baron Nashor?,prop,3,2026-08-14 03:00:00,175.4,Yes,87723048023863233229072489576988122495348581581883475764155604685715254995143,0.05,0.95,0.5,0.9,1.31,3.64,5.76,50.99,161.71,371.53,5,5,
2026-08-14 00:04:35,826070,3477068,Game 3: Both Teams Slay Baron Nashor?,prop,3,2026-08-14 03:00:00,175.4,No,50989255824497521540482389727045524148886656006776316809093754627968185524154,0.05,0.95,0.5,0.9,2.23,4.56,6.68,28.81,139.44,349.54,5,5,
2026-08-14 00:04:35,826070,3477069,Game 3: Both Teams Slay a Dragon?,prop,3,2026-08-14 03:00:00,175.4,Yes,31894618867354587726609743791628570681781025713790850110963430187452605983542,0.01,0.95,0.48,0.94,0.96,0.96,0.96,28.74,139.28,349.97,1,5,
2026-08-14 00:04:35,826070,3477069,Game 3: Both Teams Slay a Dragon?,prop,3,2026-08-14 03:00:00,175.4,No,102454578646280162427313029106444653546026394152408180005140046057337729562773,0.05,0.99,0.52,0.94,1.3,3.63,5.76,95.04,95.04,95.04,5,1,
2026-08-14 00:04:35,826070,3477070,Game 3: Both Teams Destroy Inhibitors?,prop,3,2026-08-14 03:00:00,175.4,Yes,37140353425416026858198430022763744658491197274004779834832527078807411250706,0.05,0.95,0.5,0.9,1.27,3.62,5.74,50.91,161.69,371.79,5,5,
2026-08-14 00:04:35,826070,3477070,Game 3: Both Teams Destroy Inhibitors?,prop,3,2026-08-14 03:00:00,175.4,No,81160108446775656753351553464289021811897715068601840646033017734259696288239,0.05,0.95,0.5,0.9,2.23,4.56,6.68,28.19,139.98,349.28,5,5,
2026-08-14 00:04:35,826070,3477071,Game 3: Any Player Quadra Kill?,prop,3,2026-08-14 03:00:00,175.4,Yes,98730301607993226617635192895346323156884766053134987563113989760237051075734,,,,,0.0,0.0,0.0,0.0,0.0,0.0,0,0,
2026-08-14 00:04:35,826070,3477071,Game 3: Any Player Quadra Kill?,prop,3,2026-08-14 03:00:00,175.4,No,47636245891328174531136161073693506541960443755198252563254227701534011303241,,,,,0.0,0.0,0.0,0.0,0.0,0.0,0,0,
2026-08-14 00:04:35,826070,3477072,Game 3: Any Player Penta Kill?,prop,3,2026-08-14 03:00:00,175.4,Yes,36582442770858592965786294186284019287317276526405187098158230226204042128980,,,,,0.0,0.0,0.0,0.0,0.0,0.0,0,0,
2026-08-14 00:04:35,826070,3477072,Game 3: Any Player Penta Kill?,prop,3,2026-08-14 03:00:00,175.4,No,72354692448307767435386725107072578807273666862716740697784668362154773401142,,,,,0.0,0.0,0.0,0.0,0.0,0.0,0,0,
2026-08-14 00:04:35,826070,3477073,Game 3: Odd/Even Total Kills?,odd_even,3,2026-08-14 03:00:00,175.4,Odd,17265110502119578793708135589809973427915605037445313419433454040796130326698,0.49,0.51,0.5,0.02,7.76,7.76,7.76,8.07,8.07,8.07,11,11,
2026-08-14 00:04:35,826070,3477073,Game 3: Odd/Even Total Kills?,odd_even,3,2026-08-14 03:00:00,175.4,Even,1107446221436908324166515020190090286245833902787500387186505680943047252583,0.49,0.51,0.5,0.02,7.76,7.76,7.76,8.07,8.07,8.07,11,11,
2026-08-14 00:10:32,812499,3407716,LoL: T1 Academy vs Dplus KIA Challengers - Game 1 Winner,map,1,2026-08-14 03:00:00,169.5,T1 Academy,39734844495353304395398396140221540149305519357715269073311726294226019570550,0.6,0.61,0.605,0.01,10926.16,12706.66,14168.16,3198.07,7644.32,9005.77,24,24,52.400048999999996
2026-08-14 00:10:32,812499,3407716,LoL: T1 Academy vs Dplus KIA Challengers - Game 1 Winner,map,1,2026-08-14 03:00:00,169.5,Dplus KIA Challengers,33269339650279858595555088093374570383524449579809902479647974050760364184259,0.39,0.4,0.395,0.01,2040.7,4569.25,5274.98,7567.06,8896.56,10090.06,24,24,52.400048999999996
2026-08-14 00:10:32,812499,3407717,LoL: T1 Academy vs Dplus KIA Challengers - Game 2 Winner,map,2,2026-08-14 03:00:00,169.5,T1 Academy,65413134936637378696103480670341747188714493905423788592364522087047313278527,0.61,0.62,0.615,0.01,672.05,11613.96,12456.21,1694.63,2391.93,3246.46,24,27,24.390242
2026-08-14 00:10:32,812499,3407717,LoL: T1 Academy vs Dplus KIA Challengers - Game 2 Winner,map,2,2026-08-14 03:00:00,169.5,Dplus KIA Challengers,109850116150453228098769636194777220136528900176432751128686947209537047715503,0.38,0.39,0.385,0.01,1013.35,1394.1,1819.17,447.95,8090.24,8745.37,27,24,24.390242
2026-08-14 00:10:32,812499,3407718,LoL: T1 Academy vs Dplus KIA Challengers (BO3) - LCK Challengers League Rounds 3-4 Challenge Group,series,,2026-08-14 03:00:00,169.5,T1 Academy,29334009531926017999172713361554624736754304108781329166019313376852181532606,0.66,0.67,0.665,0.01,16291.4,20178.08,22016.78,3879.82,9323.34,11507.24,46,29,11465.912211
2026-08-14 00:10:32,812499,3407718,LoL: T1 Academy vs Dplus KIA Challengers (BO3) - LCK Challengers League Rounds 3-4 Challenge Group,series,,2026-08-14 03:00:00,169.5,Dplus KIA Challengers,86576119660677556215120793453634271480079124875691072264113236209109323222775,0.33,0.34,0.335,0.01,1896.25,4269.43,5126.94,8443.26,10675.61,11846.91,29,46,11465.912211
2026-08-14 00:10:32,812499,3407719,Games Total: O/U 2.5,total_games,,2026-08-14 03:00:00,169.5,Over,12254491551645605749999948566783532239763590860890971634914438946306484415625,0.46,0.47,0.465,0.01,163.84,459.08,847.93,196.0,1735.32,1942.29,20,19,24.291665000000002
2026-08-14 00:10:32,812499,3407719,Games Total: O/U 2.5,total_games,,2026-08-14 03:00:00,169.5,Under,68717137278381026545457297595820702026186759179231499229342417358442267129224,0.53,0.54,0.535,0.01,213.5,1805.26,2000.43,199.16,576.76,1126.29,19,20,24.291665000000002
2026-08-14 00:10:32,812499,3407720,Game Handicap: T1.A (-1.5) vs Dplus KIA Challengers (+1.5),handicap,,2026-08-14 03:00:00,169.5,T1 Academy,112387528592292424930650532924576804503241362728004667616961247667692272312413,0.37,0.38,0.375,0.01,135.38,673.65,2467.08,42.7,651.74,877.14,19,20,720.61431
2026-08-14 00:10:32,812499,3407720,Game Handicap: T1.A (-1.5) vs Dplus KIA Challengers (+1.5),handicap,,2026-08-14 03:00:00,169.5,Dplus KIA Challengers,94189587113690720225125693998745295556487555508602796811274630370563126617623,0.62,0.63,0.625,0.01,68.51,954.21,1258.81,238.62,1247.79,4888.99,20,19,720.61431
2026-08-14 00:10:32,812499,3407721,Game 1: Both Teams Slay Baron Nashor?,prop,1,2026-08-14 03:00:00,169.5,Yes,40069868393640809104786506776915751658534703452875290458511978206216443518807,0.07,0.5,0.285,0.43,179.58,179.87,183.87,176.0,176.0,176.0,6,9,
2026-08-14 00:10:32,812499,3407721,Game 1: Both Teams Slay Baron Nashor?,prop,1,2026-08-14 03:00:00,169.5,No,50608849903554909222219439429204277119215627374900112590959682663938465769933,0.5,0.93,0.715,0.43,176.0,176.0,176.0,2804.96,2811.82,2974.49,9,6,
2026-08-14 00:10:32,812499,3407722,Game 1: Both Teams Slay a Dragon?,prop,1,2026-08-14 03:00:00,169.5,Yes,64687367087236276548065101683258903075752340820526093114401398914562723872435,0.5,0.79,0.645,0.29,176.0,176.0,176.0,662.09,662.09,729.29,9,7,
2026-08-14 00:10:32,812499,3407722,Game 1: Both Teams Slay a Dragon?,prop,1,2026-08-14 03:00:00,169.5,No,26917764894392864707600724979145293015616736651873463361668909405225770515800,0.21,0.5,0.355,0.29,176.0,176.0,188.8,176.0,176.0,176.0,7,9,
2026-08-14 00:10:32,812499,3407723,Game 1: Both Teams Destroy Inhibitors?,prop,1,2026-08-14 03:00:00,169.5,Yes,90909758418785757498339848282956469721252985181476774447367514416062374905071,0.05,0.5,0.275,0.45,176.4,178.79,180.99,176.0,176.0,176.0,5,9,
2026-08-14 00:10:32,812499,3407723,Game 1: Both Teams Destroy Inhibitors?,prop,1,2026-08-14 03:00:00,169.5,No,97306944816021298866960210528887417854859989203311809746657546857239695639465,0.5,0.95,0.725,0.45,176.0,176.0,176.0,4231.57,4344.77,4562.54,9,5,
2026-08-14 00:10:32,812499,3407724,Game 1: Any Player Quadra Kill?,prop,1,2026-08-14 03:00:00,169.5,Yes,40480664112673814293878383496256759291306966101765432817155796609878716191611,0.08,0.5,0.29,0.42,177.85,177.85,179.85,176.0,176.0,176.0,5,9,
2026-08-14 00:10:32,812499,3407724,Game 1: Any Player Quadra Kill?,prop,1,2026-08-14 03:00:00,169.5,No,14076318087349160081892552307719855776657942293180940006992128639325104402095,0.5,0.92,0.71,0.42,176.0,176.0,176.0,2359.51,2359.51,2407.51,9,5,
2026-08-14 00:10:32,812499,3407725,Game 1: Any Player Penta Kill?,prop,1,2026-08-14 03:00:00,169.5,Yes,83951240816212277150512877212327250889048265428194239222014223541148332980146,0.01,0.49,0.25,0.48,176.05,176.05,176.05,187.31,187.31,187.31,1,9,
2026-08-14 00:10:32,812499,3407725,Game 1: Any Player Penta Kill?,prop,1,2026-08-14 03:00:00,169.5,No,14552533511971407204042061068349266750490465725326712708556780935391488764747,0.51,0.99,0.75,0.48,187.77,187.77,187.77,17428.95,17428.95,17428.95,9,1,
2026-08-14 00:10:32,812499,3407726,Game 1: Odd/Even Total Kills?,odd_even,1,2026-08-14 03:00:00,169.5,Odd,30008734824659626946333304876575234022448750432748410603007444659876904754544,0.49,0.51,0.5,0.02,131.66,143.64,428.25,138.13,152.19,500.06,14,13,
2026-08-14 00:10:32,812499,3407726,Game 1: Odd/Even Total Kills?,odd_even,1,2026-08-14 03:00:00,169.5,Even,99395084138140294423547521803551548703320007241030462665435762504531763643878,0.49,0.51,0.5,0.02,131.66,143.64,428.25,138.13,152.19,500.06,13,14,
2026-08-14 00:10:32,812499,3407727,Game 2: Both Teams Slay Baron Nashor?,prop,2,2026-08-14 03:00:00,169.5,Yes,58129688162656381793690234448367947337214519902641172243030953744164978549829,0.07,0.5,0.285,0.43,179.58,179.87,183.87,176.0,176.0,176.0,6,9,
2026-08-14 00:10:32,812499,3407727,Game 2: Both Teams Slay Baron Nashor?,prop,2,2026-08-14 03:00:00,169.5,No,37784282596358571641116459773582983188118603190781422145404475059195349143098,0.5,0.93,0.715,0.43,176.0,176.0,176.0,2804.92,2811.72,2974.39,9,6,
2026-08-14 00:10:32,812499,3407728,Game 2: Both Teams Slay a Dragon?,prop,2,2026-08-14 03:00:00,169.5,Yes,67100635698749036243996596083856731930110083604846187832565784378462214356906,0.5,0.78,0.64,0.28,176.0,176.0,176.0,732.39,732.39,732.39,9,8,
2026-08-14 00:10:32,812499,3407728,Game 2: Both Teams Slay a Dragon?,prop,2,2026-08-14 03:00:00,169.5,No,42625504916961847735090009072914737766516948044519350934640603247822281703262,0.22,0.5,0.36,0.28,195.7,195.7,195.7,176.0,176.0,176.0,8,9,
2026-08-14 00:10:32,812499,3407729,Game 2: Both Teams Destroy Inhibitors?,prop,2,2026-08-14 03:00:00,169.5,Yes,40023438874668498144632750208657873382044520843447740625081184081555141180970,0.06,0.5,0.28,0.44,2.69,180.69,183.21,176.0,176.0,176.0,6,9,
2026-08-14 00:10:32,812499,3407729,Game 2: Both Teams Destroy Inhibitors?,prop,2,2026-08-14 03:00:00,169.5,No,484091212595295130994775780202175233930586477475167866439140463580364160749,0.5,0.94,0.72,0.44,176.0,176.0,176.0,49.85,4338.52,4566.99,9,6,
2026-08-14 00:10:32,812499,3407730,Game 2: Any Player Quadra Kill?,prop,2,2026-08-14 03:00:00,169.5,Yes,57512002909106302457374648538616826010950529161110952092924294330557738326260,0.08,0.5,0.29,0.42,177.85,177.85,179.85,176.0,176.0,176.0,5,9,
2026-08-14 00:10:32,812499,3407730,Game 2: Any Player Quadra Kill?,prop,2,2026-08-14 03:00:00,169.5,No,46528999239069913500878472010371195055074690848476631394902559060981264912902,0.5,0.92,0.71,0.42,176.0,176.0,176.0,2359.51,2359.51,2407.51,9,5,
2026-08-14 00:10:32,812499,3407731,Game 2: Any Player Penta Kill?,prop,2,2026-08-14 03:00:00,169.5,Yes,10367002689217741199289369255672046887753394169252950796871025362076925359402,0.01,0.49,0.25,0.48,176.05,176.05,176.05,187.31,187.31,187.31,1,9,
2026-08-14 00:10:32,812499,3407731,Game 2: Any Player Penta Kill?,prop,2,2026-08-14 03:00:00,169.5,No,44629523316220057660997646176727280068477055828540480140172757604033758965591,0.51,0.99,0.75,0.48,187.77,187.77,187.77,17428.95,17428.95,17428.95,9,1,
2026-08-14 00:10:32,812499,3407732,Game 2: Odd/Even Total Kills?,odd_even,2,2026-08-14 03:00:00,169.5,Odd,68118589223287351123746973139702260581892652876242555636600008179922666725119,0.49,0.51,0.5,0.02,131.66,143.64,428.25,138.13,152.19,500.06,13,13,
2026-08-14 00:10:32,812499,3407732,Game 2: Odd/Even Total Kills?,odd_even,2,2026-08-14 03:00:00,169.5,Even,11563884776145307024557473783891356249853220511404723988011218691689405038835,0.49,0.51,0.5,0.02,131.66,143.64,428.25,138.13,152.19,500.06,13,13,
2026-08-14 00:10:32,812499,3407733,Game 3: Both Teams Slay Baron Nashor?,prop,3,2026-08-14 03:00:00,169.5,Yes,15108330882199972065167953232972112332503134649241289853150575394305889536382,0.07,0.99,0.53,0.92,178.06,178.3,182.3,99.99,99.99,99.99,6,1,
2026-08-14 00:10:32,812499,3407733,Game 3: Both Teams Slay Baron Nashor?,prop,3,2026-08-14 03:00:00,169.5,No,11583353539019187263341757865616242101793514605533674611840543623085353915285,0.01,0.93,0.47,0.92,1.01,1.01,1.01,2784.65,2790.46,2953.13,1,6,
2026-08-14 00:10:32,812499,3407734,Game 3: Both Teams Slay a Dragon?,prop,3,2026-08-14 03:00:00,169.5,Yes,86518706067459875316993377887665484784139398669990316039811150778003477248591,0.02,0.76,0.39,0.74,3.01,3.01,3.01,23.56,742.11,742.11,2,9,
2026-08-14 00:10:32,812499,3407734,Game 3: Both Teams Slay a Dragon?,prop,3,2026-08-14 03:00:00,169.5,No,6330268134995515899876922471865852432628309512536344065282936223963491226645,0.24,0.98,0.61,0.74,7.14,199.06,199.06,260.11,260.11,260.11,9,2,
2026-08-14 00:10:32,812499,3407735,Game 3: Both Teams Destroy Inhibitors?,prop,3,2026-08-14 03:00:00,169.5,Yes,46778385251335632815107295958228684502257914370849295054583406222456702799534,0.06,0.98,0.52,0.92,1.64,179.64,182.14,258.48,258.48,258.48,6,2,
2026-08-14 00:10:32,812499,3407735,Game 3: Both Teams Destroy Inhibitors?,prop,3,2026-08-14 03:00:00,169.5,No,17022380444954140080106111683131141599196325846984987422687868734754056013796,0.02,0.94,0.48,0.92,3.01,3.01,3.01,29.55,4318.22,4549.45,2,6,
2026-08-14 00:10:32,812499,3407736,Game 3: Any Player Quadra Kill?,prop,3,2026-08-14 03:00:00,169.5,Yes,89300494282854674899062293591156319703727387411768815627804385407768809680929,0.08,0.99,0.535,0.91,177.85,177.85,179.85,4.95,4.95,4.95,5,1,
2026-08-14 00:10:32,812499,3407736,Game 3: Any Player Quadra Kill?,prop,3,2026-08-14 03:00:00,169.5,No,114001328052018071192312018162667158102721309900817212379891076054206240411645,0.01,0.92,0.465,0.91,0.05,0.05,0.05,2359.51,2359.51,2407.51,1,5,
2026-08-14 00:10:32,812499,3407737,Game 3: Any Player Penta Kill?,prop,3,2026-08-14 03:00:00,169.5,Yes,114930391155820671280932336596912874838796280776517417418481514020573563481141,0.01,0.99,0.5,0.98,176.05,176.05,176.05,4.95,4.95,4.95,1,1,
2026-08-14 00:10:32,812499,3407737,Game 3: Any Player Penta Kill?,prop,3,2026-08-14 03:00:00,169.5,No,25083949550735874000852664968153918873092872242306546089004263953312445332311,0.01,0.99,0.5,0.98,0.05,0.05,0.05,17428.95,17428.95,17428.95,1,1,
2026-08-14 00:10:32,812499,3407738,Game 3: Odd/Even Total Kills?,odd_even,3,2026-08-14 03:00:00,169.5,Odd,55002932149693205039252313297704990705936164068114650496235005232232448118768,0.49,0.51,0.5,0.02,131.66,143.64,428.25,138.13,152.19,500.06,13,14,
2026-08-14 00:10:32,812499,3407738,Game 3: Odd/Even Total Kills?,odd_even,3,2026-08-14 03:00:00,169.5,Even,22731531805730680844471275051506006731851300824476975059046552919830390345510,0.49,0.51,0.5,0.02,131.66,143.64,428.25,138.13,152.19,500.06,14,13,
2026-08-14 00:10:32,826045,3477003,LoL: University of Mississippi vs Dorado Gaming - Game 1 Winner,map,1,2026-08-13 23:45:00,-25.5,University of Mississippi,55874250471635938217878483764169881064962907657144747443373903457968672402118,0.23,0.25,0.24,0.02,66.91,116.51,209.44,30.0,100.1,163.74,17,43,18630.794050999997
2026-08-14 00:10:32,826045,3477003,LoL: University of Mississippi vs Dorado Gaming - Game 1 Winner,map,1,2026-08-13 23:45:00,-25.5,Dorado Gaming,25530436947632167255504400104310024879544931865083523344668796858817507283259,0.75,0.77,0.76,0.02,86.0,270.9,424.43,226.95,424.87,847.84,42,17,18630.794050999997
2026-08-14 00:10:32,826045,3477004,LoL: University of Mississippi vs Dorado Gaming - Game 2 Winner,map,2,2026-08-13 23:45:00,-25.5,University of Mississippi,93393654637235963242793672408115158737739898371211250777957693074286011142251,0.43,0.55,0.49,0.12,240.27,244.2,249.2,188.32,188.32,222.73,19,15,915.294923
2026-08-14 00:10:32,826045,3477004,LoL: University of Mississippi vs Dorado Gaming - Game 2 Winner,map,2,2026-08-13 23:45:00,-25.5,Dorado Gaming,70726077246688687819245745739057950131747509047162699180245927064468247196432,0.45,0.57,0.51,0.12,9.18,9.18,32.32,330.13,336.01,343.84,16,19,915.294923
2026-08-14 00:10:32,826045,3477005,LoL: University of Mississippi vs Dorado Gaming (BO3) - North American Challengers League Group Stage,series,,2026-08-13 23:45:00,-25.5,University of Mississippi,96180167240884108635639221636859626098847362799509957080142076361679846720295,0.35,0.37,0.36,0.02,257.83,552.2,714.69,304.06,924.37,1016.5,29,43,38536.824727999985
2026-08-14 00:10:32,826045,3477005,LoL: University of Mississippi vs Dorado Gaming (BO3) - North American Challengers League Group Stage,series,,2026-08-13 23:45:00,-25.5,Dorado Gaming,30953098509596093478361536724513981267659794883540055319831609947967175506381,0.63,0.65,0.64,0.02,497.94,1448.43,1581.02,499.17,1293.3,1663.09,43,30,38536.824727999985
2026-08-14 00:10:32,826045,3477006,Games Total: O/U 2.5,total_games,,2026-08-13 23:45:00,-25.5,Over,112626204040551435345902934610889581260544919028382018885068663812265785446279,0.44,0.51,0.475,0.07,4.4,70.45,187.61,51.76,104.22,283.24,9,12,190.47
2026-08-14 00:10:32,826045,3477006,Games Total: O/U 2.5,total_games,,2026-08-13 23:45:00,-25.5,Under,58484335360793547186341034512516216707633168530398687257932055873013554815410,0.49,0.56,0.525,0.07,47.97,94.29,240.34,5.6,98.68,281.29,12,9,190.47
2026-08-14 00:10:32,826045,3477007,Game Handicap: DOG (-1.5) vs University of Mississippi (+1.5),handicap,,2026-08-13 23:45:00,-25.5,Dorado Gaming,36475232916764934131632607825137970019681768309315216263282134659699311926851,0.36,0.43,0.395,0.07,3.6,3.6,3.6,4.3,4.3,4.3,1,1,12.149999999999999
2026-08-14 00:10:32,826045,3477007,Game Handicap: DOG (-1.5) vs University of Mississippi (+1.5),handicap,,2026-08-13 23:45:00,-25.5,University of Mississippi,114511820424717602403970879130914351179200962141183627331360374683656020286920,0.57,0.64,0.605,0.07,5.7,5.7,5.7,6.4,6.4,6.4,1,1,12.149999999999999
2026-08-14 00:10:32,826045,3477008,Game 1: Both Teams Slay Baron Nashor?,prop,1,2026-08-13 23:45:00,-25.5,Yes,2376222052716611987859502507080156041025547013012753097891215178351885289099,,,,,0.0,0.0,0.0,0.0,0.0,0.0,0,0,
2026-08-14 00:10:32,826045,3477008,Game 1: Both Teams Slay Baron Nashor?,prop,1,2026-08-13 23:45:00,-25.5,No,61827816156207260525611705445739554140934853042355144605136812415906841415269,,,,,0.0,0.0,0.0,0.0,0.0,0.0,0,0,
2026-08-14 00:10:32,826045,3477009,Game 1: Both Teams Slay a Dragon?,prop,1,2026-08-13 23:45:00,-25.5,Yes,77997628765144687463853224026282664847418723805006270100644379944217386465476,,,,,0.0,0.0,0.0,0.0,0.0,0.0,0,0,
2026-08-14 00:10:32,826045,3477009,Game 1: Both Teams Slay a Dragon?,prop,1,2026-08-13 23:45:00,-25.5,No,76828380678347908716954105368569086247671087556993899465688893405263429819919,,,,,0.0,0.0,0.0,0.0,0.0,0.0,0,0,
2026-08-14 00:10:32,826045,3477010,Game 1: Both Teams Destroy Inhibitors?,prop,1,2026-08-13 23:45:00,-25.5,Yes,107149130047444828777594656275874594666116255699756751643696796982679799870287,,,,,0.0,0.0,0.0,0.0,0.0,0.0,0,0,
2026-08-14 00:10:32,826045,3477010,Game 1: Both Teams Destroy Inhibitors?,prop,1,2026-08-13 23:45:00,-25.5,No,72919805636134998810152665939108475772960625434397717328928164485658184193945,,,,,0.0,0.0,0.0,0.0,0.0,0.0,0,0,
2026-08-14 00:10:32,826045,3477011,Game 1: Any Player Quadra Kill?,prop,1,2026-08-13 23:45:00,-25.5,Yes,38639478666624055787736457745604053656052907903991979508153997846433452933947,,,,,0.0,0.0,0.0,0.0,0.0,0.0,0,0,
2026-08-14 00:10:32,826045,3477011,Game 1: Any Player Quadra Kill?,prop,1,2026-08-13 23:45:00,-25.5,No,81399761047212693066837330002877942999049206828069134331184919541938350045966,,,,,0.0,0.0,0.0,0.0,0.0,0.0,0,0,
2026-08-14 00:10:32,826045,3477012,Game 1: Any Player Penta Kill?,prop,1,2026-08-13 23:45:00,-25.5,Yes,68346456367534375623880023233473315218614231917226474136914802082373761431786,,,,,0.0,0.0,0.0,0.0,0.0,0.0,0,0,
2026-08-14 00:10:32,826045,3477012,Game 1: Any Player Penta Kill?,prop,1,2026-08-13 23:45:00,-25.5,No,32089737279946447925914073259826747336284253647354596484751454238931287738616,,,,,0.0,0.0,0.0,0.0,0.0,0.0,0,0,
2026-08-14 00:10:32,826045,3477013,Game 1: Odd/Even Total Kills?,odd_even,1,2026-08-13 23:45:00,-25.5,Odd,64730016127225281885312763732122619863789564534305697905760500452929089465838,,,,,0.0,0.0,0.0,0.0,0.0,0.0,0,0,
2026-08-14 00:10:32,826045,3477013,Game 1: Odd/Even Total Kills?,odd_even,1,2026-08-13 23:45:00,-25.5,Even,19726769524523582992938853858878623078417323413938018942806887446053188638008,,,,,0.0,0.0,0.0,0.0,0.0,0.0,0,0,
2026-08-14 00:10:32,826045,3477014,Game 2: Both Teams Slay Baron Nashor?,prop,2,2026-08-13 23:45:00,-25.5,Yes,83307272001808055636535623109582626388305732933809860406210413023996956457925,,,,,0.0,0.0,0.0,0.0,0.0,0.0,0,0,
2026-08-14 00:10:32,826045,3477014,Game 2: Both Teams Slay Baron Nashor?,prop,2,2026-08-13 23:45:00,-25.5,No,41579192823407798534687272728325387307576001444475944196910986961977516043858,,,,,0.0,0.0,0.0,0.0,0.0,0.0,0,0,
2026-08-14 00:10:32,826045,3477015,Game 2: Both Teams Slay a Dragon?,prop,2,2026-08-13 23:45:00,-25.5,Yes,52685466834080075838755502146964179827410485412328620921877294744173719875997,,,,,0.0,0.0,0.0,0.0,0.0,0.0,0,0,
2026-08-14 00:10:32,826045,3477015,Game 2: Both Teams Slay a Dragon?,prop,2,2026-08-13 23:45:00,-25.5,No,62934314405874758055554856061295840161879001641874506789113000854409342614798,,,,,0.0,0.0,0.0,0.0,0.0,0.0,0,0,
2026-08-14 00:10:32,826045,3477016,Game 2: Both Teams Destroy Inhibitors?,prop,2,2026-08-13 23:45:00,-25.5,Yes,70894029606265762247072169670996564632077520439081522215802589828088139280446,,,,,0.0,0.0,0.0,0.0,0.0,0.0,0,0,
2026-08-14 00:10:32,826045,3477016,Game 2: Both Teams Destroy Inhibitors?,prop,2,2026-08-13 23:45:00,-25.5,No,97053962734304147231812903902650919442490267198511561362871855464296191425941,,,,,0.0,0.0,0.0,0.0,0.0,0.0,0,0,
2026-08-14 00:10:32,826045,3477017,Game 2: Any Player Quadra Kill?,prop,2,2026-08-13 23:45:00,-25.5,Yes,34994327413133259479465230261750453631887706312866638279290195854443953108927,,,,,0.0,0.0,0.0,0.0,0.0,0.0,0,0,
2026-08-14 00:10:32,826045,3477017,Game 2: Any Player Quadra Kill?,prop,2,2026-08-13 23:45:00,-25.5,No,23448169637531262627390239898769538345945120820746565622739992753234569212716,,,,,0.0,0.0,0.0,0.0,0.0,0.0,0,0,
2026-08-14 00:10:32,826045,3477018,Game 2: Any Player Penta Kill?,prop,2,2026-08-13 23:45:00,-25.5,Yes,8697176660099125710879689556555071193897678068172658498656646634685612258207,,,,,0.0,0.0,0.0,0.0,0.0,0.0,0,0,
2026-08-14 00:10:32,826045,3477018,Game 2: Any Player Penta Kill?,prop,2,2026-08-13 23:45:00,-25.5,No,22549416468425636300796094207721953608453046655929522273851689727564590205415,,,,,0.0,0.0,0.0,0.0,0.0,0.0,0,0,
2026-08-14 00:10:32,826045,3477019,Game 2: Odd/Even Total Kills?,odd_even,2,2026-08-13 23:45:00,-25.5,Odd,31325342781319586411402254215590774769666171949419985896275422326864553280628,,,,,0.0,0.0,0.0,0.0,0.0,0.0,0,0,
2026-08-14 00:10:32,826045,3477019,Game 2: Odd/Even Total Kills?,odd_even,2,2026-08-13 23:45:00,-25.5,Even,53659017280998702728504602409072501937247896390430079152185045588176856931499,,,,,0.0,0.0,0.0,0.0,0.0,0.0,0,0,
2026-08-14 00:10:32,826045,3477020,Game 3: Both Teams Slay Baron Nashor?,prop,3,2026-08-13 23:45:00,-25.5,Yes,55687826364945151566982284573983013146510326737354753365572730997451300565001,,,,,0.0,0.0,0.0,0.0,0.0,0.0,0,0,
2026-08-14 00:10:32,826045,3477020,Game 3: Both Teams Slay Baron Nashor?,prop,3,2026-08-13 23:45:00,-25.5,No,86438394116186357718552093240533559268790781444900784592873978885560158997752,,,,,0.0,0.0,0.0,0.0,0.0,0.0,0,0,
2026-08-14 00:10:32,826045,3477021,Game 3: Both Teams Slay a Dragon?,prop,3,2026-08-13 23:45:00,-25.5,Yes,88992577103794341243640030265003938860500860382338868733303496161212088988868,,,,,0.0,0.0,0.0,0.0,0.0,0.0,0,0,
2026-08-14 00:10:32,826045,3477021,Game 3: Both Teams Slay a Dragon?,prop,3,2026-08-13 23:45:00,-25.5,No,24689872434922031572787661067912053865376391484781162748291706179787893368637,,,,,0.0,0.0,0.0,0.0,0.0,0.0,0,0,
2026-08-14 00:10:32,826045,3477022,Game 3: Both Teams Destroy Inhibitors?,prop,3,2026-08-13 23:45:00,-25.5,Yes,28943208002448192888929139140457727924759736199633180705398860013968046125203,,,,,0.0,0.0,0.0,0.0,0.0,0.0,0,0,
2026-08-14 00:10:32,826045,3477022,Game 3: Both Teams Destroy Inhibitors?,prop,3,2026-08-13 23:45:00,-25.5,No,112045080299835805509918601796026454812100608077794508883103775622286788872830,,,,,0.0,0.0,0.0,0.0,0.0,0.0,0,0,
2026-08-14 00:10:32,826045,3477023,Game 3: Any Player Quadra Kill?,prop,3,2026-08-13 23:45:00,-25.5,Yes,99374047863784263917827928548516020082774996606419015677304015241830247318658,,,,,0.0,0.0,0.0,0.0,0.0,0.0,0,0,
2026-08-14 00:10:32,826045,3477023,Game 3: Any Player Quadra Kill?,prop,3,2026-08-13 23:45:00,-25.5,No,76341991175853058385533383542594470147101131849637525382756054736705176393897,,,,,0.0,0.0,0.0,0.0,0.0,0.0,0,0,
2026-08-14 00:10:32,826045,3477024,Game 3: Any Player Penta Kill?,prop,3,2026-08-13 23:45:00,-25.5,Yes,104470160120529841009473481178799070881077754056381161474780333721679077681570,,,,,0.0,0.0,0.0,0.0,0.0,0.0,0,0,
2026-08-14 00:10:32,826045,3477024,Game 3: Any Player Penta Kill?,prop,3,2026-08-13 23:45:00,-25.5,No,101410367148947011462551937537373994014758698670477152325735763824905720258574,,,,,0.0,0.0,0.0,0.0,0.0,0.0,0,0,
2026-08-14 00:10:32,826045,3477025,Game 3: Odd/Even Total Kills?,odd_even,3,2026-08-13 23:45:00,-25.5,Odd,46253729589644896751971482585022699231374684563839573371379588376237736087476,,,,,0.0,0.0,0.0,0.0,0.0,0.0,0,0,
2026-08-14 00:10:32,826045,3477025,Game 3: Odd/Even Total Kills?,odd_even,3,2026-08-13 23:45:00,-25.5,Even,39646065181917587032454197490767017773798464790421563363028663200771989027539,,,,,0.0,0.0,0.0,0.0,0.0,0.0,0,0,
2026-08-14 00:10:32,826070,3477050,LoL: NRG Esports vs Contingent Esports - Game 1 Winner,map,1,2026-08-14 03:00:00,169.5,NRG Esports,80814790902632668004539328994746617014614315928060173257015852122406695311005,0.8,0.81,0.805,0.01,277.88,2422.06,3250.21,61.57,2918.77,5044.98,19,17,367.074342
2026-08-14 00:10:32,826070,3477050,LoL: NRG Esports vs Contingent Esports - Game 1 Winner,map,1,2026-08-14 03:00:00,169.5,Contingent Esports,107651310737272584966890037363108476219576749219700416899862916279592660232089,0.19,0.2,0.195,0.01,14.13,568.62,929.99,73.11,690.82,966.87,17,19,367.074342
2026-08-14 00:10:32,826070,3477051,LoL: NRG Esports vs Contingent Esports - Game 2 Winner,map,2,2026-08-14 03:00:00,169.5,NRG Esports,7118869453742291045797317815564893062933350229077106358535601493893500087591,0.8,0.81,0.805,0.01,607.6,2532.42,3428.73,1447.12,4691.51,5699.02,16,16,
2026-08-14 00:10:32,826070,3477051,LoL: NRG Esports vs Contingent Esports - Game 2 Winner,map,2,2026-08-14 03:00:00,169.5,Contingent Esports,108002125035495150522720856231525573531669999272447427854984681030770827642415,0.19,0.2,0.195,0.01,326.45,960.72,1124.73,160.88,716.66,1015.43,16,16,
2026-08-14 00:10:32,826070,3477052,LoL: NRG Esports vs Contingent Esports (BO3) - North American Challengers League Group Stage,series,,2026-08-14 03:00:00,169.5,NRG Esports,43038352639417355691707647173859018730749533391426346756399874481168166294619,0.87,0.88,0.875,0.01,1345.41,4588.27,4588.27,7785.94,10688.72,23093.2,54,12,5062.0655130000005
2026-08-14 00:10:32,826070,3477052,LoL: NRG Esports vs Contingent Esports (BO3) - North American Challengers League Group Stage,series,,2026-08-14 03:00:00,169.5,Contingent Esports,84678973437664474131672312186325078675557922490434064743358042746648544685152,0.12,0.13,0.125,0.01,974.32,1294.57,2280.64,215.1,818.02,818.02,12,54,5062.0655130000005
2026-08-14 00:10:32,826070,3477053,Games Total: O/U 2.5,total_games,,2026-08-14 03:00:00,169.5,Over,55750592239967941703301064844243535772993617325443398709488185293476935877531,0.27,0.29,0.28,0.02,387.23,860.11,885.11,247.69,514.9,671.68,22,29,4757.485029
2026-08-14 00:10:32,826070,3477053,Games Total: O/U 2.5,total_games,,2026-08-14 03:00:00,169.5,Under,82152669265463547990220171689636558584137366588986322786820150257732179196557,0.71,0.73,0.72,0.02,603.67,1176.46,1494.75,1092.8,2516.91,2604.95,29,22,4757.485029
2026-08-14 00:10:32,826070,3477054,Game Handicap: NRG (-1.5) vs Contingent Esports (+1.5),handicap,,2026-08-14 03:00:00,169.5,NRG Esports,95412707328160076383234584804646983201601033147527050227749727111466216606486,0.66,0.67,0.665,0.01,1200.61,4151.85,4551.85,748.92,1745.8,1850.24,35,22,6119.156677000001
2026-08-14 00:10:32,826070,3477054,Game Handicap: NRG (-1.5) vs Contingent Esports (+1.5),handicap,,2026-08-14 03:00:00,169.5,Contingent Esports,79376817134124206774201685278379459810679800756916708410468012280981017893764,0.33,0.34,0.335,0.01,367.46,814.9,857.56,622.0,2286.81,2531.97,22,35,6119.156677000001
2026-08-14 00:10:32,826070,3477055,Game 1: Both Teams Slay Baron Nashor?,prop,1,2026-08-14 03:00:00,169.5,Yes,87681573095327547420633314226806041000149028170713311037612514061710912723742,0.05,0.95,0.5,0.9,2.24,4.56,6.68,51.2,161.54,370.85,5,5,
2026-08-14 00:10:32,826070,3477055,Game 1: Both Teams Slay Baron Nashor?,prop,1,2026-08-14 03:00:00,169.5,No,69312485936334009045325800311715558032922672642482501491119421898458006349825,0.05,0.95,0.5,0.9,2.24,4.57,6.68,51.1,161.53,371.63,5,5,
2026-08-14 00:10:32,826070,3477056,Game 1: Both Teams Slay a Dragon?,prop,1,2026-08-14 03:00:00,169.5,Yes,83805735251597132117951173378137346357296339870381814266398461580520007861517,0.3,0.95,0.625,0.65,10.2,15.8,38.05,30.5,142.32,356.05,11,5,
2026-08-14 00:10:32,826070,3477056,Game 1: Both Teams Slay a Dragon?,prop,1,2026-08-14 03:00:00,169.5,No,24156205806670798372110555621724125417579911628083855143977773542489628788926,0.05,0.7,0.375,0.65,1.36,3.72,5.88,24.8,39.2,105.03,5,11,
2026-08-14 00:10:32,826070,3477057,Game 1: Both Teams Destroy Inhibitors?,prop,1,2026-08-14 03:00:00,169.5,Yes,70847180670013690410054498405126312924929675515172003776071312263632441945977,0.01,0.99,0.5,0.98,0.94,0.94,0.94,95.04,95.04,95.04,1,1,
2026-08-14 00:10:32,826070,3477057,Game 1: Both Teams Destroy Inhibitors?,prop,1,2026-08-14 03:00:00,169.5,No,15552457357105246680088345561853174847839914230111380560590702628300617170166,0.01,0.99,0.5,0.98,0.96,0.96,0.96,92.81,92.81,92.81,1,1,
2026-08-14 00:10:32,826070,3477058,Game 1: Any Player Quadra Kill?,prop,1,2026-08-14 03:00:00,169.5,Yes,90611949896330126489333584640484616670727390063723860281928013878403906065721,,,,,0.0,0.0,0.0,0.0,0.0,0.0,0,0,
2026-08-14 00:10:32,826070,3477058,Game 1: Any Player Quadra Kill?,prop,1,2026-08-14 03:00:00,169.5,No,30801089695626298578988776831063320516250144642136439806183847895839275854811,,,,,0.0,0.0,0.0,0.0,0.0,0.0,0,0,
2026-08-14 00:10:32,826070,3477059,Game 1: Any Player Penta Kill?,prop,1,2026-08-14 03:00:00,169.5,Yes,48229925814520007661244111895915992051489252573972834651743984793002069701817,,,,,0.0,0.0,0.0,0.0,0.0,0.0,0,0,
2026-08-14 00:10:32,826070,3477059,Game 1: Any Player Penta Kill?,prop,1,2026-08-14 03:00:00,169.5,No,9305314826584013047090950141969451002924314918612350007363467585821240369066,,,,,0.0,0.0,0.0,0.0,0.0,0.0,0,0,
2026-08-14 00:10:32,826070,3477061,Game 1: Odd/Even Total Kills?,odd_even,1,2026-08-14 03:00:00,169.5,Odd,32494922393258859963201856101328517997010549162018639697250819883519722049068,0.49,0.51,0.5,0.02,7.76,7.76,7.76,8.07,8.07,8.07,11,11,
2026-08-14 00:10:32,826070,3477061,Game 1: Odd/Even Total Kills?,odd_even,1,2026-08-14 03:00:00,169.5,Even,112834540130252099583593253928265938091790513484363299374731806537792656031528,0.49,0.51,0.5,0.02,7.76,7.76,7.76,8.07,8.07,8.07,11,11,
2026-08-14 00:10:32,826070,3477062,Game 2: Both Teams Slay Baron Nashor?,prop,2,2026-08-14 03:00:00,169.5,Yes,55753683192199022612671704126737811310328029678442412170950072602131054587210,0.05,0.95,0.5,0.9,2.23,4.56,6.68,50.77,161.91,371.98,5,5,
2026-08-14 00:10:32,826070,3477062,Game 2: Both Teams Slay Baron Nashor?,prop,2,2026-08-14 03:00:00,169.5,No,55937094852319737792850165512480430449747853756905259274031753275691368112975,0.05,0.95,0.5,0.9,2.22,4.56,6.68,51.08,161.39,371.49,5,5,
2026-08-14 00:10:32,826070,3477063,Game 2: Both Teams Slay a Dragon?,prop,2,2026-08-14 03:00:00,169.5,Yes,48623647428517517453611058807537447198598988098824330225032342676302728625012,0.01,0.95,0.48,0.94,0.96,0.96,0.96,50.93,161.66,371.75,1,5,
2026-08-14 00:10:32,826070,3477063,Game 2: Both Teams Slay a Dragon?,prop,2,2026-08-14 03:00:00,169.5,No,42417195815488111081943362396002926413430486562906704641578354062740797580084,0.05,0.99,0.52,0.94,2.23,4.56,6.68,95.04,95.04,95.04,5,1,
2026-08-14 00:10:32,826070,3477064,Game 2: Both Teams Destroy Inhibitors?,prop,2,2026-08-14 03:00:00,169.5,Yes,23628154900252164597588937639111773709699026601186386386168618417735820690106,0.78,0.84,0.81,0.06,77.5,77.5,87.54,13.31,80.19,97.78,18,10,532.9815600000001
2026-08-14 00:10:32,826070,3477064,Game 2: Both Teams Destroy Inhibitors?,prop,2,2026-08-14 03:00:00,169.5,No,85739117623916471191019361815038085504519438797717701017619191765882696246759,0.16,0.22,0.19,0.06,2.53,12.88,15.29,22.5,22.5,26.21,10,18,532.9815600000001
2026-08-14 00:10:32,826070,3477065,Game 2: Any Player Quadra Kill?,prop,2,2026-08-14 03:00:00,169.5,Yes,53208917334913900389630971292939370679251910829672144758009133122161611227896,,,,,0.0,0.0,0.0,0.0,0.0,0.0,0,0,
2026-08-14 00:10:32,826070,3477065,Game 2: Any Player Quadra Kill?,prop,2,2026-08-14 03:00:00,169.5,No,91070975633974495708697307701836756019763571915749676034097536234325782029896,,,,,0.0,0.0,0.0,0.0,0.0,0.0,0,0,
2026-08-14 00:10:32,826070,3477066,Game 2: Any Player Penta Kill?,prop,2,2026-08-14 03:00:00,169.5,Yes,41553921922748035091195286700334837861150809022270611498614461149967485676553,,,,,0.0,0.0,0.0,0.0,0.0,0.0,0,0,
2026-08-14 00:10:32,826070,3477066,Game 2: Any Player Penta Kill?,prop,2,2026-08-14 03:00:00,169.5,No,72372963262572990351948387093307185909935364431157003295642971589164020329307,,,,,0.0,0.0,0.0,0.0,0.0,0.0,0,0,
2026-08-14 00:10:32,826070,3477067,Game 2: Odd/Even Total Kills?,odd_even,2,2026-08-14 03:00:00,169.5,Odd,51682527872121142820533720760874357541341917877241650283064345652015294503432,0.49,0.51,0.5,0.02,7.76,7.76,7.76,8.07,8.07,8.07,11,11,
2026-08-14 00:10:32,826070,3477067,Game 2: Odd/Even Total Kills?,odd_even,2,2026-08-14 03:00:00,169.5,Even,52462070156083218163210891161506391469503363975012872173381524279777415671009,0.49,0.51,0.5,0.02,7.76,7.76,7.76,8.07,8.07,8.07,11,11,
2026-08-14 00:10:32,826070,3477068,Game 3: Both Teams Slay Baron Nashor?,prop,3,2026-08-14 03:00:00,169.5,Yes,87723048023863233229072489576988122495348581581883475764155604685715254995143,0.05,0.95,0.5,0.9,1.31,3.64,5.76,50.99,161.71,371.53,5,5,
2026-08-14 00:10:32,826070,3477068,Game 3: Both Teams Slay Baron Nashor?,prop,3,2026-08-14 03:00:00,169.5,No,50989255824497521540482389727045524148886656006776316809093754627968185524154,0.05,0.95,0.5,0.9,2.23,4.56,6.68,28.81,139.44,349.54,5,5,
2026-08-14 00:10:32,826070,3477069,Game 3: Both Teams Slay a Dragon?,prop,3,2026-08-14 03:00:00,169.5,Yes,31894618867354587726609743791628570681781025713790850110963430187452605983542,0.01,0.95,0.48,0.94,0.96,0.96,0.96,28.74,139.28,349.97,1,5,
2026-08-14 00:10:32,826070,3477069,Game 3: Both Teams Slay a Dragon?,prop,3,2026-08-14 03:00:00,169.5,No,102454578646280162427313029106444653546026394152408180005140046057337729562773,0.05,0.99,0.52,0.94,1.3,3.63,5.76,95.04,95.04,95.04,5,1,
2026-08-14 00:10:32,826070,3477070,Game 3: Both Teams Destroy Inhibitors?,prop,3,2026-08-14 03:00:00,169.5,Yes,37140353425416026858198430022763744658491197274004779834832527078807411250706,0.05,0.95,0.5,0.9,1.27,3.62,5.74,50.91,161.69,371.79,5,5,
2026-08-14 00:10:32,826070,3477070,Game 3: Both Teams Destroy Inhibitors?,prop,3,2026-08-14 03:00:00,169.5,No,81160108446775656753351553464289021811897715068601840646033017734259696288239,0.05,0.95,0.5,0.9,2.23,4.56,6.68,28.19,139.98,349.28,5,5,
2026-08-14 00:10:32,826070,3477071,Game 3: Any Player Quadra Kill?,prop,3,2026-08-14 03:00:00,169.5,Yes,98730301607993226617635192895346323156884766053134987563113989760237051075734,,,,,0.0,0.0,0.0,0.0,0.0,0.0,0,0,
2026-08-14 00:10:32,826070,3477071,Game 3: Any Player Quadra Kill?,prop,3,2026-08-14 03:00:00,169.5,No,47636245891328174531136161073693506541960443755198252563254227701534011303241,,,,,0.0,0.0,0.0,0.0,0.0,0.0,0,0,
2026-08-14 00:10:32,826070,3477072,Game 3: Any Player Penta Kill?,prop,3,2026-08-14 03:00:00,169.5,Yes,36582442770858592965786294186284019287317276526405187098158230226204042128980,,,,,0.0,0.0,0.0,0.0,0.0,0.0,0,0,
2026-08-14 00:10:32,826070,3477072,Game 3: Any Player Penta Kill?,prop,3,2026-08-14 03:00:00,169.5,No,72354692448307767435386725107072578807273666862716740697784668362154773401142,,,,,0.0,0.0,0.0,0.0,0.0,0.0,0,0,
2026-08-14 00:10:32,826070,3477073,Game 3: Odd/Even Total Kills?,odd_even,3,2026-08-14 03:00:00,169.5,Odd,17265110502119578793708135589809973427915605037445313419433454040796130326698,0.49,0.51,0.5,0.02,7.76,7.76,7.76,8.07,8.07,8.07,11,11,
2026-08-14 00:10:32,826070,3477073,Game 3: Odd/Even Total Kills?,odd_even,3,2026-08-14 03:00:00,169.5,Even,1107446221436908324166515020190090286245833902787500387186505680943047252583,0.49,0.51,0.5,0.02,7.76,7.76,7.76,8.07,8.07,8.07,11,11,
2026-08-14 00:16:26,812499,3407716,LoL: T1 Academy vs Dplus KIA Challengers - Game 1 Winner,map,1,2026-08-14 03:00:00,163.6,T1 Academy,39734844495353304395398396140221540149305519357715269073311726294226019570550,0.6,0.61,0.605,0.01,10925.16,12705.66,14167.16,4042.12,8425.37,9786.82,24,25,52.400048999999996
2026-08-14 00:16:26,812499,3407716,LoL: T1 Academy vs Dplus KIA Challengers - Game 1 Winner,map,1,2026-08-14 03:00:00,163.6,Dplus KIA Challengers,33269339650279858595555088093374570383524449579809902479647974050760364184259,0.39,0.4,0.395,0.01,2578.7,5070.25,5775.98,7568.06,8897.56,10091.06,25,24,52.400048999999996
2026-08-14 00:16:26,812499,3407717,LoL: T1 Academy vs Dplus KIA Challengers - Game 2 Winner,map,2,2026-08-14 03:00:00,163.6,T1 Academy,65413134936637378696103480670341747188714493905423788592364522087047313278527,0.61,0.62,0.615,0.01,672.05,11613.96,12456.21,1694.63,2391.93,3246.46,25,27,24.390242
2026-08-14 00:16:26,812499,3407717,LoL: T1 Academy vs Dplus KIA Challengers - Game 2 Winner,map,2,2026-08-14 03:00:00,163.6,Dplus KIA Challengers,109850116150453228098769636194777220136528900176432751128686947209537047715503,0.38,0.39,0.385,0.01,1013.35,1394.1,1819.17,447.95,8090.24,8745.37,27,25,24.390242
2026-08-14 00:16:26,812499,3407718,LoL: T1 Academy vs Dplus KIA Challengers (BO3) - LCK Challengers League Rounds 3-4 Challenge Group,series,,2026-08-14 03:00:00,163.6,T1 Academy,29334009531926017999172713361554624736754304108781329166019313376852181532606,0.66,0.67,0.665,0.01,16291.4,20178.08,22016.78,4894.57,10338.09,12521.99,48,28,11465.912211
2026-08-14 00:16:26,812499,3407718,LoL: T1 Academy vs Dplus KIA Challengers (BO3) - LCK Challengers League Rounds 3-4 Challenge Group,series,,2026-08-14 03:00:00,163.6,Dplus KIA Challengers,86576119660677556215120793453634271480079124875691072264113236209109323222775,0.33,0.34,0.335,0.01,2396.65,4769.83,5627.34,8443.26,10675.61,11846.91,28,48,11465.912211
2026-08-14 00:16:26,812499,3407719,Games Total: O/U 2.5,total_games,,2026-08-14 03:00:00,163.6,Over,12254491551645605749999948566783532239763590860890971634914438946306484415625,0.46,0.47,0.465,0.01,163.84,459.08,847.93,196.0,1735.32,1942.29,19,20,24.291665000000002
2026-08-14 00:16:26,812499,3407719,Games Total: O/U 2.5,total_games,,2026-08-14 03:00:00,163.6,Under,68717137278381026545457297595820702026186759179231499229342417358442267129224,0.53,0.54,0.535,0.01,213.5,1805.26,2000.43,199.16,576.76,1126.29,20,19,24.291665000000002
2026-08-14 00:16:26,812499,3407720,Game Handicap: T1.A (-1.5) vs Dplus KIA Challengers (+1.5),handicap,,2026-08-14 03:00:00,163.6,T1 Academy,112387528592292424930650532924576804503241362728004667616961247667692272312413,0.37,0.38,0.375,0.01,135.38,673.65,2467.08,42.7,651.74,877.14,20,21,720.61431
2026-08-14 00:16:26,812499,3407720,Game Handicap: T1.A (-1.5) vs Dplus KIA Challengers (+1.5),handicap,,2026-08-14 03:00:00,163.6,Dplus KIA Challengers,94189587113690720225125693998745295556487555508602796811274630370563126617623,0.62,0.63,0.625,0.01,68.51,954.21,1258.81,238.62,1247.79,4888.99,21,20,720.61431
2026-08-14 00:16:26,812499,3407721,Game 1: Both Teams Slay Baron Nashor?,prop,1,2026-08-14 03:00:00,163.6,Yes,40069868393640809104786506776915751658534703452875290458511978206216443518807,0.07,0.5,0.285,0.43,179.58,179.87,183.87,176.0,176.0,176.0,6,9,
2026-08-14 00:16:26,812499,3407721,Game 1: Both Teams Slay Baron Nashor?,prop,1,2026-08-14 03:00:00,163.6,No,50608849903554909222219439429204277119215627374900112590959682663938465769933,0.5,0.93,0.715,0.43,176.0,176.0,176.0,2804.96,2811.82,2974.49,9,6,
2026-08-14 00:16:26,812499,3407722,Game 1: Both Teams Slay a Dragon?,prop,1,2026-08-14 03:00:00,163.6,Yes,64687367087236276548065101683258903075752340820526093114401398914562723872435,0.5,0.79,0.645,0.29,176.0,176.0,176.0,662.09,662.09,729.29,9,7,
2026-08-14 00:16:26,812499,3407722,Game 1: Both Teams Slay a Dragon?,prop,1,2026-08-14 03:00:00,163.6,No,26917764894392864707600724979145293015616736651873463361668909405225770515800,0.21,0.5,0.355,0.29,176.0,176.0,188.8,176.0,176.0,176.0,7,9,
2026-08-14 00:16:26,812499,3407723,Game 1: Both Teams Destroy Inhibitors?,prop,1,2026-08-14 03:00:00,163.6,Yes,90909758418785757498339848282956469721252985181476774447367514416062374905071,0.05,0.5,0.275,0.45,176.4,178.79,180.99,176.0,176.0,176.0,5,9,
2026-08-14 00:16:26,812499,3407723,Game 1: Both Teams Destroy Inhibitors?,prop,1,2026-08-14 03:00:00,163.6,No,97306944816021298866960210528887417854859989203311809746657546857239695639465,0.5,0.95,0.725,0.45,176.0,176.0,176.0,4231.57,4344.77,4562.54,9,5,
2026-08-14 00:16:26,812499,3407724,Game 1: Any Player Quadra Kill?,prop,1,2026-08-14 03:00:00,163.6,Yes,40480664112673814293878383496256759291306966101765432817155796609878716191611,0.08,0.5,0.29,0.42,177.85,177.85,179.85,176.0,176.0,176.0,5,9,
2026-08-14 00:16:26,812499,3407724,Game 1: Any Player Quadra Kill?,prop,1,2026-08-14 03:00:00,163.6,No,14076318087349160081892552307719855776657942293180940006992128639325104402095,0.5,0.92,0.71,0.42,176.0,176.0,176.0,2359.51,2359.51,2407.51,9,5,
2026-08-14 00:16:26,812499,3407725,Game 1: Any Player Penta Kill?,prop,1,2026-08-14 03:00:00,163.6,Yes,83951240816212277150512877212327250889048265428194239222014223541148332980146,0.01,0.49,0.25,0.48,176.05,176.05,176.05,187.31,187.31,187.31,1,9,
2026-08-14 00:16:26,812499,3407725,Game 1: Any Player Penta Kill?,prop,1,2026-08-14 03:00:00,163.6,No,14552533511971407204042061068349266750490465725326712708556780935391488764747,0.51,0.99,0.75,0.48,187.77,187.77,187.77,17428.95,17428.95,17428.95,9,1,
2026-08-14 00:16:26,812499,3407726,Game 1: Odd/Even Total Kills?,odd_even,1,2026-08-14 03:00:00,163.6,Odd,30008734824659626946333304876575234022448750432748410603007444659876904754544,0.49,0.51,0.5,0.02,131.66,143.64,428.25,138.13,152.19,500.06,15,15,
2026-08-14 00:16:26,812499,3407726,Game 1: Odd/Even Total Kills?,odd_even,1,2026-08-14 03:00:00,163.6,Even,99395084138140294423547521803551548703320007241030462665435762504531763643878,0.49,0.51,0.5,0.02,131.66,143.64,428.25,138.13,152.19,500.06,15,15,
2026-08-14 00:16:26,812499,3407727,Game 2: Both Teams Slay Baron Nashor?,prop,2,2026-08-14 03:00:00,163.6,Yes,58129688162656381793690234448367947337214519902641172243030953744164978549829,0.07,0.5,0.285,0.43,179.58,179.87,183.87,176.0,176.0,176.0,6,9,
2026-08-14 00:16:26,812499,3407727,Game 2: Both Teams Slay Baron Nashor?,prop,2,2026-08-14 03:00:00,163.6,No,37784282596358571641116459773582983188118603190781422145404475059195349143098,0.5,0.93,0.715,0.43,176.0,176.0,176.0,2804.92,2811.72,2974.39,9,6,
2026-08-14 00:16:26,812499,3407728,Game 2: Both Teams Slay a Dragon?,prop,2,2026-08-14 03:00:00,163.6,Yes,67100635698749036243996596083856731930110083604846187832565784378462214356906,0.5,0.78,0.64,0.28,176.0,176.0,176.0,732.39,732.39,732.39,9,8,
2026-08-14 00:16:26,812499,3407728,Game 2: Both Teams Slay a Dragon?,prop,2,2026-08-14 03:00:00,163.6,No,42625504916961847735090009072914737766516948044519350934640603247822281703262,0.22,0.5,0.36,0.28,195.7,195.7,195.7,176.0,176.0,176.0,8,9,
2026-08-14 00:16:26,812499,3407729,Game 2: Both Teams Destroy Inhibitors?,prop,2,2026-08-14 03:00:00,163.6,Yes,40023438874668498144632750208657873382044520843447740625081184081555141180970,0.06,0.5,0.28,0.44,2.69,180.95,183.3,176.0,176.0,176.0,6,9,
2026-08-14 00:16:26,812499,3407729,Game 2: Both Teams Destroy Inhibitors?,prop,2,2026-08-14 03:00:00,163.6,No,484091212595295130994775780202175233930586477475167866439140463580364160749,0.5,0.94,0.72,0.44,176.0,176.0,176.0,49.85,4344.85,4569.21,9,6,
2026-08-14 00:16:26,812499,3407730,Game 2: Any Player Quadra Kill?,prop,2,2026-08-14 03:00:00,163.6,Yes,57512002909106302457374648538616826010950529161110952092924294330557738326260,0.08,0.5,0.29,0.42,177.85,177.85,179.85,176.0,176.0,176.0,5,9,
2026-08-14 00:16:26,812499,3407730,Game 2: Any Player Quadra Kill?,prop,2,2026-08-14 03:00:00,163.6,No,46528999239069913500878472010371195055074690848476631394902559060981264912902,0.5,0.92,0.71,0.42,176.0,176.0,176.0,2359.51,2359.51,2407.51,9,5,
2026-08-14 00:16:26,812499,3407731,Game 2: Any Player Penta Kill?,prop,2,2026-08-14 03:00:00,163.6,Yes,10367002689217741199289369255672046887753394169252950796871025362076925359402,0.01,0.49,0.25,0.48,176.05,176.05,176.05,187.31,187.31,187.31,1,9,
2026-08-14 00:16:26,812499,3407731,Game 2: Any Player Penta Kill?,prop,2,2026-08-14 03:00:00,163.6,No,44629523316220057660997646176727280068477055828540480140172757604033758965591,0.51,0.99,0.75,0.48,187.77,187.77,187.77,17428.95,17428.95,17428.95,9,1,
2026-08-14 00:16:26,812499,3407732,Game 2: Odd/Even Total Kills?,odd_even,2,2026-08-14 03:00:00,163.6,Odd,68118589223287351123746973139702260581892652876242555636600008179922666725119,0.49,0.51,0.5,0.02,131.66,143.64,428.25,138.13,152.19,500.06,15,15,
2026-08-14 00:16:26,812499,3407732,Game 2: Odd/Even Total Kills?,odd_even,2,2026-08-14 03:00:00,163.6,Even,11563884776145307024557473783891356249853220511404723988011218691689405038835,0.49,0.51,0.5,0.02,131.66,143.64,428.25,138.13,152.19,500.06,15,15,
2026-08-14 00:16:26,812499,3407733,Game 3: Both Teams Slay Baron Nashor?,prop,3,2026-08-14 03:00:00,163.6,Yes,15108330882199972065167953232972112332503134649241289853150575394305889536382,0.07,0.99,0.53,0.92,178.06,178.3,182.3,99.99,99.99,99.99,6,1,
2026-08-14 00:16:26,812499,3407733,Game 3: Both Teams Slay Baron Nashor?,prop,3,2026-08-14 03:00:00,163.6,No,11583353539019187263341757865616242101793514605533674611840543623085353915285,0.01,0.93,0.47,0.92,1.01,1.01,1.01,2784.65,2790.46,2953.13,1,6,
2026-08-14 00:16:26,812499,3407734,Game 3: Both Teams Slay a Dragon?,prop,3,2026-08-14 03:00:00,163.6,Yes,86518706067459875316993377887665484784139398669990316039811150778003477248591,0.02,0.76,0.39,0.74,3.01,3.01,3.01,23.56,742.11,742.11,2,9,
2026-08-14 00:16:26,812499,3407734,Game 3: Both Teams Slay a Dragon?,prop,3,2026-08-14 03:00:00,163.6,No,6330268134995515899876922471865852432628309512536344065282936223963491226645,0.24,0.98,0.61,0.74,7.14,199.06,199.06,260.11,260.11,260.11,9,2,
2026-08-14 00:16:26,812499,3407735,Game 3: Both Teams Destroy Inhibitors?,prop,3,2026-08-14 03:00:00,163.6,Yes,46778385251335632815107295958228684502257914370849295054583406222456702799534,0.06,0.98,0.52,0.92,1.64,179.64,182.14,258.48,258.48,258.48,6,2,
2026-08-14 00:16:26,812499,3407735,Game 3: Both Teams Destroy Inhibitors?,prop,3,2026-08-14 03:00:00,163.6,No,17022380444954140080106111683131141599196325846984987422687868734754056013796,0.02,0.94,0.48,0.92,3.01,3.01,3.01,29.55,4318.22,4549.45,2,6,
2026-08-14 00:16:26,812499,3407736,Game 3: Any Player Quadra Kill?,prop,3,2026-08-14 03:00:00,163.6,Yes,89300494282854674899062293591156319703727387411768815627804385407768809680929,0.08,0.99,0.535,0.91,177.85,177.85,179.85,4.95,4.95,4.95,5,1,
2026-08-14 00:16:26,812499,3407736,Game 3: Any Player Quadra Kill?,prop,3,2026-08-14 03:00:00,163.6,No,114001328052018071192312018162667158102721309900817212379891076054206240411645,0.01,0.92,0.465,0.91,0.05,0.05,0.05,2359.51,2359.51,2407.51,1,5,
2026-08-14 00:16:26,812499,3407737,Game 3: Any Player Penta Kill?,prop,3,2026-08-14 03:00:00,163.6,Yes,114930391155820671280932336596912874838796280776517417418481514020573563481141,0.01,0.99,0.5,0.98,176.05,176.05,176.05,4.95,4.95,4.95,1,1,
2026-08-14 00:16:26,812499,3407737,Game 3: Any Player Penta Kill?,prop,3,2026-08-14 03:00:00,163.6,No,25083949550735874000852664968153918873092872242306546089004263953312445332311,0.01,0.99,0.5,0.98,0.05,0.05,0.05,17428.95,17428.95,17428.95,1,1,
2026-08-14 00:16:26,812499,3407738,Game 3: Odd/Even Total Kills?,odd_even,3,2026-08-14 03:00:00,163.6,Odd,55002932149693205039252313297704990705936164068114650496235005232232448118768,0.49,0.51,0.5,0.02,131.66,143.64,428.25,138.13,152.19,500.06,15,15,
2026-08-14 00:16:26,812499,3407738,Game 3: Odd/Even Total Kills?,odd_even,3,2026-08-14 03:00:00,163.6,Even,22731531805730680844471275051506006731851300824476975059046552919830390345510,0.49,0.51,0.5,0.02,131.66,143.64,428.25,138.13,152.19,500.06,15,15,
2026-08-14 00:16:26,826070,3477050,LoL: NRG Esports vs Contingent Esports - Game 1 Winner,map,1,2026-08-14 03:00:00,163.6,NRG Esports,80814790902632668004539328994746617014614315928060173257015852122406695311005,0.8,0.81,0.805,0.01,269.83,2414.01,3242.16,61.57,2918.77,5044.98,22,18,367.074342
2026-08-14 00:16:26,826070,3477050,LoL: NRG Esports vs Contingent Esports - Game 1 Winner,map,1,2026-08-14 03:00:00,163.6,Contingent Esports,107651310737272584966890037363108476219576749219700416899862916279592660232089,0.19,0.2,0.195,0.01,14.13,568.62,929.99,71.1,688.81,964.86,18,22,367.074342
2026-08-14 00:16:26,826070,3477051,LoL: NRG Esports vs Contingent Esports - Game 2 Winner,map,2,2026-08-14 03:00:00,163.6,NRG Esports,7118869453742291045797317815564893062933350229077106358535601493893500087591,0.8,0.81,0.805,0.01,607.6,2532.42,3428.73,1447.12,4691.51,5595.73,20,17,
2026-08-14 00:16:26,826070,3477051,LoL: NRG Esports vs Contingent Esports - Game 2 Winner,map,2,2026-08-14 03:00:00,163.6,Contingent Esports,108002125035495150522720856231525573531669999272447427854984681030770827642415,0.19,0.2,0.195,0.01,326.45,960.72,1107.92,160.88,716.66,1015.43,17,20,
2026-08-14 00:16:26,826070,3477052,LoL: NRG Esports vs Contingent Esports (BO3) - North American Challengers League Group Stage,series,,2026-08-14 03:00:00,163.6,NRG Esports,43038352639417355691707647173859018730749533391426346756399874481168166294619,0.87,0.88,0.875,0.01,1464.68,4707.54,4707.54,8051.87,10954.65,23359.13,53,12,5062.0655130000005
2026-08-14 00:16:26,826070,3477052,LoL: NRG Esports vs Contingent Esports (BO3) - North American Challengers League Group Stage,series,,2026-08-14 03:00:00,163.6,Contingent Esports,84678973437664474131672312186325078675557922490434064743358042746648544685152,0.12,0.13,0.125,0.01,1008.39,1328.64,2314.71,234.33,837.25,837.25,12,53,5062.0655130000005
2026-08-14 00:16:26,826070,3477053,Games Total: O/U 2.5,total_games,,2026-08-14 03:00:00,163.6,Over,55750592239967941703301064844243535772993617325443398709488185293476935877531,0.27,0.29,0.28,0.02,387.23,860.11,885.11,249.14,516.35,673.13,22,29,4757.485029
2026-08-14 00:16:26,826070,3477053,Games Total: O/U 2.5,total_games,,2026-08-14 03:00:00,163.6,Under,82152669265463547990220171689636558584137366588986322786820150257732179196557,0.71,0.73,0.72,0.02,607.22,1180.01,1498.3,1092.8,2516.91,2604.95,29,22,4757.485029
2026-08-14 00:16:26,826070,3477054,Game Handicap: NRG (-1.5) vs Contingent Esports (+1.5),handicap,,2026-08-14 03:00:00,163.6,NRG Esports,95412707328160076383234584804646983201601033147527050227749727111466216606486,0.66,0.67,0.665,0.01,1200.61,4151.85,4551.85,748.92,1829.1,1933.54,34,22,6119.156677000001
2026-08-14 00:16:26,826070,3477054,Game Handicap: NRG (-1.5) vs Contingent Esports (+1.5),handicap,,2026-08-14 03:00:00,163.6,Contingent Esports,79376817134124206774201685278379459810679800756916708410468012280981017893764,0.33,0.34,0.335,0.01,367.46,850.6,893.26,622.0,2286.81,2531.97,22,34,6119.156677000001
2026-08-14 00:16:26,826070,3477055,Game 1: Both Teams Slay Baron Nashor?,prop,1,2026-08-14 03:00:00,163.6,Yes,87681573095327547420633314226806041000149028170713311037612514061710912723742,0.05,0.95,0.5,0.9,2.24,4.56,6.68,51.2,161.54,370.85,5,5,
2026-08-14 00:16:26,826070,3477055,Game 1: Both Teams Slay Baron Nashor?,prop,1,2026-08-14 03:00:00,163.6,No,69312485936334009045325800311715558032922672642482501491119421898458006349825,0.05,0.95,0.5,0.9,2.24,4.57,6.68,51.1,161.53,371.63,5,5,
2026-08-14 00:16:26,826070,3477056,Game 1: Both Teams Slay a Dragon?,prop,1,2026-08-14 03:00:00,163.6,Yes,83805735251597132117951173378137346357296339870381814266398461580520007861517,0.3,0.95,0.625,0.65,10.2,20.06,38.37,30.5,142.32,356.04,12,5,
2026-08-14 00:16:26,826070,3477056,Game 1: Both Teams Slay a Dragon?,prop,1,2026-08-14 03:00:00,163.6,No,24156205806670798372110555621724125417579911628083855143977773542489628788926,0.05,0.7,0.375,0.65,1.36,3.72,5.88,24.8,50.71,104.71,5,12,
2026-08-14 00:16:26,826070,3477057,Game 1: Both Teams Destroy Inhibitors?,prop,1,2026-08-14 03:00:00,163.6,Yes,70847180670013690410054498405126312924929675515172003776071312263632441945977,0.01,0.99,0.5,0.98,0.94,0.94,0.94,95.04,95.04,95.04,1,1,
2026-08-14 00:16:26,826070,3477057,Game 1: Both Teams Destroy Inhibitors?,prop,1,2026-08-14 03:00:00,163.6,No,15552457357105246680088345561853174847839914230111380560590702628300617170166,0.01,0.99,0.5,0.98,0.96,0.96,0.96,92.81,92.81,92.81,1,1,
2026-08-14 00:16:26,826070,3477058,Game 1: Any Player Quadra Kill?,prop,1,2026-08-14 03:00:00,163.6,Yes,90611949896330126489333584640484616670727390063723860281928013878403906065721,,,,,0.0,0.0,0.0,0.0,0.0,0.0,0,0,
2026-08-14 00:16:26,826070,3477058,Game 1: Any Player Quadra Kill?,prop,1,2026-08-14 03:00:00,163.6,No,30801089695626298578988776831063320516250144642136439806183847895839275854811,,,,,0.0,0.0,0.0,0.0,0.0,0.0,0,0,
2026-08-14 00:16:26,826070,3477059,Game 1: Any Player Penta Kill?,prop,1,2026-08-14 03:00:00,163.6,Yes,48229925814520007661244111895915992051489252573972834651743984793002069701817,,,,,0.0,0.0,0.0,0.0,0.0,0.0,0,0,
2026-08-14 00:16:26,826070,3477059,Game 1: Any Player Penta Kill?,prop,1,2026-08-14 03:00:00,163.6,No,9305314826584013047090950141969451002924314918612350007363467585821240369066,,,,,0.0,0.0,0.0,0.0,0.0,0.0,0,0,
2026-08-14 00:16:26,826070,3477061,Game 1: Odd/Even Total Kills?,odd_even,1,2026-08-14 03:00:00,163.6,Odd,32494922393258859963201856101328517997010549162018639697250819883519722049068,0.49,0.51,0.5,0.02,7.76,7.76,7.76,8.07,8.07,8.07,10,10,
2026-08-14 00:16:26,826070,3477061,Game 1: Odd/Even Total Kills?,odd_even,1,2026-08-14 03:00:00,163.6,Even,112834540130252099583593253928265938091790513484363299374731806537792656031528,0.49,0.51,0.5,0.02,7.76,7.76,7.76,8.07,8.07,8.07,10,10,
2026-08-14 00:16:26,826070,3477062,Game 2: Both Teams Slay Baron Nashor?,prop,2,2026-08-14 03:00:00,163.6,Yes,55753683192199022612671704126737811310328029678442412170950072602131054587210,0.05,0.95,0.5,0.9,2.23,4.56,6.68,50.77,161.91,371.98,5,5,
2026-08-14 00:16:26,826070,3477062,Game 2: Both Teams Slay Baron Nashor?,prop,2,2026-08-14 03:00:00,163.6,No,55937094852319737792850165512480430449747853756905259274031753275691368112975,0.05,0.95,0.5,0.9,2.22,4.56,6.68,51.08,161.39,371.49,5,5,
2026-08-14 00:16:26,826070,3477063,Game 2: Both Teams Slay a Dragon?,prop,2,2026-08-14 03:00:00,163.6,Yes,48623647428517517453611058807537447198598988098824330225032342676302728625012,0.01,0.95,0.48,0.94,0.96,0.96,0.96,50.93,161.66,371.75,1,5,
2026-08-14 00:16:26,826070,3477063,Game 2: Both Teams Slay a Dragon?,prop,2,2026-08-14 03:00:00,163.6,No,42417195815488111081943362396002926413430486562906704641578354062740797580084,0.05,0.99,0.52,0.94,2.23,4.56,6.68,95.04,95.04,95.04,5,1,
2026-08-14 00:16:26,826070,3477064,Game 2: Both Teams Destroy Inhibitors?,prop,2,2026-08-14 03:00:00,163.6,Yes,23628154900252164597588937639111773709699026601186386386168618417735820690106,0.78,0.84,0.81,0.06,77.5,77.5,87.54,13.31,80.19,97.78,17,10,532.9815600000001
2026-08-14 00:16:26,826070,3477064,Game 2: Both Teams Destroy Inhibitors?,prop,2,2026-08-14 03:00:00,163.6,No,85739117623916471191019361815038085504519438797717701017619191765882696246759,0.16,0.22,0.19,0.06,2.53,12.88,15.29,22.5,22.5,26.21,10,17,532.9815600000001
2026-08-14 00:16:26,826070,3477065,Game 2: Any Player Quadra Kill?,prop,2,2026-08-14 03:00:00,163.6,Yes,53208917334913900389630971292939370679251910829672144758009133122161611227896,,,,,0.0,0.0,0.0,0.0,0.0,0.0,0,0,
2026-08-14 00:16:26,826070,3477065,Game 2: Any Player Quadra Kill?,prop,2,2026-08-14 03:00:00,163.6,No,91070975633974495708697307701836756019763571915749676034097536234325782029896,,,,,0.0,0.0,0.0,0.0,0.0,0.0,0,0,
2026-08-14 00:16:26,826070,3477066,Game 2: Any Player Penta Kill?,prop,2,2026-08-14 03:00:00,163.6,Yes,41553921922748035091195286700334837861150809022270611498614461149967485676553,,,,,0.0,0.0,0.0,0.0,0.0,0.0,0,0,
2026-08-14 00:16:26,826070,3477066,Game 2: Any Player Penta Kill?,prop,2,2026-08-14 03:00:00,163.6,No,72372963262572990351948387093307185909935364431157003295642971589164020329307,,,,,0.0,0.0,0.0,0.0,0.0,0.0,0,0,
2026-08-14 00:16:26,826070,3477067,Game 2: Odd/Even Total Kills?,odd_even,2,2026-08-14 03:00:00,163.6,Odd,51682527872121142820533720760874357541341917877241650283064345652015294503432,0.49,0.51,0.5,0.02,7.76,7.76,7.76,8.07,8.07,8.07,10,10,
2026-08-14 00:16:26,826070,3477067,Game 2: Odd/Even Total Kills?,odd_even,2,2026-08-14 03:00:00,163.6,Even,52462070156083218163210891161506391469503363975012872173381524279777415671009,0.49,0.51,0.5,0.02,7.76,7.76,7.76,8.07,8.07,8.07,10,10,
2026-08-14 00:16:26,826070,3477068,Game 3: Both Teams Slay Baron Nashor?,prop,3,2026-08-14 03:00:00,163.6,Yes,87723048023863233229072489576988122495348581581883475764155604685715254995143,0.05,0.95,0.5,0.9,1.31,3.64,5.76,50.99,161.71,371.53,5,5,
2026-08-14 00:16:26,826070,3477068,Game 3: Both Teams Slay Baron Nashor?,prop,3,2026-08-14 03:00:00,163.6,No,50989255824497521540482389727045524148886656006776316809093754627968185524154,0.05,0.95,0.5,0.9,2.23,4.56,6.68,28.81,139.44,349.54,5,5,
2026-08-14 00:16:26,826070,3477069,Game 3: Both Teams Slay a Dragon?,prop,3,2026-08-14 03:00:00,163.6,Yes,31894618867354587726609743791628570681781025713790850110963430187452605983542,0.01,0.95,0.48,0.94,0.96,0.96,0.96,28.74,139.28,349.97,1,5,
2026-08-14 00:16:26,826070,3477069,Game 3: Both Teams Slay a Dragon?,prop,3,2026-08-14 03:00:00,163.6,No,102454578646280162427313029106444653546026394152408180005140046057337729562773,0.05,0.99,0.52,0.94,1.3,3.63,5.76,95.04,95.04,95.04,5,1,
2026-08-14 00:16:26,826070,3477070,Game 3: Both Teams Destroy Inhibitors?,prop,3,2026-08-14 03:00:00,163.6,Yes,37140353425416026858198430022763744658491197274004779834832527078807411250706,0.05,0.95,0.5,0.9,1.27,3.62,5.74,50.91,161.69,371.79,5,5,
2026-08-14 00:16:26,826070,3477070,Game 3: Both Teams Destroy Inhibitors?,prop,3,2026-08-14 03:00:00,163.6,No,81160108446775656753351553464289021811897715068601840646033017734259696288239,0.05,0.95,0.5,0.9,2.23,4.56,6.68,28.19,139.98,349.28,5,5,
2026-08-14 00:16:26,826070,3477071,Game 3: Any Player Quadra Kill?,prop,3,2026-08-14 03:00:00,163.6,Yes,98730301607993226617635192895346323156884766053134987563113989760237051075734,,,,,0.0,0.0,0.0,0.0,0.0,0.0,0,0,
2026-08-14 00:16:26,826070,3477071,Game 3: Any Player Quadra Kill?,prop,3,2026-08-14 03:00:00,163.6,No,47636245891328174531136161073693506541960443755198252563254227701534011303241,,,,,0.0,0.0,0.0,0.0,0.0,0.0,0,0,
2026-08-14 00:16:26,826070,3477072,Game 3: Any Player Penta Kill?,prop,3,2026-08-14 03:00:00,163.6,Yes,36582442770858592965786294186284019287317276526405187098158230226204042128980,,,,,0.0,0.0,0.0,0.0,0.0,0.0,0,0,
2026-08-14 00:16:26,826070,3477072,Game 3: Any Player Penta Kill?,prop,3,2026-08-14 03:00:00,163.6,No,72354692448307767435386725107072578807273666862716740697784668362154773401142,,,,,0.0,0.0,0.0,0.0,0.0,0.0,0,0,
2026-08-14 00:16:26,826070,3477073,Game 3: Odd/Even Total Kills?,odd_even,3,2026-08-14 03:00:00,163.6,Odd,17265110502119578793708135589809973427915605037445313419433454040796130326698,0.49,0.51,0.5,0.02,7.76,7.76,7.76,8.07,8.07,8.07,10,10,
2026-08-14 00:16:26,826070,3477073,Game 3: Odd/Even Total Kills?,odd_even,3,2026-08-14 03:00:00,163.6,Even,1107446221436908324166515020190090286245833902787500387186505680943047252583,0.49,0.51,0.5,0.02,7.76,7.76,7.76,8.07,8.07,8.07,10,10,
2026-08-14 00:22:04,812499,3407716,LoL: T1 Academy vs Dplus KIA Challengers - Game 1 Winner,map,1,2026-08-14 03:00:00,157.9,T1 Academy,39734844495353304395398396140221540149305519357715269073311726294226019570550,0.6,0.61,0.605,0.01,10925.16,12705.66,14167.16,4042.12,8425.37,9786.82,24,24,52.400048999999996
2026-08-14 00:22:04,812499,3407716,LoL: T1 Academy vs Dplus KIA Challengers - Game 1 Winner,map,1,2026-08-14 03:00:00,157.9,Dplus KIA Challengers,33269339650279858595555088093374570383524449579809902479647974050760364184259,0.39,0.4,0.395,0.01,2578.7,5070.25,5775.98,7568.06,8897.56,10091.06,24,24,52.400048999999996
2026-08-14 00:22:04,812499,3407717,LoL: T1 Academy vs Dplus KIA Challengers - Game 2 Winner,map,2,2026-08-14 03:00:00,157.9,T1 Academy,65413134936637378696103480670341747188714493905423788592364522087047313278527,0.61,0.62,0.615,0.01,672.05,11613.96,12423.3,1694.63,2391.93,3246.46,25,27,24.390242
2026-08-14 00:22:04,812499,3407717,LoL: T1 Academy vs Dplus KIA Challengers - Game 2 Winner,map,2,2026-08-14 03:00:00,157.9,Dplus KIA Challengers,109850116150453228098769636194777220136528900176432751128686947209537047715503,0.38,0.39,0.385,0.01,1013.35,1394.1,1819.17,447.95,8090.24,8720.53,27,25,24.390242
2026-08-14 00:22:04,812499,3407718,LoL: T1 Academy vs Dplus KIA Challengers (BO3) - LCK Challengers League Rounds 3-4 Challenge Group,series,,2026-08-14 03:00:00,157.9,T1 Academy,29334009531926017999172713361554624736754304108781329166019313376852181532606,0.66,0.67,0.665,0.01,16291.4,20098.72,21937.42,4970.79,10414.31,12598.2,47,27,11928.598776999996
2026-08-14 00:22:04,812499,3407718,LoL: T1 Academy vs Dplus KIA Challengers (BO3) - LCK Challengers League Rounds 3-4 Challenge Group,series,,2026-08-14 03:00:00,157.9,Dplus KIA Challengers,86576119660677556215120793453634271480079124875691072264113236209109323222775,0.33,0.34,0.335,0.01,2434.18,4807.36,5664.88,8443.26,10630.97,11802.27,27,47,11928.598776999996
2026-08-14 00:22:04,812499,3407719,Games Total: O/U 2.5,total_games,,2026-08-14 03:00:00,157.9,Over,12254491551645605749999948566783532239763590860890971634914438946306484415625,0.46,0.47,0.465,0.01,163.84,459.08,709.02,196.0,1735.32,1942.29,19,20,24.291665000000002
2026-08-14 00:22:04,812499,3407719,Games Total: O/U 2.5,total_games,,2026-08-14 03:00:00,157.9,Under,68717137278381026545457297595820702026186759179231499229342417358442267129224,0.53,0.54,0.535,0.01,213.5,1805.26,2000.43,199.16,576.76,926.38,20,19,24.291665000000002
2026-08-14 00:22:04,812499,3407720,Game Handicap: T1.A (-1.5) vs Dplus KIA Challengers (+1.5),handicap,,2026-08-14 03:00:00,157.9,T1 Academy,112387528592292424930650532924576804503241362728004667616961247667692272312413,0.37,0.38,0.375,0.01,135.38,673.65,2467.08,42.7,651.74,877.14,20,21,720.61431
2026-08-14 00:22:04,812499,3407720,Game Handicap: T1.A (-1.5) vs Dplus KIA Challengers (+1.5),handicap,,2026-08-14 03:00:00,157.9,Dplus KIA Challengers,94189587113690720225125693998745295556487555508602796811274630370563126617623,0.62,0.63,0.625,0.01,68.51,954.21,1258.81,238.62,1247.79,4888.99,21,20,720.61431
2026-08-14 00:22:04,812499,3407721,Game 1: Both Teams Slay Baron Nashor?,prop,1,2026-08-14 03:00:00,157.9,Yes,40069868393640809104786506776915751658534703452875290458511978206216443518807,0.07,0.5,0.285,0.43,179.23,179.52,183.63,176.0,176.0,176.0,6,9,
2026-08-14 00:22:04,812499,3407721,Game 1: Both Teams Slay Baron Nashor?,prop,1,2026-08-14 03:00:00,157.9,No,50608849903554909222219439429204277119215627374900112590959682663938465769933,0.5,0.93,0.715,0.43,176.0,176.0,176.0,2800.26,2807.12,2975.11,9,6,
2026-08-14 00:22:04,812499,3407722,Game 1: Both Teams Slay a Dragon?,prop,1,2026-08-14 03:00:00,157.9,Yes,64687367087236276548065101683258903075752340820526093114401398914562723872435,0.5,0.79,0.645,0.29,176.0,176.0,176.0,662.09,662.09,729.29,9,7,
2026-08-14 00:22:04,812499,3407722,Game 1: Both Teams Slay a Dragon?,prop,1,2026-08-14 03:00:00,157.9,No,26917764894392864707600724979145293015616736651873463361668909405225770515800,0.21,0.5,0.355,0.29,176.0,176.0,188.8,176.0,176.0,176.0,7,9,
2026-08-14 00:22:04,812499,3407723,Game 1: Both Teams Destroy Inhibitors?,prop,1,2026-08-14 03:00:00,157.9,Yes,90909758418785757498339848282956469721252985181476774447367514416062374905071,0.05,0.5,0.275,0.45,176.4,178.79,180.99,176.0,176.0,176.0,5,9,
2026-08-14 00:22:04,812499,3407723,Game 1: Both Teams Destroy Inhibitors?,prop,1,2026-08-14 03:00:00,157.9,No,97306944816021298866960210528887417854859989203311809746657546857239695639465,0.5,0.95,0.725,0.45,176.0,176.0,176.0,4231.57,4344.77,4562.54,9,5,
2026-08-14 00:22:04,812499,3407724,Game 1: Any Player Quadra Kill?,prop,1,2026-08-14 03:00:00,157.9,Yes,40480664112673814293878383496256759291306966101765432817155796609878716191611,0.08,0.5,0.29,0.42,177.85,177.85,179.85,176.0,176.0,176.0,5,9,
2026-08-14 00:22:04,812499,3407724,Game 1: Any Player Quadra Kill?,prop,1,2026-08-14 03:00:00,157.9,No,14076318087349160081892552307719855776657942293180940006992128639325104402095,0.5,0.92,0.71,0.42,176.0,176.0,176.0,2359.51,2359.51,2407.51,9,5,
2026-08-14 00:22:04,812499,3407725,Game 1: Any Player Penta Kill?,prop,1,2026-08-14 03:00:00,157.9,Yes,83951240816212277150512877212327250889048265428194239222014223541148332980146,0.01,0.49,0.25,0.48,176.05,176.05,176.05,187.31,187.31,187.31,1,9,
2026-08-14 00:22:04,812499,3407725,Game 1: Any Player Penta Kill?,prop,1,2026-08-14 03:00:00,157.9,No,14552533511971407204042061068349266750490465725326712708556780935391488764747,0.51,0.99,0.75,0.48,187.77,187.77,187.77,17428.95,17428.95,17428.95,9,1,
2026-08-14 00:22:04,812499,3407726,Game 1: Odd/Even Total Kills?,odd_even,1,2026-08-14 03:00:00,157.9,Odd,30008734824659626946333304876575234022448750432748410603007444659876904754544,0.49,0.51,0.5,0.02,131.66,143.64,428.25,138.13,152.19,500.06,15,15,
2026-08-14 00:22:04,812499,3407726,Game 1: Odd/Even Total Kills?,odd_even,1,2026-08-14 03:00:00,157.9,Even,99395084138140294423547521803551548703320007241030462665435762504531763643878,0.49,0.51,0.5,0.02,131.66,143.64,428.25,138.13,152.19,500.06,15,15,
2026-08-14 00:22:04,812499,3407727,Game 2: Both Teams Slay Baron Nashor?,prop,2,2026-08-14 03:00:00,157.9,Yes,58129688162656381793690234448367947337214519902641172243030953744164978549829,0.07,0.5,0.285,0.43,179.58,179.87,183.87,176.0,176.0,176.0,6,9,
2026-08-14 00:22:04,812499,3407727,Game 2: Both Teams Slay Baron Nashor?,prop,2,2026-08-14 03:00:00,157.9,No,37784282596358571641116459773582983188118603190781422145404475059195349143098,0.5,0.93,0.715,0.43,176.0,176.0,176.0,2804.92,2811.72,2974.39,9,6,
2026-08-14 00:22:04,812499,3407728,Game 2: Both Teams Slay a Dragon?,prop,2,2026-08-14 03:00:00,157.9,Yes,67100635698749036243996596083856731930110083604846187832565784378462214356906,0.5,0.78,0.64,0.28,176.0,176.0,176.0,732.39,732.39,732.39,9,8,
2026-08-14 00:22:04,812499,3407728,Game 2: Both Teams Slay a Dragon?,prop,2,2026-08-14 03:00:00,157.9,No,42625504916961847735090009072914737766516948044519350934640603247822281703262,0.22,0.5,0.36,0.28,195.7,195.7,195.7,176.0,176.0,176.0,8,9,
2026-08-14 00:22:04,812499,3407729,Game 2: Both Teams Destroy Inhibitors?,prop,2,2026-08-14 03:00:00,157.9,Yes,40023438874668498144632750208657873382044520843447740625081184081555141180970,0.06,0.5,0.28,0.44,2.69,180.95,183.3,176.0,176.0,176.0,6,9,
2026-08-14 00:22:04,812499,3407729,Game 2: Both Teams Destroy Inhibitors?,prop,2,2026-08-14 03:00:00,157.9,No,484091212595295130994775780202175233930586477475167866439140463580364160749,0.5,0.94,0.72,0.44,176.0,176.0,176.0,49.85,4344.85,4569.21,9,6,
2026-08-14 00:22:04,812499,3407730,Game 2: Any Player Quadra Kill?,prop,2,2026-08-14 03:00:00,157.9,Yes,57512002909106302457374648538616826010950529161110952092924294330557738326260,0.08,0.5,0.29,0.42,177.85,177.85,179.85,176.0,176.0,176.0,5,9,
2026-08-14 00:22:04,812499,3407730,Game 2: Any Player Quadra Kill?,prop,2,2026-08-14 03:00:00,157.9,No,46528999239069913500878472010371195055074690848476631394902559060981264912902,0.5,0.92,0.71,0.42,176.0,176.0,176.0,2359.51,2359.51,2407.51,9,5,
2026-08-14 00:22:04,812499,3407731,Game 2: Any Player Penta Kill?,prop,2,2026-08-14 03:00:00,157.9,Yes,10367002689217741199289369255672046887753394169252950796871025362076925359402,0.01,0.49,0.25,0.48,176.05,176.05,176.05,187.31,187.31,187.31,1,9,
2026-08-14 00:22:04,812499,3407731,Game 2: Any Player Penta Kill?,prop,2,2026-08-14 03:00:00,157.9,No,44629523316220057660997646176727280068477055828540480140172757604033758965591,0.51,0.99,0.75,0.48,187.77,187.77,187.77,17428.95,17428.95,17428.95,9,1,
2026-08-14 00:22:04,812499,3407732,Game 2: Odd/Even Total Kills?,odd_even,2,2026-08-14 03:00:00,157.9,Odd,68118589223287351123746973139702260581892652876242555636600008179922666725119,0.49,0.51,0.5,0.02,131.66,143.64,428.25,138.13,152.19,500.06,15,14,
2026-08-14 00:22:04,812499,3407732,Game 2: Odd/Even Total Kills?,odd_even,2,2026-08-14 03:00:00,157.9,Even,11563884776145307024557473783891356249853220511404723988011218691689405038835,0.49,0.51,0.5,0.02,131.66,143.64,428.25,138.13,152.19,500.06,14,15,
2026-08-14 00:22:04,812499,3407733,Game 3: Both Teams Slay Baron Nashor?,prop,3,2026-08-14 03:00:00,157.9,Yes,15108330882199972065167953232972112332503134649241289853150575394305889536382,0.07,0.99,0.53,0.92,178.06,178.3,182.3,99.99,99.99,99.99,6,1,
2026-08-14 00:22:04,812499,3407733,Game 3: Both Teams Slay Baron Nashor?,prop,3,2026-08-14 03:00:00,157.9,No,11583353539019187263341757865616242101793514605533674611840543623085353915285,0.01,0.93,0.47,0.92,1.01,1.01,1.01,2784.65,2790.46,2953.13,1,6,
2026-08-14 00:22:04,812499,3407734,Game 3: Both Teams Slay a Dragon?,prop,3,2026-08-14 03:00:00,157.9,Yes,86518706067459875316993377887665484784139398669990316039811150778003477248591,0.02,0.76,0.39,0.74,3.01,3.01,3.01,23.56,742.11,742.11,2,9,
2026-08-14 00:22:04,812499,3407734,Game 3: Both Teams Slay a Dragon?,prop,3,2026-08-14 03:00:00,157.9,No,6330268134995515899876922471865852432628309512536344065282936223963491226645,0.24,0.98,0.61,0.74,7.14,199.06,199.06,260.11,260.11,260.11,9,2,
2026-08-14 00:22:04,812499,3407735,Game 3: Both Teams Destroy Inhibitors?,prop,3,2026-08-14 03:00:00,157.9,Yes,46778385251335632815107295958228684502257914370849295054583406222456702799534,0.06,0.98,0.52,0.92,1.64,179.64,182.14,258.48,258.48,258.48,6,2,
2026-08-14 00:22:04,812499,3407735,Game 3: Both Teams Destroy Inhibitors?,prop,3,2026-08-14 03:00:00,157.9,No,17022380444954140080106111683131141599196325846984987422687868734754056013796,0.02,0.94,0.48,0.92,3.01,3.01,3.01,29.55,4318.22,4549.45,2,6,
2026-08-14 00:22:04,812499,3407736,Game 3: Any Player Quadra Kill?,prop,3,2026-08-14 03:00:00,157.9,Yes,89300494282854674899062293591156319703727387411768815627804385407768809680929,0.08,0.99,0.535,0.91,177.85,177.85,179.85,4.95,4.95,4.95,5,1,
2026-08-14 00:22:04,812499,3407736,Game 3: Any Player Quadra Kill?,prop,3,2026-08-14 03:00:00,157.9,No,114001328052018071192312018162667158102721309900817212379891076054206240411645,0.01,0.92,0.465,0.91,0.05,0.05,0.05,2359.51,2359.51,2407.51,1,5,
2026-08-14 00:22:04,812499,3407737,Game 3: Any Player Penta Kill?,prop,3,2026-08-14 03:00:00,157.9,Yes,114930391155820671280932336596912874838796280776517417418481514020573563481141,0.01,0.99,0.5,0.98,176.05,176.05,176.05,4.95,4.95,4.95,1,1,
2026-08-14 00:22:04,812499,3407737,Game 3: Any Player Penta Kill?,prop,3,2026-08-14 03:00:00,157.9,No,25083949550735874000852664968153918873092872242306546089004263953312445332311,0.01,0.99,0.5,0.98,0.05,0.05,0.05,17428.95,17428.95,17428.95,1,1,
2026-08-14 00:22:04,812499,3407738,Game 3: Odd/Even Total Kills?,odd_even,3,2026-08-14 03:00:00,157.9,Odd,55002932149693205039252313297704990705936164068114650496235005232232448118768,0.49,0.51,0.5,0.02,131.66,143.64,428.25,138.13,152.19,500.06,15,15,
2026-08-14 00:22:04,812499,3407738,Game 3: Odd/Even Total Kills?,odd_even,3,2026-08-14 03:00:00,157.9,Even,22731531805730680844471275051506006731851300824476975059046552919830390345510,0.49,0.51,0.5,0.02,131.66,143.64,428.25,138.13,152.19,500.06,15,15,
2026-08-14 00:22:04,826070,3477050,LoL: NRG Esports vs Contingent Esports - Game 1 Winner,map,1,2026-08-14 03:00:00,157.9,NRG Esports,80814790902632668004539328994746617014614315928060173257015852122406695311005,0.8,0.81,0.805,0.01,282.88,2427.06,3255.21,66.64,2923.83,5050.04,22,18,367.074342
2026-08-14 00:22:04,826070,3477050,LoL: NRG Esports vs Contingent Esports - Game 1 Winner,map,1,2026-08-14 03:00:00,157.9,Contingent Esports,107651310737272584966890037363108476219576749219700416899862916279592660232089,0.19,0.2,0.195,0.01,15.31,569.81,931.18,74.36,692.07,968.12,18,22,367.074342
2026-08-14 00:22:04,826070,3477051,LoL: NRG Esports vs Contingent Esports - Game 2 Winner,map,2,2026-08-14 03:00:00,157.9,NRG Esports,7118869453742291045797317815564893062933350229077106358535601493893500087591,0.8,0.81,0.805,0.01,607.6,2515.37,3411.68,1447.12,4691.51,5595.73,22,17,
2026-08-14 00:22:04,826070,3477051,LoL: NRG Esports vs Contingent Esports - Game 2 Winner,map,2,2026-08-14 03:00:00,157.9,Contingent Esports,108002125035495150522720856231525573531669999272447427854984681030770827642415,0.19,0.2,0.195,0.01,326.45,960.72,1107.92,160.88,711.85,1010.62,17,22,
2026-08-14 00:22:04,826070,3477052,LoL: NRG Esports vs Contingent Esports (BO3) - North American Challengers League Group Stage,series,,2026-08-14 03:00:00,157.9,NRG Esports,43038352639417355691707647173859018730749533391426346756399874481168166294619,0.87,0.88,0.875,0.01,1460.38,4689.72,4689.72,8028.83,10920.81,23325.29,56,12,5067.7755130000005
2026-08-14 00:22:04,826070,3477052,LoL: NRG Esports vs Contingent Esports (BO3) - North American Challengers League Group Stage,series,,2026-08-14 03:00:00,157.9,Contingent Esports,84678973437664474131672312186325078675557922490434064743358042746648544685152,0.12,0.13,0.125,0.01,1005.43,1324.48,2310.55,233.63,834.07,834.07,12,56,5067.7755130000005
2026-08-14 00:22:04,826070,3477053,Games Total: O/U 2.5,total_games,,2026-08-14 03:00:00,157.9,Over,55750592239967941703301064844243535772993617325443398709488185293476935877531,0.27,0.29,0.28,0.02,387.2,872.46,897.46,247.69,514.9,671.68,23,30,4997.485029
2026-08-14 00:22:04,826070,3477053,Games Total: O/U 2.5,total_games,,2026-08-14 03:00:00,157.9,Under,82152669265463547990220171689636558584137366588986322786820150257732179196557,0.71,0.73,0.72,0.02,603.67,1176.46,1494.75,1099.83,2561.08,2649.12,30,23,4997.485029
2026-08-14 00:22:04,826070,3477054,Game Handicap: NRG (-1.5) vs Contingent Esports (+1.5),handicap,,2026-08-14 03:00:00,157.9,NRG Esports,95412707328160076383234584804646983201601033147527050227749727111466216606486,0.66,0.67,0.665,0.01,1200.61,4151.85,4551.85,748.92,1829.1,1933.54,34,22,6119.156677
2026-08-14 00:22:04,826070,3477054,Game Handicap: NRG (-1.5) vs Contingent Esports (+1.5),handicap,,2026-08-14 03:00:00,157.9,Contingent Esports,79376817134124206774201685278379459810679800756916708410468012280981017893764,0.33,0.34,0.335,0.01,367.46,850.6,893.26,622.0,2286.81,2531.97,22,34,6119.156677
2026-08-14 00:22:04,826070,3477055,Game 1: Both Teams Slay Baron Nashor?,prop,1,2026-08-14 03:00:00,157.9,Yes,87681573095327547420633314226806041000149028170713311037612514061710912723742,0.05,0.95,0.5,0.9,2.24,4.56,6.68,51.2,161.54,370.87,5,5,
2026-08-14 00:22:04,826070,3477055,Game 1: Both Teams Slay Baron Nashor?,prop,1,2026-08-14 03:00:00,157.9,No,69312485936334009045325800311715558032922672642482501491119421898458006349825,0.05,0.95,0.5,0.9,2.24,4.57,6.68,51.1,161.53,371.63,5,5,
2026-08-14 00:22:04,826070,3477056,Game 1: Both Teams Slay a Dragon?,prop,1,2026-08-14 03:00:00,157.9,Yes,83805735251597132117951173378137346357296339870381814266398461580520007861517,0.3,0.95,0.625,0.65,10.2,20.06,38.37,30.5,142.32,356.09,12,5,
2026-08-14 00:22:04,826070,3477056,Game 1: Both Teams Slay a Dragon?,prop,1,2026-08-14 03:00:00,157.9,No,24156205806670798372110555621724125417579911628083855143977773542489628788926,0.05,0.7,0.375,0.65,1.36,3.72,5.88,24.8,50.71,104.71,5,12,
2026-08-14 00:22:04,826070,3477057,Game 1: Both Teams Destroy Inhibitors?,prop,1,2026-08-14 03:00:00,157.9,Yes,70847180670013690410054498405126312924929675515172003776071312263632441945977,0.01,0.98,0.495,0.97,0.94,0.94,0.94,348.57,348.57,348.57,1,2,
2026-08-14 00:22:04,826070,3477057,Game 1: Both Teams Destroy Inhibitors?,prop,1,2026-08-14 03:00:00,157.9,No,15552457357105246680088345561853174847839914230111380560590702628300617170166,0.02,0.99,0.505,0.97,3.92,3.92,3.92,92.81,92.81,92.81,2,1,
2026-08-14 00:22:04,826070,3477058,Game 1: Any Player Quadra Kill?,prop,1,2026-08-14 03:00:00,157.9,Yes,90611949896330126489333584640484616670727390063723860281928013878403906065721,,,,,0.0,0.0,0.0,0.0,0.0,0.0,0,0,
2026-08-14 00:22:04,826070,3477058,Game 1: Any Player Quadra Kill?,prop,1,2026-08-14 03:00:00,157.9,No,30801089695626298578988776831063320516250144642136439806183847895839275854811,,,,,0.0,0.0,0.0,0.0,0.0,0.0,0,0,
2026-08-14 00:22:04,826070,3477059,Game 1: Any Player Penta Kill?,prop,1,2026-08-14 03:00:00,157.9,Yes,48229925814520007661244111895915992051489252573972834651743984793002069701817,,,,,0.0,0.0,0.0,0.0,0.0,0.0,0,0,
2026-08-14 00:22:04,826070,3477059,Game 1: Any Player Penta Kill?,prop,1,2026-08-14 03:00:00,157.9,No,9305314826584013047090950141969451002924314918612350007363467585821240369066,,,,,0.0,0.0,0.0,0.0,0.0,0.0,0,0,
2026-08-14 00:22:04,826070,3477061,Game 1: Odd/Even Total Kills?,odd_even,1,2026-08-14 03:00:00,157.9,Odd,32494922393258859963201856101328517997010549162018639697250819883519722049068,0.49,0.51,0.5,0.02,7.76,7.76,7.76,8.07,8.07,8.07,11,11,
2026-08-14 00:22:04,826070,3477061,Game 1: Odd/Even Total Kills?,odd_even,1,2026-08-14 03:00:00,157.9,Even,112834540130252099583593253928265938091790513484363299374731806537792656031528,0.49,0.51,0.5,0.02,7.76,7.76,7.76,8.07,8.07,8.07,11,11,
2026-08-14 00:22:04,826070,3477062,Game 2: Both Teams Slay Baron Nashor?,prop,2,2026-08-14 03:00:00,157.9,Yes,55753683192199022612671704126737811310328029678442412170950072602131054587210,0.05,0.95,0.5,0.9,2.23,4.56,6.68,50.77,161.91,371.98,5,5,
2026-08-14 00:22:04,826070,3477062,Game 2: Both Teams Slay Baron Nashor?,prop,2,2026-08-14 03:00:00,157.9,No,55937094852319737792850165512480430449747853756905259274031753275691368112975,0.05,0.95,0.5,0.9,2.22,4.56,6.68,51.08,161.39,371.49,5,5,
2026-08-14 00:22:04,826070,3477063,Game 2: Both Teams Slay a Dragon?,prop,2,2026-08-14 03:00:00,157.9,Yes,48623647428517517453611058807537447198598988098824330225032342676302728625012,0.01,0.95,0.48,0.94,0.96,0.96,0.96,50.93,161.76,371.7,1,5,
2026-08-14 00:22:04,826070,3477063,Game 2: Both Teams Slay a Dragon?,prop,2,2026-08-14 03:00:00,157.9,No,42417195815488111081943362396002926413430486562906704641578354062740797580084,0.05,0.99,0.52,0.94,2.23,4.56,6.68,95.04,95.04,95.04,5,1,
2026-08-14 00:22:04,826070,3477064,Game 2: Both Teams Destroy Inhibitors?,prop,2,2026-08-14 03:00:00,157.9,Yes,23628154900252164597588937639111773709699026601186386386168618417735820690106,0.79,0.86,0.825,0.07,68.38,106.88,106.88,93.71,140.72,178.94,15,10,532.9815600000001
2026-08-14 00:22:04,826070,3477064,Game 2: Both Teams Destroy Inhibitors?,prop,2,2026-08-14 03:00:00,157.9,No,85739117623916471191019361815038085504519438797717701017619191765882696246759,0.14,0.21,0.175,0.07,14.41,20.44,24.44,19.12,30.62,30.62,10,15,532.9815600000001
2026-08-14 00:22:04,826070,3477065,Game 2: Any Player Quadra Kill?,prop,2,2026-08-14 03:00:00,157.9,Yes,53208917334913900389630971292939370679251910829672144758009133122161611227896,,,,,0.0,0.0,0.0,0.0,0.0,0.0,0,0,
2026-08-14 00:22:04,826070,3477065,Game 2: Any Player Quadra Kill?,prop,2,2026-08-14 03:00:00,157.9,No,91070975633974495708697307701836756019763571915749676034097536234325782029896,,,,,0.0,0.0,0.0,0.0,0.0,0.0,0,0,
2026-08-14 00:22:04,826070,3477066,Game 2: Any Player Penta Kill?,prop,2,2026-08-14 03:00:00,157.9,Yes,41553921922748035091195286700334837861150809022270611498614461149967485676553,,,,,0.0,0.0,0.0,0.0,0.0,0.0,0,0,
2026-08-14 00:22:04,826070,3477066,Game 2: Any Player Penta Kill?,prop,2,2026-08-14 03:00:00,157.9,No,72372963262572990351948387093307185909935364431157003295642971589164020329307,,,,,0.0,0.0,0.0,0.0,0.0,0.0,0,0,
2026-08-14 00:22:04,826070,3477067,Game 2: Odd/Even Total Kills?,odd_even,2,2026-08-14 03:00:00,157.9,Odd,51682527872121142820533720760874357541341917877241650283064345652015294503432,0.49,0.51,0.5,0.02,7.76,7.76,7.76,8.07,8.07,8.07,11,11,
2026-08-14 00:22:04,826070,3477067,Game 2: Odd/Even Total Kills?,odd_even,2,2026-08-14 03:00:00,157.9,Even,52462070156083218163210891161506391469503363975012872173381524279777415671009,0.49,0.51,0.5,0.02,7.76,7.76,7.76,8.07,8.07,8.07,11,11,
2026-08-14 00:22:04,826070,3477068,Game 3: Both Teams Slay Baron Nashor?,prop,3,2026-08-14 03:00:00,157.9,Yes,87723048023863233229072489576988122495348581581883475764155604685715254995143,0.05,0.95,0.5,0.9,1.31,3.64,5.76,50.99,161.72,371.52,5,5,
2026-08-14 00:22:04,826070,3477068,Game 3: Both Teams Slay Baron Nashor?,prop,3,2026-08-14 03:00:00,157.9,No,50989255824497521540482389727045524148886656006776316809093754627968185524154,0.05,0.95,0.5,0.9,2.23,4.56,6.68,28.81,139.44,349.54,5,5,
2026-08-14 00:22:04,826070,3477069,Game 3: Both Teams Slay a Dragon?,prop,3,2026-08-14 03:00:00,157.9,Yes,31894618867354587726609743791628570681781025713790850110963430187452605983542,0.01,0.95,0.48,0.94,0.96,0.96,0.96,28.74,139.28,349.97,1,5,
2026-08-14 00:22:04,826070,3477069,Game 3: Both Teams Slay a Dragon?,prop,3,2026-08-14 03:00:00,157.9,No,102454578646280162427313029106444653546026394152408180005140046057337729562773,0.05,0.99,0.52,0.94,1.3,3.63,5.76,95.04,95.04,95.04,5,1,
2026-08-14 00:22:04,826070,3477070,Game 3: Both Teams Destroy Inhibitors?,prop,3,2026-08-14 03:00:00,157.9,Yes,37140353425416026858198430022763744658491197274004779834832527078807411250706,0.05,0.95,0.5,0.9,1.27,3.62,5.74,50.91,161.69,371.79,5,5,
2026-08-14 00:22:04,826070,3477070,Game 3: Both Teams Destroy Inhibitors?,prop,3,2026-08-14 03:00:00,157.9,No,81160108446775656753351553464289021811897715068601840646033017734259696288239,0.05,0.95,0.5,0.9,2.23,4.56,6.68,28.19,139.98,349.28,5,5,
2026-08-14 00:22:04,826070,3477071,Game 3: Any Player Quadra Kill?,prop,3,2026-08-14 03:00:00,157.9,Yes,98730301607993226617635192895346323156884766053134987563113989760237051075734,,,,,0.0,0.0,0.0,0.0,0.0,0.0,0,0,
2026-08-14 00:22:04,826070,3477071,Game 3: Any Player Quadra Kill?,prop,3,2026-08-14 03:00:00,157.9,No,47636245891328174531136161073693506541960443755198252563254227701534011303241,,,,,0.0,0.0,0.0,0.0,0.0,0.0,0,0,
2026-08-14 00:22:04,826070,3477072,Game 3: Any Player Penta Kill?,prop,3,2026-08-14 03:00:00,157.9,Yes,36582442770858592965786294186284019287317276526405187098158230226204042128980,,,,,0.0,0.0,0.0,0.0,0.0,0.0,0,0,
2026-08-14 00:22:04,826070,3477072,Game 3: Any Player Penta Kill?,prop,3,2026-08-14 03:00:00,157.9,No,72354692448307767435386725107072578807273666862716740697784668362154773401142,,,,,0.0,0.0,0.0,0.0,0.0,0.0,0,0,
2026-08-14 00:22:04,826070,3477073,Game 3: Odd/Even Total Kills?,odd_even,3,2026-08-14 03:00:00,157.9,Odd,17265110502119578793708135589809973427915605037445313419433454040796130326698,0.49,0.51,0.5,0.02,7.76,7.76,7.76,8.07,8.07,8.07,11,11,
2026-08-14 00:22:04,826070,3477073,Game 3: Odd/Even Total Kills?,odd_even,3,2026-08-14 03:00:00,157.9,Even,1107446221436908324166515020190090286245833902787500387186505680943047252583,0.49,0.51,0.5,0.02,7.76,7.76,7.76,8.07,8.07,8.07,11,11,
2026-08-14 00:23:07,812499,3407716,LoL: T1 Academy vs Dplus KIA Challengers - Game 1 Winner,map,1,2026-08-14 03:00:00,156.9,T1 Academy,39734844495353304395398396140221540149305519357715269073311726294226019570550,0.6,0.61,0.605,0.01,10925.16,12705.66,14167.16,4042.12,8425.37,9786.82,24,23,52.400048999999996
2026-08-14 00:23:07,812499,3407716,LoL: T1 Academy vs Dplus KIA Challengers - Game 1 Winner,map,1,2026-08-14 03:00:00,156.9,Dplus KIA Challengers,33269339650279858595555088093374570383524449579809902479647974050760364184259,0.39,0.4,0.395,0.01,2578.7,5070.25,5775.98,7568.06,8897.56,10091.06,23,24,52.400048999999996
2026-08-14 00:23:07,812499,3407717,LoL: T1 Academy vs Dplus KIA Challengers - Game 2 Winner,map,2,2026-08-14 03:00:00,156.9,T1 Academy,65413134936637378696103480670341747188714493905423788592364522087047313278527,0.61,0.62,0.615,0.01,672.05,11613.96,12423.3,1694.63,2391.93,3246.46,25,27,24.390242
2026-08-14 00:23:07,812499,3407717,LoL: T1 Academy vs Dplus KIA Challengers - Game 2 Winner,map,2,2026-08-14 03:00:00,156.9,Dplus KIA Challengers,109850116150453228098769636194777220136528900176432751128686947209537047715503,0.38,0.39,0.385,0.01,1013.35,1394.1,1819.17,447.95,8090.24,8720.53,27,25,24.390242
2026-08-14 00:23:07,812499,3407718,LoL: T1 Academy vs Dplus KIA Challengers (BO3) - LCK Challengers League Rounds 3-4 Challenge Group,series,,2026-08-14 03:00:00,156.9,T1 Academy,29334009531926017999172713361554624736754304108781329166019313376852181532606,0.66,0.67,0.665,0.01,16412.35,20211.99,22050.69,4970.79,10401.1,12577.89,48,28,11928.598776999996
2026-08-14 00:23:07,812499,3407718,LoL: T1 Academy vs Dplus KIA Challengers (BO3) - LCK Challengers League Rounds 3-4 Challenge Group,series,,2026-08-14 03:00:00,156.9,Dplus KIA Challengers,86576119660677556215120793453634271480079124875691072264113236209109323222775,0.33,0.34,0.335,0.01,2434.18,4801.57,5656.19,8505.31,10688.7,11860.0,28,48,11928.598776999996
2026-08-14 00:23:07,812499,3407719,Games Total: O/U 2.5,total_games,,2026-08-14 03:00:00,156.9,Over,12254491551645605749999948566783532239763590860890971634914438946306484415625,0.46,0.47,0.465,0.01,163.84,459.08,709.02,196.0,1735.32,1942.29,19,20,24.291665000000002
2026-08-14 00:23:07,812499,3407719,Games Total: O/U 2.5,total_games,,2026-08-14 03:00:00,156.9,Under,68717137278381026545457297595820702026186759179231499229342417358442267129224,0.53,0.54,0.535,0.01,213.5,1805.26,2000.43,199.16,576.76,926.38,20,19,24.291665000000002
2026-08-14 00:23:07,812499,3407720,Game Handicap: T1.A (-1.5) vs Dplus KIA Challengers (+1.5),handicap,,2026-08-14 03:00:00,156.9,T1 Academy,112387528592292424930650532924576804503241362728004667616961247667692272312413,0.37,0.38,0.375,0.01,135.38,673.65,2467.08,42.7,651.74,877.14,20,21,720.61431
2026-08-14 00:23:07,812499,3407720,Game Handicap: T1.A (-1.5) vs Dplus KIA Challengers (+1.5),handicap,,2026-08-14 03:00:00,156.9,Dplus KIA Challengers,94189587113690720225125693998745295556487555508602796811274630370563126617623,0.62,0.63,0.625,0.01,68.51,954.21,1258.81,238.62,1247.79,4888.99,21,20,720.61431
2026-08-14 00:23:07,812499,3407721,Game 1: Both Teams Slay Baron Nashor?,prop,1,2026-08-14 03:00:00,156.9,Yes,40069868393640809104786506776915751658534703452875290458511978206216443518807,0.07,0.5,0.285,0.43,179.23,179.52,183.63,176.0,176.0,176.0,6,9,
2026-08-14 00:23:07,812499,3407721,Game 1: Both Teams Slay Baron Nashor?,prop,1,2026-08-14 03:00:00,156.9,No,50608849903554909222219439429204277119215627374900112590959682663938465769933,0.5,0.93,0.715,0.43,176.0,176.0,176.0,2800.26,2807.12,2975.11,9,6,
2026-08-14 00:23:07,812499,3407722,Game 1: Both Teams Slay a Dragon?,prop,1,2026-08-14 03:00:00,156.9,Yes,64687367087236276548065101683258903075752340820526093114401398914562723872435,0.5,0.79,0.645,0.29,176.0,176.0,176.0,662.09,662.09,729.29,9,7,
2026-08-14 00:23:07,812499,3407722,Game 1: Both Teams Slay a Dragon?,prop,1,2026-08-14 03:00:00,156.9,No,26917764894392864707600724979145293015616736651873463361668909405225770515800,0.21,0.5,0.355,0.29,176.0,176.0,188.8,176.0,176.0,176.0,7,9,
2026-08-14 00:23:07,812499,3407723,Game 1: Both Teams Destroy Inhibitors?,prop,1,2026-08-14 03:00:00,156.9,Yes,90909758418785757498339848282956469721252985181476774447367514416062374905071,0.05,0.5,0.275,0.45,176.4,178.79,180.99,176.0,176.0,176.0,5,9,
2026-08-14 00:23:07,812499,3407723,Game 1: Both Teams Destroy Inhibitors?,prop,1,2026-08-14 03:00:00,156.9,No,97306944816021298866960210528887417854859989203311809746657546857239695639465,0.5,0.95,0.725,0.45,176.0,176.0,176.0,4231.57,4344.77,4562.54,9,5,
2026-08-14 00:23:07,812499,3407724,Game 1: Any Player Quadra Kill?,prop,1,2026-08-14 03:00:00,156.9,Yes,40480664112673814293878383496256759291306966101765432817155796609878716191611,0.08,0.5,0.29,0.42,177.85,177.85,179.85,176.0,176.0,176.0,5,9,
2026-08-14 00:23:07,812499,3407724,Game 1: Any Player Quadra Kill?,prop,1,2026-08-14 03:00:00,156.9,No,14076318087349160081892552307719855776657942293180940006992128639325104402095,0.5,0.92,0.71,0.42,176.0,176.0,176.0,2359.51,2359.51,2407.51,9,5,
2026-08-14 00:23:07,812499,3407725,Game 1: Any Player Penta Kill?,prop,1,2026-08-14 03:00:00,156.9,Yes,83951240816212277150512877212327250889048265428194239222014223541148332980146,0.01,0.49,0.25,0.48,176.05,176.05,176.05,187.31,187.31,187.31,1,9,
2026-08-14 00:23:07,812499,3407725,Game 1: Any Player Penta Kill?,prop,1,2026-08-14 03:00:00,156.9,No,14552533511971407204042061068349266750490465725326712708556780935391488764747,0.51,0.99,0.75,0.48,187.77,187.77,187.77,17428.95,17428.95,17428.95,9,1,
2026-08-14 00:23:07,812499,3407726,Game 1: Odd/Even Total Kills?,odd_even,1,2026-08-14 03:00:00,156.9,Odd,30008734824659626946333304876575234022448750432748410603007444659876904754544,0.49,0.51,0.5,0.02,131.66,143.64,428.25,138.13,152.19,500.06,15,15,
2026-08-14 00:23:07,812499,3407726,Game 1: Odd/Even Total Kills?,odd_even,1,2026-08-14 03:00:00,156.9,Even,99395084138140294423547521803551548703320007241030462665435762504531763643878,0.49,0.51,0.5,0.02,131.66,143.64,428.25,138.13,152.19,500.06,15,15,
2026-08-14 00:23:07,812499,3407727,Game 2: Both Teams Slay Baron Nashor?,prop,2,2026-08-14 03:00:00,156.9,Yes,58129688162656381793690234448367947337214519902641172243030953744164978549829,0.07,0.5,0.285,0.43,179.58,179.87,183.87,176.0,176.0,176.0,6,9,
2026-08-14 00:23:07,812499,3407727,Game 2: Both Teams Slay Baron Nashor?,prop,2,2026-08-14 03:00:00,156.9,No,37784282596358571641116459773582983188118603190781422145404475059195349143098,0.5,0.93,0.715,0.43,176.0,176.0,176.0,2804.92,2811.72,2974.39,9,6,
2026-08-14 00:23:07,812499,3407728,Game 2: Both Teams Slay a Dragon?,prop,2,2026-08-14 03:00:00,156.9,Yes,67100635698749036243996596083856731930110083604846187832565784378462214356906,0.5,0.78,0.64,0.28,176.0,176.0,176.0,732.39,732.39,732.39,9,8,
2026-08-14 00:23:07,812499,3407728,Game 2: Both Teams Slay a Dragon?,prop,2,2026-08-14 03:00:00,156.9,No,42625504916961847735090009072914737766516948044519350934640603247822281703262,0.22,0.5,0.36,0.28,195.7,195.7,195.7,176.0,176.0,176.0,8,9,
2026-08-14 00:23:07,812499,3407729,Game 2: Both Teams Destroy Inhibitors?,prop,2,2026-08-14 03:00:00,156.9,Yes,40023438874668498144632750208657873382044520843447740625081184081555141180970,0.06,0.5,0.28,0.44,2.69,180.95,183.3,176.0,176.0,176.0,6,9,
2026-08-14 00:23:07,812499,3407729,Game 2: Both Teams Destroy Inhibitors?,prop,2,2026-08-14 03:00:00,156.9,No,484091212595295130994775780202175233930586477475167866439140463580364160749,0.5,0.94,0.72,0.44,176.0,176.0,176.0,49.85,4344.85,4569.21,9,6,
2026-08-14 00:23:07,812499,3407730,Game 2: Any Player Quadra Kill?,prop,2,2026-08-14 03:00:00,156.9,Yes,57512002909106302457374648538616826010950529161110952092924294330557738326260,0.08,0.5,0.29,0.42,177.85,177.85,179.85,176.0,176.0,176.0,5,9,
2026-08-14 00:23:07,812499,3407730,Game 2: Any Player Quadra Kill?,prop,2,2026-08-14 03:00:00,156.9,No,46528999239069913500878472010371195055074690848476631394902559060981264912902,0.5,0.92,0.71,0.42,176.0,176.0,176.0,2359.51,2359.51,2407.51,9,5,
2026-08-14 00:23:07,812499,3407731,Game 2: Any Player Penta Kill?,prop,2,2026-08-14 03:00:00,156.9,Yes,10367002689217741199289369255672046887753394169252950796871025362076925359402,0.01,0.49,0.25,0.48,176.05,176.05,176.05,187.31,187.31,187.31,1,9,
2026-08-14 00:23:07,812499,3407731,Game 2: Any Player Penta Kill?,prop,2,2026-08-14 03:00:00,156.9,No,44629523316220057660997646176727280068477055828540480140172757604033758965591,0.51,0.99,0.75,0.48,187.77,187.77,187.77,17428.95,17428.95,17428.95,9,1,
2026-08-14 00:23:07,812499,3407732,Game 2: Odd/Even Total Kills?,odd_even,2,2026-08-14 03:00:00,156.9,Odd,68118589223287351123746973139702260581892652876242555636600008179922666725119,0.49,0.51,0.5,0.02,131.66,143.64,428.25,138.13,152.19,500.06,15,14,
2026-08-14 00:23:07,812499,3407732,Game 2: Odd/Even Total Kills?,odd_even,2,2026-08-14 03:00:00,156.9,Even,11563884776145307024557473783891356249853220511404723988011218691689405038835,0.49,0.51,0.5,0.02,131.66,143.64,428.25,138.13,152.19,500.06,14,15,
2026-08-14 00:23:07,812499,3407733,Game 3: Both Teams Slay Baron Nashor?,prop,3,2026-08-14 03:00:00,156.9,Yes,15108330882199972065167953232972112332503134649241289853150575394305889536382,0.07,0.99,0.53,0.92,178.06,178.3,182.3,99.99,99.99,99.99,6,1,
2026-08-14 00:23:07,812499,3407733,Game 3: Both Teams Slay Baron Nashor?,prop,3,2026-08-14 03:00:00,156.9,No,11583353539019187263341757865616242101793514605533674611840543623085353915285,0.01,0.93,0.47,0.92,1.01,1.01,1.01,2784.65,2790.46,2953.13,1,6,
2026-08-14 00:23:07,812499,3407734,Game 3: Both Teams Slay a Dragon?,prop,3,2026-08-14 03:00:00,156.9,Yes,86518706067459875316993377887665484784139398669990316039811150778003477248591,0.02,0.76,0.39,0.74,3.01,3.01,3.01,23.56,742.11,742.11,2,9,
2026-08-14 00:23:07,812499,3407734,Game 3: Both Teams Slay a Dragon?,prop,3,2026-08-14 03:00:00,156.9,No,6330268134995515899876922471865852432628309512536344065282936223963491226645,0.24,0.98,0.61,0.74,7.14,199.06,199.06,260.11,260.11,260.11,9,2,
2026-08-14 00:23:07,812499,3407735,Game 3: Both Teams Destroy Inhibitors?,prop,3,2026-08-14 03:00:00,156.9,Yes,46778385251335632815107295958228684502257914370849295054583406222456702799534,0.06,0.98,0.52,0.92,1.64,179.64,182.14,258.48,258.48,258.48,6,2,
2026-08-14 00:23:07,812499,3407735,Game 3: Both Teams Destroy Inhibitors?,prop,3,2026-08-14 03:00:00,156.9,No,17022380444954140080106111683131141599196325846984987422687868734754056013796,0.02,0.94,0.48,0.92,3.01,3.01,3.01,29.55,4318.22,4549.45,2,6,
2026-08-14 00:23:07,812499,3407736,Game 3: Any Player Quadra Kill?,prop,3,2026-08-14 03:00:00,156.9,Yes,89300494282854674899062293591156319703727387411768815627804385407768809680929,0.08,0.99,0.535,0.91,177.85,177.85,179.85,4.95,4.95,4.95,5,1,
2026-08-14 00:23:07,812499,3407736,Game 3: Any Player Quadra Kill?,prop,3,2026-08-14 03:00:00,156.9,No,114001328052018071192312018162667158102721309900817212379891076054206240411645,0.01,0.92,0.465,0.91,0.05,0.05,0.05,2359.51,2359.51,2407.51,1,5,
2026-08-14 00:23:07,812499,3407737,Game 3: Any Player Penta Kill?,prop,3,2026-08-14 03:00:00,156.9,Yes,114930391155820671280932336596912874838796280776517417418481514020573563481141,0.01,0.99,0.5,0.98,176.05,176.05,176.05,4.95,4.95,4.95,1,1,
2026-08-14 00:23:07,812499,3407737,Game 3: Any Player Penta Kill?,prop,3,2026-08-14 03:00:00,156.9,No,25083949550735874000852664968153918873092872242306546089004263953312445332311,0.01,0.99,0.5,0.98,0.05,0.05,0.05,17428.95,17428.95,17428.95,1,1,
2026-08-14 00:23:07,812499,3407738,Game 3: Odd/Even Total Kills?,odd_even,3,2026-08-14 03:00:00,156.9,Odd,55002932149693205039252313297704990705936164068114650496235005232232448118768,0.49,0.51,0.5,0.02,131.66,143.64,428.25,138.13,152.19,500.06,15,15,
2026-08-14 00:23:07,812499,3407738,Game 3: Odd/Even Total Kills?,odd_even,3,2026-08-14 03:00:00,156.9,Even,22731531805730680844471275051506006731851300824476975059046552919830390345510,0.49,0.51,0.5,0.02,131.66,143.64,428.25,138.13,152.19,500.06,15,15,
2026-08-14 00:23:07,826070,3477050,LoL: NRG Esports vs Contingent Esports - Game 1 Winner,map,1,2026-08-14 03:00:00,156.9,NRG Esports,80814790902632668004539328994746617014614315928060173257015852122406695311005,0.8,0.81,0.805,0.01,282.88,2427.06,3255.21,66.64,2923.83,5050.04,22,18,367.074342
2026-08-14 00:23:07,826070,3477050,LoL: NRG Esports vs Contingent Esports - Game 1 Winner,map,1,2026-08-14 03:00:00,156.9,Contingent Esports,107651310737272584966890037363108476219576749219700416899862916279592660232089,0.19,0.2,0.195,0.01,15.31,569.81,931.18,74.36,692.07,968.12,18,22,367.074342
2026-08-14 00:23:07,826070,3477051,LoL: NRG Esports vs Contingent Esports - Game 2 Winner,map,2,2026-08-14 03:00:00,156.9,NRG Esports,7118869453742291045797317815564893062933350229077106358535601493893500087591,0.8,0.81,0.805,0.01,607.6,2515.37,3411.68,1447.12,4691.51,5595.73,22,17,
2026-08-14 00:23:07,826070,3477051,LoL: NRG Esports vs Contingent Esports - Game 2 Winner,map,2,2026-08-14 03:00:00,156.9,Contingent Esports,108002125035495150522720856231525573531669999272447427854984681030770827642415,0.19,0.2,0.195,0.01,326.45,960.72,1107.92,160.88,711.85,1010.62,17,22,
2026-08-14 00:23:07,826070,3477052,LoL: NRG Esports vs Contingent Esports (BO3) - North American Challengers League Group Stage,series,,2026-08-14 03:00:00,156.9,NRG Esports,43038352639417355691707647173859018730749533391426346756399874481168166294619,0.87,0.88,0.875,0.01,1460.38,4689.72,4689.72,8028.83,10920.81,23325.29,56,12,5067.7755130000005
2026-08-14 00:23:07,826070,3477052,LoL: NRG Esports vs Contingent Esports (BO3) - North American Challengers League Group Stage,series,,2026-08-14 03:00:00,156.9,Contingent Esports,84678973437664474131672312186325078675557922490434064743358042746648544685152,0.12,0.13,0.125,0.01,1005.43,1324.48,2310.55,233.63,834.07,834.07,12,56,5067.7755130000005
2026-08-14 00:23:07,826070,3477053,Games Total: O/U 2.5,total_games,,2026-08-14 03:00:00,156.9,Over,55750592239967941703301064844243535772993617325443398709488185293476935877531,0.27,0.29,0.28,0.02,387.2,872.46,897.46,247.69,514.9,671.68,23,30,4997.485029
2026-08-14 00:23:07,826070,3477053,Games Total: O/U 2.5,total_games,,2026-08-14 03:00:00,156.9,Under,82152669265463547990220171689636558584137366588986322786820150257732179196557,0.71,0.73,0.72,0.02,603.67,1176.46,1494.75,1099.83,2561.08,2649.12,30,23,4997.485029
2026-08-14 00:23:07,826070,3477054,Game Handicap: NRG (-1.5) vs Contingent Esports (+1.5),handicap,,2026-08-14 03:00:00,156.9,NRG Esports,95412707328160076383234584804646983201601033147527050227749727111466216606486,0.66,0.67,0.665,0.01,1103.55,4054.79,4454.79,748.92,1829.1,1933.54,34,22,6119.156677
2026-08-14 00:23:07,826070,3477054,Game Handicap: NRG (-1.5) vs Contingent Esports (+1.5),handicap,,2026-08-14 03:00:00,156.9,Contingent Esports,79376817134124206774201685278379459810679800756916708410468012280981017893764,0.33,0.34,0.335,0.01,367.46,850.6,893.26,572.0,2236.81,2481.97,22,34,6119.156677
2026-08-14 00:23:07,826070,3477055,Game 1: Both Teams Slay Baron Nashor?,prop,1,2026-08-14 03:00:00,156.9,Yes,87681573095327547420633314226806041000149028170713311037612514061710912723742,0.05,0.95,0.5,0.9,2.24,4.56,6.68,51.2,161.54,370.87,5,5,
2026-08-14 00:23:07,826070,3477055,Game 1: Both Teams Slay Baron Nashor?,prop,1,2026-08-14 03:00:00,156.9,No,69312485936334009045325800311715558032922672642482501491119421898458006349825,0.05,0.95,0.5,0.9,2.24,4.57,6.68,51.1,161.53,371.63,5,5,
2026-08-14 00:23:07,826070,3477056,Game 1: Both Teams Slay a Dragon?,prop,1,2026-08-14 03:00:00,156.9,Yes,83805735251597132117951173378137346357296339870381814266398461580520007861517,0.3,0.95,0.625,0.65,10.2,20.06,38.37,30.5,142.32,356.09,12,5,
2026-08-14 00:23:07,826070,3477056,Game 1: Both Teams Slay a Dragon?,prop,1,2026-08-14 03:00:00,156.9,No,24156205806670798372110555621724125417579911628083855143977773542489628788926,0.05,0.7,0.375,0.65,1.36,3.72,5.88,24.8,50.71,104.71,5,12,
2026-08-14 00:23:07,826070,3477057,Game 1: Both Teams Destroy Inhibitors?,prop,1,2026-08-14 03:00:00,156.9,Yes,70847180670013690410054498405126312924929675515172003776071312263632441945977,0.01,0.98,0.495,0.97,0.94,0.94,0.94,348.57,348.57,348.57,1,2,
2026-08-14 00:23:07,826070,3477057,Game 1: Both Teams Destroy Inhibitors?,prop,1,2026-08-14 03:00:00,156.9,No,15552457357105246680088345561853174847839914230111380560590702628300617170166,0.02,0.99,0.505,0.97,3.92,3.92,3.92,92.81,92.81,92.81,2,1,
2026-08-14 00:23:07,826070,3477058,Game 1: Any Player Quadra Kill?,prop,1,2026-08-14 03:00:00,156.9,Yes,90611949896330126489333584640484616670727390063723860281928013878403906065721,,,,,0.0,0.0,0.0,0.0,0.0,0.0,0,0,
2026-08-14 00:23:07,826070,3477058,Game 1: Any Player Quadra Kill?,prop,1,2026-08-14 03:00:00,156.9,No,30801089695626298578988776831063320516250144642136439806183847895839275854811,,,,,0.0,0.0,0.0,0.0,0.0,0.0,0,0,
2026-08-14 00:23:07,826070,3477059,Game 1: Any Player Penta Kill?,prop,1,2026-08-14 03:00:00,156.9,Yes,48229925814520007661244111895915992051489252573972834651743984793002069701817,,,,,0.0,0.0,0.0,0.0,0.0,0.0,0,0,
2026-08-14 00:23:07,826070,3477059,Game 1: Any Player Penta Kill?,prop,1,2026-08-14 03:00:00,156.9,No,9305314826584013047090950141969451002924314918612350007363467585821240369066,,,,,0.0,0.0,0.0,0.0,0.0,0.0,0,0,
2026-08-14 00:23:07,826070,3477061,Game 1: Odd/Even Total Kills?,odd_even,1,2026-08-14 03:00:00,156.9,Odd,32494922393258859963201856101328517997010549162018639697250819883519722049068,0.49,0.51,0.5,0.02,7.76,7.76,7.76,8.07,8.07,8.07,11,11,
2026-08-14 00:23:07,826070,3477061,Game 1: Odd/Even Total Kills?,odd_even,1,2026-08-14 03:00:00,156.9,Even,112834540130252099583593253928265938091790513484363299374731806537792656031528,0.49,0.51,0.5,0.02,7.76,7.76,7.76,8.07,8.07,8.07,11,11,
2026-08-14 00:23:07,826070,3477062,Game 2: Both Teams Slay Baron Nashor?,prop,2,2026-08-14 03:00:00,156.9,Yes,55753683192199022612671704126737811310328029678442412170950072602131054587210,0.05,0.95,0.5,0.9,2.23,4.56,6.68,50.77,161.91,371.98,5,5,
2026-08-14 00:23:07,826070,3477062,Game 2: Both Teams Slay Baron Nashor?,prop,2,2026-08-14 03:00:00,156.9,No,55937094852319737792850165512480430449747853756905259274031753275691368112975,0.05,0.95,0.5,0.9,2.22,4.56,6.68,51.08,161.39,371.49,5,5,
2026-08-14 00:23:07,826070,3477063,Game 2: Both Teams Slay a Dragon?,prop,2,2026-08-14 03:00:00,156.9,Yes,48623647428517517453611058807537447198598988098824330225032342676302728625012,0.01,0.95,0.48,0.94,0.96,0.96,0.96,50.93,161.76,371.7,1,5,
2026-08-14 00:23:07,826070,3477063,Game 2: Both Teams Slay a Dragon?,prop,2,2026-08-14 03:00:00,156.9,No,42417195815488111081943362396002926413430486562906704641578354062740797580084,0.05,0.99,0.52,0.94,2.23,4.56,6.68,95.04,95.04,95.04,5,1,
2026-08-14 00:23:07,826070,3477064,Game 2: Both Teams Destroy Inhibitors?,prop,2,2026-08-14 03:00:00,156.9,Yes,23628154900252164597588937639111773709699026601186386386168618417735820690106,0.79,0.86,0.825,0.07,68.38,106.88,106.88,93.71,140.72,178.94,15,10,532.9815600000001
2026-08-14 00:23:07,826070,3477064,Game 2: Both Teams Destroy Inhibitors?,prop,2,2026-08-14 03:00:00,156.9,No,85739117623916471191019361815038085504519438797717701017619191765882696246759,0.14,0.21,0.175,0.07,14.41,20.44,24.44,19.12,30.62,30.62,10,15,532.9815600000001
2026-08-14 00:23:07,826070,3477065,Game 2: Any Player Quadra Kill?,prop,2,2026-08-14 03:00:00,156.9,Yes,53208917334913900389630971292939370679251910829672144758009133122161611227896,,,,,0.0,0.0,0.0,0.0,0.0,0.0,0,0,
2026-08-14 00:23:07,826070,3477065,Game 2: Any Player Quadra Kill?,prop,2,2026-08-14 03:00:00,156.9,No,91070975633974495708697307701836756019763571915749676034097536234325782029896,,,,,0.0,0.0,0.0,0.0,0.0,0.0,0,0,
2026-08-14 00:23:07,826070,3477066,Game 2: Any Player Penta Kill?,prop,2,2026-08-14 03:00:00,156.9,Yes,41553921922748035091195286700334837861150809022270611498614461149967485676553,,,,,0.0,0.0,0.0,0.0,0.0,0.0,0,0,
2026-08-14 00:23:07,826070,3477066,Game 2: Any Player Penta Kill?,prop,2,2026-08-14 03:00:00,156.9,No,72372963262572990351948387093307185909935364431157003295642971589164020329307,,,,,0.0,0.0,0.0,0.0,0.0,0.0,0,0,
2026-08-14 00:23:07,826070,3477067,Game 2: Odd/Even Total Kills?,odd_even,2,2026-08-14 03:00:00,156.9,Odd,51682527872121142820533720760874357541341917877241650283064345652015294503432,0.49,0.51,0.5,0.02,7.76,7.76,7.76,8.07,8.07,8.07,11,11,
2026-08-14 00:23:07,826070,3477067,Game 2: Odd/Even Total Kills?,odd_even,2,2026-08-14 03:00:00,156.9,Even,52462070156083218163210891161506391469503363975012872173381524279777415671009,0.49,0.51,0.5,0.02,7.76,7.76,7.76,8.07,8.07,8.07,11,11,
2026-08-14 00:23:07,826070,3477068,Game 3: Both Teams Slay Baron Nashor?,prop,3,2026-08-14 03:00:00,156.9,Yes,87723048023863233229072489576988122495348581581883475764155604685715254995143,0.05,0.95,0.5,0.9,1.31,3.64,5.76,50.99,161.72,371.52,5,5,
2026-08-14 00:23:07,826070,3477068,Game 3: Both Teams Slay Baron Nashor?,prop,3,2026-08-14 03:00:00,156.9,No,50989255824497521540482389727045524148886656006776316809093754627968185524154,0.05,0.95,0.5,0.9,2.23,4.56,6.68,28.81,139.44,349.54,5,5,
2026-08-14 00:23:07,826070,3477069,Game 3: Both Teams Slay a Dragon?,prop,3,2026-08-14 03:00:00,156.9,Yes,31894618867354587726609743791628570681781025713790850110963430187452605983542,0.01,0.95,0.48,0.94,0.96,0.96,0.96,28.74,139.28,349.97,1,5,
2026-08-14 00:23:07,826070,3477069,Game 3: Both Teams Slay a Dragon?,prop,3,2026-08-14 03:00:00,156.9,No,102454578646280162427313029106444653546026394152408180005140046057337729562773,0.05,0.99,0.52,0.94,1.3,3.63,5.76,95.04,95.04,95.04,5,1,
2026-08-14 00:23:07,826070,3477070,Game 3: Both Teams Destroy Inhibitors?,prop,3,2026-08-14 03:00:00,156.9,Yes,37140353425416026858198430022763744658491197274004779834832527078807411250706,0.05,0.95,0.5,0.9,1.27,3.62,5.74,50.91,161.69,371.79,5,5,
2026-08-14 00:23:07,826070,3477070,Game 3: Both Teams Destroy Inhibitors?,prop,3,2026-08-14 03:00:00,156.9,No,81160108446775656753351553464289021811897715068601840646033017734259696288239,0.05,0.95,0.5,0.9,2.23,4.56,6.68,28.19,139.98,349.28,5,5,
2026-08-14 00:23:07,826070,3477071,Game 3: Any Player Quadra Kill?,prop,3,2026-08-14 03:00:00,156.9,Yes,98730301607993226617635192895346323156884766053134987563113989760237051075734,,,,,0.0,0.0,0.0,0.0,0.0,0.0,0,0,
2026-08-14 00:23:07,826070,3477071,Game 3: Any Player Quadra Kill?,prop,3,2026-08-14 03:00:00,156.9,No,47636245891328174531136161073693506541960443755198252563254227701534011303241,,,,,0.0,0.0,0.0,0.0,0.0,0.0,0,0,
2026-08-14 00:23:07,826070,3477072,Game 3: Any Player Penta Kill?,prop,3,2026-08-14 03:00:00,156.9,Yes,36582442770858592965786294186284019287317276526405187098158230226204042128980,,,,,0.0,0.0,0.0,0.0,0.0,0.0,0,0,
2026-08-14 00:23:07,826070,3477072,Game 3: Any Player Penta Kill?,prop,3,2026-08-14 03:00:00,156.9,No,72354692448307767435386725107072578807273666862716740697784668362154773401142,,,,,0.0,0.0,0.0,0.0,0.0,0.0,0,0,
2026-08-14 00:23:07,826070,3477073,Game 3: Odd/Even Total Kills?,odd_even,3,2026-08-14 03:00:00,156.9,Odd,17265110502119578793708135589809973427915605037445313419433454040796130326698,0.49,0.51,0.5,0.02,7.76,7.76,7.76,8.07,8.07,8.07,11,11,
2026-08-14 00:23:07,826070,3477073,Game 3: Odd/Even Total Kills?,odd_even,3,2026-08-14 03:00:00,156.9,Even,1107446221436908324166515020190090286245833902787500387186505680943047252583,0.49,0.51,0.5,0.02,7.76,7.76,7.76,8.07,8.07,8.07,11,11,
2026-08-14 00:28:43,812499,3407716,LoL: T1 Academy vs Dplus KIA Challengers - Game 1 Winner,map,1,2026-08-14 03:00:00,151.3,T1 Academy,39734844495353304395398396140221540149305519357715269073311726294226019570550,0.6,0.61,0.605,0.01,10925.16,12705.66,14167.16,4042.12,8425.37,9786.82,24,24,52.400048999999996
2026-08-14 00:28:43,812499,3407716,LoL: T1 Academy vs Dplus KIA Challengers - Game 1 Winner,map,1,2026-08-14 03:00:00,151.3,Dplus KIA Challengers,33269339650279858595555088093374570383524449579809902479647974050760364184259,0.39,0.4,0.395,0.01,2578.7,5070.25,5775.98,7568.06,8897.56,10091.06,24,24,52.400048999999996
2026-08-14 00:28:43,812499,3407717,LoL: T1 Academy vs Dplus KIA Challengers - Game 2 Winner,map,2,2026-08-14 03:00:00,151.3,T1 Academy,65413134936637378696103480670341747188714493905423788592364522087047313278527,0.61,0.62,0.615,0.01,672.05,11613.96,12423.3,1684.59,2381.88,3236.42,25,26,24.390242
2026-08-14 00:28:43,812499,3407717,LoL: T1 Academy vs Dplus KIA Challengers - Game 2 Winner,map,2,2026-08-14 03:00:00,151.3,Dplus KIA Challengers,109850116150453228098769636194777220136528900176432751128686947209537047715503,0.38,0.39,0.385,0.01,1012.7,1393.46,1818.52,447.95,8090.24,8720.53,26,25,24.390242
2026-08-14 00:28:43,812499,3407718,LoL: T1 Academy vs Dplus KIA Challengers (BO3) - LCK Challengers League Rounds 3-4 Challenge Group,series,,2026-08-14 03:00:00,151.3,T1 Academy,29334009531926017999172713361554624736754304108781329166019313376852181532606,0.67,0.68,0.675,0.01,16989.36,19391.81,21707.91,2772.12,7862.07,9385.07,53,27,11928.598776999996
2026-08-14 00:28:43,812499,3407718,LoL: T1 Academy vs Dplus KIA Challengers (BO3) - LCK Challengers League Rounds 3-4 Challenge Group,series,,2026-08-14 03:00:00,151.3,Dplus KIA Challengers,86576119660677556215120793453634271480079124875691072264113236209109323222775,0.32,0.33,0.325,0.01,1258.05,3401.28,3978.28,8715.33,10055.63,11459.53,27,53,11928.598776999996
2026-08-14 00:28:43,812499,3407719,Games Total: O/U 2.5,total_games,,2026-08-14 03:00:00,151.3,Over,12254491551645605749999948566783532239763590860890971634914438946306484415625,0.46,0.47,0.465,0.01,163.84,459.08,709.02,196.0,1735.32,1942.29,19,20,24.291665000000002
2026-08-14 00:28:43,812499,3407719,Games Total: O/U 2.5,total_games,,2026-08-14 03:00:00,151.3,Under,68717137278381026545457297595820702026186759179231499229342417358442267129224,0.53,0.54,0.535,0.01,213.5,1805.26,2000.43,199.16,576.76,926.38,20,19,24.291665000000002
2026-08-14 00:28:43,812499,3407720,Game Handicap: T1.A (-1.5) vs Dplus KIA Challengers (+1.5),handicap,,2026-08-14 03:00:00,151.3,T1 Academy,112387528592292424930650532924576804503241362728004667616961247667692272312413,0.37,0.38,0.375,0.01,135.38,673.65,2467.08,40.8,649.84,875.24,19,21,720.61431
2026-08-14 00:28:43,812499,3407720,Game Handicap: T1.A (-1.5) vs Dplus KIA Challengers (+1.5),handicap,,2026-08-14 03:00:00,151.3,Dplus KIA Challengers,94189587113690720225125693998745295556487555508602796811274630370563126617623,0.62,0.63,0.625,0.01,65.41,951.11,1255.71,238.62,1247.79,4888.99,21,19,720.61431
2026-08-14 00:28:43,812499,3407721,Game 1: Both Teams Slay Baron Nashor?,prop,1,2026-08-14 03:00:00,151.3,Yes,40069868393640809104786506776915751658534703452875290458511978206216443518807,0.07,0.5,0.285,0.43,179.23,179.52,183.52,176.0,176.0,176.0,6,9,
2026-08-14 00:28:43,812499,3407721,Game 1: Both Teams Slay Baron Nashor?,prop,1,2026-08-14 03:00:00,151.3,No,50608849903554909222219439429204277119215627374900112590959682663938465769933,0.5,0.93,0.715,0.43,176.0,176.0,176.0,2800.26,2807.12,2969.79,9,6,
2026-08-14 00:28:43,812499,3407722,Game 1: Both Teams Slay a Dragon?,prop,1,2026-08-14 03:00:00,151.3,Yes,64687367087236276548065101683258903075752340820526093114401398914562723872435,0.5,0.79,0.645,0.29,176.0,176.0,176.0,662.09,662.09,729.29,9,7,
2026-08-14 00:28:43,812499,3407722,Game 1: Both Teams Slay a Dragon?,prop,1,2026-08-14 03:00:00,151.3,No,26917764894392864707600724979145293015616736651873463361668909405225770515800,0.21,0.5,0.355,0.29,176.0,176.0,188.8,176.0,176.0,176.0,7,9,
2026-08-14 00:28:43,812499,3407723,Game 1: Both Teams Destroy Inhibitors?,prop,1,2026-08-14 03:00:00,151.3,Yes,90909758418785757498339848282956469721252985181476774447367514416062374905071,0.05,0.5,0.275,0.45,176.4,178.79,180.99,176.0,176.0,176.0,5,9,
2026-08-14 00:28:43,812499,3407723,Game 1: Both Teams Destroy Inhibitors?,prop,1,2026-08-14 03:00:00,151.3,No,97306944816021298866960210528887417854859989203311809746657546857239695639465,0.5,0.95,0.725,0.45,176.0,176.0,176.0,4231.57,4344.77,4562.54,9,5,
2026-08-14 00:28:43,812499,3407724,Game 1: Any Player Quadra Kill?,prop,1,2026-08-14 03:00:00,151.3,Yes,40480664112673814293878383496256759291306966101765432817155796609878716191611,0.08,0.5,0.29,0.42,177.85,177.85,179.85,176.0,176.0,176.0,5,9,
2026-08-14 00:28:43,812499,3407724,Game 1: Any Player Quadra Kill?,prop,1,2026-08-14 03:00:00,151.3,No,14076318087349160081892552307719855776657942293180940006992128639325104402095,0.5,0.92,0.71,0.42,176.0,176.0,176.0,2359.51,2359.51,2407.51,9,5,
2026-08-14 00:28:43,812499,3407725,Game 1: Any Player Penta Kill?,prop,1,2026-08-14 03:00:00,151.3,Yes,83951240816212277150512877212327250889048265428194239222014223541148332980146,0.01,0.49,0.25,0.48,176.05,176.05,176.05,187.31,187.31,187.31,1,9,
2026-08-14 00:28:43,812499,3407725,Game 1: Any Player Penta Kill?,prop,1,2026-08-14 03:00:00,151.3,No,14552533511971407204042061068349266750490465725326712708556780935391488764747,0.51,0.99,0.75,0.48,187.77,187.77,187.77,17428.95,17428.95,17428.95,9,1,
2026-08-14 00:28:43,812499,3407726,Game 1: Odd/Even Total Kills?,odd_even,1,2026-08-14 03:00:00,151.3,Odd,30008734824659626946333304876575234022448750432748410603007444659876904754544,0.49,0.51,0.5,0.02,131.66,143.64,428.25,138.13,152.19,500.06,15,15,
2026-08-14 00:28:43,812499,3407726,Game 1: Odd/Even Total Kills?,odd_even,1,2026-08-14 03:00:00,151.3,Even,99395084138140294423547521803551548703320007241030462665435762504531763643878,0.49,0.51,0.5,0.02,131.66,143.64,428.25,138.13,152.19,500.06,15,15,
2026-08-14 00:28:43,812499,3407727,Game 2: Both Teams Slay Baron Nashor?,prop,2,2026-08-14 03:00:00,151.3,Yes,58129688162656381793690234448367947337214519902641172243030953744164978549829,0.07,0.5,0.285,0.43,179.58,179.87,183.87,176.0,176.0,176.0,6,9,
2026-08-14 00:28:43,812499,3407727,Game 2: Both Teams Slay Baron Nashor?,prop,2,2026-08-14 03:00:00,151.3,No,37784282596358571641116459773582983188118603190781422145404475059195349143098,0.5,0.93,0.715,0.43,176.0,176.0,176.0,2804.92,2811.72,2974.39,9,6,
2026-08-14 00:28:43,812499,3407728,Game 2: Both Teams Slay a Dragon?,prop,2,2026-08-14 03:00:00,151.3,Yes,67100635698749036243996596083856731930110083604846187832565784378462214356906,0.5,0.78,0.64,0.28,176.0,176.0,176.0,732.39,732.39,732.39,9,8,
2026-08-14 00:28:43,812499,3407728,Game 2: Both Teams Slay a Dragon?,prop,2,2026-08-14 03:00:00,151.3,No,42625504916961847735090009072914737766516948044519350934640603247822281703262,0.22,0.5,0.36,0.28,195.7,195.7,195.7,176.0,176.0,176.0,8,9,
2026-08-14 00:28:43,812499,3407729,Game 2: Both Teams Destroy Inhibitors?,prop,2,2026-08-14 03:00:00,151.3,Yes,40023438874668498144632750208657873382044520843447740625081184081555141180970,0.06,0.5,0.28,0.44,2.69,180.95,183.3,176.0,176.0,176.0,6,9,
2026-08-14 00:28:43,812499,3407729,Game 2: Both Teams Destroy Inhibitors?,prop,2,2026-08-14 03:00:00,151.3,No,484091212595295130994775780202175233930586477475167866439140463580364160749,0.5,0.94,0.72,0.44,176.0,176.0,176.0,49.85,4344.85,4569.22,9,6,
2026-08-14 00:28:43,812499,3407730,Game 2: Any Player Quadra Kill?,prop,2,2026-08-14 03:00:00,151.3,Yes,57512002909106302457374648538616826010950529161110952092924294330557738326260,0.08,0.5,0.29,0.42,177.85,177.85,179.85,176.0,176.0,176.0,5,9,
2026-08-14 00:28:43,812499,3407730,Game 2: Any Player Quadra Kill?,prop,2,2026-08-14 03:00:00,151.3,No,46528999239069913500878472010371195055074690848476631394902559060981264912902,0.5,0.92,0.71,0.42,176.0,176.0,176.0,2359.51,2359.51,2407.51,9,5,
2026-08-14 00:28:43,812499,3407731,Game 2: Any Player Penta Kill?,prop,2,2026-08-14 03:00:00,151.3,Yes,10367002689217741199289369255672046887753394169252950796871025362076925359402,0.01,0.49,0.25,0.48,176.05,176.05,176.05,187.31,187.31,187.31,1,9,
2026-08-14 00:28:43,812499,3407731,Game 2: Any Player Penta Kill?,prop,2,2026-08-14 03:00:00,151.3,No,44629523316220057660997646176727280068477055828540480140172757604033758965591,0.51,0.99,0.75,0.48,187.77,187.77,187.77,17428.95,17428.95,17428.95,9,1,
2026-08-14 00:28:43,812499,3407732,Game 2: Odd/Even Total Kills?,odd_even,2,2026-08-14 03:00:00,151.3,Odd,68118589223287351123746973139702260581892652876242555636600008179922666725119,0.49,0.51,0.5,0.02,131.66,143.64,428.25,138.13,152.19,500.06,15,15,
2026-08-14 00:28:43,812499,3407732,Game 2: Odd/Even Total Kills?,odd_even,2,2026-08-14 03:00:00,151.3,Even,11563884776145307024557473783891356249853220511404723988011218691689405038835,0.49,0.51,0.5,0.02,131.66,143.64,428.25,138.13,152.19,500.06,15,15,
2026-08-14 00:28:43,812499,3407733,Game 3: Both Teams Slay Baron Nashor?,prop,3,2026-08-14 03:00:00,151.3,Yes,15108330882199972065167953232972112332503134649241289853150575394305889536382,0.07,0.99,0.53,0.92,178.06,178.3,182.3,99.99,99.99,99.99,6,1,
2026-08-14 00:28:43,812499,3407733,Game 3: Both Teams Slay Baron Nashor?,prop,3,2026-08-14 03:00:00,151.3,No,11583353539019187263341757865616242101793514605533674611840543623085353915285,0.01,0.93,0.47,0.92,1.01,1.01,1.01,2784.65,2790.46,2953.13,1,6,
2026-08-14 00:28:43,812499,3407734,Game 3: Both Teams Slay a Dragon?,prop,3,2026-08-14 03:00:00,151.3,Yes,86518706067459875316993377887665484784139398669990316039811150778003477248591,0.02,0.76,0.39,0.74,3.01,3.01,3.01,23.56,742.11,742.11,2,9,
2026-08-14 00:28:43,812499,3407734,Game 3: Both Teams Slay a Dragon?,prop,3,2026-08-14 03:00:00,151.3,No,6330268134995515899876922471865852432628309512536344065282936223963491226645,0.24,0.98,0.61,0.74,7.14,199.06,199.06,260.11,260.11,260.11,9,2,
2026-08-14 00:28:43,812499,3407735,Game 3: Both Teams Destroy Inhibitors?,prop,3,2026-08-14 03:00:00,151.3,Yes,46778385251335632815107295958228684502257914370849295054583406222456702799534,0.06,0.98,0.52,0.92,1.64,179.64,182.14,258.48,258.48,258.48,6,2,
2026-08-14 00:28:43,812499,3407735,Game 3: Both Teams Destroy Inhibitors?,prop,3,2026-08-14 03:00:00,151.3,No,17022380444954140080106111683131141599196325846984987422687868734754056013796,0.02,0.94,0.48,0.92,3.01,3.01,3.01,29.55,4318.22,4549.45,2,6,
2026-08-14 00:28:43,812499,3407736,Game 3: Any Player Quadra Kill?,prop,3,2026-08-14 03:00:00,151.3,Yes,89300494282854674899062293591156319703727387411768815627804385407768809680929,0.08,0.99,0.535,0.91,177.85,177.85,179.85,4.95,4.95,4.95,5,1,
2026-08-14 00:28:43,812499,3407736,Game 3: Any Player Quadra Kill?,prop,3,2026-08-14 03:00:00,151.3,No,114001328052018071192312018162667158102721309900817212379891076054206240411645,0.01,0.92,0.465,0.91,0.05,0.05,0.05,2359.51,2359.51,2407.51,1,5,
2026-08-14 00:28:43,812499,3407737,Game 3: Any Player Penta Kill?,prop,3,2026-08-14 03:00:00,151.3,Yes,114930391155820671280932336596912874838796280776517417418481514020573563481141,0.01,0.99,0.5,0.98,176.05,176.05,176.05,4.95,4.95,4.95,1,1,
2026-08-14 00:28:43,812499,3407737,Game 3: Any Player Penta Kill?,prop,3,2026-08-14 03:00:00,151.3,No,25083949550735874000852664968153918873092872242306546089004263953312445332311,0.01,0.99,0.5,0.98,0.05,0.05,0.05,17428.95,17428.95,17428.95,1,1,
2026-08-14 00:28:43,812499,3407738,Game 3: Odd/Even Total Kills?,odd_even,3,2026-08-14 03:00:00,151.3,Odd,55002932149693205039252313297704990705936164068114650496235005232232448118768,0.49,0.51,0.5,0.02,131.66,143.64,428.25,138.13,152.19,500.06,15,15,
2026-08-14 00:28:43,812499,3407738,Game 3: Odd/Even Total Kills?,odd_even,3,2026-08-14 03:00:00,151.3,Even,22731531805730680844471275051506006731851300824476975059046552919830390345510,0.49,0.51,0.5,0.02,131.66,143.64,428.25,138.13,152.19,500.06,15,15,
2026-08-14 00:28:43,826070,3477050,LoL: NRG Esports vs Contingent Esports - Game 1 Winner,map,1,2026-08-14 03:00:00,151.3,NRG Esports,80814790902632668004539328994746617014614315928060173257015852122406695311005,0.8,0.81,0.805,0.01,282.88,2427.06,3255.21,66.64,2923.83,5050.04,22,18,367.074342
2026-08-14 00:28:43,826070,3477050,LoL: NRG Esports vs Contingent Esports - Game 1 Winner,map,1,2026-08-14 03:00:00,151.3,Contingent Esports,107651310737272584966890037363108476219576749219700416899862916279592660232089,0.19,0.2,0.195,0.01,15.31,569.81,931.18,74.36,692.07,968.12,18,22,367.074342
2026-08-14 00:28:43,826070,3477051,LoL: NRG Esports vs Contingent Esports - Game 2 Winner,map,2,2026-08-14 03:00:00,151.3,NRG Esports,7118869453742291045797317815564893062933350229077106358535601493893500087591,0.8,0.81,0.805,0.01,607.6,2452.97,3349.28,1447.12,4625.11,5529.33,22,17,
2026-08-14 00:28:43,826070,3477051,LoL: NRG Esports vs Contingent Esports - Game 2 Winner,map,2,2026-08-14 03:00:00,151.3,Contingent Esports,108002125035495150522720856231525573531669999272447427854984681030770827642415,0.19,0.2,0.195,0.01,326.45,947.12,1094.32,160.88,694.25,993.02,17,22,
2026-08-14 00:28:43,826070,3477052,LoL: NRG Esports vs Contingent Esports (BO3) - North American Challengers League Group Stage,series,,2026-08-14 03:00:00,151.3,NRG Esports,43038352639417355691707647173859018730749533391426346756399874481168166294619,0.87,0.88,0.875,0.01,1464.68,4639.54,4639.54,8051.87,10882.65,23287.13,53,12,5067.7755130000005
2026-08-14 00:28:43,826070,3477052,LoL: NRG Esports vs Contingent Esports (BO3) - North American Challengers League Group Stage,series,,2026-08-14 03:00:00,151.3,Contingent Esports,84678973437664474131672312186325078675557922490434064743358042746648544685152,0.12,0.13,0.125,0.01,1008.39,1320.64,2306.71,234.33,825.25,825.25,12,53,5067.7755130000005
2026-08-14 00:28:43,826070,3477053,Games Total: O/U 2.5,total_games,,2026-08-14 03:00:00,151.3,Over,55750592239967941703301064844243535772993617325443398709488185293476935877531,0.27,0.29,0.28,0.02,387.2,872.46,897.46,247.69,514.9,671.68,22,29,4997.485029
2026-08-14 00:28:43,826070,3477053,Games Total: O/U 2.5,total_games,,2026-08-14 03:00:00,151.3,Under,82152669265463547990220171689636558584137366588986322786820150257732179196557,0.71,0.73,0.72,0.02,603.67,1176.46,1494.75,1099.83,2561.08,2649.12,29,22,4997.485029
2026-08-14 00:28:43,826070,3477054,Game Handicap: NRG (-1.5) vs Contingent Esports (+1.5),handicap,,2026-08-14 03:00:00,151.3,NRG Esports,95412707328160076383234584804646983201601033147527050227749727111466216606486,0.66,0.67,0.665,0.01,1103.55,4003.59,4403.59,748.92,1773.9,1878.34,34,22,6119.156677
2026-08-14 00:28:43,826070,3477054,Game Handicap: NRG (-1.5) vs Contingent Esports (+1.5),handicap,,2026-08-14 03:00:00,151.3,Contingent Esports,79376817134124206774201685278379459810679800756916708410468012280981017893764,0.33,0.34,0.335,0.01,367.46,825.8,868.46,572.0,2208.01,2453.17,22,34,6119.156677
2026-08-14 00:28:43,826070,3477055,Game 1: Both Teams Slay Baron Nashor?,prop,1,2026-08-14 03:00:00,151.3,Yes,87681573095327547420633314226806041000149028170713311037612514061710912723742,0.05,0.95,0.5,0.9,2.24,4.56,6.68,51.2,161.54,370.87,5,5,
2026-08-14 00:28:43,826070,3477055,Game 1: Both Teams Slay Baron Nashor?,prop,1,2026-08-14 03:00:00,151.3,No,69312485936334009045325800311715558032922672642482501491119421898458006349825,0.05,0.95,0.5,0.9,2.24,4.57,6.68,51.1,161.53,371.63,5,5,
2026-08-14 00:28:43,826070,3477056,Game 1: Both Teams Slay a Dragon?,prop,1,2026-08-14 03:00:00,151.3,Yes,83805735251597132117951173378137346357296339870381814266398461580520007861517,0.29,0.95,0.62,0.66,11.4,17.4,89.4,30.5,142.32,356.09,9,5,
2026-08-14 00:28:43,826070,3477056,Game 1: Both Teams Slay a Dragon?,prop,1,2026-08-14 03:00:00,151.3,No,24156205806670798372110555621724125417579911628083855143977773542489628788926,0.05,0.71,0.38,0.66,1.36,3.72,5.88,28.6,45.68,273.68,5,9,
2026-08-14 00:28:43,826070,3477057,Game 1: Both Teams Destroy Inhibitors?,prop,1,2026-08-14 03:00:00,151.3,Yes,70847180670013690410054498405126312924929675515172003776071312263632441945977,0.01,0.99,0.5,0.98,0.94,0.94,0.94,95.04,95.04,95.04,1,1,
2026-08-14 00:28:43,826070,3477057,Game 1: Both Teams Destroy Inhibitors?,prop,1,2026-08-14 03:00:00,151.3,No,15552457357105246680088345561853174847839914230111380560590702628300617170166,0.01,0.99,0.5,0.98,0.96,0.96,0.96,92.81,92.81,92.81,1,1,
2026-08-14 00:28:43,826070,3477058,Game 1: Any Player Quadra Kill?,prop,1,2026-08-14 03:00:00,151.3,Yes,90611949896330126489333584640484616670727390063723860281928013878403906065721,,,,,0.0,0.0,0.0,0.0,0.0,0.0,0,0,
2026-08-14 00:28:43,826070,3477058,Game 1: Any Player Quadra Kill?,prop,1,2026-08-14 03:00:00,151.3,No,30801089695626298578988776831063320516250144642136439806183847895839275854811,,,,,0.0,0.0,0.0,0.0,0.0,0.0,0,0,
2026-08-14 00:28:43,826070,3477059,Game 1: Any Player Penta Kill?,prop,1,2026-08-14 03:00:00,151.3,Yes,48229925814520007661244111895915992051489252573972834651743984793002069701817,,,,,0.0,0.0,0.0,0.0,0.0,0.0,0,0,
2026-08-14 00:28:43,826070,3477059,Game 1: Any Player Penta Kill?,prop,1,2026-08-14 03:00:00,151.3,No,9305314826584013047090950141969451002924314918612350007363467585821240369066,,,,,0.0,0.0,0.0,0.0,0.0,0.0,0,0,
2026-08-14 00:28:43,826070,3477061,Game 1: Odd/Even Total Kills?,odd_even,1,2026-08-14 03:00:00,151.3,Odd,32494922393258859963201856101328517997010549162018639697250819883519722049068,0.49,0.51,0.5,0.02,7.76,7.76,7.76,8.07,8.07,8.07,9,9,
2026-08-14 00:28:43,826070,3477061,Game 1: Odd/Even Total Kills?,odd_even,1,2026-08-14 03:00:00,151.3,Even,112834540130252099583593253928265938091790513484363299374731806537792656031528,0.49,0.51,0.5,0.02,7.76,7.76,7.76,8.07,8.07,8.07,9,9,
2026-08-14 00:28:43,826070,3477062,Game 2: Both Teams Slay Baron Nashor?,prop,2,2026-08-14 03:00:00,151.3,Yes,55753683192199022612671704126737811310328029678442412170950072602131054587210,0.05,0.95,0.5,0.9,2.23,4.56,6.68,50.77,161.91,371.99,5,5,
2026-08-14 00:28:43,826070,3477062,Game 2: Both Teams Slay Baron Nashor?,prop,2,2026-08-14 03:00:00,151.3,No,55937094852319737792850165512480430449747853756905259274031753275691368112975,0.05,0.95,0.5,0.9,2.22,4.56,6.68,51.08,161.39,371.52,5,5,
2026-08-14 00:28:43,826070,3477063,Game 2: Both Teams Slay a Dragon?,prop,2,2026-08-14 03:00:00,151.3,Yes,48623647428517517453611058807537447198598988098824330225032342676302728625012,0.01,0.95,0.48,0.94,0.96,0.96,0.96,50.93,161.76,371.7,1,5,
2026-08-14 00:28:43,826070,3477063,Game 2: Both Teams Slay a Dragon?,prop,2,2026-08-14 03:00:00,151.3,No,42417195815488111081943362396002926413430486562906704641578354062740797580084,0.05,0.99,0.52,0.94,2.23,4.56,6.68,95.04,95.04,95.04,5,1,
2026-08-14 00:28:43,826070,3477064,Game 2: Both Teams Destroy Inhibitors?,prop,2,2026-08-14 03:00:00,151.3,Yes,23628154900252164597588937639111773709699026601186386386168618417735820690106,0.79,0.86,0.825,0.07,68.38,106.88,106.88,93.71,140.72,178.94,17,10,532.9815600000001
2026-08-14 00:28:43,826070,3477064,Game 2: Both Teams Destroy Inhibitors?,prop,2,2026-08-14 03:00:00,151.3,No,85739117623916471191019361815038085504519438797717701017619191765882696246759,0.14,0.21,0.175,0.07,14.41,20.44,24.44,19.12,30.62,30.62,10,17,532.9815600000001
2026-08-14 00:28:43,826070,3477065,Game 2: Any Player Quadra Kill?,prop,2,2026-08-14 03:00:00,151.3,Yes,53208917334913900389630971292939370679251910829672144758009133122161611227896,,,,,0.0,0.0,0.0,0.0,0.0,0.0,0,0,
2026-08-14 00:28:43,826070,3477065,Game 2: Any Player Quadra Kill?,prop,2,2026-08-14 03:00:00,151.3,No,91070975633974495708697307701836756019763571915749676034097536234325782029896,,,,,0.0,0.0,0.0,0.0,0.0,0.0,0,0,
2026-08-14 00:28:43,826070,3477066,Game 2: Any Player Penta Kill?,prop,2,2026-08-14 03:00:00,151.3,Yes,41553921922748035091195286700334837861150809022270611498614461149967485676553,,,,,0.0,0.0,0.0,0.0,0.0,0.0,0,0,
2026-08-14 00:28:43,826070,3477066,Game 2: Any Player Penta Kill?,prop,2,2026-08-14 03:00:00,151.3,No,72372963262572990351948387093307185909935364431157003295642971589164020329307,,,,,0.0,0.0,0.0,0.0,0.0,0.0,0,0,
2026-08-14 00:28:43,826070,3477067,Game 2: Odd/Even Total Kills?,odd_even,2,2026-08-14 03:00:00,151.3,Odd,51682527872121142820533720760874357541341917877241650283064345652015294503432,0.49,0.51,0.5,0.02,7.76,7.76,7.76,8.07,8.07,8.07,9,9,
2026-08-14 00:28:43,826070,3477067,Game 2: Odd/Even Total Kills?,odd_even,2,2026-08-14 03:00:00,151.3,Even,52462070156083218163210891161506391469503363975012872173381524279777415671009,0.49,0.51,0.5,0.02,7.76,7.76,7.76,8.07,8.07,8.07,9,9,
2026-08-14 00:28:43,826070,3477068,Game 3: Both Teams Slay Baron Nashor?,prop,3,2026-08-14 03:00:00,151.3,Yes,87723048023863233229072489576988122495348581581883475764155604685715254995143,0.05,0.95,0.5,0.9,1.31,3.64,5.76,50.99,161.72,371.52,5,5,
2026-08-14 00:28:43,826070,3477068,Game 3: Both Teams Slay Baron Nashor?,prop,3,2026-08-14 03:00:00,151.3,No,50989255824497521540482389727045524148886656006776316809093754627968185524154,0.05,0.95,0.5,0.9,2.23,4.56,6.68,28.81,139.44,349.56,5,5,
2026-08-14 00:28:43,826070,3477069,Game 3: Both Teams Slay a Dragon?,prop,3,2026-08-14 03:00:00,151.3,Yes,31894618867354587726609743791628570681781025713790850110963430187452605983542,0.01,0.95,0.48,0.94,0.96,0.96,0.96,28.74,133.7,344.45,1,5,
2026-08-14 00:28:43,826070,3477069,Game 3: Both Teams Slay a Dragon?,prop,3,2026-08-14 03:00:00,151.3,No,102454578646280162427313029106444653546026394152408180005140046057337729562773,0.05,0.99,0.52,0.94,1.3,3.52,5.65,95.04,95.04,95.04,5,1,
2026-08-14 00:28:43,826070,3477070,Game 3: Both Teams Destroy Inhibitors?,prop,3,2026-08-14 03:00:00,151.3,Yes,37140353425416026858198430022763744658491197274004779834832527078807411250706,0.05,0.95,0.5,0.9,1.27,3.62,5.74,50.91,155.89,365.99,5,5,
2026-08-14 00:28:43,826070,3477070,Game 3: Both Teams Destroy Inhibitors?,prop,3,2026-08-14 03:00:00,151.3,No,81160108446775656753351553464289021811897715068601840646033017734259696288239,0.05,0.95,0.5,0.9,2.23,4.44,6.56,28.19,139.98,349.28,5,5,
2026-08-14 00:28:43,826070,3477071,Game 3: Any Player Quadra Kill?,prop,3,2026-08-14 03:00:00,151.3,Yes,98730301607993226617635192895346323156884766053134987563113989760237051075734,,,,,0.0,0.0,0.0,0.0,0.0,0.0,0,0,
2026-08-14 00:28:43,826070,3477071,Game 3: Any Player Quadra Kill?,prop,3,2026-08-14 03:00:00,151.3,No,47636245891328174531136161073693506541960443755198252563254227701534011303241,,,,,0.0,0.0,0.0,0.0,0.0,0.0,0,0,
2026-08-14 00:28:43,826070,3477072,Game 3: Any Player Penta Kill?,prop,3,2026-08-14 03:00:00,151.3,Yes,36582442770858592965786294186284019287317276526405187098158230226204042128980,,,,,0.0,0.0,0.0,0.0,0.0,0.0,0,0,
2026-08-14 00:28:43,826070,3477072,Game 3: Any Player Penta Kill?,prop,3,2026-08-14 03:00:00,151.3,No,72354692448307767435386725107072578807273666862716740697784668362154773401142,,,,,0.0,0.0,0.0,0.0,0.0,0.0,0,0,
2026-08-14 00:28:43,826070,3477073,Game 3: Odd/Even Total Kills?,odd_even,3,2026-08-14 03:00:00,151.3,Odd,17265110502119578793708135589809973427915605037445313419433454040796130326698,0.49,0.51,0.5,0.02,7.76,7.76,7.76,8.07,8.07,8.07,9,9,
2026-08-14 00:28:43,826070,3477073,Game 3: Odd/Even Total Kills?,odd_even,3,2026-08-14 03:00:00,151.3,Even,1107446221436908324166515020190090286245833902787500387186505680943047252583,0.49,0.51,0.5,0.02,7.76,7.76,7.76,8.07,8.07,8.07,9,9,
2026-08-14 00:34:21,812499,3407716,LoL: T1 Academy vs Dplus KIA Challengers - Game 1 Winner,map,1,2026-08-14 03:00:00,145.6,T1 Academy,39734844495353304395398396140221540149305519357715269073311726294226019570550,0.6,0.61,0.605,0.01,10930.16,12710.66,14172.16,4047.2,8430.45,9791.9,20,21,52.400048999999996
2026-08-14 00:34:21,812499,3407716,LoL: T1 Academy vs Dplus KIA Challengers - Game 1 Winner,map,1,2026-08-14 03:00:00,145.6,Dplus KIA Challengers,33269339650279858595555088093374570383524449579809902479647974050760364184259,0.39,0.4,0.395,0.01,2581.95,5073.5,5779.23,7571.39,8900.89,10094.39,21,20,52.400048999999996
2026-08-14 00:34:21,812499,3407717,LoL: T1 Academy vs Dplus KIA Challengers - Game 2 Winner,map,2,2026-08-14 03:00:00,145.6,T1 Academy,65413134936637378696103480670341747188714493905423788592364522087047313278527,0.61,0.62,0.615,0.01,677.05,11618.95,12428.29,1689.67,2386.96,3241.5,20,21,24.390242
2026-08-14 00:34:21,812499,3407717,LoL: T1 Academy vs Dplus KIA Challengers - Game 2 Winner,map,2,2026-08-14 03:00:00,145.6,Dplus KIA Challengers,109850116150453228098769636194777220136528900176432751128686947209537047715503,0.38,0.39,0.385,0.01,1015.81,1396.57,1821.63,451.14,8093.44,8723.73,21,20,24.390242
2026-08-14 00:34:21,812499,3407718,LoL: T1 Academy vs Dplus KIA Challengers (BO3) - LCK Challengers League Rounds 3-4 Challenge Group,series,,2026-08-14 03:00:00,145.6,T1 Academy,29334009531926017999172713361554624736754304108781329166019313376852181532606,0.67,0.68,0.675,0.01,17666.86,20532.57,22848.67,2731.39,8649.94,10172.94,47,25,11928.598776999996
2026-08-14 00:34:21,812499,3407718,LoL: T1 Academy vs Dplus KIA Challengers (BO3) - LCK Challengers League Rounds 3-4 Challenge Group,series,,2026-08-14 03:00:00,145.6,Dplus KIA Challengers,86576119660677556215120793453634271480079124875691072264113236209109323222775,0.32,0.33,0.325,0.01,1244.84,3746.37,4323.37,9063.26,10663.3,12067.2,25,47,11928.598776999996
2026-08-14 00:34:21,812499,3407719,Games Total: O/U 2.5,total_games,,2026-08-14 03:00:00,145.6,Over,12254491551645605749999948566783532239763590860890971634914438946306484415625,0.46,0.47,0.465,0.01,52.98,458.3,913.24,200.43,1739.76,1946.72,18,14,24.291665000000002
2026-08-14 00:34:21,812499,3407719,Games Total: O/U 2.5,total_games,,2026-08-14 03:00:00,145.6,Under,68717137278381026545457297595820702026186759179231499229342417358442267129224,0.53,0.54,0.535,0.01,218.5,1810.25,2005.43,63.45,586.98,1231.59,14,18,24.291665000000002
2026-08-14 00:34:21,812499,3407720,Game Handicap: T1.A (-1.5) vs Dplus KIA Challengers (+1.5),handicap,,2026-08-14 03:00:00,145.6,T1 Academy,112387528592292424930650532924576804503241362728004667616961247667692272312413,0.37,0.38,0.375,0.01,138.36,676.63,2470.06,43.86,652.91,878.31,17,16,720.61431
2026-08-14 00:34:21,812499,3407720,Game Handicap: T1.A (-1.5) vs Dplus KIA Challengers (+1.5),handicap,,2026-08-14 03:00:00,145.6,Dplus KIA Challengers,94189587113690720225125693998745295556487555508602796811274630370563126617623,0.62,0.63,0.625,0.01,70.41,956.1,1260.7,243.7,1252.87,4894.07,16,17,720.61431
2026-08-14 00:34:21,812499,3407721,Game 1: Both Teams Slay Baron Nashor?,prop,1,2026-08-14 03:00:00,145.6,Yes,40069868393640809104786506776915751658534703452875290458511978206216443518807,0.07,0.5,0.285,0.43,179.23,179.52,179.52,176.0,176.0,176.0,4,3,
2026-08-14 00:34:21,812499,3407721,Game 1: Both Teams Slay Baron Nashor?,prop,1,2026-08-14 03:00:00,145.6,No,50608849903554909222219439429204277119215627374900112590959682663938465769933,0.5,0.93,0.715,0.43,176.0,176.0,176.0,2800.26,2807.12,2807.12,3,4,
2026-08-14 00:34:21,812499,3407722,Game 1: Both Teams Slay a Dragon?,prop,1,2026-08-14 03:00:00,145.6,Yes,64687367087236276548065101683258903075752340820526093114401398914562723872435,0.5,0.79,0.645,0.29,176.0,176.0,176.0,662.09,662.09,729.29,3,3,
2026-08-14 00:34:21,812499,3407722,Game 1: Both Teams Slay a Dragon?,prop,1,2026-08-14 03:00:00,145.6,No,26917764894392864707600724979145293015616736651873463361668909405225770515800,0.21,0.5,0.355,0.29,176.0,176.0,188.8,176.0,176.0,176.0,3,3,
2026-08-14 00:34:21,812499,3407723,Game 1: Both Teams Destroy Inhibitors?,prop,1,2026-08-14 03:00:00,145.6,Yes,90909758418785757498339848282956469721252985181476774447367514416062374905071,0.05,0.5,0.275,0.45,176.4,176.79,176.99,176.0,176.0,176.0,5,3,
2026-08-14 00:34:21,812499,3407723,Game 1: Both Teams Destroy Inhibitors?,prop,1,2026-08-14 03:00:00,145.6,No,97306944816021298866960210528887417854859989203311809746657546857239695639465,0.5,0.95,0.725,0.45,176.0,176.0,176.0,4231.57,4246.77,4266.54,3,5,
2026-08-14 00:34:21,812499,3407724,Game 1: Any Player Quadra Kill?,prop,1,2026-08-14 03:00:00,145.6,Yes,40480664112673814293878383496256759291306966101765432817155796609878716191611,0.08,0.5,0.29,0.42,177.85,177.85,177.85,176.0,176.0,176.0,3,3,
2026-08-14 00:34:21,812499,3407724,Game 1: Any Player Quadra Kill?,prop,1,2026-08-14 03:00:00,145.6,No,14076318087349160081892552307719855776657942293180940006992128639325104402095,0.5,0.92,0.71,0.42,176.0,176.0,176.0,2359.51,2359.51,2359.51,3,3,
2026-08-14 00:34:21,812499,3407725,Game 1: Any Player Penta Kill?,prop,1,2026-08-14 03:00:00,145.6,Yes,83951240816212277150512877212327250889048265428194239222014223541148332980146,0.01,0.49,0.25,0.48,176.05,176.05,176.05,187.31,187.31,187.31,1,3,
2026-08-14 00:34:21,812499,3407725,Game 1: Any Player Penta Kill?,prop,1,2026-08-14 03:00:00,145.6,No,14552533511971407204042061068349266750490465725326712708556780935391488764747,0.51,0.99,0.75,0.48,187.77,187.77,187.77,17428.95,17428.95,17428.95,3,1,
2026-08-14 00:34:21,812499,3407726,Game 1: Odd/Even Total Kills?,odd_even,1,2026-08-14 03:00:00,145.6,Odd,30008734824659626946333304876575234022448750432748410603007444659876904754544,0.49,0.51,0.5,0.02,131.66,143.64,428.25,138.13,152.19,500.06,9,9,
2026-08-14 00:34:21,812499,3407726,Game 1: Odd/Even Total Kills?,odd_even,1,2026-08-14 03:00:00,145.6,Even,99395084138140294423547521803551548703320007241030462665435762504531763643878,0.49,0.51,0.5,0.02,131.66,143.64,428.25,138.13,152.19,500.06,9,9,
2026-08-14 00:34:21,812499,3407727,Game 2: Both Teams Slay Baron Nashor?,prop,2,2026-08-14 03:00:00,145.6,Yes,58129688162656381793690234448367947337214519902641172243030953744164978549829,0.07,0.5,0.285,0.43,179.23,179.23,179.23,176.0,176.0,176.0,3,3,
2026-08-14 00:34:21,812499,3407727,Game 2: Both Teams Slay Baron Nashor?,prop,2,2026-08-14 03:00:00,145.6,No,37784282596358571641116459773582983188118603190781422145404475059195349143098,0.5,0.93,0.715,0.43,176.0,176.0,176.0,2800.26,2800.26,2800.26,3,3,
2026-08-14 00:34:21,812499,3407728,Game 2: Both Teams Slay a Dragon?,prop,2,2026-08-14 03:00:00,145.6,Yes,67100635698749036243996596083856731930110083604846187832565784378462214356906,0.5,0.78,0.64,0.28,176.0,176.0,176.0,724.49,724.49,724.49,3,3,
2026-08-14 00:34:21,812499,3407728,Game 2: Both Teams Slay a Dragon?,prop,2,2026-08-14 03:00:00,145.6,No,42625504916961847735090009072914737766516948044519350934640603247822281703262,0.22,0.5,0.36,0.28,193.6,193.6,193.6,176.0,176.0,176.0,3,3,
2026-08-14 00:34:21,812499,3407729,Game 2: Both Teams Destroy Inhibitors?,prop,2,2026-08-14 03:00:00,145.6,Yes,40023438874668498144632750208657873382044520843447740625081184081555141180970,0.06,0.5,0.28,0.44,2.69,178.95,179.3,176.0,176.0,176.0,5,3,
2026-08-14 00:34:21,812499,3407729,Game 2: Both Teams Destroy Inhibitors?,prop,2,2026-08-14 03:00:00,145.6,No,484091212595295130994775780202175233930586477475167866439140463580364160749,0.5,0.94,0.72,0.44,176.0,176.0,176.0,49.85,4280.18,4306.55,3,5,
2026-08-14 00:34:21,812499,3407730,Game 2: Any Player Quadra Kill?,prop,2,2026-08-14 03:00:00,145.6,Yes,57512002909106302457374648538616826010950529161110952092924294330557738326260,0.08,0.5,0.29,0.42,177.85,177.85,177.85,176.0,176.0,176.0,3,3,
2026-08-14 00:34:21,812499,3407730,Game 2: Any Player Quadra Kill?,prop,2,2026-08-14 03:00:00,145.6,No,46528999239069913500878472010371195055074690848476631394902559060981264912902,0.5,0.92,0.71,0.42,176.0,176.0,176.0,2359.51,2359.51,2359.51,3,3,
2026-08-14 00:34:21,812499,3407731,Game 2: Any Player Penta Kill?,prop,2,2026-08-14 03:00:00,145.6,Yes,10367002689217741199289369255672046887753394169252950796871025362076925359402,0.01,0.49,0.25,0.48,176.05,176.05,176.05,187.31,187.31,187.31,1,3,
2026-08-14 00:34:21,812499,3407731,Game 2: Any Player Penta Kill?,prop,2,2026-08-14 03:00:00,145.6,No,44629523316220057660997646176727280068477055828540480140172757604033758965591,0.51,0.99,0.75,0.48,187.77,187.77,187.77,17428.95,17428.95,17428.95,3,1,
2026-08-14 00:34:21,812499,3407732,Game 2: Odd/Even Total Kills?,odd_even,2,2026-08-14 03:00:00,145.6,Odd,68118589223287351123746973139702260581892652876242555636600008179922666725119,0.49,0.51,0.5,0.02,131.66,143.64,428.25,138.13,152.19,500.06,9,9,
2026-08-14 00:34:21,812499,3407732,Game 2: Odd/Even Total Kills?,odd_even,2,2026-08-14 03:00:00,145.6,Even,11563884776145307024557473783891356249853220511404723988011218691689405038835,0.49,0.51,0.5,0.02,131.66,143.64,428.25,138.13,152.19,500.06,9,9,
2026-08-14 00:34:21,812499,3407733,Game 3: Both Teams Slay Baron Nashor?,prop,3,2026-08-14 03:00:00,145.6,Yes,15108330882199972065167953232972112332503134649241289853150575394305889536382,0.07,0.99,0.53,0.92,178.06,178.3,178.3,99.99,99.99,99.99,4,1,
2026-08-14 00:34:21,812499,3407733,Game 3: Both Teams Slay Baron Nashor?,prop,3,2026-08-14 03:00:00,145.6,No,11583353539019187263341757865616242101793514605533674611840543623085353915285,0.01,0.93,0.47,0.92,1.01,1.01,1.01,2784.65,2790.46,2790.46,1,4,
2026-08-14 00:34:21,812499,3407734,Game 3: Both Teams Slay a Dragon?,prop,3,2026-08-14 03:00:00,145.6,Yes,86518706067459875316993377887665484784139398669990316039811150778003477248591,0.01,0.76,0.385,0.75,1.01,1.01,1.01,23.56,742.11,742.11,1,5,
2026-08-14 00:34:21,812499,3407734,Game 3: Both Teams Slay a Dragon?,prop,3,2026-08-14 03:00:00,145.6,No,6330268134995515899876922471865852432628309512536344065282936223963491226645,0.24,0.99,0.615,0.75,7.14,199.06,199.06,99.98,99.98,99.98,5,1,
2026-08-14 00:34:21,812499,3407735,Game 3: Both Teams Destroy Inhibitors?,prop,3,2026-08-14 03:00:00,145.6,Yes,46778385251335632815107295958228684502257914370849295054583406222456702799534,0.06,0.99,0.525,0.93,1.64,177.64,178.14,99.98,99.98,99.98,5,1,
2026-08-14 00:34:21,812499,3407735,Game 3: Both Teams Destroy Inhibitors?,prop,3,2026-08-14 03:00:00,145.6,No,17022380444954140080106111683131141599196325846984987422687868734754056013796,0.01,0.94,0.475,0.93,1.01,1.01,1.01,29.55,4253.55,4286.78,1,5,
2026-08-14 00:34:21,812499,3407736,Game 3: Any Player Quadra Kill?,prop,3,2026-08-14 03:00:00,145.6,Yes,89300494282854674899062293591156319703727387411768815627804385407768809680929,0.08,0.99,0.535,0.91,177.85,177.85,177.85,4.95,4.95,4.95,3,1,
2026-08-14 00:34:21,812499,3407736,Game 3: Any Player Quadra Kill?,prop,3,2026-08-14 03:00:00,145.6,No,114001328052018071192312018162667158102721309900817212379891076054206240411645,0.01,0.92,0.465,0.91,0.05,0.05,0.05,2359.51,2359.51,2359.51,1,3,
2026-08-14 00:34:21,812499,3407737,Game 3: Any Player Penta Kill?,prop,3,2026-08-14 03:00:00,145.6,Yes,114930391155820671280932336596912874838796280776517417418481514020573563481141,0.01,0.99,0.5,0.98,176.05,176.05,176.05,4.95,4.95,4.95,1,1,
2026-08-14 00:34:21,812499,3407737,Game 3: Any Player Penta Kill?,prop,3,2026-08-14 03:00:00,145.6,No,25083949550735874000852664968153918873092872242306546089004263953312445332311,0.01,0.99,0.5,0.98,0.05,0.05,0.05,17428.95,17428.95,17428.95,1,1,
2026-08-14 00:34:21,812499,3407738,Game 3: Odd/Even Total Kills?,odd_even,3,2026-08-14 03:00:00,145.6,Odd,55002932149693205039252313297704990705936164068114650496235005232232448118768,0.49,0.51,0.5,0.02,131.66,143.64,428.25,138.13,152.19,500.06,9,9,
2026-08-14 00:34:21,812499,3407738,Game 3: Odd/Even Total Kills?,odd_even,3,2026-08-14 03:00:00,145.6,Even,22731531805730680844471275051506006731851300824476975059046552919830390345510,0.49,0.51,0.5,0.02,131.66,143.64,428.25,138.13,152.19,500.06,9,9,
2026-08-14 00:34:21,826070,3477050,LoL: NRG Esports vs Contingent Esports - Game 1 Winner,map,1,2026-08-14 03:00:00,145.6,NRG Esports,80814790902632668004539328994746617014614315928060173257015852122406695311005,0.8,0.81,0.805,0.01,282.88,2427.05,3255.2,66.64,5086.59,6098.39,19,12,367.074342
2026-08-14 00:34:21,826070,3477050,LoL: NRG Esports vs Contingent Esports - Game 1 Winner,map,1,2026-08-14 03:00:00,145.6,Contingent Esports,107651310737272584966890037363108476219576749219700416899862916279592660232089,0.19,0.2,0.195,0.01,15.31,993.66,1158.38,74.36,692.07,968.12,12,18,367.074342
2026-08-14 00:34:21,826070,3477051,LoL: NRG Esports vs Contingent Esports - Game 2 Winner,map,2,2026-08-14 03:00:00,145.6,NRG Esports,7118869453742291045797317815564893062933350229077106358535601493893500087591,0.8,0.81,0.805,0.01,612.6,2399.86,3296.17,57.13,4686.91,5922.25,18,13,
2026-08-14 00:34:21,826070,3477051,LoL: NRG Esports vs Contingent Esports - Game 2 Winner,map,2,2026-08-14 03:00:00,145.6,Contingent Esports,108002125035495150522720856231525573531669999272447427854984681030770827642415,0.19,0.2,0.195,0.01,12.69,944.21,1122.06,162.13,679.11,977.88,12,18,
2026-08-14 00:34:21,826070,3477052,LoL: NRG Esports vs Contingent Esports (BO3) - North American Challengers League Group Stage,series,,2026-08-14 03:00:00,145.6,NRG Esports,43038352639417355691707647173859018730749533391426346756399874481168166294619,0.87,0.88,0.875,0.01,1470.05,4712.91,5335.41,8056.92,11634.7,24012.61,54,12,5067.7755130000005
2026-08-14 00:34:21,826070,3477052,LoL: NRG Esports vs Contingent Esports (BO3) - North American Challengers League Group Stage,series,,2026-08-14 03:00:00,145.6,Contingent Esports,84678973437664474131672312186325078675557922490434064743358042746648544685152,0.12,0.13,0.125,0.01,1009.09,1404.34,2388.41,235.13,838.05,965.55,12,54,5067.7755130000005
2026-08-14 00:34:21,826070,3477053,Games Total: O/U 2.5,total_games,,2026-08-14 03:00:00,145.6,Over,55750592239967941703301064844243535772993617325443398709488185293476935877531,0.27,0.29,0.28,0.02,389.1,874.11,899.11,249.74,492.82,649.59,17,25,5001.596138999999
2026-08-14 00:34:21,826070,3477053,Games Total: O/U 2.5,total_games,,2026-08-14 03:00:00,145.6,Under,82152669265463547990220171689636558584137366588986322786820150257732179196557,0.71,0.73,0.72,0.02,608.66,1130.18,1448.48,1104.97,2565.47,2653.51,25,17,5001.596138999999
2026-08-14 00:34:21,826070,3477054,Game Handicap: NRG (-1.5) vs Contingent Esports (+1.5),handicap,,2026-08-14 03:00:00,145.6,NRG Esports,95412707328160076383234584804646983201601033147527050227749727111466216606486,0.66,0.67,0.665,0.01,1108.56,4059.79,4459.79,754.0,1832.99,2045.99,29,19,6266.215499
2026-08-14 00:34:21,826070,3477054,Game Handicap: NRG (-1.5) vs Contingent Esports (+1.5),handicap,,2026-08-14 03:00:00,145.6,Contingent Esports,79376817134124206774201685278379459810679800756916708410468012280981017893764,0.33,0.34,0.335,0.01,369.96,854.29,941.29,574.57,2239.39,2484.55,19,29,6266.215499
2026-08-14 00:34:21,826070,3477055,Game 1: Both Teams Slay Baron Nashor?,prop,1,2026-08-14 03:00:00,145.6,Yes,87681573095327547420633314226806041000149028170713311037612514061710912723742,0.05,0.95,0.5,0.9,2.24,2.56,2.68,51.2,63.54,74.87,5,5,
2026-08-14 00:34:21,826070,3477055,Game 1: Both Teams Slay Baron Nashor?,prop,1,2026-08-14 03:00:00,145.6,No,69312485936334009045325800311715558032922672642482501491119421898458006349825,0.05,0.95,0.5,0.9,2.24,2.57,2.68,51.1,63.53,75.63,5,5,
2026-08-14 00:34:21,826070,3477056,Game 1: Both Teams Slay a Dragon?,prop,1,2026-08-14 03:00:00,145.6,Yes,83805735251597132117951173378137346357296339870381814266398461580520007861517,0.29,0.95,0.62,0.66,5.8,11.8,83.8,30.5,44.32,60.09,4,5,
2026-08-14 00:34:21,826070,3477056,Game 1: Both Teams Slay a Dragon?,prop,1,2026-08-14 03:00:00,145.6,No,24156205806670798372110555621724125417579911628083855143977773542489628788926,0.05,0.71,0.38,0.66,1.36,1.72,1.88,14.2,31.28,259.28,5,4,
2026-08-14 00:34:21,826070,3477057,Game 1: Both Teams Destroy Inhibitors?,prop,1,2026-08-14 03:00:00,145.6,Yes,70847180670013690410054498405126312924929675515172003776071312263632441945977,0.01,0.99,0.5,0.98,0.94,0.94,0.94,95.04,95.04,95.04,1,1,
2026-08-14 00:34:21,826070,3477057,Game 1: Both Teams Destroy Inhibitors?,prop,1,2026-08-14 03:00:00,145.6,No,15552457357105246680088345561853174847839914230111380560590702628300617170166,0.01,0.99,0.5,0.98,0.96,0.96,0.96,92.81,92.81,92.81,1,1,
2026-08-14 00:34:21,826070,3477058,Game 1: Any Player Quadra Kill?,prop,1,2026-08-14 03:00:00,145.6,Yes,90611949896330126489333584640484616670727390063723860281928013878403906065721,,,,,0.0,0.0,0.0,0.0,0.0,0.0,0,0,
2026-08-14 00:34:21,826070,3477058,Game 1: Any Player Quadra Kill?,prop,1,2026-08-14 03:00:00,145.6,No,30801089695626298578988776831063320516250144642136439806183847895839275854811,,,,,0.0,0.0,0.0,0.0,0.0,0.0,0,0,
2026-08-14 00:34:21,826070,3477059,Game 1: Any Player Penta Kill?,prop,1,2026-08-14 03:00:00,145.6,Yes,48229925814520007661244111895915992051489252573972834651743984793002069701817,,,,,0.0,0.0,0.0,0.0,0.0,0.0,0,0,
2026-08-14 00:34:21,826070,3477059,Game 1: Any Player Penta Kill?,prop,1,2026-08-14 03:00:00,145.6,No,9305314826584013047090950141969451002924314918612350007363467585821240369066,,,,,0.0,0.0,0.0,0.0,0.0,0.0,0,0,
2026-08-14 00:34:21,826070,3477061,Game 1: Odd/Even Total Kills?,odd_even,1,2026-08-14 03:00:00,145.6,Odd,32494922393258859963201856101328517997010549162018639697250819883519722049068,0.49,0.51,0.5,0.02,7.76,7.76,7.76,8.07,8.07,8.07,4,4,
2026-08-14 00:34:21,826070,3477061,Game 1: Odd/Even Total Kills?,odd_even,1,2026-08-14 03:00:00,145.6,Even,112834540130252099583593253928265938091790513484363299374731806537792656031528,0.49,0.51,0.5,0.02,7.76,7.76,7.76,8.07,8.07,8.07,4,4,
2026-08-14 00:34:21,826070,3477062,Game 2: Both Teams Slay Baron Nashor?,prop,2,2026-08-14 03:00:00,145.6,Yes,55753683192199022612671704126737811310328029678442412170950072602131054587210,0.05,0.95,0.5,0.9,2.23,2.56,2.68,50.77,63.91,75.99,5,5,
2026-08-14 00:34:21,826070,3477062,Game 2: Both Teams Slay Baron Nashor?,prop,2,2026-08-14 03:00:00,145.6,No,55937094852319737792850165512480430449747853756905259274031753275691368112975,0.05,0.95,0.5,0.9,2.22,2.56,2.68,51.08,63.39,75.52,5,5,
2026-08-14 00:34:21,826070,3477063,Game 2: Both Teams Slay a Dragon?,prop,2,2026-08-14 03:00:00,145.6,Yes,48623647428517517453611058807537447198598988098824330225032342676302728625012,0.01,0.95,0.48,0.94,0.96,0.96,0.96,50.93,63.76,75.7,1,5,
2026-08-14 00:34:21,826070,3477063,Game 2: Both Teams Slay a Dragon?,prop,2,2026-08-14 03:00:00,145.6,No,42417195815488111081943362396002926413430486562906704641578354062740797580084,0.05,0.99,0.52,0.94,2.23,2.56,2.68,95.04,95.04,95.04,5,1,
2026-08-14 00:34:21,826070,3477064,Game 2: Both Teams Destroy Inhibitors?,prop,2,2026-08-14 03:00:00,145.6,Yes,23628154900252164597588937639111773709699026601186386386168618417735820690106,0.79,0.86,0.825,0.07,68.38,106.88,106.88,80.81,110.22,110.22,12,5,532.9815600000001
2026-08-14 00:34:21,826070,3477064,Game 2: Both Teams Destroy Inhibitors?,prop,2,2026-08-14 03:00:00,145.6,No,85739117623916471191019361815038085504519438797717701017619191765882696246759,0.14,0.21,0.175,0.07,12.31,15.94,15.94,19.12,30.62,30.62,5,12,532.9815600000001
2026-08-14 00:34:21,826070,3477065,Game 2: Any Player Quadra Kill?,prop,2,2026-08-14 03:00:00,145.6,Yes,53208917334913900389630971292939370679251910829672144758009133122161611227896,,,,,0.0,0.0,0.0,0.0,0.0,0.0,0,0,
2026-08-14 00:34:21,826070,3477065,Game 2: Any Player Quadra Kill?,prop,2,2026-08-14 03:00:00,145.6,No,91070975633974495708697307701836756019763571915749676034097536234325782029896,,,,,0.0,0.0,0.0,0.0,0.0,0.0,0,0,
2026-08-14 00:34:21,826070,3477066,Game 2: Any Player Penta Kill?,prop,2,2026-08-14 03:00:00,145.6,Yes,41553921922748035091195286700334837861150809022270611498614461149967485676553,,,,,0.0,0.0,0.0,0.0,0.0,0.0,0,0,
2026-08-14 00:34:21,826070,3477066,Game 2: Any Player Penta Kill?,prop,2,2026-08-14 03:00:00,145.6,No,72372963262572990351948387093307185909935364431157003295642971589164020329307,,,,,0.0,0.0,0.0,0.0,0.0,0.0,0,0,
2026-08-14 00:34:21,826070,3477067,Game 2: Odd/Even Total Kills?,odd_even,2,2026-08-14 03:00:00,145.6,Odd,51682527872121142820533720760874357541341917877241650283064345652015294503432,0.49,0.51,0.5,0.02,7.76,7.76,7.76,8.07,8.07,8.07,4,4,
2026-08-14 00:34:21,826070,3477067,Game 2: Odd/Even Total Kills?,odd_even,2,2026-08-14 03:00:00,145.6,Even,52462070156083218163210891161506391469503363975012872173381524279777415671009,0.49,0.51,0.5,0.02,7.76,7.76,7.76,8.07,8.07,8.07,4,4,
2026-08-14 00:34:21,826070,3477068,Game 3: Both Teams Slay Baron Nashor?,prop,3,2026-08-14 03:00:00,145.6,Yes,87723048023863233229072489576988122495348581581883475764155604685715254995143,0.05,0.95,0.5,0.9,1.31,1.31,1.76,50.99,63.72,75.52,3,5,
2026-08-14 00:34:21,826070,3477068,Game 3: Both Teams Slay Baron Nashor?,prop,3,2026-08-14 03:00:00,145.6,No,50989255824497521540482389727045524148886656006776316809093754627968185524154,0.05,0.95,0.5,0.9,2.23,2.56,2.68,28.81,28.81,73.75,5,3,
2026-08-14 00:34:21,826070,3477069,Game 3: Both Teams Slay a Dragon?,prop,3,2026-08-14 03:00:00,145.6,Yes,31894618867354587726609743791628570681781025713790850110963430187452605983542,0.01,0.95,0.48,0.94,0.96,0.96,0.96,28.74,28.74,74.07,1,3,
2026-08-14 00:34:21,826070,3477069,Game 3: Both Teams Slay a Dragon?,prop,3,2026-08-14 03:00:00,145.6,No,102454578646280162427313029106444653546026394152408180005140046057337729562773,0.05,0.99,0.52,0.94,1.3,1.3,1.76,95.04,95.04,95.04,3,1,
2026-08-14 00:34:21,826070,3477070,Game 3: Both Teams Destroy Inhibitors?,prop,3,2026-08-14 03:00:00,145.6,Yes,37140353425416026858198430022763744658491197274004779834832527078807411250706,0.05,0.95,0.5,0.9,1.27,1.62,1.74,50.91,63.72,75.82,5,5,
2026-08-14 00:34:21,826070,3477070,Game 3: Both Teams Destroy Inhibitors?,prop,3,2026-08-14 03:00:00,145.6,No,81160108446775656753351553464289021811897715068601840646033017734259696288239,0.05,0.95,0.5,0.9,2.23,2.56,2.68,28.19,41.98,53.28,5,5,
2026-08-14 00:34:21,826070,3477071,Game 3: Any Player Quadra Kill?,prop,3,2026-08-14 03:00:00,145.6,Yes,98730301607993226617635192895346323156884766053134987563113989760237051075734,,,,,0.0,0.0,0.0,0.0,0.0,0.0,0,0,
2026-08-14 00:34:21,826070,3477071,Game 3: Any Player Quadra Kill?,prop,3,2026-08-14 03:00:00,145.6,No,47636245891328174531136161073693506541960443755198252563254227701534011303241,,,,,0.0,0.0,0.0,0.0,0.0,0.0,0,0,
2026-08-14 00:34:21,826070,3477072,Game 3: Any Player Penta Kill?,prop,3,2026-08-14 03:00:00,145.6,Yes,36582442770858592965786294186284019287317276526405187098158230226204042128980,,,,,0.0,0.0,0.0,0.0,0.0,0.0,0,0,
2026-08-14 00:34:21,826070,3477072,Game 3: Any Player Penta Kill?,prop,3,2026-08-14 03:00:00,145.6,No,72354692448307767435386725107072578807273666862716740697784668362154773401142,,,,,0.0,0.0,0.0,0.0,0.0,0.0,0,0,
2026-08-14 00:34:21,826070,3477073,Game 3: Odd/Even Total Kills?,odd_even,3,2026-08-14 03:00:00,145.6,Odd,17265110502119578793708135589809973427915605037445313419433454040796130326698,0.49,0.51,0.5,0.02,7.76,7.76,7.76,8.07,8.07,8.07,4,4,
2026-08-14 00:34:21,826070,3477073,Game 3: Odd/Even Total Kills?,odd_even,3,2026-08-14 03:00:00,145.6,Even,1107446221436908324166515020190090286245833902787500387186505680943047252583,0.49,0.51,0.5,0.02,7.76,7.76,7.76,8.07,8.07,8.07,4,4,
2026-08-14 00:39:56,812499,3407716,LoL: T1 Academy vs Dplus KIA Challengers - Game 1 Winner,map,1,2026-08-14 03:00:00,140.1,T1 Academy,39734844495353304395398396140221540149305519357715269073311726294226019570550,0.6,0.61,0.605,0.01,10930.16,12193.16,13654.66,4047.2,8142.45,9417.08,19,22,52.400048999999996
2026-08-14 00:39:56,812499,3407716,LoL: T1 Academy vs Dplus KIA Challengers - Game 1 Winner,map,1,2026-08-14 03:00:00,140.1,Dplus KIA Challengers,33269339650279858595555088093374570383524449579809902479647974050760364184259,0.39,0.4,0.395,0.01,2581.95,4911.5,5570.47,7571.39,8518.39,9711.89,22,19,52.400048999999996
2026-08-14 00:39:56,812499,3407717,LoL: T1 Academy vs Dplus KIA Challengers - Game 2 Winner,map,2,2026-08-14 03:00:00,140.1,T1 Academy,65413134936637378696103480670341747188714493905423788592364522087047313278527,0.61,0.62,0.615,0.01,677.05,11618.95,12320.2,1689.67,2111.91,2864.41,20,22,24.390242
2026-08-14 00:39:56,812499,3407717,LoL: T1 Academy vs Dplus KIA Challengers - Game 2 Winner,map,2,2026-08-14 03:00:00,140.1,Dplus KIA Challengers,109850116150453228098769636194777220136528900176432751128686947209537047715503,0.38,0.39,0.385,0.01,1015.81,1248.46,1620.96,451.14,8093.44,8642.19,22,20,24.390242
2026-08-14 00:39:56,812499,3407718,LoL: T1 Academy vs Dplus KIA Challengers (BO3) - LCK Challengers League Rounds 3-4 Challenge Group,series,,2026-08-14 03:00:00,140.1,T1 Academy,29334009531926017999172713361554624736754304108781329166019313376852181532606,0.67,0.68,0.675,0.01,17662.71,19760.42,21793.02,2770.77,7707.21,9230.21,51,26,18548.951127
2026-08-14 00:39:56,812499,3407718,LoL: T1 Academy vs Dplus KIA Challengers (BO3) - LCK Challengers League Rounds 3-4 Challenge Group,series,,2026-08-14 03:00:00,140.1,Dplus KIA Challengers,86576119660677556215120793453634271480079124875691072264113236209109323222775,0.32,0.33,0.325,0.01,1263.38,3346.71,3923.71,9061.29,10229.33,11466.73,26,51,18548.951127
2026-08-14 00:39:56,812499,3407719,Games Total: O/U 2.5,total_games,,2026-08-14 03:00:00,140.1,Over,12254491551645605749999948566783532239763590860890971634914438946306484415625,0.46,0.47,0.465,0.01,52.98,458.3,929.48,200.43,1673.97,1901.53,18,15,24.291665000000002
2026-08-14 00:39:56,812499,3407719,Games Total: O/U 2.5,total_games,,2026-08-14 03:00:00,140.1,Under,68717137278381026545457297595820702026186759179231499229342417358442267129224,0.53,0.54,0.535,0.01,218.5,1744.52,1958.71,63.45,586.98,1254.96,15,18,24.291665000000002
2026-08-14 00:39:56,812499,3407720,Game Handicap: T1.A (-1.5) vs Dplus KIA Challengers (+1.5),handicap,,2026-08-14 03:00:00,140.1,T1 Academy,112387528592292424930650532924576804503241362728004667616961247667692272312413,0.37,0.38,0.375,0.01,138.36,846.63,2589.03,43.86,652.91,878.31,18,18,720.61431
2026-08-14 00:39:56,812499,3407720,Game Handicap: T1.A (-1.5) vs Dplus KIA Challengers (+1.5),handicap,,2026-08-14 03:00:00,140.1,Dplus KIA Challengers,94189587113690720225125693998745295556487555508602796811274630370563126617623,0.62,0.63,0.625,0.01,70.41,956.1,1260.7,243.7,1582.87,5120.47,18,18,720.61431
2026-08-14 00:39:56,812499,3407721,Game 1: Both Teams Slay Baron Nashor?,prop,1,2026-08-14 03:00:00,140.1,Yes,40069868393640809104786506776915751658534703452875290458511978206216443518807,0.06,0.5,0.28,0.44,176.0,176.0,177.01,176.0,176.0,176.0,2,2,
2026-08-14 00:39:56,812499,3407721,Game 1: Both Teams Slay Baron Nashor?,prop,1,2026-08-14 03:00:00,140.1,No,50608849903554909222219439429204277119215627374900112590959682663938465769933,0.5,0.94,0.72,0.44,176.0,176.0,176.0,2757.33,2757.33,2857.31,2,2,
2026-08-14 00:39:56,812499,3407722,Game 1: Both Teams Slay a Dragon?,prop,1,2026-08-14 03:00:00,140.1,Yes,64687367087236276548065101683258903075752340820526093114401398914562723872435,0.5,0.79,0.645,0.29,176.0,176.0,176.0,662.09,662.09,662.09,2,2,
2026-08-14 00:39:56,812499,3407722,Game 1: Both Teams Slay a Dragon?,prop,1,2026-08-14 03:00:00,140.1,No,26917764894392864707600724979145293015616736651873463361668909405225770515800,0.21,0.5,0.355,0.29,176.0,176.0,176.0,176.0,176.0,176.0,2,2,
2026-08-14 00:39:56,812499,3407723,Game 1: Both Teams Destroy Inhibitors?,prop,1,2026-08-14 03:00:00,140.1,Yes,90909758418785757498339848282956469721252985181476774447367514416062374905071,0.05,0.5,0.275,0.45,176.4,176.4,176.99,176.0,176.0,176.0,3,2,
2026-08-14 00:39:56,812499,3407723,Game 1: Both Teams Destroy Inhibitors?,prop,1,2026-08-14 03:00:00,140.1,No,97306944816021298866960210528887417854859989203311809746657546857239695639465,0.5,0.95,0.725,0.45,176.0,176.0,176.0,4231.57,4231.57,4289.88,2,3,
2026-08-14 00:39:56,812499,3407724,Game 1: Any Player Quadra Kill?,prop,1,2026-08-14 03:00:00,140.1,Yes,40480664112673814293878383496256759291306966101765432817155796609878716191611,0.07,0.5,0.285,0.43,176.0,176.0,176.0,176.0,176.0,176.0,2,2,
2026-08-14 00:39:56,812499,3407724,Game 1: Any Player Quadra Kill?,prop,1,2026-08-14 03:00:00,140.1,No,14076318087349160081892552307719855776657942293180940006992128639325104402095,0.5,0.93,0.715,0.43,176.0,176.0,176.0,2338.28,2338.28,2338.28,2,2,
2026-08-14 00:39:56,812499,3407725,Game 1: Any Player Penta Kill?,prop,1,2026-08-14 03:00:00,140.1,Yes,83951240816212277150512877212327250889048265428194239222014223541148332980146,0.01,0.5,0.255,0.49,176.05,176.05,176.05,176.0,176.0,176.0,1,2,
2026-08-14 00:39:56,812499,3407725,Game 1: Any Player Penta Kill?,prop,1,2026-08-14 03:00:00,140.1,No,14552533511971407204042061068349266750490465725326712708556780935391488764747,0.5,0.99,0.745,0.49,176.0,176.0,176.0,17428.95,17428.95,17428.95,2,1,
2026-08-14 00:39:56,812499,3407726,Game 1: Odd/Even Total Kills?,odd_even,1,2026-08-14 03:00:00,140.1,Odd,30008734824659626946333304876575234022448750432748410603007444659876904754544,0.49,0.51,0.5,0.02,131.66,143.64,428.25,138.13,152.19,500.06,9,9,
2026-08-14 00:39:56,812499,3407726,Game 1: Odd/Even Total Kills?,odd_even,1,2026-08-14 03:00:00,140.1,Even,99395084138140294423547521803551548703320007241030462665435762504531763643878,0.49,0.51,0.5,0.02,131.66,143.64,428.25,138.13,152.19,500.06,9,9,
2026-08-14 00:39:56,812499,3407727,Game 2: Both Teams Slay Baron Nashor?,prop,2,2026-08-14 03:00:00,140.1,Yes,58129688162656381793690234448367947337214519902641172243030953744164978549829,0.06,0.5,0.28,0.44,176.0,176.0,177.01,176.0,176.0,176.0,2,2,
2026-08-14 00:39:56,812499,3407727,Game 2: Both Teams Slay Baron Nashor?,prop,2,2026-08-14 03:00:00,140.1,No,37784282596358571641116459773582983188118603190781422145404475059195349143098,0.5,0.94,0.72,0.44,176.0,176.0,176.0,2757.33,2757.33,2857.31,2,2,
2026-08-14 00:39:56,812499,3407728,Game 2: Both Teams Slay a Dragon?,prop,2,2026-08-14 03:00:00,140.1,Yes,67100635698749036243996596083856731930110083604846187832565784378462214356906,0.5,0.79,0.645,0.29,176.0,176.0,176.0,662.09,662.09,662.09,2,2,
2026-08-14 00:39:56,812499,3407728,Game 2: Both Teams Slay a Dragon?,prop,2,2026-08-14 03:00:00,140.1,No,42625504916961847735090009072914737766516948044519350934640603247822281703262,0.21,0.5,0.355,0.29,176.0,176.0,176.0,176.0,176.0,176.0,2,2,
2026-08-14 00:39:56,812499,3407729,Game 2: Both Teams Destroy Inhibitors?,prop,2,2026-08-14 03:00:00,140.1,Yes,40023438874668498144632750208657873382044520843447740625081184081555141180970,0.05,0.5,0.275,0.45,176.37,176.37,176.99,176.0,176.0,176.0,3,2,
2026-08-14 00:39:56,812499,3407729,Game 2: Both Teams Destroy Inhibitors?,prop,2,2026-08-14 03:00:00,140.1,No,484091212595295130994775780202175233930586477475167866439140463580364160749,0.5,0.95,0.725,0.45,176.0,176.0,176.0,4231.1,4231.1,4291.88,2,3,
2026-08-14 00:39:56,812499,3407730,Game 2: Any Player Quadra Kill?,prop,2,2026-08-14 03:00:00,140.1,Yes,57512002909106302457374648538616826010950529161110952092924294330557738326260,0.07,0.5,0.285,0.43,176.0,176.0,176.0,176.0,176.0,176.0,2,2,
2026-08-14 00:39:56,812499,3407730,Game 2: Any Player Quadra Kill?,prop,2,2026-08-14 03:00:00,140.1,No,46528999239069913500878472010371195055074690848476631394902559060981264912902,0.5,0.93,0.715,0.43,176.0,176.0,176.0,2338.28,2338.28,2338.28,2,2,
2026-08-14 00:39:56,812499,3407731,Game 2: Any Player Penta Kill?,prop,2,2026-08-14 03:00:00,140.1,Yes,10367002689217741199289369255672046887753394169252950796871025362076925359402,0.01,0.5,0.255,0.49,176.05,176.05,176.05,176.0,176.0,176.0,1,2,
2026-08-14 00:39:56,812499,3407731,Game 2: Any Player Penta Kill?,prop,2,2026-08-14 03:00:00,140.1,No,44629523316220057660997646176727280068477055828540480140172757604033758965591,0.5,0.99,0.745,0.49,176.0,176.0,176.0,17428.95,17428.95,17428.95,2,1,
2026-08-14 00:39:56,812499,3407732,Game 2: Odd/Even Total Kills?,odd_even,2,2026-08-14 03:00:00,140.1,Odd,68118589223287351123746973139702260581892652876242555636600008179922666725119,0.49,0.51,0.5,0.02,131.66,143.64,428.25,138.13,152.19,500.06,8,9,
2026-08-14 00:39:56,812499,3407732,Game 2: Odd/Even Total Kills?,odd_even,2,2026-08-14 03:00:00,140.1,Even,11563884776145307024557473783891356249853220511404723988011218691689405038835,0.49,0.51,0.5,0.02,131.66,143.64,428.25,138.13,152.19,500.06,9,8,
2026-08-14 00:39:56,812499,3407733,Game 3: Both Teams Slay Baron Nashor?,prop,3,2026-08-14 03:00:00,140.1,Yes,15108330882199972065167953232972112332503134649241289853150575394305889536382,0.07,0.99,0.53,0.92,176.4,176.4,176.4,99.99,99.99,99.99,3,1,
2026-08-14 00:39:56,812499,3407733,Game 3: Both Teams Slay Baron Nashor?,prop,3,2026-08-14 03:00:00,140.1,No,11583353539019187263341757865616242101793514605533674611840543623085353915285,0.01,0.93,0.47,0.92,1.01,1.01,1.01,2762.69,2762.69,2762.69,1,3,
2026-08-14 00:39:56,812499,3407734,Game 3: Both Teams Slay a Dragon?,prop,3,2026-08-14 03:00:00,140.1,Yes,86518706067459875316993377887665484784139398669990316039811150778003477248591,0.01,0.76,0.385,0.75,1.01,1.01,1.01,5.79,724.34,724.34,1,4,
2026-08-14 00:39:56,812499,3407734,Game 3: Both Teams Slay a Dragon?,prop,3,2026-08-14 03:00:00,140.1,No,6330268134995515899876922471865852432628309512536344065282936223963491226645,0.24,0.99,0.615,0.75,1.83,193.75,193.75,99.98,99.98,99.98,4,1,
2026-08-14 00:39:56,812499,3407735,Game 3: Both Teams Destroy Inhibitors?,prop,3,2026-08-14 03:00:00,140.1,Yes,46778385251335632815107295958228684502257914370849295054583406222456702799534,0.05,0.99,0.52,0.94,176.49,176.49,176.99,99.98,99.98,99.98,3,1,
2026-08-14 00:39:56,812499,3407735,Game 3: Both Teams Destroy Inhibitors?,prop,3,2026-08-14 03:00:00,140.1,No,17022380444954140080106111683131141599196325846984987422687868734754056013796,0.01,0.95,0.48,0.94,1.01,1.01,1.01,4233.26,4233.26,4282.75,1,3,
2026-08-14 00:39:56,812499,3407736,Game 3: Any Player Quadra Kill?,prop,3,2026-08-14 03:00:00,140.1,Yes,89300494282854674899062293591156319703727387411768815627804385407768809680929,0.07,0.99,0.53,0.92,176.0,176.0,176.0,4.95,4.95,4.95,2,1,
2026-08-14 00:39:56,812499,3407736,Game 3: Any Player Quadra Kill?,prop,3,2026-08-14 03:00:00,140.1,No,114001328052018071192312018162667158102721309900817212379891076054206240411645,0.01,0.93,0.47,0.92,0.05,0.05,0.05,2338.28,2338.28,2338.28,1,2,
2026-08-14 00:39:56,812499,3407737,Game 3: Any Player Penta Kill?,prop,3,2026-08-14 03:00:00,140.1,Yes,114930391155820671280932336596912874838796280776517417418481514020573563481141,0.01,0.99,0.5,0.98,176.05,176.05,176.05,4.95,4.95,4.95,1,1,
2026-08-14 00:39:56,812499,3407737,Game 3: Any Player Penta Kill?,prop,3,2026-08-14 03:00:00,140.1,No,25083949550735874000852664968153918873092872242306546089004263953312445332311,0.01,0.99,0.5,0.98,0.05,0.05,0.05,17428.95,17428.95,17428.95,1,1,
2026-08-14 00:39:56,812499,3407738,Game 3: Odd/Even Total Kills?,odd_even,3,2026-08-14 03:00:00,140.1,Odd,55002932149693205039252313297704990705936164068114650496235005232232448118768,0.49,0.51,0.5,0.02,131.66,143.64,428.25,138.13,152.19,500.06,9,9,
2026-08-14 00:39:56,812499,3407738,Game 3: Odd/Even Total Kills?,odd_even,3,2026-08-14 03:00:00,140.1,Even,22731531805730680844471275051506006731851300824476975059046552919830390345510,0.49,0.51,0.5,0.02,131.66,143.64,428.25,138.13,152.19,500.06,9,9,
2026-08-14 00:39:56,826070,3477050,LoL: NRG Esports vs Contingent Esports - Game 1 Winner,map,1,2026-08-14 03:00:00,140.1,NRG Esports,80814790902632668004539328994746617014614315928060173257015852122406695311005,0.8,0.81,0.805,0.01,141.92,2317.29,2317.29,66.64,4846.67,5883.77,17,12,367.074342
2026-08-14 00:39:56,826070,3477050,LoL: NRG Esports vs Contingent Esports - Game 1 Winner,map,1,2026-08-14 03:00:00,140.1,Contingent Esports,107651310737272584966890037363108476219576749219700416899862916279592660232089,0.19,0.2,0.195,0.01,15.31,947.97,1116.79,37.39,663.91,663.91,12,17,367.074342
2026-08-14 00:39:56,826070,3477051,LoL: NRG Esports vs Contingent Esports - Game 2 Winner,map,2,2026-08-14 03:00:00,140.1,NRG Esports,7118869453742291045797317815564893062933350229077106358535601493893500087591,0.8,0.81,0.805,0.01,612.6,2394.08,2394.08,57.13,4773.95,5678.17,18,12,
2026-08-14 00:39:56,826070,3477051,LoL: NRG Esports vs Contingent Esports - Game 2 Winner,map,2,2026-08-14 03:00:00,140.1,Contingent Esports,108002125035495150522720856231525573531669999272447427854984681030770827642415,0.19,0.2,0.195,0.01,12.69,936.01,1083.21,162.13,677.49,677.49,12,18,
2026-08-14 00:39:56,826070,3477052,LoL: NRG Esports vs Contingent Esports (BO3) - North American Challengers League Group Stage,series,,2026-08-14 03:00:00,140.1,NRG Esports,43038352639417355691707647173859018730749533391426346756399874481168166294619,0.87,0.88,0.875,0.01,1470.05,4211.62,4211.62,7233.67,10136.45,22514.36,50,12,5067.7755130000005
2026-08-14 00:39:56,826070,3477052,LoL: NRG Esports vs Contingent Esports (BO3) - North American Challengers League Group Stage,series,,2026-08-14 03:00:00,140.1,Contingent Esports,84678973437664474131672312186325078675557922490434064743358042746648544685152,0.12,0.13,0.125,0.01,907.34,1227.59,2211.66,235.13,742.56,742.56,12,50,5067.7755130000005
2026-08-14 00:39:56,826070,3477053,Games Total: O/U 2.5,total_games,,2026-08-14 03:00:00,140.1,Over,55750592239967941703301064844243535772993617325443398709488185293476935877531,0.28,0.29,0.285,0.01,39.76,726.87,762.55,225.74,278.26,386.65,19,35,5001.596138999999
2026-08-14 00:39:56,826070,3477053,Games Total: O/U 2.5,total_games,,2026-08-14 03:00:00,140.1,Under,82152669265463547990220171689636558584137366588986322786820150257732179196557,0.71,0.72,0.715,0.01,552.66,668.14,887.04,104.28,2119.27,2232.82,35,19,5001.596138999999
2026-08-14 00:39:56,826070,3477054,Game Handicap: NRG (-1.5) vs Contingent Esports (+1.5),handicap,,2026-08-14 03:00:00,140.1,NRG Esports,95412707328160076383234584804646983201601033147527050227749727111466216606486,0.66,0.67,0.665,0.01,1108.56,4059.79,4459.79,754.0,1832.99,2045.99,31,21,6266.215499
2026-08-14 00:39:56,826070,3477054,Game Handicap: NRG (-1.5) vs Contingent Esports (+1.5),handicap,,2026-08-14 03:00:00,140.1,Contingent Esports,79376817134124206774201685278379459810679800756916708410468012280981017893764,0.33,0.34,0.335,0.01,369.96,854.29,941.29,574.57,2239.39,2484.55,21,31,6266.215499
2026-08-14 00:39:56,826070,3477055,Game 1: Both Teams Slay Baron Nashor?,prop,1,2026-08-14 03:00:00,140.1,Yes,87681573095327547420633314226806041000149028170713311037612514061710912723742,0.01,0.99,0.5,0.98,0.96,0.96,0.96,95.03,95.03,95.03,1,1,
2026-08-14 00:39:56,826070,3477055,Game 1: Both Teams Slay Baron Nashor?,prop,1,2026-08-14 03:00:00,140.1,No,69312485936334009045325800311715558032922672642482501491119421898458006349825,0.01,0.99,0.5,0.98,0.96,0.96,0.96,95.04,95.04,95.04,1,1,
2026-08-14 00:39:56,826070,3477056,Game 1: Both Teams Slay a Dragon?,prop,1,2026-08-14 03:00:00,140.1,Yes,83805735251597132117951173378137346357296339870381814266398461580520007861517,0.24,0.99,0.615,0.75,72.0,72.0,72.0,95.03,95.03,95.03,2,1,
2026-08-14 00:39:56,826070,3477056,Game 1: Both Teams Slay a Dragon?,prop,1,2026-08-14 03:00:00,140.1,No,24156205806670798372110555621724125417579911628083855143977773542489628788926,0.01,0.76,0.385,0.75,0.96,0.96,0.96,228.0,228.0,228.0,1,2,
2026-08-14 00:39:56,826070,3477057,Game 1: Both Teams Destroy Inhibitors?,prop,1,2026-08-14 03:00:00,140.1,Yes,70847180670013690410054498405126312924929675515172003776071312263632441945977,0.01,0.99,0.5,0.98,0.94,0.94,0.94,95.04,95.04,95.04,1,1,
2026-08-14 00:39:56,826070,3477057,Game 1: Both Teams Destroy Inhibitors?,prop,1,2026-08-14 03:00:00,140.1,No,15552457357105246680088345561853174847839914230111380560590702628300617170166,0.01,0.99,0.5,0.98,0.96,0.96,0.96,92.81,92.81,92.81,1,1,
2026-08-14 00:39:56,826070,3477058,Game 1: Any Player Quadra Kill?,prop,1,2026-08-14 03:00:00,140.1,Yes,90611949896330126489333584640484616670727390063723860281928013878403906065721,,,,,0.0,0.0,0.0,0.0,0.0,0.0,0,0,
2026-08-14 00:39:56,826070,3477058,Game 1: Any Player Quadra Kill?,prop,1,2026-08-14 03:00:00,140.1,No,30801089695626298578988776831063320516250144642136439806183847895839275854811,,,,,0.0,0.0,0.0,0.0,0.0,0.0,0,0,
2026-08-14 00:39:56,826070,3477059,Game 1: Any Player Penta Kill?,prop,1,2026-08-14 03:00:00,140.1,Yes,48229925814520007661244111895915992051489252573972834651743984793002069701817,,,,,0.0,0.0,0.0,0.0,0.0,0.0,0,0,
2026-08-14 00:39:56,826070,3477059,Game 1: Any Player Penta Kill?,prop,1,2026-08-14 03:00:00,140.1,No,9305314826584013047090950141969451002924314918612350007363467585821240369066,,,,,0.0,0.0,0.0,0.0,0.0,0.0,0,0,
2026-08-14 00:39:56,826070,3477061,Game 1: Odd/Even Total Kills?,odd_even,1,2026-08-14 03:00:00,140.1,Odd,32494922393258859963201856101328517997010549162018639697250819883519722049068,0.49,0.51,0.5,0.02,7.76,7.76,7.76,8.07,8.07,8.07,4,4,
2026-08-14 00:39:56,826070,3477061,Game 1: Odd/Even Total Kills?,odd_even,1,2026-08-14 03:00:00,140.1,Even,112834540130252099583593253928265938091790513484363299374731806537792656031528,0.49,0.51,0.5,0.02,7.76,7.76,7.76,8.07,8.07,8.07,4,4,
2026-08-14 00:39:56,826070,3477062,Game 2: Both Teams Slay Baron Nashor?,prop,2,2026-08-14 03:00:00,140.1,Yes,55753683192199022612671704126737811310328029678442412170950072602131054587210,0.01,0.99,0.5,0.98,0.96,0.96,0.96,95.04,95.04,95.04,1,1,
2026-08-14 00:39:56,826070,3477062,Game 2: Both Teams Slay Baron Nashor?,prop,2,2026-08-14 03:00:00,140.1,No,55937094852319737792850165512480430449747853756905259274031753275691368112975,0.01,0.99,0.5,0.98,0.96,0.96,0.96,95.03,95.03,95.03,1,1,
2026-08-14 00:39:56,826070,3477063,Game 2: Both Teams Slay a Dragon?,prop,2,2026-08-14 03:00:00,140.1,Yes,48623647428517517453611058807537447198598988098824330225032342676302728625012,0.01,0.99,0.5,0.98,0.96,0.96,0.96,95.03,95.03,95.03,1,1,
2026-08-14 00:39:56,826070,3477063,Game 2: Both Teams Slay a Dragon?,prop,2,2026-08-14 03:00:00,140.1,No,42417195815488111081943362396002926413430486562906704641578354062740797580084,0.01,0.99,0.5,0.98,0.96,0.96,0.96,95.04,95.04,95.04,1,1,
2026-08-14 00:39:56,826070,3477064,Game 2: Both Teams Destroy Inhibitors?,prop,2,2026-08-14 03:00:00,140.1,Yes,23628154900252164597588937639111773709699026601186386386168618417735820690106,0.78,0.99,0.885,0.21,39.0,39.0,39.0,95.03,95.03,95.03,8,1,532.9815600000001
2026-08-14 00:39:56,826070,3477064,Game 2: Both Teams Destroy Inhibitors?,prop,2,2026-08-14 03:00:00,140.1,No,85739117623916471191019361815038085504519438797717701017619191765882696246759,0.01,0.22,0.115,0.21,0.96,0.96,0.96,11.0,11.0,11.0,1,8,532.9815600000001
2026-08-14 00:39:56,826070,3477065,Game 2: Any Player Quadra Kill?,prop,2,2026-08-14 03:00:00,140.1,Yes,53208917334913900389630971292939370679251910829672144758009133122161611227896,,,,,0.0,0.0,0.0,0.0,0.0,0.0,0,0,
2026-08-14 00:39:56,826070,3477065,Game 2: Any Player Quadra Kill?,prop,2,2026-08-14 03:00:00,140.1,No,91070975633974495708697307701836756019763571915749676034097536234325782029896,,,,,0.0,0.0,0.0,0.0,0.0,0.0,0,0,
2026-08-14 00:39:56,826070,3477066,Game 2: Any Player Penta Kill?,prop,2,2026-08-14 03:00:00,140.1,Yes,41553921922748035091195286700334837861150809022270611498614461149967485676553,,,,,0.0,0.0,0.0,0.0,0.0,0.0,0,0,
2026-08-14 00:39:56,826070,3477066,Game 2: Any Player Penta Kill?,prop,2,2026-08-14 03:00:00,140.1,No,72372963262572990351948387093307185909935364431157003295642971589164020329307,,,,,0.0,0.0,0.0,0.0,0.0,0.0,0,0,
2026-08-14 00:39:56,826070,3477067,Game 2: Odd/Even Total Kills?,odd_even,2,2026-08-14 03:00:00,140.1,Odd,51682527872121142820533720760874357541341917877241650283064345652015294503432,0.49,0.51,0.5,0.02,7.76,7.76,7.76,8.07,8.07,8.07,4,4,
2026-08-14 00:39:56,826070,3477067,Game 2: Odd/Even Total Kills?,odd_even,2,2026-08-14 03:00:00,140.1,Even,52462070156083218163210891161506391469503363975012872173381524279777415671009,0.49,0.51,0.5,0.02,7.76,7.76,7.76,8.07,8.07,8.07,4,4,
2026-08-14 00:39:56,826070,3477068,Game 3: Both Teams Slay Baron Nashor?,prop,3,2026-08-14 03:00:00,140.1,Yes,87723048023863233229072489576988122495348581581883475764155604685715254995143,0.01,0.99,0.5,0.98,0.96,0.96,0.96,89.7,89.7,89.7,1,1,
2026-08-14 00:39:56,826070,3477068,Game 3: Both Teams Slay Baron Nashor?,prop,3,2026-08-14 03:00:00,140.1,No,50989255824497521540482389727045524148886656006776316809093754627968185524154,0.01,0.99,0.5,0.98,0.91,0.91,0.91,95.03,95.03,95.03,1,1,
2026-08-14 00:39:56,826070,3477069,Game 3: Both Teams Slay a Dragon?,prop,3,2026-08-14 03:00:00,140.1,Yes,31894618867354587726609743791628570681781025713790850110963430187452605983542,0.01,0.99,0.5,0.98,0.96,0.96,0.96,95.03,95.03,95.03,1,1,
2026-08-14 00:39:56,826070,3477069,Game 3: Both Teams Slay a Dragon?,prop,3,2026-08-14 03:00:00,140.1,No,102454578646280162427313029106444653546026394152408180005140046057337729562773,0.01,0.99,0.5,0.98,0.96,0.96,0.96,95.04,95.04,95.04,1,1,
2026-08-14 00:39:56,826070,3477070,Game 3: Both Teams Destroy Inhibitors?,prop,3,2026-08-14 03:00:00,140.1,Yes,37140353425416026858198430022763744658491197274004779834832527078807411250706,0.01,0.99,0.5,0.98,0.94,0.94,0.94,95.04,95.04,95.04,1,1,
2026-08-14 00:39:56,826070,3477070,Game 3: Both Teams Destroy Inhibitors?,prop,3,2026-08-14 03:00:00,140.1,No,81160108446775656753351553464289021811897715068601840646033017734259696288239,0.01,0.99,0.5,0.98,0.96,0.96,0.96,92.81,92.81,92.81,1,1,
2026-08-14 00:39:56,826070,3477071,Game 3: Any Player Quadra Kill?,prop,3,2026-08-14 03:00:00,140.1,Yes,98730301607993226617635192895346323156884766053134987563113989760237051075734,,,,,0.0,0.0,0.0,0.0,0.0,0.0,0,0,
2026-08-14 00:39:56,826070,3477071,Game 3: Any Player Quadra Kill?,prop,3,2026-08-14 03:00:00,140.1,No,47636245891328174531136161073693506541960443755198252563254227701534011303241,,,,,0.0,0.0,0.0,0.0,0.0,0.0,0,0,
2026-08-14 00:39:56,826070,3477072,Game 3: Any Player Penta Kill?,prop,3,2026-08-14 03:00:00,140.1,Yes,36582442770858592965786294186284019287317276526405187098158230226204042128980,,,,,0.0,0.0,0.0,0.0,0.0,0.0,0,0,
2026-08-14 00:39:56,826070,3477072,Game 3: Any Player Penta Kill?,prop,3,2026-08-14 03:00:00,140.1,No,72354692448307767435386725107072578807273666862716740697784668362154773401142,,,,,0.0,0.0,0.0,0.0,0.0,0.0,0,0,
2026-08-14 00:39:56,826070,3477073,Game 3: Odd/Even Total Kills?,odd_even,3,2026-08-14 03:00:00,140.1,Odd,17265110502119578793708135589809973427915605037445313419433454040796130326698,0.49,0.51,0.5,0.02,7.76,7.76,7.76,8.07,8.07,8.07,4,4,
2026-08-14 00:39:56,826070,3477073,Game 3: Odd/Even Total Kills?,odd_even,3,2026-08-14 03:00:00,140.1,Even,1107446221436908324166515020190090286245833902787500387186505680943047252583,0.49,0.51,0.5,0.02,7.76,7.76,7.76,8.07,8.07,8.07,4,4,
2026-08-14 00:45:33,812499,3407716,LoL: T1 Academy vs Dplus KIA Challengers - Game 1 Winner,map,1,2026-08-14 03:00:00,134.4,T1 Academy,39734844495353304395398396140221540149305519357715269073311726294226019570550,0.6,0.61,0.605,0.01,10930.16,12710.66,14172.16,4047.2,8430.45,9904.49,19,20,52.400048999999996
2026-08-14 00:45:33,812499,3407716,LoL: T1 Academy vs Dplus KIA Challengers - Game 1 Winner,map,1,2026-08-14 03:00:00,134.4,Dplus KIA Challengers,33269339650279858595555088093374570383524449579809902479647974050760364184259,0.39,0.4,0.395,0.01,2581.95,5073.5,5837.62,7571.39,8900.89,10094.39,20,19,52.400048999999996
2026-08-14 00:45:33,812499,3407717,LoL: T1 Academy vs Dplus KIA Challengers - Game 2 Winner,map,2,2026-08-14 03:00:00,134.4,T1 Academy,65413134936637378696103480670341747188714493905423788592364522087047313278527,0.61,0.62,0.615,0.01,677.05,11618.95,12460.32,1689.67,2169.8,3930.85,21,21,24.390242
2026-08-14 00:45:33,812499,3407717,LoL: T1 Academy vs Dplus KIA Challengers - Game 2 Winner,map,2,2026-08-14 03:00:00,134.4,Dplus KIA Challengers,109850116150453228098769636194777220136528900176432751128686947209537047715503,0.38,0.39,0.385,0.01,1015.81,1279.63,2156.54,451.14,8093.44,8747.89,21,21,24.390242
2026-08-14 00:45:33,812499,3407718,LoL: T1 Academy vs Dplus KIA Challengers (BO3) - LCK Challengers League Rounds 3-4 Challenge Group,series,,2026-08-14 03:00:00,134.4,T1 Academy,29334009531926017999172713361554624736754304108781329166019313376852181532606,0.67,0.68,0.675,0.01,17661.03,19911.54,22227.64,2487.21,8058.07,9581.07,51,27,18548.951127
2026-08-14 00:45:33,812499,3407718,LoL: T1 Academy vs Dplus KIA Challengers (BO3) - LCK Challengers League Rounds 3-4 Challenge Group,series,,2026-08-14 03:00:00,134.4,Dplus KIA Challengers,86576119660677556215120793453634271480079124875691072264113236209109323222775,0.32,0.33,0.325,0.01,1133.08,3481.89,4058.89,9060.58,10318.17,11722.07,27,51,18548.951127
2026-08-14 00:45:33,812499,3407719,Games Total: O/U 2.5,total_games,,2026-08-14 03:00:00,134.4,Over,12254491551645605749999948566783532239763590860890971634914438946306484415625,0.46,0.47,0.465,0.01,52.98,458.3,929.48,200.43,1780.91,2008.47,16,15,24.291665000000002
2026-08-14 00:45:33,812499,3407719,Games Total: O/U 2.5,total_games,,2026-08-14 03:00:00,134.4,Under,68717137278381026545457297595820702026186759179231499229342417358442267129224,0.53,0.54,0.535,0.01,218.5,1851.46,2065.65,63.45,586.98,1254.96,15,16,24.291665000000002
2026-08-14 00:45:33,812499,3407720,Game Handicap: T1.A (-1.5) vs Dplus KIA Challengers (+1.5),handicap,,2026-08-14 03:00:00,134.4,T1 Academy,112387528592292424930650532924576804503241362728004667616961247667692272312413,0.37,0.38,0.375,0.01,140.29,848.55,2590.95,43.86,652.91,878.31,16,18,720.61431
2026-08-14 00:45:33,812499,3407720,Game Handicap: T1.A (-1.5) vs Dplus KIA Challengers (+1.5),handicap,,2026-08-14 03:00:00,134.4,Dplus KIA Challengers,94189587113690720225125693998745295556487555508602796811274630370563126617623,0.62,0.63,0.625,0.01,70.41,956.1,1260.7,246.97,1586.15,5123.75,18,16,720.61431
2026-08-14 00:45:33,812499,3407721,Game 1: Both Teams Slay Baron Nashor?,prop,1,2026-08-14 03:00:00,134.4,Yes,40069868393640809104786506776915751658534703452875290458511978206216443518807,0.06,0.5,0.28,0.44,176.0,176.0,177.01,176.0,176.0,176.0,2,2,
2026-08-14 00:45:33,812499,3407721,Game 1: Both Teams Slay Baron Nashor?,prop,1,2026-08-14 03:00:00,134.4,No,50608849903554909222219439429204277119215627374900112590959682663938465769933,0.5,0.94,0.72,0.44,176.0,176.0,176.0,2757.33,2757.33,2857.31,2,2,
2026-08-14 00:45:33,812499,3407722,Game 1: Both Teams Slay a Dragon?,prop,1,2026-08-14 03:00:00,134.4,Yes,64687367087236276548065101683258903075752340820526093114401398914562723872435,0.5,0.79,0.645,0.29,176.0,176.0,176.0,662.09,662.09,662.09,2,2,
2026-08-14 00:45:33,812499,3407722,Game 1: Both Teams Slay a Dragon?,prop,1,2026-08-14 03:00:00,134.4,No,26917764894392864707600724979145293015616736651873463361668909405225770515800,0.21,0.5,0.355,0.29,176.0,176.0,176.0,176.0,176.0,176.0,2,2,
2026-08-14 00:45:33,812499,3407723,Game 1: Both Teams Destroy Inhibitors?,prop,1,2026-08-14 03:00:00,134.4,Yes,90909758418785757498339848282956469721252985181476774447367514416062374905071,0.05,0.5,0.275,0.45,176.4,176.4,176.99,176.0,176.0,176.0,3,2,
2026-08-14 00:45:33,812499,3407723,Game 1: Both Teams Destroy Inhibitors?,prop,1,2026-08-14 03:00:00,134.4,No,97306944816021298866960210528887417854859989203311809746657546857239695639465,0.5,0.95,0.725,0.45,176.0,176.0,176.0,4231.57,4231.57,4289.88,2,3,
2026-08-14 00:45:33,812499,3407724,Game 1: Any Player Quadra Kill?,prop,1,2026-08-14 03:00:00,134.4,Yes,40480664112673814293878383496256759291306966101765432817155796609878716191611,0.07,0.5,0.285,0.43,176.0,176.0,176.0,176.0,176.0,176.0,2,2,
2026-08-14 00:45:33,812499,3407724,Game 1: Any Player Quadra Kill?,prop,1,2026-08-14 03:00:00,134.4,No,14076318087349160081892552307719855776657942293180940006992128639325104402095,0.5,0.93,0.715,0.43,176.0,176.0,176.0,2338.28,2338.28,2338.28,2,2,
2026-08-14 00:45:33,812499,3407725,Game 1: Any Player Penta Kill?,prop,1,2026-08-14 03:00:00,134.4,Yes,83951240816212277150512877212327250889048265428194239222014223541148332980146,0.01,0.5,0.255,0.49,176.05,176.05,176.05,176.0,176.0,176.0,1,2,
2026-08-14 00:45:33,812499,3407725,Game 1: Any Player Penta Kill?,prop,1,2026-08-14 03:00:00,134.4,No,14552533511971407204042061068349266750490465725326712708556780935391488764747,0.5,0.99,0.745,0.49,176.0,176.0,176.0,17428.95,17428.95,17428.95,2,1,
2026-08-14 00:45:33,812499,3407726,Game 1: Odd/Even Total Kills?,odd_even,1,2026-08-14 03:00:00,134.4,Odd,30008734824659626946333304876575234022448750432748410603007444659876904754544,0.49,0.51,0.5,0.02,105.76,105.76,390.37,110.07,110.07,457.94,7,7,
2026-08-14 00:45:33,812499,3407726,Game 1: Odd/Even Total Kills?,odd_even,1,2026-08-14 03:00:00,134.4,Even,99395084138140294423547521803551548703320007241030462665435762504531763643878,0.49,0.51,0.5,0.02,105.76,105.76,390.37,110.07,110.07,457.94,7,7,
2026-08-14 00:45:33,812499,3407727,Game 2: Both Teams Slay Baron Nashor?,prop,2,2026-08-14 03:00:00,134.4,Yes,58129688162656381793690234448367947337214519902641172243030953744164978549829,0.06,0.5,0.28,0.44,176.0,176.0,177.01,176.0,176.0,176.0,2,2,
2026-08-14 00:45:33,812499,3407727,Game 2: Both Teams Slay Baron Nashor?,prop,2,2026-08-14 03:00:00,134.4,No,37784282596358571641116459773582983188118603190781422145404475059195349143098,0.5,0.94,0.72,0.44,176.0,176.0,176.0,2757.33,2757.33,2857.31,2,2,
2026-08-14 00:45:33,812499,3407728,Game 2: Both Teams Slay a Dragon?,prop,2,2026-08-14 03:00:00,134.4,Yes,67100635698749036243996596083856731930110083604846187832565784378462214356906,0.5,0.79,0.645,0.29,176.0,176.0,176.0,662.09,662.09,662.09,2,2,
2026-08-14 00:45:33,812499,3407728,Game 2: Both Teams Slay a Dragon?,prop,2,2026-08-14 03:00:00,134.4,No,42625504916961847735090009072914737766516948044519350934640603247822281703262,0.21,0.5,0.355,0.29,176.0,176.0,176.0,176.0,176.0,176.0,2,2,
2026-08-14 00:45:33,812499,3407729,Game 2: Both Teams Destroy Inhibitors?,prop,2,2026-08-14 03:00:00,134.4,Yes,40023438874668498144632750208657873382044520843447740625081184081555141180970,0.05,0.5,0.275,0.45,176.37,176.37,176.99,176.0,176.0,176.0,3,2,
2026-08-14 00:45:33,812499,3407729,Game 2: Both Teams Destroy Inhibitors?,prop,2,2026-08-14 03:00:00,134.4,No,484091212595295130994775780202175233930586477475167866439140463580364160749,0.5,0.95,0.725,0.45,176.0,176.0,176.0,4231.1,4231.1,4291.88,2,3,
2026-08-14 00:45:33,812499,3407730,Game 2: Any Player Quadra Kill?,prop,2,2026-08-14 03:00:00,134.4,Yes,57512002909106302457374648538616826010950529161110952092924294330557738326260,0.07,0.5,0.285,0.43,176.0,176.0,176.0,176.0,176.0,176.0,2,2,
2026-08-14 00:45:33,812499,3407730,Game 2: Any Player Quadra Kill?,prop,2,2026-08-14 03:00:00,134.4,No,46528999239069913500878472010371195055074690848476631394902559060981264912902,0.5,0.93,0.715,0.43,176.0,176.0,176.0,2338.28,2338.28,2338.28,2,2,
2026-08-14 00:45:33,812499,3407731,Game 2: Any Player Penta Kill?,prop,2,2026-08-14 03:00:00,134.4,Yes,10367002689217741199289369255672046887753394169252950796871025362076925359402,0.01,0.5,0.255,0.49,176.05,176.05,176.05,176.0,176.0,176.0,1,2,
2026-08-14 00:45:33,812499,3407731,Game 2: Any Player Penta Kill?,prop,2,2026-08-14 03:00:00,134.4,No,44629523316220057660997646176727280068477055828540480140172757604033758965591,0.5,0.99,0.745,0.49,176.0,176.0,176.0,17428.95,17428.95,17428.95,2,1,
2026-08-14 00:45:33,812499,3407732,Game 2: Odd/Even Total Kills?,odd_even,2,2026-08-14 03:00:00,134.4,Odd,68118589223287351123746973139702260581892652876242555636600008179922666725119,0.49,0.51,0.5,0.02,105.76,105.76,390.37,110.07,110.07,457.94,7,7,
2026-08-14 00:45:33,812499,3407732,Game 2: Odd/Even Total Kills?,odd_even,2,2026-08-14 03:00:00,134.4,Even,11563884776145307024557473783891356249853220511404723988011218691689405038835,0.49,0.51,0.5,0.02,105.76,105.76,390.37,110.07,110.07,457.94,7,7,
2026-08-14 00:45:33,812499,3407733,Game 3: Both Teams Slay Baron Nashor?,prop,3,2026-08-14 03:00:00,134.4,Yes,15108330882199972065167953232972112332503134649241289853150575394305889536382,0.07,0.99,0.53,0.92,176.4,176.4,176.4,99.99,99.99,99.99,3,1,
2026-08-14 00:45:33,812499,3407733,Game 3: Both Teams Slay Baron Nashor?,prop,3,2026-08-14 03:00:00,134.4,No,11583353539019187263341757865616242101793514605533674611840543623085353915285,0.01,0.93,0.47,0.92,1.01,1.01,1.01,2762.69,2762.69,2762.69,1,3,
2026-08-14 00:45:33,812499,3407734,Game 3: Both Teams Slay a Dragon?,prop,3,2026-08-14 03:00:00,134.4,Yes,86518706067459875316993377887665484784139398669990316039811150778003477248591,0.01,0.79,0.4,0.78,1.01,1.01,1.01,662.09,662.09,662.09,1,2,
2026-08-14 00:45:33,812499,3407734,Game 3: Both Teams Slay a Dragon?,prop,3,2026-08-14 03:00:00,134.4,No,6330268134995515899876922471865852432628309512536344065282936223963491226645,0.21,0.99,0.6,0.78,176.0,176.0,176.0,99.98,99.98,99.98,2,1,
2026-08-14 00:45:33,812499,3407735,Game 3: Both Teams Destroy Inhibitors?,prop,3,2026-08-14 03:00:00,134.4,Yes,46778385251335632815107295958228684502257914370849295054583406222456702799534,0.05,0.99,0.52,0.94,176.49,176.49,176.99,99.99,99.99,99.99,3,1,
2026-08-14 00:45:33,812499,3407735,Game 3: Both Teams Destroy Inhibitors?,prop,3,2026-08-14 03:00:00,134.4,No,17022380444954140080106111683131141599196325846984987422687868734754056013796,0.01,0.95,0.48,0.94,1.01,1.01,1.01,4233.26,4233.26,4282.76,1,3,
2026-08-14 00:45:33,812499,3407736,Game 3: Any Player Quadra Kill?,prop,3,2026-08-14 03:00:00,134.4,Yes,89300494282854674899062293591156319703727387411768815627804385407768809680929,0.07,0.99,0.53,0.92,176.0,176.0,176.0,4.95,4.95,4.95,2,1,
2026-08-14 00:45:33,812499,3407736,Game 3: Any Player Quadra Kill?,prop,3,2026-08-14 03:00:00,134.4,No,114001328052018071192312018162667158102721309900817212379891076054206240411645,0.01,0.93,0.47,0.92,0.05,0.05,0.05,2338.28,2338.28,2338.28,1,2,
2026-08-14 00:45:33,812499,3407737,Game 3: Any Player Penta Kill?,prop,3,2026-08-14 03:00:00,134.4,Yes,114930391155820671280932336596912874838796280776517417418481514020573563481141,0.01,0.99,0.5,0.98,176.05,176.05,176.05,4.95,4.95,4.95,1,1,
2026-08-14 00:45:33,812499,3407737,Game 3: Any Player Penta Kill?,prop,3,2026-08-14 03:00:00,134.4,No,25083949550735874000852664968153918873092872242306546089004263953312445332311,0.01,0.99,0.5,0.98,0.05,0.05,0.05,17428.95,17428.95,17428.95,1,1,
2026-08-14 00:45:33,812499,3407738,Game 3: Odd/Even Total Kills?,odd_even,3,2026-08-14 03:00:00,134.4,Odd,55002932149693205039252313297704990705936164068114650496235005232232448118768,0.49,0.51,0.5,0.02,105.76,105.76,390.37,110.07,110.07,457.94,7,7,
2026-08-14 00:45:33,812499,3407738,Game 3: Odd/Even Total Kills?,odd_even,3,2026-08-14 03:00:00,134.4,Even,22731531805730680844471275051506006731851300824476975059046552919830390345510,0.49,0.51,0.5,0.02,105.76,105.76,390.37,110.07,110.07,457.94,7,7,
2026-08-14 00:45:33,826070,3477050,LoL: NRG Esports vs Contingent Esports - Game 1 Winner,map,1,2026-08-14 03:00:00,134.4,NRG Esports,80814790902632668004539328994746617014614315928060173257015852122406695311005,0.8,0.81,0.805,0.01,317.06,2461.23,3289.38,66.64,5018.91,6056.0,18,12,367.074342
2026-08-14 00:45:33,826070,3477050,LoL: NRG Esports vs Contingent Esports - Game 1 Winner,map,1,2026-08-14 03:00:00,134.4,Contingent Esports,107651310737272584966890037363108476219576749219700416899862916279592660232089,0.19,0.2,0.195,0.01,15.31,980.77,1149.6,83.44,701.16,977.21,12,19,367.074342
2026-08-14 00:45:33,826070,3477051,LoL: NRG Esports vs Contingent Esports - Game 2 Winner,map,2,2026-08-14 03:00:00,134.4,NRG Esports,7118869453742291045797317815564893062933350229077106358535601493893500087591,0.8,0.81,0.805,0.01,612.6,2520.37,3474.97,57.13,4891.56,5924.35,18,12,
2026-08-14 00:45:33,826070,3477051,LoL: NRG Esports vs Contingent Esports - Game 2 Winner,map,2,2026-08-14 03:00:00,134.4,Contingent Esports,108002125035495150522720856231525573531669999272447427854984681030770827642415,0.19,0.2,0.195,0.01,12.69,959.02,1127.15,162.13,713.1,1031.3,12,18,
2026-08-14 00:45:33,826070,3477052,LoL: NRG Esports vs Contingent Esports (BO3) - North American Challengers League Group Stage,series,,2026-08-14 03:00:00,134.4,NRG Esports,43038352639417355691707647173859018730749533391426346756399874481168166294619,0.87,0.88,0.875,0.01,1470.05,4967.62,4967.62,8029.67,11607.45,23985.35,48,12,5067.7755130000005
2026-08-14 00:45:33,826070,3477052,LoL: NRG Esports vs Contingent Esports (BO3) - North American Challengers League Group Stage,series,,2026-08-14 03:00:00,134.4,Contingent Esports,84678973437664474131672312186325078675557922490434064743358042746648544685152,0.12,0.13,0.125,0.01,1005.65,1400.9,2384.98,235.13,886.56,886.56,12,50,5067.7755130000005
2026-08-14 00:45:33,826070,3477053,Games Total: O/U 2.5,total_games,,2026-08-14 03:00:00,134.4,Over,55750592239967941703301064844243535772993617325443398709488185293476935877531,0.28,0.29,0.285,0.01,39.76,839.37,875.05,225.74,421.92,593.9,20,33,5001.596138999999
2026-08-14 00:45:33,826070,3477053,Games Total: O/U 2.5,total_games,,2026-08-14 03:00:00,134.4,Under,82152669265463547990220171689636558584137366588986322786820150257732179196557,0.71,0.72,0.715,0.01,552.66,973.44,1315.75,104.28,2456.77,2570.32,33,20,5001.596138999999
2026-08-14 00:45:33,826070,3477054,Game Handicap: NRG (-1.5) vs Contingent Esports (+1.5),handicap,,2026-08-14 03:00:00,134.4,NRG Esports,95412707328160076383234584804646983201601033147527050227749727111466216606486,0.66,0.67,0.665,0.01,1108.56,4059.79,4059.79,754.0,978.52,1191.52,30,21,6266.215499
2026-08-14 00:45:33,826070,3477054,Game Handicap: NRG (-1.5) vs Contingent Esports (+1.5),handicap,,2026-08-14 03:00:00,134.4,Contingent Esports,79376817134124206774201685278379459810679800756916708410468012280981017893764,0.33,0.34,0.335,0.01,369.96,467.96,554.96,574.57,2239.39,2239.39,21,30,6266.215499
2026-08-14 00:45:33,826070,3477055,Game 1: Both Teams Slay Baron Nashor?,prop,1,2026-08-14 03:00:00,134.4,Yes,87681573095327547420633314226806041000149028170713311037612514061710912723742,0.01,0.99,0.5,0.98,0.96,0.96,0.96,95.03,95.03,95.03,1,1,
2026-08-14 00:45:33,826070,3477055,Game 1: Both Teams Slay Baron Nashor?,prop,1,2026-08-14 03:00:00,134.4,No,69312485936334009045325800311715558032922672642482501491119421898458006349825,0.01,0.99,0.5,0.98,0.96,0.96,0.96,95.04,95.04,95.04,1,1,
2026-08-14 00:45:33,826070,3477056,Game 1: Both Teams Slay a Dragon?,prop,1,2026-08-14 03:00:00,134.4,Yes,83805735251597132117951173378137346357296339870381814266398461580520007861517,0.24,0.99,0.615,0.75,72.0,72.0,72.0,95.03,95.03,95.03,2,1,
2026-08-14 00:45:33,826070,3477056,Game 1: Both Teams Slay a Dragon?,prop,1,2026-08-14 03:00:00,134.4,No,24156205806670798372110555621724125417579911628083855143977773542489628788926,0.01,0.76,0.385,0.75,0.96,0.96,0.96,228.0,228.0,228.0,1,2,
2026-08-14 00:45:33,826070,3477057,Game 1: Both Teams Destroy Inhibitors?,prop,1,2026-08-14 03:00:00,134.4,Yes,70847180670013690410054498405126312924929675515172003776071312263632441945977,0.01,0.99,0.5,0.98,0.94,0.94,0.94,95.04,95.04,95.04,1,1,
2026-08-14 00:45:33,826070,3477057,Game 1: Both Teams Destroy Inhibitors?,prop,1,2026-08-14 03:00:00,134.4,No,15552457357105246680088345561853174847839914230111380560590702628300617170166,0.01,0.99,0.5,0.98,0.96,0.96,0.96,92.81,92.81,92.81,1,1,
2026-08-14 00:45:33,826070,3477058,Game 1: Any Player Quadra Kill?,prop,1,2026-08-14 03:00:00,134.4,Yes,90611949896330126489333584640484616670727390063723860281928013878403906065721,,,,,0.0,0.0,0.0,0.0,0.0,0.0,0,0,
2026-08-14 00:45:33,826070,3477058,Game 1: Any Player Quadra Kill?,prop,1,2026-08-14 03:00:00,134.4,No,30801089695626298578988776831063320516250144642136439806183847895839275854811,,,,,0.0,0.0,0.0,0.0,0.0,0.0,0,0,
2026-08-14 00:45:33,826070,3477059,Game 1: Any Player Penta Kill?,prop,1,2026-08-14 03:00:00,134.4,Yes,48229925814520007661244111895915992051489252573972834651743984793002069701817,,,,,0.0,0.0,0.0,0.0,0.0,0.0,0,0,
2026-08-14 00:45:33,826070,3477059,Game 1: Any Player Penta Kill?,prop,1,2026-08-14 03:00:00,134.4,No,9305314826584013047090950141969451002924314918612350007363467585821240369066,,,,,0.0,0.0,0.0,0.0,0.0,0.0,0,0,
2026-08-14 00:45:33,826070,3477061,Game 1: Odd/Even Total Kills?,odd_even,1,2026-08-14 03:00:00,134.4,Odd,32494922393258859963201856101328517997010549162018639697250819883519722049068,0.49,0.51,0.5,0.02,7.76,7.76,7.76,8.07,8.07,8.07,4,4,
2026-08-14 00:45:33,826070,3477061,Game 1: Odd/Even Total Kills?,odd_even,1,2026-08-14 03:00:00,134.4,Even,112834540130252099583593253928265938091790513484363299374731806537792656031528,0.49,0.51,0.5,0.02,7.76,7.76,7.76,8.07,8.07,8.07,4,4,
2026-08-14 00:45:33,826070,3477062,Game 2: Both Teams Slay Baron Nashor?,prop,2,2026-08-14 03:00:00,134.4,Yes,55753683192199022612671704126737811310328029678442412170950072602131054587210,0.01,0.99,0.5,0.98,0.96,0.96,0.96,95.04,95.04,95.04,1,1,
2026-08-14 00:45:33,826070,3477062,Game 2: Both Teams Slay Baron Nashor?,prop,2,2026-08-14 03:00:00,134.4,No,55937094852319737792850165512480430449747853756905259274031753275691368112975,0.01,0.99,0.5,0.98,0.96,0.96,0.96,95.03,95.03,95.03,1,1,
2026-08-14 00:45:33,826070,3477063,Game 2: Both Teams Slay a Dragon?,prop,2,2026-08-14 03:00:00,134.4,Yes,48623647428517517453611058807537447198598988098824330225032342676302728625012,0.01,0.99,0.5,0.98,0.96,0.96,0.96,95.03,95.03,95.03,1,1,
2026-08-14 00:45:33,826070,3477063,Game 2: Both Teams Slay a Dragon?,prop,2,2026-08-14 03:00:00,134.4,No,42417195815488111081943362396002926413430486562906704641578354062740797580084,0.01,0.99,0.5,0.98,0.96,0.96,0.96,95.04,95.04,95.04,1,1,
2026-08-14 00:45:33,826070,3477064,Game 2: Both Teams Destroy Inhibitors?,prop,2,2026-08-14 03:00:00,134.4,Yes,23628154900252164597588937639111773709699026601186386386168618417735820690106,0.08,0.99,0.535,0.91,4.0,4.46,5.36,95.04,95.04,95.04,6,1,532.9815600000001
2026-08-14 00:45:33,826070,3477064,Game 2: Both Teams Destroy Inhibitors?,prop,2,2026-08-14 03:00:00,134.4,No,85739117623916471191019361815038085504519438797717701017619191765882696246759,0.01,0.92,0.465,0.91,0.96,0.96,0.96,49.57,56.82,85.93,1,6,532.9815600000001
2026-08-14 00:45:33,826070,3477065,Game 2: Any Player Quadra Kill?,prop,2,2026-08-14 03:00:00,134.4,Yes,53208917334913900389630971292939370679251910829672144758009133122161611227896,,,,,0.0,0.0,0.0,0.0,0.0,0.0,0,0,
2026-08-14 00:45:33,826070,3477065,Game 2: Any Player Quadra Kill?,prop,2,2026-08-14 03:00:00,134.4,No,91070975633974495708697307701836756019763571915749676034097536234325782029896,,,,,0.0,0.0,0.0,0.0,0.0,0.0,0,0,
2026-08-14 00:45:33,826070,3477066,Game 2: Any Player Penta Kill?,prop,2,2026-08-14 03:00:00,134.4,Yes,41553921922748035091195286700334837861150809022270611498614461149967485676553,,,,,0.0,0.0,0.0,0.0,0.0,0.0,0,0,
2026-08-14 00:45:33,826070,3477066,Game 2: Any Player Penta Kill?,prop,2,2026-08-14 03:00:00,134.4,No,72372963262572990351948387093307185909935364431157003295642971589164020329307,,,,,0.0,0.0,0.0,0.0,0.0,0.0,0,0,
2026-08-14 00:45:33,826070,3477067,Game 2: Odd/Even Total Kills?,odd_even,2,2026-08-14 03:00:00,134.4,Odd,51682527872121142820533720760874357541341917877241650283064345652015294503432,0.49,0.51,0.5,0.02,7.76,7.76,7.76,8.07,8.07,8.07,4,3,
2026-08-14 00:45:33,826070,3477067,Game 2: Odd/Even Total Kills?,odd_even,2,2026-08-14 03:00:00,134.4,Even,52462070156083218163210891161506391469503363975012872173381524279777415671009,0.49,0.51,0.5,0.02,7.76,7.76,7.76,8.07,8.07,8.07,3,4,
2026-08-14 00:45:33,826070,3477068,Game 3: Both Teams Slay Baron Nashor?,prop,3,2026-08-14 03:00:00,134.4,Yes,87723048023863233229072489576988122495348581581883475764155604685715254995143,0.01,0.99,0.5,0.98,0.96,0.96,0.96,95.03,95.03,95.03,1,1,
2026-08-14 00:45:33,826070,3477068,Game 3: Both Teams Slay Baron Nashor?,prop,3,2026-08-14 03:00:00,134.4,No,50989255824497521540482389727045524148886656006776316809093754627968185524154,0.01,0.99,0.5,0.98,0.96,0.96,0.96,95.03,95.03,95.03,1,1,
2026-08-14 00:45:33,826070,3477069,Game 3: Both Teams Slay a Dragon?,prop,3,2026-08-14 03:00:00,134.4,Yes,31894618867354587726609743791628570681781025713790850110963430187452605983542,0.01,0.99,0.5,0.98,0.96,0.96,0.96,95.03,95.03,95.03,1,1,
2026-08-14 00:45:33,826070,3477069,Game 3: Both Teams Slay a Dragon?,prop,3,2026-08-14 03:00:00,134.4,No,102454578646280162427313029106444653546026394152408180005140046057337729562773,0.01,0.99,0.5,0.98,0.96,0.96,0.96,95.04,95.04,95.04,1,1,
2026-08-14 00:45:33,826070,3477070,Game 3: Both Teams Destroy Inhibitors?,prop,3,2026-08-14 03:00:00,134.4,Yes,37140353425416026858198430022763744658491197274004779834832527078807411250706,0.01,0.99,0.5,0.98,0.94,0.94,0.94,95.04,95.04,95.04,1,1,
2026-08-14 00:45:33,826070,3477070,Game 3: Both Teams Destroy Inhibitors?,prop,3,2026-08-14 03:00:00,134.4,No,81160108446775656753351553464289021811897715068601840646033017734259696288239,0.01,0.99,0.5,0.98,0.96,0.96,0.96,92.81,92.81,92.81,1,1,
2026-08-14 00:45:33,826070,3477071,Game 3: Any Player Quadra Kill?,prop,3,2026-08-14 03:00:00,134.4,Yes,98730301607993226617635192895346323156884766053134987563113989760237051075734,,,,,0.0,0.0,0.0,0.0,0.0,0.0,0,0,
2026-08-14 00:45:33,826070,3477071,Game 3: Any Player Quadra Kill?,prop,3,2026-08-14 03:00:00,134.4,No,47636245891328174531136161073693506541960443755198252563254227701534011303241,,,,,0.0,0.0,0.0,0.0,0.0,0.0,0,0,
2026-08-14 00:45:33,826070,3477072,Game 3: Any Player Penta Kill?,prop,3,2026-08-14 03:00:00,134.4,Yes,36582442770858592965786294186284019287317276526405187098158230226204042128980,,,,,0.0,0.0,0.0,0.0,0.0,0.0,0,0,
2026-08-14 00:45:33,826070,3477072,Game 3: Any Player Penta Kill?,prop,3,2026-08-14 03:00:00,134.4,No,72354692448307767435386725107072578807273666862716740697784668362154773401142,,,,,0.0,0.0,0.0,0.0,0.0,0.0,0,0,
2026-08-14 00:45:33,826070,3477073,Game 3: Odd/Even Total Kills?,odd_even,3,2026-08-14 03:00:00,134.4,Odd,17265110502119578793708135589809973427915605037445313419433454040796130326698,0.49,0.51,0.5,0.02,7.76,7.76,7.76,8.07,8.07,8.07,4,4,
2026-08-14 00:45:33,826070,3477073,Game 3: Odd/Even Total Kills?,odd_even,3,2026-08-14 03:00:00,134.4,Even,1107446221436908324166515020190090286245833902787500387186505680943047252583,0.49,0.51,0.5,0.02,7.76,7.76,7.76,8.07,8.07,8.07,4,4,
2026-08-14 00:51:08,812499,3407716,LoL: T1 Academy vs Dplus KIA Challengers - Game 1 Winner,map,1,2026-08-14 03:00:00,128.9,T1 Academy,39734844495353304395398396140221540149305519357715269073311726294226019570550,0.6,0.61,0.605,0.01,10990.16,12770.66,14232.16,3910.56,8293.82,9759.25,19,22,52.400048999999996
2026-08-14 00:51:08,812499,3407716,LoL: T1 Academy vs Dplus KIA Challengers - Game 1 Winner,map,1,2026-08-14 03:00:00,128.9,Dplus KIA Challengers,33269339650279858595555088093374570383524449579809902479647974050760364184259,0.39,0.4,0.395,0.01,2494.6,4986.14,5745.62,7611.39,8940.89,10134.39,22,19,52.400048999999996
2026-08-14 00:51:08,812499,3407717,LoL: T1 Academy vs Dplus KIA Challengers - Game 2 Winner,map,2,2026-08-14 03:00:00,128.9,T1 Academy,65413134936637378696103480670341747188714493905423788592364522087047313278527,0.61,0.62,0.615,0.01,677.05,11618.95,12460.32,1689.67,2169.8,3930.85,21,23,24.390242
2026-08-14 00:51:08,812499,3407717,LoL: T1 Academy vs Dplus KIA Challengers - Game 2 Winner,map,2,2026-08-14 03:00:00,128.9,Dplus KIA Challengers,109850116150453228098769636194777220136528900176432751128686947209537047715503,0.38,0.39,0.385,0.01,1015.81,1279.63,2156.54,451.14,8093.44,8747.89,23,21,24.390242
2026-08-14 00:51:08,812499,3407718,LoL: T1 Academy vs Dplus KIA Challengers (BO3) - LCK Challengers League Rounds 3-4 Challenge Group,series,,2026-08-14 03:00:00,128.9,T1 Academy,29334009531926017999172713361554624736754304108781329166019313376852181532606,0.67,0.68,0.675,0.01,17661.03,19911.54,22227.64,2473.41,8044.27,9638.27,50,25,18768.281974999994
2026-08-14 00:51:08,812499,3407718,LoL: T1 Academy vs Dplus KIA Challengers (BO3) - LCK Challengers League Rounds 3-4 Challenge Group,series,,2026-08-14 03:00:00,128.9,Dplus KIA Challengers,86576119660677556215120793453634271480079124875691072264113236209109323222775,0.32,0.33,0.325,0.01,1126.88,3475.69,4081.69,9060.58,10318.17,11722.07,25,49,18768.281974999994
2026-08-14 00:51:08,812499,3407719,Games Total: O/U 2.5,total_games,,2026-08-14 03:00:00,128.9,Over,12254491551645605749999948566783532239763590860890971634914438946306484415625,0.46,0.47,0.465,0.01,52.98,458.3,929.48,200.43,1780.91,2008.47,19,15,24.291665000000002
2026-08-14 00:51:08,812499,3407719,Games Total: O/U 2.5,total_games,,2026-08-14 03:00:00,128.9,Under,68717137278381026545457297595820702026186759179231499229342417358442267129224,0.53,0.54,0.535,0.01,218.5,1851.46,2065.65,63.45,586.98,1254.96,15,19,24.291665000000002
2026-08-14 00:51:08,812499,3407720,Game Handicap: T1.A (-1.5) vs Dplus KIA Challengers (+1.5),handicap,,2026-08-14 03:00:00,128.9,T1 Academy,112387528592292424930650532924576804503241362728004667616961247667692272312413,0.37,0.38,0.375,0.01,140.29,848.55,2590.95,43.86,755.31,980.71,18,18,720.61431
2026-08-14 00:51:08,812499,3407720,Game Handicap: T1.A (-1.5) vs Dplus KIA Challengers (+1.5),handicap,,2026-08-14 03:00:00,128.9,Dplus KIA Challengers,94189587113690720225125693998745295556487555508602796811274630370563126617623,0.62,0.63,0.625,0.01,70.41,1109.7,1414.3,246.97,1586.15,5123.75,18,18,720.61431
2026-08-14 00:51:08,812499,3407721,Game 1: Both Teams Slay Baron Nashor?,prop,1,2026-08-14 03:00:00,128.9,Yes,40069868393640809104786506776915751658534703452875290458511978206216443518807,0.06,0.5,0.28,0.44,176.0,176.0,177.01,176.0,176.0,176.0,2,2,
2026-08-14 00:51:08,812499,3407721,Game 1: Both Teams Slay Baron Nashor?,prop,1,2026-08-14 03:00:00,128.9,No,50608849903554909222219439429204277119215627374900112590959682663938465769933,0.5,0.94,0.72,0.44,176.0,176.0,176.0,2757.33,2757.33,2857.31,2,2,
2026-08-14 00:51:08,812499,3407722,Game 1: Both Teams Slay a Dragon?,prop,1,2026-08-14 03:00:00,128.9,Yes,64687367087236276548065101683258903075752340820526093114401398914562723872435,0.5,0.79,0.645,0.29,176.0,176.0,176.0,662.09,662.09,662.09,2,2,
2026-08-14 00:51:08,812499,3407722,Game 1: Both Teams Slay a Dragon?,prop,1,2026-08-14 03:00:00,128.9,No,26917764894392864707600724979145293015616736651873463361668909405225770515800,0.21,0.5,0.355,0.29,176.0,176.0,176.0,176.0,176.0,176.0,2,2,
2026-08-14 00:51:08,812499,3407723,Game 1: Both Teams Destroy Inhibitors?,prop,1,2026-08-14 03:00:00,128.9,Yes,90909758418785757498339848282956469721252985181476774447367514416062374905071,0.05,0.5,0.275,0.45,176.4,176.4,176.99,176.0,176.0,176.0,3,2,
2026-08-14 00:51:08,812499,3407723,Game 1: Both Teams Destroy Inhibitors?,prop,1,2026-08-14 03:00:00,128.9,No,97306944816021298866960210528887417854859989203311809746657546857239695639465,0.5,0.95,0.725,0.45,176.0,176.0,176.0,4231.57,4231.57,4289.88,2,3,
2026-08-14 00:51:08,812499,3407724,Game 1: Any Player Quadra Kill?,prop,1,2026-08-14 03:00:00,128.9,Yes,40480664112673814293878383496256759291306966101765432817155796609878716191611,0.07,0.5,0.285,0.43,176.0,176.0,176.0,176.0,176.0,176.0,2,2,
2026-08-14 00:51:08,812499,3407724,Game 1: Any Player Quadra Kill?,prop,1,2026-08-14 03:00:00,128.9,No,14076318087349160081892552307719855776657942293180940006992128639325104402095,0.5,0.93,0.715,0.43,176.0,176.0,176.0,2338.28,2338.28,2338.28,2,2,
2026-08-14 00:51:08,812499,3407725,Game 1: Any Player Penta Kill?,prop,1,2026-08-14 03:00:00,128.9,Yes,83951240816212277150512877212327250889048265428194239222014223541148332980146,0.01,0.5,0.255,0.49,176.05,176.05,176.05,176.0,176.0,176.0,1,2,
2026-08-14 00:51:08,812499,3407725,Game 1: Any Player Penta Kill?,prop,1,2026-08-14 03:00:00,128.9,No,14552533511971407204042061068349266750490465725326712708556780935391488764747,0.5,0.99,0.745,0.49,176.0,176.0,176.0,17428.95,17428.95,17428.95,2,1,
2026-08-14 00:51:08,812499,3407726,Game 1: Odd/Even Total Kills?,odd_even,1,2026-08-14 03:00:00,128.9,Odd,30008734824659626946333304876575234022448750432748410603007444659876904754544,0.49,0.51,0.5,0.02,131.66,143.64,428.25,138.13,152.19,500.06,9,9,
2026-08-14 00:51:08,812499,3407726,Game 1: Odd/Even Total Kills?,odd_even,1,2026-08-14 03:00:00,128.9,Even,99395084138140294423547521803551548703320007241030462665435762504531763643878,0.49,0.51,0.5,0.02,131.66,143.64,428.25,138.13,152.19,500.06,9,9,
2026-08-14 00:51:08,812499,3407727,Game 2: Both Teams Slay Baron Nashor?,prop,2,2026-08-14 03:00:00,128.9,Yes,58129688162656381793690234448367947337214519902641172243030953744164978549829,0.06,0.5,0.28,0.44,176.0,176.0,177.01,176.0,176.0,176.0,2,2,
2026-08-14 00:51:08,812499,3407727,Game 2: Both Teams Slay Baron Nashor?,prop,2,2026-08-14 03:00:00,128.9,No,37784282596358571641116459773582983188118603190781422145404475059195349143098,0.5,0.94,0.72,0.44,176.0,176.0,176.0,2757.33,2757.33,2857.31,2,2,
2026-08-14 00:51:08,812499,3407728,Game 2: Both Teams Slay a Dragon?,prop,2,2026-08-14 03:00:00,128.9,Yes,67100635698749036243996596083856731930110083604846187832565784378462214356906,0.5,0.79,0.645,0.29,176.0,176.0,176.0,662.09,662.09,662.09,2,2,
2026-08-14 00:51:08,812499,3407728,Game 2: Both Teams Slay a Dragon?,prop,2,2026-08-14 03:00:00,128.9,No,42625504916961847735090009072914737766516948044519350934640603247822281703262,0.21,0.5,0.355,0.29,176.0,176.0,176.0,176.0,176.0,176.0,2,2,
2026-08-14 00:51:08,812499,3407729,Game 2: Both Teams Destroy Inhibitors?,prop,2,2026-08-14 03:00:00,128.9,Yes,40023438874668498144632750208657873382044520843447740625081184081555141180970,0.05,0.5,0.275,0.45,176.37,176.37,176.94,176.0,176.0,176.0,3,2,
2026-08-14 00:51:08,812499,3407729,Game 2: Both Teams Destroy Inhibitors?,prop,2,2026-08-14 03:00:00,128.9,No,484091212595295130994775780202175233930586477475167866439140463580364160749,0.5,0.95,0.725,0.45,176.0,176.0,176.0,4231.1,4231.1,4286.73,2,3,
2026-08-14 00:51:08,812499,3407730,Game 2: Any Player Quadra Kill?,prop,2,2026-08-14 03:00:00,128.9,Yes,57512002909106302457374648538616826010950529161110952092924294330557738326260,0.07,0.5,0.285,0.43,176.0,176.0,176.0,176.0,176.0,176.0,2,2,
2026-08-14 00:51:08,812499,3407730,Game 2: Any Player Quadra Kill?,prop,2,2026-08-14 03:00:00,128.9,No,46528999239069913500878472010371195055074690848476631394902559060981264912902,0.5,0.93,0.715,0.43,176.0,176.0,176.0,2338.28,2338.28,2338.28,2,2,
2026-08-14 00:51:08,812499,3407731,Game 2: Any Player Penta Kill?,prop,2,2026-08-14 03:00:00,128.9,Yes,10367002689217741199289369255672046887753394169252950796871025362076925359402,0.01,0.5,0.255,0.49,176.05,176.05,176.05,176.0,176.0,176.0,1,2,
2026-08-14 00:51:08,812499,3407731,Game 2: Any Player Penta Kill?,prop,2,2026-08-14 03:00:00,128.9,No,44629523316220057660997646176727280068477055828540480140172757604033758965591,0.5,0.99,0.745,0.49,176.0,176.0,176.0,17428.95,17428.95,17428.95,2,1,
2026-08-14 00:51:08,812499,3407732,Game 2: Odd/Even Total Kills?,odd_even,2,2026-08-14 03:00:00,128.9,Odd,68118589223287351123746973139702260581892652876242555636600008179922666725119,0.49,0.51,0.5,0.02,131.66,143.64,428.25,138.13,152.19,500.06,9,9,
2026-08-14 00:51:08,812499,3407732,Game 2: Odd/Even Total Kills?,odd_even,2,2026-08-14 03:00:00,128.9,Even,11563884776145307024557473783891356249853220511404723988011218691689405038835,0.49,0.51,0.5,0.02,131.66,143.64,428.25,138.13,152.19,500.06,9,9,
2026-08-14 00:51:08,812499,3407733,Game 3: Both Teams Slay Baron Nashor?,prop,3,2026-08-14 03:00:00,128.9,Yes,15108330882199972065167953232972112332503134649241289853150575394305889536382,0.07,0.99,0.53,0.92,176.4,176.4,176.4,99.99,99.99,99.99,3,1,
2026-08-14 00:51:08,812499,3407733,Game 3: Both Teams Slay Baron Nashor?,prop,3,2026-08-14 03:00:00,128.9,No,11583353539019187263341757865616242101793514605533674611840543623085353915285,0.01,0.93,0.47,0.92,1.01,1.01,1.01,2762.69,2762.69,2762.69,1,3,
2026-08-14 00:51:08,812499,3407734,Game 3: Both Teams Slay a Dragon?,prop,3,2026-08-14 03:00:00,128.9,Yes,86518706067459875316993377887665484784139398669990316039811150778003477248591,0.01,0.79,0.4,0.78,1.01,1.01,1.01,662.09,662.09,662.09,1,2,
2026-08-14 00:51:08,812499,3407734,Game 3: Both Teams Slay a Dragon?,prop,3,2026-08-14 03:00:00,128.9,No,6330268134995515899876922471865852432628309512536344065282936223963491226645,0.21,0.99,0.6,0.78,176.0,176.0,176.0,99.98,99.98,99.98,2,1,
2026-08-14 00:51:08,812499,3407735,Game 3: Both Teams Destroy Inhibitors?,prop,3,2026-08-14 03:00:00,128.9,Yes,46778385251335632815107295958228684502257914370849295054583406222456702799534,0.05,0.99,0.52,0.94,176.49,176.49,176.99,99.99,99.99,99.99,3,1,
2026-08-14 00:51:08,812499,3407735,Game 3: Both Teams Destroy Inhibitors?,prop,3,2026-08-14 03:00:00,128.9,No,17022380444954140080106111683131141599196325846984987422687868734754056013796,0.01,0.95,0.48,0.94,1.01,1.01,1.01,4233.26,4233.26,4282.76,1,3,
2026-08-14 00:51:08,812499,3407736,Game 3: Any Player Quadra Kill?,prop,3,2026-08-14 03:00:00,128.9,Yes,89300494282854674899062293591156319703727387411768815627804385407768809680929,0.07,0.99,0.53,0.92,176.0,176.0,176.0,4.95,4.95,4.95,2,1,
2026-08-14 00:51:08,812499,3407736,Game 3: Any Player Quadra Kill?,prop,3,2026-08-14 03:00:00,128.9,No,114001328052018071192312018162667158102721309900817212379891076054206240411645,0.01,0.93,0.47,0.92,0.05,0.05,0.05,2338.28,2338.28,2338.28,1,2,
2026-08-14 00:51:08,812499,3407737,Game 3: Any Player Penta Kill?,prop,3,2026-08-14 03:00:00,128.9,Yes,114930391155820671280932336596912874838796280776517417418481514020573563481141,0.01,0.99,0.5,0.98,176.05,176.05,176.05,4.95,4.95,4.95,1,1,
2026-08-14 00:51:08,812499,3407737,Game 3: Any Player Penta Kill?,prop,3,2026-08-14 03:00:00,128.9,No,25083949550735874000852664968153918873092872242306546089004263953312445332311,0.01,0.99,0.5,0.98,0.05,0.05,0.05,17428.95,17428.95,17428.95,1,1,
2026-08-14 00:51:08,812499,3407738,Game 3: Odd/Even Total Kills?,odd_even,3,2026-08-14 03:00:00,128.9,Odd,55002932149693205039252313297704990705936164068114650496235005232232448118768,0.49,0.51,0.5,0.02,131.66,143.64,428.25,138.13,152.19,500.06,9,9,
2026-08-14 00:51:08,812499,3407738,Game 3: Odd/Even Total Kills?,odd_even,3,2026-08-14 03:00:00,128.9,Even,22731531805730680844471275051506006731851300824476975059046552919830390345510,0.49,0.51,0.5,0.02,131.66,143.64,428.25,138.13,152.19,500.06,9,9,
2026-08-14 00:51:08,826070,3477050,LoL: NRG Esports vs Contingent Esports - Game 1 Winner,map,1,2026-08-14 03:00:00,128.9,NRG Esports,80814790902632668004539328994746617014614315928060173257015852122406695311005,0.8,0.81,0.805,0.01,317.06,2461.22,3289.37,66.64,5018.91,6056.0,19,12,367.074342
2026-08-14 00:51:08,826070,3477050,LoL: NRG Esports vs Contingent Esports - Game 1 Winner,map,1,2026-08-14 03:00:00,128.9,Contingent Esports,107651310737272584966890037363108476219576749219700416899862916279592660232089,0.19,0.2,0.195,0.01,15.31,980.77,1149.6,83.44,701.16,977.21,12,19,367.074342
2026-08-14 00:51:08,826070,3477051,LoL: NRG Esports vs Contingent Esports - Game 2 Winner,map,2,2026-08-14 03:00:00,128.9,NRG Esports,7118869453742291045797317815564893062933350229077106358535601493893500087591,0.8,0.81,0.805,0.01,612.6,2520.37,3474.97,57.13,4943.48,5976.27,18,12,
2026-08-14 00:51:08,826070,3477051,LoL: NRG Esports vs Contingent Esports - Game 2 Winner,map,2,2026-08-14 03:00:00,128.9,Contingent Esports,108002125035495150522720856231525573531669999272447427854984681030770827642415,0.19,0.2,0.195,0.01,12.69,969.65,1137.78,162.13,713.1,1031.3,12,18,
2026-08-14 00:51:08,826070,3477052,LoL: NRG Esports vs Contingent Esports (BO3) - North American Challengers League Group Stage,series,,2026-08-14 03:00:00,128.9,NRG Esports,43038352639417355691707647173859018730749533391426346756399874481168166294619,0.87,0.88,0.875,0.01,1470.05,4967.62,4967.62,8029.67,10932.45,23310.35,45,12,5067.7755130000005
2026-08-14 00:51:08,826070,3477052,LoL: NRG Esports vs Contingent Esports (BO3) - North American Challengers League Group Stage,series,,2026-08-14 03:00:00,128.9,Contingent Esports,84678973437664474131672312186325078675557922490434064743358042746648544685152,0.12,0.13,0.125,0.01,1005.65,1325.9,2309.98,235.13,886.56,886.56,12,45,5067.7755130000005
2026-08-14 00:51:08,826070,3477053,Games Total: O/U 2.5,total_games,,2026-08-14 03:00:00,128.9,Over,55750592239967941703301064844243535772993617325443398709488185293476935877531,0.28,0.29,0.285,0.01,39.76,839.37,875.05,225.74,421.92,655.61,20,35,5001.596139
2026-08-14 00:51:08,826070,3477053,Games Total: O/U 2.5,total_games,,2026-08-14 03:00:00,128.9,Under,82152669265463547990220171689636558584137366588986322786820150257732179196557,0.71,0.72,0.715,0.01,552.66,973.44,1441.04,104.28,2456.77,2570.32,35,20,5001.596139
2026-08-14 00:51:08,826070,3477054,Game Handicap: NRG (-1.5) vs Contingent Esports (+1.5),handicap,,2026-08-14 03:00:00,128.9,NRG Esports,95412707328160076383234584804646983201601033147527050227749727111466216606486,0.66,0.67,0.665,0.01,1108.56,4059.79,4459.79,754.0,1834.18,2047.18,31,22,6266.215499
2026-08-14 00:51:08,826070,3477054,Game Handicap: NRG (-1.5) vs Contingent Esports (+1.5),handicap,,2026-08-14 03:00:00,128.9,Contingent Esports,79376817134124206774201685278379459810679800756916708410468012280981017893764,0.33,0.34,0.335,0.01,369.96,853.1,940.1,574.57,2239.39,2484.55,22,31,6266.215499
2026-08-14 00:51:08,826070,3477055,Game 1: Both Teams Slay Baron Nashor?,prop,1,2026-08-14 03:00:00,128.9,Yes,87681573095327547420633314226806041000149028170713311037612514061710912723742,0.01,0.99,0.5,0.98,0.96,0.96,0.96,95.04,95.04,95.04,1,1,
2026-08-14 00:51:08,826070,3477055,Game 1: Both Teams Slay Baron Nashor?,prop,1,2026-08-14 03:00:00,128.9,No,69312485936334009045325800311715558032922672642482501491119421898458006349825,0.01,0.99,0.5,0.98,0.96,0.96,0.96,95.04,95.04,95.04,1,1,
2026-08-14 00:51:08,826070,3477056,Game 1: Both Teams Slay a Dragon?,prop,1,2026-08-14 03:00:00,128.9,Yes,83805735251597132117951173378137346357296339870381814266398461580520007861517,0.24,0.99,0.615,0.75,72.0,72.0,72.0,95.03,95.03,95.03,2,1,
2026-08-14 00:51:08,826070,3477056,Game 1: Both Teams Slay a Dragon?,prop,1,2026-08-14 03:00:00,128.9,No,24156205806670798372110555621724125417579911628083855143977773542489628788926,0.01,0.76,0.385,0.75,0.96,0.96,0.96,228.0,228.0,228.0,1,2,
2026-08-14 00:51:08,826070,3477057,Game 1: Both Teams Destroy Inhibitors?,prop,1,2026-08-14 03:00:00,128.9,Yes,70847180670013690410054498405126312924929675515172003776071312263632441945977,0.01,0.99,0.5,0.98,0.94,0.94,0.94,95.04,95.04,95.04,1,1,
2026-08-14 00:51:08,826070,3477057,Game 1: Both Teams Destroy Inhibitors?,prop,1,2026-08-14 03:00:00,128.9,No,15552457357105246680088345561853174847839914230111380560590702628300617170166,0.01,0.99,0.5,0.98,0.96,0.96,0.96,92.81,92.81,92.81,1,1,
2026-08-14 00:51:08,826070,3477058,Game 1: Any Player Quadra Kill?,prop,1,2026-08-14 03:00:00,128.9,Yes,90611949896330126489333584640484616670727390063723860281928013878403906065721,,,,,0.0,0.0,0.0,0.0,0.0,0.0,0,0,
2026-08-14 00:51:08,826070,3477058,Game 1: Any Player Quadra Kill?,prop,1,2026-08-14 03:00:00,128.9,No,30801089695626298578988776831063320516250144642136439806183847895839275854811,,,,,0.0,0.0,0.0,0.0,0.0,0.0,0,0,
2026-08-14 00:51:08,826070,3477059,Game 1: Any Player Penta Kill?,prop,1,2026-08-14 03:00:00,128.9,Yes,48229925814520007661244111895915992051489252573972834651743984793002069701817,,,,,0.0,0.0,0.0,0.0,0.0,0.0,0,0,
2026-08-14 00:51:08,826070,3477059,Game 1: Any Player Penta Kill?,prop,1,2026-08-14 03:00:00,128.9,No,9305314826584013047090950141969451002924314918612350007363467585821240369066,,,,,0.0,0.0,0.0,0.0,0.0,0.0,0,0,
2026-08-14 00:51:08,826070,3477061,Game 1: Odd/Even Total Kills?,odd_even,1,2026-08-14 03:00:00,128.9,Odd,32494922393258859963201856101328517997010549162018639697250819883519722049068,0.49,0.51,0.5,0.02,7.76,7.76,7.76,8.07,8.07,8.07,4,4,
2026-08-14 00:51:08,826070,3477061,Game 1: Odd/Even Total Kills?,odd_even,1,2026-08-14 03:00:00,128.9,Even,112834540130252099583593253928265938091790513484363299374731806537792656031528,0.49,0.51,0.5,0.02,7.76,7.76,7.76,8.07,8.07,8.07,4,4,
2026-08-14 00:51:08,826070,3477062,Game 2: Both Teams Slay Baron Nashor?,prop,2,2026-08-14 03:00:00,128.9,Yes,55753683192199022612671704126737811310328029678442412170950072602131054587210,0.01,0.99,0.5,0.98,0.96,0.96,0.96,95.04,95.04,95.04,1,1,
2026-08-14 00:51:08,826070,3477062,Game 2: Both Teams Slay Baron Nashor?,prop,2,2026-08-14 03:00:00,128.9,No,55937094852319737792850165512480430449747853756905259274031753275691368112975,0.01,0.99,0.5,0.98,0.96,0.96,0.96,95.03,95.03,95.03,1,1,
2026-08-14 00:51:08,826070,3477063,Game 2: Both Teams Slay a Dragon?,prop,2,2026-08-14 03:00:00,128.9,Yes,48623647428517517453611058807537447198598988098824330225032342676302728625012,0.01,0.99,0.5,0.98,0.96,0.96,0.96,95.03,95.03,95.03,1,1,
2026-08-14 00:51:08,826070,3477063,Game 2: Both Teams Slay a Dragon?,prop,2,2026-08-14 03:00:00,128.9,No,42417195815488111081943362396002926413430486562906704641578354062740797580084,0.01,0.99,0.5,0.98,0.96,0.96,0.96,95.04,95.04,95.04,1,1,
2026-08-14 00:51:08,826070,3477064,Game 2: Both Teams Destroy Inhibitors?,prop,2,2026-08-14 03:00:00,128.9,Yes,23628154900252164597588937639111773709699026601186386386168618417735820690106,0.08,0.99,0.535,0.91,4.41,4.41,5.28,95.04,95.04,95.04,6,1,532.9815600000001
2026-08-14 00:51:08,826070,3477064,Game 2: Both Teams Destroy Inhibitors?,prop,2,2026-08-14 03:00:00,128.9,No,85739117623916471191019361815038085504519438797717701017619191765882696246759,0.01,0.92,0.465,0.91,0.96,0.96,0.96,51.46,51.46,77.22,1,6,532.9815600000001
2026-08-14 00:51:08,826070,3477065,Game 2: Any Player Quadra Kill?,prop,2,2026-08-14 03:00:00,128.9,Yes,53208917334913900389630971292939370679251910829672144758009133122161611227896,,,,,0.0,0.0,0.0,0.0,0.0,0.0,0,0,
2026-08-14 00:51:08,826070,3477065,Game 2: Any Player Quadra Kill?,prop,2,2026-08-14 03:00:00,128.9,No,91070975633974495708697307701836756019763571915749676034097536234325782029896,,,,,0.0,0.0,0.0,0.0,0.0,0.0,0,0,
2026-08-14 00:51:08,826070,3477066,Game 2: Any Player Penta Kill?,prop,2,2026-08-14 03:00:00,128.9,Yes,41553921922748035091195286700334837861150809022270611498614461149967485676553,,,,,0.0,0.0,0.0,0.0,0.0,0.0,0,0,
2026-08-14 00:51:08,826070,3477066,Game 2: Any Player Penta Kill?,prop,2,2026-08-14 03:00:00,128.9,No,72372963262572990351948387093307185909935364431157003295642971589164020329307,,,,,0.0,0.0,0.0,0.0,0.0,0.0,0,0,
2026-08-14 00:51:08,826070,3477067,Game 2: Odd/Even Total Kills?,odd_even,2,2026-08-14 03:00:00,128.9,Odd,51682527872121142820533720760874357541341917877241650283064345652015294503432,0.49,0.51,0.5,0.02,7.76,7.76,7.76,8.07,8.07,8.07,5,4,
2026-08-14 00:51:08,826070,3477067,Game 2: Odd/Even Total Kills?,odd_even,2,2026-08-14 03:00:00,128.9,Even,52462070156083218163210891161506391469503363975012872173381524279777415671009,0.49,0.51,0.5,0.02,7.76,7.76,7.76,8.07,8.07,8.07,4,5,
2026-08-14 00:51:08,826070,3477068,Game 3: Both Teams Slay Baron Nashor?,prop,3,2026-08-14 03:00:00,128.9,Yes,87723048023863233229072489576988122495348581581883475764155604685715254995143,0.01,0.99,0.5,0.98,0.96,0.96,0.96,95.03,95.03,95.03,1,1,
2026-08-14 00:51:08,826070,3477068,Game 3: Both Teams Slay Baron Nashor?,prop,3,2026-08-14 03:00:00,128.9,No,50989255824497521540482389727045524148886656006776316809093754627968185524154,0.01,0.99,0.5,0.98,0.96,0.96,0.96,95.03,95.03,95.03,1,1,
2026-08-14 00:51:08,826070,3477069,Game 3: Both Teams Slay a Dragon?,prop,3,2026-08-14 03:00:00,128.9,Yes,31894618867354587726609743791628570681781025713790850110963430187452605983542,0.01,0.99,0.5,0.98,0.96,0.96,0.96,88.65,88.65,88.65,1,1,
2026-08-14 00:51:08,826070,3477069,Game 3: Both Teams Slay a Dragon?,prop,3,2026-08-14 03:00:00,128.9,No,102454578646280162427313029106444653546026394152408180005140046057337729562773,0.01,0.99,0.5,0.98,0.9,0.9,0.9,95.04,95.04,95.04,1,1,
2026-08-14 00:51:08,826070,3477070,Game 3: Both Teams Destroy Inhibitors?,prop,3,2026-08-14 03:00:00,128.9,Yes,37140353425416026858198430022763744658491197274004779834832527078807411250706,0.01,0.99,0.5,0.98,0.94,0.94,0.94,95.04,95.04,95.04,1,1,
2026-08-14 00:51:08,826070,3477070,Game 3: Both Teams Destroy Inhibitors?,prop,3,2026-08-14 03:00:00,128.9,No,81160108446775656753351553464289021811897715068601840646033017734259696288239,0.01,0.99,0.5,0.98,0.96,0.96,0.96,92.81,92.81,92.81,1,1,
2026-08-14 00:51:08,826070,3477071,Game 3: Any Player Quadra Kill?,prop,3,2026-08-14 03:00:00,128.9,Yes,98730301607993226617635192895346323156884766053134987563113989760237051075734,,,,,0.0,0.0,0.0,0.0,0.0,0.0,0,0,
2026-08-14 00:51:08,826070,3477071,Game 3: Any Player Quadra Kill?,prop,3,2026-08-14 03:00:00,128.9,No,47636245891328174531136161073693506541960443755198252563254227701534011303241,,,,,0.0,0.0,0.0,0.0,0.0,0.0,0,0,
2026-08-14 00:51:08,826070,3477072,Game 3: Any Player Penta Kill?,prop,3,2026-08-14 03:00:00,128.9,Yes,36582442770858592965786294186284019287317276526405187098158230226204042128980,,,,,0.0,0.0,0.0,0.0,0.0,0.0,0,0,
2026-08-14 00:51:08,826070,3477072,Game 3: Any Player Penta Kill?,prop,3,2026-08-14 03:00:00,128.9,No,72354692448307767435386725107072578807273666862716740697784668362154773401142,,,,,0.0,0.0,0.0,0.0,0.0,0.0,0,0,
2026-08-14 00:51:08,826070,3477073,Game 3: Odd/Even Total Kills?,odd_even,3,2026-08-14 03:00:00,128.9,Odd,17265110502119578793708135589809973427915605037445313419433454040796130326698,0.49,0.51,0.5,0.02,7.76,7.76,7.76,8.07,8.07,8.07,5,5,
2026-08-14 00:51:08,826070,3477073,Game 3: Odd/Even Total Kills?,odd_even,3,2026-08-14 03:00:00,128.9,Even,1107446221436908324166515020190090286245833902787500387186505680943047252583,0.49,0.51,0.5,0.02,7.76,7.76,7.76,8.07,8.07,8.07,5,5,
2026-08-14 00:56:45,812499,3407716,LoL: T1 Academy vs Dplus KIA Challengers - Game 1 Winner,map,1,2026-08-14 03:00:00,123.2,T1 Academy,39734844495353304395398396140221540149305519357715269073311726294226019570550,0.6,0.61,0.605,0.01,10988.36,12768.86,14230.36,3890.56,8273.81,9739.25,20,22,52.400048999999996
2026-08-14 00:56:45,812499,3407716,LoL: T1 Academy vs Dplus KIA Challengers - Game 1 Winner,map,1,2026-08-14 03:00:00,123.2,Dplus KIA Challengers,33269339650279858595555088093374570383524449579809902479647974050760364184259,0.39,0.4,0.395,0.01,2481.81,4973.36,5732.83,7610.19,8939.69,10133.19,22,20,52.400048999999996
2026-08-14 00:56:45,812499,3407717,LoL: T1 Academy vs Dplus KIA Challengers - Game 2 Winner,map,2,2026-08-14 03:00:00,123.2,T1 Academy,65413134936637378696103480670341747188714493905423788592364522087047313278527,0.61,0.62,0.615,0.01,677.05,11618.95,12437.59,1689.67,2169.8,3897.74,21,23,24.390242
2026-08-14 00:56:45,812499,3407717,LoL: T1 Academy vs Dplus KIA Challengers - Game 2 Winner,map,2,2026-08-14 03:00:00,123.2,Dplus KIA Challengers,109850116150453228098769636194777220136528900176432751128686947209537047715503,0.38,0.39,0.385,0.01,1015.81,1279.63,2139.49,451.14,8093.44,8730.74,23,21,24.390242
2026-08-14 00:56:45,812499,3407718,LoL: T1 Academy vs Dplus KIA Challengers (BO3) - LCK Challengers League Rounds 3-4 Challenge Group,series,,2026-08-14 03:00:00,123.2,T1 Academy,29334009531926017999172713361554624736754304108781329166019313376852181532606,0.67,0.68,0.675,0.01,17650.31,19746.08,22235.71,2501.29,8072.15,9666.15,47,24,18768.281974999994
2026-08-14 00:56:45,812499,3407718,LoL: T1 Academy vs Dplus KIA Challengers (BO3) - LCK Challengers League Rounds 3-4 Challenge Group,series,,2026-08-14 03:00:00,123.2,Dplus KIA Challengers,86576119660677556215120793453634271480079124875691072264113236209109323222775,0.32,0.33,0.325,0.01,1140.0,3488.81,4094.81,9055.3,10225.85,11731.66,25,47,18768.281974999994
2026-08-14 00:56:45,812499,3407719,Games Total: O/U 2.5,total_games,,2026-08-14 03:00:00,123.2,Over,12254491551645605749999948566783532239763590860890971634914438946306484415625,0.46,0.47,0.465,0.01,52.98,458.3,929.48,200.43,1780.91,2008.47,20,15,24.291665000000002
2026-08-14 00:56:45,812499,3407719,Games Total: O/U 2.5,total_games,,2026-08-14 03:00:00,123.2,Under,68717137278381026545457297595820702026186759179231499229342417358442267129224,0.53,0.54,0.535,0.01,218.5,1851.46,2065.65,63.45,586.98,1254.96,15,20,24.291665000000002
2026-08-14 00:56:45,812499,3407720,Game Handicap: T1.A (-1.5) vs Dplus KIA Challengers (+1.5),handicap,,2026-08-14 03:00:00,123.2,T1 Academy,112387528592292424930650532924576804503241362728004667616961247667692272312413,0.37,0.38,0.375,0.01,140.29,848.55,2590.95,43.86,652.91,878.31,19,17,720.61431
2026-08-14 00:56:45,812499,3407720,Game Handicap: T1.A (-1.5) vs Dplus KIA Challengers (+1.5),handicap,,2026-08-14 03:00:00,123.2,Dplus KIA Challengers,94189587113690720225125693998745295556487555508602796811274630370563126617623,0.62,0.63,0.625,0.01,70.41,956.1,1260.7,246.97,1586.15,5123.75,17,19,720.61431
2026-08-14 00:56:45,812499,3407721,Game 1: Both Teams Slay Baron Nashor?,prop,1,2026-08-14 03:00:00,123.2,Yes,40069868393640809104786506776915751658534703452875290458511978206216443518807,0.06,0.48,0.27,0.42,176.0,176.0,177.01,50.43,226.43,226.43,2,4,
2026-08-14 00:56:45,812499,3407721,Game 1: Both Teams Slay Baron Nashor?,prop,1,2026-08-14 03:00:00,123.2,No,50608849903554909222219439429204277119215627374900112590959682663938465769933,0.52,0.94,0.73,0.42,52.65,228.65,228.65,2757.33,2757.33,2789.25,4,2,
2026-08-14 00:56:45,812499,3407722,Game 1: Both Teams Slay a Dragon?,prop,1,2026-08-14 03:00:00,123.2,Yes,64687367087236276548065101683258903075752340820526093114401398914562723872435,0.52,0.77,0.645,0.25,52.63,228.63,228.63,80.33,742.42,742.42,4,4,
2026-08-14 00:56:45,812499,3407722,Game 1: Both Teams Slay a Dragon?,prop,1,2026-08-14 03:00:00,123.2,No,26917764894392864707600724979145293015616736651873463361668909405225770515800,0.23,0.48,0.355,0.25,22.75,198.75,198.75,50.45,226.45,226.45,4,4,
2026-08-14 00:56:45,812499,3407723,Game 1: Both Teams Destroy Inhibitors?,prop,1,2026-08-14 03:00:00,123.2,Yes,90909758418785757498339848282956469721252985181476774447367514416062374905071,0.06,0.48,0.27,0.42,2.65,178.65,179.3,50.43,226.43,226.43,4,4,
2026-08-14 00:56:45,812499,3407723,Game 1: Both Teams Destroy Inhibitors?,prop,1,2026-08-14 03:00:00,123.2,No,97306944816021298866960210528887417854859989203311809746657546857239695639465,0.52,0.94,0.73,0.42,52.65,228.65,228.65,49.13,4273.13,4337.48,4,4,
2026-08-14 00:56:45,812499,3407724,Game 1: Any Player Quadra Kill?,prop,1,2026-08-14 03:00:00,123.2,Yes,40480664112673814293878383496256759291306966101765432817155796609878716191611,0.08,0.48,0.28,0.4,177.85,177.85,177.85,50.43,226.43,226.43,3,4,
2026-08-14 00:56:45,812499,3407724,Game 1: Any Player Quadra Kill?,prop,1,2026-08-14 03:00:00,123.2,No,14076318087349160081892552307719855776657942293180940006992128639325104402095,0.52,0.92,0.72,0.4,52.65,228.65,228.65,2359.51,2359.51,2359.51,4,3,
2026-08-14 00:56:45,812499,3407725,Game 1: Any Player Penta Kill?,prop,1,2026-08-14 03:00:00,123.2,Yes,83951240816212277150512877212327250889048265428194239222014223541148332980146,0.01,0.49,0.25,0.48,176.05,176.05,176.05,187.31,187.31,187.31,1,3,
2026-08-14 00:56:45,812499,3407725,Game 1: Any Player Penta Kill?,prop,1,2026-08-14 03:00:00,123.2,No,14552533511971407204042061068349266750490465725326712708556780935391488764747,0.51,0.99,0.75,0.48,187.77,187.77,187.77,17428.95,17428.95,17428.95,3,1,
2026-08-14 00:56:45,812499,3407726,Game 1: Odd/Even Total Kills?,odd_even,1,2026-08-14 03:00:00,123.2,Odd,30008734824659626946333304876575234022448750432748410603007444659876904754544,0.49,0.51,0.5,0.02,131.66,143.64,428.25,138.13,152.19,500.06,9,9,
2026-08-14 00:56:45,812499,3407726,Game 1: Odd/Even Total Kills?,odd_even,1,2026-08-14 03:00:00,123.2,Even,99395084138140294423547521803551548703320007241030462665435762504531763643878,0.49,0.51,0.5,0.02,131.66,143.64,428.25,138.13,152.19,500.06,9,9,
2026-08-14 00:56:45,812499,3407727,Game 2: Both Teams Slay Baron Nashor?,prop,2,2026-08-14 03:00:00,123.2,Yes,58129688162656381793690234448367947337214519902641172243030953744164978549829,0.06,0.48,0.27,0.42,176.0,176.0,177.01,50.43,226.43,226.43,2,4,
2026-08-14 00:56:45,812499,3407727,Game 2: Both Teams Slay Baron Nashor?,prop,2,2026-08-14 03:00:00,123.2,No,37784282596358571641116459773582983188118603190781422145404475059195349143098,0.52,0.94,0.73,0.42,52.65,228.65,228.65,2757.33,2757.33,2857.31,4,2,
2026-08-14 00:56:45,812499,3407728,Game 2: Both Teams Slay a Dragon?,prop,2,2026-08-14 03:00:00,123.2,Yes,67100635698749036243996596083856731930110083604846187832565784378462214356906,0.52,0.79,0.655,0.27,52.63,228.63,228.63,662.09,662.09,662.09,4,2,
2026-08-14 00:56:45,812499,3407728,Game 2: Both Teams Slay a Dragon?,prop,2,2026-08-14 03:00:00,123.2,No,42625504916961847735090009072914737766516948044519350934640603247822281703262,0.21,0.48,0.345,0.27,176.0,176.0,176.0,50.45,226.45,226.45,2,4,
2026-08-14 00:56:45,812499,3407729,Game 2: Both Teams Destroy Inhibitors?,prop,2,2026-08-14 03:00:00,123.2,Yes,40023438874668498144632750208657873382044520843447740625081184081555141180970,0.06,0.48,0.27,0.42,2.64,178.64,179.3,50.43,226.43,226.43,4,4,
2026-08-14 00:56:45,812499,3407729,Game 2: Both Teams Destroy Inhibitors?,prop,2,2026-08-14 03:00:00,123.2,No,484091212595295130994775780202175233930586477475167866439140463580364160749,0.52,0.94,0.73,0.42,52.65,228.65,228.65,49.13,4273.13,4337.54,4,4,
2026-08-14 00:56:45,812499,3407730,Game 2: Any Player Quadra Kill?,prop,2,2026-08-14 03:00:00,123.2,Yes,57512002909106302457374648538616826010950529161110952092924294330557738326260,0.08,0.48,0.28,0.4,177.85,177.85,177.85,14.97,190.97,190.97,3,4,
2026-08-14 00:56:45,812499,3407730,Game 2: Any Player Quadra Kill?,prop,2,2026-08-14 03:00:00,123.2,No,46528999239069913500878472010371195055074690848476631394902559060981264912902,0.52,0.92,0.72,0.4,15.73,191.73,191.73,2359.51,2359.51,2359.51,4,3,
2026-08-14 00:56:45,812499,3407731,Game 2: Any Player Penta Kill?,prop,2,2026-08-14 03:00:00,123.2,Yes,10367002689217741199289369255672046887753394169252950796871025362076925359402,0.01,0.49,0.25,0.48,176.05,176.05,176.05,187.31,187.31,187.31,1,3,
2026-08-14 00:56:45,812499,3407731,Game 2: Any Player Penta Kill?,prop,2,2026-08-14 03:00:00,123.2,No,44629523316220057660997646176727280068477055828540480140172757604033758965591,0.51,0.99,0.75,0.48,187.77,187.77,187.77,17428.95,17428.95,17428.95,3,1,
2026-08-14 00:56:45,812499,3407732,Game 2: Odd/Even Total Kills?,odd_even,2,2026-08-14 03:00:00,123.2,Odd,68118589223287351123746973139702260581892652876242555636600008179922666725119,0.49,0.51,0.5,0.02,131.66,143.64,428.25,138.13,152.19,500.06,9,10,
2026-08-14 00:56:45,812499,3407732,Game 2: Odd/Even Total Kills?,odd_even,2,2026-08-14 03:00:00,123.2,Even,11563884776145307024557473783891356249853220511404723988011218691689405038835,0.49,0.51,0.5,0.02,131.66,143.64,428.25,138.13,152.19,500.06,10,9,
2026-08-14 00:56:45,812499,3407733,Game 3: Both Teams Slay Baron Nashor?,prop,3,2026-08-14 03:00:00,123.2,Yes,15108330882199972065167953232972112332503134649241289853150575394305889536382,0.07,0.99,0.53,0.92,178.02,178.02,178.02,99.99,99.99,99.99,3,1,
2026-08-14 00:56:45,812499,3407733,Game 3: Both Teams Slay Baron Nashor?,prop,3,2026-08-14 03:00:00,123.2,No,11583353539019187263341757865616242101793514605533674611840543623085353915285,0.01,0.93,0.47,0.92,1.01,1.01,1.01,2784.15,2784.15,2784.15,1,3,
2026-08-14 00:56:45,812499,3407734,Game 3: Both Teams Slay a Dragon?,prop,3,2026-08-14 03:00:00,123.2,Yes,86518706067459875316993377887665484784139398669990316039811150778003477248591,0.01,0.76,0.385,0.75,1.01,1.01,1.01,23.56,685.65,685.65,1,4,
2026-08-14 00:56:45,812499,3407734,Game 3: Both Teams Slay a Dragon?,prop,3,2026-08-14 03:00:00,123.2,No,6330268134995515899876922471865852432628309512536344065282936223963491226645,0.24,0.99,0.615,0.75,7.14,183.14,183.14,99.98,99.98,99.98,4,1,
2026-08-14 00:56:45,812499,3407735,Game 3: Both Teams Destroy Inhibitors?,prop,3,2026-08-14 03:00:00,123.2,Yes,46778385251335632815107295958228684502257914370849295054583406222456702799534,0.06,0.99,0.525,0.93,1.64,177.64,178.14,99.99,99.99,99.99,4,1,
2026-08-14 00:56:45,812499,3407735,Game 3: Both Teams Destroy Inhibitors?,prop,3,2026-08-14 03:00:00,123.2,No,17022380444954140080106111683131141599196325846984987422687868734754056013796,0.01,0.94,0.475,0.93,1.01,1.01,1.01,29.56,4253.56,4303.06,1,4,
2026-08-14 00:56:45,812499,3407736,Game 3: Any Player Quadra Kill?,prop,3,2026-08-14 03:00:00,123.2,Yes,89300494282854674899062293591156319703727387411768815627804385407768809680929,0.08,0.99,0.535,0.91,177.85,177.85,177.85,4.95,4.95,4.95,3,1,
2026-08-14 00:56:45,812499,3407736,Game 3: Any Player Quadra Kill?,prop,3,2026-08-14 03:00:00,123.2,No,114001328052018071192312018162667158102721309900817212379891076054206240411645,0.01,0.92,0.465,0.91,0.05,0.05,0.05,2359.51,2359.51,2359.51,1,3,
2026-08-14 00:56:45,812499,3407737,Game 3: Any Player Penta Kill?,prop,3,2026-08-14 03:00:00,123.2,Yes,114930391155820671280932336596912874838796280776517417418481514020573563481141,0.01,0.99,0.5,0.98,176.05,176.05,176.05,4.95,4.95,4.95,1,1,
2026-08-14 00:56:45,812499,3407737,Game 3: Any Player Penta Kill?,prop,3,2026-08-14 03:00:00,123.2,No,25083949550735874000852664968153918873092872242306546089004263953312445332311,0.01,0.99,0.5,0.98,0.05,0.05,0.05,17428.95,17428.95,17428.95,1,1,
2026-08-14 00:56:45,812499,3407738,Game 3: Odd/Even Total Kills?,odd_even,3,2026-08-14 03:00:00,123.2,Odd,55002932149693205039252313297704990705936164068114650496235005232232448118768,0.49,0.51,0.5,0.02,105.76,117.74,402.35,110.07,110.07,457.94,9,7,
2026-08-14 00:56:45,812499,3407738,Game 3: Odd/Even Total Kills?,odd_even,3,2026-08-14 03:00:00,123.2,Even,22731531805730680844471275051506006731851300824476975059046552919830390345510,0.49,0.51,0.5,0.02,105.76,105.76,390.37,110.07,124.13,472.0,7,9,
2026-08-14 00:56:45,826070,3477050,LoL: NRG Esports vs Contingent Esports - Game 1 Winner,map,1,2026-08-14 03:00:00,123.2,NRG Esports,80814790902632668004539328994746617014614315928060173257015852122406695311005,0.8,0.81,0.805,0.01,317.06,2461.22,3289.37,886.64,5130.79,6167.88,18,12,367.074342
2026-08-14 00:56:45,826070,3477050,LoL: NRG Esports vs Contingent Esports - Game 1 Winner,map,1,2026-08-14 03:00:00,123.2,Contingent Esports,107651310737272584966890037363108476219576749219700416899862916279592660232089,0.19,0.2,0.195,0.01,195.31,1025.89,1194.72,83.44,701.16,977.21,12,18,367.074342
2026-08-14 00:56:45,826070,3477051,LoL: NRG Esports vs Contingent Esports - Game 2 Winner,map,2,2026-08-14 03:00:00,123.2,NRG Esports,7118869453742291045797317815564893062933350229077106358535601493893500087591,0.8,0.81,0.805,0.01,612.6,2520.37,3474.97,57.13,4943.48,5976.27,18,12,
2026-08-14 00:56:45,826070,3477051,LoL: NRG Esports vs Contingent Esports - Game 2 Winner,map,2,2026-08-14 03:00:00,123.2,Contingent Esports,108002125035495150522720856231525573531669999272447427854984681030770827642415,0.19,0.2,0.195,0.01,12.69,969.65,1137.78,162.13,713.1,1031.3,12,18,
2026-08-14 00:56:45,826070,3477052,LoL: NRG Esports vs Contingent Esports (BO3) - North American Challengers League Group Stage,series,,2026-08-14 03:00:00,123.2,NRG Esports,43038352639417355691707647173859018730749533391426346756399874481168166294619,0.87,0.88,0.875,0.01,1443.61,4941.18,4941.18,8029.67,10932.45,23310.35,49,12,5067.7755130000005
2026-08-14 00:56:45,826070,3477052,LoL: NRG Esports vs Contingent Esports (BO3) - North American Challengers League Group Stage,series,,2026-08-14 03:00:00,123.2,Contingent Esports,84678973437664474131672312186325078675557922490434064743358042746648544685152,0.12,0.13,0.125,0.01,1005.65,1325.9,2309.98,231.25,882.68,882.68,12,49,5067.7755130000005
2026-08-14 00:56:45,826070,3477053,Games Total: O/U 2.5,total_games,,2026-08-14 03:00:00,123.2,Over,55750592239967941703301064844243535772993617325443398709488185293476935877531,0.28,0.29,0.285,0.01,39.76,839.37,875.05,225.74,421.92,655.61,21,35,5001.596139
2026-08-14 00:56:45,826070,3477053,Games Total: O/U 2.5,total_games,,2026-08-14 03:00:00,123.2,Under,82152669265463547990220171689636558584137366588986322786820150257732179196557,0.71,0.72,0.715,0.01,552.66,973.44,1441.04,104.28,2456.77,2570.32,35,21,5001.596139
2026-08-14 00:56:45,826070,3477054,Game Handicap: NRG (-1.5) vs Contingent Esports (+1.5),handicap,,2026-08-14 03:00:00,123.2,NRG Esports,95412707328160076383234584804646983201601033147527050227749727111466216606486,0.66,0.67,0.665,0.01,1108.56,4059.79,4459.79,754.0,1834.18,2047.18,31,22,6266.215499
2026-08-14 00:56:45,826070,3477054,Game Handicap: NRG (-1.5) vs Contingent Esports (+1.5),handicap,,2026-08-14 03:00:00,123.2,Contingent Esports,79376817134124206774201685278379459810679800756916708410468012280981017893764,0.33,0.34,0.335,0.01,369.96,853.1,940.1,574.57,2239.39,2484.55,22,31,6266.215499
2026-08-14 00:56:45,826070,3477055,Game 1: Both Teams Slay Baron Nashor?,prop,1,2026-08-14 03:00:00,123.2,Yes,87681573095327547420633314226806041000149028170713311037612514061710912723742,0.01,0.99,0.5,0.98,0.96,0.96,0.96,100.53,100.53,100.53,1,1,
2026-08-14 00:56:45,826070,3477055,Game 1: Both Teams Slay Baron Nashor?,prop,1,2026-08-14 03:00:00,123.2,No,69312485936334009045325800311715558032922672642482501491119421898458006349825,0.01,0.99,0.5,0.98,1.02,1.02,1.02,95.04,95.04,95.04,1,1,
2026-08-14 00:56:45,826070,3477056,Game 1: Both Teams Slay a Dragon?,prop,1,2026-08-14 03:00:00,123.2,Yes,83805735251597132117951173378137346357296339870381814266398461580520007861517,0.24,0.99,0.615,0.75,72.0,72.0,72.0,95.03,95.03,95.03,3,1,
2026-08-14 00:56:45,826070,3477056,Game 1: Both Teams Slay a Dragon?,prop,1,2026-08-14 03:00:00,123.2,No,24156205806670798372110555621724125417579911628083855143977773542489628788926,0.01,0.76,0.385,0.75,0.96,0.96,0.96,228.0,228.0,228.0,1,3,
2026-08-14 00:56:45,826070,3477057,Game 1: Both Teams Destroy Inhibitors?,prop,1,2026-08-14 03:00:00,123.2,Yes,70847180670013690410054498405126312924929675515172003776071312263632441945977,0.01,0.99,0.5,0.98,0.94,0.94,0.94,95.04,95.04,95.04,1,1,
2026-08-14 00:56:45,826070,3477057,Game 1: Both Teams Destroy Inhibitors?,prop,1,2026-08-14 03:00:00,123.2,No,15552457357105246680088345561853174847839914230111380560590702628300617170166,0.01,0.99,0.5,0.98,0.96,0.96,0.96,92.81,92.81,92.81,1,1,
2026-08-14 00:56:45,826070,3477058,Game 1: Any Player Quadra Kill?,prop,1,2026-08-14 03:00:00,123.2,Yes,90611949896330126489333584640484616670727390063723860281928013878403906065721,,,,,0.0,0.0,0.0,0.0,0.0,0.0,0,0,
2026-08-14 00:56:45,826070,3477058,Game 1: Any Player Quadra Kill?,prop,1,2026-08-14 03:00:00,123.2,No,30801089695626298578988776831063320516250144642136439806183847895839275854811,,,,,0.0,0.0,0.0,0.0,0.0,0.0,0,0,
2026-08-14 00:56:45,826070,3477059,Game 1: Any Player Penta Kill?,prop,1,2026-08-14 03:00:00,123.2,Yes,48229925814520007661244111895915992051489252573972834651743984793002069701817,,,,,0.0,0.0,0.0,0.0,0.0,0.0,0,0,
2026-08-14 00:56:45,826070,3477059,Game 1: Any Player Penta Kill?,prop,1,2026-08-14 03:00:00,123.2,No,9305314826584013047090950141969451002924314918612350007363467585821240369066,,,,,0.0,0.0,0.0,0.0,0.0,0.0,0,0,
2026-08-14 00:56:45,826070,3477061,Game 1: Odd/Even Total Kills?,odd_even,1,2026-08-14 03:00:00,123.2,Odd,32494922393258859963201856101328517997010549162018639697250819883519722049068,0.49,0.51,0.5,0.02,7.76,7.76,7.76,8.07,8.07,8.07,5,5,
2026-08-14 00:56:45,826070,3477061,Game 1: Odd/Even Total Kills?,odd_even,1,2026-08-14 03:00:00,123.2,Even,112834540130252099583593253928265938091790513484363299374731806537792656031528,0.49,0.51,0.5,0.02,7.76,7.76,7.76,8.07,8.07,8.07,5,5,
2026-08-14 00:56:45,826070,3477062,Game 2: Both Teams Slay Baron Nashor?,prop,2,2026-08-14 03:00:00,123.2,Yes,55753683192199022612671704126737811310328029678442412170950072602131054587210,0.01,0.99,0.5,0.98,0.96,0.96,0.96,95.04,95.04,95.04,1,1,
2026-08-14 00:56:45,826070,3477062,Game 2: Both Teams Slay Baron Nashor?,prop,2,2026-08-14 03:00:00,123.2,No,55937094852319737792850165512480430449747853756905259274031753275691368112975,0.01,0.99,0.5,0.98,0.96,0.96,0.96,95.03,95.03,95.03,1,1,
2026-08-14 00:56:45,826070,3477063,Game 2: Both Teams Slay a Dragon?,prop,2,2026-08-14 03:00:00,123.2,Yes,48623647428517517453611058807537447198598988098824330225032342676302728625012,0.01,0.99,0.5,0.98,0.96,0.96,0.96,95.03,95.03,95.03,1,1,
2026-08-14 00:56:45,826070,3477063,Game 2: Both Teams Slay a Dragon?,prop,2,2026-08-14 03:00:00,123.2,No,42417195815488111081943362396002926413430486562906704641578354062740797580084,0.01,0.99,0.5,0.98,0.96,0.96,0.96,95.04,95.04,95.04,1,1,
2026-08-14 00:56:45,826070,3477064,Game 2: Both Teams Destroy Inhibitors?,prop,2,2026-08-14 03:00:00,123.2,Yes,23628154900252164597588937639111773709699026601186386386168618417735820690106,0.04,0.99,0.515,0.95,1.79,3.34,3.34,95.04,95.04,95.04,4,1,532.9815600000001
2026-08-14 00:56:45,826070,3477064,Game 2: Both Teams Destroy Inhibitors?,prop,2,2026-08-14 03:00:00,123.2,No,85739117623916471191019361815038085504519438797717701017619191765882696246759,0.01,0.96,0.485,0.95,0.96,0.96,0.96,47.91,160.04,160.04,1,4,532.9815600000001
2026-08-14 00:56:45,826070,3477065,Game 2: Any Player Quadra Kill?,prop,2,2026-08-14 03:00:00,123.2,Yes,53208917334913900389630971292939370679251910829672144758009133122161611227896,,,,,0.0,0.0,0.0,0.0,0.0,0.0,0,0,
2026-08-14 00:56:45,826070,3477065,Game 2: Any Player Quadra Kill?,prop,2,2026-08-14 03:00:00,123.2,No,91070975633974495708697307701836756019763571915749676034097536234325782029896,,,,,0.0,0.0,0.0,0.0,0.0,0.0,0,0,
2026-08-14 00:56:45,826070,3477066,Game 2: Any Player Penta Kill?,prop,2,2026-08-14 03:00:00,123.2,Yes,41553921922748035091195286700334837861150809022270611498614461149967485676553,,,,,0.0,0.0,0.0,0.0,0.0,0.0,0,0,
2026-08-14 00:56:45,826070,3477066,Game 2: Any Player Penta Kill?,prop,2,2026-08-14 03:00:00,123.2,No,72372963262572990351948387093307185909935364431157003295642971589164020329307,,,,,0.0,0.0,0.0,0.0,0.0,0.0,0,0,
2026-08-14 00:56:45,826070,3477067,Game 2: Odd/Even Total Kills?,odd_even,2,2026-08-14 03:00:00,123.2,Odd,51682527872121142820533720760874357541341917877241650283064345652015294503432,0.49,0.51,0.5,0.02,7.76,7.76,7.76,8.07,8.07,8.07,5,5,
2026-08-14 00:56:45,826070,3477067,Game 2: Odd/Even Total Kills?,odd_even,2,2026-08-14 03:00:00,123.2,Even,52462070156083218163210891161506391469503363975012872173381524279777415671009,0.49,0.51,0.5,0.02,7.76,7.76,7.76,8.07,8.07,8.07,5,5,
2026-08-14 00:56:45,826070,3477068,Game 3: Both Teams Slay Baron Nashor?,prop,3,2026-08-14 03:00:00,123.2,Yes,87723048023863233229072489576988122495348581581883475764155604685715254995143,0.01,0.99,0.5,0.98,0.96,0.96,0.96,95.03,95.03,95.03,1,1,
2026-08-14 00:56:45,826070,3477068,Game 3: Both Teams Slay Baron Nashor?,prop,3,2026-08-14 03:00:00,123.2,No,50989255824497521540482389727045524148886656006776316809093754627968185524154,0.01,0.99,0.5,0.98,0.96,0.96,0.96,95.04,95.04,95.04,1,1,
2026-08-14 00:56:45,826070,3477069,Game 3: Both Teams Slay a Dragon?,prop,3,2026-08-14 03:00:00,123.2,Yes,31894618867354587726609743791628570681781025713790850110963430187452605983542,0.01,0.99,0.5,0.98,0.96,0.96,0.96,95.03,95.03,95.03,1,1,
2026-08-14 00:56:45,826070,3477069,Game 3: Both Teams Slay a Dragon?,prop,3,2026-08-14 03:00:00,123.2,No,102454578646280162427313029106444653546026394152408180005140046057337729562773,0.01,0.99,0.5,0.98,0.96,0.96,0.96,95.04,95.04,95.04,1,1,
2026-08-14 00:56:45,826070,3477070,Game 3: Both Teams Destroy Inhibitors?,prop,3,2026-08-14 03:00:00,123.2,Yes,37140353425416026858198430022763744658491197274004779834832527078807411250706,0.01,0.99,0.5,0.98,0.94,0.94,0.94,95.04,95.04,95.04,1,1,
2026-08-14 00:56:45,826070,3477070,Game 3: Both Teams Destroy Inhibitors?,prop,3,2026-08-14 03:00:00,123.2,No,81160108446775656753351553464289021811897715068601840646033017734259696288239,0.01,0.99,0.5,0.98,0.96,0.96,0.96,92.81,92.81,92.81,1,1,
2026-08-14 00:56:45,826070,3477071,Game 3: Any Player Quadra Kill?,prop,3,2026-08-14 03:00:00,123.2,Yes,98730301607993226617635192895346323156884766053134987563113989760237051075734,,,,,0.0,0.0,0.0,0.0,0.0,0.0,0,0,
2026-08-14 00:56:45,826070,3477071,Game 3: Any Player Quadra Kill?,prop,3,2026-08-14 03:00:00,123.2,No,47636245891328174531136161073693506541960443755198252563254227701534011303241,,,,,0.0,0.0,0.0,0.0,0.0,0.0,0,0,
2026-08-14 00:56:45,826070,3477072,Game 3: Any Player Penta Kill?,prop,3,2026-08-14 03:00:00,123.2,Yes,36582442770858592965786294186284019287317276526405187098158230226204042128980,,,,,0.0,0.0,0.0,0.0,0.0,0.0,0,0,
2026-08-14 00:56:45,826070,3477072,Game 3: Any Player Penta Kill?,prop,3,2026-08-14 03:00:00,123.2,No,72354692448307767435386725107072578807273666862716740697784668362154773401142,,,,,0.0,0.0,0.0,0.0,0.0,0.0,0,0,
2026-08-14 00:56:45,826070,3477073,Game 3: Odd/Even Total Kills?,odd_even,3,2026-08-14 03:00:00,123.2,Odd,17265110502119578793708135589809973427915605037445313419433454040796130326698,0.49,0.51,0.5,0.02,7.76,7.76,7.76,8.07,8.07,8.07,5,5,
2026-08-14 00:56:45,826070,3477073,Game 3: Odd/Even Total Kills?,odd_even,3,2026-08-14 03:00:00,123.2,Even,1107446221436908324166515020190090286245833902787500387186505680943047252583,0.49,0.51,0.5,0.02,7.76,7.76,7.76,8.07,8.07,8.07,5,5,
2026-08-14 01:02:20,812499,3407716,LoL: T1 Academy vs Dplus KIA Challengers - Game 1 Winner,map,1,2026-08-14 03:00:00,117.7,T1 Academy,39734844495353304395398396140221540149305519357715269073311726294226019570550,0.6,0.61,0.605,0.01,10988.36,12768.86,14230.36,3890.56,8273.81,9739.25,20,19,52.400048999999996
2026-08-14 01:02:20,812499,3407716,LoL: T1 Academy vs Dplus KIA Challengers - Game 1 Winner,map,1,2026-08-14 03:00:00,117.7,Dplus KIA Challengers,33269339650279858595555088093374570383524449579809902479647974050760364184259,0.39,0.4,0.395,0.01,2481.81,4973.36,5732.83,7610.19,8939.69,10133.19,19,20,52.400048999999996
2026-08-14 01:02:20,812499,3407717,LoL: T1 Academy vs Dplus KIA Challengers - Game 2 Winner,map,2,2026-08-14 03:00:00,117.7,T1 Academy,65413134936637378696103480670341747188714493905423788592364522087047313278527,0.61,0.62,0.615,0.01,677.05,11618.95,12437.59,1689.67,2176.3,3904.24,21,21,24.390242
2026-08-14 01:02:20,812499,3407717,LoL: T1 Academy vs Dplus KIA Challengers - Game 2 Winner,map,2,2026-08-14 03:00:00,117.7,Dplus KIA Challengers,109850116150453228098769636194777220136528900176432751128686947209537047715503,0.38,0.39,0.385,0.01,1015.81,1283.13,2142.99,451.14,8093.44,8730.74,21,21,24.390242
2026-08-14 01:02:20,812499,3407718,LoL: T1 Academy vs Dplus KIA Challengers (BO3) - LCK Challengers League Rounds 3-4 Challenge Group,series,,2026-08-14 03:00:00,117.7,T1 Academy,29334009531926017999172713361554624736754304108781329166019313376852181532606,0.67,0.68,0.675,0.01,17642.9,19738.66,22228.29,2486.14,8044.64,9638.64,52,24,18768.281974999994
2026-08-14 01:02:20,812499,3407718,LoL: T1 Academy vs Dplus KIA Challengers (BO3) - LCK Challengers League Rounds 3-4 Challenge Group,series,,2026-08-14 03:00:00,117.7,Dplus KIA Challengers,86576119660677556215120793453634271480079124875691072264113236209109323222775,0.32,0.33,0.325,0.01,1132.87,3476.37,4082.37,9051.64,10222.2,11728.01,24,52,18768.281974999994
2026-08-14 01:02:20,812499,3407719,Games Total: O/U 2.5,total_games,,2026-08-14 03:00:00,117.7,Over,12254491551645605749999948566783532239763590860890971634914438946306484415625,0.46,0.47,0.465,0.01,52.98,458.3,929.48,200.43,1780.91,1994.63,18,15,24.291665000000002
2026-08-14 01:02:20,812499,3407719,Games Total: O/U 2.5,total_games,,2026-08-14 03:00:00,117.7,Under,68717137278381026545457297595820702026186759179231499229342417358442267129224,0.53,0.54,0.535,0.01,218.5,1851.46,2052.35,63.45,586.98,1254.96,15,18,24.291665000000002
2026-08-14 01:02:20,812499,3407720,Game Handicap: T1.A (-1.5) vs Dplus KIA Challengers (+1.5),handicap,,2026-08-14 03:00:00,117.7,T1 Academy,112387528592292424930650532924576804503241362728004667616961247667692272312413,0.37,0.38,0.375,0.01,140.29,848.55,2654.95,43.86,652.91,878.31,17,17,720.61431
2026-08-14 01:02:20,812499,3407720,Game Handicap: T1.A (-1.5) vs Dplus KIA Challengers (+1.5),handicap,,2026-08-14 03:00:00,117.7,Dplus KIA Challengers,94189587113690720225125693998745295556487555508602796811274630370563126617623,0.62,0.63,0.625,0.01,70.41,956.1,1260.7,246.97,1586.15,5259.75,17,17,720.61431
2026-08-14 01:02:20,812499,3407721,Game 1: Both Teams Slay Baron Nashor?,prop,1,2026-08-14 03:00:00,117.7,Yes,40069868393640809104786506776915751658534703452875290458511978206216443518807,0.06,0.48,0.27,0.42,176.0,176.0,177.01,50.43,226.43,226.43,2,4,
2026-08-14 01:02:20,812499,3407721,Game 1: Both Teams Slay Baron Nashor?,prop,1,2026-08-14 03:00:00,117.7,No,50608849903554909222219439429204277119215627374900112590959682663938465769933,0.52,0.94,0.73,0.42,52.65,228.65,228.65,2757.33,2757.33,2857.31,4,2,
2026-08-14 01:02:20,812499,3407722,Game 1: Both Teams Slay a Dragon?,prop,1,2026-08-14 03:00:00,117.7,Yes,64687367087236276548065101683258903075752340820526093114401398914562723872435,0.52,0.77,0.645,0.25,52.63,228.63,228.63,80.33,742.42,742.42,4,4,
2026-08-14 01:02:20,812499,3407722,Game 1: Both Teams Slay a Dragon?,prop,1,2026-08-14 03:00:00,117.7,No,26917764894392864707600724979145293015616736651873463361668909405225770515800,0.23,0.48,0.355,0.25,22.75,198.75,198.75,50.45,226.45,226.45,4,4,
2026-08-14 01:02:20,812499,3407723,Game 1: Both Teams Destroy Inhibitors?,prop,1,2026-08-14 03:00:00,117.7,Yes,90909758418785757498339848282956469721252985181476774447367514416062374905071,0.06,0.48,0.27,0.42,2.65,178.65,179.3,50.43,226.43,226.43,4,4,
2026-08-14 01:02:20,812499,3407723,Game 1: Both Teams Destroy Inhibitors?,prop,1,2026-08-14 03:00:00,117.7,No,97306944816021298866960210528887417854859989203311809746657546857239695639465,0.52,0.94,0.73,0.42,52.65,228.65,228.65,49.13,4273.13,4337.48,4,4,
2026-08-14 01:02:20,812499,3407724,Game 1: Any Player Quadra Kill?,prop,1,2026-08-14 03:00:00,117.7,Yes,40480664112673814293878383496256759291306966101765432817155796609878716191611,0.08,0.48,0.28,0.4,177.85,177.85,177.85,50.43,226.43,226.43,3,4,
2026-08-14 01:02:20,812499,3407724,Game 1: Any Player Quadra Kill?,prop,1,2026-08-14 03:00:00,117.7,No,14076318087349160081892552307719855776657942293180940006992128639325104402095,0.52,0.92,0.72,0.4,52.65,228.65,228.65,2359.51,2359.51,2359.51,4,3,
2026-08-14 01:02:20,812499,3407725,Game 1: Any Player Penta Kill?,prop,1,2026-08-14 03:00:00,117.7,Yes,83951240816212277150512877212327250889048265428194239222014223541148332980146,0.01,0.49,0.25,0.48,176.05,176.05,176.05,187.31,187.31,187.31,1,3,
2026-08-14 01:02:20,812499,3407725,Game 1: Any Player Penta Kill?,prop,1,2026-08-14 03:00:00,117.7,No,14552533511971407204042061068349266750490465725326712708556780935391488764747,0.51,0.99,0.75,0.48,187.77,187.77,187.77,17428.95,17428.95,17428.95,3,1,
2026-08-14 01:02:20,812499,3407726,Game 1: Odd/Even Total Kills?,odd_even,1,2026-08-14 03:00:00,117.7,Odd,30008734824659626946333304876575234022448750432748410603007444659876904754544,0.49,0.51,0.5,0.02,131.66,143.64,428.25,138.13,152.19,500.06,9,9,
2026-08-14 01:02:20,812499,3407726,Game 1: Odd/Even Total Kills?,odd_even,1,2026-08-14 03:00:00,117.7,Even,99395084138140294423547521803551548703320007241030462665435762504531763643878,0.49,0.51,0.5,0.02,131.66,143.64,428.25,138.13,152.19,500.06,9,9,
2026-08-14 01:02:20,812499,3407727,Game 2: Both Teams Slay Baron Nashor?,prop,2,2026-08-14 03:00:00,117.7,Yes,58129688162656381793690234448367947337214519902641172243030953744164978549829,0.06,0.48,0.27,0.42,176.0,176.0,177.01,50.43,226.43,226.43,2,4,
2026-08-14 01:02:20,812499,3407727,Game 2: Both Teams Slay Baron Nashor?,prop,2,2026-08-14 03:00:00,117.7,No,37784282596358571641116459773582983188118603190781422145404475059195349143098,0.52,0.94,0.73,0.42,52.65,228.65,228.65,2757.33,2757.33,2857.31,4,2,
2026-08-14 01:02:20,812499,3407728,Game 2: Both Teams Slay a Dragon?,prop,2,2026-08-14 03:00:00,117.7,Yes,67100635698749036243996596083856731930110083604846187832565784378462214356906,0.52,0.79,0.655,0.27,52.63,228.63,228.63,662.09,662.09,662.09,4,2,
2026-08-14 01:02:20,812499,3407728,Game 2: Both Teams Slay a Dragon?,prop,2,2026-08-14 03:00:00,117.7,No,42625504916961847735090009072914737766516948044519350934640603247822281703262,0.21,0.48,0.345,0.27,176.0,176.0,176.0,50.45,226.45,226.45,2,4,
2026-08-14 01:02:20,812499,3407729,Game 2: Both Teams Destroy Inhibitors?,prop,2,2026-08-14 03:00:00,117.7,Yes,40023438874668498144632750208657873382044520843447740625081184081555141180970,0.06,0.48,0.27,0.42,2.64,178.64,179.3,50.43,226.43,226.43,4,4,
2026-08-14 01:02:20,812499,3407729,Game 2: Both Teams Destroy Inhibitors?,prop,2,2026-08-14 03:00:00,117.7,No,484091212595295130994775780202175233930586477475167866439140463580364160749,0.52,0.94,0.73,0.42,52.65,228.65,228.65,49.13,4273.13,4337.54,4,4,
2026-08-14 01:02:20,812499,3407730,Game 2: Any Player Quadra Kill?,prop,2,2026-08-14 03:00:00,117.7,Yes,57512002909106302457374648538616826010950529161110952092924294330557738326260,0.08,0.48,0.28,0.4,177.85,177.85,177.85,14.97,190.97,190.97,3,4,
2026-08-14 01:02:20,812499,3407730,Game 2: Any Player Quadra Kill?,prop,2,2026-08-14 03:00:00,117.7,No,46528999239069913500878472010371195055074690848476631394902559060981264912902,0.52,0.92,0.72,0.4,15.73,191.73,191.73,2359.51,2359.51,2359.51,4,3,
2026-08-14 01:02:20,812499,3407731,Game 2: Any Player Penta Kill?,prop,2,2026-08-14 03:00:00,117.7,Yes,10367002689217741199289369255672046887753394169252950796871025362076925359402,0.01,0.49,0.25,0.48,176.05,176.05,176.05,187.31,187.31,187.31,1,3,
2026-08-14 01:02:20,812499,3407731,Game 2: Any Player Penta Kill?,prop,2,2026-08-14 03:00:00,117.7,No,44629523316220057660997646176727280068477055828540480140172757604033758965591,0.51,0.99,0.75,0.48,187.77,187.77,187.77,17428.95,17428.95,17428.95,3,1,
2026-08-14 01:02:20,812499,3407732,Game 2: Odd/Even Total Kills?,odd_even,2,2026-08-14 03:00:00,117.7,Odd,68118589223287351123746973139702260581892652876242555636600008179922666725119,0.49,0.51,0.5,0.02,131.66,143.64,428.25,138.13,152.19,500.06,10,10,
2026-08-14 01:02:20,812499,3407732,Game 2: Odd/Even Total Kills?,odd_even,2,2026-08-14 03:00:00,117.7,Even,11563884776145307024557473783891356249853220511404723988011218691689405038835,0.49,0.51,0.5,0.02,131.66,143.64,428.25,138.13,152.19,500.06,10,10,
2026-08-14 01:02:20,812499,3407733,Game 3: Both Teams Slay Baron Nashor?,prop,3,2026-08-14 03:00:00,117.7,Yes,15108330882199972065167953232972112332503134649241289853150575394305889536382,0.07,0.99,0.53,0.92,178.02,178.02,178.02,99.99,99.99,99.99,3,1,
2026-08-14 01:02:20,812499,3407733,Game 3: Both Teams Slay Baron Nashor?,prop,3,2026-08-14 03:00:00,117.7,No,11583353539019187263341757865616242101793514605533674611840543623085353915285,0.01,0.93,0.47,0.92,1.01,1.01,1.01,2784.15,2784.15,2784.15,1,3,
2026-08-14 01:02:20,812499,3407734,Game 3: Both Teams Slay a Dragon?,prop,3,2026-08-14 03:00:00,117.7,Yes,86518706067459875316993377887665484784139398669990316039811150778003477248591,0.01,0.76,0.385,0.75,1.01,1.01,1.01,23.56,742.11,742.11,1,5,
2026-08-14 01:02:20,812499,3407734,Game 3: Both Teams Slay a Dragon?,prop,3,2026-08-14 03:00:00,117.7,No,6330268134995515899876922471865852432628309512536344065282936223963491226645,0.24,0.99,0.615,0.75,7.14,199.06,199.06,99.98,99.98,99.98,5,1,
2026-08-14 01:02:20,812499,3407735,Game 3: Both Teams Destroy Inhibitors?,prop,3,2026-08-14 03:00:00,117.7,Yes,46778385251335632815107295958228684502257914370849295054583406222456702799534,0.06,0.99,0.525,0.93,1.64,177.64,178.14,99.99,99.99,99.99,4,1,
2026-08-14 01:02:20,812499,3407735,Game 3: Both Teams Destroy Inhibitors?,prop,3,2026-08-14 03:00:00,117.7,No,17022380444954140080106111683131141599196325846984987422687868734754056013796,0.01,0.94,0.475,0.93,1.01,1.01,1.01,29.56,4253.56,4303.06,1,4,
2026-08-14 01:02:20,812499,3407736,Game 3: Any Player Quadra Kill?,prop,3,2026-08-14 03:00:00,117.7,Yes,89300494282854674899062293591156319703727387411768815627804385407768809680929,0.08,0.99,0.535,0.91,177.85,177.85,177.85,4.95,4.95,4.95,3,1,
2026-08-14 01:02:20,812499,3407736,Game 3: Any Player Quadra Kill?,prop,3,2026-08-14 03:00:00,117.7,No,114001328052018071192312018162667158102721309900817212379891076054206240411645,0.01,0.92,0.465,0.91,0.05,0.05,0.05,2359.51,2359.51,2359.51,1,3,
2026-08-14 01:02:20,812499,3407737,Game 3: Any Player Penta Kill?,prop,3,2026-08-14 03:00:00,117.7,Yes,114930391155820671280932336596912874838796280776517417418481514020573563481141,0.01,0.99,0.5,0.98,176.05,176.05,176.05,4.95,4.95,4.95,1,1,
2026-08-14 01:02:20,812499,3407737,Game 3: Any Player Penta Kill?,prop,3,2026-08-14 03:00:00,117.7,No,25083949550735874000852664968153918873092872242306546089004263953312445332311,0.01,0.99,0.5,0.98,0.05,0.05,0.05,17428.95,17428.95,17428.95,1,1,
2026-08-14 01:02:20,812499,3407738,Game 3: Odd/Even Total Kills?,odd_even,3,2026-08-14 03:00:00,117.7,Odd,55002932149693205039252313297704990705936164068114650496235005232232448118768,0.49,0.51,0.5,0.02,105.76,117.74,402.35,110.07,110.07,457.94,9,7,
2026-08-14 01:02:20,812499,3407738,Game 3: Odd/Even Total Kills?,odd_even,3,2026-08-14 03:00:00,117.7,Even,22731531805730680844471275051506006731851300824476975059046552919830390345510,0.49,0.51,0.5,0.02,105.76,105.76,390.37,110.07,124.13,472.0,7,9,
2026-08-14 01:02:20,812500,3407739,LoL: BNK FearX Youth vs HANJIN BRION Challengers - Game 1 Winner,map,1,2026-08-14 05:00:00,237.7,BNK FearX Youth,61663936455102720529851768719096966279739088515242859634351510053320021427857,0.58,0.6,0.59,0.02,949.29,3035.61,3648.61,724.45,1773.55,2600.01,30,31,2490.579067
2026-08-14 01:02:20,812500,3407739,LoL: BNK FearX Youth vs HANJIN BRION Challengers - Game 1 Winner,map,1,2026-08-14 05:00:00,237.7,HANJIN BRION Challengers,42234029726181362412603779948886866264430875684742909834436718516098761282889,0.4,0.42,0.41,0.02,465.55,1102.96,1564.56,713.67,2372.03,2894.22,32,30,2490.579067
2026-08-14 01:02:20,812500,3407740,LoL: BNK FearX Youth vs HANJIN BRION Challengers - Game 2 Winner,map,2,2026-08-14 05:00:00,237.7,BNK FearX Youth,107808309436641300893312675613018183409013019586056788222963388770887566279759,0.59,0.6,0.595,0.01,41.39,2358.56,3645.09,909.65,1972.53,2888.54,36,26,2548.579067
2026-08-14 01:02:20,812500,3407740,LoL: BNK FearX Youth vs HANJIN BRION Challengers - Game 2 Winner,map,2,2026-08-14 05:00:00,237.7,HANJIN BRION Challengers,108190713726091544908980663096828147669429426515696290929034353759153855371872,0.4,0.41,0.405,0.01,589.02,1232.8,1731.81,29.61,1846.67,2919.2,26,36,2548.579067
2026-08-14 01:02:20,812500,3407741,LoL: BNK FearX Youth vs HANJIN BRION Challengers (BO3) - LCK Challengers League Rounds 3-4 Trial Group,series,,2026-08-14 05:00:00,237.7,BNK FearX Youth,4709157790055180552341123243460762988257059370615011807866571989785820996007,0.64,0.65,0.645,0.01,14244.28,15303.37,17575.67,2924.86,4237.89,5062.89,47,28,19531.1164
2026-08-14 01:02:20,812500,3407741,LoL: BNK FearX Youth vs HANJIN BRION Challengers (BO3) - LCK Challengers League Rounds 3-4 Trial Group,series,,2026-08-14 05:00:00,237.7,HANJIN BRION Challengers,78953976754099792644259899378966754561173836122361982355623147636345680203948,0.35,0.36,0.355,0.01,1547.03,2190.36,2545.36,8207.28,8873.8,10432.0,28,47,19531.1164
2026-08-14 01:02:20,812500,3407742,Games Total: O/U 2.5,total_games,,2026-08-14 05:00:00,237.7,Over,92276135268136739124520169377318113815189044479197789767602638268546461184061,0.46,0.47,0.465,0.01,284.0,612.16,724.7,274.49,697.1,789.32,30,31,12204.805178
2026-08-14 01:02:20,812500,3407742,Games Total: O/U 2.5,total_games,,2026-08-14 05:00:00,237.7,Under,75172933509377648381665745794974452683403650699414327328586378058335219068050,0.53,0.54,0.535,0.01,308.59,740.06,826.17,338.88,769.92,926.28,31,30,12204.805178
2026-08-14 01:02:20,812500,3407743,Game Handicap: FOX.Y (-1.5) vs HANJIN BRION Challengers (+1.5),handicap,,2026-08-14 05:00:00,237.7,BNK FearX Youth,28056190424496620422390413104090982910658404924761402830580049883862063899907,0.34,0.35,0.345,0.01,228.39,407.36,492.28,70.44,287.27,341.66,20,19,90.81
2026-08-14 01:02:20,812500,3407743,Game Handicap: FOX.Y (-1.5) vs HANJIN BRION Challengers (+1.5),handicap,,2026-08-14 05:00:00,237.7,HANJIN BRION Challengers,83088721436173965622006440777948770695175995616684936722852600465292900831936,0.65,0.66,0.655,0.01,129.56,486.59,570.39,461.74,846.12,1045.28,19,20,90.81
2026-08-14 01:02:20,812500,3407744,Game 1: Both Teams Slay Baron Nashor?,prop,1,2026-08-14 05:00:00,237.7,Yes,100315910748355254837447175433844190501038481535618161174574469556825818591812,0.07,0.5,0.285,0.43,179.62,179.84,183.84,176.0,176.0,176.0,6,9,
2026-08-14 01:02:20,812500,3407744,Game 1: Both Teams Slay Baron Nashor?,prop,1,2026-08-14 05:00:00,237.7,No,76695919881543110155683999703013506106666117525109998233075735667065262555257,0.5,0.93,0.715,0.43,176.0,176.0,176.0,2805.36,2810.86,2973.53,9,6,
2026-08-14 01:02:20,812500,3407745,Game 1: Both Teams Slay a Dragon?,prop,1,2026-08-14 05:00:00,237.7,Yes,22528557460313114895491100701446185514083262707562640533159631804605832623758,0.52,0.77,0.645,0.25,52.63,228.63,228.63,80.33,750.32,750.32,10,8,
2026-08-14 01:02:20,812500,3407745,Game 1: Both Teams Slay a Dragon?,prop,1,2026-08-14 05:00:00,237.7,No,111719982073440494596637220557882732832342237008015925473728205120143084818142,0.23,0.48,0.355,0.25,22.75,200.85,200.85,50.45,226.45,226.45,8,10,
2026-08-14 01:02:20,812500,3407746,Game 1: Both Teams Destroy Inhibitors?,prop,1,2026-08-14 05:00:00,237.7,Yes,102015644364337373304958190412524133722067167548401185640506892992233253816221,0.06,0.5,0.28,0.44,2.72,180.73,183.32,176.0,176.0,176.0,6,9,
2026-08-14 01:02:20,812500,3407746,Game 1: Both Teams Destroy Inhibitors?,prop,1,2026-08-14 05:00:00,237.7,No,79051556571885796194539247443195689732745795285052036820979417847106397667601,0.5,0.94,0.72,0.44,176.0,176.0,176.0,50.38,4339.05,4577.76,9,6,
2026-08-14 01:02:20,812500,3407747,Game 1: Any Player Quadra Kill?,prop,1,2026-08-14 05:00:00,237.7,Yes,26710921275625404505056773265693662361876704590821399911826241301751673587149,0.08,0.5,0.29,0.42,177.85,177.85,179.85,176.0,176.0,176.0,5,9,
2026-08-14 01:02:20,812500,3407747,Game 1: Any Player Quadra Kill?,prop,1,2026-08-14 05:00:00,237.7,No,93968963195077369200919487637351234938964989272421779584427039793519294281254,0.5,0.92,0.71,0.42,176.0,176.0,176.0,2359.51,2359.51,2407.51,9,5,
2026-08-14 01:02:20,812500,3407748,Game 1: Any Player Penta Kill?,prop,1,2026-08-14 05:00:00,237.7,Yes,112894733441774993623126215114218924485095801202348585552578540782541586703397,0.01,0.49,0.25,0.48,176.05,176.05,176.05,187.31,187.31,187.31,1,9,
2026-08-14 01:02:20,812500,3407748,Game 1: Any Player Penta Kill?,prop,1,2026-08-14 05:00:00,237.7,No,91952076391574419055919837609434990335076390976729873485357740908976831871632,0.51,0.99,0.75,0.48,187.77,187.77,187.77,17428.95,17428.95,17428.95,9,1,
2026-08-14 01:02:20,812500,3407749,Game 1: Odd/Even Total Kills?,odd_even,1,2026-08-14 05:00:00,237.7,Odd,32848162093516195379139231796286054395603262109309254908226315237881396997000,0.49,0.51,0.5,0.02,131.66,143.64,428.25,138.13,152.19,500.06,12,12,
2026-08-14 01:02:20,812500,3407749,Game 1: Odd/Even Total Kills?,odd_even,1,2026-08-14 05:00:00,237.7,Even,55021576952347549260624848959361573180356957556440694582427231752311741888467,0.49,0.51,0.5,0.02,131.66,143.64,428.25,138.13,152.19,500.06,12,12,
2026-08-14 01:02:20,812500,3407750,Game 2: Both Teams Slay Baron Nashor?,prop,2,2026-08-14 05:00:00,237.7,Yes,97877118867019311861316666766462908864478753853178147427401515473268771239471,0.07,0.5,0.285,0.43,179.62,179.85,183.85,176.0,176.0,176.0,6,9,
2026-08-14 01:02:20,812500,3407750,Game 2: Both Teams Slay Baron Nashor?,prop,2,2026-08-14 05:00:00,237.7,No,101719955781485808478825279041139319336382429106729864175832223089426518525915,0.5,0.93,0.715,0.43,176.0,176.0,176.0,2805.37,2810.91,2973.58,9,6,
2026-08-14 01:02:20,812500,3407751,Game 2: Both Teams Slay a Dragon?,prop,2,2026-08-14 05:00:00,237.7,Yes,47297680764440435034908332421262931037459217405696163811547313651467330170718,0.52,0.77,0.645,0.25,52.63,228.63,228.63,80.33,750.32,750.32,10,8,
2026-08-14 01:02:20,812500,3407751,Game 2: Both Teams Slay a Dragon?,prop,2,2026-08-14 05:00:00,237.7,No,23989265404590266695157366851083201637045652483925584723159543825808201424379,0.23,0.48,0.355,0.25,22.75,200.85,200.85,50.45,226.45,226.45,8,10,
2026-08-14 01:02:20,812500,3407752,Game 2: Both Teams Destroy Inhibitors?,prop,2,2026-08-14 05:00:00,237.7,Yes,36118710167082995409349519645958671600314701568827679019948470339439596629305,0.06,0.5,0.28,0.44,2.71,180.92,183.32,176.0,176.0,176.0,6,9,
2026-08-14 01:02:20,812500,3407752,Game 2: Both Teams Destroy Inhibitors?,prop,2,2026-08-14 05:00:00,237.7,No,22051017317047635342500083586640641278478909574563877304072568978735527884807,0.5,0.94,0.72,0.44,176.0,176.0,176.0,50.2,4343.82,4570.02,9,6,
2026-08-14 01:02:20,812500,3407753,Game 2: Any Player Quadra Kill?,prop,2,2026-08-14 05:00:00,237.7,Yes,58807234942451841241022433088812455930302780501410971969865241860350913908259,0.08,0.5,0.29,0.42,177.85,177.85,179.85,176.0,176.0,176.0,5,9,
2026-08-14 01:02:20,812500,3407753,Game 2: Any Player Quadra Kill?,prop,2,2026-08-14 05:00:00,237.7,No,67610973198289160033085562258079641623102165084127740059987302312234651513258,0.5,0.92,0.71,0.42,176.0,176.0,176.0,2359.51,2359.51,2407.51,9,5,
2026-08-14 01:02:20,812500,3407754,Game 2: Any Player Penta Kill?,prop,2,2026-08-14 05:00:00,237.7,Yes,64636778969528768893935901549188989277569900524229601745022333725042773975659,0.01,0.49,0.25,0.48,176.05,176.05,176.05,187.31,187.31,187.31,1,9,
2026-08-14 01:02:20,812500,3407754,Game 2: Any Player Penta Kill?,prop,2,2026-08-14 05:00:00,237.7,No,24637814849118864058445072991262267792789278042574602351517704206601256691646,0.51,0.99,0.75,0.48,187.77,187.77,187.77,17428.95,17428.95,17428.95,9,1,
2026-08-14 01:02:20,812500,3407755,Game 2: Odd/Even Total Kills?,odd_even,2,2026-08-14 05:00:00,237.7,Odd,89132671465319801984196745843834846416244136716772814394593698925920785988347,0.49,0.51,0.5,0.02,131.66,143.64,428.25,138.13,152.19,500.06,12,12,
2026-08-14 01:02:20,812500,3407755,Game 2: Odd/Even Total Kills?,odd_even,2,2026-08-14 05:00:00,237.7,Even,23772193768728815416979274790047390098007350518635703771944232234280869494479,0.49,0.51,0.5,0.02,131.66,143.64,428.25,138.13,152.19,500.06,12,12,
2026-08-14 01:02:20,812500,3407756,Game 3: Both Teams Slay Baron Nashor?,prop,3,2026-08-14 05:00:00,237.7,Yes,24551762467780504210757017514656860109633869494113144703849068703959601268673,0.07,0.99,0.53,0.92,178.02,178.29,182.29,99.99,99.99,99.99,6,1,
2026-08-14 01:02:20,812500,3407756,Game 3: Both Teams Slay Baron Nashor?,prop,3,2026-08-14 05:00:00,237.7,No,92102471374974848250230863328435931811182626128088800904066639574937320815337,0.01,0.93,0.47,0.92,1.01,1.01,1.01,2784.14,2790.66,2953.33,1,6,
2026-08-14 01:02:20,812500,3407757,Game 3: Both Teams Slay a Dragon?,prop,3,2026-08-14 05:00:00,237.7,Yes,105094231123555274880570448823486931970030904367641419451399134893231939244446,0.02,0.76,0.39,0.74,3.01,3.01,3.01,23.56,742.11,742.11,2,9,
2026-08-14 01:02:20,812500,3407757,Game 3: Both Teams Slay a Dragon?,prop,3,2026-08-14 05:00:00,237.7,No,109014455888086068752688760252979925952031440819867195106974328993910223862769,0.24,0.98,0.61,0.74,7.14,199.06,199.06,260.11,260.11,260.11,9,2,
2026-08-14 01:02:20,812500,3407758,Game 3: Both Teams Destroy Inhibitors?,prop,3,2026-08-14 05:00:00,237.7,Yes,11499728086856774147918517498478056991605051727557688632058241656568015942179,0.06,0.99,0.525,0.93,1.66,179.66,182.16,99.99,99.99,99.99,6,1,
2026-08-14 01:02:20,812500,3407758,Game 3: Both Teams Destroy Inhibitors?,prop,3,2026-08-14 05:00:00,237.7,No,71331753933838756945698401235301506856154222385900681314053669927744665300268,0.01,0.94,0.475,0.93,1.01,1.01,1.01,29.9,4318.57,4549.49,1,6,
2026-08-14 01:02:20,812500,3407759,Game 3: Any Player Quadra Kill?,prop,3,2026-08-14 05:00:00,237.7,Yes,47421305575153937544146820599736168513827203673828466756713059966501144155809,0.08,0.99,0.535,0.91,177.85,177.85,179.85,4.95,4.95,4.95,5,1,
2026-08-14 01:02:20,812500,3407759,Game 3: Any Player Quadra Kill?,prop,3,2026-08-14 05:00:00,237.7,No,5552884444941479301335256995977407725017527851202209555956852640959352319922,0.01,0.92,0.465,0.91,0.05,0.05,0.05,2359.51,2359.51,2407.51,1,5,
2026-08-14 01:02:20,812500,3407760,Game 3: Any Player Penta Kill?,prop,3,2026-08-14 05:00:00,237.7,Yes,102996765780386697047720186968511898643728347582999249513342982330729739171052,0.01,0.99,0.5,0.98,176.05,176.05,176.05,4.95,4.95,4.95,1,1,
2026-08-14 01:02:20,812500,3407760,Game 3: Any Player Penta Kill?,prop,3,2026-08-14 05:00:00,237.7,No,42319548810746199058964111262747327533525346884991531332840418409971882446366,0.01,0.99,0.5,0.98,0.05,0.05,0.05,17428.95,17428.95,17428.95,1,1,
2026-08-14 01:02:20,812500,3407761,Game 3: Odd/Even Total Kills?,odd_even,3,2026-08-14 05:00:00,237.7,Odd,32753689779373724055024054576187425028926857048917614701853851903254710657703,0.49,0.51,0.5,0.02,131.66,143.64,428.25,138.13,152.19,500.06,12,12,
2026-08-14 01:02:20,812500,3407761,Game 3: Odd/Even Total Kills?,odd_even,3,2026-08-14 05:00:00,237.7,Even,89209463628517423703665674201516273330810059098694242442514499005623124181252,0.49,0.51,0.5,0.02,131.66,143.64,428.25,138.13,152.19,500.06,12,12,
2026-08-14 01:02:20,826070,3477050,LoL: NRG Esports vs Contingent Esports - Game 1 Winner,map,1,2026-08-14 03:00:00,117.7,NRG Esports,80814790902632668004539328994746617014614315928060173257015852122406695311005,0.8,0.81,0.805,0.01,317.06,2461.22,3289.37,870.24,3014.39,4051.48,19,13,367.074342
2026-08-14 01:02:20,826070,3477050,LoL: NRG Esports vs Contingent Esports - Game 1 Winner,map,1,2026-08-14 03:00:00,117.7,Contingent Esports,107651310737272584966890037363108476219576749219700416899862916279592660232089,0.19,0.2,0.195,0.01,191.71,622.29,791.12,83.44,701.16,977.21,13,19,367.074342
2026-08-14 01:02:20,826070,3477051,LoL: NRG Esports vs Contingent Esports - Game 2 Winner,map,2,2026-08-14 03:00:00,117.7,NRG Esports,7118869453742291045797317815564893062933350229077106358535601493893500087591,0.8,0.81,0.805,0.01,612.6,2520.37,3474.97,57.13,4943.48,5976.27,18,12,
2026-08-14 01:02:20,826070,3477051,LoL: NRG Esports vs Contingent Esports - Game 2 Winner,map,2,2026-08-14 03:00:00,117.7,Contingent Esports,108002125035495150522720856231525573531669999272447427854984681030770827642415,0.19,0.2,0.195,0.01,12.69,969.65,1137.78,162.13,713.1,1031.3,12,18,
2026-08-14 01:02:20,826070,3477052,LoL: NRG Esports vs Contingent Esports (BO3) - North American Challengers League Group Stage,series,,2026-08-14 03:00:00,117.7,NRG Esports,43038352639417355691707647173859018730749533391426346756399874481168166294619,0.87,0.88,0.875,0.01,1503.1,5000.27,5622.77,8011.1,10913.88,15217.51,49,12,5067.7755130000005
2026-08-14 01:02:20,826070,3477052,LoL: NRG Esports vs Contingent Esports (BO3) - North American Challengers League Group Stage,series,,2026-08-14 03:00:00,117.7,Contingent Esports,84678973437664474131672312186325078675557922490434064743358042746648544685152,0.12,0.13,0.125,0.01,1004.22,1324.47,1668.54,240.93,892.29,1019.79,12,49,5067.7755130000005
2026-08-14 01:02:20,826070,3477053,Games Total: O/U 2.5,total_games,,2026-08-14 03:00:00,117.7,Over,55750592239967941703301064844243535772993617325443398709488185293476935877531,0.28,0.29,0.285,0.01,289.52,803.97,878.97,225.74,651.95,747.02,21,33,5001.596139
2026-08-14 01:02:20,826070,3477053,Games Total: O/U 2.5,total_games,,2026-08-14 03:00:00,117.7,Under,82152669265463547990220171689636558584137366588986322786820150257732179196557,0.71,0.72,0.715,0.01,552.66,1479.41,1672.41,746.52,2287.47,2525.51,33,21,5001.596139
2026-08-14 01:02:20,826070,3477054,Game Handicap: NRG (-1.5) vs Contingent Esports (+1.5),handicap,,2026-08-14 03:00:00,117.7,NRG Esports,95412707328160076383234584804646983201601033147527050227749727111466216606486,0.66,0.67,0.665,0.01,1358.16,4309.39,4309.39,754.0,978.52,1191.52,30,23,6266.215499
2026-08-14 01:02:20,826070,3477054,Game Handicap: NRG (-1.5) vs Contingent Esports (+1.5),handicap,,2026-08-14 03:00:00,117.7,Contingent Esports,79376817134124206774201685278379459810679800756916708410468012280981017893764,0.33,0.34,0.335,0.01,369.96,467.96,554.96,708.97,2373.79,2373.79,23,30,6266.215499
2026-08-14 01:02:20,826070,3477055,Game 1: Both Teams Slay Baron Nashor?,prop,1,2026-08-14 03:00:00,117.7,Yes,87681573095327547420633314226806041000149028170713311037612514061710912723742,0.01,0.99,0.5,0.98,0.9,0.9,0.9,95.04,95.04,95.04,1,1,
2026-08-14 01:02:20,826070,3477055,Game 1: Both Teams Slay Baron Nashor?,prop,1,2026-08-14 03:00:00,117.7,No,69312485936334009045325800311715558032922672642482501491119421898458006349825,0.01,0.99,0.5,0.98,0.96,0.96,0.96,89.37,89.37,89.37,1,1,
2026-08-14 01:02:20,826070,3477056,Game 1: Both Teams Slay a Dragon?,prop,1,2026-08-14 03:00:00,117.7,Yes,83805735251597132117951173378137346357296339870381814266398461580520007861517,0.25,0.99,0.62,0.74,77.77,77.77,77.77,95.03,95.03,95.03,3,1,
2026-08-14 01:02:20,826070,3477056,Game 1: Both Teams Slay a Dragon?,prop,1,2026-08-14 03:00:00,117.7,No,24156205806670798372110555621724125417579911628083855143977773542489628788926,0.01,0.75,0.38,0.74,0.96,0.96,0.96,245.31,245.31,245.31,1,3,
2026-08-14 01:02:20,826070,3477057,Game 1: Both Teams Destroy Inhibitors?,prop,1,2026-08-14 03:00:00,117.7,Yes,70847180670013690410054498405126312924929675515172003776071312263632441945977,0.01,0.99,0.5,0.98,0.94,0.94,0.94,95.04,95.04,95.04,1,1,
2026-08-14 01:02:20,826070,3477057,Game 1: Both Teams Destroy Inhibitors?,prop,1,2026-08-14 03:00:00,117.7,No,15552457357105246680088345561853174847839914230111380560590702628300617170166,0.01,0.99,0.5,0.98,0.96,0.96,0.96,92.81,92.81,92.81,1,1,
2026-08-14 01:02:20,826070,3477058,Game 1: Any Player Quadra Kill?,prop,1,2026-08-14 03:00:00,117.7,Yes,90611949896330126489333584640484616670727390063723860281928013878403906065721,,,,,0.0,0.0,0.0,0.0,0.0,0.0,0,0,
2026-08-14 01:02:20,826070,3477058,Game 1: Any Player Quadra Kill?,prop,1,2026-08-14 03:00:00,117.7,No,30801089695626298578988776831063320516250144642136439806183847895839275854811,,,,,0.0,0.0,0.0,0.0,0.0,0.0,0,0,
2026-08-14 01:02:20,826070,3477059,Game 1: Any Player Penta Kill?,prop,1,2026-08-14 03:00:00,117.7,Yes,48229925814520007661244111895915992051489252573972834651743984793002069701817,,,,,0.0,0.0,0.0,0.0,0.0,0.0,0,0,
2026-08-14 01:02:20,826070,3477059,Game 1: Any Player Penta Kill?,prop,1,2026-08-14 03:00:00,117.7,No,9305314826584013047090950141969451002924314918612350007363467585821240369066,,,,,0.0,0.0,0.0,0.0,0.0,0.0,0,0,
2026-08-14 01:02:20,826070,3477061,Game 1: Odd/Even Total Kills?,odd_even,1,2026-08-14 03:00:00,117.7,Odd,32494922393258859963201856101328517997010549162018639697250819883519722049068,0.49,0.51,0.5,0.02,7.76,7.76,7.76,8.07,8.07,8.07,5,5,
2026-08-14 01:02:20,826070,3477061,Game 1: Odd/Even Total Kills?,odd_even,1,2026-08-14 03:00:00,117.7,Even,112834540130252099583593253928265938091790513484363299374731806537792656031528,0.49,0.51,0.5,0.02,7.76,7.76,7.76,8.07,8.07,8.07,5,5,
2026-08-14 01:02:20,826070,3477062,Game 2: Both Teams Slay Baron Nashor?,prop,2,2026-08-14 03:00:00,117.7,Yes,55753683192199022612671704126737811310328029678442412170950072602131054587210,0.01,0.99,0.5,0.98,0.91,0.91,0.91,95.04,95.04,95.04,1,1,
2026-08-14 01:02:20,826070,3477062,Game 2: Both Teams Slay Baron Nashor?,prop,2,2026-08-14 03:00:00,117.7,No,55937094852319737792850165512480430449747853756905259274031753275691368112975,0.01,0.99,0.5,0.98,0.96,0.96,0.96,89.67,89.67,89.67,1,1,
2026-08-14 01:02:20,826070,3477063,Game 2: Both Teams Slay a Dragon?,prop,2,2026-08-14 03:00:00,117.7,Yes,48623647428517517453611058807537447198598988098824330225032342676302728625012,0.01,0.99,0.5,0.98,0.96,0.96,0.96,95.03,95.03,95.03,1,1,
2026-08-14 01:02:20,826070,3477063,Game 2: Both Teams Slay a Dragon?,prop,2,2026-08-14 03:00:00,117.7,No,42417195815488111081943362396002926413430486562906704641578354062740797580084,0.01,0.99,0.5,0.98,0.96,0.96,0.96,95.04,95.04,95.04,1,1,
2026-08-14 01:02:20,826070,3477064,Game 2: Both Teams Destroy Inhibitors?,prop,2,2026-08-14 03:00:00,117.7,Yes,23628154900252164597588937639111773709699026601186386386168618417735820690106,0.79,0.86,0.825,0.07,36.47,36.47,36.47,39.7,39.7,39.7,5,2,532.9815600000001
2026-08-14 01:02:20,826070,3477064,Game 2: Both Teams Destroy Inhibitors?,prop,2,2026-08-14 03:00:00,117.7,No,85739117623916471191019361815038085504519438797717701017619191765882696246759,0.14,0.21,0.175,0.07,6.46,6.46,6.46,9.69,9.69,9.69,2,5,532.9815600000001
2026-08-14 01:02:20,826070,3477065,Game 2: Any Player Quadra Kill?,prop,2,2026-08-14 03:00:00,117.7,Yes,53208917334913900389630971292939370679251910829672144758009133122161611227896,,,,,0.0,0.0,0.0,0.0,0.0,0.0,0,0,
2026-08-14 01:02:20,826070,3477065,Game 2: Any Player Quadra Kill?,prop,2,2026-08-14 03:00:00,117.7,No,91070975633974495708697307701836756019763571915749676034097536234325782029896,,,,,0.0,0.0,0.0,0.0,0.0,0.0,0,0,
2026-08-14 01:02:20,826070,3477066,Game 2: Any Player Penta Kill?,prop,2,2026-08-14 03:00:00,117.7,Yes,41553921922748035091195286700334837861150809022270611498614461149967485676553,,,,,0.0,0.0,0.0,0.0,0.0,0.0,0,0,
2026-08-14 01:02:20,826070,3477066,Game 2: Any Player Penta Kill?,prop,2,2026-08-14 03:00:00,117.7,No,72372963262572990351948387093307185909935364431157003295642971589164020329307,,,,,0.0,0.0,0.0,0.0,0.0,0.0,0,0,
2026-08-14 01:02:20,826070,3477067,Game 2: Odd/Even Total Kills?,odd_even,2,2026-08-14 03:00:00,117.7,Odd,51682527872121142820533720760874357541341917877241650283064345652015294503432,0.49,0.51,0.5,0.02,7.76,7.76,7.76,8.07,8.07,8.07,6,5,
2026-08-14 01:02:20,826070,3477067,Game 2: Odd/Even Total Kills?,odd_even,2,2026-08-14 03:00:00,117.7,Even,52462070156083218163210891161506391469503363975012872173381524279777415671009,0.49,0.51,0.5,0.02,7.76,7.76,7.76,8.07,8.07,8.07,5,6,
2026-08-14 01:02:20,826070,3477068,Game 3: Both Teams Slay Baron Nashor?,prop,3,2026-08-14 03:00:00,117.7,Yes,87723048023863233229072489576988122495348581581883475764155604685715254995143,0.01,0.99,0.5,0.98,0.96,0.96,0.96,95.03,95.03,95.03,1,1,
2026-08-14 01:02:20,826070,3477068,Game 3: Both Teams Slay Baron Nashor?,prop,3,2026-08-14 03:00:00,117.7,No,50989255824497521540482389727045524148886656006776316809093754627968185524154,0.01,0.99,0.5,0.98,0.96,0.96,0.96,95.04,95.04,95.04,1,1,
2026-08-14 01:02:20,826070,3477069,Game 3: Both Teams Slay a Dragon?,prop,3,2026-08-14 03:00:00,117.7,Yes,31894618867354587726609743791628570681781025713790850110963430187452605983542,0.01,0.99,0.5,0.98,0.96,0.96,0.96,95.03,95.03,95.03,1,1,
2026-08-14 01:02:20,826070,3477069,Game 3: Both Teams Slay a Dragon?,prop,3,2026-08-14 03:00:00,117.7,No,102454578646280162427313029106444653546026394152408180005140046057337729562773,0.01,0.99,0.5,0.98,0.96,0.96,0.96,95.04,95.04,95.04,1,1,
2026-08-14 01:02:20,826070,3477070,Game 3: Both Teams Destroy Inhibitors?,prop,3,2026-08-14 03:00:00,117.7,Yes,37140353425416026858198430022763744658491197274004779834832527078807411250706,0.01,0.99,0.5,0.98,0.94,0.94,0.94,95.04,95.04,95.04,1,1,
2026-08-14 01:02:20,826070,3477070,Game 3: Both Teams Destroy Inhibitors?,prop,3,2026-08-14 03:00:00,117.7,No,81160108446775656753351553464289021811897715068601840646033017734259696288239,0.01,0.99,0.5,0.98,0.96,0.96,0.96,92.81,92.81,92.81,1,1,
2026-08-14 01:02:20,826070,3477071,Game 3: Any Player Quadra Kill?,prop,3,2026-08-14 03:00:00,117.7,Yes,98730301607993226617635192895346323156884766053134987563113989760237051075734,,,,,0.0,0.0,0.0,0.0,0.0,0.0,0,0,
2026-08-14 01:02:20,826070,3477071,Game 3: Any Player Quadra Kill?,prop,3,2026-08-14 03:00:00,117.7,No,47636245891328174531136161073693506541960443755198252563254227701534011303241,,,,,0.0,0.0,0.0,0.0,0.0,0.0,0,0,
2026-08-14 01:02:20,826070,3477072,Game 3: Any Player Penta Kill?,prop,3,2026-08-14 03:00:00,117.7,Yes,36582442770858592965786294186284019287317276526405187098158230226204042128980,,,,,0.0,0.0,0.0,0.0,0.0,0.0,0,0,
2026-08-14 01:02:20,826070,3477072,Game 3: Any Player Penta Kill?,prop,3,2026-08-14 03:00:00,117.7,No,72354692448307767435386725107072578807273666862716740697784668362154773401142,,,,,0.0,0.0,0.0,0.0,0.0,0.0,0,0,
2026-08-14 01:02:20,826070,3477073,Game 3: Odd/Even Total Kills?,odd_even,3,2026-08-14 03:00:00,117.7,Odd,17265110502119578793708135589809973427915605037445313419433454040796130326698,0.49,0.51,0.5,0.02,7.76,7.76,7.76,8.07,8.07,8.07,6,5,
2026-08-14 01:02:20,826070,3477073,Game 3: Odd/Even Total Kills?,odd_even,3,2026-08-14 03:00:00,117.7,Even,1107446221436908324166515020190090286245833902787500387186505680943047252583,0.49,0.51,0.5,0.02,7.76,7.76,7.76,8.07,8.07,8.07,5,6,
2026-08-14 01:08:14,812499,3407716,LoL: T1 Academy vs Dplus KIA Challengers - Game 1 Winner,map,1,2026-08-14 03:00:00,111.8,T1 Academy,39734844495353304395398396140221540149305519357715269073311726294226019570550,0.6,0.61,0.605,0.01,11027.95,12940.11,14401.61,4107.11,8539.35,9872.79,20,22,309.176933
2026-08-14 01:08:14,812499,3407716,LoL: T1 Academy vs Dplus KIA Challengers - Game 1 Winner,map,1,2026-08-14 03:00:00,111.8,Dplus KIA Challengers,33269339650279858595555088093374570383524449579809902479647974050760364184259,0.39,0.4,0.395,0.01,2620.26,5135.82,5827.29,7636.59,9061.43,10254.93,22,20,309.176933
2026-08-14 01:08:14,812499,3407717,LoL: T1 Academy vs Dplus KIA Challengers - Game 2 Winner,map,2,2026-08-14 03:00:00,111.8,T1 Academy,65413134936637378696103480670341747188714493905423788592364522087047313278527,0.6,0.61,0.605,0.01,9499.15,12121.63,13705.68,588.84,2270.93,3540.69,19,23,24.390242
2026-08-14 01:08:14,812499,3407717,LoL: T1 Academy vs Dplus KIA Challengers - Game 2 Winner,map,2,2026-08-14 03:00:00,111.8,Dplus KIA Challengers,109850116150453228098769636194777220136528900176432751128686947209537047715503,0.39,0.4,0.395,0.01,364.64,1419.67,1940.67,6600.85,8504.57,9794.36,23,19,24.390242
2026-08-14 01:08:14,812499,3407718,LoL: T1 Academy vs Dplus KIA Challengers (BO3) - LCK Challengers League Rounds 3-4 Challenge Group,series,,2026-08-14 03:00:00,111.8,T1 Academy,29334009531926017999172713361554624736754304108781329166019313376852181532606,0.66,0.67,0.665,0.01,13654.26,18098.45,20129.35,2125.27,6485.11,7846.11,46,26,18813.226712999996
2026-08-14 01:08:14,812499,3407718,LoL: T1 Academy vs Dplus KIA Challengers (BO3) - LCK Challengers League Rounds 3-4 Challenge Group,series,,2026-08-14 03:00:00,111.8,Dplus KIA Challengers,86576119660677556215120793453634271480079124875691072264113236209109323222775,0.33,0.34,0.335,0.01,1008.77,2899.93,3438.93,7065.25,9620.82,10909.92,26,46,18813.226712999996
2026-08-14 01:08:14,812499,3407719,Games Total: O/U 2.5,total_games,,2026-08-14 03:00:00,111.8,Over,12254491551645605749999948566783532239763590860890971634914438946306484415625,0.46,0.47,0.465,0.01,52.98,470.02,1247.4,179.75,1782.23,1989.13,20,15,24.291665000000002
2026-08-14 01:08:14,812499,3407719,Games Total: O/U 2.5,total_games,,2026-08-14 03:00:00,111.8,Under,68717137278381026545457297595820702026186759179231499229342417358442267129224,0.53,0.54,0.535,0.01,195.18,1850.14,2045.25,63.45,602.52,1698.95,15,20,24.291665000000002
2026-08-14 01:08:14,812499,3407720,Game Handicap: T1.A (-1.5) vs Dplus KIA Challengers (+1.5),handicap,,2026-08-14 03:00:00,111.8,T1 Academy,112387528592292424930650532924576804503241362728004667616961247667692272312413,0.37,0.38,0.375,0.01,16.01,637.41,904.33,60.58,651.59,876.99,19,17,720.61431
2026-08-14 01:08:14,812499,3407720,Game Handicap: T1.A (-1.5) vs Dplus KIA Challengers (+1.5),handicap,,2026-08-14 03:00:00,111.8,Dplus KIA Challengers,94189587113690720225125693998745295556487555508602796811274630370563126617623,0.62,0.63,0.625,0.01,97.69,957.42,1262.02,27.25,1199.39,1756.47,17,19,720.61431
2026-08-14 01:08:14,812499,3407721,Game 1: Both Teams Slay Baron Nashor?,prop,1,2026-08-14 03:00:00,111.8,Yes,40069868393640809104786506776915751658534703452875290458511978206216443518807,0.06,0.48,0.27,0.42,176.0,176.0,177.01,50.43,226.43,226.43,2,4,
2026-08-14 01:08:14,812499,3407721,Game 1: Both Teams Slay Baron Nashor?,prop,1,2026-08-14 03:00:00,111.8,No,50608849903554909222219439429204277119215627374900112590959682663938465769933,0.52,0.94,0.73,0.42,52.65,228.65,228.65,2757.33,2757.33,2857.31,4,2,
2026-08-14 01:08:14,812499,3407722,Game 1: Both Teams Slay a Dragon?,prop,1,2026-08-14 03:00:00,111.8,Yes,64687367087236276548065101683258903075752340820526093114401398914562723872435,0.52,0.77,0.645,0.25,52.63,228.63,228.63,80.33,742.42,742.42,4,4,
2026-08-14 01:08:14,812499,3407722,Game 1: Both Teams Slay a Dragon?,prop,1,2026-08-14 03:00:00,111.8,No,26917764894392864707600724979145293015616736651873463361668909405225770515800,0.23,0.48,0.355,0.25,22.75,198.75,198.75,50.45,226.45,226.45,4,4,
2026-08-14 01:08:14,812499,3407723,Game 1: Both Teams Destroy Inhibitors?,prop,1,2026-08-14 03:00:00,111.8,Yes,90909758418785757498339848282956469721252985181476774447367514416062374905071,0.06,0.48,0.27,0.42,2.65,178.65,179.24,50.43,226.43,226.43,4,4,
2026-08-14 01:08:14,812499,3407723,Game 1: Both Teams Destroy Inhibitors?,prop,1,2026-08-14 03:00:00,111.8,No,97306944816021298866960210528887417854859989203311809746657546857239695639465,0.52,0.94,0.73,0.42,52.65,228.65,228.65,49.13,4273.13,4332.39,4,4,
2026-08-14 01:08:14,812499,3407724,Game 1: Any Player Quadra Kill?,prop,1,2026-08-14 03:00:00,111.8,Yes,40480664112673814293878383496256759291306966101765432817155796609878716191611,0.08,0.48,0.28,0.4,177.85,177.85,177.85,14.97,190.97,190.97,3,4,
2026-08-14 01:08:14,812499,3407724,Game 1: Any Player Quadra Kill?,prop,1,2026-08-14 03:00:00,111.8,No,14076318087349160081892552307719855776657942293180940006992128639325104402095,0.52,0.92,0.72,0.4,15.73,191.73,191.73,2359.51,2359.51,2359.51,4,3,
2026-08-14 01:08:14,812499,3407725,Game 1: Any Player Penta Kill?,prop,1,2026-08-14 03:00:00,111.8,Yes,83951240816212277150512877212327250889048265428194239222014223541148332980146,0.01,0.49,0.25,0.48,176.05,176.05,176.05,187.31,187.31,187.31,1,3,
2026-08-14 01:08:14,812499,3407725,Game 1: Any Player Penta Kill?,prop,1,2026-08-14 03:00:00,111.8,No,14552533511971407204042061068349266750490465725326712708556780935391488764747,0.51,0.99,0.75,0.48,187.77,187.77,187.77,17428.95,17428.95,17428.95,3,1,
2026-08-14 01:08:14,812499,3407726,Game 1: Odd/Even Total Kills?,odd_even,1,2026-08-14 03:00:00,111.8,Odd,30008734824659626946333304876575234022448750432748410603007444659876904754544,0.49,0.51,0.5,0.02,131.66,143.64,428.25,138.13,152.19,500.06,9,9,
2026-08-14 01:08:14,812499,3407726,Game 1: Odd/Even Total Kills?,odd_even,1,2026-08-14 03:00:00,111.8,Even,99395084138140294423547521803551548703320007241030462665435762504531763643878,0.49,0.51,0.5,0.02,131.66,143.64,428.25,138.13,152.19,500.06,9,9,
2026-08-14 01:08:14,812499,3407727,Game 2: Both Teams Slay Baron Nashor?,prop,2,2026-08-14 03:00:00,111.8,Yes,58129688162656381793690234448367947337214519902641172243030953744164978549829,0.06,0.48,0.27,0.42,176.0,176.0,177.01,50.43,226.43,226.43,2,4,
2026-08-14 01:08:14,812499,3407727,Game 2: Both Teams Slay Baron Nashor?,prop,2,2026-08-14 03:00:00,111.8,No,37784282596358571641116459773582983188118603190781422145404475059195349143098,0.52,0.94,0.73,0.42,52.65,228.65,228.65,2757.33,2757.33,2857.31,4,2,
2026-08-14 01:08:14,812499,3407728,Game 2: Both Teams Slay a Dragon?,prop,2,2026-08-14 03:00:00,111.8,Yes,67100635698749036243996596083856731930110083604846187832565784378462214356906,0.52,0.79,0.655,0.27,52.63,228.63,228.63,662.09,662.09,662.09,4,2,
2026-08-14 01:08:14,812499,3407728,Game 2: Both Teams Slay a Dragon?,prop,2,2026-08-14 03:00:00,111.8,No,42625504916961847735090009072914737766516948044519350934640603247822281703262,0.21,0.48,0.345,0.27,176.0,176.0,176.0,50.45,226.45,226.45,2,4,
2026-08-14 01:08:14,812499,3407729,Game 2: Both Teams Destroy Inhibitors?,prop,2,2026-08-14 03:00:00,111.8,Yes,40023438874668498144632750208657873382044520843447740625081184081555141180970,0.06,0.48,0.27,0.42,2.64,178.64,179.3,50.43,226.43,226.43,4,4,
2026-08-14 01:08:14,812499,3407729,Game 2: Both Teams Destroy Inhibitors?,prop,2,2026-08-14 03:00:00,111.8,No,484091212595295130994775780202175233930586477475167866439140463580364160749,0.52,0.94,0.73,0.42,52.65,228.65,228.65,49.13,4273.13,4337.56,4,4,
2026-08-14 01:08:14,812499,3407730,Game 2: Any Player Quadra Kill?,prop,2,2026-08-14 03:00:00,111.8,Yes,57512002909106302457374648538616826010950529161110952092924294330557738326260,0.08,0.48,0.28,0.4,177.85,177.85,177.85,50.43,226.43,226.43,3,4,
2026-08-14 01:08:14,812499,3407730,Game 2: Any Player Quadra Kill?,prop,2,2026-08-14 03:00:00,111.8,No,46528999239069913500878472010371195055074690848476631394902559060981264912902,0.52,0.92,0.72,0.4,52.65,228.65,228.65,2359.51,2359.51,2359.51,4,3,
2026-08-14 01:08:14,812499,3407731,Game 2: Any Player Penta Kill?,prop,2,2026-08-14 03:00:00,111.8,Yes,10367002689217741199289369255672046887753394169252950796871025362076925359402,0.01,0.49,0.25,0.48,176.05,176.05,176.05,187.31,187.31,187.31,1,3,
2026-08-14 01:08:14,812499,3407731,Game 2: Any Player Penta Kill?,prop,2,2026-08-14 03:00:00,111.8,No,44629523316220057660997646176727280068477055828540480140172757604033758965591,0.51,0.99,0.75,0.48,187.77,187.77,187.77,17428.95,17428.95,17428.95,3,1,
2026-08-14 01:08:14,812499,3407732,Game 2: Odd/Even Total Kills?,odd_even,2,2026-08-14 03:00:00,111.8,Odd,68118589223287351123746973139702260581892652876242555636600008179922666725119,0.49,0.51,0.5,0.02,131.66,143.64,428.25,138.13,152.19,500.06,10,10,
2026-08-14 01:08:14,812499,3407732,Game 2: Odd/Even Total Kills?,odd_even,2,2026-08-14 03:00:00,111.8,Even,11563884776145307024557473783891356249853220511404723988011218691689405038835,0.49,0.51,0.5,0.02,131.66,143.64,428.25,138.13,152.19,500.06,10,10,
2026-08-14 01:08:14,812499,3407733,Game 3: Both Teams Slay Baron Nashor?,prop,3,2026-08-14 03:00:00,111.8,Yes,15108330882199972065167953232972112332503134649241289853150575394305889536382,0.07,0.99,0.53,0.92,178.02,178.02,178.02,99.99,99.99,99.99,3,1,
2026-08-14 01:08:14,812499,3407733,Game 3: Both Teams Slay Baron Nashor?,prop,3,2026-08-14 03:00:00,111.8,No,11583353539019187263341757865616242101793514605533674611840543623085353915285,0.01,0.93,0.47,0.92,1.01,1.01,1.01,2784.15,2784.15,2784.15,1,3,
2026-08-14 01:08:14,812499,3407734,Game 3: Both Teams Slay a Dragon?,prop,3,2026-08-14 03:00:00,111.8,Yes,86518706067459875316993377887665484784139398669990316039811150778003477248591,0.01,0.76,0.385,0.75,1.01,1.01,1.01,23.56,742.11,742.11,1,5,
2026-08-14 01:08:14,812499,3407734,Game 3: Both Teams Slay a Dragon?,prop,3,2026-08-14 03:00:00,111.8,No,6330268134995515899876922471865852432628309512536344065282936223963491226645,0.24,0.99,0.615,0.75,7.14,199.06,199.06,99.98,99.98,99.98,5,1,
2026-08-14 01:08:14,812499,3407735,Game 3: Both Teams Destroy Inhibitors?,prop,3,2026-08-14 03:00:00,111.8,Yes,46778385251335632815107295958228684502257914370849295054583406222456702799534,0.06,0.99,0.525,0.93,1.64,177.64,178.14,99.99,99.99,99.99,4,1,
2026-08-14 01:08:14,812499,3407735,Game 3: Both Teams Destroy Inhibitors?,prop,3,2026-08-14 03:00:00,111.8,No,17022380444954140080106111683131141599196325846984987422687868734754056013796,0.01,0.94,0.475,0.93,1.01,1.01,1.01,29.56,4253.56,4303.09,1,4,
2026-08-14 01:08:14,812499,3407736,Game 3: Any Player Quadra Kill?,prop,3,2026-08-14 03:00:00,111.8,Yes,89300494282854674899062293591156319703727387411768815627804385407768809680929,0.08,0.99,0.535,0.91,177.85,177.85,177.85,4.95,4.95,4.95,3,1,
2026-08-14 01:08:14,812499,3407736,Game 3: Any Player Quadra Kill?,prop,3,2026-08-14 03:00:00,111.8,No,114001328052018071192312018162667158102721309900817212379891076054206240411645,0.01,0.92,0.465,0.91,0.05,0.05,0.05,2359.51,2359.51,2359.51,1,3,
2026-08-14 01:08:14,812499,3407737,Game 3: Any Player Penta Kill?,prop,3,2026-08-14 03:00:00,111.8,Yes,114930391155820671280932336596912874838796280776517417418481514020573563481141,0.01,0.99,0.5,0.98,176.05,176.05,176.05,4.95,4.95,4.95,1,1,
2026-08-14 01:08:14,812499,3407737,Game 3: Any Player Penta Kill?,prop,3,2026-08-14 03:00:00,111.8,No,25083949550735874000852664968153918873092872242306546089004263953312445332311,0.01,0.99,0.5,0.98,0.05,0.05,0.05,17428.95,17428.95,17428.95,1,1,
2026-08-14 01:08:14,812499,3407738,Game 3: Odd/Even Total Kills?,odd_even,3,2026-08-14 03:00:00,111.8,Odd,55002932149693205039252313297704990705936164068114650496235005232232448118768,0.49,0.51,0.5,0.02,131.66,143.64,428.25,138.13,152.19,500.06,10,9,
2026-08-14 01:08:14,812499,3407738,Game 3: Odd/Even Total Kills?,odd_even,3,2026-08-14 03:00:00,111.8,Even,22731531805730680844471275051506006731851300824476975059046552919830390345510,0.49,0.51,0.5,0.02,131.66,143.64,428.25,138.13,152.19,500.06,9,10,
2026-08-14 01:08:14,812500,3407739,LoL: BNK FearX Youth vs HANJIN BRION Challengers - Game 1 Winner,map,1,2026-08-14 05:00:00,231.8,BNK FearX Youth,61663936455102720529851768719096966279739088515242859634351510053320021427857,0.59,0.6,0.595,0.01,261.6,2544.31,3745.81,826.52,1875.62,3106.48,32,27,2490.5790669999997
2026-08-14 01:08:14,812500,3407739,LoL: BNK FearX Youth vs HANJIN BRION Challengers - Game 1 Winner,map,1,2026-08-14 05:00:00,231.8,HANJIN BRION Challengers,42234029726181362412603779948886866264430875684742909834436718516098761282889,0.4,0.41,0.405,0.01,530.48,1167.89,1841.33,188.74,1957.71,2961.4,27,32,2490.5790669999997
2026-08-14 01:08:14,812500,3407740,LoL: BNK FearX Youth vs HANJIN BRION Challengers - Game 2 Winner,map,2,2026-08-14 05:00:00,231.8,BNK FearX Youth,107808309436641300893312675613018183409013019586056788222963388770887566279759,0.59,0.6,0.595,0.01,41.39,2463.28,3749.81,1023.72,2054.93,2970.93,31,27,2548.579067
2026-08-14 01:08:14,812500,3407740,LoL: BNK FearX Youth vs HANJIN BRION Challengers - Game 2 Winner,map,2,2026-08-14 05:00:00,231.8,HANJIN BRION Challengers,108190713726091544908980663096828147669429426515696290929034353759153855371872,0.4,0.41,0.405,0.01,661.95,1287.12,1786.14,29.61,1928.95,3001.48,27,31,2548.579067
2026-08-14 01:08:14,812500,3407741,LoL: BNK FearX Youth vs HANJIN BRION Challengers (BO3) - LCK Challengers League Rounds 3-4 Trial Group,series,,2026-08-14 05:00:00,231.8,BNK FearX Youth,4709157790055180552341123243460762988257059370615011807866571989785820996007,0.64,0.65,0.645,0.01,14245.28,15304.37,17812.67,3280.81,5474.84,6299.84,46,29,19538.808704999996
2026-08-14 01:08:14,812500,3407741,LoL: BNK FearX Youth vs HANJIN BRION Challengers (BO3) - LCK Challengers League Rounds 3-4 Trial Group,series,,2026-08-14 05:00:00,231.8,HANJIN BRION Challengers,78953976754099792644259899378966754561173836122361982355623147636345680203948,0.35,0.36,0.355,0.01,1737.44,2799.77,3154.77,8206.28,8872.8,10595.0,29,46,19538.808704999996
2026-08-14 01:08:14,812500,3407742,Games Total: O/U 2.5,total_games,,2026-08-14 05:00:00,231.8,Over,92276135268136739124520169377318113815189044479197789767602638268546461184061,0.46,0.47,0.465,0.01,275.1,783.39,1363.69,272.14,694.75,929.97,30,30,12204.805178
2026-08-14 01:08:14,812500,3407742,Games Total: O/U 2.5,total_games,,2026-08-14 05:00:00,231.8,Under,75172933509377648381665745794974452683403650699414327328586378058335219068050,0.53,0.54,0.535,0.01,305.94,737.41,955.52,328.45,991.86,1817.96,30,30,12204.805178
2026-08-14 01:08:14,812500,3407743,Game Handicap: FOX.Y (-1.5) vs HANJIN BRION Challengers (+1.5),handicap,,2026-08-14 05:00:00,231.8,BNK FearX Youth,28056190424496620422390413104090982910658404924761402830580049883862063899907,0.34,0.35,0.345,0.01,143.91,473.49,580.91,70.44,344.27,457.91,21,17,90.81
2026-08-14 01:08:14,812500,3407743,Game Handicap: FOX.Y (-1.5) vs HANJIN BRION Challengers (+1.5),handicap,,2026-08-14 05:00:00,231.8,HANJIN BRION Challengers,83088721436173965622006440777948770695175995616684936722852600465292900831936,0.65,0.66,0.655,0.01,129.56,579.59,754.14,290.22,1004.99,1256.65,17,21,90.81
2026-08-14 01:08:14,812500,3407744,Game 1: Both Teams Slay Baron Nashor?,prop,1,2026-08-14 05:00:00,231.8,Yes,100315910748355254837447175433844190501038481535618161174574469556825818591812,0.07,0.5,0.285,0.43,179.62,179.84,183.84,176.0,176.0,176.0,6,9,
2026-08-14 01:08:14,812500,3407744,Game 1: Both Teams Slay Baron Nashor?,prop,1,2026-08-14 05:00:00,231.8,No,76695919881543110155683999703013506106666117525109998233075735667065262555257,0.5,0.93,0.715,0.43,176.0,176.0,176.0,2805.36,2810.86,2973.53,9,6,
2026-08-14 01:08:14,812500,3407745,Game 1: Both Teams Slay a Dragon?,prop,1,2026-08-14 05:00:00,231.8,Yes,22528557460313114895491100701446185514083262707562640533159631804605832623758,0.52,0.77,0.645,0.25,52.63,228.63,228.63,80.33,750.32,750.32,10,8,
2026-08-14 01:08:14,812500,3407745,Game 1: Both Teams Slay a Dragon?,prop,1,2026-08-14 05:00:00,231.8,No,111719982073440494596637220557882732832342237008015925473728205120143084818142,0.23,0.48,0.355,0.25,22.75,200.85,200.85,50.45,226.45,226.45,8,10,
2026-08-14 01:08:14,812500,3407746,Game 1: Both Teams Destroy Inhibitors?,prop,1,2026-08-14 05:00:00,231.8,Yes,102015644364337373304958190412524133722067167548401185640506892992233253816221,0.06,0.5,0.28,0.44,2.72,180.73,183.32,176.0,176.0,176.0,6,9,
2026-08-14 01:08:14,812500,3407746,Game 1: Both Teams Destroy Inhibitors?,prop,1,2026-08-14 05:00:00,231.8,No,79051556571885796194539247443195689732745795285052036820979417847106397667601,0.5,0.94,0.72,0.44,176.0,176.0,176.0,50.38,4339.05,4577.76,9,6,
2026-08-14 01:08:14,812500,3407747,Game 1: Any Player Quadra Kill?,prop,1,2026-08-14 05:00:00,231.8,Yes,26710921275625404505056773265693662361876704590821399911826241301751673587149,0.08,0.5,0.29,0.42,177.85,177.85,179.85,176.0,176.0,176.0,5,9,
2026-08-14 01:08:14,812500,3407747,Game 1: Any Player Quadra Kill?,prop,1,2026-08-14 05:00:00,231.8,No,93968963195077369200919487637351234938964989272421779584427039793519294281254,0.5,0.92,0.71,0.42,176.0,176.0,176.0,2359.51,2359.51,2407.51,9,5,
2026-08-14 01:08:14,812500,3407748,Game 1: Any Player Penta Kill?,prop,1,2026-08-14 05:00:00,231.8,Yes,112894733441774993623126215114218924485095801202348585552578540782541586703397,0.01,0.49,0.25,0.48,176.05,176.05,176.05,187.31,187.31,187.31,1,9,
2026-08-14 01:08:14,812500,3407748,Game 1: Any Player Penta Kill?,prop,1,2026-08-14 05:00:00,231.8,No,91952076391574419055919837609434990335076390976729873485357740908976831871632,0.51,0.99,0.75,0.48,187.77,187.77,187.77,17428.95,17428.95,17428.95,9,1,
2026-08-14 01:08:14,812500,3407749,Game 1: Odd/Even Total Kills?,odd_even,1,2026-08-14 05:00:00,231.8,Odd,32848162093516195379139231796286054395603262109309254908226315237881396997000,0.49,0.51,0.5,0.02,131.66,143.64,428.25,138.13,152.19,500.06,12,12,
2026-08-14 01:08:14,812500,3407749,Game 1: Odd/Even Total Kills?,odd_even,1,2026-08-14 05:00:00,231.8,Even,55021576952347549260624848959361573180356957556440694582427231752311741888467,0.49,0.51,0.5,0.02,131.66,143.64,428.25,138.13,152.19,500.06,12,12,
2026-08-14 01:08:14,812500,3407750,Game 2: Both Teams Slay Baron Nashor?,prop,2,2026-08-14 05:00:00,231.8,Yes,97877118867019311861316666766462908864478753853178147427401515473268771239471,0.07,0.5,0.285,0.43,179.62,179.85,183.85,176.0,176.0,176.0,6,9,
2026-08-14 01:08:14,812500,3407750,Game 2: Both Teams Slay Baron Nashor?,prop,2,2026-08-14 05:00:00,231.8,No,101719955781485808478825279041139319336382429106729864175832223089426518525915,0.5,0.93,0.715,0.43,176.0,176.0,176.0,2805.37,2810.91,2973.58,9,6,
2026-08-14 01:08:14,812500,3407751,Game 2: Both Teams Slay a Dragon?,prop,2,2026-08-14 05:00:00,231.8,Yes,47297680764440435034908332421262931037459217405696163811547313651467330170718,0.52,0.77,0.645,0.25,52.63,228.63,228.63,80.33,750.32,750.32,10,8,
2026-08-14 01:08:14,812500,3407751,Game 2: Both Teams Slay a Dragon?,prop,2,2026-08-14 05:00:00,231.8,No,23989265404590266695157366851083201637045652483925584723159543825808201424379,0.23,0.48,0.355,0.25,22.75,200.85,200.85,50.45,226.45,226.45,8,10,
2026-08-14 01:08:14,812500,3407752,Game 2: Both Teams Destroy Inhibitors?,prop,2,2026-08-14 05:00:00,231.8,Yes,36118710167082995409349519645958671600314701568827679019948470339439596629305,0.06,0.5,0.28,0.44,2.71,180.92,183.32,176.0,176.0,176.0,6,9,
2026-08-14 01:08:14,812500,3407752,Game 2: Both Teams Destroy Inhibitors?,prop,2,2026-08-14 05:00:00,231.8,No,22051017317047635342500083586640641278478909574563877304072568978735527884807,0.5,0.94,0.72,0.44,176.0,176.0,176.0,50.2,4343.82,4570.02,9,6,
2026-08-14 01:08:14,812500,3407753,Game 2: Any Player Quadra Kill?,prop,2,2026-08-14 05:00:00,231.8,Yes,58807234942451841241022433088812455930302780501410971969865241860350913908259,0.08,0.5,0.29,0.42,177.85,177.85,179.85,176.0,176.0,176.0,5,9,
2026-08-14 01:08:14,812500,3407753,Game 2: Any Player Quadra Kill?,prop,2,2026-08-14 05:00:00,231.8,No,67610973198289160033085562258079641623102165084127740059987302312234651513258,0.5,0.92,0.71,0.42,176.0,176.0,176.0,2359.51,2359.51,2407.51,9,5,
2026-08-14 01:08:14,812500,3407754,Game 2: Any Player Penta Kill?,prop,2,2026-08-14 05:00:00,231.8,Yes,64636778969528768893935901549188989277569900524229601745022333725042773975659,0.01,0.49,0.25,0.48,176.05,176.05,176.05,187.31,187.31,187.31,1,9,
2026-08-14 01:08:14,812500,3407754,Game 2: Any Player Penta Kill?,prop,2,2026-08-14 05:00:00,231.8,No,24637814849118864058445072991262267792789278042574602351517704206601256691646,0.51,0.99,0.75,0.48,187.77,187.77,187.77,17428.95,17428.95,17428.95,9,1,
2026-08-14 01:08:14,812500,3407755,Game 2: Odd/Even Total Kills?,odd_even,2,2026-08-14 05:00:00,231.8,Odd,89132671465319801984196745843834846416244136716772814394593698925920785988347,0.49,0.51,0.5,0.02,131.66,143.64,428.25,138.13,152.19,500.06,12,12,
2026-08-14 01:08:14,812500,3407755,Game 2: Odd/Even Total Kills?,odd_even,2,2026-08-14 05:00:00,231.8,Even,23772193768728815416979274790047390098007350518635703771944232234280869494479,0.49,0.51,0.5,0.02,131.66,143.64,428.25,138.13,152.19,500.06,12,12,
2026-08-14 01:08:14,812500,3407756,Game 3: Both Teams Slay Baron Nashor?,prop,3,2026-08-14 05:00:00,231.8,Yes,24551762467780504210757017514656860109633869494113144703849068703959601268673,0.07,0.99,0.53,0.92,178.02,178.29,182.29,99.99,99.99,99.99,6,1,
2026-08-14 01:08:14,812500,3407756,Game 3: Both Teams Slay Baron Nashor?,prop,3,2026-08-14 05:00:00,231.8,No,92102471374974848250230863328435931811182626128088800904066639574937320815337,0.01,0.93,0.47,0.92,1.01,1.01,1.01,2784.14,2790.66,2953.33,1,6,
2026-08-14 01:08:14,812500,3407757,Game 3: Both Teams Slay a Dragon?,prop,3,2026-08-14 05:00:00,231.8,Yes,105094231123555274880570448823486931970030904367641419451399134893231939244446,0.02,0.76,0.39,0.74,3.01,3.01,3.01,23.56,742.11,742.11,2,9,
2026-08-14 01:08:14,812500,3407757,Game 3: Both Teams Slay a Dragon?,prop,3,2026-08-14 05:00:00,231.8,No,109014455888086068752688760252979925952031440819867195106974328993910223862769,0.24,0.98,0.61,0.74,7.14,199.06,199.06,260.11,260.11,260.11,9,2,
2026-08-14 01:08:14,812500,3407758,Game 3: Both Teams Destroy Inhibitors?,prop,3,2026-08-14 05:00:00,231.8,Yes,11499728086856774147918517498478056991605051727557688632058241656568015942179,0.06,0.99,0.525,0.93,1.66,179.66,182.16,99.99,99.99,99.99,6,1,
2026-08-14 01:08:14,812500,3407758,Game 3: Both Teams Destroy Inhibitors?,prop,3,2026-08-14 05:00:00,231.8,No,71331753933838756945698401235301506856154222385900681314053669927744665300268,0.01,0.94,0.475,0.93,1.01,1.01,1.01,29.9,4318.57,4549.49,1,6,
2026-08-14 01:08:14,812500,3407759,Game 3: Any Player Quadra Kill?,prop,3,2026-08-14 05:00:00,231.8,Yes,47421305575153937544146820599736168513827203673828466756713059966501144155809,0.08,0.99,0.535,0.91,177.85,177.85,179.85,4.95,4.95,4.95,5,1,
2026-08-14 01:08:14,812500,3407759,Game 3: Any Player Quadra Kill?,prop,3,2026-08-14 05:00:00,231.8,No,5552884444941479301335256995977407725017527851202209555956852640959352319922,0.01,0.92,0.465,0.91,0.05,0.05,0.05,2359.51,2359.51,2407.51,1,5,
2026-08-14 01:08:14,812500,3407760,Game 3: Any Player Penta Kill?,prop,3,2026-08-14 05:00:00,231.8,Yes,102996765780386697047720186968511898643728347582999249513342982330729739171052,0.01,0.99,0.5,0.98,176.05,176.05,176.05,4.95,4.95,4.95,1,1,
2026-08-14 01:08:14,812500,3407760,Game 3: Any Player Penta Kill?,prop,3,2026-08-14 05:00:00,231.8,No,42319548810746199058964111262747327533525346884991531332840418409971882446366,0.01,0.99,0.5,0.98,0.05,0.05,0.05,17428.95,17428.95,17428.95,1,1,
2026-08-14 01:08:14,812500,3407761,Game 3: Odd/Even Total Kills?,odd_even,3,2026-08-14 05:00:00,231.8,Odd,32753689779373724055024054576187425028926857048917614701853851903254710657703,0.49,0.51,0.5,0.02,131.66,143.64,428.25,138.13,152.19,500.06,12,12,
2026-08-14 01:08:14,812500,3407761,Game 3: Odd/Even Total Kills?,odd_even,3,2026-08-14 05:00:00,231.8,Even,89209463628517423703665674201516273330810059098694242442514499005623124181252,0.49,0.51,0.5,0.02,131.66,143.64,428.25,138.13,152.19,500.06,12,12,
2026-08-14 01:08:14,826070,3477050,LoL: NRG Esports vs Contingent Esports - Game 1 Winner,map,1,2026-08-14 03:00:00,111.8,NRG Esports,80814790902632668004539328994746617014614315928060173257015852122406695311005,0.8,0.81,0.805,0.01,317.06,2461.22,3289.37,870.24,5114.39,6022.91,19,11,367.074342
2026-08-14 01:08:14,826070,3477050,LoL: NRG Esports vs Contingent Esports - Game 1 Winner,map,1,2026-08-14 03:00:00,111.8,Contingent Esports,107651310737272584966890037363108476219576749219700416899862916279592660232089,0.19,0.2,0.195,0.01,191.71,1022.29,1170.19,83.44,701.16,977.21,11,19,367.074342
2026-08-14 01:08:14,826070,3477051,LoL: NRG Esports vs Contingent Esports - Game 2 Winner,map,2,2026-08-14 03:00:00,111.8,NRG Esports,7118869453742291045797317815564893062933350229077106358535601493893500087591,0.8,0.81,0.805,0.01,612.6,2520.37,3416.68,1452.18,4704.65,5608.87,18,11,
2026-08-14 01:08:14,826070,3477051,LoL: NRG Esports vs Contingent Esports - Game 2 Winner,map,2,2026-08-14 03:00:00,111.8,Contingent Esports,108002125035495150522720856231525573531669999272447427854984681030770827642415,0.19,0.2,0.195,0.01,327.64,963.09,1110.29,162.13,713.1,1011.87,11,18,
2026-08-14 01:08:14,826070,3477052,LoL: NRG Esports vs Contingent Esports (BO3) - North American Challengers League Group Stage,series,,2026-08-14 03:00:00,111.8,NRG Esports,43038352639417355691707647173859018730749533391426346756399874481168166294619,0.87,0.88,0.875,0.01,1493.3,4990.47,4990.47,8011.1,11588.88,23966.79,51,12,5109.457329
2026-08-14 01:08:14,826070,3477052,LoL: NRG Esports vs Contingent Esports (BO3) - North American Challengers League Group Stage,series,,2026-08-14 03:00:00,111.8,Contingent Esports,84678973437664474131672312186325078675557922490434064743358042746648544685152,0.12,0.13,0.125,0.01,1004.22,1399.47,2383.54,239.34,890.7,890.7,12,51,5109.457329
2026-08-14 01:08:14,826070,3477053,Games Total: O/U 2.5,total_games,,2026-08-14 03:00:00,111.8,Over,55750592239967941703301064844243535772993617325443398709488185293476935877531,0.28,0.29,0.285,0.01,39.76,534.37,647.66,225.74,421.92,580.57,18,34,5001.596138999999
2026-08-14 01:08:14,826070,3477053,Games Total: O/U 2.5,total_games,,2026-08-14 03:00:00,111.8,Under,82152669265463547990220171689636558584137366588986322786820150257732179196557,0.71,0.72,0.715,0.01,552.66,973.44,1289.86,104.28,1541.77,1901.07,34,18,5001.596138999999
2026-08-14 01:08:14,826070,3477054,Game Handicap: NRG (-1.5) vs Contingent Esports (+1.5),handicap,,2026-08-14 03:00:00,111.8,NRG Esports,95412707328160076383234584804646983201601033147527050227749727111466216606486,0.66,0.67,0.665,0.01,1108.56,4059.79,4459.79,754.0,1834.18,1834.18,31,18,6266.215499
2026-08-14 01:08:14,826070,3477054,Game Handicap: NRG (-1.5) vs Contingent Esports (+1.5),handicap,,2026-08-14 03:00:00,111.8,Contingent Esports,79376817134124206774201685278379459810679800756916708410468012280981017893764,0.33,0.34,0.335,0.01,369.96,853.1,853.1,574.57,2239.39,2484.55,18,31,6266.215499
2026-08-14 01:08:14,826070,3477055,Game 1: Both Teams Slay Baron Nashor?,prop,1,2026-08-14 03:00:00,111.8,Yes,87681573095327547420633314226806041000149028170713311037612514061710912723742,0.01,0.99,0.5,0.98,0.96,0.96,0.96,95.04,95.04,95.04,1,1,
2026-08-14 01:08:14,826070,3477055,Game 1: Both Teams Slay Baron Nashor?,prop,1,2026-08-14 03:00:00,111.8,No,69312485936334009045325800311715558032922672642482501491119421898458006349825,0.01,0.99,0.5,0.98,0.96,0.96,0.96,95.04,95.04,95.04,1,1,
2026-08-14 01:08:14,826070,3477056,Game 1: Both Teams Slay a Dragon?,prop,1,2026-08-14 03:00:00,111.8,Yes,83805735251597132117951173378137346357296339870381814266398461580520007861517,0.26,0.99,0.625,0.73,25.83,97.83,97.83,95.03,95.03,95.03,4,1,
2026-08-14 01:08:14,826070,3477056,Game 1: Both Teams Slay a Dragon?,prop,1,2026-08-14 03:00:00,111.8,No,24156205806670798372110555621724125417579911628083855143977773542489628788926,0.01,0.74,0.375,0.73,0.96,0.96,0.96,77.25,305.25,305.25,1,4,
2026-08-14 01:08:14,826070,3477057,Game 1: Both Teams Destroy Inhibitors?,prop,1,2026-08-14 03:00:00,111.8,Yes,70847180670013690410054498405126312924929675515172003776071312263632441945977,0.01,0.99,0.5,0.98,0.94,0.94,0.94,95.04,95.04,95.04,1,1,
2026-08-14 01:08:14,826070,3477057,Game 1: Both Teams Destroy Inhibitors?,prop,1,2026-08-14 03:00:00,111.8,No,15552457357105246680088345561853174847839914230111380560590702628300617170166,0.01,0.99,0.5,0.98,0.96,0.96,0.96,92.81,92.81,92.81,1,1,
2026-08-14 01:08:14,826070,3477058,Game 1: Any Player Quadra Kill?,prop,1,2026-08-14 03:00:00,111.8,Yes,90611949896330126489333584640484616670727390063723860281928013878403906065721,,,,,0.0,0.0,0.0,0.0,0.0,0.0,0,0,
2026-08-14 01:08:14,826070,3477058,Game 1: Any Player Quadra Kill?,prop,1,2026-08-14 03:00:00,111.8,No,30801089695626298578988776831063320516250144642136439806183847895839275854811,,,,,0.0,0.0,0.0,0.0,0.0,0.0,0,0,
2026-08-14 01:08:14,826070,3477059,Game 1: Any Player Penta Kill?,prop,1,2026-08-14 03:00:00,111.8,Yes,48229925814520007661244111895915992051489252573972834651743984793002069701817,,,,,0.0,0.0,0.0,0.0,0.0,0.0,0,0,
2026-08-14 01:08:14,826070,3477059,Game 1: Any Player Penta Kill?,prop,1,2026-08-14 03:00:00,111.8,No,9305314826584013047090950141969451002924314918612350007363467585821240369066,,,,,0.0,0.0,0.0,0.0,0.0,0.0,0,0,
2026-08-14 01:08:14,826070,3477061,Game 1: Odd/Even Total Kills?,odd_even,1,2026-08-14 03:00:00,111.8,Odd,32494922393258859963201856101328517997010549162018639697250819883519722049068,0.49,0.51,0.5,0.02,7.76,7.76,7.76,8.07,8.07,8.07,5,5,
2026-08-14 01:08:14,826070,3477061,Game 1: Odd/Even Total Kills?,odd_even,1,2026-08-14 03:00:00,111.8,Even,112834540130252099583593253928265938091790513484363299374731806537792656031528,0.49,0.51,0.5,0.02,7.76,7.76,7.76,8.07,8.07,8.07,5,5,
2026-08-14 01:08:14,826070,3477062,Game 2: Both Teams Slay Baron Nashor?,prop,2,2026-08-14 03:00:00,111.8,Yes,55753683192199022612671704126737811310328029678442412170950072602131054587210,0.01,0.99,0.5,0.98,0.96,0.96,0.96,95.04,95.04,95.04,1,1,
2026-08-14 01:08:14,826070,3477062,Game 2: Both Teams Slay Baron Nashor?,prop,2,2026-08-14 03:00:00,111.8,No,55937094852319737792850165512480430449747853756905259274031753275691368112975,0.01,0.99,0.5,0.98,0.96,0.96,0.96,95.04,95.04,95.04,1,1,
2026-08-14 01:08:14,826070,3477063,Game 2: Both Teams Slay a Dragon?,prop,2,2026-08-14 03:00:00,111.8,Yes,48623647428517517453611058807537447198598988098824330225032342676302728625012,0.01,0.99,0.5,0.98,0.96,0.96,0.96,95.03,95.03,95.03,1,1,
2026-08-14 01:08:14,826070,3477063,Game 2: Both Teams Slay a Dragon?,prop,2,2026-08-14 03:00:00,111.8,No,42417195815488111081943362396002926413430486562906704641578354062740797580084,0.01,0.99,0.5,0.98,0.96,0.96,0.96,95.04,95.04,95.04,1,1,
2026-08-14 01:08:14,826070,3477064,Game 2: Both Teams Destroy Inhibitors?,prop,2,2026-08-14 03:00:00,111.8,Yes,23628154900252164597588937639111773709699026601186386386168618417735820690106,0.79,0.86,0.825,0.07,36.47,36.47,36.47,39.7,39.7,39.7,5,2,532.9815600000001
2026-08-14 01:08:14,826070,3477064,Game 2: Both Teams Destroy Inhibitors?,prop,2,2026-08-14 03:00:00,111.8,No,85739117623916471191019361815038085504519438797717701017619191765882696246759,0.14,0.21,0.175,0.07,6.46,6.46,6.46,9.69,9.69,9.69,2,5,532.9815600000001
2026-08-14 01:08:14,826070,3477065,Game 2: Any Player Quadra Kill?,prop,2,2026-08-14 03:00:00,111.8,Yes,53208917334913900389630971292939370679251910829672144758009133122161611227896,,,,,0.0,0.0,0.0,0.0,0.0,0.0,0,0,
2026-08-14 01:08:14,826070,3477065,Game 2: Any Player Quadra Kill?,prop,2,2026-08-14 03:00:00,111.8,No,91070975633974495708697307701836756019763571915749676034097536234325782029896,,,,,0.0,0.0,0.0,0.0,0.0,0.0,0,0,
2026-08-14 01:08:14,826070,3477066,Game 2: Any Player Penta Kill?,prop,2,2026-08-14 03:00:00,111.8,Yes,41553921922748035091195286700334837861150809022270611498614461149967485676553,,,,,0.0,0.0,0.0,0.0,0.0,0.0,0,0,
2026-08-14 01:08:14,826070,3477066,Game 2: Any Player Penta Kill?,prop,2,2026-08-14 03:00:00,111.8,No,72372963262572990351948387093307185909935364431157003295642971589164020329307,,,,,0.0,0.0,0.0,0.0,0.0,0.0,0,0,
2026-08-14 01:08:14,826070,3477067,Game 2: Odd/Even Total Kills?,odd_even,2,2026-08-14 03:00:00,111.8,Odd,51682527872121142820533720760874357541341917877241650283064345652015294503432,0.49,0.51,0.5,0.02,7.76,7.76,7.76,8.07,8.07,8.07,5,5,
2026-08-14 01:08:14,826070,3477067,Game 2: Odd/Even Total Kills?,odd_even,2,2026-08-14 03:00:00,111.8,Even,52462070156083218163210891161506391469503363975012872173381524279777415671009,0.49,0.51,0.5,0.02,7.76,7.76,7.76,8.07,8.07,8.07,5,5,
2026-08-14 01:08:14,826070,3477068,Game 3: Both Teams Slay Baron Nashor?,prop,3,2026-08-14 03:00:00,111.8,Yes,87723048023863233229072489576988122495348581581883475764155604685715254995143,0.01,0.99,0.5,0.98,0.96,0.96,0.96,95.03,95.03,95.03,1,1,
2026-08-14 01:08:14,826070,3477068,Game 3: Both Teams Slay Baron Nashor?,prop,3,2026-08-14 03:00:00,111.8,No,50989255824497521540482389727045524148886656006776316809093754627968185524154,0.01,0.99,0.5,0.98,0.96,0.96,0.96,95.04,95.04,95.04,1,1,
2026-08-14 01:08:14,826070,3477069,Game 3: Both Teams Slay a Dragon?,prop,3,2026-08-14 03:00:00,111.8,Yes,31894618867354587726609743791628570681781025713790850110963430187452605983542,0.02,0.99,0.505,0.97,0.96,0.96,0.96,95.03,95.03,95.03,2,1,
2026-08-14 01:08:14,826070,3477069,Game 3: Both Teams Slay a Dragon?,prop,3,2026-08-14 03:00:00,111.8,No,102454578646280162427313029106444653546026394152408180005140046057337729562773,0.01,0.98,0.495,0.97,0.96,0.96,0.96,55.53,55.53,55.53,1,2,
2026-08-14 01:08:14,826070,3477070,Game 3: Both Teams Destroy Inhibitors?,prop,3,2026-08-14 03:00:00,111.8,Yes,37140353425416026858198430022763744658491197274004779834832527078807411250706,0.01,0.99,0.5,0.98,0.94,0.94,0.94,95.04,95.04,95.04,1,1,
2026-08-14 01:08:14,826070,3477070,Game 3: Both Teams Destroy Inhibitors?,prop,3,2026-08-14 03:00:00,111.8,No,81160108446775656753351553464289021811897715068601840646033017734259696288239,0.01,0.99,0.5,0.98,0.96,0.96,0.96,92.81,92.81,92.81,1,1,
2026-08-14 01:08:14,826070,3477071,Game 3: Any Player Quadra Kill?,prop,3,2026-08-14 03:00:00,111.8,Yes,98730301607993226617635192895346323156884766053134987563113989760237051075734,,,,,0.0,0.0,0.0,0.0,0.0,0.0,0,0,
2026-08-14 01:08:14,826070,3477071,Game 3: Any Player Quadra Kill?,prop,3,2026-08-14 03:00:00,111.8,No,47636245891328174531136161073693506541960443755198252563254227701534011303241,,,,,0.0,0.0,0.0,0.0,0.0,0.0,0,0,
2026-08-14 01:08:14,826070,3477072,Game 3: Any Player Penta Kill?,prop,3,2026-08-14 03:00:00,111.8,Yes,36582442770858592965786294186284019287317276526405187098158230226204042128980,,,,,0.0,0.0,0.0,0.0,0.0,0.0,0,0,
2026-08-14 01:08:14,826070,3477072,Game 3: Any Player Penta Kill?,prop,3,2026-08-14 03:00:00,111.8,No,72354692448307767435386725107072578807273666862716740697784668362154773401142,,,,,0.0,0.0,0.0,0.0,0.0,0.0,0,0,
2026-08-14 01:08:14,826070,3477073,Game 3: Odd/Even Total Kills?,odd_even,3,2026-08-14 03:00:00,111.8,Odd,17265110502119578793708135589809973427915605037445313419433454040796130326698,0.49,0.51,0.5,0.02,7.76,7.76,7.76,8.07,8.07,8.07,5,5,
2026-08-14 01:08:14,826070,3477073,Game 3: Odd/Even Total Kills?,odd_even,3,2026-08-14 03:00:00,111.8,Even,1107446221436908324166515020190090286245833902787500387186505680943047252583,0.49,0.51,0.5,0.02,7.76,7.76,7.76,8.07,8.07,8.07,5,5,
2026-08-14 01:14:06,812499,3407716,LoL: T1 Academy vs Dplus KIA Challengers - Game 1 Winner,map,1,2026-08-14 03:00:00,105.9,T1 Academy,39734844495353304395398396140221540149305519357715269073311726294226019570550,0.6,0.61,0.605,0.01,10971.99,12667.9,14268.15,4380.77,9002.27,10831.95,21,20,309.176933
2026-08-14 01:14:06,812499,3407716,LoL: T1 Academy vs Dplus KIA Challengers - Game 1 Winner,map,1,2026-08-14 03:00:00,105.9,Dplus KIA Challengers,33269339650279858595555088093374570383524449579809902479647974050760364184259,0.39,0.4,0.395,0.01,2788.67,5414.97,6360.2,7599.27,8865.36,10170.11,20,21,309.176933
2026-08-14 01:14:06,812499,3407717,LoL: T1 Academy vs Dplus KIA Challengers - Game 2 Winner,map,2,2026-08-14 03:00:00,105.9,T1 Academy,65413134936637378696103480670341747188714493905423788592364522087047313278527,0.6,0.61,0.605,0.01,9503.35,11909.58,13632.38,1273.16,3086.96,4482.46,19,23,24.390242
2026-08-14 01:14:06,812499,3407717,LoL: T1 Academy vs Dplus KIA Challengers - Game 2 Winner,map,2,2026-08-14 03:00:00,105.9,Dplus KIA Challengers,109850116150453228098769636194777220136528900176432751128686947209537047715503,0.39,0.4,0.395,0.01,784.71,1830.81,2565.31,6603.65,8348.62,9749.66,23,19,24.390242
2026-08-14 01:14:06,812499,3407718,LoL: T1 Academy vs Dplus KIA Challengers (BO3) - LCK Challengers League Rounds 3-4 Challenge Group,series,,2026-08-14 03:00:00,105.9,T1 Academy,29334009531926017999172713361554624736754304108781329166019313376852181532606,0.66,0.67,0.665,0.01,15651.54,19157.17,21061.03,2743.73,6973.87,8157.37,46,27,18813.226712999996
2026-08-14 01:14:06,812499,3407718,LoL: T1 Academy vs Dplus KIA Challengers (BO3) - LCK Challengers League Rounds 3-4 Challenge Group,series,,2026-08-14 03:00:00,105.9,Dplus KIA Challengers,86576119660677556215120793453634271480079124875691072264113236209109323222775,0.33,0.34,0.335,0.01,1315.2,3163.06,3629.56,8112.43,10132.24,11340.25,27,46,18813.226712999996
2026-08-14 01:14:06,812499,3407719,Games Total: O/U 2.5,total_games,,2026-08-14 03:00:00,105.9,Over,12254491551645605749999948566783532239763590860890971634914438946306484415625,0.46,0.47,0.465,0.01,313.3,781.51,1704.02,51.64,1605.91,1945.77,19,16,24.291665000000002
2026-08-14 01:14:06,812499,3407719,Games Total: O/U 2.5,total_games,,2026-08-14 03:00:00,105.9,Under,68717137278381026545457297595820702026186759179231499229342417358442267129224,0.53,0.54,0.535,0.01,56.84,1669.3,1990.74,381.13,988.03,2298.11,16,19,24.291665000000002
2026-08-14 01:14:06,812499,3407720,Game Handicap: T1.A (-1.5) vs Dplus KIA Challengers (+1.5),handicap,,2026-08-14 03:00:00,105.9,T1 Academy,112387528592292424930650532924576804503241362728004667616961247667692272312413,0.37,0.38,0.375,0.01,22.3,383.7,828.57,519.56,1004.83,1017.73,18,16,720.61431
2026-08-14 01:14:06,812499,3407720,Game Handicap: T1.A (-1.5) vs Dplus KIA Challengers (+1.5),handicap,,2026-08-14 03:00:00,105.9,Dplus KIA Challengers,94189587113690720225125693998745295556487555508602796811274630370563126617623,0.62,0.63,0.625,0.01,822.71,1533.8,1550.9,37.96,720.1,1647.5,16,18,720.61431
2026-08-14 01:14:06,812499,3407721,Game 1: Both Teams Slay Baron Nashor?,prop,1,2026-08-14 03:00:00,105.9,Yes,40069868393640809104786506776915751658534703452875290458511978206216443518807,0.06,0.48,0.27,0.42,176.0,176.0,177.01,50.43,226.43,226.43,2,4,
2026-08-14 01:14:06,812499,3407721,Game 1: Both Teams Slay Baron Nashor?,prop,1,2026-08-14 03:00:00,105.9,No,50608849903554909222219439429204277119215627374900112590959682663938465769933,0.52,0.94,0.73,0.42,52.65,228.65,228.65,2757.33,2757.33,2857.31,4,2,
2026-08-14 01:14:06,812499,3407722,Game 1: Both Teams Slay a Dragon?,prop,1,2026-08-14 03:00:00,105.9,Yes,64687367087236276548065101683258903075752340820526093114401398914562723872435,0.52,0.77,0.645,0.25,52.63,228.63,228.63,80.33,742.42,742.42,4,4,
2026-08-14 01:14:06,812499,3407722,Game 1: Both Teams Slay a Dragon?,prop,1,2026-08-14 03:00:00,105.9,No,26917764894392864707600724979145293015616736651873463361668909405225770515800,0.23,0.48,0.355,0.25,22.75,198.75,198.75,50.45,226.45,226.45,4,4,
2026-08-14 01:14:06,812499,3407723,Game 1: Both Teams Destroy Inhibitors?,prop,1,2026-08-14 03:00:00,105.9,Yes,90909758418785757498339848282956469721252985181476774447367514416062374905071,0.06,0.48,0.27,0.42,2.65,178.65,179.24,50.43,226.43,226.43,4,4,
2026-08-14 01:14:06,812499,3407723,Game 1: Both Teams Destroy Inhibitors?,prop,1,2026-08-14 03:00:00,105.9,No,97306944816021298866960210528887417854859989203311809746657546857239695639465,0.52,0.94,0.73,0.42,52.65,228.65,228.65,49.13,4273.13,4332.39,4,4,
2026-08-14 01:14:06,812499,3407724,Game 1: Any Player Quadra Kill?,prop,1,2026-08-14 03:00:00,105.9,Yes,40480664112673814293878383496256759291306966101765432817155796609878716191611,0.08,0.48,0.28,0.4,177.85,177.85,177.85,14.97,190.97,190.97,3,4,
2026-08-14 01:14:06,812499,3407724,Game 1: Any Player Quadra Kill?,prop,1,2026-08-14 03:00:00,105.9,No,14076318087349160081892552307719855776657942293180940006992128639325104402095,0.52,0.92,0.72,0.4,15.73,191.73,191.73,2359.51,2359.51,2359.51,4,3,
2026-08-14 01:14:06,812499,3407725,Game 1: Any Player Penta Kill?,prop,1,2026-08-14 03:00:00,105.9,Yes,83951240816212277150512877212327250889048265428194239222014223541148332980146,0.01,0.49,0.25,0.48,176.05,176.05,176.05,187.31,187.31,187.31,1,3,
2026-08-14 01:14:06,812499,3407725,Game 1: Any Player Penta Kill?,prop,1,2026-08-14 03:00:00,105.9,No,14552533511971407204042061068349266750490465725326712708556780935391488764747,0.51,0.99,0.75,0.48,187.77,187.77,187.77,17428.95,17428.95,17428.95,3,1,
2026-08-14 01:14:06,812499,3407726,Game 1: Odd/Even Total Kills?,odd_even,1,2026-08-14 03:00:00,105.9,Odd,30008734824659626946333304876575234022448750432748410603007444659876904754544,0.49,0.51,0.5,0.02,131.66,143.64,428.25,138.13,152.19,500.06,9,9,
2026-08-14 01:14:06,812499,3407726,Game 1: Odd/Even Total Kills?,odd_even,1,2026-08-14 03:00:00,105.9,Even,99395084138140294423547521803551548703320007241030462665435762504531763643878,0.49,0.51,0.5,0.02,131.66,143.64,428.25,138.13,152.19,500.06,9,9,
2026-08-14 01:14:06,812499,3407727,Game 2: Both Teams Slay Baron Nashor?,prop,2,2026-08-14 03:00:00,105.9,Yes,58129688162656381793690234448367947337214519902641172243030953744164978549829,0.06,0.48,0.27,0.42,176.0,176.0,177.01,50.43,226.43,226.43,2,4,
2026-08-14 01:14:06,812499,3407727,Game 2: Both Teams Slay Baron Nashor?,prop,2,2026-08-14 03:00:00,105.9,No,37784282596358571641116459773582983188118603190781422145404475059195349143098,0.52,0.94,0.73,0.42,52.65,228.65,228.65,2757.33,2757.33,2857.31,4,2,
2026-08-14 01:14:06,812499,3407728,Game 2: Both Teams Slay a Dragon?,prop,2,2026-08-14 03:00:00,105.9,Yes,67100635698749036243996596083856731930110083604846187832565784378462214356906,0.52,0.79,0.655,0.27,52.63,228.63,228.63,662.09,662.09,662.09,4,2,
2026-08-14 01:14:06,812499,3407728,Game 2: Both Teams Slay a Dragon?,prop,2,2026-08-14 03:00:00,105.9,No,42625504916961847735090009072914737766516948044519350934640603247822281703262,0.21,0.48,0.345,0.27,176.0,176.0,176.0,50.45,226.45,226.45,2,4,
2026-08-14 01:14:06,812499,3407729,Game 2: Both Teams Destroy Inhibitors?,prop,2,2026-08-14 03:00:00,105.9,Yes,40023438874668498144632750208657873382044520843447740625081184081555141180970,0.06,0.48,0.27,0.42,2.64,178.64,179.3,50.43,226.43,226.43,4,4,
2026-08-14 01:14:06,812499,3407729,Game 2: Both Teams Destroy Inhibitors?,prop,2,2026-08-14 03:00:00,105.9,No,484091212595295130994775780202175233930586477475167866439140463580364160749,0.52,0.94,0.73,0.42,52.65,228.65,228.65,49.13,4273.13,4337.56,4,4,
2026-08-14 01:14:06,812499,3407730,Game 2: Any Player Quadra Kill?,prop,2,2026-08-14 03:00:00,105.9,Yes,57512002909106302457374648538616826010950529161110952092924294330557738326260,0.08,0.48,0.28,0.4,177.85,177.85,177.85,50.43,226.43,226.43,3,4,
2026-08-14 01:14:06,812499,3407730,Game 2: Any Player Quadra Kill?,prop,2,2026-08-14 03:00:00,105.9,No,46528999239069913500878472010371195055074690848476631394902559060981264912902,0.52,0.92,0.72,0.4,52.65,228.65,228.65,2359.51,2359.51,2359.51,4,3,
2026-08-14 01:14:06,812499,3407731,Game 2: Any Player Penta Kill?,prop,2,2026-08-14 03:00:00,105.9,Yes,10367002689217741199289369255672046887753394169252950796871025362076925359402,0.01,0.49,0.25,0.48,176.05,176.05,176.05,187.31,187.31,187.31,1,3,
2026-08-14 01:14:06,812499,3407731,Game 2: Any Player Penta Kill?,prop,2,2026-08-14 03:00:00,105.9,No,44629523316220057660997646176727280068477055828540480140172757604033758965591,0.51,0.99,0.75,0.48,187.77,187.77,187.77,17428.95,17428.95,17428.95,3,1,
2026-08-14 01:14:06,812499,3407732,Game 2: Odd/Even Total Kills?,odd_even,2,2026-08-14 03:00:00,105.9,Odd,68118589223287351123746973139702260581892652876242555636600008179922666725119,0.49,0.51,0.5,0.02,131.66,143.64,428.25,138.13,152.19,500.06,10,10,
2026-08-14 01:14:06,812499,3407732,Game 2: Odd/Even Total Kills?,odd_even,2,2026-08-14 03:00:00,105.9,Even,11563884776145307024557473783891356249853220511404723988011218691689405038835,0.49,0.51,0.5,0.02,131.66,143.64,428.25,138.13,152.19,500.06,10,10,
2026-08-14 01:14:06,812499,3407733,Game 3: Both Teams Slay Baron Nashor?,prop,3,2026-08-14 03:00:00,105.9,Yes,15108330882199972065167953232972112332503134649241289853150575394305889536382,0.07,0.99,0.53,0.92,178.02,178.02,178.02,99.99,99.99,99.99,3,1,
2026-08-14 01:14:06,812499,3407733,Game 3: Both Teams Slay Baron Nashor?,prop,3,2026-08-14 03:00:00,105.9,No,11583353539019187263341757865616242101793514605533674611840543623085353915285,0.01,0.93,0.47,0.92,1.01,1.01,1.01,2784.15,2784.15,2784.15,1,3,
2026-08-14 01:14:06,812499,3407734,Game 3: Both Teams Slay a Dragon?,prop,3,2026-08-14 03:00:00,105.9,Yes,86518706067459875316993377887665484784139398669990316039811150778003477248591,0.01,0.76,0.385,0.75,1.01,1.01,1.01,23.56,742.11,742.11,1,5,
2026-08-14 01:14:06,812499,3407734,Game 3: Both Teams Slay a Dragon?,prop,3,2026-08-14 03:00:00,105.9,No,6330268134995515899876922471865852432628309512536344065282936223963491226645,0.24,0.99,0.615,0.75,7.14,199.06,199.06,99.98,99.98,99.98,5,1,
2026-08-14 01:14:06,812499,3407735,Game 3: Both Teams Destroy Inhibitors?,prop,3,2026-08-14 03:00:00,105.9,Yes,46778385251335632815107295958228684502257914370849295054583406222456702799534,0.06,0.99,0.525,0.93,1.64,177.64,178.14,99.99,99.99,99.99,4,1,
2026-08-14 01:14:06,812499,3407735,Game 3: Both Teams Destroy Inhibitors?,prop,3,2026-08-14 03:00:00,105.9,No,17022380444954140080106111683131141599196325846984987422687868734754056013796,0.01,0.94,0.475,0.93,1.01,1.01,1.01,29.56,4253.56,4303.09,1,4,
2026-08-14 01:14:06,812499,3407736,Game 3: Any Player Quadra Kill?,prop,3,2026-08-14 03:00:00,105.9,Yes,89300494282854674899062293591156319703727387411768815627804385407768809680929,0.08,0.99,0.535,0.91,177.85,177.85,177.85,4.95,4.95,4.95,3,1,
2026-08-14 01:14:06,812499,3407736,Game 3: Any Player Quadra Kill?,prop,3,2026-08-14 03:00:00,105.9,No,114001328052018071192312018162667158102721309900817212379891076054206240411645,0.01,0.92,0.465,0.91,0.05,0.05,0.05,2359.51,2359.51,2359.51,1,3,
2026-08-14 01:14:06,812499,3407737,Game 3: Any Player Penta Kill?,prop,3,2026-08-14 03:00:00,105.9,Yes,114930391155820671280932336596912874838796280776517417418481514020573563481141,0.01,0.99,0.5,0.98,176.05,176.05,176.05,4.95,4.95,4.95,1,1,
2026-08-14 01:14:06,812499,3407737,Game 3: Any Player Penta Kill?,prop,3,2026-08-14 03:00:00,105.9,No,25083949550735874000852664968153918873092872242306546089004263953312445332311,0.01,0.99,0.5,0.98,0.05,0.05,0.05,17428.95,17428.95,17428.95,1,1,
2026-08-14 01:14:06,812499,3407738,Game 3: Odd/Even Total Kills?,odd_even,3,2026-08-14 03:00:00,105.9,Odd,55002932149693205039252313297704990705936164068114650496235005232232448118768,0.49,0.51,0.5,0.02,131.66,143.64,428.25,138.13,152.19,500.06,10,9,
2026-08-14 01:14:06,812499,3407738,Game 3: Odd/Even Total Kills?,odd_even,3,2026-08-14 03:00:00,105.9,Even,22731531805730680844471275051506006731851300824476975059046552919830390345510,0.49,0.51,0.5,0.02,131.66,143.64,428.25,138.13,152.19,500.06,9,10,
2026-08-14 01:14:06,812500,3407739,LoL: BNK FearX Youth vs HANJIN BRION Challengers - Game 1 Winner,map,1,2026-08-14 05:00:00,225.9,BNK FearX Youth,61663936455102720529851768719096966279739088515242859634351510053320021427857,0.58,0.6,0.59,0.02,1141.38,3320.95,3933.95,838.52,2305.8,3313.49,33,29,2490.5790669999997
2026-08-14 01:14:06,812500,3407739,LoL: BNK FearX Youth vs HANJIN BRION Challengers - Game 1 Winner,map,1,2026-08-14 05:00:00,225.9,HANJIN BRION Challengers,42234029726181362412603779948886866264430875684742909834436718516098761282889,0.4,0.42,0.41,0.02,538.48,1421.49,1983.86,858.58,2573.69,3095.88,29,33,2490.5790669999997
2026-08-14 01:14:06,812500,3407740,LoL: BNK FearX Youth vs HANJIN BRION Challengers - Game 2 Winner,map,2,2026-08-14 05:00:00,225.9,BNK FearX Youth,107808309436641300893312675613018183409013019586056788222963388770887566279759,0.59,0.6,0.595,0.01,41.39,2547.28,3915.56,1023.72,2195.18,3159.18,32,28,2548.579067
2026-08-14 01:14:06,812500,3407740,LoL: BNK FearX Youth vs HANJIN BRION Challengers - Game 2 Winner,map,2,2026-08-14 05:00:00,225.9,HANJIN BRION Challengers,108190713726091544908980663096828147669429426515696290929034353759153855371872,0.4,0.41,0.405,0.01,661.95,1371.87,1897.89,29.61,1994.95,3135.73,28,32,2548.579067
2026-08-14 01:14:06,812500,3407741,LoL: BNK FearX Youth vs HANJIN BRION Challengers (BO3) - LCK Challengers League Rounds 3-4 Trial Group,series,,2026-08-14 05:00:00,225.9,BNK FearX Youth,4709157790055180552341123243460762988257059370615011807866571989785820996007,0.64,0.65,0.645,0.01,14245.28,15304.37,17812.67,3287.72,5443.11,6268.11,45,30,19538.808704999996
2026-08-14 01:14:06,812500,3407741,LoL: BNK FearX Youth vs HANJIN BRION Challengers (BO3) - LCK Challengers League Rounds 3-4 Trial Group,series,,2026-08-14 05:00:00,225.9,HANJIN BRION Challengers,78953976754099792644259899378966754561173836122361982355623147636345680203948,0.35,0.36,0.355,0.01,1741.15,2784.46,3139.46,8206.28,8872.8,10595.0,30,45,19538.808704999996
2026-08-14 01:14:06,812500,3407742,Games Total: O/U 2.5,total_games,,2026-08-14 05:00:00,225.9,Over,92276135268136739124520169377318113815189044479197789767602638268546461184061,0.46,0.47,0.465,0.01,239.71,728.64,1308.93,251.02,610.32,845.54,30,29,12204.805178
2026-08-14 01:14:06,812500,3407742,Games Total: O/U 2.5,total_games,,2026-08-14 05:00:00,225.9,Under,75172933509377648381665745794974452683403650699414327328586378058335219068050,0.53,0.54,0.535,0.01,283.06,649.85,867.96,285.53,924.3,1750.41,29,30,12204.805178
2026-08-14 01:14:06,812500,3407743,Game Handicap: FOX.Y (-1.5) vs HANJIN BRION Challengers (+1.5),handicap,,2026-08-14 05:00:00,225.9,BNK FearX Youth,28056190424496620422390413104090982910658404924761402830580049883862063899907,0.34,0.35,0.345,0.01,143.91,473.49,580.91,70.44,344.27,457.91,21,17,90.81
2026-08-14 01:14:06,812500,3407743,Game Handicap: FOX.Y (-1.5) vs HANJIN BRION Challengers (+1.5),handicap,,2026-08-14 05:00:00,225.9,HANJIN BRION Challengers,83088721436173965622006440777948770695175995616684936722852600465292900831936,0.65,0.66,0.655,0.01,129.56,579.59,754.14,290.22,1004.99,1256.65,17,21,90.81
2026-08-14 01:14:06,812500,3407744,Game 1: Both Teams Slay Baron Nashor?,prop,1,2026-08-14 05:00:00,225.9,Yes,100315910748355254837447175433844190501038481535618161174574469556825818591812,0.07,0.5,0.285,0.43,179.62,179.84,183.84,176.0,176.0,176.0,6,9,
2026-08-14 01:14:06,812500,3407744,Game 1: Both Teams Slay Baron Nashor?,prop,1,2026-08-14 05:00:00,225.9,No,76695919881543110155683999703013506106666117525109998233075735667065262555257,0.5,0.93,0.715,0.43,176.0,176.0,176.0,2805.36,2810.86,2973.53,9,6,
2026-08-14 01:14:06,812500,3407745,Game 1: Both Teams Slay a Dragon?,prop,1,2026-08-14 05:00:00,225.9,Yes,22528557460313114895491100701446185514083262707562640533159631804605832623758,0.52,0.77,0.645,0.25,52.63,228.63,228.63,80.33,750.32,750.32,10,8,
2026-08-14 01:14:06,812500,3407745,Game 1: Both Teams Slay a Dragon?,prop,1,2026-08-14 05:00:00,225.9,No,111719982073440494596637220557882732832342237008015925473728205120143084818142,0.23,0.48,0.355,0.25,22.75,200.85,200.85,50.45,226.45,226.45,8,10,
2026-08-14 01:14:06,812500,3407746,Game 1: Both Teams Destroy Inhibitors?,prop,1,2026-08-14 05:00:00,225.9,Yes,102015644364337373304958190412524133722067167548401185640506892992233253816221,0.06,0.5,0.28,0.44,2.72,180.73,183.32,176.0,176.0,176.0,6,9,
2026-08-14 01:14:06,812500,3407746,Game 1: Both Teams Destroy Inhibitors?,prop,1,2026-08-14 05:00:00,225.9,No,79051556571885796194539247443195689732745795285052036820979417847106397667601,0.5,0.94,0.72,0.44,176.0,176.0,176.0,50.38,4339.05,4577.76,9,6,
2026-08-14 01:14:06,812500,3407747,Game 1: Any Player Quadra Kill?,prop,1,2026-08-14 05:00:00,225.9,Yes,26710921275625404505056773265693662361876704590821399911826241301751673587149,0.08,0.5,0.29,0.42,177.85,177.85,179.85,176.0,176.0,176.0,5,9,
2026-08-14 01:14:06,812500,3407747,Game 1: Any Player Quadra Kill?,prop,1,2026-08-14 05:00:00,225.9,No,93968963195077369200919487637351234938964989272421779584427039793519294281254,0.5,0.92,0.71,0.42,176.0,176.0,176.0,2359.51,2359.51,2407.51,9,5,
2026-08-14 01:14:06,812500,3407748,Game 1: Any Player Penta Kill?,prop,1,2026-08-14 05:00:00,225.9,Yes,112894733441774993623126215114218924485095801202348585552578540782541586703397,0.01,0.49,0.25,0.48,176.05,176.05,176.05,187.31,187.31,187.31,1,9,
2026-08-14 01:14:06,812500,3407748,Game 1: Any Player Penta Kill?,prop,1,2026-08-14 05:00:00,225.9,No,91952076391574419055919837609434990335076390976729873485357740908976831871632,0.51,0.99,0.75,0.48,187.77,187.77,187.77,17428.95,17428.95,17428.95,9,1,
2026-08-14 01:14:06,812500,3407749,Game 1: Odd/Even Total Kills?,odd_even,1,2026-08-14 05:00:00,225.9,Odd,32848162093516195379139231796286054395603262109309254908226315237881396997000,0.49,0.51,0.5,0.02,131.66,143.64,143.64,138.13,152.19,152.19,11,11,
2026-08-14 01:14:06,812500,3407749,Game 1: Odd/Even Total Kills?,odd_even,1,2026-08-14 05:00:00,225.9,Even,55021576952347549260624848959361573180356957556440694582427231752311741888467,0.49,0.51,0.5,0.02,131.66,143.64,143.64,138.13,152.19,152.19,11,11,
2026-08-14 01:14:06,812500,3407750,Game 2: Both Teams Slay Baron Nashor?,prop,2,2026-08-14 05:00:00,225.9,Yes,97877118867019311861316666766462908864478753853178147427401515473268771239471,0.07,0.5,0.285,0.43,179.62,179.85,183.85,176.0,176.0,176.0,6,9,
2026-08-14 01:14:06,812500,3407750,Game 2: Both Teams Slay Baron Nashor?,prop,2,2026-08-14 05:00:00,225.9,No,101719955781485808478825279041139319336382429106729864175832223089426518525915,0.5,0.93,0.715,0.43,176.0,176.0,176.0,2805.37,2810.91,2973.58,9,6,
2026-08-14 01:14:06,812500,3407751,Game 2: Both Teams Slay a Dragon?,prop,2,2026-08-14 05:00:00,225.9,Yes,47297680764440435034908332421262931037459217405696163811547313651467330170718,0.52,0.77,0.645,0.25,52.63,228.63,228.63,80.33,750.32,750.32,10,8,
2026-08-14 01:14:06,812500,3407751,Game 2: Both Teams Slay a Dragon?,prop,2,2026-08-14 05:00:00,225.9,No,23989265404590266695157366851083201637045652483925584723159543825808201424379,0.23,0.48,0.355,0.25,22.75,200.85,200.85,50.45,226.45,226.45,8,10,
2026-08-14 01:14:06,812500,3407752,Game 2: Both Teams Destroy Inhibitors?,prop,2,2026-08-14 05:00:00,225.9,Yes,36118710167082995409349519645958671600314701568827679019948470339439596629305,0.06,0.5,0.28,0.44,2.71,180.92,183.32,176.0,176.0,176.0,6,9,
2026-08-14 01:14:06,812500,3407752,Game 2: Both Teams Destroy Inhibitors?,prop,2,2026-08-14 05:00:00,225.9,No,22051017317047635342500083586640641278478909574563877304072568978735527884807,0.5,0.94,0.72,0.44,176.0,176.0,176.0,50.2,4343.82,4570.02,9,6,
2026-08-14 01:14:06,812500,3407753,Game 2: Any Player Quadra Kill?,prop,2,2026-08-14 05:00:00,225.9,Yes,58807234942451841241022433088812455930302780501410971969865241860350913908259,0.08,0.5,0.29,0.42,177.85,177.85,179.85,176.0,176.0,176.0,5,9,
2026-08-14 01:14:06,812500,3407753,Game 2: Any Player Quadra Kill?,prop,2,2026-08-14 05:00:00,225.9,No,67610973198289160033085562258079641623102165084127740059987302312234651513258,0.5,0.92,0.71,0.42,176.0,176.0,176.0,2359.51,2359.51,2407.51,9,5,
2026-08-14 01:14:06,812500,3407754,Game 2: Any Player Penta Kill?,prop,2,2026-08-14 05:00:00,225.9,Yes,64636778969528768893935901549188989277569900524229601745022333725042773975659,0.01,0.49,0.25,0.48,176.05,176.05,176.05,187.31,187.31,187.31,1,9,
2026-08-14 01:14:06,812500,3407754,Game 2: Any Player Penta Kill?,prop,2,2026-08-14 05:00:00,225.9,No,24637814849118864058445072991262267792789278042574602351517704206601256691646,0.51,0.99,0.75,0.48,187.77,187.77,187.77,17428.95,17428.95,17428.95,9,1,
2026-08-14 01:14:06,812500,3407755,Game 2: Odd/Even Total Kills?,odd_even,2,2026-08-14 05:00:00,225.9,Odd,89132671465319801984196745843834846416244136716772814394593698925920785988347,0.49,0.51,0.5,0.02,131.66,143.64,428.25,138.13,152.19,500.06,12,12,
2026-08-14 01:14:06,812500,3407755,Game 2: Odd/Even Total Kills?,odd_even,2,2026-08-14 05:00:00,225.9,Even,23772193768728815416979274790047390098007350518635703771944232234280869494479,0.49,0.51,0.5,0.02,131.66,143.64,428.25,138.13,152.19,500.06,12,12,
2026-08-14 01:14:06,812500,3407756,Game 3: Both Teams Slay Baron Nashor?,prop,3,2026-08-14 05:00:00,225.9,Yes,24551762467780504210757017514656860109633869494113144703849068703959601268673,0.07,0.99,0.53,0.92,178.02,178.29,182.29,99.99,99.99,99.99,6,1,
2026-08-14 01:14:06,812500,3407756,Game 3: Both Teams Slay Baron Nashor?,prop,3,2026-08-14 05:00:00,225.9,No,92102471374974848250230863328435931811182626128088800904066639574937320815337,0.01,0.93,0.47,0.92,1.01,1.01,1.01,2784.14,2790.66,2953.33,1,6,
2026-08-14 01:14:06,812500,3407757,Game 3: Both Teams Slay a Dragon?,prop,3,2026-08-14 05:00:00,225.9,Yes,105094231123555274880570448823486931970030904367641419451399134893231939244446,0.02,0.76,0.39,0.74,3.01,3.01,3.01,23.56,742.11,742.11,2,9,
2026-08-14 01:14:06,812500,3407757,Game 3: Both Teams Slay a Dragon?,prop,3,2026-08-14 05:00:00,225.9,No,109014455888086068752688760252979925952031440819867195106974328993910223862769,0.24,0.98,0.61,0.74,7.14,199.06,199.06,260.11,260.11,260.11,9,2,
2026-08-14 01:14:06,812500,3407758,Game 3: Both Teams Destroy Inhibitors?,prop,3,2026-08-14 05:00:00,225.9,Yes,11499728086856774147918517498478056991605051727557688632058241656568015942179,0.06,0.99,0.525,0.93,1.66,179.66,182.16,99.99,99.99,99.99,6,1,
2026-08-14 01:14:06,812500,3407758,Game 3: Both Teams Destroy Inhibitors?,prop,3,2026-08-14 05:00:00,225.9,No,71331753933838756945698401235301506856154222385900681314053669927744665300268,0.01,0.94,0.475,0.93,1.01,1.01,1.01,29.9,4318.57,4549.49,1,6,
2026-08-14 01:14:06,812500,3407759,Game 3: Any Player Quadra Kill?,prop,3,2026-08-14 05:00:00,225.9,Yes,47421305575153937544146820599736168513827203673828466756713059966501144155809,0.08,0.99,0.535,0.91,177.85,177.85,179.85,4.95,4.95,4.95,5,1,
2026-08-14 01:14:06,812500,3407759,Game 3: Any Player Quadra Kill?,prop,3,2026-08-14 05:00:00,225.9,No,5552884444941479301335256995977407725017527851202209555956852640959352319922,0.01,0.92,0.465,0.91,0.05,0.05,0.05,2359.51,2359.51,2407.51,1,5,
2026-08-14 01:14:06,812500,3407760,Game 3: Any Player Penta Kill?,prop,3,2026-08-14 05:00:00,225.9,Yes,102996765780386697047720186968511898643728347582999249513342982330729739171052,0.01,0.99,0.5,0.98,176.05,176.05,176.05,4.95,4.95,4.95,1,1,
2026-08-14 01:14:06,812500,3407760,Game 3: Any Player Penta Kill?,prop,3,2026-08-14 05:00:00,225.9,No,42319548810746199058964111262747327533525346884991531332840418409971882446366,0.01,0.99,0.5,0.98,0.05,0.05,0.05,17428.95,17428.95,17428.95,1,1,
2026-08-14 01:14:06,812500,3407761,Game 3: Odd/Even Total Kills?,odd_even,3,2026-08-14 05:00:00,225.9,Odd,32753689779373724055024054576187425028926857048917614701853851903254710657703,0.49,0.51,0.5,0.02,131.66,143.64,428.25,138.13,152.19,500.06,12,12,
2026-08-14 01:14:06,812500,3407761,Game 3: Odd/Even Total Kills?,odd_even,3,2026-08-14 05:00:00,225.9,Even,89209463628517423703665674201516273330810059098694242442514499005623124181252,0.49,0.51,0.5,0.02,131.66,143.64,428.25,138.13,152.19,500.06,12,12,
2026-08-14 01:14:06,826070,3477050,LoL: NRG Esports vs Contingent Esports - Game 1 Winner,map,1,2026-08-14 03:00:00,105.9,NRG Esports,80814790902632668004539328994746617014614315928060173257015852122406695311005,0.8,0.81,0.805,0.01,334.66,2478.82,3306.97,888.06,5132.21,6169.3,18,12,367.074342
2026-08-14 01:14:06,826070,3477050,LoL: NRG Esports vs Contingent Esports - Game 1 Winner,map,1,2026-08-14 03:00:00,105.9,Contingent Esports,107651310737272584966890037363108476219576749219700416899862916279592660232089,0.19,0.2,0.195,0.01,195.89,1012.87,1181.7,87.84,687.96,964.01,12,19,367.074342
2026-08-14 01:14:06,826070,3477051,LoL: NRG Esports vs Contingent Esports - Game 2 Winner,map,2,2026-08-14 03:00:00,105.9,NRG Esports,7118869453742291045797317815564893062933350229077106358535601493893500087591,0.8,0.81,0.805,0.01,630.2,2537.97,3434.28,1470.0,4722.47,5755.26,18,12,
2026-08-14 01:14:06,826070,3477051,LoL: NRG Esports vs Contingent Esports - Game 2 Winner,map,2,2026-08-14 03:00:00,105.9,Contingent Esports,108002125035495150522720856231525573531669999272447427854984681030770827642415,0.19,0.2,0.195,0.01,331.82,967.27,1135.4,166.53,717.5,1016.27,12,18,
2026-08-14 01:14:06,826070,3477052,LoL: NRG Esports vs Contingent Esports (BO3) - North American Challengers League Group Stage,series,,2026-08-14 03:00:00,105.9,NRG Esports,43038352639417355691707647173859018730749533391426346756399874481168166294619,0.87,0.88,0.875,0.01,1512.44,4942.01,4942.01,8030.45,10861.23,23239.14,50,12,5109.457329
2026-08-14 01:14:06,826070,3477052,LoL: NRG Esports vs Contingent Esports (BO3) - North American Challengers League Group Stage,series,,2026-08-14 03:00:00,105.9,Contingent Esports,84678973437664474131672312186325078675557922490434064743358042746648544685152,0.12,0.13,0.125,0.01,1006.86,1319.11,2303.18,242.2,881.63,881.63,12,50,5109.457329
2026-08-14 01:14:06,826070,3477053,Games Total: O/U 2.5,total_games,,2026-08-14 03:00:00,105.9,Over,55750592239967941703301064844243535772993617325443398709488185293476935877531,0.28,0.29,0.285,0.01,88.91,583.52,768.81,225.74,397.12,555.77,19,33,5001.596138999999
2026-08-14 01:14:06,826070,3477053,Games Total: O/U 2.5,total_games,,2026-08-14 03:00:00,105.9,Under,82152669265463547990220171689636558584137366588986322786820150257732179196557,0.71,0.72,0.715,0.01,552.66,918.24,1234.66,240.13,1677.62,2264.92,33,19,5001.596138999999
2026-08-14 01:14:06,826070,3477054,Game Handicap: NRG (-1.5) vs Contingent Esports (+1.5),handicap,,2026-08-14 03:00:00,105.9,NRG Esports,95412707328160076383234584804646983201601033147527050227749727111466216606486,0.66,0.67,0.665,0.01,1123.08,4023.11,4423.11,768.74,1793.72,2006.72,31,21,6266.215499
2026-08-14 01:14:06,826070,3477054,Game Handicap: NRG (-1.5) vs Contingent Esports (+1.5),handicap,,2026-08-14 03:00:00,105.9,Contingent Esports,79376817134124206774201685278379459810679800756916708410468012280981017893764,0.33,0.34,0.335,0.01,377.22,835.56,922.56,582.05,2218.07,2463.23,21,31,6266.215499
2026-08-14 01:14:06,826070,3477055,Game 1: Both Teams Slay Baron Nashor?,prop,1,2026-08-14 03:00:00,105.9,Yes,87681573095327547420633314226806041000149028170713311037612514061710912723742,0.01,0.99,0.5,0.98,0.96,0.96,0.96,95.04,95.04,95.04,1,1,
2026-08-14 01:14:06,826070,3477055,Game 1: Both Teams Slay Baron Nashor?,prop,1,2026-08-14 03:00:00,105.9,No,69312485936334009045325800311715558032922672642482501491119421898458006349825,0.01,0.99,0.5,0.98,0.96,0.96,0.96,95.04,95.04,95.04,1,1,
2026-08-14 01:14:06,826070,3477056,Game 1: Both Teams Slay a Dragon?,prop,1,2026-08-14 03:00:00,105.9,Yes,83805735251597132117951173378137346357296339870381814266398461580520007861517,0.26,0.99,0.625,0.73,25.83,97.83,97.83,95.03,95.03,95.03,4,1,
2026-08-14 01:14:06,826070,3477056,Game 1: Both Teams Slay a Dragon?,prop,1,2026-08-14 03:00:00,105.9,No,24156205806670798372110555621724125417579911628083855143977773542489628788926,0.01,0.74,0.375,0.73,0.96,0.96,0.96,77.25,305.25,305.25,1,4,
2026-08-14 01:14:06,826070,3477057,Game 1: Both Teams Destroy Inhibitors?,prop,1,2026-08-14 03:00:00,105.9,Yes,70847180670013690410054498405126312924929675515172003776071312263632441945977,0.01,0.99,0.5,0.98,0.94,0.94,0.94,95.04,95.04,95.04,1,1,
2026-08-14 01:14:06,826070,3477057,Game 1: Both Teams Destroy Inhibitors?,prop,1,2026-08-14 03:00:00,105.9,No,15552457357105246680088345561853174847839914230111380560590702628300617170166,0.01,0.99,0.5,0.98,0.96,0.96,0.96,92.81,92.81,92.81,1,1,
2026-08-14 01:14:06,826070,3477058,Game 1: Any Player Quadra Kill?,prop,1,2026-08-14 03:00:00,105.9,Yes,90611949896330126489333584640484616670727390063723860281928013878403906065721,,,,,0.0,0.0,0.0,0.0,0.0,0.0,0,0,
2026-08-14 01:14:06,826070,3477058,Game 1: Any Player Quadra Kill?,prop,1,2026-08-14 03:00:00,105.9,No,30801089695626298578988776831063320516250144642136439806183847895839275854811,,,,,0.0,0.0,0.0,0.0,0.0,0.0,0,0,
2026-08-14 01:14:06,826070,3477059,Game 1: Any Player Penta Kill?,prop,1,2026-08-14 03:00:00,105.9,Yes,48229925814520007661244111895915992051489252573972834651743984793002069701817,,,,,0.0,0.0,0.0,0.0,0.0,0.0,0,0,
2026-08-14 01:14:06,826070,3477059,Game 1: Any Player Penta Kill?,prop,1,2026-08-14 03:00:00,105.9,No,9305314826584013047090950141969451002924314918612350007363467585821240369066,,,,,0.0,0.0,0.0,0.0,0.0,0.0,0,0,
2026-08-14 01:14:06,826070,3477061,Game 1: Odd/Even Total Kills?,odd_even,1,2026-08-14 03:00:00,105.9,Odd,32494922393258859963201856101328517997010549162018639697250819883519722049068,0.49,0.51,0.5,0.02,7.76,7.76,7.76,8.07,8.07,8.07,5,5,
2026-08-14 01:14:06,826070,3477061,Game 1: Odd/Even Total Kills?,odd_even,1,2026-08-14 03:00:00,105.9,Even,112834540130252099583593253928265938091790513484363299374731806537792656031528,0.49,0.51,0.5,0.02,7.76,7.76,7.76,8.07,8.07,8.07,5,5,
2026-08-14 01:14:06,826070,3477062,Game 2: Both Teams Slay Baron Nashor?,prop,2,2026-08-14 03:00:00,105.9,Yes,55753683192199022612671704126737811310328029678442412170950072602131054587210,0.01,0.99,0.5,0.98,0.96,0.96,0.96,95.04,95.04,95.04,1,1,
2026-08-14 01:14:06,826070,3477062,Game 2: Both Teams Slay Baron Nashor?,prop,2,2026-08-14 03:00:00,105.9,No,55937094852319737792850165512480430449747853756905259274031753275691368112975,0.01,0.99,0.5,0.98,0.96,0.96,0.96,95.04,95.04,95.04,1,1,
2026-08-14 01:14:06,826070,3477063,Game 2: Both Teams Slay a Dragon?,prop,2,2026-08-14 03:00:00,105.9,Yes,48623647428517517453611058807537447198598988098824330225032342676302728625012,0.01,0.99,0.5,0.98,0.96,0.96,0.96,95.03,95.03,95.03,1,1,
2026-08-14 01:14:06,826070,3477063,Game 2: Both Teams Slay a Dragon?,prop,2,2026-08-14 03:00:00,105.9,No,42417195815488111081943362396002926413430486562906704641578354062740797580084,0.01,0.99,0.5,0.98,0.96,0.96,0.96,95.04,95.04,95.04,1,1,
2026-08-14 01:14:06,826070,3477064,Game 2: Both Teams Destroy Inhibitors?,prop,2,2026-08-14 03:00:00,105.9,Yes,23628154900252164597588937639111773709699026601186386386168618417735820690106,0.79,0.86,0.825,0.07,36.47,36.47,36.47,39.7,39.7,39.7,5,2,532.9815600000001
2026-08-14 01:14:06,826070,3477064,Game 2: Both Teams Destroy Inhibitors?,prop,2,2026-08-14 03:00:00,105.9,No,85739117623916471191019361815038085504519438797717701017619191765882696246759,0.14,0.21,0.175,0.07,6.46,6.46,6.46,9.69,9.69,9.69,2,5,532.9815600000001
2026-08-14 01:14:06,826070,3477065,Game 2: Any Player Quadra Kill?,prop,2,2026-08-14 03:00:00,105.9,Yes,53208917334913900389630971292939370679251910829672144758009133122161611227896,,,,,0.0,0.0,0.0,0.0,0.0,0.0,0,0,
2026-08-14 01:14:06,826070,3477065,Game 2: Any Player Quadra Kill?,prop,2,2026-08-14 03:00:00,105.9,No,91070975633974495708697307701836756019763571915749676034097536234325782029896,,,,,0.0,0.0,0.0,0.0,0.0,0.0,0,0,
2026-08-14 01:14:06,826070,3477066,Game 2: Any Player Penta Kill?,prop,2,2026-08-14 03:00:00,105.9,Yes,41553921922748035091195286700334837861150809022270611498614461149967485676553,,,,,0.0,0.0,0.0,0.0,0.0,0.0,0,0,
2026-08-14 01:14:06,826070,3477066,Game 2: Any Player Penta Kill?,prop,2,2026-08-14 03:00:00,105.9,No,72372963262572990351948387093307185909935364431157003295642971589164020329307,,,,,0.0,0.0,0.0,0.0,0.0,0.0,0,0,
2026-08-14 01:14:06,826070,3477067,Game 2: Odd/Even Total Kills?,odd_even,2,2026-08-14 03:00:00,105.9,Odd,51682527872121142820533720760874357541341917877241650283064345652015294503432,0.49,0.51,0.5,0.02,7.76,7.76,7.76,8.07,8.07,8.07,5,5,
2026-08-14 01:14:06,826070,3477067,Game 2: Odd/Even Total Kills?,odd_even,2,2026-08-14 03:00:00,105.9,Even,52462070156083218163210891161506391469503363975012872173381524279777415671009,0.49,0.51,0.5,0.02,7.76,7.76,7.76,8.07,8.07,8.07,5,5,
2026-08-14 01:14:06,826070,3477068,Game 3: Both Teams Slay Baron Nashor?,prop,3,2026-08-14 03:00:00,105.9,Yes,87723048023863233229072489576988122495348581581883475764155604685715254995143,0.01,0.99,0.5,0.98,0.96,0.96,0.96,95.03,95.03,95.03,1,1,
2026-08-14 01:14:06,826070,3477068,Game 3: Both Teams Slay Baron Nashor?,prop,3,2026-08-14 03:00:00,105.9,No,50989255824497521540482389727045524148886656006776316809093754627968185524154,0.01,0.99,0.5,0.98,0.96,0.96,0.96,95.04,95.04,95.04,1,1,
2026-08-14 01:14:06,826070,3477069,Game 3: Both Teams Slay a Dragon?,prop,3,2026-08-14 03:00:00,105.9,Yes,31894618867354587726609743791628570681781025713790850110963430187452605983542,0.01,0.99,0.5,0.98,0.96,0.96,0.96,95.03,95.03,95.03,1,1,
2026-08-14 01:14:06,826070,3477069,Game 3: Both Teams Slay a Dragon?,prop,3,2026-08-14 03:00:00,105.9,No,102454578646280162427313029106444653546026394152408180005140046057337729562773,0.01,0.99,0.5,0.98,0.96,0.96,0.96,95.04,95.04,95.04,1,1,
2026-08-14 01:14:06,826070,3477070,Game 3: Both Teams Destroy Inhibitors?,prop,3,2026-08-14 03:00:00,105.9,Yes,37140353425416026858198430022763744658491197274004779834832527078807411250706,0.01,0.99,0.5,0.98,0.94,0.94,0.94,95.04,95.04,95.04,1,1,
2026-08-14 01:14:06,826070,3477070,Game 3: Both Teams Destroy Inhibitors?,prop,3,2026-08-14 03:00:00,105.9,No,81160108446775656753351553464289021811897715068601840646033017734259696288239,0.01,0.99,0.5,0.98,0.96,0.96,0.96,92.81,92.81,92.81,1,1,
2026-08-14 01:14:06,826070,3477071,Game 3: Any Player Quadra Kill?,prop,3,2026-08-14 03:00:00,105.9,Yes,98730301607993226617635192895346323156884766053134987563113989760237051075734,,,,,0.0,0.0,0.0,0.0,0.0,0.0,0,0,
2026-08-14 01:14:06,826070,3477071,Game 3: Any Player Quadra Kill?,prop,3,2026-08-14 03:00:00,105.9,No,47636245891328174531136161073693506541960443755198252563254227701534011303241,,,,,0.0,0.0,0.0,0.0,0.0,0.0,0,0,
2026-08-14 01:14:06,826070,3477072,Game 3: Any Player Penta Kill?,prop,3,2026-08-14 03:00:00,105.9,Yes,36582442770858592965786294186284019287317276526405187098158230226204042128980,,,,,0.0,0.0,0.0,0.0,0.0,0.0,0,0,
2026-08-14 01:14:06,826070,3477072,Game 3: Any Player Penta Kill?,prop,3,2026-08-14 03:00:00,105.9,No,72354692448307767435386725107072578807273666862716740697784668362154773401142,,,,,0.0,0.0,0.0,0.0,0.0,0.0,0,0,
2026-08-14 01:14:06,826070,3477073,Game 3: Odd/Even Total Kills?,odd_even,3,2026-08-14 03:00:00,105.9,Odd,17265110502119578793708135589809973427915605037445313419433454040796130326698,0.49,0.51,0.5,0.02,7.76,7.76,7.76,8.07,8.07,8.07,3,3,
2026-08-14 01:14:06,826070,3477073,Game 3: Odd/Even Total Kills?,odd_even,3,2026-08-14 03:00:00,105.9,Even,1107446221436908324166515020190090286245833902787500387186505680943047252583,0.49,0.51,0.5,0.02,7.76,7.76,7.76,8.07,8.07,8.07,3,3,
2026-08-14 01:20:00,812499,3407716,LoL: T1 Academy vs Dplus KIA Challengers - Game 1 Winner,map,1,2026-08-14 03:00:00,100.0,T1 Academy,39734844495353304395398396140221540149305519357715269073311726294226019570550,0.6,0.61,0.605,0.01,10968.99,12618.5,14218.75,4380.77,8951.87,10781.55,21,20,347.186933
2026-08-14 01:20:00,812499,3407716,LoL: T1 Academy vs Dplus KIA Challengers - Game 1 Winner,map,1,2026-08-14 03:00:00,100.0,Dplus KIA Challengers,33269339650279858595555088093374570383524449579809902479647974050760364184259,0.39,0.4,0.395,0.01,2788.67,5385.37,6330.6,7597.27,8829.76,10134.51,20,21,347.186933
2026-08-14 01:20:00,812499,3407717,LoL: T1 Academy vs Dplus KIA Challengers - Game 2 Winner,map,2,2026-08-14 03:00:00,100.0,T1 Academy,65413134936637378696103480670341747188714493905423788592364522087047313278527,0.6,0.61,0.605,0.01,9456.15,11862.38,13585.18,1270.15,3032.75,4428.25,19,21,37.580242
2026-08-14 01:20:00,812499,3407717,LoL: T1 Academy vs Dplus KIA Challengers - Game 2 Winner,map,2,2026-08-14 03:00:00,100.0,Dplus KIA Challengers,109850116150453228098769636194777220136528900176432751128686947209537047715503,0.39,0.4,0.395,0.01,782.86,1800.16,2534.66,6570.85,8315.82,9716.86,21,19,37.580242
2026-08-14 01:20:00,812499,3407718,LoL: T1 Academy vs Dplus KIA Challengers (BO3) - LCK Challengers League Rounds 3-4 Challenge Group,series,,2026-08-14 03:00:00,100.0,T1 Academy,29334009531926017999172713361554624736754304108781329166019313376852181532606,0.66,0.67,0.665,0.01,15622.34,19127.97,21031.83,2767.26,5323.0,6506.5,49,27,22009.239177999996
2026-08-14 01:20:00,812499,3407718,LoL: T1 Academy vs Dplus KIA Challengers (BO3) - LCK Challengers League Rounds 3-4 Challenge Group,series,,2026-08-14 03:00:00,100.0,Dplus KIA Challengers,86576119660677556215120793453634271480079124875691072264113236209109323222775,0.33,0.34,0.335,0.01,1326.79,2457.05,2923.55,8096.63,10116.44,11324.45,27,49,22009.239177999996
2026-08-14 01:20:00,812499,3407719,Games Total: O/U 2.5,total_games,,2026-08-14 03:00:00,100.0,Over,12254491551645605749999948566783532239763590860890971634914438946306484415625,0.46,0.47,0.465,0.01,313.3,781.51,1704.02,51.64,1595.32,1935.17,17,16,24.291665000000002
2026-08-14 01:20:00,812499,3407719,Games Total: O/U 2.5,total_games,,2026-08-14 03:00:00,100.0,Under,68717137278381026545457297595820702026186759179231499229342417358442267129224,0.53,0.54,0.535,0.01,56.84,1658.27,1979.72,381.13,988.03,2298.11,16,17,24.291665000000002
2026-08-14 01:20:00,812499,3407720,Game Handicap: T1.A (-1.5) vs Dplus KIA Challengers (+1.5),handicap,,2026-08-14 03:00:00,100.0,T1 Academy,112387528592292424930650532924576804503241362728004667616961247667692272312413,0.37,0.38,0.375,0.01,22.3,266.1,795.45,519.56,972.83,985.73,16,16,720.61431
2026-08-14 01:20:00,812499,3407720,Game Handicap: T1.A (-1.5) vs Dplus KIA Challengers (+1.5),handicap,,2026-08-14 03:00:00,100.0,Dplus KIA Challengers,94189587113690720225125693998745295556487555508602796811274630370563126617623,0.62,0.63,0.625,0.01,822.71,1485.8,1502.9,37.96,501.7,1600.62,16,16,720.61431
2026-08-14 01:20:00,812499,3407721,Game 1: Both Teams Slay Baron Nashor?,prop,1,2026-08-14 03:00:00,100.0,Yes,40069868393640809104786506776915751658534703452875290458511978206216443518807,0.06,0.48,0.27,0.42,176.0,176.0,177.01,50.43,226.43,226.43,2,4,
2026-08-14 01:20:00,812499,3407721,Game 1: Both Teams Slay Baron Nashor?,prop,1,2026-08-14 03:00:00,100.0,No,50608849903554909222219439429204277119215627374900112590959682663938465769933,0.52,0.94,0.73,0.42,52.65,228.65,228.65,2757.33,2757.33,2857.31,4,2,
2026-08-14 01:20:00,812499,3407722,Game 1: Both Teams Slay a Dragon?,prop,1,2026-08-14 03:00:00,100.0,Yes,64687367087236276548065101683258903075752340820526093114401398914562723872435,0.52,0.77,0.645,0.25,52.63,228.63,228.63,80.33,742.42,742.42,4,4,
2026-08-14 01:20:00,812499,3407722,Game 1: Both Teams Slay a Dragon?,prop,1,2026-08-14 03:00:00,100.0,No,26917764894392864707600724979145293015616736651873463361668909405225770515800,0.23,0.48,0.355,0.25,22.75,198.75,198.75,50.45,226.45,226.45,4,4,
2026-08-14 01:20:00,812499,3407723,Game 1: Both Teams Destroy Inhibitors?,prop,1,2026-08-14 03:00:00,100.0,Yes,90909758418785757498339848282956469721252985181476774447367514416062374905071,0.06,0.48,0.27,0.42,2.65,178.65,179.24,50.43,226.43,226.43,4,4,
2026-08-14 01:20:00,812499,3407723,Game 1: Both Teams Destroy Inhibitors?,prop,1,2026-08-14 03:00:00,100.0,No,97306944816021298866960210528887417854859989203311809746657546857239695639465,0.52,0.94,0.73,0.42,52.65,228.65,228.65,49.13,4273.13,4332.39,4,4,
2026-08-14 01:20:00,812499,3407724,Game 1: Any Player Quadra Kill?,prop,1,2026-08-14 03:00:00,100.0,Yes,40480664112673814293878383496256759291306966101765432817155796609878716191611,0.08,0.48,0.28,0.4,177.85,177.85,177.85,14.97,190.97,190.97,3,4,
2026-08-14 01:20:00,812499,3407724,Game 1: Any Player Quadra Kill?,prop,1,2026-08-14 03:00:00,100.0,No,14076318087349160081892552307719855776657942293180940006992128639325104402095,0.52,0.92,0.72,0.4,15.73,191.73,191.73,2359.51,2359.51,2359.51,4,3,
2026-08-14 01:20:00,812499,3407725,Game 1: Any Player Penta Kill?,prop,1,2026-08-14 03:00:00,100.0,Yes,83951240816212277150512877212327250889048265428194239222014223541148332980146,0.01,0.49,0.25,0.48,176.05,176.05,176.05,187.31,187.31,187.31,1,3,
2026-08-14 01:20:00,812499,3407725,Game 1: Any Player Penta Kill?,prop,1,2026-08-14 03:00:00,100.0,No,14552533511971407204042061068349266750490465725326712708556780935391488764747,0.51,0.99,0.75,0.48,187.77,187.77,187.77,17428.95,17428.95,17428.95,3,1,
2026-08-14 01:20:00,812499,3407726,Game 1: Odd/Even Total Kills?,odd_even,1,2026-08-14 03:00:00,100.0,Odd,30008734824659626946333304876575234022448750432748410603007444659876904754544,0.49,0.51,0.5,0.02,131.66,143.64,428.25,138.13,152.19,500.06,9,9,
2026-08-14 01:20:00,812499,3407726,Game 1: Odd/Even Total Kills?,odd_even,1,2026-08-14 03:00:00,100.0,Even,99395084138140294423547521803551548703320007241030462665435762504531763643878,0.49,0.51,0.5,0.02,131.66,143.64,428.25,138.13,152.19,500.06,9,9,
2026-08-14 01:20:00,812499,3407727,Game 2: Both Teams Slay Baron Nashor?,prop,2,2026-08-14 03:00:00,100.0,Yes,58129688162656381793690234448367947337214519902641172243030953744164978549829,0.06,0.48,0.27,0.42,176.0,176.0,176.96,50.43,226.43,226.43,2,4,
2026-08-14 01:20:00,812499,3407727,Game 2: Both Teams Slay Baron Nashor?,prop,2,2026-08-14 03:00:00,100.0,No,37784282596358571641116459773582983188118603190781422145404475059195349143098,0.52,0.94,0.73,0.42,52.65,228.65,228.65,2757.33,2757.33,2852.19,4,2,
2026-08-14 01:20:00,812499,3407728,Game 2: Both Teams Slay a Dragon?,prop,2,2026-08-14 03:00:00,100.0,Yes,67100635698749036243996596083856731930110083604846187832565784378462214356906,0.52,0.79,0.655,0.27,52.63,228.63,228.63,662.09,662.09,662.09,4,2,
2026-08-14 01:20:00,812499,3407728,Game 2: Both Teams Slay a Dragon?,prop,2,2026-08-14 03:00:00,100.0,No,42625504916961847735090009072914737766516948044519350934640603247822281703262,0.21,0.48,0.345,0.27,176.0,176.0,176.0,50.45,226.45,226.45,2,4,
2026-08-14 01:20:00,812499,3407729,Game 2: Both Teams Destroy Inhibitors?,prop,2,2026-08-14 03:00:00,100.0,Yes,40023438874668498144632750208657873382044520843447740625081184081555141180970,0.06,0.48,0.27,0.42,2.64,178.64,179.3,50.43,226.43,226.43,4,4,
2026-08-14 01:20:00,812499,3407729,Game 2: Both Teams Destroy Inhibitors?,prop,2,2026-08-14 03:00:00,100.0,No,484091212595295130994775780202175233930586477475167866439140463580364160749,0.52,0.94,0.73,0.42,52.65,228.65,228.65,49.13,4273.13,4337.56,4,4,
2026-08-14 01:20:00,812499,3407730,Game 2: Any Player Quadra Kill?,prop,2,2026-08-14 03:00:00,100.0,Yes,57512002909106302457374648538616826010950529161110952092924294330557738326260,0.08,0.48,0.28,0.4,177.85,177.85,177.85,50.43,226.43,226.43,3,4,
2026-08-14 01:20:00,812499,3407730,Game 2: Any Player Quadra Kill?,prop,2,2026-08-14 03:00:00,100.0,No,46528999239069913500878472010371195055074690848476631394902559060981264912902,0.52,0.92,0.72,0.4,52.65,228.65,228.65,2359.51,2359.51,2359.51,4,3,
2026-08-14 01:20:00,812499,3407731,Game 2: Any Player Penta Kill?,prop,2,2026-08-14 03:00:00,100.0,Yes,10367002689217741199289369255672046887753394169252950796871025362076925359402,0.01,0.49,0.25,0.48,176.05,176.05,176.05,187.31,187.31,187.31,1,3,
2026-08-14 01:20:00,812499,3407731,Game 2: Any Player Penta Kill?,prop,2,2026-08-14 03:00:00,100.0,No,44629523316220057660997646176727280068477055828540480140172757604033758965591,0.51,0.99,0.75,0.48,187.77,187.77,187.77,17428.95,17428.95,17428.95,3,1,
2026-08-14 01:20:00,812499,3407732,Game 2: Odd/Even Total Kills?,odd_even,2,2026-08-14 03:00:00,100.0,Odd,68118589223287351123746973139702260581892652876242555636600008179922666725119,0.49,0.51,0.5,0.02,131.66,143.64,428.25,138.13,152.19,500.06,10,10,
2026-08-14 01:20:00,812499,3407732,Game 2: Odd/Even Total Kills?,odd_even,2,2026-08-14 03:00:00,100.0,Even,11563884776145307024557473783891356249853220511404723988011218691689405038835,0.49,0.51,0.5,0.02,131.66,143.64,428.25,138.13,152.19,500.06,10,10,
2026-08-14 01:20:00,812499,3407733,Game 3: Both Teams Slay Baron Nashor?,prop,3,2026-08-14 03:00:00,100.0,Yes,15108330882199972065167953232972112332503134649241289853150575394305889536382,0.07,0.99,0.53,0.92,178.02,178.02,178.02,99.99,99.99,99.99,3,1,
2026-08-14 01:20:00,812499,3407733,Game 3: Both Teams Slay Baron Nashor?,prop,3,2026-08-14 03:00:00,100.0,No,11583353539019187263341757865616242101793514605533674611840543623085353915285,0.01,0.93,0.47,0.92,1.01,1.01,1.01,2784.15,2784.15,2784.15,1,3,
2026-08-14 01:20:00,812499,3407734,Game 3: Both Teams Slay a Dragon?,prop,3,2026-08-14 03:00:00,100.0,Yes,86518706067459875316993377887665484784139398669990316039811150778003477248591,0.01,0.76,0.385,0.75,1.01,1.01,1.01,23.56,742.11,742.11,1,5,
2026-08-14 01:20:00,812499,3407734,Game 3: Both Teams Slay a Dragon?,prop,3,2026-08-14 03:00:00,100.0,No,6330268134995515899876922471865852432628309512536344065282936223963491226645,0.24,0.99,0.615,0.75,7.14,199.06,199.06,99.98,99.98,99.98,5,1,
2026-08-14 01:20:00,812499,3407735,Game 3: Both Teams Destroy Inhibitors?,prop,3,2026-08-14 03:00:00,100.0,Yes,46778385251335632815107295958228684502257914370849295054583406222456702799534,0.06,0.99,0.525,0.93,1.64,177.64,178.14,99.99,99.99,99.99,4,1,
2026-08-14 01:20:00,812499,3407735,Game 3: Both Teams Destroy Inhibitors?,prop,3,2026-08-14 03:00:00,100.0,No,17022380444954140080106111683131141599196325846984987422687868734754056013796,0.01,0.94,0.475,0.93,1.01,1.01,1.01,29.56,4253.56,4303.09,1,4,
2026-08-14 01:20:00,812499,3407736,Game 3: Any Player Quadra Kill?,prop,3,2026-08-14 03:00:00,100.0,Yes,89300494282854674899062293591156319703727387411768815627804385407768809680929,0.08,0.99,0.535,0.91,177.85,177.85,177.85,4.95,4.95,4.95,3,1,
2026-08-14 01:20:00,812499,3407736,Game 3: Any Player Quadra Kill?,prop,3,2026-08-14 03:00:00,100.0,No,114001328052018071192312018162667158102721309900817212379891076054206240411645,0.01,0.92,0.465,0.91,0.05,0.05,0.05,2359.51,2359.51,2359.51,1,3,
2026-08-14 01:20:00,812499,3407737,Game 3: Any Player Penta Kill?,prop,3,2026-08-14 03:00:00,100.0,Yes,114930391155820671280932336596912874838796280776517417418481514020573563481141,0.01,0.99,0.5,0.98,176.05,176.05,176.05,4.95,4.95,4.95,1,1,
2026-08-14 01:20:00,812499,3407737,Game 3: Any Player Penta Kill?,prop,3,2026-08-14 03:00:00,100.0,No,25083949550735874000852664968153918873092872242306546089004263953312445332311,0.01,0.99,0.5,0.98,0.05,0.05,0.05,17428.95,17428.95,17428.95,1,1,
2026-08-14 01:20:00,812499,3407738,Game 3: Odd/Even Total Kills?,odd_even,3,2026-08-14 03:00:00,100.0,Odd,55002932149693205039252313297704990705936164068114650496235005232232448118768,0.49,0.51,0.5,0.02,131.66,143.64,428.25,138.13,152.19,500.06,10,10,
2026-08-14 01:20:00,812499,3407738,Game 3: Odd/Even Total Kills?,odd_even,3,2026-08-14 03:00:00,100.0,Even,22731531805730680844471275051506006731851300824476975059046552919830390345510,0.49,0.51,0.5,0.02,131.66,143.64,428.25,138.13,152.19,500.06,10,10,
2026-08-14 01:20:00,812500,3407739,LoL: BNK FearX Youth vs HANJIN BRION Challengers - Game 1 Winner,map,1,2026-08-14 05:00:00,220.0,BNK FearX Youth,61663936455102720529851768719096966279739088515242859634351510053320021427857,0.59,0.6,0.595,0.01,271.46,3241.67,3934.42,839.72,1977.02,3331.58,33,28,2490.579067
2026-08-14 01:20:00,812500,3407739,LoL: BNK FearX Youth vs HANJIN BRION Challengers - Game 1 Winner,map,1,2026-08-14 05:00:00,220.0,HANJIN BRION Challengers,42234029726181362412603779948886866264430875684742909834436718516098761282889,0.4,0.41,0.405,0.01,539.28,1228.49,1968.45,195.88,2502.35,3089.79,28,33,2490.579067
2026-08-14 01:20:00,812500,3407740,LoL: BNK FearX Youth vs HANJIN BRION Challengers - Game 2 Winner,map,2,2026-08-14 05:00:00,220.0,BNK FearX Youth,107808309436641300893312675613018183409013019586056788222963388770887566279759,0.59,0.6,0.595,0.01,54.27,2560.16,3928.44,1036.92,2208.38,3172.38,31,28,2548.579067
2026-08-14 01:20:00,812500,3407740,LoL: BNK FearX Youth vs HANJIN BRION Challengers - Game 2 Winner,map,2,2026-08-14 05:00:00,220.0,HANJIN BRION Challengers,108190713726091544908980663096828147669429426515696290929034353759153855371872,0.4,0.41,0.405,0.01,670.75,1380.67,1906.69,38.73,2004.07,3144.85,28,32,2548.579067
2026-08-14 01:20:00,812500,3407741,LoL: BNK FearX Youth vs HANJIN BRION Challengers (BO3) - LCK Challengers League Rounds 3-4 Trial Group,series,,2026-08-14 05:00:00,220.0,BNK FearX Youth,4709157790055180552341123243460762988257059370615011807866571989785820996007,0.64,0.65,0.645,0.01,14259.36,15318.45,17826.75,3290.97,5292.93,6117.93,45,31,19582.073660000002
2026-08-14 01:20:00,812500,3407741,LoL: BNK FearX Youth vs HANJIN BRION Challengers (BO3) - LCK Challengers League Rounds 3-4 Trial Group,series,,2026-08-14 05:00:00,220.0,HANJIN BRION Challengers,78953976754099792644259899378966754561173836122361982355623147636345680203948,0.35,0.36,0.355,0.01,1742.9,2710.64,3065.64,8214.2,8880.72,10602.92,31,45,19582.073660000002
2026-08-14 01:20:00,812500,3407742,Games Total: O/U 2.5,total_games,,2026-08-14 05:00:00,220.0,Over,92276135268136739124520169377318113815189044479197789767602638268546461184061,0.46,0.47,0.465,0.01,249.83,953.76,1442.51,261.36,620.66,855.88,29,29,12204.805178
2026-08-14 01:20:00,812500,3407742,Games Total: O/U 2.5,total_games,,2026-08-14 05:00:00,220.0,Under,75172933509377648381665745794974452683403650699414327328586378058335219068050,0.53,0.54,0.535,0.01,294.72,661.51,879.62,297.41,1221.18,1919.93,29,29,12204.805178
2026-08-14 01:20:00,812500,3407743,Game Handicap: FOX.Y (-1.5) vs HANJIN BRION Challengers (+1.5),handicap,,2026-08-14 05:00:00,220.0,BNK FearX Youth,28056190424496620422390413104090982910658404924761402830580049883862063899907,0.34,0.35,0.345,0.01,321.21,509.65,617.07,78.14,449.25,662.73,21,15,90.81
2026-08-14 01:20:00,812500,3407743,Game Handicap: FOX.Y (-1.5) vs HANJIN BRION Challengers (+1.5),handicap,,2026-08-14 05:00:00,220.0,HANJIN BRION Challengers,83088721436173965622006440777948770695175995616684936722852600465292900831936,0.65,0.66,0.655,0.01,143.86,752.61,1083.32,641.92,1048.76,1300.42,15,21,90.81
2026-08-14 01:20:00,812500,3407744,Game 1: Both Teams Slay Baron Nashor?,prop,1,2026-08-14 05:00:00,220.0,Yes,100315910748355254837447175433844190501038481535618161174574469556825818591812,0.07,0.5,0.285,0.43,179.62,179.84,183.84,176.0,176.0,176.0,6,9,
2026-08-14 01:20:00,812500,3407744,Game 1: Both Teams Slay Baron Nashor?,prop,1,2026-08-14 05:00:00,220.0,No,76695919881543110155683999703013506106666117525109998233075735667065262555257,0.5,0.93,0.715,0.43,176.0,176.0,176.0,2805.36,2810.86,2973.53,9,6,
2026-08-14 01:20:00,812500,3407745,Game 1: Both Teams Slay a Dragon?,prop,1,2026-08-14 05:00:00,220.0,Yes,22528557460313114895491100701446185514083262707562640533159631804605832623758,0.52,0.77,0.645,0.25,52.63,228.63,228.63,80.33,750.32,750.32,10,8,
2026-08-14 01:20:00,812500,3407745,Game 1: Both Teams Slay a Dragon?,prop,1,2026-08-14 05:00:00,220.0,No,111719982073440494596637220557882732832342237008015925473728205120143084818142,0.23,0.48,0.355,0.25,22.75,200.85,200.85,50.45,226.45,226.45,8,10,
2026-08-14 01:20:00,812500,3407746,Game 1: Both Teams Destroy Inhibitors?,prop,1,2026-08-14 05:00:00,220.0,Yes,102015644364337373304958190412524133722067167548401185640506892992233253816221,0.06,0.5,0.28,0.44,2.72,180.73,183.32,176.0,176.0,176.0,6,9,
2026-08-14 01:20:00,812500,3407746,Game 1: Both Teams Destroy Inhibitors?,prop,1,2026-08-14 05:00:00,220.0,No,79051556571885796194539247443195689732745795285052036820979417847106397667601,0.5,0.94,0.72,0.44,176.0,176.0,176.0,50.38,4339.05,4577.76,9,6,
2026-08-14 01:20:00,812500,3407747,Game 1: Any Player Quadra Kill?,prop,1,2026-08-14 05:00:00,220.0,Yes,26710921275625404505056773265693662361876704590821399911826241301751673587149,0.08,0.5,0.29,0.42,177.85,177.85,179.85,176.0,176.0,176.0,5,9,
2026-08-14 01:20:00,812500,3407747,Game 1: Any Player Quadra Kill?,prop,1,2026-08-14 05:00:00,220.0,No,93968963195077369200919487637351234938964989272421779584427039793519294281254,0.5,0.92,0.71,0.42,176.0,176.0,176.0,2359.51,2359.51,2407.51,9,5,
2026-08-14 01:20:00,812500,3407748,Game 1: Any Player Penta Kill?,prop,1,2026-08-14 05:00:00,220.0,Yes,112894733441774993623126215114218924485095801202348585552578540782541586703397,0.01,0.49,0.25,0.48,176.05,176.05,176.05,187.31,187.31,187.31,1,9,
2026-08-14 01:20:00,812500,3407748,Game 1: Any Player Penta Kill?,prop,1,2026-08-14 05:00:00,220.0,No,91952076391574419055919837609434990335076390976729873485357740908976831871632,0.51,0.99,0.75,0.48,187.77,187.77,187.77,17428.95,17428.95,17428.95,9,1,
2026-08-14 01:20:00,812500,3407749,Game 1: Odd/Even Total Kills?,odd_even,1,2026-08-14 05:00:00,220.0,Odd,32848162093516195379139231796286054395603262109309254908226315237881396997000,0.49,0.51,0.5,0.02,131.66,143.64,428.25,138.13,152.19,500.06,12,12,
2026-08-14 01:20:00,812500,3407749,Game 1: Odd/Even Total Kills?,odd_even,1,2026-08-14 05:00:00,220.0,Even,55021576952347549260624848959361573180356957556440694582427231752311741888467,0.49,0.51,0.5,0.02,131.66,143.64,428.25,138.13,152.19,500.06,12,12,
2026-08-14 01:20:00,812500,3407750,Game 2: Both Teams Slay Baron Nashor?,prop,2,2026-08-14 05:00:00,220.0,Yes,97877118867019311861316666766462908864478753853178147427401515473268771239471,0.07,0.5,0.285,0.43,179.62,179.85,183.85,176.0,176.0,176.0,6,9,
2026-08-14 01:20:00,812500,3407750,Game 2: Both Teams Slay Baron Nashor?,prop,2,2026-08-14 05:00:00,220.0,No,101719955781485808478825279041139319336382429106729864175832223089426518525915,0.5,0.93,0.715,0.43,176.0,176.0,176.0,2805.37,2810.91,2973.58,9,6,
2026-08-14 01:20:00,812500,3407751,Game 2: Both Teams Slay a Dragon?,prop,2,2026-08-14 05:00:00,220.0,Yes,47297680764440435034908332421262931037459217405696163811547313651467330170718,0.52,0.77,0.645,0.25,52.63,228.63,228.63,80.33,750.32,750.32,10,8,
2026-08-14 01:20:00,812500,3407751,Game 2: Both Teams Slay a Dragon?,prop,2,2026-08-14 05:00:00,220.0,No,23989265404590266695157366851083201637045652483925584723159543825808201424379,0.23,0.48,0.355,0.25,22.75,200.85,200.85,50.45,226.45,226.45,8,10,
2026-08-14 01:20:00,812500,3407752,Game 2: Both Teams Destroy Inhibitors?,prop,2,2026-08-14 05:00:00,220.0,Yes,36118710167082995409349519645958671600314701568827679019948470339439596629305,0.06,0.5,0.28,0.44,2.71,180.92,183.32,176.0,176.0,176.0,6,9,
2026-08-14 01:20:00,812500,3407752,Game 2: Both Teams Destroy Inhibitors?,prop,2,2026-08-14 05:00:00,220.0,No,22051017317047635342500083586640641278478909574563877304072568978735527884807,0.5,0.94,0.72,0.44,176.0,176.0,176.0,50.2,4343.82,4570.02,9,6,
2026-08-14 01:20:00,812500,3407753,Game 2: Any Player Quadra Kill?,prop,2,2026-08-14 05:00:00,220.0,Yes,58807234942451841241022433088812455930302780501410971969865241860350913908259,0.08,0.5,0.29,0.42,177.85,177.85,179.85,176.0,176.0,176.0,5,9,
2026-08-14 01:20:00,812500,3407753,Game 2: Any Player Quadra Kill?,prop,2,2026-08-14 05:00:00,220.0,No,67610973198289160033085562258079641623102165084127740059987302312234651513258,0.5,0.92,0.71,0.42,176.0,176.0,176.0,2359.51,2359.51,2407.51,9,5,
2026-08-14 01:20:00,812500,3407754,Game 2: Any Player Penta Kill?,prop,2,2026-08-14 05:00:00,220.0,Yes,64636778969528768893935901549188989277569900524229601745022333725042773975659,0.01,0.49,0.25,0.48,176.05,176.05,176.05,187.31,187.31,187.31,1,9,
2026-08-14 01:20:00,812500,3407754,Game 2: Any Player Penta Kill?,prop,2,2026-08-14 05:00:00,220.0,No,24637814849118864058445072991262267792789278042574602351517704206601256691646,0.51,0.99,0.75,0.48,187.77,187.77,187.77,17428.95,17428.95,17428.95,9,1,
2026-08-14 01:20:00,812500,3407755,Game 2: Odd/Even Total Kills?,odd_even,2,2026-08-14 05:00:00,220.0,Odd,89132671465319801984196745843834846416244136716772814394593698925920785988347,0.49,0.51,0.5,0.02,131.66,143.64,428.25,138.13,152.19,500.06,12,12,
2026-08-14 01:20:00,812500,3407755,Game 2: Odd/Even Total Kills?,odd_even,2,2026-08-14 05:00:00,220.0,Even,23772193768728815416979274790047390098007350518635703771944232234280869494479,0.49,0.51,0.5,0.02,131.66,143.64,428.25,138.13,152.19,500.06,12,12,
2026-08-14 01:20:00,812500,3407756,Game 3: Both Teams Slay Baron Nashor?,prop,3,2026-08-14 05:00:00,220.0,Yes,24551762467780504210757017514656860109633869494113144703849068703959601268673,0.07,0.99,0.53,0.92,178.02,178.29,182.29,99.99,99.99,99.99,6,1,
2026-08-14 01:20:00,812500,3407756,Game 3: Both Teams Slay Baron Nashor?,prop,3,2026-08-14 05:00:00,220.0,No,92102471374974848250230863328435931811182626128088800904066639574937320815337,0.01,0.93,0.47,0.92,1.01,1.01,1.01,2784.14,2790.66,2953.33,1,6,
2026-08-14 01:20:00,812500,3407757,Game 3: Both Teams Slay a Dragon?,prop,3,2026-08-14 05:00:00,220.0,Yes,105094231123555274880570448823486931970030904367641419451399134893231939244446,0.02,0.76,0.39,0.74,3.01,3.01,3.01,23.56,742.11,742.11,2,9,
2026-08-14 01:20:00,812500,3407757,Game 3: Both Teams Slay a Dragon?,prop,3,2026-08-14 05:00:00,220.0,No,109014455888086068752688760252979925952031440819867195106974328993910223862769,0.24,0.98,0.61,0.74,7.14,199.06,199.06,260.11,260.11,260.11,9,2,
2026-08-14 01:20:00,812500,3407758,Game 3: Both Teams Destroy Inhibitors?,prop,3,2026-08-14 05:00:00,220.0,Yes,11499728086856774147918517498478056991605051727557688632058241656568015942179,0.06,0.99,0.525,0.93,1.66,179.66,182.16,99.99,99.99,99.99,6,1,
2026-08-14 01:20:00,812500,3407758,Game 3: Both Teams Destroy Inhibitors?,prop,3,2026-08-14 05:00:00,220.0,No,71331753933838756945698401235301506856154222385900681314053669927744665300268,0.01,0.94,0.475,0.93,1.01,1.01,1.01,29.9,4318.57,4549.49,1,6,
2026-08-14 01:20:00,812500,3407759,Game 3: Any Player Quadra Kill?,prop,3,2026-08-14 05:00:00,220.0,Yes,47421305575153937544146820599736168513827203673828466756713059966501144155809,0.08,0.99,0.535,0.91,177.85,177.85,179.85,4.95,4.95,4.95,5,1,
2026-08-14 01:20:00,812500,3407759,Game 3: Any Player Quadra Kill?,prop,3,2026-08-14 05:00:00,220.0,No,5552884444941479301335256995977407725017527851202209555956852640959352319922,0.01,0.92,0.465,0.91,0.05,0.05,0.05,2359.51,2359.51,2407.51,1,5,
2026-08-14 01:20:00,812500,3407760,Game 3: Any Player Penta Kill?,prop,3,2026-08-14 05:00:00,220.0,Yes,102996765780386697047720186968511898643728347582999249513342982330729739171052,0.01,0.99,0.5,0.98,176.05,176.05,176.05,4.95,4.95,4.95,1,1,
2026-08-14 01:20:00,812500,3407760,Game 3: Any Player Penta Kill?,prop,3,2026-08-14 05:00:00,220.0,No,42319548810746199058964111262747327533525346884991531332840418409971882446366,0.01,0.99,0.5,0.98,0.05,0.05,0.05,17428.95,17428.95,17428.95,1,1,
2026-08-14 01:20:00,812500,3407761,Game 3: Odd/Even Total Kills?,odd_even,3,2026-08-14 05:00:00,220.0,Odd,32753689779373724055024054576187425028926857048917614701853851903254710657703,0.49,0.51,0.5,0.02,131.66,143.64,428.25,138.13,152.19,500.06,12,12,
2026-08-14 01:20:00,812500,3407761,Game 3: Odd/Even Total Kills?,odd_even,3,2026-08-14 05:00:00,220.0,Even,89209463628517423703665674201516273330810059098694242442514499005623124181252,0.49,0.51,0.5,0.02,131.66,143.64,428.25,138.13,152.19,500.06,12,12,
2026-08-14 01:20:00,826070,3477050,LoL: NRG Esports vs Contingent Esports - Game 1 Winner,map,1,2026-08-14 03:00:00,100.0,NRG Esports,80814790902632668004539328994746617014614315928060173257015852122406695311005,0.8,0.81,0.805,0.01,334.66,2416.43,3244.58,888.06,5065.81,6102.9,18,11,367.074342
2026-08-14 01:20:00,826070,3477050,LoL: NRG Esports vs Contingent Esports - Game 1 Winner,map,1,2026-08-14 03:00:00,100.0,Contingent Esports,107651310737272584966890037363108476219576749219700416899862916279592660232089,0.19,0.2,0.195,0.01,195.89,1012.87,1181.7,87.84,687.96,964.01,11,19,367.074342
2026-08-14 01:20:00,826070,3477051,LoL: NRG Esports vs Contingent Esports - Game 2 Winner,map,2,2026-08-14 03:00:00,100.0,NRG Esports,7118869453742291045797317815564893062933350229077106358535601493893500087591,0.8,0.81,0.805,0.01,630.2,2537.97,3430.15,1470.0,4722.47,5755.26,18,11,
2026-08-14 01:20:00,826070,3477051,LoL: NRG Esports vs Contingent Esports - Game 2 Winner,map,2,2026-08-14 03:00:00,100.0,Contingent Esports,108002125035495150522720856231525573531669999272447427854984681030770827642415,0.19,0.2,0.195,0.01,331.82,967.27,1135.4,166.53,717.5,1014.9,11,18,
2026-08-14 01:20:00,826070,3477052,LoL: NRG Esports vs Contingent Esports (BO3) - North American Challengers League Group Stage,series,,2026-08-14 03:00:00,100.0,NRG Esports,43038352639417355691707647173859018730749533391426346756399874481168166294619,0.87,0.88,0.875,0.01,1512.44,4942.01,4942.01,8030.45,10861.23,23239.14,50,12,5109.457329
2026-08-14 01:20:00,826070,3477052,LoL: NRG Esports vs Contingent Esports (BO3) - North American Challengers League Group Stage,series,,2026-08-14 03:00:00,100.0,Contingent Esports,84678973437664474131672312186325078675557922490434064743358042746648544685152,0.12,0.13,0.125,0.01,1006.86,1319.11,2303.18,242.2,881.63,881.63,12,50,5109.457329
2026-08-14 01:20:00,826070,3477053,Games Total: O/U 2.5,total_games,,2026-08-14 03:00:00,100.0,Over,55750592239967941703301064844243535772993617325443398709488185293476935877531,0.28,0.29,0.285,0.01,45.17,539.78,690.72,232.12,336.89,495.54,19,33,5001.596139
2026-08-14 01:20:00,826070,3477053,Games Total: O/U 2.5,total_games,,2026-08-14 03:00:00,100.0,Under,82152669265463547990220171689636558584137366588986322786820150257732179196557,0.71,0.72,0.715,0.01,568.28,792.31,1108.73,120.87,1558.36,2049.44,33,19,5001.596139
2026-08-14 01:20:00,826070,3477054,Game Handicap: NRG (-1.5) vs Contingent Esports (+1.5),handicap,,2026-08-14 03:00:00,100.0,NRG Esports,95412707328160076383234584804646983201601033147527050227749727111466216606486,0.66,0.67,0.665,0.01,1123.08,4023.11,4423.11,768.74,1793.72,2006.72,31,21,6266.215499
2026-08-14 01:20:00,826070,3477054,Game Handicap: NRG (-1.5) vs Contingent Esports (+1.5),handicap,,2026-08-14 03:00:00,100.0,Contingent Esports,79376817134124206774201685278379459810679800756916708410468012280981017893764,0.33,0.34,0.335,0.01,377.22,835.56,922.56,582.05,2218.07,2463.23,21,31,6266.215499
2026-08-14 01:20:00,826070,3477055,Game 1: Both Teams Slay Baron Nashor?,prop,1,2026-08-14 03:00:00,100.0,Yes,87681573095327547420633314226806041000149028170713311037612514061710912723742,0.01,0.99,0.5,0.98,0.96,0.96,0.96,95.04,95.04,95.04,1,1,
2026-08-14 01:20:00,826070,3477055,Game 1: Both Teams Slay Baron Nashor?,prop,1,2026-08-14 03:00:00,100.0,No,69312485936334009045325800311715558032922672642482501491119421898458006349825,0.01,0.99,0.5,0.98,0.96,0.96,0.96,95.04,95.04,95.04,1,1,
2026-08-14 01:20:00,826070,3477056,Game 1: Both Teams Slay a Dragon?,prop,1,2026-08-14 03:00:00,100.0,Yes,83805735251597132117951173378137346357296339870381814266398461580520007861517,0.26,0.99,0.625,0.73,25.83,97.83,97.83,87.32,87.32,87.32,4,1,
2026-08-14 01:20:00,826070,3477056,Game 1: Both Teams Slay a Dragon?,prop,1,2026-08-14 03:00:00,100.0,No,24156205806670798372110555621724125417579911628083855143977773542489628788926,0.01,0.74,0.375,0.73,0.88,0.88,0.88,77.25,305.25,305.25,1,4,
2026-08-14 01:20:00,826070,3477057,Game 1: Both Teams Destroy Inhibitors?,prop,1,2026-08-14 03:00:00,100.0,Yes,70847180670013690410054498405126312924929675515172003776071312263632441945977,0.01,0.99,0.5,0.98,0.94,0.94,0.94,95.04,95.04,95.04,1,1,
2026-08-14 01:20:00,826070,3477057,Game 1: Both Teams Destroy Inhibitors?,prop,1,2026-08-14 03:00:00,100.0,No,15552457357105246680088345561853174847839914230111380560590702628300617170166,0.01,0.99,0.5,0.98,0.96,0.96,0.96,92.81,92.81,92.81,1,1,
2026-08-14 01:20:00,826070,3477058,Game 1: Any Player Quadra Kill?,prop,1,2026-08-14 03:00:00,100.0,Yes,90611949896330126489333584640484616670727390063723860281928013878403906065721,,,,,0.0,0.0,0.0,0.0,0.0,0.0,0,0,
2026-08-14 01:20:00,826070,3477058,Game 1: Any Player Quadra Kill?,prop,1,2026-08-14 03:00:00,100.0,No,30801089695626298578988776831063320516250144642136439806183847895839275854811,,,,,0.0,0.0,0.0,0.0,0.0,0.0,0,0,
2026-08-14 01:20:00,826070,3477059,Game 1: Any Player Penta Kill?,prop,1,2026-08-14 03:00:00,100.0,Yes,48229925814520007661244111895915992051489252573972834651743984793002069701817,,,,,0.0,0.0,0.0,0.0,0.0,0.0,0,0,
2026-08-14 01:20:00,826070,3477059,Game 1: Any Player Penta Kill?,prop,1,2026-08-14 03:00:00,100.0,No,9305314826584013047090950141969451002924314918612350007363467585821240369066,,,,,0.0,0.0,0.0,0.0,0.0,0.0,0,0,
2026-08-14 01:20:00,826070,3477061,Game 1: Odd/Even Total Kills?,odd_even,1,2026-08-14 03:00:00,100.0,Odd,32494922393258859963201856101328517997010549162018639697250819883519722049068,0.49,0.51,0.5,0.02,7.76,7.76,7.76,8.07,8.07,8.07,5,5,
2026-08-14 01:20:00,826070,3477061,Game 1: Odd/Even Total Kills?,odd_even,1,2026-08-14 03:00:00,100.0,Even,112834540130252099583593253928265938091790513484363299374731806537792656031528,0.49,0.51,0.5,0.02,7.76,7.76,7.76,8.07,8.07,8.07,5,5,
2026-08-14 01:20:00,826070,3477062,Game 2: Both Teams Slay Baron Nashor?,prop,2,2026-08-14 03:00:00,100.0,Yes,55753683192199022612671704126737811310328029678442412170950072602131054587210,0.01,0.99,0.5,0.98,0.96,0.96,0.96,95.04,95.04,95.04,1,1,
2026-08-14 01:20:00,826070,3477062,Game 2: Both Teams Slay Baron Nashor?,prop,2,2026-08-14 03:00:00,100.0,No,55937094852319737792850165512480430449747853756905259274031753275691368112975,0.01,0.99,0.5,0.98,0.96,0.96,0.96,95.04,95.04,95.04,1,1,
2026-08-14 01:20:00,826070,3477063,Game 2: Both Teams Slay a Dragon?,prop,2,2026-08-14 03:00:00,100.0,Yes,48623647428517517453611058807537447198598988098824330225032342676302728625012,0.01,0.99,0.5,0.98,0.96,0.96,0.96,95.03,95.03,95.03,1,1,
2026-08-14 01:20:00,826070,3477063,Game 2: Both Teams Slay a Dragon?,prop,2,2026-08-14 03:00:00,100.0,No,42417195815488111081943362396002926413430486562906704641578354062740797580084,0.01,0.99,0.5,0.98,0.96,0.96,0.96,95.04,95.04,95.04,1,1,
2026-08-14 01:20:00,826070,3477064,Game 2: Both Teams Destroy Inhibitors?,prop,2,2026-08-14 03:00:00,100.0,Yes,23628154900252164597588937639111773709699026601186386386168618417735820690106,0.79,0.86,0.825,0.07,36.47,36.47,36.47,39.7,39.7,39.7,5,2,532.9815600000001
2026-08-14 01:20:00,826070,3477064,Game 2: Both Teams Destroy Inhibitors?,prop,2,2026-08-14 03:00:00,100.0,No,85739117623916471191019361815038085504519438797717701017619191765882696246759,0.14,0.21,0.175,0.07,6.46,6.46,6.46,9.69,9.69,9.69,2,5,532.9815600000001
2026-08-14 01:20:00,826070,3477065,Game 2: Any Player Quadra Kill?,prop,2,2026-08-14 03:00:00,100.0,Yes,53208917334913900389630971292939370679251910829672144758009133122161611227896,,,,,0.0,0.0,0.0,0.0,0.0,0.0,0,0,
2026-08-14 01:20:00,826070,3477065,Game 2: Any Player Quadra Kill?,prop,2,2026-08-14 03:00:00,100.0,No,91070975633974495708697307701836756019763571915749676034097536234325782029896,,,,,0.0,0.0,0.0,0.0,0.0,0.0,0,0,
2026-08-14 01:20:00,826070,3477066,Game 2: Any Player Penta Kill?,prop,2,2026-08-14 03:00:00,100.0,Yes,41553921922748035091195286700334837861150809022270611498614461149967485676553,,,,,0.0,0.0,0.0,0.0,0.0,0.0,0,0,
2026-08-14 01:20:00,826070,3477066,Game 2: Any Player Penta Kill?,prop,2,2026-08-14 03:00:00,100.0,No,72372963262572990351948387093307185909935364431157003295642971589164020329307,,,,,0.0,0.0,0.0,0.0,0.0,0.0,0,0,
2026-08-14 01:20:00,826070,3477067,Game 2: Odd/Even Total Kills?,odd_even,2,2026-08-14 03:00:00,100.0,Odd,51682527872121142820533720760874357541341917877241650283064345652015294503432,0.49,0.51,0.5,0.02,7.76,7.76,7.76,8.07,8.07,8.07,6,5,
2026-08-14 01:20:00,826070,3477067,Game 2: Odd/Even Total Kills?,odd_even,2,2026-08-14 03:00:00,100.0,Even,52462070156083218163210891161506391469503363975012872173381524279777415671009,0.49,0.51,0.5,0.02,7.76,7.76,7.76,8.07,8.07,8.07,5,6,
2026-08-14 01:20:00,826070,3477068,Game 3: Both Teams Slay Baron Nashor?,prop,3,2026-08-14 03:00:00,100.0,Yes,87723048023863233229072489576988122495348581581883475764155604685715254995143,0.01,0.99,0.5,0.98,0.96,0.96,0.96,95.03,95.03,95.03,1,1,
2026-08-14 01:20:00,826070,3477068,Game 3: Both Teams Slay Baron Nashor?,prop,3,2026-08-14 03:00:00,100.0,No,50989255824497521540482389727045524148886656006776316809093754627968185524154,0.01,0.99,0.5,0.98,0.96,0.96,0.96,95.04,95.04,95.04,1,1,
2026-08-14 01:20:00,826070,3477069,Game 3: Both Teams Slay a Dragon?,prop,3,2026-08-14 03:00:00,100.0,Yes,31894618867354587726609743791628570681781025713790850110963430187452605983542,0.01,0.99,0.5,0.98,0.96,0.96,0.96,95.03,95.03,95.03,1,1,
2026-08-14 01:20:00,826070,3477069,Game 3: Both Teams Slay a Dragon?,prop,3,2026-08-14 03:00:00,100.0,No,102454578646280162427313029106444653546026394152408180005140046057337729562773,0.01,0.99,0.5,0.98,0.96,0.96,0.96,95.04,95.04,95.04,1,1,
2026-08-14 01:20:00,826070,3477070,Game 3: Both Teams Destroy Inhibitors?,prop,3,2026-08-14 03:00:00,100.0,Yes,37140353425416026858198430022763744658491197274004779834832527078807411250706,0.01,0.99,0.5,0.98,0.94,0.94,0.94,95.04,95.04,95.04,1,1,
2026-08-14 01:20:00,826070,3477070,Game 3: Both Teams Destroy Inhibitors?,prop,3,2026-08-14 03:00:00,100.0,No,81160108446775656753351553464289021811897715068601840646033017734259696288239,0.01,0.99,0.5,0.98,0.96,0.96,0.96,92.81,92.81,92.81,1,1,
2026-08-14 01:20:00,826070,3477071,Game 3: Any Player Quadra Kill?,prop,3,2026-08-14 03:00:00,100.0,Yes,98730301607993226617635192895346323156884766053134987563113989760237051075734,,,,,0.0,0.0,0.0,0.0,0.0,0.0,0,0,
2026-08-14 01:20:00,826070,3477071,Game 3: Any Player Quadra Kill?,prop,3,2026-08-14 03:00:00,100.0,No,47636245891328174531136161073693506541960443755198252563254227701534011303241,,,,,0.0,0.0,0.0,0.0,0.0,0.0,0,0,
2026-08-14 01:20:00,826070,3477072,Game 3: Any Player Penta Kill?,prop,3,2026-08-14 03:00:00,100.0,Yes,36582442770858592965786294186284019287317276526405187098158230226204042128980,,,,,0.0,0.0,0.0,0.0,0.0,0.0,0,0,
2026-08-14 01:20:00,826070,3477072,Game 3: Any Player Penta Kill?,prop,3,2026-08-14 03:00:00,100.0,No,72354692448307767435386725107072578807273666862716740697784668362154773401142,,,,,0.0,0.0,0.0,0.0,0.0,0.0,0,0,
2026-08-14 01:20:00,826070,3477073,Game 3: Odd/Even Total Kills?,odd_even,3,2026-08-14 03:00:00,100.0,Odd,17265110502119578793708135589809973427915605037445313419433454040796130326698,0.49,0.51,0.5,0.02,7.76,7.76,7.76,8.07,8.07,8.07,4,4,
2026-08-14 01:20:00,826070,3477073,Game 3: Odd/Even Total Kills?,odd_even,3,2026-08-14 03:00:00,100.0,Even,1107446221436908324166515020190090286245833902787500387186505680943047252583,0.49,0.51,0.5,0.02,7.76,7.76,7.76,8.07,8.07,8.07,4,4,
2026-08-14 02:23:53,812499,3407716,LoL: T1 Academy vs Dplus KIA Challengers - Game 1 Winner,map,1,2026-08-14 03:00:00,36.1,T1 Academy,39734844495353304395398396140221540149305519357715269073311726294226019570550,0.6,0.61,0.605,0.01,10975.1,12860.95,15918.45,4719.28,9327.18,12445.27,19,21,348.826276
2026-08-14 02:23:53,812499,3407716,LoL: T1 Academy vs Dplus KIA Challengers - Game 1 Winner,map,1,2026-08-14 03:00:00,36.1,Dplus KIA Challengers,33269339650279858595555088093374570383524449579809902479647974050760364184259,0.39,0.4,0.395,0.01,2995.25,5614.75,7223.5,7604.23,9013.38,11505.88,21,19,348.826276
2026-08-14 02:23:53,812499,3407717,LoL: T1 Academy vs Dplus KIA Challengers - Game 2 Winner,map,2,2026-08-14 03:00:00,36.1,T1 Academy,65413134936637378696103480670341747188714493905423788592364522087047313278527,0.6,0.61,0.605,0.01,8861.95,11227.95,13977.23,2164.24,3034.16,3684.16,19,19,37.580242
2026-08-14 02:23:53,812499,3407717,LoL: T1 Academy vs Dplus KIA Challengers - Game 2 Winner,map,2,2026-08-14 03:00:00,36.1,Dplus KIA Challengers,109850116150453228098769636194777220136528900176432751128686947209537047715503,0.39,0.4,0.395,0.01,1355.67,1854.26,2204.26,6158.05,7907.05,10122.66,19,19,37.580242
2026-08-14 02:23:53,812499,3407718,LoL: T1 Academy vs Dplus KIA Challengers (BO3) - LCK Challengers League Rounds 3-4 Challenge Group,series,,2026-08-14 03:00:00,36.1,T1 Academy,29334009531926017999172713361554624736754304108781329166019313376852181532606,0.66,0.67,0.665,0.01,15767.5,16383.2,18320.1,14995.38,20068.59,20388.09,47,26,22793.567096000006
2026-08-14 02:23:53,812499,3407718,LoL: T1 Academy vs Dplus KIA Challengers (BO3) - LCK Challengers League Rounds 3-4 Challenge Group,series,,2026-08-14 03:00:00,36.1,Dplus KIA Challengers,86576119660677556215120793453634271480079124875691072264113236209109323222775,0.33,0.34,0.335,0.01,7340.41,9565.2,9695.7,8169.56,8523.86,9756.96,26,47,22793.567096000006
2026-08-14 02:23:53,812499,3407719,Games Total: O/U 2.5,total_games,,2026-08-14 03:00:00,36.1,Over,12254491551645605749999948566783532239763590860890971634914438946306484415625,0.46,0.47,0.465,0.01,65.4,497.71,1147.76,51.64,1277.29,1617.14,15,15,24.291665000000002
2026-08-14 02:23:53,812499,3407719,Games Total: O/U 2.5,total_games,,2026-08-14 03:00:00,36.1,Under,68717137278381026545457297595820702026186759179231499229342417358442267129224,0.53,0.54,0.535,0.01,56.84,1327.71,1649.16,78.03,642.96,1572.64,15,15,24.291665000000002
2026-08-14 02:23:53,812499,3407720,Game Handicap: T1.A (-1.5) vs Dplus KIA Challengers (+1.5),handicap,,2026-08-14 03:00:00,36.1,T1 Academy,112387528592292424930650532924576804503241362728004667616961247667692272312413,0.37,0.38,0.375,0.01,22.3,266.1,1350.55,657.96,1082.76,1082.76,15,15,720.61431
2026-08-14 02:23:53,812499,3407720,Game Handicap: T1.A (-1.5) vs Dplus KIA Challengers (+1.5),handicap,,2026-08-14 03:00:00,36.1,Dplus KIA Challengers,94189587113690720225125693998745295556487555508602796811274630370563126617623,0.62,0.63,0.625,0.01,1039.31,1663.87,1663.87,37.96,501.7,2765.52,15,15,720.61431
2026-08-14 02:23:53,812499,3407721,Game 1: Both Teams Slay Baron Nashor?,prop,1,2026-08-14 03:00:00,36.1,Yes,40069868393640809104786506776915751658534703452875290458511978206216443518807,0.07,0.49,0.28,0.42,3.23,3.23,3.23,11.31,11.31,11.31,2,2,
2026-08-14 02:23:53,812499,3407721,Game 1: Both Teams Slay Baron Nashor?,prop,1,2026-08-14 03:00:00,36.1,No,50608849903554909222219439429204277119215627374900112590959682663938465769933,0.51,0.93,0.72,0.42,11.77,11.77,11.77,42.93,42.93,42.93,2,2,
2026-08-14 02:23:53,812499,3407722,Game 1: Both Teams Slay a Dragon?,prop,1,2026-08-14 03:00:00,36.1,Yes,64687367087236276548065101683258903075752340820526093114401398914562723872435,0.51,0.78,0.645,0.27,11.77,11.77,11.77,18.0,18.0,18.0,2,2,
2026-08-14 02:23:53,812499,3407722,Game 1: Both Teams Slay a Dragon?,prop,1,2026-08-14 03:00:00,36.1,No,26917764894392864707600724979145293015616736651873463361668909405225770515800,0.22,0.49,0.355,0.27,5.08,5.08,5.08,11.31,11.31,11.31,2,2,
2026-08-14 02:23:53,812499,3407723,Game 1: Both Teams Destroy Inhibitors?,prop,1,2026-08-14 03:00:00,36.1,Yes,90909758418785757498339848282956469721252985181476774447367514416062374905071,0.06,0.49,0.275,0.43,2.77,2.77,3.76,11.31,11.31,11.31,2,2,
2026-08-14 02:23:53,812499,3407723,Game 1: Both Teams Destroy Inhibitors?,prop,1,2026-08-14 03:00:00,36.1,No,97306944816021298866960210528887417854859989203311809746657546857239695639465,0.51,0.94,0.725,0.43,11.77,11.77,11.77,43.39,43.39,141.15,2,2,
2026-08-14 02:23:53,812499,3407724,Game 1: Any Player Quadra Kill?,prop,1,2026-08-14 03:00:00,36.1,Yes,40480664112673814293878383496256759291306966101765432817155796609878716191611,0.08,0.49,0.285,0.41,1.85,1.85,1.85,11.31,11.31,11.31,2,2,
2026-08-14 02:23:53,812499,3407724,Game 1: Any Player Quadra Kill?,prop,1,2026-08-14 03:00:00,36.1,No,14076318087349160081892552307719855776657942293180940006992128639325104402095,0.51,0.92,0.715,0.41,11.77,11.77,11.77,21.23,21.23,21.23,2,2,
2026-08-14 02:23:53,812499,3407725,Game 1: Any Player Penta Kill?,prop,1,2026-08-14 03:00:00,36.1,Yes,83951240816212277150512877212327250889048265428194239222014223541148332980146,0.01,0.15,0.08,0.14,0.05,0.05,0.05,0.75,0.75,1.75,1,6,
2026-08-14 02:23:53,812499,3407725,Game 1: Any Player Penta Kill?,prop,1,2026-08-14 03:00:00,36.1,No,14552533511971407204042061068349266750490465725326712708556780935391488764747,0.85,0.99,0.92,0.14,4.25,4.25,8.25,4.95,4.95,4.95,6,1,
2026-08-14 02:23:53,812499,3407726,Game 1: Odd/Even Total Kills?,odd_even,1,2026-08-14 03:00:00,36.1,Odd,30008734824659626946333304876575234022448750432748410603007444659876904754544,0.49,0.51,0.5,0.02,105.76,105.76,390.37,110.07,110.07,457.94,6,6,
2026-08-14 02:23:53,812499,3407726,Game 1: Odd/Even Total Kills?,odd_even,1,2026-08-14 03:00:00,36.1,Even,99395084138140294423547521803551548703320007241030462665435762504531763643878,0.49,0.51,0.5,0.02,105.76,105.76,390.37,110.07,110.07,457.94,6,6,
2026-08-14 02:23:53,812499,3407727,Game 2: Both Teams Slay Baron Nashor?,prop,2,2026-08-14 03:00:00,36.1,Yes,58129688162656381793690234448367947337214519902641172243030953744164978549829,0.01,0.49,0.25,0.48,1.01,1.01,1.01,11.31,11.31,11.31,1,2,
2026-08-14 02:23:53,812499,3407727,Game 2: Both Teams Slay Baron Nashor?,prop,2,2026-08-14 03:00:00,36.1,No,37784282596358571641116459773582983188118603190781422145404475059195349143098,0.51,0.99,0.75,0.48,11.77,11.77,11.77,99.98,99.98,99.98,2,1,
2026-08-14 02:23:53,812499,3407728,Game 2: Both Teams Slay a Dragon?,prop,2,2026-08-14 03:00:00,36.1,Yes,67100635698749036243996596083856731930110083604846187832565784378462214356906,0.51,0.99,0.75,0.48,11.77,11.77,11.77,99.99,99.99,99.99,2,1,
2026-08-14 02:23:53,812499,3407728,Game 2: Both Teams Slay a Dragon?,prop,2,2026-08-14 03:00:00,36.1,No,42625504916961847735090009072914737766516948044519350934640603247822281703262,0.01,0.49,0.25,0.48,1.01,1.01,1.01,11.31,11.31,11.31,1,2,
2026-08-14 02:23:53,812499,3407729,Game 2: Both Teams Destroy Inhibitors?,prop,2,2026-08-14 03:00:00,36.1,Yes,40023438874668498144632750208657873382044520843447740625081184081555141180970,0.06,0.49,0.275,0.43,2.68,2.68,2.91,11.31,11.31,11.31,3,2,
2026-08-14 02:23:53,812499,3407729,Game 2: Both Teams Destroy Inhibitors?,prop,2,2026-08-14 03:00:00,36.1,No,484091212595295130994775780202175233930586477475167866439140463580364160749,0.51,0.94,0.725,0.43,11.77,11.77,11.77,49.7,49.7,72.5,2,3,
2026-08-14 02:23:53,812499,3407730,Game 2: Any Player Quadra Kill?,prop,2,2026-08-14 03:00:00,36.1,Yes,57512002909106302457374648538616826010950529161110952092924294330557738326260,0.08,0.49,0.285,0.41,1.85,1.85,1.85,11.31,11.31,11.31,2,2,
2026-08-14 02:23:53,812499,3407730,Game 2: Any Player Quadra Kill?,prop,2,2026-08-14 03:00:00,36.1,No,46528999239069913500878472010371195055074690848476631394902559060981264912902,0.51,0.92,0.715,0.41,11.77,11.77,11.77,21.23,21.23,21.23,2,2,
2026-08-14 02:23:53,812499,3407731,Game 2: Any Player Penta Kill?,prop,2,2026-08-14 03:00:00,36.1,Yes,10367002689217741199289369255672046887753394169252950796871025362076925359402,0.01,0.15,0.08,0.14,0.05,0.05,0.05,0.75,0.75,1.75,1,6,
2026-08-14 02:23:53,812499,3407731,Game 2: Any Player Penta Kill?,prop,2,2026-08-14 03:00:00,36.1,No,44629523316220057660997646176727280068477055828540480140172757604033758965591,0.85,0.99,0.92,0.14,4.25,4.25,8.25,4.95,4.95,4.95,6,1,
2026-08-14 02:23:53,812499,3407732,Game 2: Odd/Even Total Kills?,odd_even,2,2026-08-14 03:00:00,36.1,Odd,68118589223287351123746973139702260581892652876242555636600008179922666725119,0.49,0.51,0.5,0.02,105.76,105.76,390.37,110.07,110.07,457.94,6,6,
2026-08-14 02:23:53,812499,3407732,Game 2: Odd/Even Total Kills?,odd_even,2,2026-08-14 03:00:00,36.1,Even,11563884776145307024557473783891356249853220511404723988011218691689405038835,0.49,0.51,0.5,0.02,105.76,105.76,390.37,110.07,110.07,457.94,6,6,
2026-08-14 02:23:53,812499,3407733,Game 3: Both Teams Slay Baron Nashor?,prop,3,2026-08-14 03:00:00,36.1,Yes,15108330882199972065167953232972112332503134649241289853150575394305889536382,0.07,0.99,0.53,0.92,1.62,1.62,1.62,99.99,99.99,99.99,2,1,
2026-08-14 02:23:53,812499,3407733,Game 3: Both Teams Slay Baron Nashor?,prop,3,2026-08-14 03:00:00,36.1,No,11583353539019187263341757865616242101793514605533674611840543623085353915285,0.01,0.93,0.47,0.92,1.01,1.01,1.01,21.46,21.46,21.46,1,2,
2026-08-14 02:23:53,812499,3407734,Game 3: Both Teams Slay a Dragon?,prop,3,2026-08-14 03:00:00,36.1,Yes,86518706067459875316993377887665484784139398669990316039811150778003477248591,0.01,0.78,0.395,0.77,1.01,1.01,1.01,18.0,18.0,18.0,1,2,
2026-08-14 02:23:53,812499,3407734,Game 3: Both Teams Slay a Dragon?,prop,3,2026-08-14 03:00:00,36.1,No,6330268134995515899876922471865852432628309512536344065282936223963491226645,0.22,0.99,0.605,0.77,5.08,5.08,5.08,99.99,99.99,99.99,2,1,
2026-08-14 02:23:53,812499,3407735,Game 3: Both Teams Destroy Inhibitors?,prop,3,2026-08-14 03:00:00,36.1,Yes,46778385251335632815107295958228684502257914370849295054583406222456702799534,0.06,0.99,0.525,0.93,1.64,1.64,1.82,99.99,99.99,99.99,3,1,
2026-08-14 02:23:53,812499,3407735,Game 3: Both Teams Destroy Inhibitors?,prop,3,2026-08-14 03:00:00,36.1,No,17022380444954140080106111683131141599196325846984987422687868734754056013796,0.01,0.94,0.475,0.93,1.01,1.01,1.01,29.56,29.56,46.8,1,3,
2026-08-14 02:23:53,812499,3407736,Game 3: Any Player Quadra Kill?,prop,3,2026-08-14 03:00:00,36.1,Yes,89300494282854674899062293591156319703727387411768815627804385407768809680929,0.08,0.99,0.535,0.91,1.85,1.85,1.85,4.95,4.95,4.95,2,1,
2026-08-14 02:23:53,812499,3407736,Game 3: Any Player Quadra Kill?,prop,3,2026-08-14 03:00:00,36.1,No,114001328052018071192312018162667158102721309900817212379891076054206240411645,0.01,0.92,0.465,0.91,0.05,0.05,0.05,21.23,21.23,21.23,1,2,
2026-08-14 02:23:53,812499,3407737,Game 3: Any Player Penta Kill?,prop,3,2026-08-14 03:00:00,36.1,Yes,114930391155820671280932336596912874838796280776517417418481514020573563481141,0.01,0.99,0.5,0.98,0.05,0.05,0.05,4.95,4.95,4.95,1,1,
2026-08-14 02:23:53,812499,3407737,Game 3: Any Player Penta Kill?,prop,3,2026-08-14 03:00:00,36.1,No,25083949550735874000852664968153918873092872242306546089004263953312445332311,0.01,0.99,0.5,0.98,0.05,0.05,0.05,4.95,4.95,4.95,1,1,
2026-08-14 02:23:53,812499,3407738,Game 3: Odd/Even Total Kills?,odd_even,3,2026-08-14 03:00:00,36.1,Odd,55002932149693205039252313297704990705936164068114650496235005232232448118768,0.49,0.51,0.5,0.02,105.76,105.76,390.37,110.07,110.07,457.94,6,6,
2026-08-14 02:23:53,812499,3407738,Game 3: Odd/Even Total Kills?,odd_even,3,2026-08-14 03:00:00,36.1,Even,22731531805730680844471275051506006731851300824476975059046552919830390345510,0.49,0.51,0.5,0.02,105.76,105.76,390.37,110.07,110.07,457.94,6,6,
2026-08-14 02:23:53,812500,3407739,LoL: BNK FearX Youth vs HANJIN BRION Challengers - Game 1 Winner,map,1,2026-08-14 05:00:00,156.1,BNK FearX Youth,61663936455102720529851768719096966279739088515242859634351510053320021427857,0.59,0.6,0.595,0.01,799.05,4114.66,4800.94,941.41,2078.71,3529.21,34,31,2522.286383
2026-08-14 02:23:53,812500,3407739,LoL: BNK FearX Youth vs HANJIN BRION Challengers - Game 1 Winner,map,1,2026-08-14 05:00:00,156.1,HANJIN BRION Challengers,42234029726181362412603779948886866264430875684742909834436718516098761282889,0.4,0.41,0.405,0.01,606.27,1295.48,2089.12,566.07,3133.1,3715.02,31,34,2522.286383
2026-08-14 02:23:53,812500,3407740,LoL: BNK FearX Youth vs HANJIN BRION Challengers - Game 2 Winner,map,2,2026-08-14 05:00:00,156.1,BNK FearX Youth,107808309436641300893312675613018183409013019586056788222963388770887566279759,0.59,0.6,0.595,0.01,739.74,3467.6,4811.72,1063.45,2234.91,3278.06,32,29,2548.579067
2026-08-14 02:23:53,812500,3407740,LoL: BNK FearX Youth vs HANJIN BRION Challengers - Game 2 Winner,map,2,2026-08-14 05:00:00,156.1,HANJIN BRION Challengers,108190713726091544908980663096828147669429426515696290929034353759153855371872,0.4,0.41,0.405,0.01,689.69,1399.61,1970.14,526.38,2655.1,3775.3,29,32,2548.579067
2026-08-14 02:23:53,812500,3407741,LoL: BNK FearX Youth vs HANJIN BRION Challengers (BO3) - LCK Challengers League Rounds 3-4 Trial Group,series,,2026-08-14 05:00:00,156.1,BNK FearX Youth,4709157790055180552341123243460762988257059370615011807866571989785820996007,0.64,0.65,0.645,0.01,14144.83,15464.25,17702.55,13652.64,17163.98,18969.98,46,28,19968.509536000005
2026-08-14 02:23:53,812500,3407741,LoL: BNK FearX Youth vs HANJIN BRION Challengers (BO3) - LCK Challengers League Rounds 3-4 Trial Group,series,,2026-08-14 05:00:00,156.1,HANJIN BRION Challengers,78953976754099792644259899378966754561173836122361982355623147636345680203948,0.35,0.36,0.355,0.01,7312.17,8996.88,9770.88,8159.16,8992.11,10534.31,28,46,19968.509536000005
2026-08-14 02:23:53,812500,3407742,Games Total: O/U 2.5,total_games,,2026-08-14 05:00:00,156.1,Over,92276135268136739124520169377318113815189044479197789767602638268546461184061,0.46,0.47,0.465,0.01,506.84,1208.1,1778.85,225.66,832.5,1055.43,33,31,12460.124325
2026-08-14 02:23:53,812500,3407742,Games Total: O/U 2.5,total_games,,2026-08-14 05:00:00,156.1,Under,75172933509377648381665745794974452683403650699414327328586378058335219068050,0.53,0.54,0.535,0.01,253.53,872.85,1078.63,604.55,1523.75,2340.5,31,33,12460.124325
2026-08-14 02:23:53,812500,3407743,Game Handicap: FOX.Y (-1.5) vs HANJIN BRION Challengers (+1.5),handicap,,2026-08-14 05:00:00,156.1,BNK FearX Youth,28056190424496620422390413104090982910658404924761402830580049883862063899907,0.34,0.36,0.35,0.02,157.54,580.05,721.75,112.75,427.93,527.93,19,19,346.143332
2026-08-14 02:23:53,812500,3407743,Game Handicap: FOX.Y (-1.5) vs HANJIN BRION Challengers (+1.5),handicap,,2026-08-14 05:00:00,156.1,HANJIN BRION Challengers,83088721436173965622006440777948770695175995616684936722852600465292900831936,0.64,0.66,0.65,0.02,198.76,704.56,854.56,318.47,1242.24,1580.54,19,19,346.143332
2026-08-14 02:23:53,812500,3407744,Game 1: Both Teams Slay Baron Nashor?,prop,1,2026-08-14 05:00:00,156.1,Yes,100315910748355254837447175433844190501038481535618161174574469556825818591812,0.07,0.5,0.285,0.43,179.62,179.84,183.84,176.0,176.0,176.0,6,9,
2026-08-14 02:23:53,812500,3407744,Game 1: Both Teams Slay Baron Nashor?,prop,1,2026-08-14 05:00:00,156.1,No,76695919881543110155683999703013506106666117525109998233075735667065262555257,0.5,0.93,0.715,0.43,176.0,176.0,176.0,2805.36,2810.86,2973.53,9,6,
2026-08-14 02:23:53,812500,3407745,Game 1: Both Teams Slay a Dragon?,prop,1,2026-08-14 05:00:00,156.1,Yes,22528557460313114895491100701446185514083262707562640533159631804605832623758,0.5,0.79,0.645,0.29,176.0,176.0,176.0,662.09,662.09,729.29,9,7,
2026-08-14 02:23:53,812500,3407745,Game 1: Both Teams Slay a Dragon?,prop,1,2026-08-14 05:00:00,156.1,No,111719982073440494596637220557882732832342237008015925473728205120143084818142,0.21,0.5,0.355,0.29,176.0,176.0,188.8,176.0,176.0,176.0,7,9,
2026-08-14 02:23:53,812500,3407746,Game 1: Both Teams Destroy Inhibitors?,prop,1,2026-08-14 05:00:00,156.1,Yes,102015644364337373304958190412524133722067167548401185640506892992233253816221,0.06,0.48,0.27,0.42,2.74,180.74,183.32,50.43,226.43,226.43,6,10,
2026-08-14 02:23:53,812500,3407746,Game 1: Both Teams Destroy Inhibitors?,prop,1,2026-08-14 05:00:00,156.1,No,79051556571885796194539247443195689732745795285052036820979417847106397667601,0.52,0.94,0.73,0.42,52.65,228.65,228.65,50.59,4339.26,4575.58,10,6,
2026-08-14 02:23:53,812500,3407747,Game 1: Any Player Quadra Kill?,prop,1,2026-08-14 05:00:00,156.1,Yes,26710921275625404505056773265693662361876704590821399911826241301751673587149,0.08,0.48,0.28,0.4,177.85,177.85,179.85,50.43,226.43,226.43,5,10,
2026-08-14 02:23:53,812500,3407747,Game 1: Any Player Quadra Kill?,prop,1,2026-08-14 05:00:00,156.1,No,93968963195077369200919487637351234938964989272421779584427039793519294281254,0.52,0.92,0.72,0.4,52.65,228.65,228.65,2359.51,2359.51,2407.51,10,5,
2026-08-14 02:23:53,812500,3407748,Game 1: Any Player Penta Kill?,prop,1,2026-08-14 05:00:00,156.1,Yes,112894733441774993623126215114218924485095801202348585552578540782541586703397,0.01,0.49,0.25,0.48,176.05,176.05,176.05,187.31,187.31,187.31,1,9,
2026-08-14 02:23:53,812500,3407748,Game 1: Any Player Penta Kill?,prop,1,2026-08-14 05:00:00,156.1,No,91952076391574419055919837609434990335076390976729873485357740908976831871632,0.51,0.99,0.75,0.48,187.77,187.77,187.77,17428.95,17428.95,17428.95,9,1,
2026-08-14 02:23:53,812500,3407749,Game 1: Odd/Even Total Kills?,odd_even,1,2026-08-14 05:00:00,156.1,Odd,32848162093516195379139231796286054395603262109309254908226315237881396997000,0.49,0.51,0.5,0.02,131.66,143.64,428.25,138.13,152.19,500.06,14,14,
2026-08-14 02:23:53,812500,3407749,Game 1: Odd/Even Total Kills?,odd_even,1,2026-08-14 05:00:00,156.1,Even,55021576952347549260624848959361573180356957556440694582427231752311741888467,0.49,0.51,0.5,0.02,131.66,143.64,428.25,138.13,152.19,500.06,14,14,
2026-08-14 02:23:53,812500,3407750,Game 2: Both Teams Slay Baron Nashor?,prop,2,2026-08-14 05:00:00,156.1,Yes,97877118867019311861316666766462908864478753853178147427401515473268771239471,0.07,0.5,0.285,0.43,179.62,179.91,183.91,176.0,176.0,176.0,6,9,
2026-08-14 02:23:53,812500,3407750,Game 2: Both Teams Slay Baron Nashor?,prop,2,2026-08-14 05:00:00,156.1,No,101719955781485808478825279041139319336382429106729864175832223089426518525915,0.5,0.93,0.715,0.43,176.0,176.0,176.0,2805.37,2812.51,2975.18,9,6,
2026-08-14 02:23:53,812500,3407751,Game 2: Both Teams Slay a Dragon?,prop,2,2026-08-14 05:00:00,156.1,Yes,47297680764440435034908332421262931037459217405696163811547313651467330170718,0.5,0.79,0.645,0.29,176.0,176.0,176.0,662.09,662.09,729.29,9,7,
2026-08-14 02:23:53,812500,3407751,Game 2: Both Teams Slay a Dragon?,prop,2,2026-08-14 05:00:00,156.1,No,23989265404590266695157366851083201637045652483925584723159543825808201424379,0.21,0.5,0.355,0.29,176.0,176.0,188.8,176.0,176.0,176.0,7,9,
2026-08-14 02:23:53,812500,3407752,Game 2: Both Teams Destroy Inhibitors?,prop,2,2026-08-14 05:00:00,156.1,Yes,36118710167082995409349519645958671600314701568827679019948470339439596629305,0.06,0.5,0.28,0.44,2.71,180.92,183.32,176.0,176.0,176.0,6,9,
2026-08-14 02:23:53,812500,3407752,Game 2: Both Teams Destroy Inhibitors?,prop,2,2026-08-14 05:00:00,156.1,No,22051017317047635342500083586640641278478909574563877304072568978735527884807,0.5,0.94,0.72,0.44,176.0,176.0,176.0,50.2,4343.82,4568.96,9,6,
2026-08-14 02:23:53,812500,3407753,Game 2: Any Player Quadra Kill?,prop,2,2026-08-14 05:00:00,156.1,Yes,58807234942451841241022433088812455930302780501410971969865241860350913908259,0.08,0.48,0.28,0.4,177.85,177.85,179.85,50.43,226.43,226.43,5,10,
2026-08-14 02:23:53,812500,3407753,Game 2: Any Player Quadra Kill?,prop,2,2026-08-14 05:00:00,156.1,No,67610973198289160033085562258079641623102165084127740059987302312234651513258,0.52,0.92,0.72,0.4,52.65,228.65,228.65,2359.51,2359.51,2407.51,10,5,
2026-08-14 02:23:53,812500,3407754,Game 2: Any Player Penta Kill?,prop,2,2026-08-14 05:00:00,156.1,Yes,64636778969528768893935901549188989277569900524229601745022333725042773975659,0.01,0.49,0.25,0.48,176.05,176.05,176.05,187.31,187.31,187.31,1,9,
2026-08-14 02:23:53,812500,3407754,Game 2: Any Player Penta Kill?,prop,2,2026-08-14 05:00:00,156.1,No,24637814849118864058445072991262267792789278042574602351517704206601256691646,0.51,0.99,0.75,0.48,187.77,187.77,187.77,17428.95,17428.95,17428.95,9,1,
2026-08-14 02:23:53,812500,3407755,Game 2: Odd/Even Total Kills?,odd_even,2,2026-08-14 05:00:00,156.1,Odd,89132671465319801984196745843834846416244136716772814394593698925920785988347,0.49,0.51,0.5,0.02,131.66,131.66,416.27,110.07,110.07,457.94,13,12,
2026-08-14 02:23:53,812500,3407755,Game 2: Odd/Even Total Kills?,odd_even,2,2026-08-14 05:00:00,156.1,Even,23772193768728815416979274790047390098007350518635703771944232234280869494479,0.49,0.51,0.5,0.02,105.76,105.76,390.37,138.13,138.13,486.0,12,13,
2026-08-14 02:23:53,812500,3407756,Game 3: Both Teams Slay Baron Nashor?,prop,3,2026-08-14 05:00:00,156.1,Yes,24551762467780504210757017514656860109633869494113144703849068703959601268673,0.07,0.99,0.53,0.92,178.02,178.29,182.29,99.99,99.99,99.99,6,1,
2026-08-14 02:23:53,812500,3407756,Game 3: Both Teams Slay Baron Nashor?,prop,3,2026-08-14 05:00:00,156.1,No,92102471374974848250230863328435931811182626128088800904066639574937320815337,0.01,0.93,0.47,0.92,1.01,1.01,1.01,2784.14,2790.66,2953.33,1,6,
2026-08-14 02:23:53,812500,3407757,Game 3: Both Teams Slay a Dragon?,prop,3,2026-08-14 05:00:00,156.1,Yes,105094231123555274880570448823486931970030904367641419451399134893231939244446,0.01,0.76,0.385,0.75,1.01,1.01,1.01,23.56,742.11,742.11,1,9,
2026-08-14 02:23:53,812500,3407757,Game 3: Both Teams Slay a Dragon?,prop,3,2026-08-14 05:00:00,156.1,No,109014455888086068752688760252979925952031440819867195106974328993910223862769,0.24,0.99,0.615,0.75,7.14,199.06,199.06,99.98,99.98,99.98,9,1,
2026-08-14 02:23:53,812500,3407758,Game 3: Both Teams Destroy Inhibitors?,prop,3,2026-08-14 05:00:00,156.1,Yes,11499728086856774147918517498478056991605051727557688632058241656568015942179,0.06,0.99,0.525,0.93,1.59,179.59,182.16,99.99,99.99,99.99,6,1,
2026-08-14 02:23:53,812500,3407758,Game 3: Both Teams Destroy Inhibitors?,prop,3,2026-08-14 05:00:00,156.1,No,71331753933838756945698401235301506856154222385900681314053669927744665300268,0.01,0.94,0.475,0.93,1.01,1.01,1.01,28.78,4317.45,4551.74,1,6,
2026-08-14 02:23:53,812500,3407759,Game 3: Any Player Quadra Kill?,prop,3,2026-08-14 05:00:00,156.1,Yes,47421305575153937544146820599736168513827203673828466756713059966501144155809,0.08,0.99,0.535,0.91,177.85,177.85,179.85,4.95,4.95,4.95,5,1,
2026-08-14 02:23:53,812500,3407759,Game 3: Any Player Quadra Kill?,prop,3,2026-08-14 05:00:00,156.1,No,5552884444941479301335256995977407725017527851202209555956852640959352319922,0.01,0.92,0.465,0.91,0.05,0.05,0.05,2359.51,2359.51,2407.51,1,5,
2026-08-14 02:23:53,812500,3407760,Game 3: Any Player Penta Kill?,prop,3,2026-08-14 05:00:00,156.1,Yes,102996765780386697047720186968511898643728347582999249513342982330729739171052,0.01,0.99,0.5,0.98,176.05,176.05,176.05,4.95,4.95,4.95,1,1,
2026-08-14 02:23:53,812500,3407760,Game 3: Any Player Penta Kill?,prop,3,2026-08-14 05:00:00,156.1,No,42319548810746199058964111262747327533525346884991531332840418409971882446366,0.01,0.99,0.5,0.98,0.05,0.05,0.05,17428.95,17428.95,17428.95,1,1,
2026-08-14 02:23:53,812500,3407761,Game 3: Odd/Even Total Kills?,odd_even,3,2026-08-14 05:00:00,156.1,Odd,32753689779373724055024054576187425028926857048917614701853851903254710657703,0.49,0.51,0.5,0.02,131.66,143.64,428.25,138.13,152.19,500.06,14,14,
2026-08-14 02:23:53,812500,3407761,Game 3: Odd/Even Total Kills?,odd_even,3,2026-08-14 05:00:00,156.1,Even,89209463628517423703665674201516273330810059098694242442514499005623124181252,0.49,0.51,0.5,0.02,131.66,143.64,428.25,138.13,152.19,500.06,14,14,
2026-08-14 02:23:53,826070,3477050,LoL: NRG Esports vs Contingent Esports - Game 1 Winner,map,1,2026-08-14 03:00:00,36.1,NRG Esports,80814790902632668004539328994746617014614315928060173257015852122406695311005,0.8,0.81,0.805,0.01,924.61,1772.76,5146.26,1023.98,4633.3,5511.89,15,13,367.074342
2026-08-14 02:23:53,826070,3477050,LoL: NRG Esports vs Contingent Esports - Game 1 Winner,map,1,2026-08-14 03:00:00,36.1,Contingent Esports,107651310737272584966890037363108476219576749219700416899862916279592660232089,0.19,0.2,0.195,0.01,226.79,926.18,1069.21,245.27,487.29,1611.79,13,15,367.074342
2026-08-14 02:23:53,826070,3477051,LoL: NRG Esports vs Contingent Esports - Game 2 Winner,map,2,2026-08-14 03:00:00,36.1,NRG Esports,7118869453742291045797317815564893062933350229077106358535601493893500087591,0.8,0.81,0.805,0.01,1431.4,2424.72,2424.72,1529.48,4135.22,5123.36,13,11,
2026-08-14 02:23:53,826070,3477051,LoL: NRG Esports vs Contingent Esports - Game 2 Winner,map,2,2026-08-14 03:00:00,36.1,Contingent Esports,108002125035495150522720856231525573531669999272447427854984681030770827642415,0.19,0.2,0.195,0.01,345.77,848.76,1009.62,378.33,659.88,659.88,11,13,
2026-08-14 02:23:53,826070,3477052,LoL: NRG Esports vs Contingent Esports (BO3) - North American Challengers League Group Stage,series,,2026-08-14 03:00:00,36.1,NRG Esports,43038352639417355691707647173859018730749533391426346756399874481168166294619,0.87,0.88,0.875,0.01,1480.05,2810.9,3507.1,3585.04,5246.22,16362.27,53,12,5676.0691449999995
2026-08-14 02:23:53,826070,3477052,LoL: NRG Esports vs Contingent Esports (BO3) - North American Challengers League Group Stage,series,,2026-08-14 03:00:00,36.1,Contingent Esports,84678973437664474131672312186325078675557922490434064743358042746648544685152,0.12,0.13,0.125,0.01,461.46,644.18,1511.57,234.96,475.11,617.71,12,53,5676.0691449999995
2026-08-14 02:23:53,826070,3477053,Games Total: O/U 2.5,total_games,,2026-08-14 03:00:00,36.1,Over,55750592239967941703301064844243535772993617325443398709488185293476935877531,0.28,0.29,0.285,0.01,290.44,942.77,1011.77,339.22,478.56,493.08,17,36,5020.485024
2026-08-14 02:23:53,826070,3477053,Games Total: O/U 2.5,total_games,,2026-08-14 03:00:00,36.1,Under,82152669265463547990220171689636558584137366588986322786820150257732179196557,0.71,0.72,0.715,0.01,818.18,1115.67,1145.15,748.71,2702.26,2933.26,36,17,5020.485024
2026-08-14 02:23:53,826070,3477054,Game Handicap: NRG (-1.5) vs Contingent Esports (+1.5),handicap,,2026-08-14 03:00:00,36.1,NRG Esports,95412707328160076383234584804646983201601033147527050227749727111466216606486,0.67,0.7,0.685,0.03,1193.97,4202.29,5015.19,3.5,76.5,151.5,30,18,10584.886655999999
2026-08-14 02:23:53,826070,3477054,Game Handicap: NRG (-1.5) vs Contingent Esports (+1.5),handicap,,2026-08-14 03:00:00,36.1,Contingent Esports,79376817134124206774201685278379459810679800756916708410468012280981017893764,0.3,0.33,0.315,0.03,1.5,28.5,53.5,613.45,2295.55,2772.97,18,30,10584.886655999999
2026-08-14 02:23:53,826070,3477055,Game 1: Both Teams Slay Baron Nashor?,prop,1,2026-08-14 03:00:00,36.1,Yes,87681573095327547420633314226806041000149028170713311037612514061710912723742,0.01,0.99,0.5,0.98,0.96,0.96,0.96,95.04,95.04,95.04,1,1,
2026-08-14 02:23:53,826070,3477055,Game 1: Both Teams Slay Baron Nashor?,prop,1,2026-08-14 03:00:00,36.1,No,69312485936334009045325800311715558032922672642482501491119421898458006349825,0.01,0.99,0.5,0.98,0.96,0.96,0.96,95.04,95.04,95.04,1,1,
2026-08-14 02:23:53,826070,3477056,Game 1: Both Teams Slay a Dragon?,prop,1,2026-08-14 03:00:00,36.1,Yes,83805735251597132117951173378137346357296339870381814266398461580520007861517,0.25,0.99,0.62,0.74,82.77,82.77,82.77,95.03,95.03,95.03,3,1,
2026-08-14 02:23:53,826070,3477056,Game 1: Both Teams Slay a Dragon?,prop,1,2026-08-14 03:00:00,36.1,No,24156205806670798372110555621724125417579911628083855143977773542489628788926,0.01,0.75,0.38,0.74,0.96,0.96,0.96,260.31,260.31,260.31,1,3,
2026-08-14 02:23:53,826070,3477057,Game 1: Both Teams Destroy Inhibitors?,prop,1,2026-08-14 03:00:00,36.1,Yes,70847180670013690410054498405126312924929675515172003776071312263632441945977,0.01,0.99,0.5,0.98,0.94,0.94,0.94,95.04,95.04,95.04,1,1,
2026-08-14 02:23:53,826070,3477057,Game 1: Both Teams Destroy Inhibitors?,prop,1,2026-08-14 03:00:00,36.1,No,15552457357105246680088345561853174847839914230111380560590702628300617170166,0.01,0.99,0.5,0.98,0.96,0.96,0.96,92.81,92.81,92.81,1,1,
2026-08-14 02:23:53,826070,3477058,Game 1: Any Player Quadra Kill?,prop,1,2026-08-14 03:00:00,36.1,Yes,90611949896330126489333584640484616670727390063723860281928013878403906065721,,,,,0.0,0.0,0.0,0.0,0.0,0.0,0,0,
2026-08-14 02:23:53,826070,3477058,Game 1: Any Player Quadra Kill?,prop,1,2026-08-14 03:00:00,36.1,No,30801089695626298578988776831063320516250144642136439806183847895839275854811,,,,,0.0,0.0,0.0,0.0,0.0,0.0,0,0,
2026-08-14 02:23:53,826070,3477059,Game 1: Any Player Penta Kill?,prop,1,2026-08-14 03:00:00,36.1,Yes,48229925814520007661244111895915992051489252573972834651743984793002069701817,,0.4,,,0.0,0.0,0.0,2.0,2.0,2.0,0,1,
2026-08-14 02:23:53,826070,3477059,Game 1: Any Player Penta Kill?,prop,1,2026-08-14 03:00:00,36.1,No,9305314826584013047090950141969451002924314918612350007363467585821240369066,0.6,,,,3.0,3.0,3.0,0.0,0.0,0.0,1,0,
2026-08-14 02:23:53,826070,3477061,Game 1: Odd/Even Total Kills?,odd_even,1,2026-08-14 03:00:00,36.1,Odd,32494922393258859963201856101328517997010549162018639697250819883519722049068,0.49,0.51,0.5,0.02,7.76,7.76,7.76,8.07,8.07,8.07,4,2,
2026-08-14 02:23:53,826070,3477061,Game 1: Odd/Even Total Kills?,odd_even,1,2026-08-14 03:00:00,36.1,Even,112834540130252099583593253928265938091790513484363299374731806537792656031528,0.49,0.51,0.5,0.02,7.76,7.76,7.76,8.07,8.07,8.07,2,4,
2026-08-14 02:23:53,826070,3477062,Game 2: Both Teams Slay Baron Nashor?,prop,2,2026-08-14 03:00:00,36.1,Yes,55753683192199022612671704126737811310328029678442412170950072602131054587210,0.01,0.99,0.5,0.98,0.96,0.96,0.96,95.04,95.04,95.04,1,1,
2026-08-14 02:23:53,826070,3477062,Game 2: Both Teams Slay Baron Nashor?,prop,2,2026-08-14 03:00:00,36.1,No,55937094852319737792850165512480430449747853756905259274031753275691368112975,0.01,0.99,0.5,0.98,0.96,0.96,0.96,95.04,95.04,95.04,1,1,
2026-08-14 02:23:53,826070,3477063,Game 2: Both Teams Slay a Dragon?,prop,2,2026-08-14 03:00:00,36.1,Yes,48623647428517517453611058807537447198598988098824330225032342676302728625012,0.01,0.99,0.5,0.98,0.96,0.96,0.96,95.04,95.04,95.04,1,1,
2026-08-14 02:23:53,826070,3477063,Game 2: Both Teams Slay a Dragon?,prop,2,2026-08-14 03:00:00,36.1,No,42417195815488111081943362396002926413430486562906704641578354062740797580084,0.01,0.99,0.5,0.98,0.96,0.96,0.96,95.04,95.04,95.04,1,1,
2026-08-14 02:23:53,826070,3477064,Game 2: Both Teams Destroy Inhibitors?,prop,2,2026-08-14 03:00:00,36.1,Yes,23628154900252164597588937639111773709699026601186386386168618417735820690106,0.83,0.85,0.84,0.02,41.5,126.0,157.6,525.51,1180.51,1180.51,9,7,536.510966
2026-08-14 02:23:53,826070,3477064,Game 2: Both Teams Destroy Inhibitors?,prop,2,2026-08-14 03:00:00,36.1,No,85739117623916471191019361815038085504519438797717701017619191765882696246759,0.15,0.17,0.16,0.02,86.38,181.38,181.38,8.5,29.0,37.4,7,9,536.510966
2026-08-14 02:23:53,826070,3477065,Game 2: Any Player Quadra Kill?,prop,2,2026-08-14 03:00:00,36.1,Yes,53208917334913900389630971292939370679251910829672144758009133122161611227896,,,,,0.0,0.0,0.0,0.0,0.0,0.0,0,0,
2026-08-14 02:23:53,826070,3477065,Game 2: Any Player Quadra Kill?,prop,2,2026-08-14 03:00:00,36.1,No,91070975633974495708697307701836756019763571915749676034097536234325782029896,,,,,0.0,0.0,0.0,0.0,0.0,0.0,0,0,
2026-08-14 02:23:53,826070,3477066,Game 2: Any Player Penta Kill?,prop,2,2026-08-14 03:00:00,36.1,Yes,41553921922748035091195286700334837861150809022270611498614461149967485676553,,,,,0.0,0.0,0.0,0.0,0.0,0.0,0,0,
2026-08-14 02:23:53,826070,3477066,Game 2: Any Player Penta Kill?,prop,2,2026-08-14 03:00:00,36.1,No,72372963262572990351948387093307185909935364431157003295642971589164020329307,,,,,0.0,0.0,0.0,0.0,0.0,0.0,0,0,
2026-08-14 02:23:53,826070,3477067,Game 2: Odd/Even Total Kills?,odd_even,2,2026-08-14 03:00:00,36.1,Odd,51682527872121142820533720760874357541341917877241650283064345652015294503432,0.49,0.51,0.5,0.02,7.76,7.76,7.76,8.07,8.07,8.07,3,3,
2026-08-14 02:23:53,826070,3477067,Game 2: Odd/Even Total Kills?,odd_even,2,2026-08-14 03:00:00,36.1,Even,52462070156083218163210891161506391469503363975012872173381524279777415671009,0.49,0.51,0.5,0.02,7.76,7.76,7.76,8.07,8.07,8.07,3,3,
2026-08-14 02:23:53,826070,3477068,Game 3: Both Teams Slay Baron Nashor?,prop,3,2026-08-14 03:00:00,36.1,Yes,87723048023863233229072489576988122495348581581883475764155604685715254995143,0.01,0.99,0.5,0.98,0.96,0.96,0.96,95.04,95.04,95.04,1,1,
2026-08-14 02:23:53,826070,3477068,Game 3: Both Teams Slay Baron Nashor?,prop,3,2026-08-14 03:00:00,36.1,No,50989255824497521540482389727045524148886656006776316809093754627968185524154,0.01,0.99,0.5,0.98,0.96,0.96,0.96,95.04,95.04,95.04,1,1,
2026-08-14 02:23:53,826070,3477069,Game 3: Both Teams Slay a Dragon?,prop,3,2026-08-14 03:00:00,36.1,Yes,31894618867354587726609743791628570681781025713790850110963430187452605983542,0.01,0.99,0.5,0.98,0.96,0.96,0.96,95.04,95.04,95.04,1,1,
2026-08-14 02:23:53,826070,3477069,Game 3: Both Teams Slay a Dragon?,prop,3,2026-08-14 03:00:00,36.1,No,102454578646280162427313029106444653546026394152408180005140046057337729562773,0.01,0.99,0.5,0.98,0.96,0.96,0.96,95.04,95.04,95.04,1,1,
2026-08-14 02:23:53,826070,3477070,Game 3: Both Teams Destroy Inhibitors?,prop,3,2026-08-14 03:00:00,36.1,Yes,37140353425416026858198430022763744658491197274004779834832527078807411250706,0.02,0.99,0.505,0.97,0.94,0.94,0.94,95.04,95.04,95.04,2,1,
2026-08-14 02:23:53,826070,3477070,Game 3: Both Teams Destroy Inhibitors?,prop,3,2026-08-14 03:00:00,36.1,No,81160108446775656753351553464289021811897715068601840646033017734259696288239,0.01,0.98,0.495,0.97,0.96,0.96,0.96,54.23,54.23,54.23,1,2,
2026-08-14 02:23:53,826070,3477071,Game 3: Any Player Quadra Kill?,prop,3,2026-08-14 03:00:00,36.1,Yes,98730301607993226617635192895346323156884766053134987563113989760237051075734,,,,,0.0,0.0,0.0,0.0,0.0,0.0,0,0,
2026-08-14 02:23:53,826070,3477071,Game 3: Any Player Quadra Kill?,prop,3,2026-08-14 03:00:00,36.1,No,47636245891328174531136161073693506541960443755198252563254227701534011303241,,,,,0.0,0.0,0.0,0.0,0.0,0.0,0,0,
2026-08-14 02:23:53,826070,3477072,Game 3: Any Player Penta Kill?,prop,3,2026-08-14 03:00:00,36.1,Yes,36582442770858592965786294186284019287317276526405187098158230226204042128980,,,,,0.0,0.0,0.0,0.0,0.0,0.0,0,0,
2026-08-14 02:23:53,826070,3477072,Game 3: Any Player Penta Kill?,prop,3,2026-08-14 03:00:00,36.1,No,72354692448307767435386725107072578807273666862716740697784668362154773401142,,,,,0.0,0.0,0.0,0.0,0.0,0.0,0,0,
2026-08-14 02:23:53,826070,3477073,Game 3: Odd/Even Total Kills?,odd_even,3,2026-08-14 03:00:00,36.1,Odd,17265110502119578793708135589809973427915605037445313419433454040796130326698,0.49,0.51,0.5,0.02,7.76,7.76,7.76,8.07,8.07,8.07,3,3,
2026-08-14 02:23:53,826070,3477073,Game 3: Odd/Even Total Kills?,odd_even,3,2026-08-14 03:00:00,36.1,Even,1107446221436908324166515020190090286245833902787500387186505680943047252583,0.49,0.51,0.5,0.02,7.76,7.76,7.76,8.07,8.07,8.07,3,3,
2026-08-14 02:29:51,812499,3407716,LoL: T1 Academy vs Dplus KIA Challengers - Game 1 Winner,map,1,2026-08-14 03:00:00,30.1,T1 Academy,39734844495353304395398396140221540149305519357715269073311726294226019570550,0.6,0.61,0.605,0.01,10975.1,12860.95,15918.45,4719.28,9327.18,12445.27,19,21,348.826276
2026-08-14 02:29:51,812499,3407716,LoL: T1 Academy vs Dplus KIA Challengers - Game 1 Winner,map,1,2026-08-14 03:00:00,30.1,Dplus KIA Challengers,33269339650279858595555088093374570383524449579809902479647974050760364184259,0.39,0.4,0.395,0.01,2995.25,5614.75,7223.5,7604.23,9013.38,11505.88,21,19,348.826276
2026-08-14 02:29:51,812499,3407717,LoL: T1 Academy vs Dplus KIA Challengers - Game 2 Winner,map,2,2026-08-14 03:00:00,30.1,T1 Academy,65413134936637378696103480670341747188714493905423788592364522087047313278527,0.6,0.61,0.605,0.01,8861.95,11689.05,13458.33,2164.24,2874.16,3524.16,19,19,37.580242
2026-08-14 02:29:51,812499,3407717,LoL: T1 Academy vs Dplus KIA Challengers - Game 2 Winner,map,2,2026-08-14 03:00:00,30.1,Dplus KIA Challengers,109850116150453228098769636194777220136528900176432751128686947209537047715503,0.39,0.4,0.395,0.01,1355.67,1764.26,2114.26,6158.05,8240.95,9686.56,19,19,37.580242
2026-08-14 02:29:51,812499,3407718,LoL: T1 Academy vs Dplus KIA Challengers (BO3) - LCK Challengers League Rounds 3-4 Challenge Group,series,,2026-08-14 03:00:00,30.1,T1 Academy,29334009531926017999172713361554624736754304108781329166019313376852181532606,0.66,0.67,0.665,0.01,15278.9,16511.46,18430.06,15489.01,20397.22,20716.72,47,25,22793.567096000006
2026-08-14 02:29:51,812499,3407718,LoL: T1 Academy vs Dplus KIA Challengers (BO3) - LCK Challengers League Rounds 3-4 Challenge Group,series,,2026-08-14 03:00:00,30.1,Dplus KIA Challengers,86576119660677556215120793453634271480079124875691072264113236209109323222775,0.33,0.34,0.335,0.01,7568.62,9708.41,9838.91,7917.86,8622.54,9843.94,25,47,22793.567096000006
2026-08-14 02:29:51,812499,3407719,Games Total: O/U 2.5,total_games,,2026-08-14 03:00:00,30.1,Over,12254491551645605749999948566783532239763590860890971634914438946306484415625,0.47,0.48,0.475,0.01,59.09,244.83,646.08,1223.2,1533.17,1767.37,15,14,24.291665000000002
2026-08-14 02:29:51,812499,3407719,Games Total: O/U 2.5,total_games,,2026-08-14 03:00:00,30.1,Under,68717137278381026545457297595820702026186759179231499229342417358442267129224,0.52,0.53,0.525,0.01,1279.25,1581.17,1793.76,68.45,303.54,842.22,14,15,24.291665000000002
2026-08-14 02:29:51,812499,3407720,Game Handicap: T1.A (-1.5) vs Dplus KIA Challengers (+1.5),handicap,,2026-08-14 03:00:00,30.1,T1 Academy,112387528592292424930650532924576804503241362728004667616961247667692272312413,0.37,0.38,0.375,0.01,22.3,266.1,1190.55,646.56,1071.36,1071.36,14,15,720.61431
2026-08-14 02:29:51,812499,3407720,Game Handicap: T1.A (-1.5) vs Dplus KIA Challengers (+1.5),handicap,,2026-08-14 03:00:00,30.1,Dplus KIA Challengers,94189587113690720225125693998745295556487555508602796811274630370563126617623,0.62,0.63,0.625,0.01,1020.71,1645.27,1645.27,37.96,501.7,2425.52,15,14,720.61431
2026-08-14 02:29:51,812499,3407721,Game 1: Both Teams Slay Baron Nashor?,prop,1,2026-08-14 03:00:00,30.1,Yes,40069868393640809104786506776915751658534703452875290458511978206216443518807,0.02,0.99,0.505,0.97,1.01,1.01,1.01,99.99,99.99,99.99,2,1,
2026-08-14 02:29:51,812499,3407721,Game 1: Both Teams Slay Baron Nashor?,prop,1,2026-08-14 03:00:00,30.1,No,50608849903554909222219439429204277119215627374900112590959682663938465769933,0.01,0.98,0.495,0.97,1.01,1.01,1.01,60.48,60.48,60.48,1,2,
2026-08-14 02:29:51,812499,3407722,Game 1: Both Teams Slay a Dragon?,prop,1,2026-08-14 03:00:00,30.1,Yes,64687367087236276548065101683258903075752340820526093114401398914562723872435,0.01,0.99,0.5,0.98,1.01,1.01,1.01,99.99,99.99,99.99,1,1,
2026-08-14 02:29:51,812499,3407722,Game 1: Both Teams Slay a Dragon?,prop,1,2026-08-14 03:00:00,30.1,No,26917764894392864707600724979145293015616736651873463361668909405225770515800,0.01,0.99,0.5,0.98,1.01,1.01,1.01,99.99,99.99,99.99,1,1,
2026-08-14 02:29:51,812499,3407723,Game 1: Both Teams Destroy Inhibitors?,prop,1,2026-08-14 03:00:00,30.1,Yes,90909758418785757498339848282956469721252985181476774447367514416062374905071,0.01,0.99,0.5,0.98,0.99,0.99,0.99,99.99,99.99,99.99,1,1,
2026-08-14 02:29:51,812499,3407723,Game 1: Both Teams Destroy Inhibitors?,prop,1,2026-08-14 03:00:00,30.1,No,97306944816021298866960210528887417854859989203311809746657546857239695639465,0.01,0.99,0.5,0.98,1.01,1.01,1.01,97.76,97.76,97.76,1,1,
2026-08-14 02:29:51,812499,3407724,Game 1: Any Player Quadra Kill?,prop,1,2026-08-14 03:00:00,30.1,Yes,40480664112673814293878383496256759291306966101765432817155796609878716191611,0.01,0.99,0.5,0.98,0.05,0.05,0.05,4.95,4.95,4.95,1,1,
2026-08-14 02:29:51,812499,3407724,Game 1: Any Player Quadra Kill?,prop,1,2026-08-14 03:00:00,30.1,No,14076318087349160081892552307719855776657942293180940006992128639325104402095,0.01,0.99,0.5,0.98,0.05,0.05,0.05,4.95,4.95,4.95,1,1,
2026-08-14 02:29:51,812499,3407725,Game 1: Any Player Penta Kill?,prop,1,2026-08-14 03:00:00,30.1,Yes,83951240816212277150512877212327250889048265428194239222014223541148332980146,0.01,0.15,0.08,0.14,0.05,0.05,0.05,0.75,0.75,1.75,1,5,
2026-08-14 02:29:51,812499,3407725,Game 1: Any Player Penta Kill?,prop,1,2026-08-14 03:00:00,30.1,No,14552533511971407204042061068349266750490465725326712708556780935391488764747,0.85,0.99,0.92,0.14,4.25,4.25,8.25,4.95,4.95,4.95,5,1,
2026-08-14 02:29:51,812499,3407726,Game 1: Odd/Even Total Kills?,odd_even,1,2026-08-14 03:00:00,30.1,Odd,30008734824659626946333304876575234022448750432748410603007444659876904754544,0.49,0.51,0.5,0.02,98.0,98.0,98.0,102.0,102.0,102.0,4,4,
2026-08-14 02:29:51,812499,3407726,Game 1: Odd/Even Total Kills?,odd_even,1,2026-08-14 03:00:00,30.1,Even,99395084138140294423547521803551548703320007241030462665435762504531763643878,0.49,0.51,0.5,0.02,98.0,98.0,98.0,102.0,102.0,102.0,4,4,
2026-08-14 02:29:51,812499,3407727,Game 2: Both Teams Slay Baron Nashor?,prop,2,2026-08-14 03:00:00,30.1,Yes,58129688162656381793690234448367947337214519902641172243030953744164978549829,0.01,0.99,0.5,0.98,1.01,1.01,1.01,99.99,99.99,99.99,1,1,
2026-08-14 02:29:51,812499,3407727,Game 2: Both Teams Slay Baron Nashor?,prop,2,2026-08-14 03:00:00,30.1,No,37784282596358571641116459773582983188118603190781422145404475059195349143098,0.01,0.99,0.5,0.98,1.01,1.01,1.01,99.98,99.98,99.98,1,1,
2026-08-14 02:29:51,812499,3407728,Game 2: Both Teams Slay a Dragon?,prop,2,2026-08-14 03:00:00,30.1,Yes,67100635698749036243996596083856731930110083604846187832565784378462214356906,0.01,0.99,0.5,0.98,1.01,1.01,1.01,99.99,99.99,99.99,1,1,
2026-08-14 02:29:51,812499,3407728,Game 2: Both Teams Slay a Dragon?,prop,2,2026-08-14 03:00:00,30.1,No,42625504916961847735090009072914737766516948044519350934640603247822281703262,0.01,0.99,0.5,0.98,1.01,1.01,1.01,99.99,99.99,99.99,1,1,
2026-08-14 02:29:51,812499,3407729,Game 2: Both Teams Destroy Inhibitors?,prop,2,2026-08-14 03:00:00,30.1,Yes,40023438874668498144632750208657873382044520843447740625081184081555141180970,0.06,0.99,0.525,0.93,0.34,0.34,0.99,99.99,99.99,99.99,2,1,
2026-08-14 02:29:51,812499,3407729,Game 2: Both Teams Destroy Inhibitors?,prop,2,2026-08-14 03:00:00,30.1,No,484091212595295130994775780202175233930586477475167866439140463580364160749,0.01,0.94,0.475,0.93,1.01,1.01,1.01,5.26,5.26,69.76,1,2,
2026-08-14 02:29:51,812499,3407730,Game 2: Any Player Quadra Kill?,prop,2,2026-08-14 03:00:00,30.1,Yes,57512002909106302457374648538616826010950529161110952092924294330557738326260,0.01,0.99,0.5,0.98,0.05,0.05,0.05,4.95,4.95,4.95,1,1,
2026-08-14 02:29:51,812499,3407730,Game 2: Any Player Quadra Kill?,prop,2,2026-08-14 03:00:00,30.1,No,46528999239069913500878472010371195055074690848476631394902559060981264912902,0.01,0.99,0.5,0.98,0.05,0.05,0.05,4.95,4.95,4.95,1,1,
2026-08-14 02:29:51,812499,3407731,Game 2: Any Player Penta Kill?,prop,2,2026-08-14 03:00:00,30.1,Yes,10367002689217741199289369255672046887753394169252950796871025362076925359402,0.01,0.15,0.08,0.14,0.05,0.05,0.05,0.75,0.75,1.75,1,5,
2026-08-14 02:29:51,812499,3407731,Game 2: Any Player Penta Kill?,prop,2,2026-08-14 03:00:00,30.1,No,44629523316220057660997646176727280068477055828540480140172757604033758965591,0.85,0.99,0.92,0.14,4.25,4.25,8.25,4.95,4.95,4.95,5,1,
2026-08-14 02:29:51,812499,3407732,Game 2: Odd/Even Total Kills?,odd_even,2,2026-08-14 03:00:00,30.1,Odd,68118589223287351123746973139702260581892652876242555636600008179922666725119,0.49,0.51,0.5,0.02,98.0,98.0,98.0,102.0,102.0,102.0,3,3,
2026-08-14 02:29:51,812499,3407732,Game 2: Odd/Even Total Kills?,odd_even,2,2026-08-14 03:00:00,30.1,Even,11563884776145307024557473783891356249853220511404723988011218691689405038835,0.49,0.51,0.5,0.02,98.0,98.0,98.0,102.0,102.0,102.0,3,3,
2026-08-14 02:29:51,812499,3407733,Game 3: Both Teams Slay Baron Nashor?,prop,3,2026-08-14 03:00:00,30.1,Yes,15108330882199972065167953232972112332503134649241289853150575394305889536382,0.01,0.99,0.5,0.98,1.01,1.01,1.01,21.78,21.78,21.78,1,1,
2026-08-14 02:29:51,812499,3407733,Game 3: Both Teams Slay Baron Nashor?,prop,3,2026-08-14 03:00:00,30.1,No,11583353539019187263341757865616242101793514605533674611840543623085353915285,0.01,0.99,0.5,0.98,0.22,0.22,0.22,99.99,99.99,99.99,1,1,
2026-08-14 02:29:51,812499,3407734,Game 3: Both Teams Slay a Dragon?,prop,3,2026-08-14 03:00:00,30.1,Yes,86518706067459875316993377887665484784139398669990316039811150778003477248591,0.01,0.99,0.5,0.98,1.01,1.01,1.01,99.99,99.99,99.99,1,1,
2026-08-14 02:29:51,812499,3407734,Game 3: Both Teams Slay a Dragon?,prop,3,2026-08-14 03:00:00,30.1,No,6330268134995515899876922471865852432628309512536344065282936223963491226645,0.01,0.99,0.5,0.98,1.01,1.01,1.01,99.99,99.99,99.99,1,1,
2026-08-14 02:29:51,812499,3407735,Game 3: Both Teams Destroy Inhibitors?,prop,3,2026-08-14 03:00:00,30.1,Yes,46778385251335632815107295958228684502257914370849295054583406222456702799534,0.06,0.99,0.525,0.93,0.49,0.49,0.93,99.99,99.99,99.99,2,1,
2026-08-14 02:29:51,812499,3407735,Game 3: Both Teams Destroy Inhibitors?,prop,3,2026-08-14 03:00:00,30.1,No,17022380444954140080106111683131141599196325846984987422687868734754056013796,0.01,0.94,0.475,0.93,1.01,1.01,1.01,7.63,7.63,51.93,1,2,
2026-08-14 02:29:51,812499,3407736,Game 3: Any Player Quadra Kill?,prop,3,2026-08-14 03:00:00,30.1,Yes,89300494282854674899062293591156319703727387411768815627804385407768809680929,0.01,0.99,0.5,0.98,0.05,0.05,0.05,4.95,4.95,4.95,1,1,
2026-08-14 02:29:51,812499,3407736,Game 3: Any Player Quadra Kill?,prop,3,2026-08-14 03:00:00,30.1,No,114001328052018071192312018162667158102721309900817212379891076054206240411645,0.01,0.99,0.5,0.98,0.05,0.05,0.05,4.95,4.95,4.95,1,1,
2026-08-14 02:29:51,812499,3407737,Game 3: Any Player Penta Kill?,prop,3,2026-08-14 03:00:00,30.1,Yes,114930391155820671280932336596912874838796280776517417418481514020573563481141,0.01,0.99,0.5,0.98,0.05,0.05,0.05,4.95,4.95,4.95,1,1,
2026-08-14 02:29:51,812499,3407737,Game 3: Any Player Penta Kill?,prop,3,2026-08-14 03:00:00,30.1,No,25083949550735874000852664968153918873092872242306546089004263953312445332311,0.01,0.99,0.5,0.98,0.05,0.05,0.05,4.95,4.95,4.95,1,1,
2026-08-14 02:29:51,812499,3407738,Game 3: Odd/Even Total Kills?,odd_even,3,2026-08-14 03:00:00,30.1,Odd,55002932149693205039252313297704990705936164068114650496235005232232448118768,0.49,0.51,0.5,0.02,98.0,98.0,98.0,102.0,102.0,102.0,3,5,
2026-08-14 02:29:51,812499,3407738,Game 3: Odd/Even Total Kills?,odd_even,3,2026-08-14 03:00:00,30.1,Even,22731531805730680844471275051506006731851300824476975059046552919830390345510,0.49,0.51,0.5,0.02,98.0,98.0,98.0,102.0,102.0,102.0,5,3,
2026-08-14 02:29:51,812500,3407739,LoL: BNK FearX Youth vs HANJIN BRION Challengers - Game 1 Winner,map,1,2026-08-14 05:00:00,150.1,BNK FearX Youth,61663936455102720529851768719096966279739088515242859634351510053320021427857,0.59,0.6,0.595,0.01,796.15,4111.76,4826.74,231.41,2015.94,3792.47,31,29,2522.286383
2026-08-14 02:29:51,812500,3407739,LoL: BNK FearX Youth vs HANJIN BRION Challengers - Game 1 Winner,map,1,2026-08-14 05:00:00,150.1,HANJIN BRION Challengers,42234029726181362412603779948886866264430875684742909834436718516098761282889,0.4,0.41,0.405,0.01,149.27,1221.57,2196.94,563.97,3131.0,3737.37,29,31,2522.286383
2026-08-14 02:29:51,812500,3407740,LoL: BNK FearX Youth vs HANJIN BRION Challengers - Game 2 Winner,map,2,2026-08-14 05:00:00,150.1,BNK FearX Youth,107808309436641300893312675613018183409013019586056788222963388770887566279759,0.59,0.6,0.595,0.01,736.79,3419.05,4763.17,1063.45,2234.91,3278.06,32,29,2548.579067
2026-08-14 02:29:51,812500,3407740,LoL: BNK FearX Youth vs HANJIN BRION Challengers - Game 2 Winner,map,2,2026-08-14 05:00:00,150.1,HANJIN BRION Challengers,108190713726091544908980663096828147669429426515696290929034353759153855371872,0.4,0.41,0.405,0.01,689.69,1399.61,1970.14,524.33,2618.65,3738.85,29,32,2548.579067
2026-08-14 02:29:51,812500,3407741,LoL: BNK FearX Youth vs HANJIN BRION Challengers (BO3) - LCK Challengers League Rounds 3-4 Trial Group,series,,2026-08-14 05:00:00,150.1,BNK FearX Youth,4709157790055180552341123243460762988257059370615011807866571989785820996007,0.64,0.65,0.645,0.01,14172.63,15554.05,17792.35,13503.35,17005.18,18811.18,45,28,19968.509536000005
2026-08-14 02:29:51,812500,3407741,LoL: BNK FearX Youth vs HANJIN BRION Challengers (BO3) - LCK Challengers League Rounds 3-4 Trial Group,series,,2026-08-14 05:00:00,150.1,HANJIN BRION Challengers,78953976754099792644259899378966754561173836122361982355623147636345680203948,0.35,0.36,0.355,0.01,7232.41,8912.63,9686.63,8174.92,9045.87,10588.07,28,45,19968.509536000005
2026-08-14 02:29:51,812500,3407742,Games Total: O/U 2.5,total_games,,2026-08-14 05:00:00,150.1,Over,92276135268136739124520169377318113815189044479197789767602638268546461184061,0.46,0.47,0.465,0.01,506.84,1208.1,1778.85,200.24,807.08,1058.13,33,30,12460.124325
2026-08-14 02:29:51,812500,3407742,Games Total: O/U 2.5,total_games,,2026-08-14 05:00:00,150.1,Under,75172933509377648381665745794974452683403650699414327328586378058335219068050,0.53,0.54,0.535,0.01,224.87,844.19,1075.93,604.55,1523.75,2340.5,30,33,12460.124325
2026-08-14 02:29:51,812500,3407743,Game Handicap: FOX.Y (-1.5) vs HANJIN BRION Challengers (+1.5),handicap,,2026-08-14 05:00:00,150.1,BNK FearX Youth,28056190424496620422390413104090982910658404924761402830580049883862063899907,0.35,0.36,0.355,0.01,4.51,313.56,691.67,33.87,364.38,464.38,21,19,346.143332
2026-08-14 02:29:51,812500,3407743,Game Handicap: FOX.Y (-1.5) vs HANJIN BRION Challengers (+1.5),handicap,,2026-08-14 05:00:00,150.1,HANJIN BRION Challengers,83088721436173965622006440777948770695175995616684936722852600465292900831936,0.64,0.65,0.645,0.01,57.86,588.66,738.66,8.61,653.57,1508.14,19,21,346.143332
2026-08-14 02:29:51,812500,3407744,Game 1: Both Teams Slay Baron Nashor?,prop,1,2026-08-14 05:00:00,150.1,Yes,100315910748355254837447175433844190501038481535618161174574469556825818591812,0.07,0.5,0.285,0.43,176.38,176.61,180.61,176.0,176.0,176.0,6,9,
2026-08-14 02:29:51,812500,3407744,Game 1: Both Teams Slay Baron Nashor?,prop,1,2026-08-14 05:00:00,150.1,No,76695919881543110155683999703013506106666117525109998233075735667065262555257,0.5,0.93,0.715,0.43,176.0,176.0,176.0,2762.44,2767.93,2930.6,9,6,
2026-08-14 02:29:51,812500,3407745,Game 1: Both Teams Slay a Dragon?,prop,1,2026-08-14 05:00:00,150.1,Yes,22528557460313114895491100701446185514083262707562640533159631804605832623758,0.5,0.79,0.645,0.29,176.0,176.0,176.0,662.09,662.09,729.29,9,7,
2026-08-14 02:29:51,812500,3407745,Game 1: Both Teams Slay a Dragon?,prop,1,2026-08-14 05:00:00,150.1,No,111719982073440494596637220557882732832342237008015925473728205120143084818142,0.21,0.5,0.355,0.29,176.0,176.0,188.8,176.0,176.0,176.0,7,9,
2026-08-14 02:29:51,812500,3407746,Game 1: Both Teams Destroy Inhibitors?,prop,1,2026-08-14 05:00:00,150.1,Yes,102015644364337373304958190412524133722067167548401185640506892992233253816221,0.06,0.48,0.27,0.42,0.43,178.43,181.01,39.12,215.12,215.12,5,10,
2026-08-14 02:29:51,812500,3407746,Game 1: Both Teams Destroy Inhibitors?,prop,1,2026-08-14 05:00:00,150.1,No,79051556571885796194539247443195689732745795285052036820979417847106397667601,0.52,0.94,0.73,0.42,40.88,216.88,216.88,6.74,4295.41,4532.12,10,5,
2026-08-14 02:29:51,812500,3407747,Game 1: Any Player Quadra Kill?,prop,1,2026-08-14 05:00:00,150.1,Yes,26710921275625404505056773265693662361876704590821399911826241301751673587149,0.07,0.48,0.275,0.41,176.0,178.0,180.0,39.12,215.12,215.12,4,10,
2026-08-14 02:29:51,812500,3407747,Game 1: Any Player Quadra Kill?,prop,1,2026-08-14 05:00:00,150.1,No,93968963195077369200919487637351234938964989272421779584427039793519294281254,0.52,0.93,0.725,0.41,40.88,216.88,216.88,2338.28,2386.28,2484.28,10,4,
2026-08-14 02:29:51,812500,3407748,Game 1: Any Player Penta Kill?,prop,1,2026-08-14 05:00:00,150.1,Yes,112894733441774993623126215114218924485095801202348585552578540782541586703397,0.01,0.5,0.255,0.49,176.05,176.05,176.05,179.81,179.81,179.81,1,8,
2026-08-14 02:29:51,812500,3407748,Game 1: Any Player Penta Kill?,prop,1,2026-08-14 05:00:00,150.1,No,91952076391574419055919837609434990335076390976729873485357740908976831871632,0.5,0.99,0.745,0.49,179.81,179.81,179.81,17428.95,17428.95,17428.95,8,1,
2026-08-14 02:29:51,812500,3407749,Game 1: Odd/Even Total Kills?,odd_even,1,2026-08-14 05:00:00,150.1,Odd,32848162093516195379139231796286054395603262109309254908226315237881396997000,0.49,0.51,0.5,0.02,131.66,143.64,428.25,138.13,152.19,500.06,14,14,
2026-08-14 02:29:51,812500,3407749,Game 1: Odd/Even Total Kills?,odd_even,1,2026-08-14 05:00:00,150.1,Even,55021576952347549260624848959361573180356957556440694582427231752311741888467,0.49,0.51,0.5,0.02,131.66,143.64,428.25,138.13,152.19,500.06,14,14,
2026-08-14 02:29:51,812500,3407750,Game 2: Both Teams Slay Baron Nashor?,prop,2,2026-08-14 05:00:00,150.1,Yes,97877118867019311861316666766462908864478753853178147427401515473268771239471,0.07,0.5,0.285,0.43,176.38,176.68,180.68,176.0,176.0,176.0,6,9,
2026-08-14 02:29:51,812500,3407750,Game 2: Both Teams Slay Baron Nashor?,prop,2,2026-08-14 05:00:00,150.1,No,101719955781485808478825279041139319336382429106729864175832223089426518525915,0.5,0.93,0.715,0.43,176.0,176.0,176.0,2762.45,2769.58,2932.25,9,6,
2026-08-14 02:29:51,812500,3407751,Game 2: Both Teams Slay a Dragon?,prop,2,2026-08-14 05:00:00,150.1,Yes,47297680764440435034908332421262931037459217405696163811547313651467330170718,0.5,0.79,0.645,0.29,176.0,176.0,176.0,662.09,662.09,729.29,9,7,
2026-08-14 02:29:51,812500,3407751,Game 2: Both Teams Slay a Dragon?,prop,2,2026-08-14 05:00:00,150.1,No,23989265404590266695157366851083201637045652483925584723159543825808201424379,0.21,0.5,0.355,0.29,176.0,176.0,188.8,176.0,176.0,176.0,7,9,
2026-08-14 02:29:51,812500,3407752,Game 2: Both Teams Destroy Inhibitors?,prop,2,2026-08-14 05:00:00,150.1,Yes,36118710167082995409349519645958671600314701568827679019948470339439596629305,0.05,0.5,0.275,0.45,176.38,178.8,181.01,176.0,176.0,176.0,5,9,
2026-08-14 02:29:51,812500,3407752,Game 2: Both Teams Destroy Inhibitors?,prop,2,2026-08-14 05:00:00,150.1,No,22051017317047635342500083586640641278478909574563877304072568978735527884807,0.5,0.95,0.725,0.45,176.0,176.0,176.0,4231.26,4307.98,4526.6,9,5,
2026-08-14 02:29:51,812500,3407753,Game 2: Any Player Quadra Kill?,prop,2,2026-08-14 05:00:00,150.1,Yes,58807234942451841241022433088812455930302780501410971969865241860350913908259,0.07,0.48,0.275,0.41,176.0,178.0,180.0,39.12,215.12,215.12,4,10,
2026-08-14 02:29:51,812500,3407753,Game 2: Any Player Quadra Kill?,prop,2,2026-08-14 05:00:00,150.1,No,67610973198289160033085562258079641623102165084127740059987302312234651513258,0.52,0.93,0.725,0.41,40.88,216.88,216.88,2338.28,2386.28,2484.28,10,4,
2026-08-14 02:29:51,812500,3407754,Game 2: Any Player Penta Kill?,prop,2,2026-08-14 05:00:00,150.1,Yes,64636778969528768893935901549188989277569900524229601745022333725042773975659,0.01,0.5,0.255,0.49,176.05,176.05,176.05,179.81,179.81,179.81,1,8,
2026-08-14 02:29:51,812500,3407754,Game 2: Any Player Penta Kill?,prop,2,2026-08-14 05:00:00,150.1,No,24637814849118864058445072991262267792789278042574602351517704206601256691646,0.5,0.99,0.745,0.49,179.81,179.81,179.81,17428.95,17428.95,17428.95,8,1,
2026-08-14 02:29:51,812500,3407755,Game 2: Odd/Even Total Kills?,odd_even,2,2026-08-14 05:00:00,150.1,Odd,89132671465319801984196745843834846416244136716772814394593698925920785988347,0.49,0.51,0.5,0.02,131.66,131.66,416.27,110.07,110.07,457.94,13,12,
2026-08-14 02:29:51,812500,3407755,Game 2: Odd/Even Total Kills?,odd_even,2,2026-08-14 05:00:00,150.1,Even,23772193768728815416979274790047390098007350518635703771944232234280869494479,0.49,0.51,0.5,0.02,105.76,105.76,390.37,138.13,138.13,486.0,12,13,
2026-08-14 02:29:51,812500,3407756,Game 3: Both Teams Slay Baron Nashor?,prop,3,2026-08-14 05:00:00,150.1,Yes,24551762467780504210757017514656860109633869494113144703849068703959601268673,0.07,0.99,0.53,0.92,176.4,176.67,180.67,99.99,99.99,99.99,6,1,
2026-08-14 02:29:51,812500,3407756,Game 3: Both Teams Slay Baron Nashor?,prop,3,2026-08-14 05:00:00,150.1,No,92102471374974848250230863328435931811182626128088800904066639574937320815337,0.01,0.93,0.47,0.92,1.01,1.01,1.01,2762.68,2769.2,2931.87,1,6,
2026-08-14 02:29:51,812500,3407757,Game 3: Both Teams Slay a Dragon?,prop,3,2026-08-14 05:00:00,150.1,Yes,105094231123555274880570448823486931970030904367641419451399134893231939244446,0.01,0.76,0.385,0.75,1.01,1.01,1.01,5.79,724.34,724.34,1,8,
2026-08-14 02:29:51,812500,3407757,Game 3: Both Teams Slay a Dragon?,prop,3,2026-08-14 05:00:00,150.1,No,109014455888086068752688760252979925952031440819867195106974328993910223862769,0.24,0.99,0.615,0.75,1.83,193.75,193.75,99.98,99.98,99.98,8,1,
2026-08-14 02:29:51,812500,3407758,Game 3: Both Teams Destroy Inhibitors?,prop,3,2026-08-14 05:00:00,150.1,Yes,11499728086856774147918517498478056991605051727557688632058241656568015942179,0.05,0.99,0.52,0.94,176.51,178.84,181.01,99.99,99.99,99.99,5,1,
2026-08-14 02:29:51,812500,3407758,Game 3: Both Teams Destroy Inhibitors?,prop,3,2026-08-14 05:00:00,150.1,No,71331753933838756945698401235301506856154222385900681314053669927744665300268,0.01,0.95,0.48,0.94,1.01,1.01,1.01,4233.61,4314.89,4529.23,1,5,
2026-08-14 02:29:51,812500,3407759,Game 3: Any Player Quadra Kill?,prop,3,2026-08-14 05:00:00,150.1,Yes,47421305575153937544146820599736168513827203673828466756713059966501144155809,0.07,0.99,0.53,0.92,176.0,178.0,180.0,4.95,4.95,4.95,4,1,
2026-08-14 02:29:51,812500,3407759,Game 3: Any Player Quadra Kill?,prop,3,2026-08-14 05:00:00,150.1,No,5552884444941479301335256995977407725017527851202209555956852640959352319922,0.01,0.93,0.47,0.92,0.05,0.05,0.05,2338.28,2386.28,2484.28,1,4,
2026-08-14 02:29:51,812500,3407760,Game 3: Any Player Penta Kill?,prop,3,2026-08-14 05:00:00,150.1,Yes,102996765780386697047720186968511898643728347582999249513342982330729739171052,0.01,0.99,0.5,0.98,176.05,176.05,176.05,4.95,4.95,4.95,1,1,
2026-08-14 02:29:51,812500,3407760,Game 3: Any Player Penta Kill?,prop,3,2026-08-14 05:00:00,150.1,No,42319548810746199058964111262747327533525346884991531332840418409971882446366,0.01,0.99,0.5,0.98,0.05,0.05,0.05,17428.95,17428.95,17428.95,1,1,
2026-08-14 02:29:51,812500,3407761,Game 3: Odd/Even Total Kills?,odd_even,3,2026-08-14 05:00:00,150.1,Odd,32753689779373724055024054576187425028926857048917614701853851903254710657703,0.49,0.51,0.5,0.02,131.66,143.64,428.25,138.13,152.19,500.06,14,14,
2026-08-14 02:29:51,812500,3407761,Game 3: Odd/Even Total Kills?,odd_even,3,2026-08-14 05:00:00,150.1,Even,89209463628517423703665674201516273330810059098694242442514499005623124181252,0.49,0.51,0.5,0.02,131.66,143.64,428.25,138.13,152.19,500.06,14,14,
2026-08-14 02:29:51,826070,3477050,LoL: NRG Esports vs Contingent Esports - Game 1 Winner,map,1,2026-08-14 03:00:00,30.1,NRG Esports,80814790902632668004539328994746617014614315928060173257015852122406695311005,0.8,0.81,0.805,0.01,886.75,1734.9,5108.4,920.3,2496.0,5514.3,18,13,367.074342
2026-08-14 02:29:51,826070,3477050,LoL: NRG Esports vs Contingent Esports - Game 1 Winner,map,1,2026-08-14 03:00:00,30.1,Contingent Esports,107651310737272584966890037363108476219576749219700416899862916279592660232089,0.19,0.2,0.195,0.01,202.47,516.09,1038.45,235.21,477.23,1601.73,13,18,367.074342
2026-08-14 02:29:51,826070,3477051,LoL: NRG Esports vs Contingent Esports - Game 2 Winner,map,2,2026-08-14 03:00:00,30.1,NRG Esports,7118869453742291045797317815564893062933350229077106358535601493893500087591,0.8,0.81,0.805,0.01,1431.4,2424.72,2424.72,1484.92,2055.44,4372.6,20,9,
2026-08-14 02:29:51,826070,3477051,LoL: NRG Esports vs Contingent Esports - Game 2 Winner,map,2,2026-08-14 03:00:00,30.1,Contingent Esports,108002125035495150522720856231525573531669999272447427854984681030770827642415,0.19,0.2,0.195,0.01,334.33,450.29,859.2,378.33,659.88,659.88,9,20,
2026-08-14 02:29:51,826070,3477052,LoL: NRG Esports vs Contingent Esports (BO3) - North American Challengers League Group Stage,series,,2026-08-14 03:00:00,30.1,NRG Esports,43038352639417355691707647173859018730749533391426346756399874481168166294619,0.87,0.88,0.875,0.01,1450.8,2508.76,4100.27,3600.42,6877.3,12309.2,60,12,5676.0691449999995
2026-08-14 02:29:51,826070,3477052,LoL: NRG Esports vs Contingent Esports (BO3) - North American Challengers League Group Stage,series,,2026-08-14 03:00:00,30.1,Contingent Esports,84678973437664474131672312186325078675557922490434064743358042746648544685152,0.12,0.13,0.125,0.01,463.78,803.8,1245.14,230.59,418.77,756.78,12,60,5676.0691449999995
2026-08-14 02:29:51,826070,3477053,Games Total: O/U 2.5,total_games,,2026-08-14 03:00:00,30.1,Over,55750592239967941703301064844243535772993617325443398709488185293476935877531,0.28,0.29,0.285,0.01,50.4,403.71,702.1,228.35,367.69,501.52,14,35,5020.485024
2026-08-14 02:29:51,826070,3477053,Games Total: O/U 2.5,total_games,,2026-08-14 03:00:00,30.1,Under,82152669265463547990220171689636558584137366588986322786820150257732179196557,0.71,0.72,0.715,0.01,559.05,856.54,1117.61,132.75,1191.24,2136.18,35,14,5020.485024
2026-08-14 02:29:51,826070,3477054,Game Handicap: NRG (-1.5) vs Contingent Esports (+1.5),handicap,,2026-08-14 03:00:00,30.1,NRG Esports,95412707328160076383234584804646983201601033147527050227749727111466216606486,0.67,0.7,0.685,0.03,995.6,4401.52,4401.52,7.0,7.0,7.0,27,5,10584.886655999999
2026-08-14 02:29:51,826070,3477054,Game Handicap: NRG (-1.5) vs Contingent Esports (+1.5),handicap,,2026-08-14 03:00:00,30.1,Contingent Esports,79376817134124206774201685278379459810679800756916708410468012280981017893764,0.3,0.33,0.315,0.03,3.0,3.0,3.0,512.18,2428.0,2428.0,5,27,10584.886655999999
2026-08-14 02:29:51,826070,3477055,Game 1: Both Teams Slay Baron Nashor?,prop,1,2026-08-14 03:00:00,30.1,Yes,87681573095327547420633314226806041000149028170713311037612514061710912723742,0.01,0.99,0.5,0.98,0.96,0.96,0.96,95.04,95.04,95.04,1,1,
2026-08-14 02:29:51,826070,3477055,Game 1: Both Teams Slay Baron Nashor?,prop,1,2026-08-14 03:00:00,30.1,No,69312485936334009045325800311715558032922672642482501491119421898458006349825,0.01,0.99,0.5,0.98,0.96,0.96,0.96,95.04,95.04,95.04,1,1,
2026-08-14 02:29:51,826070,3477056,Game 1: Both Teams Slay a Dragon?,prop,1,2026-08-14 03:00:00,30.1,Yes,83805735251597132117951173378137346357296339870381814266398461580520007861517,0.24,0.99,0.615,0.75,72.0,72.0,72.0,95.03,95.03,95.03,2,1,
2026-08-14 02:29:51,826070,3477056,Game 1: Both Teams Slay a Dragon?,prop,1,2026-08-14 03:00:00,30.1,No,24156205806670798372110555621724125417579911628083855143977773542489628788926,0.01,0.76,0.385,0.75,0.96,0.96,0.96,228.0,228.0,228.0,1,2,
2026-08-14 02:29:51,826070,3477057,Game 1: Both Teams Destroy Inhibitors?,prop,1,2026-08-14 03:00:00,30.1,Yes,70847180670013690410054498405126312924929675515172003776071312263632441945977,0.01,0.99,0.5,0.98,0.94,0.94,0.94,95.04,95.04,95.04,1,1,
2026-08-14 02:29:51,826070,3477057,Game 1: Both Teams Destroy Inhibitors?,prop,1,2026-08-14 03:00:00,30.1,No,15552457357105246680088345561853174847839914230111380560590702628300617170166,0.01,0.99,0.5,0.98,0.96,0.96,0.96,92.81,92.81,92.81,1,1,
2026-08-14 02:29:51,826070,3477058,Game 1: Any Player Quadra Kill?,prop,1,2026-08-14 03:00:00,30.1,Yes,90611949896330126489333584640484616670727390063723860281928013878403906065721,,,,,0.0,0.0,0.0,0.0,0.0,0.0,0,0,
2026-08-14 02:29:51,826070,3477058,Game 1: Any Player Quadra Kill?,prop,1,2026-08-14 03:00:00,30.1,No,30801089695626298578988776831063320516250144642136439806183847895839275854811,,,,,0.0,0.0,0.0,0.0,0.0,0.0,0,0,
2026-08-14 02:29:51,826070,3477059,Game 1: Any Player Penta Kill?,prop,1,2026-08-14 03:00:00,30.1,Yes,48229925814520007661244111895915992051489252573972834651743984793002069701817,,0.4,,,0.0,0.0,0.0,2.0,2.0,2.0,0,1,
2026-08-14 02:29:51,826070,3477059,Game 1: Any Player Penta Kill?,prop,1,2026-08-14 03:00:00,30.1,No,9305314826584013047090950141969451002924314918612350007363467585821240369066,0.6,,,,3.0,3.0,3.0,0.0,0.0,0.0,1,0,
2026-08-14 02:29:51,826070,3477061,Game 1: Odd/Even Total Kills?,odd_even,1,2026-08-14 03:00:00,30.1,Odd,32494922393258859963201856101328517997010549162018639697250819883519722049068,0.01,0.99,0.5,0.98,0.96,0.96,0.96,95.04,95.04,95.04,1,1,
2026-08-14 02:29:51,826070,3477061,Game 1: Odd/Even Total Kills?,odd_even,1,2026-08-14 03:00:00,30.1,Even,112834540130252099583593253928265938091790513484363299374731806537792656031528,0.01,0.99,0.5,0.98,0.96,0.96,0.96,95.04,95.04,95.04,1,1,
2026-08-14 02:29:51,826070,3477062,Game 2: Both Teams Slay Baron Nashor?,prop,2,2026-08-14 03:00:00,30.1,Yes,55753683192199022612671704126737811310328029678442412170950072602131054587210,0.01,0.99,0.5,0.98,0.96,0.96,0.96,95.04,95.04,95.04,1,1,
2026-08-14 02:29:51,826070,3477062,Game 2: Both Teams Slay Baron Nashor?,prop,2,2026-08-14 03:00:00,30.1,No,55937094852319737792850165512480430449747853756905259274031753275691368112975,0.01,0.99,0.5,0.98,0.96,0.96,0.96,95.04,95.04,95.04,1,1,
2026-08-14 02:29:51,826070,3477063,Game 2: Both Teams Slay a Dragon?,prop,2,2026-08-14 03:00:00,30.1,Yes,48623647428517517453611058807537447198598988098824330225032342676302728625012,0.01,0.99,0.5,0.98,0.96,0.96,0.96,95.04,95.04,95.04,1,1,
2026-08-14 02:29:51,826070,3477063,Game 2: Both Teams Slay a Dragon?,prop,2,2026-08-14 03:00:00,30.1,No,42417195815488111081943362396002926413430486562906704641578354062740797580084,0.01,0.99,0.5,0.98,0.96,0.96,0.96,95.04,95.04,95.04,1,1,
2026-08-14 02:29:51,826070,3477064,Game 2: Both Teams Destroy Inhibitors?,prop,2,2026-08-14 03:00:00,30.1,Yes,23628154900252164597588937639111773709699026601186386386168618417735820690106,0.83,0.85,0.84,0.02,41.5,126.0,126.0,491.11,1146.11,1146.11,6,7,536.510966
2026-08-14 02:29:51,826070,3477064,Game 2: Both Teams Destroy Inhibitors?,prop,2,2026-08-14 03:00:00,30.1,No,85739117623916471191019361815038085504519438797717701017619191765882696246759,0.15,0.17,0.16,0.02,80.78,175.78,175.78,8.5,29.0,29.0,7,6,536.510966
2026-08-14 02:29:51,826070,3477065,Game 2: Any Player Quadra Kill?,prop,2,2026-08-14 03:00:00,30.1,Yes,53208917334913900389630971292939370679251910829672144758009133122161611227896,,,,,0.0,0.0,0.0,0.0,0.0,0.0,0,0,
2026-08-14 02:29:51,826070,3477065,Game 2: Any Player Quadra Kill?,prop,2,2026-08-14 03:00:00,30.1,No,91070975633974495708697307701836756019763571915749676034097536234325782029896,,,,,0.0,0.0,0.0,0.0,0.0,0.0,0,0,
2026-08-14 02:29:51,826070,3477066,Game 2: Any Player Penta Kill?,prop,2,2026-08-14 03:00:00,30.1,Yes,41553921922748035091195286700334837861150809022270611498614461149967485676553,,,,,0.0,0.0,0.0,0.0,0.0,0.0,0,0,
2026-08-14 02:29:51,826070,3477066,Game 2: Any Player Penta Kill?,prop,2,2026-08-14 03:00:00,30.1,No,72372963262572990351948387093307185909935364431157003295642971589164020329307,,,,,0.0,0.0,0.0,0.0,0.0,0.0,0,0,
2026-08-14 02:29:51,826070,3477067,Game 2: Odd/Even Total Kills?,odd_even,2,2026-08-14 03:00:00,30.1,Odd,51682527872121142820533720760874357541341917877241650283064345652015294503432,0.01,0.99,0.5,0.98,0.96,0.96,0.96,95.04,95.04,95.04,1,1,
2026-08-14 02:29:51,826070,3477067,Game 2: Odd/Even Total Kills?,odd_even,2,2026-08-14 03:00:00,30.1,Even,52462070156083218163210891161506391469503363975012872173381524279777415671009,0.01,0.99,0.5,0.98,0.96,0.96,0.96,95.04,95.04,95.04,1,1,
2026-08-14 02:29:51,826070,3477068,Game 3: Both Teams Slay Baron Nashor?,prop,3,2026-08-14 03:00:00,30.1,Yes,87723048023863233229072489576988122495348581581883475764155604685715254995143,0.01,0.99,0.5,0.98,0.96,0.96,0.96,95.04,95.04,95.04,1,1,
2026-08-14 02:29:51,826070,3477068,Game 3: Both Teams Slay Baron Nashor?,prop,3,2026-08-14 03:00:00,30.1,No,50989255824497521540482389727045524148886656006776316809093754627968185524154,0.01,0.99,0.5,0.98,0.96,0.96,0.96,95.04,95.04,95.04,1,1,
2026-08-14 02:29:51,826070,3477069,Game 3: Both Teams Slay a Dragon?,prop,3,2026-08-14 03:00:00,30.1,Yes,31894618867354587726609743791628570681781025713790850110963430187452605983542,0.01,0.99,0.5,0.98,0.96,0.96,0.96,95.04,95.04,95.04,1,1,
2026-08-14 02:29:51,826070,3477069,Game 3: Both Teams Slay a Dragon?,prop,3,2026-08-14 03:00:00,30.1,No,102454578646280162427313029106444653546026394152408180005140046057337729562773,0.01,0.99,0.5,0.98,0.96,0.96,0.96,95.04,95.04,95.04,1,1,
2026-08-14 02:29:51,826070,3477070,Game 3: Both Teams Destroy Inhibitors?,prop,3,2026-08-14 03:00:00,30.1,Yes,37140353425416026858198430022763744658491197274004779834832527078807411250706,0.01,0.99,0.5,0.98,0.94,0.94,0.94,95.04,95.04,95.04,1,1,
2026-08-14 02:29:51,826070,3477070,Game 3: Both Teams Destroy Inhibitors?,prop,3,2026-08-14 03:00:00,30.1,No,81160108446775656753351553464289021811897715068601840646033017734259696288239,0.01,0.99,0.5,0.98,0.96,0.96,0.96,92.81,92.81,92.81,1,1,
2026-08-14 02:29:51,826070,3477071,Game 3: Any Player Quadra Kill?,prop,3,2026-08-14 03:00:00,30.1,Yes,98730301607993226617635192895346323156884766053134987563113989760237051075734,,,,,0.0,0.0,0.0,0.0,0.0,0.0,0,0,
2026-08-14 02:29:51,826070,3477071,Game 3: Any Player Quadra Kill?,prop,3,2026-08-14 03:00:00,30.1,No,47636245891328174531136161073693506541960443755198252563254227701534011303241,,,,,0.0,0.0,0.0,0.0,0.0,0.0,0,0,
2026-08-14 02:29:51,826070,3477072,Game 3: Any Player Penta Kill?,prop,3,2026-08-14 03:00:00,30.1,Yes,36582442770858592965786294186284019287317276526405187098158230226204042128980,,,,,0.0,0.0,0.0,0.0,0.0,0.0,0,0,
2026-08-14 02:29:51,826070,3477072,Game 3: Any Player Penta Kill?,prop,3,2026-08-14 03:00:00,30.1,No,72354692448307767435386725107072578807273666862716740697784668362154773401142,,,,,0.0,0.0,0.0,0.0,0.0,0.0,0,0,
2026-08-14 02:29:51,826070,3477073,Game 3: Odd/Even Total Kills?,odd_even,3,2026-08-14 03:00:00,30.1,Odd,17265110502119578793708135589809973427915605037445313419433454040796130326698,0.01,0.99,0.5,0.98,0.96,0.96,0.96,95.04,95.04,95.04,1,1,
2026-08-14 02:29:51,826070,3477073,Game 3: Odd/Even Total Kills?,odd_even,3,2026-08-14 03:00:00,30.1,Even,1107446221436908324166515020190090286245833902787500387186505680943047252583,0.01,0.99,0.5,0.98,0.96,0.96,0.96,95.03,95.03,95.03,1,1,
2026-08-14 02:35:52,812499,3407716,LoL: T1 Academy vs Dplus KIA Challengers - Game 1 Winner,map,1,2026-08-14 03:00:00,24.1,T1 Academy,39734844495353304395398396140221540149305519357715269073311726294226019570550,0.6,0.61,0.605,0.01,10861.7,12747.55,15805.05,4805.41,9098.31,12150.4,23,19,357.022996
2026-08-14 02:35:52,812499,3407716,LoL: T1 Academy vs Dplus KIA Challengers - Game 1 Winner,map,1,2026-08-14 03:00:00,24.1,Dplus KIA Challengers,33269339650279858595555088093374570383524449579809902479647974050760364184259,0.39,0.4,0.395,0.01,3048.12,5482.62,7057.37,7528.63,8937.78,11430.28,19,23,357.022996
2026-08-14 02:35:52,812499,3407717,LoL: T1 Academy vs Dplus KIA Challengers - Game 2 Winner,map,2,2026-08-14 03:00:00,24.1,T1 Academy,65413134936637378696103480670341747188714493905423788592364522087047313278527,0.6,0.61,0.605,0.01,8861.95,11689.05,13458.33,2193.52,2586.44,3236.44,23,19,59.580242
2026-08-14 02:35:52,812499,3407717,LoL: T1 Academy vs Dplus KIA Challengers - Game 2 Winner,map,2,2026-08-14 03:00:00,24.1,Dplus KIA Challengers,109850116150453228098769636194777220136528900176432751128686947209537047715503,0.39,0.4,0.395,0.01,1374.39,1599.98,1949.98,6158.05,8240.95,9686.56,19,23,59.580242
2026-08-14 02:35:52,812499,3407718,LoL: T1 Academy vs Dplus KIA Challengers (BO3) - LCK Challengers League Rounds 3-4 Challenge Group,series,,2026-08-14 03:00:00,24.1,T1 Academy,29334009531926017999172713361554624736754304108781329166019313376852181532606,0.66,0.67,0.665,0.01,15193.05,18638.54,20557.14,13697.02,17677.03,17996.53,46,25,27067.438588
2026-08-14 02:35:52,812499,3407718,LoL: T1 Academy vs Dplus KIA Challengers (BO3) - LCK Challengers League Rounds 3-4 Challenge Group,series,,2026-08-14 03:00:00,24.1,Dplus KIA Challengers,86576119660677556215120793453634271480079124875691072264113236209109323222775,0.33,0.34,0.335,0.01,6693.42,8431.41,8561.91,7876.8,9861.29,11082.69,25,46,27067.438588
2026-08-14 02:35:52,812499,3407719,Games Total: O/U 2.5,total_games,,2026-08-14 03:00:00,24.1,Over,12254491551645605749999948566783532239763590860890971634914438946306484415625,0.47,0.48,0.475,0.01,69.21,254.95,647.22,1223.2,1530.6,1764.81,11,13,218.19906699999999
2026-08-14 02:35:52,812499,3407719,Games Total: O/U 2.5,total_games,,2026-08-14 03:00:00,24.1,Under,68717137278381026545457297595820702026186759179231499229342417358442267129224,0.52,0.53,0.525,0.01,1279.25,1578.61,1791.19,80.33,315.42,841.7,13,11,218.19906699999999
2026-08-14 02:35:52,812499,3407720,Game Handicap: T1.A (-1.5) vs Dplus KIA Challengers (+1.5),handicap,,2026-08-14 03:00:00,24.1,T1 Academy,112387528592292424930650532924576804503241362728004667616961247667692272312413,0.37,0.38,0.375,0.01,18.52,262.33,866.77,648.46,1073.26,1073.26,9,15,750.61431
2026-08-14 02:35:52,812499,3407720,Game Handicap: T1.A (-1.5) vs Dplus KIA Challengers (+1.5),handicap,,2026-08-14 03:00:00,24.1,Dplus KIA Challengers,94189587113690720225125693998745295556487555508602796811274630370563126617623,0.62,0.63,0.625,0.01,1023.81,1648.37,1648.37,31.54,495.27,1739.1,15,9,750.61431
2026-08-14 02:35:52,812499,3407721,Game 1: Both Teams Slay Baron Nashor?,prop,1,2026-08-14 03:00:00,24.1,Yes,40069868393640809104786506776915751658534703452875290458511978206216443518807,0.01,0.99,0.5,0.98,1.01,1.01,1.01,99.99,99.99,99.99,1,1,
2026-08-14 02:35:52,812499,3407721,Game 1: Both Teams Slay Baron Nashor?,prop,1,2026-08-14 03:00:00,24.1,No,50608849903554909222219439429204277119215627374900112590959682663938465769933,0.01,0.99,0.5,0.98,1.01,1.01,1.01,99.99,99.99,99.99,1,1,
2026-08-14 02:35:52,812499,3407722,Game 1: Both Teams Slay a Dragon?,prop,1,2026-08-14 03:00:00,24.1,Yes,64687367087236276548065101683258903075752340820526093114401398914562723872435,0.01,0.99,0.5,0.98,1.01,1.01,1.01,99.99,99.99,99.99,1,1,
2026-08-14 02:35:52,812499,3407722,Game 1: Both Teams Slay a Dragon?,prop,1,2026-08-14 03:00:00,24.1,No,26917764894392864707600724979145293015616736651873463361668909405225770515800,0.01,0.99,0.5,0.98,1.01,1.01,1.01,99.99,99.99,99.99,1,1,
2026-08-14 02:35:52,812499,3407723,Game 1: Both Teams Destroy Inhibitors?,prop,1,2026-08-14 03:00:00,24.1,Yes,90909758418785757498339848282956469721252985181476774447367514416062374905071,0.01,0.99,0.5,0.98,0.99,0.99,0.99,99.99,99.99,99.99,1,1,
2026-08-14 02:35:52,812499,3407723,Game 1: Both Teams Destroy Inhibitors?,prop,1,2026-08-14 03:00:00,24.1,No,97306944816021298866960210528887417854859989203311809746657546857239695639465,0.01,0.99,0.5,0.98,1.01,1.01,1.01,97.76,97.76,97.76,1,1,
2026-08-14 02:35:52,812499,3407724,Game 1: Any Player Quadra Kill?,prop,1,2026-08-14 03:00:00,24.1,Yes,40480664112673814293878383496256759291306966101765432817155796609878716191611,0.01,0.99,0.5,0.98,0.05,0.05,0.05,4.95,4.95,4.95,1,1,
2026-08-14 02:35:52,812499,3407724,Game 1: Any Player Quadra Kill?,prop,1,2026-08-14 03:00:00,24.1,No,14076318087349160081892552307719855776657942293180940006992128639325104402095,0.01,0.99,0.5,0.98,0.05,0.05,0.05,4.95,4.95,4.95,1,1,
2026-08-14 02:35:52,812499,3407725,Game 1: Any Player Penta Kill?,prop,1,2026-08-14 03:00:00,24.1,Yes,83951240816212277150512877212327250889048265428194239222014223541148332980146,0.01,0.15,0.08,0.14,0.05,0.05,0.05,0.75,0.75,1.75,1,5,
2026-08-14 02:35:52,812499,3407725,Game 1: Any Player Penta Kill?,prop,1,2026-08-14 03:00:00,24.1,No,14552533511971407204042061068349266750490465725326712708556780935391488764747,0.85,0.99,0.92,0.14,4.25,4.25,8.25,4.95,4.95,4.95,5,1,
2026-08-14 02:35:52,812499,3407726,Game 1: Odd/Even Total Kills?,odd_even,1,2026-08-14 03:00:00,24.1,Odd,30008734824659626946333304876575234022448750432748410603007444659876904754544,0.49,0.51,0.5,0.02,98.0,98.0,98.0,102.0,102.0,102.0,3,4,
2026-08-14 02:35:52,812499,3407726,Game 1: Odd/Even Total Kills?,odd_even,1,2026-08-14 03:00:00,24.1,Even,99395084138140294423547521803551548703320007241030462665435762504531763643878,0.49,0.51,0.5,0.02,98.0,98.0,98.0,102.0,102.0,102.0,4,3,
2026-08-14 02:35:52,812499,3407727,Game 2: Both Teams Slay Baron Nashor?,prop,2,2026-08-14 03:00:00,24.1,Yes,58129688162656381793690234448367947337214519902641172243030953744164978549829,0.01,0.99,0.5,0.98,1.01,1.01,1.01,99.99,99.99,99.99,1,1,
2026-08-14 02:35:52,812499,3407727,Game 2: Both Teams Slay Baron Nashor?,prop,2,2026-08-14 03:00:00,24.1,No,37784282596358571641116459773582983188118603190781422145404475059195349143098,0.01,0.99,0.5,0.98,1.01,1.01,1.01,99.99,99.99,99.99,1,1,
2026-08-14 02:35:52,812499,3407728,Game 2: Both Teams Slay a Dragon?,prop,2,2026-08-14 03:00:00,24.1,Yes,67100635698749036243996596083856731930110083604846187832565784378462214356906,0.01,0.99,0.5,0.98,1.01,1.01,1.01,99.99,99.99,99.99,1,1,
2026-08-14 02:35:52,812499,3407728,Game 2: Both Teams Slay a Dragon?,prop,2,2026-08-14 03:00:00,24.1,No,42625504916961847735090009072914737766516948044519350934640603247822281703262,0.01,0.99,0.5,0.98,1.01,1.01,1.01,99.99,99.99,99.99,1,1,
2026-08-14 02:35:52,812499,3407729,Game 2: Both Teams Destroy Inhibitors?,prop,2,2026-08-14 03:00:00,24.1,Yes,40023438874668498144632750208657873382044520843447740625081184081555141180970,0.01,0.99,0.5,0.98,0.99,0.99,0.99,99.99,99.99,99.99,1,1,
2026-08-14 02:35:52,812499,3407729,Game 2: Both Teams Destroy Inhibitors?,prop,2,2026-08-14 03:00:00,24.1,No,484091212595295130994775780202175233930586477475167866439140463580364160749,0.01,0.99,0.5,0.98,1.01,1.01,1.01,97.76,97.76,97.76,1,1,
2026-08-14 02:35:52,812499,3407730,Game 2: Any Player Quadra Kill?,prop,2,2026-08-14 03:00:00,24.1,Yes,57512002909106302457374648538616826010950529161110952092924294330557738326260,0.01,0.99,0.5,0.98,0.05,0.05,0.05,4.95,4.95,4.95,1,1,
2026-08-14 02:35:52,812499,3407730,Game 2: Any Player Quadra Kill?,prop,2,2026-08-14 03:00:00,24.1,No,46528999239069913500878472010371195055074690848476631394902559060981264912902,0.01,0.99,0.5,0.98,0.05,0.05,0.05,4.95,4.95,4.95,1,1,
2026-08-14 02:35:52,812499,3407731,Game 2: Any Player Penta Kill?,prop,2,2026-08-14 03:00:00,24.1,Yes,10367002689217741199289369255672046887753394169252950796871025362076925359402,0.01,0.15,0.08,0.14,0.05,0.05,0.05,0.75,0.75,1.75,1,5,
2026-08-14 02:35:52,812499,3407731,Game 2: Any Player Penta Kill?,prop,2,2026-08-14 03:00:00,24.1,No,44629523316220057660997646176727280068477055828540480140172757604033758965591,0.85,0.99,0.92,0.14,4.25,4.25,8.25,4.95,4.95,4.95,5,1,
2026-08-14 02:35:52,812499,3407732,Game 2: Odd/Even Total Kills?,odd_even,2,2026-08-14 03:00:00,24.1,Odd,68118589223287351123746973139702260581892652876242555636600008179922666725119,0.49,0.51,0.5,0.02,98.0,98.0,98.0,102.0,102.0,102.0,3,3,
2026-08-14 02:35:52,812499,3407732,Game 2: Odd/Even Total Kills?,odd_even,2,2026-08-14 03:00:00,24.1,Even,11563884776145307024557473783891356249853220511404723988011218691689405038835,0.49,0.51,0.5,0.02,98.0,98.0,98.0,102.0,102.0,102.0,3,3,
2026-08-14 02:35:52,812499,3407733,Game 3: Both Teams Slay Baron Nashor?,prop,3,2026-08-14 03:00:00,24.1,Yes,15108330882199972065167953232972112332503134649241289853150575394305889536382,0.01,0.99,0.5,0.98,1.01,1.01,1.01,99.99,99.99,99.99,1,1,
2026-08-14 02:35:52,812499,3407733,Game 3: Both Teams Slay Baron Nashor?,prop,3,2026-08-14 03:00:00,24.1,No,11583353539019187263341757865616242101793514605533674611840543623085353915285,0.01,0.99,0.5,0.98,1.01,1.01,1.01,99.99,99.99,99.99,1,1,
2026-08-14 02:35:52,812499,3407734,Game 3: Both Teams Slay a Dragon?,prop,3,2026-08-14 03:00:00,24.1,Yes,86518706067459875316993377887665484784139398669990316039811150778003477248591,0.01,0.99,0.5,0.98,1.01,1.01,1.01,99.99,99.99,99.99,1,1,
2026-08-14 02:35:52,812499,3407734,Game 3: Both Teams Slay a Dragon?,prop,3,2026-08-14 03:00:00,24.1,No,6330268134995515899876922471865852432628309512536344065282936223963491226645,0.01,0.99,0.5,0.98,1.01,1.01,1.01,99.99,99.99,99.99,1,1,
2026-08-14 02:35:52,812499,3407735,Game 3: Both Teams Destroy Inhibitors?,prop,3,2026-08-14 03:00:00,24.1,Yes,46778385251335632815107295958228684502257914370849295054583406222456702799534,0.01,0.99,0.5,0.98,0.99,0.99,0.99,99.99,99.99,99.99,1,1,
2026-08-14 02:35:52,812499,3407735,Game 3: Both Teams Destroy Inhibitors?,prop,3,2026-08-14 03:00:00,24.1,No,17022380444954140080106111683131141599196325846984987422687868734754056013796,0.01,0.99,0.5,0.98,1.01,1.01,1.01,97.76,97.76,97.76,1,1,
2026-08-14 02:35:52,812499,3407736,Game 3: Any Player Quadra Kill?,prop,3,2026-08-14 03:00:00,24.1,Yes,89300494282854674899062293591156319703727387411768815627804385407768809680929,0.01,0.99,0.5,0.98,0.05,0.05,0.05,4.95,4.95,4.95,1,1,
2026-08-14 02:35:52,812499,3407736,Game 3: Any Player Quadra Kill?,prop,3,2026-08-14 03:00:00,24.1,No,114001328052018071192312018162667158102721309900817212379891076054206240411645,0.01,0.99,0.5,0.98,0.05,0.05,0.05,4.95,4.95,4.95,1,1,
2026-08-14 02:35:52,812499,3407737,Game 3: Any Player Penta Kill?,prop,3,2026-08-14 03:00:00,24.1,Yes,114930391155820671280932336596912874838796280776517417418481514020573563481141,0.01,0.99,0.5,0.98,0.05,0.05,0.05,4.95,4.95,4.95,1,1,
2026-08-14 02:35:52,812499,3407737,Game 3: Any Player Penta Kill?,prop,3,2026-08-14 03:00:00,24.1,No,25083949550735874000852664968153918873092872242306546089004263953312445332311,0.01,0.99,0.5,0.98,0.05,0.05,0.05,4.95,4.95,4.95,1,1,
2026-08-14 02:35:52,812499,3407738,Game 3: Odd/Even Total Kills?,odd_even,3,2026-08-14 03:00:00,24.1,Odd,55002932149693205039252313297704990705936164068114650496235005232232448118768,0.49,0.51,0.5,0.02,98.0,98.0,98.0,102.0,102.0,102.0,3,4,
2026-08-14 02:35:52,812499,3407738,Game 3: Odd/Even Total Kills?,odd_even,3,2026-08-14 03:00:00,24.1,Even,22731531805730680844471275051506006731851300824476975059046552919830390345510,0.49,0.51,0.5,0.02,98.0,98.0,98.0,102.0,102.0,102.0,4,3,
2026-08-14 02:35:52,812500,3407739,LoL: BNK FearX Youth vs HANJIN BRION Challengers - Game 1 Winner,map,1,2026-08-14 05:00:00,144.1,BNK FearX Youth,61663936455102720529851768719096966279739088515242859634351510053320021427857,0.59,0.6,0.595,0.01,799.1,4114.71,4829.69,231.41,2015.94,3792.47,30,27,2529.627845
2026-08-14 02:35:52,812500,3407739,LoL: BNK FearX Youth vs HANJIN BRION Challengers - Game 1 Winner,map,1,2026-08-14 05:00:00,144.1,HANJIN BRION Challengers,42234029726181362412603779948886866264430875684742909834436718516098761282889,0.4,0.41,0.405,0.01,149.27,1221.57,2196.94,566.02,3133.05,3739.42,27,30,2529.627845
2026-08-14 02:35:52,812500,3407740,LoL: BNK FearX Youth vs HANJIN BRION Challengers - Game 2 Winner,map,2,2026-08-14 05:00:00,144.1,BNK FearX Youth,107808309436641300893312675613018183409013019586056788222963388770887566279759,0.59,0.6,0.595,0.01,739.74,3422.0,4766.12,1063.45,2153.33,3196.48,30,28,2555.920529
2026-08-14 02:35:52,812500,3407740,LoL: BNK FearX Youth vs HANJIN BRION Challengers - Game 2 Winner,map,2,2026-08-14 05:00:00,144.1,HANJIN BRION Challengers,108190713726091544908980663096828147669429426515696290929034353759153855371872,0.4,0.41,0.405,0.01,689.69,1349.61,1920.14,526.38,2620.7,3740.9,28,30,2555.920529
2026-08-14 02:35:52,812500,3407741,LoL: BNK FearX Youth vs HANJIN BRION Challengers (BO3) - LCK Challengers League Rounds 3-4 Trial Group,series,,2026-08-14 05:00:00,144.1,BNK FearX Youth,4709157790055180552341123243460762988257059370615011807866571989785820996007,0.64,0.65,0.645,0.01,14159.26,15845.68,18083.98,13506.6,17045.14,18851.14,46,26,21254.001405999996
2026-08-14 02:35:52,812500,3407741,LoL: BNK FearX Youth vs HANJIN BRION Challengers (BO3) - LCK Challengers League Rounds 3-4 Trial Group,series,,2026-08-14 05:00:00,144.1,HANJIN BRION Challengers,78953976754099792644259899378966754561173836122361982355623147636345680203948,0.35,0.36,0.355,0.01,7234.16,8931.67,9705.67,8166.99,9232.94,10775.14,26,46,21254.001405999996
2026-08-14 02:35:52,812500,3407742,Games Total: O/U 2.5,total_games,,2026-08-14 05:00:00,144.1,Over,92276135268136739124520169377318113815189044479197789767602638268546461184061,0.46,0.47,0.465,0.01,521.16,1243.71,1814.46,228.01,834.85,1057.78,30,27,12460.124325
2026-08-14 02:35:52,812500,3407742,Games Total: O/U 2.5,total_games,,2026-08-14 05:00:00,144.1,Under,75172933509377648381665745794974452683403650699414327328586378058335219068050,0.53,0.54,0.535,0.01,256.18,875.5,1081.28,617.23,1564.66,2381.41,27,30,12460.124325
2026-08-14 02:35:52,812500,3407743,Game Handicap: FOX.Y (-1.5) vs HANJIN BRION Challengers (+1.5),handicap,,2026-08-14 05:00:00,144.1,BNK FearX Youth,28056190424496620422390413104090982910658404924761402830580049883862063899907,0.34,0.35,0.345,0.01,135.83,578.33,765.64,11.92,248.69,473.88,17,15,718.6659819999999
2026-08-14 02:35:52,812500,3407743,Game Handicap: FOX.Y (-1.5) vs HANJIN BRION Challengers (+1.5),handicap,,2026-08-14 05:00:00,144.1,HANJIN BRION Challengers,83088721436173965622006440777948770695175995616684936722852600465292900831936,0.65,0.66,0.655,0.01,21.8,410.36,756.15,274.86,1241.14,1685.86,15,17,718.6659819999999
2026-08-14 02:35:52,812500,3407744,Game 1: Both Teams Slay Baron Nashor?,prop,1,2026-08-14 05:00:00,144.1,Yes,100315910748355254837447175433844190501038481535618161174574469556825818591812,0.06,0.5,0.28,0.44,176.0,176.0,177.01,176.0,176.0,176.0,2,2,
2026-08-14 02:35:52,812500,3407744,Game 1: Both Teams Slay Baron Nashor?,prop,1,2026-08-14 05:00:00,144.1,No,76695919881543110155683999703013506106666117525109998233075735667065262555257,0.5,0.94,0.72,0.44,176.0,176.0,176.0,2757.33,2757.33,2857.31,2,2,
2026-08-14 02:35:52,812500,3407745,Game 1: Both Teams Slay a Dragon?,prop,1,2026-08-14 05:00:00,144.1,Yes,22528557460313114895491100701446185514083262707562640533159631804605832623758,0.5,0.79,0.645,0.29,176.0,176.0,176.0,662.09,662.09,662.09,2,2,
2026-08-14 02:35:52,812500,3407745,Game 1: Both Teams Slay a Dragon?,prop,1,2026-08-14 05:00:00,144.1,No,111719982073440494596637220557882732832342237008015925473728205120143084818142,0.21,0.5,0.355,0.29,176.0,176.0,176.0,176.0,176.0,176.0,2,2,
2026-08-14 02:35:52,812500,3407746,Game 1: Both Teams Destroy Inhibitors?,prop,1,2026-08-14 05:00:00,144.1,Yes,102015644364337373304958190412524133722067167548401185640506892992233253816221,0.05,0.5,0.275,0.45,176.39,176.39,177.01,176.0,176.0,176.0,3,2,
2026-08-14 02:35:52,812500,3407746,Game 1: Both Teams Destroy Inhibitors?,prop,1,2026-08-14 05:00:00,144.1,No,79051556571885796194539247443195689732745795285052036820979417847106397667601,0.5,0.95,0.725,0.45,176.0,176.0,176.0,4231.48,4231.48,4292.48,2,3,
2026-08-14 02:35:52,812500,3407747,Game 1: Any Player Quadra Kill?,prop,1,2026-08-14 05:00:00,144.1,Yes,26710921275625404505056773265693662361876704590821399911826241301751673587149,0.07,0.5,0.285,0.43,176.0,176.0,176.0,176.0,176.0,176.0,2,2,
2026-08-14 02:35:52,812500,3407747,Game 1: Any Player Quadra Kill?,prop,1,2026-08-14 05:00:00,144.1,No,93968963195077369200919487637351234938964989272421779584427039793519294281254,0.5,0.93,0.715,0.43,176.0,176.0,176.0,2338.28,2338.28,2338.28,2,2,
2026-08-14 02:35:52,812500,3407748,Game 1: Any Player Penta Kill?,prop,1,2026-08-14 05:00:00,144.1,Yes,112894733441774993623126215114218924485095801202348585552578540782541586703397,0.01,0.5,0.255,0.49,176.05,176.05,176.05,176.0,176.0,176.0,1,2,
2026-08-14 02:35:52,812500,3407748,Game 1: Any Player Penta Kill?,prop,1,2026-08-14 05:00:00,144.1,No,91952076391574419055919837609434990335076390976729873485357740908976831871632,0.5,0.99,0.745,0.49,176.0,176.0,176.0,17428.95,17428.95,17428.95,2,1,
2026-08-14 02:35:52,812500,3407749,Game 1: Odd/Even Total Kills?,odd_even,1,2026-08-14 05:00:00,144.1,Odd,32848162093516195379139231796286054395603262109309254908226315237881396997000,0.49,0.51,0.5,0.02,131.66,143.64,428.25,138.13,152.19,500.06,8,8,
2026-08-14 02:35:52,812500,3407749,Game 1: Odd/Even Total Kills?,odd_even,1,2026-08-14 05:00:00,144.1,Even,55021576952347549260624848959361573180356957556440694582427231752311741888467,0.49,0.51,0.5,0.02,131.66,143.64,428.25,138.13,152.19,500.06,8,8,
2026-08-14 02:35:52,812500,3407750,Game 2: Both Teams Slay Baron Nashor?,prop,2,2026-08-14 05:00:00,144.1,Yes,97877118867019311861316666766462908864478753853178147427401515473268771239471,0.06,0.5,0.28,0.44,176.0,176.0,177.01,176.0,176.0,176.0,2,2,
2026-08-14 02:35:52,812500,3407750,Game 2: Both Teams Slay Baron Nashor?,prop,2,2026-08-14 05:00:00,144.1,No,101719955781485808478825279041139319336382429106729864175832223089426518525915,0.5,0.94,0.72,0.44,176.0,176.0,176.0,2757.33,2757.33,2857.32,2,2,
2026-08-14 02:35:52,812500,3407751,Game 2: Both Teams Slay a Dragon?,prop,2,2026-08-14 05:00:00,144.1,Yes,47297680764440435034908332421262931037459217405696163811547313651467330170718,0.5,0.79,0.645,0.29,176.0,176.0,176.0,662.09,662.09,662.09,2,2,
2026-08-14 02:35:52,812500,3407751,Game 2: Both Teams Slay a Dragon?,prop,2,2026-08-14 05:00:00,144.1,No,23989265404590266695157366851083201637045652483925584723159543825808201424379,0.21,0.5,0.355,0.29,176.0,176.0,176.0,176.0,176.0,176.0,2,2,
2026-08-14 02:35:52,812500,3407752,Game 2: Both Teams Destroy Inhibitors?,prop,2,2026-08-14 05:00:00,144.1,Yes,36118710167082995409349519645958671600314701568827679019948470339439596629305,0.05,0.5,0.275,0.45,176.38,176.38,177.01,176.0,176.0,176.0,3,2,
2026-08-14 02:35:52,812500,3407752,Game 2: Both Teams Destroy Inhibitors?,prop,2,2026-08-14 05:00:00,144.1,No,22051017317047635342500083586640641278478909574563877304072568978735527884807,0.5,0.95,0.725,0.45,176.0,176.0,176.0,4231.26,4231.26,4293.37,2,3,
2026-08-14 02:35:52,812500,3407753,Game 2: Any Player Quadra Kill?,prop,2,2026-08-14 05:00:00,144.1,Yes,58807234942451841241022433088812455930302780501410971969865241860350913908259,0.07,0.5,0.285,0.43,176.0,176.0,176.0,176.0,176.0,176.0,2,2,
2026-08-14 02:35:52,812500,3407753,Game 2: Any Player Quadra Kill?,prop,2,2026-08-14 05:00:00,144.1,No,67610973198289160033085562258079641623102165084127740059987302312234651513258,0.5,0.93,0.715,0.43,176.0,176.0,176.0,2338.28,2338.28,2338.28,2,2,
2026-08-14 02:35:52,812500,3407754,Game 2: Any Player Penta Kill?,prop,2,2026-08-14 05:00:00,144.1,Yes,64636778969528768893935901549188989277569900524229601745022333725042773975659,0.01,0.5,0.255,0.49,176.05,176.05,176.05,176.0,176.0,176.0,1,2,
2026-08-14 02:35:52,812500,3407754,Game 2: Any Player Penta Kill?,prop,2,2026-08-14 05:00:00,144.1,No,24637814849118864058445072991262267792789278042574602351517704206601256691646,0.5,0.99,0.745,0.49,176.0,176.0,176.0,17428.95,17428.95,17428.95,2,1,
2026-08-14 02:35:52,812500,3407755,Game 2: Odd/Even Total Kills?,odd_even,2,2026-08-14 05:00:00,144.1,Odd,89132671465319801984196745843834846416244136716772814394593698925920785988347,0.49,0.51,0.5,0.02,131.66,143.64,428.25,138.13,152.19,500.06,8,8,
2026-08-14 02:35:52,812500,3407755,Game 2: Odd/Even Total Kills?,odd_even,2,2026-08-14 05:00:00,144.1,Even,23772193768728815416979274790047390098007350518635703771944232234280869494479,0.49,0.51,0.5,0.02,131.66,143.64,428.25,138.13,152.19,500.06,8,8,
2026-08-14 02:35:52,812500,3407756,Game 3: Both Teams Slay Baron Nashor?,prop,3,2026-08-14 05:00:00,144.1,Yes,24551762467780504210757017514656860109633869494113144703849068703959601268673,0.07,0.99,0.53,0.92,176.4,176.4,176.4,99.99,99.99,99.99,3,1,
2026-08-14 02:35:52,812500,3407756,Game 3: Both Teams Slay Baron Nashor?,prop,3,2026-08-14 05:00:00,144.1,No,92102471374974848250230863328435931811182626128088800904066639574937320815337,0.01,0.93,0.47,0.92,1.01,1.01,1.01,2762.68,2762.68,2762.68,1,3,
2026-08-14 02:35:52,812500,3407757,Game 3: Both Teams Slay a Dragon?,prop,3,2026-08-14 05:00:00,144.1,Yes,105094231123555274880570448823486931970030904367641419451399134893231939244446,0.01,0.79,0.4,0.78,1.01,1.01,1.01,662.09,662.09,662.09,1,2,
2026-08-14 02:35:52,812500,3407757,Game 3: Both Teams Slay a Dragon?,prop,3,2026-08-14 05:00:00,144.1,No,109014455888086068752688760252979925952031440819867195106974328993910223862769,0.21,0.99,0.6,0.78,176.0,176.0,176.0,99.98,99.98,99.98,2,1,
2026-08-14 02:35:52,812500,3407758,Game 3: Both Teams Destroy Inhibitors?,prop,3,2026-08-14 05:00:00,144.1,Yes,11499728086856774147918517498478056991605051727557688632058241656568015942179,0.05,0.99,0.52,0.94,176.51,176.51,177.01,99.99,99.99,99.99,3,1,
2026-08-14 02:35:52,812500,3407758,Game 3: Both Teams Destroy Inhibitors?,prop,3,2026-08-14 05:00:00,144.1,No,71331753933838756945698401235301506856154222385900681314053669927744665300268,0.01,0.95,0.48,0.94,1.01,1.01,1.01,4233.61,4233.61,4283.5,1,3,
2026-08-14 02:35:52,812500,3407759,Game 3: Any Player Quadra Kill?,prop,3,2026-08-14 05:00:00,144.1,Yes,47421305575153937544146820599736168513827203673828466756713059966501144155809,0.07,0.99,0.53,0.92,176.0,176.0,176.0,4.95,4.95,4.95,2,1,
2026-08-14 02:35:52,812500,3407759,Game 3: Any Player Quadra Kill?,prop,3,2026-08-14 05:00:00,144.1,No,5552884444941479301335256995977407725017527851202209555956852640959352319922,0.01,0.93,0.47,0.92,0.05,0.05,0.05,2338.28,2338.28,2338.28,1,2,
2026-08-14 02:35:52,812500,3407760,Game 3: Any Player Penta Kill?,prop,3,2026-08-14 05:00:00,144.1,Yes,102996765780386697047720186968511898643728347582999249513342982330729739171052,0.01,0.99,0.5,0.98,176.05,176.05,176.05,4.95,4.95,4.95,1,1,
2026-08-14 02:35:52,812500,3407760,Game 3: Any Player Penta Kill?,prop,3,2026-08-14 05:00:00,144.1,No,42319548810746199058964111262747327533525346884991531332840418409971882446366,0.01,0.99,0.5,0.98,0.05,0.05,0.05,17428.95,17428.95,17428.95,1,1,
2026-08-14 02:35:52,812500,3407761,Game 3: Odd/Even Total Kills?,odd_even,3,2026-08-14 05:00:00,144.1,Odd,32753689779373724055024054576187425028926857048917614701853851903254710657703,0.49,0.51,0.5,0.02,131.66,143.64,428.25,138.13,152.19,500.06,7,8,
2026-08-14 02:35:52,812500,3407761,Game 3: Odd/Even Total Kills?,odd_even,3,2026-08-14 05:00:00,144.1,Even,89209463628517423703665674201516273330810059098694242442514499005623124181252,0.49,0.51,0.5,0.02,131.66,143.64,428.25,138.13,152.19,500.06,8,7,
2026-08-14 02:35:52,826070,3477050,LoL: NRG Esports vs Contingent Esports - Game 1 Winner,map,1,2026-08-14 03:00:00,24.1,NRG Esports,80814790902632668004539328994746617014614315928060173257015852122406695311005,0.8,0.81,0.805,0.01,890.75,1738.9,5112.4,1339.07,2914.77,5933.07,17,12,815.878129
2026-08-14 02:35:52,826070,3477050,LoL: NRG Esports vs Contingent Esports - Game 1 Winner,map,1,2026-08-14 03:00:00,24.1,Contingent Esports,107651310737272584966890037363108476219576749219700416899862916279592660232089,0.19,0.2,0.195,0.01,300.7,614.32,1136.68,236.21,478.23,1602.73,12,17,815.878129
2026-08-14 02:35:52,826070,3477051,LoL: NRG Esports vs Contingent Esports - Game 2 Winner,map,2,2026-08-14 03:00:00,24.1,NRG Esports,7118869453742291045797317815564893062933350229077106358535601493893500087591,0.8,0.81,0.805,0.01,1435.4,2428.72,2428.72,1889.92,2460.44,4777.6,18,8,
2026-08-14 02:35:52,826070,3477051,LoL: NRG Esports vs Contingent Esports - Game 2 Winner,map,2,2026-08-14 03:00:00,24.1,Contingent Esports,108002125035495150522720856231525573531669999272447427854984681030770827642415,0.19,0.2,0.195,0.01,429.33,545.29,954.2,379.33,660.88,660.88,8,18,
2026-08-14 02:35:52,826070,3477052,LoL: NRG Esports vs Contingent Esports (BO3) - North American Challengers League Group Stage,series,,2026-08-14 03:00:00,24.1,NRG Esports,43038352639417355691707647173859018730749533391426346756399874481168166294619,0.87,0.88,0.875,0.01,87.89,1924.08,3388.09,3864.69,5213.4,11036.67,59,12,6622.097112000001
2026-08-14 02:35:52,826070,3477052,LoL: NRG Esports vs Contingent Esports (BO3) - North American Challengers League Group Stage,series,,2026-08-14 03:00:00,24.1,Contingent Esports,84678973437664474131672312186325078675557922490434064743358042746648544685152,0.12,0.13,0.125,0.01,505.21,654.4,1097.37,14.04,350.85,665.82,12,59,6622.097112000001
2026-08-14 02:35:52,826070,3477053,Games Total: O/U 2.5,total_games,,2026-08-14 03:00:00,24.1,Over,55750592239967941703301064844243535772993617325443398709488185293476935877531,0.28,0.29,0.285,0.01,17.52,351.95,650.34,233.82,373.17,506.99,14,36,5020.485024
2026-08-14 02:35:52,826070,3477053,Games Total: O/U 2.5,total_games,,2026-08-14 03:00:00,24.1,Under,82152669265463547990220171689636558584137366588986322786820150257732179196557,0.71,0.72,0.715,0.01,572.46,869.94,1131.02,46.63,1049.48,1994.42,36,14,5020.485024
2026-08-14 02:35:52,826070,3477054,Game Handicap: NRG (-1.5) vs Contingent Esports (+1.5),handicap,,2026-08-14 03:00:00,24.1,NRG Esports,95412707328160076383234584804646983201601033147527050227749727111466216606486,0.67,0.87,0.77,0.2,1313.72,4748.24,4748.24,108.07,180.88,364.88,27,10,10736.401806000002
2026-08-14 02:35:52,826070,3477054,Game Handicap: NRG (-1.5) vs Contingent Esports (+1.5),handicap,,2026-08-14 03:00:00,24.1,Contingent Esports,79376817134124206774201685278379459810679800756916708410468012280981017893764,0.13,0.33,0.23,0.2,15.0,24.0,40.0,673.23,2604.45,2604.45,10,27,10736.401806000002
2026-08-14 02:35:52,826070,3477055,Game 1: Both Teams Slay Baron Nashor?,prop,1,2026-08-14 03:00:00,24.1,Yes,87681573095327547420633314226806041000149028170713311037612514061710912723742,0.01,0.99,0.5,0.98,0.17,0.17,0.17,95.04,95.04,95.04,1,1,
2026-08-14 02:35:52,826070,3477055,Game 1: Both Teams Slay Baron Nashor?,prop,1,2026-08-14 03:00:00,24.1,No,69312485936334009045325800311715558032922672642482501491119421898458006349825,0.01,0.99,0.5,0.98,0.96,0.96,0.96,16.83,16.83,16.83,1,1,
2026-08-14 02:35:52,826070,3477056,Game 1: Both Teams Slay a Dragon?,prop,1,2026-08-14 03:00:00,24.1,Yes,83805735251597132117951173378137346357296339870381814266398461580520007861517,0.24,0.99,0.615,0.75,72.0,72.0,72.0,95.03,95.03,95.03,2,1,
2026-08-14 02:35:52,826070,3477056,Game 1: Both Teams Slay a Dragon?,prop,1,2026-08-14 03:00:00,24.1,No,24156205806670798372110555621724125417579911628083855143977773542489628788926,0.01,0.76,0.385,0.75,0.96,0.96,0.96,228.0,228.0,228.0,1,2,
2026-08-14 02:35:52,826070,3477057,Game 1: Both Teams Destroy Inhibitors?,prop,1,2026-08-14 03:00:00,24.1,Yes,70847180670013690410054498405126312924929675515172003776071312263632441945977,0.01,0.99,0.5,0.98,0.94,0.94,0.94,95.04,95.04,95.04,1,1,
2026-08-14 02:35:52,826070,3477057,Game 1: Both Teams Destroy Inhibitors?,prop,1,2026-08-14 03:00:00,24.1,No,15552457357105246680088345561853174847839914230111380560590702628300617170166,0.01,0.99,0.5,0.98,0.96,0.96,0.96,92.81,92.81,92.81,1,1,
2026-08-14 02:35:52,826070,3477058,Game 1: Any Player Quadra Kill?,prop,1,2026-08-14 03:00:00,24.1,Yes,90611949896330126489333584640484616670727390063723860281928013878403906065721,,,,,0.0,0.0,0.0,0.0,0.0,0.0,0,0,
2026-08-14 02:35:52,826070,3477058,Game 1: Any Player Quadra Kill?,prop,1,2026-08-14 03:00:00,24.1,No,30801089695626298578988776831063320516250144642136439806183847895839275854811,,,,,0.0,0.0,0.0,0.0,0.0,0.0,0,0,
2026-08-14 02:35:52,826070,3477059,Game 1: Any Player Penta Kill?,prop,1,2026-08-14 03:00:00,24.1,Yes,48229925814520007661244111895915992051489252573972834651743984793002069701817,,0.4,,,0.0,0.0,0.0,2.0,2.0,2.0,0,1,
2026-08-14 02:35:52,826070,3477059,Game 1: Any Player Penta Kill?,prop,1,2026-08-14 03:00:00,24.1,No,9305314826584013047090950141969451002924314918612350007363467585821240369066,0.6,,,,3.0,3.0,3.0,0.0,0.0,0.0,1,0,
2026-08-14 02:35:52,826070,3477061,Game 1: Odd/Even Total Kills?,odd_even,1,2026-08-14 03:00:00,24.1,Odd,32494922393258859963201856101328517997010549162018639697250819883519722049068,0.01,0.99,0.5,0.98,0.96,0.96,0.96,95.04,95.04,95.04,1,1,
2026-08-14 02:35:52,826070,3477061,Game 1: Odd/Even Total Kills?,odd_even,1,2026-08-14 03:00:00,24.1,Even,112834540130252099583593253928265938091790513484363299374731806537792656031528,0.01,0.99,0.5,0.98,0.96,0.96,0.96,95.04,95.04,95.04,1,1,
2026-08-14 02:35:52,826070,3477062,Game 2: Both Teams Slay Baron Nashor?,prop,2,2026-08-14 03:00:00,24.1,Yes,55753683192199022612671704126737811310328029678442412170950072602131054587210,0.01,0.98,0.495,0.97,0.96,0.96,0.96,150.57,150.57,150.57,1,2,
2026-08-14 02:35:52,826070,3477062,Game 2: Both Teams Slay Baron Nashor?,prop,2,2026-08-14 03:00:00,24.1,No,55937094852319737792850165512480430449747853756905259274031753275691368112975,0.02,0.99,0.505,0.97,1.92,1.92,1.92,95.04,95.04,95.04,2,1,
2026-08-14 02:35:52,826070,3477063,Game 2: Both Teams Slay a Dragon?,prop,2,2026-08-14 03:00:00,24.1,Yes,48623647428517517453611058807537447198598988098824330225032342676302728625012,0.01,0.99,0.5,0.98,0.96,0.96,0.96,95.04,95.04,95.04,1,1,
2026-08-14 02:35:52,826070,3477063,Game 2: Both Teams Slay a Dragon?,prop,2,2026-08-14 03:00:00,24.1,No,42417195815488111081943362396002926413430486562906704641578354062740797580084,0.01,0.99,0.5,0.98,0.96,0.96,0.96,95.04,95.04,95.04,1,1,
2026-08-14 02:35:52,826070,3477064,Game 2: Both Teams Destroy Inhibitors?,prop,2,2026-08-14 03:00:00,24.1,Yes,23628154900252164597588937639111773709699026601186386386168618417735820690106,0.83,0.85,0.84,0.02,41.5,126.0,126.0,491.11,1146.11,1146.11,6,7,536.510966
2026-08-14 02:35:52,826070,3477064,Game 2: Both Teams Destroy Inhibitors?,prop,2,2026-08-14 03:00:00,24.1,No,85739117623916471191019361815038085504519438797717701017619191765882696246759,0.15,0.17,0.16,0.02,80.78,175.78,175.78,8.5,29.0,29.0,7,6,536.510966
2026-08-14 02:35:52,826070,3477065,Game 2: Any Player Quadra Kill?,prop,2,2026-08-14 03:00:00,24.1,Yes,53208917334913900389630971292939370679251910829672144758009133122161611227896,,,,,0.0,0.0,0.0,0.0,0.0,0.0,0,0,
2026-08-14 02:35:52,826070,3477065,Game 2: Any Player Quadra Kill?,prop,2,2026-08-14 03:00:00,24.1,No,91070975633974495708697307701836756019763571915749676034097536234325782029896,,,,,0.0,0.0,0.0,0.0,0.0,0.0,0,0,
2026-08-14 02:35:52,826070,3477066,Game 2: Any Player Penta Kill?,prop,2,2026-08-14 03:00:00,24.1,Yes,41553921922748035091195286700334837861150809022270611498614461149967485676553,,,,,0.0,0.0,0.0,0.0,0.0,0.0,0,0,
2026-08-14 02:35:52,826070,3477066,Game 2: Any Player Penta Kill?,prop,2,2026-08-14 03:00:00,24.1,No,72372963262572990351948387093307185909935364431157003295642971589164020329307,,,,,0.0,0.0,0.0,0.0,0.0,0.0,0,0,
2026-08-14 02:35:52,826070,3477067,Game 2: Odd/Even Total Kills?,odd_even,2,2026-08-14 03:00:00,24.1,Odd,51682527872121142820533720760874357541341917877241650283064345652015294503432,0.01,0.99,0.5,0.98,0.96,0.96,0.96,95.04,95.04,95.04,1,1,
2026-08-14 02:35:52,826070,3477067,Game 2: Odd/Even Total Kills?,odd_even,2,2026-08-14 03:00:00,24.1,Even,52462070156083218163210891161506391469503363975012872173381524279777415671009,0.01,0.99,0.5,0.98,0.96,0.96,0.96,95.04,95.04,95.04,1,1,
2026-08-14 02:35:52,826070,3477068,Game 3: Both Teams Slay Baron Nashor?,prop,3,2026-08-14 03:00:00,24.1,Yes,87723048023863233229072489576988122495348581581883475764155604685715254995143,0.01,0.99,0.5,0.98,0.96,0.96,0.96,95.04,95.04,95.04,1,1,
2026-08-14 02:35:52,826070,3477068,Game 3: Both Teams Slay Baron Nashor?,prop,3,2026-08-14 03:00:00,24.1,No,50989255824497521540482389727045524148886656006776316809093754627968185524154,0.01,0.99,0.5,0.98,0.96,0.96,0.96,95.04,95.04,95.04,1,1,
2026-08-14 02:35:52,826070,3477069,Game 3: Both Teams Slay a Dragon?,prop,3,2026-08-14 03:00:00,24.1,Yes,31894618867354587726609743791628570681781025713790850110963430187452605983542,0.01,0.99,0.5,0.98,0.96,0.96,0.96,95.04,95.04,95.04,1,1,
2026-08-14 02:35:52,826070,3477069,Game 3: Both Teams Slay a Dragon?,prop,3,2026-08-14 03:00:00,24.1,No,102454578646280162427313029106444653546026394152408180005140046057337729562773,0.01,0.99,0.5,0.98,0.96,0.96,0.96,95.04,95.04,95.04,1,1,
2026-08-14 02:35:52,826070,3477070,Game 3: Both Teams Destroy Inhibitors?,prop,3,2026-08-14 03:00:00,24.1,Yes,37140353425416026858198430022763744658491197274004779834832527078807411250706,0.01,0.99,0.5,0.98,0.94,0.94,0.94,95.04,95.04,95.04,1,1,
2026-08-14 02:35:52,826070,3477070,Game 3: Both Teams Destroy Inhibitors?,prop,3,2026-08-14 03:00:00,24.1,No,81160108446775656753351553464289021811897715068601840646033017734259696288239,0.01,0.99,0.5,0.98,0.96,0.96,0.96,92.81,92.81,92.81,1,1,
2026-08-14 02:35:52,826070,3477071,Game 3: Any Player Quadra Kill?,prop,3,2026-08-14 03:00:00,24.1,Yes,98730301607993226617635192895346323156884766053134987563113989760237051075734,,,,,0.0,0.0,0.0,0.0,0.0,0.0,0,0,
2026-08-14 02:35:52,826070,3477071,Game 3: Any Player Quadra Kill?,prop,3,2026-08-14 03:00:00,24.1,No,47636245891328174531136161073693506541960443755198252563254227701534011303241,,,,,0.0,0.0,0.0,0.0,0.0,0.0,0,0,
2026-08-14 02:35:52,826070,3477072,Game 3: Any Player Penta Kill?,prop,3,2026-08-14 03:00:00,24.1,Yes,36582442770858592965786294186284019287317276526405187098158230226204042128980,,,,,0.0,0.0,0.0,0.0,0.0,0.0,0,0,
2026-08-14 02:35:52,826070,3477072,Game 3: Any Player Penta Kill?,prop,3,2026-08-14 03:00:00,24.1,No,72354692448307767435386725107072578807273666862716740697784668362154773401142,,,,,0.0,0.0,0.0,0.0,0.0,0.0,0,0,
2026-08-14 02:35:52,826070,3477073,Game 3: Odd/Even Total Kills?,odd_even,3,2026-08-14 03:00:00,24.1,Odd,17265110502119578793708135589809973427915605037445313419433454040796130326698,0.01,0.99,0.5,0.98,0.96,0.96,0.96,95.04,95.04,95.04,1,1,
2026-08-14 02:35:52,826070,3477073,Game 3: Odd/Even Total Kills?,odd_even,3,2026-08-14 03:00:00,24.1,Even,1107446221436908324166515020190090286245833902787500387186505680943047252583,0.01,0.99,0.5,0.98,0.96,0.96,0.96,95.04,95.04,95.04,1,1,
2026-08-14 02:41:50,812499,3407716,LoL: T1 Academy vs Dplus KIA Challengers - Game 1 Winner,map,1,2026-08-14 03:00:00,18.2,T1 Academy,39734844495353304395398396140221540149305519357715269073311726294226019570550,0.6,0.61,0.605,0.01,11050.5,12753.95,15811.45,4723.83,9016.73,12068.82,22,19,357.022996
2026-08-14 02:41:50,812499,3407716,LoL: T1 Academy vs Dplus KIA Challengers - Game 1 Winner,map,1,2026-08-14 03:00:00,18.2,Dplus KIA Challengers,33269339650279858595555088093374570383524449579809902479647974050760364184259,0.39,0.4,0.395,0.01,2998.12,5432.62,7007.37,7659.83,8931.38,11423.88,19,22,357.022996
2026-08-14 02:41:50,812499,3407717,LoL: T1 Academy vs Dplus KIA Challengers - Game 2 Winner,map,2,2026-08-14 03:00:00,18.2,T1 Academy,65413134936637378696103480670341747188714493905423788592364522087047313278527,0.6,0.61,0.605,0.01,8861.95,11689.05,13458.33,2111.94,2557.34,3207.34,22,19,59.580242
2026-08-14 02:41:50,812499,3407717,LoL: T1 Academy vs Dplus KIA Challengers - Game 2 Winner,map,2,2026-08-14 03:00:00,18.2,Dplus KIA Challengers,109850116150453228098769636194777220136528900176432751128686947209537047715503,0.39,0.4,0.395,0.01,1324.39,1579.16,1929.16,6158.05,8240.95,9686.56,19,22,59.580242
2026-08-14 02:41:50,812499,3407718,LoL: T1 Academy vs Dplus KIA Challengers (BO3) - LCK Challengers League Rounds 3-4 Challenge Group,series,,2026-08-14 03:00:00,18.2,T1 Academy,29334009531926017999172713361554624736754304108781329166019313376852181532606,0.66,0.67,0.665,0.01,15163.93,19089.42,21038.52,12306.78,16811.79,17131.29,47,24,27067.438588
2026-08-14 02:41:50,812499,3407718,LoL: T1 Academy vs Dplus KIA Challengers (BO3) - LCK Challengers League Rounds 3-4 Challenge Group,series,,2026-08-14 03:00:00,18.2,Dplus KIA Challengers,86576119660677556215120793453634271480079124875691072264113236209109323222775,0.33,0.34,0.335,0.01,6011.66,7974.65,8105.15,7861.8,10116.29,11357.19,24,47,27067.438588
2026-08-14 02:41:50,812499,3407719,Games Total: O/U 2.5,total_games,,2026-08-14 03:00:00,18.2,Over,12254491551645605749999948566783532239763590860890971634914438946306484415625,0.46,0.48,0.47,0.02,75.52,532.78,2068.03,1161.73,1406.68,2707.14,9,14,218.19906699999999
2026-08-14 02:41:50,812499,3407719,Games Total: O/U 2.5,total_games,,2026-08-14 03:00:00,18.2,Under,68717137278381026545457297595820702026186759179231499229342417358442267129224,0.52,0.54,0.53,0.02,1215.26,1452.17,2610.3,89.91,686.6,2889.22,14,9,218.19906699999999
2026-08-14 02:41:50,812499,3407720,Game Handicap: T1.A (-1.5) vs Dplus KIA Challengers (+1.5),handicap,,2026-08-14 03:00:00,18.2,T1 Academy,112387528592292424930650532924576804503241362728004667616961247667692272312413,0.37,0.38,0.375,0.01,18.52,262.33,866.77,648.46,1073.26,1073.26,10,14,750.61431
2026-08-14 02:41:50,812499,3407720,Game Handicap: T1.A (-1.5) vs Dplus KIA Challengers (+1.5),handicap,,2026-08-14 03:00:00,18.2,Dplus KIA Challengers,94189587113690720225125693998745295556487555508602796811274630370563126617623,0.62,0.63,0.625,0.01,1023.81,1648.37,1648.37,31.54,495.27,1739.1,14,10,750.61431
2026-08-14 02:41:50,812499,3407721,Game 1: Both Teams Slay Baron Nashor?,prop,1,2026-08-14 03:00:00,18.2,Yes,40069868393640809104786506776915751658534703452875290458511978206216443518807,0.02,0.99,0.505,0.97,1.01,1.01,1.01,99.99,99.99,99.99,2,1,
2026-08-14 02:41:50,812499,3407721,Game 1: Both Teams Slay Baron Nashor?,prop,1,2026-08-14 03:00:00,18.2,No,50608849903554909222219439429204277119215627374900112590959682663938465769933,0.01,0.99,0.5,0.98,1.01,1.01,1.01,21.78,21.78,21.78,1,1,
2026-08-14 02:41:50,812499,3407722,Game 1: Both Teams Slay a Dragon?,prop,1,2026-08-14 03:00:00,18.2,Yes,64687367087236276548065101683258903075752340820526093114401398914562723872435,0.01,0.99,0.5,0.98,1.01,1.01,1.01,99.99,99.99,99.99,1,1,
2026-08-14 02:41:50,812499,3407722,Game 1: Both Teams Slay a Dragon?,prop,1,2026-08-14 03:00:00,18.2,No,26917764894392864707600724979145293015616736651873463361668909405225770515800,0.01,0.99,0.5,0.98,1.01,1.01,1.01,99.99,99.99,99.99,1,1,
2026-08-14 02:41:50,812499,3407723,Game 1: Both Teams Destroy Inhibitors?,prop,1,2026-08-14 03:00:00,18.2,Yes,90909758418785757498339848282956469721252985181476774447367514416062374905071,0.01,0.99,0.5,0.98,0.99,0.99,0.99,99.99,99.99,99.99,1,1,
2026-08-14 02:41:50,812499,3407723,Game 1: Both Teams Destroy Inhibitors?,prop,1,2026-08-14 03:00:00,18.2,No,97306944816021298866960210528887417854859989203311809746657546857239695639465,0.01,0.99,0.5,0.98,1.01,1.01,1.01,97.76,97.76,97.76,1,1,
2026-08-14 02:41:50,812499,3407724,Game 1: Any Player Quadra Kill?,prop,1,2026-08-14 03:00:00,18.2,Yes,40480664112673814293878383496256759291306966101765432817155796609878716191611,0.01,0.99,0.5,0.98,0.05,0.05,0.05,4.95,4.95,4.95,1,1,
2026-08-14 02:41:50,812499,3407724,Game 1: Any Player Quadra Kill?,prop,1,2026-08-14 03:00:00,18.2,No,14076318087349160081892552307719855776657942293180940006992128639325104402095,0.01,0.99,0.5,0.98,0.05,0.05,0.05,4.95,4.95,4.95,1,1,
2026-08-14 02:41:50,812499,3407725,Game 1: Any Player Penta Kill?,prop,1,2026-08-14 03:00:00,18.2,Yes,83951240816212277150512877212327250889048265428194239222014223541148332980146,0.01,0.15,0.08,0.14,0.05,0.05,0.05,0.75,0.75,1.75,1,5,
2026-08-14 02:41:50,812499,3407725,Game 1: Any Player Penta Kill?,prop,1,2026-08-14 03:00:00,18.2,No,14552533511971407204042061068349266750490465725326712708556780935391488764747,0.85,0.99,0.92,0.14,4.25,4.25,8.25,4.95,4.95,4.95,5,1,
2026-08-14 02:41:50,812499,3407726,Game 1: Odd/Even Total Kills?,odd_even,1,2026-08-14 03:00:00,18.2,Odd,30008734824659626946333304876575234022448750432748410603007444659876904754544,0.49,0.51,0.5,0.02,98.0,98.0,98.0,102.0,102.0,102.0,3,3,
2026-08-14 02:41:50,812499,3407726,Game 1: Odd/Even Total Kills?,odd_even,1,2026-08-14 03:00:00,18.2,Even,99395084138140294423547521803551548703320007241030462665435762504531763643878,0.49,0.51,0.5,0.02,98.0,98.0,98.0,102.0,102.0,102.0,3,3,
2026-08-14 02:41:50,812499,3407727,Game 2: Both Teams Slay Baron Nashor?,prop,2,2026-08-14 03:00:00,18.2,Yes,58129688162656381793690234448367947337214519902641172243030953744164978549829,0.01,0.99,0.5,0.98,1.01,1.01,1.01,99.99,99.99,99.99,1,1,
2026-08-14 02:41:50,812499,3407727,Game 2: Both Teams Slay Baron Nashor?,prop,2,2026-08-14 03:00:00,18.2,No,37784282596358571641116459773582983188118603190781422145404475059195349143098,0.01,0.99,0.5,0.98,1.01,1.01,1.01,99.99,99.99,99.99,1,1,
2026-08-14 02:41:50,812499,3407728,Game 2: Both Teams Slay a Dragon?,prop,2,2026-08-14 03:00:00,18.2,Yes,67100635698749036243996596083856731930110083604846187832565784378462214356906,0.01,0.99,0.5,0.98,1.01,1.01,1.01,99.99,99.99,99.99,1,1,
2026-08-14 02:41:50,812499,3407728,Game 2: Both Teams Slay a Dragon?,prop,2,2026-08-14 03:00:00,18.2,No,42625504916961847735090009072914737766516948044519350934640603247822281703262,0.01,0.99,0.5,0.98,1.01,1.01,1.01,99.99,99.99,99.99,1,1,
2026-08-14 02:41:50,812499,3407729,Game 2: Both Teams Destroy Inhibitors?,prop,2,2026-08-14 03:00:00,18.2,Yes,40023438874668498144632750208657873382044520843447740625081184081555141180970,0.01,0.99,0.5,0.98,0.99,0.99,0.99,99.99,99.99,99.99,1,1,
2026-08-14 02:41:50,812499,3407729,Game 2: Both Teams Destroy Inhibitors?,prop,2,2026-08-14 03:00:00,18.2,No,484091212595295130994775780202175233930586477475167866439140463580364160749,0.01,0.99,0.5,0.98,1.01,1.01,1.01,97.76,97.76,97.76,1,1,
2026-08-14 02:41:50,812499,3407730,Game 2: Any Player Quadra Kill?,prop,2,2026-08-14 03:00:00,18.2,Yes,57512002909106302457374648538616826010950529161110952092924294330557738326260,0.01,0.99,0.5,0.98,0.05,0.05,0.05,4.95,4.95,4.95,1,1,
2026-08-14 02:41:50,812499,3407730,Game 2: Any Player Quadra Kill?,prop,2,2026-08-14 03:00:00,18.2,No,46528999239069913500878472010371195055074690848476631394902559060981264912902,0.01,0.99,0.5,0.98,0.05,0.05,0.05,4.95,4.95,4.95,1,1,
2026-08-14 02:41:50,812499,3407731,Game 2: Any Player Penta Kill?,prop,2,2026-08-14 03:00:00,18.2,Yes,10367002689217741199289369255672046887753394169252950796871025362076925359402,0.01,0.15,0.08,0.14,0.05,0.05,0.05,0.75,0.75,1.75,1,5,
2026-08-14 02:41:50,812499,3407731,Game 2: Any Player Penta Kill?,prop,2,2026-08-14 03:00:00,18.2,No,44629523316220057660997646176727280068477055828540480140172757604033758965591,0.85,0.99,0.92,0.14,4.25,4.25,8.25,4.95,4.95,4.95,5,1,
2026-08-14 02:41:50,812499,3407732,Game 2: Odd/Even Total Kills?,odd_even,2,2026-08-14 03:00:00,18.2,Odd,68118589223287351123746973139702260581892652876242555636600008179922666725119,0.49,0.51,0.5,0.02,98.0,98.0,98.0,102.0,102.0,102.0,3,3,
2026-08-14 02:41:50,812499,3407732,Game 2: Odd/Even Total Kills?,odd_even,2,2026-08-14 03:00:00,18.2,Even,11563884776145307024557473783891356249853220511404723988011218691689405038835,0.49,0.51,0.5,0.02,98.0,98.0,98.0,102.0,102.0,102.0,3,3,
2026-08-14 02:41:50,812499,3407733,Game 3: Both Teams Slay Baron Nashor?,prop,3,2026-08-14 03:00:00,18.2,Yes,15108330882199972065167953232972112332503134649241289853150575394305889536382,0.01,0.99,0.5,0.98,1.01,1.01,1.01,99.99,99.99,99.99,1,1,
2026-08-14 02:41:50,812499,3407733,Game 3: Both Teams Slay Baron Nashor?,prop,3,2026-08-14 03:00:00,18.2,No,11583353539019187263341757865616242101793514605533674611840543623085353915285,0.01,0.99,0.5,0.98,1.01,1.01,1.01,99.99,99.99,99.99,1,1,
2026-08-14 02:41:50,812499,3407734,Game 3: Both Teams Slay a Dragon?,prop,3,2026-08-14 03:00:00,18.2,Yes,86518706067459875316993377887665484784139398669990316039811150778003477248591,0.01,0.99,0.5,0.98,1.01,1.01,1.01,99.99,99.99,99.99,1,1,
2026-08-14 02:41:50,812499,3407734,Game 3: Both Teams Slay a Dragon?,prop,3,2026-08-14 03:00:00,18.2,No,6330268134995515899876922471865852432628309512536344065282936223963491226645,0.01,0.99,0.5,0.98,1.01,1.01,1.01,99.99,99.99,99.99,1,1,
2026-08-14 02:41:50,812499,3407735,Game 3: Both Teams Destroy Inhibitors?,prop,3,2026-08-14 03:00:00,18.2,Yes,46778385251335632815107295958228684502257914370849295054583406222456702799534,0.01,0.99,0.5,0.98,0.99,0.99,0.99,99.99,99.99,99.99,1,1,
2026-08-14 02:41:50,812499,3407735,Game 3: Both Teams Destroy Inhibitors?,prop,3,2026-08-14 03:00:00,18.2,No,17022380444954140080106111683131141599196325846984987422687868734754056013796,0.01,0.99,0.5,0.98,1.01,1.01,1.01,97.76,97.76,97.76,1,1,
2026-08-14 02:41:50,812499,3407736,Game 3: Any Player Quadra Kill?,prop,3,2026-08-14 03:00:00,18.2,Yes,89300494282854674899062293591156319703727387411768815627804385407768809680929,0.01,0.99,0.5,0.98,0.05,0.05,0.05,4.95,4.95,4.95,1,1,
2026-08-14 02:41:50,812499,3407736,Game 3: Any Player Quadra Kill?,prop,3,2026-08-14 03:00:00,18.2,No,114001328052018071192312018162667158102721309900817212379891076054206240411645,0.01,0.99,0.5,0.98,0.05,0.05,0.05,4.95,4.95,4.95,1,1,
2026-08-14 02:41:50,812499,3407737,Game 3: Any Player Penta Kill?,prop,3,2026-08-14 03:00:00,18.2,Yes,114930391155820671280932336596912874838796280776517417418481514020573563481141,0.01,0.99,0.5,0.98,0.05,0.05,0.05,4.95,4.95,4.95,1,1,
2026-08-14 02:41:50,812499,3407737,Game 3: Any Player Penta Kill?,prop,3,2026-08-14 03:00:00,18.2,No,25083949550735874000852664968153918873092872242306546089004263953312445332311,0.01,0.99,0.5,0.98,0.05,0.05,0.05,4.95,4.95,4.95,1,1,
2026-08-14 02:41:50,812499,3407738,Game 3: Odd/Even Total Kills?,odd_even,3,2026-08-14 03:00:00,18.2,Odd,55002932149693205039252313297704990705936164068114650496235005232232448118768,0.49,0.51,0.5,0.02,98.0,98.0,98.0,102.0,102.0,102.0,3,4,
2026-08-14 02:41:50,812499,3407738,Game 3: Odd/Even Total Kills?,odd_even,3,2026-08-14 03:00:00,18.2,Even,22731531805730680844471275051506006731851300824476975059046552919830390345510,0.49,0.51,0.5,0.02,98.0,98.0,98.0,102.0,102.0,102.0,4,3,
2026-08-14 02:41:50,812500,3407739,LoL: BNK FearX Youth vs HANJIN BRION Challengers - Game 1 Winner,map,1,2026-08-14 05:00:00,138.2,BNK FearX Youth,61663936455102720529851768719096966279739088515242859634351510053320021427857,0.59,0.6,0.595,0.01,799.1,4114.71,4829.69,280.21,2039.84,3816.37,27,26,2529.627845
2026-08-14 02:41:50,812500,3407739,LoL: BNK FearX Youth vs HANJIN BRION Challengers - Game 1 Winner,map,1,2026-08-14 05:00:00,138.2,HANJIN BRION Challengers,42234029726181362412603779948886866264430875684742909834436718516098761282889,0.4,0.41,0.405,0.01,180.47,1238.15,2213.52,566.02,3133.05,3739.42,26,27,2529.627845
2026-08-14 02:41:50,812500,3407740,LoL: BNK FearX Youth vs HANJIN BRION Challengers - Game 2 Winner,map,2,2026-08-14 05:00:00,138.2,BNK FearX Youth,107808309436641300893312675613018183409013019586056788222963388770887566279759,0.59,0.6,0.595,0.01,739.74,3422.0,4766.12,1063.45,2159.53,3202.68,28,27,2555.920529
2026-08-14 02:41:50,812500,3407740,LoL: BNK FearX Youth vs HANJIN BRION Challengers - Game 2 Winner,map,2,2026-08-14 05:00:00,138.2,HANJIN BRION Challengers,108190713726091544908980663096828147669429426515696290929034353759153855371872,0.4,0.41,0.405,0.01,689.69,1353.41,1923.94,526.38,2620.7,3740.9,27,28,2555.920529
2026-08-14 02:41:50,812500,3407741,LoL: BNK FearX Youth vs HANJIN BRION Challengers (BO3) - LCK Challengers League Rounds 3-4 Trial Group,series,,2026-08-14 05:00:00,138.2,BNK FearX Youth,4709157790055180552341123243460762988257059370615011807866571989785820996007,0.64,0.65,0.645,0.01,13316.31,15307.73,17546.03,13507.75,18406.28,20212.28,43,25,21254.001405999996
2026-08-14 02:41:50,812500,3407741,LoL: BNK FearX Youth vs HANJIN BRION Challengers (BO3) - LCK Challengers League Rounds 3-4 Trial Group,series,,2026-08-14 05:00:00,138.2,HANJIN BRION Challengers,78953976754099792644259899378966754561173836122361982355623147636345680203948,0.35,0.36,0.355,0.01,7234.77,9572.29,10346.29,7677.2,8938.15,10480.35,25,43,21254.001405999996
2026-08-14 02:41:50,812500,3407742,Games Total: O/U 2.5,total_games,,2026-08-14 05:00:00,138.2,Over,92276135268136739124520169377318113815189044479197789767602638268546461184061,0.46,0.47,0.465,0.01,521.16,1243.71,1814.46,228.01,834.85,1057.78,30,28,12460.124325
2026-08-14 02:41:50,812500,3407742,Games Total: O/U 2.5,total_games,,2026-08-14 05:00:00,138.2,Under,75172933509377648381665745794974452683403650699414327328586378058335219068050,0.53,0.54,0.535,0.01,256.18,875.5,1081.28,617.23,1564.66,2381.41,28,30,12460.124325
2026-08-14 02:41:50,812500,3407743,Game Handicap: FOX.Y (-1.5) vs HANJIN BRION Challengers (+1.5),handicap,,2026-08-14 05:00:00,138.2,BNK FearX Youth,28056190424496620422390413104090982910658404924761402830580049883862063899907,0.34,0.35,0.345,0.01,110.5,578.61,765.92,14.61,232.65,457.84,17,15,718.6659819999999
2026-08-14 02:41:50,812500,3407743,Game Handicap: FOX.Y (-1.5) vs HANJIN BRION Challengers (+1.5),handicap,,2026-08-14 05:00:00,138.2,HANJIN BRION Challengers,83088721436173965622006440777948770695175995616684936722852600465292900831936,0.65,0.66,0.655,0.01,26.8,383.46,729.25,223.46,1244.13,1688.85,15,17,718.6659819999999
2026-08-14 02:41:50,812500,3407744,Game 1: Both Teams Slay Baron Nashor?,prop,1,2026-08-14 05:00:00,138.2,Yes,100315910748355254837447175433844190501038481535618161174574469556825818591812,0.06,0.5,0.28,0.44,176.0,176.0,177.01,176.0,176.0,176.0,2,2,
2026-08-14 02:41:50,812500,3407744,Game 1: Both Teams Slay Baron Nashor?,prop,1,2026-08-14 05:00:00,138.2,No,76695919881543110155683999703013506106666117525109998233075735667065262555257,0.5,0.94,0.72,0.44,176.0,176.0,176.0,2757.33,2757.33,2857.31,2,2,
2026-08-14 02:41:50,812500,3407745,Game 1: Both Teams Slay a Dragon?,prop,1,2026-08-14 05:00:00,138.2,Yes,22528557460313114895491100701446185514083262707562640533159631804605832623758,0.5,0.79,0.645,0.29,176.0,176.0,176.0,662.09,662.09,662.09,2,2,
2026-08-14 02:41:50,812500,3407745,Game 1: Both Teams Slay a Dragon?,prop,1,2026-08-14 05:00:00,138.2,No,111719982073440494596637220557882732832342237008015925473728205120143084818142,0.21,0.5,0.355,0.29,176.0,176.0,176.0,176.0,176.0,176.0,2,2,
2026-08-14 02:41:50,812500,3407746,Game 1: Both Teams Destroy Inhibitors?,prop,1,2026-08-14 05:00:00,138.2,Yes,102015644364337373304958190412524133722067167548401185640506892992233253816221,0.05,0.5,0.275,0.45,176.39,176.39,177.01,176.0,176.0,176.0,3,2,
2026-08-14 02:41:50,812500,3407746,Game 1: Both Teams Destroy Inhibitors?,prop,1,2026-08-14 05:00:00,138.2,No,79051556571885796194539247443195689732745795285052036820979417847106397667601,0.5,0.95,0.725,0.45,176.0,176.0,176.0,4231.48,4231.48,4292.5,2,3,
2026-08-14 02:41:50,812500,3407747,Game 1: Any Player Quadra Kill?,prop,1,2026-08-14 05:00:00,138.2,Yes,26710921275625404505056773265693662361876704590821399911826241301751673587149,0.07,0.5,0.285,0.43,176.0,176.0,176.0,176.0,176.0,176.0,2,2,
2026-08-14 02:41:50,812500,3407747,Game 1: Any Player Quadra Kill?,prop,1,2026-08-14 05:00:00,138.2,No,93968963195077369200919487637351234938964989272421779584427039793519294281254,0.5,0.93,0.715,0.43,176.0,176.0,176.0,2338.28,2338.28,2338.28,2,2,
2026-08-14 02:41:50,812500,3407748,Game 1: Any Player Penta Kill?,prop,1,2026-08-14 05:00:00,138.2,Yes,112894733441774993623126215114218924485095801202348585552578540782541586703397,0.01,0.5,0.255,0.49,176.05,176.05,176.05,176.0,176.0,176.0,1,2,
2026-08-14 02:41:50,812500,3407748,Game 1: Any Player Penta Kill?,prop,1,2026-08-14 05:00:00,138.2,No,91952076391574419055919837609434990335076390976729873485357740908976831871632,0.5,0.99,0.745,0.49,176.0,176.0,176.0,17428.95,17428.95,17428.95,2,1,
2026-08-14 02:41:50,812500,3407749,Game 1: Odd/Even Total Kills?,odd_even,1,2026-08-14 05:00:00,138.2,Odd,32848162093516195379139231796286054395603262109309254908226315237881396997000,0.49,0.51,0.5,0.02,131.66,143.64,428.25,138.13,152.19,500.06,8,8,
2026-08-14 02:41:50,812500,3407749,Game 1: Odd/Even Total Kills?,odd_even,1,2026-08-14 05:00:00,138.2,Even,55021576952347549260624848959361573180356957556440694582427231752311741888467,0.49,0.51,0.5,0.02,131.66,143.64,428.25,138.13,152.19,500.06,8,8,
2026-08-14 02:41:50,812500,3407750,Game 2: Both Teams Slay Baron Nashor?,prop,2,2026-08-14 05:00:00,138.2,Yes,97877118867019311861316666766462908864478753853178147427401515473268771239471,0.06,0.5,0.28,0.44,176.0,176.0,177.01,176.0,176.0,176.0,2,2,
2026-08-14 02:41:50,812500,3407750,Game 2: Both Teams Slay Baron Nashor?,prop,2,2026-08-14 05:00:00,138.2,No,101719955781485808478825279041139319336382429106729864175832223089426518525915,0.5,0.94,0.72,0.44,176.0,176.0,176.0,2757.33,2757.33,2857.32,2,2,
2026-08-14 02:41:50,812500,3407751,Game 2: Both Teams Slay a Dragon?,prop,2,2026-08-14 05:00:00,138.2,Yes,47297680764440435034908332421262931037459217405696163811547313651467330170718,0.5,0.79,0.645,0.29,176.0,176.0,176.0,662.09,662.09,662.09,2,2,
2026-08-14 02:41:50,812500,3407751,Game 2: Both Teams Slay a Dragon?,prop,2,2026-08-14 05:00:00,138.2,No,23989265404590266695157366851083201637045652483925584723159543825808201424379,0.21,0.5,0.355,0.29,176.0,176.0,176.0,176.0,176.0,176.0,2,2,
2026-08-14 02:41:50,812500,3407752,Game 2: Both Teams Destroy Inhibitors?,prop,2,2026-08-14 05:00:00,138.2,Yes,36118710167082995409349519645958671600314701568827679019948470339439596629305,0.05,0.5,0.275,0.45,176.38,176.38,177.01,176.0,176.0,176.0,3,2,
2026-08-14 02:41:50,812500,3407752,Game 2: Both Teams Destroy Inhibitors?,prop,2,2026-08-14 05:00:00,138.2,No,22051017317047635342500083586640641278478909574563877304072568978735527884807,0.5,0.95,0.725,0.45,176.0,176.0,176.0,4231.26,4231.26,4293.42,2,3,
2026-08-14 02:41:50,812500,3407753,Game 2: Any Player Quadra Kill?,prop,2,2026-08-14 05:00:00,138.2,Yes,58807234942451841241022433088812455930302780501410971969865241860350913908259,0.07,0.5,0.285,0.43,176.0,176.0,176.0,176.0,176.0,176.0,2,2,
2026-08-14 02:41:50,812500,3407753,Game 2: Any Player Quadra Kill?,prop,2,2026-08-14 05:00:00,138.2,No,67610973198289160033085562258079641623102165084127740059987302312234651513258,0.5,0.93,0.715,0.43,176.0,176.0,176.0,2338.28,2338.28,2338.28,2,2,
2026-08-14 02:41:50,812500,3407754,Game 2: Any Player Penta Kill?,prop,2,2026-08-14 05:00:00,138.2,Yes,64636778969528768893935901549188989277569900524229601745022333725042773975659,0.01,0.5,0.255,0.49,176.05,176.05,176.05,176.0,176.0,176.0,1,2,
2026-08-14 02:41:50,812500,3407754,Game 2: Any Player Penta Kill?,prop,2,2026-08-14 05:00:00,138.2,No,24637814849118864058445072991262267792789278042574602351517704206601256691646,0.5,0.99,0.745,0.49,176.0,176.0,176.0,17428.95,17428.95,17428.95,2,1,
2026-08-14 02:41:50,812500,3407755,Game 2: Odd/Even Total Kills?,odd_even,2,2026-08-14 05:00:00,138.2,Odd,89132671465319801984196745843834846416244136716772814394593698925920785988347,0.49,0.51,0.5,0.02,131.66,143.64,428.25,138.13,152.19,500.06,8,7,
2026-08-14 02:41:50,812500,3407755,Game 2: Odd/Even Total Kills?,odd_even,2,2026-08-14 05:00:00,138.2,Even,23772193768728815416979274790047390098007350518635703771944232234280869494479,0.49,0.51,0.5,0.02,131.66,143.64,428.25,138.13,152.19,500.06,7,8,
2026-08-14 02:41:50,812500,3407756,Game 3: Both Teams Slay Baron Nashor?,prop,3,2026-08-14 05:00:00,138.2,Yes,24551762467780504210757017514656860109633869494113144703849068703959601268673,0.07,0.99,0.53,0.92,176.4,176.4,176.4,99.99,99.99,99.99,3,1,
2026-08-14 02:41:50,812500,3407756,Game 3: Both Teams Slay Baron Nashor?,prop,3,2026-08-14 05:00:00,138.2,No,92102471374974848250230863328435931811182626128088800904066639574937320815337,0.01,0.93,0.47,0.92,1.01,1.01,1.01,2762.68,2762.68,2762.68,1,3,
2026-08-14 02:41:50,812500,3407757,Game 3: Both Teams Slay a Dragon?,prop,3,2026-08-14 05:00:00,138.2,Yes,105094231123555274880570448823486931970030904367641419451399134893231939244446,0.01,0.79,0.4,0.78,1.01,1.01,1.01,662.09,662.09,662.09,1,2,
2026-08-14 02:41:50,812500,3407757,Game 3: Both Teams Slay a Dragon?,prop,3,2026-08-14 05:00:00,138.2,No,109014455888086068752688760252979925952031440819867195106974328993910223862769,0.21,0.99,0.6,0.78,176.0,176.0,176.0,99.98,99.98,99.98,2,1,
2026-08-14 02:41:50,812500,3407758,Game 3: Both Teams Destroy Inhibitors?,prop,3,2026-08-14 05:00:00,138.2,Yes,11499728086856774147918517498478056991605051727557688632058241656568015942179,0.05,0.99,0.52,0.94,176.51,176.51,177.01,99.99,99.99,99.99,3,1,
2026-08-14 02:41:50,812500,3407758,Game 3: Both Teams Destroy Inhibitors?,prop,3,2026-08-14 05:00:00,138.2,No,71331753933838756945698401235301506856154222385900681314053669927744665300268,0.01,0.95,0.48,0.94,1.01,1.01,1.01,4233.61,4233.61,4283.5,1,3,
2026-08-14 02:41:50,812500,3407759,Game 3: Any Player Quadra Kill?,prop,3,2026-08-14 05:00:00,138.2,Yes,47421305575153937544146820599736168513827203673828466756713059966501144155809,0.07,0.99,0.53,0.92,176.0,176.0,176.0,4.95,4.95,4.95,2,1,
2026-08-14 02:41:50,812500,3407759,Game 3: Any Player Quadra Kill?,prop,3,2026-08-14 05:00:00,138.2,No,5552884444941479301335256995977407725017527851202209555956852640959352319922,0.01,0.93,0.47,0.92,0.05,0.05,0.05,2338.28,2338.28,2338.28,1,2,
2026-08-14 02:41:50,812500,3407760,Game 3: Any Player Penta Kill?,prop,3,2026-08-14 05:00:00,138.2,Yes,102996765780386697047720186968511898643728347582999249513342982330729739171052,0.01,0.99,0.5,0.98,176.05,176.05,176.05,4.95,4.95,4.95,1,1,
2026-08-14 02:41:50,812500,3407760,Game 3: Any Player Penta Kill?,prop,3,2026-08-14 05:00:00,138.2,No,42319548810746199058964111262747327533525346884991531332840418409971882446366,0.01,0.99,0.5,0.98,0.05,0.05,0.05,17428.95,17428.95,17428.95,1,1,
2026-08-14 02:41:50,812500,3407761,Game 3: Odd/Even Total Kills?,odd_even,3,2026-08-14 05:00:00,138.2,Odd,32753689779373724055024054576187425028926857048917614701853851903254710657703,0.49,0.51,0.5,0.02,131.66,143.64,428.25,138.13,152.19,500.06,8,8,
2026-08-14 02:41:50,812500,3407761,Game 3: Odd/Even Total Kills?,odd_even,3,2026-08-14 05:00:00,138.2,Even,89209463628517423703665674201516273330810059098694242442514499005623124181252,0.49,0.51,0.5,0.02,131.66,143.64,428.25,138.13,152.19,500.06,8,8,
2026-08-14 02:41:50,826070,3477050,LoL: NRG Esports vs Contingent Esports - Game 1 Winner,map,1,2026-08-14 03:00:00,18.2,NRG Esports,80814790902632668004539328994746617014614315928060173257015852122406695311005,0.8,0.81,0.805,0.01,761.17,1699.51,1699.51,1402.2,2950.76,6460.12,17,11,815.878129
2026-08-14 02:41:50,826070,3477050,LoL: NRG Esports vs Contingent Esports - Game 1 Winner,map,1,2026-08-14 03:00:00,18.2,Contingent Esports,107651310737272584966890037363108476219576749219700416899862916279592660232089,0.19,0.2,0.195,0.01,315.51,623.57,1225.87,201.69,469.15,469.15,11,17,815.878129
2026-08-14 02:41:50,826070,3477051,LoL: NRG Esports vs Contingent Esports - Game 2 Winner,map,2,2026-08-14 03:00:00,18.2,NRG Esports,7118869453742291045797317815564893062933350229077106358535601493893500087591,0.8,0.81,0.805,0.01,1435.4,2508.28,2508.28,540.99,2375.96,6566.33,17,9,
2026-08-14 02:41:50,826070,3477051,LoL: NRG Esports vs Contingent Esports - Game 2 Winner,map,2,2026-08-14 03:00:00,18.2,Contingent Esports,108002125035495150522720856231525573531669999272447427854984681030770827642415,0.19,0.2,0.195,0.01,125.26,487.31,1208.3,379.33,683.32,683.32,9,17,
2026-08-14 02:41:50,826070,3477052,LoL: NRG Esports vs Contingent Esports (BO3) - North American Challengers League Group Stage,series,,2026-08-14 03:00:00,18.2,NRG Esports,43038352639417355691707647173859018730749533391426346756399874481168166294619,0.85,0.86,0.855,0.01,1028.66,2006.06,3848.97,2381.39,4408.18,6639.13,58,14,6622.097112000001
2026-08-14 02:41:50,826070,3477052,LoL: NRG Esports vs Contingent Esports (BO3) - North American Challengers League Group Stage,series,,2026-08-14 03:00:00,18.2,Contingent Esports,84678973437664474131672312186325078675557922490434064743358042746648544685152,0.14,0.15,0.145,0.01,370.62,632.83,867.48,195.26,397.1,841.79,14,58,6622.097112000001
2026-08-14 02:41:50,826070,3477053,Games Total: O/U 2.5,total_games,,2026-08-14 03:00:00,18.2,Over,55750592239967941703301064844243535772993617325443398709488185293476935877531,0.28,0.29,0.285,0.01,267.28,906.61,906.61,340.92,480.27,502.06,13,35,5020.485024
2026-08-14 02:41:50,826070,3477053,Games Total: O/U 2.5,total_games,,2026-08-14 03:00:00,18.2,Under,82152669265463547990220171689636558584137366588986322786820150257732179196557,0.71,0.72,0.715,0.01,822.36,1119.84,1163.45,688.87,2605.42,2605.42,35,13,5020.485024
2026-08-14 02:41:50,826070,3477054,Game Handicap: NRG (-1.5) vs Contingent Esports (+1.5),handicap,,2026-08-14 03:00:00,18.2,NRG Esports,95412707328160076383234584804646983201601033147527050227749727111466216606486,0.66,0.79,0.725,0.13,1234.53,4608.34,4608.34,78.98,78.98,78.98,24,7,10736.401806000002
2026-08-14 02:41:50,826070,3477054,Game Handicap: NRG (-1.5) vs Contingent Esports (+1.5),handicap,,2026-08-14 03:00:00,18.2,Contingent Esports,79376817134124206774201685278379459810679800756916708410468012280981017893764,0.21,0.34,0.275,0.13,20.06,20.06,20.06,641.79,2559.72,2559.72,7,24,10736.401806000002
2026-08-14 02:41:50,826070,3477055,Game 1: Both Teams Slay Baron Nashor?,prop,1,2026-08-14 03:00:00,18.2,Yes,87681573095327547420633314226806041000149028170713311037612514061710912723742,0.01,0.99,0.5,0.98,0.96,0.96,0.96,95.04,95.04,95.04,1,1,
2026-08-14 02:41:50,826070,3477055,Game 1: Both Teams Slay Baron Nashor?,prop,1,2026-08-14 03:00:00,18.2,No,69312485936334009045325800311715558032922672642482501491119421898458006349825,0.01,0.99,0.5,0.98,0.96,0.96,0.96,95.04,95.04,95.04,1,1,
2026-08-14 02:41:50,826070,3477056,Game 1: Both Teams Slay a Dragon?,prop,1,2026-08-14 03:00:00,18.2,Yes,83805735251597132117951173378137346357296339870381814266398461580520007861517,0.24,0.99,0.615,0.75,72.0,72.0,72.0,95.03,95.03,95.03,2,1,
2026-08-14 02:41:50,826070,3477056,Game 1: Both Teams Slay a Dragon?,prop,1,2026-08-14 03:00:00,18.2,No,24156205806670798372110555621724125417579911628083855143977773542489628788926,0.01,0.76,0.385,0.75,0.96,0.96,0.96,228.0,228.0,228.0,1,2,
2026-08-14 02:41:50,826070,3477057,Game 1: Both Teams Destroy Inhibitors?,prop,1,2026-08-14 03:00:00,18.2,Yes,70847180670013690410054498405126312924929675515172003776071312263632441945977,0.01,0.99,0.5,0.98,0.94,0.94,0.94,95.04,95.04,95.04,1,1,
2026-08-14 02:41:50,826070,3477057,Game 1: Both Teams Destroy Inhibitors?,prop,1,2026-08-14 03:00:00,18.2,No,15552457357105246680088345561853174847839914230111380560590702628300617170166,0.01,0.99,0.5,0.98,0.96,0.96,0.96,92.81,92.81,92.81,1,1,
2026-08-14 02:41:50,826070,3477058,Game 1: Any Player Quadra Kill?,prop,1,2026-08-14 03:00:00,18.2,Yes,90611949896330126489333584640484616670727390063723860281928013878403906065721,,,,,0.0,0.0,0.0,0.0,0.0,0.0,0,0,
2026-08-14 02:41:50,826070,3477058,Game 1: Any Player Quadra Kill?,prop,1,2026-08-14 03:00:00,18.2,No,30801089695626298578988776831063320516250144642136439806183847895839275854811,,,,,0.0,0.0,0.0,0.0,0.0,0.0,0,0,
2026-08-14 02:41:50,826070,3477059,Game 1: Any Player Penta Kill?,prop,1,2026-08-14 03:00:00,18.2,Yes,48229925814520007661244111895915992051489252573972834651743984793002069701817,,0.4,,,0.0,0.0,0.0,2.0,2.0,2.0,0,1,
2026-08-14 02:41:50,826070,3477059,Game 1: Any Player Penta Kill?,prop,1,2026-08-14 03:00:00,18.2,No,9305314826584013047090950141969451002924314918612350007363467585821240369066,0.6,,,,3.0,3.0,3.0,0.0,0.0,0.0,1,0,
2026-08-14 02:41:50,826070,3477061,Game 1: Odd/Even Total Kills?,odd_even,1,2026-08-14 03:00:00,18.2,Odd,32494922393258859963201856101328517997010549162018639697250819883519722049068,0.01,0.99,0.5,0.98,0.96,0.96,0.96,95.04,95.04,95.04,1,1,
2026-08-14 02:41:50,826070,3477061,Game 1: Odd/Even Total Kills?,odd_even,1,2026-08-14 03:00:00,18.2,Even,112834540130252099583593253928265938091790513484363299374731806537792656031528,0.01,0.99,0.5,0.98,0.96,0.96,0.96,95.04,95.04,95.04,1,1,
2026-08-14 02:41:50,826070,3477062,Game 2: Both Teams Slay Baron Nashor?,prop,2,2026-08-14 03:00:00,18.2,Yes,55753683192199022612671704126737811310328029678442412170950072602131054587210,0.01,0.98,0.495,0.97,0.96,0.96,0.96,150.57,150.57,150.57,1,2,
2026-08-14 02:41:50,826070,3477062,Game 2: Both Teams Slay Baron Nashor?,prop,2,2026-08-14 03:00:00,18.2,No,55937094852319737792850165512480430449747853756905259274031753275691368112975,0.02,0.99,0.505,0.97,1.92,1.92,1.92,95.04,95.04,95.04,2,1,
2026-08-14 02:41:50,826070,3477063,Game 2: Both Teams Slay a Dragon?,prop,2,2026-08-14 03:00:00,18.2,Yes,48623647428517517453611058807537447198598988098824330225032342676302728625012,0.01,0.99,0.5,0.98,0.96,0.96,0.96,95.04,95.04,95.04,1,1,
2026-08-14 02:41:50,826070,3477063,Game 2: Both Teams Slay a Dragon?,prop,2,2026-08-14 03:00:00,18.2,No,42417195815488111081943362396002926413430486562906704641578354062740797580084,0.01,0.99,0.5,0.98,0.96,0.96,0.96,95.04,95.04,95.04,1,1,
2026-08-14 02:41:50,826070,3477064,Game 2: Both Teams Destroy Inhibitors?,prop,2,2026-08-14 03:00:00,18.2,Yes,23628154900252164597588937639111773709699026601186386386168618417735820690106,0.83,0.85,0.84,0.02,41.5,126.0,126.0,491.11,1146.11,1146.11,7,7,536.510966
2026-08-14 02:41:50,826070,3477064,Game 2: Both Teams Destroy Inhibitors?,prop,2,2026-08-14 03:00:00,18.2,No,85739117623916471191019361815038085504519438797717701017619191765882696246759,0.15,0.17,0.16,0.02,80.78,175.78,175.78,8.5,29.0,29.0,7,7,536.510966
2026-08-14 02:41:50,826070,3477065,Game 2: Any Player Quadra Kill?,prop,2,2026-08-14 03:00:00,18.2,Yes,53208917334913900389630971292939370679251910829672144758009133122161611227896,,,,,0.0,0.0,0.0,0.0,0.0,0.0,0,0,
2026-08-14 02:41:50,826070,3477065,Game 2: Any Player Quadra Kill?,prop,2,2026-08-14 03:00:00,18.2,No,91070975633974495708697307701836756019763571915749676034097536234325782029896,,,,,0.0,0.0,0.0,0.0,0.0,0.0,0,0,
2026-08-14 02:41:50,826070,3477066,Game 2: Any Player Penta Kill?,prop,2,2026-08-14 03:00:00,18.2,Yes,41553921922748035091195286700334837861150809022270611498614461149967485676553,,,,,0.0,0.0,0.0,0.0,0.0,0.0,0,0,
2026-08-14 02:41:50,826070,3477066,Game 2: Any Player Penta Kill?,prop,2,2026-08-14 03:00:00,18.2,No,72372963262572990351948387093307185909935364431157003295642971589164020329307,,,,,0.0,0.0,0.0,0.0,0.0,0.0,0,0,
2026-08-14 02:41:50,826070,3477067,Game 2: Odd/Even Total Kills?,odd_even,2,2026-08-14 03:00:00,18.2,Odd,51682527872121142820533720760874357541341917877241650283064345652015294503432,0.01,0.99,0.5,0.98,0.96,0.96,0.96,95.04,95.04,95.04,1,1,
2026-08-14 02:41:50,826070,3477067,Game 2: Odd/Even Total Kills?,odd_even,2,2026-08-14 03:00:00,18.2,Even,52462070156083218163210891161506391469503363975012872173381524279777415671009,0.01,0.99,0.5,0.98,0.96,0.96,0.96,95.04,95.04,95.04,1,1,
2026-08-14 02:41:50,826070,3477068,Game 3: Both Teams Slay Baron Nashor?,prop,3,2026-08-14 03:00:00,18.2,Yes,87723048023863233229072489576988122495348581581883475764155604685715254995143,0.01,0.99,0.5,0.98,0.96,0.96,0.96,95.04,95.04,95.04,1,1,
2026-08-14 02:41:50,826070,3477068,Game 3: Both Teams Slay Baron Nashor?,prop,3,2026-08-14 03:00:00,18.2,No,50989255824497521540482389727045524148886656006776316809093754627968185524154,0.01,0.99,0.5,0.98,0.96,0.96,0.96,95.04,95.04,95.04,1,1,
2026-08-14 02:41:50,826070,3477069,Game 3: Both Teams Slay a Dragon?,prop,3,2026-08-14 03:00:00,18.2,Yes,31894618867354587726609743791628570681781025713790850110963430187452605983542,0.01,0.99,0.5,0.98,0.96,0.96,0.96,95.04,95.04,95.04,1,1,
2026-08-14 02:41:50,826070,3477069,Game 3: Both Teams Slay a Dragon?,prop,3,2026-08-14 03:00:00,18.2,No,102454578646280162427313029106444653546026394152408180005140046057337729562773,0.01,0.99,0.5,0.98,0.96,0.96,0.96,95.04,95.04,95.04,1,1,
2026-08-14 02:41:50,826070,3477070,Game 3: Both Teams Destroy Inhibitors?,prop,3,2026-08-14 03:00:00,18.2,Yes,37140353425416026858198430022763744658491197274004779834832527078807411250706,0.01,0.99,0.5,0.98,0.77,0.77,0.77,95.04,95.04,95.04,1,1,
2026-08-14 02:41:50,826070,3477070,Game 3: Both Teams Destroy Inhibitors?,prop,3,2026-08-14 03:00:00,18.2,No,81160108446775656753351553464289021811897715068601840646033017734259696288239,0.01,0.99,0.5,0.98,0.96,0.96,0.96,76.38,76.38,76.38,1,1,
2026-08-14 02:41:50,826070,3477071,Game 3: Any Player Quadra Kill?,prop,3,2026-08-14 03:00:00,18.2,Yes,98730301607993226617635192895346323156884766053134987563113989760237051075734,,,,,0.0,0.0,0.0,0.0,0.0,0.0,0,0,
2026-08-14 02:41:50,826070,3477071,Game 3: Any Player Quadra Kill?,prop,3,2026-08-14 03:00:00,18.2,No,47636245891328174531136161073693506541960443755198252563254227701534011303241,,,,,0.0,0.0,0.0,0.0,0.0,0.0,0,0,
2026-08-14 02:41:50,826070,3477072,Game 3: Any Player Penta Kill?,prop,3,2026-08-14 03:00:00,18.2,Yes,36582442770858592965786294186284019287317276526405187098158230226204042128980,,,,,0.0,0.0,0.0,0.0,0.0,0.0,0,0,
2026-08-14 02:41:50,826070,3477072,Game 3: Any Player Penta Kill?,prop,3,2026-08-14 03:00:00,18.2,No,72354692448307767435386725107072578807273666862716740697784668362154773401142,,,,,0.0,0.0,0.0,0.0,0.0,0.0,0,0,
2026-08-14 02:41:50,826070,3477073,Game 3: Odd/Even Total Kills?,odd_even,3,2026-08-14 03:00:00,18.2,Odd,17265110502119578793708135589809973427915605037445313419433454040796130326698,0.01,0.99,0.5,0.98,0.96,0.96,0.96,95.04,95.04,95.04,1,1,
2026-08-14 02:41:50,826070,3477073,Game 3: Odd/Even Total Kills?,odd_even,3,2026-08-14 03:00:00,18.2,Even,1107446221436908324166515020190090286245833902787500387186505680943047252583,0.01,0.99,0.5,0.98,0.96,0.96,0.96,95.04,95.04,95.04,1,1,
2026-08-14 02:47:49,812499,3407716,LoL: T1 Academy vs Dplus KIA Challengers - Game 1 Winner,map,1,2026-08-14 03:00:00,12.2,T1 Academy,39734844495353304395398396140221540149305519357715269073311726294226019570550,0.6,0.61,0.605,0.01,10993.5,12696.95,15754.45,4723.83,9016.73,12718.82,23,18,357.022996
2026-08-14 02:47:49,812499,3407716,LoL: T1 Academy vs Dplus KIA Challengers - Game 1 Winner,map,1,2026-08-14 03:00:00,12.2,Dplus KIA Challengers,33269339650279858595555088093374570383524449579809902479647974050760364184259,0.39,0.4,0.395,0.01,2998.12,5432.62,7357.37,7621.83,8893.38,11385.88,18,23,357.022996
2026-08-14 02:47:49,812499,3407717,LoL: T1 Academy vs Dplus KIA Challengers - Game 2 Winner,map,2,2026-08-14 03:00:00,12.2,T1 Academy,65413134936637378696103480670341747188714493905423788592364522087047313278527,0.6,0.61,0.605,0.01,8861.95,11602.63,13371.91,2124.75,2598.15,3898.15,23,19,59.580242
2026-08-14 02:47:49,812499,3407717,LoL: T1 Academy vs Dplus KIA Challengers - Game 2 Winner,map,2,2026-08-14 03:00:00,12.2,Dplus KIA Challengers,109850116150453228098769636194777220136528900176432751128686947209537047715503,0.39,0.4,0.395,0.01,1332.58,1603.1,2303.1,6158.05,8178.37,9623.98,19,23,59.580242
2026-08-14 02:47:49,812499,3407718,LoL: T1 Academy vs Dplus KIA Challengers (BO3) - LCK Challengers League Rounds 3-4 Challenge Group,series,,2026-08-14 03:00:00,12.2,T1 Academy,29334009531926017999172713361554624736754304108781329166019313376852181532606,0.66,0.67,0.665,0.01,13039.01,16371.11,18404.5,12232.33,16902.33,17221.83,46,25,27067.438588
2026-08-14 02:47:49,812499,3407718,LoL: T1 Academy vs Dplus KIA Challengers (BO3) - LCK Challengers League Rounds 3-4 Challenge Group,series,,2026-08-14 03:00:00,12.2,Dplus KIA Challengers,86576119660677556215120793453634271480079124875691072264113236209109323222775,0.33,0.34,0.335,0.01,5976.48,8024.47,8154.97,6750.48,8668.38,9954.97,25,46,27067.438588
2026-08-14 02:47:49,812499,3407719,Games Total: O/U 2.5,total_games,,2026-08-14 03:00:00,12.2,Over,12254491551645605749999948566783532239763590860890971634914438946306484415625,0.46,0.48,0.47,0.02,75.52,532.73,2494.21,1161.73,1406.68,3237.14,11,14,218.19906699999999
2026-08-14 02:47:49,812499,3407719,Games Total: O/U 2.5,total_games,,2026-08-14 03:00:00,12.2,Under,68717137278381026545457297595820702026186759179231499229342417358442267129224,0.52,0.54,0.53,0.02,1215.26,1452.17,3080.3,89.91,686.53,3502.53,14,11,218.19906699999999
2026-08-14 02:47:49,812499,3407720,Game Handicap: T1.A (-1.5) vs Dplus KIA Challengers (+1.5),handicap,,2026-08-14 03:00:00,12.2,T1 Academy,112387528592292424930650532924576804503241362728004667616961247667692272312413,0.37,0.38,0.375,0.01,34.36,191.13,692.97,833.46,1053.26,1053.26,11,15,750.61431
2026-08-14 02:47:49,812499,3407720,Game Handicap: T1.A (-1.5) vs Dplus KIA Challengers (+1.5),handicap,,2026-08-14 03:00:00,12.2,Dplus KIA Challengers,94189587113690720225125693998745295556487555508602796811274630370563126617623,0.62,0.63,0.625,0.01,1338.81,1668.37,1668.37,59.7,354.47,1412.9,15,11,750.61431
2026-08-14 02:47:49,812499,3407721,Game 1: Both Teams Slay Baron Nashor?,prop,1,2026-08-14 03:00:00,12.2,Yes,40069868393640809104786506776915751658534703452875290458511978206216443518807,0.01,0.98,0.495,0.97,1.01,1.01,1.01,60.48,60.48,60.48,1,2,
2026-08-14 02:47:49,812499,3407721,Game 1: Both Teams Slay Baron Nashor?,prop,1,2026-08-14 03:00:00,12.2,No,50608849903554909222219439429204277119215627374900112590959682663938465769933,0.02,0.99,0.505,0.97,1.01,1.01,1.01,99.99,99.99,99.99,2,1,
2026-08-14 02:47:49,812499,3407722,Game 1: Both Teams Slay a Dragon?,prop,1,2026-08-14 03:00:00,12.2,Yes,64687367087236276548065101683258903075752340820526093114401398914562723872435,0.01,0.99,0.5,0.98,1.01,1.01,1.01,99.99,99.99,99.99,1,1,
2026-08-14 02:47:49,812499,3407722,Game 1: Both Teams Slay a Dragon?,prop,1,2026-08-14 03:00:00,12.2,No,26917764894392864707600724979145293015616736651873463361668909405225770515800,0.01,0.99,0.5,0.98,1.01,1.01,1.01,99.99,99.99,99.99,1,1,
2026-08-14 02:47:49,812499,3407723,Game 1: Both Teams Destroy Inhibitors?,prop,1,2026-08-14 03:00:00,12.2,Yes,90909758418785757498339848282956469721252985181476774447367514416062374905071,0.01,0.99,0.5,0.98,0.99,0.99,0.99,99.99,99.99,99.99,1,1,
2026-08-14 02:47:49,812499,3407723,Game 1: Both Teams Destroy Inhibitors?,prop,1,2026-08-14 03:00:00,12.2,No,97306944816021298866960210528887417854859989203311809746657546857239695639465,0.01,0.99,0.5,0.98,1.01,1.01,1.01,97.76,97.76,97.76,1,1,
2026-08-14 02:47:49,812499,3407724,Game 1: Any Player Quadra Kill?,prop,1,2026-08-14 03:00:00,12.2,Yes,40480664112673814293878383496256759291306966101765432817155796609878716191611,0.01,0.99,0.5,0.98,0.05,0.05,0.05,4.95,4.95,4.95,1,1,
2026-08-14 02:47:49,812499,3407724,Game 1: Any Player Quadra Kill?,prop,1,2026-08-14 03:00:00,12.2,No,14076318087349160081892552307719855776657942293180940006992128639325104402095,0.01,0.99,0.5,0.98,0.05,0.05,0.05,4.95,4.95,4.95,1,1,
2026-08-14 02:47:49,812499,3407725,Game 1: Any Player Penta Kill?,prop,1,2026-08-14 03:00:00,12.2,Yes,83951240816212277150512877212327250889048265428194239222014223541148332980146,0.01,0.15,0.08,0.14,0.05,0.05,0.05,0.75,0.75,1.75,1,6,
2026-08-14 02:47:49,812499,3407725,Game 1: Any Player Penta Kill?,prop,1,2026-08-14 03:00:00,12.2,No,14552533511971407204042061068349266750490465725326712708556780935391488764747,0.85,0.99,0.92,0.14,4.25,4.25,8.25,4.95,4.95,4.95,6,1,
2026-08-14 02:47:49,812499,3407726,Game 1: Odd/Even Total Kills?,odd_even,1,2026-08-14 03:00:00,12.2,Odd,30008734824659626946333304876575234022448750432748410603007444659876904754544,0.49,0.51,0.5,0.02,98.0,98.0,98.0,102.0,102.0,102.0,3,3,
2026-08-14 02:47:49,812499,3407726,Game 1: Odd/Even Total Kills?,odd_even,1,2026-08-14 03:00:00,12.2,Even,99395084138140294423547521803551548703320007241030462665435762504531763643878,0.49,0.51,0.5,0.02,98.0,98.0,98.0,102.0,102.0,102.0,3,3,
2026-08-14 02:47:49,812499,3407727,Game 2: Both Teams Slay Baron Nashor?,prop,2,2026-08-14 03:00:00,12.2,Yes,58129688162656381793690234448367947337214519902641172243030953744164978549829,0.01,0.99,0.5,0.98,1.01,1.01,1.01,99.99,99.99,99.99,1,1,
2026-08-14 02:47:49,812499,3407727,Game 2: Both Teams Slay Baron Nashor?,prop,2,2026-08-14 03:00:00,12.2,No,37784282596358571641116459773582983188118603190781422145404475059195349143098,0.01,0.99,0.5,0.98,1.01,1.01,1.01,99.99,99.99,99.99,1,1,
2026-08-14 02:47:49,812499,3407728,Game 2: Both Teams Slay a Dragon?,prop,2,2026-08-14 03:00:00,12.2,Yes,67100635698749036243996596083856731930110083604846187832565784378462214356906,0.01,0.99,0.5,0.98,1.01,1.01,1.01,99.99,99.99,99.99,1,1,
2026-08-14 02:47:49,812499,3407728,Game 2: Both Teams Slay a Dragon?,prop,2,2026-08-14 03:00:00,12.2,No,42625504916961847735090009072914737766516948044519350934640603247822281703262,0.01,0.99,0.5,0.98,1.01,1.01,1.01,99.99,99.99,99.99,1,1,
2026-08-14 02:47:49,812499,3407729,Game 2: Both Teams Destroy Inhibitors?,prop,2,2026-08-14 03:00:00,12.2,Yes,40023438874668498144632750208657873382044520843447740625081184081555141180970,0.01,0.99,0.5,0.98,0.99,0.99,0.99,99.99,99.99,99.99,1,1,
2026-08-14 02:47:49,812499,3407729,Game 2: Both Teams Destroy Inhibitors?,prop,2,2026-08-14 03:00:00,12.2,No,484091212595295130994775780202175233930586477475167866439140463580364160749,0.01,0.99,0.5,0.98,1.01,1.01,1.01,97.76,97.76,97.76,1,1,
2026-08-14 02:47:49,812499,3407730,Game 2: Any Player Quadra Kill?,prop,2,2026-08-14 03:00:00,12.2,Yes,57512002909106302457374648538616826010950529161110952092924294330557738326260,0.01,0.99,0.5,0.98,0.05,0.05,0.05,4.95,4.95,4.95,1,1,
2026-08-14 02:47:49,812499,3407730,Game 2: Any Player Quadra Kill?,prop,2,2026-08-14 03:00:00,12.2,No,46528999239069913500878472010371195055074690848476631394902559060981264912902,0.01,0.99,0.5,0.98,0.05,0.05,0.05,4.95,4.95,4.95,1,1,
2026-08-14 02:47:49,812499,3407731,Game 2: Any Player Penta Kill?,prop,2,2026-08-14 03:00:00,12.2,Yes,10367002689217741199289369255672046887753394169252950796871025362076925359402,0.01,0.15,0.08,0.14,0.05,0.05,0.05,0.75,0.75,1.75,1,6,
2026-08-14 02:47:49,812499,3407731,Game 2: Any Player Penta Kill?,prop,2,2026-08-14 03:00:00,12.2,No,44629523316220057660997646176727280068477055828540480140172757604033758965591,0.85,0.99,0.92,0.14,4.25,4.25,8.25,4.95,4.95,4.95,6,1,
2026-08-14 02:47:49,812499,3407732,Game 2: Odd/Even Total Kills?,odd_even,2,2026-08-14 03:00:00,12.2,Odd,68118589223287351123746973139702260581892652876242555636600008179922666725119,0.49,0.51,0.5,0.02,98.0,98.0,98.0,102.0,102.0,102.0,3,3,
2026-08-14 02:47:49,812499,3407732,Game 2: Odd/Even Total Kills?,odd_even,2,2026-08-14 03:00:00,12.2,Even,11563884776145307024557473783891356249853220511404723988011218691689405038835,0.49,0.51,0.5,0.02,98.0,98.0,98.0,102.0,102.0,102.0,3,3,
2026-08-14 02:47:49,812499,3407733,Game 3: Both Teams Slay Baron Nashor?,prop,3,2026-08-14 03:00:00,12.2,Yes,15108330882199972065167953232972112332503134649241289853150575394305889536382,0.01,0.99,0.5,0.98,1.01,1.01,1.01,99.99,99.99,99.99,1,1,
2026-08-14 02:47:49,812499,3407733,Game 3: Both Teams Slay Baron Nashor?,prop,3,2026-08-14 03:00:00,12.2,No,11583353539019187263341757865616242101793514605533674611840543623085353915285,0.01,0.99,0.5,0.98,1.01,1.01,1.01,99.99,99.99,99.99,1,1,
2026-08-14 02:47:49,812499,3407734,Game 3: Both Teams Slay a Dragon?,prop,3,2026-08-14 03:00:00,12.2,Yes,86518706067459875316993377887665484784139398669990316039811150778003477248591,0.01,0.99,0.5,0.98,1.01,1.01,1.01,99.99,99.99,99.99,1,1,
2026-08-14 02:47:49,812499,3407734,Game 3: Both Teams Slay a Dragon?,prop,3,2026-08-14 03:00:00,12.2,No,6330268134995515899876922471865852432628309512536344065282936223963491226645,0.01,0.99,0.5,0.98,1.01,1.01,1.01,99.99,99.99,99.99,1,1,
2026-08-14 02:47:49,812499,3407735,Game 3: Both Teams Destroy Inhibitors?,prop,3,2026-08-14 03:00:00,12.2,Yes,46778385251335632815107295958228684502257914370849295054583406222456702799534,0.01,0.99,0.5,0.98,0.99,0.99,0.99,99.99,99.99,99.99,1,1,
2026-08-14 02:47:49,812499,3407735,Game 3: Both Teams Destroy Inhibitors?,prop,3,2026-08-14 03:00:00,12.2,No,17022380444954140080106111683131141599196325846984987422687868734754056013796,0.01,0.99,0.5,0.98,1.01,1.01,1.01,97.76,97.76,97.76,1,1,
2026-08-14 02:47:49,812499,3407736,Game 3: Any Player Quadra Kill?,prop,3,2026-08-14 03:00:00,12.2,Yes,89300494282854674899062293591156319703727387411768815627804385407768809680929,0.01,0.99,0.5,0.98,0.05,0.05,0.05,4.95,4.95,4.95,1,1,
2026-08-14 02:47:49,812499,3407736,Game 3: Any Player Quadra Kill?,prop,3,2026-08-14 03:00:00,12.2,No,114001328052018071192312018162667158102721309900817212379891076054206240411645,0.01,0.99,0.5,0.98,0.05,0.05,0.05,4.95,4.95,4.95,1,1,
2026-08-14 02:47:49,812499,3407737,Game 3: Any Player Penta Kill?,prop,3,2026-08-14 03:00:00,12.2,Yes,114930391155820671280932336596912874838796280776517417418481514020573563481141,0.01,0.99,0.5,0.98,0.05,0.05,0.05,4.95,4.95,4.95,1,1,
2026-08-14 02:47:49,812499,3407737,Game 3: Any Player Penta Kill?,prop,3,2026-08-14 03:00:00,12.2,No,25083949550735874000852664968153918873092872242306546089004263953312445332311,0.01,0.99,0.5,0.98,0.05,0.05,0.05,4.95,4.95,4.95,1,1,
2026-08-14 02:47:49,812499,3407738,Game 3: Odd/Even Total Kills?,odd_even,3,2026-08-14 03:00:00,12.2,Odd,55002932149693205039252313297704990705936164068114650496235005232232448118768,0.49,0.51,0.5,0.02,98.0,98.0,98.0,102.0,102.0,102.0,3,4,
2026-08-14 02:47:49,812499,3407738,Game 3: Odd/Even Total Kills?,odd_even,3,2026-08-14 03:00:00,12.2,Even,22731531805730680844471275051506006731851300824476975059046552919830390345510,0.49,0.51,0.5,0.02,98.0,98.0,98.0,102.0,102.0,102.0,4,3,
2026-08-14 02:47:49,812500,3407739,LoL: BNK FearX Youth vs HANJIN BRION Challengers - Game 1 Winner,map,1,2026-08-14 05:00:00,132.2,BNK FearX Youth,61663936455102720529851768719096966279739088515242859634351510053320021427857,0.59,0.6,0.595,0.01,799.1,4114.71,4829.69,912.0,2549.39,4104.65,30,26,2529.627845
2026-08-14 02:47:49,812500,3407739,LoL: BNK FearX Youth vs HANJIN BRION Challengers - Game 1 Winner,map,1,2026-08-14 05:00:00,132.2,HANJIN BRION Challengers,42234029726181362412603779948886866264430875684742909834436718516098761282889,0.4,0.41,0.405,0.01,587.47,1570.39,2422.95,566.02,3133.05,3739.42,26,30,2529.627845
2026-08-14 02:47:49,812500,3407740,LoL: BNK FearX Youth vs HANJIN BRION Challengers - Game 2 Winner,map,2,2026-08-14 05:00:00,132.2,BNK FearX Youth,107808309436641300893312675613018183409013019586056788222963388770887566279759,0.59,0.6,0.595,0.01,739.74,3422.0,4766.12,1673.45,2763.33,3806.48,29,27,2555.920529
2026-08-14 02:47:49,812500,3407740,LoL: BNK FearX Youth vs HANJIN BRION Challengers - Game 2 Winner,map,2,2026-08-14 05:00:00,132.2,HANJIN BRION Challengers,108190713726091544908980663096828147669429426515696290929034353759153855371872,0.4,0.41,0.405,0.01,1079.69,1739.61,2310.14,526.38,2620.7,3740.9,27,29,2555.920529
2026-08-14 02:47:49,812500,3407741,LoL: BNK FearX Youth vs HANJIN BRION Challengers (BO3) - LCK Challengers League Rounds 3-4 Trial Group,series,,2026-08-14 05:00:00,132.2,BNK FearX Youth,4709157790055180552341123243460762988257059370615011807866571989785820996007,0.64,0.65,0.645,0.01,12306.34,14907.76,17146.06,14503.52,19870.6,21816.6,46,28,21254.001405999996
2026-08-14 02:47:49,812500,3407741,LoL: BNK FearX Youth vs HANJIN BRION Challengers (BO3) - LCK Challengers League Rounds 3-4 Trial Group,series,,2026-08-14 05:00:00,132.2,HANJIN BRION Challengers,78953976754099792644259899378966754561173836122361982355623147636345680203948,0.35,0.36,0.355,0.01,7759.42,10306.39,11140.39,7105.97,8756.92,10299.12,28,46,21254.001405999996
2026-08-14 02:47:49,812500,3407742,Games Total: O/U 2.5,total_games,,2026-08-14 05:00:00,132.2,Over,92276135268136739124520169377318113815189044479197789767602638268546461184061,0.46,0.47,0.465,0.01,521.16,1243.71,1814.46,228.01,834.85,1057.78,30,28,12460.124325
2026-08-14 02:47:49,812500,3407742,Games Total: O/U 2.5,total_games,,2026-08-14 05:00:00,132.2,Under,75172933509377648381665745794974452683403650699414327328586378058335219068050,0.53,0.54,0.535,0.01,256.18,875.5,1081.28,617.23,1564.66,2381.41,28,30,12460.124325
2026-08-14 02:47:49,812500,3407743,Game Handicap: FOX.Y (-1.5) vs HANJIN BRION Challengers (+1.5),handicap,,2026-08-14 05:00:00,132.2,BNK FearX Youth,28056190424496620422390413104090982910658404924761402830580049883862063899907,0.34,0.35,0.345,0.01,224.42,788.53,975.84,30.45,378.77,703.8,17,14,718.6659819999999
2026-08-14 02:47:49,812500,3407743,Game Handicap: FOX.Y (-1.5) vs HANJIN BRION Challengers (+1.5),handicap,,2026-08-14 05:00:00,132.2,HANJIN BRION Challengers,83088721436173965622006440777948770695175995616684936722852600465292900831936,0.65,0.66,0.655,0.01,54.96,625.34,1127.29,453.42,1678.09,2122.81,14,17,718.6659819999999
2026-08-14 02:47:49,812500,3407744,Game 1: Both Teams Slay Baron Nashor?,prop,1,2026-08-14 05:00:00,132.2,Yes,100315910748355254837447175433844190501038481535618161174574469556825818591812,0.06,0.49,0.275,0.43,176.0,176.0,177.01,187.31,187.31,187.31,2,3,
2026-08-14 02:47:49,812500,3407744,Game 1: Both Teams Slay Baron Nashor?,prop,1,2026-08-14 05:00:00,132.2,No,76695919881543110155683999703013506106666117525109998233075735667065262555257,0.51,0.94,0.725,0.43,187.77,187.77,187.77,2757.33,2757.33,2857.31,3,2,
2026-08-14 02:47:49,812500,3407745,Game 1: Both Teams Slay a Dragon?,prop,1,2026-08-14 05:00:00,132.2,Yes,22528557460313114895491100701446185514083262707562640533159631804605832623758,0.5,0.79,0.645,0.29,176.0,176.0,176.0,662.09,662.09,662.09,2,2,
2026-08-14 02:47:49,812500,3407745,Game 1: Both Teams Slay a Dragon?,prop,1,2026-08-14 05:00:00,132.2,No,111719982073440494596637220557882732832342237008015925473728205120143084818142,0.21,0.5,0.355,0.29,176.0,176.0,176.0,176.0,176.0,176.0,2,2,
2026-08-14 02:47:49,812500,3407746,Game 1: Both Teams Destroy Inhibitors?,prop,1,2026-08-14 05:00:00,132.2,Yes,102015644364337373304958190412524133722067167548401185640506892992233253816221,0.06,0.5,0.28,0.44,3.16,179.16,179.78,176.0,176.0,176.0,4,2,
2026-08-14 02:47:49,812500,3407746,Game 1: Both Teams Destroy Inhibitors?,prop,1,2026-08-14 05:00:00,132.2,No,79051556571885796194539247443195689732745795285052036820979417847106397667601,0.5,0.94,0.72,0.44,176.0,176.0,176.0,50.87,4274.87,4335.89,2,4,
2026-08-14 02:47:49,812500,3407747,Game 1: Any Player Quadra Kill?,prop,1,2026-08-14 05:00:00,132.2,Yes,26710921275625404505056773265693662361876704590821399911826241301751673587149,0.08,0.5,0.29,0.42,177.85,177.85,177.85,176.0,176.0,176.0,3,2,
2026-08-14 02:47:49,812500,3407747,Game 1: Any Player Quadra Kill?,prop,1,2026-08-14 05:00:00,132.2,No,93968963195077369200919487637351234938964989272421779584427039793519294281254,0.5,0.92,0.71,0.42,176.0,176.0,176.0,2359.51,2359.51,2359.51,2,3,
2026-08-14 02:47:49,812500,3407748,Game 1: Any Player Penta Kill?,prop,1,2026-08-14 05:00:00,132.2,Yes,112894733441774993623126215114218924485095801202348585552578540782541586703397,0.01,0.49,0.25,0.48,176.05,176.05,176.05,187.31,187.31,187.31,1,3,
2026-08-14 02:47:49,812500,3407748,Game 1: Any Player Penta Kill?,prop,1,2026-08-14 05:00:00,132.2,No,91952076391574419055919837609434990335076390976729873485357740908976831871632,0.51,0.99,0.75,0.48,187.77,187.77,187.77,17428.95,17428.95,17428.95,3,1,
2026-08-14 02:47:49,812500,3407749,Game 1: Odd/Even Total Kills?,odd_even,1,2026-08-14 05:00:00,132.2,Odd,32848162093516195379139231796286054395603262109309254908226315237881396997000,0.49,0.51,0.5,0.02,105.76,105.76,390.37,110.07,110.07,457.94,6,6,
2026-08-14 02:47:49,812500,3407749,Game 1: Odd/Even Total Kills?,odd_even,1,2026-08-14 05:00:00,132.2,Even,55021576952347549260624848959361573180356957556440694582427231752311741888467,0.49,0.51,0.5,0.02,105.76,105.76,390.37,110.07,110.07,457.94,6,6,
2026-08-14 02:47:49,812500,3407750,Game 2: Both Teams Slay Baron Nashor?,prop,2,2026-08-14 05:00:00,132.2,Yes,97877118867019311861316666766462908864478753853178147427401515473268771239471,0.06,0.49,0.275,0.43,176.0,176.0,177.01,187.31,187.31,187.31,2,3,
2026-08-14 02:47:49,812500,3407750,Game 2: Both Teams Slay Baron Nashor?,prop,2,2026-08-14 05:00:00,132.2,No,101719955781485808478825279041139319336382429106729864175832223089426518525915,0.51,0.94,0.725,0.43,187.77,187.77,187.77,2757.33,2757.33,2857.32,3,2,
2026-08-14 02:47:49,812500,3407751,Game 2: Both Teams Slay a Dragon?,prop,2,2026-08-14 05:00:00,132.2,Yes,47297680764440435034908332421262931037459217405696163811547313651467330170718,0.5,0.79,0.645,0.29,176.0,176.0,176.0,662.09,662.09,662.09,2,2,
2026-08-14 02:47:49,812500,3407751,Game 2: Both Teams Slay a Dragon?,prop,2,2026-08-14 05:00:00,132.2,No,23989265404590266695157366851083201637045652483925584723159543825808201424379,0.21,0.5,0.355,0.29,176.0,176.0,176.0,176.0,176.0,176.0,2,2,
2026-08-14 02:47:49,812500,3407752,Game 2: Both Teams Destroy Inhibitors?,prop,2,2026-08-14 05:00:00,132.2,Yes,36118710167082995409349519645958671600314701568827679019948470339439596629305,0.06,0.49,0.275,0.43,2.69,178.69,179.32,187.31,187.31,187.31,4,3,
2026-08-14 02:47:49,812500,3407752,Game 2: Both Teams Destroy Inhibitors?,prop,2,2026-08-14 05:00:00,132.2,No,22051017317047635342500083586640641278478909574563877304072568978735527884807,0.51,0.94,0.725,0.43,187.77,187.77,187.77,49.83,4273.83,4335.99,3,4,
2026-08-14 02:47:49,812500,3407753,Game 2: Any Player Quadra Kill?,prop,2,2026-08-14 05:00:00,132.2,Yes,58807234942451841241022433088812455930302780501410971969865241860350913908259,0.08,0.5,0.29,0.42,177.85,177.85,177.85,176.0,176.0,176.0,3,2,
2026-08-14 02:47:49,812500,3407753,Game 2: Any Player Quadra Kill?,prop,2,2026-08-14 05:00:00,132.2,No,67610973198289160033085562258079641623102165084127740059987302312234651513258,0.5,0.92,0.71,0.42,176.0,176.0,176.0,2359.51,2359.51,2359.51,2,3,
2026-08-14 02:47:49,812500,3407754,Game 2: Any Player Penta Kill?,prop,2,2026-08-14 05:00:00,132.2,Yes,64636778969528768893935901549188989277569900524229601745022333725042773975659,0.01,0.49,0.25,0.48,176.05,176.05,176.05,187.31,187.31,187.31,1,3,
2026-08-14 02:47:49,812500,3407754,Game 2: Any Player Penta Kill?,prop,2,2026-08-14 05:00:00,132.2,No,24637814849118864058445072991262267792789278042574602351517704206601256691646,0.51,0.99,0.75,0.48,187.77,187.77,187.77,17428.95,17428.95,17428.95,3,1,
2026-08-14 02:47:49,812500,3407755,Game 2: Odd/Even Total Kills?,odd_even,2,2026-08-14 05:00:00,132.2,Odd,89132671465319801984196745843834846416244136716772814394593698925920785988347,0.49,0.51,0.5,0.02,105.76,105.76,390.37,110.07,124.13,472.0,6,7,
2026-08-14 02:47:49,812500,3407755,Game 2: Odd/Even Total Kills?,odd_even,2,2026-08-14 05:00:00,132.2,Even,23772193768728815416979274790047390098007350518635703771944232234280869494479,0.49,0.51,0.5,0.02,105.76,117.74,402.35,110.07,110.07,457.94,7,6,
2026-08-14 02:47:49,812500,3407756,Game 3: Both Teams Slay Baron Nashor?,prop,3,2026-08-14 05:00:00,132.2,Yes,24551762467780504210757017514656860109633869494113144703849068703959601268673,0.07,0.99,0.53,0.92,178.02,178.02,178.02,99.99,99.99,99.99,3,1,
2026-08-14 02:47:49,812500,3407756,Game 3: Both Teams Slay Baron Nashor?,prop,3,2026-08-14 05:00:00,132.2,No,92102471374974848250230863328435931811182626128088800904066639574937320815337,0.01,0.93,0.47,0.92,1.01,1.01,1.01,2784.14,2784.14,2784.14,1,3,
2026-08-14 02:47:49,812500,3407757,Game 3: Both Teams Slay a Dragon?,prop,3,2026-08-14 05:00:00,132.2,Yes,105094231123555274880570448823486931970030904367641419451399134893231939244446,0.01,0.77,0.39,0.76,1.01,1.01,1.01,17.77,679.86,679.86,1,3,
2026-08-14 02:47:49,812500,3407757,Game 3: Both Teams Slay a Dragon?,prop,3,2026-08-14 05:00:00,132.2,No,109014455888086068752688760252979925952031440819867195106974328993910223862769,0.23,0.99,0.61,0.76,5.31,181.31,181.31,99.98,99.98,99.98,3,1,
2026-08-14 02:47:49,812500,3407758,Game 3: Both Teams Destroy Inhibitors?,prop,3,2026-08-14 05:00:00,132.2,Yes,11499728086856774147918517498478056991605051727557688632058241656568015942179,0.06,0.99,0.525,0.93,1.6,177.6,178.16,99.99,99.99,99.99,4,1,
2026-08-14 02:47:49,812500,3407758,Game 3: Both Teams Destroy Inhibitors?,prop,3,2026-08-14 05:00:00,132.2,No,71331753933838756945698401235301506856154222385900681314053669927744665300268,0.01,0.94,0.475,0.93,1.01,1.01,1.01,28.97,4252.97,4308.46,1,4,
2026-08-14 02:47:49,812500,3407759,Game 3: Any Player Quadra Kill?,prop,3,2026-08-14 05:00:00,132.2,Yes,47421305575153937544146820599736168513827203673828466756713059966501144155809,0.08,0.99,0.535,0.91,177.85,177.85,177.85,4.95,4.95,4.95,3,1,
2026-08-14 02:47:49,812500,3407759,Game 3: Any Player Quadra Kill?,prop,3,2026-08-14 05:00:00,132.2,No,5552884444941479301335256995977407725017527851202209555956852640959352319922,0.01,0.92,0.465,0.91,0.05,0.05,0.05,2359.51,2359.51,2359.51,1,3,
2026-08-14 02:47:49,812500,3407760,Game 3: Any Player Penta Kill?,prop,3,2026-08-14 05:00:00,132.2,Yes,102996765780386697047720186968511898643728347582999249513342982330729739171052,0.01,0.99,0.5,0.98,176.05,176.05,176.05,4.95,4.95,4.95,1,1,
2026-08-14 02:47:49,812500,3407760,Game 3: Any Player Penta Kill?,prop,3,2026-08-14 05:00:00,132.2,No,42319548810746199058964111262747327533525346884991531332840418409971882446366,0.01,0.99,0.5,0.98,0.05,0.05,0.05,17428.95,17428.95,17428.95,1,1,
2026-08-14 02:47:49,812500,3407761,Game 3: Odd/Even Total Kills?,odd_even,3,2026-08-14 05:00:00,132.2,Odd,32753689779373724055024054576187425028926857048917614701853851903254710657703,0.49,0.51,0.5,0.02,131.66,143.64,428.25,138.13,152.19,500.06,8,8,
2026-08-14 02:47:49,812500,3407761,Game 3: Odd/Even Total Kills?,odd_even,3,2026-08-14 05:00:00,132.2,Even,89209463628517423703665674201516273330810059098694242442514499005623124181252,0.49,0.51,0.5,0.02,131.66,143.64,428.25,138.13,152.19,500.06,8,8,
2026-08-14 02:47:49,826070,3477050,LoL: NRG Esports vs Contingent Esports - Game 1 Winner,map,1,2026-08-14 03:00:00,12.2,NRG Esports,80814790902632668004539328994746617014614315928060173257015852122406695311005,0.8,0.81,0.805,0.01,895.16,2040.84,3189.84,638.39,3855.71,7473.43,24,14,815.878129
2026-08-14 02:47:49,826070,3477050,LoL: NRG Esports vs Contingent Esports - Game 1 Winner,map,1,2026-08-14 03:00:00,12.2,Contingent Esports,107651310737272584966890037363108476219576749219700416899862916279592660232089,0.19,0.2,0.195,0.01,140.32,766.32,1386.26,237.21,565.02,941.02,14,24,815.878129
2026-08-14 02:47:49,826070,3477051,LoL: NRG Esports vs Contingent Esports - Game 2 Winner,map,2,2026-08-14 03:00:00,12.2,NRG Esports,7118869453742291045797317815564893062933350229077106358535601493893500087591,0.8,0.81,0.805,0.01,932.07,2403.05,3413.02,37.86,1903.21,6356.87,20,12,
2026-08-14 02:47:49,826070,3477051,LoL: NRG Esports vs Contingent Esports - Game 2 Winner,map,2,2026-08-14 03:00:00,12.2,Contingent Esports,108002125035495150522720856231525573531669999272447427854984681030770827642415,0.19,0.2,0.195,0.01,8.39,376.42,1142.22,247.18,669.14,1003.39,12,20,
2026-08-14 02:47:49,826070,3477052,LoL: NRG Esports vs Contingent Esports (BO3) - North American Challengers League Group Stage,series,,2026-08-14 03:00:00,12.2,NRG Esports,43038352639417355691707647173859018730749533391426346756399874481168166294619,0.85,0.86,0.855,0.01,1118.41,2482.01,2589.21,2826.68,3014.24,5424.36,50,13,6622.097112000001
2026-08-14 02:47:49,826070,3477052,LoL: NRG Esports vs Contingent Esports (BO3) - North American Challengers League Group Stage,series,,2026-08-14 03:00:00,12.2,Contingent Esports,84678973437664474131672312186325078675557922490434064743358042746648544685152,0.14,0.15,0.145,0.01,436.94,461.38,713.86,212.26,498.7,523.85,13,50,6622.097112000001
2026-08-14 02:47:49,826070,3477053,Games Total: O/U 2.5,total_games,,2026-08-14 03:00:00,12.2,Over,55750592239967941703301064844243535772993617325443398709488185293476935877531,0.26,0.31,0.285,0.05,819.06,819.06,819.06,154.23,426.22,426.22,11,32,5020.485024
2026-08-14 02:47:49,826070,3477053,Games Total: O/U 2.5,total_games,,2026-08-14 03:00:00,12.2,Under,82152669265463547990220171689636558584137366588986322786820150257732179196557,0.69,0.74,0.715,0.05,329.1,863.9,863.9,2454.65,2454.65,2454.65,32,11,5020.485024
2026-08-14 02:47:49,826070,3477054,Game Handicap: NRG (-1.5) vs Contingent Esports (+1.5),handicap,,2026-08-14 03:00:00,12.2,NRG Esports,95412707328160076383234584804646983201601033147527050227749727111466216606486,0.63,0.71,0.67,0.08,812.9,812.9,812.9,27.8,27.8,27.8,24,3,10736.401806000002
2026-08-14 02:47:49,826070,3477054,Game Handicap: NRG (-1.5) vs Contingent Esports (+1.5),handicap,,2026-08-14 03:00:00,12.2,Contingent Esports,79376817134124206774201685278379459810679800756916708410468012280981017893764,0.29,0.37,0.33,0.08,11.36,11.36,11.36,477.42,477.42,477.42,3,24,10736.401806000002
2026-08-14 02:47:49,826070,3477055,Game 1: Both Teams Slay Baron Nashor?,prop,1,2026-08-14 03:00:00,12.2,Yes,87681573095327547420633314226806041000149028170713311037612514061710912723742,0.01,0.99,0.5,0.98,0.96,0.96,0.96,95.03,95.03,95.03,1,1,
2026-08-14 02:47:49,826070,3477055,Game 1: Both Teams Slay Baron Nashor?,prop,1,2026-08-14 03:00:00,12.2,No,69312485936334009045325800311715558032922672642482501491119421898458006349825,0.01,0.99,0.5,0.98,0.96,0.96,0.96,95.04,95.04,95.04,1,1,
2026-08-14 02:47:49,826070,3477056,Game 1: Both Teams Slay a Dragon?,prop,1,2026-08-14 03:00:00,12.2,Yes,83805735251597132117951173378137346357296339870381814266398461580520007861517,0.01,0.99,0.5,0.98,0.96,0.96,0.96,95.04,95.04,95.04,1,1,
2026-08-14 02:47:49,826070,3477056,Game 1: Both Teams Slay a Dragon?,prop,1,2026-08-14 03:00:00,12.2,No,24156205806670798372110555621724125417579911628083855143977773542489628788926,0.01,0.99,0.5,0.98,0.96,0.96,0.96,95.03,95.03,95.03,1,1,
2026-08-14 02:47:49,826070,3477057,Game 1: Both Teams Destroy Inhibitors?,prop,1,2026-08-14 03:00:00,12.2,Yes,70847180670013690410054498405126312924929675515172003776071312263632441945977,0.01,0.99,0.5,0.98,0.94,0.94,0.94,95.04,95.04,95.04,1,1,
2026-08-14 02:47:49,826070,3477057,Game 1: Both Teams Destroy Inhibitors?,prop,1,2026-08-14 03:00:00,12.2,No,15552457357105246680088345561853174847839914230111380560590702628300617170166,0.01,0.99,0.5,0.98,0.96,0.96,0.96,92.81,92.81,92.81,1,1,
2026-08-14 02:47:49,826070,3477058,Game 1: Any Player Quadra Kill?,prop,1,2026-08-14 03:00:00,12.2,Yes,90611949896330126489333584640484616670727390063723860281928013878403906065721,,,,,0.0,0.0,0.0,0.0,0.0,0.0,0,0,
2026-08-14 02:47:49,826070,3477058,Game 1: Any Player Quadra Kill?,prop,1,2026-08-14 03:00:00,12.2,No,30801089695626298578988776831063320516250144642136439806183847895839275854811,,,,,0.0,0.0,0.0,0.0,0.0,0.0,0,0,
2026-08-14 02:47:49,826070,3477059,Game 1: Any Player Penta Kill?,prop,1,2026-08-14 03:00:00,12.2,Yes,48229925814520007661244111895915992051489252573972834651743984793002069701817,,,,,0.0,0.0,0.0,0.0,0.0,0.0,0,0,
2026-08-14 02:47:49,826070,3477059,Game 1: Any Player Penta Kill?,prop,1,2026-08-14 03:00:00,12.2,No,9305314826584013047090950141969451002924314918612350007363467585821240369066,,,,,0.0,0.0,0.0,0.0,0.0,0.0,0,0,
2026-08-14 02:47:49,826070,3477061,Game 1: Odd/Even Total Kills?,odd_even,1,2026-08-14 03:00:00,12.2,Odd,32494922393258859963201856101328517997010549162018639697250819883519722049068,0.01,0.99,0.5,0.98,0.96,0.96,0.96,95.04,95.04,95.04,1,1,
2026-08-14 02:47:49,826070,3477061,Game 1: Odd/Even Total Kills?,odd_even,1,2026-08-14 03:00:00,12.2,Even,112834540130252099583593253928265938091790513484363299374731806537792656031528,0.01,0.99,0.5,0.98,0.96,0.96,0.96,95.04,95.04,95.04,1,1,
2026-08-14 02:47:49,826070,3477062,Game 2: Both Teams Slay Baron Nashor?,prop,2,2026-08-14 03:00:00,12.2,Yes,55753683192199022612671704126737811310328029678442412170950072602131054587210,0.01,0.98,0.495,0.97,0.96,0.96,0.96,55.53,55.53,55.53,1,2,
2026-08-14 02:47:49,826070,3477062,Game 2: Both Teams Slay Baron Nashor?,prop,2,2026-08-14 03:00:00,12.2,No,55937094852319737792850165512480430449747853756905259274031753275691368112975,0.02,0.99,0.505,0.97,0.96,0.96,0.96,95.04,95.04,95.04,2,1,
2026-08-14 02:47:49,826070,3477063,Game 2: Both Teams Slay a Dragon?,prop,2,2026-08-14 03:00:00,12.2,Yes,48623647428517517453611058807537447198598988098824330225032342676302728625012,0.01,0.99,0.5,0.98,0.96,0.96,0.96,95.04,95.04,95.04,1,1,
2026-08-14 02:47:49,826070,3477063,Game 2: Both Teams Slay a Dragon?,prop,2,2026-08-14 03:00:00,12.2,No,42417195815488111081943362396002926413430486562906704641578354062740797580084,0.01,0.99,0.5,0.98,0.96,0.96,0.96,95.03,95.03,95.03,1,1,
2026-08-14 02:47:49,826070,3477064,Game 2: Both Teams Destroy Inhibitors?,prop,2,2026-08-14 03:00:00,12.2,Yes,23628154900252164597588937639111773709699026601186386386168618417735820690106,0.01,0.95,0.48,0.94,0.94,0.94,0.94,9.61,24.74,39.12,1,3,536.510966
2026-08-14 02:47:49,826070,3477064,Game 2: Both Teams Destroy Inhibitors?,prop,2,2026-08-14 03:00:00,12.2,No,85739117623916471191019361815038085504519438797717701017619191765882696246759,0.05,0.99,0.52,0.94,0.51,0.81,0.96,92.81,92.81,92.81,3,1,536.510966
2026-08-14 02:47:49,826070,3477065,Game 2: Any Player Quadra Kill?,prop,2,2026-08-14 03:00:00,12.2,Yes,53208917334913900389630971292939370679251910829672144758009133122161611227896,,,,,0.0,0.0,0.0,0.0,0.0,0.0,0,0,
2026-08-14 02:47:49,826070,3477065,Game 2: Any Player Quadra Kill?,prop,2,2026-08-14 03:00:00,12.2,No,91070975633974495708697307701836756019763571915749676034097536234325782029896,,,,,0.0,0.0,0.0,0.0,0.0,0.0,0,0,
2026-08-14 02:47:49,826070,3477066,Game 2: Any Player Penta Kill?,prop,2,2026-08-14 03:00:00,12.2,Yes,41553921922748035091195286700334837861150809022270611498614461149967485676553,,,,,0.0,0.0,0.0,0.0,0.0,0.0,0,0,
2026-08-14 02:47:49,826070,3477066,Game 2: Any Player Penta Kill?,prop,2,2026-08-14 03:00:00,12.2,No,72372963262572990351948387093307185909935364431157003295642971589164020329307,,,,,0.0,0.0,0.0,0.0,0.0,0.0,0,0,
2026-08-14 02:47:49,826070,3477067,Game 2: Odd/Even Total Kills?,odd_even,2,2026-08-14 03:00:00,12.2,Odd,51682527872121142820533720760874357541341917877241650283064345652015294503432,0.01,0.99,0.5,0.98,0.96,0.96,0.96,95.04,95.04,95.04,1,1,
2026-08-14 02:47:49,826070,3477067,Game 2: Odd/Even Total Kills?,odd_even,2,2026-08-14 03:00:00,12.2,Even,52462070156083218163210891161506391469503363975012872173381524279777415671009,0.01,0.99,0.5,0.98,0.96,0.96,0.96,95.03,95.03,95.03,1,1,
2026-08-14 02:47:49,826070,3477068,Game 3: Both Teams Slay Baron Nashor?,prop,3,2026-08-14 03:00:00,12.2,Yes,87723048023863233229072489576988122495348581581883475764155604685715254995143,0.01,0.99,0.5,0.98,0.96,0.96,0.96,95.04,95.04,95.04,1,1,
2026-08-14 02:47:49,826070,3477068,Game 3: Both Teams Slay Baron Nashor?,prop,3,2026-08-14 03:00:00,12.2,No,50989255824497521540482389727045524148886656006776316809093754627968185524154,0.01,0.99,0.5,0.98,0.96,0.96,0.96,95.04,95.04,95.04,1,1,
2026-08-14 02:47:49,826070,3477069,Game 3: Both Teams Slay a Dragon?,prop,3,2026-08-14 03:00:00,12.2,Yes,31894618867354587726609743791628570681781025713790850110963430187452605983542,0.01,0.98,0.495,0.97,0.96,0.96,0.96,55.53,55.53,55.53,1,2,
2026-08-14 02:47:49,826070,3477069,Game 3: Both Teams Slay a Dragon?,prop,3,2026-08-14 03:00:00,12.2,No,102454578646280162427313029106444653546026394152408180005140046057337729562773,0.02,0.99,0.505,0.97,0.96,0.96,0.96,95.03,95.03,95.03,2,1,
2026-08-14 02:47:49,826070,3477070,Game 3: Both Teams Destroy Inhibitors?,prop,3,2026-08-14 03:00:00,12.2,Yes,37140353425416026858198430022763744658491197274004779834832527078807411250706,0.01,0.99,0.5,0.98,0.94,0.94,0.94,95.04,95.04,95.04,1,1,
2026-08-14 02:47:49,826070,3477070,Game 3: Both Teams Destroy Inhibitors?,prop,3,2026-08-14 03:00:00,12.2,No,81160108446775656753351553464289021811897715068601840646033017734259696288239,0.01,0.99,0.5,0.98,0.96,0.96,0.96,92.81,92.81,92.81,1,1,
2026-08-14 02:47:49,826070,3477071,Game 3: Any Player Quadra Kill?,prop,3,2026-08-14 03:00:00,12.2,Yes,98730301607993226617635192895346323156884766053134987563113989760237051075734,,,,,0.0,0.0,0.0,0.0,0.0,0.0,0,0,
2026-08-14 02:47:49,826070,3477071,Game 3: Any Player Quadra Kill?,prop,3,2026-08-14 03:00:00,12.2,No,47636245891328174531136161073693506541960443755198252563254227701534011303241,,,,,0.0,0.0,0.0,0.0,0.0,0.0,0,0,
2026-08-14 02:47:49,826070,3477072,Game 3: Any Player Penta Kill?,prop,3,2026-08-14 03:00:00,12.2,Yes,36582442770858592965786294186284019287317276526405187098158230226204042128980,,,,,0.0,0.0,0.0,0.0,0.0,0.0,0,0,
2026-08-14 02:47:49,826070,3477072,Game 3: Any Player Penta Kill?,prop,3,2026-08-14 03:00:00,12.2,No,72354692448307767435386725107072578807273666862716740697784668362154773401142,,,,,0.0,0.0,0.0,0.0,0.0,0.0,0,0,
2026-08-14 02:47:49,826070,3477073,Game 3: Odd/Even Total Kills?,odd_even,3,2026-08-14 03:00:00,12.2,Odd,17265110502119578793708135589809973427915605037445313419433454040796130326698,0.01,0.99,0.5,0.98,0.96,0.96,0.96,95.03,95.03,95.03,1,1,
2026-08-14 02:47:49,826070,3477073,Game 3: Odd/Even Total Kills?,odd_even,3,2026-08-14 03:00:00,12.2,Even,1107446221436908324166515020190090286245833902787500387186505680943047252583,0.01,0.99,0.5,0.98,0.96,0.96,0.96,95.04,95.04,95.04,1,1,
2026-08-14 02:53:48,812499,3407716,LoL: T1 Academy vs Dplus KIA Challengers - Game 1 Winner,map,1,2026-08-14 03:00:00,6.2,T1 Academy,39734844495353304395398396140221540149305519357715269073311726294226019570550,0.6,0.61,0.605,0.01,10993.3,12981.75,15899.25,4718.75,9169.15,13033.74,21,19,357.022996
2026-08-14 02:53:48,812499,3407716,LoL: T1 Academy vs Dplus KIA Challengers - Game 1 Winner,map,1,2026-08-14 03:00:00,6.2,Dplus KIA Challengers,33269339650279858595555088093374570383524449579809902479647974050760364184259,0.39,0.4,0.395,0.01,2994.87,5521.87,7534.12,7621.7,9108.25,11490.75,19,21,357.022996
2026-08-14 02:53:48,812499,3407717,LoL: T1 Academy vs Dplus KIA Challengers - Game 2 Winner,map,2,2026-08-14 03:00:00,6.2,T1 Academy,65413134936637378696103480670341747188714493905423788592364522087047313278527,0.59,0.6,0.595,0.01,10413.73,11934.94,13615.41,1033.19,2304.65,4489.28,20,20,59.580242
2026-08-14 02:53:48,812499,3407717,LoL: T1 Academy vs Dplus KIA Challengers - Game 2 Winner,map,2,2026-08-14 03:00:00,6.2,Dplus KIA Challengers,109850116150453228098769636194777220136528900176432751128686947209537047715503,0.4,0.41,0.405,0.01,665.81,1436.35,2618.33,7282.27,8440.54,9865.48,20,20,59.580242
2026-08-14 02:53:48,812499,3407718,LoL: T1 Academy vs Dplus KIA Challengers (BO3) - LCK Challengers League Rounds 3-4 Challenge Group,series,,2026-08-14 03:00:00,6.2,T1 Academy,29334009531926017999172713361554624736754304108781329166019313376852181532606,0.66,0.67,0.665,0.01,13071.51,17198.6,19532.0,12396.68,17626.69,17946.19,48,25,28878.933753000012
2026-08-14 02:53:48,812499,3407718,LoL: T1 Academy vs Dplus KIA Challengers (BO3) - LCK Challengers League Rounds 3-4 Challenge Group,series,,2026-08-14 03:00:00,6.2,Dplus KIA Challengers,86576119660677556215120793453634271480079124875691072264113236209109323222775,0.33,0.34,0.335,0.01,6057.54,8345.53,8476.03,6767.98,9140.87,10627.47,25,48,28878.933753000012
2026-08-14 02:53:48,812499,3407719,Games Total: O/U 2.5,total_games,,2026-08-14 03:00:00,6.2,Over,12254491551645605749999948566783532239763590860890971634914438946306484415625,0.46,0.48,0.47,0.02,71.18,528.4,2462.31,1149.48,1394.43,3224.89,11,13,218.19906699999999
2026-08-14 02:53:48,812499,3407719,Games Total: O/U 2.5,total_games,,2026-08-14 03:00:00,6.2,Under,68717137278381026545457297595820702026186759179231499229342417358442267129224,0.52,0.54,0.53,0.02,1202.51,1439.42,3067.55,84.82,681.43,3456.44,13,11,218.19906699999999
2026-08-14 02:53:48,812499,3407720,Game Handicap: T1.A (-1.5) vs Dplus KIA Challengers (+1.5),handicap,,2026-08-14 03:00:00,6.2,T1 Academy,112387528592292424930650532924576804503241362728004667616961247667692272312413,0.37,0.38,0.375,0.01,18.52,262.33,866.77,551.18,1078.38,1078.38,10,14,750.61431
2026-08-14 02:53:48,812499,3407720,Game Handicap: T1.A (-1.5) vs Dplus KIA Challengers (+1.5),handicap,,2026-08-14 03:00:00,6.2,Dplus KIA Challengers,94189587113690720225125693998745295556487555508602796811274630370563126617623,0.62,0.63,0.625,0.01,865.09,1643.25,1643.25,31.54,495.27,1739.1,14,10,750.61431
2026-08-14 02:53:48,812499,3407721,Game 1: Both Teams Slay Baron Nashor?,prop,1,2026-08-14 03:00:00,6.2,Yes,40069868393640809104786506776915751658534703452875290458511978206216443518807,0.01,0.99,0.5,0.98,1.01,1.01,1.01,99.98,99.98,99.98,1,1,
2026-08-14 02:53:48,812499,3407721,Game 1: Both Teams Slay Baron Nashor?,prop,1,2026-08-14 03:00:00,6.2,No,50608849903554909222219439429204277119215627374900112590959682663938465769933,0.01,0.99,0.5,0.98,1.01,1.01,1.01,99.99,99.99,99.99,1,1,
2026-08-14 02:53:48,812499,3407722,Game 1: Both Teams Slay a Dragon?,prop,1,2026-08-14 03:00:00,6.2,Yes,64687367087236276548065101683258903075752340820526093114401398914562723872435,0.01,0.99,0.5,0.98,1.01,1.01,1.01,99.99,99.99,99.99,1,1,
2026-08-14 02:53:48,812499,3407722,Game 1: Both Teams Slay a Dragon?,prop,1,2026-08-14 03:00:00,6.2,No,26917764894392864707600724979145293015616736651873463361668909405225770515800,0.01,0.99,0.5,0.98,1.01,1.01,1.01,99.99,99.99,99.99,1,1,
2026-08-14 02:53:48,812499,3407723,Game 1: Both Teams Destroy Inhibitors?,prop,1,2026-08-14 03:00:00,6.2,Yes,90909758418785757498339848282956469721252985181476774447367514416062374905071,0.01,0.99,0.5,0.98,0.99,0.99,0.99,99.99,99.99,99.99,1,1,
2026-08-14 02:53:48,812499,3407723,Game 1: Both Teams Destroy Inhibitors?,prop,1,2026-08-14 03:00:00,6.2,No,97306944816021298866960210528887417854859989203311809746657546857239695639465,0.01,0.99,0.5,0.98,1.01,1.01,1.01,97.76,97.76,97.76,1,1,
2026-08-14 02:53:48,812499,3407724,Game 1: Any Player Quadra Kill?,prop,1,2026-08-14 03:00:00,6.2,Yes,40480664112673814293878383496256759291306966101765432817155796609878716191611,0.01,0.5,0.255,0.49,0.05,0.05,0.05,2.5,2.5,2.5,1,2,
2026-08-14 02:53:48,812499,3407724,Game 1: Any Player Quadra Kill?,prop,1,2026-08-14 03:00:00,6.2,No,14076318087349160081892552307719855776657942293180940006992128639325104402095,0.5,0.99,0.745,0.49,2.5,2.5,2.5,4.95,4.95,4.95,2,1,
2026-08-14 02:53:48,812499,3407725,Game 1: Any Player Penta Kill?,prop,1,2026-08-14 03:00:00,6.2,Yes,83951240816212277150512877212327250889048265428194239222014223541148332980146,0.01,0.15,0.08,0.14,0.05,0.05,0.05,0.75,0.75,1.75,1,6,
2026-08-14 02:53:48,812499,3407725,Game 1: Any Player Penta Kill?,prop,1,2026-08-14 03:00:00,6.2,No,14552533511971407204042061068349266750490465725326712708556780935391488764747,0.85,0.99,0.92,0.14,4.25,4.25,8.25,4.95,4.95,4.95,6,1,
2026-08-14 02:53:48,812499,3407726,Game 1: Odd/Even Total Kills?,odd_even,1,2026-08-14 03:00:00,6.2,Odd,30008734824659626946333304876575234022448750432748410603007444659876904754544,0.49,0.51,0.5,0.02,98.0,98.0,98.0,102.0,102.0,102.0,3,3,
2026-08-14 02:53:48,812499,3407726,Game 1: Odd/Even Total Kills?,odd_even,1,2026-08-14 03:00:00,6.2,Even,99395084138140294423547521803551548703320007241030462665435762504531763643878,0.49,0.51,0.5,0.02,98.0,98.0,98.0,102.0,102.0,102.0,3,3,
2026-08-14 02:53:48,812499,3407727,Game 2: Both Teams Slay Baron Nashor?,prop,2,2026-08-14 03:00:00,6.2,Yes,58129688162656381793690234448367947337214519902641172243030953744164978549829,0.01,0.99,0.5,0.98,1.01,1.01,1.01,99.99,99.99,99.99,1,1,
2026-08-14 02:53:48,812499,3407727,Game 2: Both Teams Slay Baron Nashor?,prop,2,2026-08-14 03:00:00,6.2,No,37784282596358571641116459773582983188118603190781422145404475059195349143098,0.01,0.99,0.5,0.98,1.01,1.01,1.01,99.98,99.98,99.98,1,1,
2026-08-14 02:53:48,812499,3407728,Game 2: Both Teams Slay a Dragon?,prop,2,2026-08-14 03:00:00,6.2,Yes,67100635698749036243996596083856731930110083604846187832565784378462214356906,0.01,0.99,0.5,0.98,1.01,1.01,1.01,99.99,99.99,99.99,1,1,
2026-08-14 02:53:48,812499,3407728,Game 2: Both Teams Slay a Dragon?,prop,2,2026-08-14 03:00:00,6.2,No,42625504916961847735090009072914737766516948044519350934640603247822281703262,0.01,0.99,0.5,0.98,1.01,1.01,1.01,99.99,99.99,99.99,1,1,
2026-08-14 02:53:48,812499,3407729,Game 2: Both Teams Destroy Inhibitors?,prop,2,2026-08-14 03:00:00,6.2,Yes,40023438874668498144632750208657873382044520843447740625081184081555141180970,0.01,0.99,0.5,0.98,0.99,0.99,0.99,99.99,99.99,99.99,1,1,
2026-08-14 02:53:48,812499,3407729,Game 2: Both Teams Destroy Inhibitors?,prop,2,2026-08-14 03:00:00,6.2,No,484091212595295130994775780202175233930586477475167866439140463580364160749,0.01,0.99,0.5,0.98,1.01,1.01,1.01,97.76,97.76,97.76,1,1,
2026-08-14 02:53:48,812499,3407730,Game 2: Any Player Quadra Kill?,prop,2,2026-08-14 03:00:00,6.2,Yes,57512002909106302457374648538616826010950529161110952092924294330557738326260,0.01,0.99,0.5,0.98,0.05,0.05,0.05,4.95,4.95,4.95,1,1,
2026-08-14 02:53:48,812499,3407730,Game 2: Any Player Quadra Kill?,prop,2,2026-08-14 03:00:00,6.2,No,46528999239069913500878472010371195055074690848476631394902559060981264912902,0.01,0.99,0.5,0.98,0.05,0.05,0.05,4.95,4.95,4.95,1,1,
2026-08-14 02:53:48,812499,3407731,Game 2: Any Player Penta Kill?,prop,2,2026-08-14 03:00:00,6.2,Yes,10367002689217741199289369255672046887753394169252950796871025362076925359402,0.01,0.15,0.08,0.14,0.05,0.05,0.05,0.75,0.75,1.75,1,6,
2026-08-14 02:53:48,812499,3407731,Game 2: Any Player Penta Kill?,prop,2,2026-08-14 03:00:00,6.2,No,44629523316220057660997646176727280068477055828540480140172757604033758965591,0.85,0.99,0.92,0.14,4.25,4.25,8.25,4.95,4.95,4.95,6,1,
2026-08-14 02:53:48,812499,3407732,Game 2: Odd/Even Total Kills?,odd_even,2,2026-08-14 03:00:00,6.2,Odd,68118589223287351123746973139702260581892652876242555636600008179922666725119,0.49,0.51,0.5,0.02,98.0,98.0,98.0,102.0,102.0,102.0,3,3,
2026-08-14 02:53:48,812499,3407732,Game 2: Odd/Even Total Kills?,odd_even,2,2026-08-14 03:00:00,6.2,Even,11563884776145307024557473783891356249853220511404723988011218691689405038835,0.49,0.51,0.5,0.02,98.0,98.0,98.0,102.0,102.0,102.0,3,3,
2026-08-14 02:53:48,812499,3407733,Game 3: Both Teams Slay Baron Nashor?,prop,3,2026-08-14 03:00:00,6.2,Yes,15108330882199972065167953232972112332503134649241289853150575394305889536382,0.01,0.99,0.5,0.98,1.01,1.01,1.01,99.99,99.99,99.99,1,1,
2026-08-14 02:53:48,812499,3407733,Game 3: Both Teams Slay Baron Nashor?,prop,3,2026-08-14 03:00:00,6.2,No,11583353539019187263341757865616242101793514605533674611840543623085353915285,0.01,0.99,0.5,0.98,1.01,1.01,1.01,99.99,99.99,99.99,1,1,
2026-08-14 02:53:48,812499,3407734,Game 3: Both Teams Slay a Dragon?,prop,3,2026-08-14 03:00:00,6.2,Yes,86518706067459875316993377887665484784139398669990316039811150778003477248591,0.02,0.99,0.505,0.97,1.01,1.01,1.01,99.99,99.99,99.99,2,1,
2026-08-14 02:53:48,812499,3407734,Game 3: Both Teams Slay a Dragon?,prop,3,2026-08-14 03:00:00,6.2,No,6330268134995515899876922471865852432628309512536344065282936223963491226645,0.01,0.98,0.495,0.97,1.01,1.01,1.01,60.48,60.48,60.48,1,2,
2026-08-14 02:53:48,812499,3407735,Game 3: Both Teams Destroy Inhibitors?,prop,3,2026-08-14 03:00:00,6.2,Yes,46778385251335632815107295958228684502257914370849295054583406222456702799534,0.01,0.99,0.5,0.98,0.99,0.99,0.99,99.99,99.99,99.99,1,1,
2026-08-14 02:53:48,812499,3407735,Game 3: Both Teams Destroy Inhibitors?,prop,3,2026-08-14 03:00:00,6.2,No,17022380444954140080106111683131141599196325846984987422687868734754056013796,0.01,0.99,0.5,0.98,1.01,1.01,1.01,97.76,97.76,97.76,1,1,
2026-08-14 02:53:48,812499,3407736,Game 3: Any Player Quadra Kill?,prop,3,2026-08-14 03:00:00,6.2,Yes,89300494282854674899062293591156319703727387411768815627804385407768809680929,0.01,0.99,0.5,0.98,0.05,0.05,0.05,4.95,4.95,4.95,1,1,
2026-08-14 02:53:48,812499,3407736,Game 3: Any Player Quadra Kill?,prop,3,2026-08-14 03:00:00,6.2,No,114001328052018071192312018162667158102721309900817212379891076054206240411645,0.01,0.99,0.5,0.98,0.05,0.05,0.05,4.95,4.95,4.95,1,1,
2026-08-14 02:53:48,812499,3407737,Game 3: Any Player Penta Kill?,prop,3,2026-08-14 03:00:00,6.2,Yes,114930391155820671280932336596912874838796280776517417418481514020573563481141,0.01,0.99,0.5,0.98,0.05,0.05,0.05,4.95,4.95,4.95,1,1,
2026-08-14 02:53:48,812499,3407737,Game 3: Any Player Penta Kill?,prop,3,2026-08-14 03:00:00,6.2,No,25083949550735874000852664968153918873092872242306546089004263953312445332311,0.01,0.99,0.5,0.98,0.05,0.05,0.05,4.95,4.95,4.95,1,1,
2026-08-14 02:53:48,812499,3407738,Game 3: Odd/Even Total Kills?,odd_even,3,2026-08-14 03:00:00,6.2,Odd,55002932149693205039252313297704990705936164068114650496235005232232448118768,0.49,0.51,0.5,0.02,98.0,98.0,98.0,102.0,102.0,102.0,3,3,
2026-08-14 02:53:48,812499,3407738,Game 3: Odd/Even Total Kills?,odd_even,3,2026-08-14 03:00:00,6.2,Even,22731531805730680844471275051506006731851300824476975059046552919830390345510,0.49,0.51,0.5,0.02,98.0,98.0,98.0,102.0,102.0,102.0,3,3,
2026-08-14 02:53:48,812500,3407739,LoL: BNK FearX Youth vs HANJIN BRION Challengers - Game 1 Winner,map,1,2026-08-14 05:00:00,126.2,BNK FearX Youth,61663936455102720529851768719096966279739088515242859634351510053320021427857,0.59,0.6,0.595,0.01,796.15,4111.76,4826.74,911.95,2549.34,4127.55,27,26,2529.627845
2026-08-14 02:53:48,812500,3407739,LoL: BNK FearX Youth vs HANJIN BRION Challengers - Game 1 Winner,map,1,2026-08-14 05:00:00,126.2,HANJIN BRION Challengers,42234029726181362412603779948886866264430875684742909834436718516098761282889,0.4,0.41,0.405,0.01,587.52,1570.44,2429.84,563.97,3131.0,3737.37,26,27,2529.627845
2026-08-14 02:53:48,812500,3407740,LoL: BNK FearX Youth vs HANJIN BRION Challengers - Game 2 Winner,map,2,2026-08-14 05:00:00,126.2,BNK FearX Youth,107808309436641300893312675613018183409013019586056788222963388770887566279759,0.59,0.6,0.595,0.01,736.79,3419.05,4763.17,1673.4,2763.28,3806.43,28,27,2555.920529
2026-08-14 02:53:48,812500,3407740,LoL: BNK FearX Youth vs HANJIN BRION Challengers - Game 2 Winner,map,2,2026-08-14 05:00:00,126.2,HANJIN BRION Challengers,108190713726091544908980663096828147669429426515696290929034353759153855371872,0.4,0.41,0.405,0.01,1079.74,1739.66,2310.19,524.33,2618.65,3738.85,27,28,2555.920529
2026-08-14 02:53:48,812500,3407741,LoL: BNK FearX Youth vs HANJIN BRION Challengers (BO3) - LCK Challengers League Rounds 3-4 Trial Group,series,,2026-08-14 05:00:00,126.2,BNK FearX Youth,4709157790055180552341123243460762988257059370615011807866571989785820996007,0.64,0.65,0.645,0.01,11978.35,14579.77,16818.07,15232.97,20600.05,22546.05,43,27,21587.923624000006
2026-08-14 02:53:48,812500,3407741,LoL: BNK FearX Youth vs HANJIN BRION Challengers (BO3) - LCK Challengers League Rounds 3-4 Trial Group,series,,2026-08-14 05:00:00,126.2,HANJIN BRION Challengers,78953976754099792644259899378966754561173836122361982355623147636345680203948,0.35,0.36,0.355,0.01,8136.8,10683.77,11517.77,6921.48,8572.43,10114.63,27,43,21587.923624000006
2026-08-14 02:53:48,812500,3407742,Games Total: O/U 2.5,total_games,,2026-08-14 05:00:00,126.2,Over,92276135268136739124520169377318113815189044479197789767602638268546461184061,0.46,0.47,0.465,0.01,518.86,1241.41,1812.16,225.66,832.5,1055.43,30,28,12460.124325
2026-08-14 02:53:48,812500,3407742,Games Total: O/U 2.5,total_games,,2026-08-14 05:00:00,126.2,Under,75172933509377648381665745794974452683403650699414327328586378058335219068050,0.53,0.54,0.535,0.01,253.53,872.85,1078.63,614.53,1561.96,2378.71,28,30,12460.124325
2026-08-14 02:53:48,812500,3407743,Game Handicap: FOX.Y (-1.5) vs HANJIN BRION Challengers (+1.5),handicap,,2026-08-14 05:00:00,126.2,BNK FearX Youth,28056190424496620422390413104090982910658404924761402830580049883862063899907,0.34,0.35,0.345,0.01,224.42,788.53,975.84,30.45,390.98,716.01,16,14,718.665982
2026-08-14 02:53:48,812500,3407743,Game Handicap: FOX.Y (-1.5) vs HANJIN BRION Challengers (+1.5),handicap,,2026-08-14 05:00:00,126.2,HANJIN BRION Challengers,83088721436173965622006440777948770695175995616684936722852600465292900831936,0.65,0.66,0.655,0.01,54.96,646.13,1148.08,453.42,1678.09,2122.81,14,16,718.665982
2026-08-14 02:53:48,812500,3407744,Game 1: Both Teams Slay Baron Nashor?,prop,1,2026-08-14 05:00:00,126.2,Yes,100315910748355254837447175433844190501038481535618161174574469556825818591812,0.06,0.49,0.275,0.43,176.0,176.0,177.01,187.31,187.31,187.31,2,3,
2026-08-14 02:53:48,812500,3407744,Game 1: Both Teams Slay Baron Nashor?,prop,1,2026-08-14 05:00:00,126.2,No,76695919881543110155683999703013506106666117525109998233075735667065262555257,0.51,0.94,0.725,0.43,187.77,187.77,187.77,2757.33,2757.33,2857.31,3,2,
2026-08-14 02:53:48,812500,3407745,Game 1: Both Teams Slay a Dragon?,prop,1,2026-08-14 05:00:00,126.2,Yes,22528557460313114895491100701446185514083262707562640533159631804605832623758,0.5,0.79,0.645,0.29,176.0,176.0,176.0,662.09,662.09,662.09,2,2,
2026-08-14 02:53:48,812500,3407745,Game 1: Both Teams Slay a Dragon?,prop,1,2026-08-14 05:00:00,126.2,No,111719982073440494596637220557882732832342237008015925473728205120143084818142,0.21,0.5,0.355,0.29,176.0,176.0,176.0,176.0,176.0,176.0,2,2,
2026-08-14 02:53:48,812500,3407746,Game 1: Both Teams Destroy Inhibitors?,prop,1,2026-08-14 05:00:00,126.2,Yes,102015644364337373304958190412524133722067167548401185640506892992233253816221,0.06,0.5,0.28,0.44,3.16,179.16,179.78,176.0,176.0,176.0,4,2,
2026-08-14 02:53:48,812500,3407746,Game 1: Both Teams Destroy Inhibitors?,prop,1,2026-08-14 05:00:00,126.2,No,79051556571885796194539247443195689732745795285052036820979417847106397667601,0.5,0.94,0.72,0.44,176.0,176.0,176.0,50.87,4274.87,4335.89,2,4,
2026-08-14 02:53:48,812500,3407747,Game 1: Any Player Quadra Kill?,prop,1,2026-08-14 05:00:00,126.2,Yes,26710921275625404505056773265693662361876704590821399911826241301751673587149,0.08,0.5,0.29,0.42,177.85,177.85,177.85,176.0,176.0,176.0,3,2,
2026-08-14 02:53:48,812500,3407747,Game 1: Any Player Quadra Kill?,prop,1,2026-08-14 05:00:00,126.2,No,93968963195077369200919487637351234938964989272421779584427039793519294281254,0.5,0.92,0.71,0.42,176.0,176.0,176.0,2359.51,2359.51,2359.51,2,3,
2026-08-14 02:53:48,812500,3407748,Game 1: Any Player Penta Kill?,prop,1,2026-08-14 05:00:00,126.2,Yes,112894733441774993623126215114218924485095801202348585552578540782541586703397,0.01,0.49,0.25,0.48,176.05,176.05,176.05,187.31,187.31,187.31,1,3,
2026-08-14 02:53:48,812500,3407748,Game 1: Any Player Penta Kill?,prop,1,2026-08-14 05:00:00,126.2,No,91952076391574419055919837609434990335076390976729873485357740908976831871632,0.51,0.99,0.75,0.48,187.77,187.77,187.77,17428.95,17428.95,17428.95,3,1,
2026-08-14 02:53:48,812500,3407749,Game 1: Odd/Even Total Kills?,odd_even,1,2026-08-14 05:00:00,126.2,Odd,32848162093516195379139231796286054395603262109309254908226315237881396997000,0.49,0.51,0.5,0.02,105.76,105.76,390.37,110.07,110.07,457.94,5,6,
2026-08-14 02:53:48,812500,3407749,Game 1: Odd/Even Total Kills?,odd_even,1,2026-08-14 05:00:00,126.2,Even,55021576952347549260624848959361573180356957556440694582427231752311741888467,0.49,0.51,0.5,0.02,105.76,105.76,390.37,110.07,110.07,457.94,6,5,
2026-08-14 02:53:48,812500,3407750,Game 2: Both Teams Slay Baron Nashor?,prop,2,2026-08-14 05:00:00,126.2,Yes,97877118867019311861316666766462908864478753853178147427401515473268771239471,0.06,0.49,0.275,0.43,176.0,176.0,177.01,187.31,187.31,187.31,2,3,
2026-08-14 02:53:48,812500,3407750,Game 2: Both Teams Slay Baron Nashor?,prop,2,2026-08-14 05:00:00,126.2,No,101719955781485808478825279041139319336382429106729864175832223089426518525915,0.51,0.94,0.725,0.43,187.77,187.77,187.77,2757.33,2757.33,2857.32,3,2,
2026-08-14 02:53:48,812500,3407751,Game 2: Both Teams Slay a Dragon?,prop,2,2026-08-14 05:00:00,126.2,Yes,47297680764440435034908332421262931037459217405696163811547313651467330170718,0.5,0.79,0.645,0.29,176.0,176.0,176.0,662.09,662.09,662.09,2,2,
2026-08-14 02:53:48,812500,3407751,Game 2: Both Teams Slay a Dragon?,prop,2,2026-08-14 05:00:00,126.2,No,23989265404590266695157366851083201637045652483925584723159543825808201424379,0.21,0.5,0.355,0.29,176.0,176.0,176.0,176.0,176.0,176.0,2,2,
2026-08-14 02:53:48,812500,3407752,Game 2: Both Teams Destroy Inhibitors?,prop,2,2026-08-14 05:00:00,126.2,Yes,36118710167082995409349519645958671600314701568827679019948470339439596629305,0.06,0.49,0.275,0.43,2.69,178.69,179.32,187.31,187.31,187.31,4,3,
2026-08-14 02:53:48,812500,3407752,Game 2: Both Teams Destroy Inhibitors?,prop,2,2026-08-14 05:00:00,126.2,No,22051017317047635342500083586640641278478909574563877304072568978735527884807,0.51,0.94,0.725,0.43,187.77,187.77,187.77,49.83,4273.83,4335.99,3,4,
2026-08-14 02:53:48,812500,3407753,Game 2: Any Player Quadra Kill?,prop,2,2026-08-14 05:00:00,126.2,Yes,58807234942451841241022433088812455930302780501410971969865241860350913908259,0.08,0.5,0.29,0.42,177.85,177.85,177.85,176.0,176.0,176.0,3,2,
2026-08-14 02:53:48,812500,3407753,Game 2: Any Player Quadra Kill?,prop,2,2026-08-14 05:00:00,126.2,No,67610973198289160033085562258079641623102165084127740059987302312234651513258,0.5,0.92,0.71,0.42,176.0,176.0,176.0,2359.51,2359.51,2359.51,2,3,
2026-08-14 02:53:48,812500,3407754,Game 2: Any Player Penta Kill?,prop,2,2026-08-14 05:00:00,126.2,Yes,64636778969528768893935901549188989277569900524229601745022333725042773975659,0.01,0.49,0.25,0.48,176.05,176.05,176.05,187.31,187.31,187.31,1,3,
2026-08-14 02:53:48,812500,3407754,Game 2: Any Player Penta Kill?,prop,2,2026-08-14 05:00:00,126.2,No,24637814849118864058445072991262267792789278042574602351517704206601256691646,0.51,0.99,0.75,0.48,187.77,187.77,187.77,17428.95,17428.95,17428.95,3,1,
2026-08-14 02:53:48,812500,3407755,Game 2: Odd/Even Total Kills?,odd_even,2,2026-08-14 05:00:00,126.2,Odd,89132671465319801984196745843834846416244136716772814394593698925920785988347,0.49,0.51,0.5,0.02,105.76,105.76,390.37,110.07,124.13,472.0,6,7,
2026-08-14 02:53:48,812500,3407755,Game 2: Odd/Even Total Kills?,odd_even,2,2026-08-14 05:00:00,126.2,Even,23772193768728815416979274790047390098007350518635703771944232234280869494479,0.49,0.51,0.5,0.02,105.76,117.74,402.35,110.07,110.07,457.94,7,6,
2026-08-14 02:53:48,812500,3407756,Game 3: Both Teams Slay Baron Nashor?,prop,3,2026-08-14 05:00:00,126.2,Yes,24551762467780504210757017514656860109633869494113144703849068703959601268673,0.07,0.99,0.53,0.92,178.02,178.02,178.02,99.99,99.99,99.99,3,1,
2026-08-14 02:53:48,812500,3407756,Game 3: Both Teams Slay Baron Nashor?,prop,3,2026-08-14 05:00:00,126.2,No,92102471374974848250230863328435931811182626128088800904066639574937320815337,0.01,0.93,0.47,0.92,1.01,1.01,1.01,2784.14,2784.14,2784.14,1,3,
2026-08-14 02:53:48,812500,3407757,Game 3: Both Teams Slay a Dragon?,prop,3,2026-08-14 05:00:00,126.2,Yes,105094231123555274880570448823486931970030904367641419451399134893231939244446,0.01,0.77,0.39,0.76,1.01,1.01,1.01,17.77,679.86,679.86,1,3,
2026-08-14 02:53:48,812500,3407757,Game 3: Both Teams Slay a Dragon?,prop,3,2026-08-14 05:00:00,126.2,No,109014455888086068752688760252979925952031440819867195106974328993910223862769,0.23,0.99,0.61,0.76,5.31,181.31,181.31,99.98,99.98,99.98,3,1,
2026-08-14 02:53:48,812500,3407758,Game 3: Both Teams Destroy Inhibitors?,prop,3,2026-08-14 05:00:00,126.2,Yes,11499728086856774147918517498478056991605051727557688632058241656568015942179,0.06,0.99,0.525,0.93,1.6,177.6,178.16,99.99,99.99,99.99,4,1,
2026-08-14 02:53:48,812500,3407758,Game 3: Both Teams Destroy Inhibitors?,prop,3,2026-08-14 05:00:00,126.2,No,71331753933838756945698401235301506856154222385900681314053669927744665300268,0.01,0.94,0.475,0.93,1.01,1.01,1.01,28.97,4252.97,4308.47,1,4,
2026-08-14 02:53:48,812500,3407759,Game 3: Any Player Quadra Kill?,prop,3,2026-08-14 05:00:00,126.2,Yes,47421305575153937544146820599736168513827203673828466756713059966501144155809,0.08,0.99,0.535,0.91,177.85,177.85,177.85,4.95,4.95,4.95,3,1,
2026-08-14 02:53:48,812500,3407759,Game 3: Any Player Quadra Kill?,prop,3,2026-08-14 05:00:00,126.2,No,5552884444941479301335256995977407725017527851202209555956852640959352319922,0.01,0.92,0.465,0.91,0.05,0.05,0.05,2359.51,2359.51,2359.51,1,3,
2026-08-14 02:53:48,812500,3407760,Game 3: Any Player Penta Kill?,prop,3,2026-08-14 05:00:00,126.2,Yes,102996765780386697047720186968511898643728347582999249513342982330729739171052,0.01,0.99,0.5,0.98,176.05,176.05,176.05,4.95,4.95,4.95,1,1,
2026-08-14 02:53:48,812500,3407760,Game 3: Any Player Penta Kill?,prop,3,2026-08-14 05:00:00,126.2,No,42319548810746199058964111262747327533525346884991531332840418409971882446366,0.01,0.99,0.5,0.98,0.05,0.05,0.05,17428.95,17428.95,17428.95,1,1,
2026-08-14 02:53:48,812500,3407761,Game 3: Odd/Even Total Kills?,odd_even,3,2026-08-14 05:00:00,126.2,Odd,32753689779373724055024054576187425028926857048917614701853851903254710657703,0.49,0.51,0.5,0.02,131.66,143.64,428.25,138.13,152.19,500.06,8,8,
2026-08-14 02:53:48,812500,3407761,Game 3: Odd/Even Total Kills?,odd_even,3,2026-08-14 05:00:00,126.2,Even,89209463628517423703665674201516273330810059098694242442514499005623124181252,0.49,0.51,0.5,0.02,131.66,143.64,428.25,138.13,152.19,500.06,8,8,
2026-08-14 02:53:48,826070,3477050,LoL: NRG Esports vs Contingent Esports - Game 1 Winner,map,1,2026-08-14 02:45:00,-8.8,NRG Esports,80814790902632668004539328994746617014614315928060173257015852122406695311005,0.81,0.82,0.815,0.01,8048.02,10277.05,12797.61,2319.59,2596.23,4733.22,23,15,815.878129
2026-08-14 02:53:48,826070,3477050,LoL: NRG Esports vs Contingent Esports - Game 1 Winner,map,1,2026-08-14 02:45:00,-8.8,Contingent Esports,107651310737272584966890037363108476219576749219700416899862916279592660232089,0.18,0.19,0.185,0.01,494.35,543.93,870.45,2006.75,2622.72,3412.99,15,23,815.878129
2026-08-14 02:53:48,826070,3477051,LoL: NRG Esports vs Contingent Esports - Game 2 Winner,map,2,2026-08-14 02:45:00,-8.8,NRG Esports,7118869453742291045797317815564893062933350229077106358535601493893500087591,0.81,0.83,0.82,0.02,943.8,1996.6,3281.34,66.8,2556.59,2556.59,20,11,
2026-08-14 02:53:48,826070,3477051,LoL: NRG Esports vs Contingent Esports - Game 2 Winner,map,2,2026-08-14 02:45:00,-8.8,Contingent Esports,108002125035495150522720856231525573531669999272447427854984681030770827642415,0.17,0.19,0.18,0.02,13.2,437.21,437.21,235.45,519.4,906.16,11,20,
2026-08-14 02:53:48,826070,3477052,LoL: NRG Esports vs Contingent Esports (BO3) - North American Challengers League Group Stage,series,,2026-08-14 02:45:00,-8.8,NRG Esports,43038352639417355691707647173859018730749533391426346756399874481168166294619,0.88,0.89,0.885,0.01,3672.23,5568.58,10497.82,4736.56,6095.29,7645.54,56,11,7567.999897
2026-08-14 02:53:48,826070,3477052,LoL: NRG Esports vs Contingent Esports (BO3) - North American Challengers League Group Stage,series,,2026-08-14 02:45:00,-8.8,Contingent Esports,84678973437664474131672312186325078675557922490434064743358042746648544685152,0.11,0.12,0.115,0.01,553.09,682.11,786.26,514.91,822.37,1789.6,11,56,7567.999897
2026-08-14 02:53:48,826070,3477053,Games Total: O/U 2.5,total_games,,2026-08-14 02:45:00,-8.8,Over,55750592239967941703301064844243535772993617325443398709488185293476935877531,0.26,0.3,0.28,0.04,486.04,486.04,507.29,34.59,142.54,142.54,13,35,5020.485024
2026-08-14 02:53:48,826070,3477053,Games Total: O/U 2.5,total_games,,2026-08-14 02:45:00,-8.8,Under,82152669265463547990220171689636558584137366588986322786820150257732179196557,0.7,0.74,0.72,0.04,78.41,305.93,305.93,1455.21,1455.21,1532.77,35,13,5020.485024
2026-08-14 02:53:48,826070,3477054,Game Handicap: NRG (-1.5) vs Contingent Esports (+1.5),handicap,,2026-08-14 02:45:00,-8.8,NRG Esports,95412707328160076383234584804646983201601033147527050227749727111466216606486,0.66,0.71,0.685,0.05,35.2,97.48,97.48,38.78,38.78,38.78,20,6,10763.861805999999
2026-08-14 02:53:48,826070,3477054,Game Handicap: NRG (-1.5) vs Contingent Esports (+1.5),handicap,,2026-08-14 02:45:00,-8.8,Contingent Esports,79376817134124206774201685278379459810679800756916708410468012280981017893764,0.29,0.34,0.315,0.05,15.22,15.22,15.22,18.8,54.52,54.52,6,20,10763.861805999999
2026-08-14 02:53:48,826070,3477055,Game 1: Both Teams Slay Baron Nashor?,prop,1,2026-08-14 02:45:00,-8.8,Yes,87681573095327547420633314226806041000149028170713311037612514061710912723742,,,,,0.0,0.0,0.0,0.0,0.0,0.0,0,0,
2026-08-14 02:53:48,826070,3477055,Game 1: Both Teams Slay Baron Nashor?,prop,1,2026-08-14 02:45:00,-8.8,No,69312485936334009045325800311715558032922672642482501491119421898458006349825,,,,,0.0,0.0,0.0,0.0,0.0,0.0,0,0,
2026-08-14 02:53:48,826070,3477056,Game 1: Both Teams Slay a Dragon?,prop,1,2026-08-14 02:45:00,-8.8,Yes,83805735251597132117951173378137346357296339870381814266398461580520007861517,,,,,0.0,0.0,0.0,0.0,0.0,0.0,0,0,
2026-08-14 02:53:48,826070,3477056,Game 1: Both Teams Slay a Dragon?,prop,1,2026-08-14 02:45:00,-8.8,No,24156205806670798372110555621724125417579911628083855143977773542489628788926,,,,,0.0,0.0,0.0,0.0,0.0,0.0,0,0,
2026-08-14 02:53:48,826070,3477057,Game 1: Both Teams Destroy Inhibitors?,prop,1,2026-08-14 02:45:00,-8.8,Yes,70847180670013690410054498405126312924929675515172003776071312263632441945977,,,,,0.0,0.0,0.0,0.0,0.0,0.0,0,0,
2026-08-14 02:53:48,826070,3477057,Game 1: Both Teams Destroy Inhibitors?,prop,1,2026-08-14 02:45:00,-8.8,No,15552457357105246680088345561853174847839914230111380560590702628300617170166,,,,,0.0,0.0,0.0,0.0,0.0,0.0,0,0,
2026-08-14 02:53:48,826070,3477058,Game 1: Any Player Quadra Kill?,prop,1,2026-08-14 02:45:00,-8.8,Yes,90611949896330126489333584640484616670727390063723860281928013878403906065721,,,,,0.0,0.0,0.0,0.0,0.0,0.0,0,0,
2026-08-14 02:53:48,826070,3477058,Game 1: Any Player Quadra Kill?,prop,1,2026-08-14 02:45:00,-8.8,No,30801089695626298578988776831063320516250144642136439806183847895839275854811,,,,,0.0,0.0,0.0,0.0,0.0,0.0,0,0,
2026-08-14 02:53:48,826070,3477059,Game 1: Any Player Penta Kill?,prop,1,2026-08-14 02:45:00,-8.8,Yes,48229925814520007661244111895915992051489252573972834651743984793002069701817,,,,,0.0,0.0,0.0,0.0,0.0,0.0,0,0,
2026-08-14 02:53:48,826070,3477059,Game 1: Any Player Penta Kill?,prop,1,2026-08-14 02:45:00,-8.8,No,9305314826584013047090950141969451002924314918612350007363467585821240369066,,,,,0.0,0.0,0.0,0.0,0.0,0.0,0,0,
2026-08-14 02:53:48,826070,3477061,Game 1: Odd/Even Total Kills?,odd_even,1,2026-08-14 02:45:00,-8.8,Odd,32494922393258859963201856101328517997010549162018639697250819883519722049068,,,,,0.0,0.0,0.0,0.0,0.0,0.0,0,0,
2026-08-14 02:53:48,826070,3477061,Game 1: Odd/Even Total Kills?,odd_even,1,2026-08-14 02:45:00,-8.8,Even,112834540130252099583593253928265938091790513484363299374731806537792656031528,,,,,0.0,0.0,0.0,0.0,0.0,0.0,0,0,
2026-08-14 02:53:48,826070,3477062,Game 2: Both Teams Slay Baron Nashor?,prop,2,2026-08-14 02:45:00,-8.8,Yes,55753683192199022612671704126737811310328029678442412170950072602131054587210,,,,,0.0,0.0,0.0,0.0,0.0,0.0,0,0,
2026-08-14 02:53:48,826070,3477062,Game 2: Both Teams Slay Baron Nashor?,prop,2,2026-08-14 02:45:00,-8.8,No,55937094852319737792850165512480430449747853756905259274031753275691368112975,,,,,0.0,0.0,0.0,0.0,0.0,0.0,0,0,
2026-08-14 02:53:48,826070,3477063,Game 2: Both Teams Slay a Dragon?,prop,2,2026-08-14 02:45:00,-8.8,Yes,48623647428517517453611058807537447198598988098824330225032342676302728625012,,,,,0.0,0.0,0.0,0.0,0.0,0.0,0,0,
2026-08-14 02:53:48,826070,3477063,Game 2: Both Teams Slay a Dragon?,prop,2,2026-08-14 02:45:00,-8.8,No,42417195815488111081943362396002926413430486562906704641578354062740797580084,,,,,0.0,0.0,0.0,0.0,0.0,0.0,0,0,
2026-08-14 02:53:48,826070,3477064,Game 2: Both Teams Destroy Inhibitors?,prop,2,2026-08-14 02:45:00,-8.8,Yes,23628154900252164597588937639111773709699026601186386386168618417735820690106,,,,,0.0,0.0,0.0,0.0,0.0,0.0,0,0,536.510966
2026-08-14 02:53:48,826070,3477064,Game 2: Both Teams Destroy Inhibitors?,prop,2,2026-08-14 02:45:00,-8.8,No,85739117623916471191019361815038085504519438797717701017619191765882696246759,,,,,0.0,0.0,0.0,0.0,0.0,0.0,0,0,536.510966
2026-08-14 02:53:48,826070,3477065,Game 2: Any Player Quadra Kill?,prop,2,2026-08-14 02:45:00,-8.8,Yes,53208917334913900389630971292939370679251910829672144758009133122161611227896,,,,,0.0,0.0,0.0,0.0,0.0,0.0,0,0,
2026-08-14 02:53:48,826070,3477065,Game 2: Any Player Quadra Kill?,prop,2,2026-08-14 02:45:00,-8.8,No,91070975633974495708697307701836756019763571915749676034097536234325782029896,,,,,0.0,0.0,0.0,0.0,0.0,0.0,0,0,
2026-08-14 02:53:48,826070,3477066,Game 2: Any Player Penta Kill?,prop,2,2026-08-14 02:45:00,-8.8,Yes,41553921922748035091195286700334837861150809022270611498614461149967485676553,,,,,0.0,0.0,0.0,0.0,0.0,0.0,0,0,
2026-08-14 02:53:48,826070,3477066,Game 2: Any Player Penta Kill?,prop,2,2026-08-14 02:45:00,-8.8,No,72372963262572990351948387093307185909935364431157003295642971589164020329307,,,,,0.0,0.0,0.0,0.0,0.0,0.0,0,0,
2026-08-14 02:53:48,826070,3477067,Game 2: Odd/Even Total Kills?,odd_even,2,2026-08-14 02:45:00,-8.8,Odd,51682527872121142820533720760874357541341917877241650283064345652015294503432,,,,,0.0,0.0,0.0,0.0,0.0,0.0,0,0,
2026-08-14 02:53:48,826070,3477067,Game 2: Odd/Even Total Kills?,odd_even,2,2026-08-14 02:45:00,-8.8,Even,52462070156083218163210891161506391469503363975012872173381524279777415671009,,,,,0.0,0.0,0.0,0.0,0.0,0.0,0,0,
2026-08-14 02:53:48,826070,3477068,Game 3: Both Teams Slay Baron Nashor?,prop,3,2026-08-14 02:45:00,-8.8,Yes,87723048023863233229072489576988122495348581581883475764155604685715254995143,,,,,0.0,0.0,0.0,0.0,0.0,0.0,0,0,
2026-08-14 02:53:48,826070,3477068,Game 3: Both Teams Slay Baron Nashor?,prop,3,2026-08-14 02:45:00,-8.8,No,50989255824497521540482389727045524148886656006776316809093754627968185524154,,,,,0.0,0.0,0.0,0.0,0.0,0.0,0,0,
2026-08-14 02:53:48,826070,3477069,Game 3: Both Teams Slay a Dragon?,prop,3,2026-08-14 02:45:00,-8.8,Yes,31894618867354587726609743791628570681781025713790850110963430187452605983542,,,,,0.0,0.0,0.0,0.0,0.0,0.0,0,0,
2026-08-14 02:53:48,826070,3477069,Game 3: Both Teams Slay a Dragon?,prop,3,2026-08-14 02:45:00,-8.8,No,102454578646280162427313029106444653546026394152408180005140046057337729562773,,,,,0.0,0.0,0.0,0.0,0.0,0.0,0,0,
2026-08-14 02:53:48,826070,3477070,Game 3: Both Teams Destroy Inhibitors?,prop,3,2026-08-14 02:45:00,-8.8,Yes,37140353425416026858198430022763744658491197274004779834832527078807411250706,,,,,0.0,0.0,0.0,0.0,0.0,0.0,0,0,
2026-08-14 02:53:48,826070,3477070,Game 3: Both Teams Destroy Inhibitors?,prop,3,2026-08-14 02:45:00,-8.8,No,81160108446775656753351553464289021811897715068601840646033017734259696288239,,,,,0.0,0.0,0.0,0.0,0.0,0.0,0,0,
2026-08-14 02:53:48,826070,3477071,Game 3: Any Player Quadra Kill?,prop,3,2026-08-14 02:45:00,-8.8,Yes,98730301607993226617635192895346323156884766053134987563113989760237051075734,,,,,0.0,0.0,0.0,0.0,0.0,0.0,0,0,
2026-08-14 02:53:48,826070,3477071,Game 3: Any Player Quadra Kill?,prop,3,2026-08-14 02:45:00,-8.8,No,47636245891328174531136161073693506541960443755198252563254227701534011303241,,,,,0.0,0.0,0.0,0.0,0.0,0.0,0,0,
2026-08-14 02:53:48,826070,3477072,Game 3: Any Player Penta Kill?,prop,3,2026-08-14 02:45:00,-8.8,Yes,36582442770858592965786294186284019287317276526405187098158230226204042128980,,,,,0.0,0.0,0.0,0.0,0.0,0.0,0,0,
2026-08-14 02:53:48,826070,3477072,Game 3: Any Player Penta Kill?,prop,3,2026-08-14 02:45:00,-8.8,No,72354692448307767435386725107072578807273666862716740697784668362154773401142,,,,,0.0,0.0,0.0,0.0,0.0,0.0,0,0,
2026-08-14 02:53:48,826070,3477073,Game 3: Odd/Even Total Kills?,odd_even,3,2026-08-14 02:45:00,-8.8,Odd,17265110502119578793708135589809973427915605037445313419433454040796130326698,,,,,0.0,0.0,0.0,0.0,0.0,0.0,0,0,
2026-08-14 02:53:48,826070,3477073,Game 3: Odd/Even Total Kills?,odd_even,3,2026-08-14 02:45:00,-8.8,Even,1107446221436908324166515020190090286245833902787500387186505680943047252583,,,,,0.0,0.0,0.0,0.0,0.0,0.0,0,0,
2026-08-14 02:59:48,812499,3407716,LoL: T1 Academy vs Dplus KIA Challengers - Game 1 Winner,map,1,2026-08-14 03:00:00,0.2,T1 Academy,39734844495353304395398396140221540149305519357715269073311726294226019570550,0.6,0.61,0.605,0.01,10801.75,12618.85,15639.53,3292.72,7805.86,10540.91,23,19,357.022996
2026-08-14 02:59:48,812499,3407716,LoL: T1 Academy vs Dplus KIA Challengers - Game 1 Winner,map,1,2026-08-14 03:00:00,0.2,Dplus KIA Challengers,33269339650279858595555088093374570383524449579809902479647974050760364184259,0.39,0.4,0.395,0.01,2094.11,4657.95,6077.0,7489.25,8852.15,11317.38,19,23,357.022996
2026-08-14 02:59:48,812499,3407717,LoL: T1 Academy vs Dplus KIA Challengers - Game 2 Winner,map,2,2026-08-14 03:00:00,0.2,T1 Academy,65413134936637378696103480670341747188714493905423788592364522087047313278527,0.59,0.6,0.595,0.01,10228.13,11566.94,13247.41,882.76,2154.22,2388.85,19,18,59.580242
2026-08-14 02:59:48,812499,3407717,LoL: T1 Academy vs Dplus KIA Challengers - Game 2 Winner,map,2,2026-08-14 03:00:00,0.2,Dplus KIA Challengers,109850116150453228098769636194777220136528900176432751128686947209537047715503,0.4,0.41,0.405,0.01,571.68,1342.22,1474.2,7147.87,8168.54,9593.48,18,19,59.580242
2026-08-14 02:59:48,812499,3407718,LoL: T1 Academy vs Dplus KIA Challengers (BO3) - LCK Challengers League Rounds 3-4 Challenge Group,series,,2026-08-14 03:00:00,0.2,T1 Academy,29334009531926017999172713361554624736754304108781329166019313376852181532606,0.66,0.67,0.665,0.01,11770.41,15695.89,17849.19,11147.54,15331.22,17693.55,48,27,28878.933753000012
2026-08-14 02:59:48,812499,3407718,LoL: T1 Academy vs Dplus KIA Challengers (BO3) - LCK Challengers League Rounds 3-4 Challenge Group,series,,2026-08-14 03:00:00,0.2,Dplus KIA Challengers,86576119660677556215120793453634271480079124875691072264113236209109323222775,0.33,0.34,0.335,0.01,5466.56,7291.84,8216.78,6092.57,8347.07,9723.77,27,48,28878.933753000012
2026-08-14 02:59:48,812499,3407719,Games Total: O/U 2.5,total_games,,2026-08-14 03:00:00,0.2,Over,12254491551645605749999948566783532239763590860890971634914438946306484415625,0.46,0.49,0.475,0.03,8.6,226.91,550.87,937.81,1357.29,1700.78,11,12,218.19906699999999
2026-08-14 02:59:48,812499,3407719,Games Total: O/U 2.5,total_games,,2026-08-14 03:00:00,0.2,Under,68717137278381026545457297595820702026186759179231499229342417358442267129224,0.51,0.54,0.525,0.03,975.36,1371.55,1667.83,10.4,298.63,755.12,12,11,218.19906699999999
2026-08-14 02:59:48,812499,3407720,Game Handicap: T1.A (-1.5) vs Dplus KIA Challengers (+1.5),handicap,,2026-08-14 03:00:00,0.2,T1 Academy,112387528592292424930650532924576804503241362728004667616961247667692272312413,0.37,0.38,0.375,0.01,10.38,116.78,622.23,407.2,814.4,814.4,9,14,750.61431
2026-08-14 02:59:48,812499,3407720,Game Handicap: T1.A (-1.5) vs Dplus KIA Challengers (+1.5),handicap,,2026-08-14 03:00:00,0.2,Dplus KIA Challengers,94189587113690720225125693998745295556487555508602796811274630370563126617623,0.62,0.63,0.625,0.01,638.07,1236.23,1236.23,17.68,215.99,1258.81,14,9,750.61431
2026-08-14 02:59:48,812499,3407721,Game 1: Both Teams Slay Baron Nashor?,prop,1,2026-08-14 03:00:00,0.2,Yes,40069868393640809104786506776915751658534703452875290458511978206216443518807,0.01,0.99,0.5,0.98,0.05,0.05,0.05,4.95,4.95,4.95,1,1,
2026-08-14 02:59:48,812499,3407721,Game 1: Both Teams Slay Baron Nashor?,prop,1,2026-08-14 03:00:00,0.2,No,50608849903554909222219439429204277119215627374900112590959682663938465769933,0.01,0.99,0.5,0.98,0.05,0.05,0.05,4.95,4.95,4.95,1,1,
2026-08-14 02:59:48,812499,3407722,Game 1: Both Teams Slay a Dragon?,prop,1,2026-08-14 03:00:00,0.2,Yes,64687367087236276548065101683258903075752340820526093114401398914562723872435,0.01,0.99,0.5,0.98,0.05,0.05,0.05,4.95,4.95,4.95,1,1,
2026-08-14 02:59:48,812499,3407722,Game 1: Both Teams Slay a Dragon?,prop,1,2026-08-14 03:00:00,0.2,No,26917764894392864707600724979145293015616736651873463361668909405225770515800,0.01,0.99,0.5,0.98,0.05,0.05,0.05,4.95,4.95,4.95,1,1,
2026-08-14 02:59:48,812499,3407723,Game 1: Both Teams Destroy Inhibitors?,prop,1,2026-08-14 03:00:00,0.2,Yes,90909758418785757498339848282956469721252985181476774447367514416062374905071,0.01,0.99,0.5,0.98,0.05,0.05,0.05,4.95,4.95,4.95,1,1,
2026-08-14 02:59:48,812499,3407723,Game 1: Both Teams Destroy Inhibitors?,prop,1,2026-08-14 03:00:00,0.2,No,97306944816021298866960210528887417854859989203311809746657546857239695639465,0.01,0.99,0.5,0.98,0.05,0.05,0.05,4.95,4.95,4.95,1,1,
2026-08-14 02:59:48,812499,3407724,Game 1: Any Player Quadra Kill?,prop,1,2026-08-14 03:00:00,0.2,Yes,40480664112673814293878383496256759291306966101765432817155796609878716191611,0.01,0.99,0.5,0.98,0.05,0.05,0.05,4.95,4.95,4.95,1,1,
2026-08-14 02:59:48,812499,3407724,Game 1: Any Player Quadra Kill?,prop,1,2026-08-14 03:00:00,0.2,No,14076318087349160081892552307719855776657942293180940006992128639325104402095,0.01,0.99,0.5,0.98,0.05,0.05,0.05,4.95,4.95,4.95,1,1,
2026-08-14 02:59:48,812499,3407725,Game 1: Any Player Penta Kill?,prop,1,2026-08-14 03:00:00,0.2,Yes,83951240816212277150512877212327250889048265428194239222014223541148332980146,0.01,0.99,0.5,0.98,0.05,0.05,0.05,4.95,4.95,4.95,1,1,
2026-08-14 02:59:48,812499,3407725,Game 1: Any Player Penta Kill?,prop,1,2026-08-14 03:00:00,0.2,No,14552533511971407204042061068349266750490465725326712708556780935391488764747,0.01,0.99,0.5,0.98,0.05,0.05,0.05,4.95,4.95,4.95,1,1,
2026-08-14 02:59:48,812499,3407726,Game 1: Odd/Even Total Kills?,odd_even,1,2026-08-14 03:00:00,0.2,Odd,30008734824659626946333304876575234022448750432748410603007444659876904754544,0.18,0.81,0.495,0.63,54.0,54.0,54.0,243.0,243.0,243.0,2,2,
2026-08-14 02:59:48,812499,3407726,Game 1: Odd/Even Total Kills?,odd_even,1,2026-08-14 03:00:00,0.2,Even,99395084138140294423547521803551548703320007241030462665435762504531763643878,0.19,0.82,0.505,0.63,57.0,57.0,57.0,246.0,246.0,246.0,2,2,
2026-08-14 02:59:48,812499,3407727,Game 2: Both Teams Slay Baron Nashor?,prop,2,2026-08-14 03:00:00,0.2,Yes,58129688162656381793690234448367947337214519902641172243030953744164978549829,0.01,0.99,0.5,0.98,0.05,0.05,0.05,4.95,4.95,4.95,1,1,
2026-08-14 02:59:48,812499,3407727,Game 2: Both Teams Slay Baron Nashor?,prop,2,2026-08-14 03:00:00,0.2,No,37784282596358571641116459773582983188118603190781422145404475059195349143098,0.01,0.99,0.5,0.98,0.05,0.05,0.05,4.95,4.95,4.95,1,1,
2026-08-14 02:59:48,812499,3407728,Game 2: Both Teams Slay a Dragon?,prop,2,2026-08-14 03:00:00,0.2,Yes,67100635698749036243996596083856731930110083604846187832565784378462214356906,0.01,0.99,0.5,0.98,0.05,0.05,0.05,4.95,4.95,4.95,1,1,
2026-08-14 02:59:48,812499,3407728,Game 2: Both Teams Slay a Dragon?,prop,2,2026-08-14 03:00:00,0.2,No,42625504916961847735090009072914737766516948044519350934640603247822281703262,0.01,0.99,0.5,0.98,0.05,0.05,0.05,4.95,4.95,4.95,1,1,
2026-08-14 02:59:48,812499,3407729,Game 2: Both Teams Destroy Inhibitors?,prop,2,2026-08-14 03:00:00,0.2,Yes,40023438874668498144632750208657873382044520843447740625081184081555141180970,,,,,0.0,0.0,0.0,0.0,0.0,0.0,0,0,
2026-08-14 02:59:48,812499,3407729,Game 2: Both Teams Destroy Inhibitors?,prop,2,2026-08-14 03:00:00,0.2,No,484091212595295130994775780202175233930586477475167866439140463580364160749,,,,,0.0,0.0,0.0,0.0,0.0,0.0,0,0,
2026-08-14 02:59:48,812499,3407730,Game 2: Any Player Quadra Kill?,prop,2,2026-08-14 03:00:00,0.2,Yes,57512002909106302457374648538616826010950529161110952092924294330557738326260,,,,,0.0,0.0,0.0,0.0,0.0,0.0,0,0,
2026-08-14 02:59:48,812499,3407730,Game 2: Any Player Quadra Kill?,prop,2,2026-08-14 03:00:00,0.2,No,46528999239069913500878472010371195055074690848476631394902559060981264912902,,,,,0.0,0.0,0.0,0.0,0.0,0.0,0,0,
2026-08-14 02:59:48,812499,3407731,Game 2: Any Player Penta Kill?,prop,2,2026-08-14 03:00:00,0.2,Yes,10367002689217741199289369255672046887753394169252950796871025362076925359402,,,,,0.0,0.0,0.0,0.0,0.0,0.0,0,0,
2026-08-14 02:59:48,812499,3407731,Game 2: Any Player Penta Kill?,prop,2,2026-08-14 03:00:00,0.2,No,44629523316220057660997646176727280068477055828540480140172757604033758965591,,,,,0.0,0.0,0.0,0.0,0.0,0.0,0,0,
2026-08-14 02:59:48,812499,3407732,Game 2: Odd/Even Total Kills?,odd_even,2,2026-08-14 03:00:00,0.2,Odd,68118589223287351123746973139702260581892652876242555636600008179922666725119,,,,,0.0,0.0,0.0,0.0,0.0,0.0,0,0,
2026-08-14 02:59:48,812499,3407732,Game 2: Odd/Even Total Kills?,odd_even,2,2026-08-14 03:00:00,0.2,Even,11563884776145307024557473783891356249853220511404723988011218691689405038835,,,,,0.0,0.0,0.0,0.0,0.0,0.0,0,0,
2026-08-14 02:59:48,812499,3407733,Game 3: Both Teams Slay Baron Nashor?,prop,3,2026-08-14 03:00:00,0.2,Yes,15108330882199972065167953232972112332503134649241289853150575394305889536382,,,,,0.0,0.0,0.0,0.0,0.0,0.0,0,0,
2026-08-14 02:59:48,812499,3407733,Game 3: Both Teams Slay Baron Nashor?,prop,3,2026-08-14 03:00:00,0.2,No,11583353539019187263341757865616242101793514605533674611840543623085353915285,,,,,0.0,0.0,0.0,0.0,0.0,0.0,0,0,
2026-08-14 02:59:48,812499,3407734,Game 3: Both Teams Slay a Dragon?,prop,3,2026-08-14 03:00:00,0.2,Yes,86518706067459875316993377887665484784139398669990316039811150778003477248591,,,,,0.0,0.0,0.0,0.0,0.0,0.0,0,0,
2026-08-14 02:59:48,812499,3407734,Game 3: Both Teams Slay a Dragon?,prop,3,2026-08-14 03:00:00,0.2,No,6330268134995515899876922471865852432628309512536344065282936223963491226645,,,,,0.0,0.0,0.0,0.0,0.0,0.0,0,0,
2026-08-14 02:59:48,812499,3407735,Game 3: Both Teams Destroy Inhibitors?,prop,3,2026-08-14 03:00:00,0.2,Yes,46778385251335632815107295958228684502257914370849295054583406222456702799534,,,,,0.0,0.0,0.0,0.0,0.0,0.0,0,0,
2026-08-14 02:59:48,812499,3407735,Game 3: Both Teams Destroy Inhibitors?,prop,3,2026-08-14 03:00:00,0.2,No,17022380444954140080106111683131141599196325846984987422687868734754056013796,,,,,0.0,0.0,0.0,0.0,0.0,0.0,0,0,
2026-08-14 02:59:48,812499,3407736,Game 3: Any Player Quadra Kill?,prop,3,2026-08-14 03:00:00,0.2,Yes,89300494282854674899062293591156319703727387411768815627804385407768809680929,,,,,0.0,0.0,0.0,0.0,0.0,0.0,0,0,
2026-08-14 02:59:48,812499,3407736,Game 3: Any Player Quadra Kill?,prop,3,2026-08-14 03:00:00,0.2,No,114001328052018071192312018162667158102721309900817212379891076054206240411645,,,,,0.0,0.0,0.0,0.0,0.0,0.0,0,0,
2026-08-14 02:59:48,812499,3407737,Game 3: Any Player Penta Kill?,prop,3,2026-08-14 03:00:00,0.2,Yes,114930391155820671280932336596912874838796280776517417418481514020573563481141,,,,,0.0,0.0,0.0,0.0,0.0,0.0,0,0,
2026-08-14 02:59:48,812499,3407737,Game 3: Any Player Penta Kill?,prop,3,2026-08-14 03:00:00,0.2,No,25083949550735874000852664968153918873092872242306546089004263953312445332311,,,,,0.0,0.0,0.0,0.0,0.0,0.0,0,0,
2026-08-14 02:59:48,812499,3407738,Game 3: Odd/Even Total Kills?,odd_even,3,2026-08-14 03:00:00,0.2,Odd,55002932149693205039252313297704990705936164068114650496235005232232448118768,,,,,0.0,0.0,0.0,0.0,0.0,0.0,0,0,
2026-08-14 02:59:48,812499,3407738,Game 3: Odd/Even Total Kills?,odd_even,3,2026-08-14 03:00:00,0.2,Even,22731531805730680844471275051506006731851300824476975059046552919830390345510,,,,,0.0,0.0,0.0,0.0,0.0,0.0,0,0,
2026-08-14 02:59:48,812500,3407739,LoL: BNK FearX Youth vs HANJIN BRION Challengers - Game 1 Winner,map,1,2026-08-14 05:00:00,120.2,BNK FearX Youth,61663936455102720529851768719096966279739088515242859634351510053320021427857,0.59,0.6,0.595,0.01,800.49,4116.1,4831.07,911.95,2549.34,4098.08,28,26,2529.627845
2026-08-14 02:59:48,812500,3407739,LoL: BNK FearX Youth vs HANJIN BRION Challengers - Game 1 Winner,map,1,2026-08-14 05:00:00,120.2,HANJIN BRION Challengers,42234029726181362412603779948886866264430875684742909834436718516098761282889,0.4,0.41,0.405,0.01,587.52,1570.44,2419.33,566.98,3134.01,3740.39,26,28,2529.627845
2026-08-14 02:59:48,812500,3407740,LoL: BNK FearX Youth vs HANJIN BRION Challengers - Game 2 Winner,map,2,2026-08-14 05:00:00,120.2,BNK FearX Youth,107808309436641300893312675613018183409013019586056788222963388770887566279759,0.59,0.6,0.595,0.01,736.79,3419.05,4763.17,1673.4,2763.28,3806.43,28,27,2555.920529
2026-08-14 02:59:48,812500,3407740,LoL: BNK FearX Youth vs HANJIN BRION Challengers - Game 2 Winner,map,2,2026-08-14 05:00:00,120.2,HANJIN BRION Challengers,108190713726091544908980663096828147669429426515696290929034353759153855371872,0.4,0.41,0.405,0.01,1079.74,1739.66,2310.19,524.33,2618.65,3738.85,27,28,2555.920529
2026-08-14 02:59:48,812500,3407741,LoL: BNK FearX Youth vs HANJIN BRION Challengers (BO3) - LCK Challengers League Rounds 3-4 Trial Group,series,,2026-08-14 05:00:00,120.2,BNK FearX Youth,4709157790055180552341123243460762988257059370615011807866571989785820996007,0.64,0.65,0.645,0.01,11978.35,14579.77,16818.07,15232.9,20599.97,22545.97,45,28,21587.923624000006
2026-08-14 02:59:48,812500,3407741,LoL: BNK FearX Youth vs HANJIN BRION Challengers (BO3) - LCK Challengers League Rounds 3-4 Trial Group,series,,2026-08-14 05:00:00,120.2,HANJIN BRION Challengers,78953976754099792644259899378966754561173836122361982355623147636345680203948,0.35,0.36,0.355,0.01,8136.77,10683.75,11517.75,6921.48,8572.43,10114.63,28,45,21587.923624000006
2026-08-14 02:59:48,812500,3407742,Games Total: O/U 2.5,total_games,,2026-08-14 05:00:00,120.2,Over,92276135268136739124520169377318113815189044479197789767602638268546461184061,0.46,0.47,0.465,0.01,512.22,1234.77,1805.52,225.66,832.5,1055.43,30,28,12460.124325
2026-08-14 02:59:48,812500,3407742,Games Total: O/U 2.5,total_games,,2026-08-14 05:00:00,120.2,Under,75172933509377648381665745794974452683403650699414327328586378058335219068050,0.53,0.54,0.535,0.01,253.53,872.85,1078.63,606.73,1554.16,2370.91,28,30,12460.124325
2026-08-14 02:59:48,812500,3407743,Game Handicap: FOX.Y (-1.5) vs HANJIN BRION Challengers (+1.5),handicap,,2026-08-14 05:00:00,120.2,BNK FearX Youth,28056190424496620422390413104090982910658404924761402830580049883862063899907,0.34,0.35,0.345,0.01,224.42,788.53,975.84,30.45,390.98,716.01,16,14,718.665982
2026-08-14 02:59:48,812500,3407743,Game Handicap: FOX.Y (-1.5) vs HANJIN BRION Challengers (+1.5),handicap,,2026-08-14 05:00:00,120.2,HANJIN BRION Challengers,83088721436173965622006440777948770695175995616684936722852600465292900831936,0.65,0.66,0.655,0.01,54.96,646.13,1148.08,453.42,1678.09,2122.81,14,16,718.665982
2026-08-14 02:59:48,812500,3407744,Game 1: Both Teams Slay Baron Nashor?,prop,1,2026-08-14 05:00:00,120.2,Yes,100315910748355254837447175433844190501038481535618161174574469556825818591812,0.06,0.48,0.27,0.42,176.0,176.0,177.01,50.43,226.43,226.43,2,4,
2026-08-14 02:59:48,812500,3407744,Game 1: Both Teams Slay Baron Nashor?,prop,1,2026-08-14 05:00:00,120.2,No,76695919881543110155683999703013506106666117525109998233075735667065262555257,0.52,0.94,0.73,0.42,52.65,228.65,228.65,2757.33,2757.33,2857.31,4,2,
2026-08-14 02:59:48,812500,3407745,Game 1: Both Teams Slay a Dragon?,prop,1,2026-08-14 05:00:00,120.2,Yes,22528557460313114895491100701446185514083262707562640533159631804605832623758,0.5,0.79,0.645,0.29,176.0,176.0,176.0,662.09,662.09,662.09,2,2,
2026-08-14 02:59:48,812500,3407745,Game 1: Both Teams Slay a Dragon?,prop,1,2026-08-14 05:00:00,120.2,No,111719982073440494596637220557882732832342237008015925473728205120143084818142,0.21,0.5,0.355,0.29,176.0,176.0,176.0,176.0,176.0,176.0,2,2,
2026-08-14 02:59:48,812500,3407746,Game 1: Both Teams Destroy Inhibitors?,prop,1,2026-08-14 05:00:00,120.2,Yes,102015644364337373304958190412524133722067167548401185640506892992233253816221,0.06,0.5,0.28,0.44,3.16,179.16,179.78,176.0,176.0,176.0,4,2,
2026-08-14 02:59:48,812500,3407746,Game 1: Both Teams Destroy Inhibitors?,prop,1,2026-08-14 05:00:00,120.2,No,79051556571885796194539247443195689732745795285052036820979417847106397667601,0.5,0.94,0.72,0.44,176.0,176.0,176.0,50.87,4274.87,4335.89,2,4,
2026-08-14 02:59:48,812500,3407747,Game 1: Any Player Quadra Kill?,prop,1,2026-08-14 05:00:00,120.2,Yes,26710921275625404505056773265693662361876704590821399911826241301751673587149,0.08,0.5,0.29,0.42,177.85,177.85,177.85,176.0,176.0,176.0,3,2,
2026-08-14 02:59:48,812500,3407747,Game 1: Any Player Quadra Kill?,prop,1,2026-08-14 05:00:00,120.2,No,93968963195077369200919487637351234938964989272421779584427039793519294281254,0.5,0.92,0.71,0.42,176.0,176.0,176.0,2359.51,2359.51,2359.51,2,3,
2026-08-14 02:59:48,812500,3407748,Game 1: Any Player Penta Kill?,prop,1,2026-08-14 05:00:00,120.2,Yes,112894733441774993623126215114218924485095801202348585552578540782541586703397,0.01,0.49,0.25,0.48,176.05,176.05,176.05,187.31,187.31,187.31,1,3,
2026-08-14 02:59:48,812500,3407748,Game 1: Any Player Penta Kill?,prop,1,2026-08-14 05:00:00,120.2,No,91952076391574419055919837609434990335076390976729873485357740908976831871632,0.51,0.99,0.75,0.48,187.77,187.77,187.77,17428.95,17428.95,17428.95,3,1,
2026-08-14 02:59:48,812500,3407749,Game 1: Odd/Even Total Kills?,odd_even,1,2026-08-14 05:00:00,120.2,Odd,32848162093516195379139231796286054395603262109309254908226315237881396997000,0.49,0.51,0.5,0.02,131.66,143.64,428.25,138.13,152.19,500.06,8,8,
2026-08-14 02:59:48,812500,3407749,Game 1: Odd/Even Total Kills?,odd_even,1,2026-08-14 05:00:00,120.2,Even,55021576952347549260624848959361573180356957556440694582427231752311741888467,0.49,0.51,0.5,0.02,131.66,143.64,428.25,138.13,152.19,500.06,8,8,
2026-08-14 02:59:48,812500,3407750,Game 2: Both Teams Slay Baron Nashor?,prop,2,2026-08-14 05:00:00,120.2,Yes,97877118867019311861316666766462908864478753853178147427401515473268771239471,0.06,0.48,0.27,0.42,176.0,176.0,177.01,50.43,226.43,226.43,2,4,
2026-08-14 02:59:48,812500,3407750,Game 2: Both Teams Slay Baron Nashor?,prop,2,2026-08-14 05:00:00,120.2,No,101719955781485808478825279041139319336382429106729864175832223089426518525915,0.52,0.94,0.73,0.42,52.65,228.65,228.65,2757.33,2757.33,2857.31,4,2,
2026-08-14 02:59:48,812500,3407751,Game 2: Both Teams Slay a Dragon?,prop,2,2026-08-14 05:00:00,120.2,Yes,47297680764440435034908332421262931037459217405696163811547313651467330170718,0.5,0.79,0.645,0.29,176.0,176.0,176.0,662.09,662.09,662.09,2,2,
2026-08-14 02:59:48,812500,3407751,Game 2: Both Teams Slay a Dragon?,prop,2,2026-08-14 05:00:00,120.2,No,23989265404590266695157366851083201637045652483925584723159543825808201424379,0.21,0.5,0.355,0.29,176.0,176.0,176.0,176.0,176.0,176.0,2,2,
2026-08-14 02:59:48,812500,3407752,Game 2: Both Teams Destroy Inhibitors?,prop,2,2026-08-14 05:00:00,120.2,Yes,36118710167082995409349519645958671600314701568827679019948470339439596629305,0.06,0.48,0.27,0.42,2.69,178.69,179.32,50.43,226.43,226.43,4,4,
2026-08-14 02:59:48,812500,3407752,Game 2: Both Teams Destroy Inhibitors?,prop,2,2026-08-14 05:00:00,120.2,No,22051017317047635342500083586640641278478909574563877304072568978735527884807,0.52,0.94,0.73,0.42,52.65,228.65,228.65,49.83,4273.83,4336.04,4,4,
2026-08-14 02:59:48,812500,3407753,Game 2: Any Player Quadra Kill?,prop,2,2026-08-14 05:00:00,120.2,Yes,58807234942451841241022433088812455930302780501410971969865241860350913908259,0.08,0.5,0.29,0.42,177.85,177.85,177.85,176.0,176.0,176.0,3,2,
2026-08-14 02:59:48,812500,3407753,Game 2: Any Player Quadra Kill?,prop,2,2026-08-14 05:00:00,120.2,No,67610973198289160033085562258079641623102165084127740059987302312234651513258,0.5,0.92,0.71,0.42,176.0,176.0,176.0,2359.51,2359.51,2359.51,2,3,
2026-08-14 02:59:48,812500,3407754,Game 2: Any Player Penta Kill?,prop,2,2026-08-14 05:00:00,120.2,Yes,64636778969528768893935901549188989277569900524229601745022333725042773975659,0.01,0.49,0.25,0.48,176.05,176.05,176.05,187.31,187.31,187.31,1,3,
2026-08-14 02:59:48,812500,3407754,Game 2: Any Player Penta Kill?,prop,2,2026-08-14 05:00:00,120.2,No,24637814849118864058445072991262267792789278042574602351517704206601256691646,0.51,0.99,0.75,0.48,187.77,187.77,187.77,17428.95,17428.95,17428.95,3,1,
2026-08-14 02:59:48,812500,3407755,Game 2: Odd/Even Total Kills?,odd_even,2,2026-08-14 05:00:00,120.2,Odd,89132671465319801984196745843834846416244136716772814394593698925920785988347,0.49,0.51,0.5,0.02,131.66,143.64,428.25,138.13,152.19,500.06,9,8,
2026-08-14 02:59:48,812500,3407755,Game 2: Odd/Even Total Kills?,odd_even,2,2026-08-14 05:00:00,120.2,Even,23772193768728815416979274790047390098007350518635703771944232234280869494479,0.49,0.51,0.5,0.02,131.66,143.64,428.25,138.13,152.19,500.06,8,9,
2026-08-14 02:59:48,812500,3407756,Game 3: Both Teams Slay Baron Nashor?,prop,3,2026-08-14 05:00:00,120.2,Yes,24551762467780504210757017514656860109633869494113144703849068703959601268673,0.07,0.99,0.53,0.92,178.02,178.02,178.02,99.98,99.98,99.98,3,1,
2026-08-14 02:59:48,812500,3407756,Game 3: Both Teams Slay Baron Nashor?,prop,3,2026-08-14 05:00:00,120.2,No,92102471374974848250230863328435931811182626128088800904066639574937320815337,0.01,0.93,0.47,0.92,1.01,1.01,1.01,2784.14,2784.14,2784.14,1,3,
2026-08-14 02:59:48,812500,3407757,Game 3: Both Teams Slay a Dragon?,prop,3,2026-08-14 05:00:00,120.2,Yes,105094231123555274880570448823486931970030904367641419451399134893231939244446,0.01,0.76,0.385,0.75,1.01,1.01,1.01,23.56,742.11,742.11,1,5,
2026-08-14 02:59:48,812500,3407757,Game 3: Both Teams Slay a Dragon?,prop,3,2026-08-14 05:00:00,120.2,No,109014455888086068752688760252979925952031440819867195106974328993910223862769,0.24,0.99,0.615,0.75,7.14,199.06,199.06,99.98,99.98,99.98,5,1,
2026-08-14 02:59:48,812500,3407758,Game 3: Both Teams Destroy Inhibitors?,prop,3,2026-08-14 05:00:00,120.2,Yes,11499728086856774147918517498478056991605051727557688632058241656568015942179,0.06,0.99,0.525,0.93,1.6,177.6,178.16,99.99,99.99,99.99,4,1,
2026-08-14 02:59:48,812500,3407758,Game 3: Both Teams Destroy Inhibitors?,prop,3,2026-08-14 05:00:00,120.2,No,71331753933838756945698401235301506856154222385900681314053669927744665300268,0.01,0.94,0.475,0.93,1.01,1.01,1.01,28.97,4252.97,4308.47,1,4,
2026-08-14 02:59:48,812500,3407759,Game 3: Any Player Quadra Kill?,prop,3,2026-08-14 05:00:00,120.2,Yes,47421305575153937544146820599736168513827203673828466756713059966501144155809,0.08,0.99,0.535,0.91,177.85,177.85,177.85,4.95,4.95,4.95,3,1,
2026-08-14 02:59:48,812500,3407759,Game 3: Any Player Quadra Kill?,prop,3,2026-08-14 05:00:00,120.2,No,5552884444941479301335256995977407725017527851202209555956852640959352319922,0.01,0.92,0.465,0.91,0.05,0.05,0.05,2359.51,2359.51,2359.51,1,3,
2026-08-14 02:59:48,812500,3407760,Game 3: Any Player Penta Kill?,prop,3,2026-08-14 05:00:00,120.2,Yes,102996765780386697047720186968511898643728347582999249513342982330729739171052,0.01,0.99,0.5,0.98,176.05,176.05,176.05,4.95,4.95,4.95,1,1,
2026-08-14 02:59:48,812500,3407760,Game 3: Any Player Penta Kill?,prop,3,2026-08-14 05:00:00,120.2,No,42319548810746199058964111262747327533525346884991531332840418409971882446366,0.01,0.99,0.5,0.98,0.05,0.05,0.05,17428.95,17428.95,17428.95,1,1,
2026-08-14 02:59:48,812500,3407761,Game 3: Odd/Even Total Kills?,odd_even,3,2026-08-14 05:00:00,120.2,Odd,32753689779373724055024054576187425028926857048917614701853851903254710657703,0.49,0.51,0.5,0.02,131.66,143.64,428.25,138.13,152.19,500.06,9,9,
2026-08-14 02:59:48,812500,3407761,Game 3: Odd/Even Total Kills?,odd_even,3,2026-08-14 05:00:00,120.2,Even,89209463628517423703665674201516273330810059098694242442514499005623124181252,0.49,0.51,0.5,0.02,131.66,143.64,428.25,138.13,152.19,500.06,9,9,
2026-08-14 02:59:48,826070,3477050,LoL: NRG Esports vs Contingent Esports - Game 1 Winner,map,1,2026-08-14 02:45:00,-14.8,NRG Esports,80814790902632668004539328994746617014614315928060173257015852122406695311005,0.86,0.9,0.88,0.04,228.73,504.29,600.56,9.0,117.03,1861.39,29,8,815.878129
2026-08-14 02:59:48,826070,3477050,LoL: NRG Esports vs Contingent Esports - Game 1 Winner,map,1,2026-08-14 02:45:00,-14.8,Contingent Esports,107651310737272584966890037363108476219576749219700416899862916279592660232089,0.1,0.14,0.12,0.04,1.0,7.25,97.16,39.27,95.71,116.84,8,29,815.878129
2026-08-14 02:59:48,826070,3477051,LoL: NRG Esports vs Contingent Esports - Game 2 Winner,map,2,2026-08-14 02:45:00,-14.8,NRG Esports,7118869453742291045797317815564893062933350229077106358535601493893500087591,0.8,0.82,0.81,0.02,5.0,1294.65,3227.95,842.3,2399.53,3310.97,32,12,
2026-08-14 02:59:48,826070,3477051,LoL: NRG Esports vs Contingent Esports - Game 2 Winner,map,2,2026-08-14 02:45:00,-14.8,Contingent Esports,108002125035495150522720856231525573531669999272447427854984681030770827642415,0.18,0.2,0.19,0.02,172.7,464.13,612.5,1.25,384.06,1010.14,12,32,
2026-08-14 02:59:48,826070,3477052,LoL: NRG Esports vs Contingent Esports (BO3) - North American Challengers League Group Stage,series,,2026-08-14 02:45:00,-14.8,NRG Esports,43038352639417355691707647173859018730749533391426346756399874481168166294619,0.9,0.91,0.905,0.01,5039.45,11620.43,12480.27,435.73,2244.17,2772.61,57,9,7567.999897
2026-08-14 02:59:48,826070,3477052,LoL: NRG Esports vs Contingent Esports (BO3) - North American Challengers League Group Stage,series,,2026-08-14 02:45:00,-14.8,Contingent Esports,84678973437664474131672312186325078675557922490434064743358042746648544685152,0.09,0.1,0.095,0.01,38.21,154.17,180.15,598.18,1539.34,1679.31,9,57,7567.999897
2026-08-14 02:59:48,826070,3477053,Games Total: O/U 2.5,total_games,,2026-08-14 02:45:00,-14.8,Over,55750592239967941703301064844243535772993617325443398709488185293476935877531,0.25,0.3,0.275,0.05,128.52,143.02,148.02,8.74,8.74,8.74,15,26,5020.485024
2026-08-14 02:59:48,826070,3477053,Games Total: O/U 2.5,total_games,,2026-08-14 02:45:00,-14.8,Under,82152669265463547990220171689636558584137366588986322786820150257732179196557,0.7,0.75,0.725,0.05,19.78,19.78,19.78,385.55,435.52,454.33,25,14,5020.485024
2026-08-14 02:59:48,826070,3477054,Game Handicap: NRG (-1.5) vs Contingent Esports (+1.5),handicap,,2026-08-14 02:45:00,-14.8,NRG Esports,95412707328160076383234584804646983201601033147527050227749727111466216606486,0.7,0.76,0.73,0.06,44.19,44.19,44.19,7.6,7.6,7.6,27,2,10763.861805999999
2026-08-14 02:59:48,826070,3477054,Game Handicap: NRG (-1.5) vs Contingent Esports (+1.5),handicap,,2026-08-14 02:45:00,-14.8,Contingent Esports,79376817134124206774201685278379459810679800756916708410468012280981017893764,0.24,0.29,0.265,0.05,2.4,189.4,189.4,357.65,360.75,360.75,3,26,10763.861805999999
2026-08-14 02:59:48,826070,3477055,Game 1: Both Teams Slay Baron Nashor?,prop,1,2026-08-14 02:45:00,-14.8,Yes,87681573095327547420633314226806041000149028170713311037612514061710912723742,,,,,0.0,0.0,0.0,0.0,0.0,0.0,0,0,
2026-08-14 02:59:48,826070,3477055,Game 1: Both Teams Slay Baron Nashor?,prop,1,2026-08-14 02:45:00,-14.8,No,69312485936334009045325800311715558032922672642482501491119421898458006349825,,,,,0.0,0.0,0.0,0.0,0.0,0.0,0,0,
2026-08-14 02:59:48,826070,3477056,Game 1: Both Teams Slay a Dragon?,prop,1,2026-08-14 02:45:00,-14.8,Yes,83805735251597132117951173378137346357296339870381814266398461580520007861517,,,,,0.0,0.0,0.0,0.0,0.0,0.0,0,0,
2026-08-14 02:59:48,826070,3477056,Game 1: Both Teams Slay a Dragon?,prop,1,2026-08-14 02:45:00,-14.8,No,24156205806670798372110555621724125417579911628083855143977773542489628788926,,,,,0.0,0.0,0.0,0.0,0.0,0.0,0,0,
2026-08-14 02:59:48,826070,3477057,Game 1: Both Teams Destroy Inhibitors?,prop,1,2026-08-14 02:45:00,-14.8,Yes,70847180670013690410054498405126312924929675515172003776071312263632441945977,,,,,0.0,0.0,0.0,0.0,0.0,0.0,0,0,
2026-08-14 02:59:48,826070,3477057,Game 1: Both Teams Destroy Inhibitors?,prop,1,2026-08-14 02:45:00,-14.8,No,15552457357105246680088345561853174847839914230111380560590702628300617170166,,,,,0.0,0.0,0.0,0.0,0.0,0.0,0,0,
2026-08-14 02:59:48,826070,3477058,Game 1: Any Player Quadra Kill?,prop,1,2026-08-14 02:45:00,-14.8,Yes,90611949896330126489333584640484616670727390063723860281928013878403906065721,,,,,0.0,0.0,0.0,0.0,0.0,0.0,0,0,
2026-08-14 02:59:48,826070,3477058,Game 1: Any Player Quadra Kill?,prop,1,2026-08-14 02:45:00,-14.8,No,30801089695626298578988776831063320516250144642136439806183847895839275854811,,,,,0.0,0.0,0.0,0.0,0.0,0.0,0,0,
2026-08-14 02:59:48,826070,3477059,Game 1: Any Player Penta Kill?,prop,1,2026-08-14 02:45:00,-14.8,Yes,48229925814520007661244111895915992051489252573972834651743984793002069701817,,,,,0.0,0.0,0.0,0.0,0.0,0.0,0,0,
2026-08-14 02:59:48,826070,3477059,Game 1: Any Player Penta Kill?,prop,1,2026-08-14 02:45:00,-14.8,No,9305314826584013047090950141969451002924314918612350007363467585821240369066,,,,,0.0,0.0,0.0,0.0,0.0,0.0,0,0,
2026-08-14 02:59:48,826070,3477061,Game 1: Odd/Even Total Kills?,odd_even,1,2026-08-14 02:45:00,-14.8,Odd,32494922393258859963201856101328517997010549162018639697250819883519722049068,,,,,0.0,0.0,0.0,0.0,0.0,0.0,0,0,
2026-08-14 02:59:48,826070,3477061,Game 1: Odd/Even Total Kills?,odd_even,1,2026-08-14 02:45:00,-14.8,Even,112834540130252099583593253928265938091790513484363299374731806537792656031528,,,,,0.0,0.0,0.0,0.0,0.0,0.0,0,0,
2026-08-14 02:59:48,826070,3477062,Game 2: Both Teams Slay Baron Nashor?,prop,2,2026-08-14 02:45:00,-14.8,Yes,55753683192199022612671704126737811310328029678442412170950072602131054587210,,,,,0.0,0.0,0.0,0.0,0.0,0.0,0,0,
2026-08-14 02:59:48,826070,3477062,Game 2: Both Teams Slay Baron Nashor?,prop,2,2026-08-14 02:45:00,-14.8,No,55937094852319737792850165512480430449747853756905259274031753275691368112975,,,,,0.0,0.0,0.0,0.0,0.0,0.0,0,0,
2026-08-14 02:59:48,826070,3477063,Game 2: Both Teams Slay a Dragon?,prop,2,2026-08-14 02:45:00,-14.8,Yes,48623647428517517453611058807537447198598988098824330225032342676302728625012,,,,,0.0,0.0,0.0,0.0,0.0,0.0,0,0,
2026-08-14 02:59:48,826070,3477063,Game 2: Both Teams Slay a Dragon?,prop,2,2026-08-14 02:45:00,-14.8,No,42417195815488111081943362396002926413430486562906704641578354062740797580084,,,,,0.0,0.0,0.0,0.0,0.0,0.0,0,0,
2026-08-14 02:59:48,826070,3477064,Game 2: Both Teams Destroy Inhibitors?,prop,2,2026-08-14 02:45:00,-14.8,Yes,23628154900252164597588937639111773709699026601186386386168618417735820690106,,,,,0.0,0.0,0.0,0.0,0.0,0.0,0,0,536.510966
2026-08-14 02:59:48,826070,3477064,Game 2: Both Teams Destroy Inhibitors?,prop,2,2026-08-14 02:45:00,-14.8,No,85739117623916471191019361815038085504519438797717701017619191765882696246759,,,,,0.0,0.0,0.0,0.0,0.0,0.0,0,0,536.510966
2026-08-14 02:59:48,826070,3477065,Game 2: Any Player Quadra Kill?,prop,2,2026-08-14 02:45:00,-14.8,Yes,53208917334913900389630971292939370679251910829672144758009133122161611227896,,,,,0.0,0.0,0.0,0.0,0.0,0.0,0,0,
2026-08-14 02:59:48,826070,3477065,Game 2: Any Player Quadra Kill?,prop,2,2026-08-14 02:45:00,-14.8,No,91070975633974495708697307701836756019763571915749676034097536234325782029896,,,,,0.0,0.0,0.0,0.0,0.0,0.0,0,0,
2026-08-14 02:59:48,826070,3477066,Game 2: Any Player Penta Kill?,prop,2,2026-08-14 02:45:00,-14.8,Yes,41553921922748035091195286700334837861150809022270611498614461149967485676553,,,,,0.0,0.0,0.0,0.0,0.0,0.0,0,0,
2026-08-14 02:59:48,826070,3477066,Game 2: Any Player Penta Kill?,prop,2,2026-08-14 02:45:00,-14.8,No,72372963262572990351948387093307185909935364431157003295642971589164020329307,,,,,0.0,0.0,0.0,0.0,0.0,0.0,0,0,
2026-08-14 02:59:48,826070,3477067,Game 2: Odd/Even Total Kills?,odd_even,2,2026-08-14 02:45:00,-14.8,Odd,51682527872121142820533720760874357541341917877241650283064345652015294503432,,,,,0.0,0.0,0.0,0.0,0.0,0.0,0,0,
2026-08-14 02:59:48,826070,3477067,Game 2: Odd/Even Total Kills?,odd_even,2,2026-08-14 02:45:00,-14.8,Even,52462070156083218163210891161506391469503363975012872173381524279777415671009,,,,,0.0,0.0,0.0,0.0,0.0,0.0,0,0,
2026-08-14 02:59:48,826070,3477068,Game 3: Both Teams Slay Baron Nashor?,prop,3,2026-08-14 02:45:00,-14.8,Yes,87723048023863233229072489576988122495348581581883475764155604685715254995143,,,,,0.0,0.0,0.0,0.0,0.0,0.0,0,0,
2026-08-14 02:59:48,826070,3477068,Game 3: Both Teams Slay Baron Nashor?,prop,3,2026-08-14 02:45:00,-14.8,No,50989255824497521540482389727045524148886656006776316809093754627968185524154,,,,,0.0,0.0,0.0,0.0,0.0,0.0,0,0,
2026-08-14 02:59:48,826070,3477069,Game 3: Both Teams Slay a Dragon?,prop,3,2026-08-14 02:45:00,-14.8,Yes,31894618867354587726609743791628570681781025713790850110963430187452605983542,,,,,0.0,0.0,0.0,0.0,0.0,0.0,0,0,
2026-08-14 02:59:48,826070,3477069,Game 3: Both Teams Slay a Dragon?,prop,3,2026-08-14 02:45:00,-14.8,No,102454578646280162427313029106444653546026394152408180005140046057337729562773,,,,,0.0,0.0,0.0,0.0,0.0,0.0,0,0,
2026-08-14 02:59:48,826070,3477070,Game 3: Both Teams Destroy Inhibitors?,prop,3,2026-08-14 02:45:00,-14.8,Yes,37140353425416026858198430022763744658491197274004779834832527078807411250706,,,,,0.0,0.0,0.0,0.0,0.0,0.0,0,0,
2026-08-14 02:59:48,826070,3477070,Game 3: Both Teams Destroy Inhibitors?,prop,3,2026-08-14 02:45:00,-14.8,No,81160108446775656753351553464289021811897715068601840646033017734259696288239,,,,,0.0,0.0,0.0,0.0,0.0,0.0,0,0,
2026-08-14 02:59:48,826070,3477071,Game 3: Any Player Quadra Kill?,prop,3,2026-08-14 02:45:00,-14.8,Yes,98730301607993226617635192895346323156884766053134987563113989760237051075734,,,,,0.0,0.0,0.0,0.0,0.0,0.0,0,0,
2026-08-14 02:59:48,826070,3477071,Game 3: Any Player Quadra Kill?,prop,3,2026-08-14 02:45:00,-14.8,No,47636245891328174531136161073693506541960443755198252563254227701534011303241,,,,,0.0,0.0,0.0,0.0,0.0,0.0,0,0,
2026-08-14 02:59:48,826070,3477072,Game 3: Any Player Penta Kill?,prop,3,2026-08-14 02:45:00,-14.8,Yes,36582442770858592965786294186284019287317276526405187098158230226204042128980,,,,,0.0,0.0,0.0,0.0,0.0,0.0,0,0,
2026-08-14 02:59:48,826070,3477072,Game 3: Any Player Penta Kill?,prop,3,2026-08-14 02:45:00,-14.8,No,72354692448307767435386725107072578807273666862716740697784668362154773401142,,,,,0.0,0.0,0.0,0.0,0.0,0.0,0,0,
2026-08-14 02:59:48,826070,3477073,Game 3: Odd/Even Total Kills?,odd_even,3,2026-08-14 02:45:00,-14.8,Odd,17265110502119578793708135589809973427915605037445313419433454040796130326698,,,,,0.0,0.0,0.0,0.0,0.0,0.0,0,0,
2026-08-14 02:59:48,826070,3477073,Game 3: Odd/Even Total Kills?,odd_even,3,2026-08-14 02:45:00,-14.8,Even,1107446221436908324166515020190090286245833902787500387186505680943047252583,,,,,0.0,0.0,0.0,0.0,0.0,0.0,0,0,
2026-08-14 03:05:47,794657,3328403,LoL: EDward Gaming vs LGD Gaming - Game 1 Winner,map,1,2026-08-14 07:00:00,234.2,EDward Gaming,16538822589134267666347681951835560853771357453018773791225946420582514808796,0.41,0.42,0.415,0.01,11140.53,14660.79,17204.89,1608.68,3945.21,5891.15,29,25,161.064735
2026-08-14 03:05:47,794657,3328403,LoL: EDward Gaming vs LGD Gaming - Game 1 Winner,map,1,2026-08-14 07:00:00,234.2,LGD Gaming,6112003050248538591905102575219976185284368566733718221124930936928803413796,0.58,0.59,0.585,0.01,2190.09,5138.73,7357.88,16702.46,22284.2,26683.99,25,29,161.064735
2026-08-14 03:05:47,794657,3328404,LoL: EDward Gaming vs LGD Gaming - Game 2 Winner,map,2,2026-08-14 07:00:00,234.2,EDward Gaming,22565454827827706563150642816366739696827309349661670938317319883669953234673,0.4,0.41,0.405,0.01,13299.82,16569.42,18136.42,1909.93,3516.59,4687.65,27,25,60.27
2026-08-14 03:05:47,794657,3328404,LoL: EDward Gaming vs LGD Gaming - Game 2 Winner,map,2,2026-08-14 07:00:00,234.2,LGD Gaming,67435776300787736650020385372775392338464864311152087900050699660336089252308,0.59,0.6,0.595,0.01,2716.23,4773.91,6160.65,20132.81,25481.72,28378.61,25,27,60.27
2026-08-14 03:05:47,794657,3328409,LoL: EDward Gaming vs LGD Gaming (BO3) - LPL Group Ascend,series,,2026-08-14 07:00:00,234.2,EDward Gaming,61853116127766913107764882844736496394027888610148442279146263481877454239626,0.38,0.39,0.385,0.01,13525.04,16649.25,21183.39,12156.37,14642.04,15755.24,34,43,61197.08256499999
2026-08-14 03:05:47,794657,3328409,LoL: EDward Gaming vs LGD Gaming (BO3) - LPL Group Ascend,series,,2026-08-14 07:00:00,234.2,LGD Gaming,49463617584122909171373183858384991465991233002521364308387015455924523314658,0.61,0.62,0.615,0.01,18861.49,22385.15,23801.95,22919.23,28664.46,37694.92,43,34,61197.08256499999
2026-08-14 03:05:47,794657,3328410,Games Total: O/U 2.5,total_games,,2026-08-14 07:00:00,234.2,Over,51476251080783448262111775565643357760986965015338894697618802862545045224424,0.46,0.48,0.47,0.02,614.2,3710.03,5745.98,676.76,13576.94,16716.94,22,18,261.00630800000005
2026-08-14 03:05:47,794657,3328410,Games Total: O/U 2.5,total_games,,2026-08-14 07:00:00,234.2,Under,91009623465777624734847121698426194299769021673178913475117214411785066422682,0.52,0.54,0.53,0.02,716.89,13586.12,16446.12,743.41,4792.64,7709.47,18,22,261.00630800000005
2026-08-14 03:05:47,794657,3328414,Game Handicap: LGD (-1.5) vs EDward Gaming (+1.5),handicap,,2026-08-14 07:00:00,234.2,LGD Gaming,94609265707358156436166406754124722886221366992686098754895930772316448619702,0.35,0.36,0.355,0.01,859.67,1954.24,3019.24,3383.86,5027.83,7489.83,22,23,2759.55307
2026-08-14 03:05:47,794657,3328414,Game Handicap: LGD (-1.5) vs EDward Gaming (+1.5),handicap,,2026-08-14 07:00:00,234.2,EDward Gaming,93175402120347753953127940293247214676728889379208429322142989282018670328353,0.64,0.65,0.645,0.01,5993.54,8601.02,12294.02,1602.75,3885.82,6337.48,23,22,2759.55307
2026-08-14 03:05:47,794657,3328415,Game 1: Both Teams Slay Baron Nashor?,prop,1,2026-08-14 07:00:00,234.2,Yes,88720640843424179998151487446653896958755039619369409945933714049969219851076,0.15,0.18,0.165,0.03,85.56,85.56,85.56,33.19,33.19,33.19,7,10,3.529406
2026-08-14 03:05:47,794657,3328415,Game 1: Both Teams Slay Baron Nashor?,prop,1,2026-08-14 07:00:00,234.2,No,53502909358672420933898748522286358801475941493594446768747332675110026549699,0.82,0.85,0.835,0.03,151.2,151.2,151.2,484.86,484.86,484.86,10,7,3.529406
2026-08-14 03:05:47,794657,3328416,Game 1: Both Teams Slay a Dragon?,prop,1,2026-08-14 07:00:00,234.2,Yes,28834451099601885678888337903683603318591288345135371563103619680098459845775,0.77,0.8,0.785,0.03,151.2,151.2,151.2,548.81,548.81,548.81,10,10,
2026-08-14 03:05:47,794657,3328416,Game 1: Both Teams Slay a Dragon?,prop,1,2026-08-14 07:00:00,234.2,No,77259209018167704702082344865218270704036018433858570468418963806034928202581,0.2,0.23,0.215,0.03,130.29,130.29,130.29,45.16,45.16,45.16,10,10,
2026-08-14 03:05:47,794657,3328417,Game 1: Both Teams Destroy Inhibitors?,prop,1,2026-08-14 07:00:00,234.2,Yes,21635083049330846138324107233839430994642279406832251929817092589448712207760,0.05,0.08,0.065,0.03,100.5,104.9,122.46,13.15,13.15,13.15,5,13,
2026-08-14 03:05:47,794657,3328417,Game 1: Both Teams Destroy Inhibitors?,prop,1,2026-08-14 07:00:00,234.2,No,90276737800501403830195737657695264320658528142946136998203536278244374049393,0.92,0.95,0.935,0.03,151.19,151.19,151.19,1912.27,2090.98,3829.42,13,5,
2026-08-14 03:05:47,794657,3328418,Game 1: Any Player Quadra Kill?,prop,1,2026-08-14 07:00:00,234.2,Yes,112763793680371741694198175010135561292806629153340026450342248190598027645379,0.01,0.67,0.34,0.66,0.05,0.05,0.05,29.06,29.06,29.06,1,7,
2026-08-14 03:05:47,794657,3328418,Game 1: Any Player Quadra Kill?,prop,1,2026-08-14 07:00:00,234.2,No,78983036372761418516434250492814354128268046752339296744196300920285620744915,0.33,0.99,0.66,0.66,14.02,14.02,14.02,4.95,4.95,4.95,7,1,
2026-08-14 03:05:47,794657,3328419,Game 1: Any Player Penta Kill?,prop,1,2026-08-14 07:00:00,234.2,Yes,1181095776257627337965627222734435772209589237276310283639820335412077607826,0.01,0.5,0.255,0.49,0.05,0.05,0.05,20.0,20.0,25.5,1,8,
2026-08-14 03:05:47,794657,3328419,Game 1: Any Player Penta Kill?,prop,1,2026-08-14 07:00:00,234.2,No,95407195980060102835895630955788683850772467341743290835177492219643926018389,0.5,0.99,0.745,0.49,20.0,20.0,24.5,4.95,4.95,4.95,8,1,
2026-08-14 03:05:47,794657,3328420,Game 1: Odd/Even Total Kills?,odd_even,1,2026-08-14 07:00:00,234.2,Odd,81257748368331833055014037383912873064026092701749871261464695776048255584000,0.49,0.51,0.5,0.02,105.76,105.76,390.37,138.13,138.13,486.0,13,14,
2026-08-14 03:05:47,794657,3328420,Game 1: Odd/Even Total Kills?,odd_even,1,2026-08-14 07:00:00,234.2,Even,77999332677104676721063179136379097962762332211534980483838300165621117571360,0.49,0.51,0.5,0.02,131.66,131.66,416.27,110.07,110.07,457.94,14,13,
2026-08-14 03:05:47,794657,3328421,Game 2: Both Teams Slay Baron Nashor?,prop,2,2026-08-14 07:00:00,234.2,Yes,56343174838684659831050503053190249621166054561645896847818271734667908637220,0.15,0.19,0.17,0.04,8.19,156.42,158.42,43.03,43.03,43.03,12,10,
2026-08-14 03:05:47,794657,3328421,Game 2: Both Teams Slay Baron Nashor?,prop,2,2026-08-14 07:00:00,234.2,No,53467232500936934898865127928571739605013702754167928062603066028001503371980,0.81,0.85,0.83,0.04,183.45,183.45,183.45,49.51,1130.81,1148.81,10,12,
2026-08-14 03:05:47,794657,3328422,Game 2: Both Teams Slay a Dragon?,prop,2,2026-08-14 07:00:00,234.2,Yes,56247877911605299691269239688564272236106244753563539543667595937007254801596,0.78,0.81,0.795,0.03,148.64,148.64,148.64,495.7,495.7,564.5,13,11,27.794608
2026-08-14 03:05:47,794657,3328422,Game 2: Both Teams Slay a Dragon?,prop,2,2026-08-14 07:00:00,234.2,No,33213270235704518554350197345848252290481546680861357318645727013920851224425,0.19,0.22,0.205,0.03,116.28,116.28,127.48,41.92,41.92,41.92,11,13,27.794608
2026-08-14 03:05:47,794657,3328423,Game 2: Both Teams Destroy Inhibitors?,prop,2,2026-08-14 07:00:00,234.2,Yes,23866373405954460592543495232948765443549311807653749077165063082983950389227,0.05,0.09,0.07,0.04,100.54,106.9,122.76,19.11,19.11,19.11,5,23,
2026-08-14 03:05:47,794657,3328423,Game 2: Both Teams Destroy Inhibitors?,prop,2,2026-08-14 07:00:00,234.2,No,106182809613345232828515574629848238094946180993771982333301658262857181059580,0.91,0.95,0.93,0.04,193.2,193.2,193.2,1913.18,2188.35,3758.49,23,5,
2026-08-14 03:05:47,794657,3328424,Game 2: Any Player Quadra Kill?,prop,2,2026-08-14 07:00:00,234.2,Yes,19935029289836093993704722464245940580583537682900250490434555842904210326371,0.01,0.57,0.29,0.56,0.05,0.05,0.05,5.7,5.7,5.7,1,8,
2026-08-14 03:05:47,794657,3328424,Game 2: Any Player Quadra Kill?,prop,2,2026-08-14 07:00:00,234.2,No,43055433967855001232644212115399809741337715654099382326125603544039299416413,0.43,0.99,0.71,0.56,4.3,4.3,4.3,4.95,4.95,4.95,8,1,
2026-08-14 03:05:47,794657,3328425,Game 2: Any Player Penta Kill?,prop,2,2026-08-14 07:00:00,234.2,Yes,113036542892276280856256154441390558127424205633346582599788124300545994793022,0.01,0.5,0.255,0.49,0.05,0.05,0.05,20.0,20.0,20.0,1,8,
2026-08-14 03:05:47,794657,3328425,Game 2: Any Player Penta Kill?,prop,2,2026-08-14 07:00:00,234.2,No,22517298777462646124916092652903474402139509241089825604829460150922834453118,0.5,0.99,0.745,0.49,20.0,20.0,20.0,4.95,4.95,4.95,8,1,
2026-08-14 03:05:47,794657,3328426,Game 2: Odd/Even Total Kills?,odd_even,2,2026-08-14 07:00:00,234.2,Odd,57868678402337173244913792046591847709533024147760867112712751834391179266731,0.49,0.51,0.5,0.02,131.66,143.64,428.25,138.13,152.19,500.06,13,13,
2026-08-14 03:05:47,794657,3328426,Game 2: Odd/Even Total Kills?,odd_even,2,2026-08-14 07:00:00,234.2,Even,50939630201486257120261463215005684838973045003263299174466363362430455249728,0.49,0.51,0.5,0.02,131.66,143.64,428.25,138.13,152.19,500.06,13,13,
2026-08-14 03:05:47,794657,3328427,Game 3: Both Teams Slay Baron Nashor?,prop,3,2026-08-14 07:00:00,234.2,Yes,76277309255477656379503895701105583391200198855077137750528063792638839767585,0.05,0.99,0.52,0.94,1.41,3.78,5.93,99.99,99.99,99.99,5,1,
2026-08-14 03:05:47,794657,3328427,Game 3: Both Teams Slay Baron Nashor?,prop,3,2026-08-14 07:00:00,234.2,No,66050468513302609255334265263730162775879337728776569583679238662292832038551,0.01,0.95,0.48,0.94,1.01,1.01,1.01,31.47,143.75,357.26,1,5,
2026-08-14 03:05:47,794657,3328428,Game 3: Both Teams Slay a Dragon?,prop,3,2026-08-14 07:00:00,234.2,Yes,39607533892151662897207550702271268317584541850909381858407870002554160461546,0.02,0.82,0.42,0.8,3.01,3.01,3.01,16.4,72.17,72.17,2,6,
2026-08-14 03:05:47,794657,3328428,Game 3: Both Teams Slay a Dragon?,prop,3,2026-08-14 07:00:00,234.2,No,80906464884389731666539372713031807849777270330835049513726775006447793791725,0.18,0.98,0.58,0.8,3.6,13.99,13.99,258.75,258.75,258.75,6,2,
2026-08-14 03:05:47,794657,3328429,Game 3: Both Teams Destroy Inhibitors?,prop,3,2026-08-14 07:00:00,234.2,Yes,84923788891858742227344440898757896670115206151473199172503932719830217406483,0.05,0.99,0.52,0.94,1.42,3.75,5.91,99.99,99.99,99.99,5,1,
2026-08-14 03:05:47,794657,3328429,Game 3: Both Teams Destroy Inhibitors?,prop,3,2026-08-14 07:00:00,234.2,No,53539935354941798318785805166937169545726716523518122851239468805321471442675,0.01,0.95,0.48,0.94,1.01,1.01,1.01,31.63,142.06,356.14,1,5,
2026-08-14 03:05:47,794657,3328430,Game 3: Any Player Quadra Kill?,prop,3,2026-08-14 07:00:00,234.2,Yes,8578911030407656449072891598423247350429668157212669412071110929416118735655,0.06,0.99,0.525,0.93,1.38,3.38,5.43,4.95,4.95,4.95,3,1,
2026-08-14 03:05:47,794657,3328430,Game 3: Any Player Quadra Kill?,prop,3,2026-08-14 07:00:00,234.2,No,88473806341311155017291558698605225255951338788425615642821209215308669675951,0.01,0.94,0.475,0.93,0.05,0.05,0.05,21.7,86.37,289.32,1,3,
2026-08-14 03:05:47,794657,3328431,Game 3: Any Player Penta Kill?,prop,3,2026-08-14 07:00:00,234.2,Yes,102115248628250967726009499677264653352482148667962099449790706145370937427783,0.16,0.99,0.575,0.83,4.26,4.26,4.26,4.95,4.95,4.95,4,1,
2026-08-14 03:05:47,794657,3328431,Game 3: Any Player Penta Kill?,prop,3,2026-08-14 07:00:00,234.2,No,86105558473248972710879906245670138095805073727371753165734606394165179175364,0.01,0.84,0.425,0.83,0.05,0.05,0.05,23.82,23.82,23.82,1,4,
2026-08-14 03:05:47,794657,3328432,Game 3: Odd/Even Total Kills?,odd_even,3,2026-08-14 07:00:00,234.2,Odd,70314935699535793714105567474814425441771929228321508477127351635592846908810,0.45,0.48,0.465,0.03,49.95,49.95,49.95,39.34,180.16,180.16,17,16,384.73764600000004
2026-08-14 03:05:47,794657,3328432,Game 3: Odd/Even Total Kills?,odd_even,3,2026-08-14 07:00:00,234.2,Even,16605627974968197192806042177947544460960631753303108720945768622448303564086,0.52,0.55,0.535,0.03,41.18,178.25,178.25,61.05,61.05,61.05,16,17,384.73764600000004
2026-08-14 03:05:47,794657,3560839,First Blood in Game 1?,first_blood,1,2026-08-14 07:00:00,234.2,EDward Gaming,41497262865862274688918313041563948616321612941862949749548224476248847887958,0.47,0.52,0.495,0.05,183.8,204.11,204.11,260.03,260.03,260.03,11,10,
2026-08-14 03:05:47,794657,3560839,First Blood in Game 1?,first_blood,1,2026-08-14 07:00:00,234.2,LGD Gaming,7996348598665986215890309189269676103849866826085039240232700780677680868756,0.48,0.53,0.505,0.05,240.02,240.02,240.02,207.27,233.12,233.12,10,11,
2026-08-14 03:05:47,794657,3560838,First Blood in Game 2?,first_blood,2,2026-08-14 07:00:00,234.2,EDward Gaming,91752580809802118034982403370386879787611816192926527048840647640473725598898,0.47,0.51,0.49,0.04,183.8,204.11,204.11,205.18,205.18,205.18,11,11,
2026-08-14 03:05:47,794657,3560838,First Blood in Game 2?,first_blood,2,2026-08-14 07:00:00,234.2,LGD Gaming,64974308574106918884768481929339207080343962939662851289525271065979928125138,0.49,0.53,0.51,0.04,197.14,197.14,197.14,207.27,233.12,233.12,11,11,
2026-08-14 03:05:47,794657,3560841,Total Kills Over/Under 30.5 in Game 1?,total_kills,1,2026-08-14 07:00:00,234.2,Over,971464515944833788280116236141402423144097159348566095239992035710073367998,0.45,0.47,0.46,0.02,2986.71,3125.43,3125.43,222.5,3897.5,3897.5,21,22,4237.218989
2026-08-14 03:05:47,794657,3560841,Total Kills Over/Under 30.5 in Game 1?,total_kills,1,2026-08-14 07:00:00,234.2,Under,63957403338747198364098993422767376484089086648646601050599230251156986866087,0.53,0.55,0.54,0.02,249.21,4074.21,4074.21,3666.6,3850.5,3850.5,22,21,4237.218989
2026-08-14 03:05:47,794657,3560840,Total Kills Over/Under 30.5 in Game 2?,total_kills,2,2026-08-14 07:00:00,234.2,Over,65804097352233425141936057355660586811083242874109789559932034246330402742177,0.48,0.49,0.485,0.01,150.32,150.32,2350.32,1956.96,2161.56,2161.56,11,14,41.180133
2026-08-14 03:05:47,794657,3560840,Total Kills Over/Under 30.5 in Game 2?,total_kills,2,2026-08-14 07:00:00,234.2,Under,24071853255738893075089214131197620497719905450498617689461450054011646397682,0.51,0.52,0.515,0.01,1996.01,2186.41,2186.41,162.85,162.85,2962.85,14,11,41.180133
2026-08-14 03:05:47,794657,3560842,Total Kills Over/Under 33.5 in Game 1?,total_kills,1,2026-08-14 07:00:00,234.2,Over,85298098641797305981429898409329577626274326234014044828099055147027803905498,0.32,0.35,0.335,0.03,24.0,256.85,256.85,83.74,83.74,83.74,11,11,4.191175
2026-08-14 03:05:47,794657,3560842,Total Kills Over/Under 33.5 in Game 1?,total_kills,1,2026-08-14 07:00:00,234.2,Under,26201045922989393606633689319558162531386803342358870243107169211852187170982,0.65,0.68,0.665,0.03,155.53,155.53,155.53,51.0,594.31,594.31,11,11,4.191175
2026-08-14 03:05:47,794657,3560843,Total Kills Over/Under 33.5 in Game 2?,total_kills,2,2026-08-14 07:00:00,234.2,Over,27328524742018625863552600246088773957422275171917715060334448081930425273276,0.35,0.37,0.36,0.02,133.67,133.67,133.67,84.83,84.83,84.83,12,12,54.100728000000004
2026-08-14 03:05:47,794657,3560843,Total Kills Over/Under 33.5 in Game 2?,total_kills,2,2026-08-14 07:00:00,234.2,Under,100758305972387360065193652853640122452309667662547847877734643030987972146281,0.63,0.65,0.64,0.02,144.44,144.44,144.44,257.26,257.26,257.26,12,12,54.100728000000004
2026-08-14 03:05:47,812499,3407716,LoL: T1 Academy vs Dplus KIA Challengers - Game 1 Winner,map,1,2026-08-14 03:00:00,-5.8,T1 Academy,39734844495353304395398396140221540149305519357715269073311726294226019570550,0.56,0.59,0.575,0.03,52.74,71.25,71.25,1056.1,2555.03,2651.03,27,21,1154.268403
2026-08-14 03:05:47,812499,3407716,LoL: T1 Academy vs Dplus KIA Challengers - Game 1 Winner,map,1,2026-08-14 03:00:00,-5.8,Dplus KIA Challengers,33269339650279858595555088093374570383524449579809902479647974050760364184259,0.41,0.44,0.425,0.03,733.9,1679.24,1733.24,41.96,57.89,57.89,21,27,1154.268403
2026-08-14 03:05:47,812499,3407717,LoL: T1 Academy vs Dplus KIA Challengers - Game 2 Winner,map,2,2026-08-14 03:00:00,-5.8,T1 Academy,65413134936637378696103480670341747188714493905423788592364522087047313278527,0.2,0.64,0.42,0.44,5.08,5.08,5.08,1345.06,1345.06,1351.96,7,14,59.580242
2026-08-14 03:05:47,812499,3407717,LoL: T1 Academy vs Dplus KIA Challengers - Game 2 Winner,map,2,2026-08-14 03:00:00,-5.8,Dplus KIA Challengers,109850116150453228098769636194777220136528900176432751128686947209537047715503,0.36,0.8,0.58,0.44,725.34,725.34,728.44,20.32,20.32,20.32,14,7,59.580242
2026-08-14 03:05:47,812499,3407718,LoL: T1 Academy vs Dplus KIA Challengers (BO3) - LCK Challengers League Rounds 3-4 Challenge Group,series,,2026-08-14 03:00:00,-5.8,T1 Academy,29334009531926017999172713361554624736754304108781329166019313376852181532606,0.65,0.66,0.655,0.01,448.68,945.24,1175.24,6882.21,6901.25,7368.25,48,26,31486.49822400001
2026-08-14 03:05:47,812499,3407718,LoL: T1 Academy vs Dplus KIA Challengers (BO3) - LCK Challengers League Rounds 3-4 Challenge Group,series,,2026-08-14 03:00:00,-5.8,Dplus KIA Challengers,86576119660677556215120793453634271480079124875691072264113236209109323222775,0.34,0.35,0.345,0.01,3544.96,3553.92,3751.92,251.83,555.85,708.85,26,48,31486.49822400001
2026-08-14 03:05:47,812499,3407719,Games Total: O/U 2.5,total_games,,2026-08-14 03:00:00,-5.8,Over,12254491551645605749999948566783532239763590860890971634914438946306484415625,0.46,0.54,0.5,0.08,172.71,319.23,319.23,13.45,13.45,13.45,6,5,220.27453699999998
2026-08-14 03:05:47,812499,3407719,Games Total: O/U 2.5,total_games,,2026-08-14 03:00:00,-5.8,Under,68717137278381026545457297595820702026186759179231499229342417358442267129224,0.46,0.54,0.5,0.08,11.45,11.45,11.45,203.19,389.67,389.67,5,6,220.27453699999998
2026-08-14 03:05:47,812499,3407720,Game Handicap: T1.A (-1.5) vs Dplus KIA Challengers (+1.5),handicap,,2026-08-14 03:00:00,-5.8,T1 Academy,112387528592292424930650532924576804503241362728004667616961247667692272312413,0.22,,,,11.0,11.0,11.0,0.0,0.0,0.0,1,0,750.61431
2026-08-14 03:05:47,812499,3407720,Game Handicap: T1.A (-1.5) vs Dplus KIA Challengers (+1.5),handicap,,2026-08-14 03:00:00,-5.8,Dplus KIA Challengers,94189587113690720225125693998745295556487555508602796811274630370563126617623,,0.78,,,0.0,0.0,0.0,39.0,39.0,39.0,0,1,750.61431
2026-08-14 03:05:47,812499,3407721,Game 1: Both Teams Slay Baron Nashor?,prop,1,2026-08-14 03:00:00,-5.8,Yes,40069868393640809104786506776915751658534703452875290458511978206216443518807,,0.99,,,0.0,0.0,0.0,55.43,55.43,55.43,0,1,
2026-08-14 03:05:47,812499,3407721,Game 1: Both Teams Slay Baron Nashor?,prop,1,2026-08-14 03:00:00,-5.8,No,50608849903554909222219439429204277119215627374900112590959682663938465769933,0.01,,,,0.56,0.56,0.56,0.0,0.0,0.0,1,0,
2026-08-14 03:05:47,812499,3407722,Game 1: Both Teams Slay a Dragon?,prop,1,2026-08-14 03:00:00,-5.8,Yes,64687367087236276548065101683258903075752340820526093114401398914562723872435,0.01,,,,0.56,0.56,0.56,0.0,0.0,0.0,1,0,
2026-08-14 03:05:47,812499,3407722,Game 1: Both Teams Slay a Dragon?,prop,1,2026-08-14 03:00:00,-5.8,No,26917764894392864707600724979145293015616736651873463361668909405225770515800,,0.99,,,0.0,0.0,0.0,55.43,55.43,55.43,0,1,
2026-08-14 03:05:47,812499,3407723,Game 1: Both Teams Destroy Inhibitors?,prop,1,2026-08-14 03:00:00,-5.8,Yes,90909758418785757498339848282956469721252985181476774447367514416062374905071,,,,,0.0,0.0,0.0,0.0,0.0,0.0,0,0,
2026-08-14 03:05:47,812499,3407723,Game 1: Both Teams Destroy Inhibitors?,prop,1,2026-08-14 03:00:00,-5.8,No,97306944816021298866960210528887417854859989203311809746657546857239695639465,,,,,0.0,0.0,0.0,0.0,0.0,0.0,0,0,
2026-08-14 03:05:47,812499,3407724,Game 1: Any Player Quadra Kill?,prop,1,2026-08-14 03:00:00,-5.8,Yes,40480664112673814293878383496256759291306966101765432817155796609878716191611,,,,,0.0,0.0,0.0,0.0,0.0,0.0,0,0,
2026-08-14 03:05:47,812499,3407724,Game 1: Any Player Quadra Kill?,prop,1,2026-08-14 03:00:00,-5.8,No,14076318087349160081892552307719855776657942293180940006992128639325104402095,,,,,0.0,0.0,0.0,0.0,0.0,0.0,0,0,
2026-08-14 03:05:47,812499,3407725,Game 1: Any Player Penta Kill?,prop,1,2026-08-14 03:00:00,-5.8,Yes,83951240816212277150512877212327250889048265428194239222014223541148332980146,,,,,0.0,0.0,0.0,0.0,0.0,0.0,0,0,
2026-08-14 03:05:47,812499,3407725,Game 1: Any Player Penta Kill?,prop,1,2026-08-14 03:00:00,-5.8,No,14552533511971407204042061068349266750490465725326712708556780935391488764747,,,,,0.0,0.0,0.0,0.0,0.0,0.0,0,0,
2026-08-14 03:05:47,812499,3407726,Game 1: Odd/Even Total Kills?,odd_even,1,2026-08-14 03:00:00,-5.8,Odd,30008734824659626946333304876575234022448750432748410603007444659876904754544,0.01,0.99,0.5,0.98,0.56,0.56,0.56,55.43,55.43,55.43,1,1,
2026-08-14 03:05:47,812499,3407726,Game 1: Odd/Even Total Kills?,odd_even,1,2026-08-14 03:00:00,-5.8,Even,99395084138140294423547521803551548703320007241030462665435762504531763643878,0.01,0.99,0.5,0.98,0.56,0.56,0.56,55.43,55.43,55.43,1,1,
2026-08-14 03:05:47,812499,3407727,Game 2: Both Teams Slay Baron Nashor?,prop,2,2026-08-14 03:00:00,-5.8,Yes,58129688162656381793690234448367947337214519902641172243030953744164978549829,,0.99,,,0.0,0.0,0.0,55.43,55.43,55.43,0,1,
2026-08-14 03:05:47,812499,3407727,Game 2: Both Teams Slay Baron Nashor?,prop,2,2026-08-14 03:00:00,-5.8,No,37784282596358571641116459773582983188118603190781422145404475059195349143098,0.01,,,,0.56,0.56,0.56,0.0,0.0,0.0,1,0,
2026-08-14 03:05:47,812499,3407728,Game 2: Both Teams Slay a Dragon?,prop,2,2026-08-14 03:00:00,-5.8,Yes,67100635698749036243996596083856731930110083604846187832565784378462214356906,0.01,,,,0.56,0.56,0.56,0.0,0.0,0.0,1,0,
2026-08-14 03:05:47,812499,3407728,Game 2: Both Teams Slay a Dragon?,prop,2,2026-08-14 03:00:00,-5.8,No,42625504916961847735090009072914737766516948044519350934640603247822281703262,,0.99,,,0.0,0.0,0.0,55.43,55.43,55.43,0,1,
2026-08-14 03:05:47,812499,3407729,Game 2: Both Teams Destroy Inhibitors?,prop,2,2026-08-14 03:00:00,-5.8,Yes,40023438874668498144632750208657873382044520843447740625081184081555141180970,,,,,0.0,0.0,0.0,0.0,0.0,0.0,0,0,
2026-08-14 03:05:47,812499,3407729,Game 2: Both Teams Destroy Inhibitors?,prop,2,2026-08-14 03:00:00,-5.8,No,484091212595295130994775780202175233930586477475167866439140463580364160749,,,,,0.0,0.0,0.0,0.0,0.0,0.0,0,0,
2026-08-14 03:05:47,812499,3407730,Game 2: Any Player Quadra Kill?,prop,2,2026-08-14 03:00:00,-5.8,Yes,57512002909106302457374648538616826010950529161110952092924294330557738326260,,,,,0.0,0.0,0.0,0.0,0.0,0.0,0,0,
2026-08-14 03:05:47,812499,3407730,Game 2: Any Player Quadra Kill?,prop,2,2026-08-14 03:00:00,-5.8,No,46528999239069913500878472010371195055074690848476631394902559060981264912902,,,,,0.0,0.0,0.0,0.0,0.0,0.0,0,0,
2026-08-14 03:05:47,812499,3407731,Game 2: Any Player Penta Kill?,prop,2,2026-08-14 03:00:00,-5.8,Yes,10367002689217741199289369255672046887753394169252950796871025362076925359402,,,,,0.0,0.0,0.0,0.0,0.0,0.0,0,0,
2026-08-14 03:05:47,812499,3407731,Game 2: Any Player Penta Kill?,prop,2,2026-08-14 03:00:00,-5.8,No,44629523316220057660997646176727280068477055828540480140172757604033758965591,,,,,0.0,0.0,0.0,0.0,0.0,0.0,0,0,
2026-08-14 03:05:47,812499,3407732,Game 2: Odd/Even Total Kills?,odd_even,2,2026-08-14 03:00:00,-5.8,Odd,68118589223287351123746973139702260581892652876242555636600008179922666725119,0.01,0.99,0.5,0.98,0.56,0.56,0.56,55.43,55.43,55.43,1,1,
2026-08-14 03:05:47,812499,3407732,Game 2: Odd/Even Total Kills?,odd_even,2,2026-08-14 03:00:00,-5.8,Even,11563884776145307024557473783891356249853220511404723988011218691689405038835,0.01,0.99,0.5,0.98,0.56,0.56,0.56,55.43,55.43,55.43,1,1,
2026-08-14 03:05:47,812499,3407733,Game 3: Both Teams Slay Baron Nashor?,prop,3,2026-08-14 03:00:00,-5.8,Yes,15108330882199972065167953232972112332503134649241289853150575394305889536382,,0.99,,,0.0,0.0,0.0,55.43,55.43,55.43,0,1,
2026-08-14 03:05:47,812499,3407733,Game 3: Both Teams Slay Baron Nashor?,prop,3,2026-08-14 03:00:00,-5.8,No,11583353539019187263341757865616242101793514605533674611840543623085353915285,0.01,,,,0.56,0.56,0.56,0.0,0.0,0.0,1,0,
2026-08-14 03:05:47,812499,3407734,Game 3: Both Teams Slay a Dragon?,prop,3,2026-08-14 03:00:00,-5.8,Yes,86518706067459875316993377887665484784139398669990316039811150778003477248591,0.01,,,,0.56,0.56,0.56,0.0,0.0,0.0,1,0,
2026-08-14 03:05:47,812499,3407734,Game 3: Both Teams Slay a Dragon?,prop,3,2026-08-14 03:00:00,-5.8,No,6330268134995515899876922471865852432628309512536344065282936223963491226645,,0.99,,,0.0,0.0,0.0,55.43,55.43,55.43,0,1,
2026-08-14 03:05:47,812499,3407735,Game 3: Both Teams Destroy Inhibitors?,prop,3,2026-08-14 03:00:00,-5.8,Yes,46778385251335632815107295958228684502257914370849295054583406222456702799534,,,,,0.0,0.0,0.0,0.0,0.0,0.0,0,0,
2026-08-14 03:05:47,812499,3407735,Game 3: Both Teams Destroy Inhibitors?,prop,3,2026-08-14 03:00:00,-5.8,No,17022380444954140080106111683131141599196325846984987422687868734754056013796,,,,,0.0,0.0,0.0,0.0,0.0,0.0,0,0,
2026-08-14 03:05:47,812499,3407736,Game 3: Any Player Quadra Kill?,prop,3,2026-08-14 03:00:00,-5.8,Yes,89300494282854674899062293591156319703727387411768815627804385407768809680929,,,,,0.0,0.0,0.0,0.0,0.0,0.0,0,0,
2026-08-14 03:05:47,812499,3407736,Game 3: Any Player Quadra Kill?,prop,3,2026-08-14 03:00:00,-5.8,No,114001328052018071192312018162667158102721309900817212379891076054206240411645,,,,,0.0,0.0,0.0,0.0,0.0,0.0,0,0,
2026-08-14 03:05:47,812499,3407737,Game 3: Any Player Penta Kill?,prop,3,2026-08-14 03:00:00,-5.8,Yes,114930391155820671280932336596912874838796280776517417418481514020573563481141,,,,,0.0,0.0,0.0,0.0,0.0,0.0,0,0,
2026-08-14 03:05:47,812499,3407737,Game 3: Any Player Penta Kill?,prop,3,2026-08-14 03:00:00,-5.8,No,25083949550735874000852664968153918873092872242306546089004263953312445332311,,,,,0.0,0.0,0.0,0.0,0.0,0.0,0,0,
2026-08-14 03:05:47,812499,3407738,Game 3: Odd/Even Total Kills?,odd_even,3,2026-08-14 03:00:00,-5.8,Odd,55002932149693205039252313297704990705936164068114650496235005232232448118768,0.01,0.99,0.5,0.98,0.56,0.56,0.56,55.43,55.43,55.43,1,1,
2026-08-14 03:05:47,812499,3407738,Game 3: Odd/Even Total Kills?,odd_even,3,2026-08-14 03:00:00,-5.8,Even,22731531805730680844471275051506006731851300824476975059046552919830390345510,0.01,0.99,0.5,0.98,0.56,0.56,0.56,55.43,55.43,55.43,1,1,
2026-08-14 03:05:47,812500,3407739,LoL: BNK FearX Youth vs HANJIN BRION Challengers - Game 1 Winner,map,1,2026-08-14 05:00:00,114.2,BNK FearX Youth,61663936455102720529851768719096966279739088515242859634351510053320021427857,0.59,0.6,0.595,0.01,800.49,4116.1,4831.07,911.95,2549.34,4131.61,34,27,2529.627845
2026-08-14 03:05:47,812500,3407739,LoL: BNK FearX Youth vs HANJIN BRION Challengers - Game 1 Winner,map,1,2026-08-14 05:00:00,114.2,HANJIN BRION Challengers,42234029726181362412603779948886866264430875684742909834436718516098761282889,0.4,0.41,0.405,0.01,587.52,1570.44,2432.03,566.98,3134.01,3740.39,27,31,2529.627845
2026-08-14 03:05:47,812500,3407740,LoL: BNK FearX Youth vs HANJIN BRION Challengers - Game 2 Winner,map,2,2026-08-14 05:00:00,114.2,BNK FearX Youth,107808309436641300893312675613018183409013019586056788222963388770887566279759,0.59,0.6,0.595,0.01,736.79,3419.05,4763.17,1673.4,2763.28,3606.54,28,25,2555.920529
2026-08-14 03:05:47,812500,3407740,LoL: BNK FearX Youth vs HANJIN BRION Challengers - Game 2 Winner,map,2,2026-08-14 05:00:00,114.2,HANJIN BRION Challengers,108190713726091544908980663096828147669429426515696290929034353759153855371872,0.4,0.41,0.405,0.01,1079.74,1739.66,2197.76,524.33,2618.65,3738.85,25,28,2555.920529
2026-08-14 03:05:47,812500,3407741,LoL: BNK FearX Youth vs HANJIN BRION Challengers (BO3) - LCK Challengers League Rounds 3-4 Trial Group,series,,2026-08-14 05:00:00,114.2,BNK FearX Youth,4709157790055180552341123243460762988257059370615011807866571989785820996007,0.64,0.65,0.645,0.01,11848.62,14450.04,16706.33,14902.16,20422.69,22228.69,42,28,23522.395491
2026-08-14 03:05:47,812500,3407741,LoL: BNK FearX Youth vs HANJIN BRION Challengers (BO3) - LCK Challengers League Rounds 3-4 Trial Group,series,,2026-08-14 05:00:00,114.2,HANJIN BRION Challengers,78953976754099792644259899378966754561173836122361982355623147636345680203948,0.35,0.36,0.355,0.01,7966.38,10585.56,11359.56,6848.5,8499.45,10053.65,28,42,23522.395491
2026-08-14 03:05:47,812500,3407742,Games Total: O/U 2.5,total_games,,2026-08-14 05:00:00,114.2,Over,92276135268136739124520169377318113815189044479197789767602638268546461184061,0.46,0.47,0.465,0.01,518.79,1241.34,1812.09,225.66,832.5,1055.43,30,28,12460.124325
2026-08-14 03:05:47,812500,3407742,Games Total: O/U 2.5,total_games,,2026-08-14 05:00:00,114.2,Under,75172933509377648381665745794974452683403650699414327328586378058335219068050,0.53,0.54,0.535,0.01,253.53,872.85,1078.63,614.44,1561.87,2378.62,28,30,12460.124325
2026-08-14 03:05:47,812500,3407743,Game Handicap: FOX.Y (-1.5) vs HANJIN BRION Challengers (+1.5),handicap,,2026-08-14 05:00:00,114.2,BNK FearX Youth,28056190424496620422390413104090982910658404924761402830580049883862063899907,0.34,0.35,0.345,0.01,224.42,788.53,952.08,30.45,390.98,716.01,15,13,718.6659819999999
2026-08-14 03:05:47,812500,3407743,Game Handicap: FOX.Y (-1.5) vs HANJIN BRION Challengers (+1.5),handicap,,2026-08-14 05:00:00,114.2,HANJIN BRION Challengers,83088721436173965622006440777948770695175995616684936722852600465292900831936,0.65,0.66,0.655,0.01,54.96,646.13,1148.08,453.42,1678.09,2067.37,13,15,718.6659819999999
2026-08-14 03:05:47,812500,3407744,Game 1: Both Teams Slay Baron Nashor?,prop,1,2026-08-14 05:00:00,114.2,Yes,100315910748355254837447175433844190501038481535618161174574469556825818591812,0.06,0.48,0.27,0.42,176.0,176.0,177.01,50.43,226.43,226.43,2,4,
2026-08-14 03:05:47,812500,3407744,Game 1: Both Teams Slay Baron Nashor?,prop,1,2026-08-14 05:00:00,114.2,No,76695919881543110155683999703013506106666117525109998233075735667065262555257,0.52,0.94,0.73,0.42,52.65,228.65,228.65,2757.33,2757.33,2857.31,4,2,
2026-08-14 03:05:47,812500,3407745,Game 1: Both Teams Slay a Dragon?,prop,1,2026-08-14 05:00:00,114.2,Yes,22528557460313114895491100701446185514083262707562640533159631804605832623758,0.5,0.79,0.645,0.29,176.0,176.0,176.0,662.09,662.09,662.09,2,2,
2026-08-14 03:05:47,812500,3407745,Game 1: Both Teams Slay a Dragon?,prop,1,2026-08-14 05:00:00,114.2,No,111719982073440494596637220557882732832342237008015925473728205120143084818142,0.21,0.5,0.355,0.29,176.0,176.0,176.0,176.0,176.0,176.0,2,2,
2026-08-14 03:05:47,812500,3407746,Game 1: Both Teams Destroy Inhibitors?,prop,1,2026-08-14 05:00:00,114.2,Yes,102015644364337373304958190412524133722067167548401185640506892992233253816221,0.06,0.5,0.28,0.44,3.16,179.16,179.78,176.0,176.0,176.0,4,2,
2026-08-14 03:05:47,812500,3407746,Game 1: Both Teams Destroy Inhibitors?,prop,1,2026-08-14 05:00:00,114.2,No,79051556571885796194539247443195689732745795285052036820979417847106397667601,0.5,0.94,0.72,0.44,176.0,176.0,176.0,50.87,4274.87,4335.89,2,4,
2026-08-14 03:05:47,812500,3407747,Game 1: Any Player Quadra Kill?,prop,1,2026-08-14 05:00:00,114.2,Yes,26710921275625404505056773265693662361876704590821399911826241301751673587149,0.08,0.5,0.29,0.42,177.85,177.85,177.85,176.0,176.0,176.0,3,2,
2026-08-14 03:05:47,812500,3407747,Game 1: Any Player Quadra Kill?,prop,1,2026-08-14 05:00:00,114.2,No,93968963195077369200919487637351234938964989272421779584427039793519294281254,0.5,0.92,0.71,0.42,176.0,176.0,176.0,2359.51,2359.51,2359.51,2,3,
2026-08-14 03:05:47,812500,3407748,Game 1: Any Player Penta Kill?,prop,1,2026-08-14 05:00:00,114.2,Yes,112894733441774993623126215114218924485095801202348585552578540782541586703397,0.01,0.49,0.25,0.48,176.05,176.05,176.05,187.31,187.31,187.31,1,3,
2026-08-14 03:05:47,812500,3407748,Game 1: Any Player Penta Kill?,prop,1,2026-08-14 05:00:00,114.2,No,91952076391574419055919837609434990335076390976729873485357740908976831871632,0.51,0.99,0.75,0.48,187.77,187.77,187.77,17428.95,17428.95,17428.95,3,1,
2026-08-14 03:05:47,812500,3407749,Game 1: Odd/Even Total Kills?,odd_even,1,2026-08-14 05:00:00,114.2,Odd,32848162093516195379139231796286054395603262109309254908226315237881396997000,0.49,0.51,0.5,0.02,131.66,143.64,428.25,138.13,152.19,500.06,8,8,
2026-08-14 03:05:47,812500,3407749,Game 1: Odd/Even Total Kills?,odd_even,1,2026-08-14 05:00:00,114.2,Even,55021576952347549260624848959361573180356957556440694582427231752311741888467,0.49,0.51,0.5,0.02,131.66,143.64,428.25,138.13,152.19,500.06,8,8,
2026-08-14 03:05:47,812500,3407750,Game 2: Both Teams Slay Baron Nashor?,prop,2,2026-08-14 05:00:00,114.2,Yes,97877118867019311861316666766462908864478753853178147427401515473268771239471,0.06,0.48,0.27,0.42,176.0,176.0,177.01,50.43,226.43,226.43,2,4,
2026-08-14 03:05:47,812500,3407750,Game 2: Both Teams Slay Baron Nashor?,prop,2,2026-08-14 05:00:00,114.2,No,101719955781485808478825279041139319336382429106729864175832223089426518525915,0.52,0.94,0.73,0.42,52.65,228.65,228.65,2757.33,2757.33,2857.31,4,2,
2026-08-14 03:05:47,812500,3407751,Game 2: Both Teams Slay a Dragon?,prop,2,2026-08-14 05:00:00,114.2,Yes,47297680764440435034908332421262931037459217405696163811547313651467330170718,0.5,0.79,0.645,0.29,176.0,176.0,176.0,662.09,662.09,662.09,2,2,
2026-08-14 03:05:47,812500,3407751,Game 2: Both Teams Slay a Dragon?,prop,2,2026-08-14 05:00:00,114.2,No,23989265404590266695157366851083201637045652483925584723159543825808201424379,0.21,0.5,0.355,0.29,176.0,176.0,176.0,176.0,176.0,176.0,2,2,
2026-08-14 03:05:47,812500,3407752,Game 2: Both Teams Destroy Inhibitors?,prop,2,2026-08-14 05:00:00,114.2,Yes,36118710167082995409349519645958671600314701568827679019948470339439596629305,0.06,0.48,0.27,0.42,2.69,178.69,179.32,50.43,226.43,226.43,4,4,
2026-08-14 03:05:47,812500,3407752,Game 2: Both Teams Destroy Inhibitors?,prop,2,2026-08-14 05:00:00,114.2,No,22051017317047635342500083586640641278478909574563877304072568978735527884807,0.52,0.94,0.73,0.42,52.65,228.65,228.65,49.83,4273.83,4336.04,4,4,
2026-08-14 03:05:47,812500,3407753,Game 2: Any Player Quadra Kill?,prop,2,2026-08-14 05:00:00,114.2,Yes,58807234942451841241022433088812455930302780501410971969865241860350913908259,0.08,0.5,0.29,0.42,177.85,177.85,177.85,176.0,176.0,176.0,3,2,
2026-08-14 03:05:47,812500,3407753,Game 2: Any Player Quadra Kill?,prop,2,2026-08-14 05:00:00,114.2,No,67610973198289160033085562258079641623102165084127740059987302312234651513258,0.5,0.92,0.71,0.42,176.0,176.0,176.0,2359.51,2359.51,2359.51,2,3,
2026-08-14 03:05:47,812500,3407754,Game 2: Any Player Penta Kill?,prop,2,2026-08-14 05:00:00,114.2,Yes,64636778969528768893935901549188989277569900524229601745022333725042773975659,0.01,0.49,0.25,0.48,176.05,176.05,176.05,187.31,187.31,187.31,1,3,
2026-08-14 03:05:47,812500,3407754,Game 2: Any Player Penta Kill?,prop,2,2026-08-14 05:00:00,114.2,No,24637814849118864058445072991262267792789278042574602351517704206601256691646,0.51,0.99,0.75,0.48,187.77,187.77,187.77,17428.95,17428.95,17428.95,3,1,
2026-08-14 03:05:47,812500,3407755,Game 2: Odd/Even Total Kills?,odd_even,2,2026-08-14 05:00:00,114.2,Odd,89132671465319801984196745843834846416244136716772814394593698925920785988347,0.49,0.51,0.5,0.02,131.66,143.64,428.25,138.13,152.19,500.06,9,9,
2026-08-14 03:05:47,812500,3407755,Game 2: Odd/Even Total Kills?,odd_even,2,2026-08-14 05:00:00,114.2,Even,23772193768728815416979274790047390098007350518635703771944232234280869494479,0.49,0.51,0.5,0.02,131.66,143.64,428.25,138.13,152.19,500.06,9,9,
2026-08-14 03:05:47,812500,3407756,Game 3: Both Teams Slay Baron Nashor?,prop,3,2026-08-14 05:00:00,114.2,Yes,24551762467780504210757017514656860109633869494113144703849068703959601268673,0.07,0.99,0.53,0.92,178.02,178.02,178.02,99.99,99.99,99.99,3,1,
2026-08-14 03:05:47,812500,3407756,Game 3: Both Teams Slay Baron Nashor?,prop,3,2026-08-14 05:00:00,114.2,No,92102471374974848250230863328435931811182626128088800904066639574937320815337,0.01,0.93,0.47,0.92,1.01,1.01,1.01,2784.14,2784.14,2784.14,1,3,
2026-08-14 03:05:47,812500,3407757,Game 3: Both Teams Slay a Dragon?,prop,3,2026-08-14 05:00:00,114.2,Yes,105094231123555274880570448823486931970030904367641419451399134893231939244446,0.01,0.76,0.385,0.75,1.01,1.01,1.01,23.56,742.11,742.11,1,5,
2026-08-14 03:05:47,812500,3407757,Game 3: Both Teams Slay a Dragon?,prop,3,2026-08-14 05:00:00,114.2,No,109014455888086068752688760252979925952031440819867195106974328993910223862769,0.24,0.99,0.615,0.75,7.14,199.06,199.06,99.98,99.98,99.98,5,1,
2026-08-14 03:05:47,812500,3407758,Game 3: Both Teams Destroy Inhibitors?,prop,3,2026-08-14 05:00:00,114.2,Yes,11499728086856774147918517498478056991605051727557688632058241656568015942179,0.06,0.99,0.525,0.93,1.6,177.6,178.16,99.99,99.99,99.99,4,1,
2026-08-14 03:05:47,812500,3407758,Game 3: Both Teams Destroy Inhibitors?,prop,3,2026-08-14 05:00:00,114.2,No,71331753933838756945698401235301506856154222385900681314053669927744665300268,0.01,0.94,0.475,0.93,1.01,1.01,1.01,28.97,4252.97,4308.47,1,4,
2026-08-14 03:05:47,812500,3407759,Game 3: Any Player Quadra Kill?,prop,3,2026-08-14 05:00:00,114.2,Yes,47421305575153937544146820599736168513827203673828466756713059966501144155809,0.08,0.99,0.535,0.91,177.85,177.85,177.85,4.95,4.95,4.95,3,1,
2026-08-14 03:05:47,812500,3407759,Game 3: Any Player Quadra Kill?,prop,3,2026-08-14 05:00:00,114.2,No,5552884444941479301335256995977407725017527851202209555956852640959352319922,0.01,0.92,0.465,0.91,0.05,0.05,0.05,2359.51,2359.51,2359.51,1,3,
2026-08-14 03:05:47,812500,3407760,Game 3: Any Player Penta Kill?,prop,3,2026-08-14 05:00:00,114.2,Yes,102996765780386697047720186968511898643728347582999249513342982330729739171052,0.01,0.99,0.5,0.98,176.05,176.05,176.05,4.95,4.95,4.95,1,1,
2026-08-14 03:05:47,812500,3407760,Game 3: Any Player Penta Kill?,prop,3,2026-08-14 05:00:00,114.2,No,42319548810746199058964111262747327533525346884991531332840418409971882446366,0.01,0.99,0.5,0.98,0.05,0.05,0.05,17428.95,17428.95,17428.95,1,1,
2026-08-14 03:05:47,812500,3407761,Game 3: Odd/Even Total Kills?,odd_even,3,2026-08-14 05:00:00,114.2,Odd,32753689779373724055024054576187425028926857048917614701853851903254710657703,0.49,0.51,0.5,0.02,131.66,143.64,428.25,138.13,152.19,500.06,9,9,
2026-08-14 03:05:47,812500,3407761,Game 3: Odd/Even Total Kills?,odd_even,3,2026-08-14 05:00:00,114.2,Even,89209463628517423703665674201516273330810059098694242442514499005623124181252,0.49,0.51,0.5,0.02,131.66,143.64,428.25,138.13,152.19,500.06,9,9,
2026-08-14 03:05:47,826070,3477050,LoL: NRG Esports vs Contingent Esports - Game 1 Winner,map,1,2026-08-14 02:45:00,-20.8,NRG Esports,80814790902632668004539328994746617014614315928060173257015852122406695311005,0.92,0.94,0.93,0.02,16.46,227.04,2187.85,27.25,2758.71,5517.46,48,6,12261.479735
2026-08-14 03:05:47,826070,3477050,LoL: NRG Esports vs Contingent Esports - Game 1 Winner,map,1,2026-08-14 02:45:00,-20.8,Contingent Esports,107651310737272584966890037363108476219576749219700416899862916279592660232089,0.06,0.08,0.07,0.02,1.52,99.75,140.04,1.54,27.0,294.59,6,48,12261.479735
2026-08-14 03:05:47,826070,3477051,LoL: NRG Esports vs Contingent Esports - Game 2 Winner,map,2,2026-08-14 02:45:00,-20.8,NRG Esports,7118869453742291045797317815564893062933350229077106358535601493893500087591,0.8,0.84,0.82,0.04,1.0,72.61,535.47,115.23,115.23,1953.97,35,11,3671.647555
2026-08-14 03:05:47,826070,3477051,LoL: NRG Esports vs Contingent Esports - Game 2 Winner,map,2,2026-08-14 02:45:00,-20.8,Contingent Esports,108002125035495150522720856231525573531669999272447427854984681030770827642415,0.16,0.2,0.18,0.04,20.57,20.57,259.07,0.25,21.64,172.7,11,35,3671.647555
2026-08-14 03:05:47,826070,3477052,LoL: NRG Esports vs Contingent Esports (BO3) - North American Challengers League Group Stage,series,,2026-08-14 02:45:00,-20.8,NRG Esports,43038352639417355691707647173859018730749533391426346756399874481168166294619,0.92,0.93,0.925,0.01,3943.1,9107.43,12654.92,1947.5,3902.2,7267.11,59,7,11978.673157000001
2026-08-14 03:05:47,826070,3477052,LoL: NRG Esports vs Contingent Esports (BO3) - North American Challengers League Group Stage,series,,2026-08-14 02:45:00,-20.8,Contingent Esports,84678973437664474131672312186325078675557922490434064743358042746648544685152,0.07,0.08,0.075,0.01,132.43,235.21,308.25,378.0,1000.1,1518.09,7,59,11978.673157000001
2026-08-14 03:05:47,826070,3477053,Games Total: O/U 2.5,total_games,,2026-08-14 02:45:00,-20.8,Over,55750592239967941703301064844243535772993617325443398709488185293476935877531,0.24,0.3,0.27,0.06,197.9,197.9,197.9,513.1,521.63,521.63,4,23,5210.965024
2026-08-14 03:05:47,826070,3477053,Games Total: O/U 2.5,total_games,,2026-08-14 02:45:00,-20.8,Under,82152669265463547990220171689636558584137366588986322786820150257732179196557,0.7,0.76,0.73,0.06,1196.9,1215.04,1215.04,662.1,662.1,662.1,29,7,5210.965024
2026-08-14 03:05:47,826070,3477054,Game Handicap: NRG (-1.5) vs Contingent Esports (+1.5),handicap,,2026-08-14 02:45:00,-20.8,NRG Esports,95412707328160076383234584804646983201601033147527050227749727111466216606486,0.71,0.75,0.73,0.04,362.52,953.64,953.64,215.17,215.17,223.17,25,12,13110.962126999999
2026-08-14 03:05:47,826070,3477054,Game Handicap: NRG (-1.5) vs Contingent Esports (+1.5),handicap,,2026-08-14 02:45:00,-20.8,Contingent Esports,79376817134124206774201685278379459810679800756916708410468012280981017893764,0.26,0.29,0.275,0.03,77.96,77.96,77.96,154.37,420.08,420.08,11,25,13110.962126999999
2026-08-14 03:05:47,826070,3477055,Game 1: Both Teams Slay Baron Nashor?,prop,1,2026-08-14 02:45:00,-20.8,Yes,87681573095327547420633314226806041000149028170713311037612514061710912723742,,,,,0.0,0.0,0.0,0.0,0.0,0.0,0,0,
2026-08-14 03:05:47,826070,3477055,Game 1: Both Teams Slay Baron Nashor?,prop,1,2026-08-14 02:45:00,-20.8,No,69312485936334009045325800311715558032922672642482501491119421898458006349825,,,,,0.0,0.0,0.0,0.0,0.0,0.0,0,0,
2026-08-14 03:05:47,826070,3477056,Game 1: Both Teams Slay a Dragon?,prop,1,2026-08-14 02:45:00,-20.8,Yes,83805735251597132117951173378137346357296339870381814266398461580520007861517,,,,,0.0,0.0,0.0,0.0,0.0,0.0,0,0,
2026-08-14 03:05:47,826070,3477056,Game 1: Both Teams Slay a Dragon?,prop,1,2026-08-14 02:45:00,-20.8,No,24156205806670798372110555621724125417579911628083855143977773542489628788926,,,,,0.0,0.0,0.0,0.0,0.0,0.0,0,0,
2026-08-14 03:05:47,826070,3477057,Game 1: Both Teams Destroy Inhibitors?,prop,1,2026-08-14 02:45:00,-20.8,Yes,70847180670013690410054498405126312924929675515172003776071312263632441945977,,,,,0.0,0.0,0.0,0.0,0.0,0.0,0,0,
2026-08-14 03:05:47,826070,3477057,Game 1: Both Teams Destroy Inhibitors?,prop,1,2026-08-14 02:45:00,-20.8,No,15552457357105246680088345561853174847839914230111380560590702628300617170166,,,,,0.0,0.0,0.0,0.0,0.0,0.0,0,0,
2026-08-14 03:05:47,826070,3477058,Game 1: Any Player Quadra Kill?,prop,1,2026-08-14 02:45:00,-20.8,Yes,90611949896330126489333584640484616670727390063723860281928013878403906065721,,,,,0.0,0.0,0.0,0.0,0.0,0.0,0,0,
2026-08-14 03:05:47,826070,3477058,Game 1: Any Player Quadra Kill?,prop,1,2026-08-14 02:45:00,-20.8,No,30801089695626298578988776831063320516250144642136439806183847895839275854811,,,,,0.0,0.0,0.0,0.0,0.0,0.0,0,0,
2026-08-14 03:05:47,826070,3477059,Game 1: Any Player Penta Kill?,prop,1,2026-08-14 02:45:00,-20.8,Yes,48229925814520007661244111895915992051489252573972834651743984793002069701817,,,,,0.0,0.0,0.0,0.0,0.0,0.0,0,0,
2026-08-14 03:05:47,826070,3477059,Game 1: Any Player Penta Kill?,prop,1,2026-08-14 02:45:00,-20.8,No,9305314826584013047090950141969451002924314918612350007363467585821240369066,,,,,0.0,0.0,0.0,0.0,0.0,0.0,0,0,
2026-08-14 03:05:47,826070,3477061,Game 1: Odd/Even Total Kills?,odd_even,1,2026-08-14 02:45:00,-20.8,Odd,32494922393258859963201856101328517997010549162018639697250819883519722049068,,,,,0.0,0.0,0.0,0.0,0.0,0.0,0,0,
2026-08-14 03:05:47,826070,3477061,Game 1: Odd/Even Total Kills?,odd_even,1,2026-08-14 02:45:00,-20.8,Even,112834540130252099583593253928265938091790513484363299374731806537792656031528,,,,,0.0,0.0,0.0,0.0,0.0,0.0,0,0,
2026-08-14 03:05:47,826070,3477062,Game 2: Both Teams Slay Baron Nashor?,prop,2,2026-08-14 02:45:00,-20.8,Yes,55753683192199022612671704126737811310328029678442412170950072602131054587210,,,,,0.0,0.0,0.0,0.0,0.0,0.0,0,0,
2026-08-14 03:05:47,826070,3477062,Game 2: Both Teams Slay Baron Nashor?,prop,2,2026-08-14 02:45:00,-20.8,No,55937094852319737792850165512480430449747853756905259274031753275691368112975,,,,,0.0,0.0,0.0,0.0,0.0,0.0,0,0,
2026-08-14 03:05:47,826070,3477063,Game 2: Both Teams Slay a Dragon?,prop,2,2026-08-14 02:45:00,-20.8,Yes,48623647428517517453611058807537447198598988098824330225032342676302728625012,,,,,0.0,0.0,0.0,0.0,0.0,0.0,0,0,
2026-08-14 03:05:47,826070,3477063,Game 2: Both Teams Slay a Dragon?,prop,2,2026-08-14 02:45:00,-20.8,No,42417195815488111081943362396002926413430486562906704641578354062740797580084,,,,,0.0,0.0,0.0,0.0,0.0,0.0,0,0,
2026-08-14 03:05:47,826070,3477064,Game 2: Both Teams Destroy Inhibitors?,prop,2,2026-08-14 02:45:00,-20.8,Yes,23628154900252164597588937639111773709699026601186386386168618417735820690106,,,,,0.0,0.0,0.0,0.0,0.0,0.0,0,0,536.510966
2026-08-14 03:05:47,826070,3477064,Game 2: Both Teams Destroy Inhibitors?,prop,2,2026-08-14 02:45:00,-20.8,No,85739117623916471191019361815038085504519438797717701017619191765882696246759,,,,,0.0,0.0,0.0,0.0,0.0,0.0,0,0,536.510966
2026-08-14 03:05:47,826070,3477065,Game 2: Any Player Quadra Kill?,prop,2,2026-08-14 02:45:00,-20.8,Yes,53208917334913900389630971292939370679251910829672144758009133122161611227896,,,,,0.0,0.0,0.0,0.0,0.0,0.0,0,0,
2026-08-14 03:05:47,826070,3477065,Game 2: Any Player Quadra Kill?,prop,2,2026-08-14 02:45:00,-20.8,No,91070975633974495708697307701836756019763571915749676034097536234325782029896,,,,,0.0,0.0,0.0,0.0,0.0,0.0,0,0,
2026-08-14 03:05:47,826070,3477066,Game 2: Any Player Penta Kill?,prop,2,2026-08-14 02:45:00,-20.8,Yes,41553921922748035091195286700334837861150809022270611498614461149967485676553,,,,,0.0,0.0,0.0,0.0,0.0,0.0,0,0,
2026-08-14 03:05:47,826070,3477066,Game 2: Any Player Penta Kill?,prop,2,2026-08-14 02:45:00,-20.8,No,72372963262572990351948387093307185909935364431157003295642971589164020329307,,,,,0.0,0.0,0.0,0.0,0.0,0.0,0,0,
2026-08-14 03:05:47,826070,3477067,Game 2: Odd/Even Total Kills?,odd_even,2,2026-08-14 02:45:00,-20.8,Odd,51682527872121142820533720760874357541341917877241650283064345652015294503432,,,,,0.0,0.0,0.0,0.0,0.0,0.0,0,0,
2026-08-14 03:05:47,826070,3477067,Game 2: Odd/Even Total Kills?,odd_even,2,2026-08-14 02:45:00,-20.8,Even,52462070156083218163210891161506391469503363975012872173381524279777415671009,,,,,0.0,0.0,0.0,0.0,0.0,0.0,0,0,
2026-08-14 03:05:47,826070,3477068,Game 3: Both Teams Slay Baron Nashor?,prop,3,2026-08-14 02:45:00,-20.8,Yes,87723048023863233229072489576988122495348581581883475764155604685715254995143,,,,,0.0,0.0,0.0,0.0,0.0,0.0,0,0,
2026-08-14 03:05:47,826070,3477068,Game 3: Both Teams Slay Baron Nashor?,prop,3,2026-08-14 02:45:00,-20.8,No,50989255824497521540482389727045524148886656006776316809093754627968185524154,,,,,0.0,0.0,0.0,0.0,0.0,0.0,0,0,
2026-08-14 03:05:47,826070,3477069,Game 3: Both Teams Slay a Dragon?,prop,3,2026-08-14 02:45:00,-20.8,Yes,31894618867354587726609743791628570681781025713790850110963430187452605983542,,,,,0.0,0.0,0.0,0.0,0.0,0.0,0,0,
2026-08-14 03:05:47,826070,3477069,Game 3: Both Teams Slay a Dragon?,prop,3,2026-08-14 02:45:00,-20.8,No,102454578646280162427313029106444653546026394152408180005140046057337729562773,,,,,0.0,0.0,0.0,0.0,0.0,0.0,0,0,
2026-08-14 03:05:47,826070,3477070,Game 3: Both Teams Destroy Inhibitors?,prop,3,2026-08-14 02:45:00,-20.8,Yes,37140353425416026858198430022763744658491197274004779834832527078807411250706,,,,,0.0,0.0,0.0,0.0,0.0,0.0,0,0,
2026-08-14 03:05:47,826070,3477070,Game 3: Both Teams Destroy Inhibitors?,prop,3,2026-08-14 02:45:00,-20.8,No,81160108446775656753351553464289021811897715068601840646033017734259696288239,,,,,0.0,0.0,0.0,0.0,0.0,0.0,0,0,
2026-08-14 03:05:47,826070,3477071,Game 3: Any Player Quadra Kill?,prop,3,2026-08-14 02:45:00,-20.8,Yes,98730301607993226617635192895346323156884766053134987563113989760237051075734,,,,,0.0,0.0,0.0,0.0,0.0,0.0,0,0,
2026-08-14 03:05:47,826070,3477071,Game 3: Any Player Quadra Kill?,prop,3,2026-08-14 02:45:00,-20.8,No,47636245891328174531136161073693506541960443755198252563254227701534011303241,,,,,0.0,0.0,0.0,0.0,0.0,0.0,0,0,
2026-08-14 03:05:47,826070,3477072,Game 3: Any Player Penta Kill?,prop,3,2026-08-14 02:45:00,-20.8,Yes,36582442770858592965786294186284019287317276526405187098158230226204042128980,,,,,0.0,0.0,0.0,0.0,0.0,0.0,0,0,
2026-08-14 03:05:47,826070,3477072,Game 3: Any Player Penta Kill?,prop,3,2026-08-14 02:45:00,-20.8,No,72354692448307767435386725107072578807273666862716740697784668362154773401142,,,,,0.0,0.0,0.0,0.0,0.0,0.0,0,0,
2026-08-14 03:05:47,826070,3477073,Game 3: Odd/Even Total Kills?,odd_even,3,2026-08-14 02:45:00,-20.8,Odd,17265110502119578793708135589809973427915605037445313419433454040796130326698,,,,,0.0,0.0,0.0,0.0,0.0,0.0,0,0,
2026-08-14 03:05:47,826070,3477073,Game 3: Odd/Even Total Kills?,odd_even,3,2026-08-14 02:45:00,-20.8,Even,1107446221436908324166515020190090286245833902787500387186505680943047252583,,,,,0.0,0.0,0.0,0.0,0.0,0.0,0,0,
