ts_utc,event_id,market_id,question,market_kind,game_no,start_time,mins_to_start,outcome,token_id,best_bid,best_ask,mid,spread,bid_depth_1c,bid_depth_3c,bid_depth_5c,ask_cost_1c,ask_cost_3c,ask_cost_5c,n_bid_levels,n_ask_levels,volume
2026-08-16 00:02:00,812501,3407762,LoL: T1 Academy vs DN SOOPers Challengers - Game 1 Winner,map,1,2026-08-16 03:00:00,178.0,T1 Academy,73064582482235014598278036393310819830718392444970483545371753650678400834736,0.57,0.58,0.575,0.01,929.29,2433.53,3480.49,2034.27,3244.37,6006.15,38,35,10501.282748
2026-08-16 00:02:00,812501,3407762,LoL: T1 Academy vs DN SOOPers Challengers - Game 1 Winner,map,1,2026-08-16 03:00:00,178.0,DN SOOPers Challengers,44224995904119349774883897648437602028511976750577753161233745822302188026009,0.42,0.43,0.425,0.01,1434.56,2229.24,3881.63,727.71,1982.47,2939.35,35,38,10501.282748
2026-08-16 00:02:00,812501,3407763,LoL: T1 Academy vs DN SOOPers Challengers - Game 2 Winner,map,2,2026-08-16 03:00:00,178.0,T1 Academy,95353452252504879943365852237238076881007218537823436733287745422250853187273,0.57,0.58,0.575,0.01,831.8,2859.83,3349.29,5579.49,6403.02,8640.51,25,27,1532.146451
2026-08-16 00:02:00,812501,3407763,LoL: T1 Academy vs DN SOOPers Challengers - Game 2 Winner,map,2,2026-08-16 03:00:00,178.0,DN SOOPers Challengers,99458406464843999033426214685546564937703458262249894941487909247317378751500,0.42,0.43,0.425,0.01,3997.69,4526.66,5852.09,638.2,2314.29,2748.34,27,25,1532.146451
2026-08-16 00:02:00,812501,3407764,LoL: T1 Academy vs DN SOOPers Challengers (BO3) - LCK Challengers League Rounds 3-4 Challenge Group,series,,2026-08-16 03:00:00,178.0,T1 Academy,47149118006951667535600667260288389920280393498307875124395202668413731841386,0.64,0.65,0.645,0.01,2095.86,3515.98,4640.66,11255.35,17144.95,18964.95,51,30,16824.61105
2026-08-16 00:02:00,812501,3407764,LoL: T1 Academy vs DN SOOPers Challengers (BO3) - LCK Challengers League Rounds 3-4 Challenge Group,series,,2026-08-16 03:00:00,178.0,DN SOOPers Challengers,35771467724294116916325429263618132001025645920509860605241357593060072915080,0.35,0.36,0.355,0.01,5954.58,8824.08,9604.08,1181.38,2069.04,2839.26,30,51,16824.61105
2026-08-16 00:02:00,812501,3407765,Games Total: O/U 2.5,total_games,,2026-08-16 03:00:00,178.0,Over,28472689572385395046814959443344867949877348180594356550677806556781097456645,0.47,0.48,0.475,0.01,805.17,1461.77,2373.62,502.93,1055.75,2633.18,25,19,1828.322548
2026-08-16 00:02:00,812501,3407765,Games Total: O/U 2.5,total_games,,2026-08-16 03:00:00,178.0,Under,60445358403756320386117803063638244982681533893147355431057150905897946227833,0.52,0.53,0.525,0.01,544.44,1079.4,2531.88,928.7,1759.9,2979.98,19,25,1828.322548
2026-08-16 00:02:00,812501,3407766,Game Handicap: T1.A (-1.5) vs DN SOOPers Challengers (+1.5),handicap,,2026-08-16 03:00:00,178.0,T1 Academy,84157633848545715495802069650574598688014859523476823863021692534294083596234,0.35,0.36,0.355,0.01,47.79,1210.18,1446.68,748.5,1422.5,2044.8,25,27,2651.340803
2026-08-16 00:02:00,812501,3407766,Game Handicap: T1.A (-1.5) vs DN SOOPers Challengers (+1.5),handicap,,2026-08-16 03:00:00,178.0,DN SOOPers Challengers,59885163287384748425978349155060122398367607750229429662790248778661914966815,0.64,0.65,0.645,0.01,1301.5,2377.5,3285.2,91.61,2512.22,3055.72,27,25,2651.340803
2026-08-16 00:02:00,812501,3407767,Game 1: Both Teams Slay Baron Nashor?,prop,1,2026-08-16 03:00:00,178.0,Yes,98101395767675076675527407445074221726108082242766140122999013673078296924579,0.02,0.98,0.5,0.96,2.35,2.35,2.35,270.39,270.39,270.39,2,2,
2026-08-16 00:02:00,812501,3407767,Game 1: Both Teams Slay Baron Nashor?,prop,1,2026-08-16 03:00:00,178.0,No,87290422765316042161691235931778600664413826002993109373647521758362141675985,0.02,0.98,0.5,0.96,3.24,3.24,3.24,226.14,226.14,226.14,2,2,
2026-08-16 00:02:00,812501,3407768,Game 1: Both Teams Slay a Dragon?,prop,1,2026-08-16 03:00:00,178.0,Yes,79133110729101040979354156439270499254586169460530893547581424624230600191218,0.02,0.98,0.5,0.96,3.24,3.24,3.24,270.55,270.55,270.55,2,2,
2026-08-16 00:02:00,812501,3407768,Game 1: Both Teams Slay a Dragon?,prop,1,2026-08-16 03:00:00,178.0,No,87080835968360541907825236999430484259205742264350853747971304100745674369240,0.02,0.98,0.5,0.96,3.24,3.24,3.24,270.55,270.55,270.55,2,2,
2026-08-16 00:02:00,812501,3407769,Game 1: Both Teams Destroy Inhibitors?,prop,1,2026-08-16 03:00:00,178.0,Yes,41139893037576161188872686171355639757952754277902695214824790970502190000612,0.02,0.98,0.5,0.96,2.29,2.29,2.29,269.9,269.9,269.9,2,2,
2026-08-16 00:02:00,812501,3407769,Game 1: Both Teams Destroy Inhibitors?,prop,1,2026-08-16 03:00:00,178.0,No,11713257346113337208480784843855658054574586574869772753013260214337317995798,0.02,0.98,0.5,0.96,3.24,3.24,3.24,221.51,221.51,221.51,2,2,
2026-08-16 00:02:00,812501,3407770,Game 1: Any Player Quadra Kill?,prop,1,2026-08-16 03:00:00,178.0,Yes,89699116073306046966497778316057094796992801124411211058742622862658371484340,0.01,0.99,0.5,0.98,0.05,0.05,0.05,4.95,4.95,4.95,1,1,
2026-08-16 00:02:00,812501,3407770,Game 1: Any Player Quadra Kill?,prop,1,2026-08-16 03:00:00,178.0,No,110062225856361250232451733223883585889494582661648143328404444970890540170304,0.01,0.99,0.5,0.98,0.05,0.05,0.05,4.95,4.95,4.95,1,1,
2026-08-16 00:02:00,812501,3407771,Game 1: Any Player Penta Kill?,prop,1,2026-08-16 03:00:00,178.0,Yes,88817477593294431833892116040780787623551401078456392425497729385704534047793,0.01,0.5,0.255,0.49,0.06,0.06,0.06,6.5,6.5,6.5,2,9,15
2026-08-16 00:02:00,812501,3407771,Game 1: Any Player Penta Kill?,prop,1,2026-08-16 03:00:00,178.0,No,87228406489657215756146618888458284422804785033968690974967482020371044943402,0.5,0.99,0.745,0.49,6.5,6.5,6.5,9.95,9.95,9.95,9,2,15
2026-08-16 00:02:00,812501,3407772,Game 1: Odd/Even Total Kills?,odd_even,1,2026-08-16 03:00:00,178.0,Odd,9658086584873290771888578167645806108924909117236645290998179613625891551542,0.49,0.51,0.5,0.02,129.76,129.76,414.37,136.07,136.07,483.94,11,11,
2026-08-16 00:02:00,812501,3407772,Game 1: Odd/Even Total Kills?,odd_even,1,2026-08-16 03:00:00,178.0,Even,83684129425305084306307142763549562651923693209012555176967712625225705220248,0.49,0.51,0.5,0.02,129.76,129.76,414.37,136.07,136.07,483.94,11,11,
2026-08-16 00:02:00,812501,3407773,Game 2: Both Teams Slay Baron Nashor?,prop,2,2026-08-16 03:00:00,178.0,Yes,89297658295572950589193242688452597590018694715450307826825161120216168342242,0.02,0.98,0.5,0.96,3.24,3.24,3.24,221.43,221.43,221.43,2,2,
2026-08-16 00:02:00,812501,3407773,Game 2: Both Teams Slay Baron Nashor?,prop,2,2026-08-16 03:00:00,178.0,No,41370542629085814587327819175960375440467523596272908663943995486002518200858,0.02,0.98,0.5,0.96,2.29,2.29,2.29,269.46,269.46,269.46,2,2,
2026-08-16 00:02:00,812501,3407774,Game 2: Both Teams Slay a Dragon?,prop,2,2026-08-16 03:00:00,178.0,Yes,17213094384783561920447144318373049743601212254959536036565288413982307904891,0.02,0.98,0.5,0.96,3.24,3.24,3.24,221.28,221.28,221.28,2,2,
2026-08-16 00:02:00,812501,3407774,Game 2: Both Teams Slay a Dragon?,prop,2,2026-08-16 03:00:00,178.0,No,107361772230415915958955632622848371567473066269823321881145126999923158623096,0.02,0.98,0.5,0.96,2.3,2.3,2.3,270.55,270.55,270.55,2,2,
2026-08-16 00:02:00,812501,3407775,Game 2: Both Teams Destroy Inhibitors?,prop,2,2026-08-16 03:00:00,178.0,Yes,37085151396073944699750657470272385075014179379747539854914347479603815316699,0.02,0.99,0.505,0.97,2.31,2.31,2.31,29.37,29.37,29.37,2,1,
2026-08-16 00:02:00,812501,3407775,Game 2: Both Teams Destroy Inhibitors?,prop,2,2026-08-16 03:00:00,178.0,No,115153163980740373959185278746365667228368300396797954685717305797766491026714,0.01,0.98,0.495,0.97,0.3,0.3,0.3,222.24,222.24,222.24,1,2,
2026-08-16 00:02:00,812501,3407776,Game 2: Any Player Quadra Kill?,prop,2,2026-08-16 03:00:00,178.0,Yes,92366871030395219227539229526027723469617721035967924535754927351839920760282,0.01,0.99,0.5,0.98,0.05,0.05,0.05,4.95,4.95,4.95,1,1,
2026-08-16 00:02:00,812501,3407776,Game 2: Any Player Quadra Kill?,prop,2,2026-08-16 03:00:00,178.0,No,108131379290397497921034320795187253387625375475492003495114439351232186339057,0.01,0.99,0.5,0.98,0.05,0.05,0.05,4.95,4.95,4.95,1,1,
2026-08-16 00:02:00,812501,3407777,Game 2: Any Player Penta Kill?,prop,2,2026-08-16 03:00:00,178.0,Yes,17979466769376123931528681389233276317538527490930446639079169530069864950578,0.01,0.5,0.255,0.49,0.05,0.05,0.05,20.0,20.0,20.0,1,8,
2026-08-16 00:02:00,812501,3407777,Game 2: Any Player Penta Kill?,prop,2,2026-08-16 03:00:00,178.0,No,98518636466579073594826930528319759549288909542166508168276302065256239237641,0.5,0.99,0.745,0.49,20.0,20.0,20.0,4.95,4.95,4.95,8,1,
2026-08-16 00:02:00,812501,3407778,Game 2: Odd/Even Total Kills?,odd_even,2,2026-08-16 03:00:00,178.0,Odd,59779735910433430026922845250121216304233262452139448197463634726945263917642,0.49,0.51,0.5,0.02,129.76,129.76,414.37,136.07,136.07,483.94,12,12,
2026-08-16 00:02:00,812501,3407778,Game 2: Odd/Even Total Kills?,odd_even,2,2026-08-16 03:00:00,178.0,Even,63820986229538783051704393626483275773639389915746997330375253931539704114052,0.49,0.51,0.5,0.02,129.76,129.76,414.37,136.07,136.07,483.94,12,12,
2026-08-16 00:02:00,812501,3407779,Game 3: Both Teams Slay Baron Nashor?,prop,3,2026-08-16 03:00:00,178.0,Yes,113252981035414606041270247891785674937112739878099898576536010241670893541263,0.02,0.98,0.5,0.96,3.24,3.24,3.24,269.96,269.96,269.96,2,2,
2026-08-16 00:02:00,812501,3407779,Game 3: Both Teams Slay Baron Nashor?,prop,3,2026-08-16 03:00:00,178.0,No,80269374401740033283890248739835625511400013599013392298323688208415881374403,0.02,0.98,0.5,0.96,3.24,3.24,3.24,269.38,269.38,269.38,2,2,
2026-08-16 00:02:00,812501,3407780,Game 3: Both Teams Slay a Dragon?,prop,3,2026-08-16 03:00:00,178.0,Yes,48391266703243630062101276354060508850367984077172049881809538405140552864794,0.02,0.98,0.5,0.96,3.24,3.24,3.24,270.39,270.39,270.39,2,2,
2026-08-16 00:02:00,812501,3407780,Game 3: Both Teams Slay a Dragon?,prop,3,2026-08-16 03:00:00,178.0,No,60057711611640343525293620284391058123978522706360481026432587479418071602197,0.02,0.98,0.5,0.96,3.24,3.24,3.24,269.3,269.3,269.3,2,2,
2026-08-16 00:02:00,812501,3407781,Game 3: Both Teams Destroy Inhibitors?,prop,3,2026-08-16 03:00:00,178.0,Yes,39542350196021563282639112300447540076267664844340741091676361618690741390605,0.02,0.98,0.5,0.96,2.29,2.29,2.29,271.69,271.69,271.69,2,2,
2026-08-16 00:02:00,812501,3407781,Game 3: Both Teams Destroy Inhibitors?,prop,3,2026-08-16 03:00:00,178.0,No,91364380906232166017713665249534353715037087368263061017016710270940804207208,0.02,0.98,0.5,0.96,3.24,3.24,3.24,221.51,221.51,221.51,2,2,
2026-08-16 00:02:00,812501,3407782,Game 3: Any Player Quadra Kill?,prop,3,2026-08-16 03:00:00,178.0,Yes,37307632162746025253829849316049566979299478000450149685938586430830071550912,0.01,0.99,0.5,0.98,0.05,0.05,0.05,4.95,4.95,4.95,1,1,
2026-08-16 00:02:00,812501,3407782,Game 3: Any Player Quadra Kill?,prop,3,2026-08-16 03:00:00,178.0,No,63982252988628134667878426985084368415157271810425345961600074461416139881254,0.01,0.99,0.5,0.98,0.05,0.05,0.05,4.95,4.95,4.95,1,1,
2026-08-16 00:02:00,812501,3407783,Game 3: Any Player Penta Kill?,prop,3,2026-08-16 03:00:00,178.0,Yes,70747408516516735967153070084967598515783840448108993307182613154174484046545,0.05,0.99,0.52,0.94,28.65,28.65,28.7,4.95,4.95,4.95,2,1,
2026-08-16 00:02:00,812501,3407783,Game 3: Any Player Penta Kill?,prop,3,2026-08-16 03:00:00,178.0,No,61690140592430459017872087614812557860059428369264397142831763490231186466635,0.01,0.95,0.48,0.94,0.05,0.05,0.05,544.35,544.35,549.3,1,2,
2026-08-16 00:02:00,812501,3407784,Game 3: Odd/Even Total Kills?,odd_even,3,2026-08-16 03:00:00,178.0,Odd,98933627551267508447263863349434570031436709045139598213619410896491820344484,0.49,0.51,0.5,0.02,129.76,129.76,414.37,136.07,136.07,483.94,14,14,57
2026-08-16 00:02:00,812501,3407784,Game 3: Odd/Even Total Kills?,odd_even,3,2026-08-16 03:00:00,178.0,Even,108512589332558883006762920479152265565445840370520718453759163242503924433460,0.49,0.51,0.5,0.02,129.76,129.76,414.37,136.07,136.07,483.94,14,14,57
2026-08-16 00:07:25,812501,3407762,LoL: T1 Academy vs DN SOOPers Challengers - Game 1 Winner,map,1,2026-08-16 03:00:00,172.6,T1 Academy,73064582482235014598278036393310819830718392444970483545371753650678400834736,0.57,0.58,0.575,0.01,1459.29,2635.04,3047.18,1501.33,2741.43,4253.22,40,35,10506.196539999999
2026-08-16 00:07:25,812501,3407762,LoL: T1 Academy vs DN SOOPers Challengers - Game 1 Winner,map,1,2026-08-16 03:00:00,172.6,DN SOOPers Challengers,44224995904119349774883897648437602028511976750577753161233745822302188026009,0.42,0.43,0.425,0.01,1060.25,1874.93,2777.31,1144.71,2123.96,2499.01,35,40,10506.196539999999
2026-08-16 00:07:25,812501,3407763,LoL: T1 Academy vs DN SOOPers Challengers - Game 2 Winner,map,2,2026-08-16 03:00:00,172.6,T1 Academy,95353452252504879943365852237238076881007218537823436733287745422250853187273,0.57,0.58,0.575,0.01,831.8,2188.97,2678.43,4725.96,6015.18,8882.78,25,27,1532.146451
2026-08-16 00:07:25,812501,3407763,LoL: T1 Academy vs DN SOOPers Challengers - Game 2 Winner,map,2,2026-08-16 03:00:00,172.6,DN SOOPers Challengers,99458406464843999033426214685546564937703458262249894941487909247317378751500,0.42,0.43,0.425,0.01,3391.22,4217.92,5960.24,638.2,1753.15,2187.2,27,25,1532.146451
2026-08-16 00:07:25,812501,3407764,LoL: T1 Academy vs DN SOOPers Challengers (BO3) - LCK Challengers League Rounds 3-4 Challenge Group,series,,2026-08-16 03:00:00,172.6,T1 Academy,47149118006951667535600667260288389920280393498307875124395202668413731841386,0.64,0.65,0.645,0.01,2095.86,2624.66,3486.5,9426.55,15316.15,15386.15,50,29,16835.61105
2026-08-16 00:07:25,812501,3407764,LoL: T1 Academy vs DN SOOPers Challengers (BO3) - LCK Challengers League Rounds 3-4 Challenge Group,series,,2026-08-16 03:00:00,172.6,DN SOOPers Challengers,35771467724294116916325429263618132001025645920509860605241357593060072915080,0.35,0.36,0.355,0.01,4996.77,7866.27,7896.27,1181.38,1508.36,2095.42,29,50,16835.61105
2026-08-16 00:07:25,812501,3407765,Games Total: O/U 2.5,total_games,,2026-08-16 03:00:00,172.6,Over,28472689572385395046814959443344867949877348180594356550677806556781097456645,0.47,0.48,0.475,0.01,809.85,1466.45,2378.31,502.93,1055.75,2633.18,27,21,1828.322548
2026-08-16 00:07:25,812501,3407765,Games Total: O/U 2.5,total_games,,2026-08-16 03:00:00,172.6,Under,60445358403756320386117803063638244982681533893147355431057150905897946227833,0.52,0.53,0.525,0.01,544.44,1079.4,2531.88,933.99,1765.19,2985.26,21,27,1828.322548
2026-08-16 00:07:25,812501,3407766,Game Handicap: T1.A (-1.5) vs DN SOOPers Challengers (+1.5),handicap,,2026-08-16 03:00:00,172.6,T1 Academy,84157633848545715495802069650574598688014859523476823863021692534294083596234,0.35,0.36,0.355,0.01,47.79,1210.18,1446.68,748.5,1422.5,2044.8,25,28,2718.7408030000006
2026-08-16 00:07:25,812501,3407766,Game Handicap: T1.A (-1.5) vs DN SOOPers Challengers (+1.5),handicap,,2026-08-16 03:00:00,172.6,DN SOOPers Challengers,59885163287384748425978349155060122398367607750229429662790248778661914966815,0.64,0.65,0.645,0.01,1301.5,2377.5,3285.2,91.61,2512.22,3055.72,28,25,2718.7408030000006
2026-08-16 00:07:25,812501,3407767,Game 1: Both Teams Slay Baron Nashor?,prop,1,2026-08-16 03:00:00,172.6,Yes,98101395767675076675527407445074221726108082242766140122999013673078296924579,0.02,0.98,0.5,0.96,3.24,3.24,3.24,270.39,270.39,270.39,2,2,
2026-08-16 00:07:25,812501,3407767,Game 1: Both Teams Slay Baron Nashor?,prop,1,2026-08-16 03:00:00,172.6,No,87290422765316042161691235931778600664413826002993109373647521758362141675985,0.02,0.98,0.5,0.96,3.24,3.24,3.24,269.67,269.67,269.67,2,2,
2026-08-16 00:07:25,812501,3407768,Game 1: Both Teams Slay a Dragon?,prop,1,2026-08-16 03:00:00,172.6,Yes,79133110729101040979354156439270499254586169460530893547581424624230600191218,0.02,0.98,0.5,0.96,3.24,3.24,3.24,270.39,270.39,270.39,2,2,
2026-08-16 00:07:25,812501,3407768,Game 1: Both Teams Slay a Dragon?,prop,1,2026-08-16 03:00:00,172.6,No,87080835968360541907825236999430484259205742264350853747971304100745674369240,0.02,0.98,0.5,0.96,3.24,3.24,3.24,270.39,270.39,270.39,2,2,
2026-08-16 00:07:25,812501,3407769,Game 1: Both Teams Destroy Inhibitors?,prop,1,2026-08-16 03:00:00,172.6,Yes,41139893037576161188872686171355639757952754277902695214824790970502190000612,0.02,0.98,0.5,0.96,3.24,3.24,3.24,269.9,269.9,269.9,2,2,
2026-08-16 00:07:25,812501,3407769,Game 1: Both Teams Destroy Inhibitors?,prop,1,2026-08-16 03:00:00,172.6,No,11713257346113337208480784843855658054574586574869772753013260214337317995798,0.02,0.98,0.5,0.96,3.24,3.24,3.24,270.39,270.39,270.39,2,2,
2026-08-16 00:07:25,812501,3407770,Game 1: Any Player Quadra Kill?,prop,1,2026-08-16 03:00:00,172.6,Yes,89699116073306046966497778316057094796992801124411211058742622862658371484340,0.01,0.99,0.5,0.98,0.05,0.05,0.05,4.95,4.95,4.95,1,1,
2026-08-16 00:07:25,812501,3407770,Game 1: Any Player Quadra Kill?,prop,1,2026-08-16 03:00:00,172.6,No,110062225856361250232451733223883585889494582661648143328404444970890540170304,0.01,0.99,0.5,0.98,0.05,0.05,0.05,4.95,4.95,4.95,1,1,
2026-08-16 00:07:25,812501,3407771,Game 1: Any Player Penta Kill?,prop,1,2026-08-16 03:00:00,172.6,Yes,88817477593294431833892116040780787623551401078456392425497729385704534047793,0.01,0.5,0.255,0.49,0.06,0.06,0.06,6.5,6.5,6.5,2,9,15
2026-08-16 00:07:25,812501,3407771,Game 1: Any Player Penta Kill?,prop,1,2026-08-16 03:00:00,172.6,No,87228406489657215756146618888458284422804785033968690974967482020371044943402,0.5,0.99,0.745,0.49,6.5,6.5,6.5,9.95,9.95,9.95,9,2,15
2026-08-16 00:07:25,812501,3407772,Game 1: Odd/Even Total Kills?,odd_even,1,2026-08-16 03:00:00,172.6,Odd,9658086584873290771888578167645806108924909117236645290998179613625891551542,0.49,0.51,0.5,0.02,129.76,129.76,414.37,136.07,136.07,483.94,13,13,
2026-08-16 00:07:25,812501,3407772,Game 1: Odd/Even Total Kills?,odd_even,1,2026-08-16 03:00:00,172.6,Even,83684129425305084306307142763549562651923693209012555176967712625225705220248,0.49,0.51,0.5,0.02,129.76,129.76,414.37,136.07,136.07,483.94,13,13,
2026-08-16 00:07:25,812501,3407773,Game 2: Both Teams Slay Baron Nashor?,prop,2,2026-08-16 03:00:00,172.6,Yes,89297658295572950589193242688452597590018694715450307826825161120216168342242,0.02,0.98,0.5,0.96,3.24,3.24,3.24,270.39,270.39,270.39,2,2,
2026-08-16 00:07:25,812501,3407773,Game 2: Both Teams Slay Baron Nashor?,prop,2,2026-08-16 03:00:00,172.6,No,41370542629085814587327819175960375440467523596272908663943995486002518200858,0.02,0.98,0.5,0.96,3.24,3.24,3.24,269.45,269.45,269.45,2,2,
2026-08-16 00:07:25,812501,3407774,Game 2: Both Teams Slay a Dragon?,prop,2,2026-08-16 03:00:00,172.6,Yes,17213094384783561920447144318373049743601212254959536036565288413982307904891,0.02,0.98,0.5,0.96,3.24,3.24,3.24,270.39,270.39,270.39,2,2,
2026-08-16 00:07:25,812501,3407774,Game 2: Both Teams Slay a Dragon?,prop,2,2026-08-16 03:00:00,172.6,No,107361772230415915958955632622848371567473066269823321881145126999923158623096,0.02,0.98,0.5,0.96,3.24,3.24,3.24,270.39,270.39,270.39,2,2,
2026-08-16 00:07:25,812501,3407775,Game 2: Both Teams Destroy Inhibitors?,prop,2,2026-08-16 03:00:00,172.6,Yes,37085151396073944699750657470272385075014179379747539854914347479603815316699,0.02,0.99,0.505,0.97,3.24,3.24,3.24,122.56,122.56,122.56,2,1,
2026-08-16 00:07:25,812501,3407775,Game 2: Both Teams Destroy Inhibitors?,prop,2,2026-08-16 03:00:00,172.6,No,115153163980740373959185278746365667228368300396797954685717305797766491026714,0.01,0.98,0.495,0.97,1.24,1.24,1.24,270.39,270.39,270.39,1,2,
2026-08-16 00:07:25,812501,3407776,Game 2: Any Player Quadra Kill?,prop,2,2026-08-16 03:00:00,172.6,Yes,92366871030395219227539229526027723469617721035967924535754927351839920760282,0.01,0.99,0.5,0.98,0.05,0.05,0.05,4.95,4.95,4.95,1,1,
2026-08-16 00:07:25,812501,3407776,Game 2: Any Player Quadra Kill?,prop,2,2026-08-16 03:00:00,172.6,No,108131379290397497921034320795187253387625375475492003495114439351232186339057,0.01,0.99,0.5,0.98,0.05,0.05,0.05,4.95,4.95,4.95,1,1,
2026-08-16 00:07:25,812501,3407777,Game 2: Any Player Penta Kill?,prop,2,2026-08-16 03:00:00,172.6,Yes,17979466769376123931528681389233276317538527490930446639079169530069864950578,0.01,0.5,0.255,0.49,0.05,0.05,0.05,20.0,20.0,20.0,1,8,
2026-08-16 00:07:25,812501,3407777,Game 2: Any Player Penta Kill?,prop,2,2026-08-16 03:00:00,172.6,No,98518636466579073594826930528319759549288909542166508168276302065256239237641,0.5,0.99,0.745,0.49,20.0,20.0,20.0,4.95,4.95,4.95,8,1,
2026-08-16 00:07:25,812501,3407778,Game 2: Odd/Even Total Kills?,odd_even,2,2026-08-16 03:00:00,172.6,Odd,59779735910433430026922845250121216304233262452139448197463634726945263917642,0.49,0.51,0.5,0.02,129.76,129.76,414.37,136.07,136.07,483.94,13,13,
2026-08-16 00:07:25,812501,3407778,Game 2: Odd/Even Total Kills?,odd_even,2,2026-08-16 03:00:00,172.6,Even,63820986229538783051704393626483275773639389915746997330375253931539704114052,0.49,0.51,0.5,0.02,129.76,129.76,414.37,136.07,136.07,483.94,13,13,
2026-08-16 00:07:25,812501,3407779,Game 3: Both Teams Slay Baron Nashor?,prop,3,2026-08-16 03:00:00,172.6,Yes,113252981035414606041270247891785674937112739878099898576536010241670893541263,0.02,0.98,0.5,0.96,3.24,3.24,3.24,269.96,269.96,269.96,2,2,
2026-08-16 00:07:25,812501,3407779,Game 3: Both Teams Slay Baron Nashor?,prop,3,2026-08-16 03:00:00,172.6,No,80269374401740033283890248739835625511400013599013392298323688208415881374403,0.02,0.98,0.5,0.96,3.24,3.24,3.24,269.38,269.38,269.38,2,2,
2026-08-16 00:07:25,812501,3407780,Game 3: Both Teams Slay a Dragon?,prop,3,2026-08-16 03:00:00,172.6,Yes,48391266703243630062101276354060508850367984077172049881809538405140552864794,0.02,0.98,0.5,0.96,3.24,3.24,3.24,270.39,270.39,270.39,2,2,
2026-08-16 00:07:25,812501,3407780,Game 3: Both Teams Slay a Dragon?,prop,3,2026-08-16 03:00:00,172.6,No,60057711611640343525293620284391058123978522706360481026432587479418071602197,0.02,0.98,0.5,0.96,3.24,3.24,3.24,269.3,269.3,269.3,2,2,
2026-08-16 00:07:25,812501,3407781,Game 3: Both Teams Destroy Inhibitors?,prop,3,2026-08-16 03:00:00,172.6,Yes,39542350196021563282639112300447540076267664844340741091676361618690741390605,0.02,0.98,0.5,0.96,3.24,3.24,3.24,271.69,271.69,271.69,2,2,
2026-08-16 00:07:25,812501,3407781,Game 3: Both Teams Destroy Inhibitors?,prop,3,2026-08-16 03:00:00,172.6,No,91364380906232166017713665249534353715037087368263061017016710270940804207208,0.02,0.98,0.5,0.96,3.24,3.24,3.24,270.39,270.39,270.39,2,2,
2026-08-16 00:07:25,812501,3407782,Game 3: Any Player Quadra Kill?,prop,3,2026-08-16 03:00:00,172.6,Yes,37307632162746025253829849316049566979299478000450149685938586430830071550912,0.01,0.99,0.5,0.98,0.05,0.05,0.05,4.95,4.95,4.95,1,1,
2026-08-16 00:07:25,812501,3407782,Game 3: Any Player Quadra Kill?,prop,3,2026-08-16 03:00:00,172.6,No,63982252988628134667878426985084368415157271810425345961600074461416139881254,0.01,0.99,0.5,0.98,0.05,0.05,0.05,4.95,4.95,4.95,1,1,
2026-08-16 00:07:25,812501,3407783,Game 3: Any Player Penta Kill?,prop,3,2026-08-16 03:00:00,172.6,Yes,70747408516516735967153070084967598515783840448108993307182613154174484046545,0.05,0.99,0.52,0.94,28.65,28.65,28.7,4.95,4.95,4.95,2,1,
2026-08-16 00:07:25,812501,3407783,Game 3: Any Player Penta Kill?,prop,3,2026-08-16 03:00:00,172.6,No,61690140592430459017872087614812557860059428369264397142831763490231186466635,0.01,0.95,0.48,0.94,0.05,0.05,0.05,544.35,544.35,549.3,1,2,
2026-08-16 00:07:25,812501,3407784,Game 3: Odd/Even Total Kills?,odd_even,3,2026-08-16 03:00:00,172.6,Odd,98933627551267508447263863349434570031436709045139598213619410896491820344484,0.49,0.51,0.5,0.02,129.76,129.76,414.37,136.07,136.07,483.94,14,14,57
2026-08-16 00:07:25,812501,3407784,Game 3: Odd/Even Total Kills?,odd_even,3,2026-08-16 03:00:00,172.6,Even,108512589332558883006762920479152265565445840370520718453759163242503924433460,0.49,0.51,0.5,0.02,129.76,129.76,414.37,136.07,136.07,483.94,14,14,57
2026-08-16 00:12:47,812501,3407762,LoL: T1 Academy vs DN SOOPers Challengers - Game 1 Winner,map,1,2026-08-16 03:00:00,167.2,T1 Academy,73064582482235014598278036393310819830718392444970483545371753650678400834736,0.57,0.58,0.575,0.01,1459.29,3243.21,4175.35,2029.47,3269.57,5411.36,34,30,10506.196539999999
2026-08-16 00:12:47,812501,3407762,LoL: T1 Academy vs DN SOOPers Challengers - Game 1 Winner,map,1,2026-08-16 03:00:00,167.2,DN SOOPers Challengers,44224995904119349774883897648437602028511976750577753161233745822302188026009,0.42,0.43,0.425,0.01,1431.11,2245.79,3518.17,1144.71,2633.79,3488.84,30,34,10506.196539999999
2026-08-16 00:12:47,812501,3407763,LoL: T1 Academy vs DN SOOPers Challengers - Game 2 Winner,map,2,2026-08-16 03:00:00,167.2,T1 Academy,95353452252504879943365852237238076881007218537823436733287745422250853187273,0.57,0.58,0.575,0.01,831.8,3160.03,3410.99,5519.76,6438.33,8670.78,26,27,1532.146451
2026-08-16 00:12:47,812501,3407763,LoL: T1 Academy vs DN SOOPers Challengers - Game 2 Winner,map,2,2026-08-16 03:00:00,167.2,DN SOOPers Challengers,99458406464843999033426214685546564937703458262249894941487909247317378751500,0.42,0.43,0.425,0.01,3954.42,4544.15,5866.62,638.2,2568.09,2790.64,27,26,1532.146451
2026-08-16 00:12:47,812501,3407764,LoL: T1 Academy vs DN SOOPers Challengers (BO3) - LCK Challengers League Rounds 3-4 Challenge Group,series,,2026-08-16 03:00:00,167.2,T1 Academy,47149118006951667535600667260288389920280393498307875124395202668413731841386,0.64,0.65,0.645,0.01,2070.92,3500.34,4491.68,11205.82,16894.42,18714.42,51,28,16835.61105
2026-08-16 00:12:47,812501,3407764,LoL: T1 Academy vs DN SOOPers Challengers (BO3) - LCK Challengers League Rounds 3-4 Challenge Group,series,,2026-08-16 03:00:00,167.2,DN SOOPers Challengers,35771467724294116916325429263618132001025645920509860605241357593060072915080,0.35,0.36,0.355,0.01,5927.91,8698.41,9478.41,1166.73,2060.09,2737.65,28,51,16835.61105
2026-08-16 00:12:47,812501,3407765,Games Total: O/U 2.5,total_games,,2026-08-16 03:00:00,167.2,Over,28472689572385395046814959443344867949877348180594356550677806556781097456645,0.47,0.48,0.475,0.01,805.17,1437.57,2349.42,502.93,1055.75,2633.18,28,23,1828.322548
2026-08-16 00:12:47,812501,3407765,Games Total: O/U 2.5,total_games,,2026-08-16 03:00:00,167.2,Under,60445358403756320386117803063638244982681533893147355431057150905897946227833,0.52,0.53,0.525,0.01,544.44,1079.4,2531.88,928.7,1729.1,2949.18,23,28,1828.322548
2026-08-16 00:12:47,812501,3407766,Game Handicap: T1.A (-1.5) vs DN SOOPers Challengers (+1.5),handicap,,2026-08-16 03:00:00,167.2,T1 Academy,84157633848545715495802069650574598688014859523476823863021692534294083596234,0.35,0.36,0.355,0.01,47.79,1210.18,1446.68,748.5,1422.5,2044.8,25,28,2718.7408030000006
2026-08-16 00:12:47,812501,3407766,Game Handicap: T1.A (-1.5) vs DN SOOPers Challengers (+1.5),handicap,,2026-08-16 03:00:00,167.2,DN SOOPers Challengers,59885163287384748425978349155060122398367607750229429662790248778661914966815,0.64,0.65,0.645,0.01,1301.5,2377.5,3285.2,91.61,2512.22,3055.72,28,25,2718.7408030000006
2026-08-16 00:12:47,812501,3407767,Game 1: Both Teams Slay Baron Nashor?,prop,1,2026-08-16 03:00:00,167.2,Yes,98101395767675076675527407445074221726108082242766140122999013673078296924579,0.02,0.98,0.5,0.96,3.24,3.24,3.24,270.39,270.39,270.39,2,2,
2026-08-16 00:12:47,812501,3407767,Game 1: Both Teams Slay Baron Nashor?,prop,1,2026-08-16 03:00:00,167.2,No,87290422765316042161691235931778600664413826002993109373647521758362141675985,0.02,0.98,0.5,0.96,3.24,3.24,3.24,269.67,269.67,269.67,2,2,
2026-08-16 00:12:47,812501,3407768,Game 1: Both Teams Slay a Dragon?,prop,1,2026-08-16 03:00:00,167.2,Yes,79133110729101040979354156439270499254586169460530893547581424624230600191218,0.02,0.98,0.5,0.96,3.24,3.24,3.24,270.39,270.39,270.39,2,2,
2026-08-16 00:12:47,812501,3407768,Game 1: Both Teams Slay a Dragon?,prop,1,2026-08-16 03:00:00,167.2,No,87080835968360541907825236999430484259205742264350853747971304100745674369240,0.02,0.98,0.5,0.96,3.24,3.24,3.24,270.39,270.39,270.39,2,2,
2026-08-16 00:12:47,812501,3407769,Game 1: Both Teams Destroy Inhibitors?,prop,1,2026-08-16 03:00:00,167.2,Yes,41139893037576161188872686171355639757952754277902695214824790970502190000612,0.02,0.98,0.5,0.96,3.24,3.24,3.24,269.9,269.9,269.9,2,2,
2026-08-16 00:12:47,812501,3407769,Game 1: Both Teams Destroy Inhibitors?,prop,1,2026-08-16 03:00:00,167.2,No,11713257346113337208480784843855658054574586574869772753013260214337317995798,0.02,0.98,0.5,0.96,3.24,3.24,3.24,270.39,270.39,270.39,2,2,
2026-08-16 00:12:47,812501,3407770,Game 1: Any Player Quadra Kill?,prop,1,2026-08-16 03:00:00,167.2,Yes,89699116073306046966497778316057094796992801124411211058742622862658371484340,0.01,0.99,0.5,0.98,0.05,0.05,0.05,4.95,4.95,4.95,1,1,
2026-08-16 00:12:47,812501,3407770,Game 1: Any Player Quadra Kill?,prop,1,2026-08-16 03:00:00,167.2,No,110062225856361250232451733223883585889494582661648143328404444970890540170304,0.01,0.99,0.5,0.98,0.05,0.05,0.05,4.95,4.95,4.95,1,1,
2026-08-16 00:12:47,812501,3407771,Game 1: Any Player Penta Kill?,prop,1,2026-08-16 03:00:00,167.2,Yes,88817477593294431833892116040780787623551401078456392425497729385704534047793,0.01,0.5,0.255,0.49,0.06,0.06,0.06,6.5,6.5,6.5,2,9,15
2026-08-16 00:12:47,812501,3407771,Game 1: Any Player Penta Kill?,prop,1,2026-08-16 03:00:00,167.2,No,87228406489657215756146618888458284422804785033968690974967482020371044943402,0.5,0.99,0.745,0.49,6.5,6.5,6.5,9.95,9.95,9.95,9,2,15
2026-08-16 00:12:47,812501,3407772,Game 1: Odd/Even Total Kills?,odd_even,1,2026-08-16 03:00:00,167.2,Odd,9658086584873290771888578167645806108924909117236645290998179613625891551542,0.49,0.51,0.5,0.02,129.76,129.76,414.37,136.07,136.07,483.94,13,13,
2026-08-16 00:12:47,812501,3407772,Game 1: Odd/Even Total Kills?,odd_even,1,2026-08-16 03:00:00,167.2,Even,83684129425305084306307142763549562651923693209012555176967712625225705220248,0.49,0.51,0.5,0.02,129.76,129.76,414.37,136.07,136.07,483.94,13,13,
2026-08-16 00:12:47,812501,3407773,Game 2: Both Teams Slay Baron Nashor?,prop,2,2026-08-16 03:00:00,167.2,Yes,89297658295572950589193242688452597590018694715450307826825161120216168342242,0.02,0.98,0.5,0.96,3.24,3.24,3.24,270.39,270.39,270.39,2,2,
2026-08-16 00:12:47,812501,3407773,Game 2: Both Teams Slay Baron Nashor?,prop,2,2026-08-16 03:00:00,167.2,No,41370542629085814587327819175960375440467523596272908663943995486002518200858,0.02,0.98,0.5,0.96,3.24,3.24,3.24,269.45,269.45,269.45,2,2,
2026-08-16 00:12:47,812501,3407774,Game 2: Both Teams Slay a Dragon?,prop,2,2026-08-16 03:00:00,167.2,Yes,17213094384783561920447144318373049743601212254959536036565288413982307904891,0.02,0.98,0.5,0.96,3.24,3.24,3.24,270.39,270.39,270.39,2,2,
2026-08-16 00:12:47,812501,3407774,Game 2: Both Teams Slay a Dragon?,prop,2,2026-08-16 03:00:00,167.2,No,107361772230415915958955632622848371567473066269823321881145126999923158623096,0.02,0.98,0.5,0.96,3.24,3.24,3.24,270.39,270.39,270.39,2,2,
2026-08-16 00:12:47,812501,3407775,Game 2: Both Teams Destroy Inhibitors?,prop,2,2026-08-16 03:00:00,167.2,Yes,37085151396073944699750657470272385075014179379747539854914347479603815316699,0.02,0.99,0.505,0.97,3.24,3.24,3.24,122.56,122.56,122.56,2,1,
2026-08-16 00:12:47,812501,3407775,Game 2: Both Teams Destroy Inhibitors?,prop,2,2026-08-16 03:00:00,167.2,No,115153163980740373959185278746365667228368300396797954685717305797766491026714,0.01,0.98,0.495,0.97,1.24,1.24,1.24,270.39,270.39,270.39,1,2,
2026-08-16 00:12:47,812501,3407776,Game 2: Any Player Quadra Kill?,prop,2,2026-08-16 03:00:00,167.2,Yes,92366871030395219227539229526027723469617721035967924535754927351839920760282,0.01,0.99,0.5,0.98,0.05,0.05,0.05,4.95,4.95,4.95,1,1,
2026-08-16 00:12:47,812501,3407776,Game 2: Any Player Quadra Kill?,prop,2,2026-08-16 03:00:00,167.2,No,108131379290397497921034320795187253387625375475492003495114439351232186339057,0.01,0.99,0.5,0.98,0.05,0.05,0.05,4.95,4.95,4.95,1,1,
2026-08-16 00:12:47,812501,3407777,Game 2: Any Player Penta Kill?,prop,2,2026-08-16 03:00:00,167.2,Yes,17979466769376123931528681389233276317538527490930446639079169530069864950578,0.01,0.5,0.255,0.49,0.05,0.05,0.05,20.0,20.0,20.0,1,8,
2026-08-16 00:12:47,812501,3407777,Game 2: Any Player Penta Kill?,prop,2,2026-08-16 03:00:00,167.2,No,98518636466579073594826930528319759549288909542166508168276302065256239237641,0.5,0.99,0.745,0.49,20.0,20.0,20.0,4.95,4.95,4.95,8,1,
2026-08-16 00:12:47,812501,3407778,Game 2: Odd/Even Total Kills?,odd_even,2,2026-08-16 03:00:00,167.2,Odd,59779735910433430026922845250121216304233262452139448197463634726945263917642,0.49,0.51,0.5,0.02,129.76,129.76,414.37,136.07,136.07,483.94,13,13,
2026-08-16 00:12:47,812501,3407778,Game 2: Odd/Even Total Kills?,odd_even,2,2026-08-16 03:00:00,167.2,Even,63820986229538783051704393626483275773639389915746997330375253931539704114052,0.49,0.51,0.5,0.02,129.76,129.76,414.37,136.07,136.07,483.94,13,13,
2026-08-16 00:12:47,812501,3407779,Game 3: Both Teams Slay Baron Nashor?,prop,3,2026-08-16 03:00:00,167.2,Yes,113252981035414606041270247891785674937112739878099898576536010241670893541263,0.02,0.98,0.5,0.96,3.24,3.24,3.24,269.96,269.96,269.96,2,2,
2026-08-16 00:12:47,812501,3407779,Game 3: Both Teams Slay Baron Nashor?,prop,3,2026-08-16 03:00:00,167.2,No,80269374401740033283890248739835625511400013599013392298323688208415881374403,0.02,0.98,0.5,0.96,3.24,3.24,3.24,269.38,269.38,269.38,2,2,
2026-08-16 00:12:47,812501,3407780,Game 3: Both Teams Slay a Dragon?,prop,3,2026-08-16 03:00:00,167.2,Yes,48391266703243630062101276354060508850367984077172049881809538405140552864794,0.02,0.98,0.5,0.96,3.24,3.24,3.24,270.39,270.39,270.39,2,2,
2026-08-16 00:12:47,812501,3407780,Game 3: Both Teams Slay a Dragon?,prop,3,2026-08-16 03:00:00,167.2,No,60057711611640343525293620284391058123978522706360481026432587479418071602197,0.02,0.98,0.5,0.96,3.24,3.24,3.24,269.3,269.3,269.3,2,2,
2026-08-16 00:12:47,812501,3407781,Game 3: Both Teams Destroy Inhibitors?,prop,3,2026-08-16 03:00:00,167.2,Yes,39542350196021563282639112300447540076267664844340741091676361618690741390605,0.02,0.98,0.5,0.96,3.24,3.24,3.24,271.69,271.69,271.69,2,2,
2026-08-16 00:12:47,812501,3407781,Game 3: Both Teams Destroy Inhibitors?,prop,3,2026-08-16 03:00:00,167.2,No,91364380906232166017713665249534353715037087368263061017016710270940804207208,0.02,0.98,0.5,0.96,3.24,3.24,3.24,270.39,270.39,270.39,2,2,
2026-08-16 00:12:47,812501,3407782,Game 3: Any Player Quadra Kill?,prop,3,2026-08-16 03:00:00,167.2,Yes,37307632162746025253829849316049566979299478000450149685938586430830071550912,0.01,0.99,0.5,0.98,0.05,0.05,0.05,4.95,4.95,4.95,1,1,
2026-08-16 00:12:47,812501,3407782,Game 3: Any Player Quadra Kill?,prop,3,2026-08-16 03:00:00,167.2,No,63982252988628134667878426985084368415157271810425345961600074461416139881254,0.01,0.99,0.5,0.98,0.05,0.05,0.05,4.95,4.95,4.95,1,1,
2026-08-16 00:12:47,812501,3407783,Game 3: Any Player Penta Kill?,prop,3,2026-08-16 03:00:00,167.2,Yes,70747408516516735967153070084967598515783840448108993307182613154174484046545,0.05,0.99,0.52,0.94,28.65,28.65,28.7,4.95,4.95,4.95,2,1,
2026-08-16 00:12:47,812501,3407783,Game 3: Any Player Penta Kill?,prop,3,2026-08-16 03:00:00,167.2,No,61690140592430459017872087614812557860059428369264397142831763490231186466635,0.01,0.95,0.48,0.94,0.05,0.05,0.05,544.35,544.35,549.3,1,2,
2026-08-16 00:12:47,812501,3407784,Game 3: Odd/Even Total Kills?,odd_even,3,2026-08-16 03:00:00,167.2,Odd,98933627551267508447263863349434570031436709045139598213619410896491820344484,0.49,0.51,0.5,0.02,129.76,129.76,414.37,136.07,136.07,483.94,14,14,57
2026-08-16 00:12:47,812501,3407784,Game 3: Odd/Even Total Kills?,odd_even,3,2026-08-16 03:00:00,167.2,Even,108512589332558883006762920479152265565445840370520718453759163242503924433460,0.49,0.51,0.5,0.02,129.76,129.76,414.37,136.07,136.07,483.94,14,14,57
2026-08-16 00:18:11,812501,3407762,LoL: T1 Academy vs DN SOOPers Challengers - Game 1 Winner,map,1,2026-08-16 03:00:00,161.8,T1 Academy,73064582482235014598278036393310819830718392444970483545371753650678400834736,0.57,0.58,0.575,0.01,1455.11,3239.03,4171.17,2032.37,3452.18,4737.79,41,34,10506.196539999999
2026-08-16 00:18:11,812501,3407762,LoL: T1 Academy vs DN SOOPers Challengers - Game 1 Winner,map,1,2026-08-16 03:00:00,161.8,DN SOOPers Challengers,44224995904119349774883897648437602028511976750577753161233745822302188026009,0.42,0.43,0.425,0.01,1433.21,2362.78,3126.54,1141.56,2630.64,3485.69,34,41,10506.196539999999
2026-08-16 00:18:11,812501,3407763,LoL: T1 Academy vs DN SOOPers Challengers - Game 2 Winner,map,2,2026-08-16 03:00:00,161.8,T1 Academy,95353452252504879943365852237238076881007218537823436733287745422250853187273,0.57,0.58,0.575,0.01,826.1,3154.33,3405.29,5522.66,6441.23,8673.68,26,27,1532.146451
2026-08-16 00:18:11,812501,3407763,LoL: T1 Academy vs DN SOOPers Challengers - Game 2 Winner,map,2,2026-08-16 03:00:00,161.8,DN SOOPers Challengers,99458406464843999033426214685546564937703458262249894941487909247317378751500,0.42,0.43,0.425,0.01,3956.52,4546.25,5868.72,633.9,2563.79,2786.34,27,26,1532.146451
2026-08-16 00:18:11,812501,3407764,LoL: T1 Academy vs DN SOOPers Challengers (BO3) - LCK Challengers League Rounds 3-4 Challenge Group,series,,2026-08-16 03:00:00,161.8,T1 Academy,47149118006951667535600667260288389920280393498307875124395202668413731841386,0.64,0.65,0.645,0.01,2029.7,3471.31,4465.96,10010.78,15853.86,17673.86,53,28,16835.61105
2026-08-16 00:18:11,812501,3407764,LoL: T1 Academy vs DN SOOPers Challengers (BO3) - LCK Challengers League Rounds 3-4 Challenge Group,series,,2026-08-16 03:00:00,161.8,DN SOOPers Challengers,35771467724294116916325429263618132001025645920509860605241357593060072915080,0.35,0.36,0.355,0.01,5308.57,8143.97,8923.97,1143.54,2044.71,2724.57,28,53,16835.61105
2026-08-16 00:18:11,812501,3407765,Games Total: O/U 2.5,total_games,,2026-08-16 03:00:00,161.8,Over,28472689572385395046814959443344867949877348180594356550677806556781097456645,0.47,0.48,0.475,0.01,809.85,1442.25,2354.11,502.93,1055.75,2633.18,27,23,1828.322548
2026-08-16 00:18:11,812501,3407765,Games Total: O/U 2.5,total_games,,2026-08-16 03:00:00,161.8,Under,60445358403756320386117803063638244982681533893147355431057150905897946227833,0.52,0.53,0.525,0.01,544.44,1079.4,2531.88,933.99,1734.39,2954.46,23,27,1828.322548
2026-08-16 00:18:11,812501,3407766,Game Handicap: T1.A (-1.5) vs DN SOOPers Challengers (+1.5),handicap,,2026-08-16 03:00:00,161.8,T1 Academy,84157633848545715495802069650574598688014859523476823863021692534294083596234,0.35,0.36,0.355,0.01,46.04,1208.43,1447.43,535.51,793.61,1415.91,24,27,2718.7408030000006
2026-08-16 00:18:11,812501,3407766,Game Handicap: T1.A (-1.5) vs DN SOOPers Challengers (+1.5),handicap,,2026-08-16 03:00:00,161.8,DN SOOPers Challengers,59885163287384748425978349155060122398367607750229429662790248778661914966815,0.64,0.65,0.645,0.01,938.12,1350.02,2257.72,88.36,2508.97,3049.97,27,24,2718.7408030000006
2026-08-16 00:18:11,812501,3407767,Game 1: Both Teams Slay Baron Nashor?,prop,1,2026-08-16 03:00:00,161.8,Yes,98101395767675076675527407445074221726108082242766140122999013673078296924579,0.02,0.98,0.5,0.96,3.24,3.24,3.24,270.39,270.39,270.39,2,2,
2026-08-16 00:18:11,812501,3407767,Game 1: Both Teams Slay Baron Nashor?,prop,1,2026-08-16 03:00:00,161.8,No,87290422765316042161691235931778600664413826002993109373647521758362141675985,0.02,0.98,0.5,0.96,3.24,3.24,3.24,269.67,269.67,269.67,2,2,
2026-08-16 00:18:11,812501,3407768,Game 1: Both Teams Slay a Dragon?,prop,1,2026-08-16 03:00:00,161.8,Yes,79133110729101040979354156439270499254586169460530893547581424624230600191218,0.02,0.98,0.5,0.96,3.24,3.24,3.24,270.39,270.39,270.39,2,2,
2026-08-16 00:18:11,812501,3407768,Game 1: Both Teams Slay a Dragon?,prop,1,2026-08-16 03:00:00,161.8,No,87080835968360541907825236999430484259205742264350853747971304100745674369240,0.02,0.98,0.5,0.96,3.24,3.24,3.24,270.39,270.39,270.39,2,2,
2026-08-16 00:18:11,812501,3407769,Game 1: Both Teams Destroy Inhibitors?,prop,1,2026-08-16 03:00:00,161.8,Yes,41139893037576161188872686171355639757952754277902695214824790970502190000612,0.02,0.98,0.5,0.96,3.24,3.24,3.24,269.9,269.9,269.9,2,2,
2026-08-16 00:18:11,812501,3407769,Game 1: Both Teams Destroy Inhibitors?,prop,1,2026-08-16 03:00:00,161.8,No,11713257346113337208480784843855658054574586574869772753013260214337317995798,0.02,0.98,0.5,0.96,3.24,3.24,3.24,270.39,270.39,270.39,2,2,
2026-08-16 00:18:11,812501,3407770,Game 1: Any Player Quadra Kill?,prop,1,2026-08-16 03:00:00,161.8,Yes,89699116073306046966497778316057094796992801124411211058742622862658371484340,0.01,0.99,0.5,0.98,0.05,0.05,0.05,4.95,4.95,4.95,1,1,
2026-08-16 00:18:11,812501,3407770,Game 1: Any Player Quadra Kill?,prop,1,2026-08-16 03:00:00,161.8,No,110062225856361250232451733223883585889494582661648143328404444970890540170304,0.01,0.99,0.5,0.98,0.05,0.05,0.05,4.95,4.95,4.95,1,1,
2026-08-16 00:18:11,812501,3407771,Game 1: Any Player Penta Kill?,prop,1,2026-08-16 03:00:00,161.8,Yes,88817477593294431833892116040780787623551401078456392425497729385704534047793,0.01,0.5,0.255,0.49,0.06,0.06,0.06,6.5,6.5,6.5,2,9,15
2026-08-16 00:18:11,812501,3407771,Game 1: Any Player Penta Kill?,prop,1,2026-08-16 03:00:00,161.8,No,87228406489657215756146618888458284422804785033968690974967482020371044943402,0.5,0.99,0.745,0.49,6.5,6.5,6.5,9.95,9.95,9.95,9,2,15
2026-08-16 00:18:11,812501,3407772,Game 1: Odd/Even Total Kills?,odd_even,1,2026-08-16 03:00:00,161.8,Odd,9658086584873290771888578167645806108924909117236645290998179613625891551542,0.49,0.51,0.5,0.02,129.76,129.76,414.37,136.07,136.07,483.94,13,13,
2026-08-16 00:18:11,812501,3407772,Game 1: Odd/Even Total Kills?,odd_even,1,2026-08-16 03:00:00,161.8,Even,83684129425305084306307142763549562651923693209012555176967712625225705220248,0.49,0.51,0.5,0.02,129.76,129.76,414.37,136.07,136.07,483.94,13,13,
2026-08-16 00:18:11,812501,3407773,Game 2: Both Teams Slay Baron Nashor?,prop,2,2026-08-16 03:00:00,161.8,Yes,89297658295572950589193242688452597590018694715450307826825161120216168342242,0.02,0.98,0.5,0.96,3.24,3.24,3.24,270.39,270.39,270.39,2,2,
2026-08-16 00:18:11,812501,3407773,Game 2: Both Teams Slay Baron Nashor?,prop,2,2026-08-16 03:00:00,161.8,No,41370542629085814587327819175960375440467523596272908663943995486002518200858,0.02,0.98,0.5,0.96,3.24,3.24,3.24,269.45,269.45,269.45,2,2,
2026-08-16 00:18:11,812501,3407774,Game 2: Both Teams Slay a Dragon?,prop,2,2026-08-16 03:00:00,161.8,Yes,17213094384783561920447144318373049743601212254959536036565288413982307904891,0.02,0.98,0.5,0.96,3.24,3.24,3.24,270.39,270.39,270.39,2,2,
2026-08-16 00:18:11,812501,3407774,Game 2: Both Teams Slay a Dragon?,prop,2,2026-08-16 03:00:00,161.8,No,107361772230415915958955632622848371567473066269823321881145126999923158623096,0.02,0.98,0.5,0.96,3.24,3.24,3.24,270.39,270.39,270.39,2,2,
2026-08-16 00:18:11,812501,3407775,Game 2: Both Teams Destroy Inhibitors?,prop,2,2026-08-16 03:00:00,161.8,Yes,37085151396073944699750657470272385075014179379747539854914347479603815316699,0.02,0.99,0.505,0.97,3.24,3.24,3.24,122.56,122.56,122.56,2,1,
2026-08-16 00:18:11,812501,3407775,Game 2: Both Teams Destroy Inhibitors?,prop,2,2026-08-16 03:00:00,161.8,No,115153163980740373959185278746365667228368300396797954685717305797766491026714,0.01,0.98,0.495,0.97,1.24,1.24,1.24,270.39,270.39,270.39,1,2,
2026-08-16 00:18:11,812501,3407776,Game 2: Any Player Quadra Kill?,prop,2,2026-08-16 03:00:00,161.8,Yes,92366871030395219227539229526027723469617721035967924535754927351839920760282,0.01,0.99,0.5,0.98,0.05,0.05,0.05,4.95,4.95,4.95,1,1,
2026-08-16 00:18:11,812501,3407776,Game 2: Any Player Quadra Kill?,prop,2,2026-08-16 03:00:00,161.8,No,108131379290397497921034320795187253387625375475492003495114439351232186339057,0.01,0.99,0.5,0.98,0.05,0.05,0.05,4.95,4.95,4.95,1,1,
2026-08-16 00:18:11,812501,3407777,Game 2: Any Player Penta Kill?,prop,2,2026-08-16 03:00:00,161.8,Yes,17979466769376123931528681389233276317538527490930446639079169530069864950578,0.01,0.5,0.255,0.49,0.05,0.05,0.05,20.0,20.0,20.0,1,8,
2026-08-16 00:18:11,812501,3407777,Game 2: Any Player Penta Kill?,prop,2,2026-08-16 03:00:00,161.8,No,98518636466579073594826930528319759549288909542166508168276302065256239237641,0.5,0.99,0.745,0.49,20.0,20.0,20.0,4.95,4.95,4.95,8,1,
2026-08-16 00:18:11,812501,3407778,Game 2: Odd/Even Total Kills?,odd_even,2,2026-08-16 03:00:00,161.8,Odd,59779735910433430026922845250121216304233262452139448197463634726945263917642,0.49,0.51,0.5,0.02,129.76,129.76,414.37,136.07,136.07,483.94,13,13,
2026-08-16 00:18:11,812501,3407778,Game 2: Odd/Even Total Kills?,odd_even,2,2026-08-16 03:00:00,161.8,Even,63820986229538783051704393626483275773639389915746997330375253931539704114052,0.49,0.51,0.5,0.02,129.76,129.76,414.37,136.07,136.07,483.94,13,13,
2026-08-16 00:18:11,812501,3407779,Game 3: Both Teams Slay Baron Nashor?,prop,3,2026-08-16 03:00:00,161.8,Yes,113252981035414606041270247891785674937112739878099898576536010241670893541263,0.02,0.98,0.5,0.96,3.24,3.24,3.24,269.96,269.96,269.96,2,2,
2026-08-16 00:18:11,812501,3407779,Game 3: Both Teams Slay Baron Nashor?,prop,3,2026-08-16 03:00:00,161.8,No,80269374401740033283890248739835625511400013599013392298323688208415881374403,0.02,0.98,0.5,0.96,3.24,3.24,3.24,269.38,269.38,269.38,2,2,
2026-08-16 00:18:11,812501,3407780,Game 3: Both Teams Slay a Dragon?,prop,3,2026-08-16 03:00:00,161.8,Yes,48391266703243630062101276354060508850367984077172049881809538405140552864794,0.02,0.98,0.5,0.96,3.24,3.24,3.24,270.39,270.39,270.39,2,2,
2026-08-16 00:18:11,812501,3407780,Game 3: Both Teams Slay a Dragon?,prop,3,2026-08-16 03:00:00,161.8,No,60057711611640343525293620284391058123978522706360481026432587479418071602197,0.02,0.98,0.5,0.96,3.24,3.24,3.24,269.3,269.3,269.3,2,2,
2026-08-16 00:18:11,812501,3407781,Game 3: Both Teams Destroy Inhibitors?,prop,3,2026-08-16 03:00:00,161.8,Yes,39542350196021563282639112300447540076267664844340741091676361618690741390605,0.02,0.98,0.5,0.96,3.24,3.24,3.24,271.69,271.69,271.69,2,2,
2026-08-16 00:18:11,812501,3407781,Game 3: Both Teams Destroy Inhibitors?,prop,3,2026-08-16 03:00:00,161.8,No,91364380906232166017713665249534353715037087368263061017016710270940804207208,0.02,0.98,0.5,0.96,3.24,3.24,3.24,270.39,270.39,270.39,2,2,
2026-08-16 00:18:11,812501,3407782,Game 3: Any Player Quadra Kill?,prop,3,2026-08-16 03:00:00,161.8,Yes,37307632162746025253829849316049566979299478000450149685938586430830071550912,0.01,0.99,0.5,0.98,0.05,0.05,0.05,4.95,4.95,4.95,1,1,
2026-08-16 00:18:11,812501,3407782,Game 3: Any Player Quadra Kill?,prop,3,2026-08-16 03:00:00,161.8,No,63982252988628134667878426985084368415157271810425345961600074461416139881254,0.01,0.99,0.5,0.98,0.05,0.05,0.05,4.95,4.95,4.95,1,1,
2026-08-16 00:18:11,812501,3407783,Game 3: Any Player Penta Kill?,prop,3,2026-08-16 03:00:00,161.8,Yes,70747408516516735967153070084967598515783840448108993307182613154174484046545,0.05,0.99,0.52,0.94,28.65,28.65,28.7,4.95,4.95,4.95,2,1,
2026-08-16 00:18:11,812501,3407783,Game 3: Any Player Penta Kill?,prop,3,2026-08-16 03:00:00,161.8,No,61690140592430459017872087614812557860059428369264397142831763490231186466635,0.01,0.95,0.48,0.94,0.05,0.05,0.05,544.35,544.35,549.3,1,2,
2026-08-16 00:18:11,812501,3407784,Game 3: Odd/Even Total Kills?,odd_even,3,2026-08-16 03:00:00,161.8,Odd,98933627551267508447263863349434570031436709045139598213619410896491820344484,0.49,0.51,0.5,0.02,129.76,129.76,414.37,136.07,136.07,483.94,14,14,57
2026-08-16 00:18:11,812501,3407784,Game 3: Odd/Even Total Kills?,odd_even,3,2026-08-16 03:00:00,161.8,Even,108512589332558883006762920479152265565445840370520718453759163242503924433460,0.49,0.51,0.5,0.02,129.76,129.76,414.37,136.07,136.07,483.94,14,14,57
2026-08-16 00:23:32,812501,3407762,LoL: T1 Academy vs DN SOOPers Challengers - Game 1 Winner,map,1,2026-08-16 03:00:00,156.5,T1 Academy,73064582482235014598278036393310819830718392444970483545371753650678400834736,0.57,0.58,0.575,0.01,1458.65,3259.07,4191.21,2067.47,3487.28,4772.89,41,34,12513.349702999998
2026-08-16 00:23:32,812501,3407762,LoL: T1 Academy vs DN SOOPers Challengers - Game 1 Winner,map,1,2026-08-16 03:00:00,156.5,DN SOOPers Challengers,44224995904119349774883897648437602028511976750577753161233745822302188026009,0.42,0.43,0.425,0.01,1458.11,2387.68,3151.44,1144.76,2647.34,3502.39,34,41,12513.349702999998
2026-08-16 00:23:32,812501,3407763,LoL: T1 Academy vs DN SOOPers Challengers - Game 2 Winner,map,2,2026-08-16 03:00:00,156.5,T1 Academy,95353452252504879943365852237238076881007218537823436733287745422250853187273,0.57,0.58,0.575,0.01,826.1,3154.33,3405.29,5522.66,6441.23,8673.68,26,27,1539.472031
2026-08-16 00:23:32,812501,3407763,LoL: T1 Academy vs DN SOOPers Challengers - Game 2 Winner,map,2,2026-08-16 03:00:00,156.5,DN SOOPers Challengers,99458406464843999033426214685546564937703458262249894941487909247317378751500,0.42,0.43,0.425,0.01,3956.52,4546.25,5868.72,633.9,2563.79,2786.34,27,26,1539.472031
2026-08-16 00:23:32,812501,3407764,LoL: T1 Academy vs DN SOOPers Challengers (BO3) - LCK Challengers League Rounds 3-4 Challenge Group,series,,2026-08-16 03:00:00,156.5,T1 Academy,47149118006951667535600667260288389920280393498307875124395202668413731841386,0.64,0.65,0.645,0.01,1932.71,3352.28,4786.12,9813.27,15128.68,16948.68,53,28,16838.534124
2026-08-16 00:23:32,812501,3407764,LoL: T1 Academy vs DN SOOPers Challengers (BO3) - LCK Challengers League Rounds 3-4 Challenge Group,series,,2026-08-16 03:00:00,156.5,DN SOOPers Challengers,35771467724294116916325429263618132001025645920509860605241357593060072915080,0.35,0.36,0.355,0.01,5202.46,7789.15,8569.15,1088.98,1976.19,2961.25,28,53,16838.534124
2026-08-16 00:23:32,812501,3407765,Games Total: O/U 2.5,total_games,,2026-08-16 03:00:00,156.5,Over,28472689572385395046814959443344867949877348180594356550677806556781097456645,0.47,0.48,0.475,0.01,809.85,1442.25,2354.11,502.93,1055.75,2625.38,27,23,1828.322548
2026-08-16 00:23:32,812501,3407765,Games Total: O/U 2.5,total_games,,2026-08-16 03:00:00,156.5,Under,60445358403756320386117803063638244982681533893147355431057150905897946227833,0.52,0.53,0.525,0.01,544.44,1079.4,2524.68,933.99,1734.39,2954.46,23,27,1828.322548
2026-08-16 00:23:32,812501,3407766,Game Handicap: T1.A (-1.5) vs DN SOOPers Challengers (+1.5),handicap,,2026-08-16 03:00:00,156.5,T1 Academy,84157633848545715495802069650574598688014859523476823863021692534294083596234,0.35,0.36,0.355,0.01,46.04,1236.16,1466.16,546.8,809.0,1419.0,25,30,2718.740803
2026-08-16 00:23:32,812501,3407766,Game Handicap: T1.A (-1.5) vs DN SOOPers Challengers (+1.5),handicap,,2026-08-16 03:00:00,156.5,DN SOOPers Challengers,59885163287384748425978349155060122398367607750229429662790248778661914966815,0.64,0.65,0.645,0.01,958.2,1376.0,2266.0,88.36,2566.76,3086.76,30,25,2718.740803
2026-08-16 00:23:32,812501,3407767,Game 1: Both Teams Slay Baron Nashor?,prop,1,2026-08-16 03:00:00,156.5,Yes,98101395767675076675527407445074221726108082242766140122999013673078296924579,0.02,0.98,0.5,0.96,3.24,3.24,3.24,270.39,270.39,270.39,2,2,
2026-08-16 00:23:32,812501,3407767,Game 1: Both Teams Slay Baron Nashor?,prop,1,2026-08-16 03:00:00,156.5,No,87290422765316042161691235931778600664413826002993109373647521758362141675985,0.02,0.98,0.5,0.96,3.24,3.24,3.24,269.67,269.67,269.67,2,2,
2026-08-16 00:23:32,812501,3407768,Game 1: Both Teams Slay a Dragon?,prop,1,2026-08-16 03:00:00,156.5,Yes,79133110729101040979354156439270499254586169460530893547581424624230600191218,0.02,0.98,0.5,0.96,3.24,3.24,3.24,270.39,270.39,270.39,2,2,
2026-08-16 00:23:32,812501,3407768,Game 1: Both Teams Slay a Dragon?,prop,1,2026-08-16 03:00:00,156.5,No,87080835968360541907825236999430484259205742264350853747971304100745674369240,0.02,0.98,0.5,0.96,3.24,3.24,3.24,270.39,270.39,270.39,2,2,
2026-08-16 00:23:32,812501,3407769,Game 1: Both Teams Destroy Inhibitors?,prop,1,2026-08-16 03:00:00,156.5,Yes,41139893037576161188872686171355639757952754277902695214824790970502190000612,0.02,0.98,0.5,0.96,3.24,3.24,3.24,269.9,269.9,269.9,2,2,
2026-08-16 00:23:32,812501,3407769,Game 1: Both Teams Destroy Inhibitors?,prop,1,2026-08-16 03:00:00,156.5,No,11713257346113337208480784843855658054574586574869772753013260214337317995798,0.02,0.98,0.5,0.96,3.24,3.24,3.24,270.39,270.39,270.39,2,2,
2026-08-16 00:23:32,812501,3407770,Game 1: Any Player Quadra Kill?,prop,1,2026-08-16 03:00:00,156.5,Yes,89699116073306046966497778316057094796992801124411211058742622862658371484340,0.01,0.99,0.5,0.98,0.05,0.05,0.05,4.95,4.95,4.95,1,1,
2026-08-16 00:23:32,812501,3407770,Game 1: Any Player Quadra Kill?,prop,1,2026-08-16 03:00:00,156.5,No,110062225856361250232451733223883585889494582661648143328404444970890540170304,0.01,0.99,0.5,0.98,0.05,0.05,0.05,4.95,4.95,4.95,1,1,
2026-08-16 00:23:32,812501,3407771,Game 1: Any Player Penta Kill?,prop,1,2026-08-16 03:00:00,156.5,Yes,88817477593294431833892116040780787623551401078456392425497729385704534047793,0.01,0.5,0.255,0.49,0.06,0.06,0.06,6.5,6.5,6.5,2,9,15
2026-08-16 00:23:32,812501,3407771,Game 1: Any Player Penta Kill?,prop,1,2026-08-16 03:00:00,156.5,No,87228406489657215756146618888458284422804785033968690974967482020371044943402,0.5,0.99,0.745,0.49,6.5,6.5,6.5,9.95,9.95,9.95,9,2,15
2026-08-16 00:23:32,812501,3407772,Game 1: Odd/Even Total Kills?,odd_even,1,2026-08-16 03:00:00,156.5,Odd,9658086584873290771888578167645806108924909117236645290998179613625891551542,0.49,0.51,0.5,0.02,129.76,129.76,414.37,136.07,136.07,483.94,13,13,
2026-08-16 00:23:32,812501,3407772,Game 1: Odd/Even Total Kills?,odd_even,1,2026-08-16 03:00:00,156.5,Even,83684129425305084306307142763549562651923693209012555176967712625225705220248,0.49,0.51,0.5,0.02,129.76,129.76,414.37,136.07,136.07,483.94,13,13,
2026-08-16 00:23:32,812501,3407773,Game 2: Both Teams Slay Baron Nashor?,prop,2,2026-08-16 03:00:00,156.5,Yes,89297658295572950589193242688452597590018694715450307826825161120216168342242,0.02,0.98,0.5,0.96,3.24,3.24,3.24,270.39,270.39,270.39,2,2,
2026-08-16 00:23:32,812501,3407773,Game 2: Both Teams Slay Baron Nashor?,prop,2,2026-08-16 03:00:00,156.5,No,41370542629085814587327819175960375440467523596272908663943995486002518200858,0.02,0.98,0.5,0.96,3.24,3.24,3.24,269.45,269.45,269.45,2,2,
2026-08-16 00:23:32,812501,3407774,Game 2: Both Teams Slay a Dragon?,prop,2,2026-08-16 03:00:00,156.5,Yes,17213094384783561920447144318373049743601212254959536036565288413982307904891,0.02,0.98,0.5,0.96,3.24,3.24,3.24,270.39,270.39,270.39,2,2,
2026-08-16 00:23:32,812501,3407774,Game 2: Both Teams Slay a Dragon?,prop,2,2026-08-16 03:00:00,156.5,No,107361772230415915958955632622848371567473066269823321881145126999923158623096,0.02,0.98,0.5,0.96,3.24,3.24,3.24,270.39,270.39,270.39,2,2,
2026-08-16 00:23:32,812501,3407775,Game 2: Both Teams Destroy Inhibitors?,prop,2,2026-08-16 03:00:00,156.5,Yes,37085151396073944699750657470272385075014179379747539854914347479603815316699,0.02,0.99,0.505,0.97,3.24,3.24,3.24,122.56,122.56,122.56,2,1,
2026-08-16 00:23:32,812501,3407775,Game 2: Both Teams Destroy Inhibitors?,prop,2,2026-08-16 03:00:00,156.5,No,115153163980740373959185278746365667228368300396797954685717305797766491026714,0.01,0.98,0.495,0.97,1.24,1.24,1.24,270.39,270.39,270.39,1,2,
2026-08-16 00:23:32,812501,3407776,Game 2: Any Player Quadra Kill?,prop,2,2026-08-16 03:00:00,156.5,Yes,92366871030395219227539229526027723469617721035967924535754927351839920760282,0.01,0.99,0.5,0.98,0.05,0.05,0.05,4.95,4.95,4.95,1,1,
2026-08-16 00:23:32,812501,3407776,Game 2: Any Player Quadra Kill?,prop,2,2026-08-16 03:00:00,156.5,No,108131379290397497921034320795187253387625375475492003495114439351232186339057,0.01,0.99,0.5,0.98,0.05,0.05,0.05,4.95,4.95,4.95,1,1,
2026-08-16 00:23:32,812501,3407777,Game 2: Any Player Penta Kill?,prop,2,2026-08-16 03:00:00,156.5,Yes,17979466769376123931528681389233276317538527490930446639079169530069864950578,0.01,0.5,0.255,0.49,0.05,0.05,0.05,20.0,20.0,20.0,1,8,
2026-08-16 00:23:32,812501,3407777,Game 2: Any Player Penta Kill?,prop,2,2026-08-16 03:00:00,156.5,No,98518636466579073594826930528319759549288909542166508168276302065256239237641,0.5,0.99,0.745,0.49,20.0,20.0,20.0,4.95,4.95,4.95,8,1,
2026-08-16 00:23:32,812501,3407778,Game 2: Odd/Even Total Kills?,odd_even,2,2026-08-16 03:00:00,156.5,Odd,59779735910433430026922845250121216304233262452139448197463634726945263917642,0.49,0.51,0.5,0.02,129.76,129.76,414.37,136.07,136.07,483.94,13,13,
2026-08-16 00:23:32,812501,3407778,Game 2: Odd/Even Total Kills?,odd_even,2,2026-08-16 03:00:00,156.5,Even,63820986229538783051704393626483275773639389915746997330375253931539704114052,0.49,0.51,0.5,0.02,129.76,129.76,414.37,136.07,136.07,483.94,13,13,
2026-08-16 00:23:32,812501,3407779,Game 3: Both Teams Slay Baron Nashor?,prop,3,2026-08-16 03:00:00,156.5,Yes,113252981035414606041270247891785674937112739878099898576536010241670893541263,0.02,0.98,0.5,0.96,3.24,3.24,3.24,269.96,269.96,269.96,2,2,
2026-08-16 00:23:32,812501,3407779,Game 3: Both Teams Slay Baron Nashor?,prop,3,2026-08-16 03:00:00,156.5,No,80269374401740033283890248739835625511400013599013392298323688208415881374403,0.02,0.98,0.5,0.96,3.24,3.24,3.24,269.38,269.38,269.38,2,2,
2026-08-16 00:23:32,812501,3407780,Game 3: Both Teams Slay a Dragon?,prop,3,2026-08-16 03:00:00,156.5,Yes,48391266703243630062101276354060508850367984077172049881809538405140552864794,0.02,0.98,0.5,0.96,3.24,3.24,3.24,270.39,270.39,270.39,2,2,
2026-08-16 00:23:32,812501,3407780,Game 3: Both Teams Slay a Dragon?,prop,3,2026-08-16 03:00:00,156.5,No,60057711611640343525293620284391058123978522706360481026432587479418071602197,0.02,0.98,0.5,0.96,3.24,3.24,3.24,269.3,269.3,269.3,2,2,
2026-08-16 00:23:32,812501,3407781,Game 3: Both Teams Destroy Inhibitors?,prop,3,2026-08-16 03:00:00,156.5,Yes,39542350196021563282639112300447540076267664844340741091676361618690741390605,0.02,0.98,0.5,0.96,3.24,3.24,3.24,271.69,271.69,271.69,2,2,
2026-08-16 00:23:32,812501,3407781,Game 3: Both Teams Destroy Inhibitors?,prop,3,2026-08-16 03:00:00,156.5,No,91364380906232166017713665249534353715037087368263061017016710270940804207208,0.02,0.98,0.5,0.96,3.24,3.24,3.24,270.39,270.39,270.39,2,2,
2026-08-16 00:23:32,812501,3407782,Game 3: Any Player Quadra Kill?,prop,3,2026-08-16 03:00:00,156.5,Yes,37307632162746025253829849316049566979299478000450149685938586430830071550912,0.01,0.99,0.5,0.98,0.05,0.05,0.05,4.95,4.95,4.95,1,1,
2026-08-16 00:23:32,812501,3407782,Game 3: Any Player Quadra Kill?,prop,3,2026-08-16 03:00:00,156.5,No,63982252988628134667878426985084368415157271810425345961600074461416139881254,0.01,0.99,0.5,0.98,0.05,0.05,0.05,4.95,4.95,4.95,1,1,
2026-08-16 00:23:32,812501,3407783,Game 3: Any Player Penta Kill?,prop,3,2026-08-16 03:00:00,156.5,Yes,70747408516516735967153070084967598515783840448108993307182613154174484046545,0.05,0.99,0.52,0.94,28.65,28.65,28.7,4.95,4.95,4.95,2,1,
2026-08-16 00:23:32,812501,3407783,Game 3: Any Player Penta Kill?,prop,3,2026-08-16 03:00:00,156.5,No,61690140592430459017872087614812557860059428369264397142831763490231186466635,0.01,0.95,0.48,0.94,0.05,0.05,0.05,544.35,544.35,549.3,1,2,
2026-08-16 00:23:32,812501,3407784,Game 3: Odd/Even Total Kills?,odd_even,3,2026-08-16 03:00:00,156.5,Odd,98933627551267508447263863349434570031436709045139598213619410896491820344484,0.49,0.51,0.5,0.02,129.76,129.76,414.37,136.07,136.07,483.94,14,14,57
2026-08-16 00:23:32,812501,3407784,Game 3: Odd/Even Total Kills?,odd_even,3,2026-08-16 03:00:00,156.5,Even,108512589332558883006762920479152265565445840370520718453759163242503924433460,0.49,0.51,0.5,0.02,129.76,129.76,414.37,136.07,136.07,483.94,14,14,57
2026-08-16 00:28:55,812501,3407762,LoL: T1 Academy vs DN SOOPers Challengers - Game 1 Winner,map,1,2026-08-16 03:00:00,151.1,T1 Academy,73064582482235014598278036393310819830718392444970483545371753650678400834736,0.57,0.58,0.575,0.01,1458.65,3259.07,4191.21,2067.47,3371.24,4656.85,42,34,12513.349702999998
2026-08-16 00:28:55,812501,3407762,LoL: T1 Academy vs DN SOOPers Challengers - Game 1 Winner,map,1,2026-08-16 03:00:00,151.1,DN SOOPers Challengers,44224995904119349774883897648437602028511976750577753161233745822302188026009,0.42,0.43,0.425,0.01,1458.11,2313.5,3077.26,1144.76,2647.34,3502.39,34,41,12513.349702999998
2026-08-16 00:28:55,812501,3407763,LoL: T1 Academy vs DN SOOPers Challengers - Game 2 Winner,map,2,2026-08-16 03:00:00,151.1,T1 Academy,95353452252504879943365852237238076881007218537823436733287745422250853187273,0.57,0.58,0.575,0.01,826.1,3154.33,3405.29,5522.66,6441.23,8673.68,26,27,1539.472031
2026-08-16 00:28:55,812501,3407763,LoL: T1 Academy vs DN SOOPers Challengers - Game 2 Winner,map,2,2026-08-16 03:00:00,151.1,DN SOOPers Challengers,99458406464843999033426214685546564937703458262249894941487909247317378751500,0.42,0.43,0.425,0.01,3956.52,4546.25,5868.72,633.9,2563.79,2786.34,27,26,1539.472031
2026-08-16 00:28:55,812501,3407764,LoL: T1 Academy vs DN SOOPers Challengers (BO3) - LCK Challengers League Rounds 3-4 Challenge Group,series,,2026-08-16 03:00:00,151.1,T1 Academy,47149118006951667535600667260288389920280393498307875124395202668413731841386,0.64,0.65,0.645,0.01,2018.08,3437.66,4871.5,10046.22,12642.94,14462.94,50,28,16838.534124
2026-08-16 00:28:55,812501,3407764,LoL: T1 Academy vs DN SOOPers Challengers (BO3) - LCK Challengers League Rounds 3-4 Challenge Group,series,,2026-08-16 03:00:00,151.1,DN SOOPers Challengers,35771467724294116916325429263618132001025645920509860605241357593060072915080,0.35,0.36,0.355,0.01,5327.89,6605.38,7385.38,1137.01,2024.21,3009.27,28,50,16838.534124
2026-08-16 00:28:55,812501,3407765,Games Total: O/U 2.5,total_games,,2026-08-16 03:00:00,151.1,Over,28472689572385395046814959443344867949877348180594356550677806556781097456645,0.47,0.48,0.475,0.01,805.17,1437.57,2349.42,502.93,1055.75,2625.38,26,23,1828.322548
2026-08-16 00:28:55,812501,3407765,Games Total: O/U 2.5,total_games,,2026-08-16 03:00:00,151.1,Under,60445358403756320386117803063638244982681533893147355431057150905897946227833,0.52,0.53,0.525,0.01,544.44,1079.4,2524.68,928.7,1729.1,2949.18,23,26,1828.322548
2026-08-16 00:28:55,812501,3407766,Game Handicap: T1.A (-1.5) vs DN SOOPers Challengers (+1.5),handicap,,2026-08-16 03:00:00,151.1,T1 Academy,84157633848545715495802069650574598688014859523476823863021692534294083596234,0.35,0.36,0.355,0.01,46.04,1236.16,1466.16,546.8,809.0,1419.0,25,30,2718.740803
2026-08-16 00:28:55,812501,3407766,Game Handicap: T1.A (-1.5) vs DN SOOPers Challengers (+1.5),handicap,,2026-08-16 03:00:00,151.1,DN SOOPers Challengers,59885163287384748425978349155060122398367607750229429662790248778661914966815,0.64,0.65,0.645,0.01,958.2,1376.0,2266.0,88.36,2566.76,3086.76,30,25,2718.740803
2026-08-16 00:28:55,812501,3407767,Game 1: Both Teams Slay Baron Nashor?,prop,1,2026-08-16 03:00:00,151.1,Yes,98101395767675076675527407445074221726108082242766140122999013673078296924579,0.02,0.98,0.5,0.96,3.17,3.17,3.17,270.39,270.39,270.39,2,2,
2026-08-16 00:28:55,812501,3407767,Game 1: Both Teams Slay Baron Nashor?,prop,1,2026-08-16 03:00:00,151.1,No,87290422765316042161691235931778600664413826002993109373647521758362141675985,0.02,0.98,0.5,0.96,3.24,3.24,3.24,263.28,263.28,263.28,2,2,
2026-08-16 00:28:55,812501,3407768,Game 1: Both Teams Slay a Dragon?,prop,1,2026-08-16 03:00:00,151.1,Yes,79133110729101040979354156439270499254586169460530893547581424624230600191218,0.02,0.98,0.5,0.96,3.24,3.24,3.24,270.39,270.39,270.39,2,2,
2026-08-16 00:28:55,812501,3407768,Game 1: Both Teams Slay a Dragon?,prop,1,2026-08-16 03:00:00,151.1,No,87080835968360541907825236999430484259205742264350853747971304100745674369240,0.02,0.98,0.5,0.96,3.24,3.24,3.24,270.39,270.39,270.39,2,2,
2026-08-16 00:28:55,812501,3407769,Game 1: Both Teams Destroy Inhibitors?,prop,1,2026-08-16 03:00:00,151.1,Yes,41139893037576161188872686171355639757952754277902695214824790970502190000612,0.02,0.98,0.5,0.96,3.24,3.24,3.24,269.9,269.9,269.9,2,2,
2026-08-16 00:28:55,812501,3407769,Game 1: Both Teams Destroy Inhibitors?,prop,1,2026-08-16 03:00:00,151.1,No,11713257346113337208480784843855658054574586574869772753013260214337317995798,0.02,0.98,0.5,0.96,3.24,3.24,3.24,270.39,270.39,270.39,2,2,
2026-08-16 00:28:55,812501,3407770,Game 1: Any Player Quadra Kill?,prop,1,2026-08-16 03:00:00,151.1,Yes,89699116073306046966497778316057094796992801124411211058742622862658371484340,0.01,0.99,0.5,0.98,0.05,0.05,0.05,4.95,4.95,4.95,1,1,
2026-08-16 00:28:55,812501,3407770,Game 1: Any Player Quadra Kill?,prop,1,2026-08-16 03:00:00,151.1,No,110062225856361250232451733223883585889494582661648143328404444970890540170304,0.01,0.99,0.5,0.98,0.05,0.05,0.05,4.95,4.95,4.95,1,1,
2026-08-16 00:28:55,812501,3407771,Game 1: Any Player Penta Kill?,prop,1,2026-08-16 03:00:00,151.1,Yes,88817477593294431833892116040780787623551401078456392425497729385704534047793,0.01,0.5,0.255,0.49,0.06,0.06,0.06,6.5,6.5,6.5,2,9,15
2026-08-16 00:28:55,812501,3407771,Game 1: Any Player Penta Kill?,prop,1,2026-08-16 03:00:00,151.1,No,87228406489657215756146618888458284422804785033968690974967482020371044943402,0.5,0.99,0.745,0.49,6.5,6.5,6.5,9.95,9.95,9.95,9,2,15
2026-08-16 00:28:55,812501,3407772,Game 1: Odd/Even Total Kills?,odd_even,1,2026-08-16 03:00:00,151.1,Odd,9658086584873290771888578167645806108924909117236645290998179613625891551542,0.49,0.51,0.5,0.02,129.76,129.76,414.37,136.07,136.07,483.94,13,13,
2026-08-16 00:28:55,812501,3407772,Game 1: Odd/Even Total Kills?,odd_even,1,2026-08-16 03:00:00,151.1,Even,83684129425305084306307142763549562651923693209012555176967712625225705220248,0.49,0.51,0.5,0.02,129.76,129.76,414.37,136.07,136.07,483.94,13,13,
2026-08-16 00:28:55,812501,3407773,Game 2: Both Teams Slay Baron Nashor?,prop,2,2026-08-16 03:00:00,151.1,Yes,89297658295572950589193242688452597590018694715450307826825161120216168342242,0.02,0.98,0.5,0.96,3.24,3.24,3.24,270.39,270.39,270.39,2,2,
2026-08-16 00:28:55,812501,3407773,Game 2: Both Teams Slay Baron Nashor?,prop,2,2026-08-16 03:00:00,151.1,No,41370542629085814587327819175960375440467523596272908663943995486002518200858,0.02,0.98,0.5,0.96,3.24,3.24,3.24,269.45,269.45,269.45,2,2,
2026-08-16 00:28:55,812501,3407774,Game 2: Both Teams Slay a Dragon?,prop,2,2026-08-16 03:00:00,151.1,Yes,17213094384783561920447144318373049743601212254959536036565288413982307904891,0.02,0.98,0.5,0.96,3.24,3.24,3.24,270.39,270.39,270.39,2,2,
2026-08-16 00:28:55,812501,3407774,Game 2: Both Teams Slay a Dragon?,prop,2,2026-08-16 03:00:00,151.1,No,107361772230415915958955632622848371567473066269823321881145126999923158623096,0.02,0.98,0.5,0.96,3.24,3.24,3.24,270.39,270.39,270.39,2,2,
2026-08-16 00:28:55,812501,3407775,Game 2: Both Teams Destroy Inhibitors?,prop,2,2026-08-16 03:00:00,151.1,Yes,37085151396073944699750657470272385075014179379747539854914347479603815316699,0.02,0.99,0.505,0.97,3.24,3.24,3.24,122.56,122.56,122.56,2,1,
2026-08-16 00:28:55,812501,3407775,Game 2: Both Teams Destroy Inhibitors?,prop,2,2026-08-16 03:00:00,151.1,No,115153163980740373959185278746365667228368300396797954685717305797766491026714,0.01,0.98,0.495,0.97,1.24,1.24,1.24,270.39,270.39,270.39,1,2,
2026-08-16 00:28:55,812501,3407776,Game 2: Any Player Quadra Kill?,prop,2,2026-08-16 03:00:00,151.1,Yes,92366871030395219227539229526027723469617721035967924535754927351839920760282,0.01,0.99,0.5,0.98,0.05,0.05,0.05,4.95,4.95,4.95,1,1,
2026-08-16 00:28:55,812501,3407776,Game 2: Any Player Quadra Kill?,prop,2,2026-08-16 03:00:00,151.1,No,108131379290397497921034320795187253387625375475492003495114439351232186339057,0.01,0.99,0.5,0.98,0.05,0.05,0.05,4.95,4.95,4.95,1,1,
2026-08-16 00:28:55,812501,3407777,Game 2: Any Player Penta Kill?,prop,2,2026-08-16 03:00:00,151.1,Yes,17979466769376123931528681389233276317538527490930446639079169530069864950578,0.01,0.5,0.255,0.49,0.05,0.05,0.05,20.0,20.0,20.0,1,8,
2026-08-16 00:28:55,812501,3407777,Game 2: Any Player Penta Kill?,prop,2,2026-08-16 03:00:00,151.1,No,98518636466579073594826930528319759549288909542166508168276302065256239237641,0.5,0.99,0.745,0.49,20.0,20.0,20.0,4.95,4.95,4.95,8,1,
2026-08-16 00:28:55,812501,3407778,Game 2: Odd/Even Total Kills?,odd_even,2,2026-08-16 03:00:00,151.1,Odd,59779735910433430026922845250121216304233262452139448197463634726945263917642,0.49,0.51,0.5,0.02,129.76,129.76,414.37,136.07,136.07,483.94,13,13,
2026-08-16 00:28:55,812501,3407778,Game 2: Odd/Even Total Kills?,odd_even,2,2026-08-16 03:00:00,151.1,Even,63820986229538783051704393626483275773639389915746997330375253931539704114052,0.49,0.51,0.5,0.02,129.76,129.76,414.37,136.07,136.07,483.94,13,13,
2026-08-16 00:28:55,812501,3407779,Game 3: Both Teams Slay Baron Nashor?,prop,3,2026-08-16 03:00:00,151.1,Yes,113252981035414606041270247891785674937112739878099898576536010241670893541263,0.02,0.98,0.5,0.96,3.24,3.24,3.24,269.96,269.96,269.96,2,2,
2026-08-16 00:28:55,812501,3407779,Game 3: Both Teams Slay Baron Nashor?,prop,3,2026-08-16 03:00:00,151.1,No,80269374401740033283890248739835625511400013599013392298323688208415881374403,0.02,0.98,0.5,0.96,3.24,3.24,3.24,269.38,269.38,269.38,2,2,
2026-08-16 00:28:55,812501,3407780,Game 3: Both Teams Slay a Dragon?,prop,3,2026-08-16 03:00:00,151.1,Yes,48391266703243630062101276354060508850367984077172049881809538405140552864794,0.02,0.98,0.5,0.96,3.24,3.24,3.24,270.39,270.39,270.39,2,2,
2026-08-16 00:28:55,812501,3407780,Game 3: Both Teams Slay a Dragon?,prop,3,2026-08-16 03:00:00,151.1,No,60057711611640343525293620284391058123978522706360481026432587479418071602197,0.02,0.98,0.5,0.96,3.24,3.24,3.24,269.3,269.3,269.3,2,2,
2026-08-16 00:28:55,812501,3407781,Game 3: Both Teams Destroy Inhibitors?,prop,3,2026-08-16 03:00:00,151.1,Yes,39542350196021563282639112300447540076267664844340741091676361618690741390605,0.02,0.98,0.5,0.96,3.24,3.24,3.24,271.69,271.69,271.69,2,2,
2026-08-16 00:28:55,812501,3407781,Game 3: Both Teams Destroy Inhibitors?,prop,3,2026-08-16 03:00:00,151.1,No,91364380906232166017713665249534353715037087368263061017016710270940804207208,0.02,0.98,0.5,0.96,3.24,3.24,3.24,270.39,270.39,270.39,2,2,
2026-08-16 00:28:55,812501,3407782,Game 3: Any Player Quadra Kill?,prop,3,2026-08-16 03:00:00,151.1,Yes,37307632162746025253829849316049566979299478000450149685938586430830071550912,0.01,0.99,0.5,0.98,0.05,0.05,0.05,4.95,4.95,4.95,1,1,
2026-08-16 00:28:55,812501,3407782,Game 3: Any Player Quadra Kill?,prop,3,2026-08-16 03:00:00,151.1,No,63982252988628134667878426985084368415157271810425345961600074461416139881254,0.01,0.99,0.5,0.98,0.05,0.05,0.05,4.95,4.95,4.95,1,1,
2026-08-16 00:28:55,812501,3407783,Game 3: Any Player Penta Kill?,prop,3,2026-08-16 03:00:00,151.1,Yes,70747408516516735967153070084967598515783840448108993307182613154174484046545,0.05,0.99,0.52,0.94,28.65,28.65,28.7,4.95,4.95,4.95,2,1,
2026-08-16 00:28:55,812501,3407783,Game 3: Any Player Penta Kill?,prop,3,2026-08-16 03:00:00,151.1,No,61690140592430459017872087614812557860059428369264397142831763490231186466635,0.01,0.95,0.48,0.94,0.05,0.05,0.05,544.35,544.35,549.3,1,2,
2026-08-16 00:28:55,812501,3407784,Game 3: Odd/Even Total Kills?,odd_even,3,2026-08-16 03:00:00,151.1,Odd,98933627551267508447263863349434570031436709045139598213619410896491820344484,0.49,0.51,0.5,0.02,129.76,129.76,414.37,136.07,136.07,483.94,14,14,57
2026-08-16 00:28:55,812501,3407784,Game 3: Odd/Even Total Kills?,odd_even,3,2026-08-16 03:00:00,151.1,Even,108512589332558883006762920479152265565445840370520718453759163242503924433460,0.49,0.51,0.5,0.02,129.76,129.76,414.37,136.07,136.07,483.94,14,14,57
2026-08-16 00:29:51,812501,3407762,LoL: T1 Academy vs DN SOOPers Challengers - Game 1 Winner,map,1,2026-08-16 03:00:00,150.1,T1 Academy,73064582482235014598278036393310819830718392444970483545371753650678400834736,0.57,0.58,0.575,0.01,1458.65,3259.07,4191.21,2067.47,3371.24,4656.85,42,35,12513.349702999998
2026-08-16 00:29:51,812501,3407762,LoL: T1 Academy vs DN SOOPers Challengers - Game 1 Winner,map,1,2026-08-16 03:00:00,150.1,DN SOOPers Challengers,44224995904119349774883897648437602028511976750577753161233745822302188026009,0.42,0.43,0.425,0.01,1458.11,2313.5,3077.26,1144.76,2647.34,3502.39,35,42,12513.349702999998
2026-08-16 00:29:51,812501,3407763,LoL: T1 Academy vs DN SOOPers Challengers - Game 2 Winner,map,2,2026-08-16 03:00:00,150.1,T1 Academy,95353452252504879943365852237238076881007218537823436733287745422250853187273,0.57,0.58,0.575,0.01,826.1,3154.33,3405.29,5522.66,6441.23,8673.68,26,27,1539.472031
2026-08-16 00:29:51,812501,3407763,LoL: T1 Academy vs DN SOOPers Challengers - Game 2 Winner,map,2,2026-08-16 03:00:00,150.1,DN SOOPers Challengers,99458406464843999033426214685546564937703458262249894941487909247317378751500,0.42,0.43,0.425,0.01,3956.52,4546.25,5868.72,633.9,2563.79,2786.34,27,26,1539.472031
2026-08-16 00:29:51,812501,3407764,LoL: T1 Academy vs DN SOOPers Challengers (BO3) - LCK Challengers League Rounds 3-4 Challenge Group,series,,2026-08-16 03:00:00,150.1,T1 Academy,47149118006951667535600667260288389920280393498307875124395202668413731841386,0.64,0.65,0.645,0.01,2018.08,3437.66,4871.5,10026.38,12623.1,14443.1,51,28,16838.534124
2026-08-16 00:29:51,812501,3407764,LoL: T1 Academy vs DN SOOPers Challengers (BO3) - LCK Challengers League Rounds 3-4 Challenge Group,series,,2026-08-16 03:00:00,150.1,DN SOOPers Challengers,35771467724294116916325429263618132001025645920509860605241357593060072915080,0.35,0.36,0.355,0.01,5317.21,6594.7,7374.7,1137.01,2024.21,2701.77,28,51,16838.534124
2026-08-16 00:29:51,812501,3407765,Games Total: O/U 2.5,total_games,,2026-08-16 03:00:00,150.1,Over,28472689572385395046814959443344867949877348180594356550677806556781097456645,0.47,0.48,0.475,0.01,805.17,1437.57,2349.42,502.93,1055.75,2625.38,26,25,1828.322548
2026-08-16 00:29:51,812501,3407765,Games Total: O/U 2.5,total_games,,2026-08-16 03:00:00,150.1,Under,60445358403756320386117803063638244982681533893147355431057150905897946227833,0.52,0.53,0.525,0.01,544.44,1079.4,2524.68,928.7,1729.1,2949.18,25,26,1828.322548
2026-08-16 00:29:51,812501,3407766,Game Handicap: T1.A (-1.5) vs DN SOOPers Challengers (+1.5),handicap,,2026-08-16 03:00:00,150.1,T1 Academy,84157633848545715495802069650574598688014859523476823863021692534294083596234,0.35,0.36,0.355,0.01,46.04,1236.16,1466.16,546.8,809.0,1419.0,25,30,2718.740803
2026-08-16 00:29:51,812501,3407766,Game Handicap: T1.A (-1.5) vs DN SOOPers Challengers (+1.5),handicap,,2026-08-16 03:00:00,150.1,DN SOOPers Challengers,59885163287384748425978349155060122398367607750229429662790248778661914966815,0.64,0.65,0.645,0.01,958.2,1376.0,2266.0,88.36,2566.76,3086.76,30,25,2718.740803
2026-08-16 00:29:51,812501,3407767,Game 1: Both Teams Slay Baron Nashor?,prop,1,2026-08-16 03:00:00,150.1,Yes,98101395767675076675527407445074221726108082242766140122999013673078296924579,0.02,0.98,0.5,0.96,3.24,3.24,3.24,270.39,270.39,270.39,2,2,
2026-08-16 00:29:51,812501,3407767,Game 1: Both Teams Slay Baron Nashor?,prop,1,2026-08-16 03:00:00,150.1,No,87290422765316042161691235931778600664413826002993109373647521758362141675985,0.02,0.98,0.5,0.96,3.24,3.24,3.24,269.67,269.67,269.67,2,2,
2026-08-16 00:29:51,812501,3407768,Game 1: Both Teams Slay a Dragon?,prop,1,2026-08-16 03:00:00,150.1,Yes,79133110729101040979354156439270499254586169460530893547581424624230600191218,0.02,0.98,0.5,0.96,3.24,3.24,3.24,270.39,270.39,270.39,2,2,
2026-08-16 00:29:51,812501,3407768,Game 1: Both Teams Slay a Dragon?,prop,1,2026-08-16 03:00:00,150.1,No,87080835968360541907825236999430484259205742264350853747971304100745674369240,0.02,0.98,0.5,0.96,3.24,3.24,3.24,270.39,270.39,270.39,2,2,
2026-08-16 00:29:51,812501,3407769,Game 1: Both Teams Destroy Inhibitors?,prop,1,2026-08-16 03:00:00,150.1,Yes,41139893037576161188872686171355639757952754277902695214824790970502190000612,0.02,0.98,0.5,0.96,3.24,3.24,3.24,269.9,269.9,269.9,2,2,
2026-08-16 00:29:51,812501,3407769,Game 1: Both Teams Destroy Inhibitors?,prop,1,2026-08-16 03:00:00,150.1,No,11713257346113337208480784843855658054574586574869772753013260214337317995798,0.02,0.98,0.5,0.96,3.24,3.24,3.24,270.39,270.39,270.39,2,2,
2026-08-16 00:29:51,812501,3407770,Game 1: Any Player Quadra Kill?,prop,1,2026-08-16 03:00:00,150.1,Yes,89699116073306046966497778316057094796992801124411211058742622862658371484340,0.01,0.99,0.5,0.98,0.05,0.05,0.05,4.95,4.95,4.95,1,1,
2026-08-16 00:29:51,812501,3407770,Game 1: Any Player Quadra Kill?,prop,1,2026-08-16 03:00:00,150.1,No,110062225856361250232451733223883585889494582661648143328404444970890540170304,0.01,0.99,0.5,0.98,0.05,0.05,0.05,4.95,4.95,4.95,1,1,
2026-08-16 00:29:51,812501,3407771,Game 1: Any Player Penta Kill?,prop,1,2026-08-16 03:00:00,150.1,Yes,88817477593294431833892116040780787623551401078456392425497729385704534047793,0.01,0.5,0.255,0.49,0.06,0.06,0.06,6.5,6.5,6.5,2,9,15
2026-08-16 00:29:51,812501,3407771,Game 1: Any Player Penta Kill?,prop,1,2026-08-16 03:00:00,150.1,No,87228406489657215756146618888458284422804785033968690974967482020371044943402,0.5,0.99,0.745,0.49,6.5,6.5,6.5,9.95,9.95,9.95,9,2,15
2026-08-16 00:29:51,812501,3407772,Game 1: Odd/Even Total Kills?,odd_even,1,2026-08-16 03:00:00,150.1,Odd,9658086584873290771888578167645806108924909117236645290998179613625891551542,0.49,0.51,0.5,0.02,129.76,129.76,414.37,136.07,136.07,483.94,13,13,
2026-08-16 00:29:51,812501,3407772,Game 1: Odd/Even Total Kills?,odd_even,1,2026-08-16 03:00:00,150.1,Even,83684129425305084306307142763549562651923693209012555176967712625225705220248,0.49,0.51,0.5,0.02,129.76,129.76,414.37,136.07,136.07,483.94,13,13,
2026-08-16 00:29:51,812501,3407773,Game 2: Both Teams Slay Baron Nashor?,prop,2,2026-08-16 03:00:00,150.1,Yes,89297658295572950589193242688452597590018694715450307826825161120216168342242,0.02,0.98,0.5,0.96,3.24,3.24,3.24,270.39,270.39,270.39,2,2,
2026-08-16 00:29:51,812501,3407773,Game 2: Both Teams Slay Baron Nashor?,prop,2,2026-08-16 03:00:00,150.1,No,41370542629085814587327819175960375440467523596272908663943995486002518200858,0.02,0.98,0.5,0.96,3.24,3.24,3.24,269.45,269.45,269.45,2,2,
2026-08-16 00:29:51,812501,3407774,Game 2: Both Teams Slay a Dragon?,prop,2,2026-08-16 03:00:00,150.1,Yes,17213094384783561920447144318373049743601212254959536036565288413982307904891,0.02,0.98,0.5,0.96,3.24,3.24,3.24,270.39,270.39,270.39,2,2,
2026-08-16 00:29:51,812501,3407774,Game 2: Both Teams Slay a Dragon?,prop,2,2026-08-16 03:00:00,150.1,No,107361772230415915958955632622848371567473066269823321881145126999923158623096,0.02,0.98,0.5,0.96,3.24,3.24,3.24,270.39,270.39,270.39,2,2,
2026-08-16 00:29:51,812501,3407775,Game 2: Both Teams Destroy Inhibitors?,prop,2,2026-08-16 03:00:00,150.1,Yes,37085151396073944699750657470272385075014179379747539854914347479603815316699,0.02,0.99,0.505,0.97,3.24,3.24,3.24,122.56,122.56,122.56,2,1,
2026-08-16 00:29:51,812501,3407775,Game 2: Both Teams Destroy Inhibitors?,prop,2,2026-08-16 03:00:00,150.1,No,115153163980740373959185278746365667228368300396797954685717305797766491026714,0.01,0.98,0.495,0.97,1.24,1.24,1.24,270.39,270.39,270.39,1,2,
2026-08-16 00:29:51,812501,3407776,Game 2: Any Player Quadra Kill?,prop,2,2026-08-16 03:00:00,150.1,Yes,92366871030395219227539229526027723469617721035967924535754927351839920760282,0.01,0.99,0.5,0.98,0.05,0.05,0.05,4.95,4.95,4.95,1,1,
2026-08-16 00:29:51,812501,3407776,Game 2: Any Player Quadra Kill?,prop,2,2026-08-16 03:00:00,150.1,No,108131379290397497921034320795187253387625375475492003495114439351232186339057,0.01,0.99,0.5,0.98,0.05,0.05,0.05,4.95,4.95,4.95,1,1,
2026-08-16 00:29:51,812501,3407777,Game 2: Any Player Penta Kill?,prop,2,2026-08-16 03:00:00,150.1,Yes,17979466769376123931528681389233276317538527490930446639079169530069864950578,0.01,0.5,0.255,0.49,0.05,0.05,0.05,20.0,20.0,20.0,1,8,
2026-08-16 00:29:51,812501,3407777,Game 2: Any Player Penta Kill?,prop,2,2026-08-16 03:00:00,150.1,No,98518636466579073594826930528319759549288909542166508168276302065256239237641,0.5,0.99,0.745,0.49,20.0,20.0,20.0,4.95,4.95,4.95,8,1,
2026-08-16 00:29:51,812501,3407778,Game 2: Odd/Even Total Kills?,odd_even,2,2026-08-16 03:00:00,150.1,Odd,59779735910433430026922845250121216304233262452139448197463634726945263917642,0.49,0.51,0.5,0.02,129.76,129.76,414.37,136.07,136.07,483.94,13,13,
2026-08-16 00:29:51,812501,3407778,Game 2: Odd/Even Total Kills?,odd_even,2,2026-08-16 03:00:00,150.1,Even,63820986229538783051704393626483275773639389915746997330375253931539704114052,0.49,0.51,0.5,0.02,129.76,129.76,414.37,136.07,136.07,483.94,13,13,
2026-08-16 00:29:51,812501,3407779,Game 3: Both Teams Slay Baron Nashor?,prop,3,2026-08-16 03:00:00,150.1,Yes,113252981035414606041270247891785674937112739878099898576536010241670893541263,0.02,0.98,0.5,0.96,3.24,3.24,3.24,269.96,269.96,269.96,2,2,
2026-08-16 00:29:51,812501,3407779,Game 3: Both Teams Slay Baron Nashor?,prop,3,2026-08-16 03:00:00,150.1,No,80269374401740033283890248739835625511400013599013392298323688208415881374403,0.02,0.98,0.5,0.96,3.24,3.24,3.24,269.38,269.38,269.38,2,2,
2026-08-16 00:29:51,812501,3407780,Game 3: Both Teams Slay a Dragon?,prop,3,2026-08-16 03:00:00,150.1,Yes,48391266703243630062101276354060508850367984077172049881809538405140552864794,0.02,0.98,0.5,0.96,3.24,3.24,3.24,270.39,270.39,270.39,2,2,
2026-08-16 00:29:51,812501,3407780,Game 3: Both Teams Slay a Dragon?,prop,3,2026-08-16 03:00:00,150.1,No,60057711611640343525293620284391058123978522706360481026432587479418071602197,0.02,0.98,0.5,0.96,3.24,3.24,3.24,269.3,269.3,269.3,2,2,
2026-08-16 00:29:51,812501,3407781,Game 3: Both Teams Destroy Inhibitors?,prop,3,2026-08-16 03:00:00,150.1,Yes,39542350196021563282639112300447540076267664844340741091676361618690741390605,0.02,0.98,0.5,0.96,3.24,3.24,3.24,271.69,271.69,271.69,2,2,
2026-08-16 00:29:51,812501,3407781,Game 3: Both Teams Destroy Inhibitors?,prop,3,2026-08-16 03:00:00,150.1,No,91364380906232166017713665249534353715037087368263061017016710270940804207208,0.02,0.98,0.5,0.96,3.24,3.24,3.24,270.39,270.39,270.39,2,2,
2026-08-16 00:29:51,812501,3407782,Game 3: Any Player Quadra Kill?,prop,3,2026-08-16 03:00:00,150.1,Yes,37307632162746025253829849316049566979299478000450149685938586430830071550912,0.01,0.99,0.5,0.98,0.05,0.05,0.05,4.95,4.95,4.95,1,1,
2026-08-16 00:29:51,812501,3407782,Game 3: Any Player Quadra Kill?,prop,3,2026-08-16 03:00:00,150.1,No,63982252988628134667878426985084368415157271810425345961600074461416139881254,0.01,0.99,0.5,0.98,0.05,0.05,0.05,4.95,4.95,4.95,1,1,
2026-08-16 00:29:51,812501,3407783,Game 3: Any Player Penta Kill?,prop,3,2026-08-16 03:00:00,150.1,Yes,70747408516516735967153070084967598515783840448108993307182613154174484046545,0.05,0.99,0.52,0.94,28.65,28.65,28.7,4.95,4.95,4.95,2,1,
2026-08-16 00:29:51,812501,3407783,Game 3: Any Player Penta Kill?,prop,3,2026-08-16 03:00:00,150.1,No,61690140592430459017872087614812557860059428369264397142831763490231186466635,0.01,0.95,0.48,0.94,0.05,0.05,0.05,544.35,544.35,549.3,1,2,
2026-08-16 00:29:51,812501,3407784,Game 3: Odd/Even Total Kills?,odd_even,3,2026-08-16 03:00:00,150.1,Odd,98933627551267508447263863349434570031436709045139598213619410896491820344484,0.49,0.51,0.5,0.02,129.76,129.76,414.37,136.07,136.07,483.94,14,14,57
2026-08-16 00:29:51,812501,3407784,Game 3: Odd/Even Total Kills?,odd_even,3,2026-08-16 03:00:00,150.1,Even,108512589332558883006762920479152265565445840370520718453759163242503924433460,0.49,0.51,0.5,0.02,129.76,129.76,414.37,136.07,136.07,483.94,14,14,57
2026-08-16 00:35:14,812501,3407762,LoL: T1 Academy vs DN SOOPers Challengers - Game 1 Winner,map,1,2026-08-16 03:00:00,144.8,T1 Academy,73064582482235014598278036393310819830718392444970483545371753650678400834736,0.57,0.58,0.575,0.01,1458.65,3259.07,4191.21,2070.37,3374.14,4659.75,34,32,12513.349702999998
2026-08-16 00:35:14,812501,3407762,LoL: T1 Academy vs DN SOOPers Challengers - Game 1 Winner,map,1,2026-08-16 03:00:00,144.8,DN SOOPers Challengers,44224995904119349774883897648437602028511976750577753161233745822302188026009,0.42,0.43,0.425,0.01,1460.21,2315.6,3079.36,1144.76,2647.34,3502.39,32,34,12513.349702999998
2026-08-16 00:35:14,812501,3407763,LoL: T1 Academy vs DN SOOPers Challengers - Game 2 Winner,map,2,2026-08-16 03:00:00,144.8,T1 Academy,95353452252504879943365852237238076881007218537823436733287745422250853187273,0.57,0.58,0.575,0.01,826.1,3154.33,3405.29,5522.66,6441.23,8673.68,23,27,1539.472031
2026-08-16 00:35:14,812501,3407763,LoL: T1 Academy vs DN SOOPers Challengers - Game 2 Winner,map,2,2026-08-16 03:00:00,144.8,DN SOOPers Challengers,99458406464843999033426214685546564937703458262249894941487909247317378751500,0.42,0.43,0.425,0.01,3956.52,4546.25,5868.72,633.9,2563.79,2786.34,27,23,1539.472031
2026-08-16 00:35:14,812501,3407764,LoL: T1 Academy vs DN SOOPers Challengers (BO3) - LCK Challengers League Rounds 3-4 Challenge Group,series,,2026-08-16 03:00:00,144.8,T1 Academy,47149118006951667535600667260288389920280393498307875124395202668413731841386,0.64,0.65,0.645,0.01,2018.08,3448.11,4578.46,9848.82,12596.22,12665.22,49,28,16838.534124
2026-08-16 00:35:14,812501,3407764,LoL: T1 Academy vs DN SOOPers Challengers (BO3) - LCK Challengers League Rounds 3-4 Challenge Group,series,,2026-08-16 03:00:00,144.8,DN SOOPers Challengers,35771467724294116916325429263618132001025645920509860605241357593060072915080,0.35,0.36,0.355,0.01,5226.03,6579.22,6610.22,1137.01,2030.76,2804.92,28,49,16838.534124
2026-08-16 00:35:14,812501,3407765,Games Total: O/U 2.5,total_games,,2026-08-16 03:00:00,144.8,Over,28472689572385395046814959443344867949877348180594356550677806556781097456645,0.47,0.48,0.475,0.01,809.85,1442.25,2354.11,502.93,1055.75,2625.38,21,20,1828.322548
2026-08-16 00:35:14,812501,3407765,Games Total: O/U 2.5,total_games,,2026-08-16 03:00:00,144.8,Under,60445358403756320386117803063638244982681533893147355431057150905897946227833,0.52,0.53,0.525,0.01,544.44,1079.4,2524.68,933.99,1734.39,2954.46,20,21,1828.322548
2026-08-16 00:35:14,812501,3407766,Game Handicap: T1.A (-1.5) vs DN SOOPers Challengers (+1.5),handicap,,2026-08-16 03:00:00,144.8,T1 Academy,84157633848545715495802069650574598688014859523476823863021692534294083596234,0.35,0.36,0.355,0.01,46.04,1236.16,1466.16,548.6,810.8,1420.8,23,25,2718.740803
2026-08-16 00:35:14,812501,3407766,Game Handicap: T1.A (-1.5) vs DN SOOPers Challengers (+1.5),handicap,,2026-08-16 03:00:00,144.8,DN SOOPers Challengers,59885163287384748425978349155060122398367607750229429662790248778661914966815,0.64,0.65,0.645,0.01,961.4,1379.2,2269.2,88.36,2566.76,3086.76,25,23,2718.740803
2026-08-16 00:35:14,812501,3407767,Game 1: Both Teams Slay Baron Nashor?,prop,1,2026-08-16 03:00:00,144.8,Yes,98101395767675076675527407445074221726108082242766140122999013673078296924579,0.01,0.99,0.5,0.98,1.24,1.24,1.24,122.56,122.56,122.56,1,1,
2026-08-16 00:35:14,812501,3407767,Game 1: Both Teams Slay Baron Nashor?,prop,1,2026-08-16 03:00:00,144.8,No,87290422765316042161691235931778600664413826002993109373647521758362141675985,0.01,0.99,0.5,0.98,1.24,1.24,1.24,122.55,122.55,122.55,1,1,
2026-08-16 00:35:14,812501,3407768,Game 1: Both Teams Slay a Dragon?,prop,1,2026-08-16 03:00:00,144.8,Yes,79133110729101040979354156439270499254586169460530893547581424624230600191218,0.01,0.99,0.5,0.98,1.24,1.24,1.24,122.56,122.56,122.56,1,1,
2026-08-16 00:35:14,812501,3407768,Game 1: Both Teams Slay a Dragon?,prop,1,2026-08-16 03:00:00,144.8,No,87080835968360541907825236999430484259205742264350853747971304100745674369240,0.01,0.99,0.5,0.98,1.24,1.24,1.24,122.56,122.56,122.56,1,1,
2026-08-16 00:35:14,812501,3407769,Game 1: Both Teams Destroy Inhibitors?,prop,1,2026-08-16 03:00:00,144.8,Yes,41139893037576161188872686171355639757952754277902695214824790970502190000612,0.01,0.99,0.5,0.98,1.24,1.24,1.24,122.55,122.55,122.55,1,1,
2026-08-16 00:35:14,812501,3407769,Game 1: Both Teams Destroy Inhibitors?,prop,1,2026-08-16 03:00:00,144.8,No,11713257346113337208480784843855658054574586574869772753013260214337317995798,0.01,0.99,0.5,0.98,1.24,1.24,1.24,122.56,122.56,122.56,1,1,
2026-08-16 00:35:14,812501,3407770,Game 1: Any Player Quadra Kill?,prop,1,2026-08-16 03:00:00,144.8,Yes,89699116073306046966497778316057094796992801124411211058742622862658371484340,0.01,0.99,0.5,0.98,0.05,0.05,0.05,4.95,4.95,4.95,1,1,
2026-08-16 00:35:14,812501,3407770,Game 1: Any Player Quadra Kill?,prop,1,2026-08-16 03:00:00,144.8,No,110062225856361250232451733223883585889494582661648143328404444970890540170304,0.01,0.99,0.5,0.98,0.05,0.05,0.05,4.95,4.95,4.95,1,1,
2026-08-16 00:35:14,812501,3407771,Game 1: Any Player Penta Kill?,prop,1,2026-08-16 03:00:00,144.8,Yes,88817477593294431833892116040780787623551401078456392425497729385704534047793,0.01,0.5,0.255,0.49,0.06,0.06,0.06,6.5,6.5,6.5,2,3,15
2026-08-16 00:35:14,812501,3407771,Game 1: Any Player Penta Kill?,prop,1,2026-08-16 03:00:00,144.8,No,87228406489657215756146618888458284422804785033968690974967482020371044943402,0.5,0.99,0.745,0.49,6.5,6.5,6.5,9.95,9.95,9.95,3,2,15
2026-08-16 00:35:14,812501,3407772,Game 1: Odd/Even Total Kills?,odd_even,1,2026-08-16 03:00:00,144.8,Odd,9658086584873290771888578167645806108924909117236645290998179613625891551542,0.49,0.51,0.5,0.02,129.76,129.76,414.37,136.07,136.07,483.94,7,7,
2026-08-16 00:35:14,812501,3407772,Game 1: Odd/Even Total Kills?,odd_even,1,2026-08-16 03:00:00,144.8,Even,83684129425305084306307142763549562651923693209012555176967712625225705220248,0.49,0.51,0.5,0.02,129.76,129.76,414.37,136.07,136.07,483.94,7,7,
2026-08-16 00:35:14,812501,3407773,Game 2: Both Teams Slay Baron Nashor?,prop,2,2026-08-16 03:00:00,144.8,Yes,89297658295572950589193242688452597590018694715450307826825161120216168342242,0.01,0.99,0.5,0.98,1.24,1.24,1.24,122.56,122.56,122.56,1,1,
2026-08-16 00:35:14,812501,3407773,Game 2: Both Teams Slay Baron Nashor?,prop,2,2026-08-16 03:00:00,144.8,No,41370542629085814587327819175960375440467523596272908663943995486002518200858,0.01,0.99,0.5,0.98,1.24,1.24,1.24,122.55,122.55,122.55,1,1,
2026-08-16 00:35:14,812501,3407774,Game 2: Both Teams Slay a Dragon?,prop,2,2026-08-16 03:00:00,144.8,Yes,17213094384783561920447144318373049743601212254959536036565288413982307904891,0.01,0.99,0.5,0.98,1.24,1.24,1.24,122.56,122.56,122.56,1,1,
2026-08-16 00:35:14,812501,3407774,Game 2: Both Teams Slay a Dragon?,prop,2,2026-08-16 03:00:00,144.8,No,107361772230415915958955632622848371567473066269823321881145126999923158623096,0.01,0.99,0.5,0.98,1.24,1.24,1.24,122.56,122.56,122.56,1,1,
2026-08-16 00:35:14,812501,3407775,Game 2: Both Teams Destroy Inhibitors?,prop,2,2026-08-16 03:00:00,144.8,Yes,37085151396073944699750657470272385075014179379747539854914347479603815316699,0.01,0.99,0.5,0.98,1.24,1.24,1.24,122.56,122.56,122.56,1,1,
2026-08-16 00:35:14,812501,3407775,Game 2: Both Teams Destroy Inhibitors?,prop,2,2026-08-16 03:00:00,144.8,No,115153163980740373959185278746365667228368300396797954685717305797766491026714,0.01,0.99,0.5,0.98,1.24,1.24,1.24,122.56,122.56,122.56,1,1,
2026-08-16 00:35:14,812501,3407776,Game 2: Any Player Quadra Kill?,prop,2,2026-08-16 03:00:00,144.8,Yes,92366871030395219227539229526027723469617721035967924535754927351839920760282,0.01,0.99,0.5,0.98,0.05,0.05,0.05,4.95,4.95,4.95,1,1,
2026-08-16 00:35:14,812501,3407776,Game 2: Any Player Quadra Kill?,prop,2,2026-08-16 03:00:00,144.8,No,108131379290397497921034320795187253387625375475492003495114439351232186339057,0.01,0.99,0.5,0.98,0.05,0.05,0.05,4.95,4.95,4.95,1,1,
2026-08-16 00:35:14,812501,3407777,Game 2: Any Player Penta Kill?,prop,2,2026-08-16 03:00:00,144.8,Yes,17979466769376123931528681389233276317538527490930446639079169530069864950578,0.01,0.5,0.255,0.49,0.05,0.05,0.05,20.0,20.0,20.0,1,2,
2026-08-16 00:35:14,812501,3407777,Game 2: Any Player Penta Kill?,prop,2,2026-08-16 03:00:00,144.8,No,98518636466579073594826930528319759549288909542166508168276302065256239237641,0.5,0.99,0.745,0.49,20.0,20.0,20.0,4.95,4.95,4.95,2,1,
2026-08-16 00:35:14,812501,3407778,Game 2: Odd/Even Total Kills?,odd_even,2,2026-08-16 03:00:00,144.8,Odd,59779735910433430026922845250121216304233262452139448197463634726945263917642,0.49,0.51,0.5,0.02,129.76,129.76,414.37,136.07,136.07,483.94,7,7,
2026-08-16 00:35:14,812501,3407778,Game 2: Odd/Even Total Kills?,odd_even,2,2026-08-16 03:00:00,144.8,Even,63820986229538783051704393626483275773639389915746997330375253931539704114052,0.49,0.51,0.5,0.02,129.76,129.76,414.37,136.07,136.07,483.94,7,7,
2026-08-16 00:35:14,812501,3407779,Game 3: Both Teams Slay Baron Nashor?,prop,3,2026-08-16 03:00:00,144.8,Yes,113252981035414606041270247891785674937112739878099898576536010241670893541263,0.01,0.99,0.5,0.98,1.24,1.24,1.24,122.56,122.56,122.56,1,1,
2026-08-16 00:35:14,812501,3407779,Game 3: Both Teams Slay Baron Nashor?,prop,3,2026-08-16 03:00:00,144.8,No,80269374401740033283890248739835625511400013599013392298323688208415881374403,0.01,0.99,0.5,0.98,1.24,1.24,1.24,122.56,122.56,122.56,1,1,
2026-08-16 00:35:14,812501,3407780,Game 3: Both Teams Slay a Dragon?,prop,3,2026-08-16 03:00:00,144.8,Yes,48391266703243630062101276354060508850367984077172049881809538405140552864794,0.01,0.99,0.5,0.98,1.24,1.24,1.24,122.56,122.56,122.56,1,1,
2026-08-16 00:35:14,812501,3407780,Game 3: Both Teams Slay a Dragon?,prop,3,2026-08-16 03:00:00,144.8,No,60057711611640343525293620284391058123978522706360481026432587479418071602197,0.01,0.99,0.5,0.98,1.24,1.24,1.24,122.55,122.55,122.55,1,1,
2026-08-16 00:35:14,812501,3407781,Game 3: Both Teams Destroy Inhibitors?,prop,3,2026-08-16 03:00:00,144.8,Yes,39542350196021563282639112300447540076267664844340741091676361618690741390605,0.01,0.99,0.5,0.98,1.24,1.24,1.24,122.56,122.56,122.56,1,1,
2026-08-16 00:35:14,812501,3407781,Game 3: Both Teams Destroy Inhibitors?,prop,3,2026-08-16 03:00:00,144.8,No,91364380906232166017713665249534353715037087368263061017016710270940804207208,0.01,0.99,0.5,0.98,1.24,1.24,1.24,122.56,122.56,122.56,1,1,
2026-08-16 00:35:14,812501,3407782,Game 3: Any Player Quadra Kill?,prop,3,2026-08-16 03:00:00,144.8,Yes,37307632162746025253829849316049566979299478000450149685938586430830071550912,0.01,0.99,0.5,0.98,0.05,0.05,0.05,4.95,4.95,4.95,1,1,
2026-08-16 00:35:14,812501,3407782,Game 3: Any Player Quadra Kill?,prop,3,2026-08-16 03:00:00,144.8,No,63982252988628134667878426985084368415157271810425345961600074461416139881254,0.01,0.99,0.5,0.98,0.05,0.05,0.05,4.95,4.95,4.95,1,1,
2026-08-16 00:35:14,812501,3407783,Game 3: Any Player Penta Kill?,prop,3,2026-08-16 03:00:00,144.8,Yes,70747408516516735967153070084967598515783840448108993307182613154174484046545,0.05,0.99,0.52,0.94,28.65,28.65,28.7,4.95,4.95,4.95,2,1,
2026-08-16 00:35:14,812501,3407783,Game 3: Any Player Penta Kill?,prop,3,2026-08-16 03:00:00,144.8,No,61690140592430459017872087614812557860059428369264397142831763490231186466635,0.01,0.95,0.48,0.94,0.05,0.05,0.05,544.35,544.35,549.3,1,2,
2026-08-16 00:35:14,812501,3407784,Game 3: Odd/Even Total Kills?,odd_even,3,2026-08-16 03:00:00,144.8,Odd,98933627551267508447263863349434570031436709045139598213619410896491820344484,0.49,0.51,0.5,0.02,129.76,129.76,414.37,136.07,136.07,483.94,8,8,57
2026-08-16 00:35:14,812501,3407784,Game 3: Odd/Even Total Kills?,odd_even,3,2026-08-16 03:00:00,144.8,Even,108512589332558883006762920479152265565445840370520718453759163242503924433460,0.49,0.51,0.5,0.02,129.76,129.76,414.37,136.07,136.07,483.94,8,8,57
2026-08-16 00:40:39,812501,3407762,LoL: T1 Academy vs DN SOOPers Challengers - Game 1 Winner,map,1,2026-08-16 03:00:00,139.3,T1 Academy,73064582482235014598278036393310819830718392444970483545371753650678400834736,0.57,0.58,0.575,0.01,1458.65,3259.07,4191.21,2070.37,3374.14,4659.75,35,32,12536.605515
2026-08-16 00:40:39,812501,3407762,LoL: T1 Academy vs DN SOOPers Challengers - Game 1 Winner,map,1,2026-08-16 03:00:00,139.3,DN SOOPers Challengers,44224995904119349774883897648437602028511976750577753161233745822302188026009,0.42,0.43,0.425,0.01,1460.21,2315.6,3079.36,1144.76,2647.34,3502.39,32,35,12536.605515
2026-08-16 00:40:39,812501,3407763,LoL: T1 Academy vs DN SOOPers Challengers - Game 2 Winner,map,2,2026-08-16 03:00:00,139.3,T1 Academy,95353452252504879943365852237238076881007218537823436733287745422250853187273,0.57,0.58,0.575,0.01,826.1,3154.33,3405.29,5519.76,6438.33,8670.78,23,27,1539.4720310000002
2026-08-16 00:40:39,812501,3407763,LoL: T1 Academy vs DN SOOPers Challengers - Game 2 Winner,map,2,2026-08-16 03:00:00,139.3,DN SOOPers Challengers,99458406464843999033426214685546564937703458262249894941487909247317378751500,0.42,0.43,0.425,0.01,3954.42,4544.15,5866.62,633.9,2563.79,2786.34,27,23,1539.4720310000002
2026-08-16 00:40:39,812501,3407764,LoL: T1 Academy vs DN SOOPers Challengers (BO3) - LCK Challengers League Rounds 3-4 Challenge Group,series,,2026-08-16 03:00:00,139.3,T1 Academy,47149118006951667535600667260288389920280393498307875124395202668413731841386,0.64,0.65,0.645,0.01,1982.53,3412.55,5132.9,9830.26,12596.34,12665.34,48,25,17054.478565999994
2026-08-16 00:40:39,812501,3407764,LoL: T1 Academy vs DN SOOPers Challengers (BO3) - LCK Challengers League Rounds 3-4 Challenge Group,series,,2026-08-16 03:00:00,139.3,DN SOOPers Challengers,35771467724294116916325429263618132001025645920509860605241357593060072915080,0.35,0.36,0.355,0.01,5216.03,6578.43,6609.43,1117.0,2010.76,3194.92,25,48,17054.478565999994
2026-08-16 00:40:39,812501,3407765,Games Total: O/U 2.5,total_games,,2026-08-16 03:00:00,139.3,Over,28472689572385395046814959443344867949877348180594356550677806556781097456645,0.47,0.48,0.475,0.01,809.85,1442.25,2354.11,502.93,1055.75,2620.7,22,20,1828.322548
2026-08-16 00:40:39,812501,3407765,Games Total: O/U 2.5,total_games,,2026-08-16 03:00:00,139.3,Under,60445358403756320386117803063638244982681533893147355431057150905897946227833,0.52,0.53,0.525,0.01,544.44,1079.4,2520.36,933.99,1734.39,2954.46,20,22,1828.322548
2026-08-16 00:40:39,812501,3407766,Game Handicap: T1.A (-1.5) vs DN SOOPers Challengers (+1.5),handicap,,2026-08-16 03:00:00,139.3,T1 Academy,84157633848545715495802069650574598688014859523476823863021692534294083596234,0.35,0.36,0.355,0.01,46.04,1236.16,1475.16,548.6,799.1,1421.4,23,25,2755.1019109999997
2026-08-16 00:40:39,812501,3407766,Game Handicap: T1.A (-1.5) vs DN SOOPers Challengers (+1.5),handicap,,2026-08-16 03:00:00,139.3,DN SOOPers Challengers,59885163287384748425978349155060122398367607750229429662790248778661914966815,0.64,0.65,0.645,0.01,961.4,1360.9,2268.6,88.36,2566.76,3107.76,25,23,2755.1019109999997
2026-08-16 00:40:39,812501,3407767,Game 1: Both Teams Slay Baron Nashor?,prop,1,2026-08-16 03:00:00,139.3,Yes,98101395767675076675527407445074221726108082242766140122999013673078296924579,0.01,0.99,0.5,0.98,1.24,1.24,1.24,122.56,122.56,122.56,1,1,
2026-08-16 00:40:39,812501,3407767,Game 1: Both Teams Slay Baron Nashor?,prop,1,2026-08-16 03:00:00,139.3,No,87290422765316042161691235931778600664413826002993109373647521758362141675985,0.01,0.99,0.5,0.98,1.24,1.24,1.24,122.56,122.56,122.56,1,1,
2026-08-16 00:40:39,812501,3407768,Game 1: Both Teams Slay a Dragon?,prop,1,2026-08-16 03:00:00,139.3,Yes,79133110729101040979354156439270499254586169460530893547581424624230600191218,0.01,0.99,0.5,0.98,1.24,1.24,1.24,122.56,122.56,122.56,1,1,
2026-08-16 00:40:39,812501,3407768,Game 1: Both Teams Slay a Dragon?,prop,1,2026-08-16 03:00:00,139.3,No,87080835968360541907825236999430484259205742264350853747971304100745674369240,0.01,0.99,0.5,0.98,1.24,1.24,1.24,122.56,122.56,122.56,1,1,
2026-08-16 00:40:39,812501,3407769,Game 1: Both Teams Destroy Inhibitors?,prop,1,2026-08-16 03:00:00,139.3,Yes,41139893037576161188872686171355639757952754277902695214824790970502190000612,0.01,0.99,0.5,0.98,1.24,1.24,1.24,122.55,122.55,122.55,1,1,
2026-08-16 00:40:39,812501,3407769,Game 1: Both Teams Destroy Inhibitors?,prop,1,2026-08-16 03:00:00,139.3,No,11713257346113337208480784843855658054574586574869772753013260214337317995798,0.01,0.99,0.5,0.98,1.24,1.24,1.24,122.56,122.56,122.56,1,1,
2026-08-16 00:40:39,812501,3407770,Game 1: Any Player Quadra Kill?,prop,1,2026-08-16 03:00:00,139.3,Yes,89699116073306046966497778316057094796992801124411211058742622862658371484340,0.01,0.99,0.5,0.98,0.05,0.05,0.05,4.95,4.95,4.95,1,1,
2026-08-16 00:40:39,812501,3407770,Game 1: Any Player Quadra Kill?,prop,1,2026-08-16 03:00:00,139.3,No,110062225856361250232451733223883585889494582661648143328404444970890540170304,0.01,0.99,0.5,0.98,0.05,0.05,0.05,4.95,4.95,4.95,1,1,
2026-08-16 00:40:39,812501,3407771,Game 1: Any Player Penta Kill?,prop,1,2026-08-16 03:00:00,139.3,Yes,88817477593294431833892116040780787623551401078456392425497729385704534047793,0.01,0.5,0.255,0.49,0.06,0.06,0.06,6.5,6.5,6.5,2,3,15
2026-08-16 00:40:39,812501,3407771,Game 1: Any Player Penta Kill?,prop,1,2026-08-16 03:00:00,139.3,No,87228406489657215756146618888458284422804785033968690974967482020371044943402,0.5,0.99,0.745,0.49,6.5,6.5,6.5,9.95,9.95,9.95,3,2,15
2026-08-16 00:40:39,812501,3407772,Game 1: Odd/Even Total Kills?,odd_even,1,2026-08-16 03:00:00,139.3,Odd,9658086584873290771888578167645806108924909117236645290998179613625891551542,0.49,0.51,0.5,0.02,129.76,129.76,414.37,136.07,136.07,483.94,7,7,
2026-08-16 00:40:39,812501,3407772,Game 1: Odd/Even Total Kills?,odd_even,1,2026-08-16 03:00:00,139.3,Even,83684129425305084306307142763549562651923693209012555176967712625225705220248,0.49,0.51,0.5,0.02,129.76,129.76,414.37,136.07,136.07,483.94,7,7,
2026-08-16 00:40:39,812501,3407773,Game 2: Both Teams Slay Baron Nashor?,prop,2,2026-08-16 03:00:00,139.3,Yes,89297658295572950589193242688452597590018694715450307826825161120216168342242,0.01,0.99,0.5,0.98,0.13,0.13,0.13,122.56,122.56,122.56,1,1,
2026-08-16 00:40:39,812501,3407773,Game 2: Both Teams Slay Baron Nashor?,prop,2,2026-08-16 03:00:00,139.3,No,41370542629085814587327819175960375440467523596272908663943995486002518200858,0.01,0.99,0.5,0.98,1.24,1.24,1.24,122.55,122.55,122.55,1,1,
2026-08-16 00:40:39,812501,3407774,Game 2: Both Teams Slay a Dragon?,prop,2,2026-08-16 03:00:00,139.3,Yes,17213094384783561920447144318373049743601212254959536036565288413982307904891,0.01,0.99,0.5,0.98,1.24,1.24,1.24,122.56,122.56,122.56,1,1,
2026-08-16 00:40:39,812501,3407774,Game 2: Both Teams Slay a Dragon?,prop,2,2026-08-16 03:00:00,139.3,No,107361772230415915958955632622848371567473066269823321881145126999923158623096,0.01,0.99,0.5,0.98,1.24,1.24,1.24,122.56,122.56,122.56,1,1,
2026-08-16 00:40:39,812501,3407775,Game 2: Both Teams Destroy Inhibitors?,prop,2,2026-08-16 03:00:00,139.3,Yes,37085151396073944699750657470272385075014179379747539854914347479603815316699,0.01,0.99,0.5,0.98,1.24,1.24,1.24,122.56,122.56,122.56,1,1,
2026-08-16 00:40:39,812501,3407775,Game 2: Both Teams Destroy Inhibitors?,prop,2,2026-08-16 03:00:00,139.3,No,115153163980740373959185278746365667228368300396797954685717305797766491026714,0.01,0.99,0.5,0.98,1.24,1.24,1.24,122.56,122.56,122.56,1,1,
2026-08-16 00:40:39,812501,3407776,Game 2: Any Player Quadra Kill?,prop,2,2026-08-16 03:00:00,139.3,Yes,92366871030395219227539229526027723469617721035967924535754927351839920760282,0.01,0.99,0.5,0.98,0.05,0.05,0.05,4.95,4.95,4.95,1,1,
2026-08-16 00:40:39,812501,3407776,Game 2: Any Player Quadra Kill?,prop,2,2026-08-16 03:00:00,139.3,No,108131379290397497921034320795187253387625375475492003495114439351232186339057,0.01,0.99,0.5,0.98,0.05,0.05,0.05,4.95,4.95,4.95,1,1,
2026-08-16 00:40:39,812501,3407777,Game 2: Any Player Penta Kill?,prop,2,2026-08-16 03:00:00,139.3,Yes,17979466769376123931528681389233276317538527490930446639079169530069864950578,0.01,0.5,0.255,0.49,0.05,0.05,0.05,20.0,20.0,20.0,1,2,
2026-08-16 00:40:39,812501,3407777,Game 2: Any Player Penta Kill?,prop,2,2026-08-16 03:00:00,139.3,No,98518636466579073594826930528319759549288909542166508168276302065256239237641,0.5,0.99,0.745,0.49,20.0,20.0,20.0,4.95,4.95,4.95,2,1,
2026-08-16 00:40:39,812501,3407778,Game 2: Odd/Even Total Kills?,odd_even,2,2026-08-16 03:00:00,139.3,Odd,59779735910433430026922845250121216304233262452139448197463634726945263917642,0.49,0.51,0.5,0.02,129.76,129.76,414.37,136.07,136.07,483.94,7,7,
2026-08-16 00:40:39,812501,3407778,Game 2: Odd/Even Total Kills?,odd_even,2,2026-08-16 03:00:00,139.3,Even,63820986229538783051704393626483275773639389915746997330375253931539704114052,0.49,0.51,0.5,0.02,129.76,129.76,414.37,136.07,136.07,483.94,7,7,
2026-08-16 00:40:39,812501,3407779,Game 3: Both Teams Slay Baron Nashor?,prop,3,2026-08-16 03:00:00,139.3,Yes,113252981035414606041270247891785674937112739878099898576536010241670893541263,0.01,0.99,0.5,0.98,1.24,1.24,1.24,122.56,122.56,122.56,1,1,
2026-08-16 00:40:39,812501,3407779,Game 3: Both Teams Slay Baron Nashor?,prop,3,2026-08-16 03:00:00,139.3,No,80269374401740033283890248739835625511400013599013392298323688208415881374403,0.01,0.99,0.5,0.98,1.24,1.24,1.24,122.56,122.56,122.56,1,1,
2026-08-16 00:40:39,812501,3407780,Game 3: Both Teams Slay a Dragon?,prop,3,2026-08-16 03:00:00,139.3,Yes,48391266703243630062101276354060508850367984077172049881809538405140552864794,0.01,0.99,0.5,0.98,1.24,1.24,1.24,122.56,122.56,122.56,1,1,
2026-08-16 00:40:39,812501,3407780,Game 3: Both Teams Slay a Dragon?,prop,3,2026-08-16 03:00:00,139.3,No,60057711611640343525293620284391058123978522706360481026432587479418071602197,0.01,0.99,0.5,0.98,1.24,1.24,1.24,122.55,122.55,122.55,1,1,
2026-08-16 00:40:39,812501,3407781,Game 3: Both Teams Destroy Inhibitors?,prop,3,2026-08-16 03:00:00,139.3,Yes,39542350196021563282639112300447540076267664844340741091676361618690741390605,0.01,0.99,0.5,0.98,1.24,1.24,1.24,122.56,122.56,122.56,1,1,
2026-08-16 00:40:39,812501,3407781,Game 3: Both Teams Destroy Inhibitors?,prop,3,2026-08-16 03:00:00,139.3,No,91364380906232166017713665249534353715037087368263061017016710270940804207208,0.01,0.99,0.5,0.98,1.24,1.24,1.24,122.56,122.56,122.56,1,1,
2026-08-16 00:40:39,812501,3407782,Game 3: Any Player Quadra Kill?,prop,3,2026-08-16 03:00:00,139.3,Yes,37307632162746025253829849316049566979299478000450149685938586430830071550912,0.01,0.99,0.5,0.98,0.05,0.05,0.05,4.95,4.95,4.95,1,1,
2026-08-16 00:40:39,812501,3407782,Game 3: Any Player Quadra Kill?,prop,3,2026-08-16 03:00:00,139.3,No,63982252988628134667878426985084368415157271810425345961600074461416139881254,0.01,0.99,0.5,0.98,0.05,0.05,0.05,4.95,4.95,4.95,1,1,
2026-08-16 00:40:39,812501,3407783,Game 3: Any Player Penta Kill?,prop,3,2026-08-16 03:00:00,139.3,Yes,70747408516516735967153070084967598515783840448108993307182613154174484046545,0.05,0.99,0.52,0.94,28.65,28.65,28.7,4.95,4.95,4.95,2,1,
2026-08-16 00:40:39,812501,3407783,Game 3: Any Player Penta Kill?,prop,3,2026-08-16 03:00:00,139.3,No,61690140592430459017872087614812557860059428369264397142831763490231186466635,0.01,0.95,0.48,0.94,0.05,0.05,0.05,544.35,544.35,549.3,1,2,
2026-08-16 00:40:39,812501,3407784,Game 3: Odd/Even Total Kills?,odd_even,3,2026-08-16 03:00:00,139.3,Odd,98933627551267508447263863349434570031436709045139598213619410896491820344484,0.49,0.51,0.5,0.02,129.76,129.76,414.37,136.07,136.07,483.94,8,8,57
2026-08-16 00:40:39,812501,3407784,Game 3: Odd/Even Total Kills?,odd_even,3,2026-08-16 03:00:00,139.3,Even,108512589332558883006762920479152265565445840370520718453759163242503924433460,0.49,0.51,0.5,0.02,129.76,129.76,414.37,136.07,136.07,483.94,8,8,57
2026-08-16 00:46:01,812501,3407762,LoL: T1 Academy vs DN SOOPers Challengers - Game 1 Winner,map,1,2026-08-16 03:00:00,134.0,T1 Academy,73064582482235014598278036393310819830718392444970483545371753650678400834736,0.57,0.58,0.575,0.01,1458.65,3259.07,4191.21,2070.37,3374.14,4659.75,38,34,12536.605515
2026-08-16 00:46:01,812501,3407762,LoL: T1 Academy vs DN SOOPers Challengers - Game 1 Winner,map,1,2026-08-16 03:00:00,134.0,DN SOOPers Challengers,44224995904119349774883897648437602028511976750577753161233745822302188026009,0.42,0.43,0.425,0.01,1460.21,2315.6,3079.36,1144.76,2647.34,3502.39,34,39,12536.605515
2026-08-16 00:46:01,812501,3407763,LoL: T1 Academy vs DN SOOPers Challengers - Game 2 Winner,map,2,2026-08-16 03:00:00,134.0,T1 Academy,95353452252504879943365852237238076881007218537823436733287745422250853187273,0.57,0.58,0.575,0.01,826.1,3154.33,3405.29,5519.76,6438.33,8670.78,23,27,1539.4720310000002
2026-08-16 00:46:01,812501,3407763,LoL: T1 Academy vs DN SOOPers Challengers - Game 2 Winner,map,2,2026-08-16 03:00:00,134.0,DN SOOPers Challengers,99458406464843999033426214685546564937703458262249894941487909247317378751500,0.42,0.43,0.425,0.01,3954.42,4544.15,5866.62,633.9,2563.79,2786.34,27,23,1539.4720310000002
2026-08-16 00:46:01,812501,3407764,LoL: T1 Academy vs DN SOOPers Challengers (BO3) - LCK Challengers League Rounds 3-4 Challenge Group,series,,2026-08-16 03:00:00,134.0,T1 Academy,47149118006951667535600667260288389920280393498307875124395202668413731841386,0.64,0.65,0.645,0.01,1982.53,3412.55,5129.59,9731.09,12484.19,12553.19,47,23,17054.478565999994
2026-08-16 00:46:01,812501,3407764,LoL: T1 Academy vs DN SOOPers Challengers (BO3) - LCK Challengers League Rounds 3-4 Challenge Group,series,,2026-08-16 03:00:00,134.0,DN SOOPers Challengers,35771467724294116916325429263618132001025645920509860605241357593060072915080,0.35,0.36,0.355,0.01,5162.64,6518.64,6549.64,1117.0,2010.76,3192.62,23,47,17054.478565999994
2026-08-16 00:46:01,812501,3407765,Games Total: O/U 2.5,total_games,,2026-08-16 03:00:00,134.0,Over,28472689572385395046814959443344867949877348180594356550677806556781097456645,0.47,0.48,0.475,0.01,805.17,1437.57,2349.42,502.93,1055.75,2620.7,20,20,1828.322548
2026-08-16 00:46:01,812501,3407765,Games Total: O/U 2.5,total_games,,2026-08-16 03:00:00,134.0,Under,60445358403756320386117803063638244982681533893147355431057150905897946227833,0.52,0.53,0.525,0.01,544.44,1079.4,2520.36,928.7,1729.1,2949.18,20,22,1828.322548
2026-08-16 00:46:01,812501,3407766,Game Handicap: T1.A (-1.5) vs DN SOOPers Challengers (+1.5),handicap,,2026-08-16 03:00:00,134.0,T1 Academy,84157633848545715495802069650574598688014859523476823863021692534294083596234,0.35,0.36,0.355,0.01,46.04,1236.16,1475.16,548.6,799.1,1421.4,24,23,2755.1019109999997
2026-08-16 00:46:01,812501,3407766,Game Handicap: T1.A (-1.5) vs DN SOOPers Challengers (+1.5),handicap,,2026-08-16 03:00:00,134.0,DN SOOPers Challengers,59885163287384748425978349155060122398367607750229429662790248778661914966815,0.64,0.65,0.645,0.01,961.4,1360.9,2268.6,88.36,2566.76,3107.76,23,24,2755.1019109999997
2026-08-16 00:46:01,812501,3407767,Game 1: Both Teams Slay Baron Nashor?,prop,1,2026-08-16 03:00:00,134.0,Yes,98101395767675076675527407445074221726108082242766140122999013673078296924579,0.01,0.99,0.5,0.98,1.24,1.24,1.24,122.56,122.56,122.56,1,1,
2026-08-16 00:46:01,812501,3407767,Game 1: Both Teams Slay Baron Nashor?,prop,1,2026-08-16 03:00:00,134.0,No,87290422765316042161691235931778600664413826002993109373647521758362141675985,0.01,0.99,0.5,0.98,1.24,1.24,1.24,122.56,122.56,122.56,1,1,
2026-08-16 00:46:01,812501,3407768,Game 1: Both Teams Slay a Dragon?,prop,1,2026-08-16 03:00:00,134.0,Yes,79133110729101040979354156439270499254586169460530893547581424624230600191218,0.01,0.99,0.5,0.98,1.24,1.24,1.24,122.56,122.56,122.56,1,1,
2026-08-16 00:46:01,812501,3407768,Game 1: Both Teams Slay a Dragon?,prop,1,2026-08-16 03:00:00,134.0,No,87080835968360541907825236999430484259205742264350853747971304100745674369240,0.01,0.99,0.5,0.98,1.24,1.24,1.24,122.56,122.56,122.56,1,1,
2026-08-16 00:46:01,812501,3407769,Game 1: Both Teams Destroy Inhibitors?,prop,1,2026-08-16 03:00:00,134.0,Yes,41139893037576161188872686171355639757952754277902695214824790970502190000612,0.01,0.99,0.5,0.98,1.24,1.24,1.24,122.55,122.55,122.55,1,1,
2026-08-16 00:46:01,812501,3407769,Game 1: Both Teams Destroy Inhibitors?,prop,1,2026-08-16 03:00:00,134.0,No,11713257346113337208480784843855658054574586574869772753013260214337317995798,0.01,0.99,0.5,0.98,1.24,1.24,1.24,122.56,122.56,122.56,1,1,
2026-08-16 00:46:01,812501,3407770,Game 1: Any Player Quadra Kill?,prop,1,2026-08-16 03:00:00,134.0,Yes,89699116073306046966497778316057094796992801124411211058742622862658371484340,0.01,0.99,0.5,0.98,0.05,0.05,0.05,4.95,4.95,4.95,1,1,
2026-08-16 00:46:01,812501,3407770,Game 1: Any Player Quadra Kill?,prop,1,2026-08-16 03:00:00,134.0,No,110062225856361250232451733223883585889494582661648143328404444970890540170304,0.01,0.99,0.5,0.98,0.05,0.05,0.05,4.95,4.95,4.95,1,1,
2026-08-16 00:46:01,812501,3407771,Game 1: Any Player Penta Kill?,prop,1,2026-08-16 03:00:00,134.0,Yes,88817477593294431833892116040780787623551401078456392425497729385704534047793,0.01,0.5,0.255,0.49,0.06,0.06,0.06,6.5,6.5,6.5,2,3,15
2026-08-16 00:46:01,812501,3407771,Game 1: Any Player Penta Kill?,prop,1,2026-08-16 03:00:00,134.0,No,87228406489657215756146618888458284422804785033968690974967482020371044943402,0.5,0.99,0.745,0.49,6.5,6.5,6.5,9.95,9.95,9.95,3,2,15
2026-08-16 00:46:01,812501,3407772,Game 1: Odd/Even Total Kills?,odd_even,1,2026-08-16 03:00:00,134.0,Odd,9658086584873290771888578167645806108924909117236645290998179613625891551542,0.49,0.51,0.5,0.02,129.76,129.76,414.37,136.07,136.07,483.94,7,7,
2026-08-16 00:46:01,812501,3407772,Game 1: Odd/Even Total Kills?,odd_even,1,2026-08-16 03:00:00,134.0,Even,83684129425305084306307142763549562651923693209012555176967712625225705220248,0.49,0.51,0.5,0.02,129.76,129.76,414.37,136.07,136.07,483.94,7,7,
2026-08-16 00:46:01,812501,3407773,Game 2: Both Teams Slay Baron Nashor?,prop,2,2026-08-16 03:00:00,134.0,Yes,89297658295572950589193242688452597590018694715450307826825161120216168342242,0.01,0.99,0.5,0.98,1.24,1.24,1.24,122.56,122.56,122.56,1,1,
2026-08-16 00:46:01,812501,3407773,Game 2: Both Teams Slay Baron Nashor?,prop,2,2026-08-16 03:00:00,134.0,No,41370542629085814587327819175960375440467523596272908663943995486002518200858,0.01,0.99,0.5,0.98,1.24,1.24,1.24,122.55,122.55,122.55,1,1,
2026-08-16 00:46:01,812501,3407774,Game 2: Both Teams Slay a Dragon?,prop,2,2026-08-16 03:00:00,134.0,Yes,17213094384783561920447144318373049743601212254959536036565288413982307904891,0.01,0.99,0.5,0.98,1.24,1.24,1.24,122.56,122.56,122.56,1,1,
2026-08-16 00:46:01,812501,3407774,Game 2: Both Teams Slay a Dragon?,prop,2,2026-08-16 03:00:00,134.0,No,107361772230415915958955632622848371567473066269823321881145126999923158623096,0.01,0.99,0.5,0.98,1.24,1.24,1.24,122.56,122.56,122.56,1,1,
2026-08-16 00:46:01,812501,3407775,Game 2: Both Teams Destroy Inhibitors?,prop,2,2026-08-16 03:00:00,134.0,Yes,37085151396073944699750657470272385075014179379747539854914347479603815316699,0.01,0.99,0.5,0.98,1.24,1.24,1.24,116.25,116.25,116.25,1,1,
2026-08-16 00:46:01,812501,3407775,Game 2: Both Teams Destroy Inhibitors?,prop,2,2026-08-16 03:00:00,134.0,No,115153163980740373959185278746365667228368300396797954685717305797766491026714,0.01,0.99,0.5,0.98,1.17,1.17,1.17,122.56,122.56,122.56,1,1,
2026-08-16 00:46:01,812501,3407776,Game 2: Any Player Quadra Kill?,prop,2,2026-08-16 03:00:00,134.0,Yes,92366871030395219227539229526027723469617721035967924535754927351839920760282,0.01,0.99,0.5,0.98,0.05,0.05,0.05,4.95,4.95,4.95,1,1,
2026-08-16 00:46:01,812501,3407776,Game 2: Any Player Quadra Kill?,prop,2,2026-08-16 03:00:00,134.0,No,108131379290397497921034320795187253387625375475492003495114439351232186339057,0.01,0.99,0.5,0.98,0.05,0.05,0.05,4.95,4.95,4.95,1,1,
2026-08-16 00:46:01,812501,3407777,Game 2: Any Player Penta Kill?,prop,2,2026-08-16 03:00:00,134.0,Yes,17979466769376123931528681389233276317538527490930446639079169530069864950578,0.01,0.5,0.255,0.49,0.05,0.05,0.05,20.0,20.0,20.0,1,2,
2026-08-16 00:46:01,812501,3407777,Game 2: Any Player Penta Kill?,prop,2,2026-08-16 03:00:00,134.0,No,98518636466579073594826930528319759549288909542166508168276302065256239237641,0.5,0.99,0.745,0.49,20.0,20.0,20.0,4.95,4.95,4.95,2,1,
2026-08-16 00:46:01,812501,3407778,Game 2: Odd/Even Total Kills?,odd_even,2,2026-08-16 03:00:00,134.0,Odd,59779735910433430026922845250121216304233262452139448197463634726945263917642,0.49,0.51,0.5,0.02,129.76,129.76,414.37,136.07,136.07,483.94,6,6,
2026-08-16 00:46:01,812501,3407778,Game 2: Odd/Even Total Kills?,odd_even,2,2026-08-16 03:00:00,134.0,Even,63820986229538783051704393626483275773639389915746997330375253931539704114052,0.49,0.51,0.5,0.02,129.76,129.76,414.37,136.07,136.07,483.94,6,6,
2026-08-16 00:46:01,812501,3407779,Game 3: Both Teams Slay Baron Nashor?,prop,3,2026-08-16 03:00:00,134.0,Yes,113252981035414606041270247891785674937112739878099898576536010241670893541263,0.01,0.99,0.5,0.98,1.24,1.24,1.24,122.56,122.56,122.56,1,1,
2026-08-16 00:46:01,812501,3407779,Game 3: Both Teams Slay Baron Nashor?,prop,3,2026-08-16 03:00:00,134.0,No,80269374401740033283890248739835625511400013599013392298323688208415881374403,0.01,0.99,0.5,0.98,1.24,1.24,1.24,122.56,122.56,122.56,1,1,
2026-08-16 00:46:01,812501,3407780,Game 3: Both Teams Slay a Dragon?,prop,3,2026-08-16 03:00:00,134.0,Yes,48391266703243630062101276354060508850367984077172049881809538405140552864794,0.01,0.99,0.5,0.98,1.24,1.24,1.24,122.56,122.56,122.56,1,1,
2026-08-16 00:46:01,812501,3407780,Game 3: Both Teams Slay a Dragon?,prop,3,2026-08-16 03:00:00,134.0,No,60057711611640343525293620284391058123978522706360481026432587479418071602197,0.01,0.99,0.5,0.98,1.24,1.24,1.24,122.55,122.55,122.55,1,1,
2026-08-16 00:46:01,812501,3407781,Game 3: Both Teams Destroy Inhibitors?,prop,3,2026-08-16 03:00:00,134.0,Yes,39542350196021563282639112300447540076267664844340741091676361618690741390605,0.01,0.99,0.5,0.98,1.24,1.24,1.24,122.56,122.56,122.56,1,1,
2026-08-16 00:46:01,812501,3407781,Game 3: Both Teams Destroy Inhibitors?,prop,3,2026-08-16 03:00:00,134.0,No,91364380906232166017713665249534353715037087368263061017016710270940804207208,0.01,0.99,0.5,0.98,1.24,1.24,1.24,122.56,122.56,122.56,1,1,
2026-08-16 00:46:01,812501,3407782,Game 3: Any Player Quadra Kill?,prop,3,2026-08-16 03:00:00,134.0,Yes,37307632162746025253829849316049566979299478000450149685938586430830071550912,0.01,0.99,0.5,0.98,0.05,0.05,0.05,4.95,4.95,4.95,1,1,
2026-08-16 00:46:01,812501,3407782,Game 3: Any Player Quadra Kill?,prop,3,2026-08-16 03:00:00,134.0,No,63982252988628134667878426985084368415157271810425345961600074461416139881254,0.01,0.99,0.5,0.98,0.05,0.05,0.05,4.95,4.95,4.95,1,1,
2026-08-16 00:46:01,812501,3407783,Game 3: Any Player Penta Kill?,prop,3,2026-08-16 03:00:00,134.0,Yes,70747408516516735967153070084967598515783840448108993307182613154174484046545,0.05,0.99,0.52,0.94,28.65,28.65,28.7,4.95,4.95,4.95,2,1,
2026-08-16 00:46:01,812501,3407783,Game 3: Any Player Penta Kill?,prop,3,2026-08-16 03:00:00,134.0,No,61690140592430459017872087614812557860059428369264397142831763490231186466635,0.01,0.95,0.48,0.94,0.05,0.05,0.05,544.35,544.35,549.3,1,2,
2026-08-16 00:46:01,812501,3407784,Game 3: Odd/Even Total Kills?,odd_even,3,2026-08-16 03:00:00,134.0,Odd,98933627551267508447263863349434570031436709045139598213619410896491820344484,0.49,0.51,0.5,0.02,129.76,129.76,414.37,136.07,136.07,483.94,8,8,57
2026-08-16 00:46:01,812501,3407784,Game 3: Odd/Even Total Kills?,odd_even,3,2026-08-16 03:00:00,134.0,Even,108512589332558883006762920479152265565445840370520718453759163242503924433460,0.49,0.51,0.5,0.02,129.76,129.76,414.37,136.07,136.07,483.94,8,8,57
2026-08-16 00:51:25,812501,3407762,LoL: T1 Academy vs DN SOOPers Challengers - Game 1 Winner,map,1,2026-08-16 03:00:00,128.6,T1 Academy,73064582482235014598278036393310819830718392444970483545371753650678400834736,0.57,0.58,0.575,0.01,1458.65,3259.07,4191.21,2070.37,3374.14,4659.75,34,34,12536.605515
2026-08-16 00:51:25,812501,3407762,LoL: T1 Academy vs DN SOOPers Challengers - Game 1 Winner,map,1,2026-08-16 03:00:00,128.6,DN SOOPers Challengers,44224995904119349774883897648437602028511976750577753161233745822302188026009,0.42,0.43,0.425,0.01,1460.21,2315.6,3079.36,1144.76,2647.34,3502.39,34,34,12536.605515
2026-08-16 00:51:25,812501,3407763,LoL: T1 Academy vs DN SOOPers Challengers - Game 2 Winner,map,2,2026-08-16 03:00:00,128.6,T1 Academy,95353452252504879943365852237238076881007218537823436733287745422250853187273,0.57,0.58,0.575,0.01,826.1,3154.33,3405.29,5519.76,6438.33,8670.78,23,27,1539.472031
2026-08-16 00:51:25,812501,3407763,LoL: T1 Academy vs DN SOOPers Challengers - Game 2 Winner,map,2,2026-08-16 03:00:00,128.6,DN SOOPers Challengers,99458406464843999033426214685546564937703458262249894941487909247317378751500,0.42,0.43,0.425,0.01,3954.42,4544.15,5866.62,633.9,2563.79,2786.34,27,23,1539.472031
2026-08-16 00:51:25,812501,3407764,LoL: T1 Academy vs DN SOOPers Challengers (BO3) - LCK Challengers League Rounds 3-4 Challenge Group,series,,2026-08-16 03:00:00,128.6,T1 Academy,47149118006951667535600667260288389920280393498307875124395202668413731841386,0.64,0.65,0.645,0.01,1905.55,3335.57,5495.11,9742.79,12495.89,12564.89,50,27,17110.03412
2026-08-16 00:51:25,812501,3407764,LoL: T1 Academy vs DN SOOPers Challengers (BO3) - LCK Challengers League Rounds 3-4 Challenge Group,series,,2026-08-16 03:00:00,128.6,DN SOOPers Challengers,35771467724294116916325429263618132001025645920509860605241357593060072915080,0.35,0.36,0.355,0.01,5168.93,6524.93,6555.93,1074.02,1967.78,3457.14,27,50,17110.03412
2026-08-16 00:51:25,812501,3407765,Games Total: O/U 2.5,total_games,,2026-08-16 03:00:00,128.6,Over,28472689572385395046814959443344867949877348180594356550677806556781097456645,0.47,0.48,0.475,0.01,809.85,1442.25,2354.11,502.93,1055.75,2620.7,21,20,1828.322548
2026-08-16 00:51:25,812501,3407765,Games Total: O/U 2.5,total_games,,2026-08-16 03:00:00,128.6,Under,60445358403756320386117803063638244982681533893147355431057150905897946227833,0.52,0.53,0.525,0.01,544.44,1079.4,2520.36,933.99,1734.39,2954.46,20,21,1828.322548
2026-08-16 00:51:25,812501,3407766,Game Handicap: T1.A (-1.5) vs DN SOOPers Challengers (+1.5),handicap,,2026-08-16 03:00:00,128.6,T1 Academy,84157633848545715495802069650574598688014859523476823863021692534294083596234,0.35,0.36,0.355,0.01,43.47,1233.59,1472.59,548.6,799.1,1421.4,24,24,2755.101911
2026-08-16 00:51:25,812501,3407766,Game Handicap: T1.A (-1.5) vs DN SOOPers Challengers (+1.5),handicap,,2026-08-16 03:00:00,128.6,DN SOOPers Challengers,59885163287384748425978349155060122398367607750229429662790248778661914966815,0.64,0.65,0.645,0.01,961.4,1360.9,2268.6,83.6,2562.0,3103.0,24,24,2755.101911
2026-08-16 00:51:25,812501,3407767,Game 1: Both Teams Slay Baron Nashor?,prop,1,2026-08-16 03:00:00,128.6,Yes,98101395767675076675527407445074221726108082242766140122999013673078296924579,0.01,0.99,0.5,0.98,1.24,1.24,1.24,122.56,122.56,122.56,1,1,
2026-08-16 00:51:25,812501,3407767,Game 1: Both Teams Slay Baron Nashor?,prop,1,2026-08-16 03:00:00,128.6,No,87290422765316042161691235931778600664413826002993109373647521758362141675985,0.01,0.99,0.5,0.98,1.24,1.24,1.24,122.56,122.56,122.56,1,1,
2026-08-16 00:51:25,812501,3407768,Game 1: Both Teams Slay a Dragon?,prop,1,2026-08-16 03:00:00,128.6,Yes,79133110729101040979354156439270499254586169460530893547581424624230600191218,0.01,0.99,0.5,0.98,1.24,1.24,1.24,122.56,122.56,122.56,1,1,
2026-08-16 00:51:25,812501,3407768,Game 1: Both Teams Slay a Dragon?,prop,1,2026-08-16 03:00:00,128.6,No,87080835968360541907825236999430484259205742264350853747971304100745674369240,0.01,0.99,0.5,0.98,1.24,1.24,1.24,122.56,122.56,122.56,1,1,
2026-08-16 00:51:25,812501,3407769,Game 1: Both Teams Destroy Inhibitors?,prop,1,2026-08-16 03:00:00,128.6,Yes,41139893037576161188872686171355639757952754277902695214824790970502190000612,0.01,0.99,0.5,0.98,1.24,1.24,1.24,122.55,122.55,122.55,1,1,
2026-08-16 00:51:25,812501,3407769,Game 1: Both Teams Destroy Inhibitors?,prop,1,2026-08-16 03:00:00,128.6,No,11713257346113337208480784843855658054574586574869772753013260214337317995798,0.01,0.99,0.5,0.98,1.24,1.24,1.24,122.56,122.56,122.56,1,1,
2026-08-16 00:51:25,812501,3407770,Game 1: Any Player Quadra Kill?,prop,1,2026-08-16 03:00:00,128.6,Yes,89699116073306046966497778316057094796992801124411211058742622862658371484340,0.01,0.99,0.5,0.98,0.05,0.05,0.05,4.95,4.95,4.95,1,1,
2026-08-16 00:51:25,812501,3407770,Game 1: Any Player Quadra Kill?,prop,1,2026-08-16 03:00:00,128.6,No,110062225856361250232451733223883585889494582661648143328404444970890540170304,0.01,0.99,0.5,0.98,0.05,0.05,0.05,4.95,4.95,4.95,1,1,
2026-08-16 00:51:25,812501,3407771,Game 1: Any Player Penta Kill?,prop,1,2026-08-16 03:00:00,128.6,Yes,88817477593294431833892116040780787623551401078456392425497729385704534047793,0.01,0.5,0.255,0.49,0.06,0.06,0.06,6.5,6.5,6.5,2,3,15
2026-08-16 00:51:25,812501,3407771,Game 1: Any Player Penta Kill?,prop,1,2026-08-16 03:00:00,128.6,No,87228406489657215756146618888458284422804785033968690974967482020371044943402,0.5,0.99,0.745,0.49,6.5,6.5,6.5,9.95,9.95,9.95,3,2,15
2026-08-16 00:51:25,812501,3407772,Game 1: Odd/Even Total Kills?,odd_even,1,2026-08-16 03:00:00,128.6,Odd,9658086584873290771888578167645806108924909117236645290998179613625891551542,0.49,0.51,0.5,0.02,129.76,129.76,414.37,136.07,136.07,483.94,7,7,
2026-08-16 00:51:25,812501,3407772,Game 1: Odd/Even Total Kills?,odd_even,1,2026-08-16 03:00:00,128.6,Even,83684129425305084306307142763549562651923693209012555176967712625225705220248,0.49,0.51,0.5,0.02,129.76,129.76,414.37,136.07,136.07,483.94,7,7,
2026-08-16 00:51:25,812501,3407773,Game 2: Both Teams Slay Baron Nashor?,prop,2,2026-08-16 03:00:00,128.6,Yes,89297658295572950589193242688452597590018694715450307826825161120216168342242,0.01,0.99,0.5,0.98,1.24,1.24,1.24,122.56,122.56,122.56,1,1,
2026-08-16 00:51:25,812501,3407773,Game 2: Both Teams Slay Baron Nashor?,prop,2,2026-08-16 03:00:00,128.6,No,41370542629085814587327819175960375440467523596272908663943995486002518200858,0.01,0.99,0.5,0.98,1.24,1.24,1.24,122.55,122.55,122.55,1,1,
2026-08-16 00:51:25,812501,3407774,Game 2: Both Teams Slay a Dragon?,prop,2,2026-08-16 03:00:00,128.6,Yes,17213094384783561920447144318373049743601212254959536036565288413982307904891,0.01,0.99,0.5,0.98,1.24,1.24,1.24,122.56,122.56,122.56,1,1,
2026-08-16 00:51:25,812501,3407774,Game 2: Both Teams Slay a Dragon?,prop,2,2026-08-16 03:00:00,128.6,No,107361772230415915958955632622848371567473066269823321881145126999923158623096,0.01,0.99,0.5,0.98,1.24,1.24,1.24,122.56,122.56,122.56,1,1,
2026-08-16 00:51:25,812501,3407775,Game 2: Both Teams Destroy Inhibitors?,prop,2,2026-08-16 03:00:00,128.6,Yes,37085151396073944699750657470272385075014179379747539854914347479603815316699,0.01,0.98,0.495,0.97,0.16,0.16,0.16,73.67,73.67,73.67,1,2,
2026-08-16 00:51:25,812501,3407775,Game 2: Both Teams Destroy Inhibitors?,prop,2,2026-08-16 03:00:00,128.6,No,115153163980740373959185278746365667228368300396797954685717305797766491026714,0.02,0.99,0.505,0.97,1.24,1.24,1.24,15.43,15.43,15.43,2,1,
2026-08-16 00:51:25,812501,3407776,Game 2: Any Player Quadra Kill?,prop,2,2026-08-16 03:00:00,128.6,Yes,92366871030395219227539229526027723469617721035967924535754927351839920760282,0.01,0.99,0.5,0.98,0.05,0.05,0.05,4.95,4.95,4.95,1,1,
2026-08-16 00:51:25,812501,3407776,Game 2: Any Player Quadra Kill?,prop,2,2026-08-16 03:00:00,128.6,No,108131379290397497921034320795187253387625375475492003495114439351232186339057,0.01,0.99,0.5,0.98,0.05,0.05,0.05,4.95,4.95,4.95,1,1,
2026-08-16 00:51:25,812501,3407777,Game 2: Any Player Penta Kill?,prop,2,2026-08-16 03:00:00,128.6,Yes,17979466769376123931528681389233276317538527490930446639079169530069864950578,0.01,0.5,0.255,0.49,0.05,0.05,0.05,20.0,20.0,20.0,1,2,
2026-08-16 00:51:25,812501,3407777,Game 2: Any Player Penta Kill?,prop,2,2026-08-16 03:00:00,128.6,No,98518636466579073594826930528319759549288909542166508168276302065256239237641,0.5,0.99,0.745,0.49,20.0,20.0,20.0,4.95,4.95,4.95,2,1,
2026-08-16 00:51:25,812501,3407778,Game 2: Odd/Even Total Kills?,odd_even,2,2026-08-16 03:00:00,128.6,Odd,59779735910433430026922845250121216304233262452139448197463634726945263917642,0.49,0.51,0.5,0.02,129.76,129.76,414.37,136.07,136.07,483.94,7,7,
2026-08-16 00:51:25,812501,3407778,Game 2: Odd/Even Total Kills?,odd_even,2,2026-08-16 03:00:00,128.6,Even,63820986229538783051704393626483275773639389915746997330375253931539704114052,0.49,0.51,0.5,0.02,129.76,129.76,414.37,136.07,136.07,483.94,7,7,
2026-08-16 00:51:25,812501,3407779,Game 3: Both Teams Slay Baron Nashor?,prop,3,2026-08-16 03:00:00,128.6,Yes,113252981035414606041270247891785674937112739878099898576536010241670893541263,0.01,0.99,0.5,0.98,1.24,1.24,1.24,122.56,122.56,122.56,1,1,
2026-08-16 00:51:25,812501,3407779,Game 3: Both Teams Slay Baron Nashor?,prop,3,2026-08-16 03:00:00,128.6,No,80269374401740033283890248739835625511400013599013392298323688208415881374403,0.01,0.99,0.5,0.98,1.24,1.24,1.24,122.56,122.56,122.56,1,1,
2026-08-16 00:51:25,812501,3407780,Game 3: Both Teams Slay a Dragon?,prop,3,2026-08-16 03:00:00,128.6,Yes,48391266703243630062101276354060508850367984077172049881809538405140552864794,0.01,0.99,0.5,0.98,1.24,1.24,1.24,122.56,122.56,122.56,1,1,
2026-08-16 00:51:25,812501,3407780,Game 3: Both Teams Slay a Dragon?,prop,3,2026-08-16 03:00:00,128.6,No,60057711611640343525293620284391058123978522706360481026432587479418071602197,0.01,0.99,0.5,0.98,1.24,1.24,1.24,122.55,122.55,122.55,1,1,
2026-08-16 00:51:25,812501,3407781,Game 3: Both Teams Destroy Inhibitors?,prop,3,2026-08-16 03:00:00,128.6,Yes,39542350196021563282639112300447540076267664844340741091676361618690741390605,0.01,0.99,0.5,0.98,1.24,1.24,1.24,122.56,122.56,122.56,1,1,
2026-08-16 00:51:25,812501,3407781,Game 3: Both Teams Destroy Inhibitors?,prop,3,2026-08-16 03:00:00,128.6,No,91364380906232166017713665249534353715037087368263061017016710270940804207208,0.01,0.99,0.5,0.98,1.24,1.24,1.24,122.56,122.56,122.56,1,1,
2026-08-16 00:51:25,812501,3407782,Game 3: Any Player Quadra Kill?,prop,3,2026-08-16 03:00:00,128.6,Yes,37307632162746025253829849316049566979299478000450149685938586430830071550912,0.01,0.99,0.5,0.98,0.05,0.05,0.05,4.95,4.95,4.95,1,1,
2026-08-16 00:51:25,812501,3407782,Game 3: Any Player Quadra Kill?,prop,3,2026-08-16 03:00:00,128.6,No,63982252988628134667878426985084368415157271810425345961600074461416139881254,0.01,0.99,0.5,0.98,0.05,0.05,0.05,4.95,4.95,4.95,1,1,
2026-08-16 00:51:25,812501,3407783,Game 3: Any Player Penta Kill?,prop,3,2026-08-16 03:00:00,128.6,Yes,70747408516516735967153070084967598515783840448108993307182613154174484046545,0.05,0.99,0.52,0.94,28.65,28.65,28.7,4.95,4.95,4.95,2,1,
2026-08-16 00:51:25,812501,3407783,Game 3: Any Player Penta Kill?,prop,3,2026-08-16 03:00:00,128.6,No,61690140592430459017872087614812557860059428369264397142831763490231186466635,0.01,0.95,0.48,0.94,0.05,0.05,0.05,544.35,544.35,549.3,1,2,
2026-08-16 00:51:25,812501,3407784,Game 3: Odd/Even Total Kills?,odd_even,3,2026-08-16 03:00:00,128.6,Odd,98933627551267508447263863349434570031436709045139598213619410896491820344484,0.49,0.51,0.5,0.02,129.76,129.76,414.37,136.07,136.07,483.94,8,8,57
2026-08-16 00:51:25,812501,3407784,Game 3: Odd/Even Total Kills?,odd_even,3,2026-08-16 03:00:00,128.6,Even,108512589332558883006762920479152265565445840370520718453759163242503924433460,0.49,0.51,0.5,0.02,129.76,129.76,414.37,136.07,136.07,483.94,8,8,57
2026-08-16 00:56:48,812501,3407762,LoL: T1 Academy vs DN SOOPers Challengers - Game 1 Winner,map,1,2026-08-16 03:00:00,123.2,T1 Academy,73064582482235014598278036393310819830718392444970483545371753650678400834736,0.57,0.58,0.575,0.01,1458.65,3259.07,4191.21,2070.37,3300.71,4865.32,37,35,12536.605515
2026-08-16 00:56:48,812501,3407762,LoL: T1 Academy vs DN SOOPers Challengers - Game 1 Winner,map,1,2026-08-16 03:00:00,123.2,DN SOOPers Challengers,44224995904119349774883897648437602028511976750577753161233745822302188026009,0.42,0.43,0.425,0.01,1460.21,2268.65,3203.41,1144.76,2647.34,3502.39,35,37,12536.605515
2026-08-16 00:56:48,812501,3407763,LoL: T1 Academy vs DN SOOPers Challengers - Game 2 Winner,map,2,2026-08-16 03:00:00,123.2,T1 Academy,95353452252504879943365852237238076881007218537823436733287745422250853187273,0.57,0.58,0.575,0.01,826.1,3154.33,3405.29,5519.76,6438.33,8670.78,23,27,1539.472031
2026-08-16 00:56:48,812501,3407763,LoL: T1 Academy vs DN SOOPers Challengers - Game 2 Winner,map,2,2026-08-16 03:00:00,123.2,DN SOOPers Challengers,99458406464843999033426214685546564937703458262249894941487909247317378751500,0.42,0.43,0.425,0.01,3954.42,4544.15,5866.62,633.9,2563.79,2786.34,27,23,1539.472031
2026-08-16 00:56:48,812501,3407764,LoL: T1 Academy vs DN SOOPers Challengers (BO3) - LCK Challengers League Rounds 3-4 Challenge Group,series,,2026-08-16 03:00:00,123.2,T1 Academy,47149118006951667535600667260288389920280393498307875124395202668413731841386,0.64,0.65,0.645,0.01,1892.95,3322.97,5040.01,9723.39,15176.49,15245.49,45,24,17110.03412
2026-08-16 00:56:48,812501,3407764,LoL: T1 Academy vs DN SOOPers Challengers (BO3) - LCK Challengers League Rounds 3-4 Challenge Group,series,,2026-08-16 03:00:00,123.2,DN SOOPers Challengers,35771467724294116916325429263618132001025645920509860605241357593060072915080,0.35,0.36,0.355,0.01,5158.49,7814.49,7845.49,1066.62,1960.38,3142.24,24,45,17110.03412
2026-08-16 00:56:48,812501,3407765,Games Total: O/U 2.5,total_games,,2026-08-16 03:00:00,123.2,Over,28472689572385395046814959443344867949877348180594356550677806556781097456645,0.47,0.48,0.475,0.01,809.85,1442.25,2354.11,517.65,1070.48,2635.43,21,20,1828.322548
2026-08-16 00:56:48,812501,3407765,Games Total: O/U 2.5,total_games,,2026-08-16 03:00:00,123.2,Under,60445358403756320386117803063638244982681533893147355431057150905897946227833,0.52,0.53,0.525,0.01,559.77,1094.72,2535.68,933.99,1734.39,2954.46,20,21,1828.322548
2026-08-16 00:56:48,812501,3407766,Game Handicap: T1.A (-1.5) vs DN SOOPers Challengers (+1.5),handicap,,2026-08-16 03:00:00,123.2,T1 Academy,84157633848545715495802069650574598688014859523476823863021692534294083596234,0.35,0.36,0.355,0.01,43.47,1233.59,1472.59,546.7,797.2,1419.5,24,24,2755.101911
2026-08-16 00:56:48,812501,3407766,Game Handicap: T1.A (-1.5) vs DN SOOPers Challengers (+1.5),handicap,,2026-08-16 03:00:00,123.2,DN SOOPers Challengers,59885163287384748425978349155060122398367607750229429662790248778661914966815,0.64,0.65,0.645,0.01,958.02,1357.52,2265.22,83.6,2562.0,3103.0,24,24,2755.101911
2026-08-16 00:56:48,812501,3407767,Game 1: Both Teams Slay Baron Nashor?,prop,1,2026-08-16 03:00:00,123.2,Yes,98101395767675076675527407445074221726108082242766140122999013673078296924579,0.01,0.99,0.5,0.98,1.19,1.19,1.19,112.36,112.36,112.36,1,1,
2026-08-16 00:56:48,812501,3407767,Game 1: Both Teams Slay Baron Nashor?,prop,1,2026-08-16 03:00:00,123.2,No,87290422765316042161691235931778600664413826002993109373647521758362141675985,0.01,0.99,0.5,0.98,1.14,1.14,1.14,117.38,117.38,117.38,1,1,
2026-08-16 00:56:48,812501,3407768,Game 1: Both Teams Slay a Dragon?,prop,1,2026-08-16 03:00:00,123.2,Yes,79133110729101040979354156439270499254586169460530893547581424624230600191218,0.01,0.99,0.5,0.98,1.18,1.18,1.18,122.55,122.55,122.55,1,1,
2026-08-16 00:56:48,812501,3407768,Game 1: Both Teams Slay a Dragon?,prop,1,2026-08-16 03:00:00,123.2,No,87080835968360541907825236999430484259205742264350853747971304100745674369240,0.01,0.99,0.5,0.98,1.24,1.24,1.24,117.25,117.25,117.25,1,1,
2026-08-16 00:56:48,812501,3407769,Game 1: Both Teams Destroy Inhibitors?,prop,1,2026-08-16 03:00:00,123.2,Yes,41139893037576161188872686171355639757952754277902695214824790970502190000612,0.01,0.99,0.5,0.98,1.24,1.24,1.24,122.56,122.56,122.56,1,1,
2026-08-16 00:56:48,812501,3407769,Game 1: Both Teams Destroy Inhibitors?,prop,1,2026-08-16 03:00:00,123.2,No,11713257346113337208480784843855658054574586574869772753013260214337317995798,0.01,0.99,0.5,0.98,1.24,1.24,1.24,122.55,122.55,122.55,1,1,
2026-08-16 00:56:48,812501,3407770,Game 1: Any Player Quadra Kill?,prop,1,2026-08-16 03:00:00,123.2,Yes,89699116073306046966497778316057094796992801124411211058742622862658371484340,0.01,0.99,0.5,0.98,0.05,0.05,0.05,4.95,4.95,4.95,1,1,
2026-08-16 00:56:48,812501,3407770,Game 1: Any Player Quadra Kill?,prop,1,2026-08-16 03:00:00,123.2,No,110062225856361250232451733223883585889494582661648143328404444970890540170304,0.01,0.99,0.5,0.98,0.05,0.05,0.05,4.95,4.95,4.95,1,1,
2026-08-16 00:56:48,812501,3407771,Game 1: Any Player Penta Kill?,prop,1,2026-08-16 03:00:00,123.2,Yes,88817477593294431833892116040780787623551401078456392425497729385704534047793,0.01,0.5,0.255,0.49,0.06,0.06,0.06,6.5,6.5,6.5,2,3,15
2026-08-16 00:56:48,812501,3407771,Game 1: Any Player Penta Kill?,prop,1,2026-08-16 03:00:00,123.2,No,87228406489657215756146618888458284422804785033968690974967482020371044943402,0.5,0.99,0.745,0.49,6.5,6.5,6.5,9.95,9.95,9.95,3,2,15
2026-08-16 00:56:48,812501,3407772,Game 1: Odd/Even Total Kills?,odd_even,1,2026-08-16 03:00:00,123.2,Odd,9658086584873290771888578167645806108924909117236645290998179613625891551542,0.49,0.51,0.5,0.02,129.76,129.76,414.37,136.07,136.07,483.94,7,7,
2026-08-16 00:56:48,812501,3407772,Game 1: Odd/Even Total Kills?,odd_even,1,2026-08-16 03:00:00,123.2,Even,83684129425305084306307142763549562651923693209012555176967712625225705220248,0.49,0.51,0.5,0.02,129.76,129.76,414.37,136.07,136.07,483.94,7,7,
2026-08-16 00:56:48,812501,3407773,Game 2: Both Teams Slay Baron Nashor?,prop,2,2026-08-16 03:00:00,123.2,Yes,89297658295572950589193242688452597590018694715450307826825161120216168342242,0.01,0.99,0.5,0.98,1.24,1.24,1.24,109.36,109.36,109.36,1,1,
2026-08-16 00:56:48,812501,3407773,Game 2: Both Teams Slay Baron Nashor?,prop,2,2026-08-16 03:00:00,123.2,No,41370542629085814587327819175960375440467523596272908663943995486002518200858,0.01,0.99,0.5,0.98,1.1,1.1,1.1,122.55,122.55,122.55,1,1,
2026-08-16 00:56:48,812501,3407774,Game 2: Both Teams Slay a Dragon?,prop,2,2026-08-16 03:00:00,123.2,Yes,17213094384783561920447144318373049743601212254959536036565288413982307904891,0.01,0.99,0.5,0.98,1.18,1.18,1.18,118.66,118.66,118.66,1,1,
2026-08-16 00:56:48,812501,3407774,Game 2: Both Teams Slay a Dragon?,prop,2,2026-08-16 03:00:00,123.2,No,107361772230415915958955632622848371567473066269823321881145126999923158623096,0.01,0.99,0.5,0.98,1.2,1.2,1.2,117.25,117.25,117.25,1,1,
2026-08-16 00:56:48,812501,3407775,Game 2: Both Teams Destroy Inhibitors?,prop,2,2026-08-16 03:00:00,123.2,Yes,37085151396073944699750657470272385075014179379747539854914347479603815316699,0.01,0.99,0.5,0.98,1.24,1.24,1.24,122.56,122.56,122.56,1,1,
2026-08-16 00:56:48,812501,3407775,Game 2: Both Teams Destroy Inhibitors?,prop,2,2026-08-16 03:00:00,123.2,No,115153163980740373959185278746365667228368300396797954685717305797766491026714,0.01,0.99,0.5,0.98,1.24,1.24,1.24,122.56,122.56,122.56,1,1,
2026-08-16 00:56:48,812501,3407776,Game 2: Any Player Quadra Kill?,prop,2,2026-08-16 03:00:00,123.2,Yes,92366871030395219227539229526027723469617721035967924535754927351839920760282,0.01,0.99,0.5,0.98,0.05,0.05,0.05,4.95,4.95,4.95,1,1,
2026-08-16 00:56:48,812501,3407776,Game 2: Any Player Quadra Kill?,prop,2,2026-08-16 03:00:00,123.2,No,108131379290397497921034320795187253387625375475492003495114439351232186339057,0.01,0.99,0.5,0.98,0.05,0.05,0.05,4.95,4.95,4.95,1,1,
2026-08-16 00:56:48,812501,3407777,Game 2: Any Player Penta Kill?,prop,2,2026-08-16 03:00:00,123.2,Yes,17979466769376123931528681389233276317538527490930446639079169530069864950578,0.01,0.5,0.255,0.49,0.05,0.05,0.05,20.0,20.0,20.0,1,2,
2026-08-16 00:56:48,812501,3407777,Game 2: Any Player Penta Kill?,prop,2,2026-08-16 03:00:00,123.2,No,98518636466579073594826930528319759549288909542166508168276302065256239237641,0.5,0.99,0.745,0.49,20.0,20.0,20.0,4.95,4.95,4.95,2,1,
2026-08-16 00:56:48,812501,3407778,Game 2: Odd/Even Total Kills?,odd_even,2,2026-08-16 03:00:00,123.2,Odd,59779735910433430026922845250121216304233262452139448197463634726945263917642,0.49,0.51,0.5,0.02,129.76,129.76,414.37,136.07,136.07,483.94,7,7,
2026-08-16 00:56:48,812501,3407778,Game 2: Odd/Even Total Kills?,odd_even,2,2026-08-16 03:00:00,123.2,Even,63820986229538783051704393626483275773639389915746997330375253931539704114052,0.49,0.51,0.5,0.02,129.76,129.76,414.37,136.07,136.07,483.94,7,7,
2026-08-16 00:56:48,812501,3407779,Game 3: Both Teams Slay Baron Nashor?,prop,3,2026-08-16 03:00:00,123.2,Yes,113252981035414606041270247891785674937112739878099898576536010241670893541263,0.01,0.99,0.5,0.98,1.24,1.24,1.24,122.55,122.55,122.55,1,1,
2026-08-16 00:56:48,812501,3407779,Game 3: Both Teams Slay Baron Nashor?,prop,3,2026-08-16 03:00:00,123.2,No,80269374401740033283890248739835625511400013599013392298323688208415881374403,0.01,0.99,0.5,0.98,1.24,1.24,1.24,122.56,122.56,122.56,1,1,
2026-08-16 00:56:48,812501,3407780,Game 3: Both Teams Slay a Dragon?,prop,3,2026-08-16 03:00:00,123.2,Yes,48391266703243630062101276354060508850367984077172049881809538405140552864794,0.01,0.99,0.5,0.98,1.24,1.24,1.24,122.56,122.56,122.56,1,1,
2026-08-16 00:56:48,812501,3407780,Game 3: Both Teams Slay a Dragon?,prop,3,2026-08-16 03:00:00,123.2,No,60057711611640343525293620284391058123978522706360481026432587479418071602197,0.01,0.99,0.5,0.98,1.24,1.24,1.24,122.55,122.55,122.55,1,1,
2026-08-16 00:56:48,812501,3407781,Game 3: Both Teams Destroy Inhibitors?,prop,3,2026-08-16 03:00:00,123.2,Yes,39542350196021563282639112300447540076267664844340741091676361618690741390605,0.01,0.99,0.5,0.98,1.24,1.24,1.24,122.56,122.56,122.56,1,1,
2026-08-16 00:56:48,812501,3407781,Game 3: Both Teams Destroy Inhibitors?,prop,3,2026-08-16 03:00:00,123.2,No,91364380906232166017713665249534353715037087368263061017016710270940804207208,0.01,0.99,0.5,0.98,1.24,1.24,1.24,122.55,122.55,122.55,1,1,
2026-08-16 00:56:48,812501,3407782,Game 3: Any Player Quadra Kill?,prop,3,2026-08-16 03:00:00,123.2,Yes,37307632162746025253829849316049566979299478000450149685938586430830071550912,0.02,0.99,0.505,0.97,11.51,11.51,11.51,4.95,4.95,4.95,2,1,
2026-08-16 00:56:48,812501,3407782,Game 3: Any Player Quadra Kill?,prop,3,2026-08-16 03:00:00,123.2,No,63982252988628134667878426985084368415157271810425345961600074461416139881254,0.01,0.98,0.495,0.97,0.05,0.05,0.05,566.49,566.49,566.49,1,2,
2026-08-16 00:56:48,812501,3407783,Game 3: Any Player Penta Kill?,prop,3,2026-08-16 03:00:00,123.2,Yes,70747408516516735967153070084967598515783840448108993307182613154174484046545,0.05,0.99,0.52,0.94,28.65,28.65,28.7,4.95,4.95,4.95,2,1,
2026-08-16 00:56:48,812501,3407783,Game 3: Any Player Penta Kill?,prop,3,2026-08-16 03:00:00,123.2,No,61690140592430459017872087614812557860059428369264397142831763490231186466635,0.01,0.95,0.48,0.94,0.05,0.05,0.05,544.35,544.35,549.3,1,2,
2026-08-16 00:56:48,812501,3407784,Game 3: Odd/Even Total Kills?,odd_even,3,2026-08-16 03:00:00,123.2,Odd,98933627551267508447263863349434570031436709045139598213619410896491820344484,0.49,0.51,0.5,0.02,129.76,129.76,414.37,136.07,136.07,483.94,8,8,57
2026-08-16 00:56:48,812501,3407784,Game 3: Odd/Even Total Kills?,odd_even,3,2026-08-16 03:00:00,123.2,Even,108512589332558883006762920479152265565445840370520718453759163242503924433460,0.49,0.51,0.5,0.02,129.76,129.76,414.37,136.07,136.07,483.94,8,8,57
2026-08-16 01:02:12,812501,3407762,LoL: T1 Academy vs DN SOOPers Challengers - Game 1 Winner,map,1,2026-08-16 03:00:00,117.8,T1 Academy,73064582482235014598278036393310819830718392444970483545371753650678400834736,0.57,0.58,0.575,0.01,1234.65,3035.07,3967.21,1588.97,2837.31,4401.92,43,34,12536.605515
2026-08-16 01:02:12,812501,3407762,LoL: T1 Academy vs DN SOOPers Challengers - Game 1 Winner,map,1,2026-08-16 03:00:00,117.8,DN SOOPers Challengers,44224995904119349774883897648437602028511976750577753161233745822302188026009,0.42,0.43,0.425,0.01,1111.61,1932.05,2866.81,968.76,2471.34,3326.39,34,43,12536.605515
2026-08-16 01:02:12,812501,3407763,LoL: T1 Academy vs DN SOOPers Challengers - Game 2 Winner,map,2,2026-08-16 03:00:00,117.8,T1 Academy,95353452252504879943365852237238076881007218537823436733287745422250853187273,0.57,0.58,0.575,0.01,615.2,2943.43,3194.39,5295.61,6214.18,8446.63,24,26,1539.472031
2026-08-16 01:02:12,812501,3407763,LoL: T1 Academy vs DN SOOPers Challengers - Game 2 Winner,map,2,2026-08-16 03:00:00,117.8,DN SOOPers Challengers,99458406464843999033426214685546564937703458262249894941487909247317378751500,0.42,0.43,0.425,0.01,3798.57,4388.3,5710.77,474.8,2404.69,2627.24,26,24,1539.472031
2026-08-16 01:02:12,812501,3407764,LoL: T1 Academy vs DN SOOPers Challengers (BO3) - LCK Challengers League Rounds 3-4 Challenge Group,series,,2026-08-16 03:00:00,117.8,T1 Academy,47149118006951667535600667260288389920280393498307875124395202668413731841386,0.64,0.65,0.645,0.01,1712.55,3142.57,4859.61,9555.06,15008.15,15090.95,51,28,17110.03412
2026-08-16 01:02:12,812501,3407764,LoL: T1 Academy vs DN SOOPers Challengers (BO3) - LCK Challengers League Rounds 3-4 Challenge Group,series,,2026-08-16 03:00:00,117.8,DN SOOPers Challengers,35771467724294116916325429263618132001025645920509860605241357593060072915080,0.35,0.36,0.355,0.01,5067.84,7723.85,7761.05,965.65,1859.41,3041.27,28,51,17110.03412
2026-08-16 01:02:12,812501,3407765,Games Total: O/U 2.5,total_games,,2026-08-16 03:00:00,117.8,Over,28472689572385395046814959443344867949877348180594356550677806556781097456645,0.47,0.48,0.475,0.01,630.45,1284.64,2196.5,318.02,896.11,2212.5,21,18,1828.322548
2026-08-16 01:02:12,812501,3407765,Games Total: O/U 2.5,total_games,,2026-08-16 03:00:00,117.8,Under,60445358403756320386117803063638244982681533893147355431057150905897946227833,0.52,0.53,0.525,0.01,339.35,898.56,2110.08,723.39,1551.52,2771.59,18,21,1828.322548
2026-08-16 01:02:12,812501,3407766,Game Handicap: T1.A (-1.5) vs DN SOOPers Challengers (+1.5),handicap,,2026-08-16 03:00:00,117.8,T1 Academy,84157633848545715495802069650574598688014859523476823863021692534294083596234,0.35,0.36,0.355,0.01,43.38,1180.06,1419.06,486.68,737.18,1359.48,22,24,2755.101911
2026-08-16 01:02:12,812501,3407766,Game Handicap: T1.A (-1.5) vs DN SOOPers Challengers (+1.5),handicap,,2026-08-16 03:00:00,117.8,DN SOOPers Challengers,59885163287384748425978349155060122398367607750229429662790248778661914966815,0.64,0.65,0.645,0.01,851.32,1250.82,2158.52,83.42,2448.26,2989.26,24,22,2755.101911
2026-08-16 01:02:12,812501,3407767,Game 1: Both Teams Slay Baron Nashor?,prop,1,2026-08-16 03:00:00,117.8,Yes,98101395767675076675527407445074221726108082242766140122999013673078296924579,0.01,0.99,0.5,0.98,1.18,1.18,1.18,122.55,122.55,122.55,1,1,
2026-08-16 01:02:12,812501,3407767,Game 1: Both Teams Slay Baron Nashor?,prop,1,2026-08-16 03:00:00,117.8,No,87290422765316042161691235931778600664413826002993109373647521758362141675985,0.01,0.99,0.5,0.98,1.24,1.24,1.24,117.27,117.27,117.27,1,1,
2026-08-16 01:02:12,812501,3407768,Game 1: Both Teams Slay a Dragon?,prop,1,2026-08-16 03:00:00,117.8,Yes,79133110729101040979354156439270499254586169460530893547581424624230600191218,0.01,0.99,0.5,0.98,1.24,1.24,1.24,122.55,122.55,122.55,1,1,
2026-08-16 01:02:12,812501,3407768,Game 1: Both Teams Slay a Dragon?,prop,1,2026-08-16 03:00:00,117.8,No,87080835968360541907825236999430484259205742264350853747971304100745674369240,0.01,0.99,0.5,0.98,1.24,1.24,1.24,122.55,122.55,122.55,1,1,
2026-08-16 01:02:12,812501,3407769,Game 1: Both Teams Destroy Inhibitors?,prop,1,2026-08-16 03:00:00,117.8,Yes,41139893037576161188872686171355639757952754277902695214824790970502190000612,0.01,0.99,0.5,0.98,1.24,1.24,1.24,122.55,122.55,122.55,1,1,
2026-08-16 01:02:12,812501,3407769,Game 1: Both Teams Destroy Inhibitors?,prop,1,2026-08-16 03:00:00,117.8,No,11713257346113337208480784843855658054574586574869772753013260214337317995798,0.01,0.99,0.5,0.98,1.24,1.24,1.24,122.55,122.55,122.55,1,1,
2026-08-16 01:02:12,812501,3407770,Game 1: Any Player Quadra Kill?,prop,1,2026-08-16 03:00:00,117.8,Yes,89699116073306046966497778316057094796992801124411211058742622862658371484340,0.01,0.99,0.5,0.98,0.05,0.05,0.05,4.95,4.95,4.95,1,1,
2026-08-16 01:02:12,812501,3407770,Game 1: Any Player Quadra Kill?,prop,1,2026-08-16 03:00:00,117.8,No,110062225856361250232451733223883585889494582661648143328404444970890540170304,0.01,0.99,0.5,0.98,0.05,0.05,0.05,4.95,4.95,4.95,1,1,
2026-08-16 01:02:12,812501,3407771,Game 1: Any Player Penta Kill?,prop,1,2026-08-16 03:00:00,117.8,Yes,88817477593294431833892116040780787623551401078456392425497729385704534047793,0.01,0.5,0.255,0.49,0.06,0.06,0.06,6.5,6.5,6.5,2,3,15
2026-08-16 01:02:12,812501,3407771,Game 1: Any Player Penta Kill?,prop,1,2026-08-16 03:00:00,117.8,No,87228406489657215756146618888458284422804785033968690974967482020371044943402,0.5,0.99,0.745,0.49,6.5,6.5,6.5,9.95,9.95,9.95,3,2,15
2026-08-16 01:02:12,812501,3407772,Game 1: Odd/Even Total Kills?,odd_even,1,2026-08-16 03:00:00,117.8,Odd,9658086584873290771888578167645806108924909117236645290998179613625891551542,0.49,0.51,0.5,0.02,129.76,129.76,414.37,136.07,136.07,483.94,7,7,
2026-08-16 01:02:12,812501,3407772,Game 1: Odd/Even Total Kills?,odd_even,1,2026-08-16 03:00:00,117.8,Even,83684129425305084306307142763549562651923693209012555176967712625225705220248,0.49,0.51,0.5,0.02,129.76,129.76,414.37,136.07,136.07,483.94,7,7,
2026-08-16 01:02:12,812501,3407773,Game 2: Both Teams Slay Baron Nashor?,prop,2,2026-08-16 03:00:00,117.8,Yes,89297658295572950589193242688452597590018694715450307826825161120216168342242,0.01,0.99,0.5,0.98,1.24,1.24,1.24,122.56,122.56,122.56,1,1,
2026-08-16 01:02:12,812501,3407773,Game 2: Both Teams Slay Baron Nashor?,prop,2,2026-08-16 03:00:00,117.8,No,41370542629085814587327819175960375440467523596272908663943995486002518200858,0.01,0.99,0.5,0.98,1.24,1.24,1.24,122.55,122.55,122.55,1,1,
2026-08-16 01:02:12,812501,3407774,Game 2: Both Teams Slay a Dragon?,prop,2,2026-08-16 03:00:00,117.8,Yes,17213094384783561920447144318373049743601212254959536036565288413982307904891,0.01,0.99,0.5,0.98,1.24,1.24,1.24,122.56,122.56,122.56,1,1,
2026-08-16 01:02:12,812501,3407774,Game 2: Both Teams Slay a Dragon?,prop,2,2026-08-16 03:00:00,117.8,No,107361772230415915958955632622848371567473066269823321881145126999923158623096,0.01,0.99,0.5,0.98,1.24,1.24,1.24,122.55,122.55,122.55,1,1,
2026-08-16 01:02:12,812501,3407775,Game 2: Both Teams Destroy Inhibitors?,prop,2,2026-08-16 03:00:00,117.8,Yes,37085151396073944699750657470272385075014179379747539854914347479603815316699,0.01,0.99,0.5,0.98,1.24,1.24,1.24,122.56,122.56,122.56,1,1,
2026-08-16 01:02:12,812501,3407775,Game 2: Both Teams Destroy Inhibitors?,prop,2,2026-08-16 03:00:00,117.8,No,115153163980740373959185278746365667228368300396797954685717305797766491026714,0.01,0.99,0.5,0.98,1.24,1.24,1.24,122.56,122.56,122.56,1,1,
2026-08-16 01:02:12,812501,3407776,Game 2: Any Player Quadra Kill?,prop,2,2026-08-16 03:00:00,117.8,Yes,92366871030395219227539229526027723469617721035967924535754927351839920760282,0.01,0.99,0.5,0.98,0.05,0.05,0.05,4.95,4.95,4.95,1,1,
2026-08-16 01:02:12,812501,3407776,Game 2: Any Player Quadra Kill?,prop,2,2026-08-16 03:00:00,117.8,No,108131379290397497921034320795187253387625375475492003495114439351232186339057,0.01,0.99,0.5,0.98,0.05,0.05,0.05,4.95,4.95,4.95,1,1,
2026-08-16 01:02:12,812501,3407777,Game 2: Any Player Penta Kill?,prop,2,2026-08-16 03:00:00,117.8,Yes,17979466769376123931528681389233276317538527490930446639079169530069864950578,0.01,0.5,0.255,0.49,0.05,0.05,0.05,20.0,20.0,20.0,1,2,
2026-08-16 01:02:12,812501,3407777,Game 2: Any Player Penta Kill?,prop,2,2026-08-16 03:00:00,117.8,No,98518636466579073594826930528319759549288909542166508168276302065256239237641,0.5,0.99,0.745,0.49,20.0,20.0,20.0,4.95,4.95,4.95,2,1,
2026-08-16 01:02:12,812501,3407778,Game 2: Odd/Even Total Kills?,odd_even,2,2026-08-16 03:00:00,117.8,Odd,59779735910433430026922845250121216304233262452139448197463634726945263917642,0.49,0.51,0.5,0.02,129.76,129.76,414.37,136.07,136.07,483.94,7,7,
2026-08-16 01:02:12,812501,3407778,Game 2: Odd/Even Total Kills?,odd_even,2,2026-08-16 03:00:00,117.8,Even,63820986229538783051704393626483275773639389915746997330375253931539704114052,0.49,0.51,0.5,0.02,129.76,129.76,414.37,136.07,136.07,483.94,7,7,
2026-08-16 01:02:12,812501,3407779,Game 3: Both Teams Slay Baron Nashor?,prop,3,2026-08-16 03:00:00,117.8,Yes,113252981035414606041270247891785674937112739878099898576536010241670893541263,0.01,0.99,0.5,0.98,1.24,1.24,1.24,122.55,122.55,122.55,1,1,
2026-08-16 01:02:12,812501,3407779,Game 3: Both Teams Slay Baron Nashor?,prop,3,2026-08-16 03:00:00,117.8,No,80269374401740033283890248739835625511400013599013392298323688208415881374403,0.01,0.99,0.5,0.98,1.24,1.24,1.24,122.55,122.55,122.55,1,1,
2026-08-16 01:02:12,812501,3407780,Game 3: Both Teams Slay a Dragon?,prop,3,2026-08-16 03:00:00,117.8,Yes,48391266703243630062101276354060508850367984077172049881809538405140552864794,0.01,0.99,0.5,0.98,1.15,1.15,1.15,122.56,122.56,122.56,1,1,
2026-08-16 01:02:12,812501,3407780,Game 3: Both Teams Slay a Dragon?,prop,3,2026-08-16 03:00:00,117.8,No,60057711611640343525293620284391058123978522706360481026432587479418071602197,0.01,0.99,0.5,0.98,1.24,1.24,1.24,114.34,114.34,114.34,1,1,
2026-08-16 01:02:12,812501,3407781,Game 3: Both Teams Destroy Inhibitors?,prop,3,2026-08-16 03:00:00,117.8,Yes,39542350196021563282639112300447540076267664844340741091676361618690741390605,0.01,0.99,0.5,0.98,1.24,1.24,1.24,122.56,122.56,122.56,1,1,
2026-08-16 01:02:12,812501,3407781,Game 3: Both Teams Destroy Inhibitors?,prop,3,2026-08-16 03:00:00,117.8,No,91364380906232166017713665249534353715037087368263061017016710270940804207208,0.01,0.99,0.5,0.98,1.24,1.24,1.24,122.55,122.55,122.55,1,1,
2026-08-16 01:02:12,812501,3407782,Game 3: Any Player Quadra Kill?,prop,3,2026-08-16 03:00:00,117.8,Yes,37307632162746025253829849316049566979299478000450149685938586430830071550912,0.02,0.99,0.505,0.97,1.5,1.5,1.5,4.95,4.95,4.95,2,1,
2026-08-16 01:02:12,812501,3407782,Game 3: Any Player Quadra Kill?,prop,3,2026-08-16 03:00:00,117.8,No,63982252988628134667878426985084368415157271810425345961600074461416139881254,0.01,0.99,0.5,0.98,0.05,0.05,0.05,4.95,4.95,4.95,1,1,
2026-08-16 01:02:12,812501,3407783,Game 3: Any Player Penta Kill?,prop,3,2026-08-16 03:00:00,117.8,Yes,70747408516516735967153070084967598515783840448108993307182613154174484046545,0.05,0.99,0.52,0.94,28.65,28.65,28.7,4.95,4.95,4.95,2,1,
2026-08-16 01:02:12,812501,3407783,Game 3: Any Player Penta Kill?,prop,3,2026-08-16 03:00:00,117.8,No,61690140592430459017872087614812557860059428369264397142831763490231186466635,0.01,0.95,0.48,0.94,0.05,0.05,0.05,544.35,544.35,549.3,1,2,
2026-08-16 01:02:12,812501,3407784,Game 3: Odd/Even Total Kills?,odd_even,3,2026-08-16 03:00:00,117.8,Odd,98933627551267508447263863349434570031436709045139598213619410896491820344484,0.49,0.51,0.5,0.02,129.76,129.76,414.37,136.07,136.07,483.94,8,8,57
2026-08-16 01:02:12,812501,3407784,Game 3: Odd/Even Total Kills?,odd_even,3,2026-08-16 03:00:00,117.8,Even,108512589332558883006762920479152265565445840370520718453759163242503924433460,0.49,0.51,0.5,0.02,129.76,129.76,414.37,136.07,136.07,483.94,8,8,57
2026-08-16 01:07:35,812501,3407762,LoL: T1 Academy vs DN SOOPers Challengers - Game 1 Winner,map,1,2026-08-16 03:00:00,112.4,T1 Academy,73064582482235014598278036393310819830718392444970483545371753650678400834736,0.57,0.58,0.575,0.01,1234.65,3035.07,3967.21,1457.31,2972.39,4537.0,39,34,12536.605515
2026-08-16 01:07:35,812501,3407762,LoL: T1 Academy vs DN SOOPers Challengers - Game 1 Winner,map,1,2026-08-16 03:00:00,112.4,DN SOOPers Challengers,44224995904119349774883897648437602028511976750577753161233745822302188026009,0.42,0.43,0.425,0.01,1016.27,2018.28,2953.04,968.76,2471.34,3326.39,34,39,12536.605515
2026-08-16 01:07:35,812501,3407763,LoL: T1 Academy vs DN SOOPers Challengers - Game 2 Winner,map,2,2026-08-16 03:00:00,112.4,T1 Academy,95353452252504879943365852237238076881007218537823436733287745422250853187273,0.57,0.58,0.575,0.01,401.45,2729.68,2980.64,5074.36,5992.93,8225.38,23,27,1539.4720309999998
2026-08-16 01:07:35,812501,3407763,LoL: T1 Academy vs DN SOOPers Challengers - Game 2 Winner,map,2,2026-08-16 03:00:00,112.4,DN SOOPers Challengers,99458406464843999033426214685546564937703458262249894941487909247317378751500,0.42,0.43,0.425,0.01,3644.82,4234.55,5557.02,313.55,2243.44,2465.99,27,23,1539.4720309999998
2026-08-16 01:07:35,812501,3407764,LoL: T1 Academy vs DN SOOPers Challengers (BO3) - LCK Challengers League Rounds 3-4 Challenge Group,series,,2026-08-16 03:00:00,112.4,T1 Academy,47149118006951667535600667260288389920280393498307875124395202668413731841386,0.64,0.65,0.645,0.01,1712.55,3142.57,5302.11,9540.61,12796.2,12879.0,50,25,17334.593941
2026-08-16 01:07:35,812501,3407764,LoL: T1 Academy vs DN SOOPers Challengers (BO3) - LCK Challengers League Rounds 3-4 Challenge Group,series,,2026-08-16 03:00:00,112.4,DN SOOPers Challengers,35771467724294116916325429263618132001025645920509860605241357593060072915080,0.35,0.36,0.355,0.01,5060.06,6663.57,6700.77,965.65,1859.41,3348.77,25,50,17334.593941
2026-08-16 01:07:35,812501,3407765,Games Total: O/U 2.5,total_games,,2026-08-16 03:00:00,112.4,Over,28472689572385395046814959443344867949877348180594356550677806556781097456645,0.47,0.48,0.475,0.01,326.05,1048.8,1960.65,33.0,710.9,2027.29,24,19,1828.322548
2026-08-16 01:07:35,812501,3407765,Games Total: O/U 2.5,total_games,,2026-08-16 03:00:00,112.4,Under,60445358403756320386117803063638244982681533893147355431057150905897946227833,0.52,0.53,0.525,0.01,34.72,693.77,1905.29,371.82,1281.39,2501.47,19,23,1828.322548
2026-08-16 01:07:35,812501,3407766,Game Handicap: T1.A (-1.5) vs DN SOOPers Challengers (+1.5),handicap,,2026-08-16 03:00:00,112.4,T1 Academy,84157633848545715495802069650574598688014859523476823863021692534294083596234,0.35,0.36,0.355,0.01,43.38,913.5,1152.5,186.8,437.3,1059.6,22,24,2772.972761
2026-08-16 01:07:35,812501,3407766,Game Handicap: T1.A (-1.5) vs DN SOOPers Challengers (+1.5),handicap,,2026-08-16 03:00:00,112.4,DN SOOPers Challengers,59885163287384748425978349155060122398367607750229429662790248778661914966815,0.64,0.65,0.645,0.01,318.2,717.7,1625.4,83.42,1881.82,2422.82,24,22,2772.972761
2026-08-16 01:07:35,812501,3407767,Game 1: Both Teams Slay Baron Nashor?,prop,1,2026-08-16 03:00:00,112.4,Yes,98101395767675076675527407445074221726108082242766140122999013673078296924579,0.01,0.99,0.5,0.98,1.24,1.24,1.24,122.55,122.55,122.55,1,1,
2026-08-16 01:07:35,812501,3407767,Game 1: Both Teams Slay Baron Nashor?,prop,1,2026-08-16 03:00:00,112.4,No,87290422765316042161691235931778600664413826002993109373647521758362141675985,0.01,0.99,0.5,0.98,1.24,1.24,1.24,122.56,122.56,122.56,1,1,
2026-08-16 01:07:35,812501,3407768,Game 1: Both Teams Slay a Dragon?,prop,1,2026-08-16 03:00:00,112.4,Yes,79133110729101040979354156439270499254586169460530893547581424624230600191218,0.01,0.99,0.5,0.98,1.24,1.24,1.24,122.55,122.55,122.55,1,1,
2026-08-16 01:07:35,812501,3407768,Game 1: Both Teams Slay a Dragon?,prop,1,2026-08-16 03:00:00,112.4,No,87080835968360541907825236999430484259205742264350853747971304100745674369240,0.01,0.99,0.5,0.98,1.24,1.24,1.24,122.55,122.55,122.55,1,1,
2026-08-16 01:07:35,812501,3407769,Game 1: Both Teams Destroy Inhibitors?,prop,1,2026-08-16 03:00:00,112.4,Yes,41139893037576161188872686171355639757952754277902695214824790970502190000612,0.01,0.99,0.5,0.98,1.24,1.24,1.24,122.55,122.55,122.55,1,1,
2026-08-16 01:07:35,812501,3407769,Game 1: Both Teams Destroy Inhibitors?,prop,1,2026-08-16 03:00:00,112.4,No,11713257346113337208480784843855658054574586574869772753013260214337317995798,0.01,0.99,0.5,0.98,1.24,1.24,1.24,122.55,122.55,122.55,1,1,
2026-08-16 01:07:35,812501,3407770,Game 1: Any Player Quadra Kill?,prop,1,2026-08-16 03:00:00,112.4,Yes,89699116073306046966497778316057094796992801124411211058742622862658371484340,0.01,0.99,0.5,0.98,0.05,0.05,0.05,4.95,4.95,4.95,1,1,
2026-08-16 01:07:35,812501,3407770,Game 1: Any Player Quadra Kill?,prop,1,2026-08-16 03:00:00,112.4,No,110062225856361250232451733223883585889494582661648143328404444970890540170304,0.01,0.99,0.5,0.98,0.05,0.05,0.05,4.95,4.95,4.95,1,1,
2026-08-16 01:07:35,812501,3407771,Game 1: Any Player Penta Kill?,prop,1,2026-08-16 03:00:00,112.4,Yes,88817477593294431833892116040780787623551401078456392425497729385704534047793,0.01,0.5,0.255,0.49,0.06,0.06,0.06,6.5,6.5,6.5,2,3,15
2026-08-16 01:07:35,812501,3407771,Game 1: Any Player Penta Kill?,prop,1,2026-08-16 03:00:00,112.4,No,87228406489657215756146618888458284422804785033968690974967482020371044943402,0.5,0.99,0.745,0.49,6.5,6.5,6.5,9.95,9.95,9.95,3,2,15
2026-08-16 01:07:35,812501,3407772,Game 1: Odd/Even Total Kills?,odd_even,1,2026-08-16 03:00:00,112.4,Odd,9658086584873290771888578167645806108924909117236645290998179613625891551542,0.49,0.51,0.5,0.02,129.76,129.76,414.37,136.07,136.07,483.94,7,7,
2026-08-16 01:07:35,812501,3407772,Game 1: Odd/Even Total Kills?,odd_even,1,2026-08-16 03:00:00,112.4,Even,83684129425305084306307142763549562651923693209012555176967712625225705220248,0.49,0.51,0.5,0.02,129.76,129.76,414.37,136.07,136.07,483.94,7,7,
2026-08-16 01:07:35,812501,3407773,Game 2: Both Teams Slay Baron Nashor?,prop,2,2026-08-16 03:00:00,112.4,Yes,89297658295572950589193242688452597590018694715450307826825161120216168342242,0.01,0.99,0.5,0.98,1.24,1.24,1.24,122.56,122.56,122.56,1,1,
2026-08-16 01:07:35,812501,3407773,Game 2: Both Teams Slay Baron Nashor?,prop,2,2026-08-16 03:00:00,112.4,No,41370542629085814587327819175960375440467523596272908663943995486002518200858,0.01,0.99,0.5,0.98,0.1,0.1,0.1,122.55,122.55,122.55,1,1,
2026-08-16 01:07:35,812501,3407774,Game 2: Both Teams Slay a Dragon?,prop,2,2026-08-16 03:00:00,112.4,Yes,17213094384783561920447144318373049743601212254959536036565288413982307904891,0.01,0.99,0.5,0.98,1.24,1.24,1.24,122.56,122.56,122.56,1,1,
2026-08-16 01:07:35,812501,3407774,Game 2: Both Teams Slay a Dragon?,prop,2,2026-08-16 03:00:00,112.4,No,107361772230415915958955632622848371567473066269823321881145126999923158623096,0.01,0.99,0.5,0.98,1.24,1.24,1.24,122.55,122.55,122.55,1,1,
2026-08-16 01:07:35,812501,3407775,Game 2: Both Teams Destroy Inhibitors?,prop,2,2026-08-16 03:00:00,112.4,Yes,37085151396073944699750657470272385075014179379747539854914347479603815316699,0.01,0.99,0.5,0.98,1.24,1.24,1.24,122.56,122.56,122.56,1,1,
2026-08-16 01:07:35,812501,3407775,Game 2: Both Teams Destroy Inhibitors?,prop,2,2026-08-16 03:00:00,112.4,No,115153163980740373959185278746365667228368300396797954685717305797766491026714,0.01,0.99,0.5,0.98,1.24,1.24,1.24,122.56,122.56,122.56,1,1,
2026-08-16 01:07:35,812501,3407776,Game 2: Any Player Quadra Kill?,prop,2,2026-08-16 03:00:00,112.4,Yes,92366871030395219227539229526027723469617721035967924535754927351839920760282,0.01,0.99,0.5,0.98,0.05,0.05,0.05,4.95,4.95,4.95,1,1,
2026-08-16 01:07:35,812501,3407776,Game 2: Any Player Quadra Kill?,prop,2,2026-08-16 03:00:00,112.4,No,108131379290397497921034320795187253387625375475492003495114439351232186339057,0.01,0.99,0.5,0.98,0.05,0.05,0.05,4.95,4.95,4.95,1,1,
2026-08-16 01:07:35,812501,3407777,Game 2: Any Player Penta Kill?,prop,2,2026-08-16 03:00:00,112.4,Yes,17979466769376123931528681389233276317538527490930446639079169530069864950578,0.01,0.5,0.255,0.49,0.05,0.05,0.05,20.0,20.0,20.0,1,2,
2026-08-16 01:07:35,812501,3407777,Game 2: Any Player Penta Kill?,prop,2,2026-08-16 03:00:00,112.4,No,98518636466579073594826930528319759549288909542166508168276302065256239237641,0.5,0.99,0.745,0.49,20.0,20.0,20.0,4.95,4.95,4.95,2,1,
2026-08-16 01:07:35,812501,3407778,Game 2: Odd/Even Total Kills?,odd_even,2,2026-08-16 03:00:00,112.4,Odd,59779735910433430026922845250121216304233262452139448197463634726945263917642,0.49,0.51,0.5,0.02,129.76,129.76,414.37,136.07,136.07,483.94,8,8,
2026-08-16 01:07:35,812501,3407778,Game 2: Odd/Even Total Kills?,odd_even,2,2026-08-16 03:00:00,112.4,Even,63820986229538783051704393626483275773639389915746997330375253931539704114052,0.49,0.51,0.5,0.02,129.76,129.76,414.37,136.07,136.07,483.94,8,8,
2026-08-16 01:07:35,812501,3407779,Game 3: Both Teams Slay Baron Nashor?,prop,3,2026-08-16 03:00:00,112.4,Yes,113252981035414606041270247891785674937112739878099898576536010241670893541263,0.01,0.99,0.5,0.98,1.24,1.24,1.24,122.55,122.55,122.55,1,1,
2026-08-16 01:07:35,812501,3407779,Game 3: Both Teams Slay Baron Nashor?,prop,3,2026-08-16 03:00:00,112.4,No,80269374401740033283890248739835625511400013599013392298323688208415881374403,0.01,0.99,0.5,0.98,1.24,1.24,1.24,122.55,122.55,122.55,1,1,
2026-08-16 01:07:35,812501,3407780,Game 3: Both Teams Slay a Dragon?,prop,3,2026-08-16 03:00:00,112.4,Yes,48391266703243630062101276354060508850367984077172049881809538405140552864794,0.01,0.99,0.5,0.98,1.24,1.24,1.24,122.56,122.56,122.56,1,1,
2026-08-16 01:07:35,812501,3407780,Game 3: Both Teams Slay a Dragon?,prop,3,2026-08-16 03:00:00,112.4,No,60057711611640343525293620284391058123978522706360481026432587479418071602197,0.01,0.99,0.5,0.98,1.24,1.24,1.24,122.55,122.55,122.55,1,1,
2026-08-16 01:07:35,812501,3407781,Game 3: Both Teams Destroy Inhibitors?,prop,3,2026-08-16 03:00:00,112.4,Yes,39542350196021563282639112300447540076267664844340741091676361618690741390605,0.01,0.99,0.5,0.98,1.24,1.24,1.24,122.56,122.56,122.56,1,1,
2026-08-16 01:07:35,812501,3407781,Game 3: Both Teams Destroy Inhibitors?,prop,3,2026-08-16 03:00:00,112.4,No,91364380906232166017713665249534353715037087368263061017016710270940804207208,0.01,0.99,0.5,0.98,1.24,1.24,1.24,122.55,122.55,122.55,1,1,
2026-08-16 01:07:35,812501,3407782,Game 3: Any Player Quadra Kill?,prop,3,2026-08-16 03:00:00,112.4,Yes,37307632162746025253829849316049566979299478000450149685938586430830071550912,0.01,0.99,0.5,0.98,0.05,0.05,0.05,4.95,4.95,4.95,1,1,
2026-08-16 01:07:35,812501,3407782,Game 3: Any Player Quadra Kill?,prop,3,2026-08-16 03:00:00,112.4,No,63982252988628134667878426985084368415157271810425345961600074461416139881254,0.01,0.99,0.5,0.98,0.05,0.05,0.05,4.95,4.95,4.95,1,1,
2026-08-16 01:07:35,812501,3407783,Game 3: Any Player Penta Kill?,prop,3,2026-08-16 03:00:00,112.4,Yes,70747408516516735967153070084967598515783840448108993307182613154174484046545,0.05,0.99,0.52,0.94,28.65,28.65,28.7,4.95,4.95,4.95,2,1,
2026-08-16 01:07:35,812501,3407783,Game 3: Any Player Penta Kill?,prop,3,2026-08-16 03:00:00,112.4,No,61690140592430459017872087614812557860059428369264397142831763490231186466635,0.01,0.95,0.48,0.94,0.05,0.05,0.05,544.35,544.35,549.3,1,2,
2026-08-16 01:07:35,812501,3407784,Game 3: Odd/Even Total Kills?,odd_even,3,2026-08-16 03:00:00,112.4,Odd,98933627551267508447263863349434570031436709045139598213619410896491820344484,0.49,0.51,0.5,0.02,129.76,129.76,414.37,136.07,136.07,483.94,8,8,57
2026-08-16 01:07:35,812501,3407784,Game 3: Odd/Even Total Kills?,odd_even,3,2026-08-16 03:00:00,112.4,Even,108512589332558883006762920479152265565445840370520718453759163242503924433460,0.49,0.51,0.5,0.02,129.76,129.76,414.37,136.07,136.07,483.94,8,8,57
2026-08-16 01:12:59,812501,3407762,LoL: T1 Academy vs DN SOOPers Challengers - Game 1 Winner,map,1,2026-08-16 03:00:00,107.0,T1 Academy,73064582482235014598278036393310819830718392444970483545371753650678400834736,0.57,0.58,0.575,0.01,1234.65,3007.57,3939.71,1457.31,2942.39,4507.0,37,34,12536.605515
2026-08-16 01:12:59,812501,3407762,LoL: T1 Academy vs DN SOOPers Challengers - Game 1 Winner,map,1,2026-08-16 03:00:00,107.0,DN SOOPers Challengers,44224995904119349774883897648437602028511976750577753161233745822302188026009,0.42,0.43,0.425,0.01,1016.27,1998.28,2933.04,968.76,2448.84,3303.89,34,37,12536.605515
2026-08-16 01:12:59,812501,3407763,LoL: T1 Academy vs DN SOOPers Challengers - Game 2 Winner,map,2,2026-08-16 03:00:00,107.0,T1 Academy,95353452252504879943365852237238076881007218537823436733287745422250853187273,0.57,0.58,0.575,0.01,829.68,2926.06,3074.46,5295.61,6184.18,8416.63,23,27,1539.4720309999998
2026-08-16 01:12:59,812501,3407763,LoL: T1 Academy vs DN SOOPers Challengers - Game 2 Winner,map,2,2026-08-16 03:00:00,107.0,DN SOOPers Challengers,99458406464843999033426214685546564937703458262249894941487909247317378751500,0.42,0.43,0.425,0.01,3798.57,4368.3,5690.77,643.32,2375.72,2507.32,27,23,1539.4720309999998
2026-08-16 01:12:59,812501,3407764,LoL: T1 Academy vs DN SOOPers Challengers (BO3) - LCK Challengers League Rounds 3-4 Challenge Group,series,,2026-08-16 03:00:00,107.0,T1 Academy,47149118006951667535600667260288389920280393498307875124395202668413731841386,0.64,0.65,0.645,0.01,1712.55,3142.57,4859.61,9202.4,11921.99,12004.79,51,25,17334.593941
2026-08-16 01:12:59,812501,3407764,LoL: T1 Academy vs DN SOOPers Challengers (BO3) - LCK Challengers League Rounds 3-4 Challenge Group,series,,2026-08-16 03:00:00,107.0,DN SOOPers Challengers,35771467724294116916325429263618132001025645920509860605241357593060072915080,0.35,0.36,0.355,0.01,4877.95,6217.46,6254.66,965.65,1859.41,3041.27,25,51,17334.593941
2026-08-16 01:12:59,812501,3407765,Games Total: O/U 2.5,total_games,,2026-08-16 03:00:00,107.0,Over,28472689572385395046814959443344867949877348180594356550677806556781097456645,0.47,0.48,0.475,0.01,630.45,1238.0,2149.86,220.2,873.1,2189.49,22,19,1828.322548
2026-08-16 01:12:59,812501,3407765,Games Total: O/U 2.5,total_games,,2026-08-16 03:00:00,107.0,Under,60445358403756320386117803063638244982681533893147355431057150905897946227833,0.52,0.53,0.525,0.01,237.52,871.57,2083.09,723.39,1492.16,2712.23,19,22,1828.322548
2026-08-16 01:12:59,812501,3407766,Game Handicap: T1.A (-1.5) vs DN SOOPers Challengers (+1.5),handicap,,2026-08-16 03:00:00,107.0,T1 Academy,84157633848545715495802069650574598688014859523476823863021692534294083596234,0.35,0.36,0.355,0.01,43.38,1180.06,1419.06,486.68,718.18,1340.48,22,24,2772.972761
2026-08-16 01:12:59,812501,3407766,Game Handicap: T1.A (-1.5) vs DN SOOPers Challengers (+1.5),handicap,,2026-08-16 03:00:00,107.0,DN SOOPers Challengers,59885163287384748425978349155060122398367607750229429662790248778661914966815,0.64,0.65,0.645,0.01,851.32,1219.82,2127.52,83.42,2448.26,2989.26,24,22,2772.972761
2026-08-16 01:12:59,812501,3407767,Game 1: Both Teams Slay Baron Nashor?,prop,1,2026-08-16 03:00:00,107.0,Yes,98101395767675076675527407445074221726108082242766140122999013673078296924579,0.01,0.99,0.5,0.98,1.24,1.24,1.24,122.55,122.55,122.55,1,1,
2026-08-16 01:12:59,812501,3407767,Game 1: Both Teams Slay Baron Nashor?,prop,1,2026-08-16 03:00:00,107.0,No,87290422765316042161691235931778600664413826002993109373647521758362141675985,0.01,0.99,0.5,0.98,1.24,1.24,1.24,122.56,122.56,122.56,1,1,
2026-08-16 01:12:59,812501,3407768,Game 1: Both Teams Slay a Dragon?,prop,1,2026-08-16 03:00:00,107.0,Yes,79133110729101040979354156439270499254586169460530893547581424624230600191218,0.01,0.99,0.5,0.98,1.24,1.24,1.24,122.55,122.55,122.55,1,1,
2026-08-16 01:12:59,812501,3407768,Game 1: Both Teams Slay a Dragon?,prop,1,2026-08-16 03:00:00,107.0,No,87080835968360541907825236999430484259205742264350853747971304100745674369240,0.01,0.99,0.5,0.98,1.24,1.24,1.24,122.55,122.55,122.55,1,1,
2026-08-16 01:12:59,812501,3407769,Game 1: Both Teams Destroy Inhibitors?,prop,1,2026-08-16 03:00:00,107.0,Yes,41139893037576161188872686171355639757952754277902695214824790970502190000612,0.01,0.99,0.5,0.98,1.24,1.24,1.24,122.55,122.55,122.55,1,1,
2026-08-16 01:12:59,812501,3407769,Game 1: Both Teams Destroy Inhibitors?,prop,1,2026-08-16 03:00:00,107.0,No,11713257346113337208480784843855658054574586574869772753013260214337317995798,0.01,0.99,0.5,0.98,1.24,1.24,1.24,122.55,122.55,122.55,1,1,
2026-08-16 01:12:59,812501,3407770,Game 1: Any Player Quadra Kill?,prop,1,2026-08-16 03:00:00,107.0,Yes,89699116073306046966497778316057094796992801124411211058742622862658371484340,0.01,0.99,0.5,0.98,0.05,0.05,0.05,4.95,4.95,4.95,1,1,
2026-08-16 01:12:59,812501,3407770,Game 1: Any Player Quadra Kill?,prop,1,2026-08-16 03:00:00,107.0,No,110062225856361250232451733223883585889494582661648143328404444970890540170304,0.01,0.99,0.5,0.98,0.05,0.05,0.05,4.95,4.95,4.95,1,1,
2026-08-16 01:12:59,812501,3407771,Game 1: Any Player Penta Kill?,prop,1,2026-08-16 03:00:00,107.0,Yes,88817477593294431833892116040780787623551401078456392425497729385704534047793,0.01,0.5,0.255,0.49,0.06,0.06,0.06,6.5,6.5,6.5,2,3,15
2026-08-16 01:12:59,812501,3407771,Game 1: Any Player Penta Kill?,prop,1,2026-08-16 03:00:00,107.0,No,87228406489657215756146618888458284422804785033968690974967482020371044943402,0.5,0.99,0.745,0.49,6.5,6.5,6.5,9.95,9.95,9.95,3,2,15
2026-08-16 01:12:59,812501,3407772,Game 1: Odd/Even Total Kills?,odd_even,1,2026-08-16 03:00:00,107.0,Odd,9658086584873290771888578167645806108924909117236645290998179613625891551542,0.49,0.51,0.5,0.02,105.76,105.76,390.37,110.07,110.07,457.94,7,7,
2026-08-16 01:12:59,812501,3407772,Game 1: Odd/Even Total Kills?,odd_even,1,2026-08-16 03:00:00,107.0,Even,83684129425305084306307142763549562651923693209012555176967712625225705220248,0.49,0.51,0.5,0.02,105.76,105.76,390.37,110.07,110.07,457.94,7,7,
2026-08-16 01:12:59,812501,3407773,Game 2: Both Teams Slay Baron Nashor?,prop,2,2026-08-16 03:00:00,107.0,Yes,89297658295572950589193242688452597590018694715450307826825161120216168342242,0.01,0.99,0.5,0.98,1.24,1.24,1.24,122.56,122.56,122.56,1,1,
2026-08-16 01:12:59,812501,3407773,Game 2: Both Teams Slay Baron Nashor?,prop,2,2026-08-16 03:00:00,107.0,No,41370542629085814587327819175960375440467523596272908663943995486002518200858,0.01,0.99,0.5,0.98,1.24,1.24,1.24,122.55,122.55,122.55,1,1,
2026-08-16 01:12:59,812501,3407774,Game 2: Both Teams Slay a Dragon?,prop,2,2026-08-16 03:00:00,107.0,Yes,17213094384783561920447144318373049743601212254959536036565288413982307904891,0.01,0.99,0.5,0.98,1.24,1.24,1.24,122.56,122.56,122.56,1,1,
2026-08-16 01:12:59,812501,3407774,Game 2: Both Teams Slay a Dragon?,prop,2,2026-08-16 03:00:00,107.0,No,107361772230415915958955632622848371567473066269823321881145126999923158623096,0.01,0.99,0.5,0.98,1.24,1.24,1.24,122.55,122.55,122.55,1,1,
2026-08-16 01:12:59,812501,3407775,Game 2: Both Teams Destroy Inhibitors?,prop,2,2026-08-16 03:00:00,107.0,Yes,37085151396073944699750657470272385075014179379747539854914347479603815316699,0.01,0.99,0.5,0.98,1.24,1.24,1.24,122.56,122.56,122.56,1,1,
2026-08-16 01:12:59,812501,3407775,Game 2: Both Teams Destroy Inhibitors?,prop,2,2026-08-16 03:00:00,107.0,No,115153163980740373959185278746365667228368300396797954685717305797766491026714,0.01,0.99,0.5,0.98,1.24,1.24,1.24,122.56,122.56,122.56,1,1,
2026-08-16 01:12:59,812501,3407776,Game 2: Any Player Quadra Kill?,prop,2,2026-08-16 03:00:00,107.0,Yes,92366871030395219227539229526027723469617721035967924535754927351839920760282,0.01,0.99,0.5,0.98,0.05,0.05,0.05,4.95,4.95,4.95,1,1,
2026-08-16 01:12:59,812501,3407776,Game 2: Any Player Quadra Kill?,prop,2,2026-08-16 03:00:00,107.0,No,108131379290397497921034320795187253387625375475492003495114439351232186339057,0.01,0.99,0.5,0.98,0.05,0.05,0.05,4.95,4.95,4.95,1,1,
2026-08-16 01:12:59,812501,3407777,Game 2: Any Player Penta Kill?,prop,2,2026-08-16 03:00:00,107.0,Yes,17979466769376123931528681389233276317538527490930446639079169530069864950578,0.01,0.5,0.255,0.49,0.05,0.05,0.05,20.0,20.0,20.0,1,2,
2026-08-16 01:12:59,812501,3407777,Game 2: Any Player Penta Kill?,prop,2,2026-08-16 03:00:00,107.0,No,98518636466579073594826930528319759549288909542166508168276302065256239237641,0.5,0.99,0.745,0.49,20.0,20.0,20.0,4.95,4.95,4.95,2,1,
2026-08-16 01:12:59,812501,3407778,Game 2: Odd/Even Total Kills?,odd_even,2,2026-08-16 03:00:00,107.0,Odd,59779735910433430026922845250121216304233262452139448197463634726945263917642,0.49,0.51,0.5,0.02,105.76,105.76,390.37,110.07,110.07,457.94,7,7,
2026-08-16 01:12:59,812501,3407778,Game 2: Odd/Even Total Kills?,odd_even,2,2026-08-16 03:00:00,107.0,Even,63820986229538783051704393626483275773639389915746997330375253931539704114052,0.49,0.51,0.5,0.02,105.76,105.76,390.37,110.07,110.07,457.94,7,7,
2026-08-16 01:12:59,812501,3407779,Game 3: Both Teams Slay Baron Nashor?,prop,3,2026-08-16 03:00:00,107.0,Yes,113252981035414606041270247891785674937112739878099898576536010241670893541263,0.01,0.99,0.5,0.98,1.24,1.24,1.24,122.55,122.55,122.55,1,1,
2026-08-16 01:12:59,812501,3407779,Game 3: Both Teams Slay Baron Nashor?,prop,3,2026-08-16 03:00:00,107.0,No,80269374401740033283890248739835625511400013599013392298323688208415881374403,0.01,0.99,0.5,0.98,1.24,1.24,1.24,122.55,122.55,122.55,1,1,
2026-08-16 01:12:59,812501,3407780,Game 3: Both Teams Slay a Dragon?,prop,3,2026-08-16 03:00:00,107.0,Yes,48391266703243630062101276354060508850367984077172049881809538405140552864794,0.01,0.99,0.5,0.98,1.24,1.24,1.24,122.56,122.56,122.56,1,1,
2026-08-16 01:12:59,812501,3407780,Game 3: Both Teams Slay a Dragon?,prop,3,2026-08-16 03:00:00,107.0,No,60057711611640343525293620284391058123978522706360481026432587479418071602197,0.01,0.99,0.5,0.98,1.24,1.24,1.24,122.55,122.55,122.55,1,1,
2026-08-16 01:12:59,812501,3407781,Game 3: Both Teams Destroy Inhibitors?,prop,3,2026-08-16 03:00:00,107.0,Yes,39542350196021563282639112300447540076267664844340741091676361618690741390605,0.01,0.99,0.5,0.98,1.24,1.24,1.24,122.56,122.56,122.56,1,1,
2026-08-16 01:12:59,812501,3407781,Game 3: Both Teams Destroy Inhibitors?,prop,3,2026-08-16 03:00:00,107.0,No,91364380906232166017713665249534353715037087368263061017016710270940804207208,0.01,0.99,0.5,0.98,1.24,1.24,1.24,122.55,122.55,122.55,1,1,
2026-08-16 01:12:59,812501,3407782,Game 3: Any Player Quadra Kill?,prop,3,2026-08-16 03:00:00,107.0,Yes,37307632162746025253829849316049566979299478000450149685938586430830071550912,0.02,0.99,0.505,0.97,11.51,11.51,11.51,4.95,4.95,4.95,2,1,
2026-08-16 01:12:59,812501,3407782,Game 3: Any Player Quadra Kill?,prop,3,2026-08-16 03:00:00,107.0,No,63982252988628134667878426985084368415157271810425345961600074461416139881254,0.01,0.98,0.495,0.97,0.05,0.05,0.05,566.49,566.49,566.49,1,2,
2026-08-16 01:12:59,812501,3407783,Game 3: Any Player Penta Kill?,prop,3,2026-08-16 03:00:00,107.0,Yes,70747408516516735967153070084967598515783840448108993307182613154174484046545,0.05,0.99,0.52,0.94,28.65,28.65,28.7,4.95,4.95,4.95,2,1,
2026-08-16 01:12:59,812501,3407783,Game 3: Any Player Penta Kill?,prop,3,2026-08-16 03:00:00,107.0,No,61690140592430459017872087614812557860059428369264397142831763490231186466635,0.01,0.95,0.48,0.94,0.05,0.05,0.05,544.35,544.35,549.3,1,2,
2026-08-16 01:12:59,812501,3407784,Game 3: Odd/Even Total Kills?,odd_even,3,2026-08-16 03:00:00,107.0,Odd,98933627551267508447263863349434570031436709045139598213619410896491820344484,0.49,0.51,0.5,0.02,105.76,105.76,390.37,110.07,110.07,457.94,7,7,57
2026-08-16 01:12:59,812501,3407784,Game 3: Odd/Even Total Kills?,odd_even,3,2026-08-16 03:00:00,107.0,Even,108512589332558883006762920479152265565445840370520718453759163242503924433460,0.49,0.51,0.5,0.02,105.76,105.76,390.37,110.07,110.07,457.94,7,7,57
2026-08-16 01:18:21,812501,3407762,LoL: T1 Academy vs DN SOOPers Challengers - Game 1 Winner,map,1,2026-08-16 03:00:00,101.6,T1 Academy,73064582482235014598278036393310819830718392444970483545371753650678400834736,0.57,0.58,0.575,0.01,1220.4,3131.92,4012.09,1457.31,2806.66,6084.33,39,35,12536.605515
2026-08-16 01:18:21,812501,3407762,LoL: T1 Academy vs DN SOOPers Challengers - Game 1 Winner,map,1,2026-08-16 03:00:00,101.6,DN SOOPers Challengers,44224995904119349774883897648437602028511976750577753161233745822302188026009,0.42,0.43,0.425,0.01,1016.27,1911.67,3896.37,958.01,2551.49,3355.59,35,39,12536.605515
2026-08-16 01:18:21,812501,3407763,LoL: T1 Academy vs DN SOOPers Challengers - Game 2 Winner,map,2,2026-08-16 03:00:00,101.6,T1 Academy,95353452252504879943365852237238076881007218537823436733287745422250853187273,0.57,0.58,0.575,0.01,829.68,2942.56,3075.06,5289.81,6184.38,8416.83,23,27,1539.4720309999998
2026-08-16 01:18:21,812501,3407763,LoL: T1 Academy vs DN SOOPers Challengers - Game 2 Winner,map,2,2026-08-16 03:00:00,101.6,DN SOOPers Challengers,99458406464843999033426214685546564937703458262249894941487909247317378751500,0.42,0.43,0.425,0.01,3794.37,4368.1,5690.57,643.32,2389.22,2506.72,27,23,1539.4720309999998
2026-08-16 01:18:21,812501,3407764,LoL: T1 Academy vs DN SOOPers Challengers (BO3) - LCK Challengers League Rounds 3-4 Challenge Group,series,,2026-08-16 03:00:00,101.6,T1 Academy,47149118006951667535600667260288389920280393498307875124395202668413731841386,0.64,0.65,0.645,0.01,1605.73,3035.75,5195.29,8840.35,12062.44,12145.24,49,26,17334.593941
2026-08-16 01:18:21,812501,3407764,LoL: T1 Academy vs DN SOOPers Challengers (BO3) - LCK Challengers League Rounds 3-4 Challenge Group,series,,2026-08-16 03:00:00,101.6,DN SOOPers Challengers,35771467724294116916325429263618132001025645920509860605241357593060072915080,0.35,0.36,0.355,0.01,4683.0,6270.01,6307.21,905.88,1799.64,3289.0,26,49,17334.593941
2026-08-16 01:18:21,812501,3407765,Games Total: O/U 2.5,total_games,,2026-08-16 03:00:00,101.6,Over,28472689572385395046814959443344867949877348180594356550677806556781097456645,0.47,0.48,0.475,0.01,630.45,1238.0,2149.86,220.2,873.1,2189.49,21,19,1828.322548
2026-08-16 01:18:21,812501,3407765,Games Total: O/U 2.5,total_games,,2026-08-16 03:00:00,101.6,Under,60445358403756320386117803063638244982681533893147355431057150905897946227833,0.52,0.53,0.525,0.01,237.52,871.57,2083.09,723.39,1492.16,2712.23,19,21,1828.322548
2026-08-16 01:18:21,812501,3407766,Game Handicap: T1.A (-1.5) vs DN SOOPers Challengers (+1.5),handicap,,2026-08-16 03:00:00,101.6,T1 Academy,84157633848545715495802069650574598688014859523476823863021692534294083596234,0.35,0.36,0.355,0.01,43.38,1189.66,1419.66,486.68,718.18,1328.18,22,25,2772.972761
2026-08-16 01:18:21,812501,3407766,Game Handicap: T1.A (-1.5) vs DN SOOPers Challengers (+1.5),handicap,,2026-08-16 03:00:00,101.6,DN SOOPers Challengers,59885163287384748425978349155060122398367607750229429662790248778661914966815,0.64,0.65,0.645,0.01,851.32,1219.82,2109.82,83.42,2468.66,2988.66,25,22,2772.972761
2026-08-16 01:18:21,812501,3407767,Game 1: Both Teams Slay Baron Nashor?,prop,1,2026-08-16 03:00:00,101.6,Yes,98101395767675076675527407445074221726108082242766140122999013673078296924579,0.01,0.99,0.5,0.98,1.24,1.24,1.24,122.55,122.55,122.55,1,1,
2026-08-16 01:18:21,812501,3407767,Game 1: Both Teams Slay Baron Nashor?,prop,1,2026-08-16 03:00:00,101.6,No,87290422765316042161691235931778600664413826002993109373647521758362141675985,0.01,0.99,0.5,0.98,1.24,1.24,1.24,122.56,122.56,122.56,1,1,
2026-08-16 01:18:21,812501,3407768,Game 1: Both Teams Slay a Dragon?,prop,1,2026-08-16 03:00:00,101.6,Yes,79133110729101040979354156439270499254586169460530893547581424624230600191218,0.01,0.99,0.5,0.98,1.24,1.24,1.24,122.55,122.55,122.55,1,1,
2026-08-16 01:18:21,812501,3407768,Game 1: Both Teams Slay a Dragon?,prop,1,2026-08-16 03:00:00,101.6,No,87080835968360541907825236999430484259205742264350853747971304100745674369240,0.01,0.99,0.5,0.98,1.24,1.24,1.24,122.55,122.55,122.55,1,1,
2026-08-16 01:18:21,812501,3407769,Game 1: Both Teams Destroy Inhibitors?,prop,1,2026-08-16 03:00:00,101.6,Yes,41139893037576161188872686171355639757952754277902695214824790970502190000612,0.01,0.99,0.5,0.98,1.24,1.24,1.24,122.55,122.55,122.55,1,1,
2026-08-16 01:18:21,812501,3407769,Game 1: Both Teams Destroy Inhibitors?,prop,1,2026-08-16 03:00:00,101.6,No,11713257346113337208480784843855658054574586574869772753013260214337317995798,0.01,0.99,0.5,0.98,1.24,1.24,1.24,122.55,122.55,122.55,1,1,
2026-08-16 01:18:21,812501,3407770,Game 1: Any Player Quadra Kill?,prop,1,2026-08-16 03:00:00,101.6,Yes,89699116073306046966497778316057094796992801124411211058742622862658371484340,0.01,0.99,0.5,0.98,0.05,0.05,0.05,4.95,4.95,4.95,1,1,
2026-08-16 01:18:21,812501,3407770,Game 1: Any Player Quadra Kill?,prop,1,2026-08-16 03:00:00,101.6,No,110062225856361250232451733223883585889494582661648143328404444970890540170304,0.01,0.99,0.5,0.98,0.05,0.05,0.05,4.95,4.95,4.95,1,1,
2026-08-16 01:18:21,812501,3407771,Game 1: Any Player Penta Kill?,prop,1,2026-08-16 03:00:00,101.6,Yes,88817477593294431833892116040780787623551401078456392425497729385704534047793,0.01,0.5,0.255,0.49,0.06,0.06,0.06,6.5,6.5,6.5,2,3,15
2026-08-16 01:18:21,812501,3407771,Game 1: Any Player Penta Kill?,prop,1,2026-08-16 03:00:00,101.6,No,87228406489657215756146618888458284422804785033968690974967482020371044943402,0.5,0.99,0.745,0.49,6.5,6.5,6.5,9.95,9.95,9.95,3,2,15
2026-08-16 01:18:21,812501,3407772,Game 1: Odd/Even Total Kills?,odd_even,1,2026-08-16 03:00:00,101.6,Odd,9658086584873290771888578167645806108924909117236645290998179613625891551542,0.49,0.51,0.5,0.02,105.76,105.76,390.37,110.07,110.07,457.94,7,7,
2026-08-16 01:18:21,812501,3407772,Game 1: Odd/Even Total Kills?,odd_even,1,2026-08-16 03:00:00,101.6,Even,83684129425305084306307142763549562651923693209012555176967712625225705220248,0.49,0.51,0.5,0.02,105.76,105.76,390.37,110.07,110.07,457.94,7,7,
2026-08-16 01:18:21,812501,3407773,Game 2: Both Teams Slay Baron Nashor?,prop,2,2026-08-16 03:00:00,101.6,Yes,89297658295572950589193242688452597590018694715450307826825161120216168342242,0.01,0.99,0.5,0.98,1.24,1.24,1.24,122.56,122.56,122.56,1,1,
2026-08-16 01:18:21,812501,3407773,Game 2: Both Teams Slay Baron Nashor?,prop,2,2026-08-16 03:00:00,101.6,No,41370542629085814587327819175960375440467523596272908663943995486002518200858,0.01,0.99,0.5,0.98,1.24,1.24,1.24,122.55,122.55,122.55,1,1,
2026-08-16 01:18:21,812501,3407774,Game 2: Both Teams Slay a Dragon?,prop,2,2026-08-16 03:00:00,101.6,Yes,17213094384783561920447144318373049743601212254959536036565288413982307904891,0.01,0.99,0.5,0.98,1.24,1.24,1.24,122.56,122.56,122.56,1,1,
2026-08-16 01:18:21,812501,3407774,Game 2: Both Teams Slay a Dragon?,prop,2,2026-08-16 03:00:00,101.6,No,107361772230415915958955632622848371567473066269823321881145126999923158623096,0.01,0.99,0.5,0.98,1.24,1.24,1.24,122.55,122.55,122.55,1,1,
2026-08-16 01:18:21,812501,3407775,Game 2: Both Teams Destroy Inhibitors?,prop,2,2026-08-16 03:00:00,101.6,Yes,37085151396073944699750657470272385075014179379747539854914347479603815316699,0.01,0.98,0.495,0.97,1.24,1.24,1.24,73.67,73.67,73.67,1,2,
2026-08-16 01:18:21,812501,3407775,Game 2: Both Teams Destroy Inhibitors?,prop,2,2026-08-16 03:00:00,101.6,No,115153163980740373959185278746365667228368300396797954685717305797766491026714,0.02,0.99,0.505,0.97,1.24,1.24,1.24,122.56,122.56,122.56,2,1,
2026-08-16 01:18:21,812501,3407776,Game 2: Any Player Quadra Kill?,prop,2,2026-08-16 03:00:00,101.6,Yes,92366871030395219227539229526027723469617721035967924535754927351839920760282,0.01,0.99,0.5,0.98,0.05,0.05,0.05,4.95,4.95,4.95,1,1,
2026-08-16 01:18:21,812501,3407776,Game 2: Any Player Quadra Kill?,prop,2,2026-08-16 03:00:00,101.6,No,108131379290397497921034320795187253387625375475492003495114439351232186339057,0.01,0.99,0.5,0.98,0.05,0.05,0.05,4.95,4.95,4.95,1,1,
2026-08-16 01:18:21,812501,3407777,Game 2: Any Player Penta Kill?,prop,2,2026-08-16 03:00:00,101.6,Yes,17979466769376123931528681389233276317538527490930446639079169530069864950578,0.01,0.5,0.255,0.49,0.05,0.05,0.05,20.0,20.0,20.0,1,2,
2026-08-16 01:18:21,812501,3407777,Game 2: Any Player Penta Kill?,prop,2,2026-08-16 03:00:00,101.6,No,98518636466579073594826930528319759549288909542166508168276302065256239237641,0.5,0.99,0.745,0.49,20.0,20.0,20.0,4.95,4.95,4.95,2,1,
2026-08-16 01:18:21,812501,3407778,Game 2: Odd/Even Total Kills?,odd_even,2,2026-08-16 03:00:00,101.6,Odd,59779735910433430026922845250121216304233262452139448197463634726945263917642,0.49,0.51,0.5,0.02,105.76,105.76,390.37,110.07,110.07,457.94,7,7,
2026-08-16 01:18:21,812501,3407778,Game 2: Odd/Even Total Kills?,odd_even,2,2026-08-16 03:00:00,101.6,Even,63820986229538783051704393626483275773639389915746997330375253931539704114052,0.49,0.51,0.5,0.02,105.76,105.76,390.37,110.07,110.07,457.94,7,7,
2026-08-16 01:18:21,812501,3407779,Game 3: Both Teams Slay Baron Nashor?,prop,3,2026-08-16 03:00:00,101.6,Yes,113252981035414606041270247891785674937112739878099898576536010241670893541263,0.01,0.99,0.5,0.98,1.24,1.24,1.24,122.55,122.55,122.55,1,1,
2026-08-16 01:18:21,812501,3407779,Game 3: Both Teams Slay Baron Nashor?,prop,3,2026-08-16 03:00:00,101.6,No,80269374401740033283890248739835625511400013599013392298323688208415881374403,0.01,0.99,0.5,0.98,1.24,1.24,1.24,122.55,122.55,122.55,1,1,
2026-08-16 01:18:21,812501,3407780,Game 3: Both Teams Slay a Dragon?,prop,3,2026-08-16 03:00:00,101.6,Yes,48391266703243630062101276354060508850367984077172049881809538405140552864794,0.01,0.99,0.5,0.98,1.24,1.24,1.24,122.56,122.56,122.56,1,1,
2026-08-16 01:18:21,812501,3407780,Game 3: Both Teams Slay a Dragon?,prop,3,2026-08-16 03:00:00,101.6,No,60057711611640343525293620284391058123978522706360481026432587479418071602197,0.01,0.99,0.5,0.98,1.24,1.24,1.24,122.55,122.55,122.55,1,1,
2026-08-16 01:18:21,812501,3407781,Game 3: Both Teams Destroy Inhibitors?,prop,3,2026-08-16 03:00:00,101.6,Yes,39542350196021563282639112300447540076267664844340741091676361618690741390605,0.01,0.99,0.5,0.98,1.24,1.24,1.24,122.56,122.56,122.56,1,1,
2026-08-16 01:18:21,812501,3407781,Game 3: Both Teams Destroy Inhibitors?,prop,3,2026-08-16 03:00:00,101.6,No,91364380906232166017713665249534353715037087368263061017016710270940804207208,0.01,0.99,0.5,0.98,1.24,1.24,1.24,122.55,122.55,122.55,1,1,
2026-08-16 01:18:21,812501,3407782,Game 3: Any Player Quadra Kill?,prop,3,2026-08-16 03:00:00,101.6,Yes,37307632162746025253829849316049566979299478000450149685938586430830071550912,0.02,0.99,0.505,0.97,11.51,11.51,11.51,4.95,4.95,4.95,2,1,
2026-08-16 01:18:21,812501,3407782,Game 3: Any Player Quadra Kill?,prop,3,2026-08-16 03:00:00,101.6,No,63982252988628134667878426985084368415157271810425345961600074461416139881254,0.01,0.98,0.495,0.97,0.05,0.05,0.05,566.49,566.49,566.49,1,2,
2026-08-16 01:18:21,812501,3407783,Game 3: Any Player Penta Kill?,prop,3,2026-08-16 03:00:00,101.6,Yes,70747408516516735967153070084967598515783840448108993307182613154174484046545,0.05,0.99,0.52,0.94,28.65,28.65,28.7,4.95,4.95,4.95,2,1,
2026-08-16 01:18:21,812501,3407783,Game 3: Any Player Penta Kill?,prop,3,2026-08-16 03:00:00,101.6,No,61690140592430459017872087614812557860059428369264397142831763490231186466635,0.01,0.95,0.48,0.94,0.05,0.05,0.05,544.35,544.35,549.3,1,2,
2026-08-16 01:18:21,812501,3407784,Game 3: Odd/Even Total Kills?,odd_even,3,2026-08-16 03:00:00,101.6,Odd,98933627551267508447263863349434570031436709045139598213619410896491820344484,0.49,0.51,0.5,0.02,105.76,105.76,390.37,110.07,110.07,457.94,7,7,57
2026-08-16 01:18:21,812501,3407784,Game 3: Odd/Even Total Kills?,odd_even,3,2026-08-16 03:00:00,101.6,Even,108512589332558883006762920479152265565445840370520718453759163242503924433460,0.49,0.51,0.5,0.02,105.76,105.76,390.37,110.07,110.07,457.94,7,7,57
2026-08-16 01:23:45,812501,3407762,LoL: T1 Academy vs DN SOOPers Challengers - Game 1 Winner,map,1,2026-08-16 03:00:00,96.2,T1 Academy,73064582482235014598278036393310819830718392444970483545371753650678400834736,0.57,0.58,0.575,0.01,1625.28,3306.97,4089.47,1457.31,2806.66,6084.33,38,36,12536.605515
2026-08-16 01:23:45,812501,3407762,LoL: T1 Academy vs DN SOOPers Challengers - Game 1 Winner,map,1,2026-08-16 03:00:00,96.2,DN SOOPers Challengers,44224995904119349774883897648437602028511976750577753161233745822302188026009,0.42,0.43,0.425,0.01,1016.27,1911.67,3896.37,1276.13,2673.27,3390.77,36,38,12536.605515
2026-08-16 01:23:45,812501,3407763,LoL: T1 Academy vs DN SOOPers Challengers - Game 2 Winner,map,2,2026-08-16 03:00:00,96.2,T1 Academy,95353452252504879943365852237238076881007218537823436733287745422250853187273,0.57,0.58,0.575,0.01,829.68,2942.56,3075.06,5289.81,6184.38,8416.83,23,27,1539.4720309999998
2026-08-16 01:23:45,812501,3407763,LoL: T1 Academy vs DN SOOPers Challengers - Game 2 Winner,map,2,2026-08-16 03:00:00,96.2,DN SOOPers Challengers,99458406464843999033426214685546564937703458262249894941487909247317378751500,0.42,0.43,0.425,0.01,3794.37,4368.1,5690.57,643.32,2389.22,2506.72,27,23,1539.4720309999998
2026-08-16 01:23:45,812501,3407764,LoL: T1 Academy vs DN SOOPers Challengers (BO3) - LCK Challengers League Rounds 3-4 Challenge Group,series,,2026-08-16 03:00:00,96.2,T1 Academy,47149118006951667535600667260288389920280393498307875124395202668413731841386,0.64,0.65,0.645,0.01,1593.13,3023.15,4740.19,8932.41,11652.0,11734.8,50,28,18511.795202999994
2026-08-16 01:23:45,812501,3407764,LoL: T1 Academy vs DN SOOPers Challengers (BO3) - LCK Challengers League Rounds 3-4 Challenge Group,series,,2026-08-16 03:00:00,96.2,DN SOOPers Challengers,35771467724294116916325429263618132001025645920509860605241357593060072915080,0.35,0.36,0.355,0.01,4732.57,6072.08,6109.28,898.48,1792.24,2974.1,28,50,18511.795202999994
2026-08-16 01:23:45,812501,3407765,Games Total: O/U 2.5,total_games,,2026-08-16 03:00:00,96.2,Over,28472689572385395046814959443344867949877348180594356550677806556781097456645,0.47,0.48,0.475,0.01,625.77,1471.36,2383.21,220.2,873.1,2189.49,21,19,1828.322548
2026-08-16 01:23:45,812501,3407765,Games Total: O/U 2.5,total_games,,2026-08-16 03:00:00,96.2,Under,60445358403756320386117803063638244982681533893147355431057150905897946227833,0.52,0.53,0.525,0.01,237.52,871.57,2083.09,718.1,1789.83,3009.91,19,21,1828.322548
2026-08-16 01:23:45,812501,3407766,Game Handicap: T1.A (-1.5) vs DN SOOPers Challengers (+1.5),handicap,,2026-08-16 03:00:00,96.2,T1 Academy,84157633848545715495802069650574598688014859523476823863021692534294083596234,0.35,0.36,0.355,0.01,43.38,1189.66,1419.66,486.68,718.18,1328.18,23,27,2772.9727609999995
2026-08-16 01:23:45,812501,3407766,Game Handicap: T1.A (-1.5) vs DN SOOPers Challengers (+1.5),handicap,,2026-08-16 03:00:00,96.2,DN SOOPers Challengers,59885163287384748425978349155060122398367607750229429662790248778661914966815,0.64,0.65,0.645,0.01,851.32,1219.82,2109.82,83.42,2468.66,2988.66,27,23,2772.9727609999995
2026-08-16 01:23:45,812501,3407767,Game 1: Both Teams Slay Baron Nashor?,prop,1,2026-08-16 03:00:00,96.2,Yes,98101395767675076675527407445074221726108082242766140122999013673078296924579,0.01,0.99,0.5,0.98,1.24,1.24,1.24,122.55,122.55,122.55,1,1,
2026-08-16 01:23:45,812501,3407767,Game 1: Both Teams Slay Baron Nashor?,prop,1,2026-08-16 03:00:00,96.2,No,87290422765316042161691235931778600664413826002993109373647521758362141675985,0.01,0.99,0.5,0.98,1.24,1.24,1.24,122.56,122.56,122.56,1,1,
2026-08-16 01:23:45,812501,3407768,Game 1: Both Teams Slay a Dragon?,prop,1,2026-08-16 03:00:00,96.2,Yes,79133110729101040979354156439270499254586169460530893547581424624230600191218,0.01,0.99,0.5,0.98,1.24,1.24,1.24,122.55,122.55,122.55,1,1,
2026-08-16 01:23:45,812501,3407768,Game 1: Both Teams Slay a Dragon?,prop,1,2026-08-16 03:00:00,96.2,No,87080835968360541907825236999430484259205742264350853747971304100745674369240,0.01,0.99,0.5,0.98,1.24,1.24,1.24,122.55,122.55,122.55,1,1,
2026-08-16 01:23:45,812501,3407769,Game 1: Both Teams Destroy Inhibitors?,prop,1,2026-08-16 03:00:00,96.2,Yes,41139893037576161188872686171355639757952754277902695214824790970502190000612,0.01,0.99,0.5,0.98,1.24,1.24,1.24,122.55,122.55,122.55,1,1,
2026-08-16 01:23:45,812501,3407769,Game 1: Both Teams Destroy Inhibitors?,prop,1,2026-08-16 03:00:00,96.2,No,11713257346113337208480784843855658054574586574869772753013260214337317995798,0.01,0.99,0.5,0.98,1.24,1.24,1.24,122.55,122.55,122.55,1,1,
2026-08-16 01:23:45,812501,3407770,Game 1: Any Player Quadra Kill?,prop,1,2026-08-16 03:00:00,96.2,Yes,89699116073306046966497778316057094796992801124411211058742622862658371484340,0.01,0.99,0.5,0.98,0.05,0.05,0.05,4.95,4.95,4.95,1,1,
2026-08-16 01:23:45,812501,3407770,Game 1: Any Player Quadra Kill?,prop,1,2026-08-16 03:00:00,96.2,No,110062225856361250232451733223883585889494582661648143328404444970890540170304,0.01,0.99,0.5,0.98,0.05,0.05,0.05,4.95,4.95,4.95,1,1,
2026-08-16 01:23:45,812501,3407771,Game 1: Any Player Penta Kill?,prop,1,2026-08-16 03:00:00,96.2,Yes,88817477593294431833892116040780787623551401078456392425497729385704534047793,0.01,0.5,0.255,0.49,0.06,0.06,0.06,6.5,6.5,6.5,2,3,15
2026-08-16 01:23:45,812501,3407771,Game 1: Any Player Penta Kill?,prop,1,2026-08-16 03:00:00,96.2,No,87228406489657215756146618888458284422804785033968690974967482020371044943402,0.5,0.99,0.745,0.49,6.5,6.5,6.5,9.95,9.95,9.95,3,2,15
2026-08-16 01:23:45,812501,3407772,Game 1: Odd/Even Total Kills?,odd_even,1,2026-08-16 03:00:00,96.2,Odd,9658086584873290771888578167645806108924909117236645290998179613625891551542,0.49,0.51,0.5,0.02,105.76,105.76,390.37,110.07,110.07,457.94,7,7,
2026-08-16 01:23:45,812501,3407772,Game 1: Odd/Even Total Kills?,odd_even,1,2026-08-16 03:00:00,96.2,Even,83684129425305084306307142763549562651923693209012555176967712625225705220248,0.49,0.51,0.5,0.02,105.76,105.76,390.37,110.07,110.07,457.94,7,7,
2026-08-16 01:23:45,812501,3407773,Game 2: Both Teams Slay Baron Nashor?,prop,2,2026-08-16 03:00:00,96.2,Yes,89297658295572950589193242688452597590018694715450307826825161120216168342242,0.01,0.99,0.5,0.98,1.24,1.24,1.24,122.56,122.56,122.56,1,1,
2026-08-16 01:23:45,812501,3407773,Game 2: Both Teams Slay Baron Nashor?,prop,2,2026-08-16 03:00:00,96.2,No,41370542629085814587327819175960375440467523596272908663943995486002518200858,0.01,0.99,0.5,0.98,1.24,1.24,1.24,122.55,122.55,122.55,1,1,
2026-08-16 01:23:45,812501,3407774,Game 2: Both Teams Slay a Dragon?,prop,2,2026-08-16 03:00:00,96.2,Yes,17213094384783561920447144318373049743601212254959536036565288413982307904891,0.01,0.99,0.5,0.98,1.24,1.24,1.24,122.56,122.56,122.56,1,1,
2026-08-16 01:23:45,812501,3407774,Game 2: Both Teams Slay a Dragon?,prop,2,2026-08-16 03:00:00,96.2,No,107361772230415915958955632622848371567473066269823321881145126999923158623096,0.01,0.99,0.5,0.98,1.24,1.24,1.24,122.55,122.55,122.55,1,1,
2026-08-16 01:23:45,812501,3407775,Game 2: Both Teams Destroy Inhibitors?,prop,2,2026-08-16 03:00:00,96.2,Yes,37085151396073944699750657470272385075014179379747539854914347479603815316699,0.01,0.99,0.5,0.98,1.24,1.24,1.24,122.56,122.56,122.56,1,1,
2026-08-16 01:23:45,812501,3407775,Game 2: Both Teams Destroy Inhibitors?,prop,2,2026-08-16 03:00:00,96.2,No,115153163980740373959185278746365667228368300396797954685717305797766491026714,0.01,0.99,0.5,0.98,1.24,1.24,1.24,122.56,122.56,122.56,1,1,
2026-08-16 01:23:45,812501,3407776,Game 2: Any Player Quadra Kill?,prop,2,2026-08-16 03:00:00,96.2,Yes,92366871030395219227539229526027723469617721035967924535754927351839920760282,0.01,0.99,0.5,0.98,0.05,0.05,0.05,4.95,4.95,4.95,1,1,
2026-08-16 01:23:45,812501,3407776,Game 2: Any Player Quadra Kill?,prop,2,2026-08-16 03:00:00,96.2,No,108131379290397497921034320795187253387625375475492003495114439351232186339057,0.01,0.99,0.5,0.98,0.05,0.05,0.05,4.95,4.95,4.95,1,1,
2026-08-16 01:23:45,812501,3407777,Game 2: Any Player Penta Kill?,prop,2,2026-08-16 03:00:00,96.2,Yes,17979466769376123931528681389233276317538527490930446639079169530069864950578,0.01,0.5,0.255,0.49,0.05,0.05,0.05,20.0,20.0,20.0,1,2,
2026-08-16 01:23:45,812501,3407777,Game 2: Any Player Penta Kill?,prop,2,2026-08-16 03:00:00,96.2,No,98518636466579073594826930528319759549288909542166508168276302065256239237641,0.5,0.99,0.745,0.49,20.0,20.0,20.0,4.95,4.95,4.95,2,1,
2026-08-16 01:23:45,812501,3407778,Game 2: Odd/Even Total Kills?,odd_even,2,2026-08-16 03:00:00,96.2,Odd,59779735910433430026922845250121216304233262452139448197463634726945263917642,0.49,0.51,0.5,0.02,105.76,105.76,390.37,110.07,110.07,457.94,7,7,
2026-08-16 01:23:45,812501,3407778,Game 2: Odd/Even Total Kills?,odd_even,2,2026-08-16 03:00:00,96.2,Even,63820986229538783051704393626483275773639389915746997330375253931539704114052,0.49,0.51,0.5,0.02,105.76,105.76,390.37,110.07,110.07,457.94,7,7,
2026-08-16 01:23:45,812501,3407779,Game 3: Both Teams Slay Baron Nashor?,prop,3,2026-08-16 03:00:00,96.2,Yes,113252981035414606041270247891785674937112739878099898576536010241670893541263,0.01,0.99,0.5,0.98,1.24,1.24,1.24,122.55,122.55,122.55,1,1,
2026-08-16 01:23:45,812501,3407779,Game 3: Both Teams Slay Baron Nashor?,prop,3,2026-08-16 03:00:00,96.2,No,80269374401740033283890248739835625511400013599013392298323688208415881374403,0.01,0.99,0.5,0.98,1.24,1.24,1.24,122.55,122.55,122.55,1,1,
2026-08-16 01:23:45,812501,3407780,Game 3: Both Teams Slay a Dragon?,prop,3,2026-08-16 03:00:00,96.2,Yes,48391266703243630062101276354060508850367984077172049881809538405140552864794,0.01,0.99,0.5,0.98,1.24,1.24,1.24,122.56,122.56,122.56,1,1,
2026-08-16 01:23:45,812501,3407780,Game 3: Both Teams Slay a Dragon?,prop,3,2026-08-16 03:00:00,96.2,No,60057711611640343525293620284391058123978522706360481026432587479418071602197,0.01,0.99,0.5,0.98,1.24,1.24,1.24,122.55,122.55,122.55,1,1,
2026-08-16 01:23:45,812501,3407781,Game 3: Both Teams Destroy Inhibitors?,prop,3,2026-08-16 03:00:00,96.2,Yes,39542350196021563282639112300447540076267664844340741091676361618690741390605,0.01,0.99,0.5,0.98,1.24,1.24,1.24,122.56,122.56,122.56,1,1,
2026-08-16 01:23:45,812501,3407781,Game 3: Both Teams Destroy Inhibitors?,prop,3,2026-08-16 03:00:00,96.2,No,91364380906232166017713665249534353715037087368263061017016710270940804207208,0.01,0.99,0.5,0.98,1.24,1.24,1.24,122.55,122.55,122.55,1,1,
2026-08-16 01:23:45,812501,3407782,Game 3: Any Player Quadra Kill?,prop,3,2026-08-16 03:00:00,96.2,Yes,37307632162746025253829849316049566979299478000450149685938586430830071550912,0.01,0.99,0.5,0.98,0.05,0.05,0.05,4.95,4.95,4.95,1,1,
2026-08-16 01:23:45,812501,3407782,Game 3: Any Player Quadra Kill?,prop,3,2026-08-16 03:00:00,96.2,No,63982252988628134667878426985084368415157271810425345961600074461416139881254,0.01,0.99,0.5,0.98,0.05,0.05,0.05,4.95,4.95,4.95,1,1,
2026-08-16 01:23:45,812501,3407783,Game 3: Any Player Penta Kill?,prop,3,2026-08-16 03:00:00,96.2,Yes,70747408516516735967153070084967598515783840448108993307182613154174484046545,0.05,0.99,0.52,0.94,28.65,28.65,28.7,4.95,4.95,4.95,2,1,
2026-08-16 01:23:45,812501,3407783,Game 3: Any Player Penta Kill?,prop,3,2026-08-16 03:00:00,96.2,No,61690140592430459017872087614812557860059428369264397142831763490231186466635,0.01,0.95,0.48,0.94,0.05,0.05,0.05,544.35,544.35,549.3,1,2,
2026-08-16 01:23:45,812501,3407784,Game 3: Odd/Even Total Kills?,odd_even,3,2026-08-16 03:00:00,96.2,Odd,98933627551267508447263863349434570031436709045139598213619410896491820344484,0.49,0.51,0.5,0.02,105.76,105.76,390.37,110.07,110.07,457.94,7,7,57
2026-08-16 01:23:45,812501,3407784,Game 3: Odd/Even Total Kills?,odd_even,3,2026-08-16 03:00:00,96.2,Even,108512589332558883006762920479152265565445840370520718453759163242503924433460,0.49,0.51,0.5,0.02,105.76,105.76,390.37,110.07,110.07,457.94,7,7,57
2026-08-16 01:42:02,812501,3407762,LoL: T1 Academy vs DN SOOPers Challengers - Game 1 Winner,map,1,2026-08-16 03:00:00,78.0,T1 Academy,73064582482235014598278036393310819830718392444970483545371753650678400834736,0.58,0.59,0.585,0.01,845.59,2133.74,3520.35,2313.09,4706.5,6368.7,41,38,12561.605515
2026-08-16 01:42:02,812501,3407762,LoL: T1 Academy vs DN SOOPers Challengers - Game 1 Winner,map,1,2026-08-16 03:00:00,78.0,DN SOOPers Challengers,44224995904119349774883897648437602028511976750577753161233745822302188026009,0.41,0.42,0.415,0.01,1571.48,3042.44,3985.24,637.82,1674.67,2873.67,38,41,12561.605515
2026-08-16 01:42:02,812501,3407763,LoL: T1 Academy vs DN SOOPers Challengers - Game 2 Winner,map,2,2026-08-16 03:00:00,78.0,T1 Academy,95353452252504879943365852237238076881007218537823436733287745422250853187273,0.57,0.58,0.575,0.01,829.68,2942.56,3075.06,5361.76,6256.33,8513.73,24,27,1539.472031
2026-08-16 01:42:02,812501,3407763,LoL: T1 Academy vs DN SOOPers Challengers - Game 2 Winner,map,2,2026-08-16 03:00:00,78.0,DN SOOPers Challengers,99458406464843999033426214685546564937703458262249894941487909247317378751500,0.42,0.43,0.425,0.01,3844.37,4418.1,5755.23,643.32,2389.22,2506.72,27,24,1539.472031
2026-08-16 01:42:02,812501,3407764,LoL: T1 Academy vs DN SOOPers Challengers (BO3) - LCK Challengers League Rounds 3-4 Challenge Group,series,,2026-08-16 03:00:00,78.0,T1 Academy,47149118006951667535600667260288389920280393498307875124395202668413731841386,0.64,0.65,0.645,0.01,1517.68,2947.7,4664.74,11022.92,13742.51,13811.51,50,27,19259.025969999995
2026-08-16 01:42:02,812501,3407764,LoL: T1 Academy vs DN SOOPers Challengers (BO3) - LCK Challengers League Rounds 3-4 Challenge Group,series,,2026-08-16 03:00:00,78.0,DN SOOPers Challengers,35771467724294116916325429263618132001025645920509860605241357593060072915080,0.35,0.36,0.355,0.01,5858.24,7197.74,7228.74,856.04,1749.8,2931.66,27,50,19259.025969999995
2026-08-16 01:42:02,812501,3407765,Games Total: O/U 2.5,total_games,,2026-08-16 03:00:00,78.0,Over,28472689572385395046814959443344867949877348180594356550677806556781097456645,0.47,0.49,0.48,0.02,637.05,1460.85,2372.7,184.17,1890.67,2006.25,24,20,1828.322548
2026-08-16 01:42:02,812501,3407765,Games Total: O/U 2.5,total_games,,2026-08-16 03:00:00,78.0,Under,60445358403756320386117803063638244982681533893147355431057150905897946227833,0.51,0.53,0.52,0.02,184.47,1778.69,1880.61,730.82,1774.82,2994.9,20,24,1828.322548
2026-08-16 01:42:02,812501,3407766,Game Handicap: T1.A (-1.5) vs DN SOOPers Challengers (+1.5),handicap,,2026-08-16 03:00:00,78.0,T1 Academy,84157633848545715495802069650574598688014859523476823863021692534294083596234,0.35,0.36,0.355,0.01,48.02,1186.78,1428.67,486.68,718.18,1328.18,22,29,2772.9727609999995
2026-08-16 01:42:02,812501,3407766,Game Handicap: T1.A (-1.5) vs DN SOOPers Challengers (+1.5),handicap,,2026-08-16 03:00:00,78.0,DN SOOPers Challengers,59885163287384748425978349155060122398367607750229429662790248778661914966815,0.64,0.65,0.645,0.01,851.32,1219.82,2109.82,92.62,2435.86,2983.58,29,22,2772.9727609999995
2026-08-16 01:42:02,812501,3407767,Game 1: Both Teams Slay Baron Nashor?,prop,1,2026-08-16 03:00:00,78.0,Yes,98101395767675076675527407445074221726108082242766140122999013673078296924579,0.01,0.99,0.5,0.98,1.24,1.24,1.24,122.55,122.55,122.55,1,1,
2026-08-16 01:42:02,812501,3407767,Game 1: Both Teams Slay Baron Nashor?,prop,1,2026-08-16 03:00:00,78.0,No,87290422765316042161691235931778600664413826002993109373647521758362141675985,0.01,0.99,0.5,0.98,1.24,1.24,1.24,122.56,122.56,122.56,1,1,
2026-08-16 01:42:02,812501,3407768,Game 1: Both Teams Slay a Dragon?,prop,1,2026-08-16 03:00:00,78.0,Yes,79133110729101040979354156439270499254586169460530893547581424624230600191218,0.01,0.99,0.5,0.98,1.24,1.24,1.24,122.55,122.55,122.55,1,1,
2026-08-16 01:42:02,812501,3407768,Game 1: Both Teams Slay a Dragon?,prop,1,2026-08-16 03:00:00,78.0,No,87080835968360541907825236999430484259205742264350853747971304100745674369240,0.01,0.99,0.5,0.98,1.24,1.24,1.24,122.55,122.55,122.55,1,1,
2026-08-16 01:42:02,812501,3407769,Game 1: Both Teams Destroy Inhibitors?,prop,1,2026-08-16 03:00:00,78.0,Yes,41139893037576161188872686171355639757952754277902695214824790970502190000612,0.01,0.99,0.5,0.98,1.24,1.24,1.24,122.55,122.55,122.55,1,1,
2026-08-16 01:42:02,812501,3407769,Game 1: Both Teams Destroy Inhibitors?,prop,1,2026-08-16 03:00:00,78.0,No,11713257346113337208480784843855658054574586574869772753013260214337317995798,0.01,0.99,0.5,0.98,1.24,1.24,1.24,122.55,122.55,122.55,1,1,
2026-08-16 01:42:02,812501,3407770,Game 1: Any Player Quadra Kill?,prop,1,2026-08-16 03:00:00,78.0,Yes,89699116073306046966497778316057094796992801124411211058742622862658371484340,0.01,0.99,0.5,0.98,0.05,0.05,0.05,4.95,4.95,4.95,1,1,
2026-08-16 01:42:02,812501,3407770,Game 1: Any Player Quadra Kill?,prop,1,2026-08-16 03:00:00,78.0,No,110062225856361250232451733223883585889494582661648143328404444970890540170304,0.01,0.99,0.5,0.98,0.05,0.05,0.05,4.95,4.95,4.95,1,1,
2026-08-16 01:42:02,812501,3407771,Game 1: Any Player Penta Kill?,prop,1,2026-08-16 03:00:00,78.0,Yes,88817477593294431833892116040780787623551401078456392425497729385704534047793,0.01,0.5,0.255,0.49,0.06,0.06,0.06,6.5,6.5,6.5,2,3,15
2026-08-16 01:42:02,812501,3407771,Game 1: Any Player Penta Kill?,prop,1,2026-08-16 03:00:00,78.0,No,87228406489657215756146618888458284422804785033968690974967482020371044943402,0.5,0.99,0.745,0.49,6.5,6.5,6.5,9.95,9.95,9.95,3,2,15
2026-08-16 01:42:02,812501,3407772,Game 1: Odd/Even Total Kills?,odd_even,1,2026-08-16 03:00:00,78.0,Odd,9658086584873290771888578167645806108924909117236645290998179613625891551542,0.49,0.51,0.5,0.02,105.76,105.76,390.37,110.07,110.07,457.94,7,7,
2026-08-16 01:42:02,812501,3407772,Game 1: Odd/Even Total Kills?,odd_even,1,2026-08-16 03:00:00,78.0,Even,83684129425305084306307142763549562651923693209012555176967712625225705220248,0.49,0.51,0.5,0.02,105.76,105.76,390.37,110.07,110.07,457.94,7,7,
2026-08-16 01:42:02,812501,3407773,Game 2: Both Teams Slay Baron Nashor?,prop,2,2026-08-16 03:00:00,78.0,Yes,89297658295572950589193242688452597590018694715450307826825161120216168342242,0.01,0.99,0.5,0.98,1.24,1.24,1.24,122.55,122.55,122.55,1,1,
2026-08-16 01:42:02,812501,3407773,Game 2: Both Teams Slay Baron Nashor?,prop,2,2026-08-16 03:00:00,78.0,No,41370542629085814587327819175960375440467523596272908663943995486002518200858,0.01,0.99,0.5,0.98,1.24,1.24,1.24,122.55,122.55,122.55,1,1,
2026-08-16 01:42:02,812501,3407774,Game 2: Both Teams Slay a Dragon?,prop,2,2026-08-16 03:00:00,78.0,Yes,17213094384783561920447144318373049743601212254959536036565288413982307904891,0.01,0.99,0.5,0.98,1.24,1.24,1.24,122.56,122.56,122.56,1,1,
2026-08-16 01:42:02,812501,3407774,Game 2: Both Teams Slay a Dragon?,prop,2,2026-08-16 03:00:00,78.0,No,107361772230415915958955632622848371567473066269823321881145126999923158623096,0.01,0.99,0.5,0.98,1.24,1.24,1.24,122.55,122.55,122.55,1,1,
2026-08-16 01:42:02,812501,3407775,Game 2: Both Teams Destroy Inhibitors?,prop,2,2026-08-16 03:00:00,78.0,Yes,37085151396073944699750657470272385075014179379747539854914347479603815316699,0.01,0.99,0.5,0.98,0.26,0.26,0.26,122.56,122.56,122.56,1,1,
2026-08-16 01:42:02,812501,3407775,Game 2: Both Teams Destroy Inhibitors?,prop,2,2026-08-16 03:00:00,78.0,No,115153163980740373959185278746365667228368300396797954685717305797766491026714,0.01,0.99,0.5,0.98,1.24,1.24,1.24,25.78,25.78,25.78,1,1,
2026-08-16 01:42:02,812501,3407776,Game 2: Any Player Quadra Kill?,prop,2,2026-08-16 03:00:00,78.0,Yes,92366871030395219227539229526027723469617721035967924535754927351839920760282,0.01,0.99,0.5,0.98,0.05,0.05,0.05,4.95,4.95,4.95,1,1,
2026-08-16 01:42:02,812501,3407776,Game 2: Any Player Quadra Kill?,prop,2,2026-08-16 03:00:00,78.0,No,108131379290397497921034320795187253387625375475492003495114439351232186339057,0.01,0.99,0.5,0.98,0.05,0.05,0.05,4.95,4.95,4.95,1,1,
2026-08-16 01:42:02,812501,3407777,Game 2: Any Player Penta Kill?,prop,2,2026-08-16 03:00:00,78.0,Yes,17979466769376123931528681389233276317538527490930446639079169530069864950578,0.01,0.5,0.255,0.49,0.05,0.05,0.05,20.0,20.0,20.0,1,2,
2026-08-16 01:42:02,812501,3407777,Game 2: Any Player Penta Kill?,prop,2,2026-08-16 03:00:00,78.0,No,98518636466579073594826930528319759549288909542166508168276302065256239237641,0.5,0.99,0.745,0.49,20.0,20.0,20.0,4.95,4.95,4.95,2,1,
2026-08-16 01:42:02,812501,3407778,Game 2: Odd/Even Total Kills?,odd_even,2,2026-08-16 03:00:00,78.0,Odd,59779735910433430026922845250121216304233262452139448197463634726945263917642,0.49,0.51,0.5,0.02,105.76,105.76,390.37,110.07,110.07,457.94,7,7,
2026-08-16 01:42:02,812501,3407778,Game 2: Odd/Even Total Kills?,odd_even,2,2026-08-16 03:00:00,78.0,Even,63820986229538783051704393626483275773639389915746997330375253931539704114052,0.49,0.51,0.5,0.02,105.76,105.76,390.37,110.07,110.07,457.94,7,7,
2026-08-16 01:42:02,812501,3407779,Game 3: Both Teams Slay Baron Nashor?,prop,3,2026-08-16 03:00:00,78.0,Yes,113252981035414606041270247891785674937112739878099898576536010241670893541263,0.01,0.99,0.5,0.98,1.24,1.24,1.24,122.55,122.55,122.55,1,1,
2026-08-16 01:42:02,812501,3407779,Game 3: Both Teams Slay Baron Nashor?,prop,3,2026-08-16 03:00:00,78.0,No,80269374401740033283890248739835625511400013599013392298323688208415881374403,0.01,0.99,0.5,0.98,1.24,1.24,1.24,122.55,122.55,122.55,1,1,
2026-08-16 01:42:02,812501,3407780,Game 3: Both Teams Slay a Dragon?,prop,3,2026-08-16 03:00:00,78.0,Yes,48391266703243630062101276354060508850367984077172049881809538405140552864794,0.01,0.99,0.5,0.98,1.24,1.24,1.24,122.55,122.55,122.55,1,1,
2026-08-16 01:42:02,812501,3407780,Game 3: Both Teams Slay a Dragon?,prop,3,2026-08-16 03:00:00,78.0,No,60057711611640343525293620284391058123978522706360481026432587479418071602197,0.01,0.99,0.5,0.98,1.24,1.24,1.24,122.55,122.55,122.55,1,1,
2026-08-16 01:42:02,812501,3407781,Game 3: Both Teams Destroy Inhibitors?,prop,3,2026-08-16 03:00:00,78.0,Yes,39542350196021563282639112300447540076267664844340741091676361618690741390605,0.01,0.99,0.5,0.98,1.24,1.24,1.24,122.56,122.56,122.56,1,1,
2026-08-16 01:42:02,812501,3407781,Game 3: Both Teams Destroy Inhibitors?,prop,3,2026-08-16 03:00:00,78.0,No,91364380906232166017713665249534353715037087368263061017016710270940804207208,0.01,0.99,0.5,0.98,1.24,1.24,1.24,122.55,122.55,122.55,1,1,
2026-08-16 01:42:02,812501,3407782,Game 3: Any Player Quadra Kill?,prop,3,2026-08-16 03:00:00,78.0,Yes,37307632162746025253829849316049566979299478000450149685938586430830071550912,0.01,0.99,0.5,0.98,0.05,0.05,0.05,4.95,4.95,4.95,1,1,
2026-08-16 01:42:02,812501,3407782,Game 3: Any Player Quadra Kill?,prop,3,2026-08-16 03:00:00,78.0,No,63982252988628134667878426985084368415157271810425345961600074461416139881254,0.01,0.99,0.5,0.98,0.05,0.05,0.05,4.95,4.95,4.95,1,1,
2026-08-16 01:42:02,812501,3407783,Game 3: Any Player Penta Kill?,prop,3,2026-08-16 03:00:00,78.0,Yes,70747408516516735967153070084967598515783840448108993307182613154174484046545,0.05,0.99,0.52,0.94,28.65,28.65,28.7,4.95,4.95,4.95,2,1,
2026-08-16 01:42:02,812501,3407783,Game 3: Any Player Penta Kill?,prop,3,2026-08-16 03:00:00,78.0,No,61690140592430459017872087614812557860059428369264397142831763490231186466635,0.01,0.95,0.48,0.94,0.05,0.05,0.05,544.35,544.35,549.3,1,2,
2026-08-16 01:42:02,812501,3407784,Game 3: Odd/Even Total Kills?,odd_even,3,2026-08-16 03:00:00,78.0,Odd,98933627551267508447263863349434570031436709045139598213619410896491820344484,0.49,0.51,0.5,0.02,105.76,105.76,390.37,110.07,110.07,457.94,8,8,57
2026-08-16 01:42:02,812501,3407784,Game 3: Odd/Even Total Kills?,odd_even,3,2026-08-16 03:00:00,78.0,Even,108512589332558883006762920479152265565445840370520718453759163242503924433460,0.49,0.51,0.5,0.02,105.76,105.76,390.37,110.07,110.07,457.94,8,8,57
2026-08-16 01:47:20,812501,3407762,LoL: T1 Academy vs DN SOOPers Challengers - Game 1 Winner,map,1,2026-08-16 03:00:00,72.7,T1 Academy,73064582482235014598278036393310819830718392444970483545371753650678400834736,0.58,0.59,0.585,0.01,856.99,2029.64,3416.25,2290.97,4684.38,6346.58,40,38,12561.605515
2026-08-16 01:47:20,812501,3407762,LoL: T1 Academy vs DN SOOPers Challengers - Game 1 Winner,map,1,2026-08-16 03:00:00,72.7,DN SOOPers Challengers,44224995904119349774883897648437602028511976750577753161233745822302188026009,0.41,0.42,0.415,0.01,1556.11,3027.07,3969.87,646.42,1588.77,2787.77,38,41,12561.605515
2026-08-16 01:47:20,812501,3407763,LoL: T1 Academy vs DN SOOPers Challengers - Game 2 Winner,map,2,2026-08-16 03:00:00,72.7,T1 Academy,95353452252504879943365852237238076881007218537823436733287745422250853187273,0.57,0.58,0.575,0.01,829.68,2942.56,3075.06,5361.76,6256.33,8513.73,24,27,1539.472031
2026-08-16 01:47:20,812501,3407763,LoL: T1 Academy vs DN SOOPers Challengers - Game 2 Winner,map,2,2026-08-16 03:00:00,72.7,DN SOOPers Challengers,99458406464843999033426214685546564937703458262249894941487909247317378751500,0.42,0.43,0.425,0.01,3844.37,4418.1,5755.23,643.32,2389.22,2506.72,27,24,1539.472031
2026-08-16 01:47:20,812501,3407764,LoL: T1 Academy vs DN SOOPers Challengers (BO3) - LCK Challengers League Rounds 3-4 Challenge Group,series,,2026-08-16 03:00:00,72.7,T1 Academy,47149118006951667535600667260288389920280393498307875124395202668413731841386,0.64,0.65,0.645,0.01,1490.8,2920.82,5080.36,10908.37,14130.46,14213.26,50,28,19259.025969999995
2026-08-16 01:47:20,812501,3407764,LoL: T1 Academy vs DN SOOPers Challengers (BO3) - LCK Challengers League Rounds 3-4 Challenge Group,series,,2026-08-16 03:00:00,72.7,DN SOOPers Challengers,35771467724294116916325429263618132001025645920509860605241357593060072915080,0.35,0.36,0.355,0.01,5796.56,7383.56,7420.76,840.92,1734.68,3224.04,28,50,19259.025969999995
2026-08-16 01:47:20,812501,3407765,Games Total: O/U 2.5,total_games,,2026-08-16 03:00:00,72.7,Over,28472689572385395046814959443344867949877348180594356550677806556781097456645,0.47,0.48,0.475,0.01,641.73,1465.53,2377.39,213.66,866.57,2168.92,24,19,1828.322548
2026-08-16 01:47:20,812501,3407765,Games Total: O/U 2.5,total_games,,2026-08-16 03:00:00,72.7,Under,60445358403756320386117803063638244982681533893147355431057150905897946227833,0.52,0.53,0.525,0.01,230.34,864.38,2062.94,736.11,1780.11,3000.18,19,24,1828.322548
2026-08-16 01:47:20,812501,3407766,Game Handicap: T1.A (-1.5) vs DN SOOPers Challengers (+1.5),handicap,,2026-08-16 03:00:00,72.7,T1 Academy,84157633848545715495802069650574598688014859523476823863021692534294083596234,0.35,0.36,0.355,0.01,41.22,1179.98,1421.87,486.68,718.18,1328.18,22,29,2772.9727609999995
2026-08-16 01:47:20,812501,3407766,Game Handicap: T1.A (-1.5) vs DN SOOPers Challengers (+1.5),handicap,,2026-08-16 03:00:00,72.7,DN SOOPers Challengers,59885163287384748425978349155060122398367607750229429662790248778661914966815,0.64,0.65,0.645,0.01,851.32,1219.82,2109.82,79.42,2422.66,2970.38,29,22,2772.9727609999995
2026-08-16 01:47:20,812501,3407767,Game 1: Both Teams Slay Baron Nashor?,prop,1,2026-08-16 03:00:00,72.7,Yes,98101395767675076675527407445074221726108082242766140122999013673078296924579,0.01,0.99,0.5,0.98,1.24,1.24,1.24,122.55,122.55,122.55,1,1,
2026-08-16 01:47:20,812501,3407767,Game 1: Both Teams Slay Baron Nashor?,prop,1,2026-08-16 03:00:00,72.7,No,87290422765316042161691235931778600664413826002993109373647521758362141675985,0.01,0.99,0.5,0.98,1.24,1.24,1.24,122.55,122.55,122.55,1,1,
2026-08-16 01:47:20,812501,3407768,Game 1: Both Teams Slay a Dragon?,prop,1,2026-08-16 03:00:00,72.7,Yes,79133110729101040979354156439270499254586169460530893547581424624230600191218,0.01,0.99,0.5,0.98,1.24,1.24,1.24,122.55,122.55,122.55,1,1,
2026-08-16 01:47:20,812501,3407768,Game 1: Both Teams Slay a Dragon?,prop,1,2026-08-16 03:00:00,72.7,No,87080835968360541907825236999430484259205742264350853747971304100745674369240,0.01,0.99,0.5,0.98,1.24,1.24,1.24,122.55,122.55,122.55,1,1,
2026-08-16 01:47:20,812501,3407769,Game 1: Both Teams Destroy Inhibitors?,prop,1,2026-08-16 03:00:00,72.7,Yes,41139893037576161188872686171355639757952754277902695214824790970502190000612,0.01,0.99,0.5,0.98,1.24,1.24,1.24,122.55,122.55,122.55,1,1,
2026-08-16 01:47:20,812501,3407769,Game 1: Both Teams Destroy Inhibitors?,prop,1,2026-08-16 03:00:00,72.7,No,11713257346113337208480784843855658054574586574869772753013260214337317995798,0.01,0.99,0.5,0.98,1.24,1.24,1.24,122.55,122.55,122.55,1,1,
2026-08-16 01:47:20,812501,3407770,Game 1: Any Player Quadra Kill?,prop,1,2026-08-16 03:00:00,72.7,Yes,89699116073306046966497778316057094796992801124411211058742622862658371484340,0.01,0.99,0.5,0.98,0.05,0.05,0.05,4.95,4.95,4.95,1,1,
2026-08-16 01:47:20,812501,3407770,Game 1: Any Player Quadra Kill?,prop,1,2026-08-16 03:00:00,72.7,No,110062225856361250232451733223883585889494582661648143328404444970890540170304,0.01,0.99,0.5,0.98,0.05,0.05,0.05,4.95,4.95,4.95,1,1,
2026-08-16 01:47:20,812501,3407771,Game 1: Any Player Penta Kill?,prop,1,2026-08-16 03:00:00,72.7,Yes,88817477593294431833892116040780787623551401078456392425497729385704534047793,0.01,0.5,0.255,0.49,0.06,0.06,0.06,6.5,6.5,6.5,2,3,15
2026-08-16 01:47:20,812501,3407771,Game 1: Any Player Penta Kill?,prop,1,2026-08-16 03:00:00,72.7,No,87228406489657215756146618888458284422804785033968690974967482020371044943402,0.5,0.99,0.745,0.49,6.5,6.5,6.5,9.95,9.95,9.95,3,2,15
2026-08-16 01:47:20,812501,3407772,Game 1: Odd/Even Total Kills?,odd_even,1,2026-08-16 03:00:00,72.7,Odd,9658086584873290771888578167645806108924909117236645290998179613625891551542,0.49,0.51,0.5,0.02,105.76,105.76,390.37,110.07,110.07,457.94,7,7,
2026-08-16 01:47:20,812501,3407772,Game 1: Odd/Even Total Kills?,odd_even,1,2026-08-16 03:00:00,72.7,Even,83684129425305084306307142763549562651923693209012555176967712625225705220248,0.49,0.51,0.5,0.02,105.76,105.76,390.37,110.07,110.07,457.94,7,7,
2026-08-16 01:47:20,812501,3407773,Game 2: Both Teams Slay Baron Nashor?,prop,2,2026-08-16 03:00:00,72.7,Yes,89297658295572950589193242688452597590018694715450307826825161120216168342242,0.01,0.99,0.5,0.98,1.24,1.24,1.24,122.55,122.55,122.55,1,1,
2026-08-16 01:47:20,812501,3407773,Game 2: Both Teams Slay Baron Nashor?,prop,2,2026-08-16 03:00:00,72.7,No,41370542629085814587327819175960375440467523596272908663943995486002518200858,0.01,0.99,0.5,0.98,1.24,1.24,1.24,122.55,122.55,122.55,1,1,
2026-08-16 01:47:20,812501,3407774,Game 2: Both Teams Slay a Dragon?,prop,2,2026-08-16 03:00:00,72.7,Yes,17213094384783561920447144318373049743601212254959536036565288413982307904891,0.01,0.99,0.5,0.98,1.24,1.24,1.24,122.56,122.56,122.56,1,1,
2026-08-16 01:47:20,812501,3407774,Game 2: Both Teams Slay a Dragon?,prop,2,2026-08-16 03:00:00,72.7,No,107361772230415915958955632622848371567473066269823321881145126999923158623096,0.01,0.99,0.5,0.98,1.24,1.24,1.24,122.55,122.55,122.55,1,1,
2026-08-16 01:47:20,812501,3407775,Game 2: Both Teams Destroy Inhibitors?,prop,2,2026-08-16 03:00:00,72.7,Yes,37085151396073944699750657470272385075014179379747539854914347479603815316699,0.02,0.99,0.505,0.97,1.24,1.24,1.24,122.56,122.56,122.56,2,1,
2026-08-16 01:47:20,812501,3407775,Game 2: Both Teams Destroy Inhibitors?,prop,2,2026-08-16 03:00:00,72.7,No,115153163980740373959185278746365667228368300396797954685717305797766491026714,0.01,0.98,0.495,0.97,1.24,1.24,1.24,73.67,73.67,73.67,1,2,
2026-08-16 01:47:20,812501,3407776,Game 2: Any Player Quadra Kill?,prop,2,2026-08-16 03:00:00,72.7,Yes,92366871030395219227539229526027723469617721035967924535754927351839920760282,0.01,0.99,0.5,0.98,0.05,0.05,0.05,4.95,4.95,4.95,1,1,
2026-08-16 01:47:20,812501,3407776,Game 2: Any Player Quadra Kill?,prop,2,2026-08-16 03:00:00,72.7,No,108131379290397497921034320795187253387625375475492003495114439351232186339057,0.01,0.99,0.5,0.98,0.05,0.05,0.05,4.95,4.95,4.95,1,1,
2026-08-16 01:47:20,812501,3407777,Game 2: Any Player Penta Kill?,prop,2,2026-08-16 03:00:00,72.7,Yes,17979466769376123931528681389233276317538527490930446639079169530069864950578,0.01,0.5,0.255,0.49,0.05,0.05,0.05,20.0,20.0,20.0,1,2,
2026-08-16 01:47:20,812501,3407777,Game 2: Any Player Penta Kill?,prop,2,2026-08-16 03:00:00,72.7,No,98518636466579073594826930528319759549288909542166508168276302065256239237641,0.5,0.99,0.745,0.49,20.0,20.0,20.0,4.95,4.95,4.95,2,1,
2026-08-16 01:47:20,812501,3407778,Game 2: Odd/Even Total Kills?,odd_even,2,2026-08-16 03:00:00,72.7,Odd,59779735910433430026922845250121216304233262452139448197463634726945263917642,0.49,0.51,0.5,0.02,105.76,105.76,390.37,110.07,110.07,457.94,7,7,
2026-08-16 01:47:20,812501,3407778,Game 2: Odd/Even Total Kills?,odd_even,2,2026-08-16 03:00:00,72.7,Even,63820986229538783051704393626483275773639389915746997330375253931539704114052,0.49,0.51,0.5,0.02,105.76,105.76,390.37,110.07,110.07,457.94,7,7,
2026-08-16 01:47:20,812501,3407779,Game 3: Both Teams Slay Baron Nashor?,prop,3,2026-08-16 03:00:00,72.7,Yes,113252981035414606041270247891785674937112739878099898576536010241670893541263,0.01,0.99,0.5,0.98,1.24,1.24,1.24,122.55,122.55,122.55,1,1,
2026-08-16 01:47:20,812501,3407779,Game 3: Both Teams Slay Baron Nashor?,prop,3,2026-08-16 03:00:00,72.7,No,80269374401740033283890248739835625511400013599013392298323688208415881374403,0.01,0.99,0.5,0.98,1.24,1.24,1.24,122.55,122.55,122.55,1,1,
2026-08-16 01:47:20,812501,3407780,Game 3: Both Teams Slay a Dragon?,prop,3,2026-08-16 03:00:00,72.7,Yes,48391266703243630062101276354060508850367984077172049881809538405140552864794,0.01,0.99,0.5,0.98,1.24,1.24,1.24,122.55,122.55,122.55,1,1,
2026-08-16 01:47:20,812501,3407780,Game 3: Both Teams Slay a Dragon?,prop,3,2026-08-16 03:00:00,72.7,No,60057711611640343525293620284391058123978522706360481026432587479418071602197,0.01,0.99,0.5,0.98,1.24,1.24,1.24,122.55,122.55,122.55,1,1,
2026-08-16 01:47:20,812501,3407781,Game 3: Both Teams Destroy Inhibitors?,prop,3,2026-08-16 03:00:00,72.7,Yes,39542350196021563282639112300447540076267664844340741091676361618690741390605,0.01,0.99,0.5,0.98,1.24,1.24,1.24,122.55,122.55,122.55,1,1,
2026-08-16 01:47:20,812501,3407781,Game 3: Both Teams Destroy Inhibitors?,prop,3,2026-08-16 03:00:00,72.7,No,91364380906232166017713665249534353715037087368263061017016710270940804207208,0.01,0.99,0.5,0.98,1.24,1.24,1.24,122.55,122.55,122.55,1,1,
2026-08-16 01:47:20,812501,3407782,Game 3: Any Player Quadra Kill?,prop,3,2026-08-16 03:00:00,72.7,Yes,37307632162746025253829849316049566979299478000450149685938586430830071550912,0.01,0.99,0.5,0.98,0.05,0.05,0.05,4.95,4.95,4.95,1,1,
2026-08-16 01:47:20,812501,3407782,Game 3: Any Player Quadra Kill?,prop,3,2026-08-16 03:00:00,72.7,No,63982252988628134667878426985084368415157271810425345961600074461416139881254,0.01,0.99,0.5,0.98,0.05,0.05,0.05,4.95,4.95,4.95,1,1,
2026-08-16 01:47:20,812501,3407783,Game 3: Any Player Penta Kill?,prop,3,2026-08-16 03:00:00,72.7,Yes,70747408516516735967153070084967598515783840448108993307182613154174484046545,0.05,0.99,0.52,0.94,28.65,28.65,28.7,4.95,4.95,4.95,2,1,
2026-08-16 01:47:20,812501,3407783,Game 3: Any Player Penta Kill?,prop,3,2026-08-16 03:00:00,72.7,No,61690140592430459017872087614812557860059428369264397142831763490231186466635,0.01,0.95,0.48,0.94,0.05,0.05,0.05,544.35,544.35,549.3,1,2,
2026-08-16 01:47:20,812501,3407784,Game 3: Odd/Even Total Kills?,odd_even,3,2026-08-16 03:00:00,72.7,Odd,98933627551267508447263863349434570031436709045139598213619410896491820344484,0.49,0.51,0.5,0.02,105.76,105.76,390.37,110.07,110.07,457.94,8,8,57
2026-08-16 01:47:20,812501,3407784,Game 3: Odd/Even Total Kills?,odd_even,3,2026-08-16 03:00:00,72.7,Even,108512589332558883006762920479152265565445840370520718453759163242503924433460,0.49,0.51,0.5,0.02,105.76,105.76,390.37,110.07,110.07,457.94,8,8,57
2026-08-16 01:52:40,812501,3407762,LoL: T1 Academy vs DN SOOPers Challengers - Game 1 Winner,map,1,2026-08-16 03:00:00,67.3,T1 Academy,73064582482235014598278036393310819830718392444970483545371753650678400834736,0.58,0.59,0.585,0.01,845.59,2406.54,3991.44,2289.89,4683.3,6345.5,43,38,13000.465883
2026-08-16 01:52:40,812501,3407762,LoL: T1 Academy vs DN SOOPers Challengers - Game 1 Winner,map,1,2026-08-16 03:00:00,67.3,DN SOOPers Challengers,44224995904119349774883897648437602028511976750577753161233745822302188026009,0.41,0.42,0.415,0.01,1555.35,3026.31,3969.11,637.82,1897.87,3272.71,38,43,13000.465883
2026-08-16 01:52:40,812501,3407763,LoL: T1 Academy vs DN SOOPers Challengers - Game 2 Winner,map,2,2026-08-16 03:00:00,67.3,T1 Academy,95353452252504879943365852237238076881007218537823436733287745422250853187273,0.57,0.58,0.575,0.01,828.22,2941.1,3073.6,5289.81,6184.38,8441.78,24,25,1539.472031
2026-08-16 01:52:40,812501,3407763,LoL: T1 Academy vs DN SOOPers Challengers - Game 2 Winner,map,2,2026-08-16 03:00:00,67.3,DN SOOPers Challengers,99458406464843999033426214685546564937703458262249894941487909247317378751500,0.42,0.43,0.425,0.01,3794.37,4368.1,5705.23,642.22,2388.12,2505.62,25,24,1539.472031
2026-08-16 01:52:40,812501,3407764,LoL: T1 Academy vs DN SOOPers Challengers (BO3) - LCK Challengers League Rounds 3-4 Challenge Group,series,,2026-08-16 03:00:00,67.3,T1 Academy,47149118006951667535600667260288389920280393498307875124395202668413731841386,0.64,0.65,0.645,0.01,1490.8,2920.82,5087.86,10906.32,13560.92,13629.92,50,27,19944.976387000002
2026-08-16 01:52:40,812501,3407764,LoL: T1 Academy vs DN SOOPers Challengers (BO3) - LCK Challengers League Rounds 3-4 Challenge Group,series,,2026-08-16 03:00:00,67.3,DN SOOPers Challengers,35771467724294116916325429263618132001025645920509860605241357593060072915080,0.35,0.36,0.355,0.01,5795.45,7102.94,7133.94,840.92,1734.68,3216.54,27,50,19944.976387000002
2026-08-16 01:52:40,812501,3407765,Games Total: O/U 2.5,total_games,,2026-08-16 03:00:00,67.3,Over,28472689572385395046814959443344867949877348180594356550677806556781097456645,0.47,0.48,0.475,0.01,637.05,1460.85,2372.7,213.66,866.57,2168.92,22,19,1871.676713
2026-08-16 01:52:40,812501,3407765,Games Total: O/U 2.5,total_games,,2026-08-16 03:00:00,67.3,Under,60445358403756320386117803063638244982681533893147355431057150905897946227833,0.52,0.53,0.525,0.01,230.34,864.38,2062.94,730.82,1774.82,2994.9,19,22,1871.676713
2026-08-16 01:52:40,812501,3407766,Game Handicap: T1.A (-1.5) vs DN SOOPers Challengers (+1.5),handicap,,2026-08-16 03:00:00,67.3,T1 Academy,84157633848545715495802069650574598688014859523476823863021692534294083596234,0.35,0.37,0.36,0.02,41.22,1181.96,1423.85,588.21,924.71,1347.31,22,28,2779.126603
2026-08-16 01:52:40,812501,3407766,Game Handicap: T1.A (-1.5) vs DN SOOPers Challengers (+1.5),handicap,,2026-08-16 03:00:00,67.3,DN SOOPers Challengers,59885163287384748425978349155060122398367607750229429662790248778661914966815,0.63,0.65,0.64,0.02,994.79,1508.29,2115.69,79.42,2426.68,2974.4,28,22,2779.126603
2026-08-16 01:52:40,812501,3407767,Game 1: Both Teams Slay Baron Nashor?,prop,1,2026-08-16 03:00:00,67.3,Yes,98101395767675076675527407445074221726108082242766140122999013673078296924579,0.01,0.99,0.5,0.98,1.24,1.24,1.24,122.55,122.55,122.55,1,1,
2026-08-16 01:52:40,812501,3407767,Game 1: Both Teams Slay Baron Nashor?,prop,1,2026-08-16 03:00:00,67.3,No,87290422765316042161691235931778600664413826002993109373647521758362141675985,0.01,0.99,0.5,0.98,1.24,1.24,1.24,122.55,122.55,122.55,1,1,
2026-08-16 01:52:40,812501,3407768,Game 1: Both Teams Slay a Dragon?,prop,1,2026-08-16 03:00:00,67.3,Yes,79133110729101040979354156439270499254586169460530893547581424624230600191218,0.01,0.99,0.5,0.98,1.24,1.24,1.24,25.78,25.78,25.78,1,1,
2026-08-16 01:52:40,812501,3407768,Game 1: Both Teams Slay a Dragon?,prop,1,2026-08-16 03:00:00,67.3,No,87080835968360541907825236999430484259205742264350853747971304100745674369240,0.01,0.99,0.5,0.98,1.24,1.24,1.24,122.55,122.55,122.55,1,1,
2026-08-16 01:52:40,812501,3407769,Game 1: Both Teams Destroy Inhibitors?,prop,1,2026-08-16 03:00:00,67.3,Yes,41139893037576161188872686171355639757952754277902695214824790970502190000612,0.01,0.99,0.5,0.98,1.24,1.24,1.24,122.55,122.55,122.55,1,1,
2026-08-16 01:52:40,812501,3407769,Game 1: Both Teams Destroy Inhibitors?,prop,1,2026-08-16 03:00:00,67.3,No,11713257346113337208480784843855658054574586574869772753013260214337317995798,0.01,0.99,0.5,0.98,1.24,1.24,1.24,122.55,122.55,122.55,1,1,
2026-08-16 01:52:40,812501,3407770,Game 1: Any Player Quadra Kill?,prop,1,2026-08-16 03:00:00,67.3,Yes,89699116073306046966497778316057094796992801124411211058742622862658371484340,0.01,0.99,0.5,0.98,0.05,0.05,0.05,4.95,4.95,4.95,1,1,
2026-08-16 01:52:40,812501,3407770,Game 1: Any Player Quadra Kill?,prop,1,2026-08-16 03:00:00,67.3,No,110062225856361250232451733223883585889494582661648143328404444970890540170304,0.01,0.99,0.5,0.98,0.05,0.05,0.05,4.95,4.95,4.95,1,1,
2026-08-16 01:52:40,812501,3407771,Game 1: Any Player Penta Kill?,prop,1,2026-08-16 03:00:00,67.3,Yes,88817477593294431833892116040780787623551401078456392425497729385704534047793,0.01,0.5,0.255,0.49,0.06,0.06,0.06,6.5,6.5,6.5,2,3,15
2026-08-16 01:52:40,812501,3407771,Game 1: Any Player Penta Kill?,prop,1,2026-08-16 03:00:00,67.3,No,87228406489657215756146618888458284422804785033968690974967482020371044943402,0.5,0.99,0.745,0.49,6.5,6.5,6.5,9.95,9.95,9.95,3,2,15
2026-08-16 01:52:40,812501,3407772,Game 1: Odd/Even Total Kills?,odd_even,1,2026-08-16 03:00:00,67.3,Odd,9658086584873290771888578167645806108924909117236645290998179613625891551542,0.49,0.51,0.5,0.02,105.76,105.76,390.37,110.07,110.07,457.94,7,7,
2026-08-16 01:52:40,812501,3407772,Game 1: Odd/Even Total Kills?,odd_even,1,2026-08-16 03:00:00,67.3,Even,83684129425305084306307142763549562651923693209012555176967712625225705220248,0.49,0.51,0.5,0.02,105.76,105.76,390.37,110.07,110.07,457.94,7,7,
2026-08-16 01:52:40,812501,3407773,Game 2: Both Teams Slay Baron Nashor?,prop,2,2026-08-16 03:00:00,67.3,Yes,89297658295572950589193242688452597590018694715450307826825161120216168342242,0.01,0.99,0.5,0.98,1.24,1.24,1.24,122.55,122.55,122.55,1,1,
2026-08-16 01:52:40,812501,3407773,Game 2: Both Teams Slay Baron Nashor?,prop,2,2026-08-16 03:00:00,67.3,No,41370542629085814587327819175960375440467523596272908663943995486002518200858,0.01,0.99,0.5,0.98,1.24,1.24,1.24,122.55,122.55,122.55,1,1,
2026-08-16 01:52:40,812501,3407774,Game 2: Both Teams Slay a Dragon?,prop,2,2026-08-16 03:00:00,67.3,Yes,17213094384783561920447144318373049743601212254959536036565288413982307904891,0.01,0.99,0.5,0.98,1.24,1.24,1.24,122.56,122.56,122.56,1,1,
2026-08-16 01:52:40,812501,3407774,Game 2: Both Teams Slay a Dragon?,prop,2,2026-08-16 03:00:00,67.3,No,107361772230415915958955632622848371567473066269823321881145126999923158623096,0.01,0.99,0.5,0.98,1.24,1.24,1.24,122.55,122.55,122.55,1,1,
2026-08-16 01:52:40,812501,3407775,Game 2: Both Teams Destroy Inhibitors?,prop,2,2026-08-16 03:00:00,67.3,Yes,37085151396073944699750657470272385075014179379747539854914347479603815316699,0.02,0.99,0.505,0.97,1.24,1.24,1.24,112.03,112.03,112.03,2,1,
2026-08-16 01:52:40,812501,3407775,Game 2: Both Teams Destroy Inhibitors?,prop,2,2026-08-16 03:00:00,67.3,No,115153163980740373959185278746365667228368300396797954685717305797766491026714,0.01,0.98,0.495,0.97,1.13,1.13,1.13,73.67,73.67,73.67,1,2,
2026-08-16 01:52:40,812501,3407776,Game 2: Any Player Quadra Kill?,prop,2,2026-08-16 03:00:00,67.3,Yes,92366871030395219227539229526027723469617721035967924535754927351839920760282,0.01,0.99,0.5,0.98,0.05,0.05,0.05,4.95,4.95,4.95,1,1,
2026-08-16 01:52:40,812501,3407776,Game 2: Any Player Quadra Kill?,prop,2,2026-08-16 03:00:00,67.3,No,108131379290397497921034320795187253387625375475492003495114439351232186339057,0.01,0.99,0.5,0.98,0.05,0.05,0.05,4.95,4.95,4.95,1,1,
2026-08-16 01:52:40,812501,3407777,Game 2: Any Player Penta Kill?,prop,2,2026-08-16 03:00:00,67.3,Yes,17979466769376123931528681389233276317538527490930446639079169530069864950578,0.01,0.5,0.255,0.49,0.05,0.05,0.05,20.0,20.0,20.0,1,2,
2026-08-16 01:52:40,812501,3407777,Game 2: Any Player Penta Kill?,prop,2,2026-08-16 03:00:00,67.3,No,98518636466579073594826930528319759549288909542166508168276302065256239237641,0.5,0.99,0.745,0.49,20.0,20.0,20.0,4.95,4.95,4.95,2,1,
2026-08-16 01:52:40,812501,3407778,Game 2: Odd/Even Total Kills?,odd_even,2,2026-08-16 03:00:00,67.3,Odd,59779735910433430026922845250121216304233262452139448197463634726945263917642,0.49,0.51,0.5,0.02,105.76,105.76,390.37,110.07,110.07,457.94,7,7,
2026-08-16 01:52:40,812501,3407778,Game 2: Odd/Even Total Kills?,odd_even,2,2026-08-16 03:00:00,67.3,Even,63820986229538783051704393626483275773639389915746997330375253931539704114052,0.49,0.51,0.5,0.02,105.76,105.76,390.37,110.07,110.07,457.94,7,7,
2026-08-16 01:52:40,812501,3407779,Game 3: Both Teams Slay Baron Nashor?,prop,3,2026-08-16 03:00:00,67.3,Yes,113252981035414606041270247891785674937112739878099898576536010241670893541263,0.01,0.99,0.5,0.98,1.24,1.24,1.24,122.55,122.55,122.55,1,1,
2026-08-16 01:52:40,812501,3407779,Game 3: Both Teams Slay Baron Nashor?,prop,3,2026-08-16 03:00:00,67.3,No,80269374401740033283890248739835625511400013599013392298323688208415881374403,0.01,0.99,0.5,0.98,1.24,1.24,1.24,122.55,122.55,122.55,1,1,
2026-08-16 01:52:40,812501,3407780,Game 3: Both Teams Slay a Dragon?,prop,3,2026-08-16 03:00:00,67.3,Yes,48391266703243630062101276354060508850367984077172049881809538405140552864794,0.01,0.99,0.5,0.98,1.24,1.24,1.24,122.55,122.55,122.55,1,1,
2026-08-16 01:52:40,812501,3407780,Game 3: Both Teams Slay a Dragon?,prop,3,2026-08-16 03:00:00,67.3,No,60057711611640343525293620284391058123978522706360481026432587479418071602197,0.01,0.99,0.5,0.98,1.24,1.24,1.24,122.55,122.55,122.55,1,1,
2026-08-16 01:52:40,812501,3407781,Game 3: Both Teams Destroy Inhibitors?,prop,3,2026-08-16 03:00:00,67.3,Yes,39542350196021563282639112300447540076267664844340741091676361618690741390605,0.01,0.99,0.5,0.98,1.24,1.24,1.24,122.55,122.55,122.55,1,1,
2026-08-16 01:52:40,812501,3407781,Game 3: Both Teams Destroy Inhibitors?,prop,3,2026-08-16 03:00:00,67.3,No,91364380906232166017713665249534353715037087368263061017016710270940804207208,0.01,0.99,0.5,0.98,1.24,1.24,1.24,122.55,122.55,122.55,1,1,
2026-08-16 01:52:40,812501,3407782,Game 3: Any Player Quadra Kill?,prop,3,2026-08-16 03:00:00,67.3,Yes,37307632162746025253829849316049566979299478000450149685938586430830071550912,0.01,0.99,0.5,0.98,0.05,0.05,0.05,4.95,4.95,4.95,1,1,
2026-08-16 01:52:40,812501,3407782,Game 3: Any Player Quadra Kill?,prop,3,2026-08-16 03:00:00,67.3,No,63982252988628134667878426985084368415157271810425345961600074461416139881254,0.01,0.99,0.5,0.98,0.05,0.05,0.05,4.95,4.95,4.95,1,1,
2026-08-16 01:52:40,812501,3407783,Game 3: Any Player Penta Kill?,prop,3,2026-08-16 03:00:00,67.3,Yes,70747408516516735967153070084967598515783840448108993307182613154174484046545,0.05,0.99,0.52,0.94,28.65,28.65,28.7,4.95,4.95,4.95,2,1,
2026-08-16 01:52:40,812501,3407783,Game 3: Any Player Penta Kill?,prop,3,2026-08-16 03:00:00,67.3,No,61690140592430459017872087614812557860059428369264397142831763490231186466635,0.01,0.95,0.48,0.94,0.05,0.05,0.05,544.35,544.35,549.3,1,2,
2026-08-16 01:52:40,812501,3407784,Game 3: Odd/Even Total Kills?,odd_even,3,2026-08-16 03:00:00,67.3,Odd,98933627551267508447263863349434570031436709045139598213619410896491820344484,0.49,0.51,0.5,0.02,105.76,105.76,390.37,110.07,110.07,457.94,8,8,57
2026-08-16 01:52:40,812501,3407784,Game 3: Odd/Even Total Kills?,odd_even,3,2026-08-16 03:00:00,67.3,Even,108512589332558883006762920479152265565445840370520718453759163242503924433460,0.49,0.51,0.5,0.02,105.76,105.76,390.37,110.07,110.07,457.94,8,8,57
2026-08-16 01:57:58,812501,3407762,LoL: T1 Academy vs DN SOOPers Challengers - Game 1 Winner,map,1,2026-08-16 03:00:00,62.0,T1 Academy,73064582482235014598278036393310819830718392444970483545371753650678400834736,0.57,0.58,0.575,0.01,1367.9,3278.87,4280.65,960.05,2774.4,5960.31,41,37,13000.465883
2026-08-16 01:57:58,812501,3407762,LoL: T1 Academy vs DN SOOPers Challengers - Game 1 Winner,map,1,2026-08-16 03:00:00,62.0,DN SOOPers Challengers,44224995904119349774883897648437602028511976750577753161233745822302188026009,0.42,0.43,0.425,0.01,670.55,1875.95,3804.41,1048.41,2641.44,3553.4,37,41,13000.465883
2026-08-16 01:57:58,812501,3407763,LoL: T1 Academy vs DN SOOPers Challengers - Game 2 Winner,map,2,2026-08-16 03:00:00,62.0,T1 Academy,95353452252504879943365852237238076881007218537823436733287745422250853187273,0.57,0.58,0.575,0.01,828.22,2941.1,3073.6,5361.76,6256.33,8513.73,25,28,1539.472031
2026-08-16 01:57:58,812501,3407763,LoL: T1 Academy vs DN SOOPers Challengers - Game 2 Winner,map,2,2026-08-16 03:00:00,62.0,DN SOOPers Challengers,99458406464843999033426214685546564937703458262249894941487909247317378751500,0.42,0.43,0.425,0.01,3844.37,4418.1,5755.23,642.22,2388.12,2505.62,28,25,1539.472031
2026-08-16 01:57:58,812501,3407764,LoL: T1 Academy vs DN SOOPers Challengers (BO3) - LCK Challengers League Rounds 3-4 Challenge Group,series,,2026-08-16 03:00:00,62.0,T1 Academy,47149118006951667535600667260288389920280393498307875124395202668413731841386,0.64,0.65,0.645,0.01,1487.6,2917.62,4634.66,10885.5,13120.01,13189.01,50,27,19944.976387000002
2026-08-16 01:57:58,812501,3407764,LoL: T1 Academy vs DN SOOPers Challengers (BO3) - LCK Challengers League Rounds 3-4 Challenge Group,series,,2026-08-16 03:00:00,62.0,DN SOOPers Challengers,35771467724294116916325429263618132001025645920509860605241357593060072915080,0.35,0.36,0.355,0.01,5784.24,6884.82,6915.82,839.12,1732.88,2914.74,27,50,19944.976387000002
2026-08-16 01:57:58,812501,3407765,Games Total: O/U 2.5,total_games,,2026-08-16 03:00:00,62.0,Over,28472689572385395046814959443344867949877348180594356550677806556781097456645,0.47,0.48,0.475,0.01,641.73,1465.53,2377.39,213.61,866.52,2168.87,22,19,1871.676713
2026-08-16 01:57:58,812501,3407765,Games Total: O/U 2.5,total_games,,2026-08-16 03:00:00,62.0,Under,60445358403756320386117803063638244982681533893147355431057150905897946227833,0.52,0.53,0.525,0.01,230.39,864.43,2062.99,736.11,1780.11,3000.18,19,22,1871.676713
2026-08-16 01:57:58,812501,3407766,Game Handicap: T1.A (-1.5) vs DN SOOPers Challengers (+1.5),handicap,,2026-08-16 03:00:00,62.0,T1 Academy,84157633848545715495802069650574598688014859523476823863021692534294083596234,0.35,0.37,0.36,0.02,39.47,1180.21,1422.1,590.06,926.56,1349.16,23,27,2779.126603
2026-08-16 01:57:58,812501,3407766,Game Handicap: T1.A (-1.5) vs DN SOOPers Challengers (+1.5),handicap,,2026-08-16 03:00:00,62.0,DN SOOPers Challengers,59885163287384748425978349155060122398367607750229429662790248778661914966815,0.63,0.65,0.64,0.02,997.94,1511.44,2118.84,76.17,2423.43,2971.15,27,23,2779.126603
2026-08-16 01:57:58,812501,3407767,Game 1: Both Teams Slay Baron Nashor?,prop,1,2026-08-16 03:00:00,62.0,Yes,98101395767675076675527407445074221726108082242766140122999013673078296924579,0.01,0.99,0.5,0.98,1.24,1.24,1.24,122.55,122.55,122.55,1,1,
2026-08-16 01:57:58,812501,3407767,Game 1: Both Teams Slay Baron Nashor?,prop,1,2026-08-16 03:00:00,62.0,No,87290422765316042161691235931778600664413826002993109373647521758362141675985,0.01,0.99,0.5,0.98,1.24,1.24,1.24,122.55,122.55,122.55,1,1,
2026-08-16 01:57:58,812501,3407768,Game 1: Both Teams Slay a Dragon?,prop,1,2026-08-16 03:00:00,62.0,Yes,79133110729101040979354156439270499254586169460530893547581424624230600191218,0.01,0.99,0.5,0.98,1.24,1.24,1.24,122.56,122.56,122.56,1,1,
2026-08-16 01:57:58,812501,3407768,Game 1: Both Teams Slay a Dragon?,prop,1,2026-08-16 03:00:00,62.0,No,87080835968360541907825236999430484259205742264350853747971304100745674369240,0.01,0.99,0.5,0.98,1.24,1.24,1.24,122.55,122.55,122.55,1,1,
2026-08-16 01:57:58,812501,3407769,Game 1: Both Teams Destroy Inhibitors?,prop,1,2026-08-16 03:00:00,62.0,Yes,41139893037576161188872686171355639757952754277902695214824790970502190000612,0.01,0.99,0.5,0.98,1.24,1.24,1.24,122.55,122.55,122.55,1,1,
2026-08-16 01:57:58,812501,3407769,Game 1: Both Teams Destroy Inhibitors?,prop,1,2026-08-16 03:00:00,62.0,No,11713257346113337208480784843855658054574586574869772753013260214337317995798,0.01,0.99,0.5,0.98,1.24,1.24,1.24,122.55,122.55,122.55,1,1,
2026-08-16 01:57:58,812501,3407770,Game 1: Any Player Quadra Kill?,prop,1,2026-08-16 03:00:00,62.0,Yes,89699116073306046966497778316057094796992801124411211058742622862658371484340,0.01,0.99,0.5,0.98,0.05,0.05,0.05,4.95,4.95,4.95,1,1,
2026-08-16 01:57:58,812501,3407770,Game 1: Any Player Quadra Kill?,prop,1,2026-08-16 03:00:00,62.0,No,110062225856361250232451733223883585889494582661648143328404444970890540170304,0.01,0.99,0.5,0.98,0.05,0.05,0.05,4.95,4.95,4.95,1,1,
2026-08-16 01:57:58,812501,3407771,Game 1: Any Player Penta Kill?,prop,1,2026-08-16 03:00:00,62.0,Yes,88817477593294431833892116040780787623551401078456392425497729385704534047793,0.01,0.5,0.255,0.49,0.06,0.06,0.06,6.5,6.5,6.5,2,3,15
2026-08-16 01:57:58,812501,3407771,Game 1: Any Player Penta Kill?,prop,1,2026-08-16 03:00:00,62.0,No,87228406489657215756146618888458284422804785033968690974967482020371044943402,0.5,0.99,0.745,0.49,6.5,6.5,6.5,9.95,9.95,9.95,3,2,15
2026-08-16 01:57:58,812501,3407772,Game 1: Odd/Even Total Kills?,odd_even,1,2026-08-16 03:00:00,62.0,Odd,9658086584873290771888578167645806108924909117236645290998179613625891551542,0.49,0.51,0.5,0.02,105.76,105.76,390.37,110.07,110.07,457.94,6,6,
2026-08-16 01:57:58,812501,3407772,Game 1: Odd/Even Total Kills?,odd_even,1,2026-08-16 03:00:00,62.0,Even,83684129425305084306307142763549562651923693209012555176967712625225705220248,0.49,0.51,0.5,0.02,105.76,105.76,390.37,110.07,110.07,457.94,6,6,
2026-08-16 01:57:58,812501,3407773,Game 2: Both Teams Slay Baron Nashor?,prop,2,2026-08-16 03:00:00,62.0,Yes,89297658295572950589193242688452597590018694715450307826825161120216168342242,0.01,0.99,0.5,0.98,1.24,1.24,1.24,122.55,122.55,122.55,1,1,
2026-08-16 01:57:58,812501,3407773,Game 2: Both Teams Slay Baron Nashor?,prop,2,2026-08-16 03:00:00,62.0,No,41370542629085814587327819175960375440467523596272908663943995486002518200858,0.01,0.99,0.5,0.98,1.24,1.24,1.24,122.55,122.55,122.55,1,1,
2026-08-16 01:57:58,812501,3407774,Game 2: Both Teams Slay a Dragon?,prop,2,2026-08-16 03:00:00,62.0,Yes,17213094384783561920447144318373049743601212254959536036565288413982307904891,0.01,0.99,0.5,0.98,1.24,1.24,1.24,108.17,108.17,108.17,1,1,
2026-08-16 01:57:58,812501,3407774,Game 2: Both Teams Slay a Dragon?,prop,2,2026-08-16 03:00:00,62.0,No,107361772230415915958955632622848371567473066269823321881145126999923158623096,0.01,0.99,0.5,0.98,1.09,1.09,1.09,122.55,122.55,122.55,1,1,
2026-08-16 01:57:58,812501,3407775,Game 2: Both Teams Destroy Inhibitors?,prop,2,2026-08-16 03:00:00,62.0,Yes,37085151396073944699750657470272385075014179379747539854914347479603815316699,0.01,0.98,0.495,0.97,1.24,1.24,1.24,73.67,73.67,73.67,1,2,
2026-08-16 01:57:58,812501,3407775,Game 2: Both Teams Destroy Inhibitors?,prop,2,2026-08-16 03:00:00,62.0,No,115153163980740373959185278746365667228368300396797954685717305797766491026714,0.02,0.99,0.505,0.97,1.24,1.24,1.24,122.56,122.56,122.56,2,1,
2026-08-16 01:57:58,812501,3407776,Game 2: Any Player Quadra Kill?,prop,2,2026-08-16 03:00:00,62.0,Yes,92366871030395219227539229526027723469617721035967924535754927351839920760282,0.01,0.99,0.5,0.98,0.05,0.05,0.05,4.95,4.95,4.95,1,1,
2026-08-16 01:57:58,812501,3407776,Game 2: Any Player Quadra Kill?,prop,2,2026-08-16 03:00:00,62.0,No,108131379290397497921034320795187253387625375475492003495114439351232186339057,0.01,0.99,0.5,0.98,0.05,0.05,0.05,4.95,4.95,4.95,1,1,
2026-08-16 01:57:58,812501,3407777,Game 2: Any Player Penta Kill?,prop,2,2026-08-16 03:00:00,62.0,Yes,17979466769376123931528681389233276317538527490930446639079169530069864950578,0.01,0.5,0.255,0.49,0.05,0.05,0.05,20.0,20.0,20.0,1,2,
2026-08-16 01:57:58,812501,3407777,Game 2: Any Player Penta Kill?,prop,2,2026-08-16 03:00:00,62.0,No,98518636466579073594826930528319759549288909542166508168276302065256239237641,0.5,0.99,0.745,0.49,20.0,20.0,20.0,4.95,4.95,4.95,2,1,
2026-08-16 01:57:58,812501,3407778,Game 2: Odd/Even Total Kills?,odd_even,2,2026-08-16 03:00:00,62.0,Odd,59779735910433430026922845250121216304233262452139448197463634726945263917642,0.49,0.51,0.5,0.02,105.76,105.76,390.37,110.07,110.07,457.94,7,7,
2026-08-16 01:57:58,812501,3407778,Game 2: Odd/Even Total Kills?,odd_even,2,2026-08-16 03:00:00,62.0,Even,63820986229538783051704393626483275773639389915746997330375253931539704114052,0.49,0.51,0.5,0.02,105.76,105.76,390.37,110.07,110.07,457.94,7,7,
2026-08-16 01:57:58,812501,3407779,Game 3: Both Teams Slay Baron Nashor?,prop,3,2026-08-16 03:00:00,62.0,Yes,113252981035414606041270247891785674937112739878099898576536010241670893541263,0.01,0.99,0.5,0.98,1.24,1.24,1.24,122.55,122.55,122.55,1,1,
2026-08-16 01:57:58,812501,3407779,Game 3: Both Teams Slay Baron Nashor?,prop,3,2026-08-16 03:00:00,62.0,No,80269374401740033283890248739835625511400013599013392298323688208415881374403,0.01,0.99,0.5,0.98,1.24,1.24,1.24,122.55,122.55,122.55,1,1,
2026-08-16 01:57:58,812501,3407780,Game 3: Both Teams Slay a Dragon?,prop,3,2026-08-16 03:00:00,62.0,Yes,48391266703243630062101276354060508850367984077172049881809538405140552864794,0.01,0.99,0.5,0.98,1.24,1.24,1.24,122.55,122.55,122.55,1,1,
2026-08-16 01:57:58,812501,3407780,Game 3: Both Teams Slay a Dragon?,prop,3,2026-08-16 03:00:00,62.0,No,60057711611640343525293620284391058123978522706360481026432587479418071602197,0.01,0.99,0.5,0.98,1.24,1.24,1.24,122.55,122.55,122.55,1,1,
2026-08-16 01:57:58,812501,3407781,Game 3: Both Teams Destroy Inhibitors?,prop,3,2026-08-16 03:00:00,62.0,Yes,39542350196021563282639112300447540076267664844340741091676361618690741390605,0.01,0.99,0.5,0.98,1.24,1.24,1.24,122.55,122.55,122.55,1,1,
2026-08-16 01:57:58,812501,3407781,Game 3: Both Teams Destroy Inhibitors?,prop,3,2026-08-16 03:00:00,62.0,No,91364380906232166017713665249534353715037087368263061017016710270940804207208,0.01,0.99,0.5,0.98,1.24,1.24,1.24,122.55,122.55,122.55,1,1,
2026-08-16 01:57:58,812501,3407782,Game 3: Any Player Quadra Kill?,prop,3,2026-08-16 03:00:00,62.0,Yes,37307632162746025253829849316049566979299478000450149685938586430830071550912,0.02,0.99,0.505,0.97,11.51,11.51,11.51,4.95,4.95,4.95,2,1,
2026-08-16 01:57:58,812501,3407782,Game 3: Any Player Quadra Kill?,prop,3,2026-08-16 03:00:00,62.0,No,63982252988628134667878426985084368415157271810425345961600074461416139881254,0.01,0.98,0.495,0.97,0.05,0.05,0.05,566.49,566.49,566.49,1,2,
2026-08-16 01:57:58,812501,3407783,Game 3: Any Player Penta Kill?,prop,3,2026-08-16 03:00:00,62.0,Yes,70747408516516735967153070084967598515783840448108993307182613154174484046545,0.05,0.99,0.52,0.94,28.65,28.65,28.7,4.95,4.95,4.95,2,1,
2026-08-16 01:57:58,812501,3407783,Game 3: Any Player Penta Kill?,prop,3,2026-08-16 03:00:00,62.0,No,61690140592430459017872087614812557860059428369264397142831763490231186466635,0.01,0.95,0.48,0.94,0.05,0.05,0.05,544.35,544.35,549.3,1,2,
2026-08-16 01:57:58,812501,3407784,Game 3: Odd/Even Total Kills?,odd_even,3,2026-08-16 03:00:00,62.0,Odd,98933627551267508447263863349434570031436709045139598213619410896491820344484,0.49,0.51,0.5,0.02,105.76,105.76,390.37,110.07,110.07,457.94,7,7,57
2026-08-16 01:57:58,812501,3407784,Game 3: Odd/Even Total Kills?,odd_even,3,2026-08-16 03:00:00,62.0,Even,108512589332558883006762920479152265565445840370520718453759163242503924433460,0.49,0.51,0.5,0.02,105.76,105.76,390.37,110.07,110.07,457.94,7,7,57
2026-08-16 02:03:18,812501,3407762,LoL: T1 Academy vs DN SOOPers Challengers - Game 1 Winner,map,1,2026-08-16 03:00:00,56.7,T1 Academy,73064582482235014598278036393310819830718392444970483545371753650678400834736,0.57,0.59,0.58,0.02,923.66,3771.85,4412.56,2496.75,3877.46,5529.66,36,34,13000.465883
2026-08-16 02:03:18,812501,3407762,LoL: T1 Academy vs DN SOOPers Challengers - Game 1 Winner,map,1,2026-08-16 03:00:00,56.7,DN SOOPers Challengers,44224995904119349774883897648437602028511976750577753161233745822302188026009,0.41,0.43,0.42,0.02,1688.08,2561.83,3514.63,725.06,3073.87,3646.77,34,36,13000.465883
2026-08-16 02:03:18,812501,3407763,LoL: T1 Academy vs DN SOOPers Challengers - Game 2 Winner,map,2,2026-08-16 03:00:00,56.7,T1 Academy,95353452252504879943365852237238076881007218537823436733287745422250853187273,0.57,0.58,0.575,0.01,614.47,2710.85,2843.35,5063.56,5958.12,8215.53,23,28,1539.472031
2026-08-16 02:03:18,812501,3407763,LoL: T1 Academy vs DN SOOPers Challengers - Game 2 Winner,map,2,2026-08-16 03:00:00,56.7,DN SOOPers Challengers,99458406464843999033426214685546564937703458262249894941487909247317378751500,0.42,0.43,0.425,0.01,3636.99,4210.73,5547.85,480.97,2213.37,2330.87,28,23,1539.472031
2026-08-16 02:03:18,812501,3407764,LoL: T1 Academy vs DN SOOPers Challengers (BO3) - LCK Challengers League Rounds 3-4 Challenge Group,series,,2026-08-16 03:00:00,56.7,T1 Academy,47149118006951667535600667260288389920280393498307875124395202668413731841386,0.64,0.65,0.645,0.01,1483.12,2832.1,4549.14,10870.34,13084.75,13153.75,49,27,19944.976387000002
2026-08-16 02:03:18,812501,3407764,LoL: T1 Academy vs DN SOOPers Challengers (BO3) - LCK Challengers League Rounds 3-4 Challenge Group,series,,2026-08-16 03:00:00,56.7,DN SOOPers Challengers,35771467724294116916325429263618132001025645920509860605241357593060072915080,0.35,0.36,0.355,0.01,5776.07,6866.75,6897.75,836.6,1680.68,3162.54,27,49,19944.976387000002
2026-08-16 02:03:18,812501,3407765,Games Total: O/U 2.5,total_games,,2026-08-16 03:00:00,56.7,Over,28472689572385395046814959443344867949877348180594356550677806556781097456645,0.47,0.48,0.475,0.01,157.89,1218.12,2129.97,4.85,680.2,1982.55,20,18,1871.676713
2026-08-16 02:03:18,812501,3407765,Games Total: O/U 2.5,total_games,,2026-08-16 03:00:00,56.7,Under,60445358403756320386117803063638244982681533893147355431057150905897946227833,0.52,0.53,0.525,0.01,5.15,660.75,1859.31,178.98,1518.07,2738.15,18,20,1871.676713
2026-08-16 02:03:18,812501,3407766,Game Handicap: T1.A (-1.5) vs DN SOOPers Challengers (+1.5),handicap,,2026-08-16 03:00:00,56.7,T1 Academy,84157633848545715495802069650574598688014859523476823863021692534294083596234,0.35,0.37,0.36,0.02,39.47,540.16,1012.05,561.85,995.85,1405.85,23,25,2779.126603
2026-08-16 02:03:18,812501,3407766,Game Handicap: T1.A (-1.5) vs DN SOOPers Challengers (+1.5),handicap,,2026-08-16 03:00:00,56.7,DN SOOPers Challengers,59885163287384748425978349155060122398367607750229429662790248778661914966815,0.63,0.65,0.64,0.02,943.15,1609.15,2199.15,76.17,1124.51,2192.23,25,23,2779.126603
2026-08-16 02:03:18,812501,3407767,Game 1: Both Teams Slay Baron Nashor?,prop,1,2026-08-16 03:00:00,56.7,Yes,98101395767675076675527407445074221726108082242766140122999013673078296924579,0.01,0.99,0.5,0.98,1.24,1.24,1.24,122.56,122.56,122.56,1,1,
2026-08-16 02:03:18,812501,3407767,Game 1: Both Teams Slay Baron Nashor?,prop,1,2026-08-16 03:00:00,56.7,No,87290422765316042161691235931778600664413826002993109373647521758362141675985,0.01,0.99,0.5,0.98,1.24,1.24,1.24,122.55,122.55,122.55,1,1,
2026-08-16 02:03:18,812501,3407768,Game 1: Both Teams Slay a Dragon?,prop,1,2026-08-16 03:00:00,56.7,Yes,79133110729101040979354156439270499254586169460530893547581424624230600191218,0.01,0.99,0.5,0.98,1.24,1.24,1.24,122.56,122.56,122.56,1,1,
2026-08-16 02:03:18,812501,3407768,Game 1: Both Teams Slay a Dragon?,prop,1,2026-08-16 03:00:00,56.7,No,87080835968360541907825236999430484259205742264350853747971304100745674369240,0.01,0.99,0.5,0.98,1.24,1.24,1.24,122.55,122.55,122.55,1,1,
2026-08-16 02:03:18,812501,3407769,Game 1: Both Teams Destroy Inhibitors?,prop,1,2026-08-16 03:00:00,56.7,Yes,41139893037576161188872686171355639757952754277902695214824790970502190000612,0.01,0.99,0.5,0.98,1.24,1.24,1.24,122.55,122.55,122.55,1,1,
2026-08-16 02:03:18,812501,3407769,Game 1: Both Teams Destroy Inhibitors?,prop,1,2026-08-16 03:00:00,56.7,No,11713257346113337208480784843855658054574586574869772753013260214337317995798,0.01,0.99,0.5,0.98,1.24,1.24,1.24,122.55,122.55,122.55,1,1,
2026-08-16 02:03:18,812501,3407770,Game 1: Any Player Quadra Kill?,prop,1,2026-08-16 03:00:00,56.7,Yes,89699116073306046966497778316057094796992801124411211058742622862658371484340,0.01,0.5,0.255,0.49,0.05,0.05,0.05,2.5,2.5,2.5,1,2,
2026-08-16 02:03:18,812501,3407770,Game 1: Any Player Quadra Kill?,prop,1,2026-08-16 03:00:00,56.7,No,110062225856361250232451733223883585889494582661648143328404444970890540170304,0.5,0.99,0.745,0.49,2.5,2.5,2.5,4.95,4.95,4.95,2,1,
2026-08-16 02:03:18,812501,3407771,Game 1: Any Player Penta Kill?,prop,1,2026-08-16 03:00:00,56.7,Yes,88817477593294431833892116040780787623551401078456392425497729385704534047793,0.01,0.149,0.0795,0.139,0.06,0.06,0.06,1.94,1.94,1.94,2,7,15
2026-08-16 02:03:18,812501,3407771,Game 1: Any Player Penta Kill?,prop,1,2026-08-16 03:00:00,56.7,No,87228406489657215756146618888458284422804785033968690974967482020371044943402,0.851,0.99,0.9205,0.139,11.06,11.06,11.06,9.95,9.95,9.95,7,2,15
2026-08-16 02:03:18,812501,3407772,Game 1: Odd/Even Total Kills?,odd_even,1,2026-08-16 03:00:00,56.7,Odd,9658086584873290771888578167645806108924909117236645290998179613625891551542,0.49,0.51,0.5,0.02,105.76,105.76,390.37,110.07,110.07,457.94,5,5,
2026-08-16 02:03:18,812501,3407772,Game 1: Odd/Even Total Kills?,odd_even,1,2026-08-16 03:00:00,56.7,Even,83684129425305084306307142763549562651923693209012555176967712625225705220248,0.49,0.51,0.5,0.02,105.76,105.76,390.37,110.07,110.07,457.94,5,5,
2026-08-16 02:03:18,812501,3407773,Game 2: Both Teams Slay Baron Nashor?,prop,2,2026-08-16 03:00:00,56.7,Yes,89297658295572950589193242688452597590018694715450307826825161120216168342242,0.01,0.99,0.5,0.98,1.24,1.24,1.24,122.55,122.55,122.55,1,1,
2026-08-16 02:03:18,812501,3407773,Game 2: Both Teams Slay Baron Nashor?,prop,2,2026-08-16 03:00:00,56.7,No,41370542629085814587327819175960375440467523596272908663943995486002518200858,0.01,0.99,0.5,0.98,1.24,1.24,1.24,122.55,122.55,122.55,1,1,
2026-08-16 02:03:18,812501,3407774,Game 2: Both Teams Slay a Dragon?,prop,2,2026-08-16 03:00:00,56.7,Yes,17213094384783561920447144318373049743601212254959536036565288413982307904891,0.01,0.99,0.5,0.98,1.24,1.24,1.24,122.55,122.55,122.55,1,1,
2026-08-16 02:03:18,812501,3407774,Game 2: Both Teams Slay a Dragon?,prop,2,2026-08-16 03:00:00,56.7,No,107361772230415915958955632622848371567473066269823321881145126999923158623096,0.01,0.99,0.5,0.98,1.24,1.24,1.24,122.55,122.55,122.55,1,1,
2026-08-16 02:03:18,812501,3407775,Game 2: Both Teams Destroy Inhibitors?,prop,2,2026-08-16 03:00:00,56.7,Yes,37085151396073944699750657470272385075014179379747539854914347479603815316699,0.01,0.99,0.5,0.98,1.24,1.24,1.24,122.56,122.56,122.56,1,1,
2026-08-16 02:03:18,812501,3407775,Game 2: Both Teams Destroy Inhibitors?,prop,2,2026-08-16 03:00:00,56.7,No,115153163980740373959185278746365667228368300396797954685717305797766491026714,0.01,0.99,0.5,0.98,1.24,1.24,1.24,122.56,122.56,122.56,1,1,
2026-08-16 02:03:18,812501,3407776,Game 2: Any Player Quadra Kill?,prop,2,2026-08-16 03:00:00,56.7,Yes,92366871030395219227539229526027723469617721035967924535754927351839920760282,0.01,0.99,0.5,0.98,0.05,0.05,0.05,4.95,4.95,4.95,1,1,
2026-08-16 02:03:18,812501,3407776,Game 2: Any Player Quadra Kill?,prop,2,2026-08-16 03:00:00,56.7,No,108131379290397497921034320795187253387625375475492003495114439351232186339057,0.01,0.99,0.5,0.98,0.05,0.05,0.05,4.95,4.95,4.95,1,1,
2026-08-16 02:03:18,812501,3407777,Game 2: Any Player Penta Kill?,prop,2,2026-08-16 03:00:00,56.7,Yes,17979466769376123931528681389233276317538527490930446639079169530069864950578,0.01,0.14,0.075,0.13,0.05,0.05,0.05,3.97,3.97,3.97,1,6,
2026-08-16 02:03:18,812501,3407777,Game 2: Any Player Penta Kill?,prop,2,2026-08-16 03:00:00,56.7,No,98518636466579073594826930528319759549288909542166508168276302065256239237641,0.86,0.99,0.925,0.13,24.03,24.03,24.03,4.95,4.95,4.95,6,1,
2026-08-16 02:03:18,812501,3407778,Game 2: Odd/Even Total Kills?,odd_even,2,2026-08-16 03:00:00,56.7,Odd,59779735910433430026922845250121216304233262452139448197463634726945263917642,0.49,0.51,0.5,0.02,105.76,105.76,390.37,110.07,110.07,457.94,5,5,
2026-08-16 02:03:18,812501,3407778,Game 2: Odd/Even Total Kills?,odd_even,2,2026-08-16 03:00:00,56.7,Even,63820986229538783051704393626483275773639389915746997330375253931539704114052,0.49,0.51,0.5,0.02,105.76,105.76,390.37,110.07,110.07,457.94,5,5,
2026-08-16 02:03:18,812501,3407779,Game 3: Both Teams Slay Baron Nashor?,prop,3,2026-08-16 03:00:00,56.7,Yes,113252981035414606041270247891785674937112739878099898576536010241670893541263,0.01,0.99,0.5,0.98,1.24,1.24,1.24,122.55,122.55,122.55,1,1,
2026-08-16 02:03:18,812501,3407779,Game 3: Both Teams Slay Baron Nashor?,prop,3,2026-08-16 03:00:00,56.7,No,80269374401740033283890248739835625511400013599013392298323688208415881374403,0.01,0.99,0.5,0.98,1.24,1.24,1.24,122.55,122.55,122.55,1,1,
2026-08-16 02:03:18,812501,3407780,Game 3: Both Teams Slay a Dragon?,prop,3,2026-08-16 03:00:00,56.7,Yes,48391266703243630062101276354060508850367984077172049881809538405140552864794,0.01,0.99,0.5,0.98,1.24,1.24,1.24,122.55,122.55,122.55,1,1,
2026-08-16 02:03:18,812501,3407780,Game 3: Both Teams Slay a Dragon?,prop,3,2026-08-16 03:00:00,56.7,No,60057711611640343525293620284391058123978522706360481026432587479418071602197,0.01,0.99,0.5,0.98,1.24,1.24,1.24,122.55,122.55,122.55,1,1,
2026-08-16 02:03:18,812501,3407781,Game 3: Both Teams Destroy Inhibitors?,prop,3,2026-08-16 03:00:00,56.7,Yes,39542350196021563282639112300447540076267664844340741091676361618690741390605,0.01,0.99,0.5,0.98,1.24,1.24,1.24,122.55,122.55,122.55,1,1,
2026-08-16 02:03:18,812501,3407781,Game 3: Both Teams Destroy Inhibitors?,prop,3,2026-08-16 03:00:00,56.7,No,91364380906232166017713665249534353715037087368263061017016710270940804207208,0.01,0.99,0.5,0.98,1.24,1.24,1.24,122.55,122.55,122.55,1,1,
2026-08-16 02:03:18,812501,3407782,Game 3: Any Player Quadra Kill?,prop,3,2026-08-16 03:00:00,56.7,Yes,37307632162746025253829849316049566979299478000450149685938586430830071550912,0.02,0.99,0.505,0.97,11.51,11.51,11.51,4.95,4.95,4.95,2,1,
2026-08-16 02:03:18,812501,3407782,Game 3: Any Player Quadra Kill?,prop,3,2026-08-16 03:00:00,56.7,No,63982252988628134667878426985084368415157271810425345961600074461416139881254,0.01,0.98,0.495,0.97,0.05,0.05,0.05,566.49,566.49,566.49,1,2,
2026-08-16 02:03:18,812501,3407783,Game 3: Any Player Penta Kill?,prop,3,2026-08-16 03:00:00,56.7,Yes,70747408516516735967153070084967598515783840448108993307182613154174484046545,0.05,0.99,0.52,0.94,28.65,28.65,28.7,4.95,4.95,4.95,2,1,
2026-08-16 02:03:18,812501,3407783,Game 3: Any Player Penta Kill?,prop,3,2026-08-16 03:00:00,56.7,No,61690140592430459017872087614812557860059428369264397142831763490231186466635,0.01,0.95,0.48,0.94,0.05,0.05,0.05,544.35,544.35,549.3,1,2,
2026-08-16 02:03:18,812501,3407784,Game 3: Odd/Even Total Kills?,odd_even,3,2026-08-16 03:00:00,56.7,Odd,98933627551267508447263863349434570031436709045139598213619410896491820344484,0.49,0.51,0.5,0.02,105.76,105.76,390.37,110.07,110.07,457.94,6,6,57
2026-08-16 02:03:18,812501,3407784,Game 3: Odd/Even Total Kills?,odd_even,3,2026-08-16 03:00:00,56.7,Even,108512589332558883006762920479152265565445840370520718453759163242503924433460,0.49,0.51,0.5,0.02,105.76,105.76,390.37,110.07,110.07,457.94,6,6,57
2026-08-16 02:08:36,812501,3407762,LoL: T1 Academy vs DN SOOPers Challengers - Game 1 Winner,map,1,2026-08-16 03:00:00,51.4,T1 Academy,73064582482235014598278036393310819830718392444970483545371753650678400834736,0.58,0.59,0.585,0.01,47.9,3244.89,4478.45,2084.93,4686.04,6773.49,36,32,13056.848393999999
2026-08-16 02:08:36,812501,3407762,LoL: T1 Academy vs DN SOOPers Challengers - Game 1 Winner,map,1,2026-08-16 03:00:00,51.4,DN SOOPers Challengers,44224995904119349774883897648437602028511976750577753161233745822302188026009,0.41,0.42,0.415,0.01,1412.9,3011.16,4203.71,35.68,2621.69,3696.38,32,37,13056.848393999999
2026-08-16 02:08:36,812501,3407763,LoL: T1 Academy vs DN SOOPers Challengers - Game 2 Winner,map,2,2026-08-16 03:00:00,51.4,T1 Academy,95353452252504879943365852237238076881007218537823436733287745422250853187273,0.57,0.58,0.575,0.01,696.23,2799.21,2931.71,5184.31,6018.87,8271.87,24,26,1542.0301690000001
2026-08-16 02:08:36,812501,3407763,LoL: T1 Academy vs DN SOOPers Challengers - Game 2 Winner,map,2,2026-08-16 03:00:00,51.4,DN SOOPers Challengers,99458406464843999033426214685546564937703458262249894941487909247317378751500,0.42,0.43,0.425,0.01,3723.19,4256.93,5591.46,545.21,2283.01,2400.51,26,24,1542.0301690000001
2026-08-16 02:08:36,812501,3407764,LoL: T1 Academy vs DN SOOPers Challengers (BO3) - LCK Challengers League Rounds 3-4 Challenge Group,series,,2026-08-16 03:00:00,51.4,T1 Academy,47149118006951667535600667260288389920280393498307875124395202668413731841386,0.64,0.65,0.645,0.01,1069.49,2680.09,4261.43,9415.37,12139.78,12222.58,50,29,19980.284077000004
2026-08-16 02:08:36,812501,3407764,LoL: T1 Academy vs DN SOOPers Challengers (BO3) - LCK Challengers League Rounds 3-4 Challenge Group,series,,2026-08-16 03:00:00,51.4,DN SOOPers Challengers,35771467724294116916325429263618132001025645920509860605241357593060072915080,0.35,0.36,0.355,0.01,5001.64,6332.32,6369.52,603.78,1608.24,2695.8,29,50,19980.284077000004
2026-08-16 02:08:36,812501,3407765,Games Total: O/U 2.5,total_games,,2026-08-16 03:00:00,51.4,Over,28472689572385395046814959443344867949877348180594356550677806556781097456645,0.47,0.48,0.475,0.01,366.75,1179.34,2091.19,4.85,535.93,1837.76,20,18,1871.676713
2026-08-16 02:08:36,812501,3407765,Games Total: O/U 2.5,total_games,,2026-08-16 03:00:00,51.4,Under,60445358403756320386117803063638244982681533893147355431057150905897946227833,0.52,0.53,0.525,0.01,5.15,517.37,1715.45,425.12,1455.85,2675.93,18,20,1871.676713
2026-08-16 02:08:36,812501,3407766,Game Handicap: T1.A (-1.5) vs DN SOOPers Challengers (+1.5),handicap,,2026-08-16 03:00:00,51.4,T1 Academy,84157633848545715495802069650574598688014859523476823863021692534294083596234,0.35,0.37,0.36,0.02,39.47,540.16,1012.05,561.85,995.85,1405.85,23,28,2789.682157
2026-08-16 02:08:36,812501,3407766,Game Handicap: T1.A (-1.5) vs DN SOOPers Challengers (+1.5),handicap,,2026-08-16 03:00:00,51.4,DN SOOPers Challengers,59885163287384748425978349155060122398367607750229429662790248778661914966815,0.63,0.65,0.64,0.02,943.15,1609.15,2199.15,76.17,1124.51,2192.23,28,23,2789.682157
2026-08-16 02:08:36,812501,3407767,Game 1: Both Teams Slay Baron Nashor?,prop,1,2026-08-16 03:00:00,51.4,Yes,98101395767675076675527407445074221726108082242766140122999013673078296924579,0.01,0.99,0.5,0.98,1.24,1.24,1.24,122.56,122.56,122.56,1,1,
2026-08-16 02:08:36,812501,3407767,Game 1: Both Teams Slay Baron Nashor?,prop,1,2026-08-16 03:00:00,51.4,No,87290422765316042161691235931778600664413826002993109373647521758362141675985,0.01,0.99,0.5,0.98,1.24,1.24,1.24,122.55,122.55,122.55,1,1,
2026-08-16 02:08:36,812501,3407768,Game 1: Both Teams Slay a Dragon?,prop,1,2026-08-16 03:00:00,51.4,Yes,79133110729101040979354156439270499254586169460530893547581424624230600191218,0.01,0.99,0.5,0.98,1.24,1.24,1.24,122.56,122.56,122.56,1,1,
2026-08-16 02:08:36,812501,3407768,Game 1: Both Teams Slay a Dragon?,prop,1,2026-08-16 03:00:00,51.4,No,87080835968360541907825236999430484259205742264350853747971304100745674369240,0.01,0.99,0.5,0.98,1.24,1.24,1.24,122.55,122.55,122.55,1,1,
2026-08-16 02:08:36,812501,3407769,Game 1: Both Teams Destroy Inhibitors?,prop,1,2026-08-16 03:00:00,51.4,Yes,41139893037576161188872686171355639757952754277902695214824790970502190000612,0.01,0.99,0.5,0.98,1.24,1.24,1.24,122.55,122.55,122.55,1,1,
2026-08-16 02:08:36,812501,3407769,Game 1: Both Teams Destroy Inhibitors?,prop,1,2026-08-16 03:00:00,51.4,No,11713257346113337208480784843855658054574586574869772753013260214337317995798,0.01,0.99,0.5,0.98,1.24,1.24,1.24,122.55,122.55,122.55,1,1,
2026-08-16 02:08:36,812501,3407770,Game 1: Any Player Quadra Kill?,prop,1,2026-08-16 03:00:00,51.4,Yes,89699116073306046966497778316057094796992801124411211058742622862658371484340,0.01,0.5,0.255,0.49,0.05,0.05,0.05,2.5,2.5,2.5,1,2,
2026-08-16 02:08:36,812501,3407770,Game 1: Any Player Quadra Kill?,prop,1,2026-08-16 03:00:00,51.4,No,110062225856361250232451733223883585889494582661648143328404444970890540170304,0.5,0.99,0.745,0.49,2.5,2.5,2.5,4.95,4.95,4.95,2,1,
2026-08-16 02:08:36,812501,3407771,Game 1: Any Player Penta Kill?,prop,1,2026-08-16 03:00:00,51.4,Yes,88817477593294431833892116040780787623551401078456392425497729385704534047793,0.01,0.149,0.0795,0.139,0.06,0.06,0.06,1.94,1.94,1.94,2,7,15
2026-08-16 02:08:36,812501,3407771,Game 1: Any Player Penta Kill?,prop,1,2026-08-16 03:00:00,51.4,No,87228406489657215756146618888458284422804785033968690974967482020371044943402,0.851,0.99,0.9205,0.139,11.06,11.06,11.06,9.95,9.95,9.95,7,2,15
2026-08-16 02:08:36,812501,3407772,Game 1: Odd/Even Total Kills?,odd_even,1,2026-08-16 03:00:00,51.4,Odd,9658086584873290771888578167645806108924909117236645290998179613625891551542,0.49,0.51,0.5,0.02,105.76,105.76,390.37,110.07,110.07,457.94,5,5,
2026-08-16 02:08:36,812501,3407772,Game 1: Odd/Even Total Kills?,odd_even,1,2026-08-16 03:00:00,51.4,Even,83684129425305084306307142763549562651923693209012555176967712625225705220248,0.49,0.51,0.5,0.02,105.76,105.76,390.37,110.07,110.07,457.94,5,5,
2026-08-16 02:08:36,812501,3407773,Game 2: Both Teams Slay Baron Nashor?,prop,2,2026-08-16 03:00:00,51.4,Yes,89297658295572950589193242688452597590018694715450307826825161120216168342242,0.01,0.99,0.5,0.98,1.24,1.24,1.24,122.55,122.55,122.55,1,1,
2026-08-16 02:08:36,812501,3407773,Game 2: Both Teams Slay Baron Nashor?,prop,2,2026-08-16 03:00:00,51.4,No,41370542629085814587327819175960375440467523596272908663943995486002518200858,0.01,0.99,0.5,0.98,1.24,1.24,1.24,122.55,122.55,122.55,1,1,
2026-08-16 02:08:36,812501,3407774,Game 2: Both Teams Slay a Dragon?,prop,2,2026-08-16 03:00:00,51.4,Yes,17213094384783561920447144318373049743601212254959536036565288413982307904891,0.01,0.99,0.5,0.98,1.24,1.24,1.24,122.55,122.55,122.55,1,1,
2026-08-16 02:08:36,812501,3407774,Game 2: Both Teams Slay a Dragon?,prop,2,2026-08-16 03:00:00,51.4,No,107361772230415915958955632622848371567473066269823321881145126999923158623096,0.01,0.99,0.5,0.98,1.24,1.24,1.24,122.55,122.55,122.55,1,1,
2026-08-16 02:08:36,812501,3407775,Game 2: Both Teams Destroy Inhibitors?,prop,2,2026-08-16 03:00:00,51.4,Yes,37085151396073944699750657470272385075014179379747539854914347479603815316699,0.02,0.99,0.505,0.97,1.24,1.24,1.24,122.56,122.56,122.56,2,1,
2026-08-16 02:08:36,812501,3407775,Game 2: Both Teams Destroy Inhibitors?,prop,2,2026-08-16 03:00:00,51.4,No,115153163980740373959185278746365667228368300396797954685717305797766491026714,0.01,0.98,0.495,0.97,1.24,1.24,1.24,73.67,73.67,73.67,1,2,
2026-08-16 02:08:36,812501,3407776,Game 2: Any Player Quadra Kill?,prop,2,2026-08-16 03:00:00,51.4,Yes,92366871030395219227539229526027723469617721035967924535754927351839920760282,0.01,0.99,0.5,0.98,0.05,0.05,0.05,4.95,4.95,4.95,1,1,
2026-08-16 02:08:36,812501,3407776,Game 2: Any Player Quadra Kill?,prop,2,2026-08-16 03:00:00,51.4,No,108131379290397497921034320795187253387625375475492003495114439351232186339057,0.01,0.99,0.5,0.98,0.05,0.05,0.05,4.95,4.95,4.95,1,1,
2026-08-16 02:08:36,812501,3407777,Game 2: Any Player Penta Kill?,prop,2,2026-08-16 03:00:00,51.4,Yes,17979466769376123931528681389233276317538527490930446639079169530069864950578,0.01,0.14,0.075,0.13,0.05,0.05,0.05,3.97,3.97,3.97,1,6,
2026-08-16 02:08:36,812501,3407777,Game 2: Any Player Penta Kill?,prop,2,2026-08-16 03:00:00,51.4,No,98518636466579073594826930528319759549288909542166508168276302065256239237641,0.86,0.99,0.925,0.13,24.03,24.03,24.03,4.95,4.95,4.95,6,1,
2026-08-16 02:08:36,812501,3407778,Game 2: Odd/Even Total Kills?,odd_even,2,2026-08-16 03:00:00,51.4,Odd,59779735910433430026922845250121216304233262452139448197463634726945263917642,0.49,0.51,0.5,0.02,105.76,105.76,390.37,110.07,110.07,457.94,5,5,
2026-08-16 02:08:36,812501,3407778,Game 2: Odd/Even Total Kills?,odd_even,2,2026-08-16 03:00:00,51.4,Even,63820986229538783051704393626483275773639389915746997330375253931539704114052,0.49,0.51,0.5,0.02,105.76,105.76,390.37,110.07,110.07,457.94,5,5,
2026-08-16 02:08:36,812501,3407779,Game 3: Both Teams Slay Baron Nashor?,prop,3,2026-08-16 03:00:00,51.4,Yes,113252981035414606041270247891785674937112739878099898576536010241670893541263,0.01,0.99,0.5,0.98,1.24,1.24,1.24,122.55,122.55,122.55,1,1,
2026-08-16 02:08:36,812501,3407779,Game 3: Both Teams Slay Baron Nashor?,prop,3,2026-08-16 03:00:00,51.4,No,80269374401740033283890248739835625511400013599013392298323688208415881374403,0.01,0.99,0.5,0.98,1.24,1.24,1.24,122.55,122.55,122.55,1,1,
2026-08-16 02:08:36,812501,3407780,Game 3: Both Teams Slay a Dragon?,prop,3,2026-08-16 03:00:00,51.4,Yes,48391266703243630062101276354060508850367984077172049881809538405140552864794,0.01,0.99,0.5,0.98,1.24,1.24,1.24,122.55,122.55,122.55,1,1,
2026-08-16 02:08:36,812501,3407780,Game 3: Both Teams Slay a Dragon?,prop,3,2026-08-16 03:00:00,51.4,No,60057711611640343525293620284391058123978522706360481026432587479418071602197,0.01,0.99,0.5,0.98,1.24,1.24,1.24,122.55,122.55,122.55,1,1,
2026-08-16 02:08:36,812501,3407781,Game 3: Both Teams Destroy Inhibitors?,prop,3,2026-08-16 03:00:00,51.4,Yes,39542350196021563282639112300447540076267664844340741091676361618690741390605,0.01,0.99,0.5,0.98,1.24,1.24,1.24,122.55,122.55,122.55,1,1,
2026-08-16 02:08:36,812501,3407781,Game 3: Both Teams Destroy Inhibitors?,prop,3,2026-08-16 03:00:00,51.4,No,91364380906232166017713665249534353715037087368263061017016710270940804207208,0.01,0.99,0.5,0.98,1.24,1.24,1.24,122.55,122.55,122.55,1,1,
2026-08-16 02:08:36,812501,3407782,Game 3: Any Player Quadra Kill?,prop,3,2026-08-16 03:00:00,51.4,Yes,37307632162746025253829849316049566979299478000450149685938586430830071550912,0.01,0.99,0.5,0.98,0.05,0.05,0.05,4.95,4.95,4.95,1,1,
2026-08-16 02:08:36,812501,3407782,Game 3: Any Player Quadra Kill?,prop,3,2026-08-16 03:00:00,51.4,No,63982252988628134667878426985084368415157271810425345961600074461416139881254,0.01,0.98,0.495,0.97,0.05,0.05,0.05,242.95,242.95,242.95,1,2,
2026-08-16 02:08:36,812501,3407783,Game 3: Any Player Penta Kill?,prop,3,2026-08-16 03:00:00,51.4,Yes,70747408516516735967153070084967598515783840448108993307182613154174484046545,0.05,0.99,0.52,0.94,28.65,28.65,28.7,4.95,4.95,4.95,2,1,
2026-08-16 02:08:36,812501,3407783,Game 3: Any Player Penta Kill?,prop,3,2026-08-16 03:00:00,51.4,No,61690140592430459017872087614812557860059428369264397142831763490231186466635,0.01,0.95,0.48,0.94,0.05,0.05,0.05,544.35,544.35,549.3,1,2,
2026-08-16 02:08:36,812501,3407784,Game 3: Odd/Even Total Kills?,odd_even,3,2026-08-16 03:00:00,51.4,Odd,98933627551267508447263863349434570031436709045139598213619410896491820344484,0.49,0.51,0.5,0.02,105.76,105.76,390.37,110.07,110.07,457.94,6,6,57
2026-08-16 02:08:36,812501,3407784,Game 3: Odd/Even Total Kills?,odd_even,3,2026-08-16 03:00:00,51.4,Even,108512589332558883006762920479152265565445840370520718453759163242503924433460,0.49,0.51,0.5,0.02,105.76,105.76,390.37,110.07,110.07,457.94,6,6,57
2026-08-16 02:13:55,812501,3407762,LoL: T1 Academy vs DN SOOPers Challengers - Game 1 Winner,map,1,2026-08-16 03:00:00,46.1,T1 Academy,73064582482235014598278036393310819830718392444970483545371753650678400834736,0.58,0.59,0.585,0.01,47.9,3244.89,4478.45,2084.93,4686.04,6348.24,41,35,13056.848393999999
2026-08-16 02:13:55,812501,3407762,LoL: T1 Academy vs DN SOOPers Challengers - Game 1 Winner,map,1,2026-08-16 03:00:00,46.1,DN SOOPers Challengers,44224995904119349774883897648437602028511976750577753161233745822302188026009,0.41,0.42,0.415,0.01,1412.9,3011.16,3953.96,35.68,2621.69,3696.38,35,41,13056.848393999999
2026-08-16 02:13:55,812501,3407763,LoL: T1 Academy vs DN SOOPers Challengers - Game 2 Winner,map,2,2026-08-16 03:00:00,46.1,T1 Academy,95353452252504879943365852237238076881007218537823436733287745422250853187273,0.57,0.58,0.575,0.01,696.23,2803.71,2936.21,5184.31,6018.87,8271.87,24,28,1542.0301690000001
2026-08-16 02:13:55,812501,3407763,LoL: T1 Academy vs DN SOOPers Challengers - Game 2 Winner,map,2,2026-08-16 03:00:00,46.1,DN SOOPers Challengers,99458406464843999033426214685546564937703458262249894941487909247317378751500,0.42,0.43,0.425,0.01,3723.19,4256.93,5591.46,545.21,2278.51,2396.01,28,24,1542.0301690000001
2026-08-16 02:13:55,812501,3407764,LoL: T1 Academy vs DN SOOPers Challengers (BO3) - LCK Challengers League Rounds 3-4 Challenge Group,series,,2026-08-16 03:00:00,46.1,T1 Academy,47149118006951667535600667260288389920280393498307875124395202668413731841386,0.64,0.65,0.645,0.01,1081.35,2704.34,4273.68,9610.37,11824.78,11893.78,50,28,19980.284077000004
2026-08-16 02:13:55,812501,3407764,LoL: T1 Academy vs DN SOOPers Challengers (BO3) - LCK Challengers League Rounds 3-4 Challenge Group,series,,2026-08-16 03:00:00,46.1,DN SOOPers Challengers,35771467724294116916325429263618132001025645920509860605241357593060072915080,0.35,0.36,0.355,0.01,5106.64,6197.32,6228.32,610.45,1622.52,2702.08,28,50,19980.284077000004
2026-08-16 02:13:55,812501,3407765,Games Total: O/U 2.5,total_games,,2026-08-16 03:00:00,46.1,Over,28472689572385395046814959443344867949877348180594356550677806556781097456645,0.47,0.48,0.475,0.01,116.97,885.56,1797.41,4.85,535.93,1835.16,19,18,1871.676713
2026-08-16 02:13:55,812501,3407765,Games Total: O/U 2.5,total_games,,2026-08-16 03:00:00,46.1,Under,60445358403756320386117803063638244982681533893147355431057150905897946227833,0.52,0.53,0.525,0.01,5.15,517.37,1713.05,131.9,1106.63,2326.71,18,19,1871.676713
2026-08-16 02:13:55,812501,3407766,Game Handicap: T1.A (-1.5) vs DN SOOPers Challengers (+1.5),handicap,,2026-08-16 03:00:00,46.1,T1 Academy,84157633848545715495802069650574598688014859523476823863021692534294083596234,0.35,0.37,0.36,0.02,39.47,540.16,1012.05,561.85,995.85,1405.85,23,27,2789.682157
2026-08-16 02:13:55,812501,3407766,Game Handicap: T1.A (-1.5) vs DN SOOPers Challengers (+1.5),handicap,,2026-08-16 03:00:00,46.1,DN SOOPers Challengers,59885163287384748425978349155060122398367607750229429662790248778661914966815,0.63,0.65,0.64,0.02,943.15,1609.15,2199.15,76.17,1124.51,2192.23,27,23,2789.682157
2026-08-16 02:13:55,812501,3407767,Game 1: Both Teams Slay Baron Nashor?,prop,1,2026-08-16 03:00:00,46.1,Yes,98101395767675076675527407445074221726108082242766140122999013673078296924579,0.01,0.99,0.5,0.98,1.24,1.24,1.24,122.56,122.56,122.56,1,1,
2026-08-16 02:13:55,812501,3407767,Game 1: Both Teams Slay Baron Nashor?,prop,1,2026-08-16 03:00:00,46.1,No,87290422765316042161691235931778600664413826002993109373647521758362141675985,0.01,0.99,0.5,0.98,1.24,1.24,1.24,122.55,122.55,122.55,1,1,
2026-08-16 02:13:55,812501,3407768,Game 1: Both Teams Slay a Dragon?,prop,1,2026-08-16 03:00:00,46.1,Yes,79133110729101040979354156439270499254586169460530893547581424624230600191218,0.01,0.99,0.5,0.98,1.24,1.24,1.24,122.56,122.56,122.56,1,1,
2026-08-16 02:13:55,812501,3407768,Game 1: Both Teams Slay a Dragon?,prop,1,2026-08-16 03:00:00,46.1,No,87080835968360541907825236999430484259205742264350853747971304100745674369240,0.01,0.99,0.5,0.98,1.24,1.24,1.24,122.55,122.55,122.55,1,1,
2026-08-16 02:13:55,812501,3407769,Game 1: Both Teams Destroy Inhibitors?,prop,1,2026-08-16 03:00:00,46.1,Yes,41139893037576161188872686171355639757952754277902695214824790970502190000612,0.01,0.99,0.5,0.98,1.24,1.24,1.24,122.55,122.55,122.55,1,1,
2026-08-16 02:13:55,812501,3407769,Game 1: Both Teams Destroy Inhibitors?,prop,1,2026-08-16 03:00:00,46.1,No,11713257346113337208480784843855658054574586574869772753013260214337317995798,0.01,0.99,0.5,0.98,1.24,1.24,1.24,122.55,122.55,122.55,1,1,
2026-08-16 02:13:55,812501,3407770,Game 1: Any Player Quadra Kill?,prop,1,2026-08-16 03:00:00,46.1,Yes,89699116073306046966497778316057094796992801124411211058742622862658371484340,0.01,0.5,0.255,0.49,0.05,0.05,0.05,2.5,2.5,2.5,1,2,
2026-08-16 02:13:55,812501,3407770,Game 1: Any Player Quadra Kill?,prop,1,2026-08-16 03:00:00,46.1,No,110062225856361250232451733223883585889494582661648143328404444970890540170304,0.5,0.99,0.745,0.49,2.5,2.5,2.5,4.95,4.95,4.95,2,1,
2026-08-16 02:13:55,812501,3407771,Game 1: Any Player Penta Kill?,prop,1,2026-08-16 03:00:00,46.1,Yes,88817477593294431833892116040780787623551401078456392425497729385704534047793,0.01,0.149,0.0795,0.139,0.06,0.06,0.06,1.94,1.94,1.94,2,7,15
2026-08-16 02:13:55,812501,3407771,Game 1: Any Player Penta Kill?,prop,1,2026-08-16 03:00:00,46.1,No,87228406489657215756146618888458284422804785033968690974967482020371044943402,0.851,0.99,0.9205,0.139,11.06,11.06,11.06,9.95,9.95,9.95,7,2,15
2026-08-16 02:13:55,812501,3407772,Game 1: Odd/Even Total Kills?,odd_even,1,2026-08-16 03:00:00,46.1,Odd,9658086584873290771888578167645806108924909117236645290998179613625891551542,0.49,0.51,0.5,0.02,105.76,105.76,390.37,110.07,110.07,457.94,5,5,
2026-08-16 02:13:55,812501,3407772,Game 1: Odd/Even Total Kills?,odd_even,1,2026-08-16 03:00:00,46.1,Even,83684129425305084306307142763549562651923693209012555176967712625225705220248,0.49,0.51,0.5,0.02,105.76,105.76,390.37,110.07,110.07,457.94,5,5,
2026-08-16 02:13:55,812501,3407773,Game 2: Both Teams Slay Baron Nashor?,prop,2,2026-08-16 03:00:00,46.1,Yes,89297658295572950589193242688452597590018694715450307826825161120216168342242,0.01,0.99,0.5,0.98,1.24,1.24,1.24,122.55,122.55,122.55,1,1,
2026-08-16 02:13:55,812501,3407773,Game 2: Both Teams Slay Baron Nashor?,prop,2,2026-08-16 03:00:00,46.1,No,41370542629085814587327819175960375440467523596272908663943995486002518200858,0.01,0.99,0.5,0.98,1.24,1.24,1.24,122.55,122.55,122.55,1,1,
2026-08-16 02:13:55,812501,3407774,Game 2: Both Teams Slay a Dragon?,prop,2,2026-08-16 03:00:00,46.1,Yes,17213094384783561920447144318373049743601212254959536036565288413982307904891,0.01,0.99,0.5,0.98,1.24,1.24,1.24,122.55,122.55,122.55,1,1,
2026-08-16 02:13:55,812501,3407774,Game 2: Both Teams Slay a Dragon?,prop,2,2026-08-16 03:00:00,46.1,No,107361772230415915958955632622848371567473066269823321881145126999923158623096,0.01,0.99,0.5,0.98,1.24,1.24,1.24,122.55,122.55,122.55,1,1,
2026-08-16 02:13:55,812501,3407775,Game 2: Both Teams Destroy Inhibitors?,prop,2,2026-08-16 03:00:00,46.1,Yes,37085151396073944699750657470272385075014179379747539854914347479603815316699,0.01,0.99,0.5,0.98,1.24,1.24,1.24,122.56,122.56,122.56,1,1,
2026-08-16 02:13:55,812501,3407775,Game 2: Both Teams Destroy Inhibitors?,prop,2,2026-08-16 03:00:00,46.1,No,115153163980740373959185278746365667228368300396797954685717305797766491026714,0.01,0.99,0.5,0.98,1.24,1.24,1.24,122.56,122.56,122.56,1,1,
2026-08-16 02:13:55,812501,3407776,Game 2: Any Player Quadra Kill?,prop,2,2026-08-16 03:00:00,46.1,Yes,92366871030395219227539229526027723469617721035967924535754927351839920760282,0.01,0.99,0.5,0.98,0.05,0.05,0.05,4.95,4.95,4.95,1,1,
2026-08-16 02:13:55,812501,3407776,Game 2: Any Player Quadra Kill?,prop,2,2026-08-16 03:00:00,46.1,No,108131379290397497921034320795187253387625375475492003495114439351232186339057,0.01,0.99,0.5,0.98,0.05,0.05,0.05,4.95,4.95,4.95,1,1,
2026-08-16 02:13:55,812501,3407777,Game 2: Any Player Penta Kill?,prop,2,2026-08-16 03:00:00,46.1,Yes,17979466769376123931528681389233276317538527490930446639079169530069864950578,0.01,0.14,0.075,0.13,0.05,0.05,0.05,3.97,3.97,3.97,1,6,
2026-08-16 02:13:55,812501,3407777,Game 2: Any Player Penta Kill?,prop,2,2026-08-16 03:00:00,46.1,No,98518636466579073594826930528319759549288909542166508168276302065256239237641,0.86,0.99,0.925,0.13,24.03,24.03,24.03,4.95,4.95,4.95,6,1,
2026-08-16 02:13:55,812501,3407778,Game 2: Odd/Even Total Kills?,odd_even,2,2026-08-16 03:00:00,46.1,Odd,59779735910433430026922845250121216304233262452139448197463634726945263917642,0.49,0.51,0.5,0.02,105.76,105.76,390.37,110.07,110.07,457.94,5,5,
2026-08-16 02:13:55,812501,3407778,Game 2: Odd/Even Total Kills?,odd_even,2,2026-08-16 03:00:00,46.1,Even,63820986229538783051704393626483275773639389915746997330375253931539704114052,0.49,0.51,0.5,0.02,105.76,105.76,390.37,110.07,110.07,457.94,5,5,
2026-08-16 02:13:55,812501,3407779,Game 3: Both Teams Slay Baron Nashor?,prop,3,2026-08-16 03:00:00,46.1,Yes,113252981035414606041270247891785674937112739878099898576536010241670893541263,0.01,0.99,0.5,0.98,1.24,1.24,1.24,122.55,122.55,122.55,1,1,
2026-08-16 02:13:55,812501,3407779,Game 3: Both Teams Slay Baron Nashor?,prop,3,2026-08-16 03:00:00,46.1,No,80269374401740033283890248739835625511400013599013392298323688208415881374403,0.01,0.99,0.5,0.98,1.24,1.24,1.24,122.55,122.55,122.55,1,1,
2026-08-16 02:13:55,812501,3407780,Game 3: Both Teams Slay a Dragon?,prop,3,2026-08-16 03:00:00,46.1,Yes,48391266703243630062101276354060508850367984077172049881809538405140552864794,0.01,0.99,0.5,0.98,1.24,1.24,1.24,122.55,122.55,122.55,1,1,
2026-08-16 02:13:55,812501,3407780,Game 3: Both Teams Slay a Dragon?,prop,3,2026-08-16 03:00:00,46.1,No,60057711611640343525293620284391058123978522706360481026432587479418071602197,0.01,0.99,0.5,0.98,1.24,1.24,1.24,122.55,122.55,122.55,1,1,
2026-08-16 02:13:55,812501,3407781,Game 3: Both Teams Destroy Inhibitors?,prop,3,2026-08-16 03:00:00,46.1,Yes,39542350196021563282639112300447540076267664844340741091676361618690741390605,0.01,0.99,0.5,0.98,1.24,1.24,1.24,122.55,122.55,122.55,1,1,
2026-08-16 02:13:55,812501,3407781,Game 3: Both Teams Destroy Inhibitors?,prop,3,2026-08-16 03:00:00,46.1,No,91364380906232166017713665249534353715037087368263061017016710270940804207208,0.01,0.99,0.5,0.98,1.24,1.24,1.24,122.55,122.55,122.55,1,1,
2026-08-16 02:13:55,812501,3407782,Game 3: Any Player Quadra Kill?,prop,3,2026-08-16 03:00:00,46.1,Yes,37307632162746025253829849316049566979299478000450149685938586430830071550912,0.01,0.99,0.5,0.98,0.05,0.05,0.05,4.95,4.95,4.95,1,1,
2026-08-16 02:13:55,812501,3407782,Game 3: Any Player Quadra Kill?,prop,3,2026-08-16 03:00:00,46.1,No,63982252988628134667878426985084368415157271810425345961600074461416139881254,0.01,0.98,0.495,0.97,0.05,0.05,0.05,566.49,566.49,566.49,1,2,
2026-08-16 02:13:55,812501,3407783,Game 3: Any Player Penta Kill?,prop,3,2026-08-16 03:00:00,46.1,Yes,70747408516516735967153070084967598515783840448108993307182613154174484046545,0.05,0.99,0.52,0.94,28.65,28.65,28.7,4.95,4.95,4.95,2,1,
2026-08-16 02:13:55,812501,3407783,Game 3: Any Player Penta Kill?,prop,3,2026-08-16 03:00:00,46.1,No,61690140592430459017872087614812557860059428369264397142831763490231186466635,0.01,0.95,0.48,0.94,0.05,0.05,0.05,544.35,544.35,549.3,1,2,
2026-08-16 02:13:55,812501,3407784,Game 3: Odd/Even Total Kills?,odd_even,3,2026-08-16 03:00:00,46.1,Odd,98933627551267508447263863349434570031436709045139598213619410896491820344484,0.49,0.51,0.5,0.02,105.76,105.76,390.37,110.07,110.07,457.94,6,6,57
2026-08-16 02:13:55,812501,3407784,Game 3: Odd/Even Total Kills?,odd_even,3,2026-08-16 03:00:00,46.1,Even,108512589332558883006762920479152265565445840370520718453759163242503924433460,0.49,0.51,0.5,0.02,105.76,105.76,390.37,110.07,110.07,457.94,6,6,57
2026-08-16 02:19:13,812501,3407762,LoL: T1 Academy vs DN SOOPers Challengers - Game 1 Winner,map,1,2026-08-16 03:00:00,40.8,T1 Academy,73064582482235014598278036393310819830718392444970483545371753650678400834736,0.58,0.59,0.585,0.01,471.03,3628.14,3628.14,1736.93,2779.81,4972.47,35,33,13056.848393999999
2026-08-16 02:19:13,812501,3407762,LoL: T1 Academy vs DN SOOPers Challengers - Game 1 Winner,map,1,2026-08-16 03:00:00,40.8,DN SOOPers Challengers,44224995904119349774883897648437602028511976750577753161233745822302188026009,0.41,0.42,0.415,0.01,1180.9,1820.09,3074.43,354.93,2908.32,2908.32,33,35,13056.848393999999
2026-08-16 02:19:13,812501,3407763,LoL: T1 Academy vs DN SOOPers Challengers - Game 2 Winner,map,2,2026-08-16 03:00:00,40.8,T1 Academy,95353452252504879943365852237238076881007218537823436733287745422250853187273,0.57,0.58,0.575,0.01,646.12,2398.61,2398.61,5096.16,5589.61,7476.75,23,26,1542.0301690000001
2026-08-16 02:19:13,812501,3407763,LoL: T1 Academy vs DN SOOPers Challengers - Game 2 Winner,map,2,2026-08-16 03:00:00,40.8,DN SOOPers Challengers,99458406464843999033426214685546564937703458262249894941487909247317378751500,0.42,0.43,0.425,0.01,3659.35,3975.0,5084.92,506.01,1944.3,1944.3,26,23,1542.0301690000001
2026-08-16 02:19:13,812501,3407764,LoL: T1 Academy vs DN SOOPers Challengers (BO3) - LCK Challengers League Rounds 3-4 Challenge Group,series,,2026-08-16 03:00:00,40.8,T1 Academy,47149118006951667535600667260288389920280393498307875124395202668413731841386,0.64,0.65,0.645,0.01,813.95,2439.31,3430.65,9884.87,11700.63,11769.63,49,27,19980.284077000004
2026-08-16 02:19:13,812501,3407764,LoL: T1 Academy vs DN SOOPers Challengers (BO3) - LCK Challengers League Rounds 3-4 Challenge Group,series,,2026-08-16 03:00:00,40.8,DN SOOPers Challengers,35771467724294116916325429263618132001025645920509860605241357593060072915080,0.35,0.36,0.355,0.01,5262.14,6156.47,6187.47,459.68,1473.19,2150.75,27,49,19980.284077000004
2026-08-16 02:19:13,812501,3407765,Games Total: O/U 2.5,total_games,,2026-08-16 03:00:00,40.8,Over,28472689572385395046814959443344867949877348180594356550677806556781097456645,0.47,0.48,0.475,0.01,2.35,550.5,1302.98,4.85,344.68,1393.48,18,16,1871.676713
2026-08-16 02:19:13,812501,3407765,Games Total: O/U 2.5,total_games,,2026-08-16 03:00:00,40.8,Under,60445358403756320386117803063638244982681533893147355431057150905897946227833,0.52,0.53,0.525,0.01,5.15,333.62,1301.73,2.65,696.82,1701.27,16,18,1871.676713
2026-08-16 02:19:13,812501,3407766,Game Handicap: T1.A (-1.5) vs DN SOOPers Challengers (+1.5),handicap,,2026-08-16 03:00:00,40.8,T1 Academy,84157633848545715495802069650574598688014859523476823863021692534294083596234,0.35,0.36,0.355,0.01,41.22,541.91,553.8,896.85,935.85,1545.85,21,27,2789.682157
2026-08-16 02:19:13,812501,3407766,Game Handicap: T1.A (-1.5) vs DN SOOPers Challengers (+1.5),handicap,,2026-08-16 03:00:00,40.8,DN SOOPers Challengers,59885163287384748425978349155060122398367607750229429662790248778661914966815,0.64,0.65,0.645,0.01,1594.26,1655.26,2545.26,79.42,1127.76,1155.48,27,21,2789.682157
2026-08-16 02:19:13,812501,3407767,Game 1: Both Teams Slay Baron Nashor?,prop,1,2026-08-16 03:00:00,40.8,Yes,98101395767675076675527407445074221726108082242766140122999013673078296924579,0.01,0.99,0.5,0.98,1.24,1.24,1.24,122.56,122.56,122.56,1,1,
2026-08-16 02:19:13,812501,3407767,Game 1: Both Teams Slay Baron Nashor?,prop,1,2026-08-16 03:00:00,40.8,No,87290422765316042161691235931778600664413826002993109373647521758362141675985,0.01,0.99,0.5,0.98,1.24,1.24,1.24,122.55,122.55,122.55,1,1,
2026-08-16 02:19:13,812501,3407768,Game 1: Both Teams Slay a Dragon?,prop,1,2026-08-16 03:00:00,40.8,Yes,79133110729101040979354156439270499254586169460530893547581424624230600191218,0.01,0.99,0.5,0.98,1.24,1.24,1.24,122.56,122.56,122.56,1,1,
2026-08-16 02:19:13,812501,3407768,Game 1: Both Teams Slay a Dragon?,prop,1,2026-08-16 03:00:00,40.8,No,87080835968360541907825236999430484259205742264350853747971304100745674369240,0.01,0.99,0.5,0.98,1.24,1.24,1.24,122.55,122.55,122.55,1,1,
2026-08-16 02:19:13,812501,3407769,Game 1: Both Teams Destroy Inhibitors?,prop,1,2026-08-16 03:00:00,40.8,Yes,41139893037576161188872686171355639757952754277902695214824790970502190000612,0.01,0.99,0.5,0.98,1.24,1.24,1.24,122.55,122.55,122.55,1,1,
2026-08-16 02:19:13,812501,3407769,Game 1: Both Teams Destroy Inhibitors?,prop,1,2026-08-16 03:00:00,40.8,No,11713257346113337208480784843855658054574586574869772753013260214337317995798,0.01,0.99,0.5,0.98,1.24,1.24,1.24,122.55,122.55,122.55,1,1,
2026-08-16 02:19:13,812501,3407770,Game 1: Any Player Quadra Kill?,prop,1,2026-08-16 03:00:00,40.8,Yes,89699116073306046966497778316057094796992801124411211058742622862658371484340,0.01,0.5,0.255,0.49,0.05,0.05,0.05,2.5,2.5,2.5,1,2,
2026-08-16 02:19:13,812501,3407770,Game 1: Any Player Quadra Kill?,prop,1,2026-08-16 03:00:00,40.8,No,110062225856361250232451733223883585889494582661648143328404444970890540170304,0.5,0.99,0.745,0.49,2.5,2.5,2.5,4.95,4.95,4.95,2,1,
2026-08-16 02:19:13,812501,3407771,Game 1: Any Player Penta Kill?,prop,1,2026-08-16 03:00:00,40.8,Yes,88817477593294431833892116040780787623551401078456392425497729385704534047793,0.01,0.149,0.0795,0.139,0.06,0.06,0.06,1.94,1.94,1.94,2,7,15
2026-08-16 02:19:13,812501,3407771,Game 1: Any Player Penta Kill?,prop,1,2026-08-16 03:00:00,40.8,No,87228406489657215756146618888458284422804785033968690974967482020371044943402,0.851,0.99,0.9205,0.139,11.06,11.06,11.06,9.95,9.95,9.95,7,2,15
2026-08-16 02:19:13,812501,3407772,Game 1: Odd/Even Total Kills?,odd_even,1,2026-08-16 03:00:00,40.8,Odd,9658086584873290771888578167645806108924909117236645290998179613625891551542,0.49,0.51,0.5,0.02,105.76,105.76,390.37,110.07,110.07,457.94,5,5,
2026-08-16 02:19:13,812501,3407772,Game 1: Odd/Even Total Kills?,odd_even,1,2026-08-16 03:00:00,40.8,Even,83684129425305084306307142763549562651923693209012555176967712625225705220248,0.49,0.51,0.5,0.02,105.76,105.76,390.37,110.07,110.07,457.94,5,5,
2026-08-16 02:19:13,812501,3407773,Game 2: Both Teams Slay Baron Nashor?,prop,2,2026-08-16 03:00:00,40.8,Yes,89297658295572950589193242688452597590018694715450307826825161120216168342242,0.01,0.99,0.5,0.98,0.26,0.26,0.26,122.55,122.55,122.55,1,1,
2026-08-16 02:19:13,812501,3407773,Game 2: Both Teams Slay Baron Nashor?,prop,2,2026-08-16 03:00:00,40.8,No,41370542629085814587327819175960375440467523596272908663943995486002518200858,0.01,0.99,0.5,0.98,1.24,1.24,1.24,25.78,25.78,25.78,1,1,
2026-08-16 02:19:13,812501,3407774,Game 2: Both Teams Slay a Dragon?,prop,2,2026-08-16 03:00:00,40.8,Yes,17213094384783561920447144318373049743601212254959536036565288413982307904891,0.01,0.99,0.5,0.98,1.24,1.24,1.24,122.55,122.55,122.55,1,1,
2026-08-16 02:19:13,812501,3407774,Game 2: Both Teams Slay a Dragon?,prop,2,2026-08-16 03:00:00,40.8,No,107361772230415915958955632622848371567473066269823321881145126999923158623096,0.01,0.99,0.5,0.98,1.24,1.24,1.24,122.55,122.55,122.55,1,1,
2026-08-16 02:19:13,812501,3407775,Game 2: Both Teams Destroy Inhibitors?,prop,2,2026-08-16 03:00:00,40.8,Yes,37085151396073944699750657470272385075014179379747539854914347479603815316699,0.01,0.98,0.495,0.97,1.24,1.24,1.24,73.67,73.67,73.67,1,2,
2026-08-16 02:19:13,812501,3407775,Game 2: Both Teams Destroy Inhibitors?,prop,2,2026-08-16 03:00:00,40.8,No,115153163980740373959185278746365667228368300396797954685717305797766491026714,0.02,0.99,0.505,0.97,1.24,1.24,1.24,122.55,122.55,122.55,2,1,
2026-08-16 02:19:13,812501,3407776,Game 2: Any Player Quadra Kill?,prop,2,2026-08-16 03:00:00,40.8,Yes,92366871030395219227539229526027723469617721035967924535754927351839920760282,0.01,0.99,0.5,0.98,0.05,0.05,0.05,4.95,4.95,4.95,1,1,
2026-08-16 02:19:13,812501,3407776,Game 2: Any Player Quadra Kill?,prop,2,2026-08-16 03:00:00,40.8,No,108131379290397497921034320795187253387625375475492003495114439351232186339057,0.01,0.99,0.5,0.98,0.05,0.05,0.05,4.95,4.95,4.95,1,1,
2026-08-16 02:19:13,812501,3407777,Game 2: Any Player Penta Kill?,prop,2,2026-08-16 03:00:00,40.8,Yes,17979466769376123931528681389233276317538527490930446639079169530069864950578,0.01,0.14,0.075,0.13,0.05,0.05,0.05,3.97,3.97,3.97,1,6,
2026-08-16 02:19:13,812501,3407777,Game 2: Any Player Penta Kill?,prop,2,2026-08-16 03:00:00,40.8,No,98518636466579073594826930528319759549288909542166508168276302065256239237641,0.86,0.99,0.925,0.13,24.03,24.03,24.03,4.95,4.95,4.95,6,1,
2026-08-16 02:19:13,812501,3407778,Game 2: Odd/Even Total Kills?,odd_even,2,2026-08-16 03:00:00,40.8,Odd,59779735910433430026922845250121216304233262452139448197463634726945263917642,0.49,0.51,0.5,0.02,105.76,105.76,390.37,110.07,110.07,457.94,5,5,
2026-08-16 02:19:13,812501,3407778,Game 2: Odd/Even Total Kills?,odd_even,2,2026-08-16 03:00:00,40.8,Even,63820986229538783051704393626483275773639389915746997330375253931539704114052,0.49,0.51,0.5,0.02,105.76,105.76,390.37,110.07,110.07,457.94,5,5,
2026-08-16 02:19:13,812501,3407779,Game 3: Both Teams Slay Baron Nashor?,prop,3,2026-08-16 03:00:00,40.8,Yes,113252981035414606041270247891785674937112739878099898576536010241670893541263,0.01,0.99,0.5,0.98,1.24,1.24,1.24,122.55,122.55,122.55,1,1,
2026-08-16 02:19:13,812501,3407779,Game 3: Both Teams Slay Baron Nashor?,prop,3,2026-08-16 03:00:00,40.8,No,80269374401740033283890248739835625511400013599013392298323688208415881374403,0.01,0.99,0.5,0.98,1.24,1.24,1.24,122.55,122.55,122.55,1,1,
2026-08-16 02:19:13,812501,3407780,Game 3: Both Teams Slay a Dragon?,prop,3,2026-08-16 03:00:00,40.8,Yes,48391266703243630062101276354060508850367984077172049881809538405140552864794,0.01,0.99,0.5,0.98,1.24,1.24,1.24,122.55,122.55,122.55,1,1,
2026-08-16 02:19:13,812501,3407780,Game 3: Both Teams Slay a Dragon?,prop,3,2026-08-16 03:00:00,40.8,No,60057711611640343525293620284391058123978522706360481026432587479418071602197,0.01,0.99,0.5,0.98,1.24,1.24,1.24,122.55,122.55,122.55,1,1,
2026-08-16 02:19:13,812501,3407781,Game 3: Both Teams Destroy Inhibitors?,prop,3,2026-08-16 03:00:00,40.8,Yes,39542350196021563282639112300447540076267664844340741091676361618690741390605,0.01,0.99,0.5,0.98,1.24,1.24,1.24,122.55,122.55,122.55,1,1,
2026-08-16 02:19:13,812501,3407781,Game 3: Both Teams Destroy Inhibitors?,prop,3,2026-08-16 03:00:00,40.8,No,91364380906232166017713665249534353715037087368263061017016710270940804207208,0.01,0.99,0.5,0.98,1.24,1.24,1.24,122.55,122.55,122.55,1,1,
2026-08-16 02:19:13,812501,3407782,Game 3: Any Player Quadra Kill?,prop,3,2026-08-16 03:00:00,40.8,Yes,37307632162746025253829849316049566979299478000450149685938586430830071550912,0.02,0.99,0.505,0.97,11.51,11.51,11.51,4.95,4.95,4.95,2,1,
2026-08-16 02:19:13,812501,3407782,Game 3: Any Player Quadra Kill?,prop,3,2026-08-16 03:00:00,40.8,No,63982252988628134667878426985084368415157271810425345961600074461416139881254,0.01,0.98,0.495,0.97,0.05,0.05,0.05,566.49,566.49,566.49,1,2,
2026-08-16 02:19:13,812501,3407783,Game 3: Any Player Penta Kill?,prop,3,2026-08-16 03:00:00,40.8,Yes,70747408516516735967153070084967598515783840448108993307182613154174484046545,0.05,0.99,0.52,0.94,28.65,28.65,28.7,4.95,4.95,4.95,2,1,
2026-08-16 02:19:13,812501,3407783,Game 3: Any Player Penta Kill?,prop,3,2026-08-16 03:00:00,40.8,No,61690140592430459017872087614812557860059428369264397142831763490231186466635,0.01,0.95,0.48,0.94,0.05,0.05,0.05,544.35,544.35,549.3,1,2,
2026-08-16 02:19:13,812501,3407784,Game 3: Odd/Even Total Kills?,odd_even,3,2026-08-16 03:00:00,40.8,Odd,98933627551267508447263863349434570031436709045139598213619410896491820344484,0.49,0.51,0.5,0.02,105.76,105.76,390.37,110.07,110.07,457.94,6,6,57
2026-08-16 02:19:13,812501,3407784,Game 3: Odd/Even Total Kills?,odd_even,3,2026-08-16 03:00:00,40.8,Even,108512589332558883006762920479152265565445840370520718453759163242503924433460,0.49,0.51,0.5,0.02,105.76,105.76,390.37,110.07,110.07,457.94,6,6,57
2026-08-16 02:24:33,812501,3407762,LoL: T1 Academy vs DN SOOPers Challengers - Game 1 Winner,map,1,2026-08-16 03:00:00,35.4,T1 Academy,73064582482235014598278036393310819830718392444970483545371753650678400834736,0.57,0.59,0.58,0.02,1372.59,3534.92,3553.93,1736.93,2663.35,4315.55,32,30,13086.684022999998
2026-08-16 02:24:33,812501,3407762,LoL: T1 Academy vs DN SOOPers Challengers - Game 1 Winner,map,1,2026-08-16 03:00:00,35.4,DN SOOPers Challengers,44224995904119349774883897648437602028511976750577753161233745822302188026009,0.41,0.43,0.42,0.02,1180.9,1748.71,2701.51,1064.13,2833.3,2850.85,30,33,13086.684022999998
2026-08-16 02:24:33,812501,3407763,LoL: T1 Academy vs DN SOOPers Challengers - Game 2 Winner,map,2,2026-08-16 03:00:00,35.4,T1 Academy,95353452252504879943365852237238076881007218537823436733287745422250853187273,0.57,0.58,0.575,0.01,634.92,2387.41,2387.41,5096.16,5589.61,7476.75,23,27,1550.6508569999999
2026-08-16 02:24:33,812501,3407763,LoL: T1 Academy vs DN SOOPers Challengers - Game 2 Winner,map,2,2026-08-16 03:00:00,35.4,DN SOOPers Challengers,99458406464843999033426214685546564937703458262249894941487909247317378751500,0.42,0.43,0.425,0.01,3659.35,3975.0,5084.92,497.21,1935.5,1935.5,27,23,1550.6508569999999
2026-08-16 02:24:33,812501,3407764,LoL: T1 Academy vs DN SOOPers Challengers (BO3) - LCK Challengers League Rounds 3-4 Challenge Group,series,,2026-08-16 03:00:00,35.4,T1 Academy,47149118006951667535600667260288389920280393498307875124395202668413731841386,0.64,0.65,0.645,0.01,1107.98,2160.84,3602.18,9884.87,11606.68,11689.48,51,29,20512.164077
2026-08-16 02:24:33,812501,3407764,LoL: T1 Academy vs DN SOOPers Challengers (BO3) - LCK Challengers League Rounds 3-4 Challenge Group,series,,2026-08-16 03:00:00,35.4,DN SOOPers Challengers,35771467724294116916325429263618132001025645920509860605241357593060072915080,0.35,0.36,0.355,0.01,5262.14,6099.0,6136.2,633.15,1281.35,2258.91,29,51,20512.164077
2026-08-16 02:24:33,812501,3407765,Games Total: O/U 2.5,total_games,,2026-08-16 03:00:00,35.4,Over,28472689572385395046814959443344867949877348180594356550677806556781097456645,0.48,0.49,0.485,0.01,633.6,1000.5,1876.68,52.45,1376.52,1376.52,18,16,1871.676713
2026-08-16 02:24:33,812501,3407765,Games Total: O/U 2.5,total_games,,2026-08-16 03:00:00,35.4,Under,60445358403756320386117803063638244982681533893147355431057150905897946227833,0.51,0.52,0.515,0.01,52.55,1285.69,1285.69,686.4,1134.83,2284.66,16,18,1871.676713
2026-08-16 02:24:33,812501,3407766,Game Handicap: T1.A (-1.5) vs DN SOOPers Challengers (+1.5),handicap,,2026-08-16 03:00:00,35.4,T1 Academy,84157633848545715495802069650574598688014859523476823863021692534294083596234,0.35,0.36,0.355,0.01,39.47,540.16,552.05,896.85,935.85,1545.85,21,27,2789.682157
2026-08-16 02:24:33,812501,3407766,Game Handicap: T1.A (-1.5) vs DN SOOPers Challengers (+1.5),handicap,,2026-08-16 03:00:00,35.4,DN SOOPers Challengers,59885163287384748425978349155060122398367607750229429662790248778661914966815,0.64,0.65,0.645,0.01,1594.26,1655.26,2545.26,76.17,1124.51,1152.23,27,21,2789.682157
2026-08-16 02:24:33,812501,3407767,Game 1: Both Teams Slay Baron Nashor?,prop,1,2026-08-16 03:00:00,35.4,Yes,98101395767675076675527407445074221726108082242766140122999013673078296924579,0.01,0.99,0.5,0.98,1.24,1.24,1.24,122.56,122.56,122.56,1,1,
2026-08-16 02:24:33,812501,3407767,Game 1: Both Teams Slay Baron Nashor?,prop,1,2026-08-16 03:00:00,35.4,No,87290422765316042161691235931778600664413826002993109373647521758362141675985,0.01,0.99,0.5,0.98,1.24,1.24,1.24,122.55,122.55,122.55,1,1,
2026-08-16 02:24:33,812501,3407768,Game 1: Both Teams Slay a Dragon?,prop,1,2026-08-16 03:00:00,35.4,Yes,79133110729101040979354156439270499254586169460530893547581424624230600191218,0.01,0.99,0.5,0.98,1.24,1.24,1.24,122.55,122.55,122.55,1,1,
2026-08-16 02:24:33,812501,3407768,Game 1: Both Teams Slay a Dragon?,prop,1,2026-08-16 03:00:00,35.4,No,87080835968360541907825236999430484259205742264350853747971304100745674369240,0.01,0.99,0.5,0.98,1.24,1.24,1.24,122.55,122.55,122.55,1,1,
2026-08-16 02:24:33,812501,3407769,Game 1: Both Teams Destroy Inhibitors?,prop,1,2026-08-16 03:00:00,35.4,Yes,41139893037576161188872686171355639757952754277902695214824790970502190000612,0.01,0.99,0.5,0.98,1.24,1.24,1.24,122.55,122.55,122.55,1,1,
2026-08-16 02:24:33,812501,3407769,Game 1: Both Teams Destroy Inhibitors?,prop,1,2026-08-16 03:00:00,35.4,No,11713257346113337208480784843855658054574586574869772753013260214337317995798,0.01,0.99,0.5,0.98,1.24,1.24,1.24,122.55,122.55,122.55,1,1,
2026-08-16 02:24:33,812501,3407770,Game 1: Any Player Quadra Kill?,prop,1,2026-08-16 03:00:00,35.4,Yes,89699116073306046966497778316057094796992801124411211058742622862658371484340,0.01,0.5,0.255,0.49,0.05,0.05,0.05,2.5,2.5,2.5,1,2,
2026-08-16 02:24:33,812501,3407770,Game 1: Any Player Quadra Kill?,prop,1,2026-08-16 03:00:00,35.4,No,110062225856361250232451733223883585889494582661648143328404444970890540170304,0.5,0.99,0.745,0.49,2.5,2.5,2.5,4.95,4.95,4.95,2,1,
2026-08-16 02:24:33,812501,3407771,Game 1: Any Player Penta Kill?,prop,1,2026-08-16 03:00:00,35.4,Yes,88817477593294431833892116040780787623551401078456392425497729385704534047793,0.01,0.149,0.0795,0.139,0.06,0.06,0.06,1.94,1.94,1.94,2,7,15
2026-08-16 02:24:33,812501,3407771,Game 1: Any Player Penta Kill?,prop,1,2026-08-16 03:00:00,35.4,No,87228406489657215756146618888458284422804785033968690974967482020371044943402,0.851,0.99,0.9205,0.139,11.06,11.06,11.06,9.95,9.95,9.95,7,2,15
2026-08-16 02:24:33,812501,3407772,Game 1: Odd/Even Total Kills?,odd_even,1,2026-08-16 03:00:00,35.4,Odd,9658086584873290771888578167645806108924909117236645290998179613625891551542,0.49,0.51,0.5,0.02,105.76,105.76,390.37,110.07,110.07,457.94,5,5,
2026-08-16 02:24:33,812501,3407772,Game 1: Odd/Even Total Kills?,odd_even,1,2026-08-16 03:00:00,35.4,Even,83684129425305084306307142763549562651923693209012555176967712625225705220248,0.49,0.51,0.5,0.02,105.76,105.76,390.37,110.07,110.07,457.94,5,5,
2026-08-16 02:24:33,812501,3407773,Game 2: Both Teams Slay Baron Nashor?,prop,2,2026-08-16 03:00:00,35.4,Yes,89297658295572950589193242688452597590018694715450307826825161120216168342242,0.01,0.99,0.5,0.98,1.24,1.24,1.24,122.55,122.55,122.55,1,1,
2026-08-16 02:24:33,812501,3407773,Game 2: Both Teams Slay Baron Nashor?,prop,2,2026-08-16 03:00:00,35.4,No,41370542629085814587327819175960375440467523596272908663943995486002518200858,0.01,0.99,0.5,0.98,1.24,1.24,1.24,122.56,122.56,122.56,1,1,
2026-08-16 02:24:33,812501,3407774,Game 2: Both Teams Slay a Dragon?,prop,2,2026-08-16 03:00:00,35.4,Yes,17213094384783561920447144318373049743601212254959536036565288413982307904891,0.01,0.98,0.495,0.97,1.24,1.24,1.24,191.27,191.27,191.27,1,2,
2026-08-16 02:24:33,812501,3407774,Game 2: Both Teams Slay a Dragon?,prop,2,2026-08-16 03:00:00,35.4,No,107361772230415915958955632622848371567473066269823321881145126999923158623096,0.02,0.99,0.505,0.97,2.43,2.43,2.43,122.55,122.55,122.55,2,1,
2026-08-16 02:24:33,812501,3407775,Game 2: Both Teams Destroy Inhibitors?,prop,2,2026-08-16 03:00:00,35.4,Yes,37085151396073944699750657470272385075014179379747539854914347479603815316699,0.01,0.98,0.495,0.97,1.24,1.24,1.24,125.28,125.28,125.28,1,2,
2026-08-16 02:24:33,812501,3407775,Game 2: Both Teams Destroy Inhibitors?,prop,2,2026-08-16 03:00:00,35.4,No,115153163980740373959185278746365667228368300396797954685717305797766491026714,0.02,0.99,0.505,0.97,1.34,1.34,1.34,122.55,122.55,122.55,2,1,
2026-08-16 02:24:33,812501,3407776,Game 2: Any Player Quadra Kill?,prop,2,2026-08-16 03:00:00,35.4,Yes,92366871030395219227539229526027723469617721035967924535754927351839920760282,0.01,0.99,0.5,0.98,0.05,0.05,0.05,4.95,4.95,4.95,1,1,
2026-08-16 02:24:33,812501,3407776,Game 2: Any Player Quadra Kill?,prop,2,2026-08-16 03:00:00,35.4,No,108131379290397497921034320795187253387625375475492003495114439351232186339057,0.01,0.99,0.5,0.98,0.05,0.05,0.05,4.95,4.95,4.95,1,1,
2026-08-16 02:24:33,812501,3407777,Game 2: Any Player Penta Kill?,prop,2,2026-08-16 03:00:00,35.4,Yes,17979466769376123931528681389233276317538527490930446639079169530069864950578,0.01,0.14,0.075,0.13,0.05,0.05,0.05,3.97,3.97,3.97,1,6,
2026-08-16 02:24:33,812501,3407777,Game 2: Any Player Penta Kill?,prop,2,2026-08-16 03:00:00,35.4,No,98518636466579073594826930528319759549288909542166508168276302065256239237641,0.86,0.99,0.925,0.13,24.03,24.03,24.03,4.95,4.95,4.95,6,1,
2026-08-16 02:24:33,812501,3407778,Game 2: Odd/Even Total Kills?,odd_even,2,2026-08-16 03:00:00,35.4,Odd,59779735910433430026922845250121216304233262452139448197463634726945263917642,0.49,0.51,0.5,0.02,105.76,105.76,390.37,110.07,110.07,457.94,5,5,
2026-08-16 02:24:33,812501,3407778,Game 2: Odd/Even Total Kills?,odd_even,2,2026-08-16 03:00:00,35.4,Even,63820986229538783051704393626483275773639389915746997330375253931539704114052,0.49,0.51,0.5,0.02,105.76,105.76,390.37,110.07,110.07,457.94,5,5,
2026-08-16 02:24:33,812501,3407779,Game 3: Both Teams Slay Baron Nashor?,prop,3,2026-08-16 03:00:00,35.4,Yes,113252981035414606041270247891785674937112739878099898576536010241670893541263,0.01,0.99,0.5,0.98,1.24,1.24,1.24,122.55,122.55,122.55,1,1,
2026-08-16 02:24:33,812501,3407779,Game 3: Both Teams Slay Baron Nashor?,prop,3,2026-08-16 03:00:00,35.4,No,80269374401740033283890248739835625511400013599013392298323688208415881374403,0.01,0.99,0.5,0.98,1.24,1.24,1.24,122.55,122.55,122.55,1,1,
2026-08-16 02:24:33,812501,3407780,Game 3: Both Teams Slay a Dragon?,prop,3,2026-08-16 03:00:00,35.4,Yes,48391266703243630062101276354060508850367984077172049881809538405140552864794,0.01,0.98,0.495,0.97,1.24,1.24,1.24,73.67,73.67,73.67,1,2,
2026-08-16 02:24:33,812501,3407780,Game 3: Both Teams Slay a Dragon?,prop,3,2026-08-16 03:00:00,35.4,No,60057711611640343525293620284391058123978522706360481026432587479418071602197,0.02,0.99,0.505,0.97,1.24,1.24,1.24,122.55,122.55,122.55,2,1,
2026-08-16 02:24:33,812501,3407781,Game 3: Both Teams Destroy Inhibitors?,prop,3,2026-08-16 03:00:00,35.4,Yes,39542350196021563282639112300447540076267664844340741091676361618690741390605,0.01,0.99,0.5,0.98,1.24,1.24,1.24,122.55,122.55,122.55,1,1,
2026-08-16 02:24:33,812501,3407781,Game 3: Both Teams Destroy Inhibitors?,prop,3,2026-08-16 03:00:00,35.4,No,91364380906232166017713665249534353715037087368263061017016710270940804207208,0.01,0.99,0.5,0.98,1.24,1.24,1.24,122.55,122.55,122.55,1,1,
2026-08-16 02:24:33,812501,3407782,Game 3: Any Player Quadra Kill?,prop,3,2026-08-16 03:00:00,35.4,Yes,37307632162746025253829849316049566979299478000450149685938586430830071550912,0.02,0.99,0.505,0.97,11.51,11.51,11.51,4.95,4.95,4.95,2,1,
2026-08-16 02:24:33,812501,3407782,Game 3: Any Player Quadra Kill?,prop,3,2026-08-16 03:00:00,35.4,No,63982252988628134667878426985084368415157271810425345961600074461416139881254,0.01,0.98,0.495,0.97,0.05,0.05,0.05,566.49,566.49,566.49,1,2,
2026-08-16 02:24:33,812501,3407783,Game 3: Any Player Penta Kill?,prop,3,2026-08-16 03:00:00,35.4,Yes,70747408516516735967153070084967598515783840448108993307182613154174484046545,0.05,0.99,0.52,0.94,28.65,28.65,28.7,4.95,4.95,4.95,2,1,
2026-08-16 02:24:33,812501,3407783,Game 3: Any Player Penta Kill?,prop,3,2026-08-16 03:00:00,35.4,No,61690140592430459017872087614812557860059428369264397142831763490231186466635,0.01,0.95,0.48,0.94,0.05,0.05,0.05,544.35,544.35,549.3,1,2,
2026-08-16 02:24:33,812501,3407784,Game 3: Odd/Even Total Kills?,odd_even,3,2026-08-16 03:00:00,35.4,Odd,98933627551267508447263863349434570031436709045139598213619410896491820344484,0.49,0.51,0.5,0.02,105.76,105.76,390.37,110.07,110.07,457.94,6,6,57
2026-08-16 02:24:33,812501,3407784,Game 3: Odd/Even Total Kills?,odd_even,3,2026-08-16 03:00:00,35.4,Even,108512589332558883006762920479152265565445840370520718453759163242503924433460,0.49,0.51,0.5,0.02,105.76,105.76,390.37,110.07,110.07,457.94,6,6,57
2026-08-16 02:29:51,812501,3407762,LoL: T1 Academy vs DN SOOPers Challengers - Game 1 Winner,map,1,2026-08-16 03:00:00,30.1,T1 Academy,73064582482235014598278036393310819830718392444970483545371753650678400834736,0.57,0.59,0.58,0.02,1361.19,4515.86,4515.86,1719.23,2655.51,4307.71,34,32,13086.684022999998
2026-08-16 02:29:51,812501,3407762,LoL: T1 Academy vs DN SOOPers Challengers - Game 1 Winner,map,1,2026-08-16 03:00:00,30.1,DN SOOPers Challengers,44224995904119349774883897648437602028511976750577753161233745822302188026009,0.41,0.43,0.42,0.02,1168.6,1742.45,2695.25,1055.53,3636.63,3636.63,32,34,13086.684022999998
2026-08-16 02:29:51,812501,3407763,LoL: T1 Academy vs DN SOOPers Challengers - Game 2 Winner,map,2,2026-08-16 03:00:00,30.1,T1 Academy,95353452252504879943365852237238076881007218537823436733287745422250853187273,0.57,0.58,0.575,0.01,634.92,2387.41,2387.41,5096.16,5329.75,7216.89,23,26,1550.6508569999999
2026-08-16 02:29:51,812501,3407763,LoL: T1 Academy vs DN SOOPers Challengers - Game 2 Winner,map,2,2026-08-16 03:00:00,30.1,DN SOOPers Challengers,99458406464843999033426214685546564937703458262249894941487909247317378751500,0.42,0.43,0.425,0.01,3659.35,3808.86,4918.78,497.21,1935.5,1935.5,26,23,1550.6508569999999
2026-08-16 02:29:51,812501,3407764,LoL: T1 Academy vs DN SOOPers Challengers (BO3) - LCK Challengers League Rounds 3-4 Challenge Group,series,,2026-08-16 03:00:00,30.1,T1 Academy,47149118006951667535600667260288389920280393498307875124395202668413731841386,0.64,0.65,0.645,0.01,1310.29,2844.52,3476.32,9876.37,11852.59,11935.59,50,29,20512.164077
2026-08-16 02:29:51,812501,3407764,LoL: T1 Academy vs DN SOOPers Challengers (BO3) - LCK Challengers League Rounds 3-4 Challenge Group,series,,2026-08-16 03:00:00,30.1,DN SOOPers Challengers,35771467724294116916325429263618132001025645920509860605241357593060072915080,0.35,0.36,0.355,0.01,5257.64,6193.73,6230.73,752.78,1708.91,2147.11,29,50,20512.164077
2026-08-16 02:29:51,812501,3407765,Games Total: O/U 2.5,total_games,,2026-08-16 03:00:00,30.1,Over,28472689572385395046814959443344867949877348180594356550677806556781097456645,0.48,0.49,0.485,0.01,633.6,860.55,1736.73,52.45,1139.92,1139.92,18,16,1871.676713
2026-08-16 02:29:51,812501,3407765,Games Total: O/U 2.5,total_games,,2026-08-16 03:00:00,30.1,Under,60445358403756320386117803063638244982681533893147355431057150905897946227833,0.51,0.52,0.515,0.01,52.55,1067.29,1067.29,686.4,963.78,2113.61,16,18,1871.676713
2026-08-16 02:29:51,812501,3407766,Game Handicap: T1.A (-1.5) vs DN SOOPers Challengers (+1.5),handicap,,2026-08-16 03:00:00,30.1,T1 Academy,84157633848545715495802069650574598688014859523476823863021692534294083596234,0.35,0.36,0.355,0.01,39.47,540.16,552.05,896.85,935.85,1545.85,21,27,2789.682157
2026-08-16 02:29:51,812501,3407766,Game Handicap: T1.A (-1.5) vs DN SOOPers Challengers (+1.5),handicap,,2026-08-16 03:00:00,30.1,DN SOOPers Challengers,59885163287384748425978349155060122398367607750229429662790248778661914966815,0.64,0.65,0.645,0.01,1594.26,1655.26,2545.26,76.17,1124.51,1152.23,27,21,2789.682157
2026-08-16 02:29:51,812501,3407767,Game 1: Both Teams Slay Baron Nashor?,prop,1,2026-08-16 03:00:00,30.1,Yes,98101395767675076675527407445074221726108082242766140122999013673078296924579,0.01,0.99,0.5,0.98,1.24,1.24,1.24,122.55,122.55,122.55,1,1,
2026-08-16 02:29:51,812501,3407767,Game 1: Both Teams Slay Baron Nashor?,prop,1,2026-08-16 03:00:00,30.1,No,87290422765316042161691235931778600664413826002993109373647521758362141675985,0.01,0.99,0.5,0.98,1.24,1.24,1.24,122.55,122.55,122.55,1,1,
2026-08-16 02:29:51,812501,3407768,Game 1: Both Teams Slay a Dragon?,prop,1,2026-08-16 03:00:00,30.1,Yes,79133110729101040979354156439270499254586169460530893547581424624230600191218,0.01,0.99,0.5,0.98,1.24,1.24,1.24,122.55,122.55,122.55,1,1,
2026-08-16 02:29:51,812501,3407768,Game 1: Both Teams Slay a Dragon?,prop,1,2026-08-16 03:00:00,30.1,No,87080835968360541907825236999430484259205742264350853747971304100745674369240,0.01,0.99,0.5,0.98,1.24,1.24,1.24,122.55,122.55,122.55,1,1,
2026-08-16 02:29:51,812501,3407769,Game 1: Both Teams Destroy Inhibitors?,prop,1,2026-08-16 03:00:00,30.1,Yes,41139893037576161188872686171355639757952754277902695214824790970502190000612,0.01,0.99,0.5,0.98,1.24,1.24,1.24,122.55,122.55,122.55,1,1,
2026-08-16 02:29:51,812501,3407769,Game 1: Both Teams Destroy Inhibitors?,prop,1,2026-08-16 03:00:00,30.1,No,11713257346113337208480784843855658054574586574869772753013260214337317995798,0.01,0.99,0.5,0.98,1.24,1.24,1.24,122.55,122.55,122.55,1,1,
2026-08-16 02:29:51,812501,3407770,Game 1: Any Player Quadra Kill?,prop,1,2026-08-16 03:00:00,30.1,Yes,89699116073306046966497778316057094796992801124411211058742622862658371484340,0.01,0.5,0.255,0.49,0.05,0.05,0.05,2.5,2.5,2.5,1,2,
2026-08-16 02:29:51,812501,3407770,Game 1: Any Player Quadra Kill?,prop,1,2026-08-16 03:00:00,30.1,No,110062225856361250232451733223883585889494582661648143328404444970890540170304,0.5,0.99,0.745,0.49,2.5,2.5,2.5,4.95,4.95,4.95,2,1,
2026-08-16 02:29:51,812501,3407771,Game 1: Any Player Penta Kill?,prop,1,2026-08-16 03:00:00,30.1,Yes,88817477593294431833892116040780787623551401078456392425497729385704534047793,0.01,0.149,0.0795,0.139,0.06,0.06,0.06,1.94,1.94,1.94,2,7,15
2026-08-16 02:29:51,812501,3407771,Game 1: Any Player Penta Kill?,prop,1,2026-08-16 03:00:00,30.1,No,87228406489657215756146618888458284422804785033968690974967482020371044943402,0.851,0.99,0.9205,0.139,11.06,11.06,11.06,9.95,9.95,9.95,7,2,15
2026-08-16 02:29:51,812501,3407772,Game 1: Odd/Even Total Kills?,odd_even,1,2026-08-16 03:00:00,30.1,Odd,9658086584873290771888578167645806108924909117236645290998179613625891551542,0.49,0.51,0.5,0.02,98.0,98.0,98.0,102.0,102.0,102.0,3,3,
2026-08-16 02:29:51,812501,3407772,Game 1: Odd/Even Total Kills?,odd_even,1,2026-08-16 03:00:00,30.1,Even,83684129425305084306307142763549562651923693209012555176967712625225705220248,0.49,0.51,0.5,0.02,98.0,98.0,98.0,102.0,102.0,102.0,3,3,
2026-08-16 02:29:51,812501,3407773,Game 2: Both Teams Slay Baron Nashor?,prop,2,2026-08-16 03:00:00,30.1,Yes,89297658295572950589193242688452597590018694715450307826825161120216168342242,0.01,0.99,0.5,0.98,1.24,1.24,1.24,122.55,122.55,122.55,1,1,
2026-08-16 02:29:51,812501,3407773,Game 2: Both Teams Slay Baron Nashor?,prop,2,2026-08-16 03:00:00,30.1,No,41370542629085814587327819175960375440467523596272908663943995486002518200858,0.01,0.99,0.5,0.98,1.24,1.24,1.24,122.56,122.56,122.56,1,1,
2026-08-16 02:29:51,812501,3407774,Game 2: Both Teams Slay a Dragon?,prop,2,2026-08-16 03:00:00,30.1,Yes,17213094384783561920447144318373049743601212254959536036565288413982307904891,0.01,0.99,0.5,0.98,1.24,1.24,1.24,122.56,122.56,122.56,1,1,
2026-08-16 02:29:51,812501,3407774,Game 2: Both Teams Slay a Dragon?,prop,2,2026-08-16 03:00:00,30.1,No,107361772230415915958955632622848371567473066269823321881145126999923158623096,0.01,0.99,0.5,0.98,1.24,1.24,1.24,122.55,122.55,122.55,1,1,
2026-08-16 02:29:51,812501,3407775,Game 2: Both Teams Destroy Inhibitors?,prop,2,2026-08-16 03:00:00,30.1,Yes,37085151396073944699750657470272385075014179379747539854914347479603815316699,0.01,0.99,0.5,0.98,1.24,1.24,1.24,122.55,122.55,122.55,1,1,
2026-08-16 02:29:51,812501,3407775,Game 2: Both Teams Destroy Inhibitors?,prop,2,2026-08-16 03:00:00,30.1,No,115153163980740373959185278746365667228368300396797954685717305797766491026714,0.01,0.99,0.5,0.98,1.24,1.24,1.24,122.55,122.55,122.55,1,1,
2026-08-16 02:29:51,812501,3407776,Game 2: Any Player Quadra Kill?,prop,2,2026-08-16 03:00:00,30.1,Yes,92366871030395219227539229526027723469617721035967924535754927351839920760282,0.01,0.99,0.5,0.98,0.05,0.05,0.05,4.95,4.95,4.95,1,1,
2026-08-16 02:29:51,812501,3407776,Game 2: Any Player Quadra Kill?,prop,2,2026-08-16 03:00:00,30.1,No,108131379290397497921034320795187253387625375475492003495114439351232186339057,0.01,0.99,0.5,0.98,0.05,0.05,0.05,4.95,4.95,4.95,1,1,
2026-08-16 02:29:51,812501,3407777,Game 2: Any Player Penta Kill?,prop,2,2026-08-16 03:00:00,30.1,Yes,17979466769376123931528681389233276317538527490930446639079169530069864950578,0.01,0.14,0.075,0.13,0.05,0.05,0.05,3.97,3.97,3.97,1,6,
2026-08-16 02:29:51,812501,3407777,Game 2: Any Player Penta Kill?,prop,2,2026-08-16 03:00:00,30.1,No,98518636466579073594826930528319759549288909542166508168276302065256239237641,0.86,0.99,0.925,0.13,24.03,24.03,24.03,4.95,4.95,4.95,6,1,
2026-08-16 02:29:51,812501,3407778,Game 2: Odd/Even Total Kills?,odd_even,2,2026-08-16 03:00:00,30.1,Odd,59779735910433430026922845250121216304233262452139448197463634726945263917642,0.49,0.51,0.5,0.02,98.0,98.0,98.0,102.0,102.0,102.0,3,3,
2026-08-16 02:29:51,812501,3407778,Game 2: Odd/Even Total Kills?,odd_even,2,2026-08-16 03:00:00,30.1,Even,63820986229538783051704393626483275773639389915746997330375253931539704114052,0.49,0.51,0.5,0.02,98.0,98.0,98.0,102.0,102.0,102.0,3,3,
2026-08-16 02:29:51,812501,3407779,Game 3: Both Teams Slay Baron Nashor?,prop,3,2026-08-16 03:00:00,30.1,Yes,113252981035414606041270247891785674937112739878099898576536010241670893541263,0.01,0.99,0.5,0.98,1.24,1.24,1.24,122.55,122.55,122.55,1,1,
2026-08-16 02:29:51,812501,3407779,Game 3: Both Teams Slay Baron Nashor?,prop,3,2026-08-16 03:00:00,30.1,No,80269374401740033283890248739835625511400013599013392298323688208415881374403,0.01,0.99,0.5,0.98,1.24,1.24,1.24,122.55,122.55,122.55,1,1,
2026-08-16 02:29:51,812501,3407780,Game 3: Both Teams Slay a Dragon?,prop,3,2026-08-16 03:00:00,30.1,Yes,48391266703243630062101276354060508850367984077172049881809538405140552864794,0.01,0.99,0.5,0.98,1.24,1.24,1.24,122.56,122.56,122.56,1,1,
2026-08-16 02:29:51,812501,3407780,Game 3: Both Teams Slay a Dragon?,prop,3,2026-08-16 03:00:00,30.1,No,60057711611640343525293620284391058123978522706360481026432587479418071602197,0.01,0.99,0.5,0.98,1.24,1.24,1.24,122.55,122.55,122.55,1,1,
2026-08-16 02:29:51,812501,3407781,Game 3: Both Teams Destroy Inhibitors?,prop,3,2026-08-16 03:00:00,30.1,Yes,39542350196021563282639112300447540076267664844340741091676361618690741390605,0.01,0.99,0.5,0.98,1.24,1.24,1.24,122.55,122.55,122.55,1,1,
2026-08-16 02:29:51,812501,3407781,Game 3: Both Teams Destroy Inhibitors?,prop,3,2026-08-16 03:00:00,30.1,No,91364380906232166017713665249534353715037087368263061017016710270940804207208,0.01,0.99,0.5,0.98,1.24,1.24,1.24,122.55,122.55,122.55,1,1,
2026-08-16 02:29:51,812501,3407782,Game 3: Any Player Quadra Kill?,prop,3,2026-08-16 03:00:00,30.1,Yes,37307632162746025253829849316049566979299478000450149685938586430830071550912,0.02,0.99,0.505,0.97,11.51,11.51,11.51,4.95,4.95,4.95,2,1,
2026-08-16 02:29:51,812501,3407782,Game 3: Any Player Quadra Kill?,prop,3,2026-08-16 03:00:00,30.1,No,63982252988628134667878426985084368415157271810425345961600074461416139881254,0.01,0.98,0.495,0.97,0.05,0.05,0.05,566.49,566.49,566.49,1,2,
2026-08-16 02:29:51,812501,3407783,Game 3: Any Player Penta Kill?,prop,3,2026-08-16 03:00:00,30.1,Yes,70747408516516735967153070084967598515783840448108993307182613154174484046545,0.05,0.99,0.52,0.94,28.65,28.65,28.7,4.95,4.95,4.95,2,1,
2026-08-16 02:29:51,812501,3407783,Game 3: Any Player Penta Kill?,prop,3,2026-08-16 03:00:00,30.1,No,61690140592430459017872087614812557860059428369264397142831763490231186466635,0.01,0.95,0.48,0.94,0.05,0.05,0.05,544.35,544.35,549.3,1,2,
2026-08-16 02:29:51,812501,3407784,Game 3: Odd/Even Total Kills?,odd_even,3,2026-08-16 03:00:00,30.1,Odd,98933627551267508447263863349434570031436709045139598213619410896491820344484,0.49,0.51,0.5,0.02,98.0,98.0,98.0,102.0,102.0,102.0,5,5,57
2026-08-16 02:29:51,812501,3407784,Game 3: Odd/Even Total Kills?,odd_even,3,2026-08-16 03:00:00,30.1,Even,108512589332558883006762920479152265565445840370520718453759163242503924433460,0.49,0.51,0.5,0.02,98.0,98.0,98.0,102.0,102.0,102.0,5,5,57
2026-08-16 02:35:10,812501,3407762,LoL: T1 Academy vs DN SOOPers Challengers - Game 1 Winner,map,1,2026-08-16 03:00:00,24.8,T1 Academy,73064582482235014598278036393310819830718392444970483545371753650678400834736,0.57,0.59,0.58,0.02,1361.19,4515.86,4515.86,1636.03,2875.88,4464.08,33,31,13086.684022999998
2026-08-16 02:35:10,812501,3407762,LoL: T1 Academy vs DN SOOPers Challengers - Game 1 Winner,map,1,2026-08-16 03:00:00,24.8,DN SOOPers Challengers,44224995904119349774883897648437602028511976750577753161233745822302188026009,0.41,0.43,0.42,0.02,1112.9,1872.81,2789.61,1055.53,3636.63,3636.63,31,33,13086.684022999998
2026-08-16 02:35:10,812501,3407763,LoL: T1 Academy vs DN SOOPers Challengers - Game 2 Winner,map,2,2026-08-16 03:00:00,24.8,T1 Academy,95353452252504879943365852237238076881007218537823436733287745422250853187273,0.57,0.58,0.575,0.01,634.92,2387.41,2387.41,5201.77,5761.1,7525.32,29,26,1550.6508569999999
2026-08-16 02:35:10,812501,3407763,LoL: T1 Academy vs DN SOOPers Challengers - Game 2 Winner,map,2,2026-08-16 03:00:00,24.8,DN SOOPers Challengers,99458406464843999033426214685546564937703458262249894941487909247317378751500,0.42,0.43,0.425,0.01,3732.74,4090.51,5128.23,497.21,1935.5,1935.5,26,29,1550.6508569999999
2026-08-16 02:35:10,812501,3407764,LoL: T1 Academy vs DN SOOPers Challengers (BO3) - LCK Challengers League Rounds 3-4 Challenge Group,series,,2026-08-16 03:00:00,24.8,T1 Academy,47149118006951667535600667260288389920280393498307875124395202668413731841386,0.64,0.65,0.645,0.01,1298.36,2752.68,3372.68,10133.18,12370.92,12370.92,49,28,20512.164077
2026-08-16 02:35:10,812501,3407764,LoL: T1 Academy vs DN SOOPers Challengers (BO3) - LCK Challengers League Rounds 3-4 Challenge Group,series,,2026-08-16 03:00:00,24.8,DN SOOPers Challengers,35771467724294116916325429263618132001025645920509860605241357593060072915080,0.35,0.36,0.355,0.01,5389.9,6443.47,6443.47,746.06,1651.1,2081.1,28,49,20512.164077
2026-08-16 02:35:10,812501,3407765,Games Total: O/U 2.5,total_games,,2026-08-16 03:00:00,24.8,Over,28472689572385395046814959443344867949877348180594356550677806556781097456645,0.48,0.49,0.485,0.01,633.6,1056.75,1903.23,52.45,1376.52,1376.52,15,16,1871.676713
2026-08-16 02:35:10,812501,3407765,Games Total: O/U 2.5,total_games,,2026-08-16 03:00:00,24.8,Under,60445358403756320386117803063638244982681533893147355431057150905897946227833,0.51,0.52,0.515,0.01,52.55,1285.69,1285.69,686.4,1203.58,2314.03,16,15,1871.676713
2026-08-16 02:35:10,812501,3407766,Game Handicap: T1.A (-1.5) vs DN SOOPers Challengers (+1.5),handicap,,2026-08-16 03:00:00,24.8,T1 Academy,84157633848545715495802069650574598688014859523476823863021692534294083596234,0.35,0.36,0.355,0.01,39.47,540.16,540.16,933.85,972.85,1582.85,19,25,2789.682157
2026-08-16 02:35:10,812501,3407766,Game Handicap: T1.A (-1.5) vs DN SOOPers Challengers (+1.5),handicap,,2026-08-16 03:00:00,24.8,DN SOOPers Challengers,59885163287384748425978349155060122398367607750229429662790248778661914966815,0.64,0.65,0.645,0.01,1657.26,1718.26,2608.26,76.17,1124.51,1124.51,25,19,2789.682157
2026-08-16 02:35:10,812501,3407767,Game 1: Both Teams Slay Baron Nashor?,prop,1,2026-08-16 03:00:00,24.8,Yes,98101395767675076675527407445074221726108082242766140122999013673078296924579,0.01,0.99,0.5,0.98,1.24,1.24,1.24,122.55,122.55,122.55,1,1,
2026-08-16 02:35:10,812501,3407767,Game 1: Both Teams Slay Baron Nashor?,prop,1,2026-08-16 03:00:00,24.8,No,87290422765316042161691235931778600664413826002993109373647521758362141675985,0.01,0.99,0.5,0.98,1.24,1.24,1.24,122.55,122.55,122.55,1,1,
2026-08-16 02:35:10,812501,3407768,Game 1: Both Teams Slay a Dragon?,prop,1,2026-08-16 03:00:00,24.8,Yes,79133110729101040979354156439270499254586169460530893547581424624230600191218,0.01,0.99,0.5,0.98,1.24,1.24,1.24,122.55,122.55,122.55,1,1,
2026-08-16 02:35:10,812501,3407768,Game 1: Both Teams Slay a Dragon?,prop,1,2026-08-16 03:00:00,24.8,No,87080835968360541907825236999430484259205742264350853747971304100745674369240,0.01,0.99,0.5,0.98,1.24,1.24,1.24,122.55,122.55,122.55,1,1,
2026-08-16 02:35:10,812501,3407769,Game 1: Both Teams Destroy Inhibitors?,prop,1,2026-08-16 03:00:00,24.8,Yes,41139893037576161188872686171355639757952754277902695214824790970502190000612,0.01,0.99,0.5,0.98,1.24,1.24,1.24,122.55,122.55,122.55,1,1,
2026-08-16 02:35:10,812501,3407769,Game 1: Both Teams Destroy Inhibitors?,prop,1,2026-08-16 03:00:00,24.8,No,11713257346113337208480784843855658054574586574869772753013260214337317995798,0.01,0.99,0.5,0.98,1.24,1.24,1.24,122.55,122.55,122.55,1,1,
2026-08-16 02:35:10,812501,3407770,Game 1: Any Player Quadra Kill?,prop,1,2026-08-16 03:00:00,24.8,Yes,89699116073306046966497778316057094796992801124411211058742622862658371484340,0.01,0.5,0.255,0.49,0.05,0.05,0.05,2.5,2.5,2.5,1,2,
2026-08-16 02:35:10,812501,3407770,Game 1: Any Player Quadra Kill?,prop,1,2026-08-16 03:00:00,24.8,No,110062225856361250232451733223883585889494582661648143328404444970890540170304,0.5,0.99,0.745,0.49,2.5,2.5,2.5,4.95,4.95,4.95,2,1,
2026-08-16 02:35:10,812501,3407771,Game 1: Any Player Penta Kill?,prop,1,2026-08-16 03:00:00,24.8,Yes,88817477593294431833892116040780787623551401078456392425497729385704534047793,0.01,0.149,0.0795,0.139,0.06,0.06,0.06,1.94,1.94,1.94,2,7,15
2026-08-16 02:35:10,812501,3407771,Game 1: Any Player Penta Kill?,prop,1,2026-08-16 03:00:00,24.8,No,87228406489657215756146618888458284422804785033968690974967482020371044943402,0.851,0.99,0.9205,0.139,11.06,11.06,11.06,9.95,9.95,9.95,7,2,15
2026-08-16 02:35:10,812501,3407772,Game 1: Odd/Even Total Kills?,odd_even,1,2026-08-16 03:00:00,24.8,Odd,9658086584873290771888578167645806108924909117236645290998179613625891551542,0.49,0.51,0.5,0.02,98.0,98.0,98.0,102.0,102.0,102.0,2,2,
2026-08-16 02:35:10,812501,3407772,Game 1: Odd/Even Total Kills?,odd_even,1,2026-08-16 03:00:00,24.8,Even,83684129425305084306307142763549562651923693209012555176967712625225705220248,0.49,0.51,0.5,0.02,98.0,98.0,98.0,102.0,102.0,102.0,2,2,
2026-08-16 02:35:10,812501,3407773,Game 2: Both Teams Slay Baron Nashor?,prop,2,2026-08-16 03:00:00,24.8,Yes,89297658295572950589193242688452597590018694715450307826825161120216168342242,0.01,0.99,0.5,0.98,1.24,1.24,1.24,122.55,122.55,122.55,1,1,
2026-08-16 02:35:10,812501,3407773,Game 2: Both Teams Slay Baron Nashor?,prop,2,2026-08-16 03:00:00,24.8,No,41370542629085814587327819175960375440467523596272908663943995486002518200858,0.01,0.99,0.5,0.98,1.24,1.24,1.24,122.56,122.56,122.56,1,1,
2026-08-16 02:35:10,812501,3407774,Game 2: Both Teams Slay a Dragon?,prop,2,2026-08-16 03:00:00,24.8,Yes,17213094384783561920447144318373049743601212254959536036565288413982307904891,0.01,0.99,0.5,0.98,1.24,1.24,1.24,122.56,122.56,122.56,1,1,
2026-08-16 02:35:10,812501,3407774,Game 2: Both Teams Slay a Dragon?,prop,2,2026-08-16 03:00:00,24.8,No,107361772230415915958955632622848371567473066269823321881145126999923158623096,0.01,0.99,0.5,0.98,1.24,1.24,1.24,122.55,122.55,122.55,1,1,
2026-08-16 02:35:10,812501,3407775,Game 2: Both Teams Destroy Inhibitors?,prop,2,2026-08-16 03:00:00,24.8,Yes,37085151396073944699750657470272385075014179379747539854914347479603815316699,0.01,0.99,0.5,0.98,1.24,1.24,1.24,122.55,122.55,122.55,1,1,
2026-08-16 02:35:10,812501,3407775,Game 2: Both Teams Destroy Inhibitors?,prop,2,2026-08-16 03:00:00,24.8,No,115153163980740373959185278746365667228368300396797954685717305797766491026714,0.01,0.99,0.5,0.98,1.24,1.24,1.24,122.55,122.55,122.55,1,1,
2026-08-16 02:35:10,812501,3407776,Game 2: Any Player Quadra Kill?,prop,2,2026-08-16 03:00:00,24.8,Yes,92366871030395219227539229526027723469617721035967924535754927351839920760282,0.01,0.99,0.5,0.98,0.05,0.05,0.05,4.95,4.95,4.95,1,1,
2026-08-16 02:35:10,812501,3407776,Game 2: Any Player Quadra Kill?,prop,2,2026-08-16 03:00:00,24.8,No,108131379290397497921034320795187253387625375475492003495114439351232186339057,0.01,0.99,0.5,0.98,0.05,0.05,0.05,4.95,4.95,4.95,1,1,
2026-08-16 02:35:10,812501,3407777,Game 2: Any Player Penta Kill?,prop,2,2026-08-16 03:00:00,24.8,Yes,17979466769376123931528681389233276317538527490930446639079169530069864950578,0.01,0.14,0.075,0.13,0.05,0.05,0.05,3.97,3.97,3.97,1,6,
2026-08-16 02:35:10,812501,3407777,Game 2: Any Player Penta Kill?,prop,2,2026-08-16 03:00:00,24.8,No,98518636466579073594826930528319759549288909542166508168276302065256239237641,0.86,0.99,0.925,0.13,24.03,24.03,24.03,4.95,4.95,4.95,6,1,
2026-08-16 02:35:10,812501,3407778,Game 2: Odd/Even Total Kills?,odd_even,2,2026-08-16 03:00:00,24.8,Odd,59779735910433430026922845250121216304233262452139448197463634726945263917642,0.49,0.51,0.5,0.02,98.0,98.0,98.0,102.0,102.0,102.0,2,2,
2026-08-16 02:35:10,812501,3407778,Game 2: Odd/Even Total Kills?,odd_even,2,2026-08-16 03:00:00,24.8,Even,63820986229538783051704393626483275773639389915746997330375253931539704114052,0.49,0.51,0.5,0.02,98.0,98.0,98.0,102.0,102.0,102.0,2,2,
2026-08-16 02:35:10,812501,3407779,Game 3: Both Teams Slay Baron Nashor?,prop,3,2026-08-16 03:00:00,24.8,Yes,113252981035414606041270247891785674937112739878099898576536010241670893541263,0.01,0.99,0.5,0.98,1.24,1.24,1.24,122.55,122.55,122.55,1,1,
2026-08-16 02:35:10,812501,3407779,Game 3: Both Teams Slay Baron Nashor?,prop,3,2026-08-16 03:00:00,24.8,No,80269374401740033283890248739835625511400013599013392298323688208415881374403,0.01,0.99,0.5,0.98,1.24,1.24,1.24,122.55,122.55,122.55,1,1,
2026-08-16 02:35:10,812501,3407780,Game 3: Both Teams Slay a Dragon?,prop,3,2026-08-16 03:00:00,24.8,Yes,48391266703243630062101276354060508850367984077172049881809538405140552864794,0.01,0.99,0.5,0.98,1.24,1.24,1.24,122.56,122.56,122.56,1,1,
2026-08-16 02:35:10,812501,3407780,Game 3: Both Teams Slay a Dragon?,prop,3,2026-08-16 03:00:00,24.8,No,60057711611640343525293620284391058123978522706360481026432587479418071602197,0.01,0.99,0.5,0.98,1.24,1.24,1.24,122.55,122.55,122.55,1,1,
2026-08-16 02:35:10,812501,3407781,Game 3: Both Teams Destroy Inhibitors?,prop,3,2026-08-16 03:00:00,24.8,Yes,39542350196021563282639112300447540076267664844340741091676361618690741390605,0.01,0.99,0.5,0.98,1.24,1.24,1.24,122.55,122.55,122.55,1,1,
2026-08-16 02:35:10,812501,3407781,Game 3: Both Teams Destroy Inhibitors?,prop,3,2026-08-16 03:00:00,24.8,No,91364380906232166017713665249534353715037087368263061017016710270940804207208,0.01,0.99,0.5,0.98,1.24,1.24,1.24,122.55,122.55,122.55,1,1,
2026-08-16 02:35:10,812501,3407782,Game 3: Any Player Quadra Kill?,prop,3,2026-08-16 03:00:00,24.8,Yes,37307632162746025253829849316049566979299478000450149685938586430830071550912,0.02,0.99,0.505,0.97,11.51,11.51,11.51,4.95,4.95,4.95,2,1,
2026-08-16 02:35:10,812501,3407782,Game 3: Any Player Quadra Kill?,prop,3,2026-08-16 03:00:00,24.8,No,63982252988628134667878426985084368415157271810425345961600074461416139881254,0.01,0.98,0.495,0.97,0.05,0.05,0.05,566.49,566.49,566.49,1,2,
2026-08-16 02:35:10,812501,3407783,Game 3: Any Player Penta Kill?,prop,3,2026-08-16 03:00:00,24.8,Yes,70747408516516735967153070084967598515783840448108993307182613154174484046545,0.05,0.99,0.52,0.94,28.65,28.65,28.7,4.95,4.95,4.95,2,1,
2026-08-16 02:35:10,812501,3407783,Game 3: Any Player Penta Kill?,prop,3,2026-08-16 03:00:00,24.8,No,61690140592430459017872087614812557860059428369264397142831763490231186466635,0.01,0.95,0.48,0.94,0.05,0.05,0.05,544.35,544.35,549.3,1,2,
2026-08-16 02:35:10,812501,3407784,Game 3: Odd/Even Total Kills?,odd_even,3,2026-08-16 03:00:00,24.8,Odd,98933627551267508447263863349434570031436709045139598213619410896491820344484,0.49,0.51,0.5,0.02,98.0,98.0,98.0,102.0,102.0,102.0,5,5,57
2026-08-16 02:35:10,812501,3407784,Game 3: Odd/Even Total Kills?,odd_even,3,2026-08-16 03:00:00,24.8,Even,108512589332558883006762920479152265565445840370520718453759163242503924433460,0.49,0.51,0.5,0.02,98.0,98.0,98.0,102.0,102.0,102.0,5,5,57
2026-08-16 02:47:30,812501,3407762,LoL: T1 Academy vs DN SOOPers Challengers - Game 1 Winner,map,1,2026-08-16 03:00:00,12.5,T1 Academy,73064582482235014598278036393310819830718392444970483545371753650678400834736,0.57,0.59,0.58,0.02,900.19,2338.82,2338.82,1635.93,1886.77,3559.47,36,32,13089.303068999998
2026-08-16 02:47:30,812501,3407762,LoL: T1 Academy vs DN SOOPers Challengers - Game 1 Winner,map,1,2026-08-16 03:00:00,12.5,DN SOOPers Challengers,44224995904119349774883897648437602028511976750577753161233745822302188026009,0.41,0.43,0.42,0.02,1113.0,1273.38,2255.68,698.81,1886.72,1886.72,32,36,13089.303068999998
2026-08-16 02:47:30,812501,3407763,LoL: T1 Academy vs DN SOOPers Challengers - Game 2 Winner,map,2,2026-08-16 03:00:00,12.5,T1 Academy,95353452252504879943365852237238076881007218537823436733287745422250853187273,0.57,0.58,0.575,0.01,302.51,1505.89,1505.89,5139.09,5692.43,5839.74,29,23,1559.9531809999999
2026-08-16 02:47:30,812501,3407763,LoL: T1 Academy vs DN SOOPers Challengers - Game 2 Winner,map,2,2026-08-16 03:00:00,12.5,DN SOOPers Challengers,99458406464843999033426214685546564937703458262249894941487909247317378751500,0.42,0.43,0.425,0.01,3689.47,4043.23,4133.52,237.49,1234.89,1234.89,23,29,1559.9531809999999
2026-08-16 02:47:30,812501,3407764,LoL: T1 Academy vs DN SOOPers Challengers (BO3) - LCK Challengers League Rounds 3-4 Challenge Group,series,,2026-08-16 03:00:00,12.5,T1 Academy,47149118006951667535600667260288389920280393498307875124395202668413731841386,0.64,0.65,0.645,0.01,2141.12,3461.62,5018.18,7980.47,13015.34,13029.14,49,27,21107.622964000002
2026-08-16 02:47:30,812501,3407764,LoL: T1 Academy vs DN SOOPers Challengers (BO3) - LCK Challengers League Rounds 3-4 Challenge Group,series,,2026-08-16 03:00:00,12.5,DN SOOPers Challengers,35771467724294116916325429263618132001025645920509860605241357593060072915080,0.35,0.36,0.355,0.01,4230.67,6680.68,6686.88,1206.56,2031.12,3098.32,27,49,21107.622964000002
2026-08-16 02:47:30,812501,3407765,Games Total: O/U 2.5,total_games,,2026-08-16 03:00:00,12.5,Over,28472689572385395046814959443344867949877348180594356550677806556781097456645,0.48,0.49,0.485,0.01,636.48,1014.63,1219.71,5.39,520.88,537.55,16,22,1876.676713
2026-08-16 02:47:30,812501,3407765,Games Total: O/U 2.5,total_games,,2026-08-16 03:00:00,12.5,Under,60445358403756320386117803063638244982681533893147355431057150905897946227833,0.51,0.52,0.515,0.01,5.61,481.81,496.01,689.52,1151.7,1423.55,22,16,1876.676713
2026-08-16 02:47:30,812501,3407766,Game Handicap: T1.A (-1.5) vs DN SOOPers Challengers (+1.5),handicap,,2026-08-16 03:00:00,12.5,T1 Academy,84157633848545715495802069650574598688014859523476823863021692534294083596234,0.3,0.37,0.335,0.07,10.9,129.0,234.61,177.4,299.74,632.74,18,26,2803.571044
2026-08-16 02:47:30,812501,3407766,Game Handicap: T1.A (-1.5) vs DN SOOPers Challengers (+1.5),handicap,,2026-08-16 03:00:00,12.5,DN SOOPers Challengers,59885163287384748425978349155060122398367607750229429662790248778661914966815,0.63,0.7,0.665,0.07,292.6,478.6,945.6,26.33,333.13,644.42,26,18,2803.571044
2026-08-16 02:47:30,812501,3407767,Game 1: Both Teams Slay Baron Nashor?,prop,1,2026-08-16 03:00:00,12.5,Yes,98101395767675076675527407445074221726108082242766140122999013673078296924579,0.01,0.99,0.5,0.98,1.24,1.24,1.24,122.55,122.55,122.55,1,1,
2026-08-16 02:47:30,812501,3407767,Game 1: Both Teams Slay Baron Nashor?,prop,1,2026-08-16 03:00:00,12.5,No,87290422765316042161691235931778600664413826002993109373647521758362141675985,0.01,0.99,0.5,0.98,1.24,1.24,1.24,122.55,122.55,122.55,1,1,
2026-08-16 02:47:30,812501,3407768,Game 1: Both Teams Slay a Dragon?,prop,1,2026-08-16 03:00:00,12.5,Yes,79133110729101040979354156439270499254586169460530893547581424624230600191218,0.01,0.99,0.5,0.98,1.24,1.24,1.24,122.55,122.55,122.55,1,1,
2026-08-16 02:47:30,812501,3407768,Game 1: Both Teams Slay a Dragon?,prop,1,2026-08-16 03:00:00,12.5,No,87080835968360541907825236999430484259205742264350853747971304100745674369240,0.01,0.99,0.5,0.98,1.24,1.24,1.24,122.55,122.55,122.55,1,1,
2026-08-16 02:47:30,812501,3407769,Game 1: Both Teams Destroy Inhibitors?,prop,1,2026-08-16 03:00:00,12.5,Yes,41139893037576161188872686171355639757952754277902695214824790970502190000612,0.01,0.99,0.5,0.98,1.24,1.24,1.24,122.55,122.55,122.55,1,1,
2026-08-16 02:47:30,812501,3407769,Game 1: Both Teams Destroy Inhibitors?,prop,1,2026-08-16 03:00:00,12.5,No,11713257346113337208480784843855658054574586574869772753013260214337317995798,0.01,0.99,0.5,0.98,1.24,1.24,1.24,122.55,122.55,122.55,1,1,
2026-08-16 02:47:30,812501,3407770,Game 1: Any Player Quadra Kill?,prop,1,2026-08-16 03:00:00,12.5,Yes,89699116073306046966497778316057094796992801124411211058742622862658371484340,0.01,0.5,0.255,0.49,0.05,0.05,0.05,2.5,2.5,2.5,1,2,
2026-08-16 02:47:30,812501,3407770,Game 1: Any Player Quadra Kill?,prop,1,2026-08-16 03:00:00,12.5,No,110062225856361250232451733223883585889494582661648143328404444970890540170304,0.5,0.99,0.745,0.49,2.5,2.5,2.5,4.95,4.95,4.95,2,1,
2026-08-16 02:47:30,812501,3407771,Game 1: Any Player Penta Kill?,prop,1,2026-08-16 03:00:00,12.5,Yes,88817477593294431833892116040780787623551401078456392425497729385704534047793,0.01,0.15,0.08,0.14,0.06,0.06,0.06,0.75,0.75,1.75,2,6,15
2026-08-16 02:47:30,812501,3407771,Game 1: Any Player Penta Kill?,prop,1,2026-08-16 03:00:00,12.5,No,87228406489657215756146618888458284422804785033968690974967482020371044943402,0.85,0.99,0.92,0.14,4.25,4.25,8.25,9.95,9.95,9.95,6,2,15
2026-08-16 02:47:30,812501,3407772,Game 1: Odd/Even Total Kills?,odd_even,1,2026-08-16 03:00:00,12.5,Odd,9658086584873290771888578167645806108924909117236645290998179613625891551542,0.49,0.51,0.5,0.02,98.0,98.0,98.0,102.0,102.0,102.0,2,2,
2026-08-16 02:47:30,812501,3407772,Game 1: Odd/Even Total Kills?,odd_even,1,2026-08-16 03:00:00,12.5,Even,83684129425305084306307142763549562651923693209012555176967712625225705220248,0.49,0.51,0.5,0.02,98.0,98.0,98.0,102.0,102.0,102.0,2,2,
2026-08-16 02:47:30,812501,3407773,Game 2: Both Teams Slay Baron Nashor?,prop,2,2026-08-16 03:00:00,12.5,Yes,89297658295572950589193242688452597590018694715450307826825161120216168342242,0.01,0.99,0.5,0.98,1.24,1.24,1.24,122.55,122.55,122.55,1,1,
2026-08-16 02:47:30,812501,3407773,Game 2: Both Teams Slay Baron Nashor?,prop,2,2026-08-16 03:00:00,12.5,No,41370542629085814587327819175960375440467523596272908663943995486002518200858,0.01,0.99,0.5,0.98,1.24,1.24,1.24,122.55,122.55,122.55,1,1,
2026-08-16 02:47:30,812501,3407774,Game 2: Both Teams Slay a Dragon?,prop,2,2026-08-16 03:00:00,12.5,Yes,17213094384783561920447144318373049743601212254959536036565288413982307904891,0.01,0.99,0.5,0.98,1.24,1.24,1.24,122.55,122.55,122.55,1,1,
2026-08-16 02:47:30,812501,3407774,Game 2: Both Teams Slay a Dragon?,prop,2,2026-08-16 03:00:00,12.5,No,107361772230415915958955632622848371567473066269823321881145126999923158623096,0.01,0.99,0.5,0.98,1.24,1.24,1.24,122.55,122.55,122.55,1,1,
2026-08-16 02:47:30,812501,3407775,Game 2: Both Teams Destroy Inhibitors?,prop,2,2026-08-16 03:00:00,12.5,Yes,37085151396073944699750657470272385075014179379747539854914347479603815316699,0.01,0.99,0.5,0.98,1.24,1.24,1.24,122.55,122.55,122.55,1,1,
2026-08-16 02:47:30,812501,3407775,Game 2: Both Teams Destroy Inhibitors?,prop,2,2026-08-16 03:00:00,12.5,No,115153163980740373959185278746365667228368300396797954685717305797766491026714,0.01,0.99,0.5,0.98,1.24,1.24,1.24,122.55,122.55,122.55,1,1,
2026-08-16 02:47:30,812501,3407776,Game 2: Any Player Quadra Kill?,prop,2,2026-08-16 03:00:00,12.5,Yes,92366871030395219227539229526027723469617721035967924535754927351839920760282,0.01,0.99,0.5,0.98,0.05,0.05,0.05,4.95,4.95,4.95,1,1,
2026-08-16 02:47:30,812501,3407776,Game 2: Any Player Quadra Kill?,prop,2,2026-08-16 03:00:00,12.5,No,108131379290397497921034320795187253387625375475492003495114439351232186339057,0.01,0.99,0.5,0.98,0.05,0.05,0.05,4.95,4.95,4.95,1,1,
2026-08-16 02:47:30,812501,3407777,Game 2: Any Player Penta Kill?,prop,2,2026-08-16 03:00:00,12.5,Yes,17979466769376123931528681389233276317538527490930446639079169530069864950578,0.01,0.15,0.08,0.14,0.05,0.05,0.05,0.75,0.75,1.75,1,5,
2026-08-16 02:47:30,812501,3407777,Game 2: Any Player Penta Kill?,prop,2,2026-08-16 03:00:00,12.5,No,98518636466579073594826930528319759549288909542166508168276302065256239237641,0.85,0.99,0.92,0.14,4.25,4.25,8.25,4.95,4.95,4.95,5,1,
2026-08-16 02:47:30,812501,3407778,Game 2: Odd/Even Total Kills?,odd_even,2,2026-08-16 03:00:00,12.5,Odd,59779735910433430026922845250121216304233262452139448197463634726945263917642,0.49,0.51,0.5,0.02,98.0,98.0,98.0,102.0,102.0,102.0,2,2,
2026-08-16 02:47:30,812501,3407778,Game 2: Odd/Even Total Kills?,odd_even,2,2026-08-16 03:00:00,12.5,Even,63820986229538783051704393626483275773639389915746997330375253931539704114052,0.49,0.51,0.5,0.02,98.0,98.0,98.0,102.0,102.0,102.0,2,2,
2026-08-16 02:47:30,812501,3407779,Game 3: Both Teams Slay Baron Nashor?,prop,3,2026-08-16 03:00:00,12.5,Yes,113252981035414606041270247891785674937112739878099898576536010241670893541263,0.01,0.99,0.5,0.98,1.24,1.24,1.24,122.55,122.55,122.55,1,1,
2026-08-16 02:47:30,812501,3407779,Game 3: Both Teams Slay Baron Nashor?,prop,3,2026-08-16 03:00:00,12.5,No,80269374401740033283890248739835625511400013599013392298323688208415881374403,0.01,0.99,0.5,0.98,1.24,1.24,1.24,122.55,122.55,122.55,1,1,
2026-08-16 02:47:30,812501,3407780,Game 3: Both Teams Slay a Dragon?,prop,3,2026-08-16 03:00:00,12.5,Yes,48391266703243630062101276354060508850367984077172049881809538405140552864794,0.01,0.99,0.5,0.98,1.24,1.24,1.24,122.55,122.55,122.55,1,1,
2026-08-16 02:47:30,812501,3407780,Game 3: Both Teams Slay a Dragon?,prop,3,2026-08-16 03:00:00,12.5,No,60057711611640343525293620284391058123978522706360481026432587479418071602197,0.01,0.99,0.5,0.98,1.24,1.24,1.24,122.55,122.55,122.55,1,1,
2026-08-16 02:47:30,812501,3407781,Game 3: Both Teams Destroy Inhibitors?,prop,3,2026-08-16 03:00:00,12.5,Yes,39542350196021563282639112300447540076267664844340741091676361618690741390605,0.01,0.99,0.5,0.98,1.24,1.24,1.24,122.55,122.55,122.55,1,1,
2026-08-16 02:47:30,812501,3407781,Game 3: Both Teams Destroy Inhibitors?,prop,3,2026-08-16 03:00:00,12.5,No,91364380906232166017713665249534353715037087368263061017016710270940804207208,0.01,0.99,0.5,0.98,1.24,1.24,1.24,122.55,122.55,122.55,1,1,
2026-08-16 02:47:30,812501,3407782,Game 3: Any Player Quadra Kill?,prop,3,2026-08-16 03:00:00,12.5,Yes,37307632162746025253829849316049566979299478000450149685938586430830071550912,0.01,0.99,0.5,0.98,0.05,0.05,0.05,4.95,4.95,4.95,1,1,
2026-08-16 02:47:30,812501,3407782,Game 3: Any Player Quadra Kill?,prop,3,2026-08-16 03:00:00,12.5,No,63982252988628134667878426985084368415157271810425345961600074461416139881254,0.01,0.99,0.5,0.98,0.05,0.05,0.05,4.95,4.95,4.95,1,1,
2026-08-16 02:47:30,812501,3407783,Game 3: Any Player Penta Kill?,prop,3,2026-08-16 03:00:00,12.5,Yes,70747408516516735967153070084967598515783840448108993307182613154174484046545,0.01,0.99,0.5,0.98,0.05,0.05,0.05,4.95,4.95,4.95,1,1,
2026-08-16 02:47:30,812501,3407783,Game 3: Any Player Penta Kill?,prop,3,2026-08-16 03:00:00,12.5,No,61690140592430459017872087614812557860059428369264397142831763490231186466635,0.01,0.99,0.5,0.98,0.05,0.05,0.05,4.95,4.95,4.95,1,1,
2026-08-16 02:47:30,812501,3407784,Game 3: Odd/Even Total Kills?,odd_even,3,2026-08-16 03:00:00,12.5,Odd,98933627551267508447263863349434570031436709045139598213619410896491820344484,0.49,0.51,0.5,0.02,98.0,98.0,98.0,102.0,102.0,102.0,5,5,57
2026-08-16 02:47:30,812501,3407784,Game 3: Odd/Even Total Kills?,odd_even,3,2026-08-16 03:00:00,12.5,Even,108512589332558883006762920479152265565445840370520718453759163242503924433460,0.49,0.51,0.5,0.02,98.0,98.0,98.0,102.0,102.0,102.0,5,5,57
2026-08-16 02:52:52,812501,3407762,LoL: T1 Academy vs DN SOOPers Challengers - Game 1 Winner,map,1,2026-08-16 03:00:00,7.1,T1 Academy,73064582482235014598278036393310819830718392444970483545371753650678400834736,0.58,0.59,0.585,0.01,412.33,2158.26,2480.4,1641.83,1869.53,3552.23,36,32,13139.201372999998
2026-08-16 02:52:52,812501,3407762,LoL: T1 Academy vs DN SOOPers Challengers - Game 1 Winner,map,1,2026-08-16 03:00:00,7.1,DN SOOPers Challengers,44224995904119349774883897648437602028511976750577753161233745822302188026009,0.41,0.42,0.415,0.01,1117.1,1262.69,2234.99,306.67,1714.73,1989.14,32,36,13139.201372999998
2026-08-16 02:52:52,812501,3407763,LoL: T1 Academy vs DN SOOPers Challengers - Game 2 Winner,map,2,2026-08-16 03:00:00,7.1,T1 Academy,95353452252504879943365852237238076881007218537823436733287745422250853187273,0.57,0.58,0.575,0.01,299.09,1502.47,1502.47,5135.61,5688.95,5836.26,29,24,1559.9531809999999
2026-08-16 02:52:52,812501,3407763,LoL: T1 Academy vs DN SOOPers Challengers - Game 2 Winner,map,2,2026-08-16 03:00:00,7.1,DN SOOPers Challengers,99458406464843999033426214685546564937703458262249894941487909247317378751500,0.42,0.43,0.425,0.01,3686.95,4040.71,4131.0,234.91,1232.31,1232.31,24,30,1559.9531809999999
2026-08-16 02:52:52,812501,3407764,LoL: T1 Academy vs DN SOOPers Challengers (BO3) - LCK Challengers League Rounds 3-4 Challenge Group,series,,2026-08-16 03:00:00,7.1,T1 Academy,47149118006951667535600667260288389920280393498307875124395202668413731841386,0.64,0.65,0.645,0.01,2243.74,3564.25,4738.3,7982.77,14525.14,14538.94,49,26,22743.075944000004
2026-08-16 02:52:52,812501,3407764,LoL: T1 Academy vs DN SOOPers Challengers (BO3) - LCK Challengers League Rounds 3-4 Challenge Group,series,,2026-08-16 03:00:00,7.1,DN SOOPers Challengers,35771467724294116916325429263618132001025645920509860605241357593060072915080,0.35,0.36,0.355,0.01,4231.83,7424.34,7430.54,1264.29,2088.84,2888.55,26,49,22743.075944000004
2026-08-16 02:52:52,812501,3407765,Games Total: O/U 2.5,total_games,,2026-08-16 03:00:00,7.1,Over,28472689572385395046814959443344867949877348180594356550677806556781097456645,0.49,0.51,0.5,0.02,638.5,638.5,974.27,538.22,576.07,659.57,18,19,1876.676713
2026-08-16 02:52:52,812501,3407765,Games Total: O/U 2.5,total_games,,2026-08-16 03:00:00,7.1,Under,60445358403756320386117803063638244982681533893147355431057150905897946227833,0.49,0.51,0.5,0.02,498.03,530.27,596.77,691.5,691.5,1102.91,19,18,1876.676713
2026-08-16 02:52:52,812501,3407766,Game Handicap: T1.A (-1.5) vs DN SOOPers Challengers (+1.5),handicap,,2026-08-16 03:00:00,7.1,T1 Academy,84157633848545715495802069650574598688014859523476823863021692534294083596234,0.29,0.37,0.33,0.08,15.6,90.1,255.17,63.4,199.07,532.07,16,24,2803.5710440000003
2026-08-16 02:52:52,812501,3407766,Game Handicap: T1.A (-1.5) vs DN SOOPers Challengers (+1.5),handicap,,2026-08-16 03:00:00,7.1,DN SOOPers Challengers,59885163287384748425978349155060122398367607750229429662790248778661914966815,0.63,0.71,0.67,0.08,106.6,312.61,779.61,39.49,248.9,760.02,24,16,2803.5710440000003
2026-08-16 02:52:52,812501,3407767,Game 1: Both Teams Slay Baron Nashor?,prop,1,2026-08-16 03:00:00,7.1,Yes,98101395767675076675527407445074221726108082242766140122999013673078296924579,0.01,0.99,0.5,0.98,1.24,1.24,1.24,122.55,122.55,122.55,1,1,
2026-08-16 02:52:52,812501,3407767,Game 1: Both Teams Slay Baron Nashor?,prop,1,2026-08-16 03:00:00,7.1,No,87290422765316042161691235931778600664413826002993109373647521758362141675985,0.01,0.99,0.5,0.98,1.24,1.24,1.24,122.56,122.56,122.56,1,1,
2026-08-16 02:52:52,812501,3407768,Game 1: Both Teams Slay a Dragon?,prop,1,2026-08-16 03:00:00,7.1,Yes,79133110729101040979354156439270499254586169460530893547581424624230600191218,0.01,0.99,0.5,0.98,1.24,1.24,1.24,122.55,122.55,122.55,1,1,
2026-08-16 02:52:52,812501,3407768,Game 1: Both Teams Slay a Dragon?,prop,1,2026-08-16 03:00:00,7.1,No,87080835968360541907825236999430484259205742264350853747971304100745674369240,0.01,0.99,0.5,0.98,1.24,1.24,1.24,122.55,122.55,122.55,1,1,
2026-08-16 02:52:52,812501,3407769,Game 1: Both Teams Destroy Inhibitors?,prop,1,2026-08-16 03:00:00,7.1,Yes,41139893037576161188872686171355639757952754277902695214824790970502190000612,0.01,0.99,0.5,0.98,1.24,1.24,1.24,122.55,122.55,122.55,1,1,
2026-08-16 02:52:52,812501,3407769,Game 1: Both Teams Destroy Inhibitors?,prop,1,2026-08-16 03:00:00,7.1,No,11713257346113337208480784843855658054574586574869772753013260214337317995798,0.01,0.99,0.5,0.98,1.24,1.24,1.24,122.56,122.56,122.56,1,1,
2026-08-16 02:52:52,812501,3407770,Game 1: Any Player Quadra Kill?,prop,1,2026-08-16 03:00:00,7.1,Yes,89699116073306046966497778316057094796992801124411211058742622862658371484340,0.01,0.5,0.255,0.49,0.05,0.05,0.05,2.5,2.5,2.5,1,2,
2026-08-16 02:52:52,812501,3407770,Game 1: Any Player Quadra Kill?,prop,1,2026-08-16 03:00:00,7.1,No,110062225856361250232451733223883585889494582661648143328404444970890540170304,0.5,0.99,0.745,0.49,2.5,2.5,2.5,4.95,4.95,4.95,2,1,
2026-08-16 02:52:52,812501,3407771,Game 1: Any Player Penta Kill?,prop,1,2026-08-16 03:00:00,7.1,Yes,88817477593294431833892116040780787623551401078456392425497729385704534047793,0.01,0.15,0.08,0.14,0.06,0.06,0.06,0.75,0.75,1.75,2,6,15
2026-08-16 02:52:52,812501,3407771,Game 1: Any Player Penta Kill?,prop,1,2026-08-16 03:00:00,7.1,No,87228406489657215756146618888458284422804785033968690974967482020371044943402,0.85,0.99,0.92,0.14,4.25,4.25,8.25,9.95,9.95,9.95,6,2,15
2026-08-16 02:52:52,812501,3407772,Game 1: Odd/Even Total Kills?,odd_even,1,2026-08-16 03:00:00,7.1,Odd,9658086584873290771888578167645806108924909117236645290998179613625891551542,0.49,0.51,0.5,0.02,98.0,98.0,98.0,102.0,102.0,102.0,2,2,
2026-08-16 02:52:52,812501,3407772,Game 1: Odd/Even Total Kills?,odd_even,1,2026-08-16 03:00:00,7.1,Even,83684129425305084306307142763549562651923693209012555176967712625225705220248,0.49,0.51,0.5,0.02,98.0,98.0,98.0,102.0,102.0,102.0,2,2,
2026-08-16 02:52:52,812501,3407773,Game 2: Both Teams Slay Baron Nashor?,prop,2,2026-08-16 03:00:00,7.1,Yes,89297658295572950589193242688452597590018694715450307826825161120216168342242,0.01,0.99,0.5,0.98,1.24,1.24,1.24,122.55,122.55,122.55,1,1,
2026-08-16 02:52:52,812501,3407773,Game 2: Both Teams Slay Baron Nashor?,prop,2,2026-08-16 03:00:00,7.1,No,41370542629085814587327819175960375440467523596272908663943995486002518200858,0.01,0.99,0.5,0.98,1.24,1.24,1.24,122.55,122.55,122.55,1,1,
2026-08-16 02:52:52,812501,3407774,Game 2: Both Teams Slay a Dragon?,prop,2,2026-08-16 03:00:00,7.1,Yes,17213094384783561920447144318373049743601212254959536036565288413982307904891,0.01,0.99,0.5,0.98,1.24,1.24,1.24,122.55,122.55,122.55,1,1,
2026-08-16 02:52:52,812501,3407774,Game 2: Both Teams Slay a Dragon?,prop,2,2026-08-16 03:00:00,7.1,No,107361772230415915958955632622848371567473066269823321881145126999923158623096,0.01,0.99,0.5,0.98,1.24,1.24,1.24,122.55,122.55,122.55,1,1,
2026-08-16 02:52:52,812501,3407775,Game 2: Both Teams Destroy Inhibitors?,prop,2,2026-08-16 03:00:00,7.1,Yes,37085151396073944699750657470272385075014179379747539854914347479603815316699,0.01,0.99,0.5,0.98,1.24,1.24,1.24,122.55,122.55,122.55,1,1,
2026-08-16 02:52:52,812501,3407775,Game 2: Both Teams Destroy Inhibitors?,prop,2,2026-08-16 03:00:00,7.1,No,115153163980740373959185278746365667228368300396797954685717305797766491026714,0.01,0.99,0.5,0.98,1.24,1.24,1.24,122.55,122.55,122.55,1,1,
2026-08-16 02:52:52,812501,3407776,Game 2: Any Player Quadra Kill?,prop,2,2026-08-16 03:00:00,7.1,Yes,92366871030395219227539229526027723469617721035967924535754927351839920760282,0.01,0.99,0.5,0.98,0.05,0.05,0.05,4.95,4.95,4.95,1,1,
2026-08-16 02:52:52,812501,3407776,Game 2: Any Player Quadra Kill?,prop,2,2026-08-16 03:00:00,7.1,No,108131379290397497921034320795187253387625375475492003495114439351232186339057,0.01,0.99,0.5,0.98,0.05,0.05,0.05,4.95,4.95,4.95,1,1,
2026-08-16 02:52:52,812501,3407777,Game 2: Any Player Penta Kill?,prop,2,2026-08-16 03:00:00,7.1,Yes,17979466769376123931528681389233276317538527490930446639079169530069864950578,0.01,0.15,0.08,0.14,0.05,0.05,0.05,0.75,0.75,1.75,1,5,
2026-08-16 02:52:52,812501,3407777,Game 2: Any Player Penta Kill?,prop,2,2026-08-16 03:00:00,7.1,No,98518636466579073594826930528319759549288909542166508168276302065256239237641,0.85,0.99,0.92,0.14,4.25,4.25,8.25,4.95,4.95,4.95,5,1,
2026-08-16 02:52:52,812501,3407778,Game 2: Odd/Even Total Kills?,odd_even,2,2026-08-16 03:00:00,7.1,Odd,59779735910433430026922845250121216304233262452139448197463634726945263917642,0.49,0.51,0.5,0.02,98.0,98.0,98.0,102.0,102.0,102.0,2,2,
2026-08-16 02:52:52,812501,3407778,Game 2: Odd/Even Total Kills?,odd_even,2,2026-08-16 03:00:00,7.1,Even,63820986229538783051704393626483275773639389915746997330375253931539704114052,0.49,0.51,0.5,0.02,98.0,98.0,98.0,102.0,102.0,102.0,2,2,
2026-08-16 02:52:52,812501,3407779,Game 3: Both Teams Slay Baron Nashor?,prop,3,2026-08-16 03:00:00,7.1,Yes,113252981035414606041270247891785674937112739878099898576536010241670893541263,0.01,0.99,0.5,0.98,1.24,1.24,1.24,122.55,122.55,122.55,1,1,
2026-08-16 02:52:52,812501,3407779,Game 3: Both Teams Slay Baron Nashor?,prop,3,2026-08-16 03:00:00,7.1,No,80269374401740033283890248739835625511400013599013392298323688208415881374403,0.01,0.99,0.5,0.98,1.24,1.24,1.24,122.55,122.55,122.55,1,1,
2026-08-16 02:52:52,812501,3407780,Game 3: Both Teams Slay a Dragon?,prop,3,2026-08-16 03:00:00,7.1,Yes,48391266703243630062101276354060508850367984077172049881809538405140552864794,0.01,0.99,0.5,0.98,1.24,1.24,1.24,122.55,122.55,122.55,1,1,
2026-08-16 02:52:52,812501,3407780,Game 3: Both Teams Slay a Dragon?,prop,3,2026-08-16 03:00:00,7.1,No,60057711611640343525293620284391058123978522706360481026432587479418071602197,0.01,0.99,0.5,0.98,1.24,1.24,1.24,122.55,122.55,122.55,1,1,
2026-08-16 02:52:52,812501,3407781,Game 3: Both Teams Destroy Inhibitors?,prop,3,2026-08-16 03:00:00,7.1,Yes,39542350196021563282639112300447540076267664844340741091676361618690741390605,0.01,0.99,0.5,0.98,1.24,1.24,1.24,122.55,122.55,122.55,1,1,
2026-08-16 02:52:52,812501,3407781,Game 3: Both Teams Destroy Inhibitors?,prop,3,2026-08-16 03:00:00,7.1,No,91364380906232166017713665249534353715037087368263061017016710270940804207208,0.01,0.99,0.5,0.98,1.24,1.24,1.24,122.55,122.55,122.55,1,1,
2026-08-16 02:52:52,812501,3407782,Game 3: Any Player Quadra Kill?,prop,3,2026-08-16 03:00:00,7.1,Yes,37307632162746025253829849316049566979299478000450149685938586430830071550912,0.01,0.99,0.5,0.98,0.05,0.05,0.05,4.95,4.95,4.95,1,1,
2026-08-16 02:52:52,812501,3407782,Game 3: Any Player Quadra Kill?,prop,3,2026-08-16 03:00:00,7.1,No,63982252988628134667878426985084368415157271810425345961600074461416139881254,0.01,0.99,0.5,0.98,0.05,0.05,0.05,4.95,4.95,4.95,1,1,
2026-08-16 02:52:52,812501,3407783,Game 3: Any Player Penta Kill?,prop,3,2026-08-16 03:00:00,7.1,Yes,70747408516516735967153070084967598515783840448108993307182613154174484046545,0.01,0.99,0.5,0.98,0.05,0.05,0.05,4.95,4.95,4.95,1,1,
2026-08-16 02:52:52,812501,3407783,Game 3: Any Player Penta Kill?,prop,3,2026-08-16 03:00:00,7.1,No,61690140592430459017872087614812557860059428369264397142831763490231186466635,0.01,0.99,0.5,0.98,0.05,0.05,0.05,4.95,4.95,4.95,1,1,
2026-08-16 02:52:52,812501,3407784,Game 3: Odd/Even Total Kills?,odd_even,3,2026-08-16 03:00:00,7.1,Odd,98933627551267508447263863349434570031436709045139598213619410896491820344484,0.49,0.51,0.5,0.02,98.0,98.0,98.0,102.0,102.0,102.0,5,5,57
2026-08-16 02:52:52,812501,3407784,Game 3: Odd/Even Total Kills?,odd_even,3,2026-08-16 03:00:00,7.1,Even,108512589332558883006762920479152265565445840370520718453759163242503924433460,0.49,0.51,0.5,0.02,98.0,98.0,98.0,102.0,102.0,102.0,5,5,57
2026-08-16 02:58:15,812501,3407762,LoL: T1 Academy vs DN SOOPers Challengers - Game 1 Winner,map,1,2026-08-16 03:00:00,1.7,T1 Academy,73064582482235014598278036393310819830718392444970483545371753650678400834736,0.55,0.56,0.555,0.01,2658.12,2745.35,4295.35,190.33,1291.81,2515.93,35,34,13139.201372999998
2026-08-16 02:58:15,812501,3407762,LoL: T1 Academy vs DN SOOPers Challengers - Game 1 Winner,map,1,2026-08-16 03:00:00,1.7,DN SOOPers Challengers,44224995904119349774883897648437602028511976750577753161233745822302188026009,0.44,0.45,0.445,0.01,149.55,923.24,1717.37,2194.74,2272.1,3822.1,34,35,13139.201372999998
2026-08-16 02:58:15,812501,3407763,LoL: T1 Academy vs DN SOOPers Challengers - Game 2 Winner,map,2,2026-08-16 03:00:00,1.7,T1 Academy,95353452252504879943365852237238076881007218537823436733287745422250853187273,0.55,0.57,0.56,0.02,1067.43,1549.87,1549.87,4078.24,5171.51,6613.93,28,25,1559.9531809999999
2026-08-16 02:58:15,812501,3407763,LoL: T1 Academy vs DN SOOPers Challengers - Game 2 Winner,map,2,2026-08-16 03:00:00,1.7,DN SOOPers Challengers,99458406464843999033426214685546564937703458262249894941487909247317378751500,0.43,0.45,0.44,0.02,2956.32,3716.05,4636.43,893.61,1326.02,1326.02,25,28,1559.9531809999999
2026-08-16 02:58:15,812501,3407764,LoL: T1 Academy vs DN SOOPers Challengers (BO3) - LCK Challengers League Rounds 3-4 Challenge Group,series,,2026-08-16 03:00:00,1.7,T1 Academy,47149118006951667535600667260288389920280393498307875124395202668413731841386,0.62,0.63,0.625,0.01,1075.17,4113.6,5040.53,576.48,6859.35,8449.26,44,27,22743.075944000004
2026-08-16 02:58:15,812501,3407764,LoL: T1 Academy vs DN SOOPers Challengers (BO3) - LCK Challengers League Rounds 3-4 Challenge Group,series,,2026-08-16 03:00:00,1.7,DN SOOPers Challengers,35771467724294116916325429263618132001025645920509860605241357593060072915080,0.37,0.38,0.375,0.01,326.46,3666.25,4449.34,676.77,2764.97,3453.96,27,44,22743.075944000004
2026-08-16 02:58:15,812501,3407765,Games Total: O/U 2.5,total_games,,2026-08-16 03:00:00,1.7,Over,28472689572385395046814959443344867949877348180594356550677806556781097456645,0.49,0.5,0.495,0.01,633.65,633.65,844.55,2504.38,2965.82,2965.82,17,18,1876.676713
2026-08-16 02:58:15,812501,3407765,Games Total: O/U 2.5,total_games,,2026-08-16 03:00:00,1.7,Under,60445358403756320386117803063638244982681533893147355431057150905897946227833,0.5,0.51,0.505,0.01,2504.21,2930.15,2930.15,686.35,686.35,945.14,18,17,1876.676713
2026-08-16 02:58:15,812501,3407766,Game Handicap: T1.A (-1.5) vs DN SOOPers Challengers (+1.5),handicap,,2026-08-16 03:00:00,1.7,T1 Academy,84157633848545715495802069650574598688014859523476823863021692534294083596234,0.32,0.36,0.34,0.04,16.2,633.9,649.3,12.9,77.89,298.27,19,22,2803.5710440000003
2026-08-16 02:58:15,812501,3407766,Game Handicap: T1.A (-1.5) vs DN SOOPers Challengers (+1.5),handicap,,2026-08-16 03:00:00,1.7,DN SOOPers Challengers,59885163287384748425978349155060122398367607750229429662790248778661914966815,0.64,0.68,0.66,0.04,22.1,125.3,447.5,35.55,1476.85,1517.83,22,19,2803.5710440000003
2026-08-16 02:58:15,812501,3407767,Game 1: Both Teams Slay Baron Nashor?,prop,1,2026-08-16 03:00:00,1.7,Yes,98101395767675076675527407445074221726108082242766140122999013673078296924579,0.01,0.99,0.5,0.98,0.05,0.05,0.05,4.95,4.95,4.95,1,1,
2026-08-16 02:58:15,812501,3407767,Game 1: Both Teams Slay Baron Nashor?,prop,1,2026-08-16 03:00:00,1.7,No,87290422765316042161691235931778600664413826002993109373647521758362141675985,0.01,0.99,0.5,0.98,0.05,0.05,0.05,4.95,4.95,4.95,1,1,
2026-08-16 02:58:15,812501,3407768,Game 1: Both Teams Slay a Dragon?,prop,1,2026-08-16 03:00:00,1.7,Yes,79133110729101040979354156439270499254586169460530893547581424624230600191218,0.01,0.99,0.5,0.98,0.05,0.05,0.05,4.95,4.95,4.95,1,1,
2026-08-16 02:58:15,812501,3407768,Game 1: Both Teams Slay a Dragon?,prop,1,2026-08-16 03:00:00,1.7,No,87080835968360541907825236999430484259205742264350853747971304100745674369240,0.01,0.99,0.5,0.98,0.05,0.05,0.05,4.95,4.95,4.95,1,1,
2026-08-16 02:58:15,812501,3407769,Game 1: Both Teams Destroy Inhibitors?,prop,1,2026-08-16 03:00:00,1.7,Yes,41139893037576161188872686171355639757952754277902695214824790970502190000612,0.01,0.99,0.5,0.98,0.05,0.05,0.05,4.95,4.95,4.95,1,1,
2026-08-16 02:58:15,812501,3407769,Game 1: Both Teams Destroy Inhibitors?,prop,1,2026-08-16 03:00:00,1.7,No,11713257346113337208480784843855658054574586574869772753013260214337317995798,0.01,0.99,0.5,0.98,0.05,0.05,0.05,4.95,4.95,4.95,1,1,
2026-08-16 02:58:15,812501,3407770,Game 1: Any Player Quadra Kill?,prop,1,2026-08-16 03:00:00,1.7,Yes,89699116073306046966497778316057094796992801124411211058742622862658371484340,0.01,0.5,0.255,0.49,0.05,0.05,0.05,2.5,2.5,2.5,1,2,
2026-08-16 02:58:15,812501,3407770,Game 1: Any Player Quadra Kill?,prop,1,2026-08-16 03:00:00,1.7,No,110062225856361250232451733223883585889494582661648143328404444970890540170304,0.5,0.99,0.745,0.49,2.5,2.5,2.5,4.95,4.95,4.95,2,1,
2026-08-16 02:58:15,812501,3407771,Game 1: Any Player Penta Kill?,prop,1,2026-08-16 03:00:00,1.7,Yes,88817477593294431833892116040780787623551401078456392425497729385704534047793,0.01,0.15,0.08,0.14,0.06,0.06,0.06,0.75,0.75,1.75,2,6,15
2026-08-16 02:58:15,812501,3407771,Game 1: Any Player Penta Kill?,prop,1,2026-08-16 03:00:00,1.7,No,87228406489657215756146618888458284422804785033968690974967482020371044943402,0.85,0.99,0.92,0.14,4.25,4.25,8.25,9.95,9.95,9.95,6,2,15
2026-08-16 02:58:15,812501,3407772,Game 1: Odd/Even Total Kills?,odd_even,1,2026-08-16 03:00:00,1.7,Odd,9658086584873290771888578167645806108924909117236645290998179613625891551542,0.49,0.51,0.5,0.02,98.0,98.0,98.0,102.0,102.0,102.0,2,2,
2026-08-16 02:58:15,812501,3407772,Game 1: Odd/Even Total Kills?,odd_even,1,2026-08-16 03:00:00,1.7,Even,83684129425305084306307142763549562651923693209012555176967712625225705220248,0.49,0.51,0.5,0.02,98.0,98.0,98.0,102.0,102.0,102.0,2,2,
2026-08-16 02:58:15,812501,3407773,Game 2: Both Teams Slay Baron Nashor?,prop,2,2026-08-16 03:00:00,1.7,Yes,89297658295572950589193242688452597590018694715450307826825161120216168342242,0.01,0.99,0.5,0.98,0.05,0.05,0.05,4.95,4.95,4.95,1,1,
2026-08-16 02:58:15,812501,3407773,Game 2: Both Teams Slay Baron Nashor?,prop,2,2026-08-16 03:00:00,1.7,No,41370542629085814587327819175960375440467523596272908663943995486002518200858,0.01,0.99,0.5,0.98,0.05,0.05,0.05,4.95,4.95,4.95,1,1,
2026-08-16 02:58:15,812501,3407774,Game 2: Both Teams Slay a Dragon?,prop,2,2026-08-16 03:00:00,1.7,Yes,17213094384783561920447144318373049743601212254959536036565288413982307904891,0.01,0.99,0.5,0.98,0.05,0.05,0.05,4.95,4.95,4.95,1,1,
2026-08-16 02:58:15,812501,3407774,Game 2: Both Teams Slay a Dragon?,prop,2,2026-08-16 03:00:00,1.7,No,107361772230415915958955632622848371567473066269823321881145126999923158623096,0.01,0.99,0.5,0.98,0.05,0.05,0.05,4.95,4.95,4.95,1,1,
2026-08-16 02:58:15,812501,3407775,Game 2: Both Teams Destroy Inhibitors?,prop,2,2026-08-16 03:00:00,1.7,Yes,37085151396073944699750657470272385075014179379747539854914347479603815316699,0.01,0.99,0.5,0.98,0.05,0.05,0.05,4.95,4.95,4.95,1,1,
2026-08-16 02:58:15,812501,3407775,Game 2: Both Teams Destroy Inhibitors?,prop,2,2026-08-16 03:00:00,1.7,No,115153163980740373959185278746365667228368300396797954685717305797766491026714,0.01,0.99,0.5,0.98,0.05,0.05,0.05,4.95,4.95,4.95,1,1,
2026-08-16 02:58:15,812501,3407776,Game 2: Any Player Quadra Kill?,prop,2,2026-08-16 03:00:00,1.7,Yes,92366871030395219227539229526027723469617721035967924535754927351839920760282,0.01,0.99,0.5,0.98,0.05,0.05,0.05,4.95,4.95,4.95,1,1,
2026-08-16 02:58:15,812501,3407776,Game 2: Any Player Quadra Kill?,prop,2,2026-08-16 03:00:00,1.7,No,108131379290397497921034320795187253387625375475492003495114439351232186339057,0.01,0.99,0.5,0.98,0.05,0.05,0.05,4.95,4.95,4.95,1,1,
2026-08-16 02:58:15,812501,3407777,Game 2: Any Player Penta Kill?,prop,2,2026-08-16 03:00:00,1.7,Yes,17979466769376123931528681389233276317538527490930446639079169530069864950578,0.01,0.15,0.08,0.14,0.05,0.05,0.05,0.75,0.75,1.75,1,5,
2026-08-16 02:58:15,812501,3407777,Game 2: Any Player Penta Kill?,prop,2,2026-08-16 03:00:00,1.7,No,98518636466579073594826930528319759549288909542166508168276302065256239237641,0.85,0.99,0.92,0.14,4.25,4.25,8.25,4.95,4.95,4.95,5,1,
2026-08-16 02:58:15,812501,3407778,Game 2: Odd/Even Total Kills?,odd_even,2,2026-08-16 03:00:00,1.7,Odd,59779735910433430026922845250121216304233262452139448197463634726945263917642,0.49,0.51,0.5,0.02,98.0,98.0,98.0,102.0,102.0,102.0,2,2,
2026-08-16 02:58:15,812501,3407778,Game 2: Odd/Even Total Kills?,odd_even,2,2026-08-16 03:00:00,1.7,Even,63820986229538783051704393626483275773639389915746997330375253931539704114052,0.49,0.51,0.5,0.02,98.0,98.0,98.0,102.0,102.0,102.0,2,2,
2026-08-16 02:58:15,812501,3407779,Game 3: Both Teams Slay Baron Nashor?,prop,3,2026-08-16 03:00:00,1.7,Yes,113252981035414606041270247891785674937112739878099898576536010241670893541263,0.01,0.99,0.5,0.98,0.05,0.05,0.05,4.95,4.95,4.95,1,1,
2026-08-16 02:58:15,812501,3407779,Game 3: Both Teams Slay Baron Nashor?,prop,3,2026-08-16 03:00:00,1.7,No,80269374401740033283890248739835625511400013599013392298323688208415881374403,0.01,0.99,0.5,0.98,0.05,0.05,0.05,4.95,4.95,4.95,1,1,
2026-08-16 02:58:15,812501,3407780,Game 3: Both Teams Slay a Dragon?,prop,3,2026-08-16 03:00:00,1.7,Yes,48391266703243630062101276354060508850367984077172049881809538405140552864794,0.01,0.99,0.5,0.98,0.05,0.05,0.05,4.95,4.95,4.95,1,1,
2026-08-16 02:58:15,812501,3407780,Game 3: Both Teams Slay a Dragon?,prop,3,2026-08-16 03:00:00,1.7,No,60057711611640343525293620284391058123978522706360481026432587479418071602197,0.01,0.99,0.5,0.98,0.05,0.05,0.05,4.95,4.95,4.95,1,1,
2026-08-16 02:58:15,812501,3407781,Game 3: Both Teams Destroy Inhibitors?,prop,3,2026-08-16 03:00:00,1.7,Yes,39542350196021563282639112300447540076267664844340741091676361618690741390605,0.01,0.99,0.5,0.98,0.05,0.05,0.05,4.95,4.95,4.95,1,1,
2026-08-16 02:58:15,812501,3407781,Game 3: Both Teams Destroy Inhibitors?,prop,3,2026-08-16 03:00:00,1.7,No,91364380906232166017713665249534353715037087368263061017016710270940804207208,0.01,0.99,0.5,0.98,0.05,0.05,0.05,4.95,4.95,4.95,1,1,
2026-08-16 02:58:15,812501,3407782,Game 3: Any Player Quadra Kill?,prop,3,2026-08-16 03:00:00,1.7,Yes,37307632162746025253829849316049566979299478000450149685938586430830071550912,0.01,0.99,0.5,0.98,0.05,0.05,0.05,4.95,4.95,4.95,1,1,
2026-08-16 02:58:15,812501,3407782,Game 3: Any Player Quadra Kill?,prop,3,2026-08-16 03:00:00,1.7,No,63982252988628134667878426985084368415157271810425345961600074461416139881254,0.01,0.99,0.5,0.98,0.05,0.05,0.05,4.95,4.95,4.95,1,1,
2026-08-16 02:58:15,812501,3407783,Game 3: Any Player Penta Kill?,prop,3,2026-08-16 03:00:00,1.7,Yes,70747408516516735967153070084967598515783840448108993307182613154174484046545,0.01,0.99,0.5,0.98,0.05,0.05,0.05,4.95,4.95,4.95,1,1,
2026-08-16 02:58:15,812501,3407783,Game 3: Any Player Penta Kill?,prop,3,2026-08-16 03:00:00,1.7,No,61690140592430459017872087614812557860059428369264397142831763490231186466635,0.01,0.99,0.5,0.98,0.05,0.05,0.05,4.95,4.95,4.95,1,1,
2026-08-16 02:58:15,812501,3407784,Game 3: Odd/Even Total Kills?,odd_even,3,2026-08-16 03:00:00,1.7,Odd,98933627551267508447263863349434570031436709045139598213619410896491820344484,0.49,0.51,0.5,0.02,98.0,98.0,98.0,102.0,102.0,102.0,4,4,57
2026-08-16 02:58:15,812501,3407784,Game 3: Odd/Even Total Kills?,odd_even,3,2026-08-16 03:00:00,1.7,Even,108512589332558883006762920479152265565445840370520718453759163242503924433460,0.49,0.51,0.5,0.02,98.0,98.0,98.0,102.0,102.0,102.0,4,4,57
2026-08-16 03:03:37,794670,3328548,LoL: LGD Gaming vs JD Gaming - Game 1 Winner,map,1,2026-08-16 07:00:00,236.4,LGD Gaming,102824621641118762965445948988944232408946848044875046151255905758443167819720,0.34,0.35,0.345,0.01,10630.11,11502.39,12276.66,1279.93,9379.88,15574.34,28,49,7586.938940999999
2026-08-16 03:03:37,794670,3328548,LoL: LGD Gaming vs JD Gaming - Game 1 Winner,map,1,2026-08-16 07:00:00,236.4,JD Gaming,5610842165726021683555265943500609425926260191866810595505563492143684632795,0.65,0.66,0.655,0.01,2319.24,15594.29,25214.43,21087.54,22941.45,24785.18,49,28,7586.938940999999
2026-08-16 03:03:37,794670,3328549,LoL: LGD Gaming vs JD Gaming - Game 2 Winner,map,2,2026-08-16 07:00:00,236.4,LGD Gaming,82574079455380485307870566905432542477770027137328166955907688212003660779823,0.34,0.35,0.345,0.01,9133.9,10009.96,10972.44,1019.04,6465.29,12687.59,29,45,5862.406076
2026-08-16 03:03:37,794670,3328549,LoL: LGD Gaming vs JD Gaming - Game 2 Winner,map,2,2026-08-16 07:00:00,236.4,JD Gaming,10563394827917084153761282238096209863350510544921913247095324708333866949479,0.65,0.66,0.655,0.01,1843.98,10762.73,20419.24,18185.44,20047.36,22351.88,45,29,5862.406076
2026-08-16 03:03:37,794670,3328557,LoL: LGD Gaming vs JD Gaming (BO3) - LPL Group Ascend,series,,2026-08-16 07:00:00,236.4,LGD Gaming,90596016317732598930042651202220149760734651475626776107226569633373956684009,0.3,0.31,0.305,0.01,13266.91,21964.53,24212.27,13779.74,24204.56,25596.75,26,48,37350.64061999999
2026-08-16 03:03:37,794670,3328557,LoL: LGD Gaming vs JD Gaming (BO3) - LPL Group Ascend,series,,2026-08-16 07:00:00,236.4,JD Gaming,31707656722465422977190920295558941573063633834949721176855024182888171884798,0.69,0.7,0.695,0.01,29361.22,50308.99,52894.49,32070.43,54587.6,61190.86,48,26,37350.64061999999
2026-08-16 03:03:37,794670,3328558,Games Total: O/U 2.5,total_games,,2026-08-16 07:00:00,236.4,Over,93007094417708994780435747129625065934584062458065943197557434205893019411611,0.44,0.45,0.445,0.01,7308.98,15902.66,18457.66,996.66,16172.46,17512.1,21,28,4843.4459719999995
2026-08-16 03:03:37,794670,3328558,Games Total: O/U 2.5,total_games,,2026-08-16 07:00:00,236.4,Under,40101255319653575218849591375056953309085453947892993011008860239292211411949,0.55,0.56,0.555,0.01,1180.37,17942.57,19306.59,9660.71,21582.03,25527.03,28,21,4843.4459719999995
2026-08-16 03:03:37,794670,3328559,Game Handicap: JDG (-1.5) vs LGD Gaming (+1.5),handicap,,2026-08-16 07:00:00,236.4,JD Gaming,6246925247605876855027437546764427752148257339899783681629942804531689023181,0.4,0.41,0.405,0.01,5714.11,11004.78,11580.12,663.2,10231.94,10919.19,25,26,2411.543291
2026-08-16 03:03:37,794670,3328559,Game Handicap: JDG (-1.5) vs LGD Gaming (+1.5),handicap,,2026-08-16 07:00:00,236.4,LGD Gaming,71668934447533029681808612198027914932613846253331431034315824294879762898701,0.59,0.6,0.595,0.01,946.8,13396.06,14213.81,8851.37,17562.47,18585.67,26,25,2411.543291
2026-08-16 03:03:37,794670,3328560,Game 1: Both Teams Slay Baron Nashor?,prop,1,2026-08-16 07:00:00,236.4,Yes,106016650781895533103269577856158924093518279389268169472924553842755893932958,0.01,0.98,0.495,0.97,1.24,1.24,1.24,270.59,270.59,270.59,1,2,
2026-08-16 03:03:37,794670,3328560,Game 1: Both Teams Slay Baron Nashor?,prop,1,2026-08-16 07:00:00,236.4,No,93363411253667740002937673567896008645173078046970056745156397764945586592066,0.02,0.99,0.505,0.97,3.24,3.24,3.24,122.56,122.56,122.56,2,1,
2026-08-16 03:03:37,794670,3328561,Game 1: Both Teams Slay a Dragon?,prop,1,2026-08-16 07:00:00,236.4,Yes,20211963484936833277620128848373331998329552694017778302508765009527750048347,0.02,0.99,0.505,0.97,3.24,3.24,3.24,122.56,122.56,122.56,2,1,
2026-08-16 03:03:37,794670,3328561,Game 1: Both Teams Slay a Dragon?,prop,1,2026-08-16 07:00:00,236.4,No,678051504835143736914571134894808362988699541199720092414705245126793076863,0.01,0.98,0.495,0.97,1.24,1.24,1.24,269.97,269.97,269.97,1,2,
2026-08-16 03:03:37,794670,3328562,Game 1: Both Teams Destroy Inhibitors?,prop,1,2026-08-16 07:00:00,236.4,Yes,13053838717970023924399823411335499136646595880187348049401580850373318096695,0.01,0.98,0.495,0.97,1.24,1.24,1.24,267.57,267.57,267.57,1,2,
2026-08-16 03:03:37,794670,3328562,Game 1: Both Teams Destroy Inhibitors?,prop,1,2026-08-16 07:00:00,236.4,No,112510476157851535244688600363964555051776899383792779832675842908460550665691,0.02,0.99,0.505,0.97,3.18,3.18,3.18,122.55,122.55,122.55,2,1,
2026-08-16 03:03:37,794670,3328563,Game 1: Any Player Quadra Kill?,prop,1,2026-08-16 07:00:00,236.4,Yes,54759240964563943414122006525506514164649138813059134974868853392254530073790,0.01,0.49,0.25,0.48,0.1,0.1,0.1,53.9,53.9,53.9,1,10,150
2026-08-16 03:03:37,794670,3328563,Game 1: Any Player Quadra Kill?,prop,1,2026-08-16 07:00:00,236.4,No,3415764882416558502899343870289222748176344491741189399393850850511764115705,0.51,0.99,0.75,0.48,56.1,56.1,56.1,9.9,9.9,9.9,10,1,150
2026-08-16 03:03:37,794670,3328564,Game 1: Any Player Penta Kill?,prop,1,2026-08-16 07:00:00,236.4,Yes,13295051532447157166046192139265680922043728135085913180089705073904775045437,0.01,0.5,0.255,0.49,0.05,0.05,0.05,20.0,20.0,20.0,1,8,158.960782
2026-08-16 03:03:37,794670,3328564,Game 1: Any Player Penta Kill?,prop,1,2026-08-16 07:00:00,236.4,No,10575823341762610244252200321754810018909720292358219231812285246532262125731,0.5,0.99,0.745,0.49,20.0,20.0,20.0,4.95,4.95,4.95,8,1,158.960782
2026-08-16 03:03:37,794670,3328565,Game 1: Odd/Even Total Kills?,odd_even,1,2026-08-16 07:00:00,236.4,Odd,71647229882176800767532158451795545019834459069769370202559168199907665874566,0.49,0.51,0.5,0.02,129.76,129.76,414.37,136.07,136.07,483.94,10,10,
2026-08-16 03:03:37,794670,3328565,Game 1: Odd/Even Total Kills?,odd_even,1,2026-08-16 07:00:00,236.4,Even,83921601058281979584480353186631392003584755582383854814281270923995060551086,0.49,0.51,0.5,0.02,129.76,129.76,414.37,136.07,136.07,483.94,10,10,
2026-08-16 03:03:37,794670,3328566,Game 2: Both Teams Slay Baron Nashor?,prop,2,2026-08-16 07:00:00,236.4,Yes,51393030668155752604479546072969015158016837143545844852688745542105299779630,0.01,0.99,0.5,0.98,1.24,1.24,1.24,122.56,122.56,122.56,1,1,
2026-08-16 03:03:37,794670,3328566,Game 2: Both Teams Slay Baron Nashor?,prop,2,2026-08-16 07:00:00,236.4,No,71272222238906180701825596073055507353773974125688253868336430375860995865144,0.01,0.99,0.5,0.98,1.24,1.24,1.24,122.55,122.55,122.55,1,1,
2026-08-16 03:03:37,794670,3328567,Game 2: Both Teams Slay a Dragon?,prop,2,2026-08-16 07:00:00,236.4,Yes,53765607635023443531072902446774929976076279319906793705390590793521728434706,0.01,0.99,0.5,0.98,1.24,1.24,1.24,122.55,122.55,122.55,1,1,
2026-08-16 03:03:37,794670,3328567,Game 2: Both Teams Slay a Dragon?,prop,2,2026-08-16 07:00:00,236.4,No,90285434007435995955566194309223706005125098289107460554414174787978666392830,0.01,0.99,0.5,0.98,1.24,1.24,1.24,122.55,122.55,122.55,1,1,
2026-08-16 03:03:37,794670,3328568,Game 2: Both Teams Destroy Inhibitors?,prop,2,2026-08-16 07:00:00,236.4,Yes,49414380078729951160680380355146161427162374310442702898600308732596827570302,0.01,0.99,0.5,0.98,1.24,1.24,1.24,26.5,26.5,26.5,1,1,
2026-08-16 03:03:37,794670,3328568,Game 2: Both Teams Destroy Inhibitors?,prop,2,2026-08-16 07:00:00,236.4,No,34869270742136443108941088512578459906629028321004669493305109856417149428005,0.01,0.99,0.5,0.98,0.27,0.27,0.27,122.56,122.56,122.56,1,1,
2026-08-16 03:03:37,794670,3328569,Game 2: Any Player Quadra Kill?,prop,2,2026-08-16 07:00:00,236.4,Yes,23419781834886721270600203741418152232982164602536486246068767735873276285944,0.01,0.99,0.5,0.98,0.05,0.05,0.05,4.95,4.95,4.95,1,1,
2026-08-16 03:03:37,794670,3328569,Game 2: Any Player Quadra Kill?,prop,2,2026-08-16 07:00:00,236.4,No,111698919449753590692433348621558597931890402361211561250560795799426440846164,0.01,0.99,0.5,0.98,0.05,0.05,0.05,4.95,4.95,4.95,1,1,
2026-08-16 03:03:37,794670,3328570,Game 2: Any Player Penta Kill?,prop,2,2026-08-16 07:00:00,236.4,Yes,52436584454660878246317925744723116338664487100598883866367213113448333363430,0.01,0.5,0.255,0.49,0.05,0.05,0.05,15.5,15.5,15.5,1,8,5
2026-08-16 03:03:37,794670,3328570,Game 2: Any Player Penta Kill?,prop,2,2026-08-16 07:00:00,236.4,No,3449148093871545917300512412099199808051121418398610147002854315497817103659,0.5,0.99,0.745,0.49,15.5,15.5,15.5,4.95,4.95,4.95,8,1,5
2026-08-16 03:03:37,794670,3328571,Game 2: Odd/Even Total Kills?,odd_even,2,2026-08-16 07:00:00,236.4,Odd,62148013166836212644939234079468136258421881933893587944291484504219277039239,0.49,0.51,0.5,0.02,129.76,129.76,414.37,136.07,136.07,483.94,11,12,
2026-08-16 03:03:37,794670,3328571,Game 2: Odd/Even Total Kills?,odd_even,2,2026-08-16 07:00:00,236.4,Even,632555676246877041712856545746380571234360453964058199543272958208821017961,0.49,0.51,0.5,0.02,129.76,129.76,414.37,136.07,136.07,483.94,12,11,
2026-08-16 03:03:37,794670,3328572,Game 3: Both Teams Slay Baron Nashor?,prop,3,2026-08-16 07:00:00,236.4,Yes,12738214688956245993322287639329168339764781692640819650467707144074188128894,0.01,0.99,0.5,0.98,1.24,1.24,1.24,122.56,122.56,122.56,1,1,
2026-08-16 03:03:37,794670,3328572,Game 3: Both Teams Slay Baron Nashor?,prop,3,2026-08-16 07:00:00,236.4,No,91069816958213809167662333688923813753059435106849030991919947632875075375075,0.01,0.99,0.5,0.98,1.24,1.24,1.24,122.55,122.55,122.55,1,1,
2026-08-16 03:03:37,794670,3328573,Game 3: Both Teams Slay a Dragon?,prop,3,2026-08-16 07:00:00,236.4,Yes,46244602142184817972674743176439824341014840833410382366122179497159423068273,0.01,0.99,0.5,0.98,1.24,1.24,1.24,122.55,122.55,122.55,1,1,
2026-08-16 03:03:37,794670,3328573,Game 3: Both Teams Slay a Dragon?,prop,3,2026-08-16 07:00:00,236.4,No,101974656332925414264188327367629610757342127521200254740942243355381462086751,0.01,0.99,0.5,0.98,1.24,1.24,1.24,122.56,122.56,122.56,1,1,
2026-08-16 03:03:37,794670,3328574,Game 3: Both Teams Destroy Inhibitors?,prop,3,2026-08-16 07:00:00,236.4,Yes,109222571525636117524530971056115537262617222470976246382114586203296105465382,0.01,0.99,0.5,0.98,1.24,1.24,1.24,122.56,122.56,122.56,1,1,
2026-08-16 03:03:37,794670,3328574,Game 3: Both Teams Destroy Inhibitors?,prop,3,2026-08-16 07:00:00,236.4,No,115261244396556457522125059985371866354797916201544131233716797231805623423829,0.01,0.99,0.5,0.98,1.24,1.24,1.24,122.55,122.55,122.55,1,1,
2026-08-16 03:03:37,794670,3328575,Game 3: Any Player Quadra Kill?,prop,3,2026-08-16 07:00:00,236.4,Yes,83664171899242963955174249389926103643498621192019818972108176223876123825067,0.01,0.99,0.5,0.98,0.05,0.05,0.05,4.95,4.95,4.95,1,1,
2026-08-16 03:03:37,794670,3328575,Game 3: Any Player Quadra Kill?,prop,3,2026-08-16 07:00:00,236.4,No,24539482283860468814231417477313308122193740873094848527015850735415591497745,0.01,0.99,0.5,0.98,0.05,0.05,0.05,4.95,4.95,4.95,1,1,
2026-08-16 03:03:37,794670,3328576,Game 3: Any Player Penta Kill?,prop,3,2026-08-16 07:00:00,236.4,Yes,90650846986322596750311306069883359806431003130943225385646041980572483023460,0.05,0.99,0.52,0.94,28.65,28.65,28.7,4.95,4.95,4.95,2,1,
2026-08-16 03:03:37,794670,3328576,Game 3: Any Player Penta Kill?,prop,3,2026-08-16 07:00:00,236.4,No,96328462917243919667738332714146113946394828595771932995938202409362399915033,0.01,0.95,0.48,0.94,0.05,0.05,0.05,544.35,544.35,549.3,1,2,
2026-08-16 03:03:37,794670,3328577,Game 3: Odd/Even Total Kills?,odd_even,3,2026-08-16 07:00:00,236.4,Odd,41731331869078729736059819119570383257311701104104543741639616152423141547563,0.49,0.51,0.5,0.02,129.76,129.76,414.37,136.07,136.07,483.94,11,11,
2026-08-16 03:03:37,794670,3328577,Game 3: Odd/Even Total Kills?,odd_even,3,2026-08-16 07:00:00,236.4,Even,89344548013061261779837646201220487373956976293642208316183472315742263068534,0.49,0.51,0.5,0.02,129.76,129.76,414.37,136.07,136.07,483.94,11,11,
2026-08-16 03:03:37,794670,3600069,First Blood in Game 1?,first_blood,1,2026-08-16 07:00:00,236.4,LGD Gaming,56019198501967766881375651131776293396875109593642849026206472415092127449245,0.43,0.62,0.525,0.19,6.96,6.96,6.96,24.16,24.16,24.16,13,14,153.668726
2026-08-16 03:03:37,794670,3600069,First Blood in Game 1?,first_blood,1,2026-08-16 07:00:00,236.4,JD Gaming,91129739157349664034752750887552435088219799132916517942433114801456757143941,0.38,0.57,0.475,0.19,14.8,14.8,14.8,9.23,9.23,9.23,14,13,153.668726
2026-08-16 03:03:37,794670,3600070,First Blood in Game 2?,first_blood,2,2026-08-16 07:00:00,236.4,LGD Gaming,23272533962705623823198152733635229850884366581250155154829076933063473807126,0.06,0.95,0.505,0.89,12.62,14.62,17.24,203.75,317.73,535.71,5,5,
2026-08-16 03:03:37,794670,3600070,First Blood in Game 2?,first_blood,2,2026-08-16 07:00:00,236.4,JD Gaming,21213513701859842198271025074061248037223377032557852493434334641816126684228,0.05,0.94,0.495,0.89,8.62,11.04,13.24,199.73,264.4,503.09,5,5,
2026-08-16 03:03:37,794670,3600071,Total Kills Over/Under 27.5 in Game 1?,total_kills,1,2026-08-16 07:00:00,236.4,Over,86372067191827945098524920226353210356758548216764004611848416437586087922247,0.59,0.74,0.665,0.15,5.62,5.62,5.62,185.5,235.71,235.71,11,12,
2026-08-16 03:03:37,794670,3600071,Total Kills Over/Under 27.5 in Game 1?,total_kills,1,2026-08-16 07:00:00,236.4,Under,38898116374758419293033056937433672486108987534665133905437521926785479201842,0.26,0.41,0.335,0.15,64.5,79.5,79.5,3.9,3.9,3.9,12,11,
2026-08-16 03:03:37,794670,3600072,Total Kills Over/Under 27.5 in Game 2?,total_kills,2,2026-08-16 07:00:00,236.4,Over,13781583258844249665301791136349861793789898322210286725474463916437506953528,0.59,0.73,0.66,0.14,5.62,5.62,5.62,183.0,183.0,183.0,10,12,
2026-08-16 03:03:37,794670,3600072,Total Kills Over/Under 27.5 in Game 2?,total_kills,2,2026-08-16 07:00:00,236.4,Under,68564424261263123899319878089468296069420826741725748097317069179046409374287,0.27,0.41,0.34,0.14,67.0,67.0,67.0,3.9,3.9,3.9,12,10,
2026-08-16 03:03:37,794670,3600073,Total Kills Over/Under 30.5 in Game 1?,total_kills,1,2026-08-16 07:00:00,236.4,Over,24273859160406241172085539565667187181351190409335238441305703000828781213282,0.43,0.44,0.435,0.01,3.75,7.5,7.5,665.79,1059.09,1062.45,13,14,13.337271000000001
2026-08-16 03:03:37,794670,3600073,Total Kills Over/Under 30.5 in Game 1?,total_kills,1,2026-08-16 07:00:00,236.4,Under,59755404426895966539450567895775357735108102858267644522940654792823949942085,0.56,0.57,0.565,0.01,813.86,1275.56,1279.2,4.97,10.36,10.36,14,13,13.337271000000001
2026-08-16 03:03:37,794670,3600074,Total Kills Over/Under 30.5 in Game 2?,total_kills,2,2026-08-16 07:00:00,236.4,Over,111769467495035464058086880271753220243483127266342958800382645066650247151274,0.38,0.43,0.405,0.05,28.5,53.79,53.79,43.64,68.5,72.53,13,17,13.673828
2026-08-16 03:03:37,794670,3600074,Total Kills Over/Under 30.5 in Game 2?,total_kills,2,2026-08-16 07:00:00,236.4,Under,37217028090797925515798756520645539072510340958623525368300350009857685750662,0.57,0.62,0.595,0.05,56.11,86.5,91.03,46.5,92.3,92.3,17,13,13.673828
2026-08-16 03:03:37,812501,3407762,LoL: T1 Academy vs DN SOOPers Challengers - Game 1 Winner,map,1,2026-08-16 03:00:00,-3.6,T1 Academy,73064582482235014598278036393310819830718392444970483545371753650678400834736,0.57,0.58,0.575,0.01,668.61,691.54,1857.54,67.08,218.28,234.95,42,29,13139.201372999998
2026-08-16 03:03:37,812501,3407762,LoL: T1 Academy vs DN SOOPers Challengers - Game 1 Winner,map,1,2026-08-16 03:00:00,-3.6,DN SOOPers Challengers,44224995904119349774883897648437602028511976750577753161233745822302188026009,0.42,0.43,0.425,0.01,48.15,148.95,158.96,504.39,523.46,1557.46,29,42,13139.201372999998
2026-08-16 03:03:37,812501,3407763,LoL: T1 Academy vs DN SOOPers Challengers - Game 2 Winner,map,2,2026-08-16 03:00:00,-3.6,T1 Academy,95353452252504879943365852237238076881007218537823436733287745422250853187273,0.41,0.63,0.52,0.22,187.65,197.4,197.4,60.12,60.12,60.12,22,17,1559.9531809999999
2026-08-16 03:03:37,812501,3407763,LoL: T1 Academy vs DN SOOPers Challengers - Game 2 Winner,map,2,2026-08-16 03:00:00,-3.6,DN SOOPers Challengers,99458406464843999033426214685546564937703458262249894941487909247317378751500,0.37,0.58,0.475,0.21,34.13,34.13,34.13,241.45,241.45,248.06,17,17,1559.9531809999999
2026-08-16 03:03:37,812501,3407764,LoL: T1 Academy vs DN SOOPers Challengers (BO3) - LCK Challengers League Rounds 3-4 Challenge Group,series,,2026-08-16 03:00:00,-3.6,T1 Academy,47149118006951667535600667260288389920280393498307875124395202668413731841386,0.62,0.63,0.625,0.01,115.16,196.58,1584.27,19.15,1969.15,1996.35,47,28,22743.075944000004
2026-08-16 03:03:37,812501,3407764,LoL: T1 Academy vs DN SOOPers Challengers (BO3) - LCK Challengers League Rounds 3-4 Challenge Group,series,,2026-08-16 03:00:00,-3.6,DN SOOPers Challengers,35771467724294116916325429263618132001025645920509860605241357593060072915080,0.37,0.38,0.375,0.01,10.85,1060.85,1073.65,72.26,128.84,1134.74,27,47,22743.075944000004
2026-08-16 03:03:37,812501,3407765,Games Total: O/U 2.5,total_games,,2026-08-16 03:00:00,-3.6,Over,28472689572385395046814959443344867949877348180594356550677806556781097456645,0.49,0.51,0.5,0.02,636.05,636.05,636.05,2550.0,2550.0,2550.0,12,14,1876.676713
2026-08-16 03:03:37,812501,3407765,Games Total: O/U 2.5,total_games,,2026-08-16 03:00:00,-3.6,Under,60445358403756320386117803063638244982681533893147355431057150905897946227833,0.49,0.51,0.5,0.02,2450.0,2450.0,2450.0,688.95,688.95,688.95,14,13,1876.676713
2026-08-16 03:03:37,812501,3407766,Game Handicap: T1.A (-1.5) vs DN SOOPers Challengers (+1.5),handicap,,2026-08-16 03:00:00,-3.6,T1 Academy,84157633848545715495802069650574598688014859523476823863021692534294083596234,0.3,0.48,0.39,0.18,632.57,632.57,632.57,34.1,195.19,616.19,15,19,2803.5710440000003
2026-08-16 03:03:37,812501,3407766,Game Handicap: T1.A (-1.5) vs DN SOOPers Challengers (+1.5),handicap,,2026-08-16 03:00:00,-3.6,DN SOOPers Challengers,59885163287384748425978349155060122398367607750229429662790248778661914966815,0.53,0.7,0.615,0.17,15.7,95.08,342.08,1548.09,1548.09,1548.09,20,16,2803.5710440000003
2026-08-16 03:03:37,812501,3407767,Game 1: Both Teams Slay Baron Nashor?,prop,1,2026-08-16 03:00:00,-3.6,Yes,98101395767675076675527407445074221726108082242766140122999013673078296924579,,0.99,,,0.0,0.0,0.0,68.61,68.61,68.61,0,1,
2026-08-16 03:03:37,812501,3407767,Game 1: Both Teams Slay Baron Nashor?,prop,1,2026-08-16 03:00:00,-3.6,No,87290422765316042161691235931778600664413826002993109373647521758362141675985,0.01,,,,0.69,0.69,0.69,0.0,0.0,0.0,1,0,
2026-08-16 03:03:37,812501,3407768,Game 1: Both Teams Slay a Dragon?,prop,1,2026-08-16 03:00:00,-3.6,Yes,79133110729101040979354156439270499254586169460530893547581424624230600191218,0.01,0.99,0.5,0.98,0.69,0.69,0.69,68.61,68.61,68.61,1,1,
2026-08-16 03:03:37,812501,3407768,Game 1: Both Teams Slay a Dragon?,prop,1,2026-08-16 03:00:00,-3.6,No,87080835968360541907825236999430484259205742264350853747971304100745674369240,0.01,0.99,0.5,0.98,0.69,0.69,0.69,68.61,68.61,68.61,1,1,
2026-08-16 03:03:37,812501,3407769,Game 1: Both Teams Destroy Inhibitors?,prop,1,2026-08-16 03:00:00,-3.6,Yes,41139893037576161188872686171355639757952754277902695214824790970502190000612,,0.99,,,0.0,0.0,0.0,68.61,68.61,68.61,0,1,
2026-08-16 03:03:37,812501,3407769,Game 1: Both Teams Destroy Inhibitors?,prop,1,2026-08-16 03:00:00,-3.6,No,11713257346113337208480784843855658054574586574869772753013260214337317995798,0.01,,,,0.69,0.69,0.69,0.0,0.0,0.0,1,0,
2026-08-16 03:03:37,812501,3407770,Game 1: Any Player Quadra Kill?,prop,1,2026-08-16 03:00:00,-3.6,Yes,89699116073306046966497778316057094796992801124411211058742622862658371484340,,,,,0.0,0.0,0.0,0.0,0.0,0.0,0,0,
2026-08-16 03:03:37,812501,3407770,Game 1: Any Player Quadra Kill?,prop,1,2026-08-16 03:00:00,-3.6,No,110062225856361250232451733223883585889494582661648143328404444970890540170304,,,,,0.0,0.0,0.0,0.0,0.0,0.0,0,0,
2026-08-16 03:03:37,812501,3407771,Game 1: Any Player Penta Kill?,prop,1,2026-08-16 03:00:00,-3.6,Yes,88817477593294431833892116040780787623551401078456392425497729385704534047793,,,,,0.0,0.0,0.0,0.0,0.0,0.0,0,0,15
2026-08-16 03:03:37,812501,3407771,Game 1: Any Player Penta Kill?,prop,1,2026-08-16 03:00:00,-3.6,No,87228406489657215756146618888458284422804785033968690974967482020371044943402,,,,,0.0,0.0,0.0,0.0,0.0,0.0,0,0,15
2026-08-16 03:03:37,812501,3407772,Game 1: Odd/Even Total Kills?,odd_even,1,2026-08-16 03:00:00,-3.6,Odd,9658086584873290771888578167645806108924909117236645290998179613625891551542,0.01,0.99,0.5,0.98,0.69,0.69,0.69,68.61,68.61,68.61,1,1,
2026-08-16 03:03:37,812501,3407772,Game 1: Odd/Even Total Kills?,odd_even,1,2026-08-16 03:00:00,-3.6,Even,83684129425305084306307142763549562651923693209012555176967712625225705220248,0.01,0.99,0.5,0.98,0.69,0.69,0.69,68.61,68.61,68.61,1,1,
2026-08-16 03:03:37,812501,3407773,Game 2: Both Teams Slay Baron Nashor?,prop,2,2026-08-16 03:00:00,-3.6,Yes,89297658295572950589193242688452597590018694715450307826825161120216168342242,,0.99,,,0.0,0.0,0.0,68.61,68.61,68.61,0,1,
2026-08-16 03:03:37,812501,3407773,Game 2: Both Teams Slay Baron Nashor?,prop,2,2026-08-16 03:00:00,-3.6,No,41370542629085814587327819175960375440467523596272908663943995486002518200858,0.01,,,,0.69,0.69,0.69,0.0,0.0,0.0,1,0,
2026-08-16 03:03:37,812501,3407774,Game 2: Both Teams Slay a Dragon?,prop,2,2026-08-16 03:00:00,-3.6,Yes,17213094384783561920447144318373049743601212254959536036565288413982307904891,0.01,0.99,0.5,0.98,0.69,0.69,0.69,68.61,68.61,68.61,1,1,
2026-08-16 03:03:37,812501,3407774,Game 2: Both Teams Slay a Dragon?,prop,2,2026-08-16 03:00:00,-3.6,No,107361772230415915958955632622848371567473066269823321881145126999923158623096,0.01,0.99,0.5,0.98,0.69,0.69,0.69,68.61,68.61,68.61,1,1,
2026-08-16 03:03:37,812501,3407775,Game 2: Both Teams Destroy Inhibitors?,prop,2,2026-08-16 03:00:00,-3.6,Yes,37085151396073944699750657470272385075014179379747539854914347479603815316699,,0.99,,,0.0,0.0,0.0,68.61,68.61,68.61,0,1,
2026-08-16 03:03:37,812501,3407775,Game 2: Both Teams Destroy Inhibitors?,prop,2,2026-08-16 03:00:00,-3.6,No,115153163980740373959185278746365667228368300396797954685717305797766491026714,0.01,,,,0.69,0.69,0.69,0.0,0.0,0.0,1,0,
2026-08-16 03:03:37,812501,3407776,Game 2: Any Player Quadra Kill?,prop,2,2026-08-16 03:00:00,-3.6,Yes,92366871030395219227539229526027723469617721035967924535754927351839920760282,,,,,0.0,0.0,0.0,0.0,0.0,0.0,0,0,
2026-08-16 03:03:37,812501,3407776,Game 2: Any Player Quadra Kill?,prop,2,2026-08-16 03:00:00,-3.6,No,108131379290397497921034320795187253387625375475492003495114439351232186339057,,,,,0.0,0.0,0.0,0.0,0.0,0.0,0,0,
2026-08-16 03:03:37,812501,3407777,Game 2: Any Player Penta Kill?,prop,2,2026-08-16 03:00:00,-3.6,Yes,17979466769376123931528681389233276317538527490930446639079169530069864950578,,,,,0.0,0.0,0.0,0.0,0.0,0.0,0,0,
2026-08-16 03:03:37,812501,3407777,Game 2: Any Player Penta Kill?,prop,2,2026-08-16 03:00:00,-3.6,No,98518636466579073594826930528319759549288909542166508168276302065256239237641,,,,,0.0,0.0,0.0,0.0,0.0,0.0,0,0,
2026-08-16 03:03:37,812501,3407778,Game 2: Odd/Even Total Kills?,odd_even,2,2026-08-16 03:00:00,-3.6,Odd,59779735910433430026922845250121216304233262452139448197463634726945263917642,0.01,0.99,0.5,0.98,0.69,0.69,0.69,68.61,68.61,68.61,1,1,
2026-08-16 03:03:37,812501,3407778,Game 2: Odd/Even Total Kills?,odd_even,2,2026-08-16 03:00:00,-3.6,Even,63820986229538783051704393626483275773639389915746997330375253931539704114052,0.01,0.99,0.5,0.98,0.69,0.69,0.69,68.61,68.61,68.61,1,1,
2026-08-16 03:03:37,812501,3407779,Game 3: Both Teams Slay Baron Nashor?,prop,3,2026-08-16 03:00:00,-3.6,Yes,113252981035414606041270247891785674937112739878099898576536010241670893541263,,0.99,,,0.0,0.0,0.0,68.61,68.61,68.61,0,1,
2026-08-16 03:03:37,812501,3407779,Game 3: Both Teams Slay Baron Nashor?,prop,3,2026-08-16 03:00:00,-3.6,No,80269374401740033283890248739835625511400013599013392298323688208415881374403,0.01,,,,0.69,0.69,0.69,0.0,0.0,0.0,1,0,
2026-08-16 03:03:37,812501,3407780,Game 3: Both Teams Slay a Dragon?,prop,3,2026-08-16 03:00:00,-3.6,Yes,48391266703243630062101276354060508850367984077172049881809538405140552864794,0.01,0.99,0.5,0.98,0.69,0.69,0.69,68.61,68.61,68.61,1,1,
2026-08-16 03:03:37,812501,3407780,Game 3: Both Teams Slay a Dragon?,prop,3,2026-08-16 03:00:00,-3.6,No,60057711611640343525293620284391058123978522706360481026432587479418071602197,0.01,0.99,0.5,0.98,0.69,0.69,0.69,68.61,68.61,68.61,1,1,
2026-08-16 03:03:37,812501,3407781,Game 3: Both Teams Destroy Inhibitors?,prop,3,2026-08-16 03:00:00,-3.6,Yes,39542350196021563282639112300447540076267664844340741091676361618690741390605,,0.99,,,0.0,0.0,0.0,68.61,68.61,68.61,0,1,
2026-08-16 03:03:37,812501,3407781,Game 3: Both Teams Destroy Inhibitors?,prop,3,2026-08-16 03:00:00,-3.6,No,91364380906232166017713665249534353715037087368263061017016710270940804207208,0.01,,,,0.69,0.69,0.69,0.0,0.0,0.0,1,0,
2026-08-16 03:03:37,812501,3407782,Game 3: Any Player Quadra Kill?,prop,3,2026-08-16 03:00:00,-3.6,Yes,37307632162746025253829849316049566979299478000450149685938586430830071550912,,,,,0.0,0.0,0.0,0.0,0.0,0.0,0,0,
2026-08-16 03:03:37,812501,3407782,Game 3: Any Player Quadra Kill?,prop,3,2026-08-16 03:00:00,-3.6,No,63982252988628134667878426985084368415157271810425345961600074461416139881254,,,,,0.0,0.0,0.0,0.0,0.0,0.0,0,0,
2026-08-16 03:03:37,812501,3407783,Game 3: Any Player Penta Kill?,prop,3,2026-08-16 03:00:00,-3.6,Yes,70747408516516735967153070084967598515783840448108993307182613154174484046545,,,,,0.0,0.0,0.0,0.0,0.0,0.0,0,0,
2026-08-16 03:03:37,812501,3407783,Game 3: Any Player Penta Kill?,prop,3,2026-08-16 03:00:00,-3.6,No,61690140592430459017872087614812557860059428369264397142831763490231186466635,,,,,0.0,0.0,0.0,0.0,0.0,0.0,0,0,
2026-08-16 03:03:37,812501,3407784,Game 3: Odd/Even Total Kills?,odd_even,3,2026-08-16 03:00:00,-3.6,Odd,98933627551267508447263863349434570031436709045139598213619410896491820344484,0.21,0.99,0.6,0.78,6.3,6.3,6.3,68.61,68.61,68.61,2,1,57
2026-08-16 03:03:37,812501,3407784,Game 3: Odd/Even Total Kills?,odd_even,3,2026-08-16 03:00:00,-3.6,Even,108512589332558883006762920479152265565445840370520718453759163242503924433460,0.01,0.79,0.4,0.78,0.69,0.69,0.69,23.7,23.7,23.7,1,2,57
2026-08-16 03:09:26,794670,3328548,LoL: LGD Gaming vs JD Gaming - Game 1 Winner,map,1,2026-08-16 07:00:00,230.6,LGD Gaming,102824621641118762965445948988944232408946848044875046151255905758443167819720,0.34,0.35,0.345,0.01,10630.11,11502.39,12276.66,1279.93,9379.88,15574.34,28,43,7586.938940999999
2026-08-16 03:09:26,794670,3328548,LoL: LGD Gaming vs JD Gaming - Game 1 Winner,map,1,2026-08-16 07:00:00,230.6,JD Gaming,5610842165726021683555265943500609425926260191866810595505563492143684632795,0.65,0.66,0.655,0.01,2319.24,15594.29,25214.43,21087.54,22941.45,24785.18,43,28,7586.938940999999
2026-08-16 03:09:26,794670,3328549,LoL: LGD Gaming vs JD Gaming - Game 2 Winner,map,2,2026-08-16 07:00:00,230.6,LGD Gaming,82574079455380485307870566905432542477770027137328166955907688212003660779823,0.34,0.35,0.345,0.01,9133.9,10009.96,10972.44,1019.04,6465.29,12687.59,28,46,5862.406076
2026-08-16 03:09:26,794670,3328549,LoL: LGD Gaming vs JD Gaming - Game 2 Winner,map,2,2026-08-16 07:00:00,230.6,JD Gaming,10563394827917084153761282238096209863350510544921913247095324708333866949479,0.65,0.66,0.655,0.01,1843.98,10762.73,20419.24,18185.44,20047.36,22351.88,46,28,5862.406076
2026-08-16 03:09:26,794670,3328557,LoL: LGD Gaming vs JD Gaming (BO3) - LPL Group Ascend,series,,2026-08-16 07:00:00,230.6,LGD Gaming,90596016317732598930042651202220149760734651475626776107226569633373956684009,0.3,0.31,0.305,0.01,13452.57,21610.2,23857.94,13815.62,23600.04,25254.73,25,51,38000.926333
2026-08-16 03:09:26,794670,3328557,LoL: LGD Gaming vs JD Gaming (BO3) - LPL Group Ascend,series,,2026-08-16 07:00:00,230.6,JD Gaming,31707656722465422977190920295558941573063633834949721176855024182888171884798,0.69,0.7,0.695,0.01,29439.14,49147.31,52220.31,32503.66,53560.82,60164.08,51,25,38000.926333
2026-08-16 03:09:26,794670,3328558,Games Total: O/U 2.5,total_games,,2026-08-16 07:00:00,230.6,Over,93007094417708994780435747129625065934584062458065943197557434205893019411611,0.44,0.45,0.445,0.01,7308.98,16222.32,18777.32,977.62,16153.42,17493.06,21,29,4843.445972
2026-08-16 03:09:26,794670,3328558,Games Total: O/U 2.5,total_games,,2026-08-16 07:00:00,230.6,Under,40101255319653575218849591375056953309085453947892993011008860239292211411949,0.55,0.56,0.555,0.01,1157.09,17919.29,19283.31,9660.71,22027.39,25972.39,29,21,4843.445972
2026-08-16 03:09:26,794670,3328559,Game Handicap: JDG (-1.5) vs LGD Gaming (+1.5),handicap,,2026-08-16 07:00:00,230.6,JD Gaming,6246925247605876855027437546764427752148257339899783681629942804531689023181,0.4,0.41,0.405,0.01,5714.11,11004.78,11580.12,663.2,10234.14,10919.14,25,26,3021.543291
2026-08-16 03:09:26,794670,3328559,Game Handicap: JDG (-1.5) vs LGD Gaming (+1.5),handicap,,2026-08-16 07:00:00,230.6,LGD Gaming,71668934447533029681808612198027914932613846253331431034315824294879762898701,0.59,0.6,0.595,0.01,946.8,13398.86,14213.86,8851.37,17562.47,18585.67,26,25,3021.543291
2026-08-16 03:09:26,794670,3328560,Game 1: Both Teams Slay Baron Nashor?,prop,1,2026-08-16 07:00:00,230.6,Yes,106016650781895533103269577856158924093518279389268169472924553842755893932958,0.01,0.98,0.495,0.97,1.24,1.24,1.24,270.59,270.59,270.59,1,2,
2026-08-16 03:09:26,794670,3328560,Game 1: Both Teams Slay Baron Nashor?,prop,1,2026-08-16 07:00:00,230.6,No,93363411253667740002937673567896008645173078046970056745156397764945586592066,0.02,0.99,0.505,0.97,3.24,3.24,3.24,122.56,122.56,122.56,2,1,
2026-08-16 03:09:26,794670,3328561,Game 1: Both Teams Slay a Dragon?,prop,1,2026-08-16 07:00:00,230.6,Yes,20211963484936833277620128848373331998329552694017778302508765009527750048347,0.02,0.99,0.505,0.97,3.24,3.24,3.24,122.56,122.56,122.56,2,1,
2026-08-16 03:09:26,794670,3328561,Game 1: Both Teams Slay a Dragon?,prop,1,2026-08-16 07:00:00,230.6,No,678051504835143736914571134894808362988699541199720092414705245126793076863,0.01,0.98,0.495,0.97,1.24,1.24,1.24,269.97,269.97,269.97,1,2,
2026-08-16 03:09:26,794670,3328562,Game 1: Both Teams Destroy Inhibitors?,prop,1,2026-08-16 07:00:00,230.6,Yes,13053838717970023924399823411335499136646595880187348049401580850373318096695,0.01,0.98,0.495,0.97,1.24,1.24,1.24,267.57,267.57,267.57,1,2,
2026-08-16 03:09:26,794670,3328562,Game 1: Both Teams Destroy Inhibitors?,prop,1,2026-08-16 07:00:00,230.6,No,112510476157851535244688600363964555051776899383792779832675842908460550665691,0.02,0.99,0.505,0.97,3.18,3.18,3.18,122.55,122.55,122.55,2,1,
2026-08-16 03:09:26,794670,3328563,Game 1: Any Player Quadra Kill?,prop,1,2026-08-16 07:00:00,230.6,Yes,54759240964563943414122006525506514164649138813059134974868853392254530073790,0.01,0.49,0.25,0.48,0.1,0.1,0.1,53.9,53.9,53.9,1,10,150
2026-08-16 03:09:26,794670,3328563,Game 1: Any Player Quadra Kill?,prop,1,2026-08-16 07:00:00,230.6,No,3415764882416558502899343870289222748176344491741189399393850850511764115705,0.51,0.99,0.75,0.48,56.1,56.1,56.1,9.9,9.9,9.9,10,1,150
2026-08-16 03:09:26,794670,3328564,Game 1: Any Player Penta Kill?,prop,1,2026-08-16 07:00:00,230.6,Yes,13295051532447157166046192139265680922043728135085913180089705073904775045437,0.01,0.5,0.255,0.49,0.05,0.05,0.05,20.0,20.0,20.0,1,8,158.960782
2026-08-16 03:09:26,794670,3328564,Game 1: Any Player Penta Kill?,prop,1,2026-08-16 07:00:00,230.6,No,10575823341762610244252200321754810018909720292358219231812285246532262125731,0.5,0.99,0.745,0.49,20.0,20.0,20.0,4.95,4.95,4.95,8,1,158.960782
2026-08-16 03:09:26,794670,3328565,Game 1: Odd/Even Total Kills?,odd_even,1,2026-08-16 07:00:00,230.6,Odd,71647229882176800767532158451795545019834459069769370202559168199907665874566,0.49,0.51,0.5,0.02,129.76,129.76,414.37,136.07,136.07,483.94,10,11,
2026-08-16 03:09:26,794670,3328565,Game 1: Odd/Even Total Kills?,odd_even,1,2026-08-16 07:00:00,230.6,Even,83921601058281979584480353186631392003584755582383854814281270923995060551086,0.49,0.51,0.5,0.02,105.76,105.76,390.37,136.07,136.07,483.94,10,10,
2026-08-16 03:09:26,794670,3328566,Game 2: Both Teams Slay Baron Nashor?,prop,2,2026-08-16 07:00:00,230.6,Yes,51393030668155752604479546072969015158016837143545844852688745542105299779630,0.01,0.99,0.5,0.98,1.24,1.24,1.24,122.56,122.56,122.56,1,1,
2026-08-16 03:09:26,794670,3328566,Game 2: Both Teams Slay Baron Nashor?,prop,2,2026-08-16 07:00:00,230.6,No,71272222238906180701825596073055507353773974125688253868336430375860995865144,0.01,0.99,0.5,0.98,1.24,1.24,1.24,122.55,122.55,122.55,1,1,
2026-08-16 03:09:26,794670,3328567,Game 2: Both Teams Slay a Dragon?,prop,2,2026-08-16 07:00:00,230.6,Yes,53765607635023443531072902446774929976076279319906793705390590793521728434706,0.01,0.99,0.5,0.98,1.24,1.24,1.24,122.55,122.55,122.55,1,1,
2026-08-16 03:09:26,794670,3328567,Game 2: Both Teams Slay a Dragon?,prop,2,2026-08-16 07:00:00,230.6,No,90285434007435995955566194309223706005125098289107460554414174787978666392830,0.01,0.99,0.5,0.98,1.24,1.24,1.24,122.55,122.55,122.55,1,1,
2026-08-16 03:09:26,794670,3328568,Game 2: Both Teams Destroy Inhibitors?,prop,2,2026-08-16 07:00:00,230.6,Yes,49414380078729951160680380355146161427162374310442702898600308732596827570302,0.01,0.99,0.5,0.98,1.24,1.24,1.24,122.55,122.55,122.55,1,1,
2026-08-16 03:09:26,794670,3328568,Game 2: Both Teams Destroy Inhibitors?,prop,2,2026-08-16 07:00:00,230.6,No,34869270742136443108941088512578459906629028321004669493305109856417149428005,0.01,0.99,0.5,0.98,1.24,1.24,1.24,122.56,122.56,122.56,1,1,
2026-08-16 03:09:26,794670,3328569,Game 2: Any Player Quadra Kill?,prop,2,2026-08-16 07:00:00,230.6,Yes,23419781834886721270600203741418152232982164602536486246068767735873276285944,0.01,0.99,0.5,0.98,0.05,0.05,0.05,4.95,4.95,4.95,1,1,
2026-08-16 03:09:26,794670,3328569,Game 2: Any Player Quadra Kill?,prop,2,2026-08-16 07:00:00,230.6,No,111698919449753590692433348621558597931890402361211561250560795799426440846164,0.01,0.99,0.5,0.98,0.05,0.05,0.05,4.95,4.95,4.95,1,1,
2026-08-16 03:09:26,794670,3328570,Game 2: Any Player Penta Kill?,prop,2,2026-08-16 07:00:00,230.6,Yes,52436584454660878246317925744723116338664487100598883866367213113448333363430,0.01,0.5,0.255,0.49,0.05,0.05,0.05,15.5,15.5,15.5,1,8,5
2026-08-16 03:09:26,794670,3328570,Game 2: Any Player Penta Kill?,prop,2,2026-08-16 07:00:00,230.6,No,3449148093871545917300512412099199808051121418398610147002854315497817103659,0.5,0.99,0.745,0.49,15.5,15.5,15.5,4.95,4.95,4.95,8,1,5
2026-08-16 03:09:26,794670,3328571,Game 2: Odd/Even Total Kills?,odd_even,2,2026-08-16 07:00:00,230.6,Odd,62148013166836212644939234079468136258421881933893587944291484504219277039239,0.49,0.51,0.5,0.02,129.76,129.76,414.37,136.07,136.07,483.94,11,11,
2026-08-16 03:09:26,794670,3328571,Game 2: Odd/Even Total Kills?,odd_even,2,2026-08-16 07:00:00,230.6,Even,632555676246877041712856545746380571234360453964058199543272958208821017961,0.49,0.51,0.5,0.02,129.76,129.76,414.37,136.07,136.07,483.94,11,11,
2026-08-16 03:09:26,794670,3328572,Game 3: Both Teams Slay Baron Nashor?,prop,3,2026-08-16 07:00:00,230.6,Yes,12738214688956245993322287639329168339764781692640819650467707144074188128894,0.01,0.99,0.5,0.98,1.24,1.24,1.24,122.56,122.56,122.56,1,1,
2026-08-16 03:09:26,794670,3328572,Game 3: Both Teams Slay Baron Nashor?,prop,3,2026-08-16 07:00:00,230.6,No,91069816958213809167662333688923813753059435106849030991919947632875075375075,0.01,0.99,0.5,0.98,1.24,1.24,1.24,122.55,122.55,122.55,1,1,
2026-08-16 03:09:26,794670,3328573,Game 3: Both Teams Slay a Dragon?,prop,3,2026-08-16 07:00:00,230.6,Yes,46244602142184817972674743176439824341014840833410382366122179497159423068273,0.01,0.99,0.5,0.98,1.24,1.24,1.24,122.55,122.55,122.55,1,1,
2026-08-16 03:09:26,794670,3328573,Game 3: Both Teams Slay a Dragon?,prop,3,2026-08-16 07:00:00,230.6,No,101974656332925414264188327367629610757342127521200254740942243355381462086751,0.01,0.99,0.5,0.98,1.24,1.24,1.24,122.56,122.56,122.56,1,1,
2026-08-16 03:09:26,794670,3328574,Game 3: Both Teams Destroy Inhibitors?,prop,3,2026-08-16 07:00:00,230.6,Yes,109222571525636117524530971056115537262617222470976246382114586203296105465382,0.01,0.99,0.5,0.98,1.24,1.24,1.24,122.56,122.56,122.56,1,1,
2026-08-16 03:09:26,794670,3328574,Game 3: Both Teams Destroy Inhibitors?,prop,3,2026-08-16 07:00:00,230.6,No,115261244396556457522125059985371866354797916201544131233716797231805623423829,0.01,0.99,0.5,0.98,1.24,1.24,1.24,122.55,122.55,122.55,1,1,
2026-08-16 03:09:26,794670,3328575,Game 3: Any Player Quadra Kill?,prop,3,2026-08-16 07:00:00,230.6,Yes,83664171899242963955174249389926103643498621192019818972108176223876123825067,0.01,0.99,0.5,0.98,0.05,0.05,0.05,4.95,4.95,4.95,1,1,
2026-08-16 03:09:26,794670,3328575,Game 3: Any Player Quadra Kill?,prop,3,2026-08-16 07:00:00,230.6,No,24539482283860468814231417477313308122193740873094848527015850735415591497745,0.01,0.99,0.5,0.98,0.05,0.05,0.05,4.95,4.95,4.95,1,1,
2026-08-16 03:09:26,794670,3328576,Game 3: Any Player Penta Kill?,prop,3,2026-08-16 07:00:00,230.6,Yes,90650846986322596750311306069883359806431003130943225385646041980572483023460,0.05,0.99,0.52,0.94,28.65,28.65,28.7,4.95,4.95,4.95,2,1,
2026-08-16 03:09:26,794670,3328576,Game 3: Any Player Penta Kill?,prop,3,2026-08-16 07:00:00,230.6,No,96328462917243919667738332714146113946394828595771932995938202409362399915033,0.01,0.95,0.48,0.94,0.05,0.05,0.05,544.35,544.35,549.3,1,2,
2026-08-16 03:09:26,794670,3328577,Game 3: Odd/Even Total Kills?,odd_even,3,2026-08-16 07:00:00,230.6,Odd,41731331869078729736059819119570383257311701104104543741639616152423141547563,0.49,0.51,0.5,0.02,129.76,129.76,414.37,136.07,136.07,483.94,11,10,
2026-08-16 03:09:26,794670,3328577,Game 3: Odd/Even Total Kills?,odd_even,3,2026-08-16 07:00:00,230.6,Even,89344548013061261779837646201220487373956976293642208316183472315742263068534,0.49,0.51,0.5,0.02,129.76,129.76,414.37,136.07,136.07,483.94,10,11,
2026-08-16 03:09:26,794670,3600069,First Blood in Game 1?,first_blood,1,2026-08-16 07:00:00,230.6,LGD Gaming,56019198501967766881375651131776293396875109593642849026206472415092127449245,0.43,0.62,0.525,0.19,6.96,6.96,6.96,24.16,24.16,24.16,12,14,153.668726
2026-08-16 03:09:26,794670,3600069,First Blood in Game 1?,first_blood,1,2026-08-16 07:00:00,230.6,JD Gaming,91129739157349664034752750887552435088219799132916517942433114801456757143941,0.38,0.57,0.475,0.19,14.8,14.8,14.8,9.23,9.23,9.23,14,12,153.668726
2026-08-16 03:09:26,794670,3600070,First Blood in Game 2?,first_blood,2,2026-08-16 07:00:00,230.6,LGD Gaming,23272533962705623823198152733635229850884366581250155154829076933063473807126,0.06,0.95,0.505,0.89,12.62,14.62,17.24,203.75,317.73,535.71,5,5,
2026-08-16 03:09:26,794670,3600070,First Blood in Game 2?,first_blood,2,2026-08-16 07:00:00,230.6,JD Gaming,21213513701859842198271025074061248037223377032557852493434334641816126684228,0.05,0.94,0.495,0.89,8.62,11.04,13.24,199.73,264.4,503.09,5,5,
2026-08-16 03:09:26,794670,3600071,Total Kills Over/Under 27.5 in Game 1?,total_kills,1,2026-08-16 07:00:00,230.6,Over,86372067191827945098524920226353210356758548216764004611848416437586087922247,0.59,0.74,0.665,0.15,5.62,5.62,5.62,185.5,235.71,235.71,11,12,
2026-08-16 03:09:26,794670,3600071,Total Kills Over/Under 27.5 in Game 1?,total_kills,1,2026-08-16 07:00:00,230.6,Under,38898116374758419293033056937433672486108987534665133905437521926785479201842,0.26,0.41,0.335,0.15,64.5,79.5,79.5,3.9,3.9,3.9,12,11,
2026-08-16 03:09:26,794670,3600072,Total Kills Over/Under 27.5 in Game 2?,total_kills,2,2026-08-16 07:00:00,230.6,Over,13781583258844249665301791136349861793789898322210286725474463916437506953528,0.59,0.73,0.66,0.14,5.62,5.62,5.62,183.0,183.0,183.0,10,13,
2026-08-16 03:09:26,794670,3600072,Total Kills Over/Under 27.5 in Game 2?,total_kills,2,2026-08-16 07:00:00,230.6,Under,68564424261263123899319878089468296069420826741725748097317069179046409374287,0.27,0.41,0.34,0.14,67.0,67.0,67.0,3.9,3.9,3.9,13,10,
2026-08-16 03:09:26,794670,3600073,Total Kills Over/Under 30.5 in Game 1?,total_kills,1,2026-08-16 07:00:00,230.6,Over,24273859160406241172085539565667187181351190409335238441305703000828781213282,0.43,0.44,0.435,0.01,3.75,7.5,7.5,665.79,1059.09,1062.45,13,14,13.337271000000001
2026-08-16 03:09:26,794670,3600073,Total Kills Over/Under 30.5 in Game 1?,total_kills,1,2026-08-16 07:00:00,230.6,Under,59755404426895966539450567895775357735108102858267644522940654792823949942085,0.56,0.57,0.565,0.01,813.86,1275.56,1279.2,4.97,10.36,10.36,14,13,13.337271000000001
2026-08-16 03:09:26,794670,3600074,Total Kills Over/Under 30.5 in Game 2?,total_kills,2,2026-08-16 07:00:00,230.6,Over,111769467495035464058086880271753220243483127266342958800382645066650247151274,0.38,0.43,0.405,0.05,28.5,53.79,53.79,43.64,68.5,72.53,13,17,13.673828
2026-08-16 03:09:26,794670,3600074,Total Kills Over/Under 30.5 in Game 2?,total_kills,2,2026-08-16 07:00:00,230.6,Under,37217028090797925515798756520645539072510340958623525368300350009857685750662,0.57,0.62,0.595,0.05,56.11,86.5,91.03,46.5,92.3,92.3,17,13,13.673828
2026-08-16 03:09:26,812501,3407762,LoL: T1 Academy vs DN SOOPers Challengers - Game 1 Winner,map,1,2026-08-16 03:00:00,-9.4,T1 Academy,73064582482235014598278036393310819830718392444970483545371753650678400834736,0.62,0.63,0.625,0.01,201.25,689.72,706.12,412.25,1522.18,1611.43,47,32,14336.631373
2026-08-16 03:09:26,812501,3407762,LoL: T1 Academy vs DN SOOPers Challengers - Game 1 Winner,map,1,2026-08-16 03:00:00,-9.4,DN SOOPers Challengers,44224995904119349774883897648437602028511976750577753161233745822302188026009,0.37,0.38,0.375,0.01,236.95,810.53,852.53,123.75,452.81,465.19,32,47,14336.631373
2026-08-16 03:09:26,812501,3407763,LoL: T1 Academy vs DN SOOPers Challengers - Game 2 Winner,map,2,2026-08-16 03:00:00,-9.4,T1 Academy,95353452252504879943365852237238076881007218537823436733287745422250853187273,0.56,0.63,0.595,0.07,108.68,108.68,108.68,70.84,129.47,129.47,24,21,1559.9531809999999
2026-08-16 03:09:26,812501,3407763,LoL: T1 Academy vs DN SOOPers Challengers - Game 2 Winner,map,2,2026-08-16 03:00:00,-9.4,DN SOOPers Challengers,99458406464843999033426214685546564937703458262249894941487909247317378751500,0.37,0.44,0.405,0.07,40.16,71.73,71.73,87.12,87.12,87.12,21,24,1559.9531809999999
2026-08-16 03:09:26,812501,3407764,LoL: T1 Academy vs DN SOOPers Challengers (BO3) - LCK Challengers League Rounds 3-4 Challenge Group,series,,2026-08-16 03:00:00,-9.4,T1 Academy,47149118006951667535600667260288389920280393498307875124395202668413731841386,0.64,0.65,0.645,0.01,192.76,331.61,1224.85,1236.39,1236.39,1257.39,52,30,28060.229127999995
2026-08-16 03:09:26,812501,3407764,LoL: T1 Academy vs DN SOOPers Challengers (BO3) - LCK Challengers League Rounds 3-4 Challenge Group,series,,2026-08-16 03:00:00,-9.4,DN SOOPers Challengers,35771467724294116916325429263618132001025645920509860605241357593060072915080,0.35,0.36,0.355,0.01,665.75,665.75,674.75,109.99,196.14,793.77,30,52,28060.229127999995
2026-08-16 03:09:26,812501,3407765,Games Total: O/U 2.5,total_games,,2026-08-16 03:00:00,-9.4,Over,28472689572385395046814959443344867949877348180594356550677806556781097456645,0.49,0.5,0.495,0.01,636.05,636.05,636.05,2500.0,2500.0,2500.0,13,13,1888.304161
2026-08-16 03:09:26,812501,3407765,Games Total: O/U 2.5,total_games,,2026-08-16 03:00:00,-9.4,Under,60445358403756320386117803063638244982681533893147355431057150905897946227833,0.5,0.51,0.505,0.01,2500.0,2500.0,2500.0,688.95,688.95,688.95,13,13,1888.304161
2026-08-16 03:09:26,812501,3407766,Game Handicap: T1.A (-1.5) vs DN SOOPers Challengers (+1.5),handicap,,2026-08-16 03:00:00,-9.4,T1 Academy,84157633848545715495802069650574598688014859523476823863021692534294083596234,0.21,0.58,0.395,0.37,242.14,269.64,351.64,14.7,105.7,426.03,14,18,4019.2045909999997
2026-08-16 03:09:26,812501,3407766,Game Handicap: T1.A (-1.5) vs DN SOOPers Challengers (+1.5),handicap,,2026-08-16 03:00:00,-9.4,DN SOOPers Challengers,59885163287384748425978349155060122398367607750229429662790248778661914966815,0.42,0.79,0.605,0.37,10.3,69.3,260.79,911.86,1034.36,1452.36,18,14,4019.2045909999997
2026-08-16 03:09:26,812501,3407767,Game 1: Both Teams Slay Baron Nashor?,prop,1,2026-08-16 03:00:00,-9.4,Yes,98101395767675076675527407445074221726108082242766140122999013673078296924579,,0.99,,,0.0,0.0,0.0,68.61,68.61,68.61,0,1,
2026-08-16 03:09:26,812501,3407767,Game 1: Both Teams Slay Baron Nashor?,prop,1,2026-08-16 03:00:00,-9.4,No,87290422765316042161691235931778600664413826002993109373647521758362141675985,0.01,,,,0.69,0.69,0.69,0.0,0.0,0.0,1,0,
2026-08-16 03:09:26,812501,3407768,Game 1: Both Teams Slay a Dragon?,prop,1,2026-08-16 03:00:00,-9.4,Yes,79133110729101040979354156439270499254586169460530893547581424624230600191218,0.01,0.98,0.495,0.97,0.69,0.69,0.69,40.09,40.09,40.09,1,2,
2026-08-16 03:09:26,812501,3407768,Game 1: Both Teams Slay a Dragon?,prop,1,2026-08-16 03:00:00,-9.4,No,87080835968360541907825236999430484259205742264350853747971304100745674369240,0.02,0.99,0.505,0.97,0.69,0.69,0.69,68.61,68.61,68.61,2,1,
2026-08-16 03:09:26,812501,3407769,Game 1: Both Teams Destroy Inhibitors?,prop,1,2026-08-16 03:00:00,-9.4,Yes,41139893037576161188872686171355639757952754277902695214824790970502190000612,,0.99,,,0.0,0.0,0.0,68.61,68.61,68.61,0,1,
2026-08-16 03:09:26,812501,3407769,Game 1: Both Teams Destroy Inhibitors?,prop,1,2026-08-16 03:00:00,-9.4,No,11713257346113337208480784843855658054574586574869772753013260214337317995798,0.01,,,,0.69,0.69,0.69,0.0,0.0,0.0,1,0,
2026-08-16 03:09:26,812501,3407770,Game 1: Any Player Quadra Kill?,prop,1,2026-08-16 03:00:00,-9.4,Yes,89699116073306046966497778316057094796992801124411211058742622862658371484340,,,,,0.0,0.0,0.0,0.0,0.0,0.0,0,0,
2026-08-16 03:09:26,812501,3407770,Game 1: Any Player Quadra Kill?,prop,1,2026-08-16 03:00:00,-9.4,No,110062225856361250232451733223883585889494582661648143328404444970890540170304,,,,,0.0,0.0,0.0,0.0,0.0,0.0,0,0,
2026-08-16 03:09:26,812501,3407771,Game 1: Any Player Penta Kill?,prop,1,2026-08-16 03:00:00,-9.4,Yes,88817477593294431833892116040780787623551401078456392425497729385704534047793,,,,,0.0,0.0,0.0,0.0,0.0,0.0,0,0,15
2026-08-16 03:09:26,812501,3407771,Game 1: Any Player Penta Kill?,prop,1,2026-08-16 03:00:00,-9.4,No,87228406489657215756146618888458284422804785033968690974967482020371044943402,,,,,0.0,0.0,0.0,0.0,0.0,0.0,0,0,15
2026-08-16 03:09:26,812501,3407772,Game 1: Odd/Even Total Kills?,odd_even,1,2026-08-16 03:00:00,-9.4,Odd,9658086584873290771888578167645806108924909117236645290998179613625891551542,0.02,0.99,0.505,0.97,0.69,0.69,0.69,68.61,68.61,68.61,2,1,
2026-08-16 03:09:26,812501,3407772,Game 1: Odd/Even Total Kills?,odd_even,1,2026-08-16 03:00:00,-9.4,Even,83684129425305084306307142763549562651923693209012555176967712625225705220248,0.01,0.98,0.495,0.97,0.69,0.69,0.69,40.09,40.09,40.09,1,2,
2026-08-16 03:09:26,812501,3407773,Game 2: Both Teams Slay Baron Nashor?,prop,2,2026-08-16 03:00:00,-9.4,Yes,89297658295572950589193242688452597590018694715450307826825161120216168342242,,0.99,,,0.0,0.0,0.0,68.61,68.61,68.61,0,1,
2026-08-16 03:09:26,812501,3407773,Game 2: Both Teams Slay Baron Nashor?,prop,2,2026-08-16 03:00:00,-9.4,No,41370542629085814587327819175960375440467523596272908663943995486002518200858,0.01,,,,0.69,0.69,0.69,0.0,0.0,0.0,1,0,
2026-08-16 03:09:26,812501,3407774,Game 2: Both Teams Slay a Dragon?,prop,2,2026-08-16 03:00:00,-9.4,Yes,17213094384783561920447144318373049743601212254959536036565288413982307904891,0.01,0.99,0.5,0.98,0.69,0.69,0.69,68.61,68.61,68.61,1,1,
2026-08-16 03:09:26,812501,3407774,Game 2: Both Teams Slay a Dragon?,prop,2,2026-08-16 03:00:00,-9.4,No,107361772230415915958955632622848371567473066269823321881145126999923158623096,0.01,0.99,0.5,0.98,0.69,0.69,0.69,68.6,68.6,68.6,1,1,
2026-08-16 03:09:26,812501,3407775,Game 2: Both Teams Destroy Inhibitors?,prop,2,2026-08-16 03:00:00,-9.4,Yes,37085151396073944699750657470272385075014179379747539854914347479603815316699,,0.99,,,0.0,0.0,0.0,68.61,68.61,68.61,0,1,
2026-08-16 03:09:26,812501,3407775,Game 2: Both Teams Destroy Inhibitors?,prop,2,2026-08-16 03:00:00,-9.4,No,115153163980740373959185278746365667228368300396797954685717305797766491026714,0.01,,,,0.69,0.69,0.69,0.0,0.0,0.0,1,0,
2026-08-16 03:09:26,812501,3407776,Game 2: Any Player Quadra Kill?,prop,2,2026-08-16 03:00:00,-9.4,Yes,92366871030395219227539229526027723469617721035967924535754927351839920760282,,,,,0.0,0.0,0.0,0.0,0.0,0.0,0,0,
2026-08-16 03:09:26,812501,3407776,Game 2: Any Player Quadra Kill?,prop,2,2026-08-16 03:00:00,-9.4,No,108131379290397497921034320795187253387625375475492003495114439351232186339057,,,,,0.0,0.0,0.0,0.0,0.0,0.0,0,0,
2026-08-16 03:09:26,812501,3407777,Game 2: Any Player Penta Kill?,prop,2,2026-08-16 03:00:00,-9.4,Yes,17979466769376123931528681389233276317538527490930446639079169530069864950578,,,,,0.0,0.0,0.0,0.0,0.0,0.0,0,0,
2026-08-16 03:09:26,812501,3407777,Game 2: Any Player Penta Kill?,prop,2,2026-08-16 03:00:00,-9.4,No,98518636466579073594826930528319759549288909542166508168276302065256239237641,,,,,0.0,0.0,0.0,0.0,0.0,0.0,0,0,
2026-08-16 03:09:26,812501,3407778,Game 2: Odd/Even Total Kills?,odd_even,2,2026-08-16 03:00:00,-9.4,Odd,59779735910433430026922845250121216304233262452139448197463634726945263917642,0.01,0.99,0.5,0.98,0.69,0.69,0.69,68.6,68.6,68.6,1,1,
2026-08-16 03:09:26,812501,3407778,Game 2: Odd/Even Total Kills?,odd_even,2,2026-08-16 03:00:00,-9.4,Even,63820986229538783051704393626483275773639389915746997330375253931539704114052,0.01,0.99,0.5,0.98,0.69,0.69,0.69,68.61,68.61,68.61,1,1,
2026-08-16 03:09:26,812501,3407779,Game 3: Both Teams Slay Baron Nashor?,prop,3,2026-08-16 03:00:00,-9.4,Yes,113252981035414606041270247891785674937112739878099898576536010241670893541263,,0.99,,,0.0,0.0,0.0,68.61,68.61,68.61,0,1,
2026-08-16 03:09:26,812501,3407779,Game 3: Both Teams Slay Baron Nashor?,prop,3,2026-08-16 03:00:00,-9.4,No,80269374401740033283890248739835625511400013599013392298323688208415881374403,0.01,,,,0.69,0.69,0.69,0.0,0.0,0.0,1,0,
2026-08-16 03:09:26,812501,3407780,Game 3: Both Teams Slay a Dragon?,prop,3,2026-08-16 03:00:00,-9.4,Yes,48391266703243630062101276354060508850367984077172049881809538405140552864794,0.01,0.99,0.5,0.98,0.69,0.69,0.69,68.61,68.61,68.61,1,1,
2026-08-16 03:09:26,812501,3407780,Game 3: Both Teams Slay a Dragon?,prop,3,2026-08-16 03:00:00,-9.4,No,60057711611640343525293620284391058123978522706360481026432587479418071602197,0.01,0.99,0.5,0.98,0.69,0.69,0.69,68.6,68.6,68.6,1,1,
2026-08-16 03:09:26,812501,3407781,Game 3: Both Teams Destroy Inhibitors?,prop,3,2026-08-16 03:00:00,-9.4,Yes,39542350196021563282639112300447540076267664844340741091676361618690741390605,,0.99,,,0.0,0.0,0.0,68.61,68.61,68.61,0,1,
2026-08-16 03:09:26,812501,3407781,Game 3: Both Teams Destroy Inhibitors?,prop,3,2026-08-16 03:00:00,-9.4,No,91364380906232166017713665249534353715037087368263061017016710270940804207208,0.01,,,,0.69,0.69,0.69,0.0,0.0,0.0,1,0,
2026-08-16 03:09:26,812501,3407782,Game 3: Any Player Quadra Kill?,prop,3,2026-08-16 03:00:00,-9.4,Yes,37307632162746025253829849316049566979299478000450149685938586430830071550912,,,,,0.0,0.0,0.0,0.0,0.0,0.0,0,0,
2026-08-16 03:09:26,812501,3407782,Game 3: Any Player Quadra Kill?,prop,3,2026-08-16 03:00:00,-9.4,No,63982252988628134667878426985084368415157271810425345961600074461416139881254,,,,,0.0,0.0,0.0,0.0,0.0,0.0,0,0,
2026-08-16 03:09:26,812501,3407783,Game 3: Any Player Penta Kill?,prop,3,2026-08-16 03:00:00,-9.4,Yes,70747408516516735967153070084967598515783840448108993307182613154174484046545,,,,,0.0,0.0,0.0,0.0,0.0,0.0,0,0,
2026-08-16 03:09:26,812501,3407783,Game 3: Any Player Penta Kill?,prop,3,2026-08-16 03:00:00,-9.4,No,61690140592430459017872087614812557860059428369264397142831763490231186466635,,,,,0.0,0.0,0.0,0.0,0.0,0.0,0,0,
2026-08-16 03:09:26,812501,3407784,Game 3: Odd/Even Total Kills?,odd_even,3,2026-08-16 03:00:00,-9.4,Odd,98933627551267508447263863349434570031436709045139598213619410896491820344484,0.21,0.99,0.6,0.78,6.3,6.3,6.3,68.61,68.61,68.61,2,1,57
2026-08-16 03:09:26,812501,3407784,Game 3: Odd/Even Total Kills?,odd_even,3,2026-08-16 03:00:00,-9.4,Even,108512589332558883006762920479152265565445840370520718453759163242503924433460,0.01,0.79,0.4,0.78,0.69,0.69,0.69,23.7,23.7,23.7,1,2,57
2026-08-16 03:15:14,794670,3328548,LoL: LGD Gaming vs JD Gaming - Game 1 Winner,map,1,2026-08-16 07:00:00,224.8,LGD Gaming,102824621641118762965445948988944232408946848044875046151255905758443167819720,0.34,0.35,0.345,0.01,10970.1,11842.38,12616.65,1279.93,9379.88,15574.34,28,46,7586.938940999999
2026-08-16 03:15:14,794670,3328548,LoL: LGD Gaming vs JD Gaming - Game 1 Winner,map,1,2026-08-16 07:00:00,224.8,JD Gaming,5610842165726021683555265943500609425926260191866810595505563492143684632795,0.65,0.66,0.655,0.01,2319.24,15594.29,25214.43,21747.54,23601.45,25445.18,46,28,7586.938940999999
2026-08-16 03:15:14,794670,3328549,LoL: LGD Gaming vs JD Gaming - Game 2 Winner,map,2,2026-08-16 07:00:00,224.8,LGD Gaming,82574079455380485307870566905432542477770027137328166955907688212003660779823,0.34,0.35,0.345,0.01,9133.9,10009.96,10972.44,1019.04,6465.29,12687.59,29,46,5862.406076
2026-08-16 03:15:14,794670,3328549,LoL: LGD Gaming vs JD Gaming - Game 2 Winner,map,2,2026-08-16 07:00:00,224.8,JD Gaming,10563394827917084153761282238096209863350510544921913247095324708333866949479,0.65,0.66,0.655,0.01,1843.98,10762.73,20419.24,18185.44,20047.36,22351.88,46,29,5862.406076
2026-08-16 03:15:14,794670,3328557,LoL: LGD Gaming vs JD Gaming (BO3) - LPL Group Ascend,series,,2026-08-16 07:00:00,224.8,LGD Gaming,90596016317732598930042651202220149760734651475626776107226569633373956684009,0.3,0.31,0.305,0.01,13133.28,21283.91,23531.65,13815.62,23642.94,25297.63,25,51,38000.926333
2026-08-16 03:15:14,794670,3328557,LoL: LGD Gaming vs JD Gaming (BO3) - LPL Group Ascend,series,,2026-08-16 07:00:00,224.8,JD Gaming,31707656722465422977190920295558941573063633834949721176855024182888171884798,0.69,0.7,0.695,0.01,29439.14,49234.41,52307.41,31758.65,52797.81,59401.07,51,25,38000.926333
2026-08-16 03:15:14,794670,3328558,Games Total: O/U 2.5,total_games,,2026-08-16 07:00:00,224.8,Over,93007094417708994780435747129625065934584062458065943197557434205893019411611,0.44,0.45,0.445,0.01,7308.98,16222.32,18777.32,977.62,16153.42,17493.06,21,29,4843.445972
2026-08-16 03:15:14,794670,3328558,Games Total: O/U 2.5,total_games,,2026-08-16 07:00:00,224.8,Under,40101255319653575218849591375056953309085453947892993011008860239292211411949,0.55,0.56,0.555,0.01,1157.09,17919.29,19283.31,9660.71,22027.39,25972.39,29,21,4843.445972
2026-08-16 03:15:14,794670,3328559,Game Handicap: JDG (-1.5) vs LGD Gaming (+1.5),handicap,,2026-08-16 07:00:00,224.8,JD Gaming,6246925247605876855027437546764427752148257339899783681629942804531689023181,0.4,0.41,0.405,0.01,5714.11,11004.78,11580.12,663.2,10234.14,10919.14,25,25,3021.543291
2026-08-16 03:15:14,794670,3328559,Game Handicap: JDG (-1.5) vs LGD Gaming (+1.5),handicap,,2026-08-16 07:00:00,224.8,LGD Gaming,71668934447533029681808612198027914932613846253331431034315824294879762898701,0.59,0.6,0.595,0.01,946.8,13398.86,14213.86,8851.37,17562.47,18585.67,25,25,3021.543291
2026-08-16 03:15:14,794670,3328560,Game 1: Both Teams Slay Baron Nashor?,prop,1,2026-08-16 07:00:00,224.8,Yes,106016650781895533103269577856158924093518279389268169472924553842755893932958,0.01,0.98,0.495,0.97,1.24,1.24,1.24,270.59,270.59,270.59,1,2,
2026-08-16 03:15:14,794670,3328560,Game 1: Both Teams Slay Baron Nashor?,prop,1,2026-08-16 07:00:00,224.8,No,93363411253667740002937673567896008645173078046970056745156397764945586592066,0.02,0.99,0.505,0.97,3.24,3.24,3.24,122.56,122.56,122.56,2,1,
2026-08-16 03:15:14,794670,3328561,Game 1: Both Teams Slay a Dragon?,prop,1,2026-08-16 07:00:00,224.8,Yes,20211963484936833277620128848373331998329552694017778302508765009527750048347,0.02,0.99,0.505,0.97,3.24,3.24,3.24,122.56,122.56,122.56,2,1,
2026-08-16 03:15:14,794670,3328561,Game 1: Both Teams Slay a Dragon?,prop,1,2026-08-16 07:00:00,224.8,No,678051504835143736914571134894808362988699541199720092414705245126793076863,0.01,0.98,0.495,0.97,1.24,1.24,1.24,269.97,269.97,269.97,1,2,
2026-08-16 03:15:14,794670,3328562,Game 1: Both Teams Destroy Inhibitors?,prop,1,2026-08-16 07:00:00,224.8,Yes,13053838717970023924399823411335499136646595880187348049401580850373318096695,0.01,0.98,0.495,0.97,1.24,1.24,1.24,267.57,267.57,267.57,1,2,
2026-08-16 03:15:14,794670,3328562,Game 1: Both Teams Destroy Inhibitors?,prop,1,2026-08-16 07:00:00,224.8,No,112510476157851535244688600363964555051776899383792779832675842908460550665691,0.02,0.99,0.505,0.97,3.18,3.18,3.18,122.55,122.55,122.55,2,1,
2026-08-16 03:15:14,794670,3328563,Game 1: Any Player Quadra Kill?,prop,1,2026-08-16 07:00:00,224.8,Yes,54759240964563943414122006525506514164649138813059134974868853392254530073790,0.01,0.49,0.25,0.48,0.1,0.1,0.1,53.9,53.9,53.9,1,10,150
2026-08-16 03:15:14,794670,3328563,Game 1: Any Player Quadra Kill?,prop,1,2026-08-16 07:00:00,224.8,No,3415764882416558502899343870289222748176344491741189399393850850511764115705,0.51,0.99,0.75,0.48,56.1,56.1,56.1,9.9,9.9,9.9,10,1,150
2026-08-16 03:15:14,794670,3328564,Game 1: Any Player Penta Kill?,prop,1,2026-08-16 07:00:00,224.8,Yes,13295051532447157166046192139265680922043728135085913180089705073904775045437,0.01,0.5,0.255,0.49,0.05,0.05,0.05,20.0,20.0,20.0,1,8,158.960782
2026-08-16 03:15:14,794670,3328564,Game 1: Any Player Penta Kill?,prop,1,2026-08-16 07:00:00,224.8,No,10575823341762610244252200321754810018909720292358219231812285246532262125731,0.5,0.99,0.745,0.49,20.0,20.0,20.0,4.95,4.95,4.95,8,1,158.960782
2026-08-16 03:15:14,794670,3328565,Game 1: Odd/Even Total Kills?,odd_even,1,2026-08-16 07:00:00,224.8,Odd,71647229882176800767532158451795545019834459069769370202559168199907665874566,0.49,0.51,0.5,0.02,129.76,129.76,414.37,136.07,136.07,483.94,11,11,
2026-08-16 03:15:14,794670,3328565,Game 1: Odd/Even Total Kills?,odd_even,1,2026-08-16 07:00:00,224.8,Even,83921601058281979584480353186631392003584755582383854814281270923995060551086,0.49,0.51,0.5,0.02,129.76,129.76,414.37,136.07,136.07,483.94,11,11,
2026-08-16 03:15:14,794670,3328566,Game 2: Both Teams Slay Baron Nashor?,prop,2,2026-08-16 07:00:00,224.8,Yes,51393030668155752604479546072969015158016837143545844852688745542105299779630,0.01,0.99,0.5,0.98,1.24,1.24,1.24,122.56,122.56,122.56,1,1,
2026-08-16 03:15:14,794670,3328566,Game 2: Both Teams Slay Baron Nashor?,prop,2,2026-08-16 07:00:00,224.8,No,71272222238906180701825596073055507353773974125688253868336430375860995865144,0.01,0.99,0.5,0.98,1.24,1.24,1.24,122.55,122.55,122.55,1,1,
2026-08-16 03:15:14,794670,3328567,Game 2: Both Teams Slay a Dragon?,prop,2,2026-08-16 07:00:00,224.8,Yes,53765607635023443531072902446774929976076279319906793705390590793521728434706,0.01,0.99,0.5,0.98,1.24,1.24,1.24,122.55,122.55,122.55,1,1,
2026-08-16 03:15:14,794670,3328567,Game 2: Both Teams Slay a Dragon?,prop,2,2026-08-16 07:00:00,224.8,No,90285434007435995955566194309223706005125098289107460554414174787978666392830,0.01,0.99,0.5,0.98,1.24,1.24,1.24,122.55,122.55,122.55,1,1,
2026-08-16 03:15:14,794670,3328568,Game 2: Both Teams Destroy Inhibitors?,prop,2,2026-08-16 07:00:00,224.8,Yes,49414380078729951160680380355146161427162374310442702898600308732596827570302,0.01,0.99,0.5,0.98,1.24,1.24,1.24,122.55,122.55,122.55,1,1,
2026-08-16 03:15:14,794670,3328568,Game 2: Both Teams Destroy Inhibitors?,prop,2,2026-08-16 07:00:00,224.8,No,34869270742136443108941088512578459906629028321004669493305109856417149428005,0.01,0.99,0.5,0.98,1.24,1.24,1.24,122.56,122.56,122.56,1,1,
2026-08-16 03:15:14,794670,3328569,Game 2: Any Player Quadra Kill?,prop,2,2026-08-16 07:00:00,224.8,Yes,23419781834886721270600203741418152232982164602536486246068767735873276285944,0.01,0.99,0.5,0.98,0.05,0.05,0.05,4.95,4.95,4.95,1,1,
2026-08-16 03:15:14,794670,3328569,Game 2: Any Player Quadra Kill?,prop,2,2026-08-16 07:00:00,224.8,No,111698919449753590692433348621558597931890402361211561250560795799426440846164,0.01,0.99,0.5,0.98,0.05,0.05,0.05,4.95,4.95,4.95,1,1,
2026-08-16 03:15:14,794670,3328570,Game 2: Any Player Penta Kill?,prop,2,2026-08-16 07:00:00,224.8,Yes,52436584454660878246317925744723116338664487100598883866367213113448333363430,0.01,0.5,0.255,0.49,0.05,0.05,0.05,15.5,15.5,15.5,1,8,5
2026-08-16 03:15:14,794670,3328570,Game 2: Any Player Penta Kill?,prop,2,2026-08-16 07:00:00,224.8,No,3449148093871545917300512412099199808051121418398610147002854315497817103659,0.5,0.99,0.745,0.49,15.5,15.5,15.5,4.95,4.95,4.95,8,1,5
2026-08-16 03:15:14,794670,3328571,Game 2: Odd/Even Total Kills?,odd_even,2,2026-08-16 07:00:00,224.8,Odd,62148013166836212644939234079468136258421881933893587944291484504219277039239,0.49,0.51,0.5,0.02,129.76,129.76,414.37,136.07,136.07,483.94,11,11,
2026-08-16 03:15:14,794670,3328571,Game 2: Odd/Even Total Kills?,odd_even,2,2026-08-16 07:00:00,224.8,Even,632555676246877041712856545746380571234360453964058199543272958208821017961,0.49,0.51,0.5,0.02,129.76,129.76,414.37,136.07,136.07,483.94,11,11,
2026-08-16 03:15:14,794670,3328572,Game 3: Both Teams Slay Baron Nashor?,prop,3,2026-08-16 07:00:00,224.8,Yes,12738214688956245993322287639329168339764781692640819650467707144074188128894,0.01,0.99,0.5,0.98,1.24,1.24,1.24,122.56,122.56,122.56,1,1,
2026-08-16 03:15:14,794670,3328572,Game 3: Both Teams Slay Baron Nashor?,prop,3,2026-08-16 07:00:00,224.8,No,91069816958213809167662333688923813753059435106849030991919947632875075375075,0.01,0.99,0.5,0.98,1.24,1.24,1.24,122.55,122.55,122.55,1,1,
2026-08-16 03:15:14,794670,3328573,Game 3: Both Teams Slay a Dragon?,prop,3,2026-08-16 07:00:00,224.8,Yes,46244602142184817972674743176439824341014840833410382366122179497159423068273,0.01,0.99,0.5,0.98,1.24,1.24,1.24,122.55,122.55,122.55,1,1,
2026-08-16 03:15:14,794670,3328573,Game 3: Both Teams Slay a Dragon?,prop,3,2026-08-16 07:00:00,224.8,No,101974656332925414264188327367629610757342127521200254740942243355381462086751,0.01,0.99,0.5,0.98,1.24,1.24,1.24,122.56,122.56,122.56,1,1,
2026-08-16 03:15:14,794670,3328574,Game 3: Both Teams Destroy Inhibitors?,prop,3,2026-08-16 07:00:00,224.8,Yes,109222571525636117524530971056115537262617222470976246382114586203296105465382,0.01,0.99,0.5,0.98,1.24,1.24,1.24,122.56,122.56,122.56,1,1,
2026-08-16 03:15:14,794670,3328574,Game 3: Both Teams Destroy Inhibitors?,prop,3,2026-08-16 07:00:00,224.8,No,115261244396556457522125059985371866354797916201544131233716797231805623423829,0.01,0.99,0.5,0.98,1.24,1.24,1.24,122.55,122.55,122.55,1,1,
2026-08-16 03:15:14,794670,3328575,Game 3: Any Player Quadra Kill?,prop,3,2026-08-16 07:00:00,224.8,Yes,83664171899242963955174249389926103643498621192019818972108176223876123825067,0.01,0.99,0.5,0.98,0.05,0.05,0.05,4.95,4.95,4.95,1,1,
2026-08-16 03:15:14,794670,3328575,Game 3: Any Player Quadra Kill?,prop,3,2026-08-16 07:00:00,224.8,No,24539482283860468814231417477313308122193740873094848527015850735415591497745,0.01,0.99,0.5,0.98,0.05,0.05,0.05,4.95,4.95,4.95,1,1,
2026-08-16 03:15:14,794670,3328576,Game 3: Any Player Penta Kill?,prop,3,2026-08-16 07:00:00,224.8,Yes,90650846986322596750311306069883359806431003130943225385646041980572483023460,0.05,0.99,0.52,0.94,28.65,28.65,28.7,4.95,4.95,4.95,2,1,
2026-08-16 03:15:14,794670,3328576,Game 3: Any Player Penta Kill?,prop,3,2026-08-16 07:00:00,224.8,No,96328462917243919667738332714146113946394828595771932995938202409362399915033,0.01,0.95,0.48,0.94,0.05,0.05,0.05,544.35,544.35,549.3,1,2,
2026-08-16 03:15:14,794670,3328577,Game 3: Odd/Even Total Kills?,odd_even,3,2026-08-16 07:00:00,224.8,Odd,41731331869078729736059819119570383257311701104104543741639616152423141547563,0.49,0.51,0.5,0.02,129.76,129.76,414.37,136.07,136.07,483.94,11,11,
2026-08-16 03:15:14,794670,3328577,Game 3: Odd/Even Total Kills?,odd_even,3,2026-08-16 07:00:00,224.8,Even,89344548013061261779837646201220487373956976293642208316183472315742263068534,0.49,0.51,0.5,0.02,129.76,129.76,414.37,136.07,136.07,483.94,11,11,
2026-08-16 03:15:14,794670,3600069,First Blood in Game 1?,first_blood,1,2026-08-16 07:00:00,224.8,LGD Gaming,56019198501967766881375651131776293396875109593642849026206472415092127449245,0.43,0.62,0.525,0.19,6.96,6.96,6.96,24.16,24.16,24.16,13,14,153.668726
2026-08-16 03:15:14,794670,3600069,First Blood in Game 1?,first_blood,1,2026-08-16 07:00:00,224.8,JD Gaming,91129739157349664034752750887552435088219799132916517942433114801456757143941,0.38,0.57,0.475,0.19,14.8,14.8,14.8,9.23,9.23,9.23,14,13,153.668726
2026-08-16 03:15:14,794670,3600070,First Blood in Game 2?,first_blood,2,2026-08-16 07:00:00,224.8,LGD Gaming,23272533962705623823198152733635229850884366581250155154829076933063473807126,0.06,0.95,0.505,0.89,12.62,14.62,17.24,203.75,317.73,535.71,5,5,
2026-08-16 03:15:14,794670,3600070,First Blood in Game 2?,first_blood,2,2026-08-16 07:00:00,224.8,JD Gaming,21213513701859842198271025074061248037223377032557852493434334641816126684228,0.05,0.94,0.495,0.89,8.62,11.04,13.24,199.73,264.4,503.09,5,5,
2026-08-16 03:15:14,794670,3600071,Total Kills Over/Under 27.5 in Game 1?,total_kills,1,2026-08-16 07:00:00,224.8,Over,86372067191827945098524920226353210356758548216764004611848416437586087922247,0.53,0.59,0.56,0.06,2119.75,2134.75,2134.75,44.25,44.25,44.25,11,14,
2026-08-16 03:15:14,794670,3600071,Total Kills Over/Under 27.5 in Game 1?,total_kills,1,2026-08-16 07:00:00,224.8,Under,38898116374758419293033056937433672486108987534665133905437521926785479201842,0.41,0.47,0.44,0.06,30.75,30.75,30.75,1955.25,1970.25,1970.25,14,11,
2026-08-16 03:15:14,794670,3600072,Total Kills Over/Under 27.5 in Game 2?,total_kills,2,2026-08-16 07:00:00,224.8,Over,13781583258844249665301791136349861793789898322210286725474463916437506953528,0.51,0.6,0.555,0.09,2040.0,2040.0,2040.0,45.0,45.0,45.0,9,13,
2026-08-16 03:15:14,794670,3600072,Total Kills Over/Under 27.5 in Game 2?,total_kills,2,2026-08-16 07:00:00,224.8,Under,68564424261263123899319878089468296069420826741725748097317069179046409374287,0.4,0.49,0.445,0.09,30.0,30.0,30.0,1960.0,1960.0,1960.0,13,9,
2026-08-16 03:15:14,794670,3600073,Total Kills Over/Under 30.5 in Game 1?,total_kills,1,2026-08-16 07:00:00,224.8,Over,24273859160406241172085539565667187181351190409335238441305703000828781213282,0.43,0.44,0.435,0.01,29.55,33.3,33.3,665.79,1059.09,1062.45,13,14,13.337271000000001
2026-08-16 03:15:14,794670,3600073,Total Kills Over/Under 30.5 in Game 1?,total_kills,1,2026-08-16 07:00:00,224.8,Under,59755404426895966539450567895775357735108102858267644522940654792823949942085,0.56,0.57,0.565,0.01,813.86,1275.56,1279.2,39.17,44.56,44.56,14,13,13.337271000000001
2026-08-16 03:15:14,794670,3600074,Total Kills Over/Under 30.5 in Game 2?,total_kills,2,2026-08-16 07:00:00,224.8,Over,111769467495035464058086880271753220243483127266342958800382645066650247151274,0.38,0.45,0.415,0.07,28.5,53.79,53.79,23.81,27.83,27.83,13,17,13.673828
2026-08-16 03:15:14,794670,3600074,Total Kills Over/Under 30.5 in Game 2?,total_kills,2,2026-08-16 07:00:00,224.8,Under,37217028090797925515798756520645539072510340958623525368300350009857685750662,0.55,0.62,0.585,0.07,28.81,33.35,33.35,46.5,92.3,92.3,17,13,13.673828
2026-08-16 03:15:14,812501,3407762,LoL: T1 Academy vs DN SOOPers Challengers - Game 1 Winner,map,1,2026-08-16 03:00:00,-15.2,T1 Academy,73064582482235014598278036393310819830718392444970483545371753650678400834736,0.66,0.69,0.675,0.03,16.5,105.69,144.16,13.9,116.7,296.23,47,30,14336.631373
2026-08-16 03:15:14,812501,3407762,LoL: T1 Academy vs DN SOOPers Challengers - Game 1 Winner,map,1,2026-08-16 03:00:00,-15.2,DN SOOPers Challengers,44224995904119349774883897648437602028511976750577753161233745822302188026009,0.31,0.34,0.325,0.03,6.1,47.74,113.88,8.5,122.18,145.89,30,47,14336.631373
2026-08-16 03:15:14,812501,3407763,LoL: T1 Academy vs DN SOOPers Challengers - Game 2 Winner,map,2,2026-08-16 03:00:00,-15.2,T1 Academy,95353452252504879943365852237238076881007218537823436733287745422250853187273,0.58,0.65,0.615,0.07,97.67,433.94,455.14,116.35,126.98,145.06,27,17,1559.9531809999999
2026-08-16 03:15:14,812501,3407763,LoL: T1 Academy vs DN SOOPers Challengers - Game 2 Winner,map,2,2026-08-16 03:00:00,-15.2,DN SOOPers Challengers,99458406464843999033426214685546564937703458262249894941487909247317378751500,0.35,0.42,0.385,0.07,62.65,67.65,75.7,73.33,337.55,356.35,17,27,1559.9531809999999
2026-08-16 03:15:14,812501,3407764,LoL: T1 Academy vs DN SOOPers Challengers (BO3) - LCK Challengers League Rounds 3-4 Challenge Group,series,,2026-08-16 03:00:00,-15.2,T1 Academy,47149118006951667535600667260288389920280393498307875124395202668413731841386,0.67,0.71,0.69,0.04,193.25,668.33,1077.86,79.85,374.04,1584.0,56,27,28060.229127999995
2026-08-16 03:15:14,812501,3407764,LoL: T1 Academy vs DN SOOPers Challengers (BO3) - LCK Challengers League Rounds 3-4 Challenge Group,series,,2026-08-16 03:00:00,-15.2,DN SOOPers Challengers,35771467724294116916325429263618132001025645920509860605241357593060072915080,0.29,0.33,0.31,0.04,32.47,136.96,538.0,98.65,357.22,605.19,27,56,28060.229127999995
2026-08-16 03:15:14,812501,3407765,Games Total: O/U 2.5,total_games,,2026-08-16 03:00:00,-15.2,Over,28472689572385395046814959443344867949877348180594356550677806556781097456645,0.48,0.5,0.49,0.02,495.13,495.13,495.13,188.96,375.85,375.85,13,22,1888.304161
2026-08-16 03:15:14,812501,3407765,Games Total: O/U 2.5,total_games,,2026-08-16 03:00:00,-15.2,Under,60445358403756320386117803063638244982681533893147355431057150905897946227833,0.5,0.52,0.51,0.02,182.04,348.15,348.15,536.4,536.4,536.4,21,13,1888.304161
2026-08-16 03:15:14,812501,3407766,Game Handicap: T1.A (-1.5) vs DN SOOPers Challengers (+1.5),handicap,,2026-08-16 03:00:00,-15.2,T1 Academy,84157633848545715495802069650574598688014859523476823863021692534294083596234,0.25,0.61,0.43,0.36,1.25,1.25,5.25,15.66,15.66,15.66,12,14,4019.2045909999997
2026-08-16 03:15:14,812501,3407766,Game Handicap: T1.A (-1.5) vs DN SOOPers Challengers (+1.5),handicap,,2026-08-16 03:00:00,-15.2,DN SOOPers Challengers,59885163287384748425978349155060122398367607750229429662790248778661914966815,0.39,0.75,0.57,0.36,10.02,10.02,10.02,3.75,3.75,19.75,14,12,4019.2045909999997
2026-08-16 03:15:14,812501,3407767,Game 1: Both Teams Slay Baron Nashor?,prop,1,2026-08-16 03:00:00,-15.2,Yes,98101395767675076675527407445074221726108082242766140122999013673078296924579,,0.99,,,0.0,0.0,0.0,68.61,68.61,68.61,0,1,
2026-08-16 03:15:14,812501,3407767,Game 1: Both Teams Slay Baron Nashor?,prop,1,2026-08-16 03:00:00,-15.2,No,87290422765316042161691235931778600664413826002993109373647521758362141675985,0.01,,,,0.69,0.69,0.69,0.0,0.0,0.0,1,0,
2026-08-16 03:15:14,812501,3407768,Game 1: Both Teams Slay a Dragon?,prop,1,2026-08-16 03:00:00,-15.2,Yes,79133110729101040979354156439270499254586169460530893547581424624230600191218,0.01,0.99,0.5,0.98,0.69,0.69,0.69,68.61,68.61,68.61,1,1,
2026-08-16 03:15:14,812501,3407768,Game 1: Both Teams Slay a Dragon?,prop,1,2026-08-16 03:00:00,-15.2,No,87080835968360541907825236999430484259205742264350853747971304100745674369240,0.01,0.99,0.5,0.98,0.69,0.69,0.69,68.61,68.61,68.61,1,1,
2026-08-16 03:15:14,812501,3407769,Game 1: Both Teams Destroy Inhibitors?,prop,1,2026-08-16 03:00:00,-15.2,Yes,41139893037576161188872686171355639757952754277902695214824790970502190000612,,0.99,,,0.0,0.0,0.0,68.61,68.61,68.61,0,1,
2026-08-16 03:15:14,812501,3407769,Game 1: Both Teams Destroy Inhibitors?,prop,1,2026-08-16 03:00:00,-15.2,No,11713257346113337208480784843855658054574586574869772753013260214337317995798,0.01,,,,0.69,0.69,0.69,0.0,0.0,0.0,1,0,
2026-08-16 03:15:14,812501,3407770,Game 1: Any Player Quadra Kill?,prop,1,2026-08-16 03:00:00,-15.2,Yes,89699116073306046966497778316057094796992801124411211058742622862658371484340,,,,,0.0,0.0,0.0,0.0,0.0,0.0,0,0,
2026-08-16 03:15:14,812501,3407770,Game 1: Any Player Quadra Kill?,prop,1,2026-08-16 03:00:00,-15.2,No,110062225856361250232451733223883585889494582661648143328404444970890540170304,,,,,0.0,0.0,0.0,0.0,0.0,0.0,0,0,
2026-08-16 03:15:14,812501,3407771,Game 1: Any Player Penta Kill?,prop,1,2026-08-16 03:00:00,-15.2,Yes,88817477593294431833892116040780787623551401078456392425497729385704534047793,,,,,0.0,0.0,0.0,0.0,0.0,0.0,0,0,15
2026-08-16 03:15:14,812501,3407771,Game 1: Any Player Penta Kill?,prop,1,2026-08-16 03:00:00,-15.2,No,87228406489657215756146618888458284422804785033968690974967482020371044943402,,,,,0.0,0.0,0.0,0.0,0.0,0.0,0,0,15
2026-08-16 03:15:14,812501,3407772,Game 1: Odd/Even Total Kills?,odd_even,1,2026-08-16 03:00:00,-15.2,Odd,9658086584873290771888578167645806108924909117236645290998179613625891551542,0.01,0.99,0.5,0.98,0.69,0.69,0.69,68.61,68.61,68.61,1,1,
2026-08-16 03:15:14,812501,3407772,Game 1: Odd/Even Total Kills?,odd_even,1,2026-08-16 03:00:00,-15.2,Even,83684129425305084306307142763549562651923693209012555176967712625225705220248,0.01,0.99,0.5,0.98,0.69,0.69,0.69,68.61,68.61,68.61,1,1,
2026-08-16 03:15:14,812501,3407773,Game 2: Both Teams Slay Baron Nashor?,prop,2,2026-08-16 03:00:00,-15.2,Yes,89297658295572950589193242688452597590018694715450307826825161120216168342242,,0.99,,,0.0,0.0,0.0,68.61,68.61,68.61,0,1,
2026-08-16 03:15:14,812501,3407773,Game 2: Both Teams Slay Baron Nashor?,prop,2,2026-08-16 03:00:00,-15.2,No,41370542629085814587327819175960375440467523596272908663943995486002518200858,0.01,,,,0.69,0.69,0.69,0.0,0.0,0.0,1,0,
2026-08-16 03:15:14,812501,3407774,Game 2: Both Teams Slay a Dragon?,prop,2,2026-08-16 03:00:00,-15.2,Yes,17213094384783561920447144318373049743601212254959536036565288413982307904891,0.01,,,,0.69,0.69,0.69,0.0,0.0,0.0,1,0,
2026-08-16 03:15:14,812501,3407774,Game 2: Both Teams Slay a Dragon?,prop,2,2026-08-16 03:00:00,-15.2,No,107361772230415915958955632622848371567473066269823321881145126999923158623096,,0.99,,,0.0,0.0,0.0,68.61,68.61,68.61,0,1,
2026-08-16 03:15:14,812501,3407775,Game 2: Both Teams Destroy Inhibitors?,prop,2,2026-08-16 03:00:00,-15.2,Yes,37085151396073944699750657470272385075014179379747539854914347479603815316699,,0.99,,,0.0,0.0,0.0,68.61,68.61,68.61,0,1,
2026-08-16 03:15:14,812501,3407775,Game 2: Both Teams Destroy Inhibitors?,prop,2,2026-08-16 03:00:00,-15.2,No,115153163980740373959185278746365667228368300396797954685717305797766491026714,0.01,,,,0.69,0.69,0.69,0.0,0.0,0.0,1,0,
2026-08-16 03:15:14,812501,3407776,Game 2: Any Player Quadra Kill?,prop,2,2026-08-16 03:00:00,-15.2,Yes,92366871030395219227539229526027723469617721035967924535754927351839920760282,,,,,0.0,0.0,0.0,0.0,0.0,0.0,0,0,
2026-08-16 03:15:14,812501,3407776,Game 2: Any Player Quadra Kill?,prop,2,2026-08-16 03:00:00,-15.2,No,108131379290397497921034320795187253387625375475492003495114439351232186339057,,,,,0.0,0.0,0.0,0.0,0.0,0.0,0,0,
2026-08-16 03:15:14,812501,3407777,Game 2: Any Player Penta Kill?,prop,2,2026-08-16 03:00:00,-15.2,Yes,17979466769376123931528681389233276317538527490930446639079169530069864950578,,,,,0.0,0.0,0.0,0.0,0.0,0.0,0,0,
2026-08-16 03:15:14,812501,3407777,Game 2: Any Player Penta Kill?,prop,2,2026-08-16 03:00:00,-15.2,No,98518636466579073594826930528319759549288909542166508168276302065256239237641,,,,,0.0,0.0,0.0,0.0,0.0,0.0,0,0,
2026-08-16 03:15:14,812501,3407778,Game 2: Odd/Even Total Kills?,odd_even,2,2026-08-16 03:00:00,-15.2,Odd,59779735910433430026922845250121216304233262452139448197463634726945263917642,0.01,0.99,0.5,0.98,0.69,0.69,0.69,68.61,68.61,68.61,1,1,
2026-08-16 03:15:14,812501,3407778,Game 2: Odd/Even Total Kills?,odd_even,2,2026-08-16 03:00:00,-15.2,Even,63820986229538783051704393626483275773639389915746997330375253931539704114052,0.01,0.99,0.5,0.98,0.69,0.69,0.69,68.61,68.61,68.61,1,1,
2026-08-16 03:15:14,812501,3407779,Game 3: Both Teams Slay Baron Nashor?,prop,3,2026-08-16 03:00:00,-15.2,Yes,113252981035414606041270247891785674937112739878099898576536010241670893541263,,0.99,,,0.0,0.0,0.0,68.61,68.61,68.61,0,1,
2026-08-16 03:15:14,812501,3407779,Game 3: Both Teams Slay Baron Nashor?,prop,3,2026-08-16 03:00:00,-15.2,No,80269374401740033283890248739835625511400013599013392298323688208415881374403,0.01,,,,0.69,0.69,0.69,0.0,0.0,0.0,1,0,
2026-08-16 03:15:14,812501,3407780,Game 3: Both Teams Slay a Dragon?,prop,3,2026-08-16 03:00:00,-15.2,Yes,48391266703243630062101276354060508850367984077172049881809538405140552864794,0.01,0.99,0.5,0.98,0.69,0.69,0.69,68.61,68.61,68.61,1,1,
2026-08-16 03:15:14,812501,3407780,Game 3: Both Teams Slay a Dragon?,prop,3,2026-08-16 03:00:00,-15.2,No,60057711611640343525293620284391058123978522706360481026432587479418071602197,0.01,0.99,0.5,0.98,0.69,0.69,0.69,68.61,68.61,68.61,1,1,
2026-08-16 03:15:14,812501,3407781,Game 3: Both Teams Destroy Inhibitors?,prop,3,2026-08-16 03:00:00,-15.2,Yes,39542350196021563282639112300447540076267664844340741091676361618690741390605,,0.99,,,0.0,0.0,0.0,68.61,68.61,68.61,0,1,
2026-08-16 03:15:14,812501,3407781,Game 3: Both Teams Destroy Inhibitors?,prop,3,2026-08-16 03:00:00,-15.2,No,91364380906232166017713665249534353715037087368263061017016710270940804207208,0.01,,,,0.69,0.69,0.69,0.0,0.0,0.0,1,0,
2026-08-16 03:15:14,812501,3407782,Game 3: Any Player Quadra Kill?,prop,3,2026-08-16 03:00:00,-15.2,Yes,37307632162746025253829849316049566979299478000450149685938586430830071550912,,,,,0.0,0.0,0.0,0.0,0.0,0.0,0,0,
2026-08-16 03:15:14,812501,3407782,Game 3: Any Player Quadra Kill?,prop,3,2026-08-16 03:00:00,-15.2,No,63982252988628134667878426985084368415157271810425345961600074461416139881254,,,,,0.0,0.0,0.0,0.0,0.0,0.0,0,0,
2026-08-16 03:15:14,812501,3407783,Game 3: Any Player Penta Kill?,prop,3,2026-08-16 03:00:00,-15.2,Yes,70747408516516735967153070084967598515783840448108993307182613154174484046545,,,,,0.0,0.0,0.0,0.0,0.0,0.0,0,0,
2026-08-16 03:15:14,812501,3407783,Game 3: Any Player Penta Kill?,prop,3,2026-08-16 03:00:00,-15.2,No,61690140592430459017872087614812557860059428369264397142831763490231186466635,,,,,0.0,0.0,0.0,0.0,0.0,0.0,0,0,
2026-08-16 03:15:14,812501,3407784,Game 3: Odd/Even Total Kills?,odd_even,3,2026-08-16 03:00:00,-15.2,Odd,98933627551267508447263863349434570031436709045139598213619410896491820344484,0.21,0.99,0.6,0.78,6.3,6.3,6.3,68.61,68.61,68.61,2,1,57
2026-08-16 03:15:14,812501,3407784,Game 3: Odd/Even Total Kills?,odd_even,3,2026-08-16 03:00:00,-15.2,Even,108512589332558883006762920479152265565445840370520718453759163242503924433460,0.01,0.79,0.4,0.78,0.69,0.69,0.69,23.7,23.7,23.7,1,2,57
2026-08-16 03:21:04,794670,3328548,LoL: LGD Gaming vs JD Gaming - Game 1 Winner,map,1,2026-08-16 07:00:00,218.9,LGD Gaming,102824621641118762965445948988944232408946848044875046151255905758443167819720,0.34,0.35,0.345,0.01,10961.94,12144.22,12620.23,1398.58,9652.28,15848.69,31,48,7589.796081999999
2026-08-16 03:21:04,794670,3328548,LoL: LGD Gaming vs JD Gaming - Game 1 Winner,map,1,2026-08-16 07:00:00,218.9,JD Gaming,5610842165726021683555265943500609425926260191866810595505563492143684632795,0.65,0.66,0.655,0.01,2539.59,16070.89,25694.08,21731.7,24275.61,25423.6,48,31,7589.796081999999
2026-08-16 03:21:04,794670,3328549,LoL: LGD Gaming vs JD Gaming - Game 2 Winner,map,2,2026-08-16 07:00:00,218.9,LGD Gaming,82574079455380485307870566905432542477770027137328166955907688212003660779823,0.34,0.35,0.345,0.01,9125.65,10311.71,10975.06,1019.04,6620.94,12843.24,28,45,5862.406076
2026-08-16 03:21:04,794670,3328549,LoL: LGD Gaming vs JD Gaming - Game 2 Winner,map,2,2026-08-16 07:00:00,218.9,JD Gaming,10563394827917084153761282238096209863350510544921913247095324708333866949479,0.65,0.66,0.655,0.01,1843.98,11018.98,20678.49,18168.69,20720.61,22327.26,45,28,5862.406076
2026-08-16 03:21:04,794670,3328557,LoL: LGD Gaming vs JD Gaming (BO3) - LPL Group Ascend,series,,2026-08-16 07:00:00,218.9,LGD Gaming,90596016317732598930042651202220149760734651475626776107226569633373956684009,0.3,0.31,0.305,0.01,12982.68,22171.51,24159.25,26221.84,36729.17,38121.36,26,52,39077.13415800001
2026-08-16 03:21:04,794670,3328557,LoL: LGD Gaming vs JD Gaming (BO3) - LPL Group Ascend,series,,2026-08-16 07:00:00,218.9,JD Gaming,31707656722465422977190920295558941573063633834949721176855024182888171884798,0.69,0.7,0.695,0.01,57056.71,78171.97,80757.47,31407.25,55223.21,61086.47,52,26,39077.13415800001
2026-08-16 03:21:04,794670,3328558,Games Total: O/U 2.5,total_games,,2026-08-16 07:00:00,218.9,Over,93007094417708994780435747129625065934584062458065943197557434205893019411611,0.44,0.45,0.445,0.01,7308.98,16222.32,18777.32,977.62,16203.24,17542.88,21,29,4885.757082
2026-08-16 03:21:04,794670,3328558,Games Total: O/U 2.5,total_games,,2026-08-16 07:00:00,218.9,Under,40101255319653575218849591375056953309085453947892993011008860239292211411949,0.55,0.56,0.555,0.01,1157.09,17975.47,19339.49,9660.71,22027.39,25972.39,29,21,4885.757082
2026-08-16 03:21:04,794670,3328559,Game Handicap: JDG (-1.5) vs LGD Gaming (+1.5),handicap,,2026-08-16 07:00:00,218.9,JD Gaming,6246925247605876855027437546764427752148257339899783681629942804531689023181,0.4,0.41,0.405,0.01,13757.31,19047.98,19623.32,663.2,10234.14,10919.14,25,26,3021.543291
2026-08-16 03:21:04,794670,3328559,Game Handicap: JDG (-1.5) vs LGD Gaming (+1.5),handicap,,2026-08-16 07:00:00,218.9,LGD Gaming,71668934447533029681808612198027914932613846253331431034315824294879762898701,0.59,0.6,0.595,0.01,946.8,13398.86,14213.86,20916.17,29627.27,30650.47,26,25,3021.543291
2026-08-16 03:21:04,794670,3328560,Game 1: Both Teams Slay Baron Nashor?,prop,1,2026-08-16 07:00:00,218.9,Yes,106016650781895533103269577856158924093518279389268169472924553842755893932958,0.01,0.98,0.495,0.97,1.24,1.24,1.24,258.81,258.81,258.81,1,2,
2026-08-16 03:21:04,794670,3328560,Game 1: Both Teams Slay Baron Nashor?,prop,1,2026-08-16 07:00:00,218.9,No,93363411253667740002937673567896008645173078046970056745156397764945586592066,0.02,0.99,0.505,0.97,3.12,3.12,3.12,122.56,122.56,122.56,2,1,
2026-08-16 03:21:04,794670,3328561,Game 1: Both Teams Slay a Dragon?,prop,1,2026-08-16 07:00:00,218.9,Yes,20211963484936833277620128848373331998329552694017778302508765009527750048347,0.02,0.99,0.505,0.97,3.24,3.24,3.24,122.56,122.56,122.56,2,1,
2026-08-16 03:21:04,794670,3328561,Game 1: Both Teams Slay a Dragon?,prop,1,2026-08-16 07:00:00,218.9,No,678051504835143736914571134894808362988699541199720092414705245126793076863,0.01,0.98,0.495,0.97,1.24,1.24,1.24,269.97,269.97,269.97,1,2,
2026-08-16 03:21:04,794670,3328562,Game 1: Both Teams Destroy Inhibitors?,prop,1,2026-08-16 07:00:00,218.9,Yes,13053838717970023924399823411335499136646595880187348049401580850373318096695,0.01,0.98,0.495,0.97,1.24,1.24,1.24,267.57,267.57,267.57,1,2,
2026-08-16 03:21:04,794670,3328562,Game 1: Both Teams Destroy Inhibitors?,prop,1,2026-08-16 07:00:00,218.9,No,112510476157851535244688600363964555051776899383792779832675842908460550665691,0.02,0.99,0.505,0.97,3.18,3.18,3.18,122.55,122.55,122.55,2,1,
2026-08-16 03:21:04,794670,3328563,Game 1: Any Player Quadra Kill?,prop,1,2026-08-16 07:00:00,218.9,Yes,54759240964563943414122006525506514164649138813059134974868853392254530073790,0.01,0.49,0.25,0.48,0.1,0.1,0.1,53.9,53.9,53.9,1,10,150
2026-08-16 03:21:04,794670,3328563,Game 1: Any Player Quadra Kill?,prop,1,2026-08-16 07:00:00,218.9,No,3415764882416558502899343870289222748176344491741189399393850850511764115705,0.51,0.99,0.75,0.48,56.1,56.1,56.1,9.9,9.9,9.9,10,1,150
2026-08-16 03:21:04,794670,3328564,Game 1: Any Player Penta Kill?,prop,1,2026-08-16 07:00:00,218.9,Yes,13295051532447157166046192139265680922043728135085913180089705073904775045437,0.01,0.5,0.255,0.49,0.05,0.05,0.05,20.0,20.0,20.0,1,8,158.960782
2026-08-16 03:21:04,794670,3328564,Game 1: Any Player Penta Kill?,prop,1,2026-08-16 07:00:00,218.9,No,10575823341762610244252200321754810018909720292358219231812285246532262125731,0.5,0.99,0.745,0.49,20.0,20.0,20.0,4.95,4.95,4.95,8,1,158.960782
2026-08-16 03:21:04,794670,3328565,Game 1: Odd/Even Total Kills?,odd_even,1,2026-08-16 07:00:00,218.9,Odd,71647229882176800767532158451795545019834459069769370202559168199907665874566,0.49,0.51,0.5,0.02,105.76,105.76,390.37,110.07,110.07,457.94,11,10,
2026-08-16 03:21:04,794670,3328565,Game 1: Odd/Even Total Kills?,odd_even,1,2026-08-16 07:00:00,218.9,Even,83921601058281979584480353186631392003584755582383854814281270923995060551086,0.49,0.51,0.5,0.02,105.76,105.76,390.37,110.07,110.07,457.94,10,11,
2026-08-16 03:21:04,794670,3328566,Game 2: Both Teams Slay Baron Nashor?,prop,2,2026-08-16 07:00:00,218.9,Yes,51393030668155752604479546072969015158016837143545844852688745542105299779630,0.01,0.99,0.5,0.98,1.24,1.24,1.24,122.56,122.56,122.56,1,1,
2026-08-16 03:21:04,794670,3328566,Game 2: Both Teams Slay Baron Nashor?,prop,2,2026-08-16 07:00:00,218.9,No,71272222238906180701825596073055507353773974125688253868336430375860995865144,0.01,0.99,0.5,0.98,1.24,1.24,1.24,122.55,122.55,122.55,1,1,
2026-08-16 03:21:04,794670,3328567,Game 2: Both Teams Slay a Dragon?,prop,2,2026-08-16 07:00:00,218.9,Yes,53765607635023443531072902446774929976076279319906793705390590793521728434706,0.01,0.99,0.5,0.98,1.24,1.24,1.24,122.55,122.55,122.55,1,1,
2026-08-16 03:21:04,794670,3328567,Game 2: Both Teams Slay a Dragon?,prop,2,2026-08-16 07:00:00,218.9,No,90285434007435995955566194309223706005125098289107460554414174787978666392830,0.01,0.99,0.5,0.98,1.24,1.24,1.24,122.55,122.55,122.55,1,1,
2026-08-16 03:21:04,794670,3328568,Game 2: Both Teams Destroy Inhibitors?,prop,2,2026-08-16 07:00:00,218.9,Yes,49414380078729951160680380355146161427162374310442702898600308732596827570302,0.01,0.99,0.5,0.98,1.24,1.24,1.24,122.55,122.55,122.55,1,1,
2026-08-16 03:21:04,794670,3328568,Game 2: Both Teams Destroy Inhibitors?,prop,2,2026-08-16 07:00:00,218.9,No,34869270742136443108941088512578459906629028321004669493305109856417149428005,0.01,0.99,0.5,0.98,1.24,1.24,1.24,122.56,122.56,122.56,1,1,
2026-08-16 03:21:04,794670,3328569,Game 2: Any Player Quadra Kill?,prop,2,2026-08-16 07:00:00,218.9,Yes,23419781834886721270600203741418152232982164602536486246068767735873276285944,0.01,0.99,0.5,0.98,0.05,0.05,0.05,4.95,4.95,4.95,1,1,
2026-08-16 03:21:04,794670,3328569,Game 2: Any Player Quadra Kill?,prop,2,2026-08-16 07:00:00,218.9,No,111698919449753590692433348621558597931890402361211561250560795799426440846164,0.01,0.99,0.5,0.98,0.05,0.05,0.05,4.95,4.95,4.95,1,1,
2026-08-16 03:21:04,794670,3328570,Game 2: Any Player Penta Kill?,prop,2,2026-08-16 07:00:00,218.9,Yes,52436584454660878246317925744723116338664487100598883866367213113448333363430,0.01,0.5,0.255,0.49,0.05,0.05,0.05,15.5,15.5,15.5,1,8,5
2026-08-16 03:21:04,794670,3328570,Game 2: Any Player Penta Kill?,prop,2,2026-08-16 07:00:00,218.9,No,3449148093871545917300512412099199808051121418398610147002854315497817103659,0.5,0.99,0.745,0.49,15.5,15.5,15.5,4.95,4.95,4.95,8,1,5
2026-08-16 03:21:04,794670,3328571,Game 2: Odd/Even Total Kills?,odd_even,2,2026-08-16 07:00:00,218.9,Odd,62148013166836212644939234079468136258421881933893587944291484504219277039239,0.49,0.51,0.5,0.02,129.76,129.76,414.37,136.07,136.07,483.94,11,11,
2026-08-16 03:21:04,794670,3328571,Game 2: Odd/Even Total Kills?,odd_even,2,2026-08-16 07:00:00,218.9,Even,632555676246877041712856545746380571234360453964058199543272958208821017961,0.49,0.51,0.5,0.02,129.76,129.76,414.37,136.07,136.07,483.94,11,11,
2026-08-16 03:21:04,794670,3328572,Game 3: Both Teams Slay Baron Nashor?,prop,3,2026-08-16 07:00:00,218.9,Yes,12738214688956245993322287639329168339764781692640819650467707144074188128894,0.01,0.99,0.5,0.98,1.24,1.24,1.24,122.56,122.56,122.56,1,1,
2026-08-16 03:21:04,794670,3328572,Game 3: Both Teams Slay Baron Nashor?,prop,3,2026-08-16 07:00:00,218.9,No,91069816958213809167662333688923813753059435106849030991919947632875075375075,0.01,0.99,0.5,0.98,1.24,1.24,1.24,122.55,122.55,122.55,1,1,
2026-08-16 03:21:04,794670,3328573,Game 3: Both Teams Slay a Dragon?,prop,3,2026-08-16 07:00:00,218.9,Yes,46244602142184817972674743176439824341014840833410382366122179497159423068273,0.01,0.99,0.5,0.98,1.24,1.24,1.24,122.55,122.55,122.55,1,1,
2026-08-16 03:21:04,794670,3328573,Game 3: Both Teams Slay a Dragon?,prop,3,2026-08-16 07:00:00,218.9,No,101974656332925414264188327367629610757342127521200254740942243355381462086751,0.01,0.99,0.5,0.98,1.24,1.24,1.24,122.56,122.56,122.56,1,1,
2026-08-16 03:21:04,794670,3328574,Game 3: Both Teams Destroy Inhibitors?,prop,3,2026-08-16 07:00:00,218.9,Yes,109222571525636117524530971056115537262617222470976246382114586203296105465382,0.01,0.99,0.5,0.98,1.24,1.24,1.24,122.56,122.56,122.56,1,1,
2026-08-16 03:21:04,794670,3328574,Game 3: Both Teams Destroy Inhibitors?,prop,3,2026-08-16 07:00:00,218.9,No,115261244396556457522125059985371866354797916201544131233716797231805623423829,0.01,0.99,0.5,0.98,1.24,1.24,1.24,122.55,122.55,122.55,1,1,
2026-08-16 03:21:04,794670,3328575,Game 3: Any Player Quadra Kill?,prop,3,2026-08-16 07:00:00,218.9,Yes,83664171899242963955174249389926103643498621192019818972108176223876123825067,0.01,0.99,0.5,0.98,0.05,0.05,0.05,4.95,4.95,4.95,1,1,
2026-08-16 03:21:04,794670,3328575,Game 3: Any Player Quadra Kill?,prop,3,2026-08-16 07:00:00,218.9,No,24539482283860468814231417477313308122193740873094848527015850735415591497745,0.01,0.99,0.5,0.98,0.05,0.05,0.05,4.95,4.95,4.95,1,1,
2026-08-16 03:21:04,794670,3328576,Game 3: Any Player Penta Kill?,prop,3,2026-08-16 07:00:00,218.9,Yes,90650846986322596750311306069883359806431003130943225385646041980572483023460,0.05,0.99,0.52,0.94,28.65,28.65,28.7,4.95,4.95,4.95,2,1,
2026-08-16 03:21:04,794670,3328576,Game 3: Any Player Penta Kill?,prop,3,2026-08-16 07:00:00,218.9,No,96328462917243919667738332714146113946394828595771932995938202409362399915033,0.01,0.95,0.48,0.94,0.05,0.05,0.05,544.35,544.35,549.3,1,2,
2026-08-16 03:21:04,794670,3328577,Game 3: Odd/Even Total Kills?,odd_even,3,2026-08-16 07:00:00,218.9,Odd,41731331869078729736059819119570383257311701104104543741639616152423141547563,0.49,0.51,0.5,0.02,129.76,129.76,414.37,136.07,136.07,483.94,11,11,
2026-08-16 03:21:04,794670,3328577,Game 3: Odd/Even Total Kills?,odd_even,3,2026-08-16 07:00:00,218.9,Even,89344548013061261779837646201220487373956976293642208316183472315742263068534,0.49,0.51,0.5,0.02,129.76,129.76,414.37,136.07,136.07,483.94,11,11,
2026-08-16 03:21:04,794670,3600069,First Blood in Game 1?,first_blood,1,2026-08-16 07:00:00,218.9,LGD Gaming,56019198501967766881375651131776293396875109593642849026206472415092127449245,0.43,0.62,0.525,0.19,6.96,6.96,6.96,24.16,24.16,24.16,13,14,153.668726
2026-08-16 03:21:04,794670,3600069,First Blood in Game 1?,first_blood,1,2026-08-16 07:00:00,218.9,JD Gaming,91129739157349664034752750887552435088219799132916517942433114801456757143941,0.38,0.57,0.475,0.19,14.8,14.8,14.8,9.23,9.23,9.23,14,13,153.668726
2026-08-16 03:21:04,794670,3600070,First Blood in Game 2?,first_blood,2,2026-08-16 07:00:00,218.9,LGD Gaming,23272533962705623823198152733635229850884366581250155154829076933063473807126,0.06,0.95,0.505,0.89,12.62,14.62,17.24,203.75,317.73,535.71,5,5,
2026-08-16 03:21:04,794670,3600070,First Blood in Game 2?,first_blood,2,2026-08-16 07:00:00,218.9,JD Gaming,21213513701859842198271025074061248037223377032557852493434334641816126684228,0.05,0.94,0.495,0.89,8.62,11.04,13.24,199.73,264.4,503.09,5,5,
2026-08-16 03:21:04,794670,3600071,Total Kills Over/Under 27.5 in Game 1?,total_kills,1,2026-08-16 07:00:00,218.9,Over,86372067191827945098524920226353210356758548216764004611848416437586087922247,0.53,0.59,0.56,0.06,2119.75,2134.75,2134.75,31.14,31.14,31.14,11,12,
2026-08-16 03:21:04,794670,3600071,Total Kills Over/Under 27.5 in Game 1?,total_kills,1,2026-08-16 07:00:00,218.9,Under,38898116374758419293033056937433672486108987534665133905437521926785479201842,0.41,0.47,0.44,0.06,21.64,21.64,21.64,1955.25,1970.25,1970.25,12,11,
2026-08-16 03:21:04,794670,3600072,Total Kills Over/Under 27.5 in Game 2?,total_kills,2,2026-08-16 07:00:00,218.9,Over,13781583258844249665301791136349861793789898322210286725474463916437506953528,0.51,0.6,0.555,0.09,2040.0,2040.0,2040.0,35.87,35.87,35.87,9,12,
2026-08-16 03:21:04,794670,3600072,Total Kills Over/Under 27.5 in Game 2?,total_kills,2,2026-08-16 07:00:00,218.9,Under,68564424261263123899319878089468296069420826741725748097317069179046409374287,0.4,0.49,0.445,0.09,23.91,23.91,23.91,1960.0,1960.0,1960.0,12,9,
2026-08-16 03:21:04,794670,3600073,Total Kills Over/Under 30.5 in Game 1?,total_kills,1,2026-08-16 07:00:00,218.9,Over,24273859160406241172085539565667187181351190409335238441305703000828781213282,0.43,0.44,0.435,0.01,29.55,33.3,33.3,663.79,1034.09,1037.45,13,14,13.337271000000001
2026-08-16 03:21:04,794670,3600073,Total Kills Over/Under 30.5 in Game 1?,total_kills,1,2026-08-16 07:00:00,218.9,Under,59755404426895966539450567895775357735108102858267644522940654792823949942085,0.56,0.57,0.565,0.01,811.31,1246.01,1249.65,39.17,44.56,44.56,14,13,13.337271000000001
2026-08-16 03:21:04,794670,3600074,Total Kills Over/Under 30.5 in Game 2?,total_kills,2,2026-08-16 07:00:00,218.9,Over,111769467495035464058086880271753220243483127266342958800382645066650247151274,0.4,0.44,0.42,0.04,31.89,31.89,57.18,33.0,50.82,50.82,14,16,13.673828
2026-08-16 03:21:04,794670,3600074,Total Kills Over/Under 30.5 in Game 2?,total_kills,2,2026-08-16 07:00:00,218.9,Under,37217028090797925515798756520645539072510340958623525368300350009857685750662,0.56,0.6,0.58,0.04,42.0,62.74,62.74,49.71,49.71,95.51,16,14,13.673828
2026-08-16 03:21:04,812501,3407762,LoL: T1 Academy vs DN SOOPers Challengers - Game 1 Winner,map,1,2026-08-16 03:00:00,-21.1,T1 Academy,73064582482235014598278036393310819830718392444970483545371753650678400834736,0.81,0.83,0.82,0.02,620.61,862.16,862.16,68.35,654.53,1056.86,58,16,21666.297488999997
2026-08-16 03:21:04,812501,3407762,LoL: T1 Academy vs DN SOOPers Challengers - Game 1 Winner,map,1,2026-08-16 03:00:00,-21.1,DN SOOPers Challengers,44224995904119349774883897648437602028511976750577753161233745822302188026009,0.17,0.19,0.18,0.02,13.14,115.23,171.9,41.35,130.61,130.61,16,58,21666.297488999997
2026-08-16 03:21:04,812501,3407763,LoL: T1 Academy vs DN SOOPers Challengers - Game 2 Winner,map,2,2026-08-16 03:00:00,-21.1,T1 Academy,95353452252504879943365852237238076881007218537823436733287745422250853187273,0.61,0.67,0.64,0.06,69.04,178.93,534.6,31.49,45.44,187.99,29,17,1559.953181
2026-08-16 03:21:04,812501,3407763,LoL: T1 Academy vs DN SOOPers Challengers - Game 2 Winner,map,2,2026-08-16 03:00:00,-21.1,DN SOOPers Challengers,99458406464843999033426214685546564937703458262249894941487909247317378751500,0.33,0.39,0.36,0.06,15.51,21.56,84.78,45.86,124.1,394.74,17,29,1559.953181
2026-08-16 03:21:04,812501,3407764,LoL: T1 Academy vs DN SOOPers Challengers (BO3) - LCK Challengers League Rounds 3-4 Challenge Group,series,,2026-08-16 03:00:00,-21.1,T1 Academy,47149118006951667535600667260288389920280393498307875124395202668413731841386,0.79,0.8,0.795,0.01,239.06,242.86,429.05,161.36,3075.52,4499.37,64,20,32426.638277000002
2026-08-16 03:21:04,812501,3407764,LoL: T1 Academy vs DN SOOPers Challengers (BO3) - LCK Challengers League Rounds 3-4 Challenge Group,series,,2026-08-16 03:00:00,-21.1,DN SOOPers Challengers,35771467724294116916325429263618132001025645920509860605241357593060072915080,0.2,0.21,0.205,0.01,39.97,659.81,913.96,65.18,66.38,128.84,20,64,32426.638277000002
2026-08-16 03:21:04,812501,3407765,Games Total: O/U 2.5,total_games,,2026-08-16 03:00:00,-21.1,Over,28472689572385395046814959443344867949877348180594356550677806556781097456645,0.35,0.47,0.41,0.12,5.2,22.14,67.14,148.95,2598.95,2598.95,16,23,2325.329419
2026-08-16 03:21:04,812501,3407765,Games Total: O/U 2.5,total_games,,2026-08-16 03:00:00,-21.1,Under,60445358403756320386117803063638244982681533893147355431057150905897946227833,0.53,0.66,0.595,0.13,167.55,2717.55,2717.55,6.65,28.92,72.03,23,15,2325.329419
2026-08-16 03:21:04,812501,3407766,Game Handicap: T1.A (-1.5) vs DN SOOPers Challengers (+1.5),handicap,,2026-08-16 03:00:00,-21.1,T1 Academy,84157633848545715495802069650574598688014859523476823863021692534294083596234,0.27,0.81,0.54,0.54,271.42,309.17,421.17,27.63,32.88,32.88,16,14,4034.2045909999993
2026-08-16 03:21:04,812501,3407766,Game Handicap: T1.A (-1.5) vs DN SOOPers Challengers (+1.5),handicap,,2026-08-16 03:00:00,-21.1,DN SOOPers Challengers,59885163287384748425978349155060122398367607750229429662790248778661914966815,0.19,0.73,0.46,0.54,6.14,7.14,7.14,734.58,851.83,1239.83,14,16,4034.2045909999993
2026-08-16 03:21:04,812501,3407767,Game 1: Both Teams Slay Baron Nashor?,prop,1,2026-08-16 03:00:00,-21.1,Yes,98101395767675076675527407445074221726108082242766140122999013673078296924579,,0.99,,,0.0,0.0,0.0,68.61,68.61,68.61,0,1,
2026-08-16 03:21:04,812501,3407767,Game 1: Both Teams Slay Baron Nashor?,prop,1,2026-08-16 03:00:00,-21.1,No,87290422765316042161691235931778600664413826002993109373647521758362141675985,0.01,,,,0.69,0.69,0.69,0.0,0.0,0.0,1,0,
2026-08-16 03:21:04,812501,3407768,Game 1: Both Teams Slay a Dragon?,prop,1,2026-08-16 03:00:00,-21.1,Yes,79133110729101040979354156439270499254586169460530893547581424624230600191218,0.01,0.99,0.5,0.98,0.69,0.69,0.69,68.61,68.61,68.61,1,1,
2026-08-16 03:21:04,812501,3407768,Game 1: Both Teams Slay a Dragon?,prop,1,2026-08-16 03:00:00,-21.1,No,87080835968360541907825236999430484259205742264350853747971304100745674369240,0.01,0.99,0.5,0.98,0.69,0.69,0.69,68.61,68.61,68.61,1,1,
2026-08-16 03:21:04,812501,3407769,Game 1: Both Teams Destroy Inhibitors?,prop,1,2026-08-16 03:00:00,-21.1,Yes,41139893037576161188872686171355639757952754277902695214824790970502190000612,,0.99,,,0.0,0.0,0.0,68.61,68.61,68.61,0,1,
2026-08-16 03:21:04,812501,3407769,Game 1: Both Teams Destroy Inhibitors?,prop,1,2026-08-16 03:00:00,-21.1,No,11713257346113337208480784843855658054574586574869772753013260214337317995798,0.01,,,,0.69,0.69,0.69,0.0,0.0,0.0,1,0,
2026-08-16 03:21:04,812501,3407770,Game 1: Any Player Quadra Kill?,prop,1,2026-08-16 03:00:00,-21.1,Yes,89699116073306046966497778316057094796992801124411211058742622862658371484340,,,,,0.0,0.0,0.0,0.0,0.0,0.0,0,0,
2026-08-16 03:21:04,812501,3407770,Game 1: Any Player Quadra Kill?,prop,1,2026-08-16 03:00:00,-21.1,No,110062225856361250232451733223883585889494582661648143328404444970890540170304,,,,,0.0,0.0,0.0,0.0,0.0,0.0,0,0,
2026-08-16 03:21:04,812501,3407771,Game 1: Any Player Penta Kill?,prop,1,2026-08-16 03:00:00,-21.1,Yes,88817477593294431833892116040780787623551401078456392425497729385704534047793,,,,,0.0,0.0,0.0,0.0,0.0,0.0,0,0,15
2026-08-16 03:21:04,812501,3407771,Game 1: Any Player Penta Kill?,prop,1,2026-08-16 03:00:00,-21.1,No,87228406489657215756146618888458284422804785033968690974967482020371044943402,,,,,0.0,0.0,0.0,0.0,0.0,0.0,0,0,15
2026-08-16 03:21:04,812501,3407772,Game 1: Odd/Even Total Kills?,odd_even,1,2026-08-16 03:00:00,-21.1,Odd,9658086584873290771888578167645806108924909117236645290998179613625891551542,0.01,0.99,0.5,0.98,0.69,0.69,0.69,68.61,68.61,68.61,1,1,
2026-08-16 03:21:04,812501,3407772,Game 1: Odd/Even Total Kills?,odd_even,1,2026-08-16 03:00:00,-21.1,Even,83684129425305084306307142763549562651923693209012555176967712625225705220248,0.01,0.99,0.5,0.98,0.69,0.69,0.69,68.61,68.61,68.61,1,1,
2026-08-16 03:21:04,812501,3407773,Game 2: Both Teams Slay Baron Nashor?,prop,2,2026-08-16 03:00:00,-21.1,Yes,89297658295572950589193242688452597590018694715450307826825161120216168342242,,0.99,,,0.0,0.0,0.0,68.61,68.61,68.61,0,1,
2026-08-16 03:21:04,812501,3407773,Game 2: Both Teams Slay Baron Nashor?,prop,2,2026-08-16 03:00:00,-21.1,No,41370542629085814587327819175960375440467523596272908663943995486002518200858,0.01,,,,0.69,0.69,0.69,0.0,0.0,0.0,1,0,
2026-08-16 03:21:04,812501,3407774,Game 2: Both Teams Slay a Dragon?,prop,2,2026-08-16 03:00:00,-21.1,Yes,17213094384783561920447144318373049743601212254959536036565288413982307904891,0.01,0.99,0.5,0.98,0.69,0.69,0.69,68.61,68.61,68.61,1,1,
2026-08-16 03:21:04,812501,3407774,Game 2: Both Teams Slay a Dragon?,prop,2,2026-08-16 03:00:00,-21.1,No,107361772230415915958955632622848371567473066269823321881145126999923158623096,0.01,0.99,0.5,0.98,0.69,0.69,0.69,68.61,68.61,68.61,1,1,
2026-08-16 03:21:04,812501,3407775,Game 2: Both Teams Destroy Inhibitors?,prop,2,2026-08-16 03:00:00,-21.1,Yes,37085151396073944699750657470272385075014179379747539854914347479603815316699,,0.99,,,0.0,0.0,0.0,68.61,68.61,68.61,0,1,
2026-08-16 03:21:04,812501,3407775,Game 2: Both Teams Destroy Inhibitors?,prop,2,2026-08-16 03:00:00,-21.1,No,115153163980740373959185278746365667228368300396797954685717305797766491026714,0.01,,,,0.69,0.69,0.69,0.0,0.0,0.0,1,0,
2026-08-16 03:21:04,812501,3407776,Game 2: Any Player Quadra Kill?,prop,2,2026-08-16 03:00:00,-21.1,Yes,92366871030395219227539229526027723469617721035967924535754927351839920760282,,,,,0.0,0.0,0.0,0.0,0.0,0.0,0,0,
2026-08-16 03:21:04,812501,3407776,Game 2: Any Player Quadra Kill?,prop,2,2026-08-16 03:00:00,-21.1,No,108131379290397497921034320795187253387625375475492003495114439351232186339057,,,,,0.0,0.0,0.0,0.0,0.0,0.0,0,0,
2026-08-16 03:21:04,812501,3407777,Game 2: Any Player Penta Kill?,prop,2,2026-08-16 03:00:00,-21.1,Yes,17979466769376123931528681389233276317538527490930446639079169530069864950578,,,,,0.0,0.0,0.0,0.0,0.0,0.0,0,0,
2026-08-16 03:21:04,812501,3407777,Game 2: Any Player Penta Kill?,prop,2,2026-08-16 03:00:00,-21.1,No,98518636466579073594826930528319759549288909542166508168276302065256239237641,,,,,0.0,0.0,0.0,0.0,0.0,0.0,0,0,
2026-08-16 03:21:04,812501,3407778,Game 2: Odd/Even Total Kills?,odd_even,2,2026-08-16 03:00:00,-21.1,Odd,59779735910433430026922845250121216304233262452139448197463634726945263917642,0.01,0.99,0.5,0.98,0.69,0.69,0.69,68.61,68.61,68.61,1,1,
2026-08-16 03:21:04,812501,3407778,Game 2: Odd/Even Total Kills?,odd_even,2,2026-08-16 03:00:00,-21.1,Even,63820986229538783051704393626483275773639389915746997330375253931539704114052,0.01,0.99,0.5,0.98,0.69,0.69,0.69,68.61,68.61,68.61,1,1,
2026-08-16 03:21:04,812501,3407779,Game 3: Both Teams Slay Baron Nashor?,prop,3,2026-08-16 03:00:00,-21.1,Yes,113252981035414606041270247891785674937112739878099898576536010241670893541263,,0.99,,,0.0,0.0,0.0,68.61,68.61,68.61,0,1,
2026-08-16 03:21:04,812501,3407779,Game 3: Both Teams Slay Baron Nashor?,prop,3,2026-08-16 03:00:00,-21.1,No,80269374401740033283890248739835625511400013599013392298323688208415881374403,0.01,,,,0.69,0.69,0.69,0.0,0.0,0.0,1,0,
2026-08-16 03:21:04,812501,3407780,Game 3: Both Teams Slay a Dragon?,prop,3,2026-08-16 03:00:00,-21.1,Yes,48391266703243630062101276354060508850367984077172049881809538405140552864794,0.01,0.99,0.5,0.98,0.69,0.69,0.69,68.61,68.61,68.61,1,1,
2026-08-16 03:21:04,812501,3407780,Game 3: Both Teams Slay a Dragon?,prop,3,2026-08-16 03:00:00,-21.1,No,60057711611640343525293620284391058123978522706360481026432587479418071602197,0.01,0.99,0.5,0.98,0.69,0.69,0.69,68.61,68.61,68.61,1,1,
2026-08-16 03:21:04,812501,3407781,Game 3: Both Teams Destroy Inhibitors?,prop,3,2026-08-16 03:00:00,-21.1,Yes,39542350196021563282639112300447540076267664844340741091676361618690741390605,,0.99,,,0.0,0.0,0.0,68.61,68.61,68.61,0,1,
2026-08-16 03:21:04,812501,3407781,Game 3: Both Teams Destroy Inhibitors?,prop,3,2026-08-16 03:00:00,-21.1,No,91364380906232166017713665249534353715037087368263061017016710270940804207208,0.01,,,,0.69,0.69,0.69,0.0,0.0,0.0,1,0,
2026-08-16 03:21:04,812501,3407782,Game 3: Any Player Quadra Kill?,prop,3,2026-08-16 03:00:00,-21.1,Yes,37307632162746025253829849316049566979299478000450149685938586430830071550912,,,,,0.0,0.0,0.0,0.0,0.0,0.0,0,0,
2026-08-16 03:21:04,812501,3407782,Game 3: Any Player Quadra Kill?,prop,3,2026-08-16 03:00:00,-21.1,No,63982252988628134667878426985084368415157271810425345961600074461416139881254,,,,,0.0,0.0,0.0,0.0,0.0,0.0,0,0,
2026-08-16 03:21:04,812501,3407783,Game 3: Any Player Penta Kill?,prop,3,2026-08-16 03:00:00,-21.1,Yes,70747408516516735967153070084967598515783840448108993307182613154174484046545,,,,,0.0,0.0,0.0,0.0,0.0,0.0,0,0,
2026-08-16 03:21:04,812501,3407783,Game 3: Any Player Penta Kill?,prop,3,2026-08-16 03:00:00,-21.1,No,61690140592430459017872087614812557860059428369264397142831763490231186466635,,,,,0.0,0.0,0.0,0.0,0.0,0.0,0,0,
2026-08-16 03:21:04,812501,3407784,Game 3: Odd/Even Total Kills?,odd_even,3,2026-08-16 03:00:00,-21.1,Odd,98933627551267508447263863349434570031436709045139598213619410896491820344484,0.21,0.99,0.6,0.78,6.3,6.3,6.3,68.61,68.61,68.61,2,1,57
2026-08-16 03:21:04,812501,3407784,Game 3: Odd/Even Total Kills?,odd_even,3,2026-08-16 03:00:00,-21.1,Even,108512589332558883006762920479152265565445840370520718453759163242503924433460,0.01,0.79,0.4,0.78,0.69,0.69,0.69,23.7,23.7,23.7,1,2,57
2026-08-16 03:26:52,794670,3328548,LoL: LGD Gaming vs JD Gaming - Game 1 Winner,map,1,2026-08-16 07:00:00,213.1,LGD Gaming,102824621641118762965445948988944232408946848044875046151255905758443167819720,0.34,0.35,0.345,0.01,10963.64,12145.92,12621.93,1274.93,9528.63,15725.09,32,48,7589.796081999999
2026-08-16 03:26:52,794670,3328548,LoL: LGD Gaming vs JD Gaming - Game 1 Winner,map,1,2026-08-16 07:00:00,213.1,JD Gaming,5610842165726021683555265943500609425926260191866810595505563492143684632795,0.65,0.66,0.655,0.01,2309.95,15841.25,25464.39,21735.0,24278.91,25426.9,48,32,7589.796081999999
2026-08-16 03:26:52,794670,3328549,LoL: LGD Gaming vs JD Gaming - Game 2 Winner,map,2,2026-08-16 07:00:00,213.1,LGD Gaming,82574079455380485307870566905432542477770027137328166955907688212003660779823,0.34,0.35,0.345,0.01,9127.35,10313.41,10976.76,1019.04,6619.04,12843.29,28,45,5862.406076
2026-08-16 03:26:52,794670,3328549,LoL: LGD Gaming vs JD Gaming - Game 2 Winner,map,2,2026-08-16 07:00:00,213.1,JD Gaming,10563394827917084153761282238096209863350510544921913247095324708333866949479,0.65,0.66,0.655,0.01,1843.98,11018.98,20678.54,18171.99,20723.91,22330.56,45,28,5862.406076
2026-08-16 03:26:52,794670,3328557,LoL: LGD Gaming vs JD Gaming (BO3) - LPL Group Ascend,series,,2026-08-16 07:00:00,213.1,LGD Gaming,90596016317732598930042651202220149760734651475626776107226569633373956684009,0.3,0.31,0.305,0.01,12982.68,22206.57,24194.31,26450.34,36957.67,38612.36,25,51,39077.13415800001
2026-08-16 03:26:52,794670,3328557,LoL: LGD Gaming vs JD Gaming (BO3) - LPL Group Ascend,series,,2026-08-16 07:00:00,213.1,JD Gaming,31707656722465422977190920295558941573063633834949721176855024182888171884798,0.69,0.7,0.695,0.01,57573.03,78688.29,81761.29,31407.25,55340.15,61203.41,51,25,39077.13415800001
2026-08-16 03:26:52,794670,3328558,Games Total: O/U 2.5,total_games,,2026-08-16 07:00:00,213.1,Over,93007094417708994780435747129625065934584062458065943197557434205893019411611,0.44,0.45,0.445,0.01,7311.18,16224.52,18779.52,979.87,16181.99,17521.63,21,29,4885.757082
2026-08-16 03:26:52,794670,3328558,Games Total: O/U 2.5,total_games,,2026-08-16 07:00:00,213.1,Under,40101255319653575218849591375056953309085453947892993011008860239292211411949,0.55,0.56,0.555,0.01,1159.84,17951.72,19315.74,9663.51,22030.19,25975.19,29,21,4885.757082
2026-08-16 03:26:52,794670,3328559,Game Handicap: JDG (-1.5) vs LGD Gaming (+1.5),handicap,,2026-08-16 07:00:00,213.1,JD Gaming,6246925247605876855027437546764427752148257339899783681629942804531689023181,0.4,0.41,0.405,0.01,13757.31,19028.98,19604.32,663.2,10212.64,10897.64,25,26,3021.543291
2026-08-16 03:26:52,794670,3328559,Game Handicap: JDG (-1.5) vs LGD Gaming (+1.5),handicap,,2026-08-16 07:00:00,213.1,LGD Gaming,71668934447533029681808612198027914932613846253331431034315824294879762898701,0.59,0.6,0.595,0.01,946.8,13370.36,14185.36,20916.17,29596.27,30619.47,26,25,3021.543291
2026-08-16 03:26:52,794670,3328560,Game 1: Both Teams Slay Baron Nashor?,prop,1,2026-08-16 07:00:00,213.1,Yes,106016650781895533103269577856158924093518279389268169472924553842755893932958,0.01,0.98,0.495,0.97,1.24,1.24,1.24,270.59,270.59,270.59,1,2,
2026-08-16 03:26:52,794670,3328560,Game 1: Both Teams Slay Baron Nashor?,prop,1,2026-08-16 07:00:00,213.1,No,93363411253667740002937673567896008645173078046970056745156397764945586592066,0.02,0.99,0.505,0.97,3.24,3.24,3.24,122.56,122.56,122.56,2,1,
2026-08-16 03:26:52,794670,3328561,Game 1: Both Teams Slay a Dragon?,prop,1,2026-08-16 07:00:00,213.1,Yes,20211963484936833277620128848373331998329552694017778302508765009527750048347,0.02,0.99,0.505,0.97,3.24,3.24,3.24,122.56,122.56,122.56,2,1,
2026-08-16 03:26:52,794670,3328561,Game 1: Both Teams Slay a Dragon?,prop,1,2026-08-16 07:00:00,213.1,No,678051504835143736914571134894808362988699541199720092414705245126793076863,0.01,0.98,0.495,0.97,1.24,1.24,1.24,269.97,269.97,269.97,1,2,
2026-08-16 03:26:52,794670,3328562,Game 1: Both Teams Destroy Inhibitors?,prop,1,2026-08-16 07:00:00,213.1,Yes,13053838717970023924399823411335499136646595880187348049401580850373318096695,0.01,0.98,0.495,0.97,1.24,1.24,1.24,267.57,267.57,267.57,1,2,
2026-08-16 03:26:52,794670,3328562,Game 1: Both Teams Destroy Inhibitors?,prop,1,2026-08-16 07:00:00,213.1,No,112510476157851535244688600363964555051776899383792779832675842908460550665691,0.02,0.99,0.505,0.97,3.18,3.18,3.18,122.55,122.55,122.55,2,1,
2026-08-16 03:26:52,794670,3328563,Game 1: Any Player Quadra Kill?,prop,1,2026-08-16 07:00:00,213.1,Yes,54759240964563943414122006525506514164649138813059134974868853392254530073790,0.01,0.49,0.25,0.48,0.1,0.1,0.1,53.9,53.9,53.9,1,10,150
2026-08-16 03:26:52,794670,3328563,Game 1: Any Player Quadra Kill?,prop,1,2026-08-16 07:00:00,213.1,No,3415764882416558502899343870289222748176344491741189399393850850511764115705,0.51,0.99,0.75,0.48,56.1,56.1,56.1,9.9,9.9,9.9,10,1,150
2026-08-16 03:26:52,794670,3328564,Game 1: Any Player Penta Kill?,prop,1,2026-08-16 07:00:00,213.1,Yes,13295051532447157166046192139265680922043728135085913180089705073904775045437,0.01,0.5,0.255,0.49,0.05,0.05,0.05,20.0,20.0,20.0,1,8,158.960782
2026-08-16 03:26:52,794670,3328564,Game 1: Any Player Penta Kill?,prop,1,2026-08-16 07:00:00,213.1,No,10575823341762610244252200321754810018909720292358219231812285246532262125731,0.5,0.99,0.745,0.49,20.0,20.0,20.0,4.95,4.95,4.95,8,1,158.960782
2026-08-16 03:26:52,794670,3328565,Game 1: Odd/Even Total Kills?,odd_even,1,2026-08-16 07:00:00,213.1,Odd,71647229882176800767532158451795545019834459069769370202559168199907665874566,0.49,0.51,0.5,0.02,129.76,129.76,414.37,136.07,136.07,483.94,11,11,
2026-08-16 03:26:52,794670,3328565,Game 1: Odd/Even Total Kills?,odd_even,1,2026-08-16 07:00:00,213.1,Even,83921601058281979584480353186631392003584755582383854814281270923995060551086,0.49,0.51,0.5,0.02,129.76,129.76,414.37,136.07,136.07,483.94,11,11,
2026-08-16 03:26:52,794670,3328566,Game 2: Both Teams Slay Baron Nashor?,prop,2,2026-08-16 07:00:00,213.1,Yes,51393030668155752604479546072969015158016837143545844852688745542105299779630,0.01,0.99,0.5,0.98,1.24,1.24,1.24,122.56,122.56,122.56,1,1,
2026-08-16 03:26:52,794670,3328566,Game 2: Both Teams Slay Baron Nashor?,prop,2,2026-08-16 07:00:00,213.1,No,71272222238906180701825596073055507353773974125688253868336430375860995865144,0.01,0.99,0.5,0.98,1.24,1.24,1.24,122.55,122.55,122.55,1,1,
2026-08-16 03:26:52,794670,3328567,Game 2: Both Teams Slay a Dragon?,prop,2,2026-08-16 07:00:00,213.1,Yes,53765607635023443531072902446774929976076279319906793705390590793521728434706,0.01,0.99,0.5,0.98,1.24,1.24,1.24,122.55,122.55,122.55,1,1,
2026-08-16 03:26:52,794670,3328567,Game 2: Both Teams Slay a Dragon?,prop,2,2026-08-16 07:00:00,213.1,No,90285434007435995955566194309223706005125098289107460554414174787978666392830,0.01,0.99,0.5,0.98,1.24,1.24,1.24,122.55,122.55,122.55,1,1,
2026-08-16 03:26:52,794670,3328568,Game 2: Both Teams Destroy Inhibitors?,prop,2,2026-08-16 07:00:00,213.1,Yes,49414380078729951160680380355146161427162374310442702898600308732596827570302,0.01,0.99,0.5,0.98,1.24,1.24,1.24,122.55,122.55,122.55,1,1,
2026-08-16 03:26:52,794670,3328568,Game 2: Both Teams Destroy Inhibitors?,prop,2,2026-08-16 07:00:00,213.1,No,34869270742136443108941088512578459906629028321004669493305109856417149428005,0.01,0.99,0.5,0.98,1.24,1.24,1.24,122.56,122.56,122.56,1,1,
2026-08-16 03:26:52,794670,3328569,Game 2: Any Player Quadra Kill?,prop,2,2026-08-16 07:00:00,213.1,Yes,23419781834886721270600203741418152232982164602536486246068767735873276285944,0.01,0.99,0.5,0.98,0.05,0.05,0.05,4.95,4.95,4.95,1,1,
2026-08-16 03:26:52,794670,3328569,Game 2: Any Player Quadra Kill?,prop,2,2026-08-16 07:00:00,213.1,No,111698919449753590692433348621558597931890402361211561250560795799426440846164,0.01,0.99,0.5,0.98,0.05,0.05,0.05,4.95,4.95,4.95,1,1,
2026-08-16 03:26:52,794670,3328570,Game 2: Any Player Penta Kill?,prop,2,2026-08-16 07:00:00,213.1,Yes,52436584454660878246317925744723116338664487100598883866367213113448333363430,0.01,0.5,0.255,0.49,0.05,0.05,0.05,15.5,15.5,15.5,1,8,5
2026-08-16 03:26:52,794670,3328570,Game 2: Any Player Penta Kill?,prop,2,2026-08-16 07:00:00,213.1,No,3449148093871545917300512412099199808051121418398610147002854315497817103659,0.5,0.99,0.745,0.49,15.5,15.5,15.5,4.95,4.95,4.95,8,1,5
2026-08-16 03:26:52,794670,3328571,Game 2: Odd/Even Total Kills?,odd_even,2,2026-08-16 07:00:00,213.1,Odd,62148013166836212644939234079468136258421881933893587944291484504219277039239,0.49,0.51,0.5,0.02,129.76,129.76,414.37,136.07,136.07,483.94,11,11,
2026-08-16 03:26:52,794670,3328571,Game 2: Odd/Even Total Kills?,odd_even,2,2026-08-16 07:00:00,213.1,Even,632555676246877041712856545746380571234360453964058199543272958208821017961,0.49,0.51,0.5,0.02,129.76,129.76,414.37,136.07,136.07,483.94,11,11,
2026-08-16 03:26:52,794670,3328572,Game 3: Both Teams Slay Baron Nashor?,prop,3,2026-08-16 07:00:00,213.1,Yes,12738214688956245993322287639329168339764781692640819650467707144074188128894,0.01,0.99,0.5,0.98,1.24,1.24,1.24,122.56,122.56,122.56,1,1,
2026-08-16 03:26:52,794670,3328572,Game 3: Both Teams Slay Baron Nashor?,prop,3,2026-08-16 07:00:00,213.1,No,91069816958213809167662333688923813753059435106849030991919947632875075375075,0.01,0.99,0.5,0.98,1.24,1.24,1.24,122.55,122.55,122.55,1,1,
2026-08-16 03:26:52,794670,3328573,Game 3: Both Teams Slay a Dragon?,prop,3,2026-08-16 07:00:00,213.1,Yes,46244602142184817972674743176439824341014840833410382366122179497159423068273,0.01,0.99,0.5,0.98,1.24,1.24,1.24,122.55,122.55,122.55,1,1,
2026-08-16 03:26:52,794670,3328573,Game 3: Both Teams Slay a Dragon?,prop,3,2026-08-16 07:00:00,213.1,No,101974656332925414264188327367629610757342127521200254740942243355381462086751,0.01,0.99,0.5,0.98,1.24,1.24,1.24,122.56,122.56,122.56,1,1,
2026-08-16 03:26:52,794670,3328574,Game 3: Both Teams Destroy Inhibitors?,prop,3,2026-08-16 07:00:00,213.1,Yes,109222571525636117524530971056115537262617222470976246382114586203296105465382,0.01,0.99,0.5,0.98,1.24,1.24,1.24,122.56,122.56,122.56,1,1,
2026-08-16 03:26:52,794670,3328574,Game 3: Both Teams Destroy Inhibitors?,prop,3,2026-08-16 07:00:00,213.1,No,115261244396556457522125059985371866354797916201544131233716797231805623423829,0.01,0.99,0.5,0.98,1.24,1.24,1.24,122.55,122.55,122.55,1,1,
2026-08-16 03:26:52,794670,3328575,Game 3: Any Player Quadra Kill?,prop,3,2026-08-16 07:00:00,213.1,Yes,83664171899242963955174249389926103643498621192019818972108176223876123825067,0.01,0.99,0.5,0.98,0.05,0.05,0.05,4.95,4.95,4.95,1,1,
2026-08-16 03:26:52,794670,3328575,Game 3: Any Player Quadra Kill?,prop,3,2026-08-16 07:00:00,213.1,No,24539482283860468814231417477313308122193740873094848527015850735415591497745,0.01,0.99,0.5,0.98,0.05,0.05,0.05,4.95,4.95,4.95,1,1,
2026-08-16 03:26:52,794670,3328576,Game 3: Any Player Penta Kill?,prop,3,2026-08-16 07:00:00,213.1,Yes,90650846986322596750311306069883359806431003130943225385646041980572483023460,0.05,0.99,0.52,0.94,28.65,28.65,28.7,4.95,4.95,4.95,2,1,
2026-08-16 03:26:52,794670,3328576,Game 3: Any Player Penta Kill?,prop,3,2026-08-16 07:00:00,213.1,No,96328462917243919667738332714146113946394828595771932995938202409362399915033,0.01,0.95,0.48,0.94,0.05,0.05,0.05,544.35,544.35,549.3,1,2,
2026-08-16 03:26:52,794670,3328577,Game 3: Odd/Even Total Kills?,odd_even,3,2026-08-16 07:00:00,213.1,Odd,41731331869078729736059819119570383257311701104104543741639616152423141547563,0.49,0.51,0.5,0.02,129.76,129.76,414.37,136.07,136.07,483.94,11,11,
2026-08-16 03:26:52,794670,3328577,Game 3: Odd/Even Total Kills?,odd_even,3,2026-08-16 07:00:00,213.1,Even,89344548013061261779837646201220487373956976293642208316183472315742263068534,0.49,0.51,0.5,0.02,129.76,129.76,414.37,136.07,136.07,483.94,11,11,
2026-08-16 03:26:52,794670,3600069,First Blood in Game 1?,first_blood,1,2026-08-16 07:00:00,213.1,LGD Gaming,56019198501967766881375651131776293396875109593642849026206472415092127449245,0.43,0.62,0.525,0.19,6.96,6.96,6.96,24.16,24.16,24.16,13,14,153.668726
2026-08-16 03:26:52,794670,3600069,First Blood in Game 1?,first_blood,1,2026-08-16 07:00:00,213.1,JD Gaming,91129739157349664034752750887552435088219799132916517942433114801456757143941,0.38,0.57,0.475,0.19,14.8,14.8,14.8,9.23,9.23,9.23,14,13,153.668726
2026-08-16 03:26:52,794670,3600070,First Blood in Game 2?,first_blood,2,2026-08-16 07:00:00,213.1,LGD Gaming,23272533962705623823198152733635229850884366581250155154829076933063473807126,0.06,0.95,0.505,0.89,12.62,14.62,17.24,203.75,317.73,535.71,5,5,
2026-08-16 03:26:52,794670,3600070,First Blood in Game 2?,first_blood,2,2026-08-16 07:00:00,213.1,JD Gaming,21213513701859842198271025074061248037223377032557852493434334641816126684228,0.05,0.94,0.495,0.89,8.62,11.04,13.24,199.73,264.4,503.09,5,5,
2026-08-16 03:26:52,794670,3600071,Total Kills Over/Under 27.5 in Game 1?,total_kills,1,2026-08-16 07:00:00,213.1,Over,86372067191827945098524920226353210356758548216764004611848416437586087922247,0.53,0.76,0.645,0.23,2119.75,2134.75,2134.75,202.21,202.21,210.74,11,10,
2026-08-16 03:26:52,794670,3600071,Total Kills Over/Under 27.5 in Game 1?,total_kills,1,2026-08-16 07:00:00,213.1,Under,38898116374758419293033056937433672486108987534665133905437521926785479201842,0.24,0.47,0.355,0.23,63.0,63.0,65.0,1955.25,1970.25,1970.25,10,11,
2026-08-16 03:26:52,794670,3600072,Total Kills Over/Under 27.5 in Game 2?,total_kills,2,2026-08-16 07:00:00,213.1,Over,13781583258844249665301791136349861793789898322210286725474463916437506953528,0.51,0.75,0.63,0.24,2040.0,2040.0,2040.0,172.16,172.16,228.58,9,11,
2026-08-16 03:26:52,794670,3600072,Total Kills Over/Under 27.5 in Game 2?,total_kills,2,2026-08-16 07:00:00,213.1,Under,68564424261263123899319878089468296069420826741725748097317069179046409374287,0.25,0.49,0.37,0.24,57.0,57.0,72.0,1960.0,1960.0,1960.0,11,9,
2026-08-16 03:26:52,794670,3600073,Total Kills Over/Under 30.5 in Game 1?,total_kills,1,2026-08-16 07:00:00,213.1,Over,24273859160406241172085539565667187181351190409335238441305703000828781213282,0.43,0.44,0.435,0.01,29.55,33.3,33.3,663.79,1034.09,1037.45,13,14,13.337271000000001
2026-08-16 03:26:52,794670,3600073,Total Kills Over/Under 30.5 in Game 1?,total_kills,1,2026-08-16 07:00:00,213.1,Under,59755404426895966539450567895775357735108102858267644522940654792823949942085,0.56,0.57,0.565,0.01,811.31,1246.01,1249.65,39.17,44.56,44.56,14,13,13.337271000000001
2026-08-16 03:26:52,794670,3600074,Total Kills Over/Under 30.5 in Game 2?,total_kills,2,2026-08-16 07:00:00,213.1,Over,111769467495035464058086880271753220243483127266342958800382645066650247151274,0.4,0.46,0.43,0.06,31.89,31.89,57.18,17.82,17.82,17.82,15,15,13.673828
2026-08-16 03:26:52,794670,3600074,Total Kills Over/Under 30.5 in Game 2?,total_kills,2,2026-08-16 07:00:00,213.1,Under,37217028090797925515798756520645539072510340958623525368300350009857685750662,0.54,0.6,0.57,0.06,20.74,20.74,20.74,49.71,49.71,95.51,15,15,13.673828
2026-08-16 03:26:52,812501,3407762,LoL: T1 Academy vs DN SOOPers Challengers - Game 1 Winner,map,1,2026-08-16 03:00:00,-26.9,T1 Academy,73064582482235014598278036393310819830718392444970483545371753650678400834736,0.7,0.76,0.73,0.06,38.7,193.0,209.25,61.1,332.36,348.36,53,20,21666.297488999997
2026-08-16 03:26:52,812501,3407762,LoL: T1 Academy vs DN SOOPers Challengers - Game 1 Winner,map,1,2026-08-16 03:00:00,-26.9,DN SOOPers Challengers,44224995904119349774883897648437602028511976750577753161233745822302188026009,0.24,0.29,0.265,0.05,18.9,91.56,95.56,2.95,25.16,94.46,20,53,21666.297488999997
2026-08-16 03:26:52,812501,3407763,LoL: T1 Academy vs DN SOOPers Challengers - Game 2 Winner,map,2,2026-08-16 03:00:00,-26.9,T1 Academy,95353452252504879943365852237238076881007218537823436733287745422250853187273,0.63,0.68,0.655,0.05,132.96,815.7,942.51,26.91,37.41,146.91,31,15,1559.953181
2026-08-16 03:26:52,812501,3407763,LoL: T1 Academy vs DN SOOPers Challengers - Game 2 Winner,map,2,2026-08-16 03:00:00,-26.9,DN SOOPers Challengers,99458406464843999033426214685546564937703458262249894941487909247317378751500,0.32,0.37,0.345,0.05,12.59,17.09,57.59,81.26,519.42,609.11,15,31,1559.953181
2026-08-16 03:26:52,812501,3407764,LoL: T1 Academy vs DN SOOPers Challengers (BO3) - LCK Challengers League Rounds 3-4 Challenge Group,series,,2026-08-16 03:00:00,-26.9,T1 Academy,47149118006951667535600667260288389920280393498307875124395202668413731841386,0.7,0.73,0.715,0.03,311.28,324.68,492.65,36.9,190.26,1059.39,52,27,32426.638277000002
2026-08-16 03:26:52,812501,3407764,LoL: T1 Academy vs DN SOOPers Challengers (BO3) - LCK Challengers League Rounds 3-4 Challenge Group,series,,2026-08-16 03:00:00,-26.9,DN SOOPers Challengers,35771467724294116916325429263618132001025645920509860605241357593060072915080,0.27,0.3,0.285,0.03,13.1,78.12,548.19,133.41,140.01,217.91,27,52,32426.638277000002
2026-08-16 03:26:52,812501,3407765,Games Total: O/U 2.5,total_games,,2026-08-16 03:00:00,-26.9,Over,28472689572385395046814959443344867949877348180594356550677806556781097456645,0.3,0.51,0.405,0.21,8.0,14.75,19.75,194.85,194.85,194.85,6,24,2325.329419
2026-08-16 03:26:52,812501,3407765,Games Total: O/U 2.5,total_games,,2026-08-16 03:00:00,-26.9,Under,60445358403756320386117803063638244982681533893147355431057150905897946227833,0.49,0.7,0.595,0.21,187.11,187.11,187.11,19.24,37.49,51.72,24,6,2325.329419
2026-08-16 03:26:52,812501,3407766,Game Handicap: T1.A (-1.5) vs DN SOOPers Challengers (+1.5),handicap,,2026-08-16 03:00:00,-26.9,T1 Academy,84157633848545715495802069650574598688014859523476823863021692534294083596234,0.29,0.8,0.545,0.51,19.8,100.52,295.52,20.0,20.0,20.0,16,12,4034.2045909999993
2026-08-16 03:26:52,812501,3407766,Game Handicap: T1.A (-1.5) vs DN SOOPers Challengers (+1.5),handicap,,2026-08-16 03:00:00,-26.9,DN SOOPers Challengers,59885163287384748425978349155060122398367607750229429662790248778661914966815,0.2,0.71,0.455,0.51,5.0,5.0,5.0,50.2,276.11,881.11,12,16,4034.2045909999993
2026-08-16 03:26:52,812501,3407767,Game 1: Both Teams Slay Baron Nashor?,prop,1,2026-08-16 03:00:00,-26.9,Yes,98101395767675076675527407445074221726108082242766140122999013673078296924579,,0.99,,,0.0,0.0,0.0,68.61,68.61,68.61,0,1,
2026-08-16 03:26:52,812501,3407767,Game 1: Both Teams Slay Baron Nashor?,prop,1,2026-08-16 03:00:00,-26.9,No,87290422765316042161691235931778600664413826002993109373647521758362141675985,0.01,,,,0.69,0.69,0.69,0.0,0.0,0.0,1,0,
2026-08-16 03:26:52,812501,3407768,Game 1: Both Teams Slay a Dragon?,prop,1,2026-08-16 03:00:00,-26.9,Yes,79133110729101040979354156439270499254586169460530893547581424624230600191218,0.01,0.99,0.5,0.98,0.69,0.69,0.69,68.61,68.61,68.61,1,1,
2026-08-16 03:26:52,812501,3407768,Game 1: Both Teams Slay a Dragon?,prop,1,2026-08-16 03:00:00,-26.9,No,87080835968360541907825236999430484259205742264350853747971304100745674369240,0.01,0.99,0.5,0.98,0.69,0.69,0.69,68.61,68.61,68.61,1,1,
2026-08-16 03:26:52,812501,3407769,Game 1: Both Teams Destroy Inhibitors?,prop,1,2026-08-16 03:00:00,-26.9,Yes,41139893037576161188872686171355639757952754277902695214824790970502190000612,,0.99,,,0.0,0.0,0.0,68.61,68.61,68.61,0,1,
2026-08-16 03:26:52,812501,3407769,Game 1: Both Teams Destroy Inhibitors?,prop,1,2026-08-16 03:00:00,-26.9,No,11713257346113337208480784843855658054574586574869772753013260214337317995798,0.01,,,,0.69,0.69,0.69,0.0,0.0,0.0,1,0,
2026-08-16 03:26:52,812501,3407770,Game 1: Any Player Quadra Kill?,prop,1,2026-08-16 03:00:00,-26.9,Yes,89699116073306046966497778316057094796992801124411211058742622862658371484340,,,,,0.0,0.0,0.0,0.0,0.0,0.0,0,0,
2026-08-16 03:26:52,812501,3407770,Game 1: Any Player Quadra Kill?,prop,1,2026-08-16 03:00:00,-26.9,No,110062225856361250232451733223883585889494582661648143328404444970890540170304,,,,,0.0,0.0,0.0,0.0,0.0,0.0,0,0,
2026-08-16 03:26:52,812501,3407771,Game 1: Any Player Penta Kill?,prop,1,2026-08-16 03:00:00,-26.9,Yes,88817477593294431833892116040780787623551401078456392425497729385704534047793,,,,,0.0,0.0,0.0,0.0,0.0,0.0,0,0,15
2026-08-16 03:26:52,812501,3407771,Game 1: Any Player Penta Kill?,prop,1,2026-08-16 03:00:00,-26.9,No,87228406489657215756146618888458284422804785033968690974967482020371044943402,,,,,0.0,0.0,0.0,0.0,0.0,0.0,0,0,15
2026-08-16 03:26:52,812501,3407772,Game 1: Odd/Even Total Kills?,odd_even,1,2026-08-16 03:00:00,-26.9,Odd,9658086584873290771888578167645806108924909117236645290998179613625891551542,0.01,0.99,0.5,0.98,0.69,0.69,0.69,68.61,68.61,68.61,1,1,
2026-08-16 03:26:52,812501,3407772,Game 1: Odd/Even Total Kills?,odd_even,1,2026-08-16 03:00:00,-26.9,Even,83684129425305084306307142763549562651923693209012555176967712625225705220248,0.01,0.99,0.5,0.98,0.69,0.69,0.69,68.61,68.61,68.61,1,1,
2026-08-16 03:26:52,812501,3407773,Game 2: Both Teams Slay Baron Nashor?,prop,2,2026-08-16 03:00:00,-26.9,Yes,89297658295572950589193242688452597590018694715450307826825161120216168342242,,0.99,,,0.0,0.0,0.0,68.61,68.61,68.61,0,1,
2026-08-16 03:26:52,812501,3407773,Game 2: Both Teams Slay Baron Nashor?,prop,2,2026-08-16 03:00:00,-26.9,No,41370542629085814587327819175960375440467523596272908663943995486002518200858,0.01,,,,0.69,0.69,0.69,0.0,0.0,0.0,1,0,
2026-08-16 03:26:52,812501,3407774,Game 2: Both Teams Slay a Dragon?,prop,2,2026-08-16 03:00:00,-26.9,Yes,17213094384783561920447144318373049743601212254959536036565288413982307904891,0.01,0.99,0.5,0.98,0.69,0.69,0.69,68.61,68.61,68.61,1,1,
2026-08-16 03:26:52,812501,3407774,Game 2: Both Teams Slay a Dragon?,prop,2,2026-08-16 03:00:00,-26.9,No,107361772230415915958955632622848371567473066269823321881145126999923158623096,0.01,0.99,0.5,0.98,0.69,0.69,0.69,68.61,68.61,68.61,1,1,
2026-08-16 03:26:52,812501,3407775,Game 2: Both Teams Destroy Inhibitors?,prop,2,2026-08-16 03:00:00,-26.9,Yes,37085151396073944699750657470272385075014179379747539854914347479603815316699,,0.99,,,0.0,0.0,0.0,68.61,68.61,68.61,0,1,
2026-08-16 03:26:52,812501,3407775,Game 2: Both Teams Destroy Inhibitors?,prop,2,2026-08-16 03:00:00,-26.9,No,115153163980740373959185278746365667228368300396797954685717305797766491026714,0.01,,,,0.69,0.69,0.69,0.0,0.0,0.0,1,0,
2026-08-16 03:26:52,812501,3407776,Game 2: Any Player Quadra Kill?,prop,2,2026-08-16 03:00:00,-26.9,Yes,92366871030395219227539229526027723469617721035967924535754927351839920760282,,,,,0.0,0.0,0.0,0.0,0.0,0.0,0,0,
2026-08-16 03:26:52,812501,3407776,Game 2: Any Player Quadra Kill?,prop,2,2026-08-16 03:00:00,-26.9,No,108131379290397497921034320795187253387625375475492003495114439351232186339057,,,,,0.0,0.0,0.0,0.0,0.0,0.0,0,0,
2026-08-16 03:26:52,812501,3407777,Game 2: Any Player Penta Kill?,prop,2,2026-08-16 03:00:00,-26.9,Yes,17979466769376123931528681389233276317538527490930446639079169530069864950578,,,,,0.0,0.0,0.0,0.0,0.0,0.0,0,0,
2026-08-16 03:26:52,812501,3407777,Game 2: Any Player Penta Kill?,prop,2,2026-08-16 03:00:00,-26.9,No,98518636466579073594826930528319759549288909542166508168276302065256239237641,,,,,0.0,0.0,0.0,0.0,0.0,0.0,0,0,
2026-08-16 03:26:52,812501,3407778,Game 2: Odd/Even Total Kills?,odd_even,2,2026-08-16 03:00:00,-26.9,Odd,59779735910433430026922845250121216304233262452139448197463634726945263917642,0.01,0.99,0.5,0.98,0.69,0.69,0.69,68.61,68.61,68.61,1,1,
2026-08-16 03:26:52,812501,3407778,Game 2: Odd/Even Total Kills?,odd_even,2,2026-08-16 03:00:00,-26.9,Even,63820986229538783051704393626483275773639389915746997330375253931539704114052,0.01,0.99,0.5,0.98,0.69,0.69,0.69,68.61,68.61,68.61,1,1,
2026-08-16 03:26:52,812501,3407779,Game 3: Both Teams Slay Baron Nashor?,prop,3,2026-08-16 03:00:00,-26.9,Yes,113252981035414606041270247891785674937112739878099898576536010241670893541263,,0.99,,,0.0,0.0,0.0,68.61,68.61,68.61,0,1,
2026-08-16 03:26:52,812501,3407779,Game 3: Both Teams Slay Baron Nashor?,prop,3,2026-08-16 03:00:00,-26.9,No,80269374401740033283890248739835625511400013599013392298323688208415881374403,0.01,,,,0.69,0.69,0.69,0.0,0.0,0.0,1,0,
2026-08-16 03:26:52,812501,3407780,Game 3: Both Teams Slay a Dragon?,prop,3,2026-08-16 03:00:00,-26.9,Yes,48391266703243630062101276354060508850367984077172049881809538405140552864794,0.01,0.99,0.5,0.98,0.69,0.69,0.69,68.61,68.61,68.61,1,1,
2026-08-16 03:26:52,812501,3407780,Game 3: Both Teams Slay a Dragon?,prop,3,2026-08-16 03:00:00,-26.9,No,60057711611640343525293620284391058123978522706360481026432587479418071602197,0.01,0.99,0.5,0.98,0.69,0.69,0.69,68.61,68.61,68.61,1,1,
2026-08-16 03:26:52,812501,3407781,Game 3: Both Teams Destroy Inhibitors?,prop,3,2026-08-16 03:00:00,-26.9,Yes,39542350196021563282639112300447540076267664844340741091676361618690741390605,,0.99,,,0.0,0.0,0.0,68.61,68.61,68.61,0,1,
2026-08-16 03:26:52,812501,3407781,Game 3: Both Teams Destroy Inhibitors?,prop,3,2026-08-16 03:00:00,-26.9,No,91364380906232166017713665249534353715037087368263061017016710270940804207208,0.01,,,,0.69,0.69,0.69,0.0,0.0,0.0,1,0,
2026-08-16 03:26:52,812501,3407782,Game 3: Any Player Quadra Kill?,prop,3,2026-08-16 03:00:00,-26.9,Yes,37307632162746025253829849316049566979299478000450149685938586430830071550912,,,,,0.0,0.0,0.0,0.0,0.0,0.0,0,0,
2026-08-16 03:26:52,812501,3407782,Game 3: Any Player Quadra Kill?,prop,3,2026-08-16 03:00:00,-26.9,No,63982252988628134667878426985084368415157271810425345961600074461416139881254,,,,,0.0,0.0,0.0,0.0,0.0,0.0,0,0,
2026-08-16 03:26:52,812501,3407783,Game 3: Any Player Penta Kill?,prop,3,2026-08-16 03:00:00,-26.9,Yes,70747408516516735967153070084967598515783840448108993307182613154174484046545,,,,,0.0,0.0,0.0,0.0,0.0,0.0,0,0,
2026-08-16 03:26:52,812501,3407783,Game 3: Any Player Penta Kill?,prop,3,2026-08-16 03:00:00,-26.9,No,61690140592430459017872087614812557860059428369264397142831763490231186466635,,,,,0.0,0.0,0.0,0.0,0.0,0.0,0,0,
2026-08-16 03:26:52,812501,3407784,Game 3: Odd/Even Total Kills?,odd_even,3,2026-08-16 03:00:00,-26.9,Odd,98933627551267508447263863349434570031436709045139598213619410896491820344484,0.21,0.99,0.6,0.78,6.3,6.3,6.3,68.61,68.61,68.61,2,1,57
2026-08-16 03:26:52,812501,3407784,Game 3: Odd/Even Total Kills?,odd_even,3,2026-08-16 03:00:00,-26.9,Even,108512589332558883006762920479152265565445840370520718453759163242503924433460,0.01,0.79,0.4,0.78,0.69,0.69,0.69,23.7,23.7,23.7,1,2,57
2026-08-16 03:32:41,794670,3328548,LoL: LGD Gaming vs JD Gaming - Game 1 Winner,map,1,2026-08-16 07:00:00,207.3,LGD Gaming,102824621641118762965445948988944232408946848044875046151255905758443167819720,0.34,0.35,0.345,0.01,10930.31,12112.59,12588.6,1274.93,9530.48,15724.94,32,48,7589.796081999999
2026-08-16 03:32:41,794670,3328548,LoL: LGD Gaming vs JD Gaming - Game 1 Winner,map,1,2026-08-16 07:00:00,207.3,JD Gaming,5610842165726021683555265943500609425926260191866810595505563492143684632795,0.65,0.66,0.655,0.01,2309.95,15844.4,25464.54,21667.33,24211.24,25359.23,48,32,7589.796081999999
2026-08-16 03:32:41,794670,3328549,LoL: LGD Gaming vs JD Gaming - Game 2 Winner,map,2,2026-08-16 07:00:00,207.3,LGD Gaming,82574079455380485307870566905432542477770027137328166955907688212003660779823,0.34,0.35,0.345,0.01,9127.35,10313.41,10976.76,1019.04,6620.89,12843.19,29,45,5862.406076
2026-08-16 03:32:41,794670,3328549,LoL: LGD Gaming vs JD Gaming - Game 2 Winner,map,2,2026-08-16 07:00:00,207.3,JD Gaming,10563394827917084153761282238096209863350510544921913247095324708333866949479,0.65,0.66,0.655,0.01,1843.98,11022.13,20678.64,18171.99,20723.91,22330.56,45,29,5862.406076
2026-08-16 03:32:41,794670,3328557,LoL: LGD Gaming vs JD Gaming (BO3) - LPL Group Ascend,series,,2026-08-16 07:00:00,207.3,LGD Gaming,90596016317732598930042651202220149760734651475626776107226569633373956684009,0.3,0.31,0.305,0.01,12922.74,21950.85,23938.59,26394.95,36902.28,38556.97,26,51,39077.13415800001
2026-08-16 03:32:41,794670,3328557,LoL: LGD Gaming vs JD Gaming (BO3) - LPL Group Ascend,series,,2026-08-16 07:00:00,207.3,JD Gaming,31707656722465422977190920295558941573063633834949721176855024182888171884798,0.69,0.7,0.695,0.01,57449.73,78564.99,81637.99,31267.39,54670.07,60533.33,51,26,39077.13415800001
2026-08-16 03:32:41,794670,3328558,Games Total: O/U 2.5,total_games,,2026-08-16 07:00:00,207.3,Over,93007094417708994780435747129625065934584062458065943197557434205893019411611,0.44,0.45,0.445,0.01,7311.18,16224.52,18779.52,979.87,16205.49,17545.13,21,29,4885.757082
2026-08-16 03:32:41,794670,3328558,Games Total: O/U 2.5,total_games,,2026-08-16 07:00:00,207.3,Under,40101255319653575218849591375056953309085453947892993011008860239292211411949,0.55,0.56,0.555,0.01,1159.84,17978.22,19342.24,9663.51,22030.19,25975.19,29,21,4885.757082
2026-08-16 03:32:41,794670,3328559,Game Handicap: JDG (-1.5) vs LGD Gaming (+1.5),handicap,,2026-08-16 07:00:00,207.3,JD Gaming,6246925247605876855027437546764427752148257339899783681629942804531689023181,0.4,0.41,0.405,0.01,13756.65,19418.06,19613.87,667.39,10236.13,10921.13,25,26,3021.543291
2026-08-16 03:32:41,794670,3328559,Game Handicap: JDG (-1.5) vs LGD Gaming (+1.5),handicap,,2026-08-16 07:00:00,207.3,LGD Gaming,71668934447533029681808612198027914932613846253331431034315824294879762898701,0.59,0.6,0.595,0.01,952.7,13401.96,14216.96,20915.18,30257.54,30606.02,26,25,3021.543291
2026-08-16 03:32:41,794670,3328560,Game 1: Both Teams Slay Baron Nashor?,prop,1,2026-08-16 07:00:00,207.3,Yes,106016650781895533103269577856158924093518279389268169472924553842755893932958,0.01,0.98,0.495,0.97,1.24,1.24,1.24,270.59,270.59,270.59,1,2,
2026-08-16 03:32:41,794670,3328560,Game 1: Both Teams Slay Baron Nashor?,prop,1,2026-08-16 07:00:00,207.3,No,93363411253667740002937673567896008645173078046970056745156397764945586592066,0.02,0.99,0.505,0.97,3.24,3.24,3.24,122.56,122.56,122.56,2,1,
2026-08-16 03:32:41,794670,3328561,Game 1: Both Teams Slay a Dragon?,prop,1,2026-08-16 07:00:00,207.3,Yes,20211963484936833277620128848373331998329552694017778302508765009527750048347,0.02,0.99,0.505,0.97,3.24,3.24,3.24,122.56,122.56,122.56,2,1,
2026-08-16 03:32:41,794670,3328561,Game 1: Both Teams Slay a Dragon?,prop,1,2026-08-16 07:00:00,207.3,No,678051504835143736914571134894808362988699541199720092414705245126793076863,0.01,0.98,0.495,0.97,1.24,1.24,1.24,269.96,269.96,269.96,1,2,
2026-08-16 03:32:41,794670,3328562,Game 1: Both Teams Destroy Inhibitors?,prop,1,2026-08-16 07:00:00,207.3,Yes,13053838717970023924399823411335499136646595880187348049401580850373318096695,0.01,0.98,0.495,0.97,1.24,1.24,1.24,267.57,267.57,267.57,1,2,
2026-08-16 03:32:41,794670,3328562,Game 1: Both Teams Destroy Inhibitors?,prop,1,2026-08-16 07:00:00,207.3,No,112510476157851535244688600363964555051776899383792779832675842908460550665691,0.02,0.99,0.505,0.97,3.18,3.18,3.18,122.55,122.55,122.55,2,1,
2026-08-16 03:32:41,794670,3328563,Game 1: Any Player Quadra Kill?,prop,1,2026-08-16 07:00:00,207.3,Yes,54759240964563943414122006525506514164649138813059134974868853392254530073790,0.01,0.49,0.25,0.48,0.1,0.1,0.1,53.9,53.9,53.9,1,9,150
2026-08-16 03:32:41,794670,3328563,Game 1: Any Player Quadra Kill?,prop,1,2026-08-16 07:00:00,207.3,No,3415764882416558502899343870289222748176344491741189399393850850511764115705,0.51,0.99,0.75,0.48,56.1,56.1,56.1,9.9,9.9,9.9,9,1,150
2026-08-16 03:32:41,794670,3328564,Game 1: Any Player Penta Kill?,prop,1,2026-08-16 07:00:00,207.3,Yes,13295051532447157166046192139265680922043728135085913180089705073904775045437,0.01,0.5,0.255,0.49,0.05,0.05,0.05,20.0,20.0,20.0,1,8,158.960782
2026-08-16 03:32:41,794670,3328564,Game 1: Any Player Penta Kill?,prop,1,2026-08-16 07:00:00,207.3,No,10575823341762610244252200321754810018909720292358219231812285246532262125731,0.5,0.99,0.745,0.49,20.0,20.0,20.0,4.95,4.95,4.95,8,1,158.960782
2026-08-16 03:32:41,794670,3328565,Game 1: Odd/Even Total Kills?,odd_even,1,2026-08-16 07:00:00,207.3,Odd,71647229882176800767532158451795545019834459069769370202559168199907665874566,0.49,0.51,0.5,0.02,129.76,129.76,414.37,136.07,136.07,483.94,11,11,
2026-08-16 03:32:41,794670,3328565,Game 1: Odd/Even Total Kills?,odd_even,1,2026-08-16 07:00:00,207.3,Even,83921601058281979584480353186631392003584755582383854814281270923995060551086,0.49,0.51,0.5,0.02,129.76,129.76,414.37,136.07,136.07,483.94,11,11,
2026-08-16 03:32:41,794670,3328566,Game 2: Both Teams Slay Baron Nashor?,prop,2,2026-08-16 07:00:00,207.3,Yes,51393030668155752604479546072969015158016837143545844852688745542105299779630,0.01,0.99,0.5,0.98,1.24,1.24,1.24,122.56,122.56,122.56,1,1,
2026-08-16 03:32:41,794670,3328566,Game 2: Both Teams Slay Baron Nashor?,prop,2,2026-08-16 07:00:00,207.3,No,71272222238906180701825596073055507353773974125688253868336430375860995865144,0.01,0.99,0.5,0.98,1.24,1.24,1.24,122.55,122.55,122.55,1,1,
2026-08-16 03:32:41,794670,3328567,Game 2: Both Teams Slay a Dragon?,prop,2,2026-08-16 07:00:00,207.3,Yes,53765607635023443531072902446774929976076279319906793705390590793521728434706,0.01,0.99,0.5,0.98,1.24,1.24,1.24,122.55,122.55,122.55,1,1,
2026-08-16 03:32:41,794670,3328567,Game 2: Both Teams Slay a Dragon?,prop,2,2026-08-16 07:00:00,207.3,No,90285434007435995955566194309223706005125098289107460554414174787978666392830,0.01,0.99,0.5,0.98,1.24,1.24,1.24,122.55,122.55,122.55,1,1,
2026-08-16 03:32:41,794670,3328568,Game 2: Both Teams Destroy Inhibitors?,prop,2,2026-08-16 07:00:00,207.3,Yes,49414380078729951160680380355146161427162374310442702898600308732596827570302,0.01,0.99,0.5,0.98,1.24,1.24,1.24,122.55,122.55,122.55,1,1,
2026-08-16 03:32:41,794670,3328568,Game 2: Both Teams Destroy Inhibitors?,prop,2,2026-08-16 07:00:00,207.3,No,34869270742136443108941088512578459906629028321004669493305109856417149428005,0.01,0.99,0.5,0.98,1.24,1.24,1.24,122.56,122.56,122.56,1,1,
2026-08-16 03:32:41,794670,3328569,Game 2: Any Player Quadra Kill?,prop,2,2026-08-16 07:00:00,207.3,Yes,23419781834886721270600203741418152232982164602536486246068767735873276285944,0.01,0.99,0.5,0.98,0.05,0.05,0.05,4.95,4.95,4.95,1,1,
2026-08-16 03:32:41,794670,3328569,Game 2: Any Player Quadra Kill?,prop,2,2026-08-16 07:00:00,207.3,No,111698919449753590692433348621558597931890402361211561250560795799426440846164,0.01,0.99,0.5,0.98,0.05,0.05,0.05,4.95,4.95,4.95,1,1,
2026-08-16 03:32:41,794670,3328570,Game 2: Any Player Penta Kill?,prop,2,2026-08-16 07:00:00,207.3,Yes,52436584454660878246317925744723116338664487100598883866367213113448333363430,0.01,0.5,0.255,0.49,0.05,0.05,0.05,15.5,15.5,15.5,1,8,5
2026-08-16 03:32:41,794670,3328570,Game 2: Any Player Penta Kill?,prop,2,2026-08-16 07:00:00,207.3,No,3449148093871545917300512412099199808051121418398610147002854315497817103659,0.5,0.99,0.745,0.49,15.5,15.5,15.5,4.95,4.95,4.95,8,1,5
2026-08-16 03:32:41,794670,3328571,Game 2: Odd/Even Total Kills?,odd_even,2,2026-08-16 07:00:00,207.3,Odd,62148013166836212644939234079468136258421881933893587944291484504219277039239,0.49,0.51,0.5,0.02,129.76,129.76,414.37,136.07,136.07,483.94,11,11,
2026-08-16 03:32:41,794670,3328571,Game 2: Odd/Even Total Kills?,odd_even,2,2026-08-16 07:00:00,207.3,Even,632555676246877041712856545746380571234360453964058199543272958208821017961,0.49,0.51,0.5,0.02,129.76,129.76,414.37,110.07,110.07,457.94,11,10,
2026-08-16 03:32:41,794670,3328572,Game 3: Both Teams Slay Baron Nashor?,prop,3,2026-08-16 07:00:00,207.3,Yes,12738214688956245993322287639329168339764781692640819650467707144074188128894,0.01,0.99,0.5,0.98,1.24,1.24,1.24,122.56,122.56,122.56,1,1,
2026-08-16 03:32:41,794670,3328572,Game 3: Both Teams Slay Baron Nashor?,prop,3,2026-08-16 07:00:00,207.3,No,91069816958213809167662333688923813753059435106849030991919947632875075375075,0.01,0.99,0.5,0.98,1.24,1.24,1.24,122.55,122.55,122.55,1,1,
2026-08-16 03:32:41,794670,3328573,Game 3: Both Teams Slay a Dragon?,prop,3,2026-08-16 07:00:00,207.3,Yes,46244602142184817972674743176439824341014840833410382366122179497159423068273,0.01,0.99,0.5,0.98,1.24,1.24,1.24,122.55,122.55,122.55,1,1,
2026-08-16 03:32:41,794670,3328573,Game 3: Both Teams Slay a Dragon?,prop,3,2026-08-16 07:00:00,207.3,No,101974656332925414264188327367629610757342127521200254740942243355381462086751,0.01,0.99,0.5,0.98,1.24,1.24,1.24,122.56,122.56,122.56,1,1,
2026-08-16 03:32:41,794670,3328574,Game 3: Both Teams Destroy Inhibitors?,prop,3,2026-08-16 07:00:00,207.3,Yes,109222571525636117524530971056115537262617222470976246382114586203296105465382,0.01,0.99,0.5,0.98,1.24,1.24,1.24,122.56,122.56,122.56,1,1,
2026-08-16 03:32:41,794670,3328574,Game 3: Both Teams Destroy Inhibitors?,prop,3,2026-08-16 07:00:00,207.3,No,115261244396556457522125059985371866354797916201544131233716797231805623423829,0.01,0.99,0.5,0.98,1.24,1.24,1.24,122.55,122.55,122.55,1,1,
2026-08-16 03:32:41,794670,3328575,Game 3: Any Player Quadra Kill?,prop,3,2026-08-16 07:00:00,207.3,Yes,83664171899242963955174249389926103643498621192019818972108176223876123825067,0.01,0.99,0.5,0.98,0.05,0.05,0.05,4.95,4.95,4.95,1,1,
2026-08-16 03:32:41,794670,3328575,Game 3: Any Player Quadra Kill?,prop,3,2026-08-16 07:00:00,207.3,No,24539482283860468814231417477313308122193740873094848527015850735415591497745,0.01,0.99,0.5,0.98,0.05,0.05,0.05,4.95,4.95,4.95,1,1,
2026-08-16 03:32:41,794670,3328576,Game 3: Any Player Penta Kill?,prop,3,2026-08-16 07:00:00,207.3,Yes,90650846986322596750311306069883359806431003130943225385646041980572483023460,0.05,0.99,0.52,0.94,28.65,28.65,28.7,4.95,4.95,4.95,2,1,
2026-08-16 03:32:41,794670,3328576,Game 3: Any Player Penta Kill?,prop,3,2026-08-16 07:00:00,207.3,No,96328462917243919667738332714146113946394828595771932995938202409362399915033,0.01,0.95,0.48,0.94,0.05,0.05,0.05,544.35,544.35,549.3,1,2,
2026-08-16 03:32:41,794670,3328577,Game 3: Odd/Even Total Kills?,odd_even,3,2026-08-16 07:00:00,207.3,Odd,41731331869078729736059819119570383257311701104104543741639616152423141547563,0.49,0.51,0.5,0.02,129.76,129.76,414.37,136.07,136.07,483.94,11,11,
2026-08-16 03:32:41,794670,3328577,Game 3: Odd/Even Total Kills?,odd_even,3,2026-08-16 07:00:00,207.3,Even,89344548013061261779837646201220487373956976293642208316183472315742263068534,0.49,0.51,0.5,0.02,129.76,129.76,414.37,136.07,136.07,483.94,11,11,
2026-08-16 03:32:41,794670,3600069,First Blood in Game 1?,first_blood,1,2026-08-16 07:00:00,207.3,LGD Gaming,56019198501967766881375651131776293396875109593642849026206472415092127449245,0.43,0.62,0.525,0.19,6.96,6.96,6.96,24.16,24.16,24.16,13,14,153.668726
2026-08-16 03:32:41,794670,3600069,First Blood in Game 1?,first_blood,1,2026-08-16 07:00:00,207.3,JD Gaming,91129739157349664034752750887552435088219799132916517942433114801456757143941,0.38,0.57,0.475,0.19,14.8,14.8,14.8,9.23,9.23,9.23,14,13,153.668726
2026-08-16 03:32:41,794670,3600070,First Blood in Game 2?,first_blood,2,2026-08-16 07:00:00,207.3,LGD Gaming,23272533962705623823198152733635229850884366581250155154829076933063473807126,0.06,0.95,0.505,0.89,12.62,14.62,17.24,203.75,317.73,535.71,5,5,
2026-08-16 03:32:41,794670,3600070,First Blood in Game 2?,first_blood,2,2026-08-16 07:00:00,207.3,JD Gaming,21213513701859842198271025074061248037223377032557852493434334641816126684228,0.05,0.94,0.495,0.89,8.62,11.04,13.24,199.73,264.4,503.09,5,5,
2026-08-16 03:32:41,794670,3600071,Total Kills Over/Under 27.5 in Game 1?,total_kills,1,2026-08-16 07:00:00,207.3,Over,86372067191827945098524920226353210356758548216764004611848416437586087922247,0.52,0.6,0.56,0.08,2080.0,2080.0,2080.0,63.75,63.75,63.75,10,12,
2026-08-16 03:32:41,794670,3600071,Total Kills Over/Under 27.5 in Game 1?,total_kills,1,2026-08-16 07:00:00,207.3,Under,38898116374758419293033056937433672486108987534665133905437521926785479201842,0.4,0.48,0.44,0.08,41.25,41.25,41.25,1920.0,1920.0,1920.0,12,10,
2026-08-16 03:32:41,794670,3600072,Total Kills Over/Under 27.5 in Game 2?,total_kills,2,2026-08-16 07:00:00,207.3,Over,13781583258844249665301791136349861793789898322210286725474463916437506953528,0.51,0.61,0.56,0.1,2040.0,2040.0,2040.0,64.8,64.8,64.8,9,11,
2026-08-16 03:32:41,794670,3600072,Total Kills Over/Under 27.5 in Game 2?,total_kills,2,2026-08-16 07:00:00,207.3,Under,68564424261263123899319878089468296069420826741725748097317069179046409374287,0.39,0.49,0.44,0.1,40.2,40.2,40.2,1960.0,1960.0,1960.0,11,9,
2026-08-16 03:32:41,794670,3600073,Total Kills Over/Under 30.5 in Game 1?,total_kills,1,2026-08-16 07:00:00,207.3,Over,24273859160406241172085539565667187181351190409335238441305703000828781213282,0.43,0.44,0.435,0.01,29.55,33.3,33.3,663.79,1034.09,1037.45,13,14,13.337271000000001
2026-08-16 03:32:41,794670,3600073,Total Kills Over/Under 30.5 in Game 1?,total_kills,1,2026-08-16 07:00:00,207.3,Under,59755404426895966539450567895775357735108102858267644522940654792823949942085,0.56,0.57,0.565,0.01,811.31,1246.01,1249.65,39.17,44.56,44.56,14,13,13.337271000000001
2026-08-16 03:32:41,794670,3600074,Total Kills Over/Under 30.5 in Game 2?,total_kills,2,2026-08-16 07:00:00,207.3,Over,111769467495035464058086880271753220243483127266342958800382645066650247151274,0.4,0.46,0.43,0.06,31.89,31.89,57.18,17.82,17.82,17.82,15,15,13.673828
2026-08-16 03:32:41,794670,3600074,Total Kills Over/Under 30.5 in Game 2?,total_kills,2,2026-08-16 07:00:00,207.3,Under,37217028090797925515798756520645539072510340958623525368300350009857685750662,0.54,0.6,0.57,0.06,20.74,20.74,20.74,49.71,49.71,95.51,15,15,13.673828
2026-08-16 03:38:08,794670,3328548,LoL: LGD Gaming vs JD Gaming - Game 1 Winner,map,1,2026-08-16 07:00:00,201.9,LGD Gaming,102824621641118762965445948988944232408946848044875046151255905758443167819720,0.34,0.35,0.345,0.01,11095.31,12277.59,12753.6,1274.93,9528.63,15725.04,32,48,7628.081795
2026-08-16 03:38:08,794670,3328548,LoL: LGD Gaming vs JD Gaming - Game 1 Winner,map,1,2026-08-16 07:00:00,201.9,JD Gaming,5610842165726021683555265943500609425926260191866810595505563492143684632795,0.65,0.66,0.655,0.01,2309.95,15841.25,25464.44,22002.33,24546.24,25694.23,48,32,7628.081795
2026-08-16 03:38:08,794670,3328549,LoL: LGD Gaming vs JD Gaming - Game 2 Winner,map,2,2026-08-16 07:00:00,201.9,LGD Gaming,82574079455380485307870566905432542477770027137328166955907688212003660779823,0.34,0.35,0.345,0.01,9292.35,10478.41,11141.76,1019.04,6619.04,12843.29,29,45,5862.406076
2026-08-16 03:38:08,794670,3328549,LoL: LGD Gaming vs JD Gaming - Game 2 Winner,map,2,2026-08-16 07:00:00,201.9,JD Gaming,10563394827917084153761282238096209863350510544921913247095324708333866949479,0.65,0.66,0.655,0.01,1843.98,11018.98,20678.54,18506.99,21058.91,22665.56,45,29,5862.406076
2026-08-16 03:38:08,794670,3328557,LoL: LGD Gaming vs JD Gaming (BO3) - LPL Group Ascend,series,,2026-08-16 07:00:00,201.9,LGD Gaming,90596016317732598930042651202220149760734651475626776107226569633373956684009,0.3,0.31,0.305,0.01,12687.27,21715.37,23703.11,26184.58,36691.91,38084.1,25,48,39296.037381
2026-08-16 03:38:08,794670,3328557,LoL: LGD Gaming vs JD Gaming (BO3) - LPL Group Ascend,series,,2026-08-16 07:00:00,201.9,JD Gaming,31707656722465422977190920295558941573063633834949721176855024182888171884798,0.69,0.7,0.695,0.01,56981.5,78096.76,80682.26,30751.29,54153.98,60017.24,48,25,39296.037381
2026-08-16 03:38:08,794670,3328558,Games Total: O/U 2.5,total_games,,2026-08-16 07:00:00,201.9,Over,93007094417708994780435747129625065934584062458065943197557434205893019411611,0.44,0.45,0.445,0.01,7311.18,16224.52,18779.52,979.87,16205.49,17545.13,21,29,4885.757082
2026-08-16 03:38:08,794670,3328558,Games Total: O/U 2.5,total_games,,2026-08-16 07:00:00,201.9,Under,40101255319653575218849591375056953309085453947892993011008860239292211411949,0.55,0.56,0.555,0.01,1159.84,17978.22,19342.24,9663.51,22030.19,25975.19,29,21,4885.757082
2026-08-16 03:38:08,794670,3328559,Game Handicap: JDG (-1.5) vs LGD Gaming (+1.5),handicap,,2026-08-16 07:00:00,201.9,JD Gaming,6246925247605876855027437546764427752148257339899783681629942804531689023181,0.4,0.41,0.405,0.01,13756.65,19418.06,19613.87,665.29,10236.23,10921.23,25,26,3037.8274359999996
2026-08-16 03:38:08,794670,3328559,Game Handicap: JDG (-1.5) vs LGD Gaming (+1.5),handicap,,2026-08-16 07:00:00,201.9,LGD Gaming,71668934447533029681808612198027914932613846253331431034315824294879762898701,0.59,0.6,0.595,0.01,949.8,13401.86,14216.86,20915.18,30257.54,30606.02,26,25,3037.8274359999996
2026-08-16 03:38:08,794670,3328560,Game 1: Both Teams Slay Baron Nashor?,prop,1,2026-08-16 07:00:00,201.9,Yes,106016650781895533103269577856158924093518279389268169472924553842755893932958,0.01,0.98,0.495,0.97,1.24,1.24,1.24,270.59,270.59,270.59,1,2,
2026-08-16 03:38:08,794670,3328560,Game 1: Both Teams Slay Baron Nashor?,prop,1,2026-08-16 07:00:00,201.9,No,93363411253667740002937673567896008645173078046970056745156397764945586592066,0.02,0.99,0.505,0.97,3.24,3.24,3.24,122.56,122.56,122.56,2,1,
2026-08-16 03:38:08,794670,3328561,Game 1: Both Teams Slay a Dragon?,prop,1,2026-08-16 07:00:00,201.9,Yes,20211963484936833277620128848373331998329552694017778302508765009527750048347,0.02,0.99,0.505,0.97,3.24,3.24,3.24,122.56,122.56,122.56,2,1,
2026-08-16 03:38:08,794670,3328561,Game 1: Both Teams Slay a Dragon?,prop,1,2026-08-16 07:00:00,201.9,No,678051504835143736914571134894808362988699541199720092414705245126793076863,0.01,0.98,0.495,0.97,1.24,1.24,1.24,269.96,269.96,269.96,1,2,
2026-08-16 03:38:08,794670,3328562,Game 1: Both Teams Destroy Inhibitors?,prop,1,2026-08-16 07:00:00,201.9,Yes,13053838717970023924399823411335499136646595880187348049401580850373318096695,0.01,0.98,0.495,0.97,1.24,1.24,1.24,267.57,267.57,267.57,1,2,
2026-08-16 03:38:08,794670,3328562,Game 1: Both Teams Destroy Inhibitors?,prop,1,2026-08-16 07:00:00,201.9,No,112510476157851535244688600363964555051776899383792779832675842908460550665691,0.02,0.99,0.505,0.97,3.18,3.18,3.18,122.55,122.55,122.55,2,1,
2026-08-16 03:38:08,794670,3328563,Game 1: Any Player Quadra Kill?,prop,1,2026-08-16 07:00:00,201.9,Yes,54759240964563943414122006525506514164649138813059134974868853392254530073790,0.01,0.49,0.25,0.48,0.1,0.1,0.1,53.9,53.9,53.9,1,9,150
2026-08-16 03:38:08,794670,3328563,Game 1: Any Player Quadra Kill?,prop,1,2026-08-16 07:00:00,201.9,No,3415764882416558502899343870289222748176344491741189399393850850511764115705,0.51,0.99,0.75,0.48,56.1,56.1,56.1,9.9,9.9,9.9,10,1,150
2026-08-16 03:38:08,794670,3328564,Game 1: Any Player Penta Kill?,prop,1,2026-08-16 07:00:00,201.9,Yes,13295051532447157166046192139265680922043728135085913180089705073904775045437,0.01,0.5,0.255,0.49,0.05,0.05,0.05,20.0,20.0,20.0,1,8,158.960782
2026-08-16 03:38:08,794670,3328564,Game 1: Any Player Penta Kill?,prop,1,2026-08-16 07:00:00,201.9,No,10575823341762610244252200321754810018909720292358219231812285246532262125731,0.5,0.99,0.745,0.49,20.0,20.0,20.0,4.95,4.95,4.95,8,1,158.960782
2026-08-16 03:38:08,794670,3328565,Game 1: Odd/Even Total Kills?,odd_even,1,2026-08-16 07:00:00,201.9,Odd,71647229882176800767532158451795545019834459069769370202559168199907665874566,0.49,0.51,0.5,0.02,129.76,129.76,414.37,136.07,136.07,483.94,11,11,
2026-08-16 03:38:08,794670,3328565,Game 1: Odd/Even Total Kills?,odd_even,1,2026-08-16 07:00:00,201.9,Even,83921601058281979584480353186631392003584755582383854814281270923995060551086,0.49,0.51,0.5,0.02,129.76,129.76,414.37,136.07,136.07,483.94,11,11,
2026-08-16 03:38:08,794670,3328566,Game 2: Both Teams Slay Baron Nashor?,prop,2,2026-08-16 07:00:00,201.9,Yes,51393030668155752604479546072969015158016837143545844852688745542105299779630,0.01,0.99,0.5,0.98,1.24,1.24,1.24,122.56,122.56,122.56,1,1,
2026-08-16 03:38:08,794670,3328566,Game 2: Both Teams Slay Baron Nashor?,prop,2,2026-08-16 07:00:00,201.9,No,71272222238906180701825596073055507353773974125688253868336430375860995865144,0.01,0.99,0.5,0.98,1.24,1.24,1.24,122.55,122.55,122.55,1,1,
2026-08-16 03:38:08,794670,3328567,Game 2: Both Teams Slay a Dragon?,prop,2,2026-08-16 07:00:00,201.9,Yes,53765607635023443531072902446774929976076279319906793705390590793521728434706,0.01,0.99,0.5,0.98,1.24,1.24,1.24,122.55,122.55,122.55,1,1,
2026-08-16 03:38:08,794670,3328567,Game 2: Both Teams Slay a Dragon?,prop,2,2026-08-16 07:00:00,201.9,No,90285434007435995955566194309223706005125098289107460554414174787978666392830,0.01,0.99,0.5,0.98,1.24,1.24,1.24,122.55,122.55,122.55,1,1,
2026-08-16 03:38:08,794670,3328568,Game 2: Both Teams Destroy Inhibitors?,prop,2,2026-08-16 07:00:00,201.9,Yes,49414380078729951160680380355146161427162374310442702898600308732596827570302,0.01,0.99,0.5,0.98,1.24,1.24,1.24,122.55,122.55,122.55,1,1,
2026-08-16 03:38:08,794670,3328568,Game 2: Both Teams Destroy Inhibitors?,prop,2,2026-08-16 07:00:00,201.9,No,34869270742136443108941088512578459906629028321004669493305109856417149428005,0.01,0.99,0.5,0.98,1.24,1.24,1.24,122.56,122.56,122.56,1,1,
2026-08-16 03:38:08,794670,3328569,Game 2: Any Player Quadra Kill?,prop,2,2026-08-16 07:00:00,201.9,Yes,23419781834886721270600203741418152232982164602536486246068767735873276285944,0.01,0.99,0.5,0.98,0.05,0.05,0.05,4.95,4.95,4.95,1,1,
2026-08-16 03:38:08,794670,3328569,Game 2: Any Player Quadra Kill?,prop,2,2026-08-16 07:00:00,201.9,No,111698919449753590692433348621558597931890402361211561250560795799426440846164,0.01,0.99,0.5,0.98,0.05,0.05,0.05,4.95,4.95,4.95,1,1,
2026-08-16 03:38:08,794670,3328570,Game 2: Any Player Penta Kill?,prop,2,2026-08-16 07:00:00,201.9,Yes,52436584454660878246317925744723116338664487100598883866367213113448333363430,0.01,0.5,0.255,0.49,0.05,0.05,0.05,15.5,15.5,15.5,1,8,5
2026-08-16 03:38:08,794670,3328570,Game 2: Any Player Penta Kill?,prop,2,2026-08-16 07:00:00,201.9,No,3449148093871545917300512412099199808051121418398610147002854315497817103659,0.5,0.99,0.745,0.49,15.5,15.5,15.5,4.95,4.95,4.95,8,1,5
2026-08-16 03:38:08,794670,3328571,Game 2: Odd/Even Total Kills?,odd_even,2,2026-08-16 07:00:00,201.9,Odd,62148013166836212644939234079468136258421881933893587944291484504219277039239,0.49,0.51,0.5,0.02,129.76,129.76,414.37,136.07,136.07,483.94,11,11,
2026-08-16 03:38:08,794670,3328571,Game 2: Odd/Even Total Kills?,odd_even,2,2026-08-16 07:00:00,201.9,Even,632555676246877041712856545746380571234360453964058199543272958208821017961,0.49,0.51,0.5,0.02,129.76,129.76,414.37,136.07,136.07,483.94,11,11,
2026-08-16 03:38:08,794670,3328572,Game 3: Both Teams Slay Baron Nashor?,prop,3,2026-08-16 07:00:00,201.9,Yes,12738214688956245993322287639329168339764781692640819650467707144074188128894,0.01,0.99,0.5,0.98,1.24,1.24,1.24,122.56,122.56,122.56,1,1,
2026-08-16 03:38:08,794670,3328572,Game 3: Both Teams Slay Baron Nashor?,prop,3,2026-08-16 07:00:00,201.9,No,91069816958213809167662333688923813753059435106849030991919947632875075375075,0.01,0.99,0.5,0.98,1.24,1.24,1.24,122.55,122.55,122.55,1,1,
2026-08-16 03:38:08,794670,3328573,Game 3: Both Teams Slay a Dragon?,prop,3,2026-08-16 07:00:00,201.9,Yes,46244602142184817972674743176439824341014840833410382366122179497159423068273,0.01,0.99,0.5,0.98,1.24,1.24,1.24,122.55,122.55,122.55,1,1,
2026-08-16 03:38:08,794670,3328573,Game 3: Both Teams Slay a Dragon?,prop,3,2026-08-16 07:00:00,201.9,No,101974656332925414264188327367629610757342127521200254740942243355381462086751,0.01,0.99,0.5,0.98,1.24,1.24,1.24,122.56,122.56,122.56,1,1,
2026-08-16 03:38:08,794670,3328574,Game 3: Both Teams Destroy Inhibitors?,prop,3,2026-08-16 07:00:00,201.9,Yes,109222571525636117524530971056115537262617222470976246382114586203296105465382,0.01,0.99,0.5,0.98,0.05,0.05,0.05,122.56,122.56,122.56,1,1,
2026-08-16 03:38:08,794670,3328574,Game 3: Both Teams Destroy Inhibitors?,prop,3,2026-08-16 07:00:00,201.9,No,115261244396556457522125059985371866354797916201544131233716797231805623423829,0.01,0.99,0.5,0.98,1.24,1.24,1.24,122.55,122.55,122.55,1,1,
2026-08-16 03:38:08,794670,3328575,Game 3: Any Player Quadra Kill?,prop,3,2026-08-16 07:00:00,201.9,Yes,83664171899242963955174249389926103643498621192019818972108176223876123825067,0.01,0.99,0.5,0.98,0.05,0.05,0.05,4.95,4.95,4.95,1,1,
2026-08-16 03:38:08,794670,3328575,Game 3: Any Player Quadra Kill?,prop,3,2026-08-16 07:00:00,201.9,No,24539482283860468814231417477313308122193740873094848527015850735415591497745,0.01,0.99,0.5,0.98,0.05,0.05,0.05,4.95,4.95,4.95,1,1,
2026-08-16 03:38:08,794670,3328576,Game 3: Any Player Penta Kill?,prop,3,2026-08-16 07:00:00,201.9,Yes,90650846986322596750311306069883359806431003130943225385646041980572483023460,0.05,0.99,0.52,0.94,28.65,28.65,28.7,4.95,4.95,4.95,2,1,
2026-08-16 03:38:08,794670,3328576,Game 3: Any Player Penta Kill?,prop,3,2026-08-16 07:00:00,201.9,No,96328462917243919667738332714146113946394828595771932995938202409362399915033,0.01,0.95,0.48,0.94,0.05,0.05,0.05,544.35,544.35,549.3,1,2,
2026-08-16 03:38:08,794670,3328577,Game 3: Odd/Even Total Kills?,odd_even,3,2026-08-16 07:00:00,201.9,Odd,41731331869078729736059819119570383257311701104104543741639616152423141547563,0.49,0.51,0.5,0.02,129.76,129.76,414.37,136.07,136.07,483.94,11,11,
2026-08-16 03:38:08,794670,3328577,Game 3: Odd/Even Total Kills?,odd_even,3,2026-08-16 07:00:00,201.9,Even,89344548013061261779837646201220487373956976293642208316183472315742263068534,0.49,0.51,0.5,0.02,129.76,129.76,414.37,136.07,136.07,483.94,11,11,
2026-08-16 03:38:08,794670,3600069,First Blood in Game 1?,first_blood,1,2026-08-16 07:00:00,201.9,LGD Gaming,56019198501967766881375651131776293396875109593642849026206472415092127449245,0.43,0.62,0.525,0.19,6.96,6.96,6.96,24.16,24.16,24.16,13,14,153.668726
2026-08-16 03:38:08,794670,3600069,First Blood in Game 1?,first_blood,1,2026-08-16 07:00:00,201.9,JD Gaming,91129739157349664034752750887552435088219799132916517942433114801456757143941,0.38,0.57,0.475,0.19,14.8,14.8,14.8,9.23,9.23,9.23,14,13,153.668726
2026-08-16 03:38:08,794670,3600070,First Blood in Game 2?,first_blood,2,2026-08-16 07:00:00,201.9,LGD Gaming,23272533962705623823198152733635229850884366581250155154829076933063473807126,0.06,0.95,0.505,0.89,12.62,14.62,17.24,203.75,317.73,535.71,5,5,
2026-08-16 03:38:08,794670,3600070,First Blood in Game 2?,first_blood,2,2026-08-16 07:00:00,201.9,JD Gaming,21213513701859842198271025074061248037223377032557852493434334641816126684228,0.05,0.94,0.495,0.89,8.62,11.04,13.24,199.73,264.4,503.09,5,5,
2026-08-16 03:38:08,794670,3600071,Total Kills Over/Under 27.5 in Game 1?,total_kills,1,2026-08-16 07:00:00,201.9,Over,86372067191827945098524920226353210356758548216764004611848416437586087922247,0.54,0.59,0.565,0.05,40.5,2120.5,2135.5,23.9,69.65,69.65,11,13,22.214743
2026-08-16 03:38:08,794670,3600071,Total Kills Over/Under 27.5 in Game 1?,total_kills,1,2026-08-16 07:00:00,201.9,Under,38898116374758419293033056937433672486108987534665133905437521926785479201842,0.41,0.46,0.435,0.05,16.1,45.35,45.35,34.5,1954.5,1969.5,13,11,22.214743
2026-08-16 03:38:08,794670,3600072,Total Kills Over/Under 27.5 in Game 2?,total_kills,2,2026-08-16 07:00:00,201.9,Over,13781583258844249665301791136349861793789898322210286725474463916437506953528,0.51,0.6,0.555,0.09,2040.0,2040.0,2040.0,24.3,70.8,70.8,9,12,15.22
2026-08-16 03:38:08,794670,3600072,Total Kills Over/Under 27.5 in Game 2?,total_kills,2,2026-08-16 07:00:00,201.9,Under,68564424261263123899319878089468296069420826741725748097317069179046409374287,0.4,0.49,0.445,0.09,15.7,44.2,44.2,1960.0,1960.0,1960.0,12,9,15.22
2026-08-16 03:38:08,794670,3600073,Total Kills Over/Under 30.5 in Game 1?,total_kills,1,2026-08-16 07:00:00,201.9,Over,24273859160406241172085539565667187181351190409335238441305703000828781213282,0.43,0.44,0.435,0.01,29.55,33.3,33.3,663.79,1057.09,1060.45,13,14,17.882724000000003
2026-08-16 03:38:08,794670,3600073,Total Kills Over/Under 30.5 in Game 1?,total_kills,1,2026-08-16 07:00:00,201.9,Under,59755404426895966539450567895775357735108102858267644522940654792823949942085,0.56,0.57,0.565,0.01,811.31,1273.01,1276.65,39.17,44.56,44.56,14,13,17.882724000000003
2026-08-16 03:38:08,794670,3600074,Total Kills Over/Under 30.5 in Game 2?,total_kills,2,2026-08-16 07:00:00,201.9,Over,111769467495035464058086880271753220243483127266342958800382645066650247151274,0.37,0.46,0.415,0.09,17.23,27.73,27.73,17.82,17.82,17.82,14,15,20.650571
2026-08-16 03:38:08,794670,3600074,Total Kills Over/Under 30.5 in Game 2?,total_kills,2,2026-08-16 07:00:00,201.9,Under,37217028090797925515798756520645539072510340958623525368300350009857685750662,0.54,0.63,0.585,0.09,20.74,20.74,20.74,30.46,49.96,49.96,15,14,20.650571
2026-08-16 03:43:37,794670,3328548,LoL: LGD Gaming vs JD Gaming - Game 1 Winner,map,1,2026-08-16 07:00:00,196.4,LGD Gaming,102824621641118762965445948988944232408946848044875046151255905758443167819720,0.34,0.35,0.345,0.01,11110.61,12292.89,12768.9,1274.93,9545.28,15741.69,28,47,7628.081795
2026-08-16 03:43:37,794670,3328548,LoL: LGD Gaming vs JD Gaming - Game 1 Winner,map,1,2026-08-16 07:00:00,196.4,JD Gaming,5610842165726021683555265943500609425926260191866810595505563492143684632795,0.65,0.66,0.655,0.01,2309.95,15869.6,25492.79,22032.03,24575.94,25723.93,47,28,7628.081795
2026-08-16 03:43:37,794670,3328549,LoL: LGD Gaming vs JD Gaming - Game 2 Winner,map,2,2026-08-16 07:00:00,196.4,LGD Gaming,82574079455380485307870566905432542477770027137328166955907688212003660779823,0.34,0.35,0.345,0.01,9307.65,10493.71,11157.06,1019.04,6635.69,12859.94,29,46,5862.406076
2026-08-16 03:43:37,794670,3328549,LoL: LGD Gaming vs JD Gaming - Game 2 Winner,map,2,2026-08-16 07:00:00,196.4,JD Gaming,10563394827917084153761282238096209863350510544921913247095324708333866949479,0.65,0.66,0.655,0.01,1843.98,11047.33,20706.89,18536.69,21088.61,22695.26,46,29,5862.406076
2026-08-16 03:43:37,794670,3328557,LoL: LGD Gaming vs JD Gaming (BO3) - LPL Group Ascend,series,,2026-08-16 07:00:00,196.4,LGD Gaming,90596016317732598930042651202220149760734651475626776107226569633373956684009,0.3,0.31,0.305,0.01,12695.97,21724.07,23711.81,26193.88,36701.21,38355.9,25,51,39296.037381
2026-08-16 03:43:37,794670,3328557,LoL: LGD Gaming vs JD Gaming (BO3) - LPL Group Ascend,series,,2026-08-16 07:00:00,196.4,JD Gaming,31707656722465422977190920295558941573063633834949721176855024182888171884798,0.69,0.7,0.695,0.01,57002.2,78117.46,81190.46,30772.59,54175.28,60038.54,51,25,39296.037381
2026-08-16 03:43:37,794670,3328558,Games Total: O/U 2.5,total_games,,2026-08-16 07:00:00,196.4,Over,93007094417708994780435747129625065934584062458065943197557434205893019411611,0.44,0.45,0.445,0.01,7309.03,16222.37,18777.37,979.87,16205.49,17545.13,21,29,4885.757082
2026-08-16 03:43:37,794670,3328558,Games Total: O/U 2.5,total_games,,2026-08-16 07:00:00,196.4,Under,40101255319653575218849591375056953309085453947892993011008860239292211411949,0.55,0.56,0.555,0.01,1159.84,17978.22,19342.24,9660.66,22027.34,25972.34,29,21,4885.757082
2026-08-16 03:43:37,794670,3328559,Game Handicap: JDG (-1.5) vs LGD Gaming (+1.5),handicap,,2026-08-16 07:00:00,196.4,JD Gaming,6246925247605876855027437546764427752148257339899783681629942804531689023181,0.4,0.41,0.405,0.01,13749.98,19411.4,19607.2,665.29,10236.23,10921.23,25,26,3037.8274359999996
2026-08-16 03:43:37,794670,3328559,Game Handicap: JDG (-1.5) vs LGD Gaming (+1.5),handicap,,2026-08-16 07:00:00,196.4,LGD Gaming,71668934447533029681808612198027914932613846253331431034315824294879762898701,0.59,0.6,0.595,0.01,949.8,13401.86,14216.86,20905.18,30247.53,30596.02,26,25,3037.8274359999996
2026-08-16 03:43:37,794670,3328560,Game 1: Both Teams Slay Baron Nashor?,prop,1,2026-08-16 07:00:00,196.4,Yes,106016650781895533103269577856158924093518279389268169472924553842755893932958,0.01,0.98,0.495,0.97,1.24,1.24,1.24,270.59,270.59,270.59,1,2,
2026-08-16 03:43:37,794670,3328560,Game 1: Both Teams Slay Baron Nashor?,prop,1,2026-08-16 07:00:00,196.4,No,93363411253667740002937673567896008645173078046970056745156397764945586592066,0.02,0.99,0.505,0.97,3.24,3.24,3.24,122.56,122.56,122.56,2,1,
2026-08-16 03:43:37,794670,3328561,Game 1: Both Teams Slay a Dragon?,prop,1,2026-08-16 07:00:00,196.4,Yes,20211963484936833277620128848373331998329552694017778302508765009527750048347,0.02,0.99,0.505,0.97,3.24,3.24,3.24,122.56,122.56,122.56,2,1,
2026-08-16 03:43:37,794670,3328561,Game 1: Both Teams Slay a Dragon?,prop,1,2026-08-16 07:00:00,196.4,No,678051504835143736914571134894808362988699541199720092414705245126793076863,0.01,0.98,0.495,0.97,1.24,1.24,1.24,269.96,269.96,269.96,1,2,
2026-08-16 03:43:37,794670,3328562,Game 1: Both Teams Destroy Inhibitors?,prop,1,2026-08-16 07:00:00,196.4,Yes,13053838717970023924399823411335499136646595880187348049401580850373318096695,0.01,0.98,0.495,0.97,1.24,1.24,1.24,267.57,267.57,267.57,1,2,
2026-08-16 03:43:37,794670,3328562,Game 1: Both Teams Destroy Inhibitors?,prop,1,2026-08-16 07:00:00,196.4,No,112510476157851535244688600363964555051776899383792779832675842908460550665691,0.02,0.99,0.505,0.97,3.18,3.18,3.18,122.55,122.55,122.55,2,1,
2026-08-16 03:43:37,794670,3328563,Game 1: Any Player Quadra Kill?,prop,1,2026-08-16 07:00:00,196.4,Yes,54759240964563943414122006525506514164649138813059134974868853392254530073790,0.01,0.49,0.25,0.48,0.1,0.1,0.1,53.9,53.9,53.9,1,10,150
2026-08-16 03:43:37,794670,3328563,Game 1: Any Player Quadra Kill?,prop,1,2026-08-16 07:00:00,196.4,No,3415764882416558502899343870289222748176344491741189399393850850511764115705,0.51,0.99,0.75,0.48,56.1,56.1,56.1,9.9,9.9,9.9,10,1,150
2026-08-16 03:43:37,794670,3328564,Game 1: Any Player Penta Kill?,prop,1,2026-08-16 07:00:00,196.4,Yes,13295051532447157166046192139265680922043728135085913180089705073904775045437,0.01,0.5,0.255,0.49,0.05,0.05,0.05,20.0,20.0,20.0,1,8,158.960782
2026-08-16 03:43:37,794670,3328564,Game 1: Any Player Penta Kill?,prop,1,2026-08-16 07:00:00,196.4,No,10575823341762610244252200321754810018909720292358219231812285246532262125731,0.5,0.99,0.745,0.49,20.0,20.0,20.0,4.95,4.95,4.95,8,1,158.960782
2026-08-16 03:43:37,794670,3328565,Game 1: Odd/Even Total Kills?,odd_even,1,2026-08-16 07:00:00,196.4,Odd,71647229882176800767532158451795545019834459069769370202559168199907665874566,0.49,0.51,0.5,0.02,105.76,105.76,390.37,110.07,110.07,457.94,10,10,
2026-08-16 03:43:37,794670,3328565,Game 1: Odd/Even Total Kills?,odd_even,1,2026-08-16 07:00:00,196.4,Even,83921601058281979584480353186631392003584755582383854814281270923995060551086,0.49,0.51,0.5,0.02,105.76,105.76,390.37,110.07,110.07,457.94,10,10,
2026-08-16 03:43:37,794670,3328566,Game 2: Both Teams Slay Baron Nashor?,prop,2,2026-08-16 07:00:00,196.4,Yes,51393030668155752604479546072969015158016837143545844852688745542105299779630,0.01,0.99,0.5,0.98,1.24,1.24,1.24,114.54,114.54,114.54,1,1,
2026-08-16 03:43:37,794670,3328566,Game 2: Both Teams Slay Baron Nashor?,prop,2,2026-08-16 07:00:00,196.4,No,71272222238906180701825596073055507353773974125688253868336430375860995865144,0.01,0.99,0.5,0.98,1.16,1.16,1.16,122.55,122.55,122.55,1,1,
2026-08-16 03:43:37,794670,3328567,Game 2: Both Teams Slay a Dragon?,prop,2,2026-08-16 07:00:00,196.4,Yes,53765607635023443531072902446774929976076279319906793705390590793521728434706,0.01,0.99,0.5,0.98,1.24,1.24,1.24,117.24,117.24,117.24,1,1,
2026-08-16 03:43:37,794670,3328567,Game 2: Both Teams Slay a Dragon?,prop,2,2026-08-16 07:00:00,196.4,No,90285434007435995955566194309223706005125098289107460554414174787978666392830,0.01,0.99,0.5,0.98,1.18,1.18,1.18,122.55,122.55,122.55,1,1,
2026-08-16 03:43:37,794670,3328568,Game 2: Both Teams Destroy Inhibitors?,prop,2,2026-08-16 07:00:00,196.4,Yes,49414380078729951160680380355146161427162374310442702898600308732596827570302,0.01,0.99,0.5,0.98,1.24,1.24,1.24,122.55,122.55,122.55,1,1,
2026-08-16 03:43:37,794670,3328568,Game 2: Both Teams Destroy Inhibitors?,prop,2,2026-08-16 07:00:00,196.4,No,34869270742136443108941088512578459906629028321004669493305109856417149428005,0.01,0.99,0.5,0.98,1.24,1.24,1.24,122.56,122.56,122.56,1,1,
2026-08-16 03:43:37,794670,3328569,Game 2: Any Player Quadra Kill?,prop,2,2026-08-16 07:00:00,196.4,Yes,23419781834886721270600203741418152232982164602536486246068767735873276285944,0.01,0.99,0.5,0.98,0.05,0.05,0.05,4.95,4.95,4.95,1,1,
2026-08-16 03:43:37,794670,3328569,Game 2: Any Player Quadra Kill?,prop,2,2026-08-16 07:00:00,196.4,No,111698919449753590692433348621558597931890402361211561250560795799426440846164,0.01,0.99,0.5,0.98,0.05,0.05,0.05,4.95,4.95,4.95,1,1,
2026-08-16 03:43:37,794670,3328570,Game 2: Any Player Penta Kill?,prop,2,2026-08-16 07:00:00,196.4,Yes,52436584454660878246317925744723116338664487100598883866367213113448333363430,0.01,0.5,0.255,0.49,0.05,0.05,0.05,15.5,15.5,15.5,1,8,5
2026-08-16 03:43:37,794670,3328570,Game 2: Any Player Penta Kill?,prop,2,2026-08-16 07:00:00,196.4,No,3449148093871545917300512412099199808051121418398610147002854315497817103659,0.5,0.99,0.745,0.49,15.5,15.5,15.5,4.95,4.95,4.95,8,1,5
2026-08-16 03:43:37,794670,3328571,Game 2: Odd/Even Total Kills?,odd_even,2,2026-08-16 07:00:00,196.4,Odd,62148013166836212644939234079468136258421881933893587944291484504219277039239,0.49,0.51,0.5,0.02,105.76,105.76,390.37,110.07,110.07,457.94,10,10,
2026-08-16 03:43:37,794670,3328571,Game 2: Odd/Even Total Kills?,odd_even,2,2026-08-16 07:00:00,196.4,Even,632555676246877041712856545746380571234360453964058199543272958208821017961,0.49,0.51,0.5,0.02,105.76,105.76,390.37,110.07,110.07,457.94,10,10,
2026-08-16 03:43:37,794670,3328572,Game 3: Both Teams Slay Baron Nashor?,prop,3,2026-08-16 07:00:00,196.4,Yes,12738214688956245993322287639329168339764781692640819650467707144074188128894,0.01,0.99,0.5,0.98,1.24,1.24,1.24,122.56,122.56,122.56,1,1,
2026-08-16 03:43:37,794670,3328572,Game 3: Both Teams Slay Baron Nashor?,prop,3,2026-08-16 07:00:00,196.4,No,91069816958213809167662333688923813753059435106849030991919947632875075375075,0.01,0.99,0.5,0.98,1.24,1.24,1.24,122.55,122.55,122.55,1,1,
2026-08-16 03:43:37,794670,3328573,Game 3: Both Teams Slay a Dragon?,prop,3,2026-08-16 07:00:00,196.4,Yes,46244602142184817972674743176439824341014840833410382366122179497159423068273,0.01,0.99,0.5,0.98,1.24,1.24,1.24,122.55,122.55,122.55,1,1,
2026-08-16 03:43:37,794670,3328573,Game 3: Both Teams Slay a Dragon?,prop,3,2026-08-16 07:00:00,196.4,No,101974656332925414264188327367629610757342127521200254740942243355381462086751,0.01,0.99,0.5,0.98,1.24,1.24,1.24,122.55,122.55,122.55,1,1,
2026-08-16 03:43:37,794670,3328574,Game 3: Both Teams Destroy Inhibitors?,prop,3,2026-08-16 07:00:00,196.4,Yes,109222571525636117524530971056115537262617222470976246382114586203296105465382,0.01,0.99,0.5,0.98,1.24,1.24,1.24,122.56,122.56,122.56,1,1,
2026-08-16 03:43:37,794670,3328574,Game 3: Both Teams Destroy Inhibitors?,prop,3,2026-08-16 07:00:00,196.4,No,115261244396556457522125059985371866354797916201544131233716797231805623423829,0.01,0.99,0.5,0.98,1.24,1.24,1.24,122.55,122.55,122.55,1,1,
2026-08-16 03:43:37,794670,3328575,Game 3: Any Player Quadra Kill?,prop,3,2026-08-16 07:00:00,196.4,Yes,83664171899242963955174249389926103643498621192019818972108176223876123825067,0.01,0.99,0.5,0.98,0.05,0.05,0.05,4.95,4.95,4.95,1,1,
2026-08-16 03:43:37,794670,3328575,Game 3: Any Player Quadra Kill?,prop,3,2026-08-16 07:00:00,196.4,No,24539482283860468814231417477313308122193740873094848527015850735415591497745,0.01,0.99,0.5,0.98,0.05,0.05,0.05,4.95,4.95,4.95,1,1,
2026-08-16 03:43:37,794670,3328576,Game 3: Any Player Penta Kill?,prop,3,2026-08-16 07:00:00,196.4,Yes,90650846986322596750311306069883359806431003130943225385646041980572483023460,0.05,0.99,0.52,0.94,28.65,28.65,28.7,4.95,4.95,4.95,2,1,
2026-08-16 03:43:37,794670,3328576,Game 3: Any Player Penta Kill?,prop,3,2026-08-16 07:00:00,196.4,No,96328462917243919667738332714146113946394828595771932995938202409362399915033,0.01,0.95,0.48,0.94,0.05,0.05,0.05,544.35,544.35,549.3,1,2,
2026-08-16 03:43:37,794670,3328577,Game 3: Odd/Even Total Kills?,odd_even,3,2026-08-16 07:00:00,196.4,Odd,41731331869078729736059819119570383257311701104104543741639616152423141547563,0.49,0.51,0.5,0.02,129.76,129.76,414.37,136.07,136.07,483.94,11,11,
2026-08-16 03:43:37,794670,3328577,Game 3: Odd/Even Total Kills?,odd_even,3,2026-08-16 07:00:00,196.4,Even,89344548013061261779837646201220487373956976293642208316183472315742263068534,0.49,0.51,0.5,0.02,129.76,129.76,414.37,136.07,136.07,483.94,11,11,
2026-08-16 03:43:37,794670,3600069,First Blood in Game 1?,first_blood,1,2026-08-16 07:00:00,196.4,LGD Gaming,56019198501967766881375651131776293396875109593642849026206472415092127449245,0.43,0.62,0.525,0.19,6.96,6.96,6.96,24.16,24.16,24.16,13,14,153.668726
2026-08-16 03:43:37,794670,3600069,First Blood in Game 1?,first_blood,1,2026-08-16 07:00:00,196.4,JD Gaming,91129739157349664034752750887552435088219799132916517942433114801456757143941,0.38,0.57,0.475,0.19,14.8,14.8,14.8,9.23,9.23,9.23,14,13,153.668726
2026-08-16 03:43:37,794670,3600070,First Blood in Game 2?,first_blood,2,2026-08-16 07:00:00,196.4,LGD Gaming,23272533962705623823198152733635229850884366581250155154829076933063473807126,0.06,0.95,0.505,0.89,12.62,14.62,17.24,203.75,317.73,535.71,5,5,
2026-08-16 03:43:37,794670,3600070,First Blood in Game 2?,first_blood,2,2026-08-16 07:00:00,196.4,JD Gaming,21213513701859842198271025074061248037223377032557852493434334641816126684228,0.05,0.94,0.495,0.89,8.62,11.04,13.24,199.73,264.4,503.09,5,5,
2026-08-16 03:43:37,794670,3600071,Total Kills Over/Under 27.5 in Game 1?,total_kills,1,2026-08-16 07:00:00,196.4,Over,86372067191827945098524920226353210356758548216764004611848416437586087922247,0.54,0.72,0.63,0.18,40.5,2120.5,2135.5,151.3,151.3,216.71,11,11,22.214743
2026-08-16 03:43:37,794670,3600071,Total Kills Over/Under 27.5 in Game 1?,total_kills,1,2026-08-16 07:00:00,196.4,Under,38898116374758419293033056937433672486108987534665133905437521926785479201842,0.28,0.46,0.37,0.18,58.7,58.7,78.5,34.5,1954.5,1969.5,11,11,22.214743
2026-08-16 03:43:37,794670,3600072,Total Kills Over/Under 27.5 in Game 2?,total_kills,2,2026-08-16 07:00:00,196.4,Over,13781583258844249665301791136349861793789898322210286725474463916437506953528,0.51,0.72,0.615,0.21,2040.0,2040.0,2040.0,151.3,151.3,166.7,9,10,15.22
2026-08-16 03:43:37,794670,3600072,Total Kills Over/Under 27.5 in Game 2?,total_kills,2,2026-08-16 07:00:00,196.4,Under,68564424261263123899319878089468296069420826741725748097317069179046409374287,0.28,0.49,0.385,0.21,58.7,58.7,63.3,1960.0,1960.0,1960.0,10,9,15.22
2026-08-16 03:43:37,794670,3600073,Total Kills Over/Under 30.5 in Game 1?,total_kills,1,2026-08-16 07:00:00,196.4,Over,24273859160406241172085539565667187181351190409335238441305703000828781213282,0.43,0.44,0.435,0.01,29.55,33.3,33.3,663.79,1057.09,1060.45,13,14,17.882724000000003
2026-08-16 03:43:37,794670,3600073,Total Kills Over/Under 30.5 in Game 1?,total_kills,1,2026-08-16 07:00:00,196.4,Under,59755404426895966539450567895775357735108102858267644522940654792823949942085,0.56,0.57,0.565,0.01,811.31,1273.01,1276.65,39.17,44.56,44.56,14,13,17.882724000000003
2026-08-16 03:43:37,794670,3600074,Total Kills Over/Under 30.5 in Game 2?,total_kills,2,2026-08-16 07:00:00,196.4,Over,111769467495035464058086880271753220243483127266342958800382645066650247151274,0.39,0.44,0.415,0.05,31.07,45.87,56.37,69.5,73.53,73.53,14,16,20.650571
2026-08-16 03:43:37,794670,3600074,Total Kills Over/Under 30.5 in Game 2?,total_kills,2,2026-08-16 07:00:00,196.4,Under,37217028090797925515798756520645539072510340958623525368300350009857685750662,0.56,0.61,0.585,0.05,85.5,90.03,90.03,50.53,76.82,96.32,16,14,20.650571
2026-08-16 03:52:31,794670,3328548,LoL: LGD Gaming vs JD Gaming - Game 1 Winner,map,1,2026-08-16 07:00:00,187.5,LGD Gaming,102824621641118762965445948988944232408946848044875046151255905758443167819720,0.34,0.35,0.345,0.01,11106.3,12288.58,12764.59,1277.62,9547.97,15742.43,32,49,7628.081795
2026-08-16 03:52:31,794670,3328548,LoL: LGD Gaming vs JD Gaming - Game 1 Winner,map,1,2026-08-16 07:00:00,187.5,JD Gaming,5610842165726021683555265943500609425926260191866810595505563492143684632795,0.65,0.66,0.655,0.01,2314.95,15874.6,25494.74,22023.03,24566.94,25714.93,49,32,7628.081795
2026-08-16 03:52:31,794670,3328549,LoL: LGD Gaming vs JD Gaming - Game 2 Winner,map,2,2026-08-16 07:00:00,187.5,LGD Gaming,82574079455380485307870566905432542477770027137328166955907688212003660779823,0.34,0.35,0.345,0.01,9310.27,10496.32,11159.67,1021.73,6638.38,12860.68,29,48,5862.406076
2026-08-16 03:52:31,794670,3328549,LoL: LGD Gaming vs JD Gaming - Game 2 Winner,map,2,2026-08-16 07:00:00,187.5,JD Gaming,10563394827917084153761282238096209863350510544921913247095324708333866949479,0.65,0.66,0.655,0.01,1848.98,11052.33,20708.84,18541.76,21093.69,22700.34,48,29,5862.406076
2026-08-16 03:52:31,794670,3328557,LoL: LGD Gaming vs JD Gaming (BO3) - LPL Group Ascend,series,,2026-08-16 07:00:00,187.5,LGD Gaming,90596016317732598930042651202220149760734651475626776107226569633373956684009,0.3,0.31,0.305,0.01,12921.16,21167.67,23155.41,26153.4,36495.73,37887.92,25,49,41383.631847
2026-08-16 03:52:31,794670,3328557,LoL: LGD Gaming vs JD Gaming (BO3) - LPL Group Ascend,series,,2026-08-16 07:00:00,187.5,JD Gaming,31707656722465422977190920295558941573063633834949721176855024182888171884798,0.69,0.7,0.695,0.01,56912.09,77692.36,80277.86,31331.37,52724.25,58587.51,49,25,41383.631847
2026-08-16 03:52:31,794670,3328558,Games Total: O/U 2.5,total_games,,2026-08-16 07:00:00,187.5,Over,93007094417708994780435747129625065934584062458065943197557434205893019411611,0.45,0.46,0.455,0.01,3312.05,18406.75,20920.1,7613.74,23504.71,25282.2,21,27,4885.757082
2026-08-16 03:52:31,794670,3328558,Games Total: O/U 2.5,total_games,,2026-08-16 07:00:00,187.5,Under,40101255319653575218849591375056953309085453947892993011008860239292211411949,0.54,0.55,0.545,0.01,8599.55,25476.86,27213.75,4082.04,24518.52,28184.07,26,21,4885.757082
2026-08-16 03:52:31,794670,3328559,Game Handicap: JDG (-1.5) vs LGD Gaming (+1.5),handicap,,2026-08-16 07:00:00,187.5,JD Gaming,6246925247605876855027437546764427752148257339899783681629942804531689023181,0.4,0.41,0.405,0.01,13753.37,19414.78,19610.59,675.73,10246.67,10931.67,25,26,3054.494101
2026-08-16 03:52:31,794670,3328559,Game Handicap: JDG (-1.5) vs LGD Gaming (+1.5),handicap,,2026-08-16 07:00:00,187.5,LGD Gaming,71668934447533029681808612198027914932613846253331431034315824294879762898701,0.59,0.6,0.595,0.01,964.83,13416.89,14231.89,20910.26,30252.62,30601.1,26,25,3054.494101
2026-08-16 03:52:31,794670,3328560,Game 1: Both Teams Slay Baron Nashor?,prop,1,2026-08-16 07:00:00,187.5,Yes,106016650781895533103269577856158924093518279389268169472924553842755893932958,0.01,0.98,0.495,0.97,1.24,1.24,1.24,270.59,270.59,270.59,1,2,
2026-08-16 03:52:31,794670,3328560,Game 1: Both Teams Slay Baron Nashor?,prop,1,2026-08-16 07:00:00,187.5,No,93363411253667740002937673567896008645173078046970056745156397764945586592066,0.02,0.99,0.505,0.97,3.24,3.24,3.24,122.56,122.56,122.56,2,1,
2026-08-16 03:52:31,794670,3328561,Game 1: Both Teams Slay a Dragon?,prop,1,2026-08-16 07:00:00,187.5,Yes,20211963484936833277620128848373331998329552694017778302508765009527750048347,0.02,0.99,0.505,0.97,3.24,3.24,3.24,122.56,122.56,122.56,2,1,
2026-08-16 03:52:31,794670,3328561,Game 1: Both Teams Slay a Dragon?,prop,1,2026-08-16 07:00:00,187.5,No,678051504835143736914571134894808362988699541199720092414705245126793076863,0.01,0.98,0.495,0.97,1.24,1.24,1.24,269.96,269.96,269.96,1,2,
2026-08-16 03:52:31,794670,3328562,Game 1: Both Teams Destroy Inhibitors?,prop,1,2026-08-16 07:00:00,187.5,Yes,13053838717970023924399823411335499136646595880187348049401580850373318096695,0.01,0.98,0.495,0.97,1.24,1.24,1.24,267.57,267.57,267.57,1,2,
2026-08-16 03:52:31,794670,3328562,Game 1: Both Teams Destroy Inhibitors?,prop,1,2026-08-16 07:00:00,187.5,No,112510476157851535244688600363964555051776899383792779832675842908460550665691,0.02,0.99,0.505,0.97,3.18,3.18,3.18,122.56,122.56,122.56,2,1,
2026-08-16 03:52:31,794670,3328563,Game 1: Any Player Quadra Kill?,prop,1,2026-08-16 07:00:00,187.5,Yes,54759240964563943414122006525506514164649138813059134974868853392254530073790,0.01,0.49,0.25,0.48,0.1,0.1,0.1,53.9,53.9,53.9,1,8,150
2026-08-16 03:52:31,794670,3328563,Game 1: Any Player Quadra Kill?,prop,1,2026-08-16 07:00:00,187.5,No,3415764882416558502899343870289222748176344491741189399393850850511764115705,0.51,0.99,0.75,0.48,56.1,56.1,56.1,9.9,9.9,9.9,8,1,150
2026-08-16 03:52:31,794670,3328564,Game 1: Any Player Penta Kill?,prop,1,2026-08-16 07:00:00,187.5,Yes,13295051532447157166046192139265680922043728135085913180089705073904775045437,0.01,0.5,0.255,0.49,0.05,0.05,0.05,20.0,20.0,20.0,1,8,158.960782
2026-08-16 03:52:31,794670,3328564,Game 1: Any Player Penta Kill?,prop,1,2026-08-16 07:00:00,187.5,No,10575823341762610244252200321754810018909720292358219231812285246532262125731,0.5,0.99,0.745,0.49,20.0,20.0,20.0,4.95,4.95,4.95,8,1,158.960782
2026-08-16 03:52:31,794670,3328565,Game 1: Odd/Even Total Kills?,odd_even,1,2026-08-16 07:00:00,187.5,Odd,71647229882176800767532158451795545019834459069769370202559168199907665874566,0.49,0.51,0.5,0.02,125.91,125.91,410.53,136.07,136.07,483.94,11,11,
2026-08-16 03:52:31,794670,3328565,Game 1: Odd/Even Total Kills?,odd_even,1,2026-08-16 07:00:00,187.5,Even,83921601058281979584480353186631392003584755582383854814281270923995060551086,0.49,0.51,0.5,0.02,129.76,129.76,414.37,132.07,132.07,479.93,11,11,
2026-08-16 03:52:31,794670,3328566,Game 2: Both Teams Slay Baron Nashor?,prop,2,2026-08-16 07:00:00,187.5,Yes,51393030668155752604479546072969015158016837143545844852688745542105299779630,0.01,0.99,0.5,0.98,1.24,1.24,1.24,122.56,122.56,122.56,1,1,
2026-08-16 03:52:31,794670,3328566,Game 2: Both Teams Slay Baron Nashor?,prop,2,2026-08-16 07:00:00,187.5,No,71272222238906180701825596073055507353773974125688253868336430375860995865144,0.01,0.99,0.5,0.98,1.24,1.24,1.24,122.56,122.56,122.56,1,1,
2026-08-16 03:52:31,794670,3328567,Game 2: Both Teams Slay a Dragon?,prop,2,2026-08-16 07:00:00,187.5,Yes,53765607635023443531072902446774929976076279319906793705390590793521728434706,0.01,0.99,0.5,0.98,1.24,1.24,1.24,122.56,122.56,122.56,1,1,
2026-08-16 03:52:31,794670,3328567,Game 2: Both Teams Slay a Dragon?,prop,2,2026-08-16 07:00:00,187.5,No,90285434007435995955566194309223706005125098289107460554414174787978666392830,0.01,0.99,0.5,0.98,1.24,1.24,1.24,122.55,122.55,122.55,1,1,
2026-08-16 03:52:31,794670,3328568,Game 2: Both Teams Destroy Inhibitors?,prop,2,2026-08-16 07:00:00,187.5,Yes,49414380078729951160680380355146161427162374310442702898600308732596827570302,0.01,0.99,0.5,0.98,1.24,1.24,1.24,122.55,122.55,122.55,1,1,
2026-08-16 03:52:31,794670,3328568,Game 2: Both Teams Destroy Inhibitors?,prop,2,2026-08-16 07:00:00,187.5,No,34869270742136443108941088512578459906629028321004669493305109856417149428005,0.01,0.99,0.5,0.98,1.24,1.24,1.24,122.56,122.56,122.56,1,1,
2026-08-16 03:52:31,794670,3328569,Game 2: Any Player Quadra Kill?,prop,2,2026-08-16 07:00:00,187.5,Yes,23419781834886721270600203741418152232982164602536486246068767735873276285944,0.01,0.99,0.5,0.98,0.05,0.05,0.05,4.95,4.95,4.95,1,1,
2026-08-16 03:52:31,794670,3328569,Game 2: Any Player Quadra Kill?,prop,2,2026-08-16 07:00:00,187.5,No,111698919449753590692433348621558597931890402361211561250560795799426440846164,0.01,0.99,0.5,0.98,0.05,0.05,0.05,4.95,4.95,4.95,1,1,
2026-08-16 03:52:31,794670,3328570,Game 2: Any Player Penta Kill?,prop,2,2026-08-16 07:00:00,187.5,Yes,52436584454660878246317925744723116338664487100598883866367213113448333363430,0.01,0.5,0.255,0.49,0.05,0.05,0.05,15.5,15.5,15.5,1,8,5
2026-08-16 03:52:31,794670,3328570,Game 2: Any Player Penta Kill?,prop,2,2026-08-16 07:00:00,187.5,No,3449148093871545917300512412099199808051121418398610147002854315497817103659,0.5,0.99,0.745,0.49,15.5,15.5,15.5,4.95,4.95,4.95,8,1,5
2026-08-16 03:52:31,794670,3328571,Game 2: Odd/Even Total Kills?,odd_even,2,2026-08-16 07:00:00,187.5,Odd,62148013166836212644939234079468136258421881933893587944291484504219277039239,0.49,0.51,0.5,0.02,129.76,129.76,414.37,136.07,136.07,483.94,11,11,
2026-08-16 03:52:31,794670,3328571,Game 2: Odd/Even Total Kills?,odd_even,2,2026-08-16 07:00:00,187.5,Even,632555676246877041712856545746380571234360453964058199543272958208821017961,0.49,0.51,0.5,0.02,129.76,129.76,414.37,136.07,136.07,483.94,11,11,
2026-08-16 03:52:31,794670,3328572,Game 3: Both Teams Slay Baron Nashor?,prop,3,2026-08-16 07:00:00,187.5,Yes,12738214688956245993322287639329168339764781692640819650467707144074188128894,0.01,0.99,0.5,0.98,1.24,1.24,1.24,122.56,122.56,122.56,1,1,
2026-08-16 03:52:31,794670,3328572,Game 3: Both Teams Slay Baron Nashor?,prop,3,2026-08-16 07:00:00,187.5,No,91069816958213809167662333688923813753059435106849030991919947632875075375075,0.01,0.99,0.5,0.98,1.24,1.24,1.24,122.55,122.55,122.55,1,1,
2026-08-16 03:52:31,794670,3328573,Game 3: Both Teams Slay a Dragon?,prop,3,2026-08-16 07:00:00,187.5,Yes,46244602142184817972674743176439824341014840833410382366122179497159423068273,0.01,0.99,0.5,0.98,1.24,1.24,1.24,122.55,122.55,122.55,1,1,
2026-08-16 03:52:31,794670,3328573,Game 3: Both Teams Slay a Dragon?,prop,3,2026-08-16 07:00:00,187.5,No,101974656332925414264188327367629610757342127521200254740942243355381462086751,0.01,0.99,0.5,0.98,1.24,1.24,1.24,122.55,122.55,122.55,1,1,
2026-08-16 03:52:31,794670,3328574,Game 3: Both Teams Destroy Inhibitors?,prop,3,2026-08-16 07:00:00,187.5,Yes,109222571525636117524530971056115537262617222470976246382114586203296105465382,0.01,0.99,0.5,0.98,1.24,1.24,1.24,122.56,122.56,122.56,1,1,
2026-08-16 03:52:31,794670,3328574,Game 3: Both Teams Destroy Inhibitors?,prop,3,2026-08-16 07:00:00,187.5,No,115261244396556457522125059985371866354797916201544131233716797231805623423829,0.01,0.99,0.5,0.98,1.24,1.24,1.24,122.55,122.55,122.55,1,1,
2026-08-16 03:52:31,794670,3328575,Game 3: Any Player Quadra Kill?,prop,3,2026-08-16 07:00:00,187.5,Yes,83664171899242963955174249389926103643498621192019818972108176223876123825067,0.01,0.99,0.5,0.98,0.05,0.05,0.05,4.95,4.95,4.95,1,1,
2026-08-16 03:52:31,794670,3328575,Game 3: Any Player Quadra Kill?,prop,3,2026-08-16 07:00:00,187.5,No,24539482283860468814231417477313308122193740873094848527015850735415591497745,0.01,0.99,0.5,0.98,0.05,0.05,0.05,4.95,4.95,4.95,1,1,
2026-08-16 03:52:31,794670,3328576,Game 3: Any Player Penta Kill?,prop,3,2026-08-16 07:00:00,187.5,Yes,90650846986322596750311306069883359806431003130943225385646041980572483023460,0.05,0.99,0.52,0.94,28.65,28.65,28.7,4.95,4.95,4.95,2,1,
2026-08-16 03:52:31,794670,3328576,Game 3: Any Player Penta Kill?,prop,3,2026-08-16 07:00:00,187.5,No,96328462917243919667738332714146113946394828595771932995938202409362399915033,0.01,0.95,0.48,0.94,0.05,0.05,0.05,544.35,544.35,549.3,1,2,
2026-08-16 03:52:31,794670,3328577,Game 3: Odd/Even Total Kills?,odd_even,3,2026-08-16 07:00:00,187.5,Odd,41731331869078729736059819119570383257311701104104543741639616152423141547563,0.49,0.51,0.5,0.02,129.76,129.76,414.37,136.07,136.07,483.94,11,11,
2026-08-16 03:52:31,794670,3328577,Game 3: Odd/Even Total Kills?,odd_even,3,2026-08-16 07:00:00,187.5,Even,89344548013061261779837646201220487373956976293642208316183472315742263068534,0.49,0.51,0.5,0.02,129.76,129.76,414.37,136.07,136.07,483.94,11,11,
2026-08-16 03:52:31,794670,3600069,First Blood in Game 1?,first_blood,1,2026-08-16 07:00:00,187.5,LGD Gaming,56019198501967766881375651131776293396875109593642849026206472415092127449245,0.43,0.62,0.525,0.19,6.96,6.96,6.96,24.16,24.16,24.16,14,14,153.668726
2026-08-16 03:52:31,794670,3600069,First Blood in Game 1?,first_blood,1,2026-08-16 07:00:00,187.5,JD Gaming,91129739157349664034752750887552435088219799132916517942433114801456757143941,0.38,0.57,0.475,0.19,14.8,14.8,14.8,9.23,9.23,9.23,14,14,153.668726
2026-08-16 03:52:31,794670,3600070,First Blood in Game 2?,first_blood,2,2026-08-16 07:00:00,187.5,LGD Gaming,23272533962705623823198152733635229850884366581250155154829076933063473807126,0.07,0.95,0.51,0.88,14.61,14.88,19.04,203.75,317.73,535.71,6,5,
2026-08-16 03:52:31,794670,3600070,First Blood in Game 2?,first_blood,2,2026-08-16 07:00:00,187.5,JD Gaming,21213513701859842198271025074061248037223377032557852493434334641816126684228,0.05,0.93,0.49,0.88,8.62,11.04,13.24,195.61,201.93,372.51,5,6,
2026-08-16 03:52:31,794670,3600071,Total Kills Over/Under 27.5 in Game 1?,total_kills,1,2026-08-16 07:00:00,187.5,Over,86372067191827945098524920226353210356758548216764004611848416437586087922247,0.52,0.59,0.555,0.07,2080.0,2080.0,2080.0,44.63,90.38,90.38,10,14,22.214743
2026-08-16 03:52:31,794670,3600071,Total Kills Over/Under 27.5 in Game 1?,total_kills,1,2026-08-16 07:00:00,187.5,Under,38898116374758419293033056937433672486108987534665133905437521926785479201842,0.41,0.48,0.445,0.07,29.92,59.17,59.17,1920.0,1920.0,1920.0,14,10,22.214743
2026-08-16 03:52:31,794670,3600072,Total Kills Over/Under 27.5 in Game 2?,total_kills,2,2026-08-16 07:00:00,187.5,Over,13781583258844249665301791136349861793789898322210286725474463916437506953528,0.51,0.6,0.555,0.09,2040.0,2040.0,2040.0,45.08,91.58,91.58,9,15,15.22
2026-08-16 03:52:31,794670,3600072,Total Kills Over/Under 27.5 in Game 2?,total_kills,2,2026-08-16 07:00:00,187.5,Under,68564424261263123899319878089468296069420826741725748097317069179046409374287,0.4,0.49,0.445,0.09,29.47,57.97,57.97,1960.0,1960.0,1960.0,15,9,15.22
2026-08-16 03:52:31,794670,3600073,Total Kills Over/Under 30.5 in Game 1?,total_kills,1,2026-08-16 07:00:00,187.5,Over,24273859160406241172085539565667187181351190409335238441305703000828781213282,0.43,0.44,0.435,0.01,3.75,7.5,7.5,663.79,1057.09,1060.45,13,14,17.882724000000003
2026-08-16 03:52:31,794670,3600073,Total Kills Over/Under 30.5 in Game 1?,total_kills,1,2026-08-16 07:00:00,187.5,Under,59755404426895966539450567895775357735108102858267644522940654792823949942085,0.56,0.57,0.565,0.01,811.31,1273.01,1276.65,4.97,10.36,10.36,14,13,17.882724000000003
2026-08-16 03:52:31,794670,3600074,Total Kills Over/Under 30.5 in Game 2?,total_kills,2,2026-08-16 07:00:00,187.5,Over,111769467495035464058086880271753220243483127266342958800382645066650247151274,0.39,0.44,0.415,0.05,31.07,45.87,56.37,69.5,73.53,73.53,14,16,20.650571
2026-08-16 03:52:31,794670,3600074,Total Kills Over/Under 30.5 in Game 2?,total_kills,2,2026-08-16 07:00:00,187.5,Under,37217028090797925515798756520645539072510340958623525368300350009857685750662,0.56,0.61,0.585,0.05,85.5,90.03,90.03,50.53,76.82,96.32,16,14,20.650571
2026-08-16 03:57:56,794670,3328548,LoL: LGD Gaming vs JD Gaming - Game 1 Winner,map,1,2026-08-16 07:00:00,182.1,LGD Gaming,102824621641118762965445948988944232408946848044875046151255905758443167819720,0.34,0.35,0.345,0.01,11260.42,12437.7,12915.96,1262.41,9532.76,15727.22,32,48,7628.081795
2026-08-16 03:57:56,794670,3328548,LoL: LGD Gaming vs JD Gaming - Game 1 Winner,map,1,2026-08-16 07:00:00,182.1,JD Gaming,5610842165726021683555265943500609425926260191866810595505563492143684632795,0.65,0.66,0.655,0.01,2286.13,15845.78,25465.92,22319.42,24868.33,26039.07,48,32,7628.081795
2026-08-16 03:57:56,794670,3328549,LoL: LGD Gaming vs JD Gaming - Game 2 Winner,map,2,2026-08-16 07:00:00,182.1,LGD Gaming,82574079455380485307870566905432542477770027137328166955907688212003660779823,0.34,0.35,0.345,0.01,9459.4,10640.45,11319.39,1021.73,6621.73,12844.03,28,47,5862.406076
2026-08-16 03:57:56,794670,3328549,LoL: LGD Gaming vs JD Gaming - Game 2 Winner,map,2,2026-08-16 07:00:00,182.1,JD Gaming,10563394827917084153761282238096209863350510544921913247095324708333866949479,0.65,0.66,0.655,0.01,1848.98,11023.98,20680.49,18837.91,21394.84,23056.9,47,28,5862.406076
2026-08-16 03:57:56,794670,3328557,LoL: LGD Gaming vs JD Gaming (BO3) - LPL Group Ascend,series,,2026-08-16 07:00:00,182.1,LGD Gaming,90596016317732598930042651202220149760734651475626776107226569633373956684009,0.3,0.31,0.305,0.01,12850.81,21124.2,23111.94,26061.8,36499.33,37891.52,26,48,41383.631847
2026-08-16 03:57:56,794670,3328557,LoL: LGD Gaming vs JD Gaming (BO3) - LPL Group Ascend,series,,2026-08-16 07:00:00,182.1,JD Gaming,31707656722465422977190920295558941573063633834949721176855024182888171884798,0.69,0.7,0.695,0.01,56720.46,77685.53,80271.03,31163.86,52625.86,58489.12,48,25,41383.631847
2026-08-16 03:57:56,794670,3328558,Games Total: O/U 2.5,total_games,,2026-08-16 07:00:00,182.1,Over,93007094417708994780435747129625065934584062458065943197557434205893019411611,0.45,0.46,0.455,0.01,3303.91,18398.62,20911.97,7607.14,23498.11,25275.6,20,27,4885.757082
2026-08-16 03:57:56,794670,3328558,Games Total: O/U 2.5,total_games,,2026-08-16 07:00:00,182.1,Under,40101255319653575218849591375056953309085453947892993011008860239292211411949,0.54,0.55,0.545,0.01,8599.55,25476.86,27213.75,4071.99,24508.46,28174.01,27,20,4885.757082
2026-08-16 03:57:56,794670,3328559,Game Handicap: JDG (-1.5) vs LGD Gaming (+1.5),handicap,,2026-08-16 07:00:00,182.1,JD Gaming,6246925247605876855027437546764427752148257339899783681629942804531689023181,0.4,0.41,0.405,0.01,13762.97,19424.38,19620.19,675.73,10246.67,10931.67,25,26,3054.494101
2026-08-16 03:57:56,794670,3328559,Game Handicap: JDG (-1.5) vs LGD Gaming (+1.5),handicap,,2026-08-16 07:00:00,182.1,LGD Gaming,71668934447533029681808612198027914932613846253331431034315824294879762898701,0.59,0.6,0.595,0.01,964.83,13416.89,14231.89,20924.66,30267.02,30615.5,26,25,3054.494101
2026-08-16 03:57:56,794670,3328560,Game 1: Both Teams Slay Baron Nashor?,prop,1,2026-08-16 07:00:00,182.1,Yes,106016650781895533103269577856158924093518279389268169472924553842755893932958,0.01,0.98,0.495,0.97,1.24,1.24,1.24,270.59,270.59,270.59,1,2,
2026-08-16 03:57:56,794670,3328560,Game 1: Both Teams Slay Baron Nashor?,prop,1,2026-08-16 07:00:00,182.1,No,93363411253667740002937673567896008645173078046970056745156397764945586592066,0.02,0.99,0.505,0.97,3.24,3.24,3.24,122.56,122.56,122.56,2,1,
2026-08-16 03:57:56,794670,3328561,Game 1: Both Teams Slay a Dragon?,prop,1,2026-08-16 07:00:00,182.1,Yes,20211963484936833277620128848373331998329552694017778302508765009527750048347,0.02,0.99,0.505,0.97,3.24,3.24,3.24,122.56,122.56,122.56,2,1,
2026-08-16 03:57:56,794670,3328561,Game 1: Both Teams Slay a Dragon?,prop,1,2026-08-16 07:00:00,182.1,No,678051504835143736914571134894808362988699541199720092414705245126793076863,0.01,0.98,0.495,0.97,1.24,1.24,1.24,269.96,269.96,269.96,1,2,
2026-08-16 03:57:56,794670,3328562,Game 1: Both Teams Destroy Inhibitors?,prop,1,2026-08-16 07:00:00,182.1,Yes,13053838717970023924399823411335499136646595880187348049401580850373318096695,0.01,0.98,0.495,0.97,1.24,1.24,1.24,267.57,267.57,267.57,1,2,
2026-08-16 03:57:56,794670,3328562,Game 1: Both Teams Destroy Inhibitors?,prop,1,2026-08-16 07:00:00,182.1,No,112510476157851535244688600363964555051776899383792779832675842908460550665691,0.02,0.99,0.505,0.97,3.18,3.18,3.18,122.56,122.56,122.56,2,1,
2026-08-16 03:57:56,794670,3328563,Game 1: Any Player Quadra Kill?,prop,1,2026-08-16 07:00:00,182.1,Yes,54759240964563943414122006525506514164649138813059134974868853392254530073790,0.01,0.49,0.25,0.48,0.1,0.1,0.1,53.9,53.9,53.9,1,8,150
2026-08-16 03:57:56,794670,3328563,Game 1: Any Player Quadra Kill?,prop,1,2026-08-16 07:00:00,182.1,No,3415764882416558502899343870289222748176344491741189399393850850511764115705,0.51,0.99,0.75,0.48,56.1,56.1,56.1,9.9,9.9,9.9,8,1,150
2026-08-16 03:57:56,794670,3328564,Game 1: Any Player Penta Kill?,prop,1,2026-08-16 07:00:00,182.1,Yes,13295051532447157166046192139265680922043728135085913180089705073904775045437,0.01,0.5,0.255,0.49,0.05,0.05,0.05,20.0,20.0,20.0,1,8,158.960782
2026-08-16 03:57:56,794670,3328564,Game 1: Any Player Penta Kill?,prop,1,2026-08-16 07:00:00,182.1,No,10575823341762610244252200321754810018909720292358219231812285246532262125731,0.5,0.99,0.745,0.49,20.0,20.0,20.0,4.95,4.95,4.95,8,1,158.960782
2026-08-16 03:57:56,794670,3328565,Game 1: Odd/Even Total Kills?,odd_even,1,2026-08-16 07:00:00,182.1,Odd,71647229882176800767532158451795545019834459069769370202559168199907665874566,0.49,0.51,0.5,0.02,125.91,125.91,410.53,136.07,136.07,483.94,11,11,
2026-08-16 03:57:56,794670,3328565,Game 1: Odd/Even Total Kills?,odd_even,1,2026-08-16 07:00:00,182.1,Even,83921601058281979584480353186631392003584755582383854814281270923995060551086,0.49,0.51,0.5,0.02,129.76,129.76,414.37,132.07,132.07,479.93,11,11,
2026-08-16 03:57:56,794670,3328566,Game 2: Both Teams Slay Baron Nashor?,prop,2,2026-08-16 07:00:00,182.1,Yes,51393030668155752604479546072969015158016837143545844852688745542105299779630,0.01,0.99,0.5,0.98,1.24,1.24,1.24,122.56,122.56,122.56,1,1,
2026-08-16 03:57:56,794670,3328566,Game 2: Both Teams Slay Baron Nashor?,prop,2,2026-08-16 07:00:00,182.1,No,71272222238906180701825596073055507353773974125688253868336430375860995865144,0.01,0.99,0.5,0.98,1.24,1.24,1.24,122.56,122.56,122.56,1,1,
2026-08-16 03:57:56,794670,3328567,Game 2: Both Teams Slay a Dragon?,prop,2,2026-08-16 07:00:00,182.1,Yes,53765607635023443531072902446774929976076279319906793705390590793521728434706,0.01,0.99,0.5,0.98,1.24,1.24,1.24,122.56,122.56,122.56,1,1,
2026-08-16 03:57:56,794670,3328567,Game 2: Both Teams Slay a Dragon?,prop,2,2026-08-16 07:00:00,182.1,No,90285434007435995955566194309223706005125098289107460554414174787978666392830,0.01,0.99,0.5,0.98,1.24,1.24,1.24,122.55,122.55,122.55,1,1,
2026-08-16 03:57:56,794670,3328568,Game 2: Both Teams Destroy Inhibitors?,prop,2,2026-08-16 07:00:00,182.1,Yes,49414380078729951160680380355146161427162374310442702898600308732596827570302,0.01,0.99,0.5,0.98,1.24,1.24,1.24,122.55,122.55,122.55,1,1,
2026-08-16 03:57:56,794670,3328568,Game 2: Both Teams Destroy Inhibitors?,prop,2,2026-08-16 07:00:00,182.1,No,34869270742136443108941088512578459906629028321004669493305109856417149428005,0.01,0.99,0.5,0.98,1.24,1.24,1.24,122.56,122.56,122.56,1,1,
2026-08-16 03:57:56,794670,3328569,Game 2: Any Player Quadra Kill?,prop,2,2026-08-16 07:00:00,182.1,Yes,23419781834886721270600203741418152232982164602536486246068767735873276285944,0.01,0.99,0.5,0.98,0.05,0.05,0.05,4.95,4.95,4.95,1,1,
2026-08-16 03:57:56,794670,3328569,Game 2: Any Player Quadra Kill?,prop,2,2026-08-16 07:00:00,182.1,No,111698919449753590692433348621558597931890402361211561250560795799426440846164,0.01,0.99,0.5,0.98,0.05,0.05,0.05,4.95,4.95,4.95,1,1,
2026-08-16 03:57:56,794670,3328570,Game 2: Any Player Penta Kill?,prop,2,2026-08-16 07:00:00,182.1,Yes,52436584454660878246317925744723116338664487100598883866367213113448333363430,0.01,0.5,0.255,0.49,0.05,0.05,0.05,15.5,15.5,15.5,1,8,5
2026-08-16 03:57:56,794670,3328570,Game 2: Any Player Penta Kill?,prop,2,2026-08-16 07:00:00,182.1,No,3449148093871545917300512412099199808051121418398610147002854315497817103659,0.5,0.99,0.745,0.49,15.5,15.5,15.5,4.95,4.95,4.95,8,1,5
2026-08-16 03:57:56,794670,3328571,Game 2: Odd/Even Total Kills?,odd_even,2,2026-08-16 07:00:00,182.1,Odd,62148013166836212644939234079468136258421881933893587944291484504219277039239,0.49,0.51,0.5,0.02,129.76,129.76,414.37,136.07,136.07,483.94,11,11,
2026-08-16 03:57:56,794670,3328571,Game 2: Odd/Even Total Kills?,odd_even,2,2026-08-16 07:00:00,182.1,Even,632555676246877041712856545746380571234360453964058199543272958208821017961,0.49,0.51,0.5,0.02,129.76,129.76,414.37,136.07,136.07,483.94,11,11,
2026-08-16 03:57:56,794670,3328572,Game 3: Both Teams Slay Baron Nashor?,prop,3,2026-08-16 07:00:00,182.1,Yes,12738214688956245993322287639329168339764781692640819650467707144074188128894,0.01,0.99,0.5,0.98,1.24,1.24,1.24,122.56,122.56,122.56,1,1,
2026-08-16 03:57:56,794670,3328572,Game 3: Both Teams Slay Baron Nashor?,prop,3,2026-08-16 07:00:00,182.1,No,91069816958213809167662333688923813753059435106849030991919947632875075375075,0.01,0.99,0.5,0.98,1.24,1.24,1.24,122.55,122.55,122.55,1,1,
2026-08-16 03:57:56,794670,3328573,Game 3: Both Teams Slay a Dragon?,prop,3,2026-08-16 07:00:00,182.1,Yes,46244602142184817972674743176439824341014840833410382366122179497159423068273,0.01,0.99,0.5,0.98,1.24,1.24,1.24,122.55,122.55,122.55,1,1,
2026-08-16 03:57:56,794670,3328573,Game 3: Both Teams Slay a Dragon?,prop,3,2026-08-16 07:00:00,182.1,No,101974656332925414264188327367629610757342127521200254740942243355381462086751,0.01,0.99,0.5,0.98,1.24,1.24,1.24,122.55,122.55,122.55,1,1,
2026-08-16 03:57:56,794670,3328574,Game 3: Both Teams Destroy Inhibitors?,prop,3,2026-08-16 07:00:00,182.1,Yes,109222571525636117524530971056115537262617222470976246382114586203296105465382,0.01,0.99,0.5,0.98,1.24,1.24,1.24,122.56,122.56,122.56,1,1,
2026-08-16 03:57:56,794670,3328574,Game 3: Both Teams Destroy Inhibitors?,prop,3,2026-08-16 07:00:00,182.1,No,115261244396556457522125059985371866354797916201544131233716797231805623423829,0.01,0.99,0.5,0.98,1.24,1.24,1.24,122.55,122.55,122.55,1,1,
2026-08-16 03:57:56,794670,3328575,Game 3: Any Player Quadra Kill?,prop,3,2026-08-16 07:00:00,182.1,Yes,83664171899242963955174249389926103643498621192019818972108176223876123825067,0.01,0.99,0.5,0.98,0.05,0.05,0.05,4.95,4.95,4.95,1,1,
2026-08-16 03:57:56,794670,3328575,Game 3: Any Player Quadra Kill?,prop,3,2026-08-16 07:00:00,182.1,No,24539482283860468814231417477313308122193740873094848527015850735415591497745,0.01,0.99,0.5,0.98,0.05,0.05,0.05,4.95,4.95,4.95,1,1,
2026-08-16 03:57:56,794670,3328576,Game 3: Any Player Penta Kill?,prop,3,2026-08-16 07:00:00,182.1,Yes,90650846986322596750311306069883359806431003130943225385646041980572483023460,0.05,0.99,0.52,0.94,28.65,28.65,28.7,4.95,4.95,4.95,2,1,
2026-08-16 03:57:56,794670,3328576,Game 3: Any Player Penta Kill?,prop,3,2026-08-16 07:00:00,182.1,No,96328462917243919667738332714146113946394828595771932995938202409362399915033,0.01,0.95,0.48,0.94,0.05,0.05,0.05,544.35,544.35,549.3,1,2,
2026-08-16 03:57:56,794670,3328577,Game 3: Odd/Even Total Kills?,odd_even,3,2026-08-16 07:00:00,182.1,Odd,41731331869078729736059819119570383257311701104104543741639616152423141547563,0.49,0.51,0.5,0.02,129.76,129.76,414.37,136.07,136.07,483.94,11,11,
2026-08-16 03:57:56,794670,3328577,Game 3: Odd/Even Total Kills?,odd_even,3,2026-08-16 07:00:00,182.1,Even,89344548013061261779837646201220487373956976293642208316183472315742263068534,0.49,0.51,0.5,0.02,129.76,129.76,414.37,136.07,136.07,483.94,11,11,
2026-08-16 03:57:56,794670,3600069,First Blood in Game 1?,first_blood,1,2026-08-16 07:00:00,182.1,LGD Gaming,56019198501967766881375651131776293396875109593642849026206472415092127449245,0.43,0.62,0.525,0.19,6.96,6.96,6.96,24.16,24.16,24.16,13,14,153.668726
2026-08-16 03:57:56,794670,3600069,First Blood in Game 1?,first_blood,1,2026-08-16 07:00:00,182.1,JD Gaming,91129739157349664034752750887552435088219799132916517942433114801456757143941,0.38,0.57,0.475,0.19,14.8,14.8,14.8,9.23,9.23,9.23,14,13,153.668726
2026-08-16 03:57:56,794670,3600070,First Blood in Game 2?,first_blood,2,2026-08-16 07:00:00,182.1,LGD Gaming,23272533962705623823198152733635229850884366581250155154829076933063473807126,0.07,0.95,0.51,0.88,14.53,14.79,18.79,11.75,311.05,529.03,6,4,
2026-08-16 03:57:56,794670,3600070,First Blood in Game 2?,first_blood,2,2026-08-16 07:00:00,182.1,JD Gaming,21213513701859842198271025074061248037223377032557852493434334641816126684228,0.05,0.93,0.49,0.88,0.62,8.77,10.97,194.3,200.63,363.3,4,6,
2026-08-16 03:57:56,794670,3600071,Total Kills Over/Under 27.5 in Game 1?,total_kills,1,2026-08-16 07:00:00,182.1,Over,86372067191827945098524920226353210356758548216764004611848416437586087922247,0.54,0.59,0.565,0.05,40.5,2120.5,2135.5,44.63,90.38,90.38,13,13,22.214743
2026-08-16 03:57:56,794670,3600071,Total Kills Over/Under 27.5 in Game 1?,total_kills,1,2026-08-16 07:00:00,182.1,Under,38898116374758419293033056937433672486108987534665133905437521926785479201842,0.41,0.46,0.435,0.05,29.92,59.17,59.17,34.5,1954.5,1969.5,13,13,22.214743
2026-08-16 03:57:56,794670,3600072,Total Kills Over/Under 27.5 in Game 2?,total_kills,2,2026-08-16 07:00:00,182.1,Over,13781583258844249665301791136349861793789898322210286725474463916437506953528,0.51,0.6,0.555,0.09,2040.0,2040.0,2040.0,45.08,91.58,91.58,11,15,15.22
2026-08-16 03:57:56,794670,3600072,Total Kills Over/Under 27.5 in Game 2?,total_kills,2,2026-08-16 07:00:00,182.1,Under,68564424261263123899319878089468296069420826741725748097317069179046409374287,0.4,0.49,0.445,0.09,29.47,57.97,57.97,1960.0,1960.0,1960.0,15,11,15.22
2026-08-16 03:57:56,794670,3600073,Total Kills Over/Under 30.5 in Game 1?,total_kills,1,2026-08-16 07:00:00,182.1,Over,24273859160406241172085539565667187181351190409335238441305703000828781213282,0.43,0.44,0.435,0.01,3.75,7.5,7.5,663.79,1034.09,1037.45,13,14,17.882724000000003
2026-08-16 03:57:56,794670,3600073,Total Kills Over/Under 30.5 in Game 1?,total_kills,1,2026-08-16 07:00:00,182.1,Under,59755404426895966539450567895775357735108102858267644522940654792823949942085,0.56,0.57,0.565,0.01,811.31,1246.01,1249.65,4.97,10.36,10.36,14,13,17.882724000000003
2026-08-16 03:57:56,794670,3600074,Total Kills Over/Under 30.5 in Game 2?,total_kills,2,2026-08-16 07:00:00,182.1,Over,111769467495035464058086880271753220243483127266342958800382645066650247151274,0.37,0.45,0.41,0.08,17.23,27.73,27.73,23.81,27.83,27.83,13,17,20.650571
2026-08-16 03:57:56,794670,3600074,Total Kills Over/Under 30.5 in Game 2?,total_kills,2,2026-08-16 07:00:00,182.1,Under,37217028090797925515798756520645539072510340958623525368300350009857685750662,0.55,0.63,0.59,0.08,28.81,33.35,33.35,30.46,49.96,49.96,17,13,20.650571
