ts_utc,event_id,market_id,question,market_kind,game_no,start_time,mins_to_start,outcome,token_id,best_bid,best_ask,mid,spread,bid_depth_1c,bid_depth_3c,bid_depth_5c,ask_cost_1c,ask_cost_3c,ask_cost_5c,n_bid_levels,n_ask_levels,volume
2026-09-18 05:04:17,982573,4331476,LoL: Team WE vs JD Gaming - Game 1 Winner,map,1,2026-09-18 09:00:00,235.7,Team WE,40745930449180776517985296017616838776773627946026056466960742451029179689887,0.43,0.44,0.435,0.01,4539.3,9677.77,11203.71,3373.43,6958.74,9750.28,35,37,26627.403752999995
2026-09-18 05:04:17,982573,4331476,LoL: Team WE vs JD Gaming - Game 1 Winner,map,1,2026-09-18 09:00:00,235.7,JD Gaming,86842978223026466862449934105595250822075305679428664631958332197768084254089,0.56,0.57,0.565,0.01,4173.5,8332.53,11319.65,6135.26,13720.68,16207.74,37,35,26627.403752999995
2026-09-18 05:04:17,982573,4331477,LoL: Team WE vs JD Gaming - Game 2 Winner,map,2,2026-09-18 09:00:00,235.7,Team WE,9061313218244180837051497559158858646811270299308508261997696114745098238414,0.42,0.43,0.425,0.01,2369.79,10893.74,12118.83,647.89,1982.38,2925.8,26,39,13899.552688000002
2026-09-18 05:04:17,982573,4331477,LoL: Team WE vs JD Gaming - Game 2 Winner,map,2,2026-09-18 09:00:00,235.7,JD Gaming,93412316568558393447369938861531141407815845492045702627687438374646039250411,0.57,0.58,0.575,0.01,850.44,2439.49,3471.43,3349.45,16196.41,18197.08,39,26,13899.552688000002
2026-09-18 05:04:17,982573,4331478,LoL: Team WE vs JD Gaming - Game 3 Winner,map,3,2026-09-18 09:00:00,235.7,Team WE,59075734185870747323062647896339068768798345735884789910250736832849418334729,0.42,0.43,0.425,0.01,1977.88,5418.12,6559.97,168.85,1433.98,3115.53,30,38,10443.289935999997
2026-09-18 05:04:17,982573,4331478,LoL: Team WE vs JD Gaming - Game 3 Winner,map,3,2026-09-18 09:00:00,235.7,JD Gaming,37500660245657084331639369031860463676916097652659219943216216830842159610230,0.57,0.58,0.575,0.01,221.92,1722.69,3564.04,2795.78,7985.13,9848.28,38,30,10443.289935999997
2026-09-18 05:04:17,982573,4331479,LoL: Team WE vs JD Gaming - Game 4 Winner,map,4,2026-09-18 09:00:00,235.7,Team WE,80691052854214809326719106515264914217605219336036181633274369620112133821371,0.47,0.61,0.54,0.14,54.29,234.31,234.31,72.72,403.47,403.47,14,18,
2026-09-18 05:04:17,982573,4331479,LoL: Team WE vs JD Gaming - Game 4 Winner,map,4,2026-09-18 09:00:00,235.7,JD Gaming,45849621980135139866236084775772921551194490231892728647209577042730716062625,0.39,0.53,0.46,0.14,44.88,239.13,239.13,63.31,283.33,283.33,18,14,
2026-09-18 05:04:17,982573,4331480,LoL: Team WE vs JD Gaming (BO5) - LPL Regional Finals Playoffs,series,,2026-09-18 09:00:00,235.7,Team WE,36590174590310721499058030844565262384974738546991011333755092074521980597514,0.41,0.42,0.415,0.01,35387.99,76246.85,87219.74,52890.58,58769.5,61576.06,34,48,233116.91001400017
2026-09-18 05:04:17,982573,4331480,LoL: Team WE vs JD Gaming (BO5) - LPL Regional Finals Playoffs,series,,2026-09-18 09:00:00,235.7,JD Gaming,67744481945829638317312543005094851806629911488970110063871681512449303580853,0.58,0.59,0.585,0.01,71182.57,78581.2,81841.47,52915.99,118590.41,137574.43,48,34,233116.91001400017
2026-09-18 05:04:17,982573,4331481,Games Total: O/U 3.5,total_games,,2026-09-18 09:00:00,235.7,Over,91962849062155480119007381156104522943527001376896833131919123133018437554198,0.74,0.75,0.745,0.01,915.79,7182.16,7440.91,8264.31,29777.25,31152.32,35,21,19831.811318
2026-09-18 05:04:17,982573,4331481,Games Total: O/U 3.5,total_games,,2026-09-18 09:00:00,235.7,Under,62016153694274205744971896466924860010101880823066151324323366023947768830072,0.25,0.26,0.255,0.01,2613.65,9010.95,9375.6,336.86,2778.35,2893.6,21,35,19831.811318
2026-09-18 05:04:17,982573,4331482,Games Total: O/U 4.5,total_games,,2026-09-18 09:00:00,235.7,Over,64141252723776535279533863572243597242287169602988797395052535386307705961707,0.33,0.34,0.335,0.01,5114.54,8992.02,9581.73,97.43,1612.2,11745.61,23,33,12066.238718
2026-09-18 05:04:17,982573,4331482,Games Total: O/U 4.5,total_games,,2026-09-18 09:00:00,235.7,Under,60787941284574645408897256455198781956705499239196188005736390780601879702948,0.66,0.67,0.665,0.01,189.13,2869.52,18725.43,10855.03,19828.93,21274.6,33,23,12066.238718
2026-09-18 05:04:17,982573,4331483,Game 1: Both Teams Slay Baron Nashor?,prop,1,2026-09-18 09:00:00,235.7,Yes,39714772678029890439686559884173048371971219211892603264170731115436673120626,0.07,0.32,0.195,0.25,116.29,116.29,116.54,135.53,135.53,135.53,4,10,
2026-09-18 05:04:17,982573,4331483,Game 1: Both Teams Slay Baron Nashor?,prop,1,2026-09-18 09:00:00,235.7,No,52948375182602937052609566346634770822838770282285310147700401776125439695034,0.68,0.93,0.805,0.25,287.99,287.99,287.99,1816.87,1816.87,1829.12,10,4,
2026-09-18 05:04:17,982573,4331484,Game 1: Both Teams Slay a Dragon?,prop,1,2026-09-18 09:00:00,235.7,Yes,23103993057929306486934976569184723197173691265189961317227556768851631350445,0.64,0.87,0.755,0.23,288.0,288.0,288.0,1000.73,1000.73,1000.73,9,4,
2026-09-18 05:04:17,982573,4331484,Game 1: Both Teams Slay a Dragon?,prop,1,2026-09-18 09:00:00,235.7,No,91722946303559450432812921544486757430683160067362234299030496214538641494668,0.13,0.36,0.245,0.23,136.77,136.77,136.77,162.0,162.0,162.0,4,9,
2026-09-18 05:04:17,982573,4331485,Game 1: Both Teams Destroy Inhibitors?,prop,1,2026-09-18 09:00:00,235.7,Yes,33496310638341140567289641614598313621243227379013298590125422491313191820792,0.02,0.26,0.14,0.24,1.21,1.21,1.21,101.19,101.19,101.19,2,9,
2026-09-18 05:04:17,982573,4331485,Game 1: Both Teams Destroy Inhibitors?,prop,1,2026-09-18 09:00:00,235.7,No,81980797268112496572123764802564210517169522848702877553505981575930551535897,0.74,0.98,0.86,0.24,287.99,287.99,287.99,107.28,107.28,107.28,9,2,
2026-09-18 05:04:17,982573,4331486,Game 1: Any Player Quadra Kill?,prop,1,2026-09-18 09:00:00,235.7,Yes,74222655858144934432934920784275645990416131405252677212894677782895736457599,0.02,0.98,0.5,0.96,0.25,0.25,0.25,217.75,217.75,217.75,2,2,
2026-09-18 05:04:17,982573,4331486,Game 1: Any Player Quadra Kill?,prop,1,2026-09-18 09:00:00,235.7,No,102355334580310326715461213263953789617626449575681137398366745076761275873041,0.02,0.98,0.5,0.96,2.25,2.25,2.25,19.75,19.75,19.75,2,2,
2026-09-18 05:04:17,982573,4331487,Game 1: Any Player Penta Kill?,prop,1,2026-09-18 09:00:00,235.7,Yes,13014769994116469090867062696501600744380650716090144700619505276453887115013,0.02,0.29,0.155,0.27,0.25,0.25,0.25,9.62,9.62,9.62,2,11,
2026-09-18 05:04:17,982573,4331487,Game 1: Any Player Penta Kill?,prop,1,2026-09-18 09:00:00,235.7,No,34772986514217831261938445429906557361572559134946604972801838089608825873029,0.71,0.98,0.845,0.27,23.38,23.38,23.38,19.75,19.75,19.75,11,2,
2026-09-18 05:04:17,982573,4331488,Game 1: Odd/Even Total Kills?,odd_even,1,2026-09-18 09:00:00,235.7,Odd,62660671227335510179168530333009740792016404149342951362862366700885850452264,0.49,0.51,0.5,0.02,180.98,216.86,501.47,123.66,244.08,678.53,14,18,3.92157
2026-09-18 05:04:17,982573,4331488,Game 1: Odd/Even Total Kills?,odd_even,1,2026-09-18 09:00:00,235.7,Even,86625626726360214349089907545424119804103324479702399418201773357950190113236,0.49,0.51,0.5,0.02,118.23,220.81,574.84,189.85,231.97,579.84,18,14,3.92157
2026-09-18 05:04:17,982573,4331489,Game 2: Both Teams Slay Baron Nashor?,prop,2,2026-09-18 09:00:00,235.7,Yes,41342127067487313911108938826811519336095071705270524798896840041453101934148,0.08,0.32,0.2,0.24,116.51,116.51,116.51,135.53,135.53,135.53,4,10,
2026-09-18 05:04:17,982573,4331489,Game 2: Both Teams Slay Baron Nashor?,prop,2,2026-09-18 09:00:00,235.7,No,111509972535042730010856919460410663375765216849894041182143711121105317807838,0.68,0.92,0.8,0.24,287.99,287.99,287.99,1543.63,1543.63,1543.63,10,4,
2026-09-18 05:04:17,982573,4331490,Game 2: Both Teams Slay a Dragon?,prop,2,2026-09-18 09:00:00,235.7,Yes,29671016959600544449364630377356870154094339570710597486679717974292680475171,0.64,0.87,0.755,0.23,288.0,288.0,288.0,1003.44,1003.44,1003.44,9,4,
2026-09-18 05:04:17,982573,4331490,Game 2: Both Teams Slay a Dragon?,prop,2,2026-09-18 09:00:00,235.7,No,107549784474042338846508783056825260092296231825534887840568409084429764288656,0.13,0.36,0.245,0.23,137.14,137.14,137.14,162.0,162.0,162.0,4,9,
2026-09-18 05:04:17,982573,4331491,Game 2: Both Teams Destroy Inhibitors?,prop,2,2026-09-18 09:00:00,235.7,Yes,106456649656314759426504131066603666133521683277296497028206703353498281106324,0.02,0.26,0.14,0.24,1.21,1.21,1.21,101.19,101.19,101.19,2,9,
2026-09-18 05:04:17,982573,4331491,Game 2: Both Teams Destroy Inhibitors?,prop,2,2026-09-18 09:00:00,235.7,No,58833911629740796169866837922009058593213763011498146584561469322291297036055,0.74,0.98,0.86,0.24,287.99,287.99,287.99,107.28,107.28,107.28,9,2,
2026-09-18 05:04:17,982573,4331492,Game 2: Any Player Quadra Kill?,prop,2,2026-09-18 09:00:00,235.7,Yes,14693376937511958749082437572229077947632410748994499070645100368182611544988,0.02,0.98,0.5,0.96,0.25,0.25,0.25,217.75,217.75,217.75,2,2,
2026-09-18 05:04:17,982573,4331492,Game 2: Any Player Quadra Kill?,prop,2,2026-09-18 09:00:00,235.7,No,82500810689071534610110074297536274925242701396928936307235427224609831802199,0.02,0.98,0.5,0.96,2.25,2.25,2.25,19.75,19.75,19.75,2,2,
2026-09-18 05:04:17,982573,4331493,Game 2: Any Player Penta Kill?,prop,2,2026-09-18 09:00:00,235.7,Yes,21062417474853573651308455662373881851132933973506153213234652469300839145078,0.02,0.39,0.205,0.37,0.25,0.25,0.25,14.87,14.87,14.87,2,10,
2026-09-18 05:04:17,982573,4331493,Game 2: Any Player Penta Kill?,prop,2,2026-09-18 09:00:00,235.7,No,1112864713813270086086366816431040478337710684470991408642556218969963898544,0.61,0.98,0.795,0.37,23.13,23.13,23.13,19.75,19.75,19.75,10,2,
2026-09-18 05:04:17,982573,4331494,Game 2: Odd/Even Total Kills?,odd_even,2,2026-09-18 09:00:00,235.7,Odd,99517002667051925686376408510947898862029013466946005231403812158745025296477,0.49,0.51,0.5,0.02,169.6,206.21,559.98,124.67,209.46,615.04,15,18,1.960785
2026-09-18 05:04:17,982573,4331494,Game 2: Odd/Even Total Kills?,odd_even,2,2026-09-18 09:00:00,235.7,Even,42400527170994277209918785860938065221576184220944025051907165693141973624170,0.49,0.51,0.5,0.02,119.19,193.4,524.3,179.23,221.62,656.33,18,15,1.960785
2026-09-18 05:04:17,982573,4331495,Game 3: Both Teams Slay Baron Nashor?,prop,3,2026-09-18 09:00:00,235.7,Yes,100615225469678516637100252180193807631111015863000085070839837870822686427020,0.07,0.32,0.195,0.25,116.04,116.04,116.29,135.53,135.53,135.53,4,10,
2026-09-18 05:04:17,982573,4331495,Game 3: Both Teams Slay Baron Nashor?,prop,3,2026-09-18 09:00:00,235.7,No,46955751521910111044166522228003741940207032819698140587196533197831555757819,0.68,0.93,0.805,0.25,287.99,287.99,287.99,1812.96,1812.96,1825.21,10,4,
2026-09-18 05:04:17,982573,4331496,Game 3: Both Teams Slay a Dragon?,prop,3,2026-09-18 09:00:00,235.7,Yes,4670183821119206359526023111409894551665868047432599243259637921153187172717,0.64,0.87,0.755,0.23,288.0,288.0,288.0,997.57,997.57,997.57,9,4,
2026-09-18 05:04:17,982573,4331496,Game 3: Both Teams Slay a Dragon?,prop,3,2026-09-18 09:00:00,235.7,No,38593090958733470835228420126115359981979474045804370023403299652308248831353,0.13,0.36,0.245,0.23,136.34,136.34,136.34,162.0,162.0,162.0,4,9,
2026-09-18 05:04:17,982573,4331497,Game 3: Both Teams Destroy Inhibitors?,prop,3,2026-09-18 09:00:00,235.7,Yes,1215979821663579890622109071708358072621837150074844548776910040155971388845,0.02,0.26,0.14,0.24,102.01,102.01,102.01,101.19,101.19,101.19,2,9,
2026-09-18 05:04:17,982573,4331497,Game 3: Both Teams Destroy Inhibitors?,prop,3,2026-09-18 09:00:00,235.7,No,47902518701959667302199155554102103330100135028613664566795560480906453090832,0.74,0.98,0.86,0.24,287.99,287.99,287.99,10058.66,10058.66,10058.66,9,2,
2026-09-18 05:04:17,982573,4331498,Game 3: Any Player Quadra Kill?,prop,3,2026-09-18 09:00:00,235.7,Yes,15922936496282613281609039725819938050060833441944504274041889468452173845351,0.02,0.98,0.5,0.96,0.25,0.25,0.25,217.75,217.75,217.75,2,2,
2026-09-18 05:04:17,982573,4331498,Game 3: Any Player Quadra Kill?,prop,3,2026-09-18 09:00:00,235.7,No,4678882946522200766322009748845678331259642107366239394532583463580475178637,0.02,0.98,0.5,0.96,2.25,2.25,2.25,19.75,19.75,19.75,2,2,
2026-09-18 05:04:17,982573,4331499,Game 3: Any Player Penta Kill?,prop,3,2026-09-18 09:00:00,235.7,Yes,9309073005103962031278982095369128276770828017424384726613052323281189333342,0.02,0.5,0.26,0.48,0.25,0.25,0.25,20.0,20.0,20.0,2,9,
2026-09-18 05:04:17,982573,4331499,Game 3: Any Player Penta Kill?,prop,3,2026-09-18 09:00:00,235.7,No,80165585327758137245979036517319116700233008723213890564248458303429726634558,0.5,0.98,0.74,0.48,20.0,20.0,20.0,19.75,19.75,19.75,9,2,
2026-09-18 05:04:17,982573,4331500,Game 3: Odd/Even Total Kills?,odd_even,3,2026-09-18 09:00:00,235.7,Odd,67227166389219370176016583535640582218076399796598806333396084223855869290317,0.49,0.51,0.5,0.02,163.84,217.65,534.21,184.47,195.27,571.18,15,14,1.960785
2026-09-18 05:04:17,982573,4331500,Game 3: Odd/Even Total Kills?,odd_even,3,2026-09-18 09:00:00,235.7,Even,41660594314362441933106607647414129765660258200764116580498777612534541363897,0.49,0.51,0.5,0.02,174.39,183.59,491.16,172.99,235.18,622.1,14,15,1.960785
2026-09-18 05:04:17,982573,4331501,Game 4: Both Teams Slay Baron Nashor?,prop,4,2026-09-18 09:00:00,235.7,Yes,91053150325724801816506145125208869220678169137723543082128461361971163925817,0.02,0.98,0.5,0.96,1.21,1.21,1.21,272.25,272.25,272.25,2,2,
2026-09-18 05:04:17,982573,4331501,Game 4: Both Teams Slay Baron Nashor?,prop,4,2026-09-18 09:00:00,235.7,No,33027071773225523154200955759565107620295049357510592137393254066110409348503,0.02,0.98,0.5,0.96,3.21,3.21,3.21,107.27,107.27,107.27,2,2,
2026-09-18 05:04:17,982573,4331502,Game 4: Both Teams Slay a Dragon?,prop,4,2026-09-18 09:00:00,235.7,Yes,11372936005038337682501721216571490803612687347900817169984715644306259377099,0.02,0.98,0.5,0.96,3.21,3.21,3.21,107.28,107.28,107.28,2,2,
2026-09-18 05:04:17,982573,4331502,Game 4: Both Teams Slay a Dragon?,prop,4,2026-09-18 09:00:00,235.7,No,82752337875538268962471388782753443316630480770543933929117048175580185583781,0.02,0.98,0.5,0.96,1.21,1.21,1.21,272.24,272.24,272.24,2,2,
2026-09-18 05:04:17,982573,4331503,Game 4: Both Teams Destroy Inhibitors?,prop,4,2026-09-18 09:00:00,235.7,Yes,20103698712173859903829820952687250554826574556759543553400674611829572849481,0.02,0.98,0.5,0.96,1.21,1.21,1.21,257.47,257.47,257.47,2,2,
2026-09-18 05:04:17,982573,4331503,Game 4: Both Teams Destroy Inhibitors?,prop,4,2026-09-18 09:00:00,235.7,No,89455399219037642465039359889137747095520207964874625212307664274290738519720,0.02,0.98,0.5,0.96,3.06,3.06,3.06,107.28,107.28,107.28,2,2,
2026-09-18 05:04:17,982573,4331504,Game 4: Any Player Quadra Kill?,prop,4,2026-09-18 09:00:00,235.7,Yes,86729132453151123960161711084056501143896155802958565383271950858277939481592,0.02,0.98,0.5,0.96,0.25,0.25,0.25,217.75,217.75,217.75,2,2,
2026-09-18 05:04:17,982573,4331504,Game 4: Any Player Quadra Kill?,prop,4,2026-09-18 09:00:00,235.7,No,73856923043354350516265045737626064914874772982551085294108158599421741926581,0.02,0.98,0.5,0.96,2.25,2.25,2.25,19.75,19.75,19.75,2,2,
2026-09-18 05:04:17,982573,4331505,Game 4: Any Player Penta Kill?,prop,4,2026-09-18 09:00:00,235.7,Yes,95471029785190658249271107559085277594460869785301176491064959350613116757025,0.02,0.98,0.5,0.96,0.25,0.25,0.25,217.75,217.75,217.75,2,2,
2026-09-18 05:04:17,982573,4331505,Game 4: Any Player Penta Kill?,prop,4,2026-09-18 09:00:00,235.7,No,24019258235427109283398166929535391313889484786480012416555835676599231677285,0.02,0.98,0.5,0.96,2.25,2.25,2.25,19.75,19.75,19.75,2,2,
2026-09-18 05:04:17,982573,4331506,Game 4: Odd/Even Total Kills?,odd_even,4,2026-09-18 09:00:00,235.7,Odd,27003552917149566572651639076986003725398589474350578655530128653556251939332,0.49,0.51,0.5,0.02,120.16,120.16,404.77,124.67,124.67,472.53,12,12,1.960785
2026-09-18 05:04:17,982573,4331506,Game 4: Odd/Even Total Kills?,odd_even,4,2026-09-18 09:00:00,235.7,Even,59462802745189966497150866567268369049029079546047014635357596777802395294369,0.49,0.51,0.5,0.02,119.19,119.19,403.81,125.67,125.67,473.54,12,12,1.960785
2026-09-18 05:04:17,982573,4331507,Game 5: Both Teams Slay Baron Nashor?,prop,5,2026-09-18 09:00:00,235.7,Yes,16565497011615402766708497105228173163882918964953459714245276252381037651212,0.02,0.98,0.5,0.96,1.21,1.21,1.21,272.25,272.25,272.25,2,2,
2026-09-18 05:04:17,982573,4331507,Game 5: Both Teams Slay Baron Nashor?,prop,5,2026-09-18 09:00:00,235.7,No,38321807124122496073015412591741021826554786473176894668199498825945547887256,0.02,0.98,0.5,0.96,3.21,3.21,3.21,107.66,107.66,107.66,2,2,
2026-09-18 05:04:17,982573,4331508,Game 5: Both Teams Slay a Dragon?,prop,5,2026-09-18 09:00:00,235.7,Yes,20535191153792526801040366527813270831695727763023223904907094857723775355380,0.02,0.98,0.5,0.96,3.21,3.21,3.21,107.28,107.28,107.28,2,2,
2026-09-18 05:04:17,982573,4331508,Game 5: Both Teams Slay a Dragon?,prop,5,2026-09-18 09:00:00,235.7,No,86409492549111398910751278494181292669402674004705291627353119912055691188294,0.02,0.98,0.5,0.96,1.21,1.21,1.21,272.25,272.25,272.25,2,2,
2026-09-18 05:04:17,982573,4331509,Game 5: Both Teams Destroy Inhibitors?,prop,5,2026-09-18 09:00:00,235.7,Yes,27902276393776086007716382126019733956983108519466730719262496286667998335232,0.02,0.95,0.485,0.93,1.21,1.21,1.21,9.29,125.95,350.5,2,4,
2026-09-18 05:04:17,982573,4331509,Game 5: Both Teams Destroy Inhibitors?,prop,5,2026-09-18 09:00:00,235.7,No,74915061669436794415717810374285650594908783858703913024115368106506101170366,0.05,0.98,0.515,0.93,0.49,2.94,5.21,107.27,107.27,107.27,4,2,
2026-09-18 05:04:17,982573,4331510,Game 5: Any Player Quadra Kill?,prop,5,2026-09-18 09:00:00,235.7,Yes,25041869540832405180480234921168313787573407983756820796679584613003871812951,0.04,0.98,0.51,0.94,28.64,28.89,28.89,217.75,217.75,217.75,4,2,
2026-09-18 05:04:17,982573,4331510,Game 5: Any Player Quadra Kill?,prop,5,2026-09-18 09:00:00,235.7,No,45797968991409847759584217932570718230787108245969823885558607762731892917931,0.02,0.96,0.49,0.94,2.25,2.25,2.25,773.35,793.1,793.1,2,4,
2026-09-18 05:04:17,982573,4331511,Game 5: Any Player Penta Kill?,prop,5,2026-09-18 09:00:00,235.7,Yes,99485007740689348042635473876824133818167164488540594057240662832686249230778,0.05,0.98,0.515,0.93,28.65,28.75,28.9,217.75,217.75,217.75,3,2,
2026-09-18 05:04:17,982573,4331511,Game 5: Any Player Penta Kill?,prop,5,2026-09-18 09:00:00,235.7,No,19361481950678478115150766057189926867854737408428490703221326479365721844492,0.02,0.95,0.485,0.93,2.25,2.25,2.25,544.35,549.25,564.1,2,3,
2026-09-18 05:04:17,982573,4331512,Game 5: Odd/Even Total Kills?,odd_even,5,2026-09-18 09:00:00,235.7,Odd,19633329449725162339439495816676989880358852872111155998786755722803722315128,0.49,0.51,0.5,0.02,120.16,120.16,404.77,124.67,124.67,472.53,12,12,1.960785
2026-09-18 05:04:17,982573,4331512,Game 5: Odd/Even Total Kills?,odd_even,5,2026-09-18 09:00:00,235.7,Even,49614203233114064051193983809988981047663588280821675298771106000539940224985,0.49,0.51,0.5,0.02,119.19,119.19,403.81,125.67,125.67,473.54,12,12,1.960785
2026-09-18 05:04:17,982573,4635723,Game Handicap: JDG (-2.5) vs Team WE (+2.5),handicap,,2026-09-18 09:00:00,235.7,JD Gaming,76420306826356197237793957431107175847319560977382094132279236962696362219047,0.17,0.18,0.175,0.01,341.45,475.32,821.05,208.84,500.46,722.71,17,22,1654.9955370000002
2026-09-18 05:04:17,982573,4635723,Game Handicap: JDG (-2.5) vs Team WE (+2.5),handicap,,2026-09-18 09:00:00,235.7,Team WE,98247695638928380977804321179756526239332327454751145304390462622665077550596,0.82,0.83,0.825,0.01,934.68,2052.68,2840.43,1779.42,2565.28,4970.55,22,17,1654.9955370000002
2026-09-18 05:04:17,982573,4635724,Game Handicap: JDG (-1.5) vs Team WE (+1.5),handicap,,2026-09-18 09:00:00,235.7,JD Gaming,77272620931295608394822902719474686399898912728194494198902796117068409845118,0.39,0.4,0.395,0.01,12318.34,13390.26,14349.56,1705.07,7919.66,8361.86,26,30,30348.831839000006
2026-09-18 05:04:17,982573,4635724,Game Handicap: JDG (-1.5) vs Team WE (+1.5),handicap,,2026-09-18 09:00:00,235.7,Team WE,100560178874606191791663147861096750564696136600853908902264433559108571664831,0.6,0.61,0.605,0.01,2527.54,11044.38,11607.18,19309.32,21174.02,22987.72,30,26,30348.831839000006
2026-09-18 05:04:17,982573,4635725,First Blood in Game 3?,first_blood,3,2026-09-18 09:00:00,235.7,Team WE,33529193244353235683517280452810839876577542819898609456430904640232796018220,0.48,0.5,0.49,0.02,21.3,283.09,512.54,47.28,235.67,235.67,16,12,
2026-09-18 05:04:17,982573,4635725,First Blood in Game 3?,first_blood,3,2026-09-18 09:00:00,235.7,JD Gaming,1346040960623821967445224639672445473158827368981485717315755152038925341562,0.5,0.52,0.51,0.02,45.72,219.62,219.62,23.7,333.58,625.61,12,16,
2026-09-18 05:04:17,982573,4635726,First Blood in Game 2?,first_blood,2,2026-09-18 09:00:00,235.7,Team WE,64247126058212563554990295665568751847788505015709435172305151370573825025041,0.48,0.51,0.495,0.03,49.12,287.91,517.36,278.63,356.93,657.52,17,15,8.814815
2026-09-18 05:04:17,982573,4635726,First Blood in Game 2?,first_blood,2,2026-09-18 09:00:00,235.7,JD Gaming,40524605988222656761821992861399507200864773020328512368182899666687727507382,0.49,0.52,0.505,0.03,257.66,324.36,570.3,54.88,337.76,629.79,15,17,8.814815
2026-09-18 05:04:17,982573,4635727,First Blood in Game 1?,first_blood,1,2026-09-18 09:00:00,235.7,Team WE,53304266088786300121273330968520878514837963955013663490302850498480286469678,0.48,0.5,0.49,0.02,35.87,242.39,413.79,11.48,236.37,236.37,17,14,9.333334
2026-09-18 05:04:17,982573,4635727,First Blood in Game 1?,first_blood,1,2026-09-18 09:00:00,235.7,JD Gaming,63617723053610587300848306449366373557109726276960283891308320624178387992851,0.5,0.52,0.51,0.02,11.32,218.92,218.92,40.13,284.28,502.44,14,17,9.333334
2026-09-18 05:04:17,982573,4635728,First Blood in Game 4?,first_blood,4,2026-09-18 09:00:00,235.7,Team WE,17602010754585184492065142341058150089829922867388598630462669288285642759212,0.47,0.98,0.725,0.51,15.61,469.83,469.83,437.57,437.57,437.57,14,2,
2026-09-18 05:04:17,982573,4635728,First Blood in Game 4?,first_blood,4,2026-09-18 09:00:00,235.7,JD Gaming,69518797345298414237811287364274582846899582584829247757272387153318353614010,0.02,0.53,0.275,0.51,4.8,4.8,4.8,18.19,594.78,594.78,2,14,
2026-09-18 05:04:17,982573,4635729,Total Kills Over/Under 27.5 in Game 2?,total_kills,2,2026-09-18 09:00:00,235.7,Over,91147325618298628137432538986130808001488666785389767077931604737261036153315,0.58,0.61,0.595,0.03,39.93,170.04,170.04,270.68,850.84,1132.6,21,26,30
2026-09-18 05:04:17,982573,4635729,Total Kills Over/Under 27.5 in Game 2?,total_kills,2,2026-09-18 09:00:00,235.7,Under,3322497138540501662614164693296830539677427544117884513746415935765039188800,0.39,0.42,0.405,0.03,166.63,501.47,649.71,28.91,131.15,131.15,26,21,30
2026-09-18 05:04:17,982573,4635730,Total Kills Over/Under 27.5 in Game 3?,total_kills,3,2026-09-18 09:00:00,235.7,Over,17740018313323531352619404591061674354781620869048583802383965499613380370720,0.57,0.6,0.585,0.03,148.47,148.47,228.47,19.31,337.45,688.35,24,26,
2026-09-18 05:04:17,982573,4635730,Total Kills Over/Under 27.5 in Game 3?,total_kills,3,2026-09-18 09:00:00,235.7,Under,72637627671915546167885127644301517463939348144671175885040556049196873754332,0.4,0.43,0.415,0.03,12.69,200.71,394.81,116.28,116.28,190.12,26,24,
2026-09-18 05:04:17,982573,4635731,Total Kills Over/Under 27.5 in Game 1?,total_kills,1,2026-09-18 09:00:00,235.7,Over,43084804343609419361652521946962747691689669725316579572563934265034435504570,0.55,0.58,0.565,0.03,261.36,427.25,427.25,23.1,318.63,651.0,23,26,10.054138
2026-09-18 05:04:17,982573,4635731,Total Kills Over/Under 27.5 in Game 1?,total_kills,1,2026-09-18 09:00:00,235.7,Under,47148666758089554798881518145674719464074616339571143070940988331463259789553,0.42,0.45,0.435,0.03,16.45,206.53,407.16,218.54,365.65,365.65,26,23,10.054138
2026-09-18 05:04:17,982573,4635732,Total Kills Over/Under 27.5 in Game 4?,total_kills,4,2026-09-18 09:00:00,235.7,Over,102795125203974792660678678123285969914701801988393928679773193234759757307634,0.23,0.81,0.52,0.58,187.66,307.66,309.64,33.32,37.52,71.21,14,14,
2026-09-18 05:04:17,982573,4635732,Total Kills Over/Under 27.5 in Game 4?,total_kills,4,2026-09-18 09:00:00,235.7,Under,47759194526521083668343201452047973837046272317494193133642497445926086476927,0.19,0.77,0.48,0.58,7.68,8.48,14.19,629.54,1109.54,1118.56,14,14,
2026-09-18 05:04:17,982573,4635734,Total Kills Over/Under 30.5 in Game 2?,total_kills,2,2026-09-18 09:00:00,235.7,Over,10577294599616881420554588215113431557937123553532613716247440033733590817603,0.45,0.47,0.46,0.02,55.89,488.56,488.56,12.25,396.25,576.25,23,24,98.606567
2026-09-18 05:04:17,982573,4635734,Total Kills Over/Under 30.5 in Game 2?,total_kills,2,2026-09-18 09:00:00,235.7,Under,104053707391432281646579416378051909171319615200406772950659665015206476746305,0.53,0.55,0.54,0.02,13.64,408.22,578.22,70.53,645.92,645.92,24,23,98.606567
2026-09-18 05:04:17,982573,4635733,Total Kills Over/Under 30.5 in Game 3?,total_kills,3,2026-09-18 09:00:00,235.7,Over,64484331970451845252116105624794947862273146890752351804046825739125226052150,0.46,0.49,0.475,0.03,62.41,449.88,488.1,418.7,635.57,635.57,27,20,144.110686
2026-09-18 05:04:17,982573,4635733,Total Kills Over/Under 30.5 in Game 3?,total_kills,3,2026-09-18 09:00:00,235.7,Under,108325310407990742972957328632398293695621811367399273833858388890578669226885,0.51,0.54,0.525,0.03,428.84,632.97,632.97,75.78,587.28,640.06,20,27,144.110686
2026-09-18 05:04:17,982573,4635736,Total Kills Over/Under 30.5 in Game 1?,total_kills,1,2026-09-18 09:00:00,235.7,Over,32349457260489922256721836845198994086478872555664444310085895288389081700072,0.46,0.47,0.465,0.01,40.71,68.16,409.29,336.37,543.47,543.47,24,23,322.71035
2026-09-18 05:04:17,982573,4635736,Total Kills Over/Under 30.5 in Game 1?,total_kills,1,2026-09-18 09:00:00,235.7,Under,41475759221345039664930402332912212838709271075562972028905511863264889517546,0.53,0.54,0.535,0.01,372.83,584.95,584.95,47.8,84.17,563.3,23,24,322.71035
2026-09-18 05:04:17,982573,4635735,Total Kills Over/Under 30.5 in Game 4?,total_kills,4,2026-09-18 09:00:00,235.7,Over,40469553593262350511173488778948782295755464528432729113960152874603118966883,0.44,0.5,0.47,0.06,191.16,396.16,396.16,90.46,90.46,90.46,19,19,
2026-09-18 05:04:17,982573,4635735,Total Kills Over/Under 30.5 in Game 4?,total_kills,4,2026-09-18 09:00:00,235.7,Under,11001780019454736420713068231782741626995179144660322039569560785638918616771,0.5,0.56,0.53,0.06,87.38,87.38,87.38,252.84,547.84,547.84,19,19,
2026-09-18 05:09:56,982573,4331476,LoL: Team WE vs JD Gaming - Game 1 Winner,map,1,2026-09-18 09:00:00,230.1,Team WE,40745930449180776517985296017616838776773627946026056466960742451029179689887,0.43,0.44,0.435,0.01,4557.14,9695.62,11221.56,3307.48,6892.79,9684.33,34,38,26926.744662999994
2026-09-18 05:09:56,982573,4331476,LoL: Team WE vs JD Gaming - Game 1 Winner,map,1,2026-09-18 09:00:00,230.1,JD Gaming,86842978223026466862449934105595250822075305679428664631958332197768084254089,0.56,0.57,0.565,0.01,4090.01,8249.04,11236.16,6159.63,13745.04,16232.1,38,34,26926.744662999994
2026-09-18 05:09:56,982573,4331477,LoL: Team WE vs JD Gaming - Game 2 Winner,map,2,2026-09-18 09:00:00,230.1,Team WE,9061313218244180837051497559158858646811270299308508261997696114745098238414,0.42,0.43,0.425,0.01,2266.49,11960.45,12013.74,658.98,1993.47,2936.89,29,41,13899.552688000002
2026-09-18 05:09:56,982573,4331477,LoL: Team WE vs JD Gaming - Game 2 Winner,map,2,2026-09-18 09:00:00,230.1,JD Gaming,93412316568558393447369938861531141407815845492045702627687438374646039250411,0.57,0.58,0.575,0.01,864.79,2453.84,3485.78,3183.37,17860.32,17947.79,41,29,13899.552688000002
2026-09-18 05:09:56,982573,4331478,LoL: Team WE vs JD Gaming - Game 3 Winner,map,3,2026-09-18 09:00:00,230.1,Team WE,59075734185870747323062647896339068768798345735884789910250736832849418334729,0.42,0.43,0.425,0.01,1848.77,6459.01,6460.86,221.8,1486.92,3168.48,28,39,10443.289935999997
2026-09-18 05:09:56,982573,4331478,LoL: Team WE vs JD Gaming - Game 3 Winner,map,3,2026-09-18 09:00:00,230.1,JD Gaming,37500660245657084331639369031860463676916097652659219943216216830842159610230,0.57,0.58,0.575,0.01,290.12,1790.9,3632.24,2595.71,9615.06,9618.21,39,28,10443.289935999997
2026-09-18 05:09:56,982573,4331479,LoL: Team WE vs JD Gaming - Game 4 Winner,map,4,2026-09-18 09:00:00,230.1,Team WE,80691052854214809326719106515264914217605219336036181633274369620112133821371,0.47,0.61,0.54,0.14,54.29,234.31,234.31,72.72,403.47,403.47,14,18,
2026-09-18 05:09:56,982573,4331479,LoL: Team WE vs JD Gaming - Game 4 Winner,map,4,2026-09-18 09:00:00,230.1,JD Gaming,45849621980135139866236084775772921551194490231892728647209577042730716062625,0.39,0.53,0.46,0.14,44.88,239.13,239.13,63.31,283.33,283.33,18,14,
2026-09-18 05:09:56,982573,4331480,LoL: Team WE vs JD Gaming (BO5) - LPL Regional Finals Playoffs,series,,2026-09-18 09:00:00,230.1,Team WE,36590174590310721499058030844565262384974738546991011333755092074521980597514,0.41,0.42,0.415,0.01,38270.24,79311.19,90295.78,50545.45,57942.57,60749.12,35,51,242235.3404400002
2026-09-18 05:09:56,982573,4331480,LoL: Team WE vs JD Gaming (BO5) - LPL Regional Finals Playoffs,series,,2026-09-18 09:00:00,230.1,JD Gaming,67744481945829638317312543005094851806629911488970110063871681512449303580853,0.58,0.59,0.585,0.01,67987.36,77317.78,80578.06,56824.29,122784.62,141776.94,51,35,242235.3404400002
2026-09-18 05:09:56,982573,4331481,Games Total: O/U 3.5,total_games,,2026-09-18 09:00:00,230.1,Over,91962849062155480119007381156104522943527001376896833131919123133018437554198,0.74,0.75,0.745,0.01,915.79,5793.62,6064.3,8311.13,29824.07,31145.53,35,21,19924.891314
2026-09-18 05:09:56,982573,4331481,Games Total: O/U 3.5,total_games,,2026-09-18 09:00:00,230.1,Under,62016153694274205744971896466924860010101880823066151324323366023947768830072,0.25,0.26,0.255,0.01,2628.8,9026.1,9376.5,336.86,2238.37,2358.88,21,35,19924.891314
2026-09-18 05:09:56,982573,4331482,Games Total: O/U 4.5,total_games,,2026-09-18 09:00:00,230.1,Over,64141252723776535279533863572243597242287169602988797395052535386307705961707,0.33,0.34,0.335,0.01,5116.65,8997.07,9586.78,97.43,1612.2,11748.12,23,33,12172.432748
2026-09-18 05:09:56,982573,4331482,Games Total: O/U 4.5,total_games,,2026-09-18 09:00:00,230.1,Under,60787941284574645408897256455198781956705499239196188005736390780601879702948,0.66,0.67,0.665,0.01,189.13,2869.52,18729.34,10859.53,19839.96,21285.63,33,23,12172.432748
2026-09-18 05:09:56,982573,4331483,Game 1: Both Teams Slay Baron Nashor?,prop,1,2026-09-18 09:00:00,230.1,Yes,39714772678029890439686559884173048371971219211892603264170731115436673120626,0.07,0.32,0.195,0.25,115.49,115.49,115.74,135.53,135.53,135.53,3,10,
2026-09-18 05:09:56,982573,4331483,Game 1: Both Teams Slay Baron Nashor?,prop,1,2026-09-18 09:00:00,230.1,No,52948375182602937052609566346634770822838770282285310147700401776125439695034,0.68,0.93,0.805,0.25,287.99,287.99,287.99,1534.36,1534.36,1546.61,10,3,
2026-09-18 05:09:56,982573,4331484,Game 1: Both Teams Slay a Dragon?,prop,1,2026-09-18 09:00:00,230.1,Yes,23103993057929306486934976569184723197173691265189961317227556768851631350445,0.64,0.88,0.76,0.24,288.0,288.0,288.0,977.24,977.24,977.24,9,3,
2026-09-18 05:09:56,982573,4331484,Game 1: Both Teams Slay a Dragon?,prop,1,2026-09-18 09:00:00,230.1,No,91722946303559450432812921544486757430683160067362234299030496214538641494668,0.12,0.36,0.24,0.24,133.26,133.26,133.26,162.0,162.0,162.0,3,9,
2026-09-18 05:09:56,982573,4331485,Game 1: Both Teams Destroy Inhibitors?,prop,1,2026-09-18 09:00:00,230.1,Yes,33496310638341140567289641614598313621243227379013298590125422491313191820792,0.02,0.26,0.14,0.24,1.21,1.21,1.21,101.19,101.19,101.19,2,9,
2026-09-18 05:09:56,982573,4331485,Game 1: Both Teams Destroy Inhibitors?,prop,1,2026-09-18 09:00:00,230.1,No,81980797268112496572123764802564210517169522848702877553505981575930551535897,0.74,0.98,0.86,0.24,287.99,287.99,287.99,107.28,107.28,107.28,9,2,
2026-09-18 05:09:56,982573,4331486,Game 1: Any Player Quadra Kill?,prop,1,2026-09-18 09:00:00,230.1,Yes,74222655858144934432934920784275645990416131405252677212894677782895736457599,0.02,0.98,0.5,0.96,0.25,0.25,0.25,217.75,217.75,217.75,2,2,
2026-09-18 05:09:56,982573,4331486,Game 1: Any Player Quadra Kill?,prop,1,2026-09-18 09:00:00,230.1,No,102355334580310326715461213263953789617626449575681137398366745076761275873041,0.02,0.98,0.5,0.96,2.25,2.25,2.25,19.75,19.75,19.75,2,2,
2026-09-18 05:09:56,982573,4331487,Game 1: Any Player Penta Kill?,prop,1,2026-09-18 09:00:00,230.1,Yes,13014769994116469090867062696501600744380650716090144700619505276453887115013,0.02,0.29,0.155,0.27,0.25,0.25,0.25,9.62,9.62,9.62,2,11,
2026-09-18 05:09:56,982573,4331487,Game 1: Any Player Penta Kill?,prop,1,2026-09-18 09:00:00,230.1,No,34772986514217831261938445429906557361572559134946604972801838089608825873029,0.71,0.98,0.845,0.27,23.38,23.38,23.38,19.75,19.75,19.75,11,2,
2026-09-18 05:09:56,982573,4331488,Game 1: Odd/Even Total Kills?,odd_even,1,2026-09-18 09:00:00,230.1,Odd,62660671227335510179168530333009740792016404149342951362862366700885850452264,0.49,0.51,0.5,0.02,160.34,196.22,480.83,123.66,244.08,678.53,14,18,3.92157
2026-09-18 05:09:56,982573,4331488,Game 1: Odd/Even Total Kills?,odd_even,1,2026-09-18 09:00:00,230.1,Even,86625626726360214349089907545424119804103324479702399418201773357950190113236,0.49,0.51,0.5,0.02,118.23,220.81,574.84,167.49,209.61,557.48,18,14,3.92157
2026-09-18 05:09:56,982573,4331489,Game 2: Both Teams Slay Baron Nashor?,prop,2,2026-09-18 09:00:00,230.1,Yes,41342127067487313911108938826811519336095071705270524798896840041453101934148,0.08,0.32,0.2,0.24,115.32,115.32,115.32,135.53,135.53,135.53,3,10,
2026-09-18 05:09:56,982573,4331489,Game 2: Both Teams Slay Baron Nashor?,prop,2,2026-09-18 09:00:00,230.1,No,111509972535042730010856919460410663375765216849894041182143711121105317807838,0.68,0.92,0.8,0.24,287.99,287.99,287.99,1326.18,1326.18,1326.18,10,3,
2026-09-18 05:09:56,982573,4331490,Game 2: Both Teams Slay a Dragon?,prop,2,2026-09-18 09:00:00,230.1,Yes,29671016959600544449364630377356870154094339570710597486679717974292680475171,0.64,0.88,0.76,0.24,288.0,288.0,288.0,979.95,979.95,979.95,9,3,
2026-09-18 05:09:56,982573,4331490,Game 2: Both Teams Slay a Dragon?,prop,2,2026-09-18 09:00:00,230.1,No,107549784474042338846508783056825260092296231825534887840568409084429764288656,0.12,0.36,0.24,0.24,133.63,133.63,133.63,162.0,162.0,162.0,3,9,
2026-09-18 05:09:56,982573,4331491,Game 2: Both Teams Destroy Inhibitors?,prop,2,2026-09-18 09:00:00,230.1,Yes,106456649656314759426504131066603666133521683277296497028206703353498281106324,0.02,0.26,0.14,0.24,1.21,1.21,1.21,101.19,101.19,101.19,2,9,
2026-09-18 05:09:56,982573,4331491,Game 2: Both Teams Destroy Inhibitors?,prop,2,2026-09-18 09:00:00,230.1,No,58833911629740796169866837922009058593213763011498146584561469322291297036055,0.74,0.98,0.86,0.24,287.99,287.99,287.99,107.28,107.28,107.28,9,2,
2026-09-18 05:09:56,982573,4331492,Game 2: Any Player Quadra Kill?,prop,2,2026-09-18 09:00:00,230.1,Yes,14693376937511958749082437572229077947632410748994499070645100368182611544988,0.02,0.98,0.5,0.96,0.25,0.25,0.25,217.75,217.75,217.75,2,2,
2026-09-18 05:09:56,982573,4331492,Game 2: Any Player Quadra Kill?,prop,2,2026-09-18 09:00:00,230.1,No,82500810689071534610110074297536274925242701396928936307235427224609831802199,0.02,0.98,0.5,0.96,2.25,2.25,2.25,19.75,19.75,19.75,2,2,
2026-09-18 05:09:56,982573,4331493,Game 2: Any Player Penta Kill?,prop,2,2026-09-18 09:00:00,230.1,Yes,21062417474853573651308455662373881851132933973506153213234652469300839145078,0.02,0.39,0.205,0.37,0.25,0.25,0.25,14.87,14.87,14.87,2,10,
2026-09-18 05:09:56,982573,4331493,Game 2: Any Player Penta Kill?,prop,2,2026-09-18 09:00:00,230.1,No,1112864713813270086086366816431040478337710684470991408642556218969963898544,0.61,0.98,0.795,0.37,23.13,23.13,23.13,19.75,19.75,19.75,10,2,
2026-09-18 05:09:56,982573,4331494,Game 2: Odd/Even Total Kills?,odd_even,2,2026-09-18 09:00:00,230.1,Odd,99517002667051925686376408510947898862029013466946005231403812158745025296477,0.49,0.51,0.5,0.02,169.6,206.21,559.98,124.67,209.46,615.04,15,18,1.960785
2026-09-18 05:09:56,982573,4331494,Game 2: Odd/Even Total Kills?,odd_even,2,2026-09-18 09:00:00,230.1,Even,42400527170994277209918785860938065221576184220944025051907165693141973624170,0.49,0.51,0.5,0.02,119.19,193.4,524.3,179.23,221.62,656.33,18,15,1.960785
2026-09-18 05:09:56,982573,4331495,Game 3: Both Teams Slay Baron Nashor?,prop,3,2026-09-18 09:00:00,230.1,Yes,100615225469678516637100252180193807631111015863000085070839837870822686427020,0.06,0.32,0.19,0.26,113.94,113.94,115.15,135.53,135.53,135.53,3,10,
2026-09-18 05:09:56,982573,4331495,Game 3: Both Teams Slay Baron Nashor?,prop,3,2026-09-18 09:00:00,230.1,No,46955751521910111044166522228003741940207032819698140587196533197831555757819,0.68,0.94,0.81,0.26,287.99,287.99,287.99,1785.06,1785.06,1892.34,10,3,
2026-09-18 05:09:56,982573,4331496,Game 3: Both Teams Slay a Dragon?,prop,3,2026-09-18 09:00:00,230.1,Yes,4670183821119206359526023111409894551665868047432599243259637921153187172717,0.64,0.88,0.76,0.24,288.0,288.0,288.0,974.08,974.08,974.08,9,3,
2026-09-18 05:09:56,982573,4331496,Game 3: Both Teams Slay a Dragon?,prop,3,2026-09-18 09:00:00,230.1,No,38593090958733470835228420126115359981979474045804370023403299652308248831353,0.12,0.36,0.24,0.24,132.83,132.83,132.83,162.0,162.0,162.0,3,9,
2026-09-18 05:09:56,982573,4331497,Game 3: Both Teams Destroy Inhibitors?,prop,3,2026-09-18 09:00:00,230.1,Yes,1215979821663579890622109071708358072621837150074844548776910040155971388845,0.02,0.26,0.14,0.24,102.01,102.01,102.01,101.19,101.19,101.19,2,9,
2026-09-18 05:09:56,982573,4331497,Game 3: Both Teams Destroy Inhibitors?,prop,3,2026-09-18 09:00:00,230.1,No,47902518701959667302199155554102103330100135028613664566795560480906453090832,0.74,0.98,0.86,0.24,287.99,287.99,287.99,10058.66,10058.66,10058.66,9,2,
2026-09-18 05:09:56,982573,4331498,Game 3: Any Player Quadra Kill?,prop,3,2026-09-18 09:00:00,230.1,Yes,15922936496282613281609039725819938050060833441944504274041889468452173845351,0.02,0.98,0.5,0.96,0.25,0.25,0.25,217.75,217.75,217.75,2,2,
2026-09-18 05:09:56,982573,4331498,Game 3: Any Player Quadra Kill?,prop,3,2026-09-18 09:00:00,230.1,No,4678882946522200766322009748845678331259642107366239394532583463580475178637,0.02,0.98,0.5,0.96,2.25,2.25,2.25,19.75,19.75,19.75,2,2,
2026-09-18 05:09:56,982573,4331499,Game 3: Any Player Penta Kill?,prop,3,2026-09-18 09:00:00,230.1,Yes,9309073005103962031278982095369128276770828017424384726613052323281189333342,0.02,0.5,0.26,0.48,0.25,0.25,0.25,20.0,20.0,20.0,2,9,
2026-09-18 05:09:56,982573,4331499,Game 3: Any Player Penta Kill?,prop,3,2026-09-18 09:00:00,230.1,No,80165585327758137245979036517319116700233008723213890564248458303429726634558,0.5,0.98,0.74,0.48,20.0,20.0,20.0,19.75,19.75,19.75,9,2,
2026-09-18 05:09:56,982573,4331500,Game 3: Odd/Even Total Kills?,odd_even,3,2026-09-18 09:00:00,230.1,Odd,67227166389219370176016583535640582218076399796598806333396084223855869290317,0.49,0.51,0.5,0.02,163.84,217.65,534.21,184.47,195.27,571.18,15,14,1.960785
2026-09-18 05:09:56,982573,4331500,Game 3: Odd/Even Total Kills?,odd_even,3,2026-09-18 09:00:00,230.1,Even,41660594314362441933106607647414129765660258200764116580498777612534541363897,0.49,0.51,0.5,0.02,174.39,183.59,491.16,172.99,235.18,622.1,14,15,1.960785
2026-09-18 05:09:56,982573,4331501,Game 4: Both Teams Slay Baron Nashor?,prop,4,2026-09-18 09:00:00,230.1,Yes,91053150325724801816506145125208869220678169137723543082128461361971163925817,0.02,0.98,0.5,0.96,1.21,1.21,1.21,272.25,272.25,272.25,2,2,
2026-09-18 05:09:56,982573,4331501,Game 4: Both Teams Slay Baron Nashor?,prop,4,2026-09-18 09:00:00,230.1,No,33027071773225523154200955759565107620295049357510592137393254066110409348503,0.02,0.98,0.5,0.96,3.21,3.21,3.21,107.27,107.27,107.27,2,2,
2026-09-18 05:09:56,982573,4331502,Game 4: Both Teams Slay a Dragon?,prop,4,2026-09-18 09:00:00,230.1,Yes,11372936005038337682501721216571490803612687347900817169984715644306259377099,0.02,0.98,0.5,0.96,3.21,3.21,3.21,107.28,107.28,107.28,2,2,
2026-09-18 05:09:56,982573,4331502,Game 4: Both Teams Slay a Dragon?,prop,4,2026-09-18 09:00:00,230.1,No,82752337875538268962471388782753443316630480770543933929117048175580185583781,0.02,0.98,0.5,0.96,1.21,1.21,1.21,272.24,272.24,272.24,2,2,
2026-09-18 05:09:56,982573,4331503,Game 4: Both Teams Destroy Inhibitors?,prop,4,2026-09-18 09:00:00,230.1,Yes,20103698712173859903829820952687250554826574556759543553400674611829572849481,0.02,0.98,0.5,0.96,1.21,1.21,1.21,257.47,257.47,257.47,2,2,
2026-09-18 05:09:56,982573,4331503,Game 4: Both Teams Destroy Inhibitors?,prop,4,2026-09-18 09:00:00,230.1,No,89455399219037642465039359889137747095520207964874625212307664274290738519720,0.02,0.98,0.5,0.96,3.06,3.06,3.06,107.28,107.28,107.28,2,2,
2026-09-18 05:09:56,982573,4331504,Game 4: Any Player Quadra Kill?,prop,4,2026-09-18 09:00:00,230.1,Yes,86729132453151123960161711084056501143896155802958565383271950858277939481592,0.02,0.98,0.5,0.96,0.25,0.25,0.25,217.75,217.75,217.75,2,2,
2026-09-18 05:09:56,982573,4331504,Game 4: Any Player Quadra Kill?,prop,4,2026-09-18 09:00:00,230.1,No,73856923043354350516265045737626064914874772982551085294108158599421741926581,0.02,0.98,0.5,0.96,2.25,2.25,2.25,19.75,19.75,19.75,2,2,
2026-09-18 05:09:56,982573,4331505,Game 4: Any Player Penta Kill?,prop,4,2026-09-18 09:00:00,230.1,Yes,95471029785190658249271107559085277594460869785301176491064959350613116757025,0.02,0.98,0.5,0.96,0.25,0.25,0.25,217.75,217.75,217.75,2,2,
2026-09-18 05:09:56,982573,4331505,Game 4: Any Player Penta Kill?,prop,4,2026-09-18 09:00:00,230.1,No,24019258235427109283398166929535391313889484786480012416555835676599231677285,0.02,0.98,0.5,0.96,2.25,2.25,2.25,19.75,19.75,19.75,2,2,
2026-09-18 05:09:56,982573,4331506,Game 4: Odd/Even Total Kills?,odd_even,4,2026-09-18 09:00:00,230.1,Odd,27003552917149566572651639076986003725398589474350578655530128653556251939332,0.49,0.51,0.5,0.02,120.16,120.16,404.77,124.67,124.67,472.53,12,12,1.960785
2026-09-18 05:09:56,982573,4331506,Game 4: Odd/Even Total Kills?,odd_even,4,2026-09-18 09:00:00,230.1,Even,59462802745189966497150866567268369049029079546047014635357596777802395294369,0.49,0.51,0.5,0.02,119.19,119.19,403.81,125.67,125.67,473.54,12,12,1.960785
2026-09-18 05:09:56,982573,4331507,Game 5: Both Teams Slay Baron Nashor?,prop,5,2026-09-18 09:00:00,230.1,Yes,16565497011615402766708497105228173163882918964953459714245276252381037651212,0.02,0.98,0.5,0.96,1.21,1.21,1.21,272.25,272.25,272.25,2,2,
2026-09-18 05:09:56,982573,4331507,Game 5: Both Teams Slay Baron Nashor?,prop,5,2026-09-18 09:00:00,230.1,No,38321807124122496073015412591741021826554786473176894668199498825945547887256,0.02,0.98,0.5,0.96,3.21,3.21,3.21,107.66,107.66,107.66,2,2,
2026-09-18 05:09:56,982573,4331508,Game 5: Both Teams Slay a Dragon?,prop,5,2026-09-18 09:00:00,230.1,Yes,20535191153792526801040366527813270831695727763023223904907094857723775355380,0.02,0.98,0.5,0.96,3.21,3.21,3.21,107.28,107.28,107.28,2,2,
2026-09-18 05:09:56,982573,4331508,Game 5: Both Teams Slay a Dragon?,prop,5,2026-09-18 09:00:00,230.1,No,86409492549111398910751278494181292669402674004705291627353119912055691188294,0.02,0.98,0.5,0.96,1.21,1.21,1.21,272.25,272.25,272.25,2,2,
2026-09-18 05:09:56,982573,4331509,Game 5: Both Teams Destroy Inhibitors?,prop,5,2026-09-18 09:00:00,230.1,Yes,27902276393776086007716382126019733956983108519466730719262496286667998335232,0.02,0.98,0.5,0.96,1.21,1.21,1.21,270.7,270.7,270.7,2,2,
2026-09-18 05:09:56,982573,4331509,Game 5: Both Teams Destroy Inhibitors?,prop,5,2026-09-18 09:00:00,230.1,No,74915061669436794415717810374285650594908783858703913024115368106506101170366,0.02,0.98,0.5,0.96,3.21,3.21,3.21,107.27,107.27,107.27,2,2,
2026-09-18 05:09:56,982573,4331510,Game 5: Any Player Quadra Kill?,prop,5,2026-09-18 09:00:00,230.1,Yes,25041869540832405180480234921168313787573407983756820796679584613003871812951,0.04,0.98,0.51,0.94,28.64,28.89,28.89,217.75,217.75,217.75,4,2,
2026-09-18 05:09:56,982573,4331510,Game 5: Any Player Quadra Kill?,prop,5,2026-09-18 09:00:00,230.1,No,45797968991409847759584217932570718230787108245969823885558607762731892917931,0.02,0.96,0.49,0.94,2.25,2.25,2.25,773.35,793.1,793.1,2,4,
2026-09-18 05:09:56,982573,4331511,Game 5: Any Player Penta Kill?,prop,5,2026-09-18 09:00:00,230.1,Yes,99485007740689348042635473876824133818167164488540594057240662832686249230778,0.05,0.98,0.515,0.93,28.65,28.75,28.9,217.75,217.75,217.75,3,2,
2026-09-18 05:09:56,982573,4331511,Game 5: Any Player Penta Kill?,prop,5,2026-09-18 09:00:00,230.1,No,19361481950678478115150766057189926867854737408428490703221326479365721844492,0.02,0.95,0.485,0.93,2.25,2.25,2.25,544.35,549.25,564.1,2,3,
2026-09-18 05:09:56,982573,4331512,Game 5: Odd/Even Total Kills?,odd_even,5,2026-09-18 09:00:00,230.1,Odd,19633329449725162339439495816676989880358852872111155998786755722803722315128,0.49,0.51,0.5,0.02,120.16,120.16,404.77,124.67,124.67,472.53,12,12,1.960785
2026-09-18 05:09:56,982573,4331512,Game 5: Odd/Even Total Kills?,odd_even,5,2026-09-18 09:00:00,230.1,Even,49614203233114064051193983809988981047663588280821675298771106000539940224985,0.49,0.51,0.5,0.02,119.19,119.19,403.81,125.67,125.67,473.54,12,12,1.960785
2026-09-18 05:09:56,982573,4635723,Game Handicap: JDG (-2.5) vs Team WE (+2.5),handicap,,2026-09-18 09:00:00,230.1,JD Gaming,76420306826356197237793957431107175847319560977382094132279236962696362219047,0.17,0.18,0.175,0.01,341.45,475.32,821.05,208.84,500.46,722.71,17,24,1654.995537
2026-09-18 05:09:56,982573,4635723,Game Handicap: JDG (-2.5) vs Team WE (+2.5),handicap,,2026-09-18 09:00:00,230.1,Team WE,98247695638928380977804321179756526239332327454751145304390462622665077550596,0.82,0.83,0.825,0.01,934.68,2052.68,2840.43,1779.42,2565.28,4970.55,24,17,1654.995537
2026-09-18 05:09:56,982573,4635724,Game Handicap: JDG (-1.5) vs Team WE (+1.5),handicap,,2026-09-18 09:00:00,230.1,JD Gaming,77272620931295608394822902719474686399898912728194494198902796117068409845118,0.39,0.4,0.395,0.01,12318.34,13390.26,14349.56,1666.07,8263.66,8265.86,26,32,30410.471182000005
2026-09-18 05:09:56,982573,4635724,Game Handicap: JDG (-1.5) vs Team WE (+1.5),handicap,,2026-09-18 09:00:00,230.1,Team WE,100560178874606191791663147861096750564696136600853908902264433559108571664831,0.6,0.61,0.605,0.01,2466.54,11500.38,11503.18,19309.32,21174.02,22987.72,32,26,30410.471182000005
2026-09-18 05:09:56,982573,4635725,First Blood in Game 3?,first_blood,3,2026-09-18 09:00:00,230.1,Team WE,33529193244353235683517280452810839876577542819898609456430904640232796018220,0.47,0.51,0.49,0.04,222.79,725.34,725.34,228.17,498.17,498.17,15,12,
2026-09-18 05:09:56,982573,4635725,First Blood in Game 3?,first_blood,3,2026-09-18 09:00:00,230.1,JD Gaming,1346040960623821967445224639672445473158827368981485717315755152038925341562,0.49,0.53,0.51,0.04,212.12,442.12,442.12,260.88,897.81,897.81,12,15,
2026-09-18 05:09:56,982573,4635726,First Blood in Game 2?,first_blood,2,2026-09-18 09:00:00,230.1,Team WE,64247126058212563554990295665568751847788505015709435172305151370573825025041,0.48,0.51,0.495,0.03,37.7,276.49,505.94,266.09,344.39,644.98,16,14,8.814815
2026-09-18 05:09:56,982573,4635726,First Blood in Game 2?,first_blood,2,2026-09-18 09:00:00,230.1,JD Gaming,40524605988222656761821992861399507200864773020328512368182899666687727507382,0.49,0.52,0.505,0.03,246.2,312.9,558.84,42.3,325.18,617.21,14,16,8.814815
2026-09-18 05:09:56,982573,4635727,First Blood in Game 1?,first_blood,1,2026-09-18 09:00:00,230.1,Team WE,53304266088786300121273330968520878514837963955013663490302850498480286469678,0.47,0.52,0.495,0.05,185.07,612.02,612.02,213.35,213.35,213.35,16,14,9.333334
2026-09-18 05:09:56,982573,4635727,First Blood in Game 1?,first_blood,1,2026-09-18 09:00:00,230.1,JD Gaming,63617723053610587300848306449366373557109726276960283891308320624178387992851,0.48,0.53,0.505,0.05,196.94,196.94,196.94,216.6,758.21,758.21,14,16,9.333334
2026-09-18 05:09:56,982573,4635728,First Blood in Game 4?,first_blood,4,2026-09-18 09:00:00,230.1,Team WE,17602010754585184492065142341058150089829922867388598630462669288285642759212,0.47,0.98,0.725,0.51,15.61,469.83,469.83,437.57,437.57,437.57,14,2,
2026-09-18 05:09:56,982573,4635728,First Blood in Game 4?,first_blood,4,2026-09-18 09:00:00,230.1,JD Gaming,69518797345298414237811287364274582846899582584829247757272387153318353614010,0.02,0.53,0.275,0.51,4.8,4.8,4.8,18.19,594.78,594.78,2,14,
2026-09-18 05:09:56,982573,4635729,Total Kills Over/Under 27.5 in Game 2?,total_kills,2,2026-09-18 09:00:00,230.1,Over,91147325618298628137432538986130808001488666785389767077931604737261036153315,0.58,0.61,0.595,0.03,31.23,161.34,161.34,261.53,761.69,894.29,21,26,30
2026-09-18 05:09:56,982573,4635729,Total Kills Over/Under 27.5 in Game 2?,total_kills,2,2026-09-18 09:00:00,230.1,Under,3322497138540501662614164693296830539677427544117884513746415935765039188800,0.39,0.42,0.405,0.03,160.78,450.62,522.02,22.61,124.85,124.85,26,21,30
2026-09-18 05:09:56,982573,4635730,Total Kills Over/Under 27.5 in Game 3?,total_kills,3,2026-09-18 09:00:00,230.1,Over,17740018313323531352619404591061674354781620869048583802383965499613380370720,0.56,0.61,0.585,0.05,136.5,401.5,481.5,52.59,539.25,1083.25,25,26,
2026-09-18 05:09:56,982573,4635730,Total Kills Over/Under 27.5 in Game 3?,total_kills,3,2026-09-18 09:00:00,230.1,Under,72637627671915546167885127644301517463939348144671175885040556049196873754332,0.39,0.44,0.415,0.05,32.41,312.91,603.91,107.25,342.25,416.09,26,25,
2026-09-18 05:09:56,982573,4635731,Total Kills Over/Under 27.5 in Game 1?,total_kills,1,2026-09-18 09:00:00,230.1,Over,43084804343609419361652521946962747691689669725316579572563934265034435504570,0.55,0.59,0.57,0.04,524.81,690.7,690.7,53.88,520.05,720.38,23,27,12.502414
2026-09-18 05:09:56,982573,4635731,Total Kills Over/Under 27.5 in Game 1?,total_kills,1,2026-09-18 09:00:00,230.1,Under,47148666758089554798881518145674719464074616339571143070940988331463259789553,0.41,0.45,0.43,0.04,36.12,328.56,444.23,434.09,581.2,581.2,27,23,12.502414
2026-09-18 05:09:56,982573,4635732,Total Kills Over/Under 27.5 in Game 4?,total_kills,4,2026-09-18 09:00:00,230.1,Over,102795125203974792660678678123285969914701801988393928679773193234759757307634,0.24,0.82,0.53,0.58,233.24,233.24,233.24,9.02,29.71,59.03,14,13,
2026-09-18 05:09:56,982573,4635732,Total Kills Over/Under 27.5 in Game 4?,total_kills,4,2026-09-18 09:00:00,230.1,Under,47759194526521083668343201452047973837046272317494193133642497445926086476927,0.18,0.76,0.47,0.58,1.98,5.69,10.3,754.76,754.76,754.76,13,14,
2026-09-18 05:09:56,982573,4635734,Total Kills Over/Under 30.5 in Game 2?,total_kills,2,2026-09-18 09:00:00,230.1,Over,10577294599616881420554588215113431557937123553532613716247440033733590817603,0.44,0.48,0.46,0.04,442.81,476.41,676.41,262.79,739.79,817.79,24,24,98.606567
2026-09-18 05:09:56,982573,4635734,Total Kills Over/Under 30.5 in Game 2?,total_kills,2,2026-09-18 09:00:00,230.1,Under,104053707391432281646579416378051909171319615200406772950659665015206476746305,0.52,0.56,0.54,0.04,273.68,746.68,818.68,584.67,631.07,931.07,24,24,98.606567
2026-09-18 05:09:56,982573,4635733,Total Kills Over/Under 30.5 in Game 3?,total_kills,3,2026-09-18 09:00:00,230.1,Over,64484331970451845252116105624794947862273146890752351804046825739125226052150,0.46,0.49,0.475,0.03,62.41,449.88,488.1,418.7,635.57,635.57,27,22,144.110686
2026-09-18 05:09:56,982573,4635733,Total Kills Over/Under 30.5 in Game 3?,total_kills,3,2026-09-18 09:00:00,230.1,Under,108325310407990742972957328632398293695621811367399273833858388890578669226885,0.51,0.54,0.525,0.03,428.84,632.97,632.97,75.78,587.28,640.06,22,27,144.110686
2026-09-18 05:09:56,982573,4635736,Total Kills Over/Under 30.5 in Game 1?,total_kills,1,2026-09-18 09:00:00,230.1,Over,32349457260489922256721836845198994086478872555664444310085895288389081700072,0.46,0.47,0.465,0.01,40.71,68.16,409.29,336.37,543.47,543.47,25,24,322.71035
2026-09-18 05:09:56,982573,4635736,Total Kills Over/Under 30.5 in Game 1?,total_kills,1,2026-09-18 09:00:00,230.1,Under,41475759221345039664930402332912212838709271075562972028905511863264889517546,0.53,0.54,0.535,0.01,372.83,584.95,584.95,47.8,84.17,563.3,24,25,322.71035
2026-09-18 05:09:56,982573,4635735,Total Kills Over/Under 30.5 in Game 4?,total_kills,4,2026-09-18 09:00:00,230.1,Over,40469553593262350511173488778948782295755464528432729113960152874603118966883,0.43,0.51,0.47,0.08,180.6,180.6,180.6,78.46,78.46,78.46,19,20,
2026-09-18 05:09:56,982573,4635735,Total Kills Over/Under 30.5 in Game 4?,total_kills,4,2026-09-18 09:00:00,230.1,Under,11001780019454736420713068231782741626995179144660322039569560785638918616771,0.49,0.57,0.53,0.08,75.38,75.38,75.38,239.4,239.4,239.4,20,19,
2026-09-18 05:15:37,982573,4331476,LoL: Team WE vs JD Gaming - Game 1 Winner,map,1,2026-09-18 09:00:00,224.4,Team WE,40745930449180776517985296017616838776773627946026056466960742451029179689887,0.43,0.44,0.435,0.01,2864.04,6531.6,6570.6,1709.32,5371.89,8163.43,35,38,26926.744662999994
2026-09-18 05:15:37,982573,4331476,LoL: Team WE vs JD Gaming - Game 1 Winner,map,1,2026-09-18 09:00:00,224.4,JD Gaming,86842978223026466862449934105595250822075305679428664631958332197768084254089,0.56,0.57,0.565,0.01,2108.15,6341.64,9328.76,3850.61,9278.94,9339.94,38,35,26926.744662999994
2026-09-18 05:15:37,982573,4331477,LoL: Team WE vs JD Gaming - Game 2 Winner,map,2,2026-09-18 09:00:00,224.4,Team WE,9061313218244180837051497559158858646811270299308508261997696114745098238414,0.42,0.43,0.425,0.01,1085.48,9259.75,9287.85,447.18,1300.01,2243.43,28,38,13899.552688000002
2026-09-18 05:15:37,982573,4331477,LoL: Team WE vs JD Gaming - Game 2 Winner,map,2,2026-09-18 09:00:00,224.4,JD Gaming,93412316568558393447369938861531141407815845492045702627687438374646039250411,0.57,0.58,0.575,0.01,586.59,1593.59,2625.53,1514.38,13855.77,13901.63,38,28,13899.552688000002
2026-09-18 05:15:37,982573,4331478,LoL: Team WE vs JD Gaming - Game 3 Winner,map,3,2026-09-18 09:00:00,224.4,Team WE,59075734185870747323062647896339068768798345735884789910250736832849418334729,0.42,0.43,0.425,0.01,968.41,4632.92,4634.77,221.8,911.13,1955.88,26,38,10443.289935999997
2026-09-18 05:15:37,982573,4331478,LoL: Team WE vs JD Gaming - Game 3 Winner,map,3,2026-09-18 09:00:00,224.4,JD Gaming,37500660245657084331639369031860463676916097652659219943216216830842159610230,0.57,0.58,0.575,0.01,290.12,1100.69,2245.19,1353.99,6928.0,6931.15,38,26,10443.289935999997
2026-09-18 05:15:37,982573,4331479,LoL: Team WE vs JD Gaming - Game 4 Winner,map,4,2026-09-18 09:00:00,224.4,Team WE,80691052854214809326719106515264914217605219336036181633274369620112133821371,0.47,0.61,0.54,0.14,54.29,234.31,234.31,72.72,403.47,403.47,14,18,
2026-09-18 05:15:37,982573,4331479,LoL: Team WE vs JD Gaming - Game 4 Winner,map,4,2026-09-18 09:00:00,224.4,JD Gaming,45849621980135139866236084775772921551194490231892728647209577042730716062625,0.39,0.53,0.46,0.14,44.88,239.13,239.13,63.31,283.33,283.33,18,14,
2026-09-18 05:15:37,982573,4331480,LoL: Team WE vs JD Gaming (BO5) - LPL Regional Finals Playoffs,series,,2026-09-18 09:00:00,224.4,Team WE,36590174590310721499058030844565262384974738546991011333755092074521980597514,0.41,0.42,0.415,0.01,32498.17,69209.22,80107.6,51740.57,59246.48,62053.03,32,49,242235.3404400002
2026-09-18 05:15:37,982573,4331480,LoL: Team WE vs JD Gaming (BO5) - LPL Regional Finals Playoffs,series,,2026-09-18 09:00:00,224.4,JD Gaming,67744481945829638317312543005094851806629911488970110063871681512449303580853,0.58,0.59,0.585,0.01,69613.96,79082.84,82343.12,48218.45,107250.68,126082.71,49,32,242235.3404400002
2026-09-18 05:15:37,982573,4331481,Games Total: O/U 3.5,total_games,,2026-09-18 09:00:00,224.4,Over,91962849062155480119007381156104522943527001376896833131919123133018437554198,0.74,0.75,0.745,0.01,956.1,5809.49,6080.16,8518.02,29910.65,31113.08,35,21,19924.891314
2026-09-18 05:15:37,982573,4331481,Games Total: O/U 3.5,total_games,,2026-09-18 09:00:00,224.4,Under,62016153694274205744971896466924860010101880823066151324323366023947768830072,0.25,0.26,0.255,0.01,2694.13,9055.5,9344.18,349.67,2241.19,2361.71,21,35,19924.891314
2026-09-18 05:15:37,982573,4331482,Games Total: O/U 4.5,total_games,,2026-09-18 09:00:00,224.4,Over,64141252723776535279533863572243597242287169602988797395052535386307705961707,0.33,0.34,0.335,0.01,5116.65,8997.07,9576.85,87.43,1477.88,11613.8,23,33,12172.432748
2026-09-18 05:15:37,982573,4331482,Games Total: O/U 4.5,total_games,,2026-09-18 09:00:00,224.4,Under,60787941284574645408897256455198781956705499239196188005736390780601879702948,0.66,0.67,0.665,0.01,169.71,2629.13,18488.95,10859.53,19839.96,21261.32,33,23,12172.432748
2026-09-18 05:15:37,982573,4331483,Game 1: Both Teams Slay Baron Nashor?,prop,1,2026-09-18 09:00:00,224.4,Yes,39714772678029890439686559884173048371971219211892603264170731115436673120626,0.07,0.32,0.195,0.25,115.49,115.49,115.74,135.53,135.53,135.53,3,10,
2026-09-18 05:15:37,982573,4331483,Game 1: Both Teams Slay Baron Nashor?,prop,1,2026-09-18 09:00:00,224.4,No,52948375182602937052609566346634770822838770282285310147700401776125439695034,0.68,0.93,0.805,0.25,287.99,287.99,287.99,1534.36,1534.36,1546.61,10,3,
2026-09-18 05:15:37,982573,4331484,Game 1: Both Teams Slay a Dragon?,prop,1,2026-09-18 09:00:00,224.4,Yes,23103993057929306486934976569184723197173691265189961317227556768851631350445,0.64,0.88,0.76,0.24,288.0,288.0,288.0,977.24,977.24,977.24,9,3,
2026-09-18 05:15:37,982573,4331484,Game 1: Both Teams Slay a Dragon?,prop,1,2026-09-18 09:00:00,224.4,No,91722946303559450432812921544486757430683160067362234299030496214538641494668,0.12,0.36,0.24,0.24,133.26,133.26,133.26,162.0,162.0,162.0,3,9,
2026-09-18 05:15:37,982573,4331485,Game 1: Both Teams Destroy Inhibitors?,prop,1,2026-09-18 09:00:00,224.4,Yes,33496310638341140567289641614598313621243227379013298590125422491313191820792,0.02,0.26,0.14,0.24,1.21,1.21,1.21,101.19,101.19,101.19,2,9,
2026-09-18 05:15:37,982573,4331485,Game 1: Both Teams Destroy Inhibitors?,prop,1,2026-09-18 09:00:00,224.4,No,81980797268112496572123764802564210517169522848702877553505981575930551535897,0.74,0.98,0.86,0.24,287.99,287.99,287.99,107.28,107.28,107.28,9,2,
2026-09-18 05:15:37,982573,4331486,Game 1: Any Player Quadra Kill?,prop,1,2026-09-18 09:00:00,224.4,Yes,74222655858144934432934920784275645990416131405252677212894677782895736457599,0.02,0.98,0.5,0.96,0.25,0.25,0.25,217.75,217.75,217.75,2,2,
2026-09-18 05:15:37,982573,4331486,Game 1: Any Player Quadra Kill?,prop,1,2026-09-18 09:00:00,224.4,No,102355334580310326715461213263953789617626449575681137398366745076761275873041,0.02,0.98,0.5,0.96,2.25,2.25,2.25,19.75,19.75,19.75,2,2,
2026-09-18 05:15:37,982573,4331487,Game 1: Any Player Penta Kill?,prop,1,2026-09-18 09:00:00,224.4,Yes,13014769994116469090867062696501600744380650716090144700619505276453887115013,0.02,0.29,0.155,0.27,0.25,0.25,0.25,9.62,9.62,9.62,2,11,
2026-09-18 05:15:37,982573,4331487,Game 1: Any Player Penta Kill?,prop,1,2026-09-18 09:00:00,224.4,No,34772986514217831261938445429906557361572559134946604972801838089608825873029,0.71,0.98,0.845,0.27,23.38,23.38,23.38,19.75,19.75,19.75,11,2,
2026-09-18 05:15:37,982573,4331488,Game 1: Odd/Even Total Kills?,odd_even,1,2026-09-18 09:00:00,224.4,Odd,62660671227335510179168530333009740792016404149342951362862366700885850452264,0.49,0.51,0.5,0.02,120.16,120.16,404.77,123.66,123.66,471.53,12,12,3.92157
2026-09-18 05:15:37,982573,4331488,Game 1: Odd/Even Total Kills?,odd_even,1,2026-09-18 09:00:00,224.4,Even,86625626726360214349089907545424119804103324479702399418201773357950190113236,0.49,0.51,0.5,0.02,118.23,118.23,402.84,125.67,125.67,473.54,12,12,3.92157
2026-09-18 05:15:37,982573,4331489,Game 2: Both Teams Slay Baron Nashor?,prop,2,2026-09-18 09:00:00,224.4,Yes,41342127067487313911108938826811519336095071705270524798896840041453101934148,0.08,0.32,0.2,0.24,115.32,115.32,115.32,135.53,135.53,135.53,3,10,
2026-09-18 05:15:37,982573,4331489,Game 2: Both Teams Slay Baron Nashor?,prop,2,2026-09-18 09:00:00,224.4,No,111509972535042730010856919460410663375765216849894041182143711121105317807838,0.68,0.92,0.8,0.24,287.99,287.99,287.99,1326.18,1326.18,1326.18,10,3,
2026-09-18 05:15:37,982573,4331490,Game 2: Both Teams Slay a Dragon?,prop,2,2026-09-18 09:00:00,224.4,Yes,29671016959600544449364630377356870154094339570710597486679717974292680475171,0.64,0.88,0.76,0.24,288.0,288.0,288.0,979.95,979.95,979.95,9,3,
2026-09-18 05:15:37,982573,4331490,Game 2: Both Teams Slay a Dragon?,prop,2,2026-09-18 09:00:00,224.4,No,107549784474042338846508783056825260092296231825534887840568409084429764288656,0.12,0.36,0.24,0.24,133.63,133.63,133.63,162.0,162.0,162.0,3,9,
2026-09-18 05:15:37,982573,4331491,Game 2: Both Teams Destroy Inhibitors?,prop,2,2026-09-18 09:00:00,224.4,Yes,106456649656314759426504131066603666133521683277296497028206703353498281106324,0.02,0.26,0.14,0.24,1.21,1.21,1.21,101.19,101.19,101.19,2,9,
2026-09-18 05:15:37,982573,4331491,Game 2: Both Teams Destroy Inhibitors?,prop,2,2026-09-18 09:00:00,224.4,No,58833911629740796169866837922009058593213763011498146584561469322291297036055,0.74,0.98,0.86,0.24,287.99,287.99,287.99,107.28,107.28,107.28,9,2,
2026-09-18 05:15:37,982573,4331492,Game 2: Any Player Quadra Kill?,prop,2,2026-09-18 09:00:00,224.4,Yes,14693376937511958749082437572229077947632410748994499070645100368182611544988,0.02,0.98,0.5,0.96,0.25,0.25,0.25,217.75,217.75,217.75,2,2,
2026-09-18 05:15:37,982573,4331492,Game 2: Any Player Quadra Kill?,prop,2,2026-09-18 09:00:00,224.4,No,82500810689071534610110074297536274925242701396928936307235427224609831802199,0.02,0.98,0.5,0.96,2.25,2.25,2.25,19.75,19.75,19.75,2,2,
2026-09-18 05:15:37,982573,4331493,Game 2: Any Player Penta Kill?,prop,2,2026-09-18 09:00:00,224.4,Yes,21062417474853573651308455662373881851132933973506153213234652469300839145078,0.02,0.39,0.205,0.37,0.25,0.25,0.25,14.87,14.87,14.87,2,10,
2026-09-18 05:15:37,982573,4331493,Game 2: Any Player Penta Kill?,prop,2,2026-09-18 09:00:00,224.4,No,1112864713813270086086366816431040478337710684470991408642556218969963898544,0.61,0.98,0.795,0.37,23.13,23.13,23.13,19.75,19.75,19.75,10,2,
2026-09-18 05:15:37,982573,4331494,Game 2: Odd/Even Total Kills?,odd_even,2,2026-09-18 09:00:00,224.4,Odd,99517002667051925686376408510947898862029013466946005231403812158745025296477,0.49,0.51,0.5,0.02,120.16,120.16,404.77,124.67,124.67,472.53,11,12,1.960785
2026-09-18 05:15:37,982573,4331494,Game 2: Odd/Even Total Kills?,odd_even,2,2026-09-18 09:00:00,224.4,Even,42400527170994277209918785860938065221576184220944025051907165693141973624170,0.49,0.51,0.5,0.02,119.19,119.19,403.81,125.67,125.67,473.54,12,11,1.960785
2026-09-18 05:15:37,982573,4331495,Game 3: Both Teams Slay Baron Nashor?,prop,3,2026-09-18 09:00:00,224.4,Yes,100615225469678516637100252180193807631111015863000085070839837870822686427020,0.06,0.32,0.19,0.26,113.94,113.94,115.15,135.53,135.53,135.53,3,10,
2026-09-18 05:15:37,982573,4331495,Game 3: Both Teams Slay Baron Nashor?,prop,3,2026-09-18 09:00:00,224.4,No,46955751521910111044166522228003741940207032819698140587196533197831555757819,0.68,0.94,0.81,0.26,287.99,287.99,287.99,1785.06,1785.06,1892.34,10,3,
2026-09-18 05:15:37,982573,4331496,Game 3: Both Teams Slay a Dragon?,prop,3,2026-09-18 09:00:00,224.4,Yes,4670183821119206359526023111409894551665868047432599243259637921153187172717,0.64,0.88,0.76,0.24,288.0,288.0,288.0,974.08,974.08,974.08,9,3,
2026-09-18 05:15:37,982573,4331496,Game 3: Both Teams Slay a Dragon?,prop,3,2026-09-18 09:00:00,224.4,No,38593090958733470835228420126115359981979474045804370023403299652308248831353,0.12,0.36,0.24,0.24,132.83,132.83,132.83,162.0,162.0,162.0,3,9,
2026-09-18 05:15:37,982573,4331497,Game 3: Both Teams Destroy Inhibitors?,prop,3,2026-09-18 09:00:00,224.4,Yes,1215979821663579890622109071708358072621837150074844548776910040155971388845,0.02,0.26,0.14,0.24,102.01,102.01,102.01,101.19,101.19,101.19,2,9,
2026-09-18 05:15:37,982573,4331497,Game 3: Both Teams Destroy Inhibitors?,prop,3,2026-09-18 09:00:00,224.4,No,47902518701959667302199155554102103330100135028613664566795560480906453090832,0.74,0.98,0.86,0.24,287.99,287.99,287.99,10058.66,10058.66,10058.66,9,2,
2026-09-18 05:15:37,982573,4331498,Game 3: Any Player Quadra Kill?,prop,3,2026-09-18 09:00:00,224.4,Yes,15922936496282613281609039725819938050060833441944504274041889468452173845351,0.02,0.98,0.5,0.96,0.25,0.25,0.25,217.75,217.75,217.75,2,2,
2026-09-18 05:15:37,982573,4331498,Game 3: Any Player Quadra Kill?,prop,3,2026-09-18 09:00:00,224.4,No,4678882946522200766322009748845678331259642107366239394532583463580475178637,0.02,0.98,0.5,0.96,2.25,2.25,2.25,19.75,19.75,19.75,2,2,
2026-09-18 05:15:37,982573,4331499,Game 3: Any Player Penta Kill?,prop,3,2026-09-18 09:00:00,224.4,Yes,9309073005103962031278982095369128276770828017424384726613052323281189333342,0.02,0.5,0.26,0.48,0.25,0.25,0.25,20.0,20.0,20.0,2,9,
2026-09-18 05:15:37,982573,4331499,Game 3: Any Player Penta Kill?,prop,3,2026-09-18 09:00:00,224.4,No,80165585327758137245979036517319116700233008723213890564248458303429726634558,0.5,0.98,0.74,0.48,20.0,20.0,20.0,19.75,19.75,19.75,9,2,
2026-09-18 05:15:37,982573,4331500,Game 3: Odd/Even Total Kills?,odd_even,3,2026-09-18 09:00:00,224.4,Odd,67227166389219370176016583535640582218076399796598806333396084223855869290317,0.49,0.51,0.5,0.02,120.16,120.16,404.77,124.67,124.67,472.53,12,12,1.960785
2026-09-18 05:15:37,982573,4331500,Game 3: Odd/Even Total Kills?,odd_even,3,2026-09-18 09:00:00,224.4,Even,41660594314362441933106607647414129765660258200764116580498777612534541363897,0.49,0.51,0.5,0.02,119.19,119.19,403.81,125.67,125.67,473.54,12,12,1.960785
2026-09-18 05:15:37,982573,4331501,Game 4: Both Teams Slay Baron Nashor?,prop,4,2026-09-18 09:00:00,224.4,Yes,91053150325724801816506145125208869220678169137723543082128461361971163925817,0.02,0.98,0.5,0.96,1.21,1.21,1.21,272.25,272.25,272.25,2,2,
2026-09-18 05:15:37,982573,4331501,Game 4: Both Teams Slay Baron Nashor?,prop,4,2026-09-18 09:00:00,224.4,No,33027071773225523154200955759565107620295049357510592137393254066110409348503,0.02,0.98,0.5,0.96,3.21,3.21,3.21,107.27,107.27,107.27,2,2,
2026-09-18 05:15:37,982573,4331502,Game 4: Both Teams Slay a Dragon?,prop,4,2026-09-18 09:00:00,224.4,Yes,11372936005038337682501721216571490803612687347900817169984715644306259377099,0.02,0.98,0.5,0.96,3.21,3.21,3.21,107.28,107.28,107.28,2,2,
2026-09-18 05:15:37,982573,4331502,Game 4: Both Teams Slay a Dragon?,prop,4,2026-09-18 09:00:00,224.4,No,82752337875538268962471388782753443316630480770543933929117048175580185583781,0.02,0.98,0.5,0.96,1.21,1.21,1.21,272.24,272.24,272.24,2,2,
2026-09-18 05:15:37,982573,4331503,Game 4: Both Teams Destroy Inhibitors?,prop,4,2026-09-18 09:00:00,224.4,Yes,20103698712173859903829820952687250554826574556759543553400674611829572849481,0.02,0.98,0.5,0.96,1.21,1.21,1.21,257.47,257.47,257.47,2,2,
2026-09-18 05:15:37,982573,4331503,Game 4: Both Teams Destroy Inhibitors?,prop,4,2026-09-18 09:00:00,224.4,No,89455399219037642465039359889137747095520207964874625212307664274290738519720,0.02,0.98,0.5,0.96,3.06,3.06,3.06,107.28,107.28,107.28,2,2,
2026-09-18 05:15:37,982573,4331504,Game 4: Any Player Quadra Kill?,prop,4,2026-09-18 09:00:00,224.4,Yes,86729132453151123960161711084056501143896155802958565383271950858277939481592,0.02,0.98,0.5,0.96,0.25,0.25,0.25,217.75,217.75,217.75,2,2,
2026-09-18 05:15:37,982573,4331504,Game 4: Any Player Quadra Kill?,prop,4,2026-09-18 09:00:00,224.4,No,73856923043354350516265045737626064914874772982551085294108158599421741926581,0.02,0.98,0.5,0.96,2.25,2.25,2.25,19.75,19.75,19.75,2,2,
2026-09-18 05:15:37,982573,4331505,Game 4: Any Player Penta Kill?,prop,4,2026-09-18 09:00:00,224.4,Yes,95471029785190658249271107559085277594460869785301176491064959350613116757025,0.02,0.98,0.5,0.96,0.25,0.25,0.25,217.75,217.75,217.75,2,2,
2026-09-18 05:15:37,982573,4331505,Game 4: Any Player Penta Kill?,prop,4,2026-09-18 09:00:00,224.4,No,24019258235427109283398166929535391313889484786480012416555835676599231677285,0.02,0.98,0.5,0.96,2.25,2.25,2.25,19.75,19.75,19.75,2,2,
2026-09-18 05:15:37,982573,4331506,Game 4: Odd/Even Total Kills?,odd_even,4,2026-09-18 09:00:00,224.4,Odd,27003552917149566572651639076986003725398589474350578655530128653556251939332,0.49,0.51,0.5,0.02,120.16,120.16,404.77,124.67,124.67,472.53,12,12,1.960785
2026-09-18 05:15:37,982573,4331506,Game 4: Odd/Even Total Kills?,odd_even,4,2026-09-18 09:00:00,224.4,Even,59462802745189966497150866567268369049029079546047014635357596777802395294369,0.49,0.51,0.5,0.02,119.19,119.19,403.81,125.67,125.67,473.54,12,12,1.960785
2026-09-18 05:15:37,982573,4331507,Game 5: Both Teams Slay Baron Nashor?,prop,5,2026-09-18 09:00:00,224.4,Yes,16565497011615402766708497105228173163882918964953459714245276252381037651212,0.02,0.98,0.5,0.96,1.21,1.21,1.21,272.25,272.25,272.25,2,2,
2026-09-18 05:15:37,982573,4331507,Game 5: Both Teams Slay Baron Nashor?,prop,5,2026-09-18 09:00:00,224.4,No,38321807124122496073015412591741021826554786473176894668199498825945547887256,0.02,0.98,0.5,0.96,3.21,3.21,3.21,107.66,107.66,107.66,2,2,
2026-09-18 05:15:37,982573,4331508,Game 5: Both Teams Slay a Dragon?,prop,5,2026-09-18 09:00:00,224.4,Yes,20535191153792526801040366527813270831695727763023223904907094857723775355380,0.02,0.98,0.5,0.96,3.21,3.21,3.21,107.28,107.28,107.28,2,2,
2026-09-18 05:15:37,982573,4331508,Game 5: Both Teams Slay a Dragon?,prop,5,2026-09-18 09:00:00,224.4,No,86409492549111398910751278494181292669402674004705291627353119912055691188294,0.02,0.98,0.5,0.96,1.21,1.21,1.21,272.25,272.25,272.25,2,2,
2026-09-18 05:15:37,982573,4331509,Game 5: Both Teams Destroy Inhibitors?,prop,5,2026-09-18 09:00:00,224.4,Yes,27902276393776086007716382126019733956983108519466730719262496286667998335232,0.02,0.98,0.5,0.96,1.21,1.21,1.21,270.7,270.7,270.7,2,2,
2026-09-18 05:15:37,982573,4331509,Game 5: Both Teams Destroy Inhibitors?,prop,5,2026-09-18 09:00:00,224.4,No,74915061669436794415717810374285650594908783858703913024115368106506101170366,0.02,0.98,0.5,0.96,3.21,3.21,3.21,107.27,107.27,107.27,2,2,
2026-09-18 05:15:37,982573,4331510,Game 5: Any Player Quadra Kill?,prop,5,2026-09-18 09:00:00,224.4,Yes,25041869540832405180480234921168313787573407983756820796679584613003871812951,0.04,0.98,0.51,0.94,28.64,28.89,28.89,217.75,217.75,217.75,4,2,
2026-09-18 05:15:37,982573,4331510,Game 5: Any Player Quadra Kill?,prop,5,2026-09-18 09:00:00,224.4,No,45797968991409847759584217932570718230787108245969823885558607762731892917931,0.02,0.96,0.49,0.94,2.25,2.25,2.25,773.35,793.1,793.1,2,4,
2026-09-18 05:15:37,982573,4331511,Game 5: Any Player Penta Kill?,prop,5,2026-09-18 09:00:00,224.4,Yes,99485007740689348042635473876824133818167164488540594057240662832686249230778,0.05,0.98,0.515,0.93,28.65,28.75,28.9,217.75,217.75,217.75,3,2,
2026-09-18 05:15:37,982573,4331511,Game 5: Any Player Penta Kill?,prop,5,2026-09-18 09:00:00,224.4,No,19361481950678478115150766057189926867854737408428490703221326479365721844492,0.02,0.95,0.485,0.93,2.25,2.25,2.25,544.35,549.25,564.1,2,3,
2026-09-18 05:15:37,982573,4331512,Game 5: Odd/Even Total Kills?,odd_even,5,2026-09-18 09:00:00,224.4,Odd,19633329449725162339439495816676989880358852872111155998786755722803722315128,0.49,0.51,0.5,0.02,120.16,120.16,404.77,124.67,124.67,472.53,12,12,1.960785
2026-09-18 05:15:37,982573,4331512,Game 5: Odd/Even Total Kills?,odd_even,5,2026-09-18 09:00:00,224.4,Even,49614203233114064051193983809988981047663588280821675298771106000539940224985,0.49,0.51,0.5,0.02,119.19,119.19,403.81,125.67,125.67,473.54,12,12,1.960785
2026-09-18 05:15:37,982573,4635723,Game Handicap: JDG (-2.5) vs Team WE (+2.5),handicap,,2026-09-18 09:00:00,224.4,JD Gaming,76420306826356197237793957431107175847319560977382094132279236962696362219047,0.17,0.18,0.175,0.01,228.33,318.94,586.28,125.66,358.08,636.65,17,24,1654.995537
2026-09-18 05:15:37,982573,4635723,Game Handicap: JDG (-2.5) vs Team WE (+2.5),handicap,,2026-09-18 09:00:00,224.4,Team WE,98247695638928380977804321179756526239332327454751145304390462622665077550596,0.82,0.83,0.825,0.01,560.86,1442.06,2429.49,1185.54,1705.66,3586.32,24,17,1654.995537
2026-09-18 05:15:37,982573,4635724,Game Handicap: JDG (-1.5) vs Team WE (+1.5),handicap,,2026-09-18 09:00:00,224.4,JD Gaming,77272620931295608394822902719474686399898912728194494198902796117068409845118,0.39,0.4,0.395,0.01,11725.54,12017.09,12618.34,1111.78,7562.79,7564.99,26,32,30410.471182000005
2026-09-18 05:15:37,982573,4635724,Game Handicap: JDG (-1.5) vs Team WE (+1.5),handicap,,2026-09-18 09:00:00,224.4,Team WE,100560178874606191791663147861096750564696136600853908902264433559108571664831,0.6,0.61,0.605,0.01,1655.83,10487.25,10490.05,18342.12,18849.19,19997.94,32,26,30410.471182000005
2026-09-18 05:15:37,982573,4635725,First Blood in Game 3?,first_blood,3,2026-09-18 09:00:00,224.4,Team WE,33529193244353235683517280452810839876577542819898609456430904640232796018220,0.47,0.51,0.49,0.04,148.73,368.73,368.73,152.21,422.21,422.21,13,12,
2026-09-18 05:15:37,982573,4635725,First Blood in Game 3?,first_blood,3,2026-09-18 09:00:00,224.4,JD Gaming,1346040960623821967445224639672445473158827368981485717315755152038925341562,0.49,0.53,0.51,0.04,141.08,371.08,371.08,173.94,453.94,453.94,12,13,
2026-09-18 05:15:37,982573,4635726,First Blood in Game 2?,first_blood,2,2026-09-18 09:00:00,224.4,Team WE,64247126058212563554990295665568751847788505015709435172305151370573825025041,0.48,0.51,0.495,0.03,14.2,148.83,326.36,152.21,152.21,406.05,14,12,8.814815
2026-09-18 05:15:37,982573,4635726,First Blood in Game 2?,first_blood,2,2026-09-18 09:00:00,224.4,JD Gaming,40524605988222656761821992861399507200864773020328512368182899666687727507382,0.49,0.52,0.505,0.03,141.08,141.08,348.77,15.8,173.84,399.79,12,14,8.814815
2026-09-18 05:15:37,982573,4635727,First Blood in Game 1?,first_blood,1,2026-09-18 09:00:00,224.4,Team WE,53304266088786300121273330968520878514837963955013663490302850498480286469678,0.47,0.52,0.495,0.05,148.73,512.41,512.41,136.91,136.91,136.91,13,12,9.333334
2026-09-18 05:15:37,982573,4635727,First Blood in Game 1?,first_blood,1,2026-09-18 09:00:00,224.4,JD Gaming,63617723053610587300848306449366373557109726276960283891308320624178387992851,0.48,0.53,0.505,0.05,126.38,126.38,126.38,173.94,636.82,636.82,12,13,9.333334
2026-09-18 05:15:37,982573,4635728,First Blood in Game 4?,first_blood,4,2026-09-18 09:00:00,224.4,Team WE,17602010754585184492065142341058150089829922867388598630462669288285642759212,0.47,0.98,0.725,0.51,8.79,402.97,402.97,275.21,275.21,275.21,12,2,
2026-09-18 05:15:37,982573,4635728,First Blood in Game 4?,first_blood,4,2026-09-18 09:00:00,224.4,JD Gaming,69518797345298414237811287364274582846899582584829247757272387153318353614010,0.02,0.53,0.275,0.51,3.16,3.16,3.16,10.21,511.64,511.64,2,12,
2026-09-18 05:15:37,982573,4635729,Total Kills Over/Under 27.5 in Game 2?,total_kills,2,2026-09-18 09:00:00,224.4,Over,91147325618298628137432538986130808001488666785389767077931604737261036153315,0.58,0.61,0.595,0.03,31.23,161.34,161.34,261.53,499.03,580.28,19,24,30
2026-09-18 05:15:37,982573,4635729,Total Kills Over/Under 27.5 in Game 2?,total_kills,2,2026-09-18 09:00:00,224.4,Under,3322497138540501662614164693296830539677427544117884513746415935765039188800,0.39,0.42,0.405,0.03,160.78,298.28,342.03,22.61,124.85,124.85,24,19,30
2026-09-18 05:15:37,982573,4635730,Total Kills Over/Under 27.5 in Game 3?,total_kills,3,2026-09-18 09:00:00,224.4,Over,17740018313323531352619404591061674354781620869048583802383965499613380370720,0.56,0.61,0.585,0.05,136.5,401.5,481.5,18.55,411.75,900.5,21,25,
2026-09-18 05:15:37,982573,4635730,Total Kills Over/Under 27.5 in Game 3?,total_kills,3,2026-09-18 09:00:00,224.4,Under,72637627671915546167885127644301517463939348144671175885040556049196873754332,0.39,0.44,0.415,0.05,11.45,238.41,499.66,107.25,342.25,416.09,25,21,
2026-09-18 05:15:37,982573,4635731,Total Kills Over/Under 27.5 in Game 1?,total_kills,1,2026-09-18 09:00:00,224.4,Over,43084804343609419361652521946962747691689669725316579572563934265034435504570,0.55,0.6,0.575,0.05,527.56,693.45,693.45,228.89,462.64,542.64,21,25,12.502414
2026-09-18 05:15:37,982573,4635731,Total Kills Over/Under 27.5 in Game 1?,total_kills,1,2026-09-18 09:00:00,224.4,Under,47148666758089554798881518145674719464074616339571143070940988331463259789553,0.4,0.45,0.425,0.05,146.72,287.97,332.97,436.34,583.45,583.45,25,21,12.502414
2026-09-18 05:15:37,982573,4635732,Total Kills Over/Under 27.5 in Game 4?,total_kills,4,2026-09-18 09:00:00,224.4,Over,102795125203974792660678678123285969914701801988393928679773193234759757307634,0.25,0.82,0.535,0.57,228.64,233.24,233.24,9.02,29.71,59.03,15,13,
2026-09-18 05:15:37,982573,4635732,Total Kills Over/Under 27.5 in Game 4?,total_kills,4,2026-09-18 09:00:00,224.4,Under,47759194526521083668343201452047973837046272317494193133642497445926086476927,0.18,0.75,0.465,0.57,1.98,5.69,10.3,709.92,725.32,725.32,13,15,
2026-09-18 05:15:37,982573,4635734,Total Kills Over/Under 30.5 in Game 2?,total_kills,2,2026-09-18 09:00:00,224.4,Over,10577294599616881420554588215113431557937123553532613716247440033733590817603,0.43,0.48,0.455,0.05,303.18,303.18,303.18,133.87,572.62,650.62,21,22,98.606567
2026-09-18 05:15:37,982573,4635734,Total Kills Over/Under 30.5 in Game 2?,total_kills,2,2026-09-18 09:00:00,224.4,Under,104053707391432281646579416378051909171319615200406772950659665015206476746305,0.52,0.57,0.545,0.05,139.6,575.85,647.85,401.88,401.88,401.88,22,21,98.606567
2026-09-18 05:15:37,982573,4635733,Total Kills Over/Under 30.5 in Game 3?,total_kills,3,2026-09-18 09:00:00,224.4,Over,64484331970451845252116105624794947862273146890752351804046825739125226052150,0.46,0.49,0.475,0.03,41.71,350.01,350.01,261.4,390.15,390.15,24,22,144.110686
2026-09-18 05:15:37,982573,4635733,Total Kills Over/Under 30.5 in Game 3?,total_kills,3,2026-09-18 09:00:00,224.4,Under,108325310407990742972957328632398293695621811367399273833858388890578669226885,0.51,0.54,0.525,0.03,266.97,388.22,388.22,50.48,459.15,459.15,22,24,144.110686
2026-09-18 05:15:37,982573,4635736,Total Kills Over/Under 30.5 in Game 1?,total_kills,1,2026-09-18 09:00:00,224.4,Over,32349457260489922256721836845198994086478872555664444310085895288389081700072,0.46,0.47,0.465,0.01,40.71,68.16,360.28,253.57,412.22,412.22,23,23,322.71035
2026-09-18 05:15:37,982573,4635736,Total Kills Over/Under 30.5 in Game 1?,total_kills,1,2026-09-18 09:00:00,224.4,Under,41475759221345039664930402332912212838709271075562972028905511863264889517546,0.53,0.54,0.535,0.01,280.63,443.2,443.2,47.8,84.17,494.31,23,23,322.71035
2026-09-18 05:15:37,982573,4635735,Total Kills Over/Under 30.5 in Game 4?,total_kills,4,2026-09-18 09:00:00,224.4,Over,40469553593262350511173488778948782295755464528432729113960152874603118966883,0.43,0.51,0.47,0.08,180.6,180.6,180.6,78.46,78.46,78.46,19,20,
2026-09-18 05:15:37,982573,4635735,Total Kills Over/Under 30.5 in Game 4?,total_kills,4,2026-09-18 09:00:00,224.4,Under,11001780019454736420713068231782741626995179144660322039569560785638918616771,0.49,0.57,0.53,0.08,75.38,75.38,75.38,239.4,239.4,239.4,20,19,
2026-09-18 05:21:15,982573,4331476,LoL: Team WE vs JD Gaming - Game 1 Winner,map,1,2026-09-18 09:00:00,218.7,Team WE,40745930449180776517985296017616838776773627946026056466960742451029179689887,0.43,0.44,0.435,0.01,3258.77,7104.22,7143.22,1825.11,4859.42,8395.16,31,33,26926.744662999994
2026-09-18 05:21:15,982573,4331476,LoL: Team WE vs JD Gaming - Game 1 Winner,map,1,2026-09-18 09:00:00,218.7,JD Gaming,86842978223026466862449934105595250822075305679428664631958332197768084254089,0.56,0.57,0.565,0.01,2255.52,5780.55,9563.47,4395.7,10102.97,10163.97,33,31,26926.744662999994
2026-09-18 05:21:15,982573,4331477,LoL: Team WE vs JD Gaming - Game 2 Winner,map,2,2026-09-18 09:00:00,218.7,Team WE,9061313218244180837051497559158858646811270299308508261997696114745098238414,0.42,0.43,0.425,0.01,1865.53,10443.38,11734.68,447.18,1293.06,2716.48,28,36,13899.552688000002
2026-09-18 05:21:15,982573,4331477,LoL: Team WE vs JD Gaming - Game 2 Winner,map,2,2026-09-18 09:00:00,218.7,JD Gaming,93412316568558393447369938861531141407815845492045702627687438374646039250411,0.57,0.58,0.575,0.01,586.59,1585.54,3137.48,2613.97,15561.6,17759.26,36,28,13899.552688000002
2026-09-18 05:21:15,982573,4331478,LoL: Team WE vs JD Gaming - Game 3 Winner,map,3,2026-09-18 09:00:00,218.7,Team WE,59075734185870747323062647896339068768798345735884789910250736832849418334729,0.42,0.43,0.425,0.01,1748.46,5788.9,5790.75,221.8,927.78,2452.53,25,35,10443.289935999997
2026-09-18 05:21:15,982573,4331478,LoL: Team WE vs JD Gaming - Game 3 Winner,map,3,2026-09-18 09:00:00,218.7,JD Gaming,37500660245657084331639369031860463676916097652659219943216216830842159610230,0.57,0.58,0.575,0.01,290.12,1121.04,2785.54,2453.58,8591.48,8594.63,35,25,10443.289935999997
2026-09-18 05:21:15,982573,4331479,LoL: Team WE vs JD Gaming - Game 4 Winner,map,4,2026-09-18 09:00:00,218.7,Team WE,80691052854214809326719106515264914217605219336036181633274369620112133821371,0.47,0.61,0.54,0.14,54.29,236.39,236.39,72.72,403.47,403.47,13,18,
2026-09-18 05:21:15,982573,4331479,LoL: Team WE vs JD Gaming - Game 4 Winner,map,4,2026-09-18 09:00:00,218.7,JD Gaming,45849621980135139866236084775772921551194490231892728647209577042730716062625,0.39,0.53,0.46,0.14,44.88,239.13,239.13,63.31,285.87,285.87,18,13,
2026-09-18 05:21:15,982573,4331480,LoL: Team WE vs JD Gaming (BO5) - LPL Regional Finals Playoffs,series,,2026-09-18 09:00:00,218.7,Team WE,36590174590310721499058030844565262384974738546991011333755092074521980597514,0.41,0.42,0.415,0.01,27564.09,63105.13,74188.51,51657.83,59156.25,61962.81,32,46,242235.3404400002
2026-09-18 05:21:15,982573,4331480,LoL: Team WE vs JD Gaming (BO5) - LPL Regional Finals Playoffs,series,,2026-09-18 09:00:00,218.7,JD Gaming,67744481945829638317312543005094851806629911488970110063871681512449303580853,0.58,0.59,0.585,0.01,69499.69,78959.06,82219.33,40798.77,98001.01,117148.04,46,32,242235.3404400002
2026-09-18 05:21:15,982573,4331481,Games Total: O/U 3.5,total_games,,2026-09-18 09:00:00,218.7,Over,91962849062155480119007381156104522943527001376896833131919123133018437554198,0.74,0.75,0.745,0.01,956.1,5809.49,6080.16,8518.02,29931.24,31045.93,32,19,19924.891314
2026-09-18 05:21:15,982573,4331481,Games Total: O/U 3.5,total_games,,2026-09-18 09:00:00,218.7,Under,62016153694274205744971896466924860010101880823066151324323366023947768830072,0.25,0.26,0.255,0.01,2694.13,9061.31,9357.62,349.67,2241.19,2361.71,19,32,19924.891314
2026-09-18 05:21:15,982573,4331482,Games Total: O/U 4.5,total_games,,2026-09-18 09:00:00,218.7,Over,64141252723776535279533863572243597242287169602988797395052535386307705961707,0.33,0.34,0.335,0.01,5116.65,9057.07,9636.85,87.43,1471.4,11622.94,22,31,12172.432748
2026-09-18 05:21:15,982573,4331482,Games Total: O/U 4.5,total_games,,2026-09-18 09:00:00,218.7,Under,60787941284574645408897256455198781956705499239196188005736390780601879702948,0.66,0.67,0.665,0.01,169.71,2618.01,18503.3,10859.53,19979.96,21401.32,31,22,12172.432748
2026-09-18 05:21:15,982573,4331483,Game 1: Both Teams Slay Baron Nashor?,prop,1,2026-09-18 09:00:00,218.7,Yes,39714772678029890439686559884173048371971219211892603264170731115436673120626,0.08,0.32,0.2,0.24,117.89,117.89,117.89,135.53,135.53,135.53,4,10,
2026-09-18 05:21:15,982573,4331483,Game 1: Both Teams Slay Baron Nashor?,prop,1,2026-09-18 09:00:00,218.7,No,52948375182602937052609566346634770822838770282285310147700401776125439695034,0.68,0.92,0.8,0.24,287.99,287.99,287.99,1561.96,1561.96,1561.96,10,4,
2026-09-18 05:21:15,982573,4331484,Game 1: Both Teams Slay a Dragon?,prop,1,2026-09-18 09:00:00,218.7,Yes,23103993057929306486934976569184723197173691265189961317227556768851631350445,0.64,0.87,0.755,0.23,288.0,288.0,288.0,1000.73,1000.73,1000.73,9,4,
2026-09-18 05:21:15,982573,4331484,Game 1: Both Teams Slay a Dragon?,prop,1,2026-09-18 09:00:00,218.7,No,91722946303559450432812921544486757430683160067362234299030496214538641494668,0.13,0.36,0.245,0.23,136.77,136.77,136.77,162.0,162.0,162.0,4,9,
2026-09-18 05:21:15,982573,4331485,Game 1: Both Teams Destroy Inhibitors?,prop,1,2026-09-18 09:00:00,218.7,Yes,33496310638341140567289641614598313621243227379013298590125422491313191820792,0.02,0.26,0.14,0.24,1.21,1.21,1.21,101.19,101.19,101.19,2,9,
2026-09-18 05:21:15,982573,4331485,Game 1: Both Teams Destroy Inhibitors?,prop,1,2026-09-18 09:00:00,218.7,No,81980797268112496572123764802564210517169522848702877553505981575930551535897,0.74,0.98,0.86,0.24,287.99,287.99,287.99,107.28,107.28,107.28,9,2,
2026-09-18 05:21:15,982573,4331486,Game 1: Any Player Quadra Kill?,prop,1,2026-09-18 09:00:00,218.7,Yes,74222655858144934432934920784275645990416131405252677212894677782895736457599,0.02,0.98,0.5,0.96,0.25,0.25,0.25,217.75,217.75,217.75,2,2,
2026-09-18 05:21:15,982573,4331486,Game 1: Any Player Quadra Kill?,prop,1,2026-09-18 09:00:00,218.7,No,102355334580310326715461213263953789617626449575681137398366745076761275873041,0.02,0.98,0.5,0.96,2.25,2.25,2.25,19.75,19.75,19.75,2,2,
2026-09-18 05:21:15,982573,4331487,Game 1: Any Player Penta Kill?,prop,1,2026-09-18 09:00:00,218.7,Yes,13014769994116469090867062696501600744380650716090144700619505276453887115013,0.02,0.29,0.155,0.27,0.25,0.25,0.25,9.62,9.62,9.62,2,11,
2026-09-18 05:21:15,982573,4331487,Game 1: Any Player Penta Kill?,prop,1,2026-09-18 09:00:00,218.7,No,34772986514217831261938445429906557361572559134946604972801838089608825873029,0.71,0.98,0.845,0.27,23.38,23.38,23.38,19.75,19.75,19.75,11,2,
2026-09-18 05:21:15,982573,4331488,Game 1: Odd/Even Total Kills?,odd_even,1,2026-09-18 09:00:00,218.7,Odd,62660671227335510179168530333009740792016404149342951362862366700885850452264,0.49,0.51,0.5,0.02,120.16,120.16,404.77,123.66,123.66,471.53,12,12,3.92157
2026-09-18 05:21:15,982573,4331488,Game 1: Odd/Even Total Kills?,odd_even,1,2026-09-18 09:00:00,218.7,Even,86625626726360214349089907545424119804103324479702399418201773357950190113236,0.49,0.51,0.5,0.02,118.23,118.23,402.84,125.67,125.67,473.54,12,12,3.92157
2026-09-18 05:21:15,982573,4331489,Game 2: Both Teams Slay Baron Nashor?,prop,2,2026-09-18 09:00:00,218.7,Yes,41342127067487313911108938826811519336095071705270524798896840041453101934148,0.09,0.32,0.205,0.23,117.75,117.75,117.75,135.53,135.53,135.53,4,10,
2026-09-18 05:21:15,982573,4331489,Game 2: Both Teams Slay Baron Nashor?,prop,2,2026-09-18 09:00:00,218.7,No,111509972535042730010856919460410663375765216849894041182143711121105317807838,0.68,0.91,0.795,0.23,287.99,287.99,287.99,1350.75,1350.75,1350.75,10,4,
2026-09-18 05:21:15,982573,4331490,Game 2: Both Teams Slay a Dragon?,prop,2,2026-09-18 09:00:00,218.7,Yes,29671016959600544449364630377356870154094339570710597486679717974292680475171,0.64,0.87,0.755,0.23,288.0,288.0,288.0,1003.44,1003.44,1003.44,9,4,
2026-09-18 05:21:15,982573,4331490,Game 2: Both Teams Slay a Dragon?,prop,2,2026-09-18 09:00:00,218.7,No,107549784474042338846508783056825260092296231825534887840568409084429764288656,0.13,0.36,0.245,0.23,137.14,137.14,137.14,162.0,162.0,162.0,4,9,
2026-09-18 05:21:15,982573,4331491,Game 2: Both Teams Destroy Inhibitors?,prop,2,2026-09-18 09:00:00,218.7,Yes,106456649656314759426504131066603666133521683277296497028206703353498281106324,0.02,0.26,0.14,0.24,1.21,1.21,1.21,101.19,101.19,101.19,2,9,
2026-09-18 05:21:15,982573,4331491,Game 2: Both Teams Destroy Inhibitors?,prop,2,2026-09-18 09:00:00,218.7,No,58833911629740796169866837922009058593213763011498146584561469322291297036055,0.74,0.98,0.86,0.24,287.99,287.99,287.99,107.28,107.28,107.28,9,2,
2026-09-18 05:21:15,982573,4331492,Game 2: Any Player Quadra Kill?,prop,2,2026-09-18 09:00:00,218.7,Yes,14693376937511958749082437572229077947632410748994499070645100368182611544988,0.02,0.98,0.5,0.96,0.25,0.25,0.25,217.75,217.75,217.75,2,2,
2026-09-18 05:21:15,982573,4331492,Game 2: Any Player Quadra Kill?,prop,2,2026-09-18 09:00:00,218.7,No,82500810689071534610110074297536274925242701396928936307235427224609831802199,0.02,0.98,0.5,0.96,2.25,2.25,2.25,19.75,19.75,19.75,2,2,
2026-09-18 05:21:15,982573,4331493,Game 2: Any Player Penta Kill?,prop,2,2026-09-18 09:00:00,218.7,Yes,21062417474853573651308455662373881851132933973506153213234652469300839145078,0.02,0.39,0.205,0.37,0.25,0.25,0.25,14.87,14.87,14.87,2,10,
2026-09-18 05:21:15,982573,4331493,Game 2: Any Player Penta Kill?,prop,2,2026-09-18 09:00:00,218.7,No,1112864713813270086086366816431040478337710684470991408642556218969963898544,0.61,0.98,0.795,0.37,23.13,23.13,23.13,19.75,19.75,19.75,10,2,
2026-09-18 05:21:15,982573,4331494,Game 2: Odd/Even Total Kills?,odd_even,2,2026-09-18 09:00:00,218.7,Odd,99517002667051925686376408510947898862029013466946005231403812158745025296477,0.49,0.51,0.5,0.02,120.16,120.16,404.77,124.67,124.67,472.53,12,12,1.960785
2026-09-18 05:21:15,982573,4331494,Game 2: Odd/Even Total Kills?,odd_even,2,2026-09-18 09:00:00,218.7,Even,42400527170994277209918785860938065221576184220944025051907165693141973624170,0.49,0.51,0.5,0.02,119.19,119.19,403.81,125.67,125.67,473.54,12,12,1.960785
2026-09-18 05:21:15,982573,4331495,Game 3: Both Teams Slay Baron Nashor?,prop,3,2026-09-18 09:00:00,218.7,Yes,100615225469678516637100252180193807631111015863000085070839837870822686427020,0.07,0.32,0.195,0.25,116.04,116.04,116.14,135.53,135.53,135.53,4,10,
2026-09-18 05:21:15,982573,4331495,Game 3: Both Teams Slay Baron Nashor?,prop,3,2026-09-18 09:00:00,218.7,No,46955751521910111044166522228003741940207032819698140587196533197831555757819,0.68,0.93,0.805,0.25,287.99,287.99,287.99,1812.96,1812.96,1817.86,10,4,
2026-09-18 05:21:15,982573,4331496,Game 3: Both Teams Slay a Dragon?,prop,3,2026-09-18 09:00:00,218.7,Yes,4670183821119206359526023111409894551665868047432599243259637921153187172717,0.64,0.87,0.755,0.23,288.0,288.0,288.0,997.57,997.57,997.57,9,4,
2026-09-18 05:21:15,982573,4331496,Game 3: Both Teams Slay a Dragon?,prop,3,2026-09-18 09:00:00,218.7,No,38593090958733470835228420126115359981979474045804370023403299652308248831353,0.13,0.36,0.245,0.23,136.34,136.34,136.34,162.0,162.0,162.0,4,9,
2026-09-18 05:21:15,982573,4331497,Game 3: Both Teams Destroy Inhibitors?,prop,3,2026-09-18 09:00:00,218.7,Yes,1215979821663579890622109071708358072621837150074844548776910040155971388845,0.02,0.26,0.14,0.24,102.01,102.01,102.01,101.19,101.19,101.19,2,9,
2026-09-18 05:21:15,982573,4331497,Game 3: Both Teams Destroy Inhibitors?,prop,3,2026-09-18 09:00:00,218.7,No,47902518701959667302199155554102103330100135028613664566795560480906453090832,0.74,0.98,0.86,0.24,287.99,287.99,287.99,10058.66,10058.66,10058.66,9,2,
2026-09-18 05:21:15,982573,4331498,Game 3: Any Player Quadra Kill?,prop,3,2026-09-18 09:00:00,218.7,Yes,15922936496282613281609039725819938050060833441944504274041889468452173845351,0.02,0.98,0.5,0.96,0.25,0.25,0.25,217.75,217.75,217.75,2,2,
2026-09-18 05:21:15,982573,4331498,Game 3: Any Player Quadra Kill?,prop,3,2026-09-18 09:00:00,218.7,No,4678882946522200766322009748845678331259642107366239394532583463580475178637,0.02,0.98,0.5,0.96,2.25,2.25,2.25,19.75,19.75,19.75,2,2,
2026-09-18 05:21:15,982573,4331499,Game 3: Any Player Penta Kill?,prop,3,2026-09-18 09:00:00,218.7,Yes,9309073005103962031278982095369128276770828017424384726613052323281189333342,0.02,0.5,0.26,0.48,0.25,0.25,0.25,20.0,20.0,20.0,2,9,
2026-09-18 05:21:15,982573,4331499,Game 3: Any Player Penta Kill?,prop,3,2026-09-18 09:00:00,218.7,No,80165585327758137245979036517319116700233008723213890564248458303429726634558,0.5,0.98,0.74,0.48,20.0,20.0,20.0,19.75,19.75,19.75,9,2,
2026-09-18 05:21:15,982573,4331500,Game 3: Odd/Even Total Kills?,odd_even,3,2026-09-18 09:00:00,218.7,Odd,67227166389219370176016583535640582218076399796598806333396084223855869290317,0.49,0.51,0.5,0.02,120.16,120.16,404.77,124.67,124.67,472.53,12,12,1.960785
2026-09-18 05:21:15,982573,4331500,Game 3: Odd/Even Total Kills?,odd_even,3,2026-09-18 09:00:00,218.7,Even,41660594314362441933106607647414129765660258200764116580498777612534541363897,0.49,0.51,0.5,0.02,119.19,119.19,403.81,125.67,125.67,473.54,12,12,1.960785
2026-09-18 05:21:15,982573,4331501,Game 4: Both Teams Slay Baron Nashor?,prop,4,2026-09-18 09:00:00,218.7,Yes,91053150325724801816506145125208869220678169137723543082128461361971163925817,0.02,0.98,0.5,0.96,0.79,0.79,0.79,264.9,264.9,264.9,2,2,
2026-09-18 05:21:15,982573,4331501,Game 4: Both Teams Slay Baron Nashor?,prop,4,2026-09-18 09:00:00,218.7,No,33027071773225523154200955759565107620295049357510592137393254066110409348503,0.02,0.98,0.5,0.96,3.06,3.06,3.06,65.88,65.88,65.88,2,2,
2026-09-18 05:21:15,982573,4331502,Game 4: Both Teams Slay a Dragon?,prop,4,2026-09-18 09:00:00,218.7,Yes,11372936005038337682501721216571490803612687347900817169984715644306259377099,0.02,0.98,0.5,0.96,3.06,3.06,3.06,19.75,19.75,19.75,2,2,
2026-09-18 05:21:15,982573,4331502,Game 4: Both Teams Slay a Dragon?,prop,4,2026-09-18 09:00:00,218.7,No,82752337875538268962471388782753443316630480770543933929117048175580185583781,0.02,0.98,0.5,0.96,0.25,0.25,0.25,264.9,264.9,264.9,2,2,
2026-09-18 05:21:15,982573,4331503,Game 4: Both Teams Destroy Inhibitors?,prop,4,2026-09-18 09:00:00,218.7,Yes,20103698712173859903829820952687250554826574556759543553400674611829572849481,0.02,0.98,0.5,0.96,0.25,0.25,0.25,272.25,272.25,272.25,2,2,
2026-09-18 05:21:15,982573,4331503,Game 4: Both Teams Destroy Inhibitors?,prop,4,2026-09-18 09:00:00,218.7,No,89455399219037642465039359889137747095520207964874625212307664274290738519720,0.02,0.98,0.5,0.96,3.21,3.21,3.21,19.75,19.75,19.75,2,2,
2026-09-18 05:21:15,982573,4331504,Game 4: Any Player Quadra Kill?,prop,4,2026-09-18 09:00:00,218.7,Yes,86729132453151123960161711084056501143896155802958565383271950858277939481592,0.02,0.98,0.5,0.96,0.25,0.25,0.25,217.75,217.75,217.75,2,2,
2026-09-18 05:21:15,982573,4331504,Game 4: Any Player Quadra Kill?,prop,4,2026-09-18 09:00:00,218.7,No,73856923043354350516265045737626064914874772982551085294108158599421741926581,0.02,0.98,0.5,0.96,2.25,2.25,2.25,19.75,19.75,19.75,2,2,
2026-09-18 05:21:15,982573,4331505,Game 4: Any Player Penta Kill?,prop,4,2026-09-18 09:00:00,218.7,Yes,95471029785190658249271107559085277594460869785301176491064959350613116757025,0.02,0.98,0.5,0.96,0.25,0.25,0.25,217.75,217.75,217.75,2,2,
2026-09-18 05:21:15,982573,4331505,Game 4: Any Player Penta Kill?,prop,4,2026-09-18 09:00:00,218.7,No,24019258235427109283398166929535391313889484786480012416555835676599231677285,0.02,0.98,0.5,0.96,2.25,2.25,2.25,19.75,19.75,19.75,2,2,
2026-09-18 05:21:15,982573,4331506,Game 4: Odd/Even Total Kills?,odd_even,4,2026-09-18 09:00:00,218.7,Odd,27003552917149566572651639076986003725398589474350578655530128653556251939332,0.49,0.51,0.5,0.02,120.16,120.16,404.77,124.67,124.67,472.53,12,12,1.960785
2026-09-18 05:21:15,982573,4331506,Game 4: Odd/Even Total Kills?,odd_even,4,2026-09-18 09:00:00,218.7,Even,59462802745189966497150866567268369049029079546047014635357596777802395294369,0.49,0.51,0.5,0.02,119.19,119.19,403.81,125.67,125.67,473.54,12,12,1.960785
2026-09-18 05:21:15,982573,4331507,Game 5: Both Teams Slay Baron Nashor?,prop,5,2026-09-18 09:00:00,218.7,Yes,16565497011615402766708497105228173163882918964953459714245276252381037651212,0.02,0.98,0.5,0.96,1.07,1.07,1.07,217.75,217.75,217.75,2,2,
2026-09-18 05:21:15,982573,4331507,Game 5: Both Teams Slay Baron Nashor?,prop,5,2026-09-18 09:00:00,218.7,No,38321807124122496073015412591741021826554786473176894668199498825945547887256,0.02,0.98,0.5,0.96,2.25,2.25,2.25,100.68,100.68,100.68,2,2,
2026-09-18 05:21:15,982573,4331508,Game 5: Both Teams Slay a Dragon?,prop,5,2026-09-18 09:00:00,218.7,Yes,20535191153792526801040366527813270831695727763023223904907094857723775355380,0.02,0.98,0.5,0.96,2.25,2.25,2.25,19.75,19.75,19.75,2,2,
2026-09-18 05:21:15,982573,4331508,Game 5: Both Teams Slay a Dragon?,prop,5,2026-09-18 09:00:00,218.7,No,86409492549111398910751278494181292669402674004705291627353119912055691188294,0.02,0.98,0.5,0.96,0.25,0.25,0.25,217.75,217.75,217.75,2,2,
2026-09-18 05:21:15,982573,4331509,Game 5: Both Teams Destroy Inhibitors?,prop,5,2026-09-18 09:00:00,218.7,Yes,27902276393776086007716382126019733956983108519466730719262496286667998335232,0.02,0.98,0.5,0.96,1.06,1.06,1.06,272.25,272.25,272.25,2,2,
2026-09-18 05:21:15,982573,4331509,Game 5: Both Teams Destroy Inhibitors?,prop,5,2026-09-18 09:00:00,218.7,No,74915061669436794415717810374285650594908783858703913024115368106506101170366,0.02,0.98,0.5,0.96,3.21,3.21,3.21,92.5,92.5,92.5,2,2,
2026-09-18 05:21:15,982573,4331510,Game 5: Any Player Quadra Kill?,prop,5,2026-09-18 09:00:00,218.7,Yes,25041869540832405180480234921168313787573407983756820796679584613003871812951,0.04,0.98,0.51,0.94,28.64,28.89,28.89,217.75,217.75,217.75,4,2,
2026-09-18 05:21:15,982573,4331510,Game 5: Any Player Quadra Kill?,prop,5,2026-09-18 09:00:00,218.7,No,45797968991409847759584217932570718230787108245969823885558607762731892917931,0.02,0.96,0.49,0.94,2.25,2.25,2.25,773.35,793.1,793.1,2,4,
2026-09-18 05:21:15,982573,4331511,Game 5: Any Player Penta Kill?,prop,5,2026-09-18 09:00:00,218.7,Yes,99485007740689348042635473876824133818167164488540594057240662832686249230778,0.05,0.98,0.515,0.93,28.65,28.75,28.9,217.75,217.75,217.75,3,2,
2026-09-18 05:21:15,982573,4331511,Game 5: Any Player Penta Kill?,prop,5,2026-09-18 09:00:00,218.7,No,19361481950678478115150766057189926867854737408428490703221326479365721844492,0.02,0.95,0.485,0.93,2.25,2.25,2.25,544.35,549.25,564.1,2,3,
2026-09-18 05:21:15,982573,4331512,Game 5: Odd/Even Total Kills?,odd_even,5,2026-09-18 09:00:00,218.7,Odd,19633329449725162339439495816676989880358852872111155998786755722803722315128,0.49,0.51,0.5,0.02,120.16,120.16,404.77,124.67,124.67,472.53,12,12,1.960785
2026-09-18 05:21:15,982573,4331512,Game 5: Odd/Even Total Kills?,odd_even,5,2026-09-18 09:00:00,218.7,Even,49614203233114064051193983809988981047663588280821675298771106000539940224985,0.49,0.51,0.5,0.02,119.19,119.19,403.81,125.67,125.67,473.54,12,12,1.960785
2026-09-18 05:21:15,982573,4635723,Game Handicap: JDG (-2.5) vs Team WE (+2.5),handicap,,2026-09-18 09:00:00,218.7,JD Gaming,76420306826356197237793957431107175847319560977382094132279236962696362219047,0.17,0.18,0.175,0.01,228.33,318.94,586.28,125.66,322.46,641.49,17,23,1654.995537
2026-09-18 05:21:15,982573,4635723,Game Handicap: JDG (-2.5) vs Team WE (+2.5),handicap,,2026-09-18 09:00:00,218.7,Team WE,98247695638928380977804321179756526239332327454751145304390462622665077550596,0.82,0.83,0.825,0.01,560.86,1308.06,2438.94,1185.54,1705.66,3586.32,23,17,1654.995537
2026-09-18 05:21:15,982573,4635724,Game Handicap: JDG (-1.5) vs Team WE (+1.5),handicap,,2026-09-18 09:00:00,218.7,JD Gaming,77272620931295608394822902719474686399898912728194494198902796117068409845118,0.39,0.4,0.395,0.01,11725.54,12017.09,12662.09,1111.78,7662.11,7664.31,24,28,30410.471182000005
2026-09-18 05:21:15,982573,4635724,Game Handicap: JDG (-1.5) vs Team WE (+1.5),handicap,,2026-09-18 09:00:00,218.7,Team WE,100560178874606191791663147861096750564696136600853908902264433559108571664831,0.6,0.61,0.605,0.01,1655.83,10624.39,10627.19,18342.12,18849.19,20079.19,28,24,30410.471182000005
2026-09-18 05:21:15,982573,4635725,First Blood in Game 3?,first_blood,3,2026-09-18 09:00:00,218.7,Team WE,33529193244353235683517280452810839876577542819898609456430904640232796018220,0.48,0.5,0.49,0.02,21.3,155.93,155.93,22.8,159.71,159.71,12,12,
2026-09-18 05:21:15,982573,4635725,First Blood in Game 3?,first_blood,3,2026-09-18 09:00:00,218.7,JD Gaming,1346040960623821967445224639672445473158827368981485717315755152038925341562,0.5,0.52,0.51,0.02,22.2,148.58,148.58,23.7,181.74,181.74,12,12,
2026-09-18 05:21:15,982573,4635726,First Blood in Game 2?,first_blood,2,2026-09-18 09:00:00,218.7,Team WE,64247126058212563554990295665568751847788505015709435172305151370573825025041,0.48,0.5,0.49,0.02,21.3,155.93,333.46,22.8,159.71,413.55,13,13,8.814815
2026-09-18 05:21:15,982573,4635726,First Blood in Game 2?,first_blood,2,2026-09-18 09:00:00,218.7,JD Gaming,40524605988222656761821992861399507200864773020328512368182899666687727507382,0.5,0.52,0.51,0.02,22.2,148.58,356.27,23.7,181.74,407.69,13,13,8.814815
2026-09-18 05:21:15,982573,4635727,First Blood in Game 1?,first_blood,1,2026-09-18 09:00:00,218.7,Team WE,53304266088786300121273330968520878514837963955013663490302850498480286469678,0.48,0.5,0.49,0.02,21.3,155.93,299.61,22.8,159.71,159.71,14,14,9.333334
2026-09-18 05:21:15,982573,4635727,First Blood in Game 1?,first_blood,1,2026-09-18 09:00:00,218.7,JD Gaming,63617723053610587300848306449366373557109726276960283891308320624178387992851,0.5,0.52,0.51,0.02,22.2,148.58,148.58,23.7,181.74,364.62,14,14,9.333334
2026-09-18 05:21:15,982573,4635728,First Blood in Game 4?,first_blood,4,2026-09-18 09:00:00,218.7,Team WE,17602010754585184492065142341058150089829922867388598630462669288285642759212,0.47,0.98,0.725,0.51,8.79,402.97,402.97,302.84,302.84,302.84,12,2,
2026-09-18 05:21:15,982573,4635728,First Blood in Game 4?,first_blood,4,2026-09-18 09:00:00,218.7,JD Gaming,69518797345298414237811287364274582846899582584829247757272387153318353614010,0.02,0.53,0.275,0.51,3.16,3.16,3.16,10.21,511.64,511.64,2,12,
2026-09-18 05:21:15,982573,4635729,Total Kills Over/Under 27.5 in Game 2?,total_kills,2,2026-09-18 09:00:00,218.7,Over,91147325618298628137432538986130808001488666785389767077931604737261036153315,0.58,0.61,0.595,0.03,39.93,192.67,192.67,270.68,508.18,589.43,18,24,30
2026-09-18 05:21:15,982573,4635729,Total Kills Over/Under 27.5 in Game 2?,total_kills,2,2026-09-18 09:00:00,218.7,Under,3322497138540501662614164693296830539677427544117884513746415935765039188800,0.39,0.42,0.405,0.03,166.63,304.13,347.88,28.91,153.89,153.89,24,18,30
2026-09-18 05:21:15,982573,4635730,Total Kills Over/Under 27.5 in Game 3?,total_kills,3,2026-09-18 09:00:00,218.7,Over,17740018313323531352619404591061674354781620869048583802383965499613380370720,0.57,0.6,0.585,0.03,148.47,423.47,503.47,15.65,264.35,505.6,21,24,
2026-09-18 05:21:15,982573,4635730,Total Kills Over/Under 27.5 in Game 3?,total_kills,3,2026-09-18 09:00:00,218.7,Under,72637627671915546167885127644301517463939348144671175885040556049196873754332,0.4,0.43,0.415,0.03,10.35,156.81,290.56,116.28,116.28,190.12,24,20,
2026-09-18 05:21:15,982573,4635731,Total Kills Over/Under 27.5 in Game 1?,total_kills,1,2026-09-18 09:00:00,218.7,Over,43084804343609419361652521946962747691689669725316579572563934265034435504570,0.56,0.59,0.575,0.03,123.44,429.14,429.14,32.16,402.25,561.0,21,24,12.502414
2026-09-18 05:21:15,982573,4635731,Total Kills Over/Under 27.5 in Game 1?,total_kills,1,2026-09-18 09:00:00,218.7,Under,47148666758089554798881518145674719464074616339571143070940988331463259789553,0.41,0.44,0.425,0.03,21.84,254.36,345.61,100.56,366.76,366.76,24,21,12.502414
2026-09-18 05:21:15,982573,4635732,Total Kills Over/Under 27.5 in Game 4?,total_kills,4,2026-09-18 09:00:00,218.7,Over,102795125203974792660678678123285969914701801988393928679773193234759757307634,0.29,0.81,0.55,0.52,90.73,252.73,252.73,26.03,30.23,63.92,14,13,
2026-09-18 05:21:15,982573,4635732,Total Kills Over/Under 27.5 in Game 4?,total_kills,4,2026-09-18 09:00:00,218.7,Under,47759194526521083668343201452047973837046272317494193133642497445926086476927,0.19,0.71,0.45,0.52,5.97,6.77,12.48,232.55,670.55,670.55,13,14,
2026-09-18 05:21:15,982573,4635734,Total Kills Over/Under 30.5 in Game 2?,total_kills,2,2026-09-18 09:00:00,218.7,Over,10577294599616881420554588215113431557937123553532613716247440033733590817603,0.44,0.47,0.455,0.03,191.16,333.9,333.9,15.07,267.75,409.5,22,23,98.606567
2026-09-18 05:21:15,982573,4635734,Total Kills Over/Under 30.5 in Game 2?,total_kills,2,2026-09-18 09:00:00,218.7,Under,104053707391432281646579416378051909171319615200406772950659665015206476746305,0.53,0.56,0.545,0.03,16.82,274.72,407.97,252.84,449.95,449.95,23,22,98.606567
2026-09-18 05:21:15,982573,4635733,Total Kills Over/Under 30.5 in Game 3?,total_kills,3,2026-09-18 09:00:00,218.7,Over,64484331970451845252116105624794947862273146890752351804046825739125226052150,0.46,0.49,0.475,0.03,41.71,350.01,350.01,261.4,390.15,390.15,22,21,144.110686
2026-09-18 05:21:15,982573,4635733,Total Kills Over/Under 30.5 in Game 3?,total_kills,3,2026-09-18 09:00:00,218.7,Under,108325310407990742972957328632398293695621811367399273833858388890578669226885,0.51,0.54,0.525,0.03,266.97,388.22,388.22,50.48,459.15,459.15,21,22,144.110686
2026-09-18 05:21:15,982573,4635736,Total Kills Over/Under 30.5 in Game 1?,total_kills,1,2026-09-18 09:00:00,218.7,Over,32349457260489922256721836845198994086478872555664444310085895288389081700072,0.43,0.47,0.45,0.04,203.84,529.57,529.57,124.01,282.66,282.66,22,23,322.71035
2026-09-18 05:21:15,982573,4635736,Total Kills Over/Under 30.5 in Game 1?,total_kills,1,2026-09-18 09:00:00,218.7,Under,41475759221345039664930402332912212838709271075562972028905511863264889517546,0.53,0.57,0.55,0.04,134.52,297.09,297.09,279.98,761.51,761.51,23,22,322.71035
2026-09-18 05:21:15,982573,4635735,Total Kills Over/Under 30.5 in Game 4?,total_kills,4,2026-09-18 09:00:00,218.7,Over,40469553593262350511173488778948782295755464528432729113960152874603118966883,0.44,0.5,0.47,0.06,191.16,396.16,396.16,90.46,90.46,90.46,18,20,
2026-09-18 05:21:15,982573,4635735,Total Kills Over/Under 30.5 in Game 4?,total_kills,4,2026-09-18 09:00:00,218.7,Under,11001780019454736420713068231782741626995179144660322039569560785638918616771,0.5,0.56,0.53,0.06,87.38,87.38,87.38,252.84,547.84,547.84,20,18,
2026-09-18 05:26:55,982573,4331476,LoL: Team WE vs JD Gaming - Game 1 Winner,map,1,2026-09-18 09:00:00,213.1,Team WE,40745930449180776517985296017616838776773627946026056466960742451029179689887,0.43,0.44,0.435,0.01,3259.46,8271.92,8310.92,1648.83,5630.65,9166.4,30,35,27571.951649999995
2026-09-18 05:26:55,982573,4331476,LoL: Team WE vs JD Gaming - Game 1 Winner,map,1,2026-09-18 09:00:00,213.1,JD Gaming,86842978223026466862449934105595250822075305679428664631958332197768084254089,0.56,0.57,0.565,0.01,2031.15,6624.67,10407.58,4394.29,11780.91,11841.91,35,30,27571.951649999995
2026-09-18 05:26:55,982573,4331477,LoL: Team WE vs JD Gaming - Game 2 Winner,map,2,2026-09-18 09:00:00,213.1,Team WE,9061313218244180837051497559158858646811270299308508261997696114745098238414,0.42,0.43,0.425,0.01,1907.53,10471.38,10499.48,444.99,1285.49,2708.91,28,39,13899.552688000002
2026-09-18 05:26:55,982573,4331477,LoL: Team WE vs JD Gaming - Game 2 Winner,map,2,2026-09-18 09:00:00,213.1,JD Gaming,93412316568558393447369938861531141407815845492045702627687438374646039250411,0.57,0.58,0.575,0.01,583.67,1575.82,3127.76,2671.97,15598.6,15644.46,39,28,13899.552688000002
2026-09-18 05:26:55,982573,4331478,LoL: Team WE vs JD Gaming - Game 3 Winner,map,3,2026-09-18 09:00:00,213.1,Team WE,59075734185870747323062647896339068768798345735884789910250736832849418334729,0.42,0.43,0.425,0.01,1748.46,5788.9,5790.75,213.76,919.74,2444.49,28,38,10443.289935999997
2026-09-18 05:26:55,982573,4331478,LoL: Team WE vs JD Gaming - Game 3 Winner,map,3,2026-09-18 09:00:00,213.1,JD Gaming,37500660245657084331639369031860463676916097652659219943216216830842159610230,0.57,0.58,0.575,0.01,279.46,1110.38,2774.88,2453.58,8591.48,8594.63,38,28,10443.289935999997
2026-09-18 05:26:55,982573,4331479,LoL: Team WE vs JD Gaming - Game 4 Winner,map,4,2026-09-18 09:00:00,213.1,Team WE,80691052854214809326719106515264914217605219336036181633274369620112133821371,0.48,0.6,0.54,0.12,19.21,246.39,246.39,141.46,532.97,532.97,15,19,
2026-09-18 05:26:55,982573,4331479,LoL: Team WE vs JD Gaming - Game 4 Winner,map,4,2026-09-18 09:00:00,213.1,JD Gaming,45849621980135139866236084775772921551194490231892728647209577042730716062625,0.4,0.52,0.46,0.12,90.64,322.13,322.13,21.45,296.93,296.93,19,15,
2026-09-18 05:26:55,982573,4331480,LoL: Team WE vs JD Gaming (BO5) - LPL Regional Finals Playoffs,series,,2026-09-18 09:00:00,213.1,Team WE,36590174590310721499058030844565262384974738546991011333755092074521980597514,0.41,0.42,0.415,0.01,28386.37,65046.72,76130.09,51301.82,58800.24,61606.8,32,48,244578.6697130002
2026-09-18 05:26:55,982573,4331480,LoL: Team WE vs JD Gaming (BO5) - LPL Regional Finals Playoffs,series,,2026-09-18 09:00:00,213.1,JD Gaming,67744481945829638317312543005094851806629911488970110063871681512449303580853,0.58,0.59,0.585,0.01,69027.1,78486.47,81746.74,42034.74,100987.67,120134.71,48,32,244578.6697130002
2026-09-18 05:26:55,982573,4331481,Games Total: O/U 3.5,total_games,,2026-09-18 09:00:00,213.1,Over,91962849062155480119007381156104522943527001376896833131919123133018437554198,0.74,0.76,0.75,0.02,1035.28,5888.67,6165.51,27788.02,30479.6,35378.38,34,20,19924.891313999997
2026-09-18 05:26:55,982573,4331481,Games Total: O/U 3.5,total_games,,2026-09-18 09:00:00,213.1,Under,62016153694274205744971896466924860010101880823066151324323366023947768830072,0.24,0.26,0.25,0.02,8437.13,9180.52,10367.52,377.49,2269.01,2392.22,20,34,19924.891313999997
2026-09-18 05:26:55,982573,4331482,Games Total: O/U 4.5,total_games,,2026-09-18 09:00:00,213.1,Over,64141252723776535279533863572243597242287169602988797395052535386307705961707,0.33,0.34,0.335,0.01,7692.41,11569.89,12149.67,87.43,1471.4,11628.41,25,33,12201.844513000002
2026-09-18 05:26:55,982573,4331482,Games Total: O/U 4.5,total_games,,2026-09-18 09:00:00,213.1,Under,60787941284574645408897256455198781956705499239196188005736390780601879702948,0.66,0.67,0.665,0.01,169.71,2618.01,18512.23,16332.81,25306.71,26728.07,33,25,12201.844513000002
2026-09-18 05:26:55,982573,4331483,Game 1: Both Teams Slay Baron Nashor?,prop,1,2026-09-18 09:00:00,213.1,Yes,39714772678029890439686559884173048371971219211892603264170731115436673120626,0.08,0.32,0.2,0.24,115.49,115.49,115.49,135.53,135.53,135.53,3,10,
2026-09-18 05:26:55,982573,4331483,Game 1: Both Teams Slay Baron Nashor?,prop,1,2026-09-18 09:00:00,213.1,No,52948375182602937052609566346634770822838770282285310147700401776125439695034,0.68,0.92,0.8,0.24,287.99,287.99,287.99,1328.13,1328.13,1328.13,10,3,
2026-09-18 05:26:55,982573,4331484,Game 1: Both Teams Slay a Dragon?,prop,1,2026-09-18 09:00:00,213.1,Yes,23103993057929306486934976569184723197173691265189961317227556768851631350445,0.64,0.88,0.76,0.24,288.0,288.0,288.0,977.24,977.24,977.24,9,3,
2026-09-18 05:26:55,982573,4331484,Game 1: Both Teams Slay a Dragon?,prop,1,2026-09-18 09:00:00,213.1,No,91722946303559450432812921544486757430683160067362234299030496214538641494668,0.12,0.36,0.24,0.24,133.26,133.26,133.26,162.0,162.0,162.0,3,9,
2026-09-18 05:26:55,982573,4331485,Game 1: Both Teams Destroy Inhibitors?,prop,1,2026-09-18 09:00:00,213.1,Yes,33496310638341140567289641614598313621243227379013298590125422491313191820792,0.02,0.26,0.14,0.24,1.21,1.21,1.21,101.19,101.19,101.19,2,9,
2026-09-18 05:26:55,982573,4331485,Game 1: Both Teams Destroy Inhibitors?,prop,1,2026-09-18 09:00:00,213.1,No,81980797268112496572123764802564210517169522848702877553505981575930551535897,0.74,0.98,0.86,0.24,287.99,287.99,287.99,107.28,107.28,107.28,9,2,
2026-09-18 05:26:55,982573,4331486,Game 1: Any Player Quadra Kill?,prop,1,2026-09-18 09:00:00,213.1,Yes,74222655858144934432934920784275645990416131405252677212894677782895736457599,0.02,0.98,0.5,0.96,0.25,0.25,0.25,217.75,217.75,217.75,2,2,
2026-09-18 05:26:55,982573,4331486,Game 1: Any Player Quadra Kill?,prop,1,2026-09-18 09:00:00,213.1,No,102355334580310326715461213263953789617626449575681137398366745076761275873041,0.02,0.98,0.5,0.96,2.25,2.25,2.25,19.75,19.75,19.75,2,2,
2026-09-18 05:26:55,982573,4331487,Game 1: Any Player Penta Kill?,prop,1,2026-09-18 09:00:00,213.1,Yes,13014769994116469090867062696501600744380650716090144700619505276453887115013,0.02,0.29,0.155,0.27,0.25,0.25,0.25,9.62,9.62,9.62,2,11,
2026-09-18 05:26:55,982573,4331487,Game 1: Any Player Penta Kill?,prop,1,2026-09-18 09:00:00,213.1,No,34772986514217831261938445429906557361572559134946604972801838089608825873029,0.71,0.98,0.845,0.27,23.38,23.38,23.38,19.75,19.75,19.75,11,2,
2026-09-18 05:26:55,982573,4331488,Game 1: Odd/Even Total Kills?,odd_even,1,2026-09-18 09:00:00,213.1,Odd,62660671227335510179168530333009740792016404149342951362862366700885850452264,0.49,0.51,0.5,0.02,120.16,120.16,404.77,123.66,123.66,471.53,12,12,3.92157
2026-09-18 05:26:55,982573,4331488,Game 1: Odd/Even Total Kills?,odd_even,1,2026-09-18 09:00:00,213.1,Even,86625626726360214349089907545424119804103324479702399418201773357950190113236,0.49,0.51,0.5,0.02,118.23,118.23,402.84,125.67,125.67,473.54,12,12,3.92157
2026-09-18 05:26:55,982573,4331489,Game 2: Both Teams Slay Baron Nashor?,prop,2,2026-09-18 09:00:00,213.1,Yes,41342127067487313911108938826811519336095071705270524798896840041453101934148,0.08,0.32,0.2,0.24,115.32,115.32,115.32,135.53,135.53,135.53,3,10,
2026-09-18 05:26:55,982573,4331489,Game 2: Both Teams Slay Baron Nashor?,prop,2,2026-09-18 09:00:00,213.1,No,111509972535042730010856919460410663375765216849894041182143711121105317807838,0.68,0.92,0.8,0.24,287.99,287.99,287.99,1326.18,1326.18,1326.18,10,3,
2026-09-18 05:26:55,982573,4331490,Game 2: Both Teams Slay a Dragon?,prop,2,2026-09-18 09:00:00,213.1,Yes,29671016959600544449364630377356870154094339570710597486679717974292680475171,0.64,0.88,0.76,0.24,288.0,288.0,288.0,979.95,979.95,979.95,9,3,
2026-09-18 05:26:55,982573,4331490,Game 2: Both Teams Slay a Dragon?,prop,2,2026-09-18 09:00:00,213.1,No,107549784474042338846508783056825260092296231825534887840568409084429764288656,0.12,0.36,0.24,0.24,133.63,133.63,133.63,162.0,162.0,162.0,3,9,
2026-09-18 05:26:55,982573,4331491,Game 2: Both Teams Destroy Inhibitors?,prop,2,2026-09-18 09:00:00,213.1,Yes,106456649656314759426504131066603666133521683277296497028206703353498281106324,0.02,0.26,0.14,0.24,1.21,1.21,1.21,101.19,101.19,101.19,2,9,
2026-09-18 05:26:55,982573,4331491,Game 2: Both Teams Destroy Inhibitors?,prop,2,2026-09-18 09:00:00,213.1,No,58833911629740796169866837922009058593213763011498146584561469322291297036055,0.74,0.98,0.86,0.24,287.99,287.99,287.99,107.28,107.28,107.28,9,2,
2026-09-18 05:26:55,982573,4331492,Game 2: Any Player Quadra Kill?,prop,2,2026-09-18 09:00:00,213.1,Yes,14693376937511958749082437572229077947632410748994499070645100368182611544988,0.02,0.98,0.5,0.96,0.25,0.25,0.25,217.75,217.75,217.75,2,2,
2026-09-18 05:26:55,982573,4331492,Game 2: Any Player Quadra Kill?,prop,2,2026-09-18 09:00:00,213.1,No,82500810689071534610110074297536274925242701396928936307235427224609831802199,0.02,0.98,0.5,0.96,2.25,2.25,2.25,19.75,19.75,19.75,2,2,
2026-09-18 05:26:55,982573,4331493,Game 2: Any Player Penta Kill?,prop,2,2026-09-18 09:00:00,213.1,Yes,21062417474853573651308455662373881851132933973506153213234652469300839145078,0.02,0.39,0.205,0.37,0.25,0.25,0.25,14.87,14.87,14.87,2,10,
2026-09-18 05:26:55,982573,4331493,Game 2: Any Player Penta Kill?,prop,2,2026-09-18 09:00:00,213.1,No,1112864713813270086086366816431040478337710684470991408642556218969963898544,0.61,0.98,0.795,0.37,23.13,23.13,23.13,19.75,19.75,19.75,10,2,
2026-09-18 05:26:55,982573,4331494,Game 2: Odd/Even Total Kills?,odd_even,2,2026-09-18 09:00:00,213.1,Odd,99517002667051925686376408510947898862029013466946005231403812158745025296477,0.49,0.51,0.5,0.02,120.16,120.16,404.77,124.67,124.67,472.53,12,12,1.960785
2026-09-18 05:26:55,982573,4331494,Game 2: Odd/Even Total Kills?,odd_even,2,2026-09-18 09:00:00,213.1,Even,42400527170994277209918785860938065221576184220944025051907165693141973624170,0.49,0.51,0.5,0.02,119.19,119.19,403.81,125.67,125.67,473.54,12,12,1.960785
2026-09-18 05:26:55,982573,4331495,Game 3: Both Teams Slay Baron Nashor?,prop,3,2026-09-18 09:00:00,213.1,Yes,100615225469678516637100252180193807631111015863000085070839837870822686427020,0.06,0.32,0.19,0.26,113.94,113.94,115.15,135.53,135.53,135.53,3,10,
2026-09-18 05:26:55,982573,4331495,Game 3: Both Teams Slay Baron Nashor?,prop,3,2026-09-18 09:00:00,213.1,No,46955751521910111044166522228003741940207032819698140587196533197831555757819,0.68,0.94,0.81,0.26,287.99,287.99,287.99,1785.06,1785.06,1892.34,10,3,
2026-09-18 05:26:55,982573,4331496,Game 3: Both Teams Slay a Dragon?,prop,3,2026-09-18 09:00:00,213.1,Yes,4670183821119206359526023111409894551665868047432599243259637921153187172717,0.64,0.88,0.76,0.24,288.0,288.0,288.0,974.08,974.08,974.08,9,3,
2026-09-18 05:26:55,982573,4331496,Game 3: Both Teams Slay a Dragon?,prop,3,2026-09-18 09:00:00,213.1,No,38593090958733470835228420126115359981979474045804370023403299652308248831353,0.12,0.36,0.24,0.24,132.83,132.83,132.83,162.0,162.0,162.0,3,9,
2026-09-18 05:26:55,982573,4331497,Game 3: Both Teams Destroy Inhibitors?,prop,3,2026-09-18 09:00:00,213.1,Yes,1215979821663579890622109071708358072621837150074844548776910040155971388845,0.02,0.26,0.14,0.24,102.01,102.01,102.01,101.19,101.19,101.19,2,9,
2026-09-18 05:26:55,982573,4331497,Game 3: Both Teams Destroy Inhibitors?,prop,3,2026-09-18 09:00:00,213.1,No,47902518701959667302199155554102103330100135028613664566795560480906453090832,0.74,0.98,0.86,0.24,287.99,287.99,287.99,10058.66,10058.66,10058.66,9,2,
2026-09-18 05:26:55,982573,4331498,Game 3: Any Player Quadra Kill?,prop,3,2026-09-18 09:00:00,213.1,Yes,15922936496282613281609039725819938050060833441944504274041889468452173845351,0.02,0.98,0.5,0.96,0.25,0.25,0.25,217.75,217.75,217.75,2,2,
2026-09-18 05:26:55,982573,4331498,Game 3: Any Player Quadra Kill?,prop,3,2026-09-18 09:00:00,213.1,No,4678882946522200766322009748845678331259642107366239394532583463580475178637,0.02,0.98,0.5,0.96,2.25,2.25,2.25,19.75,19.75,19.75,2,2,
2026-09-18 05:26:55,982573,4331499,Game 3: Any Player Penta Kill?,prop,3,2026-09-18 09:00:00,213.1,Yes,9309073005103962031278982095369128276770828017424384726613052323281189333342,0.02,0.5,0.26,0.48,0.25,0.25,0.25,20.0,20.0,20.0,2,9,
2026-09-18 05:26:55,982573,4331499,Game 3: Any Player Penta Kill?,prop,3,2026-09-18 09:00:00,213.1,No,80165585327758137245979036517319116700233008723213890564248458303429726634558,0.5,0.98,0.74,0.48,20.0,20.0,20.0,19.75,19.75,19.75,9,2,
2026-09-18 05:26:55,982573,4331500,Game 3: Odd/Even Total Kills?,odd_even,3,2026-09-18 09:00:00,213.1,Odd,67227166389219370176016583535640582218076399796598806333396084223855869290317,0.49,0.51,0.5,0.02,120.16,120.16,404.77,124.67,124.67,472.53,12,12,1.960785
2026-09-18 05:26:55,982573,4331500,Game 3: Odd/Even Total Kills?,odd_even,3,2026-09-18 09:00:00,213.1,Even,41660594314362441933106607647414129765660258200764116580498777612534541363897,0.49,0.51,0.5,0.02,119.19,119.19,403.81,125.67,125.67,473.54,12,12,1.960785
2026-09-18 05:26:55,982573,4331501,Game 4: Both Teams Slay Baron Nashor?,prop,4,2026-09-18 09:00:00,213.1,Yes,91053150325724801816506145125208869220678169137723543082128461361971163925817,0.02,0.98,0.5,0.96,1.21,1.21,1.21,272.25,272.25,272.25,2,2,
2026-09-18 05:26:55,982573,4331501,Game 4: Both Teams Slay Baron Nashor?,prop,4,2026-09-18 09:00:00,213.1,No,33027071773225523154200955759565107620295049357510592137393254066110409348503,0.02,0.98,0.5,0.96,3.21,3.21,3.21,107.28,107.28,107.28,2,2,
2026-09-18 05:26:55,982573,4331502,Game 4: Both Teams Slay a Dragon?,prop,4,2026-09-18 09:00:00,213.1,Yes,11372936005038337682501721216571490803612687347900817169984715644306259377099,0.02,0.98,0.5,0.96,3.21,3.21,3.21,107.28,107.28,107.28,2,2,
2026-09-18 05:26:55,982573,4331502,Game 4: Both Teams Slay a Dragon?,prop,4,2026-09-18 09:00:00,213.1,No,82752337875538268962471388782753443316630480770543933929117048175580185583781,0.02,0.98,0.5,0.96,1.21,1.21,1.21,272.25,272.25,272.25,2,2,
2026-09-18 05:26:55,982573,4331503,Game 4: Both Teams Destroy Inhibitors?,prop,4,2026-09-18 09:00:00,213.1,Yes,20103698712173859903829820952687250554826574556759543553400674611829572849481,0.02,0.98,0.5,0.96,1.21,1.21,1.21,272.25,272.25,272.25,2,2,
2026-09-18 05:26:55,982573,4331503,Game 4: Both Teams Destroy Inhibitors?,prop,4,2026-09-18 09:00:00,213.1,No,89455399219037642465039359889137747095520207964874625212307664274290738519720,0.02,0.98,0.5,0.96,3.21,3.21,3.21,107.28,107.28,107.28,2,2,
2026-09-18 05:26:55,982573,4331504,Game 4: Any Player Quadra Kill?,prop,4,2026-09-18 09:00:00,213.1,Yes,86729132453151123960161711084056501143896155802958565383271950858277939481592,0.02,0.98,0.5,0.96,0.25,0.25,0.25,217.75,217.75,217.75,2,2,
2026-09-18 05:26:55,982573,4331504,Game 4: Any Player Quadra Kill?,prop,4,2026-09-18 09:00:00,213.1,No,73856923043354350516265045737626064914874772982551085294108158599421741926581,0.02,0.98,0.5,0.96,2.25,2.25,2.25,19.75,19.75,19.75,2,2,
2026-09-18 05:26:55,982573,4331505,Game 4: Any Player Penta Kill?,prop,4,2026-09-18 09:00:00,213.1,Yes,95471029785190658249271107559085277594460869785301176491064959350613116757025,0.02,0.98,0.5,0.96,0.25,0.25,0.25,217.75,217.75,217.75,2,2,
2026-09-18 05:26:55,982573,4331505,Game 4: Any Player Penta Kill?,prop,4,2026-09-18 09:00:00,213.1,No,24019258235427109283398166929535391313889484786480012416555835676599231677285,0.02,0.98,0.5,0.96,2.25,2.25,2.25,19.75,19.75,19.75,2,2,
2026-09-18 05:26:55,982573,4331506,Game 4: Odd/Even Total Kills?,odd_even,4,2026-09-18 09:00:00,213.1,Odd,27003552917149566572651639076986003725398589474350578655530128653556251939332,0.49,0.51,0.5,0.02,120.16,120.16,404.77,124.67,124.67,472.53,12,12,1.960785
2026-09-18 05:26:55,982573,4331506,Game 4: Odd/Even Total Kills?,odd_even,4,2026-09-18 09:00:00,213.1,Even,59462802745189966497150866567268369049029079546047014635357596777802395294369,0.49,0.51,0.5,0.02,119.19,119.19,403.81,125.67,125.67,473.54,12,12,1.960785
2026-09-18 05:26:55,982573,4331507,Game 5: Both Teams Slay Baron Nashor?,prop,5,2026-09-18 09:00:00,213.1,Yes,16565497011615402766708497105228173163882918964953459714245276252381037651212,0.02,0.98,0.5,0.96,1.21,1.21,1.21,272.25,272.25,272.25,2,2,
2026-09-18 05:26:55,982573,4331507,Game 5: Both Teams Slay Baron Nashor?,prop,5,2026-09-18 09:00:00,213.1,No,38321807124122496073015412591741021826554786473176894668199498825945547887256,0.02,0.98,0.5,0.96,3.21,3.21,3.21,107.66,107.66,107.66,2,2,
2026-09-18 05:26:55,982573,4331508,Game 5: Both Teams Slay a Dragon?,prop,5,2026-09-18 09:00:00,213.1,Yes,20535191153792526801040366527813270831695727763023223904907094857723775355380,0.02,0.98,0.5,0.96,3.21,3.21,3.21,107.28,107.28,107.28,2,2,
2026-09-18 05:26:55,982573,4331508,Game 5: Both Teams Slay a Dragon?,prop,5,2026-09-18 09:00:00,213.1,No,86409492549111398910751278494181292669402674004705291627353119912055691188294,0.02,0.98,0.5,0.96,1.21,1.21,1.21,272.25,272.25,272.25,2,2,
2026-09-18 05:26:55,982573,4331509,Game 5: Both Teams Destroy Inhibitors?,prop,5,2026-09-18 09:00:00,213.1,Yes,27902276393776086007716382126019733956983108519466730719262496286667998335232,0.02,0.98,0.5,0.96,1.21,1.21,1.21,272.25,272.25,272.25,2,2,
2026-09-18 05:26:55,982573,4331509,Game 5: Both Teams Destroy Inhibitors?,prop,5,2026-09-18 09:00:00,213.1,No,74915061669436794415717810374285650594908783858703913024115368106506101170366,0.02,0.98,0.5,0.96,3.21,3.21,3.21,107.27,107.27,107.27,2,2,
2026-09-18 05:26:55,982573,4331510,Game 5: Any Player Quadra Kill?,prop,5,2026-09-18 09:00:00,213.1,Yes,25041869540832405180480234921168313787573407983756820796679584613003871812951,0.04,0.98,0.51,0.94,28.64,28.89,28.89,217.75,217.75,217.75,4,2,
2026-09-18 05:26:55,982573,4331510,Game 5: Any Player Quadra Kill?,prop,5,2026-09-18 09:00:00,213.1,No,45797968991409847759584217932570718230787108245969823885558607762731892917931,0.02,0.96,0.49,0.94,2.25,2.25,2.25,773.35,793.1,793.1,2,4,
2026-09-18 05:26:55,982573,4331511,Game 5: Any Player Penta Kill?,prop,5,2026-09-18 09:00:00,213.1,Yes,99485007740689348042635473876824133818167164488540594057240662832686249230778,0.05,0.98,0.515,0.93,28.65,28.75,28.9,217.75,217.75,217.75,3,2,
2026-09-18 05:26:55,982573,4331511,Game 5: Any Player Penta Kill?,prop,5,2026-09-18 09:00:00,213.1,No,19361481950678478115150766057189926867854737408428490703221326479365721844492,0.02,0.95,0.485,0.93,2.25,2.25,2.25,544.35,549.25,564.1,2,3,
2026-09-18 05:26:55,982573,4331512,Game 5: Odd/Even Total Kills?,odd_even,5,2026-09-18 09:00:00,213.1,Odd,19633329449725162339439495816676989880358852872111155998786755722803722315128,0.49,0.51,0.5,0.02,120.16,120.16,404.77,124.67,124.67,472.53,12,12,1.960785
2026-09-18 05:26:55,982573,4331512,Game 5: Odd/Even Total Kills?,odd_even,5,2026-09-18 09:00:00,213.1,Even,49614203233114064051193983809988981047663588280821675298771106000539940224985,0.49,0.51,0.5,0.02,119.19,119.19,403.81,125.67,125.67,473.54,12,12,1.960785
2026-09-18 05:26:55,982573,4635723,Game Handicap: JDG (-2.5) vs Team WE (+2.5),handicap,,2026-09-18 09:00:00,213.1,JD Gaming,76420306826356197237793957431107175847319560977382094132279236962696362219047,0.17,0.18,0.175,0.01,228.33,318.94,584.28,125.66,322.46,641.49,17,25,1654.995537
2026-09-18 05:26:55,982573,4635723,Game Handicap: JDG (-2.5) vs Team WE (+2.5),handicap,,2026-09-18 09:00:00,213.1,Team WE,98247695638928380977804321179756526239332327454751145304390462622665077550596,0.82,0.83,0.825,0.01,560.86,1308.06,2438.94,1185.54,1705.66,3588.32,25,17,1654.995537
2026-09-18 05:26:55,982573,4635724,Game Handicap: JDG (-1.5) vs Team WE (+1.5),handicap,,2026-09-18 09:00:00,213.1,JD Gaming,77272620931295608394822902719474686399898912728194494198902796117068409845118,0.39,0.4,0.395,0.01,11725.54,12017.09,12662.09,1031.78,7482.79,7484.99,27,30,30610.471182
2026-09-18 05:26:55,982573,4635724,Game Handicap: JDG (-1.5) vs Team WE (+1.5),handicap,,2026-09-18 09:00:00,213.1,Team WE,100560178874606191791663147861096750564696136600853908902264433559108571664831,0.6,0.61,0.605,0.01,1535.83,10367.25,10370.05,18342.12,18849.19,20079.19,30,27,30610.471182
2026-09-18 05:26:55,982573,4635725,First Blood in Game 3?,first_blood,3,2026-09-18 09:00:00,213.1,Team WE,33529193244353235683517280452810839876577542819898609456430904640232796018220,0.46,0.52,0.49,0.06,134.63,312.16,312.16,136.91,136.91,136.91,13,12,
2026-09-18 05:26:55,982573,4635725,First Blood in Game 3?,first_blood,3,2026-09-18 09:00:00,213.1,JD Gaming,1346040960623821967445224639672445473158827368981485717315755152038925341562,0.48,0.54,0.51,0.06,126.38,126.38,126.38,158.04,383.99,383.99,12,13,
2026-09-18 05:26:55,982573,4635726,First Blood in Game 2?,first_blood,2,2026-09-18 09:00:00,213.1,Team WE,64247126058212563554990295665568751847788505015709435172305151370573825025041,0.47,0.51,0.49,0.04,148.73,546.26,546.26,151.21,151.21,405.05,13,12,8.814815
2026-09-18 05:26:55,982573,4635726,First Blood in Game 2?,first_blood,2,2026-09-18 09:00:00,213.1,JD Gaming,40524605988222656761821992861399507200864773020328512368182899666687727507382,0.49,0.53,0.51,0.04,140.11,140.11,347.8,173.94,679.89,679.89,12,13,8.814815
2026-09-18 05:26:55,982573,4635727,First Blood in Game 1?,first_blood,1,2026-09-18 09:00:00,213.1,Team WE,53304266088786300121273330968520878514837963955013663490302850498480286469678,0.47,0.51,0.49,0.04,148.73,512.41,512.41,152.21,422.21,489.41,13,14,9.333334
2026-09-18 05:26:55,982573,4635727,First Blood in Game 1?,first_blood,1,2026-09-18 09:00:00,213.1,JD Gaming,63617723053610587300848306449366373557109726276960283891308320624178387992851,0.49,0.53,0.51,0.04,141.08,371.08,423.88,173.94,636.82,636.82,14,13,9.333334
2026-09-18 05:26:55,982573,4635728,First Blood in Game 4?,first_blood,4,2026-09-18 09:00:00,213.1,Team WE,17602010754585184492065142341058150089829922867388598630462669288285642759212,0.45,0.98,0.715,0.53,402.73,402.73,406.83,275.09,275.09,275.09,10,2,
2026-09-18 05:26:55,982573,4635728,First Blood in Game 4?,first_blood,4,2026-09-18 09:00:00,213.1,JD Gaming,69518797345298414237811287364274582846899582584829247757272387153318353614010,0.02,0.55,0.285,0.53,3.16,3.16,3.16,511.88,511.88,517.78,2,10,
2026-09-18 05:26:55,982573,4635729,Total Kills Over/Under 27.5 in Game 2?,total_kills,2,2026-09-18 09:00:00,213.1,Over,91147325618298628137432538986130808001488666785389767077931604737261036153315,0.58,0.61,0.595,0.03,31.23,183.97,183.97,261.53,499.03,580.28,19,24,30
2026-09-18 05:26:55,982573,4635729,Total Kills Over/Under 27.5 in Game 2?,total_kills,2,2026-09-18 09:00:00,213.1,Under,3322497138540501662614164693296830539677427544117884513746415935765039188800,0.39,0.42,0.405,0.03,160.78,298.28,342.03,22.61,147.59,147.59,24,19,30
2026-09-18 05:26:55,982573,4635730,Total Kills Over/Under 27.5 in Game 3?,total_kills,3,2026-09-18 09:00:00,213.1,Over,17740018313323531352619404591061674354781620869048583802383965499613380370720,0.56,0.62,0.59,0.06,136.5,401.5,481.5,251.8,818.05,900.55,21,24,
2026-09-18 05:26:55,982573,4635730,Total Kills Over/Under 27.5 in Game 3?,total_kills,3,2026-09-18 09:00:00,213.1,Under,72637627671915546167885127644301517463939348144671175885040556049196873754332,0.38,0.44,0.41,0.06,148.36,457.11,499.61,107.25,342.25,416.09,24,21,
2026-09-18 05:26:55,982573,4635731,Total Kills Over/Under 27.5 in Game 1?,total_kills,1,2026-09-18 09:00:00,213.1,Over,43084804343609419361652521946962747691689669725316579572563934265034435504570,0.55,0.6,0.575,0.05,527.56,693.45,693.45,236.09,469.84,549.84,21,25,51.422414
2026-09-18 05:26:55,982573,4635731,Total Kills Over/Under 27.5 in Game 1?,total_kills,1,2026-09-18 09:00:00,213.1,Under,47148666758089554798881518145674719464074616339571143070940988331463259789553,0.4,0.45,0.425,0.05,151.52,292.77,337.77,436.34,583.45,583.45,25,21,51.422414
2026-09-18 05:26:55,982573,4635732,Total Kills Over/Under 27.5 in Game 4?,total_kills,4,2026-09-18 09:00:00,213.1,Over,102795125203974792660678678123285969914701801988393928679773193234759757307634,0.28,0.82,0.55,0.54,246.64,246.64,251.24,9.02,29.71,59.03,14,13,
2026-09-18 05:26:55,982573,4635732,Total Kills Over/Under 27.5 in Game 4?,total_kills,4,2026-09-18 09:00:00,213.1,Under,47759194526521083668343201452047973837046272317494193133642497445926086476927,0.18,0.72,0.45,0.54,1.98,5.69,10.3,655.64,655.64,671.04,13,14,
2026-09-18 05:26:55,982573,4635734,Total Kills Over/Under 30.5 in Game 2?,total_kills,2,2026-09-18 09:00:00,213.1,Over,10577294599616881420554588215113431557937123553532613716247440033733590817603,0.43,0.48,0.455,0.05,325.49,525.49,525.49,133.87,572.62,650.62,22,22,98.606567
2026-09-18 05:26:55,982573,4635734,Total Kills Over/Under 30.5 in Game 2?,total_kills,2,2026-09-18 09:00:00,213.1,Under,104053707391432281646579416378051909171319615200406772950659665015206476746305,0.52,0.57,0.545,0.05,139.6,575.85,647.85,439.36,739.36,739.36,22,22,98.606567
2026-09-18 05:26:55,982573,4635733,Total Kills Over/Under 30.5 in Game 3?,total_kills,3,2026-09-18 09:00:00,213.1,Over,64484331970451845252116105624794947862273146890752351804046825739125226052150,0.46,0.49,0.475,0.03,41.71,350.01,350.01,261.4,390.15,390.15,24,22,144.110686
2026-09-18 05:26:55,982573,4635733,Total Kills Over/Under 30.5 in Game 3?,total_kills,3,2026-09-18 09:00:00,213.1,Under,108325310407990742972957328632398293695621811367399273833858388890578669226885,0.51,0.54,0.525,0.03,266.97,388.22,388.22,50.48,459.15,459.15,22,24,144.110686
2026-09-18 05:26:55,982573,4635736,Total Kills Over/Under 30.5 in Game 1?,total_kills,1,2026-09-18 09:00:00,213.1,Over,32349457260489922256721836845198994086478872555664444310085895288389081700072,0.43,0.47,0.45,0.04,203.84,529.57,529.57,124.01,282.66,282.66,22,23,411.22035
2026-09-18 05:26:55,982573,4635736,Total Kills Over/Under 30.5 in Game 1?,total_kills,1,2026-09-18 09:00:00,213.1,Under,41475759221345039664930402332912212838709271075562972028905511863264889517546,0.53,0.57,0.55,0.04,134.52,297.09,297.09,279.98,761.51,761.51,23,22,411.22035
2026-09-18 05:26:55,982573,4635735,Total Kills Over/Under 30.5 in Game 4?,total_kills,4,2026-09-18 09:00:00,213.1,Over,40469553593262350511173488778948782295755464528432729113960152874603118966883,0.43,0.51,0.47,0.08,180.6,180.6,180.6,78.46,78.46,78.46,18,19,
2026-09-18 05:26:55,982573,4635735,Total Kills Over/Under 30.5 in Game 4?,total_kills,4,2026-09-18 09:00:00,213.1,Under,11001780019454736420713068231782741626995179144660322039569560785638918616771,0.49,0.57,0.53,0.08,75.38,75.38,75.38,239.4,239.4,239.4,19,18,
2026-09-18 05:32:33,982573,4331476,LoL: Team WE vs JD Gaming - Game 1 Winner,map,1,2026-09-18 09:00:00,207.4,Team WE,40745930449180776517985296017616838776773627946026056466960742451029179689887,0.43,0.44,0.435,0.01,3259.46,8271.92,8322.32,1624.85,5604.01,9139.75,32,35,27571.951649999995
2026-09-18 05:32:33,982573,4331476,LoL: Team WE vs JD Gaming - Game 1 Winner,map,1,2026-09-18 09:00:00,207.4,JD Gaming,86842978223026466862449934105595250822075305679428664631958332197768084254089,0.56,0.57,0.565,0.01,2000.31,6590.7,10373.62,4394.29,11780.91,11860.51,35,32,27571.951649999995
2026-09-18 05:32:33,982573,4331477,LoL: Team WE vs JD Gaming - Game 2 Winner,map,2,2026-09-18 09:00:00,207.4,Team WE,9061313218244180837051497559158858646811270299308508261997696114745098238414,0.42,0.43,0.425,0.01,1907.53,10491.62,10649.61,515.93,1287.49,2731.1,31,40,13899.552688000002
2026-09-18 05:32:33,982573,4331477,LoL: Team WE vs JD Gaming - Game 2 Winner,map,2,2026-09-18 09:00:00,207.4,JD Gaming,93412316568558393447369938861531141407815845492045702627687438374646039250411,0.57,0.58,0.575,0.01,674.73,1583.59,3157.87,2671.97,15629.36,15897.33,40,31,13899.552688000002
2026-09-18 05:32:33,982573,4331478,LoL: Team WE vs JD Gaming - Game 3 Winner,map,3,2026-09-18 09:00:00,207.4,Team WE,59075734185870747323062647896339068768798345735884789910250736832849418334729,0.42,0.43,0.425,0.01,1705.13,5738.11,5739.96,190.79,896.77,2397.09,28,38,10443.289935999997
2026-09-18 05:32:33,982573,4331478,LoL: Team WE vs JD Gaming - Game 3 Winner,map,3,2026-09-18 09:00:00,207.4,JD Gaming,37500660245657084331639369031860463676916097652659219943216216830842159610230,0.57,0.58,0.575,0.01,250.22,1081.14,2718.11,2392.49,8519.22,8522.37,39,29,10443.289935999997
2026-09-18 05:32:33,982573,4331479,LoL: Team WE vs JD Gaming - Game 4 Winner,map,4,2026-09-18 09:00:00,207.4,Team WE,80691052854214809326719106515264914217605219336036181633274369620112133821371,0.48,0.6,0.54,0.12,19.21,246.39,246.39,141.46,141.46,141.46,15,17,
2026-09-18 05:32:33,982573,4331479,LoL: Team WE vs JD Gaming - Game 4 Winner,map,4,2026-09-18 09:00:00,207.4,JD Gaming,45849621980135139866236084775772921551194490231892728647209577042730716062625,0.4,0.52,0.46,0.12,90.64,90.64,90.64,21.45,296.93,296.93,17,15,
2026-09-18 05:32:33,982573,4331480,LoL: Team WE vs JD Gaming (BO5) - LPL Regional Finals Playoffs,series,,2026-09-18 09:00:00,207.4,Team WE,36590174590310721499058030844565262384974738546991011333755092074521980597514,0.41,0.42,0.415,0.01,28883.38,65543.52,76441.9,55397.68,62887.31,65693.86,32,50,244578.6697130002
2026-09-18 05:32:33,982573,4331480,LoL: Team WE vs JD Gaming (BO5) - LPL Regional Finals Playoffs,series,,2026-09-18 09:00:00,207.4,JD Gaming,67744481945829638317312543005094851806629911488970110063871681512449303580853,0.58,0.59,0.585,0.01,74681.97,84130.13,87390.41,42786.42,101739.56,120571.59,50,32,244578.6697130002
2026-09-18 05:32:33,982573,4331481,Games Total: O/U 3.5,total_games,,2026-09-18 09:00:00,207.4,Over,91962849062155480119007381156104522943527001376896833131919123133018437554198,0.74,0.76,0.75,0.02,1035.28,5888.67,6157.06,27878.16,30750.65,33249.43,34,20,19924.891313999997
2026-09-18 05:32:33,982573,4331481,Games Total: O/U 3.5,total_games,,2026-09-18 09:00:00,207.4,Under,62016153694274205744971896466924860010101880823066151324323366023947768830072,0.24,0.26,0.25,0.02,8460.44,9251.92,9838.92,377.49,2269.01,2388.6,20,34,19924.891313999997
2026-09-18 05:32:33,982573,4331482,Games Total: O/U 4.5,total_games,,2026-09-18 09:00:00,207.4,Over,64141252723776535279533863572243597242287169602988797395052535386307705961707,0.33,0.34,0.335,0.01,7677.56,11555.04,12161.21,87.43,1483.2,11621.11,25,33,12201.844513000002
2026-09-18 05:32:33,982573,4331482,Games Total: O/U 4.5,total_games,,2026-09-18 09:00:00,207.4,Under,60787941284574645408897256455198781956705499239196188005736390780601879702948,0.66,0.67,0.665,0.01,169.71,2638.21,18501.44,16302.66,25276.56,26762.53,33,25,12201.844513000002
2026-09-18 05:32:33,982573,4331483,Game 1: Both Teams Slay Baron Nashor?,prop,1,2026-09-18 09:00:00,207.4,Yes,39714772678029890439686559884173048371971219211892603264170731115436673120626,0.08,0.32,0.2,0.24,115.49,115.49,115.49,135.53,135.53,135.53,3,10,
2026-09-18 05:32:33,982573,4331483,Game 1: Both Teams Slay Baron Nashor?,prop,1,2026-09-18 09:00:00,207.4,No,52948375182602937052609566346634770822838770282285310147700401776125439695034,0.68,0.92,0.8,0.24,287.99,287.99,287.99,1328.13,1328.13,1328.13,10,3,
2026-09-18 05:32:33,982573,4331484,Game 1: Both Teams Slay a Dragon?,prop,1,2026-09-18 09:00:00,207.4,Yes,23103993057929306486934976569184723197173691265189961317227556768851631350445,0.64,0.88,0.76,0.24,288.0,288.0,288.0,977.24,977.24,977.24,9,3,
2026-09-18 05:32:33,982573,4331484,Game 1: Both Teams Slay a Dragon?,prop,1,2026-09-18 09:00:00,207.4,No,91722946303559450432812921544486757430683160067362234299030496214538641494668,0.12,0.36,0.24,0.24,133.26,133.26,133.26,162.0,162.0,162.0,3,9,
2026-09-18 05:32:33,982573,4331485,Game 1: Both Teams Destroy Inhibitors?,prop,1,2026-09-18 09:00:00,207.4,Yes,33496310638341140567289641614598313621243227379013298590125422491313191820792,0.02,0.26,0.14,0.24,1.21,1.21,1.21,101.19,101.19,101.19,2,9,
2026-09-18 05:32:33,982573,4331485,Game 1: Both Teams Destroy Inhibitors?,prop,1,2026-09-18 09:00:00,207.4,No,81980797268112496572123764802564210517169522848702877553505981575930551535897,0.74,0.98,0.86,0.24,287.99,287.99,287.99,107.28,107.28,107.28,9,2,
2026-09-18 05:32:33,982573,4331486,Game 1: Any Player Quadra Kill?,prop,1,2026-09-18 09:00:00,207.4,Yes,74222655858144934432934920784275645990416131405252677212894677782895736457599,0.02,0.98,0.5,0.96,0.25,0.25,0.25,217.75,217.75,217.75,2,2,
2026-09-18 05:32:33,982573,4331486,Game 1: Any Player Quadra Kill?,prop,1,2026-09-18 09:00:00,207.4,No,102355334580310326715461213263953789617626449575681137398366745076761275873041,0.02,0.98,0.5,0.96,2.25,2.25,2.25,19.75,19.75,19.75,2,2,
2026-09-18 05:32:33,982573,4331487,Game 1: Any Player Penta Kill?,prop,1,2026-09-18 09:00:00,207.4,Yes,13014769994116469090867062696501600744380650716090144700619505276453887115013,0.02,0.29,0.155,0.27,0.25,0.25,0.25,9.62,9.62,9.62,2,11,
2026-09-18 05:32:33,982573,4331487,Game 1: Any Player Penta Kill?,prop,1,2026-09-18 09:00:00,207.4,No,34772986514217831261938445429906557361572559134946604972801838089608825873029,0.71,0.98,0.845,0.27,23.38,23.38,23.38,19.75,19.75,19.75,11,2,
2026-09-18 05:32:33,982573,4331488,Game 1: Odd/Even Total Kills?,odd_even,1,2026-09-18 09:00:00,207.4,Odd,62660671227335510179168530333009740792016404149342951362862366700885850452264,0.49,0.51,0.5,0.02,120.16,120.16,404.77,123.66,123.66,471.53,12,12,3.92157
2026-09-18 05:32:33,982573,4331488,Game 1: Odd/Even Total Kills?,odd_even,1,2026-09-18 09:00:00,207.4,Even,86625626726360214349089907545424119804103324479702399418201773357950190113236,0.49,0.51,0.5,0.02,118.23,118.23,402.84,125.67,125.67,473.54,12,12,3.92157
2026-09-18 05:32:33,982573,4331489,Game 2: Both Teams Slay Baron Nashor?,prop,2,2026-09-18 09:00:00,207.4,Yes,41342127067487313911108938826811519336095071705270524798896840041453101934148,0.08,0.32,0.2,0.24,115.32,115.32,115.32,135.53,135.53,135.53,3,10,
2026-09-18 05:32:33,982573,4331489,Game 2: Both Teams Slay Baron Nashor?,prop,2,2026-09-18 09:00:00,207.4,No,111509972535042730010856919460410663375765216849894041182143711121105317807838,0.68,0.92,0.8,0.24,287.99,287.99,287.99,1326.18,1326.18,1326.18,10,3,
2026-09-18 05:32:33,982573,4331490,Game 2: Both Teams Slay a Dragon?,prop,2,2026-09-18 09:00:00,207.4,Yes,29671016959600544449364630377356870154094339570710597486679717974292680475171,0.64,0.88,0.76,0.24,288.0,288.0,288.0,979.95,979.95,979.95,9,3,
2026-09-18 05:32:33,982573,4331490,Game 2: Both Teams Slay a Dragon?,prop,2,2026-09-18 09:00:00,207.4,No,107549784474042338846508783056825260092296231825534887840568409084429764288656,0.12,0.36,0.24,0.24,133.63,133.63,133.63,162.0,162.0,162.0,3,9,
2026-09-18 05:32:33,982573,4331491,Game 2: Both Teams Destroy Inhibitors?,prop,2,2026-09-18 09:00:00,207.4,Yes,106456649656314759426504131066603666133521683277296497028206703353498281106324,0.02,0.26,0.14,0.24,1.21,1.21,1.21,101.19,101.19,101.19,2,9,
2026-09-18 05:32:33,982573,4331491,Game 2: Both Teams Destroy Inhibitors?,prop,2,2026-09-18 09:00:00,207.4,No,58833911629740796169866837922009058593213763011498146584561469322291297036055,0.74,0.98,0.86,0.24,287.99,287.99,287.99,107.28,107.28,107.28,9,2,
2026-09-18 05:32:33,982573,4331492,Game 2: Any Player Quadra Kill?,prop,2,2026-09-18 09:00:00,207.4,Yes,14693376937511958749082437572229077947632410748994499070645100368182611544988,0.02,0.98,0.5,0.96,0.25,0.25,0.25,217.75,217.75,217.75,2,2,
2026-09-18 05:32:33,982573,4331492,Game 2: Any Player Quadra Kill?,prop,2,2026-09-18 09:00:00,207.4,No,82500810689071534610110074297536274925242701396928936307235427224609831802199,0.02,0.98,0.5,0.96,2.25,2.25,2.25,19.75,19.75,19.75,2,2,
2026-09-18 05:32:33,982573,4331493,Game 2: Any Player Penta Kill?,prop,2,2026-09-18 09:00:00,207.4,Yes,21062417474853573651308455662373881851132933973506153213234652469300839145078,0.02,0.39,0.205,0.37,0.25,0.25,0.25,14.87,14.87,14.87,2,10,
2026-09-18 05:32:33,982573,4331493,Game 2: Any Player Penta Kill?,prop,2,2026-09-18 09:00:00,207.4,No,1112864713813270086086366816431040478337710684470991408642556218969963898544,0.61,0.98,0.795,0.37,23.13,23.13,23.13,19.75,19.75,19.75,10,2,
2026-09-18 05:32:33,982573,4331494,Game 2: Odd/Even Total Kills?,odd_even,2,2026-09-18 09:00:00,207.4,Odd,99517002667051925686376408510947898862029013466946005231403812158745025296477,0.49,0.51,0.5,0.02,120.16,120.16,404.77,124.67,124.67,472.53,12,12,1.960785
2026-09-18 05:32:33,982573,4331494,Game 2: Odd/Even Total Kills?,odd_even,2,2026-09-18 09:00:00,207.4,Even,42400527170994277209918785860938065221576184220944025051907165693141973624170,0.49,0.51,0.5,0.02,119.19,119.19,403.81,125.67,125.67,473.54,12,12,1.960785
2026-09-18 05:32:33,982573,4331495,Game 3: Both Teams Slay Baron Nashor?,prop,3,2026-09-18 09:00:00,207.4,Yes,100615225469678516637100252180193807631111015863000085070839837870822686427020,0.06,0.32,0.19,0.26,113.94,113.94,115.15,135.53,135.53,135.53,3,10,
2026-09-18 05:32:33,982573,4331495,Game 3: Both Teams Slay Baron Nashor?,prop,3,2026-09-18 09:00:00,207.4,No,46955751521910111044166522228003741940207032819698140587196533197831555757819,0.68,0.94,0.81,0.26,287.99,287.99,287.99,1785.06,1785.06,1892.34,10,3,
2026-09-18 05:32:33,982573,4331496,Game 3: Both Teams Slay a Dragon?,prop,3,2026-09-18 09:00:00,207.4,Yes,4670183821119206359526023111409894551665868047432599243259637921153187172717,0.64,0.88,0.76,0.24,288.0,288.0,288.0,974.08,974.08,974.08,9,3,
2026-09-18 05:32:33,982573,4331496,Game 3: Both Teams Slay a Dragon?,prop,3,2026-09-18 09:00:00,207.4,No,38593090958733470835228420126115359981979474045804370023403299652308248831353,0.12,0.36,0.24,0.24,132.83,132.83,132.83,162.0,162.0,162.0,3,9,
2026-09-18 05:32:33,982573,4331497,Game 3: Both Teams Destroy Inhibitors?,prop,3,2026-09-18 09:00:00,207.4,Yes,1215979821663579890622109071708358072621837150074844548776910040155971388845,0.02,0.26,0.14,0.24,102.01,102.01,102.01,101.19,101.19,101.19,2,9,
2026-09-18 05:32:33,982573,4331497,Game 3: Both Teams Destroy Inhibitors?,prop,3,2026-09-18 09:00:00,207.4,No,47902518701959667302199155554102103330100135028613664566795560480906453090832,0.74,0.98,0.86,0.24,287.99,287.99,287.99,10058.66,10058.66,10058.66,9,2,
2026-09-18 05:32:33,982573,4331498,Game 3: Any Player Quadra Kill?,prop,3,2026-09-18 09:00:00,207.4,Yes,15922936496282613281609039725819938050060833441944504274041889468452173845351,0.02,0.98,0.5,0.96,0.25,0.25,0.25,217.75,217.75,217.75,2,2,
2026-09-18 05:32:33,982573,4331498,Game 3: Any Player Quadra Kill?,prop,3,2026-09-18 09:00:00,207.4,No,4678882946522200766322009748845678331259642107366239394532583463580475178637,0.02,0.98,0.5,0.96,2.25,2.25,2.25,19.75,19.75,19.75,2,2,
2026-09-18 05:32:33,982573,4331499,Game 3: Any Player Penta Kill?,prop,3,2026-09-18 09:00:00,207.4,Yes,9309073005103962031278982095369128276770828017424384726613052323281189333342,0.02,0.5,0.26,0.48,0.25,0.25,0.25,20.0,20.0,20.0,2,9,
2026-09-18 05:32:33,982573,4331499,Game 3: Any Player Penta Kill?,prop,3,2026-09-18 09:00:00,207.4,No,80165585327758137245979036517319116700233008723213890564248458303429726634558,0.5,0.98,0.74,0.48,20.0,20.0,20.0,19.75,19.75,19.75,9,2,
2026-09-18 05:32:33,982573,4331500,Game 3: Odd/Even Total Kills?,odd_even,3,2026-09-18 09:00:00,207.4,Odd,67227166389219370176016583535640582218076399796598806333396084223855869290317,0.49,0.51,0.5,0.02,120.16,120.16,404.77,124.67,124.67,472.53,12,12,1.960785
2026-09-18 05:32:33,982573,4331500,Game 3: Odd/Even Total Kills?,odd_even,3,2026-09-18 09:00:00,207.4,Even,41660594314362441933106607647414129765660258200764116580498777612534541363897,0.49,0.51,0.5,0.02,119.19,119.19,403.81,125.67,125.67,473.54,12,12,1.960785
2026-09-18 05:32:33,982573,4331501,Game 4: Both Teams Slay Baron Nashor?,prop,4,2026-09-18 09:00:00,207.4,Yes,91053150325724801816506145125208869220678169137723543082128461361971163925817,0.02,0.98,0.5,0.96,1.21,1.21,1.21,272.25,272.25,272.25,2,2,
2026-09-18 05:32:33,982573,4331501,Game 4: Both Teams Slay Baron Nashor?,prop,4,2026-09-18 09:00:00,207.4,No,33027071773225523154200955759565107620295049357510592137393254066110409348503,0.02,0.98,0.5,0.96,3.21,3.21,3.21,107.28,107.28,107.28,2,2,
2026-09-18 05:32:33,982573,4331502,Game 4: Both Teams Slay a Dragon?,prop,4,2026-09-18 09:00:00,207.4,Yes,11372936005038337682501721216571490803612687347900817169984715644306259377099,0.02,0.98,0.5,0.96,3.21,3.21,3.21,107.28,107.28,107.28,2,2,
2026-09-18 05:32:33,982573,4331502,Game 4: Both Teams Slay a Dragon?,prop,4,2026-09-18 09:00:00,207.4,No,82752337875538268962471388782753443316630480770543933929117048175580185583781,0.02,0.98,0.5,0.96,1.21,1.21,1.21,272.25,272.25,272.25,2,2,
2026-09-18 05:32:33,982573,4331503,Game 4: Both Teams Destroy Inhibitors?,prop,4,2026-09-18 09:00:00,207.4,Yes,20103698712173859903829820952687250554826574556759543553400674611829572849481,0.02,0.98,0.5,0.96,1.21,1.21,1.21,272.25,272.25,272.25,2,2,
2026-09-18 05:32:33,982573,4331503,Game 4: Both Teams Destroy Inhibitors?,prop,4,2026-09-18 09:00:00,207.4,No,89455399219037642465039359889137747095520207964874625212307664274290738519720,0.02,0.98,0.5,0.96,3.21,3.21,3.21,107.28,107.28,107.28,2,2,
2026-09-18 05:32:33,982573,4331504,Game 4: Any Player Quadra Kill?,prop,4,2026-09-18 09:00:00,207.4,Yes,86729132453151123960161711084056501143896155802958565383271950858277939481592,0.02,0.98,0.5,0.96,0.25,0.25,0.25,217.75,217.75,217.75,2,2,
2026-09-18 05:32:33,982573,4331504,Game 4: Any Player Quadra Kill?,prop,4,2026-09-18 09:00:00,207.4,No,73856923043354350516265045737626064914874772982551085294108158599421741926581,0.02,0.98,0.5,0.96,2.25,2.25,2.25,19.75,19.75,19.75,2,2,
2026-09-18 05:32:33,982573,4331505,Game 4: Any Player Penta Kill?,prop,4,2026-09-18 09:00:00,207.4,Yes,95471029785190658249271107559085277594460869785301176491064959350613116757025,0.02,0.98,0.5,0.96,0.25,0.25,0.25,217.75,217.75,217.75,2,2,
2026-09-18 05:32:33,982573,4331505,Game 4: Any Player Penta Kill?,prop,4,2026-09-18 09:00:00,207.4,No,24019258235427109283398166929535391313889484786480012416555835676599231677285,0.02,0.98,0.5,0.96,2.25,2.25,2.25,19.75,19.75,19.75,2,2,
2026-09-18 05:32:33,982573,4331506,Game 4: Odd/Even Total Kills?,odd_even,4,2026-09-18 09:00:00,207.4,Odd,27003552917149566572651639076986003725398589474350578655530128653556251939332,0.49,0.51,0.5,0.02,120.16,120.16,404.77,124.67,124.67,472.53,12,12,1.960785
2026-09-18 05:32:33,982573,4331506,Game 4: Odd/Even Total Kills?,odd_even,4,2026-09-18 09:00:00,207.4,Even,59462802745189966497150866567268369049029079546047014635357596777802395294369,0.49,0.51,0.5,0.02,119.19,119.19,403.81,125.67,125.67,473.54,12,12,1.960785
2026-09-18 05:32:33,982573,4331507,Game 5: Both Teams Slay Baron Nashor?,prop,5,2026-09-18 09:00:00,207.4,Yes,16565497011615402766708497105228173163882918964953459714245276252381037651212,0.02,0.98,0.5,0.96,1.21,1.21,1.21,272.25,272.25,272.25,2,2,
2026-09-18 05:32:33,982573,4331507,Game 5: Both Teams Slay Baron Nashor?,prop,5,2026-09-18 09:00:00,207.4,No,38321807124122496073015412591741021826554786473176894668199498825945547887256,0.02,0.98,0.5,0.96,3.21,3.21,3.21,107.66,107.66,107.66,2,2,
2026-09-18 05:32:33,982573,4331508,Game 5: Both Teams Slay a Dragon?,prop,5,2026-09-18 09:00:00,207.4,Yes,20535191153792526801040366527813270831695727763023223904907094857723775355380,0.02,0.98,0.5,0.96,3.21,3.21,3.21,107.28,107.28,107.28,2,2,
2026-09-18 05:32:33,982573,4331508,Game 5: Both Teams Slay a Dragon?,prop,5,2026-09-18 09:00:00,207.4,No,86409492549111398910751278494181292669402674004705291627353119912055691188294,0.02,0.98,0.5,0.96,1.21,1.21,1.21,272.25,272.25,272.25,2,2,
2026-09-18 05:32:33,982573,4331509,Game 5: Both Teams Destroy Inhibitors?,prop,5,2026-09-18 09:00:00,207.4,Yes,27902276393776086007716382126019733956983108519466730719262496286667998335232,0.02,0.98,0.5,0.96,1.21,1.21,1.21,272.25,272.25,272.25,2,2,
2026-09-18 05:32:33,982573,4331509,Game 5: Both Teams Destroy Inhibitors?,prop,5,2026-09-18 09:00:00,207.4,No,74915061669436794415717810374285650594908783858703913024115368106506101170366,0.02,0.98,0.5,0.96,3.21,3.21,3.21,107.27,107.27,107.27,2,2,
2026-09-18 05:32:33,982573,4331510,Game 5: Any Player Quadra Kill?,prop,5,2026-09-18 09:00:00,207.4,Yes,25041869540832405180480234921168313787573407983756820796679584613003871812951,0.04,0.98,0.51,0.94,28.64,28.89,28.89,217.75,217.75,217.75,4,2,
2026-09-18 05:32:33,982573,4331510,Game 5: Any Player Quadra Kill?,prop,5,2026-09-18 09:00:00,207.4,No,45797968991409847759584217932570718230787108245969823885558607762731892917931,0.02,0.96,0.49,0.94,2.25,2.25,2.25,773.35,793.1,793.1,2,4,
2026-09-18 05:32:33,982573,4331511,Game 5: Any Player Penta Kill?,prop,5,2026-09-18 09:00:00,207.4,Yes,99485007740689348042635473876824133818167164488540594057240662832686249230778,0.05,0.98,0.515,0.93,28.65,28.75,28.9,217.75,217.75,217.75,3,2,
2026-09-18 05:32:33,982573,4331511,Game 5: Any Player Penta Kill?,prop,5,2026-09-18 09:00:00,207.4,No,19361481950678478115150766057189926867854737408428490703221326479365721844492,0.02,0.95,0.485,0.93,2.25,2.25,2.25,544.35,549.25,564.1,2,3,
2026-09-18 05:32:33,982573,4331512,Game 5: Odd/Even Total Kills?,odd_even,5,2026-09-18 09:00:00,207.4,Odd,19633329449725162339439495816676989880358852872111155998786755722803722315128,0.49,0.51,0.5,0.02,120.16,120.16,404.77,124.67,124.67,472.53,12,12,1.960785
2026-09-18 05:32:33,982573,4331512,Game 5: Odd/Even Total Kills?,odd_even,5,2026-09-18 09:00:00,207.4,Even,49614203233114064051193983809988981047663588280821675298771106000539940224985,0.49,0.51,0.5,0.02,119.19,119.19,403.81,125.67,125.67,473.54,12,12,1.960785
2026-09-18 05:32:33,982573,4635723,Game Handicap: JDG (-2.5) vs Team WE (+2.5),handicap,,2026-09-18 09:00:00,207.4,JD Gaming,76420306826356197237793957431107175847319560977382094132279236962696362219047,0.17,0.18,0.175,0.01,237.38,327.99,593.33,133.58,416.08,638.33,17,24,1654.995537
2026-09-18 05:32:33,982573,4635723,Game Handicap: JDG (-2.5) vs Team WE (+2.5),handicap,,2026-09-18 09:00:00,207.4,Team WE,98247695638928380977804321179756526239332327454751145304390462622665077550596,0.82,0.83,0.825,0.01,596.94,1679.6,2467.35,1231.49,1751.61,3634.27,24,17,1654.995537
2026-09-18 05:32:33,982573,4635724,Game Handicap: JDG (-1.5) vs Team WE (+1.5),handicap,,2026-09-18 09:00:00,207.4,JD Gaming,77272620931295608394822902719474686399898912728194494198902796117068409845118,0.39,0.4,0.395,0.01,11725.54,12023.17,12668.17,1043.91,7494.92,7497.12,26,29,30610.471182
2026-09-18 05:32:33,982573,4635724,Game Handicap: JDG (-1.5) vs Team WE (+1.5),handicap,,2026-09-18 09:00:00,207.4,Team WE,100560178874606191791663147861096750564696136600853908902264433559108571664831,0.6,0.61,0.605,0.01,1553.61,10385.03,10387.83,18342.12,18859.84,20089.84,29,26,30610.471182
2026-09-18 05:32:33,982573,4635725,First Blood in Game 3?,first_blood,3,2026-09-18 09:00:00,207.4,Team WE,33529193244353235683517280452810839876577542819898609456430904640232796018220,0.46,0.52,0.49,0.06,134.63,312.16,312.16,136.91,136.91,136.91,13,12,
2026-09-18 05:32:33,982573,4635725,First Blood in Game 3?,first_blood,3,2026-09-18 09:00:00,207.4,JD Gaming,1346040960623821967445224639672445473158827368981485717315755152038925341562,0.48,0.54,0.51,0.06,126.38,126.38,126.38,158.04,383.99,383.99,12,13,
2026-09-18 05:32:33,982573,4635726,First Blood in Game 2?,first_blood,2,2026-09-18 09:00:00,207.4,Team WE,64247126058212563554990295665568751847788505015709435172305151370573825025041,0.47,0.51,0.49,0.04,18.14,415.67,415.67,152.21,152.21,406.05,13,12,8.814815
2026-09-18 05:32:33,982573,4635726,First Blood in Game 2?,first_blood,2,2026-09-18 09:00:00,207.4,JD Gaming,40524605988222656761821992861399507200864773020328512368182899666687727507382,0.49,0.53,0.51,0.04,141.08,141.08,348.77,20.64,526.59,526.59,12,13,8.814815
2026-09-18 05:32:33,982573,4635727,First Blood in Game 1?,first_blood,1,2026-09-18 09:00:00,207.4,Team WE,53304266088786300121273330968520878514837963955013663490302850498480286469678,0.47,0.51,0.49,0.04,148.73,512.41,512.41,152.21,422.21,489.41,13,14,9.333334
2026-09-18 05:32:33,982573,4635727,First Blood in Game 1?,first_blood,1,2026-09-18 09:00:00,207.4,JD Gaming,63617723053610587300848306449366373557109726276960283891308320624178387992851,0.49,0.53,0.51,0.04,141.08,371.08,423.88,173.94,636.82,636.82,14,13,9.333334
2026-09-18 05:32:33,982573,4635728,First Blood in Game 4?,first_blood,4,2026-09-18 09:00:00,207.4,Team WE,17602010754585184492065142341058150089829922867388598630462669288285642759212,0.45,0.98,0.715,0.53,402.73,402.73,406.83,275.09,275.09,275.09,10,2,
2026-09-18 05:32:33,982573,4635728,First Blood in Game 4?,first_blood,4,2026-09-18 09:00:00,207.4,JD Gaming,69518797345298414237811287364274582846899582584829247757272387153318353614010,0.02,0.55,0.285,0.53,3.16,3.16,3.16,511.88,511.88,517.78,2,10,
2026-09-18 05:32:33,982573,4635729,Total Kills Over/Under 27.5 in Game 2?,total_kills,2,2026-09-18 09:00:00,207.4,Over,91147325618298628137432538986130808001488666785389767077931604737261036153315,0.58,0.61,0.595,0.03,31.23,183.97,183.97,261.53,499.03,580.28,19,23,30
2026-09-18 05:32:33,982573,4635729,Total Kills Over/Under 27.5 in Game 2?,total_kills,2,2026-09-18 09:00:00,207.4,Under,3322497138540501662614164693296830539677427544117884513746415935765039188800,0.39,0.42,0.405,0.03,160.78,298.28,342.03,22.61,147.59,147.59,23,19,30
2026-09-18 05:32:33,982573,4635730,Total Kills Over/Under 27.5 in Game 3?,total_kills,3,2026-09-18 09:00:00,207.4,Over,17740018313323531352619404591061674354781620869048583802383965499613380370720,0.56,0.62,0.59,0.06,419.78,419.78,499.78,255.37,826.47,908.97,20,23,
2026-09-18 05:32:33,982573,4635730,Total Kills Over/Under 27.5 in Game 3?,total_kills,3,2026-09-18 09:00:00,207.4,Under,72637627671915546167885127644301517463939348144671175885040556049196873754332,0.38,0.44,0.41,0.06,150.55,461.91,504.41,338.89,338.89,412.73,23,20,
2026-09-18 05:32:33,982573,4635731,Total Kills Over/Under 27.5 in Game 1?,total_kills,1,2026-09-18 09:00:00,207.4,Over,43084804343609419361652521946962747691689669725316579572563934265034435504570,0.56,0.59,0.575,0.03,143.3,449.0,449.0,25.05,413.44,572.19,21,24,51.422414
2026-09-18 05:32:33,982573,4635731,Total Kills Over/Under 27.5 in Game 1?,total_kills,1,2026-09-18 09:00:00,207.4,Under,47148666758089554798881518145674719464074616339571143070940988331463259789553,0.41,0.44,0.425,0.03,16.8,261.01,352.26,116.7,382.9,382.9,24,21,51.422414
2026-09-18 05:32:33,982573,4635732,Total Kills Over/Under 27.5 in Game 4?,total_kills,4,2026-09-18 09:00:00,207.4,Over,102795125203974792660678678123285969914701801988393928679773193234759757307634,0.28,0.82,0.55,0.54,383.76,383.76,388.36,9.02,29.71,59.03,15,13,
2026-09-18 05:32:33,982573,4635732,Total Kills Over/Under 27.5 in Game 4?,total_kills,4,2026-09-18 09:00:00,207.4,Under,47759194526521083668343201452047973837046272317494193133642497445926086476927,0.18,0.72,0.45,0.54,1.98,5.69,10.3,1008.24,1008.24,1023.64,13,15,
2026-09-18 05:32:33,982573,4635734,Total Kills Over/Under 30.5 in Game 2?,total_kills,2,2026-09-18 09:00:00,207.4,Over,10577294599616881420554588215113431557937123553532613716247440033733590817603,0.43,0.48,0.455,0.05,325.49,525.49,525.49,133.87,572.62,650.62,22,21,98.606567
2026-09-18 05:32:33,982573,4635734,Total Kills Over/Under 30.5 in Game 2?,total_kills,2,2026-09-18 09:00:00,207.4,Under,104053707391432281646579416378051909171319615200406772950659665015206476746305,0.52,0.57,0.545,0.05,139.6,575.85,647.85,439.36,739.36,739.36,21,22,98.606567
2026-09-18 05:32:33,982573,4635733,Total Kills Over/Under 30.5 in Game 3?,total_kills,3,2026-09-18 09:00:00,207.4,Over,64484331970451845252116105624794947862273146890752351804046825739125226052150,0.46,0.49,0.475,0.03,48.16,356.46,356.46,270.34,399.09,399.09,23,20,144.110686
2026-09-18 05:32:33,982573,4635733,Total Kills Over/Under 30.5 in Game 3?,total_kills,3,2026-09-18 09:00:00,207.4,Under,108325310407990742972957328632398293695621811367399273833858388890578669226885,0.51,0.54,0.525,0.03,276.09,397.34,397.34,58.23,466.9,466.9,20,23,144.110686
2026-09-18 05:32:33,982573,4635736,Total Kills Over/Under 30.5 in Game 1?,total_kills,1,2026-09-18 09:00:00,207.4,Over,32349457260489922256721836845198994086478872555664444310085895288389081700072,0.44,0.46,0.45,0.02,35.84,327.96,337.96,6.64,226.55,294.65,22,23,411.22035
2026-09-18 05:32:33,982573,4635736,Total Kills Over/Under 30.5 in Game 1?,total_kills,1,2026-09-18 09:00:00,207.4,Under,41475759221345039664930402332912212838709271075562972028905511863264889517546,0.54,0.56,0.55,0.02,7.6,241.6,309.69,47.32,457.46,472.46,23,22,411.22035
2026-09-18 05:32:33,982573,4635735,Total Kills Over/Under 30.5 in Game 4?,total_kills,4,2026-09-18 09:00:00,207.4,Over,40469553593262350511173488778948782295755464528432729113960152874603118966883,0.44,0.5,0.47,0.06,206.7,411.7,411.7,88.04,88.04,88.04,19,19,
2026-09-18 05:32:33,982573,4635735,Total Kills Over/Under 30.5 in Game 4?,total_kills,4,2026-09-18 09:00:00,207.4,Under,11001780019454736420713068231782741626995179144660322039569560785638918616771,0.5,0.56,0.53,0.06,84.72,84.72,84.72,273.3,568.3,568.3,19,19,
2026-09-18 05:38:14,982573,4331476,LoL: Team WE vs JD Gaming - Game 1 Winner,map,1,2026-09-18 09:00:00,201.8,Team WE,40745930449180776517985296017616838776773627946026056466960742451029179689887,0.43,0.44,0.435,0.01,3787.33,8503.87,8515.27,1574.86,5577.69,9257.43,29,38,27907.300740999995
2026-09-18 05:38:14,982573,4331476,LoL: Team WE vs JD Gaming - Game 1 Winner,map,1,2026-09-18 09:00:00,201.8,JD Gaming,86842978223026466862449934105595250822075305679428664631958332197768084254089,0.56,0.57,0.565,0.01,1930.44,6548.61,10487.53,5096.24,12038.96,12057.56,38,29,27907.300740999995
2026-09-18 05:38:14,982573,4331477,LoL: Team WE vs JD Gaming - Game 2 Winner,map,2,2026-09-18 09:00:00,201.8,Team WE,9061313218244180837051497559158858646811270299308508261997696114745098238414,0.42,0.43,0.425,0.01,1908.03,10454.12,11348.04,421.31,1192.87,2636.48,30,41,13899.552688000002
2026-09-18 05:38:14,982573,4331477,LoL: Team WE vs JD Gaming - Game 2 Winner,map,2,2026-09-18 09:00:00,201.8,JD Gaming,93412316568558393447369938861531141407815845492045702627687438374646039250411,0.57,0.58,0.575,0.01,547.93,1456.79,3031.07,2671.47,15566.86,17087.9,41,30,13899.552688000002
2026-09-18 05:38:14,982573,4331478,LoL: Team WE vs JD Gaming - Game 3 Winner,map,3,2026-09-18 09:00:00,201.8,Team WE,59075734185870747323062647896339068768798345735884789910250736832849418334729,0.42,0.43,0.425,0.01,1705.13,5738.11,5739.96,43.51,779.31,2258.92,28,37,10445.615517999997
2026-09-18 05:38:14,982573,4331478,LoL: Team WE vs JD Gaming - Game 3 Winner,map,3,2026-09-18 09:00:00,201.8,JD Gaming,37500660245657084331639369031860463676916097652659219943216216830842159610230,0.57,0.58,0.575,0.01,57.18,922.28,2535.89,2392.49,8519.22,8522.37,37,28,10445.615517999997
2026-09-18 05:38:14,982573,4331479,LoL: Team WE vs JD Gaming - Game 4 Winner,map,4,2026-09-18 09:00:00,201.8,Team WE,80691052854214809326719106515264914217605219336036181633274369620112133821371,0.48,0.59,0.535,0.11,20.22,251.2,251.2,32.7,154.7,154.7,15,18,
2026-09-18 05:38:14,982573,4331479,LoL: Team WE vs JD Gaming - Game 4 Winner,map,4,2026-09-18 09:00:00,201.8,JD Gaming,45849621980135139866236084775772921551194490231892728647209577042730716062625,0.41,0.52,0.465,0.11,22.0,100.0,100.0,22.57,302.52,302.52,18,15,
2026-09-18 05:38:14,982573,4331480,LoL: Team WE vs JD Gaming (BO5) - LPL Regional Finals Playoffs,series,,2026-09-18 09:00:00,201.8,Team WE,36590174590310721499058030844565262384974738546991011333755092074521980597514,0.41,0.42,0.415,0.01,29309.65,65691.86,76590.24,54683.67,62182.09,65596.65,33,47,247523.2576870002
2026-09-18 05:38:14,982573,4331480,LoL: Team WE vs JD Gaming (BO5) - LPL Regional Finals Playoffs,series,,2026-09-18 09:00:00,201.8,JD Gaming,67744481945829638317312543005094851806629911488970110063871681512449303580853,0.58,0.59,0.585,0.01,73696.42,83155.79,87108.06,43376.67,101867.92,120699.95,47,33,247523.2576870002
2026-09-18 05:38:14,982573,4331481,Games Total: O/U 3.5,total_games,,2026-09-18 09:00:00,201.8,Over,91962849062155480119007381156104522943527001376896833131919123133018437554198,0.74,0.76,0.75,0.02,1053.78,5907.17,6175.56,27878.16,31006.88,33505.67,34,20,20593.333808999992
2026-09-18 05:38:14,982573,4331481,Games Total: O/U 3.5,total_games,,2026-09-18 09:00:00,201.8,Under,62016153694274205744971896466924860010101880823066151324323366023947768830072,0.24,0.26,0.25,0.02,8460.44,9320.04,9907.03,383.99,2275.51,2395.1,20,34,20593.333808999992
2026-09-18 05:38:14,982573,4331482,Games Total: O/U 4.5,total_games,,2026-09-18 09:00:00,201.8,Over,64141252723776535279533863572243597242287169602988797395052535386307705961707,0.33,0.34,0.335,0.01,7679.21,11556.69,12162.86,141.68,1537.45,11675.36,25,34,12246.844513000002
2026-09-18 05:38:14,982573,4331482,Games Total: O/U 4.5,total_games,,2026-09-18 09:00:00,201.8,Under,60787941284574645408897256455198781956705499239196188005736390780601879702948,0.66,0.67,0.665,0.01,270.46,2738.96,18602.19,16306.01,25279.91,26765.88,34,25,12246.844513000002
2026-09-18 05:38:14,982573,4331483,Game 1: Both Teams Slay Baron Nashor?,prop,1,2026-09-18 09:00:00,201.8,Yes,39714772678029890439686559884173048371971219211892603264170731115436673120626,0.08,0.32,0.2,0.24,115.49,115.49,115.49,135.53,135.53,135.53,3,10,
2026-09-18 05:38:14,982573,4331483,Game 1: Both Teams Slay Baron Nashor?,prop,1,2026-09-18 09:00:00,201.8,No,52948375182602937052609566346634770822838770282285310147700401776125439695034,0.68,0.92,0.8,0.24,287.99,287.99,287.99,1328.13,1328.13,1328.13,10,3,
2026-09-18 05:38:14,982573,4331484,Game 1: Both Teams Slay a Dragon?,prop,1,2026-09-18 09:00:00,201.8,Yes,23103993057929306486934976569184723197173691265189961317227556768851631350445,0.64,0.88,0.76,0.24,288.0,288.0,288.0,977.24,977.24,977.24,9,3,
2026-09-18 05:38:14,982573,4331484,Game 1: Both Teams Slay a Dragon?,prop,1,2026-09-18 09:00:00,201.8,No,91722946303559450432812921544486757430683160067362234299030496214538641494668,0.12,0.36,0.24,0.24,133.26,133.26,133.26,162.0,162.0,162.0,3,9,
2026-09-18 05:38:14,982573,4331485,Game 1: Both Teams Destroy Inhibitors?,prop,1,2026-09-18 09:00:00,201.8,Yes,33496310638341140567289641614598313621243227379013298590125422491313191820792,0.02,0.26,0.14,0.24,1.21,1.21,1.21,101.19,101.19,101.19,2,9,
2026-09-18 05:38:14,982573,4331485,Game 1: Both Teams Destroy Inhibitors?,prop,1,2026-09-18 09:00:00,201.8,No,81980797268112496572123764802564210517169522848702877553505981575930551535897,0.74,0.98,0.86,0.24,287.99,287.99,287.99,107.28,107.28,107.28,9,2,
2026-09-18 05:38:14,982573,4331486,Game 1: Any Player Quadra Kill?,prop,1,2026-09-18 09:00:00,201.8,Yes,74222655858144934432934920784275645990416131405252677212894677782895736457599,0.02,0.98,0.5,0.96,0.25,0.25,0.25,217.75,217.75,217.75,2,2,
2026-09-18 05:38:14,982573,4331486,Game 1: Any Player Quadra Kill?,prop,1,2026-09-18 09:00:00,201.8,No,102355334580310326715461213263953789617626449575681137398366745076761275873041,0.02,0.98,0.5,0.96,2.25,2.25,2.25,19.75,19.75,19.75,2,2,
2026-09-18 05:38:14,982573,4331487,Game 1: Any Player Penta Kill?,prop,1,2026-09-18 09:00:00,201.8,Yes,13014769994116469090867062696501600744380650716090144700619505276453887115013,0.02,0.29,0.155,0.27,0.25,0.25,0.25,9.62,9.62,9.62,2,11,
2026-09-18 05:38:14,982573,4331487,Game 1: Any Player Penta Kill?,prop,1,2026-09-18 09:00:00,201.8,No,34772986514217831261938445429906557361572559134946604972801838089608825873029,0.71,0.98,0.845,0.27,23.38,23.38,23.38,19.75,19.75,19.75,11,2,
2026-09-18 05:38:14,982573,4331488,Game 1: Odd/Even Total Kills?,odd_even,1,2026-09-18 09:00:00,201.8,Odd,62660671227335510179168530333009740792016404149342951362862366700885850452264,0.49,0.51,0.5,0.02,120.16,120.16,404.77,123.66,123.66,471.53,12,12,3.92157
2026-09-18 05:38:14,982573,4331488,Game 1: Odd/Even Total Kills?,odd_even,1,2026-09-18 09:00:00,201.8,Even,86625626726360214349089907545424119804103324479702399418201773357950190113236,0.49,0.51,0.5,0.02,118.23,118.23,402.84,125.67,125.67,473.54,12,12,3.92157
2026-09-18 05:38:14,982573,4331489,Game 2: Both Teams Slay Baron Nashor?,prop,2,2026-09-18 09:00:00,201.8,Yes,41342127067487313911108938826811519336095071705270524798896840041453101934148,0.08,0.32,0.2,0.24,115.32,115.32,115.32,135.53,135.53,135.53,3,10,
2026-09-18 05:38:14,982573,4331489,Game 2: Both Teams Slay Baron Nashor?,prop,2,2026-09-18 09:00:00,201.8,No,111509972535042730010856919460410663375765216849894041182143711121105317807838,0.68,0.92,0.8,0.24,287.99,287.99,287.99,1326.18,1326.18,1326.18,10,3,
2026-09-18 05:38:14,982573,4331490,Game 2: Both Teams Slay a Dragon?,prop,2,2026-09-18 09:00:00,201.8,Yes,29671016959600544449364630377356870154094339570710597486679717974292680475171,0.64,0.88,0.76,0.24,288.0,288.0,288.0,979.95,979.95,979.95,9,3,
2026-09-18 05:38:14,982573,4331490,Game 2: Both Teams Slay a Dragon?,prop,2,2026-09-18 09:00:00,201.8,No,107549784474042338846508783056825260092296231825534887840568409084429764288656,0.12,0.36,0.24,0.24,133.63,133.63,133.63,162.0,162.0,162.0,3,9,
2026-09-18 05:38:14,982573,4331491,Game 2: Both Teams Destroy Inhibitors?,prop,2,2026-09-18 09:00:00,201.8,Yes,106456649656314759426504131066603666133521683277296497028206703353498281106324,0.02,0.26,0.14,0.24,1.21,1.21,1.21,101.19,101.19,101.19,2,9,
2026-09-18 05:38:14,982573,4331491,Game 2: Both Teams Destroy Inhibitors?,prop,2,2026-09-18 09:00:00,201.8,No,58833911629740796169866837922009058593213763011498146584561469322291297036055,0.74,0.98,0.86,0.24,287.99,287.99,287.99,107.28,107.28,107.28,9,2,
2026-09-18 05:38:14,982573,4331492,Game 2: Any Player Quadra Kill?,prop,2,2026-09-18 09:00:00,201.8,Yes,14693376937511958749082437572229077947632410748994499070645100368182611544988,0.02,0.98,0.5,0.96,0.25,0.25,0.25,217.75,217.75,217.75,2,2,
2026-09-18 05:38:14,982573,4331492,Game 2: Any Player Quadra Kill?,prop,2,2026-09-18 09:00:00,201.8,No,82500810689071534610110074297536274925242701396928936307235427224609831802199,0.02,0.98,0.5,0.96,2.25,2.25,2.25,19.75,19.75,19.75,2,2,
2026-09-18 05:38:14,982573,4331493,Game 2: Any Player Penta Kill?,prop,2,2026-09-18 09:00:00,201.8,Yes,21062417474853573651308455662373881851132933973506153213234652469300839145078,0.02,0.39,0.205,0.37,0.25,0.25,0.25,14.87,14.87,14.87,2,10,
2026-09-18 05:38:14,982573,4331493,Game 2: Any Player Penta Kill?,prop,2,2026-09-18 09:00:00,201.8,No,1112864713813270086086366816431040478337710684470991408642556218969963898544,0.61,0.98,0.795,0.37,23.13,23.13,23.13,19.75,19.75,19.75,10,2,
2026-09-18 05:38:14,982573,4331494,Game 2: Odd/Even Total Kills?,odd_even,2,2026-09-18 09:00:00,201.8,Odd,99517002667051925686376408510947898862029013466946005231403812158745025296477,0.49,0.51,0.5,0.02,120.16,120.16,404.77,124.67,124.67,472.53,12,12,1.960785
2026-09-18 05:38:14,982573,4331494,Game 2: Odd/Even Total Kills?,odd_even,2,2026-09-18 09:00:00,201.8,Even,42400527170994277209918785860938065221576184220944025051907165693141973624170,0.49,0.51,0.5,0.02,119.19,119.19,403.81,125.67,125.67,473.54,12,12,1.960785
2026-09-18 05:38:14,982573,4331495,Game 3: Both Teams Slay Baron Nashor?,prop,3,2026-09-18 09:00:00,201.8,Yes,100615225469678516637100252180193807631111015863000085070839837870822686427020,0.06,0.32,0.19,0.26,113.94,113.94,115.15,135.53,135.53,135.53,3,10,
2026-09-18 05:38:14,982573,4331495,Game 3: Both Teams Slay Baron Nashor?,prop,3,2026-09-18 09:00:00,201.8,No,46955751521910111044166522228003741940207032819698140587196533197831555757819,0.68,0.94,0.81,0.26,287.99,287.99,287.99,1785.06,1785.06,1892.34,10,3,
2026-09-18 05:38:14,982573,4331496,Game 3: Both Teams Slay a Dragon?,prop,3,2026-09-18 09:00:00,201.8,Yes,4670183821119206359526023111409894551665868047432599243259637921153187172717,0.64,0.88,0.76,0.24,288.0,288.0,288.0,974.08,974.08,974.08,9,3,
2026-09-18 05:38:14,982573,4331496,Game 3: Both Teams Slay a Dragon?,prop,3,2026-09-18 09:00:00,201.8,No,38593090958733470835228420126115359981979474045804370023403299652308248831353,0.12,0.36,0.24,0.24,132.83,132.83,132.83,162.0,162.0,162.0,3,9,
2026-09-18 05:38:14,982573,4331497,Game 3: Both Teams Destroy Inhibitors?,prop,3,2026-09-18 09:00:00,201.8,Yes,1215979821663579890622109071708358072621837150074844548776910040155971388845,0.02,0.26,0.14,0.24,102.01,102.01,102.01,101.19,101.19,101.19,2,9,
2026-09-18 05:38:14,982573,4331497,Game 3: Both Teams Destroy Inhibitors?,prop,3,2026-09-18 09:00:00,201.8,No,47902518701959667302199155554102103330100135028613664566795560480906453090832,0.74,0.98,0.86,0.24,287.99,287.99,287.99,10058.66,10058.66,10058.66,9,2,
2026-09-18 05:38:14,982573,4331498,Game 3: Any Player Quadra Kill?,prop,3,2026-09-18 09:00:00,201.8,Yes,15922936496282613281609039725819938050060833441944504274041889468452173845351,0.02,0.98,0.5,0.96,0.25,0.25,0.25,217.75,217.75,217.75,2,2,
2026-09-18 05:38:14,982573,4331498,Game 3: Any Player Quadra Kill?,prop,3,2026-09-18 09:00:00,201.8,No,4678882946522200766322009748845678331259642107366239394532583463580475178637,0.02,0.98,0.5,0.96,2.25,2.25,2.25,19.75,19.75,19.75,2,2,
2026-09-18 05:38:14,982573,4331499,Game 3: Any Player Penta Kill?,prop,3,2026-09-18 09:00:00,201.8,Yes,9309073005103962031278982095369128276770828017424384726613052323281189333342,0.02,0.5,0.26,0.48,0.25,0.25,0.25,20.0,20.0,20.0,2,9,
2026-09-18 05:38:14,982573,4331499,Game 3: Any Player Penta Kill?,prop,3,2026-09-18 09:00:00,201.8,No,80165585327758137245979036517319116700233008723213890564248458303429726634558,0.5,0.98,0.74,0.48,20.0,20.0,20.0,19.75,19.75,19.75,9,2,
2026-09-18 05:38:14,982573,4331500,Game 3: Odd/Even Total Kills?,odd_even,3,2026-09-18 09:00:00,201.8,Odd,67227166389219370176016583535640582218076399796598806333396084223855869290317,0.49,0.51,0.5,0.02,120.16,120.16,404.77,124.67,124.67,472.53,12,12,1.960785
2026-09-18 05:38:14,982573,4331500,Game 3: Odd/Even Total Kills?,odd_even,3,2026-09-18 09:00:00,201.8,Even,41660594314362441933106607647414129765660258200764116580498777612534541363897,0.49,0.51,0.5,0.02,119.19,119.19,403.81,125.67,125.67,473.54,12,12,1.960785
2026-09-18 05:38:14,982573,4331501,Game 4: Both Teams Slay Baron Nashor?,prop,4,2026-09-18 09:00:00,201.8,Yes,91053150325724801816506145125208869220678169137723543082128461361971163925817,0.02,0.98,0.5,0.96,1.21,1.21,1.21,272.25,272.25,272.25,2,2,
2026-09-18 05:38:14,982573,4331501,Game 4: Both Teams Slay Baron Nashor?,prop,4,2026-09-18 09:00:00,201.8,No,33027071773225523154200955759565107620295049357510592137393254066110409348503,0.02,0.98,0.5,0.96,3.21,3.21,3.21,107.28,107.28,107.28,2,2,
2026-09-18 05:38:14,982573,4331502,Game 4: Both Teams Slay a Dragon?,prop,4,2026-09-18 09:00:00,201.8,Yes,11372936005038337682501721216571490803612687347900817169984715644306259377099,0.02,0.98,0.5,0.96,3.21,3.21,3.21,107.28,107.28,107.28,2,2,
2026-09-18 05:38:14,982573,4331502,Game 4: Both Teams Slay a Dragon?,prop,4,2026-09-18 09:00:00,201.8,No,82752337875538268962471388782753443316630480770543933929117048175580185583781,0.02,0.98,0.5,0.96,1.21,1.21,1.21,272.25,272.25,272.25,2,2,
2026-09-18 05:38:14,982573,4331503,Game 4: Both Teams Destroy Inhibitors?,prop,4,2026-09-18 09:00:00,201.8,Yes,20103698712173859903829820952687250554826574556759543553400674611829572849481,0.02,0.98,0.5,0.96,1.21,1.21,1.21,272.25,272.25,272.25,2,2,
2026-09-18 05:38:14,982573,4331503,Game 4: Both Teams Destroy Inhibitors?,prop,4,2026-09-18 09:00:00,201.8,No,89455399219037642465039359889137747095520207964874625212307664274290738519720,0.02,0.98,0.5,0.96,3.21,3.21,3.21,107.28,107.28,107.28,2,2,
2026-09-18 05:38:14,982573,4331504,Game 4: Any Player Quadra Kill?,prop,4,2026-09-18 09:00:00,201.8,Yes,86729132453151123960161711084056501143896155802958565383271950858277939481592,0.02,0.98,0.5,0.96,0.25,0.25,0.25,217.75,217.75,217.75,2,2,
2026-09-18 05:38:14,982573,4331504,Game 4: Any Player Quadra Kill?,prop,4,2026-09-18 09:00:00,201.8,No,73856923043354350516265045737626064914874772982551085294108158599421741926581,0.02,0.98,0.5,0.96,2.25,2.25,2.25,19.75,19.75,19.75,2,2,
2026-09-18 05:38:14,982573,4331505,Game 4: Any Player Penta Kill?,prop,4,2026-09-18 09:00:00,201.8,Yes,95471029785190658249271107559085277594460869785301176491064959350613116757025,0.02,0.98,0.5,0.96,0.25,0.25,0.25,217.75,217.75,217.75,2,2,
2026-09-18 05:38:14,982573,4331505,Game 4: Any Player Penta Kill?,prop,4,2026-09-18 09:00:00,201.8,No,24019258235427109283398166929535391313889484786480012416555835676599231677285,0.02,0.98,0.5,0.96,2.25,2.25,2.25,19.75,19.75,19.75,2,2,
2026-09-18 05:38:14,982573,4331506,Game 4: Odd/Even Total Kills?,odd_even,4,2026-09-18 09:00:00,201.8,Odd,27003552917149566572651639076986003725398589474350578655530128653556251939332,0.49,0.51,0.5,0.02,120.16,120.16,404.77,124.67,124.67,472.53,12,12,1.960785
2026-09-18 05:38:14,982573,4331506,Game 4: Odd/Even Total Kills?,odd_even,4,2026-09-18 09:00:00,201.8,Even,59462802745189966497150866567268369049029079546047014635357596777802395294369,0.49,0.51,0.5,0.02,119.19,119.19,403.81,125.67,125.67,473.54,12,12,1.960785
2026-09-18 05:38:14,982573,4331507,Game 5: Both Teams Slay Baron Nashor?,prop,5,2026-09-18 09:00:00,201.8,Yes,16565497011615402766708497105228173163882918964953459714245276252381037651212,0.02,0.98,0.5,0.96,1.21,1.21,1.21,272.25,272.25,272.25,2,2,
2026-09-18 05:38:14,982573,4331507,Game 5: Both Teams Slay Baron Nashor?,prop,5,2026-09-18 09:00:00,201.8,No,38321807124122496073015412591741021826554786473176894668199498825945547887256,0.02,0.98,0.5,0.96,3.21,3.21,3.21,107.66,107.66,107.66,2,2,
2026-09-18 05:38:14,982573,4331508,Game 5: Both Teams Slay a Dragon?,prop,5,2026-09-18 09:00:00,201.8,Yes,20535191153792526801040366527813270831695727763023223904907094857723775355380,0.02,0.98,0.5,0.96,3.21,3.21,3.21,107.28,107.28,107.28,2,2,
2026-09-18 05:38:14,982573,4331508,Game 5: Both Teams Slay a Dragon?,prop,5,2026-09-18 09:00:00,201.8,No,86409492549111398910751278494181292669402674004705291627353119912055691188294,0.02,0.98,0.5,0.96,1.21,1.21,1.21,272.25,272.25,272.25,2,2,
2026-09-18 05:38:14,982573,4331509,Game 5: Both Teams Destroy Inhibitors?,prop,5,2026-09-18 09:00:00,201.8,Yes,27902276393776086007716382126019733956983108519466730719262496286667998335232,0.02,0.98,0.5,0.96,1.21,1.21,1.21,272.25,272.25,272.25,2,2,
2026-09-18 05:38:14,982573,4331509,Game 5: Both Teams Destroy Inhibitors?,prop,5,2026-09-18 09:00:00,201.8,No,74915061669436794415717810374285650594908783858703913024115368106506101170366,0.02,0.98,0.5,0.96,3.21,3.21,3.21,107.27,107.27,107.27,2,2,
2026-09-18 05:38:14,982573,4331510,Game 5: Any Player Quadra Kill?,prop,5,2026-09-18 09:00:00,201.8,Yes,25041869540832405180480234921168313787573407983756820796679584613003871812951,0.04,0.98,0.51,0.94,28.64,28.89,28.89,217.75,217.75,217.75,4,2,
2026-09-18 05:38:14,982573,4331510,Game 5: Any Player Quadra Kill?,prop,5,2026-09-18 09:00:00,201.8,No,45797968991409847759584217932570718230787108245969823885558607762731892917931,0.02,0.96,0.49,0.94,2.25,2.25,2.25,773.35,793.1,793.1,2,4,
2026-09-18 05:38:14,982573,4331511,Game 5: Any Player Penta Kill?,prop,5,2026-09-18 09:00:00,201.8,Yes,99485007740689348042635473876824133818167164488540594057240662832686249230778,0.05,0.98,0.515,0.93,28.65,28.75,28.9,217.75,217.75,217.75,3,2,
2026-09-18 05:38:14,982573,4331511,Game 5: Any Player Penta Kill?,prop,5,2026-09-18 09:00:00,201.8,No,19361481950678478115150766057189926867854737408428490703221326479365721844492,0.02,0.95,0.485,0.93,2.25,2.25,2.25,544.35,549.25,564.1,2,3,
2026-09-18 05:38:14,982573,4331512,Game 5: Odd/Even Total Kills?,odd_even,5,2026-09-18 09:00:00,201.8,Odd,19633329449725162339439495816676989880358852872111155998786755722803722315128,0.49,0.51,0.5,0.02,120.16,120.16,404.77,124.67,124.67,472.53,12,12,1.960785
2026-09-18 05:38:14,982573,4331512,Game 5: Odd/Even Total Kills?,odd_even,5,2026-09-18 09:00:00,201.8,Even,49614203233114064051193983809988981047663588280821675298771106000539940224985,0.49,0.51,0.5,0.02,119.19,119.19,403.81,125.67,125.67,473.54,12,12,1.960785
2026-09-18 05:38:14,982573,4635723,Game Handicap: JDG (-2.5) vs Team WE (+2.5),handicap,,2026-09-18 09:00:00,201.8,JD Gaming,76420306826356197237793957431107175847319560977382094132279236962696362219047,0.17,0.18,0.175,0.01,239.42,330.03,597.37,133.58,416.08,638.33,17,24,1654.995537
2026-09-18 05:38:14,982573,4635723,Game Handicap: JDG (-2.5) vs Team WE (+2.5),handicap,,2026-09-18 09:00:00,201.8,Team WE,98247695638928380977804321179756526239332327454751145304390462622665077550596,0.82,0.83,0.825,0.01,596.94,1679.6,2467.35,1241.45,1761.57,3642.23,24,17,1654.995537
2026-09-18 05:38:14,982573,4635724,Game Handicap: JDG (-1.5) vs Team WE (+1.5),handicap,,2026-09-18 09:00:00,201.8,JD Gaming,77272620931295608394822902719474686399898912728194494198902796117068409845118,0.39,0.4,0.395,0.01,11639.57,11937.2,12582.2,1043.91,7494.92,7497.12,27,29,30810.471182
2026-09-18 05:38:14,982573,4635724,Game Handicap: JDG (-1.5) vs Team WE (+1.5),handicap,,2026-09-18 09:00:00,201.8,Team WE,100560178874606191791663147861096750564696136600853908902264433559108571664831,0.6,0.61,0.605,0.01,1553.61,10385.03,10387.83,18207.65,18725.37,19955.37,29,27,30810.471182
2026-09-18 05:38:14,982573,4635725,First Blood in Game 3?,first_blood,3,2026-09-18 09:00:00,201.8,Team WE,33529193244353235683517280452810839876577542819898609456430904640232796018220,0.47,0.52,0.495,0.05,148.73,326.26,326.26,136.91,136.91,136.91,13,12,
2026-09-18 05:38:14,982573,4635725,First Blood in Game 3?,first_blood,3,2026-09-18 09:00:00,201.8,JD Gaming,1346040960623821967445224639672445473158827368981485717315755152038925341562,0.48,0.53,0.505,0.05,126.38,126.38,126.38,173.94,399.89,399.89,12,13,
2026-09-18 05:38:14,982573,4635726,First Blood in Game 2?,first_blood,2,2026-09-18 09:00:00,201.8,Team WE,64247126058212563554990295665568751847788505015709435172305151370573825025041,0.46,0.52,0.49,0.06,4.04,401.57,401.57,136.91,390.75,390.75,12,11,118.738564
2026-09-18 05:38:14,982573,4635726,First Blood in Game 2?,first_blood,2,2026-09-18 09:00:00,201.8,JD Gaming,40524605988222656761821992861399507200864773020328512368182899666687727507382,0.48,0.54,0.51,0.06,126.38,334.07,334.07,4.74,510.69,510.69,11,12,118.738564
2026-09-18 05:38:14,982573,4635727,First Blood in Game 1?,first_blood,1,2026-09-18 09:00:00,201.8,Team WE,53304266088786300121273330968520878514837963955013663490302850498480286469678,0.47,0.51,0.49,0.04,148.73,512.41,512.41,152.21,422.21,489.41,13,14,9.333334
2026-09-18 05:38:14,982573,4635727,First Blood in Game 1?,first_blood,1,2026-09-18 09:00:00,201.8,JD Gaming,63617723053610587300848306449366373557109726276960283891308320624178387992851,0.49,0.53,0.51,0.04,141.08,371.08,423.88,173.94,636.82,636.82,14,13,9.333334
2026-09-18 05:38:14,982573,4635728,First Blood in Game 4?,first_blood,4,2026-09-18 09:00:00,201.8,Team WE,17602010754585184492065142341058150089829922867388598630462669288285642759212,0.45,0.98,0.715,0.53,402.73,402.73,406.83,275.09,275.09,275.09,10,2,
2026-09-18 05:38:14,982573,4635728,First Blood in Game 4?,first_blood,4,2026-09-18 09:00:00,201.8,JD Gaming,69518797345298414237811287364274582846899582584829247757272387153318353614010,0.02,0.55,0.285,0.53,3.16,3.16,3.16,511.88,511.88,517.78,2,10,
2026-09-18 05:38:14,982573,4635729,Total Kills Over/Under 27.5 in Game 2?,total_kills,2,2026-09-18 09:00:00,201.8,Over,91147325618298628137432538986130808001488666785389767077931604737261036153315,0.58,0.61,0.595,0.03,27.92,180.66,180.66,261.53,499.03,580.28,19,23,30
2026-09-18 05:38:14,982573,4635729,Total Kills Over/Under 27.5 in Game 2?,total_kills,2,2026-09-18 09:00:00,201.8,Under,3322497138540501662614164693296830539677427544117884513746415935765039188800,0.39,0.42,0.405,0.03,160.78,298.28,342.03,20.21,145.19,145.19,23,19,30
2026-09-18 05:38:14,982573,4635730,Total Kills Over/Under 27.5 in Game 3?,total_kills,3,2026-09-18 09:00:00,201.8,Over,17740018313323531352619404591061674354781620869048583802383965499613380370720,0.56,0.62,0.59,0.06,419.78,419.78,499.78,258.6,824.85,907.35,20,23,
2026-09-18 05:38:14,982573,4635730,Total Kills Over/Under 27.5 in Game 3?,total_kills,3,2026-09-18 09:00:00,201.8,Under,72637627671915546167885127644301517463939348144671175885040556049196873754332,0.38,0.44,0.41,0.06,152.45,461.2,503.7,338.89,338.89,412.73,23,20,
2026-09-18 05:38:14,982573,4635731,Total Kills Over/Under 27.5 in Game 1?,total_kills,1,2026-09-18 09:00:00,201.8,Over,43084804343609419361652521946962747691689669725316579572563934265034435504570,0.56,0.59,0.575,0.03,143.3,449.0,449.0,25.05,413.44,572.19,21,24,51.422414
2026-09-18 05:38:14,982573,4635731,Total Kills Over/Under 27.5 in Game 1?,total_kills,1,2026-09-18 09:00:00,201.8,Under,47148666758089554798881518145674719464074616339571143070940988331463259789553,0.41,0.44,0.425,0.03,16.8,261.01,352.26,116.7,382.9,382.9,24,21,51.422414
2026-09-18 05:38:14,982573,4635732,Total Kills Over/Under 27.5 in Game 4?,total_kills,4,2026-09-18 09:00:00,201.8,Over,102795125203974792660678678123285969914701801988393928679773193234759757307634,0.28,0.82,0.55,0.54,383.76,383.76,388.36,9.02,29.71,59.03,15,13,
2026-09-18 05:38:14,982573,4635732,Total Kills Over/Under 27.5 in Game 4?,total_kills,4,2026-09-18 09:00:00,201.8,Under,47759194526521083668343201452047973837046272317494193133642497445926086476927,0.18,0.72,0.45,0.54,1.98,5.69,10.3,1008.24,1008.24,1023.64,13,15,
2026-09-18 05:38:14,982573,4635734,Total Kills Over/Under 30.5 in Game 2?,total_kills,2,2026-09-18 09:00:00,201.8,Over,10577294599616881420554588215113431557937123553532613716247440033733590817603,0.43,0.45,0.44,0.02,323.34,323.34,323.34,2.57,6.36,259.04,21,22,98.606567
2026-09-18 05:38:14,982573,4635734,Total Kills Over/Under 30.5 in Game 2?,total_kills,2,2026-09-18 09:00:00,201.8,Under,104053707391432281646579416378051909171319615200406772950659665015206476746305,0.55,0.57,0.56,0.02,3.14,7.24,265.14,436.51,436.51,436.51,22,21,98.606567
2026-09-18 05:38:14,982573,4635733,Total Kills Over/Under 30.5 in Game 3?,total_kills,3,2026-09-18 09:00:00,201.8,Over,64484331970451845252116105624794947862273146890752351804046825739125226052150,0.46,0.49,0.475,0.03,48.16,356.46,356.46,255.64,384.39,384.39,23,20,144.110686
2026-09-18 05:38:14,982573,4635733,Total Kills Over/Under 30.5 in Game 3?,total_kills,3,2026-09-18 09:00:00,201.8,Under,108325310407990742972957328632398293695621811367399273833858388890578669226885,0.51,0.54,0.525,0.03,260.79,382.04,382.04,58.23,466.9,466.9,20,23,144.110686
2026-09-18 05:38:14,982573,4635736,Total Kills Over/Under 30.5 in Game 1?,total_kills,1,2026-09-18 09:00:00,201.8,Over,32349457260489922256721836845198994086478872555664444310085895288389081700072,0.44,0.46,0.45,0.02,35.84,327.96,337.96,6.64,226.55,294.65,22,23,411.22035
2026-09-18 05:38:14,982573,4635736,Total Kills Over/Under 30.5 in Game 1?,total_kills,1,2026-09-18 09:00:00,201.8,Under,41475759221345039664930402332912212838709271075562972028905511863264889517546,0.54,0.56,0.55,0.02,7.6,241.6,309.69,47.32,457.46,472.46,23,22,411.22035
2026-09-18 05:38:14,982573,4635735,Total Kills Over/Under 30.5 in Game 4?,total_kills,4,2026-09-18 09:00:00,201.8,Over,40469553593262350511173488778948782295755464528432729113960152874603118966883,0.44,0.5,0.47,0.06,206.7,411.7,411.7,99.83,104.52,104.52,19,19,
2026-09-18 05:38:14,982573,4635735,Total Kills Over/Under 30.5 in Game 4?,total_kills,4,2026-09-18 09:00:00,201.8,Under,11001780019454736420713068231782741626995179144660322039569560785638918616771,0.5,0.56,0.53,0.06,96.51,100.84,100.84,273.3,568.3,568.3,19,19,
2026-09-18 05:43:53,982573,4331476,LoL: Team WE vs JD Gaming - Game 1 Winner,map,1,2026-09-18 09:00:00,196.1,Team WE,40745930449180776517985296017616838776773627946026056466960742451029179689887,0.44,0.45,0.445,0.01,3320.28,6297.73,9727.48,2837.85,7693.93,10671.44,31,33,27907.300740999995
2026-09-18 05:43:53,982573,4331476,LoL: Team WE vs JD Gaming - Game 1 Winner,map,1,2026-09-18 09:00:00,196.1,JD Gaming,86842978223026466862449934105595250822075305679428664631958332197768084254089,0.55,0.56,0.555,0.01,3359.45,8707.75,11732.1,4383.62,8608.24,13816.3,33,31,27907.300740999995
2026-09-18 05:43:53,982573,4331477,LoL: Team WE vs JD Gaming - Game 2 Winner,map,2,2026-09-18 09:00:00,196.1,Team WE,9061313218244180837051497559158858646811270299308508261997696114745098238414,0.42,0.43,0.425,0.01,2007.7,10553.78,11380.15,263.46,1009.04,2576.46,29,41,13899.552688000002
2026-09-18 05:43:53,982573,4331477,LoL: Team WE vs JD Gaming - Game 2 Winner,map,2,2026-09-18 09:00:00,196.1,JD Gaming,93412316568558393447369938861531141407815845492045702627687438374646039250411,0.57,0.58,0.575,0.01,338.69,1215.03,2922.97,2809.09,15704.49,17110.51,41,29,13899.552688000002
2026-09-18 05:43:53,982573,4331478,LoL: Team WE vs JD Gaming - Game 3 Winner,map,3,2026-09-18 09:00:00,196.1,Team WE,59075734185870747323062647896339068768798345735884789910250736832849418334729,0.44,0.45,0.445,0.01,791.56,3483.02,6887.55,731.22,2323.3,4563.37,27,37,10445.615517999997
2026-09-18 05:43:53,982573,4331478,LoL: Team WE vs JD Gaming - Game 3 Winner,map,3,2026-09-18 09:00:00,196.1,JD Gaming,37500660245657084331639369031860463676916097652659219943216216830842159610230,0.55,0.56,0.555,0.01,859.46,2594.36,4905.05,1043.38,4856.07,10037.97,37,27,10445.615517999997
2026-09-18 05:43:53,982573,4331479,LoL: Team WE vs JD Gaming - Game 4 Winner,map,4,2026-09-18 09:00:00,196.1,Team WE,80691052854214809326719106515264914217605219336036181633274369620112133821371,0.48,0.59,0.535,0.11,20.22,251.2,251.2,32.7,154.7,154.7,15,18,
2026-09-18 05:43:53,982573,4331479,LoL: Team WE vs JD Gaming - Game 4 Winner,map,4,2026-09-18 09:00:00,196.1,JD Gaming,45849621980135139866236084775772921551194490231892728647209577042730716062625,0.41,0.52,0.465,0.11,22.0,100.0,100.0,22.57,302.52,302.52,18,15,
2026-09-18 05:43:53,982573,4331480,LoL: Team WE vs JD Gaming (BO5) - LPL Regional Finals Playoffs,series,,2026-09-18 09:00:00,196.1,Team WE,36590174590310721499058030844565262384974738546991011333755092074521980597514,0.41,0.42,0.415,0.01,29001.11,65366.17,76449.54,54283.92,61782.34,65196.9,32,49,247523.2576870002
2026-09-18 05:43:53,982573,4331480,LoL: Team WE vs JD Gaming (BO5) - LPL Regional Finals Playoffs,series,,2026-09-18 09:00:00,196.1,JD Gaming,67744481945829638317312543005094851806629911488970110063871681512449303580853,0.58,0.59,0.585,0.01,73152.13,82611.5,86563.77,42932.68,101397.08,120544.12,49,32,247523.2576870002
2026-09-18 05:43:53,982573,4331481,Games Total: O/U 3.5,total_games,,2026-09-18 09:00:00,196.1,Over,91962849062155480119007381156104522943527001376896833131919123133018437554198,0.74,0.76,0.75,0.02,1053.78,5922.66,6182.79,27878.16,30794.03,33292.82,34,20,20593.333808999992
2026-09-18 05:43:53,982573,4331481,Games Total: O/U 3.5,total_games,,2026-09-18 09:00:00,196.1,Under,62016153694274205744971896466924860010101880823066151324323366023947768830072,0.24,0.26,0.25,0.02,8460.44,9263.46,9850.45,383.99,2279.96,2395.99,20,34,20593.333808999992
2026-09-18 05:43:53,982573,4331482,Games Total: O/U 4.5,total_games,,2026-09-18 09:00:00,196.1,Over,64141252723776535279533863572243597242287169602988797395052535386307705961707,0.33,0.34,0.335,0.01,7679.21,11556.69,12158.78,136.43,1538.63,11676.54,25,34,12246.844513000002
2026-09-18 05:43:53,982573,4331482,Games Total: O/U 4.5,total_games,,2026-09-18 09:00:00,196.1,Under,60787941284574645408897256455198781956705499239196188005736390780601879702948,0.66,0.67,0.665,0.01,260.29,2740.8,18604.04,16306.01,25279.91,26755.87,34,25,12246.844513000002
2026-09-18 05:43:53,982573,4331483,Game 1: Both Teams Slay Baron Nashor?,prop,1,2026-09-18 09:00:00,196.1,Yes,39714772678029890439686559884173048371971219211892603264170731115436673120626,0.08,0.32,0.2,0.24,115.49,115.49,115.49,135.53,135.53,135.53,3,10,
2026-09-18 05:43:53,982573,4331483,Game 1: Both Teams Slay Baron Nashor?,prop,1,2026-09-18 09:00:00,196.1,No,52948375182602937052609566346634770822838770282285310147700401776125439695034,0.68,0.92,0.8,0.24,287.99,287.99,287.99,1328.13,1328.13,1328.13,10,3,
2026-09-18 05:43:53,982573,4331484,Game 1: Both Teams Slay a Dragon?,prop,1,2026-09-18 09:00:00,196.1,Yes,23103993057929306486934976569184723197173691265189961317227556768851631350445,0.64,0.88,0.76,0.24,288.0,288.0,288.0,977.24,977.24,977.24,9,3,
2026-09-18 05:43:53,982573,4331484,Game 1: Both Teams Slay a Dragon?,prop,1,2026-09-18 09:00:00,196.1,No,91722946303559450432812921544486757430683160067362234299030496214538641494668,0.12,0.36,0.24,0.24,133.26,133.26,133.26,162.0,162.0,162.0,3,9,
2026-09-18 05:43:53,982573,4331485,Game 1: Both Teams Destroy Inhibitors?,prop,1,2026-09-18 09:00:00,196.1,Yes,33496310638341140567289641614598313621243227379013298590125422491313191820792,0.02,0.26,0.14,0.24,0.25,0.25,0.25,101.19,101.19,101.19,2,9,
2026-09-18 05:43:53,982573,4331485,Game 1: Both Teams Destroy Inhibitors?,prop,1,2026-09-18 09:00:00,196.1,No,81980797268112496572123764802564210517169522848702877553505981575930551535897,0.74,0.98,0.86,0.24,287.99,287.99,287.99,19.75,19.75,19.75,9,2,
2026-09-18 05:43:53,982573,4331486,Game 1: Any Player Quadra Kill?,prop,1,2026-09-18 09:00:00,196.1,Yes,74222655858144934432934920784275645990416131405252677212894677782895736457599,0.02,0.98,0.5,0.96,0.25,0.25,0.25,217.75,217.75,217.75,2,2,
2026-09-18 05:43:53,982573,4331486,Game 1: Any Player Quadra Kill?,prop,1,2026-09-18 09:00:00,196.1,No,102355334580310326715461213263953789617626449575681137398366745076761275873041,0.02,0.98,0.5,0.96,2.25,2.25,2.25,19.75,19.75,19.75,2,2,
2026-09-18 05:43:53,982573,4331487,Game 1: Any Player Penta Kill?,prop,1,2026-09-18 09:00:00,196.1,Yes,13014769994116469090867062696501600744380650716090144700619505276453887115013,0.02,0.29,0.155,0.27,0.25,0.25,0.25,9.62,9.62,9.62,2,11,
2026-09-18 05:43:53,982573,4331487,Game 1: Any Player Penta Kill?,prop,1,2026-09-18 09:00:00,196.1,No,34772986514217831261938445429906557361572559134946604972801838089608825873029,0.71,0.98,0.845,0.27,23.38,23.38,23.38,19.75,19.75,19.75,11,2,
2026-09-18 05:43:53,982573,4331488,Game 1: Odd/Even Total Kills?,odd_even,1,2026-09-18 09:00:00,196.1,Odd,62660671227335510179168530333009740792016404149342951362862366700885850452264,0.49,0.51,0.5,0.02,120.16,120.16,404.77,123.66,123.66,471.53,12,12,3.92157
2026-09-18 05:43:53,982573,4331488,Game 1: Odd/Even Total Kills?,odd_even,1,2026-09-18 09:00:00,196.1,Even,86625626726360214349089907545424119804103324479702399418201773357950190113236,0.49,0.51,0.5,0.02,118.23,118.23,402.84,125.67,125.67,473.54,12,12,3.92157
2026-09-18 05:43:53,982573,4331489,Game 2: Both Teams Slay Baron Nashor?,prop,2,2026-09-18 09:00:00,196.1,Yes,41342127067487313911108938826811519336095071705270524798896840041453101934148,0.08,0.32,0.2,0.24,115.32,115.32,115.32,135.53,135.53,135.53,3,10,
2026-09-18 05:43:53,982573,4331489,Game 2: Both Teams Slay Baron Nashor?,prop,2,2026-09-18 09:00:00,196.1,No,111509972535042730010856919460410663375765216849894041182143711121105317807838,0.68,0.92,0.8,0.24,287.99,287.99,287.99,1326.18,1326.18,1326.18,10,3,
2026-09-18 05:43:53,982573,4331490,Game 2: Both Teams Slay a Dragon?,prop,2,2026-09-18 09:00:00,196.1,Yes,29671016959600544449364630377356870154094339570710597486679717974292680475171,0.64,0.88,0.76,0.24,288.0,288.0,288.0,979.95,979.95,979.95,9,3,
2026-09-18 05:43:53,982573,4331490,Game 2: Both Teams Slay a Dragon?,prop,2,2026-09-18 09:00:00,196.1,No,107549784474042338846508783056825260092296231825534887840568409084429764288656,0.12,0.36,0.24,0.24,133.63,133.63,133.63,162.0,162.0,162.0,3,9,
2026-09-18 05:43:53,982573,4331491,Game 2: Both Teams Destroy Inhibitors?,prop,2,2026-09-18 09:00:00,196.1,Yes,106456649656314759426504131066603666133521683277296497028206703353498281106324,0.02,0.26,0.14,0.24,0.25,0.25,0.25,101.19,101.19,101.19,2,9,
2026-09-18 05:43:53,982573,4331491,Game 2: Both Teams Destroy Inhibitors?,prop,2,2026-09-18 09:00:00,196.1,No,58833911629740796169866837922009058593213763011498146584561469322291297036055,0.74,0.98,0.86,0.24,287.99,287.99,287.99,19.75,19.75,19.75,9,2,
2026-09-18 05:43:53,982573,4331492,Game 2: Any Player Quadra Kill?,prop,2,2026-09-18 09:00:00,196.1,Yes,14693376937511958749082437572229077947632410748994499070645100368182611544988,0.02,0.98,0.5,0.96,0.25,0.25,0.25,217.75,217.75,217.75,2,2,
2026-09-18 05:43:53,982573,4331492,Game 2: Any Player Quadra Kill?,prop,2,2026-09-18 09:00:00,196.1,No,82500810689071534610110074297536274925242701396928936307235427224609831802199,0.02,0.98,0.5,0.96,2.25,2.25,2.25,19.75,19.75,19.75,2,2,
2026-09-18 05:43:53,982573,4331493,Game 2: Any Player Penta Kill?,prop,2,2026-09-18 09:00:00,196.1,Yes,21062417474853573651308455662373881851132933973506153213234652469300839145078,0.02,0.39,0.205,0.37,0.25,0.25,0.25,14.87,14.87,14.87,2,10,
2026-09-18 05:43:53,982573,4331493,Game 2: Any Player Penta Kill?,prop,2,2026-09-18 09:00:00,196.1,No,1112864713813270086086366816431040478337710684470991408642556218969963898544,0.61,0.98,0.795,0.37,23.13,23.13,23.13,19.75,19.75,19.75,10,2,
2026-09-18 05:43:53,982573,4331494,Game 2: Odd/Even Total Kills?,odd_even,2,2026-09-18 09:00:00,196.1,Odd,99517002667051925686376408510947898862029013466946005231403812158745025296477,0.49,0.51,0.5,0.02,120.16,120.16,404.77,124.67,124.67,472.53,12,12,1.960785
2026-09-18 05:43:53,982573,4331494,Game 2: Odd/Even Total Kills?,odd_even,2,2026-09-18 09:00:00,196.1,Even,42400527170994277209918785860938065221576184220944025051907165693141973624170,0.49,0.51,0.5,0.02,119.19,119.19,403.81,125.67,125.67,473.54,12,12,1.960785
2026-09-18 05:43:53,982573,4331495,Game 3: Both Teams Slay Baron Nashor?,prop,3,2026-09-18 09:00:00,196.1,Yes,100615225469678516637100252180193807631111015863000085070839837870822686427020,0.06,0.32,0.19,0.26,113.94,113.94,115.15,135.53,135.53,135.53,3,10,
2026-09-18 05:43:53,982573,4331495,Game 3: Both Teams Slay Baron Nashor?,prop,3,2026-09-18 09:00:00,196.1,No,46955751521910111044166522228003741940207032819698140587196533197831555757819,0.68,0.94,0.81,0.26,287.99,287.99,287.99,1785.06,1785.06,1892.34,10,3,
2026-09-18 05:43:53,982573,4331496,Game 3: Both Teams Slay a Dragon?,prop,3,2026-09-18 09:00:00,196.1,Yes,4670183821119206359526023111409894551665868047432599243259637921153187172717,0.64,0.88,0.76,0.24,288.0,288.0,288.0,974.08,974.08,974.08,9,3,
2026-09-18 05:43:53,982573,4331496,Game 3: Both Teams Slay a Dragon?,prop,3,2026-09-18 09:00:00,196.1,No,38593090958733470835228420126115359981979474045804370023403299652308248831353,0.12,0.36,0.24,0.24,132.83,132.83,132.83,162.0,162.0,162.0,3,9,
2026-09-18 05:43:53,982573,4331497,Game 3: Both Teams Destroy Inhibitors?,prop,3,2026-09-18 09:00:00,196.1,Yes,1215979821663579890622109071708358072621837150074844548776910040155971388845,0.02,0.26,0.14,0.24,101.05,101.05,101.05,101.19,101.19,101.19,2,9,
2026-09-18 05:43:53,982573,4331497,Game 3: Both Teams Destroy Inhibitors?,prop,3,2026-09-18 09:00:00,196.1,No,47902518701959667302199155554102103330100135028613664566795560480906453090832,0.74,0.98,0.86,0.24,287.99,287.99,287.99,9998.95,9998.95,9998.95,9,2,
2026-09-18 05:43:53,982573,4331498,Game 3: Any Player Quadra Kill?,prop,3,2026-09-18 09:00:00,196.1,Yes,15922936496282613281609039725819938050060833441944504274041889468452173845351,0.02,0.98,0.5,0.96,0.25,0.25,0.25,217.75,217.75,217.75,2,2,
2026-09-18 05:43:53,982573,4331498,Game 3: Any Player Quadra Kill?,prop,3,2026-09-18 09:00:00,196.1,No,4678882946522200766322009748845678331259642107366239394532583463580475178637,0.02,0.98,0.5,0.96,2.25,2.25,2.25,19.75,19.75,19.75,2,2,
2026-09-18 05:43:53,982573,4331499,Game 3: Any Player Penta Kill?,prop,3,2026-09-18 09:00:00,196.1,Yes,9309073005103962031278982095369128276770828017424384726613052323281189333342,0.02,0.5,0.26,0.48,0.25,0.25,0.25,20.0,20.0,20.0,2,9,
2026-09-18 05:43:53,982573,4331499,Game 3: Any Player Penta Kill?,prop,3,2026-09-18 09:00:00,196.1,No,80165585327758137245979036517319116700233008723213890564248458303429726634558,0.5,0.98,0.74,0.48,20.0,20.0,20.0,19.75,19.75,19.75,9,2,
2026-09-18 05:43:53,982573,4331500,Game 3: Odd/Even Total Kills?,odd_even,3,2026-09-18 09:00:00,196.1,Odd,67227166389219370176016583535640582218076399796598806333396084223855869290317,0.49,0.51,0.5,0.02,120.16,120.16,404.77,124.67,124.67,472.53,12,12,1.960785
2026-09-18 05:43:53,982573,4331500,Game 3: Odd/Even Total Kills?,odd_even,3,2026-09-18 09:00:00,196.1,Even,41660594314362441933106607647414129765660258200764116580498777612534541363897,0.49,0.51,0.5,0.02,119.19,119.19,403.81,125.67,125.67,473.54,12,12,1.960785
2026-09-18 05:43:53,982573,4331501,Game 4: Both Teams Slay Baron Nashor?,prop,4,2026-09-18 09:00:00,196.1,Yes,91053150325724801816506145125208869220678169137723543082128461361971163925817,0.02,0.95,0.485,0.93,1.21,1.21,1.21,9.29,125.95,350.5,2,4,
2026-09-18 05:43:53,982573,4331501,Game 4: Both Teams Slay Baron Nashor?,prop,4,2026-09-18 09:00:00,196.1,No,33027071773225523154200955759565107620295049357510592137393254066110409348503,0.05,0.98,0.515,0.93,0.49,2.94,5.21,107.28,107.28,107.28,4,2,
2026-09-18 05:43:53,982573,4331502,Game 4: Both Teams Slay a Dragon?,prop,4,2026-09-18 09:00:00,196.1,Yes,11372936005038337682501721216571490803612687347900817169984715644306259377099,0.02,0.98,0.5,0.96,2.4,2.4,2.4,107.28,107.28,107.28,2,2,
2026-09-18 05:43:53,982573,4331502,Game 4: Both Teams Slay a Dragon?,prop,4,2026-09-18 09:00:00,196.1,No,82752337875538268962471388782753443316630480770543933929117048175580185583781,0.02,0.98,0.5,0.96,1.21,1.21,1.21,232.53,232.53,232.53,2,2,
2026-09-18 05:43:53,982573,4331503,Game 4: Both Teams Destroy Inhibitors?,prop,4,2026-09-18 09:00:00,196.1,Yes,20103698712173859903829820952687250554826574556759543553400674611829572849481,0.02,0.98,0.5,0.96,1.21,1.21,1.21,272.25,272.25,272.25,2,2,
2026-09-18 05:43:53,982573,4331503,Game 4: Both Teams Destroy Inhibitors?,prop,4,2026-09-18 09:00:00,196.1,No,89455399219037642465039359889137747095520207964874625212307664274290738519720,0.02,0.98,0.5,0.96,3.21,3.21,3.21,107.28,107.28,107.28,2,2,
2026-09-18 05:43:53,982573,4331504,Game 4: Any Player Quadra Kill?,prop,4,2026-09-18 09:00:00,196.1,Yes,86729132453151123960161711084056501143896155802958565383271950858277939481592,0.02,0.98,0.5,0.96,0.25,0.25,0.25,217.75,217.75,217.75,2,2,
2026-09-18 05:43:53,982573,4331504,Game 4: Any Player Quadra Kill?,prop,4,2026-09-18 09:00:00,196.1,No,73856923043354350516265045737626064914874772982551085294108158599421741926581,0.02,0.98,0.5,0.96,2.25,2.25,2.25,19.75,19.75,19.75,2,2,
2026-09-18 05:43:53,982573,4331505,Game 4: Any Player Penta Kill?,prop,4,2026-09-18 09:00:00,196.1,Yes,95471029785190658249271107559085277594460869785301176491064959350613116757025,0.02,0.98,0.5,0.96,0.25,0.25,0.25,217.75,217.75,217.75,2,2,
2026-09-18 05:43:53,982573,4331505,Game 4: Any Player Penta Kill?,prop,4,2026-09-18 09:00:00,196.1,No,24019258235427109283398166929535391313889484786480012416555835676599231677285,0.02,0.98,0.5,0.96,2.25,2.25,2.25,19.75,19.75,19.75,2,2,
2026-09-18 05:43:53,982573,4331506,Game 4: Odd/Even Total Kills?,odd_even,4,2026-09-18 09:00:00,196.1,Odd,27003552917149566572651639076986003725398589474350578655530128653556251939332,0.49,0.51,0.5,0.02,120.16,120.16,404.77,124.67,124.67,472.53,12,12,1.960785
2026-09-18 05:43:53,982573,4331506,Game 4: Odd/Even Total Kills?,odd_even,4,2026-09-18 09:00:00,196.1,Even,59462802745189966497150866567268369049029079546047014635357596777802395294369,0.49,0.51,0.5,0.02,119.19,119.19,403.81,125.67,125.67,473.54,12,12,1.960785
2026-09-18 05:43:53,982573,4331507,Game 5: Both Teams Slay Baron Nashor?,prop,5,2026-09-18 09:00:00,196.1,Yes,16565497011615402766708497105228173163882918964953459714245276252381037651212,0.02,0.98,0.5,0.96,1.21,1.21,1.21,272.24,272.24,272.24,2,2,
2026-09-18 05:43:53,982573,4331507,Game 5: Both Teams Slay Baron Nashor?,prop,5,2026-09-18 09:00:00,196.1,No,38321807124122496073015412591741021826554786473176894668199498825945547887256,0.02,0.98,0.5,0.96,3.21,3.21,3.21,107.28,107.28,107.28,2,2,
2026-09-18 05:43:53,982573,4331508,Game 5: Both Teams Slay a Dragon?,prop,5,2026-09-18 09:00:00,196.1,Yes,20535191153792526801040366527813270831695727763023223904907094857723775355380,0.02,0.98,0.5,0.96,3.21,3.21,3.21,107.28,107.28,107.28,2,2,
2026-09-18 05:43:53,982573,4331508,Game 5: Both Teams Slay a Dragon?,prop,5,2026-09-18 09:00:00,196.1,No,86409492549111398910751278494181292669402674004705291627353119912055691188294,0.02,0.98,0.5,0.96,1.21,1.21,1.21,272.25,272.25,272.25,2,2,
2026-09-18 05:43:53,982573,4331509,Game 5: Both Teams Destroy Inhibitors?,prop,5,2026-09-18 09:00:00,196.1,Yes,27902276393776086007716382126019733956983108519466730719262496286667998335232,0.02,0.98,0.5,0.96,1.21,1.21,1.21,272.25,272.25,272.25,2,2,
2026-09-18 05:43:53,982573,4331509,Game 5: Both Teams Destroy Inhibitors?,prop,5,2026-09-18 09:00:00,196.1,No,74915061669436794415717810374285650594908783858703913024115368106506101170366,0.02,0.98,0.5,0.96,3.21,3.21,3.21,107.28,107.28,107.28,2,2,
2026-09-18 05:43:53,982573,4331510,Game 5: Any Player Quadra Kill?,prop,5,2026-09-18 09:00:00,196.1,Yes,25041869540832405180480234921168313787573407983756820796679584613003871812951,0.04,0.98,0.51,0.94,28.64,28.89,28.89,217.75,217.75,217.75,4,2,
2026-09-18 05:43:53,982573,4331510,Game 5: Any Player Quadra Kill?,prop,5,2026-09-18 09:00:00,196.1,No,45797968991409847759584217932570718230787108245969823885558607762731892917931,0.02,0.96,0.49,0.94,2.25,2.25,2.25,773.35,793.1,793.1,2,4,
2026-09-18 05:43:53,982573,4331511,Game 5: Any Player Penta Kill?,prop,5,2026-09-18 09:00:00,196.1,Yes,99485007740689348042635473876824133818167164488540594057240662832686249230778,0.05,0.98,0.515,0.93,28.65,28.75,28.9,217.75,217.75,217.75,3,2,
2026-09-18 05:43:53,982573,4331511,Game 5: Any Player Penta Kill?,prop,5,2026-09-18 09:00:00,196.1,No,19361481950678478115150766057189926867854737408428490703221326479365721844492,0.02,0.95,0.485,0.93,2.25,2.25,2.25,544.35,549.25,564.1,2,3,
2026-09-18 05:43:53,982573,4331512,Game 5: Odd/Even Total Kills?,odd_even,5,2026-09-18 09:00:00,196.1,Odd,19633329449725162339439495816676989880358852872111155998786755722803722315128,0.49,0.51,0.5,0.02,120.16,120.16,404.77,124.67,124.67,472.53,12,12,1.960785
2026-09-18 05:43:53,982573,4331512,Game 5: Odd/Even Total Kills?,odd_even,5,2026-09-18 09:00:00,196.1,Even,49614203233114064051193983809988981047663588280821675298771106000539940224985,0.49,0.51,0.5,0.02,119.19,119.19,403.81,125.67,125.67,473.54,12,12,1.960785
2026-09-18 05:43:53,982573,4635723,Game Handicap: JDG (-2.5) vs Team WE (+2.5),handicap,,2026-09-18 09:00:00,196.1,JD Gaming,76420306826356197237793957431107175847319560977382094132279236962696362219047,0.17,0.18,0.175,0.01,239.42,330.03,597.37,134.54,410.73,632.98,17,24,1654.995537
2026-09-18 05:43:53,982573,4635723,Game Handicap: JDG (-2.5) vs Team WE (+2.5),handicap,,2026-09-18 09:00:00,196.1,Team WE,98247695638928380977804321179756526239332327454751145304390462622665077550596,0.82,0.83,0.825,0.01,600.99,1659.96,2447.71,1241.45,1761.57,3642.23,24,17,1654.995537
2026-09-18 05:43:53,982573,4635724,Game Handicap: JDG (-1.5) vs Team WE (+1.5),handicap,,2026-09-18 09:00:00,196.1,JD Gaming,77272620931295608394822902719474686399898912728194494198902796117068409845118,0.39,0.4,0.395,0.01,11639.57,11934.98,12598.94,961.71,7412.72,7414.92,27,29,30810.471182
2026-09-18 05:43:53,982573,4635724,Game Handicap: JDG (-1.5) vs Team WE (+1.5),handicap,,2026-09-18 09:00:00,196.1,Team WE,100560178874606191791663147861096750564696136600853908902264433559108571664831,0.6,0.61,0.605,0.01,1430.31,10261.73,10264.53,18207.65,18721.6,19986.8,29,27,30810.471182
2026-09-18 05:43:53,982573,4635725,First Blood in Game 3?,first_blood,3,2026-09-18 09:00:00,196.1,Team WE,33529193244353235683517280452810839876577542819898609456430904640232796018220,0.47,0.52,0.495,0.05,148.73,326.26,326.26,136.91,136.91,136.91,13,12,
2026-09-18 05:43:53,982573,4635725,First Blood in Game 3?,first_blood,3,2026-09-18 09:00:00,196.1,JD Gaming,1346040960623821967445224639672445473158827368981485717315755152038925341562,0.48,0.53,0.505,0.05,126.38,126.38,126.38,173.94,399.89,399.89,12,13,
2026-09-18 05:43:53,982573,4635726,First Blood in Game 2?,first_blood,2,2026-09-18 09:00:00,196.1,Team WE,64247126058212563554990295665568751847788505015709435172305151370573825025041,0.46,0.51,0.485,0.05,19.84,417.37,417.37,154.76,154.76,408.6,13,12,118.738564
2026-09-18 05:43:53,982573,4635726,First Blood in Game 2?,first_blood,2,2026-09-18 09:00:00,196.1,JD Gaming,40524605988222656761821992861399507200864773020328512368182899666687727507382,0.49,0.54,0.515,0.05,143.53,143.53,351.22,23.94,529.89,529.89,12,13,118.738564
2026-09-18 05:43:53,982573,4635727,First Blood in Game 1?,first_blood,1,2026-09-18 09:00:00,196.1,Team WE,53304266088786300121273330968520878514837963955013663490302850498480286469678,0.47,0.51,0.49,0.04,148.73,512.41,512.41,152.21,422.21,489.41,13,14,9.333334
2026-09-18 05:43:53,982573,4635727,First Blood in Game 1?,first_blood,1,2026-09-18 09:00:00,196.1,JD Gaming,63617723053610587300848306449366373557109726276960283891308320624178387992851,0.49,0.53,0.51,0.04,141.08,371.08,423.88,173.94,636.82,636.82,14,13,9.333334
2026-09-18 05:43:53,982573,4635728,First Blood in Game 4?,first_blood,4,2026-09-18 09:00:00,196.1,Team WE,17602010754585184492065142341058150089829922867388598630462669288285642759212,0.45,0.98,0.715,0.53,402.73,402.73,406.83,302.84,302.84,302.84,10,2,
2026-09-18 05:43:53,982573,4635728,First Blood in Game 4?,first_blood,4,2026-09-18 09:00:00,196.1,JD Gaming,69518797345298414237811287364274582846899582584829247757272387153318353614010,0.02,0.55,0.285,0.53,3.16,3.16,3.16,511.88,511.88,517.78,2,10,
2026-09-18 05:43:53,982573,4635729,Total Kills Over/Under 27.5 in Game 2?,total_kills,2,2026-09-18 09:00:00,196.1,Over,91147325618298628137432538986130808001488666785389767077931604737261036153315,0.58,0.61,0.595,0.03,27.92,180.66,180.66,261.53,499.03,580.28,19,23,30
2026-09-18 05:43:53,982573,4635729,Total Kills Over/Under 27.5 in Game 2?,total_kills,2,2026-09-18 09:00:00,196.1,Under,3322497138540501662614164693296830539677427544117884513746415935765039188800,0.39,0.42,0.405,0.03,160.78,298.28,342.03,20.21,145.19,145.19,23,19,30
2026-09-18 05:43:53,982573,4635730,Total Kills Over/Under 27.5 in Game 3?,total_kills,3,2026-09-18 09:00:00,196.1,Over,17740018313323531352619404591061674354781620869048583802383965499613380370720,0.56,0.62,0.59,0.06,419.78,419.78,499.78,258.6,824.85,907.35,20,23,
2026-09-18 05:43:53,982573,4635730,Total Kills Over/Under 27.5 in Game 3?,total_kills,3,2026-09-18 09:00:00,196.1,Under,72637627671915546167885127644301517463939348144671175885040556049196873754332,0.38,0.44,0.41,0.06,152.45,461.2,503.7,338.89,338.89,412.73,23,20,
2026-09-18 05:43:53,982573,4635731,Total Kills Over/Under 27.5 in Game 1?,total_kills,1,2026-09-18 09:00:00,196.1,Over,43084804343609419361652521946962747691689669725316579572563934265034435504570,0.55,0.59,0.57,0.04,531.42,531.42,531.42,25.05,398.85,557.6,19,24,51.422414
2026-09-18 05:43:53,982573,4635731,Total Kills Over/Under 27.5 in Game 1?,total_kills,1,2026-09-18 09:00:00,196.1,Under,47148666758089554798881518145674719464074616339571143070940988331463259789553,0.41,0.45,0.43,0.04,16.8,251.68,342.93,439.62,439.62,439.62,24,19,51.422414
2026-09-18 05:43:53,982573,4635732,Total Kills Over/Under 27.5 in Game 4?,total_kills,4,2026-09-18 09:00:00,196.1,Over,102795125203974792660678678123285969914701801988393928679773193234759757307634,0.27,0.82,0.545,0.55,162.0,162.0,166.6,9.02,29.71,59.03,14,13,
2026-09-18 05:43:53,982573,4635732,Total Kills Over/Under 27.5 in Game 4?,total_kills,4,2026-09-18 09:00:00,196.1,Under,47759194526521083668343201452047973837046272317494193133642497445926086476927,0.18,0.73,0.455,0.55,1.98,5.69,10.3,438.0,438.0,453.4,13,14,
2026-09-18 05:43:53,982573,4635734,Total Kills Over/Under 30.5 in Game 2?,total_kills,2,2026-09-18 09:00:00,196.1,Over,10577294599616881420554588215113431557937123553532613716247440033733590817603,0.44,0.45,0.445,0.01,188.36,331.09,331.09,2.57,12.49,271.43,22,22,98.606567
2026-09-18 05:43:53,982573,4635734,Total Kills Over/Under 30.5 in Game 2?,total_kills,2,2026-09-18 09:00:00,196.1,Under,104053707391432281646579416378051909171319615200406772950659665015206476746305,0.55,0.56,0.555,0.01,3.14,13.88,278.29,249.56,446.68,446.68,22,22,98.606567
2026-09-18 05:43:53,982573,4635733,Total Kills Over/Under 30.5 in Game 3?,total_kills,3,2026-09-18 09:00:00,196.1,Over,64484331970451845252116105624794947862273146890752351804046825739125226052150,0.46,0.49,0.475,0.03,48.16,356.46,356.46,270.34,399.09,399.09,23,20,144.110686
2026-09-18 05:43:53,982573,4635733,Total Kills Over/Under 30.5 in Game 3?,total_kills,3,2026-09-18 09:00:00,196.1,Under,108325310407990742972957328632398293695621811367399273833858388890578669226885,0.51,0.54,0.525,0.03,276.09,397.34,397.34,58.23,466.9,466.9,20,23,144.110686
2026-09-18 05:43:53,982573,4635736,Total Kills Over/Under 30.5 in Game 1?,total_kills,1,2026-09-18 09:00:00,196.1,Over,32349457260489922256721836845198994086478872555664444310085895288389081700072,0.43,0.46,0.445,0.03,203.84,329.57,329.57,6.64,222.78,285.28,21,23,411.22035
2026-09-18 05:43:53,982573,4635736,Total Kills Over/Under 30.5 in Game 1?,total_kills,1,2026-09-18 09:00:00,196.1,Under,41475759221345039664930402332912212838709271075562972028905511863264889517546,0.54,0.57,0.555,0.03,7.6,237.68,300.18,279.98,461.51,461.51,23,21,411.22035
2026-09-18 05:43:53,982573,4635735,Total Kills Over/Under 30.5 in Game 4?,total_kills,4,2026-09-18 09:00:00,196.1,Over,40469553593262350511173488778948782295755464528432729113960152874603118966883,0.43,0.5,0.465,0.07,185.13,390.13,390.13,93.46,98.15,101.08,19,20,
2026-09-18 05:43:53,982573,4635735,Total Kills Over/Under 30.5 in Game 4?,total_kills,4,2026-09-18 09:00:00,196.1,Under,11001780019454736420713068231782741626995179144660322039569560785638918616771,0.5,0.57,0.535,0.07,90.38,94.71,97.11,245.53,540.53,540.53,20,19,
2026-09-18 05:49:33,982573,4331476,LoL: Team WE vs JD Gaming - Game 1 Winner,map,1,2026-09-18 09:00:00,190.4,Team WE,40745930449180776517985296017616838776773627946026056466960742451029179689887,0.44,0.45,0.445,0.01,3451.48,6428.93,9856.68,2839.98,7746.25,10723.75,31,35,27907.300740999995
2026-09-18 05:49:33,982573,4331476,LoL: Team WE vs JD Gaming - Game 1 Winner,map,1,2026-09-18 09:00:00,190.4,JD Gaming,86842978223026466862449934105595250822075305679428664631958332197768084254089,0.55,0.56,0.555,0.01,3362.32,8764.98,11789.34,4557.42,8782.04,13992.1,35,31,27907.300740999995
2026-09-18 05:49:33,982573,4331477,LoL: Team WE vs JD Gaming - Game 2 Winner,map,2,2026-09-18 09:00:00,190.4,Team WE,9061313218244180837051497559158858646811270299308508261997696114745098238414,0.43,0.44,0.435,0.01,2331.94,10648.65,11896.14,345.99,1294.79,3795.17,31,42,13899.552688000002
2026-09-18 05:49:33,982573,4331477,LoL: Team WE vs JD Gaming - Game 2 Winner,map,2,2026-09-18 09:00:00,190.4,JD Gaming,93412316568558393447369938861531141407815845492045702627687438374646039250411,0.56,0.57,0.565,0.01,434.99,1538.47,4199.75,3148.97,15538.1,17490.57,42,31,13899.552688000002
2026-09-18 05:49:33,982573,4331478,LoL: Team WE vs JD Gaming - Game 3 Winner,map,3,2026-09-18 09:00:00,190.4,Team WE,59075734185870747323062647896339068768798345735884789910250736832849418334729,0.44,0.45,0.445,0.01,778.97,3220.32,6652.84,718.42,2166.49,4469.84,31,38,10445.615517999997
2026-09-18 05:49:33,982573,4331478,LoL: Team WE vs JD Gaming - Game 3 Winner,map,3,2026-09-18 09:00:00,190.4,JD Gaming,37500660245657084331639369031860463676916097652659219943216216830842159610230,0.55,0.56,0.555,0.01,843.8,2422.7,4799.66,1026.96,4488.38,9712.29,38,31,10445.615517999997
2026-09-18 05:49:33,982573,4331479,LoL: Team WE vs JD Gaming - Game 4 Winner,map,4,2026-09-18 09:00:00,190.4,Team WE,80691052854214809326719106515264914217605219336036181633274369620112133821371,0.49,0.51,0.5,0.02,15.0,79.09,261.19,10.3,10.3,10.3,18,21,
2026-09-18 05:49:33,982573,4331479,LoL: Team WE vs JD Gaming - Game 4 Winner,map,4,2026-09-18 09:00:00,190.4,JD Gaming,45849621980135139866236084775772921551194490231892728647209577042730716062625,0.49,0.51,0.5,0.02,9.89,9.89,9.89,16.03,90.58,313.14,21,18,
2026-09-18 05:49:33,982573,4331480,LoL: Team WE vs JD Gaming (BO5) - LPL Regional Finals Playoffs,series,,2026-09-18 09:00:00,190.4,Team WE,36590174590310721499058030844565262384974738546991011333755092074521980597514,0.41,0.42,0.415,0.01,28882.56,65234.72,76318.1,59366.15,66982.97,70254.01,32,48,247523.2576870002
2026-09-18 05:49:33,982573,4331480,LoL: Team WE vs JD Gaming (BO5) - LPL Regional Finals Playoffs,series,,2026-09-18 09:00:00,190.4,JD Gaming,67744481945829638317312543005094851806629911488970110063871681512449303580853,0.58,0.59,0.585,0.01,80168.56,89771.53,93555.32,42778.89,101226.19,120373.22,48,32,247523.2576870002
2026-09-18 05:49:33,982573,4331481,Games Total: O/U 3.5,total_games,,2026-09-18 09:00:00,190.4,Over,91962849062155480119007381156104522943527001376896833131919123133018437554198,0.74,0.76,0.75,0.02,1057.48,5926.36,6313.49,27881.96,30557.67,35456.46,34,20,20593.333808999992
2026-09-18 05:49:33,982573,4331481,Games Total: O/U 3.5,total_games,,2026-09-18 09:00:00,190.4,Under,62016153694274205744971896466924860010101880823066151324323366023947768830072,0.24,0.26,0.25,0.02,8461.64,9200.82,10387.81,385.29,2281.26,2454.36,20,34,20593.333808999992
2026-09-18 05:49:33,982573,4331482,Games Total: O/U 4.5,total_games,,2026-09-18 09:00:00,190.4,Over,64141252723776535279533863572243597242287169602988797395052535386307705961707,0.33,0.34,0.335,0.01,7680.86,11558.34,12115.19,138.13,1524.87,11662.78,25,33,12246.844513000002
2026-09-18 05:49:33,982573,4331482,Games Total: O/U 4.5,total_games,,2026-09-18 09:00:00,190.4,Under,60787941284574645408897256455198781956705499239196188005736390780601879702948,0.66,0.67,0.665,0.01,263.59,2715.88,18579.12,16309.36,25283.26,26648.46,33,25,12246.844513000002
2026-09-18 05:49:33,982573,4331483,Game 1: Both Teams Slay Baron Nashor?,prop,1,2026-09-18 09:00:00,190.4,Yes,39714772678029890439686559884173048371971219211892603264170731115436673120626,0.08,0.32,0.2,0.24,115.49,115.49,115.49,135.53,135.53,135.53,3,10,
2026-09-18 05:49:33,982573,4331483,Game 1: Both Teams Slay Baron Nashor?,prop,1,2026-09-18 09:00:00,190.4,No,52948375182602937052609566346634770822838770282285310147700401776125439695034,0.68,0.92,0.8,0.24,287.99,287.99,287.99,1328.13,1328.13,1328.13,10,3,
2026-09-18 05:49:33,982573,4331484,Game 1: Both Teams Slay a Dragon?,prop,1,2026-09-18 09:00:00,190.4,Yes,23103993057929306486934976569184723197173691265189961317227556768851631350445,0.64,0.88,0.76,0.24,288.0,288.0,288.0,977.24,977.24,977.24,9,3,
2026-09-18 05:49:33,982573,4331484,Game 1: Both Teams Slay a Dragon?,prop,1,2026-09-18 09:00:00,190.4,No,91722946303559450432812921544486757430683160067362234299030496214538641494668,0.12,0.36,0.24,0.24,133.26,133.26,133.26,162.0,162.0,162.0,3,9,
2026-09-18 05:49:33,982573,4331485,Game 1: Both Teams Destroy Inhibitors?,prop,1,2026-09-18 09:00:00,190.4,Yes,33496310638341140567289641614598313621243227379013298590125422491313191820792,0.02,0.26,0.14,0.24,1.21,1.21,1.21,101.19,101.19,101.19,2,9,
2026-09-18 05:49:33,982573,4331485,Game 1: Both Teams Destroy Inhibitors?,prop,1,2026-09-18 09:00:00,190.4,No,81980797268112496572123764802564210517169522848702877553505981575930551535897,0.74,0.98,0.86,0.24,287.99,287.99,287.99,107.28,107.28,107.28,9,2,
2026-09-18 05:49:33,982573,4331486,Game 1: Any Player Quadra Kill?,prop,1,2026-09-18 09:00:00,190.4,Yes,74222655858144934432934920784275645990416131405252677212894677782895736457599,0.02,0.98,0.5,0.96,0.25,0.25,0.25,217.75,217.75,217.75,2,2,
2026-09-18 05:49:33,982573,4331486,Game 1: Any Player Quadra Kill?,prop,1,2026-09-18 09:00:00,190.4,No,102355334580310326715461213263953789617626449575681137398366745076761275873041,0.02,0.98,0.5,0.96,2.25,2.25,2.25,19.75,19.75,19.75,2,2,
2026-09-18 05:49:33,982573,4331487,Game 1: Any Player Penta Kill?,prop,1,2026-09-18 09:00:00,190.4,Yes,13014769994116469090867062696501600744380650716090144700619505276453887115013,0.02,0.29,0.155,0.27,0.25,0.25,0.25,9.62,9.62,9.62,2,11,
2026-09-18 05:49:33,982573,4331487,Game 1: Any Player Penta Kill?,prop,1,2026-09-18 09:00:00,190.4,No,34772986514217831261938445429906557361572559134946604972801838089608825873029,0.71,0.98,0.845,0.27,23.38,23.38,23.38,19.75,19.75,19.75,11,2,
2026-09-18 05:49:33,982573,4331488,Game 1: Odd/Even Total Kills?,odd_even,1,2026-09-18 09:00:00,190.4,Odd,62660671227335510179168530333009740792016404149342951362862366700885850452264,0.49,0.51,0.5,0.02,122.61,122.61,407.22,126.21,126.21,474.08,12,12,3.92157
2026-09-18 05:49:33,982573,4331488,Game 1: Odd/Even Total Kills?,odd_even,1,2026-09-18 09:00:00,190.4,Even,86625626726360214349089907545424119804103324479702399418201773357950190113236,0.49,0.51,0.5,0.02,120.68,120.68,405.29,128.22,128.22,476.09,12,12,3.92157
2026-09-18 05:49:33,982573,4331489,Game 2: Both Teams Slay Baron Nashor?,prop,2,2026-09-18 09:00:00,190.4,Yes,41342127067487313911108938826811519336095071705270524798896840041453101934148,0.08,0.32,0.2,0.24,115.32,115.32,115.32,135.53,135.53,135.53,3,10,
2026-09-18 05:49:33,982573,4331489,Game 2: Both Teams Slay Baron Nashor?,prop,2,2026-09-18 09:00:00,190.4,No,111509972535042730010856919460410663375765216849894041182143711121105317807838,0.68,0.92,0.8,0.24,287.99,287.99,287.99,1326.18,1326.18,1326.18,10,3,
2026-09-18 05:49:33,982573,4331490,Game 2: Both Teams Slay a Dragon?,prop,2,2026-09-18 09:00:00,190.4,Yes,29671016959600544449364630377356870154094339570710597486679717974292680475171,0.64,0.88,0.76,0.24,288.0,288.0,288.0,979.95,979.95,979.95,9,3,
2026-09-18 05:49:33,982573,4331490,Game 2: Both Teams Slay a Dragon?,prop,2,2026-09-18 09:00:00,190.4,No,107549784474042338846508783056825260092296231825534887840568409084429764288656,0.12,0.36,0.24,0.24,133.63,133.63,133.63,162.0,162.0,162.0,3,9,
2026-09-18 05:49:33,982573,4331491,Game 2: Both Teams Destroy Inhibitors?,prop,2,2026-09-18 09:00:00,190.4,Yes,106456649656314759426504131066603666133521683277296497028206703353498281106324,0.02,0.26,0.14,0.24,1.21,1.21,1.21,101.19,101.19,101.19,2,9,
2026-09-18 05:49:33,982573,4331491,Game 2: Both Teams Destroy Inhibitors?,prop,2,2026-09-18 09:00:00,190.4,No,58833911629740796169866837922009058593213763011498146584561469322291297036055,0.74,0.98,0.86,0.24,287.99,287.99,287.99,107.28,107.28,107.28,9,2,
2026-09-18 05:49:33,982573,4331492,Game 2: Any Player Quadra Kill?,prop,2,2026-09-18 09:00:00,190.4,Yes,14693376937511958749082437572229077947632410748994499070645100368182611544988,0.02,0.98,0.5,0.96,0.25,0.25,0.25,217.75,217.75,217.75,2,2,
2026-09-18 05:49:33,982573,4331492,Game 2: Any Player Quadra Kill?,prop,2,2026-09-18 09:00:00,190.4,No,82500810689071534610110074297536274925242701396928936307235427224609831802199,0.02,0.98,0.5,0.96,2.25,2.25,2.25,19.75,19.75,19.75,2,2,
2026-09-18 05:49:33,982573,4331493,Game 2: Any Player Penta Kill?,prop,2,2026-09-18 09:00:00,190.4,Yes,21062417474853573651308455662373881851132933973506153213234652469300839145078,0.02,0.39,0.205,0.37,0.25,0.25,0.25,14.87,14.87,14.87,2,10,
2026-09-18 05:49:33,982573,4331493,Game 2: Any Player Penta Kill?,prop,2,2026-09-18 09:00:00,190.4,No,1112864713813270086086366816431040478337710684470991408642556218969963898544,0.61,0.98,0.795,0.37,23.13,23.13,23.13,19.75,19.75,19.75,10,2,
2026-09-18 05:49:33,982573,4331494,Game 2: Odd/Even Total Kills?,odd_even,2,2026-09-18 09:00:00,190.4,Odd,99517002667051925686376408510947898862029013466946005231403812158745025296477,0.49,0.51,0.5,0.02,120.16,120.16,404.77,124.67,124.67,472.53,12,12,1.960785
2026-09-18 05:49:33,982573,4331494,Game 2: Odd/Even Total Kills?,odd_even,2,2026-09-18 09:00:00,190.4,Even,42400527170994277209918785860938065221576184220944025051907165693141973624170,0.49,0.51,0.5,0.02,119.19,119.19,403.81,125.67,125.67,473.54,12,12,1.960785
2026-09-18 05:49:33,982573,4331495,Game 3: Both Teams Slay Baron Nashor?,prop,3,2026-09-18 09:00:00,190.4,Yes,100615225469678516637100252180193807631111015863000085070839837870822686427020,0.06,0.32,0.19,0.26,113.94,113.94,115.15,135.53,135.53,135.53,3,10,
2026-09-18 05:49:33,982573,4331495,Game 3: Both Teams Slay Baron Nashor?,prop,3,2026-09-18 09:00:00,190.4,No,46955751521910111044166522228003741940207032819698140587196533197831555757819,0.68,0.94,0.81,0.26,287.99,287.99,287.99,1785.06,1785.06,1892.34,10,3,
2026-09-18 05:49:33,982573,4331496,Game 3: Both Teams Slay a Dragon?,prop,3,2026-09-18 09:00:00,190.4,Yes,4670183821119206359526023111409894551665868047432599243259637921153187172717,0.64,0.88,0.76,0.24,288.0,288.0,288.0,974.08,974.08,974.08,9,3,
2026-09-18 05:49:33,982573,4331496,Game 3: Both Teams Slay a Dragon?,prop,3,2026-09-18 09:00:00,190.4,No,38593090958733470835228420126115359981979474045804370023403299652308248831353,0.12,0.36,0.24,0.24,132.83,132.83,132.83,162.0,162.0,162.0,3,9,
2026-09-18 05:49:33,982573,4331497,Game 3: Both Teams Destroy Inhibitors?,prop,3,2026-09-18 09:00:00,190.4,Yes,1215979821663579890622109071708358072621837150074844548776910040155971388845,0.02,0.26,0.14,0.24,102.01,102.01,102.01,101.19,101.19,101.19,2,9,
2026-09-18 05:49:33,982573,4331497,Game 3: Both Teams Destroy Inhibitors?,prop,3,2026-09-18 09:00:00,190.4,No,47902518701959667302199155554102103330100135028613664566795560480906453090832,0.74,0.98,0.86,0.24,287.99,287.99,287.99,10058.66,10058.66,10058.66,9,2,
2026-09-18 05:49:33,982573,4331498,Game 3: Any Player Quadra Kill?,prop,3,2026-09-18 09:00:00,190.4,Yes,15922936496282613281609039725819938050060833441944504274041889468452173845351,0.02,0.98,0.5,0.96,0.25,0.25,0.25,217.75,217.75,217.75,2,2,
2026-09-18 05:49:33,982573,4331498,Game 3: Any Player Quadra Kill?,prop,3,2026-09-18 09:00:00,190.4,No,4678882946522200766322009748845678331259642107366239394532583463580475178637,0.02,0.98,0.5,0.96,2.25,2.25,2.25,19.75,19.75,19.75,2,2,
2026-09-18 05:49:33,982573,4331499,Game 3: Any Player Penta Kill?,prop,3,2026-09-18 09:00:00,190.4,Yes,9309073005103962031278982095369128276770828017424384726613052323281189333342,0.02,0.5,0.26,0.48,0.25,0.25,0.25,20.0,20.0,20.0,2,9,
2026-09-18 05:49:33,982573,4331499,Game 3: Any Player Penta Kill?,prop,3,2026-09-18 09:00:00,190.4,No,80165585327758137245979036517319116700233008723213890564248458303429726634558,0.5,0.98,0.74,0.48,20.0,20.0,20.0,19.75,19.75,19.75,9,2,
2026-09-18 05:49:33,982573,4331500,Game 3: Odd/Even Total Kills?,odd_even,3,2026-09-18 09:00:00,190.4,Odd,67227166389219370176016583535640582218076399796598806333396084223855869290317,0.49,0.51,0.5,0.02,120.16,120.16,404.77,124.67,124.67,472.53,12,12,1.960785
2026-09-18 05:49:33,982573,4331500,Game 3: Odd/Even Total Kills?,odd_even,3,2026-09-18 09:00:00,190.4,Even,41660594314362441933106607647414129765660258200764116580498777612534541363897,0.49,0.51,0.5,0.02,119.19,119.19,403.81,125.67,125.67,473.54,12,12,1.960785
2026-09-18 05:49:33,982573,4331501,Game 4: Both Teams Slay Baron Nashor?,prop,4,2026-09-18 09:00:00,190.4,Yes,91053150325724801816506145125208869220678169137723543082128461361971163925817,0.02,0.98,0.5,0.96,1.21,1.21,1.21,270.7,270.7,270.7,2,2,
2026-09-18 05:49:33,982573,4331501,Game 4: Both Teams Slay Baron Nashor?,prop,4,2026-09-18 09:00:00,190.4,No,33027071773225523154200955759565107620295049357510592137393254066110409348503,0.02,0.98,0.5,0.96,3.21,3.21,3.21,107.28,107.28,107.28,2,2,
2026-09-18 05:49:33,982573,4331502,Game 4: Both Teams Slay a Dragon?,prop,4,2026-09-18 09:00:00,190.4,Yes,11372936005038337682501721216571490803612687347900817169984715644306259377099,0.02,0.98,0.5,0.96,2.4,2.4,2.4,107.28,107.28,107.28,2,2,
2026-09-18 05:49:33,982573,4331502,Game 4: Both Teams Slay a Dragon?,prop,4,2026-09-18 09:00:00,190.4,No,82752337875538268962471388782753443316630480770543933929117048175580185583781,0.02,0.98,0.5,0.96,1.21,1.21,1.21,232.53,232.53,232.53,2,2,
2026-09-18 05:49:33,982573,4331503,Game 4: Both Teams Destroy Inhibitors?,prop,4,2026-09-18 09:00:00,190.4,Yes,20103698712173859903829820952687250554826574556759543553400674611829572849481,0.02,0.98,0.5,0.96,1.21,1.21,1.21,272.25,272.25,272.25,2,2,
2026-09-18 05:49:33,982573,4331503,Game 4: Both Teams Destroy Inhibitors?,prop,4,2026-09-18 09:00:00,190.4,No,89455399219037642465039359889137747095520207964874625212307664274290738519720,0.02,0.98,0.5,0.96,3.21,3.21,3.21,107.28,107.28,107.28,2,2,
2026-09-18 05:49:33,982573,4331504,Game 4: Any Player Quadra Kill?,prop,4,2026-09-18 09:00:00,190.4,Yes,86729132453151123960161711084056501143896155802958565383271950858277939481592,0.02,0.98,0.5,0.96,0.25,0.25,0.25,217.75,217.75,217.75,2,2,
2026-09-18 05:49:33,982573,4331504,Game 4: Any Player Quadra Kill?,prop,4,2026-09-18 09:00:00,190.4,No,73856923043354350516265045737626064914874772982551085294108158599421741926581,0.02,0.98,0.5,0.96,2.25,2.25,2.25,19.75,19.75,19.75,2,2,
2026-09-18 05:49:33,982573,4331505,Game 4: Any Player Penta Kill?,prop,4,2026-09-18 09:00:00,190.4,Yes,95471029785190658249271107559085277594460869785301176491064959350613116757025,0.02,0.98,0.5,0.96,0.25,0.25,0.25,217.75,217.75,217.75,2,2,
2026-09-18 05:49:33,982573,4331505,Game 4: Any Player Penta Kill?,prop,4,2026-09-18 09:00:00,190.4,No,24019258235427109283398166929535391313889484786480012416555835676599231677285,0.02,0.98,0.5,0.96,2.25,2.25,2.25,19.75,19.75,19.75,2,2,
2026-09-18 05:49:33,982573,4331506,Game 4: Odd/Even Total Kills?,odd_even,4,2026-09-18 09:00:00,190.4,Odd,27003552917149566572651639076986003725398589474350578655530128653556251939332,0.49,0.51,0.5,0.02,120.16,120.16,404.77,124.67,124.67,472.53,12,12,1.960785
2026-09-18 05:49:33,982573,4331506,Game 4: Odd/Even Total Kills?,odd_even,4,2026-09-18 09:00:00,190.4,Even,59462802745189966497150866567268369049029079546047014635357596777802395294369,0.49,0.51,0.5,0.02,119.19,119.19,403.81,125.67,125.67,473.54,12,12,1.960785
2026-09-18 05:49:33,982573,4331507,Game 5: Both Teams Slay Baron Nashor?,prop,5,2026-09-18 09:00:00,190.4,Yes,16565497011615402766708497105228173163882918964953459714245276252381037651212,0.02,0.98,0.5,0.96,1.21,1.21,1.21,272.24,272.24,272.24,2,2,
2026-09-18 05:49:33,982573,4331507,Game 5: Both Teams Slay Baron Nashor?,prop,5,2026-09-18 09:00:00,190.4,No,38321807124122496073015412591741021826554786473176894668199498825945547887256,0.02,0.98,0.5,0.96,3.21,3.21,3.21,107.28,107.28,107.28,2,2,
2026-09-18 05:49:33,982573,4331508,Game 5: Both Teams Slay a Dragon?,prop,5,2026-09-18 09:00:00,190.4,Yes,20535191153792526801040366527813270831695727763023223904907094857723775355380,0.02,0.98,0.5,0.96,3.21,3.21,3.21,107.28,107.28,107.28,2,2,
2026-09-18 05:49:33,982573,4331508,Game 5: Both Teams Slay a Dragon?,prop,5,2026-09-18 09:00:00,190.4,No,86409492549111398910751278494181292669402674004705291627353119912055691188294,0.02,0.98,0.5,0.96,1.21,1.21,1.21,272.25,272.25,272.25,2,2,
2026-09-18 05:49:33,982573,4331509,Game 5: Both Teams Destroy Inhibitors?,prop,5,2026-09-18 09:00:00,190.4,Yes,27902276393776086007716382126019733956983108519466730719262496286667998335232,0.02,0.98,0.5,0.96,1.21,1.21,1.21,272.25,272.25,272.25,2,2,
2026-09-18 05:49:33,982573,4331509,Game 5: Both Teams Destroy Inhibitors?,prop,5,2026-09-18 09:00:00,190.4,No,74915061669436794415717810374285650594908783858703913024115368106506101170366,0.02,0.98,0.5,0.96,3.21,3.21,3.21,107.28,107.28,107.28,2,2,
2026-09-18 05:49:33,982573,4331510,Game 5: Any Player Quadra Kill?,prop,5,2026-09-18 09:00:00,190.4,Yes,25041869540832405180480234921168313787573407983756820796679584613003871812951,0.04,0.98,0.51,0.94,28.64,28.89,28.89,217.75,217.75,217.75,4,2,
2026-09-18 05:49:33,982573,4331510,Game 5: Any Player Quadra Kill?,prop,5,2026-09-18 09:00:00,190.4,No,45797968991409847759584217932570718230787108245969823885558607762731892917931,0.02,0.96,0.49,0.94,2.25,2.25,2.25,773.35,793.1,793.1,2,4,
2026-09-18 05:49:33,982573,4331511,Game 5: Any Player Penta Kill?,prop,5,2026-09-18 09:00:00,190.4,Yes,99485007740689348042635473876824133818167164488540594057240662832686249230778,0.05,0.98,0.515,0.93,28.65,28.75,28.9,217.75,217.75,217.75,3,2,
2026-09-18 05:49:33,982573,4331511,Game 5: Any Player Penta Kill?,prop,5,2026-09-18 09:00:00,190.4,No,19361481950678478115150766057189926867854737408428490703221326479365721844492,0.02,0.95,0.485,0.93,2.25,2.25,2.25,544.35,549.25,564.1,2,3,
2026-09-18 05:49:33,982573,4331512,Game 5: Odd/Even Total Kills?,odd_even,5,2026-09-18 09:00:00,190.4,Odd,19633329449725162339439495816676989880358852872111155998786755722803722315128,0.49,0.51,0.5,0.02,120.16,120.16,404.77,124.67,124.67,472.53,12,12,1.960785
2026-09-18 05:49:33,982573,4331512,Game 5: Odd/Even Total Kills?,odd_even,5,2026-09-18 09:00:00,190.4,Even,49614203233114064051193983809988981047663588280821675298771106000539940224985,0.49,0.51,0.5,0.02,119.19,119.19,403.81,125.67,125.67,473.54,12,12,1.960785
2026-09-18 05:49:33,982573,4635723,Game Handicap: JDG (-2.5) vs Team WE (+2.5),handicap,,2026-09-18 09:00:00,190.4,JD Gaming,76420306826356197237793957431107175847319560977382094132279236962696362219047,0.17,0.18,0.175,0.01,240.27,330.88,598.22,127.52,361.75,640.32,17,24,1654.995537
2026-09-18 05:49:33,982573,4635723,Game Handicap: JDG (-2.5) vs Team WE (+2.5),handicap,,2026-09-18 09:00:00,190.4,Team WE,98247695638928380977804321179756526239332327454751145304390462622665077550596,0.82,0.83,0.825,0.01,569.01,1457.94,2445.37,1245.6,1765.72,3646.38,24,17,1654.995537
2026-09-18 05:49:33,982573,4635724,Game Handicap: JDG (-1.5) vs Team WE (+1.5),handicap,,2026-09-18 09:00:00,190.4,JD Gaming,77272620931295608394822902719474686399898912728194494198902796117068409845118,0.39,0.4,0.395,0.01,11648.38,11946.79,12591.79,970.11,7421.12,7423.32,27,29,30810.471182
2026-09-18 05:49:33,982573,4635724,Game Handicap: JDG (-1.5) vs Team WE (+1.5),handicap,,2026-09-18 09:00:00,190.4,Team WE,100560178874606191791663147861096750564696136600853908902264433559108571664831,0.6,0.61,0.605,0.01,1442.9,10274.32,10277.12,18221.91,18740.65,19970.65,29,27,30810.471182
2026-09-18 05:49:33,982573,4635725,First Blood in Game 3?,first_blood,3,2026-09-18 09:00:00,190.4,Team WE,33529193244353235683517280452810839876577542819898609456430904640232796018220,0.47,0.52,0.495,0.05,148.73,326.26,326.26,136.91,136.91,136.91,13,12,
2026-09-18 05:49:33,982573,4635725,First Blood in Game 3?,first_blood,3,2026-09-18 09:00:00,190.4,JD Gaming,1346040960623821967445224639672445473158827368981485717315755152038925341562,0.48,0.53,0.505,0.05,126.38,126.38,126.38,173.94,399.89,399.89,12,13,
2026-09-18 05:49:33,982573,4635726,First Blood in Game 2?,first_blood,2,2026-09-18 09:00:00,190.4,Team WE,64247126058212563554990295665568751847788505015709435172305151370573825025041,0.46,0.51,0.485,0.05,19.84,417.37,417.37,157.31,157.31,411.15,13,12,118.738564
2026-09-18 05:49:33,982573,4635726,First Blood in Game 2?,first_blood,2,2026-09-18 09:00:00,190.4,JD Gaming,40524605988222656761821992861399507200864773020328512368182899666687727507382,0.49,0.54,0.515,0.05,145.98,145.98,353.67,23.94,529.89,529.89,12,13,118.738564
2026-09-18 05:49:33,982573,4635727,First Blood in Game 1?,first_blood,1,2026-09-18 09:00:00,190.4,Team WE,53304266088786300121273330968520878514837963955013663490302850498480286469678,0.47,0.51,0.49,0.04,148.73,512.41,512.41,152.21,422.21,489.41,13,14,9.333334
2026-09-18 05:49:33,982573,4635727,First Blood in Game 1?,first_blood,1,2026-09-18 09:00:00,190.4,JD Gaming,63617723053610587300848306449366373557109726276960283891308320624178387992851,0.49,0.53,0.51,0.04,141.08,371.08,423.88,173.94,636.82,636.82,14,13,9.333334
2026-09-18 05:49:33,982573,4635728,First Blood in Game 4?,first_blood,4,2026-09-18 09:00:00,190.4,Team WE,17602010754585184492065142341058150089829922867388598630462669288285642759212,0.45,0.98,0.715,0.53,402.73,402.73,406.83,275.09,275.09,275.09,10,2,
2026-09-18 05:49:33,982573,4635728,First Blood in Game 4?,first_blood,4,2026-09-18 09:00:00,190.4,JD Gaming,69518797345298414237811287364274582846899582584829247757272387153318353614010,0.02,0.55,0.285,0.53,3.16,3.16,3.16,231.88,231.88,237.78,2,10,
2026-09-18 05:49:33,982573,4635729,Total Kills Over/Under 27.5 in Game 2?,total_kills,2,2026-09-18 09:00:00,190.4,Over,91147325618298628137432538986130808001488666785389767077931604737261036153315,0.58,0.62,0.6,0.04,27.92,455.66,455.66,403.83,890.08,890.08,19,22,30
2026-09-18 05:49:33,982573,4635729,Total Kills Over/Under 27.5 in Game 2?,total_kills,2,2026-09-18 09:00:00,190.4,Under,3322497138540501662614164693296830539677427544117884513746415935765039188800,0.38,0.42,0.4,0.04,243.48,507.23,507.23,20.21,370.19,370.19,22,19,30
2026-09-18 05:49:33,982573,4635730,Total Kills Over/Under 27.5 in Game 3?,total_kills,3,2026-09-18 09:00:00,190.4,Over,17740018313323531352619404591061674354781620869048583802383965499613380370720,0.56,0.62,0.59,0.06,419.78,419.78,499.78,258.6,824.85,907.35,20,23,
2026-09-18 05:49:33,982573,4635730,Total Kills Over/Under 27.5 in Game 3?,total_kills,3,2026-09-18 09:00:00,190.4,Under,72637627671915546167885127644301517463939348144671175885040556049196873754332,0.38,0.44,0.41,0.06,152.45,461.2,503.7,338.89,338.89,412.73,23,20,
2026-09-18 05:49:33,982573,4635731,Total Kills Over/Under 27.5 in Game 1?,total_kills,1,2026-09-18 09:00:00,190.4,Over,43084804343609419361652521946962747691689669725316579572563934265034435504570,0.55,0.59,0.57,0.04,594.39,594.39,594.39,25.05,398.85,557.6,19,24,51.422414
2026-09-18 05:49:33,982573,4635731,Total Kills Over/Under 27.5 in Game 1?,total_kills,1,2026-09-18 09:00:00,190.4,Under,47148666758089554798881518145674719464074616339571143070940988331463259789553,0.41,0.45,0.43,0.04,16.8,251.68,342.93,491.13,491.13,491.13,24,19,51.422414
2026-09-18 05:49:33,982573,4635732,Total Kills Over/Under 27.5 in Game 4?,total_kills,4,2026-09-18 09:00:00,190.4,Over,102795125203974792660678678123285969914701801988393928679773193234759757307634,0.28,0.82,0.55,0.54,165.12,165.12,169.72,9.02,29.71,59.03,15,13,
2026-09-18 05:49:33,982573,4635732,Total Kills Over/Under 27.5 in Game 4?,total_kills,4,2026-09-18 09:00:00,190.4,Under,47759194526521083668343201452047973837046272317494193133642497445926086476927,0.18,0.72,0.45,0.54,1.98,5.69,10.3,446.02,446.02,461.42,13,15,
2026-09-18 05:49:33,982573,4635734,Total Kills Over/Under 30.5 in Game 2?,total_kills,2,2026-09-18 09:00:00,190.4,Over,10577294599616881420554588215113431557937123553532613716247440033733590817603,0.44,0.45,0.445,0.01,188.36,331.09,331.09,2.57,12.49,271.43,22,22,98.606567
2026-09-18 05:49:33,982573,4635734,Total Kills Over/Under 30.5 in Game 2?,total_kills,2,2026-09-18 09:00:00,190.4,Under,104053707391432281646579416378051909171319615200406772950659665015206476746305,0.55,0.56,0.555,0.01,3.14,13.88,278.29,249.56,446.68,446.68,22,22,98.606567
2026-09-18 05:49:33,982573,4635733,Total Kills Over/Under 30.5 in Game 3?,total_kills,3,2026-09-18 09:00:00,190.4,Over,64484331970451845252116105624794947862273146890752351804046825739125226052150,0.46,0.49,0.475,0.03,48.16,356.46,356.46,272.79,401.54,401.54,23,20,144.110686
2026-09-18 05:49:33,982573,4635733,Total Kills Over/Under 30.5 in Game 3?,total_kills,3,2026-09-18 09:00:00,190.4,Under,108325310407990742972957328632398293695621811367399273833858388890578669226885,0.51,0.54,0.525,0.03,278.64,399.89,399.89,58.23,466.9,466.9,20,23,144.110686
2026-09-18 05:49:33,982573,4635736,Total Kills Over/Under 30.5 in Game 1?,total_kills,1,2026-09-18 09:00:00,190.4,Over,32349457260489922256721836845198994086478872555664444310085895288389081700072,0.43,0.46,0.445,0.03,203.84,329.57,329.57,6.64,222.78,285.28,20,23,411.22035
2026-09-18 05:49:33,982573,4635736,Total Kills Over/Under 30.5 in Game 1?,total_kills,1,2026-09-18 09:00:00,190.4,Under,41475759221345039664930402332912212838709271075562972028905511863264889517546,0.54,0.57,0.555,0.03,7.6,237.68,300.18,279.98,461.51,461.51,23,20,411.22035
2026-09-18 05:49:33,982573,4635735,Total Kills Over/Under 30.5 in Game 4?,total_kills,4,2026-09-18 09:00:00,190.4,Over,40469553593262350511173488778948782295755464528432729113960152874603118966883,0.43,0.5,0.465,0.07,185.13,390.13,390.13,93.46,100.8,100.8,19,20,
2026-09-18 05:49:33,982573,4635735,Total Kills Over/Under 30.5 in Game 4?,total_kills,4,2026-09-18 09:00:00,190.4,Under,11001780019454736420713068231782741626995179144660322039569560785638918616771,0.5,0.57,0.535,0.07,90.38,97.06,97.06,245.53,540.53,540.53,20,19,
2026-09-18 05:55:11,982573,4331476,LoL: Team WE vs JD Gaming - Game 1 Winner,map,1,2026-09-18 09:00:00,184.8,Team WE,40745930449180776517985296017616838776773627946026056466960742451029179689887,0.43,0.44,0.435,0.01,3922.5,7810.41,8691.13,1506.17,4577.81,8493.2,30,36,28500.258924
2026-09-18 05:55:11,982573,4331476,LoL: Team WE vs JD Gaming - Game 1 Winner,map,1,2026-09-18 09:00:00,184.8,JD Gaming,86842978223026466862449934105595250822075305679428664631958332197768084254089,0.56,0.57,0.565,0.01,1850.09,5417.29,9611.49,5279.46,11048.47,12479.04,36,30,28500.258924
2026-09-18 05:55:11,982573,4331477,LoL: Team WE vs JD Gaming - Game 2 Winner,map,2,2026-09-18 09:00:00,184.8,Team WE,9061313218244180837051497559158858646811270299308508261997696114745098238414,0.43,0.44,0.435,0.01,1845.05,10173.91,11406.46,316.25,1278.86,3798.65,28,37,14685.860828
2026-09-18 05:55:11,982573,4331477,LoL: Team WE vs JD Gaming - Game 2 Winner,map,2,2026-09-18 09:00:00,184.8,JD Gaming,93412316568558393447369938861531141407815845492045702627687438374646039250411,0.56,0.57,0.565,0.01,398.29,1517.96,4199.44,2490.02,14918.83,16925.85,37,28,14685.860828
2026-09-18 05:55:11,982573,4331478,LoL: Team WE vs JD Gaming - Game 3 Winner,map,3,2026-09-18 09:00:00,184.8,Team WE,59075734185870747323062647896339068768798345735884789910250736832849418334729,0.44,0.45,0.445,0.01,562.97,2300.71,4551.23,713.65,2175.82,4620.09,30,36,10798.253658000001
2026-09-18 05:55:11,982573,4331478,LoL: Team WE vs JD Gaming - Game 3 Winner,map,3,2026-09-18 09:00:00,184.8,JD Gaming,37500660245657084331639369031860463676916097652659219943216216830842159610230,0.55,0.56,0.555,0.01,837.97,2432.77,4956.41,742.96,3203.31,6579.22,36,30,10798.253658000001
2026-09-18 05:55:11,982573,4331479,LoL: Team WE vs JD Gaming - Game 4 Winner,map,4,2026-09-18 09:00:00,184.8,Team WE,80691052854214809326719106515264914217605219336036181633274369620112133821371,0.49,0.51,0.5,0.02,15.0,79.09,261.19,10.3,10.3,10.3,18,18,
2026-09-18 05:55:11,982573,4331479,LoL: Team WE vs JD Gaming - Game 4 Winner,map,4,2026-09-18 09:00:00,184.8,JD Gaming,45849621980135139866236084775772921551194490231892728647209577042730716062625,0.49,0.51,0.5,0.02,9.89,9.89,9.89,16.03,90.58,313.14,18,18,
2026-09-18 05:55:11,982573,4331480,LoL: Team WE vs JD Gaming (BO5) - LPL Regional Finals Playoffs,series,,2026-09-18 09:00:00,184.8,Team WE,36590174590310721499058030844565262384974738546991011333755092074521980597514,0.41,0.42,0.415,0.01,28462.5,64013.49,75098.72,59290.45,66922.68,69723.71,31,49,253436.02251499996
2026-09-18 05:55:11,982573,4331480,LoL: Team WE vs JD Gaming (BO5) - LPL Regional Finals Playoffs,series,,2026-09-18 09:00:00,184.8,JD Gaming,67744481945829638317312543005094851806629911488970110063871681512449303580853,0.58,0.59,0.585,0.01,80064.03,89686.59,92940.39,42174.29,99392.58,118542.76,49,31,253436.02251499996
2026-09-18 05:55:11,982573,4331481,Games Total: O/U 3.5,total_games,,2026-09-18 09:00:00,184.8,Over,91962849062155480119007381156104522943527001376896833131919123133018437554198,0.74,0.76,0.75,0.02,1057.48,5926.36,6313.49,27881.96,30797.83,33296.62,34,20,20593.333809000003
2026-09-18 05:55:11,982573,4331481,Games Total: O/U 3.5,total_games,,2026-09-18 09:00:00,184.8,Under,62016153694274205744971896466924860010101880823066151324323366023947768830072,0.24,0.26,0.25,0.02,8461.64,9264.66,9851.65,385.29,2281.26,2454.36,20,34,20593.333809000003
2026-09-18 05:55:11,982573,4331482,Games Total: O/U 4.5,total_games,,2026-09-18 09:00:00,184.8,Over,64141252723776535279533863572243597242287169602988797395052535386307705961707,0.33,0.34,0.335,0.01,7680.86,11558.34,12178.41,138.13,1537.58,11683.09,23,34,12262.264513
2026-09-18 05:55:11,982573,4331482,Games Total: O/U 4.5,total_games,,2026-09-18 09:00:00,184.8,Under,60787941284574645408897256455198781956705499239196188005736390780601879702948,0.66,0.67,0.665,0.01,263.59,2738.04,18613.68,16309.36,25283.26,26803.24,34,23,12262.264513
2026-09-18 05:55:11,982573,4331483,Game 1: Both Teams Slay Baron Nashor?,prop,1,2026-09-18 09:00:00,184.8,Yes,39714772678029890439686559884173048371971219211892603264170731115436673120626,0.08,0.32,0.2,0.24,115.49,115.49,115.49,135.53,135.53,135.53,3,10,
2026-09-18 05:55:11,982573,4331483,Game 1: Both Teams Slay Baron Nashor?,prop,1,2026-09-18 09:00:00,184.8,No,52948375182602937052609566346634770822838770282285310147700401776125439695034,0.68,0.92,0.8,0.24,287.99,287.99,287.99,1328.13,1328.13,1328.13,10,3,
2026-09-18 05:55:11,982573,4331484,Game 1: Both Teams Slay a Dragon?,prop,1,2026-09-18 09:00:00,184.8,Yes,23103993057929306486934976569184723197173691265189961317227556768851631350445,0.64,0.88,0.76,0.24,288.0,288.0,288.0,977.24,977.24,977.24,9,3,
2026-09-18 05:55:11,982573,4331484,Game 1: Both Teams Slay a Dragon?,prop,1,2026-09-18 09:00:00,184.8,No,91722946303559450432812921544486757430683160067362234299030496214538641494668,0.12,0.36,0.24,0.24,133.26,133.26,133.26,162.0,162.0,162.0,3,9,
2026-09-18 05:55:11,982573,4331485,Game 1: Both Teams Destroy Inhibitors?,prop,1,2026-09-18 09:00:00,184.8,Yes,33496310638341140567289641614598313621243227379013298590125422491313191820792,0.02,0.26,0.14,0.24,1.21,1.21,1.21,101.19,101.19,101.19,2,9,
2026-09-18 05:55:11,982573,4331485,Game 1: Both Teams Destroy Inhibitors?,prop,1,2026-09-18 09:00:00,184.8,No,81980797268112496572123764802564210517169522848702877553505981575930551535897,0.74,0.98,0.86,0.24,287.99,287.99,287.99,107.28,107.28,107.28,9,2,
2026-09-18 05:55:11,982573,4331486,Game 1: Any Player Quadra Kill?,prop,1,2026-09-18 09:00:00,184.8,Yes,74222655858144934432934920784275645990416131405252677212894677782895736457599,0.02,0.98,0.5,0.96,0.25,0.25,0.25,217.75,217.75,217.75,2,2,
2026-09-18 05:55:11,982573,4331486,Game 1: Any Player Quadra Kill?,prop,1,2026-09-18 09:00:00,184.8,No,102355334580310326715461213263953789617626449575681137398366745076761275873041,0.02,0.98,0.5,0.96,2.25,2.25,2.25,19.75,19.75,19.75,2,2,
2026-09-18 05:55:11,982573,4331487,Game 1: Any Player Penta Kill?,prop,1,2026-09-18 09:00:00,184.8,Yes,13014769994116469090867062696501600744380650716090144700619505276453887115013,0.02,0.29,0.155,0.27,0.25,0.25,0.25,9.62,9.62,9.62,2,11,
2026-09-18 05:55:11,982573,4331487,Game 1: Any Player Penta Kill?,prop,1,2026-09-18 09:00:00,184.8,No,34772986514217831261938445429906557361572559134946604972801838089608825873029,0.71,0.98,0.845,0.27,23.38,23.38,23.38,19.75,19.75,19.75,11,2,
2026-09-18 05:55:11,982573,4331488,Game 1: Odd/Even Total Kills?,odd_even,1,2026-09-18 09:00:00,184.8,Odd,62660671227335510179168530333009740792016404149342951362862366700885850452264,0.49,0.51,0.5,0.02,122.61,122.61,407.22,126.21,126.21,474.08,12,12,3.92157
2026-09-18 05:55:11,982573,4331488,Game 1: Odd/Even Total Kills?,odd_even,1,2026-09-18 09:00:00,184.8,Even,86625626726360214349089907545424119804103324479702399418201773357950190113236,0.49,0.51,0.5,0.02,120.68,120.68,405.29,128.22,128.22,476.09,12,12,3.92157
2026-09-18 05:55:11,982573,4331489,Game 2: Both Teams Slay Baron Nashor?,prop,2,2026-09-18 09:00:00,184.8,Yes,41342127067487313911108938826811519336095071705270524798896840041453101934148,0.08,0.32,0.2,0.24,115.32,115.32,115.32,135.53,135.53,135.53,3,10,
2026-09-18 05:55:11,982573,4331489,Game 2: Both Teams Slay Baron Nashor?,prop,2,2026-09-18 09:00:00,184.8,No,111509972535042730010856919460410663375765216849894041182143711121105317807838,0.68,0.92,0.8,0.24,287.99,287.99,287.99,1326.18,1326.18,1326.18,10,3,
2026-09-18 05:55:11,982573,4331490,Game 2: Both Teams Slay a Dragon?,prop,2,2026-09-18 09:00:00,184.8,Yes,29671016959600544449364630377356870154094339570710597486679717974292680475171,0.64,0.88,0.76,0.24,288.0,288.0,288.0,979.95,979.95,979.95,9,3,
2026-09-18 05:55:11,982573,4331490,Game 2: Both Teams Slay a Dragon?,prop,2,2026-09-18 09:00:00,184.8,No,107549784474042338846508783056825260092296231825534887840568409084429764288656,0.12,0.36,0.24,0.24,133.63,133.63,133.63,162.0,162.0,162.0,3,9,
2026-09-18 05:55:11,982573,4331491,Game 2: Both Teams Destroy Inhibitors?,prop,2,2026-09-18 09:00:00,184.8,Yes,106456649656314759426504131066603666133521683277296497028206703353498281106324,0.02,0.26,0.14,0.24,1.21,1.21,1.21,101.19,101.19,101.19,2,9,
2026-09-18 05:55:11,982573,4331491,Game 2: Both Teams Destroy Inhibitors?,prop,2,2026-09-18 09:00:00,184.8,No,58833911629740796169866837922009058593213763011498146584561469322291297036055,0.74,0.98,0.86,0.24,287.99,287.99,287.99,107.28,107.28,107.28,9,2,
2026-09-18 05:55:11,982573,4331492,Game 2: Any Player Quadra Kill?,prop,2,2026-09-18 09:00:00,184.8,Yes,14693376937511958749082437572229077947632410748994499070645100368182611544988,0.02,0.98,0.5,0.96,0.25,0.25,0.25,217.75,217.75,217.75,2,2,
2026-09-18 05:55:11,982573,4331492,Game 2: Any Player Quadra Kill?,prop,2,2026-09-18 09:00:00,184.8,No,82500810689071534610110074297536274925242701396928936307235427224609831802199,0.02,0.98,0.5,0.96,2.25,2.25,2.25,19.75,19.75,19.75,2,2,
2026-09-18 05:55:11,982573,4331493,Game 2: Any Player Penta Kill?,prop,2,2026-09-18 09:00:00,184.8,Yes,21062417474853573651308455662373881851132933973506153213234652469300839145078,0.02,0.39,0.205,0.37,0.25,0.25,0.25,14.87,14.87,14.87,2,10,
2026-09-18 05:55:11,982573,4331493,Game 2: Any Player Penta Kill?,prop,2,2026-09-18 09:00:00,184.8,No,1112864713813270086086366816431040478337710684470991408642556218969963898544,0.61,0.98,0.795,0.37,23.13,23.13,23.13,19.75,19.75,19.75,10,2,
2026-09-18 05:55:11,982573,4331494,Game 2: Odd/Even Total Kills?,odd_even,2,2026-09-18 09:00:00,184.8,Odd,99517002667051925686376408510947898862029013466946005231403812158745025296477,0.49,0.51,0.5,0.02,120.16,120.16,404.77,124.67,124.67,472.53,12,12,1.960785
2026-09-18 05:55:11,982573,4331494,Game 2: Odd/Even Total Kills?,odd_even,2,2026-09-18 09:00:00,184.8,Even,42400527170994277209918785860938065221576184220944025051907165693141973624170,0.49,0.51,0.5,0.02,119.19,119.19,403.81,125.67,125.67,473.54,12,12,1.960785
2026-09-18 05:55:11,982573,4331495,Game 3: Both Teams Slay Baron Nashor?,prop,3,2026-09-18 09:00:00,184.8,Yes,100615225469678516637100252180193807631111015863000085070839837870822686427020,0.06,0.32,0.19,0.26,113.94,113.94,115.15,135.53,135.53,135.53,3,10,
2026-09-18 05:55:11,982573,4331495,Game 3: Both Teams Slay Baron Nashor?,prop,3,2026-09-18 09:00:00,184.8,No,46955751521910111044166522228003741940207032819698140587196533197831555757819,0.68,0.94,0.81,0.26,287.99,287.99,287.99,1785.06,1785.06,1892.34,10,3,
2026-09-18 05:55:11,982573,4331496,Game 3: Both Teams Slay a Dragon?,prop,3,2026-09-18 09:00:00,184.8,Yes,4670183821119206359526023111409894551665868047432599243259637921153187172717,0.64,0.88,0.76,0.24,288.0,288.0,288.0,974.08,974.08,974.08,9,3,
2026-09-18 05:55:11,982573,4331496,Game 3: Both Teams Slay a Dragon?,prop,3,2026-09-18 09:00:00,184.8,No,38593090958733470835228420126115359981979474045804370023403299652308248831353,0.12,0.36,0.24,0.24,132.83,132.83,132.83,162.0,162.0,162.0,3,9,
2026-09-18 05:55:11,982573,4331497,Game 3: Both Teams Destroy Inhibitors?,prop,3,2026-09-18 09:00:00,184.8,Yes,1215979821663579890622109071708358072621837150074844548776910040155971388845,0.02,0.26,0.14,0.24,102.01,102.01,102.01,101.19,101.19,101.19,2,9,
2026-09-18 05:55:11,982573,4331497,Game 3: Both Teams Destroy Inhibitors?,prop,3,2026-09-18 09:00:00,184.8,No,47902518701959667302199155554102103330100135028613664566795560480906453090832,0.74,0.98,0.86,0.24,287.99,287.99,287.99,10058.66,10058.66,10058.66,9,2,
2026-09-18 05:55:11,982573,4331498,Game 3: Any Player Quadra Kill?,prop,3,2026-09-18 09:00:00,184.8,Yes,15922936496282613281609039725819938050060833441944504274041889468452173845351,0.02,0.98,0.5,0.96,0.25,0.25,0.25,217.75,217.75,217.75,2,2,
2026-09-18 05:55:11,982573,4331498,Game 3: Any Player Quadra Kill?,prop,3,2026-09-18 09:00:00,184.8,No,4678882946522200766322009748845678331259642107366239394532583463580475178637,0.02,0.98,0.5,0.96,2.25,2.25,2.25,19.75,19.75,19.75,2,2,
2026-09-18 05:55:11,982573,4331499,Game 3: Any Player Penta Kill?,prop,3,2026-09-18 09:00:00,184.8,Yes,9309073005103962031278982095369128276770828017424384726613052323281189333342,0.02,0.5,0.26,0.48,0.25,0.25,0.25,20.0,20.0,20.0,2,9,
2026-09-18 05:55:11,982573,4331499,Game 3: Any Player Penta Kill?,prop,3,2026-09-18 09:00:00,184.8,No,80165585327758137245979036517319116700233008723213890564248458303429726634558,0.5,0.98,0.74,0.48,20.0,20.0,20.0,19.75,19.75,19.75,9,2,
2026-09-18 05:55:11,982573,4331500,Game 3: Odd/Even Total Kills?,odd_even,3,2026-09-18 09:00:00,184.8,Odd,67227166389219370176016583535640582218076399796598806333396084223855869290317,0.49,0.51,0.5,0.02,120.16,120.16,404.77,124.67,124.67,472.53,12,12,1.960785
2026-09-18 05:55:11,982573,4331500,Game 3: Odd/Even Total Kills?,odd_even,3,2026-09-18 09:00:00,184.8,Even,41660594314362441933106607647414129765660258200764116580498777612534541363897,0.49,0.51,0.5,0.02,119.19,119.19,403.81,125.67,125.67,473.54,12,12,1.960785
2026-09-18 05:55:11,982573,4331501,Game 4: Both Teams Slay Baron Nashor?,prop,4,2026-09-18 09:00:00,184.8,Yes,91053150325724801816506145125208869220678169137723543082128461361971163925817,0.02,0.98,0.5,0.96,1.21,1.21,1.21,270.7,270.7,270.7,2,2,
2026-09-18 05:55:11,982573,4331501,Game 4: Both Teams Slay Baron Nashor?,prop,4,2026-09-18 09:00:00,184.8,No,33027071773225523154200955759565107620295049357510592137393254066110409348503,0.02,0.98,0.5,0.96,3.21,3.21,3.21,107.28,107.28,107.28,2,2,
2026-09-18 05:55:11,982573,4331502,Game 4: Both Teams Slay a Dragon?,prop,4,2026-09-18 09:00:00,184.8,Yes,11372936005038337682501721216571490803612687347900817169984715644306259377099,0.02,0.98,0.5,0.96,2.4,2.4,2.4,107.28,107.28,107.28,2,2,
2026-09-18 05:55:11,982573,4331502,Game 4: Both Teams Slay a Dragon?,prop,4,2026-09-18 09:00:00,184.8,No,82752337875538268962471388782753443316630480770543933929117048175580185583781,0.02,0.98,0.5,0.96,1.21,1.21,1.21,232.53,232.53,232.53,2,2,
2026-09-18 05:55:11,982573,4331503,Game 4: Both Teams Destroy Inhibitors?,prop,4,2026-09-18 09:00:00,184.8,Yes,20103698712173859903829820952687250554826574556759543553400674611829572849481,0.02,0.98,0.5,0.96,1.21,1.21,1.21,272.25,272.25,272.25,2,2,
2026-09-18 05:55:11,982573,4331503,Game 4: Both Teams Destroy Inhibitors?,prop,4,2026-09-18 09:00:00,184.8,No,89455399219037642465039359889137747095520207964874625212307664274290738519720,0.02,0.98,0.5,0.96,3.21,3.21,3.21,107.28,107.28,107.28,2,2,
2026-09-18 05:55:11,982573,4331504,Game 4: Any Player Quadra Kill?,prop,4,2026-09-18 09:00:00,184.8,Yes,86729132453151123960161711084056501143896155802958565383271950858277939481592,0.02,0.98,0.5,0.96,0.25,0.25,0.25,217.75,217.75,217.75,2,2,
2026-09-18 05:55:11,982573,4331504,Game 4: Any Player Quadra Kill?,prop,4,2026-09-18 09:00:00,184.8,No,73856923043354350516265045737626064914874772982551085294108158599421741926581,0.02,0.98,0.5,0.96,2.25,2.25,2.25,19.75,19.75,19.75,2,2,
2026-09-18 05:55:11,982573,4331505,Game 4: Any Player Penta Kill?,prop,4,2026-09-18 09:00:00,184.8,Yes,95471029785190658249271107559085277594460869785301176491064959350613116757025,0.02,0.98,0.5,0.96,0.25,0.25,0.25,217.75,217.75,217.75,2,2,
2026-09-18 05:55:11,982573,4331505,Game 4: Any Player Penta Kill?,prop,4,2026-09-18 09:00:00,184.8,No,24019258235427109283398166929535391313889484786480012416555835676599231677285,0.02,0.98,0.5,0.96,2.25,2.25,2.25,19.75,19.75,19.75,2,2,
2026-09-18 05:55:11,982573,4331506,Game 4: Odd/Even Total Kills?,odd_even,4,2026-09-18 09:00:00,184.8,Odd,27003552917149566572651639076986003725398589474350578655530128653556251939332,0.49,0.51,0.5,0.02,120.16,120.16,404.77,124.67,124.67,472.53,12,12,1.960785
2026-09-18 05:55:11,982573,4331506,Game 4: Odd/Even Total Kills?,odd_even,4,2026-09-18 09:00:00,184.8,Even,59462802745189966497150866567268369049029079546047014635357596777802395294369,0.49,0.51,0.5,0.02,119.19,119.19,403.81,125.67,125.67,473.54,12,12,1.960785
2026-09-18 05:55:11,982573,4331507,Game 5: Both Teams Slay Baron Nashor?,prop,5,2026-09-18 09:00:00,184.8,Yes,16565497011615402766708497105228173163882918964953459714245276252381037651212,0.02,0.98,0.5,0.96,1.21,1.21,1.21,272.24,272.24,272.24,2,2,
2026-09-18 05:55:11,982573,4331507,Game 5: Both Teams Slay Baron Nashor?,prop,5,2026-09-18 09:00:00,184.8,No,38321807124122496073015412591741021826554786473176894668199498825945547887256,0.02,0.98,0.5,0.96,3.21,3.21,3.21,107.28,107.28,107.28,2,2,
2026-09-18 05:55:11,982573,4331508,Game 5: Both Teams Slay a Dragon?,prop,5,2026-09-18 09:00:00,184.8,Yes,20535191153792526801040366527813270831695727763023223904907094857723775355380,0.02,0.98,0.5,0.96,3.21,3.21,3.21,107.28,107.28,107.28,2,2,
2026-09-18 05:55:11,982573,4331508,Game 5: Both Teams Slay a Dragon?,prop,5,2026-09-18 09:00:00,184.8,No,86409492549111398910751278494181292669402674004705291627353119912055691188294,0.02,0.98,0.5,0.96,1.21,1.21,1.21,272.25,272.25,272.25,2,2,
2026-09-18 05:55:11,982573,4331509,Game 5: Both Teams Destroy Inhibitors?,prop,5,2026-09-18 09:00:00,184.8,Yes,27902276393776086007716382126019733956983108519466730719262496286667998335232,0.02,0.98,0.5,0.96,1.21,1.21,1.21,272.25,272.25,272.25,2,2,
2026-09-18 05:55:11,982573,4331509,Game 5: Both Teams Destroy Inhibitors?,prop,5,2026-09-18 09:00:00,184.8,No,74915061669436794415717810374285650594908783858703913024115368106506101170366,0.02,0.98,0.5,0.96,3.21,3.21,3.21,107.28,107.28,107.28,2,2,
2026-09-18 05:55:11,982573,4331510,Game 5: Any Player Quadra Kill?,prop,5,2026-09-18 09:00:00,184.8,Yes,25041869540832405180480234921168313787573407983756820796679584613003871812951,0.04,0.98,0.51,0.94,28.64,28.89,28.89,217.75,217.75,217.75,4,2,
2026-09-18 05:55:11,982573,4331510,Game 5: Any Player Quadra Kill?,prop,5,2026-09-18 09:00:00,184.8,No,45797968991409847759584217932570718230787108245969823885558607762731892917931,0.02,0.96,0.49,0.94,2.25,2.25,2.25,773.35,793.1,793.1,2,4,
2026-09-18 05:55:11,982573,4331511,Game 5: Any Player Penta Kill?,prop,5,2026-09-18 09:00:00,184.8,Yes,99485007740689348042635473876824133818167164488540594057240662832686249230778,0.05,0.98,0.515,0.93,28.65,28.75,28.9,217.75,217.75,217.75,3,2,
2026-09-18 05:55:11,982573,4331511,Game 5: Any Player Penta Kill?,prop,5,2026-09-18 09:00:00,184.8,No,19361481950678478115150766057189926867854737408428490703221326479365721844492,0.02,0.95,0.485,0.93,2.25,2.25,2.25,544.35,549.25,564.1,2,3,
2026-09-18 05:55:11,982573,4331512,Game 5: Odd/Even Total Kills?,odd_even,5,2026-09-18 09:00:00,184.8,Odd,19633329449725162339439495816676989880358852872111155998786755722803722315128,0.49,0.51,0.5,0.02,120.16,120.16,404.77,124.67,124.67,472.53,12,12,1.960785
2026-09-18 05:55:11,982573,4331512,Game 5: Odd/Even Total Kills?,odd_even,5,2026-09-18 09:00:00,184.8,Even,49614203233114064051193983809988981047663588280821675298771106000539940224985,0.49,0.51,0.5,0.02,119.19,119.19,403.81,125.67,125.67,473.54,12,12,1.960785
2026-09-18 05:55:11,982573,4635723,Game Handicap: JDG (-2.5) vs Team WE (+2.5),handicap,,2026-09-18 09:00:00,184.8,JD Gaming,76420306826356197237793957431107175847319560977382094132279236962696362219047,0.17,0.18,0.175,0.01,240.27,330.88,598.22,127.52,361.75,640.32,17,22,1654.995537
2026-09-18 05:55:11,982573,4635723,Game Handicap: JDG (-2.5) vs Team WE (+2.5),handicap,,2026-09-18 09:00:00,184.8,Team WE,98247695638928380977804321179756526239332327454751145304390462622665077550596,0.82,0.83,0.825,0.01,569.01,1457.94,2445.37,1245.6,1765.72,3646.38,22,17,1654.995537
2026-09-18 05:55:11,982573,4635724,Game Handicap: JDG (-1.5) vs Team WE (+1.5),handicap,,2026-09-18 09:00:00,184.8,JD Gaming,77272620931295608394822902719474686399898912728194494198902796117068409845118,0.39,0.4,0.395,0.01,11456.58,11754.98,12356.23,929.11,6997.12,7439.32,26,27,31236.397411000005
2026-09-18 05:55:11,982573,4635724,Game Handicap: JDG (-1.5) vs Team WE (+1.5),handicap,,2026-09-18 09:00:00,184.8,Team WE,100560178874606191791663147861096750564696136600853908902264433559108571664831,0.6,0.61,0.605,0.01,1383.9,9698.32,10261.12,17921.9,18440.65,19589.4,27,26,31236.397411000005
2026-09-18 05:55:11,982573,4635725,First Blood in Game 3?,first_blood,3,2026-09-18 09:00:00,184.8,Team WE,33529193244353235683517280452810839876577542819898609456430904640232796018220,0.46,0.52,0.49,0.06,134.63,312.16,312.16,136.91,136.91,136.91,12,11,
2026-09-18 05:55:11,982573,4635725,First Blood in Game 3?,first_blood,3,2026-09-18 09:00:00,184.8,JD Gaming,1346040960623821967445224639672445473158827368981485717315755152038925341562,0.48,0.54,0.51,0.06,126.38,126.38,126.38,158.04,383.99,383.99,11,12,
2026-09-18 05:55:11,982573,4635726,First Blood in Game 2?,first_blood,2,2026-09-18 09:00:00,184.8,Team WE,64247126058212563554990295665568751847788505015709435172305151370573825025041,0.46,0.51,0.485,0.05,19.84,417.37,417.37,157.31,157.31,411.15,13,12,118.738564
2026-09-18 05:55:11,982573,4635726,First Blood in Game 2?,first_blood,2,2026-09-18 09:00:00,184.8,JD Gaming,40524605988222656761821992861399507200864773020328512368182899666687727507382,0.49,0.54,0.515,0.05,145.98,145.98,353.67,23.94,529.89,529.89,12,13,118.738564
2026-09-18 05:55:11,982573,4635727,First Blood in Game 1?,first_blood,1,2026-09-18 09:00:00,184.8,Team WE,53304266088786300121273330968520878514837963955013663490302850498480286469678,0.47,0.51,0.49,0.04,151.03,514.71,514.71,154.81,424.81,492.01,13,14,9.333334
2026-09-18 05:55:11,982573,4635727,First Blood in Game 1?,first_blood,1,2026-09-18 09:00:00,184.8,JD Gaming,63617723053610587300848306449366373557109726276960283891308320624178387992851,0.49,0.53,0.51,0.04,143.48,373.48,426.28,176.64,639.52,639.52,14,13,9.333334
2026-09-18 05:55:11,982573,4635728,First Blood in Game 4?,first_blood,4,2026-09-18 09:00:00,184.8,Team WE,17602010754585184492065142341058150089829922867388598630462669288285642759212,0.44,0.98,0.71,0.54,169.23,383.33,383.33,275.09,275.09,275.09,10,2,
2026-09-18 05:55:11,982573,4635728,First Blood in Game 4?,first_blood,4,2026-09-18 09:00:00,184.8,JD Gaming,69518797345298414237811287364274582846899582584829247757272387153318353614010,0.02,0.56,0.29,0.54,3.16,3.16,3.16,215.38,511.28,511.28,2,10,
2026-09-18 05:55:11,982573,4635729,Total Kills Over/Under 27.5 in Game 2?,total_kills,2,2026-09-18 09:00:00,184.8,Over,91147325618298628137432538986130808001488666785389767077931604737261036153315,0.58,0.61,0.595,0.03,27.92,180.66,180.66,264.63,502.13,583.38,19,21,35.71
2026-09-18 05:55:11,982573,4635729,Total Kills Over/Under 27.5 in Game 2?,total_kills,2,2026-09-18 09:00:00,184.8,Under,3322497138540501662614164693296830539677427544117884513746415935765039188800,0.39,0.42,0.405,0.03,162.68,300.18,343.93,20.21,145.19,145.19,21,19,35.71
2026-09-18 05:55:11,982573,4635730,Total Kills Over/Under 27.5 in Game 3?,total_kills,3,2026-09-18 09:00:00,184.8,Over,17740018313323531352619404591061674354781620869048583802383965499613380370720,0.56,0.62,0.59,0.06,419.78,419.78,499.78,240.0,806.25,888.75,20,21,
2026-09-18 05:55:11,982573,4635730,Total Kills Over/Under 27.5 in Game 3?,total_kills,3,2026-09-18 09:00:00,184.8,Under,72637627671915546167885127644301517463939348144671175885040556049196873754332,0.38,0.44,0.41,0.06,141.05,449.8,492.3,338.89,338.89,412.73,21,20,
2026-09-18 05:55:11,982573,4635731,Total Kills Over/Under 27.5 in Game 1?,total_kills,1,2026-09-18 09:00:00,184.8,Over,43084804343609419361652521946962747691689669725316579572563934265034435504570,0.56,0.59,0.575,0.03,179.1,322.19,322.19,22.05,395.84,554.59,20,22,51.422414
2026-09-18 05:55:11,982573,4635731,Total Kills Over/Under 27.5 in Game 1?,total_kills,1,2026-09-18 09:00:00,184.8,Under,47148666758089554798881518145674719464074616339571143070940988331463259789553,0.41,0.44,0.425,0.03,14.71,249.6,340.85,146.45,268.33,268.33,22,20,51.422414
2026-09-18 05:55:11,982573,4635732,Total Kills Over/Under 27.5 in Game 4?,total_kills,4,2026-09-18 09:00:00,184.8,Over,102795125203974792660678678123285969914701801988393928679773193234759757307634,0.28,0.82,0.55,0.54,232.9,232.9,237.5,9.02,18.37,35.57,15,11,
2026-09-18 05:55:11,982573,4635732,Total Kills Over/Under 27.5 in Game 4?,total_kills,4,2026-09-18 09:00:00,184.8,Under,47759194526521083668343201452047973837046272317494193133642497445926086476927,0.18,0.72,0.45,0.54,1.98,3.63,6.43,620.31,620.31,635.71,11,15,
2026-09-18 05:55:11,982573,4635734,Total Kills Over/Under 30.5 in Game 2?,total_kills,2,2026-09-18 09:00:00,184.8,Over,10577294599616881420554588215113431557937123553532613716247440033733590817603,0.44,0.45,0.445,0.01,188.36,331.09,331.09,2.57,12.49,271.43,20,22,98.606567
2026-09-18 05:55:11,982573,4635734,Total Kills Over/Under 30.5 in Game 2?,total_kills,2,2026-09-18 09:00:00,184.8,Under,104053707391432281646579416378051909171319615200406772950659665015206476746305,0.55,0.56,0.555,0.01,3.14,13.88,278.29,249.56,446.68,446.68,22,20,98.606567
2026-09-18 05:55:11,982573,4635733,Total Kills Over/Under 30.5 in Game 3?,total_kills,3,2026-09-18 09:00:00,184.8,Over,64484331970451845252116105624794947862273146890752351804046825739125226052150,0.46,0.49,0.475,0.03,48.16,356.46,356.46,272.79,401.54,401.54,20,20,144.110686
2026-09-18 05:55:11,982573,4635733,Total Kills Over/Under 30.5 in Game 3?,total_kills,3,2026-09-18 09:00:00,184.8,Under,108325310407990742972957328632398293695621811367399273833858388890578669226885,0.51,0.54,0.525,0.03,278.64,399.89,399.89,58.23,466.9,466.9,20,20,144.110686
2026-09-18 05:55:11,982573,4635736,Total Kills Over/Under 30.5 in Game 1?,total_kills,1,2026-09-18 09:00:00,184.8,Over,32349457260489922256721836845198994086478872555664444310085895288389081700072,0.43,0.46,0.445,0.03,203.84,329.57,329.57,6.64,222.78,285.28,20,23,413.00606500000004
2026-09-18 05:55:11,982573,4635736,Total Kills Over/Under 30.5 in Game 1?,total_kills,1,2026-09-18 09:00:00,184.8,Under,41475759221345039664930402332912212838709271075562972028905511863264889517546,0.54,0.57,0.555,0.03,7.6,237.68,300.18,279.98,461.51,461.51,23,20,413.00606500000004
2026-09-18 05:55:11,982573,4635735,Total Kills Over/Under 30.5 in Game 4?,total_kills,4,2026-09-18 09:00:00,184.8,Over,40469553593262350511173488778948782295755464528432729113960152874603118966883,0.43,0.51,0.47,0.08,185.13,390.13,390.13,83.15,85.8,85.8,19,19,
2026-09-18 05:55:11,982573,4635735,Total Kills Over/Under 30.5 in Game 4?,total_kills,4,2026-09-18 09:00:00,184.8,Under,11001780019454736420713068231782741626995179144660322039569560785638918616771,0.49,0.57,0.53,0.08,79.71,82.06,82.06,245.53,540.53,540.53,19,19,
2026-09-18 06:00:51,982573,4331476,LoL: Team WE vs JD Gaming - Game 1 Winner,map,1,2026-09-18 09:00:00,179.1,Team WE,40745930449180776517985296017616838776773627946026056466960742451029179689887,0.43,0.44,0.435,0.01,3810.8,8952.24,9968.06,1506.1,5688.82,9610.96,31,35,28500.258924
2026-09-18 06:00:51,982573,4331476,LoL: Team WE vs JD Gaming - Game 1 Winner,map,1,2026-09-18 09:00:00,179.1,JD Gaming,86842978223026466862449934105595250822075305679428664631958332197768084254089,0.56,0.57,0.565,0.01,1850.0,6670.12,10871.64,5127.16,12700.04,14351.48,35,31,28500.258924
2026-09-18 06:00:51,982573,4331477,LoL: Team WE vs JD Gaming - Game 2 Winner,map,2,2026-09-18 09:00:00,179.1,Team WE,9061313218244180837051497559158858646811270299308508261997696114745098238414,0.43,0.44,0.435,0.01,1832.45,11063.31,12340.51,291.22,1253.83,3773.62,31,42,14685.860828
2026-09-18 06:00:51,982573,4331477,LoL: Team WE vs JD Gaming - Game 2 Winner,map,2,2026-09-18 09:00:00,179.1,JD Gaming,93412316568558393447369938861531141407815845492045702627687438374646039250411,0.56,0.57,0.565,0.01,366.0,1485.67,4167.15,2482.62,16209.43,18210.36,42,31,14685.860828
2026-09-18 06:00:51,982573,4331478,LoL: Team WE vs JD Gaming - Game 3 Winner,map,3,2026-09-18 09:00:00,179.1,Team WE,59075734185870747323062647896339068768798345735884789910250736832849418334729,0.45,0.46,0.455,0.01,73.94,1569.23,5551.83,964.62,4110.25,5243.0,32,36,10798.253658000001
2026-09-18 06:00:51,982573,4331478,LoL: Team WE vs JD Gaming - Game 3 Winner,map,3,2026-09-18 09:00:00,179.1,JD Gaming,37500660245657084331639369031860463676916097652659219943216216830842159610230,0.54,0.55,0.545,0.01,1120.67,4446.52,5558.38,92.82,2122.68,7990.84,36,32,10798.253658000001
2026-09-18 06:00:51,982573,4331479,LoL: Team WE vs JD Gaming - Game 4 Winner,map,4,2026-09-18 09:00:00,179.1,Team WE,80691052854214809326719106515264914217605219336036181633274369620112133821371,0.49,0.51,0.5,0.02,12.39,73.65,255.74,10.3,10.3,10.3,18,18,
2026-09-18 06:00:51,982573,4331479,LoL: Team WE vs JD Gaming - Game 4 Winner,map,4,2026-09-18 09:00:00,179.1,JD Gaming,45849621980135139866236084775772921551194490231892728647209577042730716062625,0.49,0.51,0.5,0.02,9.89,9.89,9.89,13.22,84.37,306.94,18,18,
2026-09-18 06:00:51,982573,4331480,LoL: Team WE vs JD Gaming (BO5) - LPL Regional Finals Playoffs,series,,2026-09-18 09:00:00,179.1,Team WE,36590174590310721499058030844565262384974738546991011333755092074521980597514,0.41,0.42,0.415,0.01,30374.98,64845.68,75930.91,59336.84,66825.06,69626.1,31,49,253436.02251499996
2026-09-18 06:00:51,982573,4331480,LoL: Team WE vs JD Gaming (BO5) - LPL Regional Finals Playoffs,series,,2026-09-18 09:00:00,179.1,JD Gaming,67744481945829638317312543005094851806629911488970110063871681512449303580853,0.58,0.59,0.585,0.01,80154.6,89601.17,92854.96,44909.06,100425.64,119575.82,49,31,253436.02251499996
2026-09-18 06:00:51,982573,4331481,Games Total: O/U 3.5,total_games,,2026-09-18 09:00:00,179.1,Over,91962849062155480119007381156104522943527001376896833131919123133018437554198,0.74,0.76,0.75,0.02,1057.48,5925.22,6302.71,26639.98,29555.86,32054.64,36,21,20593.333809000003
2026-09-18 06:00:51,982573,4331481,Games Total: O/U 3.5,total_games,,2026-09-18 09:00:00,179.1,Under,62016153694274205744971896466924860010101880823066151324323366023947768830072,0.24,0.26,0.25,0.02,8070.75,8873.76,9460.76,385.29,2280.93,2449.69,21,36,20593.333809000003
2026-09-18 06:00:51,982573,4331482,Games Total: O/U 4.5,total_games,,2026-09-18 09:00:00,179.1,Over,64141252723776535279533863572243597242287169602988797395052535386307705961707,0.33,0.34,0.335,0.01,7823.68,11733.16,12226.16,70.5,1469.94,11615.45,23,36,12262.264513
2026-09-18 06:00:51,982573,4331482,Games Total: O/U 4.5,total_games,,2026-09-18 09:00:00,179.1,Under,60787941284574645408897256455198781956705499239196188005736390780601879702948,0.66,0.67,0.665,0.01,132.28,2606.74,18482.38,16596.54,25645.1,26852.1,36,23,12262.264513
2026-09-18 06:00:51,982573,4331483,Game 1: Both Teams Slay Baron Nashor?,prop,1,2026-09-18 09:00:00,179.1,Yes,39714772678029890439686559884173048371971219211892603264170731115436673120626,0.08,0.32,0.2,0.24,115.49,115.49,115.49,135.53,135.53,135.53,3,10,
2026-09-18 06:00:51,982573,4331483,Game 1: Both Teams Slay Baron Nashor?,prop,1,2026-09-18 09:00:00,179.1,No,52948375182602937052609566346634770822838770282285310147700401776125439695034,0.68,0.92,0.8,0.24,287.99,287.99,287.99,1328.13,1328.13,1328.13,10,3,
2026-09-18 06:00:51,982573,4331484,Game 1: Both Teams Slay a Dragon?,prop,1,2026-09-18 09:00:00,179.1,Yes,23103993057929306486934976569184723197173691265189961317227556768851631350445,0.64,0.88,0.76,0.24,288.0,288.0,288.0,977.24,977.24,977.24,9,3,
2026-09-18 06:00:51,982573,4331484,Game 1: Both Teams Slay a Dragon?,prop,1,2026-09-18 09:00:00,179.1,No,91722946303559450432812921544486757430683160067362234299030496214538641494668,0.12,0.36,0.24,0.24,133.26,133.26,133.26,162.0,162.0,162.0,3,9,
2026-09-18 06:00:51,982573,4331485,Game 1: Both Teams Destroy Inhibitors?,prop,1,2026-09-18 09:00:00,179.1,Yes,33496310638341140567289641614598313621243227379013298590125422491313191820792,0.02,0.26,0.14,0.24,1.21,1.21,1.21,101.19,101.19,101.19,2,9,
2026-09-18 06:00:51,982573,4331485,Game 1: Both Teams Destroy Inhibitors?,prop,1,2026-09-18 09:00:00,179.1,No,81980797268112496572123764802564210517169522848702877553505981575930551535897,0.74,0.98,0.86,0.24,287.99,287.99,287.99,107.28,107.28,107.28,9,2,
2026-09-18 06:00:51,982573,4331486,Game 1: Any Player Quadra Kill?,prop,1,2026-09-18 09:00:00,179.1,Yes,74222655858144934432934920784275645990416131405252677212894677782895736457599,0.02,0.98,0.5,0.96,0.25,0.25,0.25,217.75,217.75,217.75,2,2,
2026-09-18 06:00:51,982573,4331486,Game 1: Any Player Quadra Kill?,prop,1,2026-09-18 09:00:00,179.1,No,102355334580310326715461213263953789617626449575681137398366745076761275873041,0.02,0.98,0.5,0.96,2.25,2.25,2.25,19.75,19.75,19.75,2,2,
2026-09-18 06:00:51,982573,4331487,Game 1: Any Player Penta Kill?,prop,1,2026-09-18 09:00:00,179.1,Yes,13014769994116469090867062696501600744380650716090144700619505276453887115013,0.02,0.29,0.155,0.27,0.25,0.25,0.25,9.62,9.62,9.62,2,11,
2026-09-18 06:00:51,982573,4331487,Game 1: Any Player Penta Kill?,prop,1,2026-09-18 09:00:00,179.1,No,34772986514217831261938445429906557361572559134946604972801838089608825873029,0.71,0.98,0.845,0.27,23.38,23.38,23.38,19.75,19.75,19.75,11,2,
2026-09-18 06:00:51,982573,4331488,Game 1: Odd/Even Total Kills?,odd_even,1,2026-09-18 09:00:00,179.1,Odd,62660671227335510179168530333009740792016404149342951362862366700885850452264,0.49,0.51,0.5,0.02,122.61,122.61,407.22,126.21,126.21,474.08,12,12,3.92157
2026-09-18 06:00:51,982573,4331488,Game 1: Odd/Even Total Kills?,odd_even,1,2026-09-18 09:00:00,179.1,Even,86625626726360214349089907545424119804103324479702399418201773357950190113236,0.49,0.51,0.5,0.02,120.68,120.68,405.29,128.22,128.22,476.09,12,12,3.92157
2026-09-18 06:00:51,982573,4331489,Game 2: Both Teams Slay Baron Nashor?,prop,2,2026-09-18 09:00:00,179.1,Yes,41342127067487313911108938826811519336095071705270524798896840041453101934148,0.08,0.32,0.2,0.24,115.32,115.32,115.32,135.53,135.53,135.53,3,10,
2026-09-18 06:00:51,982573,4331489,Game 2: Both Teams Slay Baron Nashor?,prop,2,2026-09-18 09:00:00,179.1,No,111509972535042730010856919460410663375765216849894041182143711121105317807838,0.68,0.92,0.8,0.24,287.99,287.99,287.99,1326.18,1326.18,1326.18,10,3,
2026-09-18 06:00:51,982573,4331490,Game 2: Both Teams Slay a Dragon?,prop,2,2026-09-18 09:00:00,179.1,Yes,29671016959600544449364630377356870154094339570710597486679717974292680475171,0.64,0.88,0.76,0.24,288.0,288.0,288.0,979.95,979.95,979.95,9,3,
2026-09-18 06:00:51,982573,4331490,Game 2: Both Teams Slay a Dragon?,prop,2,2026-09-18 09:00:00,179.1,No,107549784474042338846508783056825260092296231825534887840568409084429764288656,0.12,0.36,0.24,0.24,133.63,133.63,133.63,162.0,162.0,162.0,3,9,
2026-09-18 06:00:51,982573,4331491,Game 2: Both Teams Destroy Inhibitors?,prop,2,2026-09-18 09:00:00,179.1,Yes,106456649656314759426504131066603666133521683277296497028206703353498281106324,0.02,0.26,0.14,0.24,1.21,1.21,1.21,101.19,101.19,101.19,2,9,
2026-09-18 06:00:51,982573,4331491,Game 2: Both Teams Destroy Inhibitors?,prop,2,2026-09-18 09:00:00,179.1,No,58833911629740796169866837922009058593213763011498146584561469322291297036055,0.74,0.98,0.86,0.24,287.99,287.99,287.99,107.28,107.28,107.28,9,2,
2026-09-18 06:00:51,982573,4331492,Game 2: Any Player Quadra Kill?,prop,2,2026-09-18 09:00:00,179.1,Yes,14693376937511958749082437572229077947632410748994499070645100368182611544988,0.02,0.98,0.5,0.96,0.25,0.25,0.25,217.75,217.75,217.75,2,2,
2026-09-18 06:00:51,982573,4331492,Game 2: Any Player Quadra Kill?,prop,2,2026-09-18 09:00:00,179.1,No,82500810689071534610110074297536274925242701396928936307235427224609831802199,0.02,0.98,0.5,0.96,2.25,2.25,2.25,19.75,19.75,19.75,2,2,
2026-09-18 06:00:51,982573,4331493,Game 2: Any Player Penta Kill?,prop,2,2026-09-18 09:00:00,179.1,Yes,21062417474853573651308455662373881851132933973506153213234652469300839145078,0.02,0.39,0.205,0.37,0.25,0.25,0.25,14.87,14.87,14.87,2,10,
2026-09-18 06:00:51,982573,4331493,Game 2: Any Player Penta Kill?,prop,2,2026-09-18 09:00:00,179.1,No,1112864713813270086086366816431040478337710684470991408642556218969963898544,0.61,0.98,0.795,0.37,23.13,23.13,23.13,19.75,19.75,19.75,10,2,
2026-09-18 06:00:51,982573,4331494,Game 2: Odd/Even Total Kills?,odd_even,2,2026-09-18 09:00:00,179.1,Odd,99517002667051925686376408510947898862029013466946005231403812158745025296477,0.49,0.51,0.5,0.02,120.16,120.16,404.77,124.67,124.67,472.53,12,12,1.960785
2026-09-18 06:00:51,982573,4331494,Game 2: Odd/Even Total Kills?,odd_even,2,2026-09-18 09:00:00,179.1,Even,42400527170994277209918785860938065221576184220944025051907165693141973624170,0.49,0.51,0.5,0.02,119.19,119.19,403.81,125.67,125.67,473.54,12,12,1.960785
2026-09-18 06:00:51,982573,4331495,Game 3: Both Teams Slay Baron Nashor?,prop,3,2026-09-18 09:00:00,179.1,Yes,100615225469678516637100252180193807631111015863000085070839837870822686427020,0.06,0.32,0.19,0.26,113.94,113.94,115.15,135.53,135.53,135.53,3,10,
2026-09-18 06:00:51,982573,4331495,Game 3: Both Teams Slay Baron Nashor?,prop,3,2026-09-18 09:00:00,179.1,No,46955751521910111044166522228003741940207032819698140587196533197831555757819,0.68,0.94,0.81,0.26,287.99,287.99,287.99,1785.06,1785.06,1892.34,10,3,
2026-09-18 06:00:51,982573,4331496,Game 3: Both Teams Slay a Dragon?,prop,3,2026-09-18 09:00:00,179.1,Yes,4670183821119206359526023111409894551665868047432599243259637921153187172717,0.64,0.88,0.76,0.24,288.0,288.0,288.0,974.08,974.08,974.08,9,3,
2026-09-18 06:00:51,982573,4331496,Game 3: Both Teams Slay a Dragon?,prop,3,2026-09-18 09:00:00,179.1,No,38593090958733470835228420126115359981979474045804370023403299652308248831353,0.12,0.36,0.24,0.24,132.83,132.83,132.83,162.0,162.0,162.0,3,9,
2026-09-18 06:00:51,982573,4331497,Game 3: Both Teams Destroy Inhibitors?,prop,3,2026-09-18 09:00:00,179.1,Yes,1215979821663579890622109071708358072621837150074844548776910040155971388845,0.02,0.26,0.14,0.24,102.01,102.01,102.01,101.19,101.19,101.19,2,9,
2026-09-18 06:00:51,982573,4331497,Game 3: Both Teams Destroy Inhibitors?,prop,3,2026-09-18 09:00:00,179.1,No,47902518701959667302199155554102103330100135028613664566795560480906453090832,0.74,0.98,0.86,0.24,287.99,287.99,287.99,10058.66,10058.66,10058.66,9,2,
2026-09-18 06:00:51,982573,4331498,Game 3: Any Player Quadra Kill?,prop,3,2026-09-18 09:00:00,179.1,Yes,15922936496282613281609039725819938050060833441944504274041889468452173845351,0.02,0.98,0.5,0.96,0.25,0.25,0.25,217.75,217.75,217.75,2,2,
2026-09-18 06:00:51,982573,4331498,Game 3: Any Player Quadra Kill?,prop,3,2026-09-18 09:00:00,179.1,No,4678882946522200766322009748845678331259642107366239394532583463580475178637,0.02,0.98,0.5,0.96,2.25,2.25,2.25,19.75,19.75,19.75,2,2,
2026-09-18 06:00:51,982573,4331499,Game 3: Any Player Penta Kill?,prop,3,2026-09-18 09:00:00,179.1,Yes,9309073005103962031278982095369128276770828017424384726613052323281189333342,0.02,0.5,0.26,0.48,0.25,0.25,0.25,20.0,20.0,20.0,2,9,
2026-09-18 06:00:51,982573,4331499,Game 3: Any Player Penta Kill?,prop,3,2026-09-18 09:00:00,179.1,No,80165585327758137245979036517319116700233008723213890564248458303429726634558,0.5,0.98,0.74,0.48,20.0,20.0,20.0,19.75,19.75,19.75,9,2,
2026-09-18 06:00:51,982573,4331500,Game 3: Odd/Even Total Kills?,odd_even,3,2026-09-18 09:00:00,179.1,Odd,67227166389219370176016583535640582218076399796598806333396084223855869290317,0.49,0.51,0.5,0.02,120.16,120.16,404.77,124.67,124.67,472.53,12,12,1.960785
2026-09-18 06:00:51,982573,4331500,Game 3: Odd/Even Total Kills?,odd_even,3,2026-09-18 09:00:00,179.1,Even,41660594314362441933106607647414129765660258200764116580498777612534541363897,0.49,0.51,0.5,0.02,119.19,119.19,403.81,125.67,125.67,473.54,12,12,1.960785
2026-09-18 06:00:51,982573,4331501,Game 4: Both Teams Slay Baron Nashor?,prop,4,2026-09-18 09:00:00,179.1,Yes,91053150325724801816506145125208869220678169137723543082128461361971163925817,0.02,0.98,0.5,0.96,1.21,1.21,1.21,270.7,270.7,270.7,2,2,
2026-09-18 06:00:51,982573,4331501,Game 4: Both Teams Slay Baron Nashor?,prop,4,2026-09-18 09:00:00,179.1,No,33027071773225523154200955759565107620295049357510592137393254066110409348503,0.02,0.98,0.5,0.96,3.21,3.21,3.21,107.28,107.28,107.28,2,2,
2026-09-18 06:00:51,982573,4331502,Game 4: Both Teams Slay a Dragon?,prop,4,2026-09-18 09:00:00,179.1,Yes,11372936005038337682501721216571490803612687347900817169984715644306259377099,0.02,0.98,0.5,0.96,2.4,2.4,2.4,107.28,107.28,107.28,2,2,
2026-09-18 06:00:51,982573,4331502,Game 4: Both Teams Slay a Dragon?,prop,4,2026-09-18 09:00:00,179.1,No,82752337875538268962471388782753443316630480770543933929117048175580185583781,0.02,0.98,0.5,0.96,1.21,1.21,1.21,232.53,232.53,232.53,2,2,
2026-09-18 06:00:51,982573,4331503,Game 4: Both Teams Destroy Inhibitors?,prop,4,2026-09-18 09:00:00,179.1,Yes,20103698712173859903829820952687250554826574556759543553400674611829572849481,0.02,0.98,0.5,0.96,1.21,1.21,1.21,272.25,272.25,272.25,2,2,
2026-09-18 06:00:51,982573,4331503,Game 4: Both Teams Destroy Inhibitors?,prop,4,2026-09-18 09:00:00,179.1,No,89455399219037642465039359889137747095520207964874625212307664274290738519720,0.02,0.98,0.5,0.96,3.21,3.21,3.21,107.28,107.28,107.28,2,2,
2026-09-18 06:00:51,982573,4331504,Game 4: Any Player Quadra Kill?,prop,4,2026-09-18 09:00:00,179.1,Yes,86729132453151123960161711084056501143896155802958565383271950858277939481592,0.02,0.98,0.5,0.96,0.25,0.25,0.25,217.75,217.75,217.75,2,2,
2026-09-18 06:00:51,982573,4331504,Game 4: Any Player Quadra Kill?,prop,4,2026-09-18 09:00:00,179.1,No,73856923043354350516265045737626064914874772982551085294108158599421741926581,0.02,0.98,0.5,0.96,2.25,2.25,2.25,19.75,19.75,19.75,2,2,
2026-09-18 06:00:51,982573,4331505,Game 4: Any Player Penta Kill?,prop,4,2026-09-18 09:00:00,179.1,Yes,95471029785190658249271107559085277594460869785301176491064959350613116757025,0.02,0.98,0.5,0.96,0.25,0.25,0.25,217.75,217.75,217.75,2,2,
2026-09-18 06:00:51,982573,4331505,Game 4: Any Player Penta Kill?,prop,4,2026-09-18 09:00:00,179.1,No,24019258235427109283398166929535391313889484786480012416555835676599231677285,0.02,0.98,0.5,0.96,2.25,2.25,2.25,19.75,19.75,19.75,2,2,
2026-09-18 06:00:51,982573,4331506,Game 4: Odd/Even Total Kills?,odd_even,4,2026-09-18 09:00:00,179.1,Odd,27003552917149566572651639076986003725398589474350578655530128653556251939332,0.49,0.51,0.5,0.02,120.16,120.16,404.77,124.67,124.67,472.53,12,12,1.960785
2026-09-18 06:00:51,982573,4331506,Game 4: Odd/Even Total Kills?,odd_even,4,2026-09-18 09:00:00,179.1,Even,59462802745189966497150866567268369049029079546047014635357596777802395294369,0.49,0.51,0.5,0.02,119.19,119.19,403.81,125.67,125.67,473.54,12,12,1.960785
2026-09-18 06:00:51,982573,4331507,Game 5: Both Teams Slay Baron Nashor?,prop,5,2026-09-18 09:00:00,179.1,Yes,16565497011615402766708497105228173163882918964953459714245276252381037651212,0.02,0.98,0.5,0.96,1.21,1.21,1.21,272.24,272.24,272.24,2,2,
2026-09-18 06:00:51,982573,4331507,Game 5: Both Teams Slay Baron Nashor?,prop,5,2026-09-18 09:00:00,179.1,No,38321807124122496073015412591741021826554786473176894668199498825945547887256,0.02,0.98,0.5,0.96,3.21,3.21,3.21,107.28,107.28,107.28,2,2,
2026-09-18 06:00:51,982573,4331508,Game 5: Both Teams Slay a Dragon?,prop,5,2026-09-18 09:00:00,179.1,Yes,20535191153792526801040366527813270831695727763023223904907094857723775355380,0.02,0.98,0.5,0.96,3.21,3.21,3.21,107.28,107.28,107.28,2,2,
2026-09-18 06:00:51,982573,4331508,Game 5: Both Teams Slay a Dragon?,prop,5,2026-09-18 09:00:00,179.1,No,86409492549111398910751278494181292669402674004705291627353119912055691188294,0.02,0.98,0.5,0.96,1.21,1.21,1.21,272.25,272.25,272.25,2,2,
2026-09-18 06:00:51,982573,4331509,Game 5: Both Teams Destroy Inhibitors?,prop,5,2026-09-18 09:00:00,179.1,Yes,27902276393776086007716382126019733956983108519466730719262496286667998335232,0.02,0.98,0.5,0.96,1.21,1.21,1.21,272.25,272.25,272.25,2,2,
2026-09-18 06:00:51,982573,4331509,Game 5: Both Teams Destroy Inhibitors?,prop,5,2026-09-18 09:00:00,179.1,No,74915061669436794415717810374285650594908783858703913024115368106506101170366,0.02,0.98,0.5,0.96,3.21,3.21,3.21,107.28,107.28,107.28,2,2,
2026-09-18 06:00:51,982573,4331510,Game 5: Any Player Quadra Kill?,prop,5,2026-09-18 09:00:00,179.1,Yes,25041869540832405180480234921168313787573407983756820796679584613003871812951,0.04,0.98,0.51,0.94,28.64,28.89,28.89,217.75,217.75,217.75,4,2,
2026-09-18 06:00:51,982573,4331510,Game 5: Any Player Quadra Kill?,prop,5,2026-09-18 09:00:00,179.1,No,45797968991409847759584217932570718230787108245969823885558607762731892917931,0.02,0.96,0.49,0.94,2.25,2.25,2.25,773.35,793.1,793.1,2,4,
2026-09-18 06:00:51,982573,4331511,Game 5: Any Player Penta Kill?,prop,5,2026-09-18 09:00:00,179.1,Yes,99485007740689348042635473876824133818167164488540594057240662832686249230778,0.05,0.98,0.515,0.93,28.65,28.75,28.9,217.75,217.75,217.75,3,2,
2026-09-18 06:00:51,982573,4331511,Game 5: Any Player Penta Kill?,prop,5,2026-09-18 09:00:00,179.1,No,19361481950678478115150766057189926867854737408428490703221326479365721844492,0.02,0.95,0.485,0.93,2.25,2.25,2.25,544.35,549.25,564.1,2,3,
2026-09-18 06:00:51,982573,4331512,Game 5: Odd/Even Total Kills?,odd_even,5,2026-09-18 09:00:00,179.1,Odd,19633329449725162339439495816676989880358852872111155998786755722803722315128,0.49,0.51,0.5,0.02,120.16,120.16,404.77,124.67,124.67,472.53,12,12,1.960785
2026-09-18 06:00:51,982573,4331512,Game 5: Odd/Even Total Kills?,odd_even,5,2026-09-18 09:00:00,179.1,Even,49614203233114064051193983809988981047663588280821675298771106000539940224985,0.49,0.51,0.5,0.02,119.19,119.19,403.81,125.67,125.67,473.54,12,12,1.960785
2026-09-18 06:00:51,982573,4635723,Game Handicap: JDG (-2.5) vs Team WE (+2.5),handicap,,2026-09-18 09:00:00,179.1,JD Gaming,76420306826356197237793957431107175847319560977382094132279236962696362219047,0.17,0.18,0.175,0.01,238.92,332.04,598.3,475.69,709.93,987.4,17,25,1654.995537
2026-09-18 06:00:51,982573,4635723,Game Handicap: JDG (-2.5) vs Team WE (+2.5),handicap,,2026-09-18 09:00:00,179.1,Team WE,98247695638928380977804321179756526239332327454751145304390462622665077550596,0.82,0.83,0.825,0.01,2155.16,3044.08,4027.61,1239.01,1774.53,3647.27,25,17,1654.995537
2026-09-18 06:00:51,982573,4635724,Game Handicap: JDG (-1.5) vs Team WE (+1.5),handicap,,2026-09-18 09:00:00,179.1,JD Gaming,77272620931295608394822902719474686399898912728194494198902796117068409845118,0.39,0.4,0.395,0.01,11370.42,11668.82,12270.07,970.11,7421.12,7423.32,27,31,31236.397411000005
2026-09-18 06:00:51,982573,4635724,Game Handicap: JDG (-1.5) vs Team WE (+1.5),handicap,,2026-09-18 09:00:00,179.1,Team WE,100560178874606191791663147861096750564696136600853908902264433559108571664831,0.6,0.61,0.605,0.01,1442.9,10274.32,10277.12,17784.96,18303.71,19452.46,31,27,31236.397411000005
2026-09-18 06:00:51,982573,4635725,First Blood in Game 3?,first_blood,3,2026-09-18 09:00:00,179.1,Team WE,33529193244353235683517280452810839876577542819898609456430904640232796018220,0.47,0.52,0.495,0.05,148.73,326.26,326.26,136.91,136.91,136.91,13,12,
2026-09-18 06:00:51,982573,4635725,First Blood in Game 3?,first_blood,3,2026-09-18 09:00:00,179.1,JD Gaming,1346040960623821967445224639672445473158827368981485717315755152038925341562,0.48,0.53,0.505,0.05,126.38,126.38,126.38,173.94,399.89,399.89,12,13,
2026-09-18 06:00:51,982573,4635726,First Blood in Game 2?,first_blood,2,2026-09-18 09:00:00,179.1,Team WE,64247126058212563554990295665568751847788505015709435172305151370573825025041,0.46,0.51,0.485,0.05,6.34,403.87,403.87,139.46,139.46,393.3,12,12,118.738564
2026-09-18 06:00:51,982573,4635726,First Blood in Game 2?,first_blood,2,2026-09-18 09:00:00,179.1,JD Gaming,40524605988222656761821992861399507200864773020328512368182899666687727507382,0.49,0.54,0.515,0.05,128.83,128.83,336.52,7.44,513.39,513.39,12,12,118.738564
2026-09-18 06:00:51,982573,4635727,First Blood in Game 1?,first_blood,1,2026-09-18 09:00:00,179.1,Team WE,53304266088786300121273330968520878514837963955013663490302850498480286469678,0.47,0.51,0.49,0.04,151.03,514.71,514.71,154.81,424.81,492.01,13,14,9.333334
2026-09-18 06:00:51,982573,4635727,First Blood in Game 1?,first_blood,1,2026-09-18 09:00:00,179.1,JD Gaming,63617723053610587300848306449366373557109726276960283891308320624178387992851,0.49,0.53,0.51,0.04,143.48,373.48,426.28,176.64,639.52,639.52,14,13,9.333334
2026-09-18 06:00:51,982573,4635728,First Blood in Game 4?,first_blood,4,2026-09-18 09:00:00,179.1,Team WE,17602010754585184492065142341058150089829922867388598630462669288285642759212,0.45,0.98,0.715,0.53,402.73,402.73,406.83,275.09,275.09,275.09,10,2,
2026-09-18 06:00:51,982573,4635728,First Blood in Game 4?,first_blood,4,2026-09-18 09:00:00,179.1,JD Gaming,69518797345298414237811287364274582846899582584829247757272387153318353614010,0.02,0.55,0.285,0.53,3.16,3.16,3.16,511.88,511.88,517.78,2,10,
2026-09-18 06:00:51,982573,4635729,Total Kills Over/Under 27.5 in Game 2?,total_kills,2,2026-09-18 09:00:00,179.1,Over,91147325618298628137432538986130808001488666785389767077931604737261036153315,0.58,0.61,0.595,0.03,27.92,180.66,180.66,264.63,502.13,583.38,19,23,35.71
2026-09-18 06:00:51,982573,4635729,Total Kills Over/Under 27.5 in Game 2?,total_kills,2,2026-09-18 09:00:00,179.1,Under,3322497138540501662614164693296830539677427544117884513746415935765039188800,0.39,0.42,0.405,0.03,162.68,300.18,343.93,20.21,145.19,145.19,23,19,35.71
2026-09-18 06:00:51,982573,4635730,Total Kills Over/Under 27.5 in Game 3?,total_kills,3,2026-09-18 09:00:00,179.1,Over,17740018313323531352619404591061674354781620869048583802383965499613380370720,0.56,0.62,0.59,0.06,419.78,419.78,499.78,258.6,824.85,907.35,20,22,
2026-09-18 06:00:51,982573,4635730,Total Kills Over/Under 27.5 in Game 3?,total_kills,3,2026-09-18 09:00:00,179.1,Under,72637627671915546167885127644301517463939348144671175885040556049196873754332,0.38,0.44,0.41,0.06,152.45,461.2,503.7,338.89,338.89,412.73,22,20,
2026-09-18 06:00:51,982573,4635731,Total Kills Over/Under 27.5 in Game 1?,total_kills,1,2026-09-18 09:00:00,179.1,Over,43084804343609419361652521946962747691689669725316579572563934265034435504570,0.56,0.59,0.575,0.03,191.06,330.87,330.87,28.33,398.43,557.18,20,24,51.422414
2026-09-18 06:00:51,982573,4635731,Total Kills Over/Under 27.5 in Game 1?,total_kills,1,2026-09-18 09:00:00,179.1,Under,47148666758089554798881518145674719464074616339571143070940988331463259789553,0.41,0.44,0.425,0.03,19.08,251.59,342.84,155.85,274.94,274.94,24,20,51.422414
2026-09-18 06:00:51,982573,4635732,Total Kills Over/Under 27.5 in Game 4?,total_kills,4,2026-09-18 09:00:00,179.1,Over,102795125203974792660678678123285969914701801988393928679773193234759757307634,0.28,0.82,0.55,0.54,232.9,232.9,237.5,9.02,29.71,59.03,15,13,
2026-09-18 06:00:51,982573,4635732,Total Kills Over/Under 27.5 in Game 4?,total_kills,4,2026-09-18 09:00:00,179.1,Under,47759194526521083668343201452047973837046272317494193133642497445926086476927,0.18,0.72,0.45,0.54,1.98,5.69,10.3,620.31,620.31,635.71,13,15,
2026-09-18 06:00:51,982573,4635734,Total Kills Over/Under 30.5 in Game 2?,total_kills,2,2026-09-18 09:00:00,179.1,Over,10577294599616881420554588215113431557937123553532613716247440033733590817603,0.44,0.45,0.445,0.01,188.36,331.09,331.09,2.57,12.49,271.43,22,22,98.606567
2026-09-18 06:00:51,982573,4635734,Total Kills Over/Under 30.5 in Game 2?,total_kills,2,2026-09-18 09:00:00,179.1,Under,104053707391432281646579416378051909171319615200406772950659665015206476746305,0.55,0.56,0.555,0.01,3.14,13.88,278.29,249.56,446.68,446.68,22,22,98.606567
2026-09-18 06:00:51,982573,4635733,Total Kills Over/Under 30.5 in Game 3?,total_kills,3,2026-09-18 09:00:00,179.1,Over,64484331970451845252116105624794947862273146890752351804046825739125226052150,0.46,0.49,0.475,0.03,48.16,356.46,356.46,258.09,386.84,386.84,23,20,144.110686
2026-09-18 06:00:51,982573,4635733,Total Kills Over/Under 30.5 in Game 3?,total_kills,3,2026-09-18 09:00:00,179.1,Under,108325310407990742972957328632398293695621811367399273833858388890578669226885,0.51,0.54,0.525,0.03,263.34,384.59,384.59,58.23,466.9,466.9,20,23,144.110686
2026-09-18 06:00:51,982573,4635736,Total Kills Over/Under 30.5 in Game 1?,total_kills,1,2026-09-18 09:00:00,179.1,Over,32349457260489922256721836845198994086478872555664444310085895288389081700072,0.43,0.46,0.445,0.03,203.84,329.57,329.57,6.64,222.78,285.28,22,23,413.00606500000004
2026-09-18 06:00:51,982573,4635736,Total Kills Over/Under 30.5 in Game 1?,total_kills,1,2026-09-18 09:00:00,179.1,Under,41475759221345039664930402332912212838709271075562972028905511863264889517546,0.54,0.57,0.555,0.03,7.6,237.68,300.18,279.98,461.51,461.51,23,22,413.00606500000004
2026-09-18 06:00:51,982573,4635735,Total Kills Over/Under 30.5 in Game 4?,total_kills,4,2026-09-18 09:00:00,179.1,Over,40469553593262350511173488778948782295755464528432729113960152874603118966883,0.43,0.5,0.465,0.07,185.13,390.13,390.13,93.46,100.8,100.8,19,20,
2026-09-18 06:00:51,982573,4635735,Total Kills Over/Under 30.5 in Game 4?,total_kills,4,2026-09-18 09:00:00,179.1,Under,11001780019454736420713068231782741626995179144660322039569560785638918616771,0.5,0.57,0.535,0.07,90.38,97.06,97.06,245.53,540.53,540.53,20,19,
2026-09-18 14:16:30,1006560,4484544,LoL: Colossal Gaming vs Los Goccioles - Game 1 Winner,map,1,2026-09-18 16:00:00,103.5,Colossal Gaming,109916680883918372902826701402572476834844911724410800526697193675455865935217,0.56,0.63,0.595,0.07,163.52,163.52,163.52,5.3,5.3,5.3,11,13,
2026-09-18 14:16:30,1006560,4484544,LoL: Colossal Gaming vs Los Goccioles - Game 1 Winner,map,1,2026-09-18 16:00:00,103.5,Los Goccioles,101477868183991959153175742760966434340959934495356599809023889081087079250189,0.37,0.44,0.405,0.07,3.12,3.12,3.12,128.48,128.48,128.48,13,11,
2026-09-18 14:16:30,1006560,4484545,LoL: Colossal Gaming vs Los Goccioles - Game 2 Winner,map,2,2026-09-18 16:00:00,103.5,Colossal Gaming,36207233593306181987173668846636916318479757930209852461070428272258651600447,0.56,0.58,0.57,0.02,163.52,163.52,163.52,2.9,2.9,187.88,13,17,
2026-09-18 14:16:30,1006560,4484545,LoL: Colossal Gaming vs Los Goccioles - Game 2 Winner,map,2,2026-09-18 16:00:00,103.5,Los Goccioles,95368571053778264143525692083144036546372888001086334153800877807972360874532,0.42,0.44,0.43,0.02,2.1,2.1,110.95,128.48,128.48,128.48,17,13,
2026-09-18 14:16:30,1006560,4484546,LoL: Colossal Gaming vs Los Goccioles - Game 3 Winner,map,3,2026-09-18 16:00:00,103.5,Colossal Gaming,101206125103691400951505250901248865703623322960185266444225063121192162209769,0.56,0.58,0.57,0.02,163.52,163.52,163.52,2.9,2.9,187.88,9,13,
2026-09-18 14:16:30,1006560,4484546,LoL: Colossal Gaming vs Los Goccioles - Game 3 Winner,map,3,2026-09-18 16:00:00,103.5,Los Goccioles,97831820761085614293127182915884413187864587759975096433588605194606076611437,0.42,0.44,0.43,0.02,2.1,2.1,110.95,128.48,128.48,128.48,13,9,
2026-09-18 14:16:30,1006560,4484547,LoL: Colossal Gaming vs Los Goccioles - Game 4 Winner,map,4,2026-09-18 16:00:00,103.5,Colossal Gaming,114405102250851696641335056716588868314325338286519849512168898450493129813277,0.27,0.92,0.595,0.65,7.85,7.85,7.85,34.5,34.5,82.5,8,4,172.02
2026-09-18 14:16:30,1006560,4484547,LoL: Colossal Gaming vs Los Goccioles - Game 4 Winner,map,4,2026-09-18 16:00:00,103.5,Los Goccioles,37674971418749890932094837269028422226122045671308847761421958438914120686570,0.08,0.73,0.405,0.65,3.0,3.0,5.0,21.97,21.97,21.97,4,8,172.02
2026-09-18 14:16:30,1006560,4484548,LoL: Colossal Gaming vs Los Goccioles (BO5) - LIT Playoffs,series,,2026-09-18 16:00:00,103.5,Colossal Gaming,59126677095672628787605789416974516696073769486534008758439040898518354363168,0.66,0.69,0.675,0.03,157.98,417.99,446.09,18.57,414.15,765.22,25,25,112.903001
2026-09-18 14:16:30,1006560,4484548,LoL: Colossal Gaming vs Los Goccioles (BO5) - LIT Playoffs,series,,2026-09-18 16:00:00,103.5,Los Goccioles,79695206108968755287241718136369046106885712025176705212956964636571850294580,0.31,0.34,0.325,0.03,8.1,163.37,289.11,81.46,229.43,247.31,25,25,112.903001
2026-09-18 14:16:30,1006560,4484549,Games Total: O/U 3.5,total_games,,2026-09-18 16:00:00,103.5,Over,80145482597193995839055538190327724737933834528396208523584150641520448122269,0.69,0.7,0.695,0.01,3.45,260.62,267.07,36.47,293.55,304.75,15,22,47.03
2026-09-18 14:16:30,1006560,4484549,Games Total: O/U 3.5,total_games,,2026-09-18 16:00:00,103.5,Under,82772240931673544230704917725350773242707187518498369305193527785335250444994,0.3,0.31,0.305,0.01,15.56,115.21,119.01,1.55,131.28,134.83,22,15,47.03
2026-09-18 14:16:30,1006560,4484550,Games Total: O/U 4.5,total_games,,2026-09-18 16:00:00,103.5,Over,65914196484027556534079364568918312894240042098150280914094419594648561458768,0.33,0.35,0.34,0.02,8.25,199.98,207.83,158.69,162.44,177.72,21,21,
2026-09-18 14:16:30,1006560,4484550,Games Total: O/U 4.5,total_games,,2026-09-18 16:00:00,103.5,Under,33405034309406639995825029034515909087862116868780444393036597877695302956248,0.65,0.67,0.66,0.02,288.66,294.91,317.97,17.37,454.57,474.58,21,21,
2026-09-18 14:16:30,1006560,4484551,Game 1: Both Teams Slay Baron Nashor?,prop,1,2026-09-18 16:00:00,103.5,Yes,109646671639612743295109443737782457455554192731950977660619720896412847111000,0.05,0.5,0.275,0.45,176.0,176.1,176.25,176.0,176.0,176.0,3,9,
2026-09-18 14:16:30,1006560,4484551,Game 1: Both Teams Slay Baron Nashor?,prop,1,2026-09-18 16:00:00,103.5,No,2945011852693356939179047211336128413198141666096467966339872874099703124005,0.5,0.95,0.725,0.45,176.0,176.0,176.0,3344.0,3348.9,3363.75,9,3,
2026-09-18 14:16:30,1006560,4484552,Game 1: Both Teams Slay a Dragon?,prop,1,2026-09-18 16:00:00,103.5,Yes,96282889347715354355202613066529151894231515387269828987237275675067217864809,0.5,0.83,0.665,0.33,176.0,176.0,176.0,859.29,859.29,859.29,8,3,
2026-09-18 14:16:30,1006560,4484552,Game 1: Both Teams Slay a Dragon?,prop,1,2026-09-18 16:00:00,103.5,No,67624833962155365387521031322988617058047486074720460503426630260792738258094,0.17,0.5,0.335,0.33,176.0,176.0,176.0,176.0,176.0,176.0,3,8,
2026-09-18 14:16:30,1006560,4484553,Game 1: Both Teams Destroy Inhibitors?,prop,1,2026-09-18 16:00:00,103.5,Yes,98802954366779933228672313874267280954196090091991664497816458635275285564865,0.03,0.5,0.265,0.47,176.1,176.25,176.25,176.0,176.0,176.0,3,9,
2026-09-18 14:16:30,1006560,4484553,Game 1: Both Teams Destroy Inhibitors?,prop,1,2026-09-18 16:00:00,103.5,No,79551460794277772347714825934705512147731401471833413971991396756386556835409,0.5,0.97,0.735,0.47,176.0,176.0,176.0,5695.56,5710.41,5710.41,9,3,
2026-09-18 14:16:30,1006560,4484554,Game 1: Any Player Quadra Kill?,prop,1,2026-09-18 16:00:00,103.5,Yes,29788206181536376948731514865874448305802518719331104241075884951180326221070,0.04,0.5,0.27,0.46,176.0,176.25,176.25,176.0,176.0,176.0,3,9,
2026-09-18 14:16:30,1006560,4484554,Game 1: Any Player Quadra Kill?,prop,1,2026-09-18 16:00:00,103.5,No,89691089768910712196705857917583249020155854268964873703486706488410688372433,0.5,0.96,0.73,0.46,176.0,176.0,176.0,4224.0,4243.75,4243.75,9,3,
2026-09-18 14:16:30,1006560,4484555,Game 1: Any Player Penta Kill?,prop,1,2026-09-18 16:00:00,103.5,Yes,42379136447846929494019008139893993490633583004390300080404415198148887031443,0.02,0.5,0.26,0.48,176.25,176.25,176.25,196.0,307.66,307.66,2,11,
2026-09-18 14:16:30,1006560,4484555,Game 1: Any Player Penta Kill?,prop,1,2026-09-18 16:00:00,103.5,No,62521547831089743286686987356566428359599836833132628967826068880026606927794,0.5,0.98,0.74,0.48,196.0,299.08,299.08,17443.75,17443.75,17443.75,11,2,
2026-09-18 14:16:30,1006560,4484556,Game 1: Odd/Even Total Kills?,odd_even,1,2026-09-18 16:00:00,103.5,Odd,86911462976977591422239266455395751273855708840618563883867461212147700680889,0.49,0.51,0.5,0.02,7.76,7.76,7.76,8.07,8.07,8.07,11,11,
2026-09-18 14:16:30,1006560,4484556,Game 1: Odd/Even Total Kills?,odd_even,1,2026-09-18 16:00:00,103.5,Even,43408340876671307064791738110122462879614898771222514777881513773426873658672,0.49,0.51,0.5,0.02,7.76,7.76,7.76,8.07,8.07,8.07,11,11,
2026-09-18 14:16:30,1006560,4484557,Game 2: Both Teams Slay Baron Nashor?,prop,2,2026-09-18 16:00:00,103.5,Yes,99273539239908037109196339569583789524671343125653213813743646680478181920106,0.05,0.5,0.275,0.45,176.0,176.1,176.25,176.0,176.0,176.0,3,9,
2026-09-18 14:16:30,1006560,4484557,Game 2: Both Teams Slay Baron Nashor?,prop,2,2026-09-18 16:00:00,103.5,No,33242049117140272085823629099088463844739930144410583402363645429114448217263,0.5,0.95,0.725,0.45,176.0,176.0,176.0,3344.0,3348.9,3363.75,9,3,
2026-09-18 14:16:30,1006560,4484558,Game 2: Both Teams Slay a Dragon?,prop,2,2026-09-18 16:00:00,103.5,Yes,70652670907551850664669064406480842310010192001048923205274111910705998896238,0.5,0.83,0.665,0.33,176.0,176.0,176.0,859.29,859.29,859.29,8,3,
2026-09-18 14:16:30,1006560,4484558,Game 2: Both Teams Slay a Dragon?,prop,2,2026-09-18 16:00:00,103.5,No,6115699214464384485052825663867874136879554869294102172327288916444392420712,0.17,0.5,0.335,0.33,176.0,176.0,176.0,176.0,176.0,176.0,3,8,
2026-09-18 14:16:30,1006560,4484559,Game 2: Both Teams Destroy Inhibitors?,prop,2,2026-09-18 16:00:00,103.5,Yes,69162917719515675893411150579311804206123792185520126237230752571092665536985,0.03,0.5,0.265,0.47,176.1,176.54,176.54,176.0,176.0,176.0,3,9,
2026-09-18 14:16:30,1006560,4484559,Game 2: Both Teams Destroy Inhibitors?,prop,2,2026-09-18 16:00:00,103.5,No,43678253183042422250687904982289500766179243301985472487415699192964084477093,0.5,0.97,0.735,0.47,176.0,176.0,176.0,5695.56,5739.56,5739.56,9,3,
2026-09-18 14:16:30,1006560,4484560,Game 2: Any Player Quadra Kill?,prop,2,2026-09-18 16:00:00,103.5,Yes,68567559409721422667794619792753502497851016496711910865432641456247433341900,0.04,0.5,0.27,0.46,176.0,176.25,176.25,176.0,176.0,176.0,3,9,
2026-09-18 14:16:30,1006560,4484560,Game 2: Any Player Quadra Kill?,prop,2,2026-09-18 16:00:00,103.5,No,95804048401224853593595547649937963420325707407953334871995334027192795026496,0.5,0.96,0.73,0.46,176.0,176.0,176.0,4224.0,4243.75,4243.75,9,3,
2026-09-18 14:16:30,1006560,4484561,Game 2: Any Player Penta Kill?,prop,2,2026-09-18 16:00:00,103.5,Yes,73472131541261359610931215323585128294240705086165086834821883571801196716363,0.02,0.5,0.26,0.48,176.25,176.25,176.25,196.0,307.66,307.66,2,11,
2026-09-18 14:16:30,1006560,4484561,Game 2: Any Player Penta Kill?,prop,2,2026-09-18 16:00:00,103.5,No,78042833174593851458090179515182853770180283902605553067142406945261710837358,0.5,0.98,0.74,0.48,196.0,299.08,299.08,17443.75,17443.75,17443.75,11,2,
2026-09-18 14:16:30,1006560,4484562,Game 2: Odd/Even Total Kills?,odd_even,2,2026-09-18 16:00:00,103.5,Odd,21376821444641683713841256922723028667696080730788175246711174440928008283063,0.49,0.51,0.5,0.02,7.76,7.76,7.76,8.07,8.07,8.07,11,11,
2026-09-18 14:16:30,1006560,4484562,Game 2: Odd/Even Total Kills?,odd_even,2,2026-09-18 16:00:00,103.5,Even,111753555407122333483168676321354410894826555455038412213095158212129887733757,0.49,0.51,0.5,0.02,7.76,7.76,7.76,8.07,8.07,8.07,11,11,
2026-09-18 14:16:30,1006560,4484563,Game 3: Both Teams Slay Baron Nashor?,prop,3,2026-09-18 16:00:00,103.5,Yes,55002680429415062590606452940635702772816368777991503194431990852803214080638,0.05,0.5,0.275,0.45,176.0,176.1,176.25,176.0,176.0,176.0,3,9,
2026-09-18 14:16:30,1006560,4484563,Game 3: Both Teams Slay Baron Nashor?,prop,3,2026-09-18 16:00:00,103.5,No,37568843671439433567981756337430008360402559633690871657845480946289809069005,0.5,0.95,0.725,0.45,176.0,176.0,176.0,3344.0,3348.9,3363.75,9,3,
2026-09-18 14:16:30,1006560,4484564,Game 3: Both Teams Slay a Dragon?,prop,3,2026-09-18 16:00:00,103.5,Yes,26089574432486020955807780191990329483718720718247818496979552893224512201032,0.5,0.83,0.665,0.33,176.0,176.0,176.0,859.29,859.29,859.29,8,3,
2026-09-18 14:16:30,1006560,4484564,Game 3: Both Teams Slay a Dragon?,prop,3,2026-09-18 16:00:00,103.5,No,104970833193095620364669292347440413888585616234531064950905587058364160418767,0.17,0.5,0.335,0.33,176.0,176.0,176.0,176.0,176.0,176.0,3,8,
2026-09-18 14:16:30,1006560,4484565,Game 3: Both Teams Destroy Inhibitors?,prop,3,2026-09-18 16:00:00,103.5,Yes,27803970851387488311274568932190891664460343286724711434378794958259993035011,0.03,0.5,0.265,0.47,176.3,176.54,176.54,176.0,176.0,176.0,3,9,
2026-09-18 14:16:30,1006560,4484565,Game 3: Both Teams Destroy Inhibitors?,prop,3,2026-09-18 16:00:00,103.5,No,91816560641125417056627475856678136118657420639877595620937609141544880663909,0.5,0.97,0.735,0.47,176.0,176.0,176.0,5705.34,5729.56,5729.56,9,3,
2026-09-18 14:16:30,1006560,4484566,Game 3: Any Player Quadra Kill?,prop,3,2026-09-18 16:00:00,103.5,Yes,94441151895223822909736858040712540433436993511397179669323882795389536626499,0.04,0.5,0.27,0.46,176.0,176.25,176.25,176.0,176.0,176.0,3,9,
2026-09-18 14:16:30,1006560,4484566,Game 3: Any Player Quadra Kill?,prop,3,2026-09-18 16:00:00,103.5,No,30465925048770014459919910137355778202010691235461420480929956438776558609642,0.5,0.96,0.73,0.46,176.0,176.0,176.0,4224.0,4243.75,4243.75,9,3,
2026-09-18 14:16:30,1006560,4484567,Game 3: Any Player Penta Kill?,prop,3,2026-09-18 16:00:00,103.5,Yes,114279174777470679643940118546127661835659949005377884504637608513802998641507,0.02,0.5,0.26,0.48,176.25,176.25,176.25,196.0,307.66,307.66,2,11,
2026-09-18 14:16:30,1006560,4484567,Game 3: Any Player Penta Kill?,prop,3,2026-09-18 16:00:00,103.5,No,76311976752377616093187129217582774737281904164754134536916242808979528628822,0.5,0.98,0.74,0.48,196.0,299.08,299.08,17443.75,17443.75,17443.75,11,2,
2026-09-18 14:16:30,1006560,4484568,Game 3: Odd/Even Total Kills?,odd_even,3,2026-09-18 16:00:00,103.5,Odd,96730093986400698722165267851271724935606386363450543474413636715463836455785,0.49,0.51,0.5,0.02,7.76,7.76,7.76,8.07,8.07,8.07,11,11,
2026-09-18 14:16:30,1006560,4484568,Game 3: Odd/Even Total Kills?,odd_even,3,2026-09-18 16:00:00,103.5,Even,113613417957010240095156889468086784112468730146858856900782437845814290610078,0.49,0.51,0.5,0.02,7.76,7.76,7.76,8.07,8.07,8.07,11,11,
2026-09-18 14:16:30,1006560,4484569,Game 4: Both Teams Slay Baron Nashor?,prop,4,2026-09-18 16:00:00,103.5,Yes,37939703070052636886580343571033325578332549657424287648512891894861283130048,0.06,0.98,0.52,0.92,176.5,176.5,177.33,279.06,279.06,279.06,4,2,
2026-09-18 14:16:30,1006560,4484569,Game 4: Both Teams Slay Baron Nashor?,prop,4,2026-09-18 16:00:00,103.5,No,81469928702981560544320883566256458642364449570570804397792411187158716943465,0.02,0.94,0.48,0.92,3.33,3.33,3.33,3351.78,3351.78,3421.2,2,4,
2026-09-18 14:16:30,1006560,4484570,Game 4: Both Teams Slay a Dragon?,prop,4,2026-09-18 16:00:00,103.5,Yes,86048597513194370056989567755913221252534889958771200870719952541561560071237,0.3,0.83,0.565,0.53,6.0,6.0,6.0,859.29,859.29,859.29,7,3,
2026-09-18 14:16:30,1006560,4484570,Game 4: Both Teams Slay a Dragon?,prop,4,2026-09-18 16:00:00,103.5,No,86687727666924183842096605866624259559205634086053114906414682657183192118115,0.17,0.7,0.435,0.53,176.0,176.0,176.0,14.0,14.0,14.0,3,7,
2026-09-18 14:16:30,1006560,4484571,Game 4: Both Teams Destroy Inhibitors?,prop,4,2026-09-18 16:00:00,103.5,Yes,91213502874539958004752945477069752704333309206667822436753252549686224946397,0.03,0.98,0.505,0.95,176.1,176.25,176.25,217.75,217.75,217.75,3,2,
2026-09-18 14:16:30,1006560,4484571,Game 4: Both Teams Destroy Inhibitors?,prop,4,2026-09-18 16:00:00,103.5,No,62593559094865018556384810717371426391541059027040030528972437919725784036765,0.02,0.97,0.495,0.95,2.25,2.25,2.25,5695.56,5710.41,5710.41,2,3,
2026-09-18 14:16:30,1006560,4484572,Game 4: Any Player Quadra Kill?,prop,4,2026-09-18 16:00:00,103.5,Yes,34064385733246354563056065306531732975716489379217168896820708684059718607551,0.04,0.98,0.51,0.94,176.0,176.25,176.25,217.75,217.75,217.75,3,2,
2026-09-18 14:16:30,1006560,4484572,Game 4: Any Player Quadra Kill?,prop,4,2026-09-18 16:00:00,103.5,No,47125298562215925480600334831814226987733650790004712387712534030237838957739,0.02,0.96,0.49,0.94,2.25,2.25,2.25,4224.0,4243.75,4243.75,2,3,
2026-09-18 14:16:30,1006560,4484573,Game 4: Any Player Penta Kill?,prop,4,2026-09-18 16:00:00,103.5,Yes,56314025380694455360625381252651320602951916358308812544486090010385321521133,0.02,0.98,0.5,0.96,176.25,176.25,176.25,217.75,217.75,217.75,2,2,
2026-09-18 14:16:30,1006560,4484573,Game 4: Any Player Penta Kill?,prop,4,2026-09-18 16:00:00,103.5,No,112927945545588245979600485961040640926698901617176776873027682671010806783416,0.02,0.98,0.5,0.96,2.25,2.25,2.25,17443.75,17443.75,17443.75,2,2,
2026-09-18 14:16:30,1006560,4484574,Game 4: Odd/Even Total Kills?,odd_even,4,2026-09-18 16:00:00,103.5,Odd,26956211092666903163340213071184941707379060432917321058241102986165803030363,0.49,0.51,0.5,0.02,7.76,7.76,7.76,8.07,8.07,8.07,11,11,
2026-09-18 14:16:30,1006560,4484574,Game 4: Odd/Even Total Kills?,odd_even,4,2026-09-18 16:00:00,103.5,Even,46392672404247612158267449347782996282734931642542765850521648722334277819330,0.49,0.51,0.5,0.02,7.76,7.76,7.76,8.07,8.07,8.07,11,11,
2026-09-18 14:16:30,1006560,4484575,Game 5: Both Teams Slay Baron Nashor?,prop,5,2026-09-18 16:00:00,103.5,Yes,9399258485272004998916694525472290698178960908384612081206763560447428716352,0.05,0.98,0.515,0.93,176.0,176.26,176.82,279.06,279.06,279.06,3,2,
2026-09-18 14:16:30,1006560,4484575,Game 5: Both Teams Slay Baron Nashor?,prop,5,2026-09-18 16:00:00,103.5,No,83203365683304218343865477456396013459055591268695841380282445899483631083816,0.02,0.95,0.485,0.93,3.33,3.33,3.33,3344.0,3356.86,3412.53,2,3,
2026-09-18 14:16:30,1006560,4484576,Game 5: Both Teams Slay a Dragon?,prop,5,2026-09-18 16:00:00,103.5,Yes,21884054535502479391428670815433622630574184524429052529656192181067032111909,0.3,0.83,0.565,0.53,6.0,6.0,6.0,859.29,859.29,859.29,7,3,
2026-09-18 14:16:30,1006560,4484576,Game 5: Both Teams Slay a Dragon?,prop,5,2026-09-18 16:00:00,103.5,No,67973791371504261423799509260234274151045352840645364379941379968025473213290,0.17,0.7,0.435,0.53,176.0,176.0,176.0,14.0,14.0,14.0,3,7,
2026-09-18 14:16:30,1006560,4484577,Game 5: Both Teams Destroy Inhibitors?,prop,5,2026-09-18 16:00:00,103.5,Yes,46113629726100388038634322452133873689664691850329351812662555318889411661730,0.04,0.98,0.51,0.94,176.65,177.33,177.33,279.06,279.06,279.06,4,2,
2026-09-18 14:16:30,1006560,4484577,Game 5: Both Teams Destroy Inhibitors?,prop,5,2026-09-18 16:00:00,103.5,No,88169126000290548179453277763396127039837291969170278764704567886709918031131,0.02,0.96,0.49,0.94,3.33,3.33,3.33,5706.23,5761.15,5761.15,2,4,
2026-09-18 14:16:30,1006560,4484578,Game 5: Any Player Quadra Kill?,prop,5,2026-09-18 16:00:00,103.5,Yes,58976705023742360385100634834228057898984103074351827018198778246050148908195,0.05,0.98,0.515,0.93,189.74,189.84,189.99,217.75,217.75,217.75,4,2,
2026-09-18 14:16:30,1006560,4484578,Game 5: Any Player Quadra Kill?,prop,5,2026-09-18 16:00:00,103.5,No,93802788734649731073847377969372796778847860288816655205889564525747989854457,0.02,0.95,0.485,0.93,2.25,2.25,2.25,3673.85,3678.75,3693.6,2,4,
2026-09-18 14:16:30,1006560,4484579,Game 5: Any Player Penta Kill?,prop,5,2026-09-18 16:00:00,103.5,Yes,33529384713028489642697549252752244428847595069478869879563195677768091624646,0.05,0.98,0.515,0.93,28.65,28.75,204.9,217.75,217.75,217.75,3,2,
2026-09-18 14:16:30,1006560,4484579,Game 5: Any Player Penta Kill?,prop,5,2026-09-18 16:00:00,103.5,No,67410159568150529838740446116535518233970394098135010044759439863554353517784,0.02,0.95,0.485,0.93,2.25,2.25,2.25,544.35,549.25,17988.1,2,3,
2026-09-18 14:16:30,1006560,4484580,Game 5: Odd/Even Total Kills?,odd_even,5,2026-09-18 16:00:00,103.5,Odd,4637144246209315783241777341044119281194149130264778749875476920052727912517,0.49,0.51,0.5,0.02,7.76,7.76,7.76,8.07,8.07,8.07,11,11,
2026-09-18 14:16:30,1006560,4484580,Game 5: Odd/Even Total Kills?,odd_even,5,2026-09-18 16:00:00,103.5,Even,101639357751906375612785869172937396477498406739846278738502292865808715459593,0.49,0.51,0.5,0.02,7.76,7.76,7.76,8.07,8.07,8.07,11,11,
2026-09-18 14:16:30,1015105,4516882,LoL: Natus Vincere vs Movistar KOI - Game 1 Winner,map,1,2026-09-18 15:00:00,43.5,Natus Vincere,70191001328311994236207288513152250300862619125520735379401581909320240365242,0.42,0.43,0.425,0.01,7238.32,15729.4,22681.9,587.33,10306.64,18058.04,37,44,13974.201750999999
2026-09-18 14:16:30,1015105,4516882,LoL: Natus Vincere vs Movistar KOI - Game 1 Winner,map,1,2026-09-18 15:00:00,43.5,Movistar KOI,71244617840232667664691442479870202157378848140704759452577610379660506414618,0.57,0.58,0.575,0.01,752.42,12246.63,20950.23,10406.9,23302.0,34779.5,42,36,13974.201750999999
2026-09-18 14:16:30,1015105,4516884,LoL: Natus Vincere vs Movistar KOI - Game 2 Winner,map,2,2026-09-18 15:00:00,43.5,Natus Vincere,20060404422016322493732668923305609511397124835916812867299867392580214411963,0.41,0.42,0.415,0.01,6658.0,12087.51,14866.58,1741.48,3674.42,10916.32,30,40,10018.311422
2026-09-18 14:16:30,1015105,4516884,LoL: Natus Vincere vs Movistar KOI - Game 2 Winner,map,2,2026-09-18 15:00:00,43.5,Movistar KOI,1824543711528743027924843644264035592449578071747357069606240858613815249846,0.58,0.59,0.585,0.01,2313.67,4702.75,13171.41,9965.24,18660.06,23391.99,40,30,10018.311422
2026-09-18 14:16:30,1015105,4516887,LoL: Natus Vincere vs Movistar KOI - Game 3 Winner,map,3,2026-09-18 15:00:00,43.5,Natus Vincere,81497345356393250312702056645266427483395058712368081494060321643812014303677,0.41,0.42,0.415,0.01,6720.01,11664.76,14351.65,617.07,3537.0,10814.28,30,39,8744.149324000002
2026-09-18 14:16:30,1015105,4516887,LoL: Natus Vincere vs Movistar KOI - Game 3 Winner,map,3,2026-09-18 15:00:00,43.5,Movistar KOI,51757772193535957745301345874107034579808541856767465684653529885039157696965,0.58,0.59,0.585,0.01,819.09,4449.55,12959.83,10068.08,17991.12,22566.23,39,30,8744.149324000002
2026-09-18 14:16:30,1015105,4516890,LoL: Natus Vincere vs Movistar KOI - Game 4 Winner,map,4,2026-09-18 15:00:00,43.5,Natus Vincere,41947148478055573400174695880130875338154364600676904884297680057599810917165,0.42,0.48,0.45,0.06,79.1,289.1,299.1,108.7,3136.2,3136.2,14,8,
2026-09-18 14:16:30,1015105,4516890,LoL: Natus Vincere vs Movistar KOI - Game 4 Winner,map,4,2026-09-18 15:00:00,43.5,Movistar KOI,100812995150736179572190592529622590473987615635032692800947934575452335759582,0.52,0.58,0.55,0.06,113.53,3141.03,3141.03,113.17,428.49,445.16,8,14,
2026-09-18 14:16:30,1015105,4516893,LoL: Natus Vincere vs Movistar KOI (BO5) - LEC Playoffs,series,,2026-09-18 15:00:00,43.5,Natus Vincere,68274692138460745027217490227035175215920465167975797390606564502227655627930,0.35,0.36,0.355,0.01,55048.2,73558.62,76996.27,13522.37,49477.49,76861.57,31,50,383410.2197930001
2026-09-18 14:16:30,1015105,4516893,LoL: Natus Vincere vs Movistar KOI (BO5) - LEC Playoffs,series,,2026-09-18 15:00:00,43.5,Movistar KOI,64334046779190023162632298116496326894514926471030017641440343578904157566997,0.64,0.65,0.645,0.01,23569.84,81097.61,121869.53,105360.61,143435.3,151355.65,50,31,383410.2197930001
2026-09-18 14:16:30,1015105,4516896,Games Total: O/U 3.5,total_games,,2026-09-18 15:00:00,43.5,Over,79976487652907242443786244266535927375322005642948977389216373580502775001826,0.7,0.75,0.725,0.05,1550.91,2914.51,13014.26,10615.78,17332.49,23856.91,16,14,1795.2996620000001
2026-09-18 14:16:30,1015105,4516896,Games Total: O/U 3.5,total_games,,2026-09-18 15:00:00,43.5,Under,109234168747572535938025338897751134394983149027369296871956589683519521989543,0.25,0.3,0.275,0.05,3364.31,5318.0,7013.59,676.25,1332.06,6762.31,14,16,1795.2996620000001
2026-09-18 14:16:30,1015105,4516898,Games Total: O/U 4.5,total_games,,2026-09-18 15:00:00,43.5,Over,42908346447317448752464469030069663386716181258834437400853540272349358571915,0.31,0.32,0.315,0.01,6241.42,8268.03,11917.73,17973.73,18084.29,18257.25,18,31,20189.718611999993
2026-09-18 14:16:30,1015105,4516898,Games Total: O/U 4.5,total_games,,2026-09-18 15:00:00,43.5,Under,51820874743015681089718697424621431995946463810697460573436281273569963295907,0.68,0.69,0.685,0.01,38194.18,38399.79,38696.01,14337.16,19439.55,29309.85,31,18,20189.718611999993
2026-09-18 14:16:30,1015105,4516900,Game Handicap: MKOI (-1.5) vs Natus Vincere (+1.5),handicap,,2026-09-18 15:00:00,43.5,Movistar KOI,18372070380306323632290689903085871041588213085888069987267593306551700835927,0.44,0.45,0.445,0.01,4720.74,9319.01,15730.96,11289.05,29607.37,33687.58,23,28,56716.31856999999
2026-09-18 14:16:30,1015105,4516900,Game Handicap: MKOI (-1.5) vs Natus Vincere (+1.5),handicap,,2026-09-18 15:00:00,43.5,Natus Vincere,73576496561983722231686360730394754887244898504922158481902876916353019475520,0.55,0.56,0.555,0.01,13327.98,33902.29,38063.08,6165.84,12697.52,22390.57,28,23,56716.31856999999
2026-09-18 14:16:30,1015105,4516902,Game Handicap: MKOI (-2.5) vs Natus Vincere (+2.5),handicap,,2026-09-18 15:00:00,43.5,Movistar KOI,74024975006559345917317664837235739516682375513770697044314305516703341690704,0.21,0.22,0.215,0.01,321.47,469.89,3198.66,523.04,4158.16,5021.96,16,14,1449.081964
2026-09-18 14:16:30,1015105,4516902,Game Handicap: MKOI (-2.5) vs Natus Vincere (+2.5),handicap,,2026-09-18 15:00:00,43.5,Natus Vincere,63465949490329829660037584929447217387135177222569022587380158344852572646143,0.78,0.79,0.785,0.01,1762.35,12718.41,15109.61,1269.11,1923.08,16156.31,14,16,1449.081964
2026-09-18 14:16:30,1015105,4516903,Game 1: Both Teams Slay Baron Nashor?,prop,1,2026-09-18 15:00:00,43.5,Yes,113629768485208465966989726295445546616366509490859851744258019997709546425644,0.04,0.22,0.13,0.18,0.99,1.78,1.78,3.8,3.8,3.8,4,4,
2026-09-18 14:16:30,1015105,4516903,Game 1: Both Teams Slay Baron Nashor?,prop,1,2026-09-18 15:00:00,43.5,No,60115135813695096138652119556167975729107738610670069777336113962007322702642,0.78,0.96,0.87,0.18,12.93,12.93,12.93,29.89,103.27,103.27,4,4,
2026-09-18 14:16:30,1015105,4516905,Game 1: Both Teams Slay a Dragon?,prop,1,2026-09-18 15:00:00,43.5,Yes,61946485307415643570260427240423181874220372021664997549859736838325517665406,0.04,0.97,0.505,0.93,9.15,10.13,10.13,28.51,111.01,111.01,4,3,
2026-09-18 14:16:30,1015105,4516905,Game 1: Both Teams Slay a Dragon?,prop,1,2026-09-18 15:00:00,43.5,No,52338224596397700119080178893119289329165203191338498334724428441936014613926,0.03,0.96,0.495,0.93,0.65,1.48,1.48,277.1,369.12,369.12,3,4,
2026-09-18 14:16:30,1015105,4516908,Game 1: Both Teams Destroy Inhibitors?,prop,1,2026-09-18 15:00:00,43.5,Yes,8135258981059687484423864394722190508058772357978712661538908518862106213608,0.02,0.96,0.49,0.94,1.36,1.36,1.36,277.1,306.75,306.75,2,4,
2026-09-18 14:16:30,1015105,4516908,Game 1: Both Teams Destroy Inhibitors?,prop,1,2026-09-18 15:00:00,43.5,No,13320047728499314867728761504770928625534987432087618901818973488516631967560,0.04,0.98,0.51,0.94,4.65,5.0,5.0,111.92,111.92,111.92,4,2,
2026-09-18 14:16:30,1015105,4516910,Game 1: Any Player Quadra Kill?,prop,1,2026-09-18 15:00:00,43.5,Yes,75314216447335760167310305670096920818888291919464406652923763007960427491788,0.02,0.98,0.5,0.96,0.45,0.45,0.45,34.55,34.55,34.55,2,2,
2026-09-18 14:16:30,1015105,4516910,Game 1: Any Player Quadra Kill?,prop,1,2026-09-18 15:00:00,43.5,No,80585168773941075863113403138636606363608622748544801368458111306635087801554,0.02,0.98,0.5,0.96,0.45,0.45,0.45,34.55,34.55,34.55,2,2,
2026-09-18 14:16:30,1015105,4516912,Game 1: Any Player Penta Kill?,prop,1,2026-09-18 15:00:00,43.5,Yes,60769182250149976618388660209492549882775777914639473295723887594336375577944,0.02,0.39,0.205,0.37,0.35,0.35,0.35,16.87,16.87,16.87,2,4,
2026-09-18 14:16:30,1015105,4516912,Game 1: Any Player Penta Kill?,prop,1,2026-09-18 15:00:00,43.5,No,3702368328794174666736391744250367987513490064104957067116683129603750597592,0.61,0.98,0.795,0.37,26.13,26.13,26.13,29.65,29.65,29.65,4,2,
2026-09-18 14:16:30,1015105,4516914,Game 1: Odd/Even Total Kills?,odd_even,1,2026-09-18 15:00:00,43.5,Odd,101210933553846797183977892074820263733389652996891869500584940346362592820308,0.49,0.51,0.5,0.02,14.96,35.66,339.17,8.07,33.32,440.02,8,9,
2026-09-18 14:16:30,1015105,4516914,Game 1: Odd/Even Total Kills?,odd_even,1,2026-09-18 15:00:00,43.5,Even,61600276857062807369953084452814312640451279582474036596018085450066476075670,0.49,0.51,0.5,0.02,7.76,29.51,361.29,15.87,40.17,411.14,9,8,
2026-09-18 14:16:30,1015105,4516917,Game 2: Both Teams Slay Baron Nashor?,prop,2,2026-09-18 15:00:00,43.5,Yes,104808546074196657555474658578148476874680954464773414373463198707214246902020,0.03,0.95,0.49,0.92,0.65,1.48,1.48,15.54,32.69,78.98,3,4,
2026-09-18 14:16:30,1015105,4516917,Game 2: Both Teams Slay Baron Nashor?,prop,2,2026-09-18 15:00:00,43.5,No,26421821163653988823168203835261967583569945635255659301192355605783347760179,0.05,0.97,0.51,0.92,0.77,1.12,1.58,28.51,111.01,111.01,4,3,
2026-09-18 14:16:30,1015105,4516919,Game 2: Both Teams Slay a Dragon?,prop,2,2026-09-18 15:00:00,43.5,Yes,33983397592306403001613168388325224796228721941423356948699593107718809169365,0.02,0.97,0.495,0.95,1.48,1.48,1.48,28.51,111.02,111.02,2,3,
2026-09-18 14:16:30,1015105,4516919,Game 2: Both Teams Slay a Dragon?,prop,2,2026-09-18 15:00:00,43.5,No,66485901875561491081429565245055106879089720957391713626154838723596117387008,0.03,0.98,0.505,0.95,0.65,1.48,1.48,124.35,124.35,124.35,3,2,
2026-09-18 14:16:30,1015105,4516921,Game 2: Both Teams Destroy Inhibitors?,prop,2,2026-09-18 15:00:00,43.5,Yes,110664697687699442115348556316287923050784452014992850980078483284791780579078,0.02,0.98,0.5,0.96,1.36,1.36,1.36,106.81,106.81,106.81,2,2,
2026-09-18 14:16:30,1015105,4516921,Game 2: Both Teams Destroy Inhibitors?,prop,2,2026-09-18 15:00:00,43.5,No,106570203808553925911578424634070814401895937069941611694185437867430019797713,0.02,0.98,0.5,0.96,1.31,1.31,1.31,110.81,110.81,110.81,2,2,
2026-09-18 14:16:30,1015105,4516922,Game 2: Any Player Quadra Kill?,prop,2,2026-09-18 15:00:00,43.5,Yes,67848776114265618659412686697420074149314840651447603091864640370213159827846,0.02,0.98,0.5,0.96,0.45,0.45,0.45,34.55,34.55,34.55,2,2,
2026-09-18 14:16:30,1015105,4516922,Game 2: Any Player Quadra Kill?,prop,2,2026-09-18 15:00:00,43.5,No,50104905188032683768791274049932475972076394414027276762324398167174997490074,0.02,0.98,0.5,0.96,0.45,0.45,0.45,34.55,34.55,34.55,2,2,
2026-09-18 14:16:30,1015105,4516924,Game 2: Any Player Penta Kill?,prop,2,2026-09-18 15:00:00,43.5,Yes,41363617948408122688792324228663525993734600370046997907564004850690193406470,0.02,0.31,0.165,0.29,0.35,0.35,0.35,10.59,10.59,10.59,2,4,
2026-09-18 14:16:30,1015105,4516924,Game 2: Any Player Penta Kill?,prop,2,2026-09-18 15:00:00,43.5,No,111228422503846566842660727826499187582775373984814099496633994115400968206527,0.69,0.98,0.835,0.29,23.41,23.41,23.41,29.65,29.65,29.65,4,2,
2026-09-18 14:16:30,1015105,4516927,Game 2: Odd/Even Total Kills?,odd_even,2,2026-09-18 15:00:00,43.5,Odd,75784658875786480320558994179576556655161352629296400328631345392135942294400,0.49,0.51,0.5,0.02,14.0,22.74,326.7,8.07,24.68,418.06,8,9,
2026-09-18 14:16:30,1015105,4516927,Game 2: Odd/Even Total Kills?,odd_even,2,2026-09-18 15:00:00,43.5,Even,108215168870720361059752465179774345397609336269186301872501736516824702270236,0.49,0.51,0.5,0.02,7.76,22.15,343.25,14.83,25.09,396.61,9,8,
2026-09-18 14:16:30,1015105,4516929,Game 3: Both Teams Slay Baron Nashor?,prop,3,2026-09-18 15:00:00,43.5,Yes,94636679990271334209439303266311509742150557388823744619793089911803630498958,0.03,0.94,0.485,0.91,0.65,1.48,1.48,168.25,168.25,262.55,3,4,
2026-09-18 14:16:30,1015105,4516929,Game 3: Both Teams Slay Baron Nashor?,prop,3,2026-09-18 15:00:00,43.5,No,91408842231899529168493973995485777705730300606799390570002183979814826105869,0.06,0.97,0.515,0.91,9.25,9.25,10.32,28.51,111.01,111.01,4,3,
2026-09-18 14:16:30,1015105,4516931,Game 3: Both Teams Slay a Dragon?,prop,3,2026-09-18 15:00:00,43.5,Yes,71528224879427732532194268155937522373699494786839016318090191943374048201988,0.02,0.97,0.495,0.95,1.48,1.48,1.48,28.51,111.02,111.02,2,3,
2026-09-18 14:16:30,1015105,4516931,Game 3: Both Teams Slay a Dragon?,prop,3,2026-09-18 15:00:00,43.5,No,41280885250934791477054316520936575463734681646696880531638432210186820306152,0.03,0.98,0.505,0.95,0.65,1.48,1.48,126.35,126.35,126.35,3,2,
2026-09-18 14:16:30,1015105,4516932,Game 3: Both Teams Destroy Inhibitors?,prop,3,2026-09-18 15:00:00,43.5,Yes,65905591164817045285475612968304180872457654535762302182503901512608518692795,0.02,0.95,0.485,0.93,1.36,1.36,1.36,15.15,34.2,71.98,2,5,
2026-09-18 14:16:30,1015105,4516932,Game 3: Both Teams Destroy Inhibitors?,prop,3,2026-09-18 15:00:00,43.5,No,8684747113492583624126642893614938728305707712132982150021409922638054348387,0.05,0.98,0.515,0.93,0.74,1.2,1.58,110.81,110.81,110.81,5,2,
2026-09-18 14:16:30,1015105,4516933,Game 3: Any Player Quadra Kill?,prop,3,2026-09-18 15:00:00,43.5,Yes,69305597639753638344147797372155613726382111227699335412702146320621488977789,0.02,0.98,0.5,0.96,0.45,0.45,0.45,34.55,34.55,34.55,2,2,
2026-09-18 14:16:30,1015105,4516933,Game 3: Any Player Quadra Kill?,prop,3,2026-09-18 15:00:00,43.5,No,30507080157207000140239269785040568946669800121851287249251485011154294236493,0.02,0.98,0.5,0.96,0.45,0.45,0.45,34.55,34.55,34.55,2,2,
2026-09-18 14:16:30,1015105,4516934,Game 3: Any Player Penta Kill?,prop,3,2026-09-18 15:00:00,43.5,Yes,5290935352407906167765256420166021002065849315173727088101356160486660562858,0.02,0.49,0.255,0.47,0.35,0.35,0.35,21.61,21.61,21.61,2,4,
2026-09-18 14:16:30,1015105,4516934,Game 3: Any Player Penta Kill?,prop,3,2026-09-18 15:00:00,43.5,No,35745250400117089108446773857425894253608005112660194188487722154057311957377,0.51,0.98,0.745,0.47,22.39,22.39,22.39,29.65,29.65,29.65,4,2,
2026-09-18 14:16:30,1015105,4516935,Game 3: Odd/Even Total Kills?,odd_even,3,2026-09-18 15:00:00,43.5,Odd,99780175100883584874006049511426438317621155309609587343445387118670798413623,0.49,0.51,0.5,0.02,14.0,35.16,340.47,8.07,40.86,439.79,9,9,
2026-09-18 14:16:30,1015105,4516935,Game 3: Odd/Even Total Kills?,odd_even,3,2026-09-18 15:00:00,43.5,Even,107462064724037300712410324309339646847016780734169166270804040960564819251367,0.49,0.51,0.5,0.02,7.76,35.97,361.52,14.83,39.67,412.84,9,9,
2026-09-18 14:16:30,1015105,4516936,Game 4: Both Teams Slay Baron Nashor?,prop,4,2026-09-18 15:00:00,43.5,Yes,60383507143917205690612279874235749943612816923327294339012748133687211276013,0.02,0.96,0.49,0.94,0.96,0.96,0.96,277.1,319.0,319.0,2,4,
2026-09-18 14:16:30,1015105,4516936,Game 4: Both Teams Slay Baron Nashor?,prop,4,2026-09-18 15:00:00,43.5,No,56183220170587773538239376827241380976513676328213670217835102369017957034944,0.04,0.98,0.51,0.94,9.15,9.75,9.75,84.61,84.61,84.61,4,2,
2026-09-18 14:16:30,1015105,4516937,Game 4: Both Teams Slay a Dragon?,prop,4,2026-09-18 15:00:00,43.5,Yes,90101083412959631281576806818798843574302088486721997580478348546884660274790,0.07,0.97,0.52,0.9,0.45,0.45,0.65,28.5,111.01,111.01,3,3,
2026-09-18 14:16:30,1015105,4516937,Game 4: Both Teams Slay a Dragon?,prop,4,2026-09-18 15:00:00,43.5,No,61952732612969437917361019345702202454177449959774908899662265588311274009451,0.03,0.93,0.48,0.9,0.65,1.48,1.48,6.03,6.03,15.83,3,3,
2026-09-18 14:16:30,1015105,4516940,Game 4: Both Teams Destroy Inhibitors?,prop,4,2026-09-18 15:00:00,43.5,Yes,68533313656299837650575385640947839121399943585934522944997364717473772818499,0.02,0.93,0.475,0.91,1.1,1.1,1.1,140.34,140.34,152.4,2,5,
2026-09-18 14:16:30,1015105,4516940,Game 4: Both Teams Destroy Inhibitors?,prop,4,2026-09-18 15:00:00,43.5,No,2958275988664067565510984231191001208355080903761705668130987045436891092418,0.07,0.98,0.525,0.91,9.3,9.3,9.62,98.8,98.8,98.8,5,2,
2026-09-18 14:16:30,1015105,4516942,Game 4: Any Player Quadra Kill?,prop,4,2026-09-18 15:00:00,43.5,Yes,9397629266694028277880785832399074444459874575745251226194943618261959889556,0.02,0.98,0.5,0.96,0.45,0.45,0.45,29.65,29.65,29.65,2,2,
2026-09-18 14:16:30,1015105,4516942,Game 4: Any Player Quadra Kill?,prop,4,2026-09-18 15:00:00,43.5,No,15464709989595928399739166653394756128375512520973887822875824444404896463880,0.02,0.98,0.5,0.96,0.35,0.35,0.35,34.55,34.55,34.55,2,2,
2026-09-18 14:16:30,1015105,4516944,Game 4: Any Player Penta Kill?,prop,4,2026-09-18 15:00:00,43.5,Yes,24743181503947724749746614763587876955356733902050433591876156700017821515436,0.02,0.98,0.5,0.96,0.35,0.35,0.35,29.65,29.65,29.65,2,2,
2026-09-18 14:16:30,1015105,4516944,Game 4: Any Player Penta Kill?,prop,4,2026-09-18 15:00:00,43.5,No,73770804382318417802379991125701869544212570071806772373272284095670818561451,0.02,0.98,0.5,0.96,0.35,0.35,0.35,29.65,29.65,29.65,2,2,
2026-09-18 14:16:30,1015105,4516946,Game 4: Odd/Even Total Kills?,odd_even,4,2026-09-18 15:00:00,43.5,Odd,14837063056612172016859641639268587753094212050678677066637419448339601367129,0.49,0.51,0.5,0.02,7.76,7.76,10.01,8.07,8.07,10.82,4,4,
2026-09-18 14:16:30,1015105,4516946,Game 4: Odd/Even Total Kills?,odd_even,4,2026-09-18 15:00:00,43.5,Even,76368567617427817280390437886764140572612423377148300777039362743705690062363,0.49,0.51,0.5,0.02,7.76,7.76,10.01,8.07,8.07,10.82,4,4,
2026-09-18 14:16:30,1015105,4516948,Game 5: Both Teams Slay Baron Nashor?,prop,5,2026-09-18 15:00:00,43.5,Yes,43603942911732749963537903285483225863516010113997297697948891086014747827032,0.03,0.95,0.49,0.92,0.4,1.02,1.02,198.3,211.05,265.17,3,4,
2026-09-18 14:16:30,1015105,4516948,Game 5: Both Teams Slay Baron Nashor?,prop,5,2026-09-18 15:00:00,43.5,No,21617021686095251929472503971934235366744172874735480656738229942568272685121,0.05,0.97,0.51,0.92,9.2,9.46,10.01,16.26,77.57,77.57,4,3,
2026-09-18 14:16:30,1015105,4516950,Game 5: Both Teams Slay a Dragon?,prop,5,2026-09-18 15:00:00,43.5,Yes,4866822118181324958735019855926436665296327446129983783646173145033593840935,0.07,0.97,0.52,0.9,9.3,9.3,9.4,28.5,111.01,111.01,4,3,
2026-09-18 14:16:30,1015105,4516950,Game 5: Both Teams Slay a Dragon?,prop,5,2026-09-18 15:00:00,43.5,No,81034954300768114009084516552907498395793617165130816408714696787875936062261,0.03,0.93,0.48,0.9,0.65,1.48,1.48,124.26,124.26,129.16,3,4,
2026-09-18 14:16:30,1015105,4516952,Game 5: Both Teams Destroy Inhibitors?,prop,5,2026-09-18 15:00:00,43.5,Yes,73159878696324360512941720639706037812727303052479639242810020846254711262229,0.02,0.95,0.485,0.93,1.1,1.1,1.1,175.8,180.7,287.62,2,4,
2026-09-18 14:16:30,1015105,4516952,Game 5: Both Teams Destroy Inhibitors?,prop,5,2026-09-18 15:00:00,43.5,No,52561711745924009478226060564766656606175439583969700663028230558454691410212,0.05,0.98,0.515,0.93,9.2,9.3,10.38,98.8,98.8,98.8,4,2,
2026-09-18 14:16:30,1015105,4516954,Game 5: Any Player Quadra Kill?,prop,5,2026-09-18 15:00:00,43.5,Yes,110953649086297194022820298250575054256082109313540968196719065706617212912143,0.04,0.98,0.51,0.94,32.44,32.79,32.79,29.65,29.65,29.65,3,2,
2026-09-18 14:16:30,1015105,4516954,Game 5: Any Player Quadra Kill?,prop,5,2026-09-18 15:00:00,43.5,No,13033402318383436825130936873594750927577933152271832386399072115366613371761,0.02,0.96,0.49,0.94,0.35,0.35,0.35,778.55,808.2,808.2,2,3,
2026-09-18 14:16:30,1015105,4516956,Game 5: Any Player Penta Kill?,prop,5,2026-09-18 15:00:00,43.5,Yes,115393733178051100604445950918274337523244040409378827187549728043809809873976,0.06,0.98,0.52,0.92,28.95,28.95,29.3,29.65,29.65,29.65,4,2,
2026-09-18 14:16:30,1015105,4516956,Game 5: Any Player Penta Kill?,prop,5,2026-09-18 15:00:00,43.5,No,60902743458417841773505356916705632157140015804713536033246688523600144350671,0.02,0.94,0.48,0.92,0.35,0.35,0.35,549.05,549.05,578.7,2,4,
2026-09-18 14:16:30,1015105,4516958,Game 5: Odd/Even Total Kills?,odd_even,5,2026-09-18 15:00:00,43.5,Odd,111050693045085587549398189090198424653053916256454179869960638318605722794077,0.49,0.51,0.5,0.02,7.76,7.76,10.01,8.07,8.07,10.82,4,4,
2026-09-18 14:16:30,1015105,4516958,Game 5: Odd/Even Total Kills?,odd_even,5,2026-09-18 15:00:00,43.5,Even,36282595415211297258179838545751977491022423341990315431491955371616395280045,0.49,0.51,0.5,0.02,7.76,7.76,10.01,8.07,8.07,10.82,4,4,
2026-09-18 14:16:30,1015105,4640245,First Blood in Game 2?,first_blood,2,2026-09-18 15:00:00,43.5,Natus Vincere,110398019873188915575143043162028177069742342421062428711692454584824004116706,0.05,0.66,0.355,0.61,150.2,152.2,152.4,1983.35,1983.35,1983.35,4,4,
2026-09-18 14:16:30,1015105,4640245,First Blood in Game 2?,first_blood,2,2026-09-18 15:00:00,43.5,Movistar KOI,58298933672988329349408079720387130533201307965684690548542033898959300835774,0.34,0.95,0.645,0.61,1021.65,1021.65,1021.65,2854.8,2919.46,2939.26,4,4,
2026-09-18 14:16:30,1015105,4640248,First Blood in Game 4?,first_blood,4,2026-09-18 15:00:00,43.5,Natus Vincere,5945087916897488567361894143995793523788072014849644480108946030525957724488,0.02,0.98,0.5,0.96,2.5,2.5,2.5,184.64,184.64,184.64,2,2,
2026-09-18 14:16:30,1015105,4640248,First Blood in Game 4?,first_blood,4,2026-09-18 15:00:00,43.5,Movistar KOI,108892342337659943171561149061371037982505878633471558062928184798319477321142,0.02,0.98,0.5,0.96,2.25,2.25,2.25,242.78,242.78,242.78,2,2,
2026-09-18 14:16:30,1015105,4640246,First Blood in Game 1?,first_blood,1,2026-09-18 15:00:00,43.5,Natus Vincere,82817305586544052676407078912355662440485295799649513268740197726961550355635,0.46,0.51,0.485,0.05,147.38,444.47,444.47,226.36,585.52,585.52,7,7,
2026-09-18 14:16:30,1015105,4640246,First Blood in Game 1?,first_blood,1,2026-09-18 15:00:00,43.5,Movistar KOI,78210408250447737009123398457752385555603867427661811167382707340372094915183,0.49,0.54,0.515,0.05,215.65,532.49,532.49,179.62,571.28,571.28,7,7,
2026-09-18 14:16:30,1015105,4640247,First Blood in Game 3?,first_blood,3,2026-09-18 15:00:00,43.5,Natus Vincere,89869760644300808387143783257976264203851040832309525298231667184997858456893,0.4,0.69,0.545,0.29,401.95,401.95,401.95,2073.5,2073.5,2073.5,5,4,
2026-09-18 14:16:30,1015105,4640247,First Blood in Game 3?,first_blood,3,2026-09-18 15:00:00,43.5,Movistar KOI,112872931334079236844340999129095566126478574071985560612920675250200652150454,0.31,0.6,0.455,0.29,931.5,931.5,931.5,603.05,603.05,603.05,4,5,
2026-09-18 14:16:30,1015105,4640249,Total Kills Over/Under 30.5 in Game 2?,total_kills,2,2026-09-18 15:00:00,43.5,Over,111684246065913386722252208120740288135605165691141658268755569820935864081855,0.31,0.36,0.335,0.05,18.16,154.71,323.46,197.08,294.58,395.83,18,20,
2026-09-18 14:16:30,1015105,4640249,Total Kills Over/Under 30.5 in Game 2?,total_kills,2,2026-09-18 15:00:00,43.5,Under,84052890913016661719008439611633642398957530760646045122557375539646895948095,0.64,0.69,0.665,0.05,335.88,488.38,637.13,42.21,382.02,838.27,20,18,
2026-09-18 14:16:30,1015105,4640251,Total Kills Over/Under 30.5 in Game 1?,total_kills,1,2026-09-18 15:00:00,43.5,Over,36656204676839121811836053099546256510333841895012740290910921795524751935251,0.28,0.35,0.315,0.07,168.43,250.31,340.77,97.65,376.4,376.4,16,19,30.071426000000002
2026-09-18 14:16:30,1015105,4640251,Total Kills Over/Under 30.5 in Game 1?,total_kills,1,2026-09-18 15:00:00,43.5,Under,38461909801556487358876132015407005168012090605290652636819307461631691866328,0.65,0.72,0.685,0.07,173.88,645.13,645.13,454.84,698.96,994.58,19,16,30.071426000000002
2026-09-18 14:16:30,1015105,4640250,Total Kills Over/Under 30.5 in Game 4?,total_kills,4,2026-09-18 15:00:00,43.5,Over,636548847725757372647830927941954364816799065224869551090959776795591789362,0.27,0.52,0.395,0.25,271.3,271.3,271.3,320.6,320.6,320.6,10,11,
2026-09-18 14:16:30,1015105,4640250,Total Kills Over/Under 30.5 in Game 4?,total_kills,4,2026-09-18 15:00:00,43.5,Under,40054374945328776648493518789582449946827900713413222863248791153583713310801,0.48,0.73,0.605,0.25,284.4,284.4,284.4,733.7,733.7,733.7,11,10,
2026-09-18 14:16:30,1015105,4640253,Total Kills Over/Under 27.5 in Game 2?,total_kills,2,2026-09-18 15:00:00,43.5,Over,27924083183147832473319135593377538225291142314857754035981832252300606029115,0.47,0.52,0.495,0.05,7.22,181.26,497.51,641.99,821.73,821.73,19,15,
2026-09-18 14:16:30,1015105,4640253,Total Kills Over/Under 27.5 in Game 2?,total_kills,2,2026-09-18 15:00:00,43.5,Under,107020129940925482282815021999045796731926564496880777101996456592343916031355,0.48,0.53,0.505,0.05,587.9,739.16,739.16,8.37,228.99,662.74,15,19,
2026-09-18 14:16:30,1015105,4640252,Total Kills Over/Under 30.5 in Game 3?,total_kills,3,2026-09-18 15:00:00,43.5,Over,84391604665277520378303350075241993672334312004891488713978285366288875341134,0.32,0.37,0.345,0.05,7.87,107.77,333.64,197.38,344.88,396.13,18,20,
2026-09-18 14:16:30,1015105,4640252,Total Kills Over/Under 30.5 in Game 3?,total_kills,3,2026-09-18 15:00:00,43.5,Under,35501162188901036011962590432629254663562460594800598702337390900489826046382,0.63,0.68,0.655,0.05,335.65,563.15,636.9,17.27,259.99,863.12,20,18,
2026-09-18 14:16:30,1015105,4640255,Total Kills Over/Under 27.5 in Game 4?,total_kills,4,2026-09-18 15:00:00,43.5,Over,108903000363107753904510558294966167999033496300774598778202435784590423739571,0.22,0.51,0.365,0.29,315.51,316.51,318.49,2573.92,2838.92,2838.92,12,13,
2026-09-18 14:16:30,1015105,4640255,Total Kills Over/Under 27.5 in Game 4?,total_kills,4,2026-09-18 15:00:00,43.5,Under,9216746898568565635114068970887262776709497181240010345729343810402987972675,0.49,0.78,0.635,0.29,2472.58,2707.58,2707.58,1119.42,1123.42,1132.44,13,12,
2026-09-18 14:16:30,1015105,4640254,Total Kills Over/Under 27.5 in Game 1?,total_kills,1,2026-09-18 15:00:00,43.5,Over,31716871666148058824604444666935991241577201830326807409522280094390541979950,0.42,0.48,0.45,0.06,222.16,575.91,623.41,200.56,3405.88,3857.5,22,21,
2026-09-18 14:16:30,1015105,4640254,Total Kills Over/Under 27.5 in Game 1?,total_kills,1,2026-09-18 15:00:00,43.5,Under,80908230382902622261274601847522720171342629016678487162136781491164326361613,0.52,0.58,0.55,0.06,214.28,3315.96,3729.34,307.24,843.49,920.99,21,22,
2026-09-18 14:16:30,1015105,4640256,Total Kills Over/Under 27.5 in Game 3?,total_kills,3,2026-09-18 15:00:00,43.5,Over,103970624499416537140806119377848990977853100683677792309048109365299324205737,0.46,0.5,0.48,0.04,249.67,497.56,707.56,3145.54,3813.14,4090.87,16,17,
2026-09-18 14:16:30,1015105,4640256,Total Kills Over/Under 27.5 in Game 3?,total_kills,3,2026-09-18 15:00:00,43.5,Under,92934888851824151927090206416638163256376739597605165922780770113756596249728,0.5,0.54,0.52,0.04,3140.12,3746.52,3980.79,304.37,628.39,918.39,17,16,
2026-09-18 14:16:30,1015105,4642161,Total Kills Over/Under 24.5 in Game 2?,total_kills,2,2026-09-18 15:00:00,43.5,Over,98953222752952589984673269489032639867335606079491461026912123474054088350101,0.62,0.66,0.64,0.04,9.2,159.7,593.45,12.64,684.93,955.65,16,18,4.7727260000000005
2026-09-18 14:16:30,1015105,4642161,Total Kills Over/Under 24.5 in Game 2?,total_kills,2,2026-09-18 15:00:00,43.5,Under,111192312035434008148154651548084586176306830243795976955429460027646140926856,0.34,0.38,0.36,0.04,6.36,318.07,431.35,5.8,110.3,426.55,18,16,4.7727260000000005
2026-09-18 14:16:30,1015105,4642162,Total Kills Over/Under 24.5 in Game 1?,total_kills,1,2026-09-18 15:00:00,43.5,Over,68335048001665797690797199718132261334179139263175159961169157516352778840992,0.59,0.64,0.615,0.05,298.8,298.8,503.8,214.1,449.68,789.68,23,18,152.267511
2026-09-18 14:16:30,1015105,4642162,Total Kills Over/Under 24.5 in Game 1?,total_kills,1,2026-09-18 15:00:00,43.5,Under,106464706722163380100508483534882248450648676116082864658123770776687153500496,0.36,0.41,0.385,0.05,115.9,234.32,394.32,216.2,216.2,386.2,18,23,152.267511
2026-09-18 14:16:30,1015105,4642164,Total Kills Over/Under 24.5 in Game 4?,total_kills,4,2026-09-18 15:00:00,43.5,Over,28378706074686080946380096164222314187865893482574803911780881518333895441125,0.18,0.65,0.415,0.47,6.88,8.53,8.53,328.3,328.3,328.3,11,10,
2026-09-18 14:16:30,1015105,4642164,Total Kills Over/Under 24.5 in Game 4?,total_kills,4,2026-09-18 15:00:00,43.5,Under,18174254138571697596340353139473268618127662800000049310368835364390215942875,0.35,0.82,0.585,0.47,176.7,176.7,176.7,32.32,41.67,41.67,10,11,
2026-09-18 14:16:30,1015105,4642163,Total Kills Over/Under 24.5 in Game 3?,total_kills,3,2026-09-18 15:00:00,43.5,Over,12983754161601526857948430016031155828080031959706187840555672335557532237138,0.61,0.66,0.635,0.05,12.1,522.1,593.35,53.25,558.03,734.28,20,19,130
2026-09-18 14:16:30,1015105,4642163,Total Kills Over/Under 24.5 in Game 3?,total_kills,3,2026-09-18 15:00:00,43.5,Under,81320191533774081961822307615412982029308380454756382679106529796212969989721,0.34,0.39,0.365,0.05,26.51,259.73,333.48,7.9,372.9,426.65,19,20,130
2026-09-18 14:22:41,1006560,4484544,LoL: Colossal Gaming vs Los Goccioles - Game 1 Winner,map,1,2026-09-18 16:00:00,97.3,Colossal Gaming,109916680883918372902826701402572476834844911724410800526697193675455865935217,0.56,0.63,0.595,0.07,163.52,163.52,163.52,5.3,5.3,5.3,13,13,
2026-09-18 14:22:41,1006560,4484544,LoL: Colossal Gaming vs Los Goccioles - Game 1 Winner,map,1,2026-09-18 16:00:00,97.3,Los Goccioles,101477868183991959153175742760966434340959934495356599809023889081087079250189,0.37,0.44,0.405,0.07,3.12,3.12,3.12,128.48,128.48,128.48,13,13,
2026-09-18 14:22:41,1006560,4484545,LoL: Colossal Gaming vs Los Goccioles - Game 2 Winner,map,2,2026-09-18 16:00:00,97.3,Colossal Gaming,36207233593306181987173668846636916318479757930209852461070428272258651600447,0.56,0.58,0.57,0.02,163.52,163.52,163.52,2.9,2.9,187.88,12,17,
2026-09-18 14:22:41,1006560,4484545,LoL: Colossal Gaming vs Los Goccioles - Game 2 Winner,map,2,2026-09-18 16:00:00,97.3,Los Goccioles,95368571053778264143525692083144036546372888001086334153800877807972360874532,0.42,0.44,0.43,0.02,2.1,2.1,110.95,128.48,128.48,128.48,17,12,
2026-09-18 14:22:41,1006560,4484546,LoL: Colossal Gaming vs Los Goccioles - Game 3 Winner,map,3,2026-09-18 16:00:00,97.3,Colossal Gaming,101206125103691400951505250901248865703623322960185266444225063121192162209769,0.56,0.58,0.57,0.02,163.52,163.52,163.52,2.9,2.9,187.88,9,13,
2026-09-18 14:22:41,1006560,4484546,LoL: Colossal Gaming vs Los Goccioles - Game 3 Winner,map,3,2026-09-18 16:00:00,97.3,Los Goccioles,97831820761085614293127182915884413187864587759975096433588605194606076611437,0.42,0.44,0.43,0.02,2.1,2.1,110.95,128.48,128.48,128.48,13,9,
2026-09-18 14:22:41,1006560,4484547,LoL: Colossal Gaming vs Los Goccioles - Game 4 Winner,map,4,2026-09-18 16:00:00,97.3,Colossal Gaming,114405102250851696641335056716588868314325338286519849512168898450493129813277,0.27,0.95,0.61,0.68,2.65,2.65,2.65,12.76,563.95,1294.95,7,4,172.02
2026-09-18 14:22:41,1006560,4484547,LoL: Colossal Gaming vs Los Goccioles - Game 4 Winner,map,4,2026-09-18 16:00:00,97.3,Los Goccioles,37674971418749890932094837269028422226122045671308847761421958438914120686570,0.05,0.73,0.39,0.68,0.67,14.01,21.39,7.17,7.17,7.17,4,7,172.02
2026-09-18 14:22:41,1006560,4484548,LoL: Colossal Gaming vs Los Goccioles (BO5) - LIT Playoffs,series,,2026-09-18 16:00:00,97.3,Colossal Gaming,59126677095672628787605789416974516696073769486534008758439040898518354363168,0.66,0.67,0.665,0.01,157.98,417.99,446.09,6.7,6.7,359.14,26,23,112.903001
2026-09-18 14:22:41,1006560,4484548,LoL: Colossal Gaming vs Los Goccioles (BO5) - LIT Playoffs,series,,2026-09-18 16:00:00,97.3,Los Goccioles,79695206108968755287241718136369046106885712025176705212956964636571850294580,0.33,0.34,0.335,0.01,3.3,3.3,140.94,81.46,229.43,247.31,23,26,112.903001
2026-09-18 14:22:41,1006560,4484549,Games Total: O/U 3.5,total_games,,2026-09-18 16:00:00,97.3,Over,80145482597193995839055538190327724737933834528396208523584150641520448122269,0.69,0.7,0.695,0.01,3.45,260.62,267.07,36.47,293.55,304.75,15,21,47.03
2026-09-18 14:22:41,1006560,4484549,Games Total: O/U 3.5,total_games,,2026-09-18 16:00:00,97.3,Under,82772240931673544230704917725350773242707187518498369305193527785335250444994,0.3,0.31,0.305,0.01,15.56,115.21,119.01,1.55,131.28,134.83,21,15,47.03
2026-09-18 14:22:41,1006560,4484550,Games Total: O/U 4.5,total_games,,2026-09-18 16:00:00,97.3,Over,65914196484027556534079364568918312894240042098150280914094419594648561458768,0.33,0.35,0.34,0.02,8.25,199.98,207.83,158.69,162.44,177.72,22,21,
2026-09-18 14:22:41,1006560,4484550,Games Total: O/U 4.5,total_games,,2026-09-18 16:00:00,97.3,Under,33405034309406639995825029034515909087862116868780444393036597877695302956248,0.65,0.67,0.66,0.02,288.66,294.91,317.97,17.37,454.57,474.58,21,22,
2026-09-18 14:22:41,1006560,4484551,Game 1: Both Teams Slay Baron Nashor?,prop,1,2026-09-18 16:00:00,97.3,Yes,109646671639612743295109443737782457455554192731950977660619720896412847111000,0.06,0.5,0.28,0.44,176.38,176.38,177.33,176.0,176.0,176.0,4,9,
2026-09-18 14:22:41,1006560,4484551,Game 1: Both Teams Slay Baron Nashor?,prop,1,2026-09-18 16:00:00,97.3,No,2945011852693356939179047211336128413198141666096467966339872874099703124005,0.5,0.94,0.72,0.44,176.0,176.0,176.0,3349.9,3349.9,3431.76,9,4,
2026-09-18 14:22:41,1006560,4484552,Game 1: Both Teams Slay a Dragon?,prop,1,2026-09-18 16:00:00,97.3,Yes,96282889347715354355202613066529151894231515387269828987237275675067217864809,0.5,0.83,0.665,0.33,176.0,176.0,176.0,859.29,859.29,859.29,8,3,
2026-09-18 14:22:41,1006560,4484552,Game 1: Both Teams Slay a Dragon?,prop,1,2026-09-18 16:00:00,97.3,No,67624833962155365387521031322988617058047486074720460503426630260792738258094,0.17,0.5,0.335,0.33,176.0,176.0,176.0,176.0,176.0,176.0,3,8,
2026-09-18 14:22:41,1006560,4484553,Game 1: Both Teams Destroy Inhibitors?,prop,1,2026-09-18 16:00:00,97.3,Yes,98802954366779933228672313874267280954196090091991664497816458635275285564865,0.04,0.5,0.27,0.46,176.52,177.33,177.33,176.0,176.0,176.0,4,9,
2026-09-18 14:22:41,1006560,4484553,Game 1: Both Teams Destroy Inhibitors?,prop,1,2026-09-18 16:00:00,97.3,No,79551460794277772347714825934705512147731401471833413971991396756386556835409,0.5,0.96,0.73,0.46,176.0,176.0,176.0,5703.05,5771.07,5771.07,9,4,
2026-09-18 14:22:41,1006560,4484554,Game 1: Any Player Quadra Kill?,prop,1,2026-09-18 16:00:00,97.3,Yes,29788206181536376948731514865874448305802518719331104241075884951180326221070,0.04,0.5,0.27,0.46,176.0,176.25,176.25,176.0,176.0,176.0,3,9,
2026-09-18 14:22:41,1006560,4484554,Game 1: Any Player Quadra Kill?,prop,1,2026-09-18 16:00:00,97.3,No,89691089768910712196705857917583249020155854268964873703486706488410688372433,0.5,0.96,0.73,0.46,176.0,176.0,176.0,4224.0,4243.75,4243.75,9,3,
2026-09-18 14:22:41,1006560,4484555,Game 1: Any Player Penta Kill?,prop,1,2026-09-18 16:00:00,97.3,Yes,42379136447846929494019008139893993490633583004390300080404415198148887031443,0.02,0.5,0.26,0.48,176.25,176.25,176.25,196.0,307.66,307.66,2,11,
2026-09-18 14:22:41,1006560,4484555,Game 1: Any Player Penta Kill?,prop,1,2026-09-18 16:00:00,97.3,No,62521547831089743286686987356566428359599836833132628967826068880026606927794,0.5,0.98,0.74,0.48,196.0,299.08,299.08,17443.75,17443.75,17443.75,11,2,
2026-09-18 14:22:41,1006560,4484556,Game 1: Odd/Even Total Kills?,odd_even,1,2026-09-18 16:00:00,97.3,Odd,86911462976977591422239266455395751273855708840618563883867461212147700680889,0.49,0.51,0.5,0.02,7.76,7.76,7.76,8.07,8.07,8.07,11,11,
2026-09-18 14:22:41,1006560,4484556,Game 1: Odd/Even Total Kills?,odd_even,1,2026-09-18 16:00:00,97.3,Even,43408340876671307064791738110122462879614898771222514777881513773426873658672,0.49,0.51,0.5,0.02,7.76,7.76,7.76,8.07,8.07,8.07,11,11,
2026-09-18 14:22:41,1006560,4484557,Game 2: Both Teams Slay Baron Nashor?,prop,2,2026-09-18 16:00:00,97.3,Yes,99273539239908037109196339569583789524671343125653213813743646680478181920106,0.06,0.5,0.28,0.44,176.38,176.38,177.33,176.0,176.0,176.0,4,9,
2026-09-18 14:22:41,1006560,4484557,Game 2: Both Teams Slay Baron Nashor?,prop,2,2026-09-18 16:00:00,97.3,No,33242049117140272085823629099088463844739930144410583402363645429114448217263,0.5,0.94,0.72,0.44,176.0,176.0,176.0,3349.9,3349.9,3431.76,9,4,
2026-09-18 14:22:41,1006560,4484558,Game 2: Both Teams Slay a Dragon?,prop,2,2026-09-18 16:00:00,97.3,Yes,70652670907551850664669064406480842310010192001048923205274111910705998896238,0.5,0.83,0.665,0.33,176.0,176.0,176.0,859.29,859.29,859.29,8,3,
2026-09-18 14:22:41,1006560,4484558,Game 2: Both Teams Slay a Dragon?,prop,2,2026-09-18 16:00:00,97.3,No,6115699214464384485052825663867874136879554869294102172327288916444392420712,0.17,0.5,0.335,0.33,176.0,176.0,176.0,176.0,176.0,176.0,3,8,
2026-09-18 14:22:41,1006560,4484559,Game 2: Both Teams Destroy Inhibitors?,prop,2,2026-09-18 16:00:00,97.3,Yes,69162917719515675893411150579311804206123792185520126237230752571092665536985,0.04,0.5,0.27,0.46,176.52,177.33,177.33,176.0,176.0,176.0,4,9,
2026-09-18 14:22:41,1006560,4484559,Game 2: Both Teams Destroy Inhibitors?,prop,2,2026-09-18 16:00:00,97.3,No,43678253183042422250687904982289500766179243301985472487415699192964084477093,0.5,0.96,0.73,0.46,176.0,176.0,176.0,5703.05,5771.07,5771.07,9,4,
2026-09-18 14:22:41,1006560,4484560,Game 2: Any Player Quadra Kill?,prop,2,2026-09-18 16:00:00,97.3,Yes,68567559409721422667794619792753502497851016496711910865432641456247433341900,0.04,0.5,0.27,0.46,176.0,176.25,176.25,176.0,176.0,176.0,3,9,
2026-09-18 14:22:41,1006560,4484560,Game 2: Any Player Quadra Kill?,prop,2,2026-09-18 16:00:00,97.3,No,95804048401224853593595547649937963420325707407953334871995334027192795026496,0.5,0.96,0.73,0.46,176.0,176.0,176.0,4224.0,4243.75,4243.75,9,3,
2026-09-18 14:22:41,1006560,4484561,Game 2: Any Player Penta Kill?,prop,2,2026-09-18 16:00:00,97.3,Yes,73472131541261359610931215323585128294240705086165086834821883571801196716363,0.02,0.5,0.26,0.48,176.25,176.25,176.25,196.0,307.66,307.66,2,11,
2026-09-18 14:22:41,1006560,4484561,Game 2: Any Player Penta Kill?,prop,2,2026-09-18 16:00:00,97.3,No,78042833174593851458090179515182853770180283902605553067142406945261710837358,0.5,0.98,0.74,0.48,196.0,299.08,299.08,17443.75,17443.75,17443.75,11,2,
2026-09-18 14:22:41,1006560,4484562,Game 2: Odd/Even Total Kills?,odd_even,2,2026-09-18 16:00:00,97.3,Odd,21376821444641683713841256922723028667696080730788175246711174440928008283063,0.49,0.51,0.5,0.02,7.76,7.76,7.76,8.07,8.07,8.07,11,11,
2026-09-18 14:22:41,1006560,4484562,Game 2: Odd/Even Total Kills?,odd_even,2,2026-09-18 16:00:00,97.3,Even,111753555407122333483168676321354410894826555455038412213095158212129887733757,0.49,0.51,0.5,0.02,7.76,7.76,7.76,8.07,8.07,8.07,11,11,
2026-09-18 14:22:41,1006560,4484563,Game 3: Both Teams Slay Baron Nashor?,prop,3,2026-09-18 16:00:00,97.3,Yes,55002680429415062590606452940635702772816368777991503194431990852803214080638,0.06,0.5,0.28,0.44,176.38,176.38,177.33,176.0,176.0,176.0,4,9,
2026-09-18 14:22:41,1006560,4484563,Game 3: Both Teams Slay Baron Nashor?,prop,3,2026-09-18 16:00:00,97.3,No,37568843671439433567981756337430008360402559633690871657845480946289809069005,0.5,0.94,0.72,0.44,176.0,176.0,176.0,3349.9,3349.9,3431.76,9,4,
2026-09-18 14:22:41,1006560,4484564,Game 3: Both Teams Slay a Dragon?,prop,3,2026-09-18 16:00:00,97.3,Yes,26089574432486020955807780191990329483718720718247818496979552893224512201032,0.5,0.83,0.665,0.33,176.0,176.0,176.0,859.29,859.29,859.29,8,3,
2026-09-18 14:22:41,1006560,4484564,Game 3: Both Teams Slay a Dragon?,prop,3,2026-09-18 16:00:00,97.3,No,104970833193095620364669292347440413888585616234531064950905587058364160418767,0.17,0.5,0.335,0.33,176.0,176.0,176.0,176.0,176.0,176.0,3,8,
2026-09-18 14:22:41,1006560,4484565,Game 3: Both Teams Destroy Inhibitors?,prop,3,2026-09-18 16:00:00,97.3,Yes,27803970851387488311274568932190891664460343286724711434378794958259993035011,0.04,0.5,0.27,0.46,176.52,177.33,177.33,176.0,176.0,176.0,4,9,
2026-09-18 14:22:41,1006560,4484565,Game 3: Both Teams Destroy Inhibitors?,prop,3,2026-09-18 16:00:00,97.3,No,91816560641125417056627475856678136118657420639877595620937609141544880663909,0.5,0.96,0.73,0.46,176.0,176.0,176.0,5703.05,5771.07,5771.07,9,4,
2026-09-18 14:22:41,1006560,4484566,Game 3: Any Player Quadra Kill?,prop,3,2026-09-18 16:00:00,97.3,Yes,94441151895223822909736858040712540433436993511397179669323882795389536626499,0.04,0.5,0.27,0.46,176.0,176.25,176.25,176.0,176.0,176.0,3,9,
2026-09-18 14:22:41,1006560,4484566,Game 3: Any Player Quadra Kill?,prop,3,2026-09-18 16:00:00,97.3,No,30465925048770014459919910137355778202010691235461420480929956438776558609642,0.5,0.96,0.73,0.46,176.0,176.0,176.0,4224.0,4243.75,4243.75,9,3,
2026-09-18 14:22:41,1006560,4484567,Game 3: Any Player Penta Kill?,prop,3,2026-09-18 16:00:00,97.3,Yes,114279174777470679643940118546127661835659949005377884504637608513802998641507,0.02,0.5,0.26,0.48,176.25,176.25,176.25,196.0,307.66,307.66,2,11,
2026-09-18 14:22:41,1006560,4484567,Game 3: Any Player Penta Kill?,prop,3,2026-09-18 16:00:00,97.3,No,76311976752377616093187129217582774737281904164754134536916242808979528628822,0.5,0.98,0.74,0.48,196.0,299.08,299.08,17443.75,17443.75,17443.75,11,2,
2026-09-18 14:22:41,1006560,4484568,Game 3: Odd/Even Total Kills?,odd_even,3,2026-09-18 16:00:00,97.3,Odd,96730093986400698722165267851271724935606386363450543474413636715463836455785,0.49,0.51,0.5,0.02,7.76,7.76,7.76,8.07,8.07,8.07,11,10,
2026-09-18 14:22:41,1006560,4484568,Game 3: Odd/Even Total Kills?,odd_even,3,2026-09-18 16:00:00,97.3,Even,113613417957010240095156889468086784112468730146858856900782437845814290610078,0.49,0.51,0.5,0.02,7.76,7.76,7.76,8.07,8.07,8.07,10,11,
2026-09-18 14:22:41,1006560,4484569,Game 4: Both Teams Slay Baron Nashor?,prop,4,2026-09-18 16:00:00,97.3,Yes,37939703070052636886580343571033325578332549657424287648512891894861283130048,0.06,0.98,0.52,0.92,176.5,176.5,177.33,279.06,279.06,279.06,4,2,
2026-09-18 14:22:41,1006560,4484569,Game 4: Both Teams Slay Baron Nashor?,prop,4,2026-09-18 16:00:00,97.3,No,81469928702981560544320883566256458642364449570570804397792411187158716943465,0.02,0.94,0.48,0.92,3.33,3.33,3.33,3351.78,3351.78,3421.0,2,4,
2026-09-18 14:22:41,1006560,4484570,Game 4: Both Teams Slay a Dragon?,prop,4,2026-09-18 16:00:00,97.3,Yes,86048597513194370056989567755913221252534889958771200870719952541561560071237,0.3,0.83,0.565,0.53,6.0,6.0,6.0,859.29,859.29,859.29,7,3,
2026-09-18 14:22:41,1006560,4484570,Game 4: Both Teams Slay a Dragon?,prop,4,2026-09-18 16:00:00,97.3,No,86687727666924183842096605866624259559205634086053114906414682657183192118115,0.17,0.7,0.435,0.53,176.0,176.0,176.0,14.0,14.0,14.0,3,7,
2026-09-18 14:22:41,1006560,4484571,Game 4: Both Teams Destroy Inhibitors?,prop,4,2026-09-18 16:00:00,97.3,Yes,91213502874539958004752945477069752704333309206667822436753252549686224946397,0.04,0.98,0.51,0.94,176.65,177.33,177.33,279.06,279.06,279.06,4,2,
2026-09-18 14:22:41,1006560,4484571,Game 4: Both Teams Destroy Inhibitors?,prop,4,2026-09-18 16:00:00,97.3,No,62593559094865018556384810717371426391541059027040030528972437919725784036765,0.02,0.96,0.49,0.94,3.33,3.33,3.33,5706.23,5761.15,5761.15,2,4,
2026-09-18 14:22:41,1006560,4484572,Game 4: Any Player Quadra Kill?,prop,4,2026-09-18 16:00:00,97.3,Yes,34064385733246354563056065306531732975716489379217168896820708684059718607551,0.04,0.98,0.51,0.94,176.0,176.25,176.25,217.75,217.75,217.75,3,2,
2026-09-18 14:22:41,1006560,4484572,Game 4: Any Player Quadra Kill?,prop,4,2026-09-18 16:00:00,97.3,No,47125298562215925480600334831814226987733650790004712387712534030237838957739,0.02,0.96,0.49,0.94,2.25,2.25,2.25,4224.0,4243.75,4243.75,2,3,
2026-09-18 14:22:41,1006560,4484573,Game 4: Any Player Penta Kill?,prop,4,2026-09-18 16:00:00,97.3,Yes,56314025380694455360625381252651320602951916358308812544486090010385321521133,0.02,0.98,0.5,0.96,176.25,176.25,176.25,217.75,217.75,217.75,2,2,
2026-09-18 14:22:41,1006560,4484573,Game 4: Any Player Penta Kill?,prop,4,2026-09-18 16:00:00,97.3,No,112927945545588245979600485961040640926698901617176776873027682671010806783416,0.02,0.98,0.5,0.96,2.25,2.25,2.25,17443.75,17443.75,17443.75,2,2,
2026-09-18 14:22:41,1006560,4484574,Game 4: Odd/Even Total Kills?,odd_even,4,2026-09-18 16:00:00,97.3,Odd,26956211092666903163340213071184941707379060432917321058241102986165803030363,0.49,0.51,0.5,0.02,7.76,7.76,7.76,8.07,8.07,8.07,11,11,
2026-09-18 14:22:41,1006560,4484574,Game 4: Odd/Even Total Kills?,odd_even,4,2026-09-18 16:00:00,97.3,Even,46392672404247612158267449347782996282734931642542765850521648722334277819330,0.49,0.51,0.5,0.02,7.76,7.76,7.76,8.07,8.07,8.07,11,11,
2026-09-18 14:22:41,1006560,4484575,Game 5: Both Teams Slay Baron Nashor?,prop,5,2026-09-18 16:00:00,97.3,Yes,9399258485272004998916694525472290698178960908384612081206763560447428716352,0.06,0.98,0.52,0.92,176.51,176.51,177.33,279.06,279.06,279.06,4,2,
2026-09-18 14:22:41,1006560,4484575,Game 5: Both Teams Slay Baron Nashor?,prop,5,2026-09-18 16:00:00,97.3,No,83203365683304218343865477456396013459055591268695841380282445899483631083816,0.02,0.94,0.48,0.92,3.33,3.33,3.33,3351.91,3351.91,3420.44,2,4,
2026-09-18 14:22:41,1006560,4484576,Game 5: Both Teams Slay a Dragon?,prop,5,2026-09-18 16:00:00,97.3,Yes,21884054535502479391428670815433622630574184524429052529656192181067032111909,0.3,0.83,0.565,0.53,6.0,6.0,6.0,859.29,859.29,859.29,7,3,
2026-09-18 14:22:41,1006560,4484576,Game 5: Both Teams Slay a Dragon?,prop,5,2026-09-18 16:00:00,97.3,No,67973791371504261423799509260234274151045352840645364379941379968025473213290,0.17,0.7,0.435,0.53,176.0,176.0,176.0,14.0,14.0,14.0,3,7,
2026-09-18 14:22:41,1006560,4484577,Game 5: Both Teams Destroy Inhibitors?,prop,5,2026-09-18 16:00:00,97.3,Yes,46113629726100388038634322452133873689664691850329351812662555318889411661730,0.04,0.98,0.51,0.94,176.65,177.33,177.33,279.06,279.06,279.06,4,2,
2026-09-18 14:22:41,1006560,4484577,Game 5: Both Teams Destroy Inhibitors?,prop,5,2026-09-18 16:00:00,97.3,No,88169126000290548179453277763396127039837291969170278764704567886709918031131,0.02,0.96,0.49,0.94,3.33,3.33,3.33,5706.23,5761.15,5761.15,2,4,
2026-09-18 14:22:41,1006560,4484578,Game 5: Any Player Quadra Kill?,prop,5,2026-09-18 16:00:00,97.3,Yes,58976705023742360385100634834228057898984103074351827018198778246050148908195,0.05,0.98,0.515,0.93,189.74,189.84,189.99,217.75,217.75,217.75,4,2,
2026-09-18 14:22:41,1006560,4484578,Game 5: Any Player Quadra Kill?,prop,5,2026-09-18 16:00:00,97.3,No,93802788734649731073847377969372796778847860288816655205889564525747989854457,0.02,0.95,0.485,0.93,2.25,2.25,2.25,3673.85,3678.75,3693.6,2,4,
2026-09-18 14:22:41,1006560,4484579,Game 5: Any Player Penta Kill?,prop,5,2026-09-18 16:00:00,97.3,Yes,33529384713028489642697549252752244428847595069478869879563195677768091624646,0.05,0.98,0.515,0.93,28.65,28.75,204.9,217.75,217.75,217.75,3,2,
2026-09-18 14:22:41,1006560,4484579,Game 5: Any Player Penta Kill?,prop,5,2026-09-18 16:00:00,97.3,No,67410159568150529838740446116535518233970394098135010044759439863554353517784,0.02,0.95,0.485,0.93,2.25,2.25,2.25,544.35,549.25,17988.1,2,3,
2026-09-18 14:22:41,1006560,4484580,Game 5: Odd/Even Total Kills?,odd_even,5,2026-09-18 16:00:00,97.3,Odd,4637144246209315783241777341044119281194149130264778749875476920052727912517,0.49,0.51,0.5,0.02,7.76,7.76,7.76,8.07,8.07,8.07,11,11,
2026-09-18 14:22:41,1006560,4484580,Game 5: Odd/Even Total Kills?,odd_even,5,2026-09-18 16:00:00,97.3,Even,101639357751906375612785869172937396477498406739846278738502292865808715459593,0.49,0.51,0.5,0.02,7.76,7.76,7.76,8.07,8.07,8.07,11,11,
2026-09-18 14:22:41,1015105,4516882,LoL: Natus Vincere vs Movistar KOI - Game 1 Winner,map,1,2026-09-18 15:00:00,37.3,Natus Vincere,70191001328311994236207288513152250300862619125520735379401581909320240365242,0.42,0.43,0.425,0.01,7096.62,15587.69,22521.69,1730.77,17131.09,18678.49,35,38,13974.201750999999
2026-09-18 14:22:41,1015105,4516882,LoL: Natus Vincere vs Movistar KOI - Game 1 Winner,map,1,2026-09-18 15:00:00,37.3,Movistar KOI,71244617840232667664691442479870202157378848140704759452577610379660506414618,0.57,0.58,0.575,0.01,2237.32,20400.52,22108.12,10209.77,23104.88,34550.88,38,35,13974.201750999999
2026-09-18 14:22:41,1015105,4516884,LoL: Natus Vincere vs Movistar KOI - Game 2 Winner,map,2,2026-09-18 15:00:00,37.3,Natus Vincere,20060404422016322493732668923305609511397124835916812867299867392580214411963,0.41,0.42,0.415,0.01,6647.41,12073.5,14834.07,1737.12,3670.06,10911.96,31,37,10018.311422
2026-09-18 14:22:41,1015105,4516884,LoL: Natus Vincere vs Movistar KOI - Game 2 Winner,map,2,2026-09-18 15:00:00,37.3,Movistar KOI,1824543711528743027924843644264035592449578071747357069606240858613815249846,0.58,0.59,0.585,0.01,2307.65,4696.73,13165.39,9950.0,18639.24,23339.67,37,31,10018.311422
2026-09-18 14:22:41,1015105,4516887,LoL: Natus Vincere vs Movistar KOI - Game 3 Winner,map,3,2026-09-18 15:00:00,37.3,Natus Vincere,81497345356393250312702056645266427483395058712368081494060321643812014303677,0.42,0.43,0.425,0.01,206.72,8854.74,14379.85,1895.87,10126.38,11673.78,30,38,8744.149324000002
2026-09-18 14:22:41,1015105,4516887,LoL: Natus Vincere vs Movistar KOI - Game 3 Winner,map,3,2026-09-18 15:00:00,37.3,Movistar KOI,51757772193535957745301345874107034579808541856767465684653529885039157696965,0.57,0.58,0.575,0.01,2417.43,12159.21,13866.81,297.3,13406.82,22611.14,38,30,8744.149324000002
2026-09-18 14:22:41,1015105,4516890,LoL: Natus Vincere vs Movistar KOI - Game 4 Winner,map,4,2026-09-18 15:00:00,37.3,Natus Vincere,41947148478055573400174695880130875338154364600676904884297680057599810917165,0.42,0.48,0.45,0.06,79.1,289.1,299.1,108.7,3136.2,3136.2,17,7,
2026-09-18 14:22:41,1015105,4516890,LoL: Natus Vincere vs Movistar KOI - Game 4 Winner,map,4,2026-09-18 15:00:00,37.3,Movistar KOI,100812995150736179572190592529622590473987615635032692800947934575452335759582,0.52,0.58,0.55,0.06,113.53,3141.03,3141.03,113.17,428.49,445.16,7,17,
2026-09-18 14:22:41,1015105,4516893,LoL: Natus Vincere vs Movistar KOI (BO5) - LEC Playoffs,series,,2026-09-18 15:00:00,37.3,Natus Vincere,68274692138460745027217490227035175215920465167975797390606564502227655627930,0.35,0.36,0.355,0.01,57061.12,74731.33,77443.98,13540.44,49528.08,77117.16,31,50,383410.2197930001
2026-09-18 14:22:41,1015105,4516893,LoL: Natus Vincere vs Movistar KOI (BO5) - LEC Playoffs,series,,2026-09-18 15:00:00,37.3,Movistar KOI,64334046779190023162632298116496326894514926471030017641440343578904157566997,0.64,0.65,0.645,0.01,23603.42,81179.67,122246.59,109064.2,145295.1,151440.45,50,31,383410.2197930001
2026-09-18 14:22:41,1015105,4516896,Games Total: O/U 3.5,total_games,,2026-09-18 15:00:00,37.3,Over,79976487652907242443786244266535927375322005642948977389216373580502775001826,0.7,0.75,0.725,0.05,1550.91,2914.51,13014.26,10615.78,17309.09,23829.71,15,13,1795.2996620000001
2026-09-18 14:22:41,1015105,4516896,Games Total: O/U 3.5,total_games,,2026-09-18 15:00:00,37.3,Under,109234168747572535938025338897751134394983149027369296871956589683519521989543,0.25,0.3,0.275,0.05,3364.31,5311.4,7005.79,676.25,1332.06,6762.31,13,15,1795.2996620000001
2026-09-18 14:22:41,1015105,4516898,Games Total: O/U 4.5,total_games,,2026-09-18 15:00:00,37.3,Over,42908346447317448752464469030069663386716181258834437400853540272349358571915,0.31,0.32,0.315,0.01,6241.42,8268.03,11910.73,17973.73,18085.28,18258.24,19,32,20189.718611999993
2026-09-18 14:22:41,1015105,4516898,Games Total: O/U 4.5,total_games,,2026-09-18 15:00:00,37.3,Under,51820874743015681089718697424621431995946463810697460573436281273569963295907,0.68,0.69,0.685,0.01,38194.18,38401.64,38697.86,14337.16,19439.55,29289.92,32,19,20189.718611999993
2026-09-18 14:22:41,1015105,4516900,Game Handicap: MKOI (-1.5) vs Natus Vincere (+1.5),handicap,,2026-09-18 15:00:00,37.3,Movistar KOI,18372070380306323632290689903085871041588213085888069987267593306551700835927,0.44,0.45,0.445,0.01,3406.52,11112.5,14714.45,11154.05,28882.37,35217.58,27,27,56716.31856999999
2026-09-18 14:22:41,1015105,4516900,Game Handicap: MKOI (-1.5) vs Natus Vincere (+1.5),handicap,,2026-09-18 15:00:00,37.3,Natus Vincere,73576496561983722231686360730394754887244898504922158481902876916353019475520,0.55,0.56,0.555,0.01,13429.64,33343.95,39749.74,4425.66,15415.63,20918.68,27,27,56716.31856999999
2026-09-18 14:22:41,1015105,4516902,Game Handicap: MKOI (-2.5) vs Natus Vincere (+2.5),handicap,,2026-09-18 15:00:00,37.3,Movistar KOI,74024975006559345917317664837235739516682375513770697044314305516703341690704,0.22,0.23,0.225,0.01,72.69,398.66,723.81,570.5,4351.99,6014.49,19,13,1449.081964
2026-09-18 14:22:41,1015105,4516902,Game Handicap: MKOI (-2.5) vs Natus Vincere (+2.5),handicap,,2026-09-18 15:00:00,37.3,Natus Vincere,63465949490329829660037584929447217387135177222569022587380158344852572646143,0.77,0.78,0.775,0.01,1865.33,13149.63,17487.13,272.72,1596.94,3160.7,13,19,1449.081964
2026-09-18 14:22:41,1015105,4516903,Game 1: Both Teams Slay Baron Nashor?,prop,1,2026-09-18 15:00:00,37.3,Yes,113629768485208465966989726295445546616366509490859851744258019997709546425644,0.04,0.22,0.13,0.18,0.79,1.58,1.58,3.8,3.8,3.8,4,7,
2026-09-18 14:22:41,1015105,4516903,Game 1: Both Teams Slay Baron Nashor?,prop,1,2026-09-18 15:00:00,37.3,No,60115135813695096138652119556167975729107738610670069777336113962007322702642,0.78,0.96,0.87,0.18,12.93,12.93,12.93,25.09,98.47,98.47,7,4,
2026-09-18 14:22:41,1015105,4516905,Game 1: Both Teams Slay a Dragon?,prop,1,2026-09-18 15:00:00,37.3,Yes,61946485307415643570260427240423181874220372021664997549859736838325517665406,0.03,0.97,0.5,0.94,9.2,10.08,10.08,16.26,98.76,98.76,3,3,
2026-09-18 14:22:41,1015105,4516905,Game 1: Both Teams Slay a Dragon?,prop,1,2026-09-18 15:00:00,37.3,No,52338224596397700119080178893119289329165203191338498334724428441936014613926,0.03,0.97,0.5,0.94,0.4,1.23,1.23,300.8,387.92,387.92,3,3,
2026-09-18 14:22:41,1015105,4516908,Game 1: Both Teams Destroy Inhibitors?,prop,1,2026-09-18 15:00:00,37.3,Yes,8135258981059687484423864394722190508058772357978712661538908518862106213608,0.02,0.97,0.495,0.95,1.36,1.36,1.36,300.8,325.55,325.55,2,3,
2026-09-18 14:22:41,1015105,4516908,Game 1: Both Teams Destroy Inhibitors?,prop,1,2026-09-18 15:00:00,37.3,No,13320047728499314867728761504770928625534987432087618901818973488516631967560,0.03,0.98,0.505,0.95,9.2,9.45,9.45,111.92,111.92,111.92,3,2,
2026-09-18 14:22:41,1015105,4516910,Game 1: Any Player Quadra Kill?,prop,1,2026-09-18 15:00:00,37.3,Yes,75314216447335760167310305670096920818888291919464406652923763007960427491788,0.02,0.98,0.5,0.96,0.45,0.45,0.45,34.55,34.55,34.55,2,2,
2026-09-18 14:22:41,1015105,4516910,Game 1: Any Player Quadra Kill?,prop,1,2026-09-18 15:00:00,37.3,No,80585168773941075863113403138636606363608622748544801368458111306635087801554,0.02,0.98,0.5,0.96,0.45,0.45,0.45,34.55,34.55,34.55,2,2,
2026-09-18 14:22:41,1015105,4516912,Game 1: Any Player Penta Kill?,prop,1,2026-09-18 15:00:00,37.3,Yes,60769182250149976618388660209492549882775777914639473295723887594336375577944,0.02,0.39,0.205,0.37,0.35,0.35,0.35,16.87,16.87,16.87,2,4,
2026-09-18 14:22:41,1015105,4516912,Game 1: Any Player Penta Kill?,prop,1,2026-09-18 15:00:00,37.3,No,3702368328794174666736391744250367987513490064104957067116683129603750597592,0.61,0.98,0.795,0.37,26.13,26.13,26.13,29.65,29.65,29.65,4,2,
2026-09-18 14:22:41,1015105,4516914,Game 1: Odd/Even Total Kills?,odd_even,1,2026-09-18 15:00:00,37.3,Odd,101210933553846797183977892074820263733389652996891869500584940346362592820308,0.49,0.51,0.5,0.02,14.96,35.66,339.17,8.07,33.32,440.02,8,9,
2026-09-18 14:22:41,1015105,4516914,Game 1: Odd/Even Total Kills?,odd_even,1,2026-09-18 15:00:00,37.3,Even,61600276857062807369953084452814312640451279582474036596018085450066476075670,0.49,0.51,0.5,0.02,7.76,29.51,361.29,15.87,40.17,411.14,9,8,
2026-09-18 14:22:41,1015105,4516917,Game 2: Both Teams Slay Baron Nashor?,prop,2,2026-09-18 15:00:00,37.3,Yes,104808546074196657555474658578148476874680954464773414373463198707214246902020,0.03,0.91,0.47,0.88,0.4,1.23,1.23,71.37,76.02,86.76,3,6,
2026-09-18 14:22:41,1015105,4516917,Game 2: Both Teams Slay Baron Nashor?,prop,2,2026-09-18 15:00:00,37.3,No,26421821163653988823168203835261967583569945635255659301192355605783347760179,0.09,0.97,0.53,0.88,6.75,7.1,7.67,16.26,98.76,98.76,6,3,
2026-09-18 14:22:41,1015105,4516919,Game 2: Both Teams Slay a Dragon?,prop,2,2026-09-18 15:00:00,37.3,Yes,33983397592306403001613168388325224796228721941423356948699593107718809169365,0.02,0.97,0.495,0.95,1.23,1.23,1.23,28.51,111.02,111.02,2,3,
2026-09-18 14:22:41,1015105,4516919,Game 2: Both Teams Slay a Dragon?,prop,2,2026-09-18 15:00:00,37.3,No,66485901875561491081429565245055106879089720957391713626154838723596117387008,0.03,0.98,0.505,0.95,0.65,1.48,1.48,112.1,112.1,112.1,3,2,
2026-09-18 14:22:41,1015105,4516921,Game 2: Both Teams Destroy Inhibitors?,prop,2,2026-09-18 15:00:00,37.3,Yes,110664697687699442115348556316287923050784452014992850980078483284791780579078,0.02,0.97,0.495,0.95,1.36,1.36,1.36,228.0,312.76,312.76,2,3,
2026-09-18 14:22:41,1015105,4516921,Game 2: Both Teams Destroy Inhibitors?,prop,2,2026-09-18 15:00:00,37.3,No,106570203808553925911578424634070814401895937069941611694185437867430019797713,0.03,0.98,0.505,0.95,7.0,7.86,7.86,110.81,110.81,110.81,3,2,
2026-09-18 14:22:41,1015105,4516922,Game 2: Any Player Quadra Kill?,prop,2,2026-09-18 15:00:00,37.3,Yes,67848776114265618659412686697420074149314840651447603091864640370213159827846,0.02,0.98,0.5,0.96,0.45,0.45,0.45,34.55,34.55,34.55,2,2,
2026-09-18 14:22:41,1015105,4516922,Game 2: Any Player Quadra Kill?,prop,2,2026-09-18 15:00:00,37.3,No,50104905188032683768791274049932475972076394414027276762324398167174997490074,0.02,0.98,0.5,0.96,0.45,0.45,0.45,34.55,34.55,34.55,2,2,
2026-09-18 14:22:41,1015105,4516924,Game 2: Any Player Penta Kill?,prop,2,2026-09-18 15:00:00,37.3,Yes,41363617948408122688792324228663525993734600370046997907564004850690193406470,0.02,0.31,0.165,0.29,0.35,0.35,0.35,10.59,10.59,10.59,2,4,
2026-09-18 14:22:41,1015105,4516924,Game 2: Any Player Penta Kill?,prop,2,2026-09-18 15:00:00,37.3,No,111228422503846566842660727826499187582775373984814099496633994115400968206527,0.69,0.98,0.835,0.29,23.41,23.41,23.41,29.65,29.65,29.65,4,2,
2026-09-18 14:22:41,1015105,4516927,Game 2: Odd/Even Total Kills?,odd_even,2,2026-09-18 15:00:00,37.3,Odd,75784658875786480320558994179576556655161352629296400328631345392135942294400,0.49,0.51,0.5,0.02,14.0,22.74,326.7,8.07,24.68,418.06,8,9,
2026-09-18 14:22:41,1015105,4516927,Game 2: Odd/Even Total Kills?,odd_even,2,2026-09-18 15:00:00,37.3,Even,108215168870720361059752465179774345397609336269186301872501736516824702270236,0.49,0.51,0.5,0.02,7.76,22.15,343.25,14.83,25.09,396.61,9,8,
2026-09-18 14:22:41,1015105,4516929,Game 3: Both Teams Slay Baron Nashor?,prop,3,2026-09-18 15:00:00,37.3,Yes,94636679990271334209439303266311509742150557388823744619793089911803630498958,0.03,0.88,0.455,0.85,0.65,1.48,1.48,70.45,70.45,70.45,3,4,
2026-09-18 14:22:41,1015105,4516929,Game 3: Both Teams Slay Baron Nashor?,prop,3,2026-09-18 15:00:00,37.3,No,91408842231899529168493973995485777705730300606799390570002183979814826105869,0.12,0.97,0.545,0.85,9.55,9.55,9.55,28.51,111.01,111.01,4,3,
2026-09-18 14:22:41,1015105,4516931,Game 3: Both Teams Slay a Dragon?,prop,3,2026-09-18 15:00:00,37.3,Yes,71528224879427732532194268155937522373699494786839016318090191943374048201988,0.02,0.97,0.495,0.95,1.48,1.48,1.48,28.51,111.02,111.02,2,3,
2026-09-18 14:22:41,1015105,4516931,Game 3: Both Teams Slay a Dragon?,prop,3,2026-09-18 15:00:00,37.3,No,41280885250934791477054316520936575463734681646696880531638432210186820306152,0.03,0.98,0.505,0.95,0.65,1.48,1.48,126.35,126.35,126.35,3,2,
2026-09-18 14:22:41,1015105,4516932,Game 3: Both Teams Destroy Inhibitors?,prop,3,2026-09-18 15:00:00,37.3,Yes,65905591164817045285475612968304180872457654535762302182503901512608518692795,0.02,0.95,0.485,0.93,1.36,1.36,1.36,15.15,34.2,71.98,2,5,
2026-09-18 14:22:41,1015105,4516932,Game 3: Both Teams Destroy Inhibitors?,prop,3,2026-09-18 15:00:00,37.3,No,8684747113492583624126642893614938728305707712132982150021409922638054348387,0.05,0.98,0.515,0.93,0.74,1.2,1.58,110.81,110.81,110.81,5,2,
2026-09-18 14:22:41,1015105,4516933,Game 3: Any Player Quadra Kill?,prop,3,2026-09-18 15:00:00,37.3,Yes,69305597639753638344147797372155613726382111227699335412702146320621488977789,0.02,0.98,0.5,0.96,0.45,0.45,0.45,34.55,34.55,34.55,2,2,
2026-09-18 14:22:41,1015105,4516933,Game 3: Any Player Quadra Kill?,prop,3,2026-09-18 15:00:00,37.3,No,30507080157207000140239269785040568946669800121851287249251485011154294236493,0.02,0.98,0.5,0.96,0.45,0.45,0.45,34.55,34.55,34.55,2,2,
2026-09-18 14:22:41,1015105,4516934,Game 3: Any Player Penta Kill?,prop,3,2026-09-18 15:00:00,37.3,Yes,5290935352407906167765256420166021002065849315173727088101356160486660562858,0.02,0.49,0.255,0.47,0.35,0.35,0.35,21.61,21.61,21.61,2,4,
2026-09-18 14:22:41,1015105,4516934,Game 3: Any Player Penta Kill?,prop,3,2026-09-18 15:00:00,37.3,No,35745250400117089108446773857425894253608005112660194188487722154057311957377,0.51,0.98,0.745,0.47,22.39,22.39,22.39,29.65,29.65,29.65,4,2,
2026-09-18 14:22:41,1015105,4516935,Game 3: Odd/Even Total Kills?,odd_even,3,2026-09-18 15:00:00,37.3,Odd,99780175100883584874006049511426438317621155309609587343445387118670798413623,0.49,0.51,0.5,0.02,14.0,35.16,340.47,8.07,40.86,439.79,9,9,
2026-09-18 14:22:41,1015105,4516935,Game 3: Odd/Even Total Kills?,odd_even,3,2026-09-18 15:00:00,37.3,Even,107462064724037300712410324309339646847016780734169166270804040960564819251367,0.49,0.51,0.5,0.02,7.76,35.97,361.52,14.83,39.67,412.84,9,9,
2026-09-18 14:22:41,1015105,4516936,Game 4: Both Teams Slay Baron Nashor?,prop,4,2026-09-18 15:00:00,37.3,Yes,60383507143917205690612279874235749943612816923327294339012748133687211276013,0.03,0.93,0.48,0.9,0.65,1.43,1.43,105.09,147.84,164.99,3,5,
2026-09-18 14:22:41,1015105,4516936,Game 4: Both Teams Slay Baron Nashor?,prop,4,2026-09-18 15:00:00,37.3,No,56183220170587773538239376827241380976513676328213670217835102369017957034944,0.07,0.97,0.52,0.9,7.05,9.3,9.65,28.5,105.86,105.86,5,3,
2026-09-18 14:22:41,1015105,4516937,Game 4: Both Teams Slay a Dragon?,prop,4,2026-09-18 15:00:00,37.3,Yes,90101083412959631281576806818798843574302088486721997580478348546884660274790,0.12,0.97,0.545,0.85,5.05,9.55,9.55,16.26,98.77,98.77,5,3,
2026-09-18 14:22:41,1015105,4516937,Game 4: Both Teams Slay a Dragon?,prop,4,2026-09-18 15:00:00,37.3,No,61952732612969437917361019345702202454177449959774908899662265588311274009451,0.03,0.88,0.455,0.85,0.4,1.23,1.23,39.15,79.65,79.65,3,5,
2026-09-18 14:22:41,1015105,4516940,Game 4: Both Teams Destroy Inhibitors?,prop,4,2026-09-18 15:00:00,37.3,Yes,68533313656299837650575385640947839121399943585934522944997364717473772818499,0.03,0.91,0.47,0.88,0.65,1.4,1.4,53.22,118.36,118.36,3,6,
2026-09-18 14:22:41,1015105,4516940,Game 4: Both Teams Destroy Inhibitors?,prop,4,2026-09-18 15:00:00,37.3,No,2958275988664067565510984231191001208355080903761705668130987045436891092418,0.09,0.97,0.53,0.88,4.9,9.4,9.4,28.51,103.12,103.12,6,3,
2026-09-18 14:22:41,1015105,4516942,Game 4: Any Player Quadra Kill?,prop,4,2026-09-18 15:00:00,37.3,Yes,9397629266694028277880785832399074444459874575745251226194943618261959889556,0.02,0.98,0.5,0.96,0.45,0.45,0.45,29.65,29.65,29.65,2,2,
2026-09-18 14:22:41,1015105,4516942,Game 4: Any Player Quadra Kill?,prop,4,2026-09-18 15:00:00,37.3,No,15464709989595928399739166653394756128375512520973887822875824444404896463880,0.02,0.98,0.5,0.96,0.35,0.35,0.35,34.55,34.55,34.55,2,2,
2026-09-18 14:22:41,1015105,4516944,Game 4: Any Player Penta Kill?,prop,4,2026-09-18 15:00:00,37.3,Yes,24743181503947724749746614763587876955356733902050433591876156700017821515436,0.02,0.98,0.5,0.96,0.35,0.35,0.35,29.65,29.65,29.65,2,2,
2026-09-18 14:22:41,1015105,4516944,Game 4: Any Player Penta Kill?,prop,4,2026-09-18 15:00:00,37.3,No,73770804382318417802379991125701869544212570071806772373272284095670818561451,0.02,0.98,0.5,0.96,0.35,0.35,0.35,29.65,29.65,29.65,2,2,
2026-09-18 14:22:41,1015105,4516946,Game 4: Odd/Even Total Kills?,odd_even,4,2026-09-18 15:00:00,37.3,Odd,14837063056612172016859641639268587753094212050678677066637419448339601367129,0.49,0.51,0.5,0.02,7.76,7.76,10.01,8.07,8.07,10.82,4,4,
2026-09-18 14:22:41,1015105,4516946,Game 4: Odd/Even Total Kills?,odd_even,4,2026-09-18 15:00:00,37.3,Even,76368567617427817280390437886764140572612423377148300777039362743705690062363,0.49,0.51,0.5,0.02,7.76,7.76,10.01,8.07,8.07,10.82,4,4,
2026-09-18 14:22:41,1015105,4516948,Game 5: Both Teams Slay Baron Nashor?,prop,5,2026-09-18 15:00:00,37.3,Yes,43603942911732749963537903285483225863516010113997297697948891086014747827032,0.03,0.97,0.5,0.94,0.65,1.42,1.42,308.6,362.72,362.72,3,3,
2026-09-18 14:22:41,1015105,4516948,Game 5: Both Teams Slay Baron Nashor?,prop,5,2026-09-18 15:00:00,37.3,No,21617021686095251929472503971934235366744172874735480656738229942568272685121,0.03,0.97,0.5,0.94,9.41,9.96,9.96,28.51,104.72,104.72,3,3,
2026-09-18 14:22:41,1015105,4516950,Game 5: Both Teams Slay a Dragon?,prop,5,2026-09-18 15:00:00,37.3,Yes,4866822118181324958735019855926436665296327446129983783646173145033593840935,0.03,0.97,0.5,0.94,9.25,10.33,10.33,16.26,98.77,98.77,3,3,
2026-09-18 14:22:41,1015105,4516950,Game 5: Both Teams Slay a Dragon?,prop,5,2026-09-18 15:00:00,37.3,No,81034954300768114009084516552907498395793617165130816408714696787875936062261,0.03,0.97,0.5,0.94,0.4,1.23,1.23,300.75,407.67,407.67,3,3,
2026-09-18 14:22:41,1015105,4516952,Game 5: Both Teams Destroy Inhibitors?,prop,5,2026-09-18 15:00:00,37.3,Yes,73159878696324360512941720639706037812727303052479639242810020846254711262229,0.02,0.97,0.495,0.95,1.1,1.1,1.1,9.75,116.67,116.67,2,3,
2026-09-18 14:22:41,1015105,4516952,Game 5: Both Teams Destroy Inhibitors?,prop,5,2026-09-18 15:00:00,37.3,No,52561711745924009478226060564766656606175439583969700663028230558454691410212,0.03,0.98,0.505,0.95,0.25,1.33,1.33,98.8,98.8,98.8,3,2,
2026-09-18 14:22:41,1015105,4516954,Game 5: Any Player Quadra Kill?,prop,5,2026-09-18 15:00:00,37.3,Yes,110953649086297194022820298250575054256082109313540968196719065706617212912143,0.04,0.98,0.51,0.94,32.44,32.79,32.79,29.65,29.65,29.65,3,2,
2026-09-18 14:22:41,1015105,4516954,Game 5: Any Player Quadra Kill?,prop,5,2026-09-18 15:00:00,37.3,No,13033402318383436825130936873594750927577933152271832386399072115366613371761,0.02,0.96,0.49,0.94,0.35,0.35,0.35,778.55,808.2,808.2,2,3,
2026-09-18 14:22:41,1015105,4516956,Game 5: Any Player Penta Kill?,prop,5,2026-09-18 15:00:00,37.3,Yes,115393733178051100604445950918274337523244040409378827187549728043809809873976,0.06,0.98,0.52,0.92,28.95,28.95,29.3,29.65,29.65,29.65,4,2,
2026-09-18 14:22:41,1015105,4516956,Game 5: Any Player Penta Kill?,prop,5,2026-09-18 15:00:00,37.3,No,60902743458417841773505356916705632157140015804713536033246688523600144350671,0.02,0.94,0.48,0.92,0.35,0.35,0.35,549.05,549.05,578.7,2,4,
2026-09-18 14:22:41,1015105,4516958,Game 5: Odd/Even Total Kills?,odd_even,5,2026-09-18 15:00:00,37.3,Odd,111050693045085587549398189090198424653053916256454179869960638318605722794077,0.49,0.51,0.5,0.02,7.76,7.76,10.01,8.07,8.07,10.82,4,4,
2026-09-18 14:22:41,1015105,4516958,Game 5: Odd/Even Total Kills?,odd_even,5,2026-09-18 15:00:00,37.3,Even,36282595415211297258179838545751977491022423341990315431491955371616395280045,0.49,0.51,0.5,0.02,7.76,7.76,10.01,8.07,8.07,10.82,4,4,
2026-09-18 14:22:41,1015105,4640245,First Blood in Game 2?,first_blood,2,2026-09-18 15:00:00,37.3,Natus Vincere,110398019873188915575143043162028177069742342421062428711692454584824004116706,0.22,0.71,0.465,0.49,661.05,661.05,661.05,2133.6,2141.71,2141.71,3,6,
2026-09-18 14:22:41,1015105,4640245,First Blood in Game 2?,first_blood,2,2026-09-18 15:00:00,37.3,Movistar KOI,58298933672988329349408079720387130533201307965684690548542033898959300835774,0.29,0.78,0.535,0.49,871.4,874.4,874.4,2343.95,2343.95,2343.95,6,3,
2026-09-18 14:22:41,1015105,4640248,First Blood in Game 4?,first_blood,4,2026-09-18 15:00:00,37.3,Natus Vincere,5945087916897488567361894143995793523788072014849644480108946030525957724488,0.02,0.98,0.5,0.96,2.5,2.5,2.5,184.64,184.64,184.64,2,2,
2026-09-18 14:22:41,1015105,4640248,First Blood in Game 4?,first_blood,4,2026-09-18 15:00:00,37.3,Movistar KOI,108892342337659943171561149061371037982505878633471558062928184798319477321142,0.02,0.98,0.5,0.96,2.25,2.25,2.25,242.78,242.78,242.78,2,2,
2026-09-18 14:22:41,1015105,4640246,First Blood in Game 1?,first_blood,1,2026-09-18 15:00:00,37.3,Natus Vincere,82817305586544052676407078912355662440485295799649513268740197726961550355635,0.46,0.51,0.485,0.05,147.38,444.47,444.47,201.35,560.51,560.51,10,7,
2026-09-18 14:22:41,1015105,4640246,First Blood in Game 1?,first_blood,1,2026-09-18 15:00:00,37.3,Movistar KOI,78210408250447737009123398457752385555603867427661811167382707340372094915183,0.49,0.54,0.515,0.05,191.64,508.48,508.48,179.62,571.28,571.28,7,10,
2026-09-18 14:22:41,1015105,4640247,First Blood in Game 3?,first_blood,3,2026-09-18 15:00:00,37.3,Natus Vincere,89869760644300808387143783257976264203851040832309525298231667184997858456893,0.17,0.73,0.45,0.56,510.8,510.8,510.8,2193.7,2203.2,2203.2,5,7,
2026-09-18 14:22:41,1015105,4640247,First Blood in Game 3?,first_blood,3,2026-09-18 15:00:00,37.3,Movistar KOI,112872931334079236844340999129095566126478574071985560612920675250200652150454,0.27,0.83,0.55,0.56,811.3,814.3,814.3,2494.2,2494.2,2494.2,7,5,
2026-09-18 14:22:41,1015105,4640249,Total Kills Over/Under 30.5 in Game 2?,total_kills,2,2026-09-18 15:00:00,37.3,Over,111684246065913386722252208120740288135605165691141658268755569820935864081855,0.31,0.35,0.33,0.04,18.16,154.71,188.46,188.15,188.15,335.65,16,20,
2026-09-18 14:22:41,1015105,4640249,Total Kills Over/Under 30.5 in Game 2?,total_kills,2,2026-09-18 15:00:00,37.3,Under,84052890913016661719008439611633642398957530760646045122557375539646895948095,0.65,0.69,0.67,0.04,348.95,348.95,576.45,42.21,382.02,473.27,20,16,
2026-09-18 14:22:41,1015105,4640251,Total Kills Over/Under 30.5 in Game 1?,total_kills,1,2026-09-18 15:00:00,37.3,Over,36656204676839121811836053099546256510333841895012740290910921795524751935251,0.28,0.35,0.315,0.07,2.75,212.94,293.56,272.6,366.35,366.35,14,19,30.071426000000002
2026-09-18 14:22:41,1015105,4640251,Total Kills Over/Under 30.5 in Game 1?,total_kills,1,2026-09-18 15:00:00,37.3,Under,38461909801556487358876132015407005168012090605290652636819307461631691866328,0.65,0.72,0.685,0.07,498.93,655.18,655.18,7.25,636.05,900.52,19,14,30.071426000000002
2026-09-18 14:22:41,1015105,4640250,Total Kills Over/Under 30.5 in Game 4?,total_kills,4,2026-09-18 15:00:00,37.3,Over,636548847725757372647830927941954364816799065224869551090959776795591789362,0.14,0.52,0.33,0.38,420.65,420.65,420.65,320.6,320.6,320.6,10,11,
2026-09-18 14:22:41,1015105,4640250,Total Kills Over/Under 30.5 in Game 4?,total_kills,4,2026-09-18 15:00:00,37.3,Under,40054374945328776648493518789582449946827900713413222863248791153583713310801,0.48,0.86,0.67,0.38,284.4,284.4,284.4,2584.35,2584.35,2584.35,11,10,
2026-09-18 14:22:41,1015105,4640253,Total Kills Over/Under 27.5 in Game 2?,total_kills,2,2026-09-18 15:00:00,37.3,Over,27924083183147832473319135593377538225291142314857754035981832252300606029115,0.47,0.51,0.49,0.04,7.22,181.26,287.51,173.0,306.75,306.75,21,14,
2026-09-18 14:22:41,1015105,4640253,Total Kills Over/Under 27.5 in Game 2?,total_kills,2,2026-09-18 15:00:00,37.3,Under,107020129940925482282815021999045796731926564496880777101996456592343916031355,0.49,0.53,0.51,0.04,160.44,276.69,276.69,8.37,228.99,372.74,14,21,
2026-09-18 14:22:41,1015105,4640252,Total Kills Over/Under 30.5 in Game 3?,total_kills,3,2026-09-18 15:00:00,37.3,Over,84391604665277520378303350075241993672334312004891488713978285366288875341134,0.31,0.35,0.33,0.04,18.51,163.72,203.46,181.14,181.14,328.64,16,20,
2026-09-18 14:22:41,1015105,4640252,Total Kills Over/Under 30.5 in Game 3?,total_kills,3,2026-09-18 15:00:00,37.3,Under,35501162188901036011962590432629254663562460594800598702337390900489826046382,0.65,0.69,0.67,0.04,336.24,336.24,563.74,42.81,405.36,513.69,20,16,
2026-09-18 14:22:41,1015105,4640255,Total Kills Over/Under 27.5 in Game 4?,total_kills,4,2026-09-18 15:00:00,37.3,Over,108903000363107753904510558294966167999033496300774598778202435784590423739571,0.18,0.51,0.345,0.33,4.75,6.4,84.41,2828.92,2828.92,2828.92,11,11,
2026-09-18 14:22:41,1015105,4640255,Total Kills Over/Under 27.5 in Game 4?,total_kills,4,2026-09-18 15:00:00,37.3,Under,9216746898568565635114068970887262776709497181240010345729343810402987972675,0.49,0.82,0.655,0.33,2717.58,2717.58,2717.58,22.24,31.59,553.6,11,11,
2026-09-18 14:22:41,1015105,4640254,Total Kills Over/Under 27.5 in Game 1?,total_kills,1,2026-09-18 15:00:00,37.3,Over,31716871666148058824604444666935991241577201830326807409522280094390541979950,0.41,0.48,0.445,0.07,336.96,479.58,479.58,200.56,3655.88,3847.5,20,21,
2026-09-18 14:22:41,1015105,4640254,Total Kills Over/Under 27.5 in Game 1?,total_kills,1,2026-09-18 15:00:00,37.3,Under,80908230382902622261274601847522720171342629016678487162136781491164326361613,0.52,0.59,0.555,0.07,214.28,3565.96,3739.34,505.32,731.6,731.6,21,20,
2026-09-18 14:22:41,1015105,4640256,Total Kills Over/Under 27.5 in Game 3?,total_kills,3,2026-09-18 15:00:00,37.3,Over,103970624499416537140806119377848990977853100683677792309048109365299324205737,0.46,0.5,0.48,0.04,249.67,390.06,390.06,3555.54,3963.14,4240.87,16,17,
2026-09-18 14:22:41,1015105,4640256,Total Kills Over/Under 27.5 in Game 3?,total_kills,3,2026-09-18 15:00:00,37.3,Under,92934888851824151927090206416638163256376739597605165922780770113756596249728,0.5,0.54,0.52,0.04,3550.12,3916.52,4150.79,304.37,485.89,485.89,17,16,
2026-09-18 14:22:41,1015105,4642161,Total Kills Over/Under 24.5 in Game 2?,total_kills,2,2026-09-18 15:00:00,37.3,Over,98953222752952589984673269489032639867335606079491461026912123474054088350101,0.6,0.66,0.63,0.06,156.92,300.67,580.67,340.25,577.34,800.49,18,18,4.7727260000000005
2026-09-18 14:22:41,1015105,4642161,Total Kills Over/Under 24.5 in Game 2?,total_kills,2,2026-09-18 15:00:00,37.3,Under,111192312035434008148154651548084586176306830243795976955429460027646140926856,0.34,0.4,0.37,0.06,175.2,282.11,375.96,108.96,215.21,435.21,18,18,4.7727260000000005
2026-09-18 14:22:41,1015105,4642162,Total Kills Over/Under 24.5 in Game 1?,total_kills,1,2026-09-18 15:00:00,37.3,Over,68335048001665797690797199718132261334179139263175159961169157516352778840992,0.57,0.64,0.605,0.07,278.11,483.11,549.36,214.1,779.68,779.68,19,18,152.267511
2026-09-18 14:22:41,1015105,4642162,Total Kills Over/Under 24.5 in Game 1?,total_kills,1,2026-09-18 15:00:00,37.3,Under,106464706722163380100508483534882248450648676116082864658123770776687153500496,0.36,0.43,0.395,0.07,115.9,404.32,404.32,217.43,387.43,446.18,18,19,152.267511
2026-09-18 14:22:41,1015105,4642164,Total Kills Over/Under 24.5 in Game 4?,total_kills,4,2026-09-18 15:00:00,37.3,Over,28378706074686080946380096164222314187865893482574803911780881518333895441125,0.18,0.85,0.515,0.67,4.19,5.84,5.84,2554.3,2554.3,2554.3,10,9,
2026-09-18 14:22:41,1015105,4642164,Total Kills Over/Under 24.5 in Game 4?,total_kills,4,2026-09-18 15:00:00,37.3,Under,18174254138571697596340353139473268618127662800000049310368835364390215942875,0.15,0.82,0.485,0.67,450.7,450.7,450.7,19.81,29.16,29.16,9,10,
2026-09-18 14:22:41,1015105,4642163,Total Kills Over/Under 24.5 in Game 3?,total_kills,3,2026-09-18 15:00:00,37.3,Over,12983754161601526857948430016031155828080031959706187840555672335557532237138,0.61,0.66,0.635,0.05,6.05,233.98,585.23,317.2,549.98,726.23,20,18,130
2026-09-18 14:22:41,1015105,4642163,Total Kills Over/Under 24.5 in Game 3?,total_kills,3,2026-09-18 15:00:00,37.3,Under,81320191533774081961822307615412982029308380454756382679106529796212969989721,0.34,0.39,0.365,0.05,162.56,267.78,341.53,3.95,164.58,438.33,18,20,130
2026-09-18 14:28:53,1006560,4484544,LoL: Colossal Gaming vs Los Goccioles - Game 1 Winner,map,1,2026-09-18 16:00:00,91.1,Colossal Gaming,109916680883918372902826701402572476834844911724410800526697193675455865935217,0.56,0.63,0.595,0.07,163.52,163.52,163.52,5.3,5.3,5.3,13,13,8.333332
2026-09-18 14:28:53,1006560,4484544,LoL: Colossal Gaming vs Los Goccioles - Game 1 Winner,map,1,2026-09-18 16:00:00,91.1,Los Goccioles,101477868183991959153175742760966434340959934495356599809023889081087079250189,0.37,0.44,0.405,0.07,3.12,3.12,3.12,128.48,128.48,128.48,13,13,8.333332
2026-09-18 14:28:53,1006560,4484545,LoL: Colossal Gaming vs Los Goccioles - Game 2 Winner,map,2,2026-09-18 16:00:00,91.1,Colossal Gaming,36207233593306181987173668846636916318479757930209852461070428272258651600447,0.56,0.58,0.57,0.02,163.52,163.52,163.52,2.9,2.9,187.88,12,17,
2026-09-18 14:28:53,1006560,4484545,LoL: Colossal Gaming vs Los Goccioles - Game 2 Winner,map,2,2026-09-18 16:00:00,91.1,Los Goccioles,95368571053778264143525692083144036546372888001086334153800877807972360874532,0.42,0.44,0.43,0.02,2.1,2.1,110.95,128.48,128.48,128.48,17,12,
2026-09-18 14:28:53,1006560,4484546,LoL: Colossal Gaming vs Los Goccioles - Game 3 Winner,map,3,2026-09-18 16:00:00,91.1,Colossal Gaming,101206125103691400951505250901248865703623322960185266444225063121192162209769,0.56,0.58,0.57,0.02,163.52,163.52,163.52,2.9,2.9,187.88,9,13,
2026-09-18 14:28:53,1006560,4484546,LoL: Colossal Gaming vs Los Goccioles - Game 3 Winner,map,3,2026-09-18 16:00:00,91.1,Los Goccioles,97831820761085614293127182915884413187864587759975096433588605194606076611437,0.42,0.44,0.43,0.02,2.1,2.1,110.95,128.48,128.48,128.48,13,9,
2026-09-18 14:28:53,1006560,4484547,LoL: Colossal Gaming vs Los Goccioles - Game 4 Winner,map,4,2026-09-18 16:00:00,91.1,Colossal Gaming,114405102250851696641335056716588868314325338286519849512168898450493129813277,0.27,0.95,0.61,0.68,7.85,7.85,7.85,118.88,323.9,861.58,8,5,172.02
2026-09-18 14:28:53,1006560,4484547,LoL: Colossal Gaming vs Los Goccioles - Game 4 Winner,map,4,2026-09-18 16:00:00,91.1,Los Goccioles,37674971418749890932094837269028422226122045671308847761421958438914120686570,0.05,0.73,0.39,0.68,3.73,7.98,13.41,21.97,21.97,21.97,4,8,172.02
2026-09-18 14:28:53,1006560,4484548,LoL: Colossal Gaming vs Los Goccioles (BO5) - LIT Playoffs,series,,2026-09-18 16:00:00,91.1,Colossal Gaming,59126677095672628787605789416974516696073769486534008758439040898518354363168,0.66,0.67,0.665,0.01,150.79,410.8,438.9,15.99,31.11,383.54,27,26,112.90300099999999
2026-09-18 14:28:53,1006560,4484548,LoL: Colossal Gaming vs Los Goccioles (BO5) - LIT Playoffs,series,,2026-09-18 16:00:00,91.1,Los Goccioles,79695206108968755287241718136369046106885712025176705212956964636571850294580,0.33,0.34,0.335,0.01,7.74,14.29,151.94,77.76,225.73,243.61,26,27,112.90300099999999
2026-09-18 14:28:53,1006560,4484549,Games Total: O/U 3.5,total_games,,2026-09-18 16:00:00,91.1,Over,80145482597193995839055538190327724737933834528396208523584150641520448122269,0.69,0.7,0.695,0.01,3.45,260.62,267.07,36.47,293.55,304.75,15,21,47.03
2026-09-18 14:28:53,1006560,4484549,Games Total: O/U 3.5,total_games,,2026-09-18 16:00:00,91.1,Under,82772240931673544230704917725350773242707187518498369305193527785335250444994,0.3,0.31,0.305,0.01,15.56,115.21,119.01,1.55,131.28,134.83,21,15,47.03
2026-09-18 14:28:53,1006560,4484550,Games Total: O/U 4.5,total_games,,2026-09-18 16:00:00,91.1,Over,65914196484027556534079364568918312894240042098150280914094419594648561458768,0.33,0.35,0.34,0.02,8.25,199.98,207.83,158.69,162.44,177.72,22,21,
2026-09-18 14:28:53,1006560,4484550,Games Total: O/U 4.5,total_games,,2026-09-18 16:00:00,91.1,Under,33405034309406639995825029034515909087862116868780444393036597877695302956248,0.65,0.67,0.66,0.02,288.66,294.91,317.97,17.37,454.57,474.58,21,22,
2026-09-18 14:28:53,1006560,4484551,Game 1: Both Teams Slay Baron Nashor?,prop,1,2026-09-18 16:00:00,91.1,Yes,109646671639612743295109443737782457455554192731950977660619720896412847111000,0.06,0.5,0.28,0.44,176.38,176.38,177.33,176.0,176.0,176.0,4,9,
2026-09-18 14:28:53,1006560,4484551,Game 1: Both Teams Slay Baron Nashor?,prop,1,2026-09-18 16:00:00,91.1,No,2945011852693356939179047211336128413198141666096467966339872874099703124005,0.5,0.94,0.72,0.44,176.0,176.0,176.0,3349.9,3349.9,3431.76,9,4,
2026-09-18 14:28:53,1006560,4484552,Game 1: Both Teams Slay a Dragon?,prop,1,2026-09-18 16:00:00,91.1,Yes,96282889347715354355202613066529151894231515387269828987237275675067217864809,0.5,0.83,0.665,0.33,176.0,176.0,176.0,859.29,859.29,859.29,8,3,
2026-09-18 14:28:53,1006560,4484552,Game 1: Both Teams Slay a Dragon?,prop,1,2026-09-18 16:00:00,91.1,No,67624833962155365387521031322988617058047486074720460503426630260792738258094,0.17,0.5,0.335,0.33,176.0,176.0,176.0,176.0,176.0,176.0,3,8,
2026-09-18 14:28:53,1006560,4484553,Game 1: Both Teams Destroy Inhibitors?,prop,1,2026-09-18 16:00:00,91.1,Yes,98802954366779933228672313874267280954196090091991664497816458635275285564865,0.04,0.5,0.27,0.46,176.52,177.33,177.33,176.0,176.0,176.0,4,9,
2026-09-18 14:28:53,1006560,4484553,Game 1: Both Teams Destroy Inhibitors?,prop,1,2026-09-18 16:00:00,91.1,No,79551460794277772347714825934705512147731401471833413971991396756386556835409,0.5,0.96,0.73,0.46,176.0,176.0,176.0,5703.05,5771.07,5771.07,9,4,
2026-09-18 14:28:53,1006560,4484554,Game 1: Any Player Quadra Kill?,prop,1,2026-09-18 16:00:00,91.1,Yes,29788206181536376948731514865874448305802518719331104241075884951180326221070,0.04,0.5,0.27,0.46,176.0,176.25,176.25,176.0,176.0,176.0,3,9,
2026-09-18 14:28:53,1006560,4484554,Game 1: Any Player Quadra Kill?,prop,1,2026-09-18 16:00:00,91.1,No,89691089768910712196705857917583249020155854268964873703486706488410688372433,0.5,0.96,0.73,0.46,176.0,176.0,176.0,4224.0,4243.75,4243.75,9,3,
2026-09-18 14:28:53,1006560,4484555,Game 1: Any Player Penta Kill?,prop,1,2026-09-18 16:00:00,91.1,Yes,42379136447846929494019008139893993490633583004390300080404415198148887031443,0.02,0.5,0.26,0.48,176.25,176.25,176.25,196.0,307.66,307.66,2,11,
2026-09-18 14:28:53,1006560,4484555,Game 1: Any Player Penta Kill?,prop,1,2026-09-18 16:00:00,91.1,No,62521547831089743286686987356566428359599836833132628967826068880026606927794,0.5,0.98,0.74,0.48,196.0,299.08,299.08,17443.75,17443.75,17443.75,11,2,
2026-09-18 14:28:53,1006560,4484556,Game 1: Odd/Even Total Kills?,odd_even,1,2026-09-18 16:00:00,91.1,Odd,86911462976977591422239266455395751273855708840618563883867461212147700680889,0.49,0.51,0.5,0.02,7.76,7.76,7.76,8.07,8.07,8.07,11,11,
2026-09-18 14:28:53,1006560,4484556,Game 1: Odd/Even Total Kills?,odd_even,1,2026-09-18 16:00:00,91.1,Even,43408340876671307064791738110122462879614898771222514777881513773426873658672,0.49,0.51,0.5,0.02,7.76,7.76,7.76,8.07,8.07,8.07,11,11,
2026-09-18 14:28:53,1006560,4484557,Game 2: Both Teams Slay Baron Nashor?,prop,2,2026-09-18 16:00:00,91.1,Yes,99273539239908037109196339569583789524671343125653213813743646680478181920106,0.06,0.5,0.28,0.44,176.38,176.38,177.33,176.0,176.0,176.0,4,9,
2026-09-18 14:28:53,1006560,4484557,Game 2: Both Teams Slay Baron Nashor?,prop,2,2026-09-18 16:00:00,91.1,No,33242049117140272085823629099088463844739930144410583402363645429114448217263,0.5,0.94,0.72,0.44,176.0,176.0,176.0,3349.9,3349.9,3431.76,9,4,
2026-09-18 14:28:53,1006560,4484558,Game 2: Both Teams Slay a Dragon?,prop,2,2026-09-18 16:00:00,91.1,Yes,70652670907551850664669064406480842310010192001048923205274111910705998896238,0.5,0.83,0.665,0.33,176.0,176.0,176.0,859.29,859.29,859.29,8,3,
2026-09-18 14:28:53,1006560,4484558,Game 2: Both Teams Slay a Dragon?,prop,2,2026-09-18 16:00:00,91.1,No,6115699214464384485052825663867874136879554869294102172327288916444392420712,0.17,0.5,0.335,0.33,176.0,176.0,176.0,176.0,176.0,176.0,3,8,
2026-09-18 14:28:53,1006560,4484559,Game 2: Both Teams Destroy Inhibitors?,prop,2,2026-09-18 16:00:00,91.1,Yes,69162917719515675893411150579311804206123792185520126237230752571092665536985,0.04,0.5,0.27,0.46,176.52,177.33,177.33,176.0,176.0,176.0,4,9,
2026-09-18 14:28:53,1006560,4484559,Game 2: Both Teams Destroy Inhibitors?,prop,2,2026-09-18 16:00:00,91.1,No,43678253183042422250687904982289500766179243301985472487415699192964084477093,0.5,0.96,0.73,0.46,176.0,176.0,176.0,5703.05,5771.07,5771.07,9,4,
2026-09-18 14:28:53,1006560,4484560,Game 2: Any Player Quadra Kill?,prop,2,2026-09-18 16:00:00,91.1,Yes,68567559409721422667794619792753502497851016496711910865432641456247433341900,0.04,0.5,0.27,0.46,176.0,176.25,176.25,176.0,176.0,176.0,3,9,
2026-09-18 14:28:53,1006560,4484560,Game 2: Any Player Quadra Kill?,prop,2,2026-09-18 16:00:00,91.1,No,95804048401224853593595547649937963420325707407953334871995334027192795026496,0.5,0.96,0.73,0.46,176.0,176.0,176.0,4224.0,4243.75,4243.75,9,3,
2026-09-18 14:28:53,1006560,4484561,Game 2: Any Player Penta Kill?,prop,2,2026-09-18 16:00:00,91.1,Yes,73472131541261359610931215323585128294240705086165086834821883571801196716363,0.02,0.5,0.26,0.48,176.25,176.25,176.25,196.0,307.66,307.66,2,11,
2026-09-18 14:28:53,1006560,4484561,Game 2: Any Player Penta Kill?,prop,2,2026-09-18 16:00:00,91.1,No,78042833174593851458090179515182853770180283902605553067142406945261710837358,0.5,0.98,0.74,0.48,196.0,299.08,299.08,17443.75,17443.75,17443.75,11,2,
2026-09-18 14:28:53,1006560,4484562,Game 2: Odd/Even Total Kills?,odd_even,2,2026-09-18 16:00:00,91.1,Odd,21376821444641683713841256922723028667696080730788175246711174440928008283063,0.49,0.51,0.5,0.02,7.76,7.76,7.76,8.07,8.07,8.07,11,11,
2026-09-18 14:28:53,1006560,4484562,Game 2: Odd/Even Total Kills?,odd_even,2,2026-09-18 16:00:00,91.1,Even,111753555407122333483168676321354410894826555455038412213095158212129887733757,0.49,0.51,0.5,0.02,7.76,7.76,7.76,8.07,8.07,8.07,11,11,
2026-09-18 14:28:53,1006560,4484563,Game 3: Both Teams Slay Baron Nashor?,prop,3,2026-09-18 16:00:00,91.1,Yes,55002680429415062590606452940635702772816368777991503194431990852803214080638,0.06,0.5,0.28,0.44,176.38,176.38,177.33,176.0,176.0,176.0,4,9,
2026-09-18 14:28:53,1006560,4484563,Game 3: Both Teams Slay Baron Nashor?,prop,3,2026-09-18 16:00:00,91.1,No,37568843671439433567981756337430008360402559633690871657845480946289809069005,0.5,0.94,0.72,0.44,176.0,176.0,176.0,3349.9,3349.9,3431.76,9,4,
2026-09-18 14:28:53,1006560,4484564,Game 3: Both Teams Slay a Dragon?,prop,3,2026-09-18 16:00:00,91.1,Yes,26089574432486020955807780191990329483718720718247818496979552893224512201032,0.5,0.83,0.665,0.33,176.0,176.0,176.0,859.29,859.29,859.29,8,3,
2026-09-18 14:28:53,1006560,4484564,Game 3: Both Teams Slay a Dragon?,prop,3,2026-09-18 16:00:00,91.1,No,104970833193095620364669292347440413888585616234531064950905587058364160418767,0.17,0.5,0.335,0.33,176.0,176.0,176.0,176.0,176.0,176.0,3,8,
2026-09-18 14:28:53,1006560,4484565,Game 3: Both Teams Destroy Inhibitors?,prop,3,2026-09-18 16:00:00,91.1,Yes,27803970851387488311274568932190891664460343286724711434378794958259993035011,0.04,0.5,0.27,0.46,176.52,177.33,177.33,176.0,176.0,176.0,4,9,
2026-09-18 14:28:53,1006560,4484565,Game 3: Both Teams Destroy Inhibitors?,prop,3,2026-09-18 16:00:00,91.1,No,91816560641125417056627475856678136118657420639877595620937609141544880663909,0.5,0.96,0.73,0.46,176.0,176.0,176.0,5703.05,5771.07,5771.07,9,4,
2026-09-18 14:28:53,1006560,4484566,Game 3: Any Player Quadra Kill?,prop,3,2026-09-18 16:00:00,91.1,Yes,94441151895223822909736858040712540433436993511397179669323882795389536626499,0.04,0.5,0.27,0.46,176.0,176.25,176.25,176.0,176.0,176.0,3,9,
2026-09-18 14:28:53,1006560,4484566,Game 3: Any Player Quadra Kill?,prop,3,2026-09-18 16:00:00,91.1,No,30465925048770014459919910137355778202010691235461420480929956438776558609642,0.5,0.96,0.73,0.46,176.0,176.0,176.0,4224.0,4243.75,4243.75,9,3,
2026-09-18 14:28:53,1006560,4484567,Game 3: Any Player Penta Kill?,prop,3,2026-09-18 16:00:00,91.1,Yes,114279174777470679643940118546127661835659949005377884504637608513802998641507,0.02,0.5,0.26,0.48,176.25,176.25,176.25,196.0,307.66,307.66,2,11,
2026-09-18 14:28:53,1006560,4484567,Game 3: Any Player Penta Kill?,prop,3,2026-09-18 16:00:00,91.1,No,76311976752377616093187129217582774737281904164754134536916242808979528628822,0.5,0.98,0.74,0.48,196.0,299.08,299.08,17443.75,17443.75,17443.75,11,2,
2026-09-18 14:28:53,1006560,4484568,Game 3: Odd/Even Total Kills?,odd_even,3,2026-09-18 16:00:00,91.1,Odd,96730093986400698722165267851271724935606386363450543474413636715463836455785,0.49,0.51,0.5,0.02,7.76,7.76,7.76,8.07,8.07,8.07,11,11,
2026-09-18 14:28:53,1006560,4484568,Game 3: Odd/Even Total Kills?,odd_even,3,2026-09-18 16:00:00,91.1,Even,113613417957010240095156889468086784112468730146858856900782437845814290610078,0.49,0.51,0.5,0.02,7.76,7.76,7.76,8.07,8.07,8.07,11,11,
2026-09-18 14:28:53,1006560,4484569,Game 4: Both Teams Slay Baron Nashor?,prop,4,2026-09-18 16:00:00,91.1,Yes,37939703070052636886580343571033325578332549657424287648512891894861283130048,0.06,0.98,0.52,0.92,176.5,176.5,177.33,279.06,279.06,279.06,4,2,
2026-09-18 14:28:53,1006560,4484569,Game 4: Both Teams Slay Baron Nashor?,prop,4,2026-09-18 16:00:00,91.1,No,81469928702981560544320883566256458642364449570570804397792411187158716943465,0.02,0.94,0.48,0.92,3.33,3.33,3.33,3351.78,3351.78,3421.0,2,4,
2026-09-18 14:28:53,1006560,4484570,Game 4: Both Teams Slay a Dragon?,prop,4,2026-09-18 16:00:00,91.1,Yes,86048597513194370056989567755913221252534889958771200870719952541561560071237,0.3,0.83,0.565,0.53,6.0,6.0,6.0,859.29,859.29,859.29,7,3,
2026-09-18 14:28:53,1006560,4484570,Game 4: Both Teams Slay a Dragon?,prop,4,2026-09-18 16:00:00,91.1,No,86687727666924183842096605866624259559205634086053114906414682657183192118115,0.17,0.7,0.435,0.53,176.0,176.0,176.0,14.0,14.0,14.0,3,7,
2026-09-18 14:28:53,1006560,4484571,Game 4: Both Teams Destroy Inhibitors?,prop,4,2026-09-18 16:00:00,91.1,Yes,91213502874539958004752945477069752704333309206667822436753252549686224946397,0.04,0.98,0.51,0.94,176.65,177.33,177.33,279.06,279.06,279.06,4,2,
2026-09-18 14:28:53,1006560,4484571,Game 4: Both Teams Destroy Inhibitors?,prop,4,2026-09-18 16:00:00,91.1,No,62593559094865018556384810717371426391541059027040030528972437919725784036765,0.02,0.96,0.49,0.94,3.33,3.33,3.33,5706.23,5761.15,5761.15,2,4,
2026-09-18 14:28:53,1006560,4484572,Game 4: Any Player Quadra Kill?,prop,4,2026-09-18 16:00:00,91.1,Yes,34064385733246354563056065306531732975716489379217168896820708684059718607551,0.04,0.98,0.51,0.94,176.0,176.25,176.25,217.75,217.75,217.75,3,2,
2026-09-18 14:28:53,1006560,4484572,Game 4: Any Player Quadra Kill?,prop,4,2026-09-18 16:00:00,91.1,No,47125298562215925480600334831814226987733650790004712387712534030237838957739,0.02,0.96,0.49,0.94,2.25,2.25,2.25,4224.0,4243.75,4243.75,2,3,
2026-09-18 14:28:53,1006560,4484573,Game 4: Any Player Penta Kill?,prop,4,2026-09-18 16:00:00,91.1,Yes,56314025380694455360625381252651320602951916358308812544486090010385321521133,0.02,0.98,0.5,0.96,176.25,176.25,176.25,217.75,217.75,217.75,2,2,
2026-09-18 14:28:53,1006560,4484573,Game 4: Any Player Penta Kill?,prop,4,2026-09-18 16:00:00,91.1,No,112927945545588245979600485961040640926698901617176776873027682671010806783416,0.02,0.98,0.5,0.96,2.25,2.25,2.25,17443.75,17443.75,17443.75,2,2,
2026-09-18 14:28:53,1006560,4484574,Game 4: Odd/Even Total Kills?,odd_even,4,2026-09-18 16:00:00,91.1,Odd,26956211092666903163340213071184941707379060432917321058241102986165803030363,0.49,0.51,0.5,0.02,7.76,7.76,7.76,8.07,8.07,8.07,11,11,
2026-09-18 14:28:53,1006560,4484574,Game 4: Odd/Even Total Kills?,odd_even,4,2026-09-18 16:00:00,91.1,Even,46392672404247612158267449347782996282734931642542765850521648722334277819330,0.49,0.51,0.5,0.02,7.76,7.76,7.76,8.07,8.07,8.07,11,11,
2026-09-18 14:28:53,1006560,4484575,Game 5: Both Teams Slay Baron Nashor?,prop,5,2026-09-18 16:00:00,91.1,Yes,9399258485272004998916694525472290698178960908384612081206763560447428716352,0.06,0.98,0.52,0.92,176.51,176.51,177.33,279.06,279.06,279.06,4,2,
2026-09-18 14:28:53,1006560,4484575,Game 5: Both Teams Slay Baron Nashor?,prop,5,2026-09-18 16:00:00,91.1,No,83203365683304218343865477456396013459055591268695841380282445899483631083816,0.02,0.94,0.48,0.92,3.33,3.33,3.33,3351.91,3351.91,3420.44,2,4,
2026-09-18 14:28:53,1006560,4484576,Game 5: Both Teams Slay a Dragon?,prop,5,2026-09-18 16:00:00,91.1,Yes,21884054535502479391428670815433622630574184524429052529656192181067032111909,0.3,0.83,0.565,0.53,6.0,6.0,6.0,859.29,859.29,859.29,7,3,
2026-09-18 14:28:53,1006560,4484576,Game 5: Both Teams Slay a Dragon?,prop,5,2026-09-18 16:00:00,91.1,No,67973791371504261423799509260234274151045352840645364379941379968025473213290,0.17,0.7,0.435,0.53,176.0,176.0,176.0,14.0,14.0,14.0,3,7,
2026-09-18 14:28:53,1006560,4484577,Game 5: Both Teams Destroy Inhibitors?,prop,5,2026-09-18 16:00:00,91.1,Yes,46113629726100388038634322452133873689664691850329351812662555318889411661730,0.04,0.98,0.51,0.94,176.65,177.33,177.33,279.06,279.06,279.06,4,2,
2026-09-18 14:28:53,1006560,4484577,Game 5: Both Teams Destroy Inhibitors?,prop,5,2026-09-18 16:00:00,91.1,No,88169126000290548179453277763396127039837291969170278764704567886709918031131,0.02,0.96,0.49,0.94,3.33,3.33,3.33,5706.23,5761.15,5761.15,2,4,
2026-09-18 14:28:53,1006560,4484578,Game 5: Any Player Quadra Kill?,prop,5,2026-09-18 16:00:00,91.1,Yes,58976705023742360385100634834228057898984103074351827018198778246050148908195,0.05,0.98,0.515,0.93,189.74,189.84,189.99,217.75,217.75,217.75,4,2,
2026-09-18 14:28:53,1006560,4484578,Game 5: Any Player Quadra Kill?,prop,5,2026-09-18 16:00:00,91.1,No,93802788734649731073847377969372796778847860288816655205889564525747989854457,0.02,0.95,0.485,0.93,2.25,2.25,2.25,3673.85,3678.75,3693.6,2,4,
2026-09-18 14:28:53,1006560,4484579,Game 5: Any Player Penta Kill?,prop,5,2026-09-18 16:00:00,91.1,Yes,33529384713028489642697549252752244428847595069478869879563195677768091624646,0.05,0.98,0.515,0.93,28.65,28.75,204.9,217.75,217.75,217.75,3,2,
2026-09-18 14:28:53,1006560,4484579,Game 5: Any Player Penta Kill?,prop,5,2026-09-18 16:00:00,91.1,No,67410159568150529838740446116535518233970394098135010044759439863554353517784,0.02,0.95,0.485,0.93,2.25,2.25,2.25,544.35,549.25,17988.1,2,3,
2026-09-18 14:28:53,1006560,4484580,Game 5: Odd/Even Total Kills?,odd_even,5,2026-09-18 16:00:00,91.1,Odd,4637144246209315783241777341044119281194149130264778749875476920052727912517,0.49,0.51,0.5,0.02,7.76,7.76,7.76,8.07,8.07,8.07,11,11,
2026-09-18 14:28:53,1006560,4484580,Game 5: Odd/Even Total Kills?,odd_even,5,2026-09-18 16:00:00,91.1,Even,101639357751906375612785869172937396477498406739846278738502292865808715459593,0.49,0.51,0.5,0.02,7.76,7.76,7.76,8.07,8.07,8.07,11,11,
2026-09-18 14:28:53,1015105,4516882,LoL: Natus Vincere vs Movistar KOI - Game 1 Winner,map,1,2026-09-18 15:00:00,31.1,Natus Vincere,70191001328311994236207288513152250300862619125520735379401581909320240365242,0.42,0.43,0.425,0.01,7080.5,15575.58,22528.08,1602.02,17059.25,18604.25,37,43,14432.908650000001
2026-09-18 14:28:53,1015105,4516882,LoL: Natus Vincere vs Movistar KOI - Game 1 Winner,map,1,2026-09-18 15:00:00,31.1,Movistar KOI,71244617840232667664691442479870202157378848140704759452577610379660506414618,0.57,0.58,0.575,0.01,2068.42,20301.19,22006.19,10185.59,23086.69,34564.19,43,37,14432.908650000001
2026-09-18 14:28:53,1015105,4516884,LoL: Natus Vincere vs Movistar KOI - Game 2 Winner,map,2,2026-09-18 15:00:00,31.1,Natus Vincere,20060404422016322493732668923305609511397124835916812867299867392580214411963,0.41,0.42,0.415,0.01,6675.01,12337.92,15116.99,934.47,2875.55,10117.46,32,38,10025.091082
2026-09-18 14:28:53,1015105,4516884,LoL: Natus Vincere vs Movistar KOI - Game 2 Winner,map,2,2026-09-18 15:00:00,31.1,Movistar KOI,1824543711528743027924843644264035592449578071747357069606240858613815249846,0.58,0.59,0.585,0.01,1239.3,3634.39,12103.04,9987.77,19065.08,23797.01,38,32,10025.091082
2026-09-18 14:28:53,1015105,4516887,LoL: Natus Vincere vs Movistar KOI - Game 3 Winner,map,3,2026-09-18 15:00:00,31.1,Natus Vincere,81497345356393250312702056645266427483395058712368081494060321643812014303677,0.42,0.43,0.425,0.01,219.89,8845.29,14376.1,1844.1,10095.93,11643.33,33,39,8775.611165999999
2026-09-18 14:28:53,1015105,4516887,LoL: Natus Vincere vs Movistar KOI - Game 3 Winner,map,3,2026-09-18 15:00:00,31.1,Movistar KOI,51757772193535957745301345874107034579808541856767465684653529885039157696965,0.57,0.58,0.575,0.01,2349.14,12116.99,13824.59,316.13,13390.27,22605.19,39,33,8775.611165999999
2026-09-18 14:28:53,1015105,4516890,LoL: Natus Vincere vs Movistar KOI - Game 4 Winner,map,4,2026-09-18 15:00:00,31.1,Natus Vincere,41947148478055573400174695880130875338154364600676904884297680057599810917165,0.42,0.48,0.45,0.06,79.1,289.1,299.1,108.7,3136.2,3136.2,17,7,8.62069
2026-09-18 14:28:53,1015105,4516890,LoL: Natus Vincere vs Movistar KOI - Game 4 Winner,map,4,2026-09-18 15:00:00,31.1,Movistar KOI,100812995150736179572190592529622590473987615635032692800947934575452335759582,0.52,0.58,0.55,0.06,113.53,3141.03,3141.03,113.17,428.49,445.16,7,17,8.62069
2026-09-18 14:28:53,1015105,4516893,LoL: Natus Vincere vs Movistar KOI (BO5) - LEC Playoffs,series,,2026-09-18 15:00:00,31.1,Natus Vincere,68274692138460745027217490227035175215920465167975797390606564502227655627930,0.36,0.37,0.365,0.01,17794.89,67289.95,72233.3,24540.82,65246.21,70825.15,34,47,434898.66304100014
2026-09-18 14:28:53,1015105,4516893,LoL: Natus Vincere vs Movistar KOI (BO5) - LEC Playoffs,series,,2026-09-18 15:00:00,31.1,Movistar KOI,64334046779190023162632298116496326894514926471030017641440343578904157566997,0.63,0.64,0.635,0.01,40547.96,102679.51,110661.57,32991.33,130247.94,140909.59,47,34,434898.66304100014
2026-09-18 14:28:53,1015105,4516896,Games Total: O/U 3.5,total_games,,2026-09-18 15:00:00,31.1,Over,79976487652907242443786244266535927375322005642948977389216373580502775001826,0.7,0.74,0.72,0.04,1545.91,2909.51,13009.26,680.58,14173.27,21423.85,16,15,1928.7929940000004
2026-09-18 14:28:53,1015105,4516896,Games Total: O/U 3.5,total_games,,2026-09-18 15:00:00,31.1,Under,109234168747572535938025338897751134394983149027369296871956589683519521989543,0.26,0.3,0.28,0.04,226.93,4426.97,6405.86,674.11,1329.92,6760.17,15,16,1928.7929940000004
2026-09-18 14:28:53,1015105,4516898,Games Total: O/U 4.5,total_games,,2026-09-18 15:00:00,31.1,Over,42908346447317448752464469030069663386716181258834437400853540272349358571915,0.31,0.32,0.315,0.01,6195.23,8199.44,11855.14,17973.73,18085.28,18222.54,20,32,20399.26788599999
2026-09-18 14:28:53,1015105,4516898,Games Total: O/U 4.5,total_games,,2026-09-18 15:00:00,31.1,Under,51820874743015681089718697424621431995946463810697460573436281273569963295907,0.68,0.69,0.685,0.01,38194.18,38401.64,38637.16,14234.35,19279.14,29166.51,32,20,20399.26788599999
2026-09-18 14:28:53,1015105,4516900,Game Handicap: MKOI (-1.5) vs Natus Vincere (+1.5),handicap,,2026-09-18 15:00:00,31.1,Movistar KOI,18372070380306323632290689903085871041588213085888069987267593306551700835927,0.43,0.44,0.435,0.01,1466.59,9402.24,13256.09,6130.62,26373.79,30149.16,25,28,83383.86479699999
2026-09-18 14:28:53,1015105,4516900,Game Handicap: MKOI (-1.5) vs Natus Vincere (+1.5),handicap,,2026-09-18 15:00:00,31.1,Natus Vincere,73576496561983722231686360730394754887244898504922158481902876916353019475520,0.56,0.57,0.565,0.01,7521.51,30551.77,34547.4,1973.76,13483.11,19639.26,28,25,83383.86479699999
2026-09-18 14:28:53,1015105,4516902,Game Handicap: MKOI (-2.5) vs Natus Vincere (+2.5),handicap,,2026-09-18 15:00:00,31.1,Movistar KOI,74024975006559345917317664837235739516682375513770697044314305516703341690704,0.22,0.23,0.225,0.01,72.7,393.71,595.08,728.97,4779.21,6441.71,18,13,1796.0260109999997
2026-09-18 14:28:53,1015105,4516902,Game Handicap: MKOI (-2.5) vs Natus Vincere (+2.5),handicap,,2026-09-18 15:00:00,31.1,Natus Vincere,63465949490329829660037584929447217387135177222569022587380158344852572646143,0.77,0.78,0.775,0.01,2359.01,14449.56,18787.06,272.79,1575.87,2553.5,13,18,1796.0260109999997
2026-09-18 14:28:53,1015105,4516903,Game 1: Both Teams Slay Baron Nashor?,prop,1,2026-09-18 15:00:00,31.1,Yes,113629768485208465966989726295445546616366509490859851744258019997709546425644,0.02,0.22,0.12,0.2,0.8,0.8,0.8,3.8,3.8,3.8,2,7,
2026-09-18 14:28:53,1015105,4516903,Game 1: Both Teams Slay Baron Nashor?,prop,1,2026-09-18 15:00:00,31.1,No,60115135813695096138652119556167975729107738610670069777336113962007322702642,0.78,0.98,0.88,0.2,12.93,12.93,12.93,59.2,59.2,59.2,7,2,
2026-09-18 14:28:53,1015105,4516905,Game 1: Both Teams Slay a Dragon?,prop,1,2026-09-18 15:00:00,31.1,Yes,61946485307415643570260427240423181874220372021664997549859736838325517665406,0.02,0.98,0.5,0.96,0.45,0.45,0.45,34.55,34.55,34.55,2,2,
2026-09-18 14:28:53,1015105,4516905,Game 1: Both Teams Slay a Dragon?,prop,1,2026-09-18 15:00:00,31.1,No,52338224596397700119080178893119289329165203191338498334724428441936014613926,0.02,0.98,0.5,0.96,0.45,0.45,0.45,34.55,34.55,34.55,2,2,
2026-09-18 14:28:53,1015105,4516908,Game 1: Both Teams Destroy Inhibitors?,prop,1,2026-09-18 15:00:00,31.1,Yes,8135258981059687484423864394722190508058772357978712661538908518862106213608,0.02,0.96,0.49,0.94,0.45,0.45,0.45,277.1,306.75,306.75,2,4,
2026-09-18 14:28:53,1015105,4516908,Game 1: Both Teams Destroy Inhibitors?,prop,1,2026-09-18 15:00:00,31.1,No,13320047728499314867728761504770928625534987432087618901818973488516631967560,0.04,0.98,0.51,0.94,9.15,9.5,9.5,34.55,34.55,34.55,4,2,
2026-09-18 14:28:53,1015105,4516910,Game 1: Any Player Quadra Kill?,prop,1,2026-09-18 15:00:00,31.1,Yes,75314216447335760167310305670096920818888291919464406652923763007960427491788,0.02,0.98,0.5,0.96,0.45,0.45,0.45,34.55,34.55,34.55,2,2,
2026-09-18 14:28:53,1015105,4516910,Game 1: Any Player Quadra Kill?,prop,1,2026-09-18 15:00:00,31.1,No,80585168773941075863113403138636606363608622748544801368458111306635087801554,0.02,0.98,0.5,0.96,0.45,0.45,0.45,34.55,34.55,34.55,2,2,
2026-09-18 14:28:53,1015105,4516912,Game 1: Any Player Penta Kill?,prop,1,2026-09-18 15:00:00,31.1,Yes,60769182250149976618388660209492549882775777914639473295723887594336375577944,0.02,0.39,0.205,0.37,0.35,0.35,0.35,16.87,16.87,16.87,2,4,
2026-09-18 14:28:53,1015105,4516912,Game 1: Any Player Penta Kill?,prop,1,2026-09-18 15:00:00,31.1,No,3702368328794174666736391744250367987513490064104957067116683129603750597592,0.61,0.98,0.795,0.37,26.13,26.13,26.13,29.65,29.65,29.65,4,2,
2026-09-18 14:28:53,1015105,4516914,Game 1: Odd/Even Total Kills?,odd_even,1,2026-09-18 15:00:00,31.1,Odd,101210933553846797183977892074820263733389652996891869500584940346362592820308,0.46,0.53,0.495,0.07,261.31,261.31,261.31,17.74,292.74,292.74,6,7,
2026-09-18 14:28:53,1015105,4516914,Game 1: Odd/Even Total Kills?,odd_even,1,2026-09-18 15:00:00,31.1,Even,61600276857062807369953084452814312640451279582474036596018085450066476075670,0.47,0.54,0.505,0.07,15.26,240.26,240.26,318.69,318.69,318.69,7,6,
2026-09-18 14:28:53,1015105,4516917,Game 2: Both Teams Slay Baron Nashor?,prop,2,2026-09-18 15:00:00,31.1,Yes,104808546074196657555474658578148476874680954464773414373463198707214246902020,0.02,0.86,0.44,0.84,0.45,0.45,0.45,59.63,59.63,59.63,2,4,
2026-09-18 14:28:53,1015105,4516917,Game 2: Both Teams Slay Baron Nashor?,prop,2,2026-09-18 15:00:00,31.1,No,26421821163653988823168203835261967583569945635255659301192355605783347760179,0.14,0.98,0.56,0.84,9.65,9.65,9.65,34.55,34.55,34.55,4,2,
2026-09-18 14:28:53,1015105,4516919,Game 2: Both Teams Slay a Dragon?,prop,2,2026-09-18 15:00:00,31.1,Yes,33983397592306403001613168388325224796228721941423356948699593107718809169365,0.02,0.98,0.5,0.96,0.45,0.45,0.45,34.55,34.55,34.55,2,2,
2026-09-18 14:28:53,1015105,4516919,Game 2: Both Teams Slay a Dragon?,prop,2,2026-09-18 15:00:00,31.1,No,66485901875561491081429565245055106879089720957391713626154838723596117387008,0.02,0.98,0.5,0.96,0.45,0.45,0.45,34.55,34.55,34.55,2,2,
2026-09-18 14:28:53,1015105,4516921,Game 2: Both Teams Destroy Inhibitors?,prop,2,2026-09-18 15:00:00,31.1,Yes,110664697687699442115348556316287923050784452014992850980078483284791780579078,0.02,0.98,0.5,0.96,0.45,0.45,0.45,34.55,34.55,34.55,2,2,
2026-09-18 14:28:53,1015105,4516921,Game 2: Both Teams Destroy Inhibitors?,prop,2,2026-09-18 15:00:00,31.1,No,106570203808553925911578424634070814401895937069941611694185437867430019797713,0.02,0.98,0.5,0.96,0.45,0.45,0.45,34.55,34.55,34.55,2,2,
2026-09-18 14:28:53,1015105,4516922,Game 2: Any Player Quadra Kill?,prop,2,2026-09-18 15:00:00,31.1,Yes,67848776114265618659412686697420074149314840651447603091864640370213159827846,0.02,0.98,0.5,0.96,0.45,0.45,0.45,34.55,34.55,34.55,2,2,
2026-09-18 14:28:53,1015105,4516922,Game 2: Any Player Quadra Kill?,prop,2,2026-09-18 15:00:00,31.1,No,50104905188032683768791274049932475972076394414027276762324398167174997490074,0.02,0.98,0.5,0.96,0.53,0.53,0.53,39.5,39.5,39.5,2,2,
2026-09-18 14:28:53,1015105,4516924,Game 2: Any Player Penta Kill?,prop,2,2026-09-18 15:00:00,31.1,Yes,41363617948408122688792324228663525993734600370046997907564004850690193406470,0.02,0.31,0.165,0.29,0.35,0.35,0.35,10.59,10.59,10.59,2,4,
2026-09-18 14:28:53,1015105,4516924,Game 2: Any Player Penta Kill?,prop,2,2026-09-18 15:00:00,31.1,No,111228422503846566842660727826499187582775373984814099496633994115400968206527,0.69,0.98,0.835,0.29,23.41,23.41,23.41,29.65,29.65,29.65,4,2,
2026-09-18 14:28:53,1015105,4516927,Game 2: Odd/Even Total Kills?,odd_even,2,2026-09-18 15:00:00,31.1,Odd,75784658875786480320558994179576556655161352629296400328631345392135942294400,0.46,0.54,0.5,0.08,252.59,252.59,283.67,284.72,284.72,284.72,6,5,
2026-09-18 14:28:53,1015105,4516927,Game 2: Odd/Even Total Kills?,odd_even,2,2026-09-18 15:00:00,31.1,Even,108215168870720361059752465179774345397609336269186301872501736516824702270236,0.46,0.54,0.5,0.08,233.28,233.28,233.28,308.41,308.41,351.33,5,6,
2026-09-18 14:28:53,1015105,4516929,Game 3: Both Teams Slay Baron Nashor?,prop,3,2026-09-18 15:00:00,31.1,Yes,94636679990271334209439303266311509742150557388823744619793089911803630498958,0.02,0.95,0.485,0.93,0.45,0.45,0.45,198.3,203.2,227.95,2,4,
2026-09-18 14:28:53,1015105,4516929,Game 3: Both Teams Slay Baron Nashor?,prop,3,2026-09-18 15:00:00,31.1,No,91408842231899529168493973995485777705730300606799390570002183979814826105869,0.05,0.98,0.515,0.93,9.2,9.3,9.55,34.55,34.55,34.55,4,2,
2026-09-18 14:28:53,1015105,4516931,Game 3: Both Teams Slay a Dragon?,prop,3,2026-09-18 15:00:00,31.1,Yes,71528224879427732532194268155937522373699494786839016318090191943374048201988,0.09,0.98,0.535,0.89,9.0,9.35,9.35,34.55,34.55,34.55,5,2,
2026-09-18 14:28:53,1015105,4516931,Game 3: Both Teams Slay a Dragon?,prop,3,2026-09-18 15:00:00,31.1,No,41280885250934791477054316520936575463734681646696880531638432210186820306152,0.02,0.91,0.465,0.89,0.45,0.45,0.45,97.24,101.89,101.89,2,5,
2026-09-18 14:28:53,1015105,4516932,Game 3: Both Teams Destroy Inhibitors?,prop,3,2026-09-18 15:00:00,31.1,Yes,65905591164817045285475612968304180872457654535762302182503901512608518692795,0.02,0.98,0.5,0.96,0.45,0.45,0.45,34.55,34.55,34.55,2,2,
2026-09-18 14:28:53,1015105,4516932,Game 3: Both Teams Destroy Inhibitors?,prop,3,2026-09-18 15:00:00,31.1,No,8684747113492583624126642893614938728305707712132982150021409922638054348387,0.02,0.98,0.5,0.96,0.45,0.45,0.45,34.55,34.55,34.55,2,2,
2026-09-18 14:28:53,1015105,4516933,Game 3: Any Player Quadra Kill?,prop,3,2026-09-18 15:00:00,31.1,Yes,69305597639753638344147797372155613726382111227699335412702146320621488977789,0.02,0.98,0.5,0.96,0.45,0.45,0.45,34.55,34.55,34.55,2,2,
2026-09-18 14:28:53,1015105,4516933,Game 3: Any Player Quadra Kill?,prop,3,2026-09-18 15:00:00,31.1,No,30507080157207000140239269785040568946669800121851287249251485011154294236493,0.02,0.98,0.5,0.96,0.45,0.45,0.45,34.55,34.55,34.55,2,2,
2026-09-18 14:28:53,1015105,4516934,Game 3: Any Player Penta Kill?,prop,3,2026-09-18 15:00:00,31.1,Yes,5290935352407906167765256420166021002065849315173727088101356160486660562858,0.02,0.49,0.255,0.47,0.35,0.35,0.35,21.61,21.61,21.61,2,4,
2026-09-18 14:28:53,1015105,4516934,Game 3: Any Player Penta Kill?,prop,3,2026-09-18 15:00:00,31.1,No,35745250400117089108446773857425894253608005112660194188487722154057311957377,0.51,0.98,0.745,0.47,22.39,22.39,22.39,29.65,29.65,29.65,4,2,
2026-09-18 14:28:53,1015105,4516935,Game 3: Odd/Even Total Kills?,odd_even,3,2026-09-18 15:00:00,31.1,Odd,99780175100883584874006049511426438317621155309609587343445387118670798413623,0.46,0.53,0.495,0.07,244.32,244.32,244.32,22.58,297.58,297.58,5,7,
2026-09-18 14:28:53,1015105,4516935,Game 3: Odd/Even Total Kills?,odd_even,3,2026-09-18 15:00:00,31.1,Even,107462064724037300712410324309339646847016780734169166270804040960564819251367,0.47,0.54,0.505,0.07,19.42,244.42,244.42,297.68,297.68,297.68,7,5,
2026-09-18 14:28:53,1015105,4516936,Game 4: Both Teams Slay Baron Nashor?,prop,4,2026-09-18 15:00:00,31.1,Yes,60383507143917205690612279874235749943612816923327294339012748133687211276013,0.02,0.92,0.47,0.9,0.45,0.45,0.45,111.52,126.57,126.57,2,6,
2026-09-18 14:28:53,1015105,4516936,Game 4: Both Teams Slay Baron Nashor?,prop,4,2026-09-18 15:00:00,31.1,No,56183220170587773538239376827241380976513676328213670217835102369017957034944,0.08,0.98,0.53,0.9,9.0,9.84,9.84,34.55,34.55,34.55,6,2,
2026-09-18 14:28:53,1015105,4516937,Game 4: Both Teams Slay a Dragon?,prop,4,2026-09-18 15:00:00,31.1,Yes,90101083412959631281576806818798843574302088486721997580478348546884660274790,0.02,0.98,0.5,0.96,0.45,0.45,0.45,34.55,34.55,34.55,2,2,
2026-09-18 14:28:53,1015105,4516937,Game 4: Both Teams Slay a Dragon?,prop,4,2026-09-18 15:00:00,31.1,No,61952732612969437917361019345702202454177449959774908899662265588311274009451,0.02,0.98,0.5,0.96,0.45,0.45,0.45,34.55,34.55,34.55,2,2,
2026-09-18 14:28:53,1015105,4516940,Game 4: Both Teams Destroy Inhibitors?,prop,4,2026-09-18 15:00:00,31.1,Yes,68533313656299837650575385640947839121399943585934522944997364717473772818499,0.02,0.95,0.485,0.93,0.45,0.45,0.45,47.55,52.45,77.2,2,4,
2026-09-18 14:28:53,1015105,4516940,Game 4: Both Teams Destroy Inhibitors?,prop,4,2026-09-18 15:00:00,31.1,No,2958275988664067565510984231191001208355080903761705668130987045436891092418,0.05,0.98,0.515,0.93,2.45,2.55,2.8,34.55,34.55,34.55,4,2,
2026-09-18 14:28:53,1015105,4516942,Game 4: Any Player Quadra Kill?,prop,4,2026-09-18 15:00:00,31.1,Yes,9397629266694028277880785832399074444459874575745251226194943618261959889556,0.02,0.98,0.5,0.96,0.45,0.45,0.45,29.65,29.65,29.65,2,2,
2026-09-18 14:28:53,1015105,4516942,Game 4: Any Player Quadra Kill?,prop,4,2026-09-18 15:00:00,31.1,No,15464709989595928399739166653394756128375512520973887822875824444404896463880,0.02,0.98,0.5,0.96,0.35,0.35,0.35,34.55,34.55,34.55,2,2,
2026-09-18 14:28:53,1015105,4516944,Game 4: Any Player Penta Kill?,prop,4,2026-09-18 15:00:00,31.1,Yes,24743181503947724749746614763587876955356733902050433591876156700017821515436,0.02,0.98,0.5,0.96,0.35,0.35,0.35,29.65,29.65,29.65,2,2,
2026-09-18 14:28:53,1015105,4516944,Game 4: Any Player Penta Kill?,prop,4,2026-09-18 15:00:00,31.1,No,73770804382318417802379991125701869544212570071806772373272284095670818561451,0.02,0.98,0.5,0.96,0.35,0.35,0.35,29.65,29.65,29.65,2,2,
2026-09-18 14:28:53,1015105,4516946,Game 4: Odd/Even Total Kills?,odd_even,4,2026-09-18 15:00:00,31.1,Odd,14837063056612172016859641639268587753094212050678677066637419448339601367129,0.08,0.94,0.51,0.86,240.35,240.35,240.35,2824.75,2824.75,2854.4,4,4,
2026-09-18 14:28:53,1015105,4516946,Game 4: Odd/Even Total Kills?,odd_even,4,2026-09-18 15:00:00,31.1,Even,76368567617427817280390437886764140572612423377148300777039362743705690062363,0.06,0.92,0.49,0.86,180.25,180.25,180.6,2764.65,2764.65,2764.65,4,4,
2026-09-18 14:28:53,1015105,4516948,Game 5: Both Teams Slay Baron Nashor?,prop,5,2026-09-18 15:00:00,31.1,Yes,43603942911732749963537903285483225863516010113997297697948891086014747827032,0.02,0.93,0.475,0.91,0.45,0.45,0.45,10.47,10.47,27.62,2,4,
2026-09-18 14:28:53,1015105,4516948,Game 5: Both Teams Slay Baron Nashor?,prop,5,2026-09-18 15:00:00,31.1,No,21617021686095251929472503971934235366744172874735480656738229942568272685121,0.07,0.98,0.525,0.91,0.73,0.73,1.08,34.55,34.55,34.55,4,2,
2026-09-18 14:28:53,1015105,4516950,Game 5: Both Teams Slay a Dragon?,prop,5,2026-09-18 15:00:00,31.1,Yes,4866822118181324958735019855926436665296327446129983783646173145033593840935,0.03,0.98,0.505,0.95,2.5,2.75,2.75,34.55,34.55,34.55,3,2,
2026-09-18 14:28:53,1015105,4516950,Game 5: Both Teams Slay a Dragon?,prop,5,2026-09-18 15:00:00,31.1,No,81034954300768114009084516552907498395793617165130816408714696787875936062261,0.02,0.97,0.495,0.95,0.45,0.45,0.45,82.5,107.25,107.25,2,3,
2026-09-18 14:28:53,1015105,4516952,Game 5: Both Teams Destroy Inhibitors?,prop,5,2026-09-18 15:00:00,31.1,Yes,73159878696324360512941720639706037812727303052479639242810020846254711262229,0.03,0.96,0.495,0.93,0.65,1.48,1.48,272.25,306.8,306.8,3,4,
2026-09-18 14:28:53,1015105,4516952,Game 5: Both Teams Destroy Inhibitors?,prop,5,2026-09-18 15:00:00,31.1,No,52561711745924009478226060564766656606175439583969700663028230558454691410212,0.04,0.97,0.505,0.93,9.0,9.45,9.45,28.51,111.01,111.01,4,3,
2026-09-18 14:28:53,1015105,4516954,Game 5: Any Player Quadra Kill?,prop,5,2026-09-18 15:00:00,31.1,Yes,110953649086297194022820298250575054256082109313540968196719065706617212912143,0.04,0.98,0.51,0.94,32.44,32.79,32.79,29.65,29.65,29.65,3,2,
2026-09-18 14:28:53,1015105,4516954,Game 5: Any Player Quadra Kill?,prop,5,2026-09-18 15:00:00,31.1,No,13033402318383436825130936873594750927577933152271832386399072115366613371761,0.02,0.96,0.49,0.94,0.35,0.35,0.35,778.55,808.2,808.2,2,3,
2026-09-18 14:28:53,1015105,4516956,Game 5: Any Player Penta Kill?,prop,5,2026-09-18 15:00:00,31.1,Yes,115393733178051100604445950918274337523244040409378827187549728043809809873976,0.06,0.98,0.52,0.92,28.95,28.95,29.3,29.65,29.65,29.65,4,2,
2026-09-18 14:28:53,1015105,4516956,Game 5: Any Player Penta Kill?,prop,5,2026-09-18 15:00:00,31.1,No,60902743458417841773505356916705632157140015804713536033246688523600144350671,0.02,0.94,0.48,0.92,0.35,0.35,0.35,549.05,549.05,578.7,2,4,
2026-09-18 14:28:53,1015105,4516958,Game 5: Odd/Even Total Kills?,odd_even,5,2026-09-18 15:00:00,31.1,Odd,111050693045085587549398189090198424653053916256454179869960638318605722794077,0.08,0.94,0.51,0.86,240.35,240.35,240.35,2824.75,2824.75,2854.4,4,4,
2026-09-18 14:28:53,1015105,4516958,Game 5: Odd/Even Total Kills?,odd_even,5,2026-09-18 15:00:00,31.1,Even,36282595415211297258179838545751977491022423341990315431491955371616395280045,0.06,0.92,0.49,0.86,180.25,180.25,180.6,2764.65,2764.65,2764.65,4,4,
2026-09-18 14:28:53,1015105,4640245,First Blood in Game 2?,first_blood,2,2026-09-18 15:00:00,31.1,Natus Vincere,110398019873188915575143043162028177069742342421062428711692454584824004116706,0.35,0.58,0.465,0.23,351.7,351.7,351.7,582.95,582.95,582.95,5,4,
2026-09-18 14:28:53,1015105,4640245,First Blood in Game 2?,first_blood,2,2026-09-18 15:00:00,31.1,Movistar KOI,58298933672988329349408079720387130533201307965684690548542033898959300835774,0.42,0.65,0.535,0.23,422.05,422.05,422.05,653.3,653.3,653.3,4,5,
2026-09-18 14:28:53,1015105,4640248,First Blood in Game 4?,first_blood,4,2026-09-18 15:00:00,31.1,Natus Vincere,5945087916897488567361894143995793523788072014849644480108946030525957724488,0.02,0.98,0.5,0.96,0.3,0.3,0.3,24.7,24.7,24.7,2,2,
2026-09-18 14:28:53,1015105,4640248,First Blood in Game 4?,first_blood,4,2026-09-18 15:00:00,31.1,Movistar KOI,108892342337659943171561149061371037982505878633471558062928184798319477321142,0.02,0.98,0.5,0.96,0.3,0.3,0.3,24.7,24.7,24.7,2,2,
2026-09-18 14:28:53,1015105,4640246,First Blood in Game 1?,first_blood,1,2026-09-18 15:00:00,31.1,Natus Vincere,82817305586544052676407078912355662440485295799649513268740197726961550355635,0.46,0.51,0.485,0.05,162.56,459.65,459.65,201.35,560.51,560.51,9,6,
2026-09-18 14:28:53,1015105,4640246,First Blood in Game 1?,first_blood,1,2026-09-18 15:00:00,31.1,Movistar KOI,78210408250447737009123398457752385555603867427661811167382707340372094915183,0.49,0.54,0.515,0.05,191.64,508.48,508.48,197.44,589.1,589.1,6,9,
2026-09-18 14:28:53,1015105,4640247,First Blood in Game 3?,first_blood,3,2026-09-18 15:00:00,31.1,Natus Vincere,89869760644300808387143783257976264203851040832309525298231667184997858456893,0.3,0.6,0.45,0.3,901.45,901.45,901.45,603.05,603.05,603.05,4,3,
2026-09-18 14:28:53,1015105,4640247,First Blood in Game 3?,first_blood,3,2026-09-18 15:00:00,31.1,Movistar KOI,112872931334079236844340999129095566126478574071985560612920675250200652150454,0.4,0.7,0.55,0.3,401.95,401.95,401.95,2103.55,2103.55,2103.55,3,4,
2026-09-18 14:28:53,1015105,4640249,Total Kills Over/Under 30.5 in Game 2?,total_kills,2,2026-09-18 15:00:00,31.1,Over,111684246065913386722252208120740288135605165691141658268755569820935864081855,0.31,0.35,0.33,0.04,18.16,154.71,188.46,188.15,188.15,335.65,16,20,
2026-09-18 14:28:53,1015105,4640249,Total Kills Over/Under 30.5 in Game 2?,total_kills,2,2026-09-18 15:00:00,31.1,Under,84052890913016661719008439611633642398957530760646045122557375539646895948095,0.65,0.69,0.67,0.04,348.95,348.95,576.45,42.21,382.02,473.27,20,16,
2026-09-18 14:28:53,1015105,4640251,Total Kills Over/Under 30.5 in Game 1?,total_kills,1,2026-09-18 15:00:00,31.1,Over,36656204676839121811836053099546256510333841895012740290910921795524751935251,0.28,0.35,0.315,0.07,2.75,212.94,293.56,272.6,366.35,366.35,14,19,30.071426000000002
2026-09-18 14:28:53,1015105,4640251,Total Kills Over/Under 30.5 in Game 1?,total_kills,1,2026-09-18 15:00:00,31.1,Under,38461909801556487358876132015407005168012090605290652636819307461631691866328,0.65,0.72,0.685,0.07,498.93,655.18,655.18,7.25,636.05,900.52,19,14,30.071426000000002
2026-09-18 14:28:53,1015105,4640250,Total Kills Over/Under 30.5 in Game 4?,total_kills,4,2026-09-18 15:00:00,31.1,Over,636548847725757372647830927941954364816799065224869551090959776795591789362,0.15,0.52,0.335,0.37,450.7,450.7,450.7,320.6,320.6,320.6,8,10,
2026-09-18 14:28:53,1015105,4640250,Total Kills Over/Under 30.5 in Game 4?,total_kills,4,2026-09-18 15:00:00,31.1,Under,40054374945328776648493518789582449946827900713413222863248791153583713310801,0.48,0.85,0.665,0.37,284.4,284.4,284.4,2554.3,2554.3,2554.3,10,8,
2026-09-18 14:28:53,1015105,4640253,Total Kills Over/Under 27.5 in Game 2?,total_kills,2,2026-09-18 15:00:00,31.1,Over,27924083183147832473319135593377538225291142314857754035981832252300606029115,0.47,0.51,0.49,0.04,7.22,181.26,287.51,173.0,306.75,306.75,21,14,
2026-09-18 14:28:53,1015105,4640253,Total Kills Over/Under 27.5 in Game 2?,total_kills,2,2026-09-18 15:00:00,31.1,Under,107020129940925482282815021999045796731926564496880777101996456592343916031355,0.49,0.53,0.51,0.04,160.44,276.69,276.69,8.37,228.99,372.74,14,21,
2026-09-18 14:28:53,1015105,4640252,Total Kills Over/Under 30.5 in Game 3?,total_kills,3,2026-09-18 15:00:00,31.1,Over,84391604665277520378303350075241993672334312004891488713978285366288875341134,0.31,0.35,0.33,0.04,18.51,163.72,203.46,181.14,181.14,328.64,16,20,
2026-09-18 14:28:53,1015105,4640252,Total Kills Over/Under 30.5 in Game 3?,total_kills,3,2026-09-18 15:00:00,31.1,Under,35501162188901036011962590432629254663562460594800598702337390900489826046382,0.65,0.69,0.67,0.04,336.24,336.24,563.74,42.81,405.36,513.69,20,16,
2026-09-18 14:28:53,1015105,4640255,Total Kills Over/Under 27.5 in Game 4?,total_kills,4,2026-09-18 15:00:00,31.1,Over,108903000363107753904510558294966167999033496300774598778202435784590423739571,0.18,0.51,0.345,0.33,4.71,6.36,90.36,2828.92,2828.92,2828.92,10,11,
2026-09-18 14:28:53,1015105,4640255,Total Kills Over/Under 27.5 in Game 4?,total_kills,4,2026-09-18 15:00:00,31.1,Under,9216746898568565635114068970887262776709497181240010345729343810402987972675,0.49,0.82,0.655,0.33,2717.58,2717.58,2717.58,22.04,31.39,547.39,11,10,
2026-09-18 14:28:53,1015105,4640254,Total Kills Over/Under 27.5 in Game 1?,total_kills,1,2026-09-18 15:00:00,31.1,Over,31716871666148058824604444666935991241577201830326807409522280094390541979950,0.41,0.48,0.445,0.07,336.96,479.58,479.58,200.56,3655.88,3847.5,21,21,
2026-09-18 14:28:53,1015105,4640254,Total Kills Over/Under 27.5 in Game 1?,total_kills,1,2026-09-18 15:00:00,31.1,Under,80908230382902622261274601847522720171342629016678487162136781491164326361613,0.52,0.59,0.555,0.07,214.28,3565.96,3739.34,505.32,731.6,731.6,21,21,
2026-09-18 14:28:53,1015105,4640256,Total Kills Over/Under 27.5 in Game 3?,total_kills,3,2026-09-18 15:00:00,31.1,Over,103970624499416537140806119377848990977853100683677792309048109365299324205737,0.46,0.5,0.48,0.04,249.67,390.06,469.19,3555.54,3963.14,4240.87,17,17,
2026-09-18 14:28:53,1015105,4640256,Total Kills Over/Under 27.5 in Game 3?,total_kills,3,2026-09-18 15:00:00,31.1,Under,92934888851824151927090206416638163256376739597605165922780770113756596249728,0.5,0.54,0.52,0.04,3550.12,3916.52,4150.79,304.37,485.89,599.76,17,17,
2026-09-18 14:28:53,1015105,4642161,Total Kills Over/Under 24.5 in Game 2?,total_kills,2,2026-09-18 15:00:00,31.1,Over,98953222752952589984673269489032639867335606079491461026912123474054088350101,0.6,0.66,0.63,0.06,155.42,299.17,579.17,339.25,576.34,799.49,18,18,4.7727260000000005
2026-09-18 14:28:53,1015105,4642161,Total Kills Over/Under 24.5 in Game 2?,total_kills,2,2026-09-18 15:00:00,31.1,Under,111192312035434008148154651548084586176306830243795976955429460027646140926856,0.34,0.4,0.37,0.06,174.68,281.59,375.44,107.96,214.21,434.21,18,18,4.7727260000000005
2026-09-18 14:28:53,1015105,4642162,Total Kills Over/Under 24.5 in Game 1?,total_kills,1,2026-09-18 15:00:00,31.1,Over,68335048001665797690797199718132261334179139263175159961169157516352778840992,0.57,0.64,0.605,0.07,275.26,480.26,546.51,213.1,778.68,778.68,19,18,152.26751099999998
2026-09-18 14:28:53,1015105,4642162,Total Kills Over/Under 24.5 in Game 1?,total_kills,1,2026-09-18 15:00:00,31.1,Under,106464706722163380100508483534882248450648676116082864658123770776687153500496,0.36,0.43,0.395,0.07,115.33,403.75,403.75,215.28,385.28,444.03,18,19,152.26751099999998
2026-09-18 14:28:53,1015105,4642164,Total Kills Over/Under 24.5 in Game 4?,total_kills,4,2026-09-18 15:00:00,31.1,Over,28378706074686080946380096164222314187865893482574803911780881518333895441125,0.18,0.71,0.445,0.53,4.19,5.84,5.84,713.6,713.6,713.6,9,8,
2026-09-18 14:28:53,1015105,4642164,Total Kills Over/Under 24.5 in Game 4?,total_kills,4,2026-09-18 15:00:00,31.1,Under,18174254138571697596340353139473268618127662800000049310368835364390215942875,0.29,0.82,0.555,0.53,291.4,291.4,291.4,19.81,29.16,29.16,8,9,
2026-09-18 14:28:53,1015105,4642163,Total Kills Over/Under 24.5 in Game 3?,total_kills,3,2026-09-18 15:00:00,31.1,Over,12983754161601526857948430016031155828080031959706187840555672335557532237138,0.61,0.66,0.635,0.05,6.05,226.05,577.3,307.38,540.16,716.41,20,18,130
2026-09-18 14:28:53,1015105,4642163,Total Kills Over/Under 24.5 in Game 3?,total_kills,3,2026-09-18 15:00:00,31.1,Under,81320191533774081961822307615412982029308380454756382679106529796212969989721,0.34,0.39,0.365,0.05,157.62,262.84,336.59,3.95,158.95,432.7,18,20,130
2026-09-18 14:35:02,1006560,4484544,LoL: Colossal Gaming vs Los Goccioles - Game 1 Winner,map,1,2026-09-18 16:00:00,85.0,Colossal Gaming,109916680883918372902826701402572476834844911724410800526697193675455865935217,0.57,0.62,0.595,0.05,137.45,137.45,137.45,8.4,8.4,8.4,8,9,8.333332
2026-09-18 14:35:02,1006560,4484544,LoL: Colossal Gaming vs Los Goccioles - Game 1 Winner,map,1,2026-09-18 16:00:00,85.0,Los Goccioles,101477868183991959153175742760966434340959934495356599809023889081087079250189,0.38,0.43,0.405,0.05,5.02,5.02,5.02,103.69,103.69,103.69,9,8,8.333332
2026-09-18 14:35:02,1006560,4484545,LoL: Colossal Gaming vs Los Goccioles - Game 2 Winner,map,2,2026-09-18 16:00:00,85.0,Colossal Gaming,36207233593306181987173668846636916318479757930209852461070428272258651600447,0.56,0.62,0.59,0.06,163.52,163.52,163.52,184.98,184.98,195.13,6,11,
2026-09-18 14:35:02,1006560,4484545,LoL: Colossal Gaming vs Los Goccioles - Game 2 Winner,map,2,2026-09-18 16:00:00,85.0,Los Goccioles,95368571053778264143525692083144036546372888001086334153800877807972360874532,0.38,0.44,0.41,0.06,108.85,108.85,113.85,128.48,128.48,128.48,11,6,
2026-09-18 14:35:02,1006560,4484546,LoL: Colossal Gaming vs Los Goccioles - Game 3 Winner,map,3,2026-09-18 16:00:00,85.0,Colossal Gaming,101206125103691400951505250901248865703623322960185266444225063121192162209769,0.56,0.62,0.59,0.06,163.52,163.52,163.52,184.98,184.98,184.98,3,6,
2026-09-18 14:35:02,1006560,4484546,LoL: Colossal Gaming vs Los Goccioles - Game 3 Winner,map,3,2026-09-18 16:00:00,85.0,Los Goccioles,97831820761085614293127182915884413187864587759975096433588605194606076611437,0.38,0.44,0.41,0.06,108.85,108.85,108.85,128.48,128.48,128.48,6,3,
2026-09-18 14:35:02,1006560,4484547,LoL: Colossal Gaming vs Los Goccioles - Game 4 Winner,map,4,2026-09-18 16:00:00,85.0,Colossal Gaming,114405102250851696641335056716588868314325338286519849512168898450493129813277,0.27,0.94,0.605,0.67,2.65,2.65,2.65,63.81,195.38,249.14,3,6,172.02
2026-09-18 14:35:02,1006560,4484547,LoL: Colossal Gaming vs Los Goccioles - Game 4 Winner,map,4,2026-09-18 16:00:00,85.0,Los Goccioles,37674971418749890932094837269028422226122045671308847761421958438914120686570,0.06,0.73,0.395,0.67,3.44,8.79,9.45,7.17,7.17,7.17,6,3,172.02
2026-09-18 14:35:02,1006560,4484548,LoL: Colossal Gaming vs Los Goccioles (BO5) - LIT Playoffs,series,,2026-09-18 16:00:00,85.0,Colossal Gaming,59126677095672628787605789416974516696073769486534008758439040898518354363168,0.66,0.67,0.665,0.01,154.09,414.1,442.2,15.99,31.11,383.54,24,24,112.90300099999999
2026-09-18 14:35:02,1006560,4484548,LoL: Colossal Gaming vs Los Goccioles (BO5) - LIT Playoffs,series,,2026-09-18 16:00:00,85.0,Los Goccioles,79695206108968755287241718136369046106885712025176705212956964636571850294580,0.33,0.34,0.335,0.01,7.74,14.29,151.94,79.46,227.43,245.31,24,24,112.90300099999999
2026-09-18 14:35:02,1006560,4484549,Games Total: O/U 3.5,total_games,,2026-09-18 16:00:00,85.0,Over,80145482597193995839055538190327724737933834528396208523584150641520448122269,0.67,0.69,0.68,0.02,260.52,266.97,270.12,32.5,272.36,293.23,8,20,47.03
2026-09-18 14:35:02,1006560,4484549,Games Total: O/U 3.5,total_games,,2026-09-18 16:00:00,85.0,Under,82772240931673544230704917725350773242707187518498369305193527785335250444994,0.31,0.33,0.32,0.02,14.53,107.88,115.53,131.38,134.93,136.78,20,8,47.03
2026-09-18 14:35:02,1006560,4484550,Games Total: O/U 4.5,total_games,,2026-09-18 16:00:00,85.0,Over,65914196484027556534079364568918312894240042098150280914094419594648561458768,0.32,0.35,0.335,0.03,101.15,199.78,206.18,158.64,162.39,177.67,16,16,
2026-09-18 14:35:02,1006560,4484550,Games Total: O/U 4.5,total_games,,2026-09-18 16:00:00,85.0,Under,33405034309406639995825029034515909087862116868780444393036597877695302956248,0.65,0.68,0.665,0.03,288.71,294.96,318.02,224.47,454.77,471.23,16,16,
2026-09-18 14:35:02,1006560,4484551,Game 1: Both Teams Slay Baron Nashor?,prop,1,2026-09-18 16:00:00,85.0,Yes,109646671639612743295109443737782457455554192731950977660619720896412847111000,0.06,0.5,0.28,0.44,176.38,176.38,177.33,176.0,176.0,176.0,4,3,
2026-09-18 14:35:02,1006560,4484551,Game 1: Both Teams Slay Baron Nashor?,prop,1,2026-09-18 16:00:00,85.0,No,2945011852693356939179047211336128413198141666096467966339872874099703124005,0.5,0.94,0.72,0.44,176.0,176.0,176.0,3349.9,3349.9,3431.76,3,4,
2026-09-18 14:35:02,1006560,4484552,Game 1: Both Teams Slay a Dragon?,prop,1,2026-09-18 16:00:00,85.0,Yes,96282889347715354355202613066529151894231515387269828987237275675067217864809,0.5,0.83,0.665,0.33,176.0,176.0,176.0,859.29,859.29,859.29,3,3,
2026-09-18 14:35:02,1006560,4484552,Game 1: Both Teams Slay a Dragon?,prop,1,2026-09-18 16:00:00,85.0,No,67624833962155365387521031322988617058047486074720460503426630260792738258094,0.17,0.5,0.335,0.33,176.0,176.0,176.0,176.0,176.0,176.0,3,3,
2026-09-18 14:35:02,1006560,4484553,Game 1: Both Teams Destroy Inhibitors?,prop,1,2026-09-18 16:00:00,85.0,Yes,98802954366779933228672313874267280954196090091991664497816458635275285564865,0.04,0.5,0.27,0.46,176.52,177.33,177.33,176.0,176.0,176.0,4,3,
2026-09-18 14:35:02,1006560,4484553,Game 1: Both Teams Destroy Inhibitors?,prop,1,2026-09-18 16:00:00,85.0,No,79551460794277772347714825934705512147731401471833413971991396756386556835409,0.5,0.96,0.73,0.46,176.0,176.0,176.0,5703.05,5771.07,5771.07,3,4,
2026-09-18 14:35:02,1006560,4484554,Game 1: Any Player Quadra Kill?,prop,1,2026-09-18 16:00:00,85.0,Yes,29788206181536376948731514865874448305802518719331104241075884951180326221070,0.04,0.5,0.27,0.46,176.0,176.25,176.25,176.0,176.0,176.0,3,3,
2026-09-18 14:35:02,1006560,4484554,Game 1: Any Player Quadra Kill?,prop,1,2026-09-18 16:00:00,85.0,No,89691089768910712196705857917583249020155854268964873703486706488410688372433,0.5,0.96,0.73,0.46,176.0,176.0,176.0,4224.0,4243.75,4243.75,3,3,
2026-09-18 14:35:02,1006560,4484555,Game 1: Any Player Penta Kill?,prop,1,2026-09-18 16:00:00,85.0,Yes,42379136447846929494019008139893993490633583004390300080404415198148887031443,0.02,0.5,0.26,0.48,176.25,176.25,176.25,196.0,307.66,307.66,2,5,
2026-09-18 14:35:02,1006560,4484555,Game 1: Any Player Penta Kill?,prop,1,2026-09-18 16:00:00,85.0,No,62521547831089743286686987356566428359599836833132628967826068880026606927794,0.5,0.98,0.74,0.48,196.0,299.08,299.08,17443.75,17443.75,17443.75,5,2,
2026-09-18 14:35:02,1006560,4484556,Game 1: Odd/Even Total Kills?,odd_even,1,2026-09-18 16:00:00,85.0,Odd,86911462976977591422239266455395751273855708840618563883867461212147700680889,0.49,0.51,0.5,0.02,7.76,7.76,7.76,8.07,8.07,8.07,5,5,
2026-09-18 14:35:02,1006560,4484556,Game 1: Odd/Even Total Kills?,odd_even,1,2026-09-18 16:00:00,85.0,Even,43408340876671307064791738110122462879614898771222514777881513773426873658672,0.49,0.51,0.5,0.02,7.76,7.76,7.76,8.07,8.07,8.07,5,5,
2026-09-18 14:35:02,1006560,4484557,Game 2: Both Teams Slay Baron Nashor?,prop,2,2026-09-18 16:00:00,85.0,Yes,99273539239908037109196339569583789524671343125653213813743646680478181920106,0.06,0.5,0.28,0.44,176.38,176.38,177.33,176.0,176.0,176.0,4,3,
2026-09-18 14:35:02,1006560,4484557,Game 2: Both Teams Slay Baron Nashor?,prop,2,2026-09-18 16:00:00,85.0,No,33242049117140272085823629099088463844739930144410583402363645429114448217263,0.5,0.94,0.72,0.44,176.0,176.0,176.0,3349.9,3349.9,3431.76,3,4,
2026-09-18 14:35:02,1006560,4484558,Game 2: Both Teams Slay a Dragon?,prop,2,2026-09-18 16:00:00,85.0,Yes,70652670907551850664669064406480842310010192001048923205274111910705998896238,0.5,0.83,0.665,0.33,176.0,176.0,176.0,859.29,859.29,859.29,3,3,
2026-09-18 14:35:02,1006560,4484558,Game 2: Both Teams Slay a Dragon?,prop,2,2026-09-18 16:00:00,85.0,No,6115699214464384485052825663867874136879554869294102172327288916444392420712,0.17,0.5,0.335,0.33,176.0,176.0,176.0,176.0,176.0,176.0,3,3,
2026-09-18 14:35:02,1006560,4484559,Game 2: Both Teams Destroy Inhibitors?,prop,2,2026-09-18 16:00:00,85.0,Yes,69162917719515675893411150579311804206123792185520126237230752571092665536985,0.04,0.5,0.27,0.46,176.52,177.33,177.33,176.0,176.0,176.0,4,3,
2026-09-18 14:35:02,1006560,4484559,Game 2: Both Teams Destroy Inhibitors?,prop,2,2026-09-18 16:00:00,85.0,No,43678253183042422250687904982289500766179243301985472487415699192964084477093,0.5,0.96,0.73,0.46,176.0,176.0,176.0,5703.05,5771.07,5771.07,3,4,
2026-09-18 14:35:02,1006560,4484560,Game 2: Any Player Quadra Kill?,prop,2,2026-09-18 16:00:00,85.0,Yes,68567559409721422667794619792753502497851016496711910865432641456247433341900,0.04,0.5,0.27,0.46,176.0,176.25,176.25,176.0,176.0,176.0,3,3,
2026-09-18 14:35:02,1006560,4484560,Game 2: Any Player Quadra Kill?,prop,2,2026-09-18 16:00:00,85.0,No,95804048401224853593595547649937963420325707407953334871995334027192795026496,0.5,0.96,0.73,0.46,176.0,176.0,176.0,4224.0,4243.75,4243.75,3,3,
2026-09-18 14:35:02,1006560,4484561,Game 2: Any Player Penta Kill?,prop,2,2026-09-18 16:00:00,85.0,Yes,73472131541261359610931215323585128294240705086165086834821883571801196716363,0.02,0.5,0.26,0.48,176.25,176.25,176.25,196.0,307.66,307.66,2,5,
2026-09-18 14:35:02,1006560,4484561,Game 2: Any Player Penta Kill?,prop,2,2026-09-18 16:00:00,85.0,No,78042833174593851458090179515182853770180283902605553067142406945261710837358,0.5,0.98,0.74,0.48,196.0,299.08,299.08,17443.75,17443.75,17443.75,5,2,
2026-09-18 14:35:02,1006560,4484562,Game 2: Odd/Even Total Kills?,odd_even,2,2026-09-18 16:00:00,85.0,Odd,21376821444641683713841256922723028667696080730788175246711174440928008283063,0.49,0.51,0.5,0.02,7.76,7.76,7.76,8.07,8.07,8.07,5,5,
2026-09-18 14:35:02,1006560,4484562,Game 2: Odd/Even Total Kills?,odd_even,2,2026-09-18 16:00:00,85.0,Even,111753555407122333483168676321354410894826555455038412213095158212129887733757,0.49,0.51,0.5,0.02,7.76,7.76,7.76,8.07,8.07,8.07,5,5,
2026-09-18 14:35:02,1006560,4484563,Game 3: Both Teams Slay Baron Nashor?,prop,3,2026-09-18 16:00:00,85.0,Yes,55002680429415062590606452940635702772816368777991503194431990852803214080638,0.06,0.5,0.28,0.44,176.38,176.38,177.33,176.0,176.0,176.0,4,3,
2026-09-18 14:35:02,1006560,4484563,Game 3: Both Teams Slay Baron Nashor?,prop,3,2026-09-18 16:00:00,85.0,No,37568843671439433567981756337430008360402559633690871657845480946289809069005,0.5,0.94,0.72,0.44,176.0,176.0,176.0,3349.9,3349.9,3431.76,3,4,
2026-09-18 14:35:02,1006560,4484564,Game 3: Both Teams Slay a Dragon?,prop,3,2026-09-18 16:00:00,85.0,Yes,26089574432486020955807780191990329483718720718247818496979552893224512201032,0.5,0.83,0.665,0.33,176.0,176.0,176.0,859.29,859.29,859.29,3,3,
2026-09-18 14:35:02,1006560,4484564,Game 3: Both Teams Slay a Dragon?,prop,3,2026-09-18 16:00:00,85.0,No,104970833193095620364669292347440413888585616234531064950905587058364160418767,0.17,0.5,0.335,0.33,176.0,176.0,176.0,176.0,176.0,176.0,3,3,
2026-09-18 14:35:02,1006560,4484565,Game 3: Both Teams Destroy Inhibitors?,prop,3,2026-09-18 16:00:00,85.0,Yes,27803970851387488311274568932190891664460343286724711434378794958259993035011,0.04,0.5,0.27,0.46,176.52,177.33,177.33,176.0,176.0,176.0,4,3,
2026-09-18 14:35:02,1006560,4484565,Game 3: Both Teams Destroy Inhibitors?,prop,3,2026-09-18 16:00:00,85.0,No,91816560641125417056627475856678136118657420639877595620937609141544880663909,0.5,0.96,0.73,0.46,176.0,176.0,176.0,5703.05,5771.07,5771.07,3,4,
2026-09-18 14:35:02,1006560,4484566,Game 3: Any Player Quadra Kill?,prop,3,2026-09-18 16:00:00,85.0,Yes,94441151895223822909736858040712540433436993511397179669323882795389536626499,0.04,0.5,0.27,0.46,176.0,176.25,176.25,176.0,176.0,176.0,3,3,
2026-09-18 14:35:02,1006560,4484566,Game 3: Any Player Quadra Kill?,prop,3,2026-09-18 16:00:00,85.0,No,30465925048770014459919910137355778202010691235461420480929956438776558609642,0.5,0.96,0.73,0.46,176.0,176.0,176.0,4224.0,4243.75,4243.75,3,3,
2026-09-18 14:35:02,1006560,4484567,Game 3: Any Player Penta Kill?,prop,3,2026-09-18 16:00:00,85.0,Yes,114279174777470679643940118546127661835659949005377884504637608513802998641507,0.02,0.5,0.26,0.48,176.25,176.25,176.25,196.0,307.66,307.66,2,5,
2026-09-18 14:35:02,1006560,4484567,Game 3: Any Player Penta Kill?,prop,3,2026-09-18 16:00:00,85.0,No,76311976752377616093187129217582774737281904164754134536916242808979528628822,0.5,0.98,0.74,0.48,196.0,299.08,299.08,17443.75,17443.75,17443.75,5,2,
2026-09-18 14:35:02,1006560,4484568,Game 3: Odd/Even Total Kills?,odd_even,3,2026-09-18 16:00:00,85.0,Odd,96730093986400698722165267851271724935606386363450543474413636715463836455785,0.49,0.51,0.5,0.02,7.76,7.76,7.76,8.07,8.07,8.07,5,5,
2026-09-18 14:35:02,1006560,4484568,Game 3: Odd/Even Total Kills?,odd_even,3,2026-09-18 16:00:00,85.0,Even,113613417957010240095156889468086784112468730146858856900782437845814290610078,0.49,0.51,0.5,0.02,7.76,7.76,7.76,8.07,8.07,8.07,5,5,
2026-09-18 14:35:02,1006560,4484569,Game 4: Both Teams Slay Baron Nashor?,prop,4,2026-09-18 16:00:00,85.0,Yes,37939703070052636886580343571033325578332549657424287648512891894861283130048,0.06,0.98,0.52,0.92,176.5,176.5,177.33,119.16,119.16,119.16,4,2,
2026-09-18 14:35:02,1006560,4484569,Game 4: Both Teams Slay Baron Nashor?,prop,4,2026-09-18 16:00:00,85.0,No,81469928702981560544320883566256458642364449570570804397792411187158716943465,0.02,0.94,0.48,0.92,1.33,1.33,1.33,3351.78,3351.78,3421.0,2,4,
2026-09-18 14:35:02,1006560,4484570,Game 4: Both Teams Slay a Dragon?,prop,4,2026-09-18 16:00:00,85.0,Yes,86048597513194370056989567755913221252534889958771200870719952541561560071237,0.02,0.83,0.425,0.81,1.33,1.33,1.33,859.29,859.29,859.29,2,3,
2026-09-18 14:35:02,1006560,4484570,Game 4: Both Teams Slay a Dragon?,prop,4,2026-09-18 16:00:00,85.0,No,86687727666924183842096605866624259559205634086053114906414682657183192118115,0.17,0.98,0.575,0.81,176.0,176.0,176.0,119.16,119.16,119.16,3,2,
2026-09-18 14:35:02,1006560,4484571,Game 4: Both Teams Destroy Inhibitors?,prop,4,2026-09-18 16:00:00,85.0,Yes,91213502874539958004752945477069752704333309206667822436753252549686224946397,0.04,0.98,0.51,0.94,176.65,177.33,177.33,119.16,119.16,119.16,4,2,
2026-09-18 14:35:02,1006560,4484571,Game 4: Both Teams Destroy Inhibitors?,prop,4,2026-09-18 16:00:00,85.0,No,62593559094865018556384810717371426391541059027040030528972437919725784036765,0.02,0.96,0.49,0.94,1.33,1.33,1.33,5706.23,5761.15,5761.15,2,4,
2026-09-18 14:35:02,1006560,4484572,Game 4: Any Player Quadra Kill?,prop,4,2026-09-18 16:00:00,85.0,Yes,34064385733246354563056065306531732975716489379217168896820708684059718607551,0.04,0.98,0.51,0.94,176.0,176.25,176.25,19.75,19.75,19.75,3,2,
2026-09-18 14:35:02,1006560,4484572,Game 4: Any Player Quadra Kill?,prop,4,2026-09-18 16:00:00,85.0,No,47125298562215925480600334831814226987733650790004712387712534030237838957739,0.02,0.96,0.49,0.94,0.25,0.25,0.25,4224.0,4243.75,4243.75,2,3,
2026-09-18 14:35:02,1006560,4484573,Game 4: Any Player Penta Kill?,prop,4,2026-09-18 16:00:00,85.0,Yes,56314025380694455360625381252651320602951916358308812544486090010385321521133,0.02,0.98,0.5,0.96,176.25,176.25,176.25,19.75,19.75,19.75,2,2,
2026-09-18 14:35:02,1006560,4484573,Game 4: Any Player Penta Kill?,prop,4,2026-09-18 16:00:00,85.0,No,112927945545588245979600485961040640926698901617176776873027682671010806783416,0.02,0.98,0.5,0.96,0.25,0.25,0.25,17443.75,17443.75,17443.75,2,2,
2026-09-18 14:35:02,1006560,4484574,Game 4: Odd/Even Total Kills?,odd_even,4,2026-09-18 16:00:00,85.0,Odd,26956211092666903163340213071184941707379060432917321058241102986165803030363,0.49,0.51,0.5,0.02,7.76,7.76,7.76,8.07,8.07,8.07,5,5,
2026-09-18 14:35:02,1006560,4484574,Game 4: Odd/Even Total Kills?,odd_even,4,2026-09-18 16:00:00,85.0,Even,46392672404247612158267449347782996282734931642542765850521648722334277819330,0.49,0.51,0.5,0.02,7.76,7.76,7.76,8.07,8.07,8.07,5,5,
2026-09-18 14:35:02,1006560,4484575,Game 5: Both Teams Slay Baron Nashor?,prop,5,2026-09-18 16:00:00,85.0,Yes,9399258485272004998916694525472290698178960908384612081206763560447428716352,0.06,0.98,0.52,0.92,176.51,176.51,177.33,119.09,119.09,119.09,4,2,
2026-09-18 14:35:02,1006560,4484575,Game 5: Both Teams Slay Baron Nashor?,prop,5,2026-09-18 16:00:00,85.0,No,83203365683304218343865477456396013459055591268695841380282445899483631083816,0.02,0.94,0.48,0.92,1.33,1.33,1.33,3351.91,3351.91,3420.44,2,4,
2026-09-18 14:35:02,1006560,4484576,Game 5: Both Teams Slay a Dragon?,prop,5,2026-09-18 16:00:00,85.0,Yes,21884054535502479391428670815433622630574184524429052529656192181067032111909,0.02,0.83,0.425,0.81,1.33,1.33,1.33,859.29,859.29,859.29,2,3,
2026-09-18 14:35:02,1006560,4484576,Game 5: Both Teams Slay a Dragon?,prop,5,2026-09-18 16:00:00,85.0,No,67973791371504261423799509260234274151045352840645364379941379968025473213290,0.17,0.98,0.575,0.81,176.0,176.0,176.0,119.16,119.16,119.16,3,2,
2026-09-18 14:35:02,1006560,4484577,Game 5: Both Teams Destroy Inhibitors?,prop,5,2026-09-18 16:00:00,85.0,Yes,46113629726100388038634322452133873689664691850329351812662555318889411661730,0.04,0.98,0.51,0.94,176.65,177.33,177.33,119.16,119.16,119.16,4,2,
2026-09-18 14:35:02,1006560,4484577,Game 5: Both Teams Destroy Inhibitors?,prop,5,2026-09-18 16:00:00,85.0,No,88169126000290548179453277763396127039837291969170278764704567886709918031131,0.02,0.96,0.49,0.94,1.33,1.33,1.33,5706.23,5761.15,5761.15,2,4,
2026-09-18 14:35:02,1006560,4484578,Game 5: Any Player Quadra Kill?,prop,5,2026-09-18 16:00:00,85.0,Yes,58976705023742360385100634834228057898984103074351827018198778246050148908195,0.05,0.98,0.515,0.93,189.74,189.84,189.99,19.75,19.75,19.75,4,2,
2026-09-18 14:35:02,1006560,4484578,Game 5: Any Player Quadra Kill?,prop,5,2026-09-18 16:00:00,85.0,No,93802788734649731073847377969372796778847860288816655205889564525747989854457,0.02,0.95,0.485,0.93,0.25,0.25,0.25,3673.85,3678.75,3693.6,2,4,
2026-09-18 14:35:02,1006560,4484579,Game 5: Any Player Penta Kill?,prop,5,2026-09-18 16:00:00,85.0,Yes,33529384713028489642697549252752244428847595069478869879563195677768091624646,0.05,0.98,0.515,0.93,28.65,28.75,204.9,19.75,19.75,19.75,3,2,
2026-09-18 14:35:02,1006560,4484579,Game 5: Any Player Penta Kill?,prop,5,2026-09-18 16:00:00,85.0,No,67410159568150529838740446116535518233970394098135010044759439863554353517784,0.02,0.95,0.485,0.93,0.25,0.25,0.25,544.35,549.25,17988.1,2,3,
2026-09-18 14:35:02,1006560,4484580,Game 5: Odd/Even Total Kills?,odd_even,5,2026-09-18 16:00:00,85.0,Odd,4637144246209315783241777341044119281194149130264778749875476920052727912517,0.49,0.51,0.5,0.02,7.76,7.76,7.76,8.07,8.07,8.07,5,5,
2026-09-18 14:35:02,1006560,4484580,Game 5: Odd/Even Total Kills?,odd_even,5,2026-09-18 16:00:00,85.0,Even,101639357751906375612785869172937396477498406739846278738502292865808715459593,0.49,0.51,0.5,0.02,7.76,7.76,7.76,8.07,8.07,8.07,5,5,
2026-09-18 14:35:02,1015105,4516882,LoL: Natus Vincere vs Movistar KOI - Game 1 Winner,map,1,2026-09-18 15:00:00,25.0,Natus Vincere,70191001328311994236207288513152250300862619125520735379401581909320240365242,0.41,0.42,0.415,0.01,8744.17,14256.97,17693.57,632.6,2550.1,12079.68,35,47,14432.908650000001
2026-09-18 14:35:02,1015105,4516882,LoL: Natus Vincere vs Movistar KOI - Game 1 Winner,map,1,2026-09-18 15:00:00,25.0,Movistar KOI,71244617840232667664691442479870202157378848140704759452577610379660506414618,0.58,0.59,0.585,0.01,871.97,3235.95,14379.37,12721.21,21588.41,27696.8,47,35,14432.908650000001
2026-09-18 14:35:02,1015105,4516884,LoL: Natus Vincere vs Movistar KOI - Game 2 Winner,map,2,2026-09-18 15:00:00,25.0,Natus Vincere,20060404422016322493732668923305609511397124835916812867299867392580214411963,0.41,0.42,0.415,0.01,2178.43,3946.66,5559.09,955.48,2096.1,4891.35,33,41,10025.091082
2026-09-18 14:35:02,1015105,4516884,LoL: Natus Vincere vs Movistar KOI - Game 2 Winner,map,2,2026-09-18 15:00:00,25.0,Movistar KOI,1824543711528743027924843644264035592449578071747357069606240858613815249846,0.58,0.59,0.585,0.01,1269.5,2673.61,5910.53,3255.14,6076.24,8902.81,42,33,10025.091082
2026-09-18 14:35:02,1015105,4516887,LoL: Natus Vincere vs Movistar KOI - Game 3 Winner,map,3,2026-09-18 15:00:00,25.0,Natus Vincere,81497345356393250312702056645266427483395058712368081494060321643812014303677,0.42,0.43,0.425,0.01,81.26,2172.69,2797.09,1673.13,4169.66,5824.66,31,40,8775.611165999999
2026-09-18 14:35:02,1015105,4516887,LoL: Natus Vincere vs Movistar KOI - Game 3 Winner,map,3,2026-09-18 15:00:00,25.0,Movistar KOI,51757772193535957745301345874107034579808541856767465684653529885039157696965,0.57,0.58,0.575,0.01,2131.34,5086.49,6931.49,116.56,3323.66,4343.6,40,31,8775.611165999999
2026-09-18 14:35:02,1015105,4516890,LoL: Natus Vincere vs Movistar KOI - Game 4 Winner,map,4,2026-09-18 15:00:00,25.0,Natus Vincere,41947148478055573400174695880130875338154364600676904884297680057599810917165,0.42,0.48,0.45,0.06,79.1,289.1,299.1,108.7,3136.2,3136.2,14,8,8.62069
2026-09-18 14:35:02,1015105,4516890,LoL: Natus Vincere vs Movistar KOI - Game 4 Winner,map,4,2026-09-18 15:00:00,25.0,Movistar KOI,100812995150736179572190592529622590473987615635032692800947934575452335759582,0.52,0.58,0.55,0.06,113.53,3141.03,3141.03,113.17,428.49,445.16,8,14,8.62069
2026-09-18 14:35:02,1015105,4516893,LoL: Natus Vincere vs Movistar KOI (BO5) - LEC Playoffs,series,,2026-09-18 15:00:00,25.0,Natus Vincere,68274692138460745027217490227035175215920465167975797390606564502227655627930,0.37,0.38,0.375,0.01,4455.25,48499.65,63370.93,10480.37,25904.51,30703.91,36,48,434898.66304100014
2026-09-18 14:35:02,1015105,4516893,LoL: Natus Vincere vs Movistar KOI (BO5) - LEC Playoffs,series,,2026-09-18 15:00:00,25.0,Movistar KOI,64334046779190023162632298116496326894514926471030017641440343578904157566997,0.62,0.63,0.625,0.01,17050.36,40044.85,46526.45,7742.04,92174.33,122579.05,48,36,434898.66304100014
2026-09-18 14:35:02,1015105,4516896,Games Total: O/U 3.5,total_games,,2026-09-18 15:00:00,25.0,Over,79976487652907242443786244266535927375322005642948977389216373580502775001826,0.7,0.74,0.72,0.04,1614.91,2981.19,6250.94,757.75,4816.13,5751.51,12,11,1928.7929940000004
2026-09-18 14:35:02,1015105,4516896,Games Total: O/U 3.5,total_games,,2026-09-18 15:00:00,25.0,Under,109234168747572535938025338897751134394983149027369296871956589683519521989543,0.26,0.3,0.28,0.04,252.7,1499.71,1761.26,705.1,1362.18,3122.43,11,12,1928.7929940000004
2026-09-18 14:35:02,1015105,4516898,Games Total: O/U 4.5,total_games,,2026-09-18 15:00:00,25.0,Over,42908346447317448752464469030069663386716181258834437400853540272349358571915,0.31,0.32,0.315,0.01,4121.75,4705.96,6992.66,17971.38,18084.19,18126.72,15,31,20399.26788599999
2026-09-18 14:35:02,1015105,4516898,Games Total: O/U 4.5,total_games,,2026-09-18 15:00:00,25.0,Under,51820874743015681089718697424621431995946463810697460573436281273569963295907,0.68,0.69,0.685,0.01,38189.18,38398.98,38473.23,9280.48,10745.27,16928.57,31,15,20399.26788599999
2026-09-18 14:35:02,1015105,4516900,Game Handicap: MKOI (-1.5) vs Natus Vincere (+1.5),handicap,,2026-09-18 15:00:00,25.0,Movistar KOI,18372070380306323632290689903085871041588213085888069987267593306551700835927,0.44,0.45,0.445,0.01,3493.74,4729.74,5812.34,5899.83,23406.16,25862.92,22,26,83383.86479699999
2026-09-18 14:35:02,1015105,4516900,Game Handicap: MKOI (-1.5) vs Natus Vincere (+1.5),handicap,,2026-09-18 15:00:00,25.0,Natus Vincere,73576496561983722231686360730394754887244898504922158481902876916353019475520,0.55,0.56,0.555,0.01,7199.69,26876.95,29389.19,4488.95,6252.95,7914.35,26,22,83383.86479699999
2026-09-18 14:35:02,1015105,4516902,Game Handicap: MKOI (-2.5) vs Natus Vincere (+2.5),handicap,,2026-09-18 15:00:00,25.0,Movistar KOI,74024975006559345917317664837235739516682375513770697044314305516703341690704,0.22,0.23,0.225,0.01,71.34,572.0,773.37,798.09,2080.09,3409.6,14,10,1796.0260109999997
2026-09-18 14:35:02,1015105,4516902,Game Handicap: MKOI (-2.5) vs Natus Vincere (+2.5),handicap,,2026-09-18 15:00:00,25.0,Natus Vincere,63465949490329829660037584929447217387135177222569022587380158344852572646143,0.77,0.78,0.775,0.01,2545.75,6331.54,9815.03,267.66,2289.39,3267.02,10,14,1796.0260109999997
2026-09-18 14:35:02,1015105,4516903,Game 1: Both Teams Slay Baron Nashor?,prop,1,2026-09-18 15:00:00,25.0,Yes,113629768485208465966989726295445546616366509490859851744258019997709546425644,0.04,0.22,0.13,0.18,0.87,1.92,1.92,3.8,3.8,3.8,4,7,
2026-09-18 14:35:02,1015105,4516903,Game 1: Both Teams Slay Baron Nashor?,prop,1,2026-09-18 15:00:00,25.0,No,60115135813695096138652119556167975729107738610670069777336113962007322702642,0.78,0.96,0.87,0.18,12.93,12.93,12.93,26.26,108.2,108.2,7,4,
2026-09-18 14:35:02,1015105,4516905,Game 1: Both Teams Slay a Dragon?,prop,1,2026-09-18 15:00:00,25.0,Yes,61946485307415643570260427240423181874220372021664997549859736838325517665406,0.06,0.98,0.52,0.92,9.25,9.45,10.63,34.55,34.55,34.55,5,2,
2026-09-18 14:35:02,1015105,4516905,Game 1: Both Teams Slay a Dragon?,prop,1,2026-09-18 15:00:00,25.0,No,52338224596397700119080178893119289329165203191338498334724428441936014613926,0.02,0.94,0.48,0.92,0.45,0.45,0.45,160.75,167.21,266.86,2,5,
2026-09-18 14:35:02,1015105,4516908,Game 1: Both Teams Destroy Inhibitors?,prop,1,2026-09-18 15:00:00,25.0,Yes,8135258981059687484423864394722190508058772357978712661538908518862106213608,0.03,0.92,0.475,0.89,0.65,1.48,1.48,120.19,120.19,120.19,3,4,
2026-09-18 14:35:02,1015105,4516908,Game 1: Both Teams Destroy Inhibitors?,prop,1,2026-09-18 15:00:00,25.0,No,13320047728499314867728761504770928625534987432087618901818973488516631967560,0.08,0.97,0.525,0.89,9.35,9.35,9.35,28.51,111.01,111.01,4,3,
2026-09-18 14:35:02,1015105,4516910,Game 1: Any Player Quadra Kill?,prop,1,2026-09-18 15:00:00,25.0,Yes,75314216447335760167310305670096920818888291919464406652923763007960427491788,0.02,0.98,0.5,0.96,0.45,0.45,0.45,34.55,34.55,34.55,2,2,
2026-09-18 14:35:02,1015105,4516910,Game 1: Any Player Quadra Kill?,prop,1,2026-09-18 15:00:00,25.0,No,80585168773941075863113403138636606363608622748544801368458111306635087801554,0.02,0.98,0.5,0.96,0.45,0.45,0.45,34.55,34.55,34.55,2,2,
2026-09-18 14:35:02,1015105,4516912,Game 1: Any Player Penta Kill?,prop,1,2026-09-18 15:00:00,25.0,Yes,60769182250149976618388660209492549882775777914639473295723887594336375577944,0.02,0.39,0.205,0.37,0.35,0.35,0.35,16.87,16.87,16.87,2,4,
2026-09-18 14:35:02,1015105,4516912,Game 1: Any Player Penta Kill?,prop,1,2026-09-18 15:00:00,25.0,No,3702368328794174666736391744250367987513490064104957067116683129603750597592,0.61,0.98,0.795,0.37,26.13,26.13,26.13,29.65,29.65,29.65,4,2,
2026-09-18 14:35:02,1015105,4516914,Game 1: Odd/Even Total Kills?,odd_even,1,2026-09-18 15:00:00,25.0,Odd,101210933553846797183977892074820263733389652996891869500584940346362592820308,0.46,0.53,0.495,0.07,261.31,261.31,261.31,17.74,292.74,292.74,6,7,
2026-09-18 14:35:02,1015105,4516914,Game 1: Odd/Even Total Kills?,odd_even,1,2026-09-18 15:00:00,25.0,Even,61600276857062807369953084452814312640451279582474036596018085450066476075670,0.47,0.54,0.505,0.07,15.26,240.26,240.26,318.69,318.69,318.69,7,6,
2026-09-18 14:35:02,1015105,4516917,Game 2: Both Teams Slay Baron Nashor?,prop,2,2026-09-18 15:00:00,25.0,Yes,104808546074196657555474658578148476874680954464773414373463198707214246902020,0.02,0.83,0.425,0.81,0.45,0.45,0.45,48.12,48.12,48.12,2,4,
2026-09-18 14:35:02,1015105,4516917,Game 2: Both Teams Slay Baron Nashor?,prop,2,2026-09-18 15:00:00,25.0,No,26421821163653988823168203835261967583569945635255659301192355605783347760179,0.17,0.98,0.575,0.81,9.8,9.8,9.8,34.55,34.55,34.55,4,2,
2026-09-18 14:35:02,1015105,4516919,Game 2: Both Teams Slay a Dragon?,prop,2,2026-09-18 15:00:00,25.0,Yes,33983397592306403001613168388325224796228721941423356948699593107718809169365,0.02,0.98,0.5,0.96,0.45,0.45,0.45,34.55,34.55,34.55,2,2,
2026-09-18 14:35:02,1015105,4516919,Game 2: Both Teams Slay a Dragon?,prop,2,2026-09-18 15:00:00,25.0,No,66485901875561491081429565245055106879089720957391713626154838723596117387008,0.02,0.98,0.5,0.96,0.45,0.45,0.45,34.55,34.55,34.55,2,2,
2026-09-18 14:35:02,1015105,4516921,Game 2: Both Teams Destroy Inhibitors?,prop,2,2026-09-18 15:00:00,25.0,Yes,110664697687699442115348556316287923050784452014992850980078483284791780579078,0.03,0.97,0.5,0.94,0.65,1.48,1.48,300.75,325.5,325.5,3,3,
2026-09-18 14:35:02,1015105,4516921,Game 2: Both Teams Destroy Inhibitors?,prop,2,2026-09-18 15:00:00,25.0,No,106570203808553925911578424634070814401895937069941611694185437867430019797713,0.03,0.97,0.5,0.94,9.25,9.5,9.5,28.51,111.01,111.01,3,3,
2026-09-18 14:35:02,1015105,4516922,Game 2: Any Player Quadra Kill?,prop,2,2026-09-18 15:00:00,25.0,Yes,67848776114265618659412686697420074149314840651447603091864640370213159827846,0.02,0.98,0.5,0.96,0.45,0.45,0.45,34.55,34.55,34.55,2,2,
2026-09-18 14:35:02,1015105,4516922,Game 2: Any Player Quadra Kill?,prop,2,2026-09-18 15:00:00,25.0,No,50104905188032683768791274049932475972076394414027276762324398167174997490074,0.02,0.98,0.5,0.96,0.53,0.53,0.53,39.5,39.5,39.5,2,2,
2026-09-18 14:35:02,1015105,4516924,Game 2: Any Player Penta Kill?,prop,2,2026-09-18 15:00:00,25.0,Yes,41363617948408122688792324228663525993734600370046997907564004850690193406470,0.02,0.31,0.165,0.29,0.35,0.35,0.35,10.59,10.59,10.59,2,4,
2026-09-18 14:35:02,1015105,4516924,Game 2: Any Player Penta Kill?,prop,2,2026-09-18 15:00:00,25.0,No,111228422503846566842660727826499187582775373984814099496633994115400968206527,0.69,0.98,0.835,0.29,23.41,23.41,23.41,29.65,29.65,29.65,4,2,
2026-09-18 14:35:02,1015105,4516927,Game 2: Odd/Even Total Kills?,odd_even,2,2026-09-18 15:00:00,25.0,Odd,75784658875786480320558994179576556655161352629296400328631345392135942294400,0.46,0.54,0.5,0.08,252.59,273.27,304.35,310.57,336.89,336.89,7,7,
2026-09-18 14:35:02,1015105,4516927,Game 2: Odd/Even Total Kills?,odd_even,2,2026-09-18 15:00:00,25.0,Even,108215168870720361059752465179774345397609336269186301872501736516824702270236,0.46,0.54,0.5,0.08,254.43,275.11,275.11,308.41,334.73,377.65,7,7,
2026-09-18 14:35:02,1015105,4516929,Game 3: Both Teams Slay Baron Nashor?,prop,3,2026-09-18 15:00:00,25.0,Yes,94636679990271334209439303266311509742150557388823744619793089911803630498958,0.02,0.98,0.5,0.96,0.45,0.45,0.45,34.55,34.55,34.55,2,2,
2026-09-18 14:35:02,1015105,4516929,Game 3: Both Teams Slay Baron Nashor?,prop,3,2026-09-18 15:00:00,25.0,No,91408842231899529168493973995485777705730300606799390570002183979814826105869,0.02,0.98,0.5,0.96,0.45,0.45,0.45,34.55,34.55,34.55,2,2,
2026-09-18 14:35:02,1015105,4516931,Game 3: Both Teams Slay a Dragon?,prop,3,2026-09-18 15:00:00,25.0,Yes,71528224879427732532194268155937522373699494786839016318090191943374048201988,0.02,0.98,0.5,0.96,0.45,0.45,0.45,34.55,34.55,34.55,2,2,
2026-09-18 14:35:02,1015105,4516931,Game 3: Both Teams Slay a Dragon?,prop,3,2026-09-18 15:00:00,25.0,No,41280885250934791477054316520936575463734681646696880531638432210186820306152,0.02,0.98,0.5,0.96,0.45,0.45,0.45,34.55,34.55,34.55,2,2,
2026-09-18 14:35:02,1015105,4516932,Game 3: Both Teams Destroy Inhibitors?,prop,3,2026-09-18 15:00:00,25.0,Yes,65905591164817045285475612968304180872457654535762302182503901512608518692795,0.03,0.96,0.495,0.93,0.65,1.48,1.48,272.25,306.8,306.8,3,4,
2026-09-18 14:35:02,1015105,4516932,Game 3: Both Teams Destroy Inhibitors?,prop,3,2026-09-18 15:00:00,25.0,No,8684747113492583624126642893614938728305707712132982150021409922638054348387,0.04,0.97,0.505,0.93,9.0,9.45,9.45,28.51,111.01,111.01,4,3,
2026-09-18 14:35:02,1015105,4516933,Game 3: Any Player Quadra Kill?,prop,3,2026-09-18 15:00:00,25.0,Yes,69305597639753638344147797372155613726382111227699335412702146320621488977789,0.02,0.98,0.5,0.96,0.45,0.45,0.45,34.55,34.55,34.55,2,2,
2026-09-18 14:35:02,1015105,4516933,Game 3: Any Player Quadra Kill?,prop,3,2026-09-18 15:00:00,25.0,No,30507080157207000140239269785040568946669800121851287249251485011154294236493,0.02,0.98,0.5,0.96,0.45,0.45,0.45,34.55,34.55,34.55,2,2,
2026-09-18 14:35:02,1015105,4516934,Game 3: Any Player Penta Kill?,prop,3,2026-09-18 15:00:00,25.0,Yes,5290935352407906167765256420166021002065849315173727088101356160486660562858,0.02,0.49,0.255,0.47,0.35,0.35,0.35,21.61,21.61,21.61,2,4,
2026-09-18 14:35:02,1015105,4516934,Game 3: Any Player Penta Kill?,prop,3,2026-09-18 15:00:00,25.0,No,35745250400117089108446773857425894253608005112660194188487722154057311957377,0.51,0.98,0.745,0.47,22.39,22.39,22.39,29.65,29.65,29.65,4,2,
2026-09-18 14:35:02,1015105,4516935,Game 3: Odd/Even Total Kills?,odd_even,3,2026-09-18 15:00:00,25.0,Odd,99780175100883584874006049511426438317621155309609587343445387118670798413623,0.46,0.53,0.495,0.07,265.47,286.15,286.15,22.58,349.75,349.75,7,8,
2026-09-18 14:35:02,1015105,4516935,Game 3: Odd/Even Total Kills?,odd_even,3,2026-09-18 15:00:00,25.0,Even,107462064724037300712410324309339646847016780734169166270804040960564819251367,0.47,0.54,0.505,0.07,19.42,286.25,286.25,323.53,349.85,349.85,8,7,
2026-09-18 14:35:02,1015105,4516936,Game 4: Both Teams Slay Baron Nashor?,prop,4,2026-09-18 15:00:00,25.0,Yes,60383507143917205690612279874235749943612816923327294339012748133687211276013,0.02,0.95,0.485,0.93,0.45,0.45,0.45,10.35,32.4,80.77,2,3,
2026-09-18 14:35:02,1015105,4516936,Game 4: Both Teams Slay Baron Nashor?,prop,4,2026-09-18 15:00:00,25.0,No,56183220170587773538239376827241380976513676328213670217835102369017957034944,0.05,0.98,0.515,0.93,0.54,0.99,1.48,34.55,34.55,34.55,3,2,
2026-09-18 14:35:02,1015105,4516937,Game 4: Both Teams Slay a Dragon?,prop,4,2026-09-18 15:00:00,25.0,Yes,90101083412959631281576806818798843574302088486721997580478348546884660274790,0.04,0.97,0.505,0.93,9.0,9.45,9.45,28.51,111.01,111.01,4,3,
2026-09-18 14:35:02,1015105,4516937,Game 4: Both Teams Slay a Dragon?,prop,4,2026-09-18 15:00:00,25.0,No,61952732612969437917361019345702202454177449959774908899662265588311274009451,0.03,0.96,0.495,0.93,0.65,1.48,1.48,272.25,306.8,306.8,3,4,
2026-09-18 14:35:02,1015105,4516940,Game 4: Both Teams Destroy Inhibitors?,prop,4,2026-09-18 15:00:00,25.0,Yes,68533313656299837650575385640947839121399943585934522944997364717473772818499,0.02,0.95,0.485,0.93,0.45,0.45,0.45,47.55,52.45,77.2,2,4,
2026-09-18 14:35:02,1015105,4516940,Game 4: Both Teams Destroy Inhibitors?,prop,4,2026-09-18 15:00:00,25.0,No,2958275988664067565510984231191001208355080903761705668130987045436891092418,0.05,0.98,0.515,0.93,2.45,2.55,2.8,34.55,34.55,34.55,4,2,
2026-09-18 14:35:02,1015105,4516942,Game 4: Any Player Quadra Kill?,prop,4,2026-09-18 15:00:00,25.0,Yes,9397629266694028277880785832399074444459874575745251226194943618261959889556,0.02,0.98,0.5,0.96,0.45,0.45,0.45,29.65,29.65,29.65,2,2,
2026-09-18 14:35:02,1015105,4516942,Game 4: Any Player Quadra Kill?,prop,4,2026-09-18 15:00:00,25.0,No,15464709989595928399739166653394756128375512520973887822875824444404896463880,0.02,0.98,0.5,0.96,0.35,0.35,0.35,34.55,34.55,34.55,2,2,
2026-09-18 14:35:02,1015105,4516944,Game 4: Any Player Penta Kill?,prop,4,2026-09-18 15:00:00,25.0,Yes,24743181503947724749746614763587876955356733902050433591876156700017821515436,0.02,0.98,0.5,0.96,0.35,0.35,0.35,29.65,29.65,29.65,2,2,
2026-09-18 14:35:02,1015105,4516944,Game 4: Any Player Penta Kill?,prop,4,2026-09-18 15:00:00,25.0,No,73770804382318417802379991125701869544212570071806772373272284095670818561451,0.02,0.98,0.5,0.96,0.35,0.35,0.35,29.65,29.65,29.65,2,2,
2026-09-18 14:35:02,1015105,4516946,Game 4: Odd/Even Total Kills?,odd_even,4,2026-09-18 15:00:00,25.0,Odd,14837063056612172016859641639268587753094212050678677066637419448339601367129,0.22,0.93,0.575,0.71,661.05,661.05,661.05,2794.7,2794.7,2811.85,4,4,
2026-09-18 14:35:02,1015105,4516946,Game 4: Odd/Even Total Kills?,odd_even,4,2026-09-18 15:00:00,25.0,Even,76368567617427817280390437886764140572612423377148300777039362743705690062363,0.07,0.78,0.425,0.71,210.3,210.3,210.65,2343.95,2343.95,2343.95,4,4,
2026-09-18 14:35:02,1015105,4516948,Game 5: Both Teams Slay Baron Nashor?,prop,5,2026-09-18 15:00:00,25.0,Yes,43603942911732749963537903285483225863516010113997297697948891086014747827032,0.02,0.93,0.475,0.91,0.45,0.45,0.45,10.47,10.47,27.62,2,4,
2026-09-18 14:35:02,1015105,4516948,Game 5: Both Teams Slay Baron Nashor?,prop,5,2026-09-18 15:00:00,25.0,No,21617021686095251929472503971934235366744172874735480656738229942568272685121,0.07,0.98,0.525,0.91,0.73,0.73,1.08,34.55,34.55,34.55,4,2,
2026-09-18 14:35:02,1015105,4516950,Game 5: Both Teams Slay a Dragon?,prop,5,2026-09-18 15:00:00,25.0,Yes,4866822118181324958735019855926436665296327446129983783646173145033593840935,0.07,0.98,0.525,0.91,3.03,3.03,3.38,34.55,34.55,34.55,4,2,
2026-09-18 14:35:02,1015105,4516950,Game 5: Both Teams Slay a Dragon?,prop,5,2026-09-18 15:00:00,25.0,No,81034954300768114009084516552907498395793617165130816408714696787875936062261,0.02,0.93,0.475,0.91,0.45,0.45,0.45,42.17,42.17,59.32,2,4,
2026-09-18 14:35:02,1015105,4516952,Game 5: Both Teams Destroy Inhibitors?,prop,5,2026-09-18 15:00:00,25.0,Yes,73159878696324360512941720639706037812727303052479639242810020846254711262229,0.03,0.96,0.495,0.93,0.65,1.48,1.48,19.75,77.72,77.72,3,4,
2026-09-18 14:35:02,1015105,4516952,Game 5: Both Teams Destroy Inhibitors?,prop,5,2026-09-18 15:00:00,25.0,No,52561711745924009478226060564766656606175439583969700663028230558454691410212,0.04,0.97,0.505,0.93,0.77,1.53,1.53,28.51,111.01,111.01,4,3,
2026-09-18 14:35:02,1015105,4516954,Game 5: Any Player Quadra Kill?,prop,5,2026-09-18 15:00:00,25.0,Yes,110953649086297194022820298250575054256082109313540968196719065706617212912143,0.04,0.98,0.51,0.94,13.94,14.29,14.29,29.65,29.65,29.65,3,2,
2026-09-18 14:35:02,1015105,4516954,Game 5: Any Player Quadra Kill?,prop,5,2026-09-18 15:00:00,25.0,No,13033402318383436825130936873594750927577933152271832386399072115366613371761,0.02,0.96,0.49,0.94,0.35,0.35,0.35,334.65,364.3,364.3,2,3,
2026-09-18 14:35:02,1015105,4516956,Game 5: Any Player Penta Kill?,prop,5,2026-09-18 15:00:00,25.0,Yes,115393733178051100604445950918274337523244040409378827187549728043809809873976,0.06,0.98,0.52,0.92,28.95,28.95,29.3,29.65,29.65,29.65,4,2,
2026-09-18 14:35:02,1015105,4516956,Game 5: Any Player Penta Kill?,prop,5,2026-09-18 15:00:00,25.0,No,60902743458417841773505356916705632157140015804713536033246688523600144350671,0.02,0.94,0.48,0.92,0.35,0.35,0.35,549.05,549.05,578.7,2,4,
2026-09-18 14:35:02,1015105,4516958,Game 5: Odd/Even Total Kills?,odd_even,5,2026-09-18 15:00:00,25.0,Odd,111050693045085587549398189090198424653053916256454179869960638318605722794077,0.22,0.8,0.51,0.58,661.05,661.05,661.05,2404.05,2404.05,2404.05,4,4,
2026-09-18 14:35:02,1015105,4516958,Game 5: Odd/Even Total Kills?,odd_even,5,2026-09-18 15:00:00,25.0,Even,36282595415211297258179838545751977491022423341990315431491955371616395280045,0.2,0.78,0.49,0.58,600.95,600.95,600.95,2343.95,2343.95,2343.95,4,4,
2026-09-18 14:35:02,1015105,4640245,First Blood in Game 2?,first_blood,2,2026-09-18 15:00:00,25.0,Natus Vincere,110398019873188915575143043162028177069742342421062428711692454584824004116706,0.13,0.82,0.475,0.69,392.0,392.55,392.55,2464.15,2464.15,2464.15,6,5,
2026-09-18 14:35:02,1015105,4640245,First Blood in Game 2?,first_blood,2,2026-09-18 15:00:00,25.0,Movistar KOI,58298933672988329349408079720387130533201307965684690548542033898959300835774,0.18,0.87,0.525,0.69,540.85,540.85,540.85,2624.66,2629.11,2629.11,5,6,
2026-09-18 14:35:02,1015105,4640248,First Blood in Game 4?,first_blood,4,2026-09-18 15:00:00,25.0,Natus Vincere,5945087916897488567361894143995793523788072014849644480108946030525957724488,0.02,0.98,0.5,0.96,2.67,2.67,2.67,249.66,249.66,249.66,2,2,
2026-09-18 14:35:02,1015105,4640248,First Blood in Game 4?,first_blood,4,2026-09-18 15:00:00,25.0,Movistar KOI,108892342337659943171561149061371037982505878633471558062928184798319477321142,0.02,0.98,0.5,0.96,2.67,2.67,2.67,249.66,249.66,249.66,2,2,
2026-09-18 14:35:02,1015105,4640246,First Blood in Game 1?,first_blood,1,2026-09-18 15:00:00,25.0,Natus Vincere,82817305586544052676407078912355662440485295799649513268740197726961550355635,0.46,0.51,0.485,0.05,162.56,459.65,459.65,201.35,560.51,560.51,6,6,
2026-09-18 14:35:02,1015105,4640246,First Blood in Game 1?,first_blood,1,2026-09-18 15:00:00,25.0,Movistar KOI,78210408250447737009123398457752385555603867427661811167382707340372094915183,0.49,0.54,0.515,0.05,191.64,508.48,508.48,197.44,589.1,589.1,6,6,
2026-09-18 14:35:02,1015105,4640247,First Blood in Game 3?,first_blood,3,2026-09-18 15:00:00,25.0,Natus Vincere,89869760644300808387143783257976264203851040832309525298231667184997858456893,0.43,0.9,0.665,0.47,2.15,2.15,2.15,2704.55,2704.55,2704.55,4,3,
2026-09-18 14:35:02,1015105,4640247,First Blood in Game 3?,first_blood,3,2026-09-18 15:00:00,25.0,Movistar KOI,112872931334079236844340999129095566126478574071985560612920675250200652150454,0.1,0.57,0.335,0.47,300.45,300.45,300.45,2.85,2.85,2.85,3,4,
2026-09-18 14:35:02,1015105,4640249,Total Kills Over/Under 30.5 in Game 2?,total_kills,2,2026-09-18 15:00:00,25.0,Over,111684246065913386722252208120740288135605165691141658268755569820935864081855,0.31,0.35,0.33,0.04,18.16,154.71,188.46,188.15,188.15,335.65,14,20,
2026-09-18 14:35:02,1015105,4640249,Total Kills Over/Under 30.5 in Game 2?,total_kills,2,2026-09-18 15:00:00,25.0,Under,84052890913016661719008439611633642398957530760646045122557375539646895948095,0.65,0.69,0.67,0.04,348.95,348.95,576.45,42.21,382.02,473.27,20,14,
2026-09-18 14:35:02,1015105,4640251,Total Kills Over/Under 30.5 in Game 1?,total_kills,1,2026-09-18 15:00:00,25.0,Over,36656204676839121811836053099546256510333841895012740290910921795524751935251,0.28,0.35,0.315,0.07,4.15,214.34,288.97,272.6,366.35,366.35,13,19,30.071426000000002
2026-09-18 14:35:02,1015105,4640251,Total Kills Over/Under 30.5 in Game 1?,total_kills,1,2026-09-18 15:00:00,25.0,Under,38461909801556487358876132015407005168012090605290652636819307461631691866328,0.65,0.72,0.685,0.07,498.93,655.18,655.18,10.85,639.65,884.03,19,13,30.071426000000002
2026-09-18 14:35:02,1015105,4640250,Total Kills Over/Under 30.5 in Game 4?,total_kills,4,2026-09-18 15:00:00,25.0,Over,636548847725757372647830927941954364816799065224869551090959776795591789362,0.1,0.52,0.31,0.42,302.0,304.17,305.38,368.38,417.06,417.06,8,11,
2026-09-18 14:35:02,1015105,4640250,Total Kills Over/Under 30.5 in Game 4?,total_kills,4,2026-09-18 15:00:00,25.0,Under,40054374945328776648493518789582449946827900713413222863248791153583713310801,0.48,0.9,0.69,0.42,326.77,368.24,368.24,2730.33,2755.27,2776.06,11,8,
2026-09-18 14:35:02,1015105,4640253,Total Kills Over/Under 27.5 in Game 2?,total_kills,2,2026-09-18 15:00:00,25.0,Over,27924083183147832473319135593377538225291142314857754035981832252300606029115,0.47,0.51,0.49,0.04,7.22,181.26,287.51,173.0,306.75,306.75,18,14,
2026-09-18 14:35:02,1015105,4640253,Total Kills Over/Under 27.5 in Game 2?,total_kills,2,2026-09-18 15:00:00,25.0,Under,107020129940925482282815021999045796731926564496880777101996456592343916031355,0.49,0.53,0.51,0.04,160.44,276.69,276.69,8.37,228.99,372.74,14,18,
2026-09-18 14:35:02,1015105,4640252,Total Kills Over/Under 30.5 in Game 3?,total_kills,3,2026-09-18 15:00:00,25.0,Over,84391604665277520378303350075241993672334312004891488713978285366288875341134,0.31,0.35,0.33,0.04,18.51,163.72,197.47,181.14,181.14,328.64,13,20,
2026-09-18 14:35:02,1015105,4640252,Total Kills Over/Under 30.5 in Game 3?,total_kills,3,2026-09-18 15:00:00,25.0,Under,35501162188901036011962590432629254663562460594800598702337390900489826046382,0.65,0.69,0.67,0.04,336.24,336.24,563.74,42.81,405.36,496.61,20,13,
2026-09-18 14:35:02,1015105,4640255,Total Kills Over/Under 27.5 in Game 4?,total_kills,4,2026-09-18 15:00:00,25.0,Over,108903000363107753904510558294966167999033496300774598778202435784590423739571,0.18,0.51,0.345,0.33,4.71,6.36,6.36,2828.92,2828.92,2828.92,9,10,
2026-09-18 14:35:02,1015105,4640255,Total Kills Over/Under 27.5 in Game 4?,total_kills,4,2026-09-18 15:00:00,25.0,Under,9216746898568565635114068970887262776709497181240010345729343810402987972675,0.49,0.82,0.655,0.33,2717.58,2717.58,2717.58,22.04,31.39,31.39,10,9,
2026-09-18 14:35:02,1015105,4640254,Total Kills Over/Under 27.5 in Game 1?,total_kills,1,2026-09-18 15:00:00,25.0,Over,31716871666148058824604444666935991241577201830326807409522280094390541979950,0.41,0.48,0.445,0.07,351.32,534.07,534.07,200.56,1105.88,1297.5,18,21,
2026-09-18 14:35:02,1015105,4640254,Total Kills Over/Under 27.5 in Game 1?,total_kills,1,2026-09-18 15:00:00,25.0,Under,80908230382902622261274601847522720171342629016678487162136781491164326361613,0.52,0.59,0.555,0.07,214.28,1115.96,1289.34,525.99,818.24,818.24,21,18,
2026-09-18 14:35:02,1015105,4640256,Total Kills Over/Under 27.5 in Game 3?,total_kills,3,2026-09-18 15:00:00,25.0,Over,103970624499416537140806119377848990977853100683677792309048109365299324205737,0.46,0.5,0.48,0.04,249.67,390.06,469.19,3726.05,4133.65,4411.38,14,17,
2026-09-18 14:35:02,1015105,4640256,Total Kills Over/Under 27.5 in Game 3?,total_kills,3,2026-09-18 15:00:00,25.0,Under,92934888851824151927090206416638163256376739597605165922780770113756596249728,0.5,0.54,0.52,0.04,3720.64,4087.04,4321.31,304.37,485.89,599.76,17,14,
2026-09-18 14:35:02,1015105,4642161,Total Kills Over/Under 24.5 in Game 2?,total_kills,2,2026-09-18 15:00:00,25.0,Over,98953222752952589984673269489032639867335606079491461026912123474054088350101,0.59,0.66,0.625,0.07,231.01,582.26,582.26,339.25,576.34,799.49,19,17,4.7727260000000005
2026-09-18 14:35:02,1015105,4642161,Total Kills Over/Under 24.5 in Game 2?,total_kills,2,2026-09-18 15:00:00,25.0,Under,111192312035434008148154651548084586176306830243795976955429460027646140926856,0.34,0.41,0.375,0.07,174.68,281.59,375.44,162.79,436.54,436.54,17,19,4.7727260000000005
2026-09-18 14:35:02,1015105,4642162,Total Kills Over/Under 24.5 in Game 1?,total_kills,1,2026-09-18 15:00:00,25.0,Over,68335048001665797690797199718132261334179139263175159961169157516352778840992,0.57,0.62,0.595,0.05,293.18,523.8,590.05,6.2,219.25,761.73,20,18,152.26751099999998
2026-09-18 14:35:02,1015105,4642162,Total Kills Over/Under 24.5 in Game 1?,total_kills,1,2026-09-18 15:00:00,25.0,Under,106464706722163380100508483534882248450648676116082864658123770776687153500496,0.38,0.43,0.405,0.05,3.8,119.18,395.7,229.36,420.74,479.49,18,20,152.26751099999998
2026-09-18 14:35:02,1015105,4642164,Total Kills Over/Under 24.5 in Game 4?,total_kills,4,2026-09-18 15:00:00,25.0,Over,28378706074686080946380096164222314187865893482574803911780881518333895441125,0.18,0.84,0.51,0.66,4.19,5.84,5.84,2524.25,2551.89,2551.89,9,9,
2026-09-18 14:35:02,1015105,4642164,Total Kills Over/Under 24.5 in Game 4?,total_kills,4,2026-09-18 15:00:00,25.0,Under,18174254138571697596340353139473268618127662800000049310368835364390215942875,0.16,0.82,0.49,0.66,480.75,485.25,485.25,19.81,29.16,29.16,9,9,
2026-09-18 14:35:02,1015105,4642163,Total Kills Over/Under 24.5 in Game 3?,total_kills,3,2026-09-18 15:00:00,25.0,Over,12983754161601526857948430016031155828080031959706187840555672335557532237138,0.61,0.66,0.635,0.05,6.05,226.05,577.3,307.38,540.16,716.41,20,15,130
2026-09-18 14:35:02,1015105,4642163,Total Kills Over/Under 24.5 in Game 3?,total_kills,3,2026-09-18 15:00:00,25.0,Under,81320191533774081961822307615412982029308380454756382679106529796212969989721,0.34,0.39,0.365,0.05,157.62,262.84,336.59,3.95,158.95,432.7,15,20,130
2026-09-18 14:41:15,1006560,4484544,LoL: Colossal Gaming vs Los Goccioles - Game 1 Winner,map,1,2026-09-18 16:00:00,78.7,Colossal Gaming,109916680883918372902826701402572476834844911724410800526697193675455865935217,0.57,0.62,0.595,0.05,137.45,137.45,137.45,8.4,8.4,8.4,10,10,8.333332
2026-09-18 14:41:15,1006560,4484544,LoL: Colossal Gaming vs Los Goccioles - Game 1 Winner,map,1,2026-09-18 16:00:00,78.7,Los Goccioles,101477868183991959153175742760966434340959934495356599809023889081087079250189,0.38,0.43,0.405,0.05,5.02,5.02,5.02,103.69,103.69,103.69,10,10,8.333332
2026-09-18 14:41:15,1006560,4484545,LoL: Colossal Gaming vs Los Goccioles - Game 2 Winner,map,2,2026-09-18 16:00:00,78.7,Colossal Gaming,36207233593306181987173668846636916318479757930209852461070428272258651600447,0.56,0.62,0.59,0.06,163.52,163.52,163.52,184.98,184.98,195.13,7,11,
2026-09-18 14:41:15,1006560,4484545,LoL: Colossal Gaming vs Los Goccioles - Game 2 Winner,map,2,2026-09-18 16:00:00,78.7,Los Goccioles,95368571053778264143525692083144036546372888001086334153800877807972360874532,0.38,0.44,0.41,0.06,108.85,108.85,113.85,128.48,128.48,128.48,11,7,
2026-09-18 14:41:15,1006560,4484546,LoL: Colossal Gaming vs Los Goccioles - Game 3 Winner,map,3,2026-09-18 16:00:00,78.7,Colossal Gaming,101206125103691400951505250901248865703623322960185266444225063121192162209769,0.56,0.62,0.59,0.06,163.52,163.52,163.52,184.98,184.98,184.98,3,6,
2026-09-18 14:41:15,1006560,4484546,LoL: Colossal Gaming vs Los Goccioles - Game 3 Winner,map,3,2026-09-18 16:00:00,78.7,Los Goccioles,97831820761085614293127182915884413187864587759975096433588605194606076611437,0.38,0.44,0.41,0.06,108.85,108.85,108.85,128.48,128.48,128.48,6,3,
2026-09-18 14:41:15,1006560,4484547,LoL: Colossal Gaming vs Los Goccioles - Game 4 Winner,map,4,2026-09-18 16:00:00,78.7,Colossal Gaming,114405102250851696641335056716588868314325338286519849512168898450493129813277,0.27,0.93,0.6,0.66,2.65,2.65,2.65,52.28,52.28,70.4,3,4,172.02
2026-09-18 14:41:15,1006560,4484547,LoL: Colossal Gaming vs Los Goccioles - Game 4 Winner,map,4,2026-09-18 16:00:00,78.7,Los Goccioles,37674971418749890932094837269028422226122045671308847761421958438914120686570,0.07,0.73,0.4,0.66,3.4,3.4,3.77,7.17,7.17,7.17,4,3,172.02
2026-09-18 14:41:15,1006560,4484548,LoL: Colossal Gaming vs Los Goccioles (BO5) - LIT Playoffs,series,,2026-09-18 16:00:00,78.7,Colossal Gaming,59126677095672628787605789416974516696073769486534008758439040898518354363168,0.66,0.67,0.665,0.01,154.09,414.1,442.2,15.99,31.11,383.54,23,24,128.785354
2026-09-18 14:41:15,1006560,4484548,LoL: Colossal Gaming vs Los Goccioles (BO5) - LIT Playoffs,series,,2026-09-18 16:00:00,78.7,Los Goccioles,79695206108968755287241718136369046106885712025176705212956964636571850294580,0.33,0.34,0.335,0.01,7.74,14.29,151.94,79.46,227.43,245.31,24,23,128.785354
2026-09-18 14:41:15,1006560,4484549,Games Total: O/U 3.5,total_games,,2026-09-18 16:00:00,78.7,Over,80145482597193995839055538190327724737933834528396208523584150641520448122269,0.67,0.69,0.68,0.02,260.52,266.97,270.12,32.5,272.36,293.23,8,20,47.03
2026-09-18 14:41:15,1006560,4484549,Games Total: O/U 3.5,total_games,,2026-09-18 16:00:00,78.7,Under,82772240931673544230704917725350773242707187518498369305193527785335250444994,0.31,0.33,0.32,0.02,14.53,107.88,115.53,131.38,134.93,136.78,20,8,47.03
2026-09-18 14:41:15,1006560,4484550,Games Total: O/U 4.5,total_games,,2026-09-18 16:00:00,78.7,Over,65914196484027556534079364568918312894240042098150280914094419594648561458768,0.32,0.35,0.335,0.03,101.15,199.78,206.18,158.64,162.39,177.67,15,15,
2026-09-18 14:41:15,1006560,4484550,Games Total: O/U 4.5,total_games,,2026-09-18 16:00:00,78.7,Under,33405034309406639995825029034515909087862116868780444393036597877695302956248,0.65,0.68,0.665,0.03,288.71,294.96,318.02,224.47,454.77,471.23,15,15,
2026-09-18 14:41:15,1006560,4484551,Game 1: Both Teams Slay Baron Nashor?,prop,1,2026-09-18 16:00:00,78.7,Yes,109646671639612743295109443737782457455554192731950977660619720896412847111000,0.06,0.5,0.28,0.44,176.38,176.38,177.33,176.0,176.0,176.0,4,3,
2026-09-18 14:41:15,1006560,4484551,Game 1: Both Teams Slay Baron Nashor?,prop,1,2026-09-18 16:00:00,78.7,No,2945011852693356939179047211336128413198141666096467966339872874099703124005,0.5,0.94,0.72,0.44,176.0,176.0,176.0,3349.9,3349.9,3431.76,3,4,
2026-09-18 14:41:15,1006560,4484552,Game 1: Both Teams Slay a Dragon?,prop,1,2026-09-18 16:00:00,78.7,Yes,96282889347715354355202613066529151894231515387269828987237275675067217864809,0.5,0.83,0.665,0.33,176.0,176.0,176.0,859.29,859.29,859.29,3,3,
2026-09-18 14:41:15,1006560,4484552,Game 1: Both Teams Slay a Dragon?,prop,1,2026-09-18 16:00:00,78.7,No,67624833962155365387521031322988617058047486074720460503426630260792738258094,0.17,0.5,0.335,0.33,176.0,176.0,176.0,176.0,176.0,176.0,3,3,
2026-09-18 14:41:15,1006560,4484553,Game 1: Both Teams Destroy Inhibitors?,prop,1,2026-09-18 16:00:00,78.7,Yes,98802954366779933228672313874267280954196090091991664497816458635275285564865,0.03,0.5,0.265,0.47,176.1,176.25,176.25,176.0,176.0,176.0,3,3,
2026-09-18 14:41:15,1006560,4484553,Game 1: Both Teams Destroy Inhibitors?,prop,1,2026-09-18 16:00:00,78.7,No,79551460794277772347714825934705512147731401471833413971991396756386556835409,0.5,0.97,0.735,0.47,176.0,176.0,176.0,5695.56,5710.41,5710.41,3,3,
2026-09-18 14:41:15,1006560,4484554,Game 1: Any Player Quadra Kill?,prop,1,2026-09-18 16:00:00,78.7,Yes,29788206181536376948731514865874448305802518719331104241075884951180326221070,0.04,0.5,0.27,0.46,176.0,176.25,176.25,176.0,176.0,176.0,3,3,
2026-09-18 14:41:15,1006560,4484554,Game 1: Any Player Quadra Kill?,prop,1,2026-09-18 16:00:00,78.7,No,89691089768910712196705857917583249020155854268964873703486706488410688372433,0.5,0.96,0.73,0.46,176.0,176.0,176.0,4224.0,4243.75,4243.75,3,3,
2026-09-18 14:41:15,1006560,4484555,Game 1: Any Player Penta Kill?,prop,1,2026-09-18 16:00:00,78.7,Yes,42379136447846929494019008139893993490633583004390300080404415198148887031443,0.02,0.5,0.26,0.48,176.25,176.25,176.25,196.0,307.66,307.66,2,5,
2026-09-18 14:41:15,1006560,4484555,Game 1: Any Player Penta Kill?,prop,1,2026-09-18 16:00:00,78.7,No,62521547831089743286686987356566428359599836833132628967826068880026606927794,0.5,0.98,0.74,0.48,196.0,299.08,299.08,17443.75,17443.75,17443.75,5,2,
2026-09-18 14:41:15,1006560,4484556,Game 1: Odd/Even Total Kills?,odd_even,1,2026-09-18 16:00:00,78.7,Odd,86911462976977591422239266455395751273855708840618563883867461212147700680889,0.49,0.51,0.5,0.02,7.76,7.76,7.76,8.07,8.07,8.07,5,5,
2026-09-18 14:41:15,1006560,4484556,Game 1: Odd/Even Total Kills?,odd_even,1,2026-09-18 16:00:00,78.7,Even,43408340876671307064791738110122462879614898771222514777881513773426873658672,0.49,0.51,0.5,0.02,7.76,7.76,7.76,8.07,8.07,8.07,5,5,
2026-09-18 14:41:15,1006560,4484557,Game 2: Both Teams Slay Baron Nashor?,prop,2,2026-09-18 16:00:00,78.7,Yes,99273539239908037109196339569583789524671343125653213813743646680478181920106,0.06,0.5,0.28,0.44,176.38,176.38,177.33,176.0,176.0,176.0,4,3,
2026-09-18 14:41:15,1006560,4484557,Game 2: Both Teams Slay Baron Nashor?,prop,2,2026-09-18 16:00:00,78.7,No,33242049117140272085823629099088463844739930144410583402363645429114448217263,0.5,0.94,0.72,0.44,176.0,176.0,176.0,3349.9,3349.9,3431.76,3,4,
2026-09-18 14:41:15,1006560,4484558,Game 2: Both Teams Slay a Dragon?,prop,2,2026-09-18 16:00:00,78.7,Yes,70652670907551850664669064406480842310010192001048923205274111910705998896238,0.5,0.83,0.665,0.33,176.0,176.0,176.0,859.29,859.29,859.29,3,3,
2026-09-18 14:41:15,1006560,4484558,Game 2: Both Teams Slay a Dragon?,prop,2,2026-09-18 16:00:00,78.7,No,6115699214464384485052825663867874136879554869294102172327288916444392420712,0.17,0.5,0.335,0.33,176.0,176.0,176.0,176.0,176.0,176.0,3,3,
2026-09-18 14:41:15,1006560,4484559,Game 2: Both Teams Destroy Inhibitors?,prop,2,2026-09-18 16:00:00,78.7,Yes,69162917719515675893411150579311804206123792185520126237230752571092665536985,0.04,0.5,0.27,0.46,176.52,177.33,177.33,176.0,176.0,176.0,4,3,
2026-09-18 14:41:15,1006560,4484559,Game 2: Both Teams Destroy Inhibitors?,prop,2,2026-09-18 16:00:00,78.7,No,43678253183042422250687904982289500766179243301985472487415699192964084477093,0.5,0.96,0.73,0.46,176.0,176.0,176.0,5703.05,5771.07,5771.07,3,4,
2026-09-18 14:41:15,1006560,4484560,Game 2: Any Player Quadra Kill?,prop,2,2026-09-18 16:00:00,78.7,Yes,68567559409721422667794619792753502497851016496711910865432641456247433341900,0.04,0.5,0.27,0.46,176.0,176.25,176.25,176.0,176.0,176.0,3,3,
2026-09-18 14:41:15,1006560,4484560,Game 2: Any Player Quadra Kill?,prop,2,2026-09-18 16:00:00,78.7,No,95804048401224853593595547649937963420325707407953334871995334027192795026496,0.5,0.96,0.73,0.46,176.0,176.0,176.0,4224.0,4243.75,4243.75,3,3,
2026-09-18 14:41:15,1006560,4484561,Game 2: Any Player Penta Kill?,prop,2,2026-09-18 16:00:00,78.7,Yes,73472131541261359610931215323585128294240705086165086834821883571801196716363,0.02,0.5,0.26,0.48,176.25,176.25,176.25,196.0,307.66,307.66,2,5,
2026-09-18 14:41:15,1006560,4484561,Game 2: Any Player Penta Kill?,prop,2,2026-09-18 16:00:00,78.7,No,78042833174593851458090179515182853770180283902605553067142406945261710837358,0.5,0.98,0.74,0.48,196.0,299.08,299.08,17443.75,17443.75,17443.75,5,2,
2026-09-18 14:41:15,1006560,4484562,Game 2: Odd/Even Total Kills?,odd_even,2,2026-09-18 16:00:00,78.7,Odd,21376821444641683713841256922723028667696080730788175246711174440928008283063,0.49,0.51,0.5,0.02,7.76,7.76,7.76,8.07,8.07,8.07,5,5,
2026-09-18 14:41:15,1006560,4484562,Game 2: Odd/Even Total Kills?,odd_even,2,2026-09-18 16:00:00,78.7,Even,111753555407122333483168676321354410894826555455038412213095158212129887733757,0.49,0.51,0.5,0.02,7.76,7.76,7.76,8.07,8.07,8.07,5,5,
2026-09-18 14:41:15,1006560,4484563,Game 3: Both Teams Slay Baron Nashor?,prop,3,2026-09-18 16:00:00,78.7,Yes,55002680429415062590606452940635702772816368777991503194431990852803214080638,0.06,0.5,0.28,0.44,176.38,176.38,177.33,176.0,176.0,176.0,4,3,
2026-09-18 14:41:15,1006560,4484563,Game 3: Both Teams Slay Baron Nashor?,prop,3,2026-09-18 16:00:00,78.7,No,37568843671439433567981756337430008360402559633690871657845480946289809069005,0.5,0.94,0.72,0.44,176.0,176.0,176.0,3349.9,3349.9,3431.76,3,4,
2026-09-18 14:41:15,1006560,4484564,Game 3: Both Teams Slay a Dragon?,prop,3,2026-09-18 16:00:00,78.7,Yes,26089574432486020955807780191990329483718720718247818496979552893224512201032,0.5,0.83,0.665,0.33,176.0,176.0,176.0,859.29,859.29,859.29,3,3,
2026-09-18 14:41:15,1006560,4484564,Game 3: Both Teams Slay a Dragon?,prop,3,2026-09-18 16:00:00,78.7,No,104970833193095620364669292347440413888585616234531064950905587058364160418767,0.17,0.5,0.335,0.33,176.0,176.0,176.0,176.0,176.0,176.0,3,3,
2026-09-18 14:41:15,1006560,4484565,Game 3: Both Teams Destroy Inhibitors?,prop,3,2026-09-18 16:00:00,78.7,Yes,27803970851387488311274568932190891664460343286724711434378794958259993035011,0.03,0.5,0.265,0.47,176.25,176.81,176.81,176.0,176.0,176.0,3,3,
2026-09-18 14:41:15,1006560,4484565,Game 3: Both Teams Destroy Inhibitors?,prop,3,2026-09-18 16:00:00,78.7,No,91816560641125417056627475856678136118657420639877595620937609141544880663909,0.5,0.97,0.735,0.47,176.0,176.0,176.0,5702.91,5758.68,5758.68,3,3,
2026-09-18 14:41:15,1006560,4484566,Game 3: Any Player Quadra Kill?,prop,3,2026-09-18 16:00:00,78.7,Yes,94441151895223822909736858040712540433436993511397179669323882795389536626499,0.04,0.5,0.27,0.46,176.0,176.25,176.25,176.0,176.0,176.0,3,3,
2026-09-18 14:41:15,1006560,4484566,Game 3: Any Player Quadra Kill?,prop,3,2026-09-18 16:00:00,78.7,No,30465925048770014459919910137355778202010691235461420480929956438776558609642,0.5,0.96,0.73,0.46,176.0,176.0,176.0,4224.0,4243.75,4243.75,3,3,
2026-09-18 14:41:15,1006560,4484567,Game 3: Any Player Penta Kill?,prop,3,2026-09-18 16:00:00,78.7,Yes,114279174777470679643940118546127661835659949005377884504637608513802998641507,0.02,0.5,0.26,0.48,176.25,176.25,176.25,196.0,307.66,307.66,2,4,
2026-09-18 14:41:15,1006560,4484567,Game 3: Any Player Penta Kill?,prop,3,2026-09-18 16:00:00,78.7,No,76311976752377616093187129217582774737281904164754134536916242808979528628822,0.5,0.98,0.74,0.48,196.0,299.08,299.08,17443.75,17443.75,17443.75,4,2,
2026-09-18 14:41:15,1006560,4484568,Game 3: Odd/Even Total Kills?,odd_even,3,2026-09-18 16:00:00,78.7,Odd,96730093986400698722165267851271724935606386363450543474413636715463836455785,0.49,0.51,0.5,0.02,7.76,7.76,7.76,8.07,8.07,8.07,5,5,
2026-09-18 14:41:15,1006560,4484568,Game 3: Odd/Even Total Kills?,odd_even,3,2026-09-18 16:00:00,78.7,Even,113613417957010240095156889468086784112468730146858856900782437845814290610078,0.49,0.51,0.5,0.02,7.76,7.76,7.76,8.07,8.07,8.07,5,5,
2026-09-18 14:41:15,1006560,4484569,Game 4: Both Teams Slay Baron Nashor?,prop,4,2026-09-18 16:00:00,78.7,Yes,37939703070052636886580343571033325578332549657424287648512891894861283130048,0.06,0.98,0.52,0.92,176.51,176.51,177.33,119.16,119.16,119.16,4,2,
2026-09-18 14:41:15,1006560,4484569,Game 4: Both Teams Slay Baron Nashor?,prop,4,2026-09-18 16:00:00,78.7,No,81469928702981560544320883566256458642364449570570804397792411187158716943465,0.02,0.94,0.48,0.92,1.33,1.33,1.33,3351.91,3351.91,3414.46,2,4,
2026-09-18 14:41:15,1006560,4484570,Game 4: Both Teams Slay a Dragon?,prop,4,2026-09-18 16:00:00,78.7,Yes,86048597513194370056989567755913221252534889958771200870719952541561560071237,0.02,0.83,0.425,0.81,1.33,1.33,1.33,859.29,859.29,859.29,2,3,
2026-09-18 14:41:15,1006560,4484570,Game 4: Both Teams Slay a Dragon?,prop,4,2026-09-18 16:00:00,78.7,No,86687727666924183842096605866624259559205634086053114906414682657183192118115,0.17,0.98,0.575,0.81,176.0,176.0,176.0,119.17,119.17,119.17,3,2,
2026-09-18 14:41:15,1006560,4484571,Game 4: Both Teams Destroy Inhibitors?,prop,4,2026-09-18 16:00:00,78.7,Yes,91213502874539958004752945477069752704333309206667822436753252549686224946397,0.03,0.98,0.505,0.95,176.25,176.68,176.68,119.17,119.17,119.17,3,2,
2026-09-18 14:41:15,1006560,4484571,Game 4: Both Teams Destroy Inhibitors?,prop,4,2026-09-18 16:00:00,78.7,No,62593559094865018556384810717371426391541059027040030528972437919725784036765,0.02,0.97,0.495,0.95,1.33,1.33,1.33,5702.91,5745.58,5745.58,2,3,
2026-09-18 14:41:15,1006560,4484572,Game 4: Any Player Quadra Kill?,prop,4,2026-09-18 16:00:00,78.7,Yes,34064385733246354563056065306531732975716489379217168896820708684059718607551,0.04,0.98,0.51,0.94,176.0,176.25,176.25,19.75,19.75,19.75,3,2,
2026-09-18 14:41:15,1006560,4484572,Game 4: Any Player Quadra Kill?,prop,4,2026-09-18 16:00:00,78.7,No,47125298562215925480600334831814226987733650790004712387712534030237838957739,0.02,0.96,0.49,0.94,0.25,0.25,0.25,4224.0,4243.75,4243.75,2,3,
2026-09-18 14:41:15,1006560,4484573,Game 4: Any Player Penta Kill?,prop,4,2026-09-18 16:00:00,78.7,Yes,56314025380694455360625381252651320602951916358308812544486090010385321521133,0.02,0.98,0.5,0.96,176.25,176.25,176.25,19.75,19.75,19.75,2,2,
2026-09-18 14:41:15,1006560,4484573,Game 4: Any Player Penta Kill?,prop,4,2026-09-18 16:00:00,78.7,No,112927945545588245979600485961040640926698901617176776873027682671010806783416,0.02,0.98,0.5,0.96,0.25,0.25,0.25,17443.75,17443.75,17443.75,2,2,
2026-09-18 14:41:15,1006560,4484574,Game 4: Odd/Even Total Kills?,odd_even,4,2026-09-18 16:00:00,78.7,Odd,26956211092666903163340213071184941707379060432917321058241102986165803030363,0.49,0.51,0.5,0.02,7.76,7.76,7.76,8.07,8.07,8.07,6,7,
2026-09-18 14:41:15,1006560,4484574,Game 4: Odd/Even Total Kills?,odd_even,4,2026-09-18 16:00:00,78.7,Even,46392672404247612158267449347782996282734931642542765850521648722334277819330,0.49,0.51,0.5,0.02,7.76,7.76,7.76,8.07,8.07,8.07,7,6,
2026-09-18 14:41:15,1006560,4484575,Game 5: Both Teams Slay Baron Nashor?,prop,5,2026-09-18 16:00:00,78.7,Yes,9399258485272004998916694525472290698178960908384612081206763560447428716352,0.06,0.98,0.52,0.92,176.51,176.51,176.91,119.17,119.17,119.17,4,2,
2026-09-18 14:41:15,1006560,4484575,Game 5: Both Teams Slay Baron Nashor?,prop,5,2026-09-18 16:00:00,78.7,No,83203365683304218343865477456396013459055591268695841380282445899483631083816,0.02,0.94,0.48,0.92,1.33,1.33,1.33,3351.91,3351.91,3379.01,2,4,
2026-09-18 14:41:15,1006560,4484576,Game 5: Both Teams Slay a Dragon?,prop,5,2026-09-18 16:00:00,78.7,Yes,21884054535502479391428670815433622630574184524429052529656192181067032111909,0.02,0.83,0.425,0.81,1.33,1.33,1.33,859.29,859.29,859.29,2,3,
2026-09-18 14:41:15,1006560,4484576,Game 5: Both Teams Slay a Dragon?,prop,5,2026-09-18 16:00:00,78.7,No,67973791371504261423799509260234274151045352840645364379941379968025473213290,0.17,0.98,0.575,0.81,176.0,176.0,176.0,119.17,119.17,119.17,3,2,
2026-09-18 14:41:15,1006560,4484577,Game 5: Both Teams Destroy Inhibitors?,prop,5,2026-09-18 16:00:00,78.7,Yes,46113629726100388038634322452133873689664691850329351812662555318889411661730,0.04,0.98,0.51,0.94,176.65,177.33,177.33,119.17,119.17,119.17,4,2,
2026-09-18 14:41:15,1006560,4484577,Game 5: Both Teams Destroy Inhibitors?,prop,5,2026-09-18 16:00:00,78.7,No,88169126000290548179453277763396127039837291969170278764704567886709918031131,0.02,0.96,0.49,0.94,1.33,1.33,1.33,5706.23,5761.15,5761.15,2,4,
2026-09-18 14:41:15,1006560,4484578,Game 5: Any Player Quadra Kill?,prop,5,2026-09-18 16:00:00,78.7,Yes,58976705023742360385100634834228057898984103074351827018198778246050148908195,0.05,0.98,0.515,0.93,189.74,189.84,189.99,19.75,19.75,19.75,4,2,
2026-09-18 14:41:15,1006560,4484578,Game 5: Any Player Quadra Kill?,prop,5,2026-09-18 16:00:00,78.7,No,93802788734649731073847377969372796778847860288816655205889564525747989854457,0.02,0.95,0.485,0.93,0.25,0.25,0.25,3673.85,3678.75,3693.6,2,4,
2026-09-18 14:41:15,1006560,4484579,Game 5: Any Player Penta Kill?,prop,5,2026-09-18 16:00:00,78.7,Yes,33529384713028489642697549252752244428847595069478869879563195677768091624646,0.05,0.98,0.515,0.93,28.65,28.75,204.9,19.75,19.75,19.75,3,2,
2026-09-18 14:41:15,1006560,4484579,Game 5: Any Player Penta Kill?,prop,5,2026-09-18 16:00:00,78.7,No,67410159568150529838740446116535518233970394098135010044759439863554353517784,0.02,0.95,0.485,0.93,0.25,0.25,0.25,544.35,549.25,17988.1,2,3,
2026-09-18 14:41:15,1006560,4484580,Game 5: Odd/Even Total Kills?,odd_even,5,2026-09-18 16:00:00,78.7,Odd,4637144246209315783241777341044119281194149130264778749875476920052727912517,0.49,0.51,0.5,0.02,7.76,7.76,7.76,8.07,8.07,8.07,7,6,
2026-09-18 14:41:15,1006560,4484580,Game 5: Odd/Even Total Kills?,odd_even,5,2026-09-18 16:00:00,78.7,Even,101639357751906375612785869172937396477498406739846278738502292865808715459593,0.49,0.51,0.5,0.02,7.76,7.76,7.76,8.07,8.07,8.07,6,7,
2026-09-18 14:41:15,1015105,4516882,LoL: Natus Vincere vs Movistar KOI - Game 1 Winner,map,1,2026-09-18 15:00:00,18.7,Natus Vincere,70191001328311994236207288513152250300862619125520735379401581909320240365242,0.43,0.44,0.435,0.01,665.48,9567.09,14543.89,1779.72,11829.9,12802.3,39,47,15105.824134
2026-09-18 14:41:15,1015105,4516882,LoL: Natus Vincere vs Movistar KOI - Game 1 Winner,map,1,2026-09-18 15:00:00,18.7,Movistar KOI,71244617840232667664691442479870202157378848140704759452577610379660506414618,0.56,0.57,0.565,0.01,2196.86,13929.68,14962.28,897.6,13813.43,21816.63,47,39,15105.824134
2026-09-18 14:41:15,1015105,4516884,LoL: Natus Vincere vs Movistar KOI - Game 2 Winner,map,2,2026-09-18 15:00:00,18.7,Natus Vincere,20060404422016322493732668923305609511397124835916812867299867392580214411963,0.41,0.42,0.415,0.01,2055.01,3867.37,4962.17,174.84,1919.1,4345.48,29,36,10295.376797
2026-09-18 14:41:15,1015105,4516884,LoL: Natus Vincere vs Movistar KOI - Game 2 Winner,map,2,2026-09-18 15:00:00,18.7,Movistar KOI,1824543711528743027924843644264035592449578071747357069606240858613815249846,0.58,0.59,0.585,0.01,234.7,2407.82,5185.05,2999.56,5875.53,7820.73,36,29,10295.376797
2026-09-18 14:41:15,1015105,4516887,LoL: Natus Vincere vs Movistar KOI - Game 3 Winner,map,3,2026-09-18 15:00:00,18.7,Natus Vincere,81497345356393250312702056645266427483395058712368081494060321643812014303677,0.42,0.43,0.425,0.01,826.71,2795.47,3048.23,805.01,2589.93,4724.53,31,41,8938.401864
2026-09-18 14:41:15,1015105,4516887,LoL: Natus Vincere vs Movistar KOI - Game 3 Winner,map,3,2026-09-18 15:00:00,18.7,Movistar KOI,51757772193535957745301345874107034579808541856767465684653529885039157696965,0.57,0.58,0.575,0.01,1026.46,3145.8,5531.2,1189.28,4199.88,4613.46,41,31,8938.401864
2026-09-18 14:41:15,1015105,4516890,LoL: Natus Vincere vs Movistar KOI - Game 4 Winner,map,4,2026-09-18 15:00:00,18.7,Natus Vincere,41947148478055573400174695880130875338154364600676904884297680057599810917165,0.43,0.47,0.45,0.04,26.97,297.65,307.65,25.56,3150.08,3150.08,19,13,8.62069
2026-09-18 14:41:15,1015105,4516890,LoL: Natus Vincere vs Movistar KOI - Game 4 Winner,map,4,2026-09-18 15:00:00,18.7,Movistar KOI,100812995150736179572190592529622590473987615635032692800947934575452335759582,0.53,0.57,0.55,0.04,28.3,3156.78,3156.78,36.73,438.75,454.73,13,19,8.62069
2026-09-18 14:41:15,1015105,4516893,LoL: Natus Vincere vs Movistar KOI (BO5) - LEC Playoffs,series,,2026-09-18 15:00:00,18.7,Natus Vincere,68274692138460745027217490227035175215920465167975797390606564502227655627930,0.37,0.38,0.375,0.01,5366.09,49709.87,64338.67,10232.81,20320.09,25551.59,35,50,596488.5695420001
2026-09-18 14:41:15,1015105,4516893,LoL: Natus Vincere vs Movistar KOI (BO5) - LEC Playoffs,series,,2026-09-18 15:00:00,18.7,Movistar KOI,64334046779190023162632298116496326894514926471030017641440343578904157566997,0.62,0.63,0.625,0.01,16651.34,31615.69,38670.19,9295.36,94260.27,124129.35,50,35,596488.5695420001
2026-09-18 14:41:15,1015105,4516896,Games Total: O/U 3.5,total_games,,2026-09-18 15:00:00,18.7,Over,79976487652907242443786244266535927375322005642948977389216373580502775001826,0.7,0.74,0.72,0.04,1549.41,2905.93,6175.68,757.75,4740.13,5675.71,11,11,1935.513711
2026-09-18 14:41:15,1015105,4516896,Games Total: O/U 3.5,total_games,,2026-09-18 15:00:00,18.7,Under,109234168747572535938025338897751134394983149027369296871956589683519521989543,0.26,0.3,0.28,0.04,252.7,1475.71,1737.06,675.61,1328.09,3088.34,11,11,1935.513711
2026-09-18 14:41:15,1015105,4516898,Games Total: O/U 4.5,total_games,,2026-09-18 15:00:00,18.7,Over,42908346447317448752464469030069663386716181258834437400853540272349358571915,0.3,0.32,0.31,0.02,2526.52,2849.34,2849.34,6415.29,6791.83,6933.72,11,31,20560.267885999994
2026-09-18 14:41:15,1015105,4516898,Games Total: O/U 4.5,total_games,,2026-09-18 15:00:00,18.7,Under,51820874743015681089718697424621431995946463810697460573436281273569963295907,0.68,0.7,0.69,0.02,13632.5,14331.78,14582.67,5930.82,6761.8,6761.8,31,11,20560.267885999994
2026-09-18 14:41:15,1015105,4516900,Game Handicap: MKOI (-1.5) vs Natus Vincere (+1.5),handicap,,2026-09-18 15:00:00,18.7,Movistar KOI,18372070380306323632290689903085871041588213085888069987267593306551700835927,0.44,0.45,0.445,0.01,3187.43,3626.18,5108.78,16165.19,33028.82,36495.58,22,25,86685.23403400001
2026-09-18 14:41:15,1015105,4516900,Game Handicap: MKOI (-1.5) vs Natus Vincere (+1.5),handicap,,2026-09-18 15:00:00,18.7,Natus Vincere,73576496561983722231686360730394754887244898504922158481902876916353019475520,0.55,0.56,0.555,0.01,19252.51,38226.29,41728.53,4099.1,4714.51,6975.91,25,22,86685.23403400001
2026-09-18 14:41:15,1015105,4516902,Game Handicap: MKOI (-2.5) vs Natus Vincere (+2.5),handicap,,2026-09-18 15:00:00,18.7,Movistar KOI,74024975006559345917317664837235739516682375513770697044314305516703341690704,0.22,0.23,0.225,0.01,71.34,572.0,773.37,1010.09,2191.33,3271.33,14,16,2410.0160109999997
2026-09-18 14:41:15,1015105,4516902,Game Handicap: MKOI (-2.5) vs Natus Vincere (+2.5),handicap,,2026-09-18 15:00:00,18.7,Natus Vincere,63465949490329829660037584929447217387135177222569022587380158344852572646143,0.77,0.78,0.775,0.01,3233.75,6694.3,9614.3,267.66,2289.39,3267.02,16,14,2410.0160109999997
2026-09-18 14:41:15,1015105,4516903,Game 1: Both Teams Slay Baron Nashor?,prop,1,2026-09-18 15:00:00,18.7,Yes,113629768485208465966989726295445546616366509490859851744258019997709546425644,0.03,0.22,0.125,0.19,1.04,1.88,1.88,3.8,3.8,3.8,3,7,5
2026-09-18 14:41:15,1015105,4516903,Game 1: Both Teams Slay Baron Nashor?,prop,1,2026-09-18 15:00:00,18.7,No,60115135813695096138652119556167975729107738610670069777336113962007322702642,0.78,0.97,0.875,0.19,12.93,12.93,12.93,48.55,131.07,131.07,7,3,5
2026-09-18 14:41:15,1015105,4516905,Game 1: Both Teams Slay a Dragon?,prop,1,2026-09-18 15:00:00,18.7,Yes,61946485307415643570260427240423181874220372021664997549859736838325517665406,0.1,0.97,0.535,0.87,4.5,4.9,4.9,28.51,111.01,111.01,5,3,
2026-09-18 14:41:15,1015105,4516905,Game 1: Both Teams Slay a Dragon?,prop,1,2026-09-18 15:00:00,18.7,No,52338224596397700119080178893119289329165203191338498334724428441936014613926,0.03,0.9,0.465,0.87,0.65,1.48,1.48,43.0,47.6,47.6,3,5,
2026-09-18 14:41:15,1015105,4516908,Game 1: Both Teams Destroy Inhibitors?,prop,1,2026-09-18 15:00:00,18.7,Yes,8135258981059687484423864394722190508058772357978712661538908518862106213608,0.02,0.97,0.495,0.95,1.03,1.03,1.03,9.75,34.5,34.5,2,3,
2026-09-18 14:41:15,1015105,4516908,Game 1: Both Teams Destroy Inhibitors?,prop,1,2026-09-18 15:00:00,18.7,No,13320047728499314867728761504770928625534987432087618901818973488516631967560,0.03,0.98,0.505,0.95,0.25,0.5,0.5,92.3,92.3,92.3,3,2,
2026-09-18 14:41:15,1015105,4516910,Game 1: Any Player Quadra Kill?,prop,1,2026-09-18 15:00:00,18.7,Yes,75314216447335760167310305670096920818888291919464406652923763007960427491788,0.02,0.98,0.5,0.96,0.45,0.45,0.45,34.55,34.55,34.55,2,2,
2026-09-18 14:41:15,1015105,4516910,Game 1: Any Player Quadra Kill?,prop,1,2026-09-18 15:00:00,18.7,No,80585168773941075863113403138636606363608622748544801368458111306635087801554,0.02,0.98,0.5,0.96,0.45,0.45,0.45,34.55,34.55,34.55,2,2,
2026-09-18 14:41:15,1015105,4516912,Game 1: Any Player Penta Kill?,prop,1,2026-09-18 15:00:00,18.7,Yes,60769182250149976618388660209492549882775777914639473295723887594336375577944,0.02,0.4,0.21,0.38,0.35,0.35,0.35,2.0,2.0,2.0,2,3,
2026-09-18 14:41:15,1015105,4516912,Game 1: Any Player Penta Kill?,prop,1,2026-09-18 15:00:00,18.7,No,3702368328794174666736391744250367987513490064104957067116683129603750597592,0.6,0.98,0.79,0.38,3.0,3.0,3.0,29.65,29.65,29.65,3,2,
2026-09-18 14:41:15,1015105,4516914,Game 1: Odd/Even Total Kills?,odd_even,1,2026-09-18 15:00:00,18.7,Odd,101210933553846797183977892074820263733389652996891869500584940346362592820308,0.46,0.53,0.495,0.07,261.31,261.31,261.31,17.74,292.74,292.74,6,8,
2026-09-18 14:41:15,1015105,4516914,Game 1: Odd/Even Total Kills?,odd_even,1,2026-09-18 15:00:00,18.7,Even,61600276857062807369953084452814312640451279582474036596018085450066476075670,0.47,0.54,0.505,0.07,15.26,240.26,240.26,318.69,318.69,318.69,8,6,
2026-09-18 14:41:15,1015105,4516917,Game 2: Both Teams Slay Baron Nashor?,prop,2,2026-09-18 15:00:00,18.7,Yes,104808546074196657555474658578148476874680954464773414373463198707214246902020,0.03,0.81,0.42,0.78,0.65,1.48,1.48,4.05,4.05,4.05,3,3,
2026-09-18 14:41:15,1015105,4516917,Game 2: Both Teams Slay Baron Nashor?,prop,2,2026-09-18 15:00:00,18.7,No,26421821163653988823168203835261967583569945635255659301192355605783347760179,0.19,0.97,0.58,0.78,0.95,0.95,0.95,28.51,111.01,111.01,3,3,
2026-09-18 14:41:15,1015105,4516919,Game 2: Both Teams Slay a Dragon?,prop,2,2026-09-18 15:00:00,18.7,Yes,33983397592306403001613168388325224796228721941423356948699593107718809169365,0.05,0.97,0.51,0.92,9.2,9.55,9.96,28.51,111.01,111.01,4,3,
2026-09-18 14:41:15,1015105,4516919,Game 2: Both Teams Slay a Dragon?,prop,2,2026-09-18 15:00:00,18.7,No,66485901875561491081429565245055106879089720957391713626154838723596117387008,0.03,0.95,0.49,0.92,0.65,1.48,1.48,175.8,192.95,233.77,3,4,
2026-09-18 14:41:15,1015105,4516921,Game 2: Both Teams Destroy Inhibitors?,prop,2,2026-09-18 15:00:00,18.7,Yes,110664697687699442115348556316287923050784452014992850980078483284791780579078,0.02,0.96,0.49,0.94,1.03,1.03,1.03,220.8,278.77,278.77,2,3,
2026-09-18 14:41:15,1015105,4516921,Game 2: Both Teams Destroy Inhibitors?,prop,2,2026-09-18 15:00:00,18.7,No,106570203808553925911578424634070814401895937069941611694185437867430019797713,0.04,0.98,0.51,0.94,9.2,9.96,9.96,92.3,92.3,92.3,3,2,
2026-09-18 14:41:15,1015105,4516922,Game 2: Any Player Quadra Kill?,prop,2,2026-09-18 15:00:00,18.7,Yes,67848776114265618659412686697420074149314840651447603091864640370213159827846,0.02,0.98,0.5,0.96,0.45,0.45,0.45,34.55,34.55,34.55,2,2,
2026-09-18 14:41:15,1015105,4516922,Game 2: Any Player Quadra Kill?,prop,2,2026-09-18 15:00:00,18.7,No,50104905188032683768791274049932475972076394414027276762324398167174997490074,0.02,0.98,0.5,0.96,0.45,0.45,0.45,34.55,34.55,34.55,2,2,
2026-09-18 14:41:15,1015105,4516924,Game 2: Any Player Penta Kill?,prop,2,2026-09-18 15:00:00,18.7,Yes,41363617948408122688792324228663525993734600370046997907564004850690193406470,0.02,0.98,0.5,0.96,0.35,0.35,0.35,34.55,34.55,34.55,2,2,
2026-09-18 14:41:15,1015105,4516924,Game 2: Any Player Penta Kill?,prop,2,2026-09-18 15:00:00,18.7,No,111228422503846566842660727826499187582775373984814099496633994115400968206527,0.02,0.98,0.5,0.96,0.45,0.45,0.45,29.65,29.65,29.65,2,2,
2026-09-18 14:41:15,1015105,4516927,Game 2: Odd/Even Total Kills?,odd_even,2,2026-09-18 15:00:00,18.7,Odd,75784658875786480320558994179576556655161352629296400328631345392135942294400,0.46,0.54,0.5,0.08,252.59,273.27,304.35,310.57,336.89,336.89,7,7,
2026-09-18 14:41:15,1015105,4516927,Game 2: Odd/Even Total Kills?,odd_even,2,2026-09-18 15:00:00,18.7,Even,108215168870720361059752465179774345397609336269186301872501736516824702270236,0.46,0.54,0.5,0.08,254.43,275.11,275.11,308.41,334.73,377.65,7,7,
2026-09-18 14:41:15,1015105,4516929,Game 3: Both Teams Slay Baron Nashor?,prop,3,2026-09-18 15:00:00,18.7,Yes,94636679990271334209439303266311509742150557388823744619793089911803630498958,0.02,0.93,0.475,0.91,1.03,1.03,1.03,69.84,69.84,74.74,2,4,
2026-09-18 14:41:15,1015105,4516929,Game 3: Both Teams Slay Baron Nashor?,prop,3,2026-09-18 15:00:00,18.7,No,91408842231899529168493973995485777705730300606799390570002183979814826105869,0.07,0.98,0.525,0.91,4.8,4.8,4.9,92.3,92.3,92.3,4,2,
2026-09-18 14:41:15,1015105,4516931,Game 3: Both Teams Slay a Dragon?,prop,3,2026-09-18 15:00:00,18.7,Yes,71528224879427732532194268155937522373699494786839016318090191943374048201988,0.08,0.97,0.525,0.89,9.35,9.35,9.35,28.51,111.01,111.01,4,3,
2026-09-18 14:41:15,1015105,4516931,Game 3: Both Teams Slay a Dragon?,prop,3,2026-09-18 15:00:00,18.7,No,41280885250934791477054316520936575463734681646696880531638432210186820306152,0.03,0.92,0.475,0.89,0.65,1.48,1.48,108.13,108.13,108.13,3,4,
2026-09-18 14:41:15,1015105,4516932,Game 3: Both Teams Destroy Inhibitors?,prop,3,2026-09-18 15:00:00,18.7,Yes,65905591164817045285475612968304180872457654535762302182503901512608518692795,0.02,0.95,0.485,0.93,1.03,1.03,1.03,175.8,192.95,241.32,2,4,
2026-09-18 14:41:15,1015105,4516932,Game 3: Both Teams Destroy Inhibitors?,prop,3,2026-09-18 15:00:00,18.7,No,8684747113492583624126642893614938728305707712132982150021409922638054348387,0.05,0.98,0.515,0.93,9.2,9.55,10.04,92.3,92.3,92.3,4,2,
2026-09-18 14:41:15,1015105,4516933,Game 3: Any Player Quadra Kill?,prop,3,2026-09-18 15:00:00,18.7,Yes,69305597639753638344147797372155613726382111227699335412702146320621488977789,0.02,0.98,0.5,0.96,0.45,0.45,0.45,34.55,34.55,34.55,2,2,
2026-09-18 14:41:15,1015105,4516933,Game 3: Any Player Quadra Kill?,prop,3,2026-09-18 15:00:00,18.7,No,30507080157207000140239269785040568946669800121851287249251485011154294236493,0.02,0.98,0.5,0.96,0.45,0.45,0.45,34.55,34.55,34.55,2,2,
2026-09-18 14:41:15,1015105,4516934,Game 3: Any Player Penta Kill?,prop,3,2026-09-18 15:00:00,18.7,Yes,5290935352407906167765256420166021002065849315173727088101356160486660562858,0.02,0.98,0.5,0.96,0.35,0.35,0.35,34.55,34.55,34.55,2,2,
2026-09-18 14:41:15,1015105,4516934,Game 3: Any Player Penta Kill?,prop,3,2026-09-18 15:00:00,18.7,No,35745250400117089108446773857425894253608005112660194188487722154057311957377,0.02,0.98,0.5,0.96,0.45,0.45,0.45,29.65,29.65,29.65,2,2,
2026-09-18 14:41:15,1015105,4516935,Game 3: Odd/Even Total Kills?,odd_even,3,2026-09-18 15:00:00,18.7,Odd,99780175100883584874006049511426438317621155309609587343445387118670798413623,0.46,0.53,0.495,0.07,265.47,286.15,286.15,22.58,349.75,349.75,8,8,
2026-09-18 14:41:15,1015105,4516935,Game 3: Odd/Even Total Kills?,odd_even,3,2026-09-18 15:00:00,18.7,Even,107462064724037300712410324309339646847016780734169166270804040960564819251367,0.47,0.54,0.505,0.07,19.42,286.25,286.25,323.53,349.85,349.85,8,8,
2026-09-18 14:41:15,1015105,4516936,Game 4: Both Teams Slay Baron Nashor?,prop,4,2026-09-18 15:00:00,18.7,Yes,60383507143917205690612279874235749943612816923327294339012748133687211276013,0.02,0.95,0.485,0.93,0.45,0.45,0.45,10.35,32.4,80.77,2,3,
2026-09-18 14:41:15,1015105,4516936,Game 4: Both Teams Slay Baron Nashor?,prop,4,2026-09-18 15:00:00,18.7,No,56183220170587773538239376827241380976513676328213670217835102369017957034944,0.05,0.98,0.515,0.93,0.54,0.99,1.48,34.55,34.55,34.55,3,2,
2026-09-18 14:41:15,1015105,4516937,Game 4: Both Teams Slay a Dragon?,prop,4,2026-09-18 15:00:00,18.7,Yes,90101083412959631281576806818798843574302088486721997580478348546884660274790,0.03,0.98,0.505,0.95,9.2,9.45,9.45,92.3,92.3,92.3,3,2,
2026-09-18 14:41:15,1015105,4516937,Game 4: Both Teams Slay a Dragon?,prop,4,2026-09-18 15:00:00,18.7,No,61952732612969437917361019345702202454177449959774908899662265588311274009451,0.02,0.97,0.495,0.95,1.03,1.03,1.03,300.8,325.55,325.55,2,3,
2026-09-18 14:41:15,1015105,4516940,Game 4: Both Teams Destroy Inhibitors?,prop,4,2026-09-18 15:00:00,18.7,Yes,68533313656299837650575385640947839121399943585934522944997364717473772818499,0.02,0.95,0.485,0.93,0.45,0.45,0.45,47.55,52.45,77.2,2,4,
2026-09-18 14:41:15,1015105,4516940,Game 4: Both Teams Destroy Inhibitors?,prop,4,2026-09-18 15:00:00,18.7,No,2958275988664067565510984231191001208355080903761705668130987045436891092418,0.05,0.98,0.515,0.93,2.45,2.55,2.8,34.55,34.55,34.55,4,2,
2026-09-18 14:41:15,1015105,4516942,Game 4: Any Player Quadra Kill?,prop,4,2026-09-18 15:00:00,18.7,Yes,9397629266694028277880785832399074444459874575745251226194943618261959889556,0.02,0.98,0.5,0.96,0.45,0.45,0.45,29.65,29.65,29.65,2,2,
2026-09-18 14:41:15,1015105,4516942,Game 4: Any Player Quadra Kill?,prop,4,2026-09-18 15:00:00,18.7,No,15464709989595928399739166653394756128375512520973887822875824444404896463880,0.02,0.98,0.5,0.96,0.35,0.35,0.35,34.55,34.55,34.55,2,2,
2026-09-18 14:41:15,1015105,4516944,Game 4: Any Player Penta Kill?,prop,4,2026-09-18 15:00:00,18.7,Yes,24743181503947724749746614763587876955356733902050433591876156700017821515436,0.02,0.98,0.5,0.96,0.35,0.35,0.35,29.65,29.65,29.65,2,2,
2026-09-18 14:41:15,1015105,4516944,Game 4: Any Player Penta Kill?,prop,4,2026-09-18 15:00:00,18.7,No,73770804382318417802379991125701869544212570071806772373272284095670818561451,0.02,0.98,0.5,0.96,0.35,0.35,0.35,29.65,29.65,29.65,2,2,
2026-09-18 14:41:15,1015105,4516946,Game 4: Odd/Even Total Kills?,odd_even,4,2026-09-18 15:00:00,18.7,Odd,14837063056612172016859641639268587753094212050678677066637419448339601367129,0.36,0.79,0.575,0.43,361.75,361.75,361.75,2374.0,2374.0,2374.0,4,4,
2026-09-18 14:41:15,1015105,4516946,Game 4: Odd/Even Total Kills?,odd_even,4,2026-09-18 15:00:00,18.7,Even,76368567617427817280390437886764140572612423377148300777039362743705690062363,0.21,0.64,0.425,0.43,631.0,631.0,631.0,643.25,643.25,643.25,4,4,
2026-09-18 14:41:15,1015105,4516948,Game 5: Both Teams Slay Baron Nashor?,prop,5,2026-09-18 15:00:00,18.7,Yes,43603942911732749963537903285483225863516010113997297697948891086014747827032,0.02,0.93,0.475,0.91,0.45,0.45,0.45,10.47,10.47,27.62,2,4,
2026-09-18 14:41:15,1015105,4516948,Game 5: Both Teams Slay Baron Nashor?,prop,5,2026-09-18 15:00:00,18.7,No,21617021686095251929472503971934235366744172874735480656738229942568272685121,0.07,0.98,0.525,0.91,0.73,0.73,1.08,34.55,34.55,34.55,4,2,
2026-09-18 14:41:15,1015105,4516950,Game 5: Both Teams Slay a Dragon?,prop,5,2026-09-18 15:00:00,18.7,Yes,4866822118181324958735019855926436665296327446129983783646173145033593840935,0.04,0.98,0.51,0.94,9.0,10.0,10.0,92.3,92.3,92.3,4,2,
2026-09-18 14:41:15,1015105,4516950,Game 5: Both Teams Slay a Dragon?,prop,5,2026-09-18 15:00:00,18.7,No,81034954300768114009084516552907498395793617165130816408714696787875936062261,0.02,0.96,0.49,0.94,1.03,1.03,1.03,272.25,348.7,348.7,2,4,
2026-09-18 14:41:15,1015105,4516952,Game 5: Both Teams Destroy Inhibitors?,prop,5,2026-09-18 15:00:00,18.7,Yes,73159878696324360512941720639706037812727303052479639242810020846254711262229,0.02,0.95,0.485,0.93,1.03,1.03,1.03,198.3,215.45,256.27,2,4,
2026-09-18 14:41:15,1015105,4516952,Game 5: Both Teams Destroy Inhibitors?,prop,5,2026-09-18 15:00:00,18.7,No,52561711745924009478226060564766656606175439583969700663028230558454691410212,0.05,0.98,0.515,0.93,9.2,9.55,9.96,92.3,92.3,92.3,4,2,
2026-09-18 14:41:15,1015105,4516954,Game 5: Any Player Quadra Kill?,prop,5,2026-09-18 15:00:00,18.7,Yes,110953649086297194022820298250575054256082109313540968196719065706617212912143,0.02,0.98,0.5,0.96,0.45,0.45,0.45,29.65,29.65,29.65,2,2,
2026-09-18 14:41:15,1015105,4516954,Game 5: Any Player Quadra Kill?,prop,5,2026-09-18 15:00:00,18.7,No,13033402318383436825130936873594750927577933152271832386399072115366613371761,0.02,0.98,0.5,0.96,0.35,0.35,0.35,34.55,34.55,34.55,2,2,
2026-09-18 14:41:15,1015105,4516956,Game 5: Any Player Penta Kill?,prop,5,2026-09-18 15:00:00,18.7,Yes,115393733178051100604445950918274337523244040409378827187549728043809809873976,0.02,0.98,0.5,0.96,0.45,0.45,0.45,29.65,29.65,29.65,2,2,
2026-09-18 14:41:15,1015105,4516956,Game 5: Any Player Penta Kill?,prop,5,2026-09-18 15:00:00,18.7,No,60902743458417841773505356916705632157140015804713536033246688523600144350671,0.02,0.98,0.5,0.96,0.35,0.35,0.35,34.55,34.55,34.55,2,2,
2026-09-18 14:41:15,1015105,4516958,Game 5: Odd/Even Total Kills?,odd_even,5,2026-09-18 15:00:00,18.7,Odd,111050693045085587549398189090198424653053916256454179869960638318605722794077,0.36,0.9,0.63,0.54,361.75,361.75,361.75,2704.55,2704.55,2704.55,4,5,
2026-09-18 14:41:15,1015105,4516958,Game 5: Odd/Even Total Kills?,odd_even,5,2026-09-18 15:00:00,18.7,Even,36282595415211297258179838545751977491022423341990315431491955371616395280045,0.1,0.64,0.37,0.54,300.45,300.45,300.45,643.25,643.25,643.25,5,4,
2026-09-18 14:41:15,1015105,4640245,First Blood in Game 2?,first_blood,2,2026-09-18 15:00:00,18.7,Natus Vincere,110398019873188915575143043162028177069742342421062428711692454584824004116706,0.29,0.68,0.485,0.39,871.4,871.4,871.4,2043.45,2043.45,2043.45,5,5,
2026-09-18 14:41:15,1015105,4640245,First Blood in Game 2?,first_blood,2,2026-09-18 15:00:00,18.7,Movistar KOI,58298933672988329349408079720387130533201307965684690548542033898959300835774,0.32,0.71,0.515,0.39,961.55,961.55,961.55,2133.6,2133.6,2133.6,5,5,
2026-09-18 14:41:15,1015105,4640248,First Blood in Game 4?,first_blood,4,2026-09-18 15:00:00,18.7,Natus Vincere,5945087916897488567361894143995793523788072014849644480108946030525957724488,0.02,0.98,0.5,0.96,0.3,0.3,0.3,24.7,24.7,24.7,2,2,
2026-09-18 14:41:15,1015105,4640248,First Blood in Game 4?,first_blood,4,2026-09-18 15:00:00,18.7,Movistar KOI,108892342337659943171561149061371037982505878633471558062928184798319477321142,0.02,0.98,0.5,0.96,0.3,0.3,0.3,24.7,24.7,24.7,2,2,
2026-09-18 14:41:15,1015105,4640246,First Blood in Game 1?,first_blood,1,2026-09-18 15:00:00,18.7,Natus Vincere,82817305586544052676407078912355662440485295799649513268740197726961550355635,0.46,0.51,0.485,0.05,162.56,459.65,459.65,201.35,560.51,560.51,6,6,49.019608
2026-09-18 14:41:15,1015105,4640246,First Blood in Game 1?,first_blood,1,2026-09-18 15:00:00,18.7,Movistar KOI,78210408250447737009123398457752385555603867427661811167382707340372094915183,0.49,0.54,0.515,0.05,191.64,508.48,508.48,197.44,589.1,589.1,6,6,49.019608
2026-09-18 14:41:15,1015105,4640247,First Blood in Game 3?,first_blood,3,2026-09-18 15:00:00,18.7,Natus Vincere,89869760644300808387143783257976264203851040832309525298231667184997858456893,0.21,0.76,0.485,0.55,631.0,631.0,631.0,2283.85,2283.85,2283.85,3,3,
2026-09-18 14:41:15,1015105,4640247,First Blood in Game 3?,first_blood,3,2026-09-18 15:00:00,18.7,Movistar KOI,112872931334079236844340999129095566126478574071985560612920675250200652150454,0.24,0.79,0.515,0.55,721.15,721.15,721.15,2374.0,2374.0,2374.0,3,3,
2026-09-18 14:41:15,1015105,4640249,Total Kills Over/Under 30.5 in Game 2?,total_kills,2,2026-09-18 15:00:00,18.7,Over,111684246065913386722252208120740288135605165691141658268755569820935864081855,0.31,0.35,0.33,0.04,18.16,154.71,188.46,188.15,188.15,335.65,15,20,
2026-09-18 14:41:15,1015105,4640249,Total Kills Over/Under 30.5 in Game 2?,total_kills,2,2026-09-18 15:00:00,18.7,Under,84052890913016661719008439611633642398957530760646045122557375539646895948095,0.65,0.69,0.67,0.04,348.95,348.95,576.45,42.21,382.02,473.27,20,15,
2026-09-18 14:41:15,1015105,4640251,Total Kills Over/Under 30.5 in Game 1?,total_kills,1,2026-09-18 15:00:00,18.7,Over,36656204676839121811836053099546256510333841895012740290910921795524751935251,0.28,0.35,0.315,0.07,6.95,250.9,296.76,182.6,322.6,371.35,13,20,30.071426000000002
2026-09-18 14:41:15,1015105,4640251,Total Kills Over/Under 30.5 in Game 1?,total_kills,1,2026-09-18 15:00:00,18.7,Under,38461909801556487358876132015407005168012090605290652636819307461631691866328,0.65,0.72,0.685,0.07,338.93,573.93,650.18,18.05,738.11,886.24,20,13,30.071426000000002
2026-09-18 14:41:15,1015105,4640250,Total Kills Over/Under 30.5 in Game 4?,total_kills,4,2026-09-18 15:00:00,18.7,Over,636548847725757372647830927941954364816799065224869551090959776795591789362,0.19,0.52,0.355,0.33,570.9,570.9,570.9,320.6,320.6,320.6,8,10,
2026-09-18 14:41:15,1015105,4640250,Total Kills Over/Under 30.5 in Game 4?,total_kills,4,2026-09-18 15:00:00,18.7,Under,40054374945328776648493518789582449946827900713413222863248791153583713310801,0.48,0.81,0.645,0.33,284.4,284.4,284.4,2434.1,2434.1,2434.1,10,8,
2026-09-18 14:41:15,1015105,4640253,Total Kills Over/Under 27.5 in Game 2?,total_kills,2,2026-09-18 15:00:00,18.7,Over,27924083183147832473319135593377538225291142314857754035981832252300606029115,0.47,0.51,0.49,0.04,7.22,181.26,287.51,173.0,306.75,306.75,19,15,
2026-09-18 14:41:15,1015105,4640253,Total Kills Over/Under 27.5 in Game 2?,total_kills,2,2026-09-18 15:00:00,18.7,Under,107020129940925482282815021999045796731926564496880777101996456592343916031355,0.49,0.53,0.51,0.04,160.44,276.69,276.69,8.37,228.99,372.74,15,19,
2026-09-18 14:41:15,1015105,4640252,Total Kills Over/Under 30.5 in Game 3?,total_kills,3,2026-09-18 15:00:00,18.7,Over,84391604665277520378303350075241993672334312004891488713978285366288875341134,0.31,0.35,0.33,0.04,18.51,150.56,184.31,181.14,181.14,328.64,14,20,
2026-09-18 14:41:15,1015105,4640252,Total Kills Over/Under 30.5 in Game 3?,total_kills,3,2026-09-18 15:00:00,18.7,Under,35501162188901036011962590432629254663562460594800598702337390900489826046382,0.65,0.69,0.67,0.04,336.24,336.24,563.74,42.81,371.52,462.77,20,14,
2026-09-18 14:41:15,1015105,4640255,Total Kills Over/Under 27.5 in Game 4?,total_kills,4,2026-09-18 15:00:00,18.7,Over,108903000363107753904510558294966167999033496300774598778202435784590423739571,0.18,0.51,0.345,0.33,114.97,116.62,116.62,2828.92,2828.92,2828.92,9,11,
2026-09-18 14:41:15,1015105,4640255,Total Kills Over/Under 27.5 in Game 4?,total_kills,4,2026-09-18 15:00:00,18.7,Under,9216746898568565635114068970887262776709497181240010345729343810402987972675,0.49,0.82,0.655,0.33,2717.58,2717.58,2717.58,524.31,533.66,533.66,11,9,
2026-09-18 14:41:15,1015105,4640254,Total Kills Over/Under 27.5 in Game 1?,total_kills,1,2026-09-18 15:00:00,18.7,Over,31716871666148058824604444666935991241577201830326807409522280094390541979950,0.44,0.48,0.46,0.04,94.13,106.43,544.18,2570.67,3475.99,3667.61,20,21,
2026-09-18 14:41:15,1015105,4640254,Total Kills Over/Under 27.5 in Game 1?,total_kills,1,2026-09-18 15:00:00,18.7,Under,80908230382902622261274601847522720171342629016678487162136781491164326361613,0.52,0.56,0.54,0.04,2677.73,3579.41,3752.79,120.44,138.14,800.39,21,20,
2026-09-18 14:41:15,1015105,4640256,Total Kills Over/Under 27.5 in Game 3?,total_kills,3,2026-09-18 15:00:00,18.7,Over,103970624499416537140806119377848990977853100683677792309048109365299324205737,0.46,0.5,0.48,0.04,249.67,390.06,469.19,3726.05,4133.65,4411.38,16,18,
2026-09-18 14:41:15,1015105,4640256,Total Kills Over/Under 27.5 in Game 3?,total_kills,3,2026-09-18 15:00:00,18.7,Under,92934888851824151927090206416638163256376739597605165922780770113756596249728,0.5,0.54,0.52,0.04,3720.64,4087.04,4321.31,304.37,485.89,599.76,18,16,
2026-09-18 14:41:15,1015105,4642161,Total Kills Over/Under 24.5 in Game 2?,total_kills,2,2026-09-18 15:00:00,18.7,Over,98953222752952589984673269489032639867335606079491461026912123474054088350101,0.6,0.65,0.625,0.05,181.33,329.69,609.69,343.62,429.79,782.92,16,17,8.787878000000001
2026-09-18 14:41:15,1015105,4642161,Total Kills Over/Under 24.5 in Game 2?,total_kills,2,2026-09-18 15:00:00,18.7,Under,111192312035434008148154651548084586176306830243795976955429460027646140926856,0.35,0.4,0.375,0.05,177.14,218.97,374.84,125.52,235.11,455.11,17,16,8.787878000000001
2026-09-18 14:41:15,1015105,4642162,Total Kills Over/Under 24.5 in Game 1?,total_kills,1,2026-09-18 15:00:00,18.7,Over,68335048001665797690797199718132261334179139263175159961169157516352778840992,0.57,0.62,0.595,0.05,293.18,523.8,590.05,3.1,214.2,756.68,20,17,234.284557
2026-09-18 14:41:15,1015105,4642162,Total Kills Over/Under 24.5 in Game 1?,total_kills,1,2026-09-18 15:00:00,18.7,Under,106464706722163380100508483534882248450648676116082864658123770776687153500496,0.38,0.43,0.405,0.05,1.9,116.23,392.75,229.36,420.74,479.49,17,20,234.284557
2026-09-18 14:41:15,1015105,4642164,Total Kills Over/Under 24.5 in Game 4?,total_kills,4,2026-09-18 15:00:00,18.7,Over,28378706074686080946380096164222314187865893482574803911780881518333895441125,0.18,0.7,0.44,0.52,4.19,5.84,5.84,703.55,703.55,703.55,9,9,
2026-09-18 14:41:15,1015105,4642164,Total Kills Over/Under 24.5 in Game 4?,total_kills,4,2026-09-18 15:00:00,18.7,Under,18174254138571697596340353139473268618127662800000049310368835364390215942875,0.3,0.82,0.56,0.52,301.45,301.45,301.45,19.81,29.16,29.16,9,9,
2026-09-18 14:41:15,1015105,4642163,Total Kills Over/Under 24.5 in Game 3?,total_kills,3,2026-09-18 15:00:00,18.7,Over,12983754161601526857948430016031155828080031959706187840555672335557532237138,0.61,0.66,0.635,0.05,9.1,229.1,580.35,307.38,540.16,716.41,21,16,131.515152
2026-09-18 14:41:15,1015105,4642163,Total Kills Over/Under 24.5 in Game 3?,total_kills,3,2026-09-18 15:00:00,18.7,Under,81320191533774081961822307615412982029308380454756382679106529796212969989721,0.34,0.39,0.365,0.05,157.62,262.84,336.59,5.9,160.9,434.65,16,21,131.515152
2026-09-18 14:47:25,1006560,4484544,LoL: Colossal Gaming vs Los Goccioles - Game 1 Winner,map,1,2026-09-18 16:00:00,72.6,Colossal Gaming,109916680883918372902826701402572476834844911724410800526697193675455865935217,0.57,0.62,0.595,0.05,137.45,137.45,137.45,8.4,8.4,8.4,10,11,8.333332
2026-09-18 14:47:25,1006560,4484544,LoL: Colossal Gaming vs Los Goccioles - Game 1 Winner,map,1,2026-09-18 16:00:00,72.6,Los Goccioles,101477868183991959153175742760966434340959934495356599809023889081087079250189,0.38,0.43,0.405,0.05,5.02,5.02,5.02,103.69,103.69,103.69,11,10,8.333332
2026-09-18 14:47:25,1006560,4484545,LoL: Colossal Gaming vs Los Goccioles - Game 2 Winner,map,2,2026-09-18 16:00:00,72.6,Colossal Gaming,36207233593306181987173668846636916318479757930209852461070428272258651600447,0.56,0.62,0.59,0.06,163.52,163.52,163.52,184.98,184.98,195.13,6,11,
2026-09-18 14:47:25,1006560,4484545,LoL: Colossal Gaming vs Los Goccioles - Game 2 Winner,map,2,2026-09-18 16:00:00,72.6,Los Goccioles,95368571053778264143525692083144036546372888001086334153800877807972360874532,0.38,0.44,0.41,0.06,108.85,108.85,113.85,128.48,128.48,128.48,11,6,
2026-09-18 14:47:25,1006560,4484546,LoL: Colossal Gaming vs Los Goccioles - Game 3 Winner,map,3,2026-09-18 16:00:00,72.6,Colossal Gaming,101206125103691400951505250901248865703623322960185266444225063121192162209769,0.56,0.62,0.59,0.06,163.52,163.52,163.52,184.98,184.98,184.98,3,6,
2026-09-18 14:47:25,1006560,4484546,LoL: Colossal Gaming vs Los Goccioles - Game 3 Winner,map,3,2026-09-18 16:00:00,72.6,Los Goccioles,97831820761085614293127182915884413187864587759975096433588605194606076611437,0.38,0.44,0.41,0.06,108.85,108.85,108.85,128.48,128.48,128.48,6,3,
2026-09-18 14:47:25,1006560,4484547,LoL: Colossal Gaming vs Los Goccioles - Game 4 Winner,map,4,2026-09-18 16:00:00,72.6,Colossal Gaming,114405102250851696641335056716588868314325338286519849512168898450493129813277,0.27,0.92,0.595,0.65,2.65,2.65,2.65,34.5,34.5,34.5,3,3,172.02
2026-09-18 14:47:25,1006560,4484547,LoL: Colossal Gaming vs Los Goccioles - Game 4 Winner,map,4,2026-09-18 16:00:00,72.6,Los Goccioles,37674971418749890932094837269028422226122045671308847761421958438914120686570,0.08,0.73,0.405,0.65,3.0,3.0,3.0,7.17,7.17,7.17,3,3,172.02
2026-09-18 14:47:25,1006560,4484548,LoL: Colossal Gaming vs Los Goccioles (BO5) - LIT Playoffs,series,,2026-09-18 16:00:00,72.6,Colossal Gaming,59126677095672628787605789416974516696073769486534008758439040898518354363168,0.66,0.67,0.665,0.01,154.09,414.1,442.2,1375.99,1379.44,1730.53,24,25,128.785354
2026-09-18 14:47:25,1006560,4484548,LoL: Colossal Gaming vs Los Goccioles (BO5) - LIT Playoffs,series,,2026-09-18 16:00:00,72.6,Los Goccioles,79695206108968755287241718136369046106885712025176705212956964636571850294580,0.33,0.34,0.335,0.01,647.74,649.29,786.14,79.46,227.43,245.31,25,24,128.785354
2026-09-18 14:47:25,1006560,4484549,Games Total: O/U 3.5,total_games,,2026-09-18 16:00:00,72.6,Over,80145482597193995839055538190327724737933834528396208523584150641520448122269,0.67,0.69,0.68,0.02,260.52,266.97,270.12,32.5,272.36,293.23,8,20,47.03
2026-09-18 14:47:25,1006560,4484549,Games Total: O/U 3.5,total_games,,2026-09-18 16:00:00,72.6,Under,82772240931673544230704917725350773242707187518498369305193527785335250444994,0.31,0.33,0.32,0.02,14.53,107.88,115.53,131.38,134.93,136.78,20,8,47.03
2026-09-18 14:47:25,1006560,4484550,Games Total: O/U 4.5,total_games,,2026-09-18 16:00:00,72.6,Over,65914196484027556534079364568918312894240042098150280914094419594648561458768,0.32,0.35,0.335,0.03,101.15,199.78,206.18,158.64,162.39,177.67,16,15,
2026-09-18 14:47:25,1006560,4484550,Games Total: O/U 4.5,total_games,,2026-09-18 16:00:00,72.6,Under,33405034309406639995825029034515909087862116868780444393036597877695302956248,0.65,0.68,0.665,0.03,288.71,294.96,318.02,224.47,454.77,471.23,15,16,
2026-09-18 14:47:25,1006560,4484551,Game 1: Both Teams Slay Baron Nashor?,prop,1,2026-09-18 16:00:00,72.6,Yes,109646671639612743295109443737782457455554192731950977660619720896412847111000,0.06,0.5,0.28,0.44,176.38,176.38,177.33,176.0,176.0,176.0,4,3,
2026-09-18 14:47:25,1006560,4484551,Game 1: Both Teams Slay Baron Nashor?,prop,1,2026-09-18 16:00:00,72.6,No,2945011852693356939179047211336128413198141666096467966339872874099703124005,0.5,0.94,0.72,0.44,176.0,176.0,176.0,3349.9,3349.9,3431.76,3,4,
2026-09-18 14:47:25,1006560,4484552,Game 1: Both Teams Slay a Dragon?,prop,1,2026-09-18 16:00:00,72.6,Yes,96282889347715354355202613066529151894231515387269828987237275675067217864809,0.5,0.83,0.665,0.33,176.0,176.0,176.0,859.29,859.29,859.29,3,3,
2026-09-18 14:47:25,1006560,4484552,Game 1: Both Teams Slay a Dragon?,prop,1,2026-09-18 16:00:00,72.6,No,67624833962155365387521031322988617058047486074720460503426630260792738258094,0.17,0.5,0.335,0.33,176.0,176.0,176.0,176.0,176.0,176.0,3,3,
2026-09-18 14:47:25,1006560,4484553,Game 1: Both Teams Destroy Inhibitors?,prop,1,2026-09-18 16:00:00,72.6,Yes,98802954366779933228672313874267280954196090091991664497816458635275285564865,0.04,0.5,0.27,0.46,176.52,177.18,177.18,176.0,176.0,176.0,4,3,
2026-09-18 14:47:25,1006560,4484553,Game 1: Both Teams Destroy Inhibitors?,prop,1,2026-09-18 16:00:00,72.6,No,79551460794277772347714825934705512147731401471833413971991396756386556835409,0.5,0.96,0.73,0.46,176.0,176.0,176.0,5703.05,5771.07,5771.07,3,4,
2026-09-18 14:47:25,1006560,4484554,Game 1: Any Player Quadra Kill?,prop,1,2026-09-18 16:00:00,72.6,Yes,29788206181536376948731514865874448305802518719331104241075884951180326221070,0.04,0.5,0.27,0.46,176.0,176.25,176.25,176.0,176.0,176.0,3,3,
2026-09-18 14:47:25,1006560,4484554,Game 1: Any Player Quadra Kill?,prop,1,2026-09-18 16:00:00,72.6,No,89691089768910712196705857917583249020155854268964873703486706488410688372433,0.5,0.96,0.73,0.46,176.0,176.0,176.0,4224.0,4243.75,4243.75,3,3,
2026-09-18 14:47:25,1006560,4484555,Game 1: Any Player Penta Kill?,prop,1,2026-09-18 16:00:00,72.6,Yes,42379136447846929494019008139893993490633583004390300080404415198148887031443,0.02,0.5,0.26,0.48,176.25,176.25,176.25,196.0,307.66,307.66,2,5,
2026-09-18 14:47:25,1006560,4484555,Game 1: Any Player Penta Kill?,prop,1,2026-09-18 16:00:00,72.6,No,62521547831089743286686987356566428359599836833132628967826068880026606927794,0.5,0.98,0.74,0.48,196.0,299.08,299.08,17443.75,17443.75,17443.75,5,2,
2026-09-18 14:47:25,1006560,4484556,Game 1: Odd/Even Total Kills?,odd_even,1,2026-09-18 16:00:00,72.6,Odd,86911462976977591422239266455395751273855708840618563883867461212147700680889,0.49,0.51,0.5,0.02,7.76,7.76,7.76,8.07,8.07,8.07,5,5,
2026-09-18 14:47:25,1006560,4484556,Game 1: Odd/Even Total Kills?,odd_even,1,2026-09-18 16:00:00,72.6,Even,43408340876671307064791738110122462879614898771222514777881513773426873658672,0.49,0.51,0.5,0.02,7.76,7.76,7.76,8.07,8.07,8.07,5,5,
2026-09-18 14:47:25,1006560,4484557,Game 2: Both Teams Slay Baron Nashor?,prop,2,2026-09-18 16:00:00,72.6,Yes,99273539239908037109196339569583789524671343125653213813743646680478181920106,0.06,0.5,0.28,0.44,176.38,176.38,177.33,176.0,176.0,176.0,4,3,
2026-09-18 14:47:25,1006560,4484557,Game 2: Both Teams Slay Baron Nashor?,prop,2,2026-09-18 16:00:00,72.6,No,33242049117140272085823629099088463844739930144410583402363645429114448217263,0.5,0.94,0.72,0.44,176.0,176.0,176.0,3349.9,3349.9,3431.76,3,4,
2026-09-18 14:47:25,1006560,4484558,Game 2: Both Teams Slay a Dragon?,prop,2,2026-09-18 16:00:00,72.6,Yes,70652670907551850664669064406480842310010192001048923205274111910705998896238,0.5,0.83,0.665,0.33,176.0,176.0,176.0,859.29,859.29,859.29,3,3,
2026-09-18 14:47:25,1006560,4484558,Game 2: Both Teams Slay a Dragon?,prop,2,2026-09-18 16:00:00,72.6,No,6115699214464384485052825663867874136879554869294102172327288916444392420712,0.17,0.5,0.335,0.33,176.0,176.0,176.0,176.0,176.0,176.0,3,3,
2026-09-18 14:47:25,1006560,4484559,Game 2: Both Teams Destroy Inhibitors?,prop,2,2026-09-18 16:00:00,72.6,Yes,69162917719515675893411150579311804206123792185520126237230752571092665536985,0.04,0.5,0.27,0.46,176.52,177.33,177.33,176.0,176.0,176.0,4,3,
2026-09-18 14:47:25,1006560,4484559,Game 2: Both Teams Destroy Inhibitors?,prop,2,2026-09-18 16:00:00,72.6,No,43678253183042422250687904982289500766179243301985472487415699192964084477093,0.5,0.96,0.73,0.46,176.0,176.0,176.0,5703.05,5771.07,5771.07,3,4,
2026-09-18 14:47:25,1006560,4484560,Game 2: Any Player Quadra Kill?,prop,2,2026-09-18 16:00:00,72.6,Yes,68567559409721422667794619792753502497851016496711910865432641456247433341900,0.04,0.5,0.27,0.46,176.0,176.25,176.25,176.0,176.0,176.0,3,3,
2026-09-18 14:47:25,1006560,4484560,Game 2: Any Player Quadra Kill?,prop,2,2026-09-18 16:00:00,72.6,No,95804048401224853593595547649937963420325707407953334871995334027192795026496,0.5,0.96,0.73,0.46,176.0,176.0,176.0,4224.0,4243.75,4243.75,3,3,
2026-09-18 14:47:25,1006560,4484561,Game 2: Any Player Penta Kill?,prop,2,2026-09-18 16:00:00,72.6,Yes,73472131541261359610931215323585128294240705086165086834821883571801196716363,0.02,0.5,0.26,0.48,176.25,176.25,176.25,196.0,307.66,307.66,2,5,
2026-09-18 14:47:25,1006560,4484561,Game 2: Any Player Penta Kill?,prop,2,2026-09-18 16:00:00,72.6,No,78042833174593851458090179515182853770180283902605553067142406945261710837358,0.5,0.98,0.74,0.48,196.0,299.08,299.08,17443.75,17443.75,17443.75,5,2,
2026-09-18 14:47:25,1006560,4484562,Game 2: Odd/Even Total Kills?,odd_even,2,2026-09-18 16:00:00,72.6,Odd,21376821444641683713841256922723028667696080730788175246711174440928008283063,0.49,0.51,0.5,0.02,7.76,7.76,7.76,8.07,8.07,8.07,5,5,
2026-09-18 14:47:25,1006560,4484562,Game 2: Odd/Even Total Kills?,odd_even,2,2026-09-18 16:00:00,72.6,Even,111753555407122333483168676321354410894826555455038412213095158212129887733757,0.49,0.51,0.5,0.02,7.76,7.76,7.76,8.07,8.07,8.07,5,5,
2026-09-18 14:47:25,1006560,4484563,Game 3: Both Teams Slay Baron Nashor?,prop,3,2026-09-18 16:00:00,72.6,Yes,55002680429415062590606452940635702772816368777991503194431990852803214080638,0.06,0.5,0.28,0.44,176.38,176.38,177.33,176.0,176.0,176.0,4,3,
2026-09-18 14:47:25,1006560,4484563,Game 3: Both Teams Slay Baron Nashor?,prop,3,2026-09-18 16:00:00,72.6,No,37568843671439433567981756337430008360402559633690871657845480946289809069005,0.5,0.94,0.72,0.44,176.0,176.0,176.0,3349.9,3349.9,3431.76,3,4,
2026-09-18 14:47:25,1006560,4484564,Game 3: Both Teams Slay a Dragon?,prop,3,2026-09-18 16:00:00,72.6,Yes,26089574432486020955807780191990329483718720718247818496979552893224512201032,0.5,0.83,0.665,0.33,176.0,176.0,176.0,859.29,859.29,859.29,3,3,
2026-09-18 14:47:25,1006560,4484564,Game 3: Both Teams Slay a Dragon?,prop,3,2026-09-18 16:00:00,72.6,No,104970833193095620364669292347440413888585616234531064950905587058364160418767,0.17,0.5,0.335,0.33,176.0,176.0,176.0,176.0,176.0,176.0,3,3,
2026-09-18 14:47:25,1006560,4484565,Game 3: Both Teams Destroy Inhibitors?,prop,3,2026-09-18 16:00:00,72.6,Yes,27803970851387488311274568932190891664460343286724711434378794958259993035011,0.03,0.5,0.265,0.47,176.25,176.81,176.81,176.0,176.0,176.0,3,3,
2026-09-18 14:47:25,1006560,4484565,Game 3: Both Teams Destroy Inhibitors?,prop,3,2026-09-18 16:00:00,72.6,No,91816560641125417056627475856678136118657420639877595620937609141544880663909,0.5,0.97,0.735,0.47,176.0,176.0,176.0,5702.91,5758.68,5758.68,3,3,
2026-09-18 14:47:25,1006560,4484566,Game 3: Any Player Quadra Kill?,prop,3,2026-09-18 16:00:00,72.6,Yes,94441151895223822909736858040712540433436993511397179669323882795389536626499,0.04,0.5,0.27,0.46,176.0,176.25,176.25,176.0,176.0,176.0,3,3,
2026-09-18 14:47:25,1006560,4484566,Game 3: Any Player Quadra Kill?,prop,3,2026-09-18 16:00:00,72.6,No,30465925048770014459919910137355778202010691235461420480929956438776558609642,0.5,0.96,0.73,0.46,176.0,176.0,176.0,4224.0,4243.75,4243.75,3,3,
2026-09-18 14:47:25,1006560,4484567,Game 3: Any Player Penta Kill?,prop,3,2026-09-18 16:00:00,72.6,Yes,114279174777470679643940118546127661835659949005377884504637608513802998641507,0.02,0.5,0.26,0.48,176.25,176.25,176.25,196.0,307.66,307.66,2,4,
2026-09-18 14:47:25,1006560,4484567,Game 3: Any Player Penta Kill?,prop,3,2026-09-18 16:00:00,72.6,No,76311976752377616093187129217582774737281904164754134536916242808979528628822,0.5,0.98,0.74,0.48,196.0,299.08,299.08,17443.75,17443.75,17443.75,4,2,
2026-09-18 14:47:25,1006560,4484568,Game 3: Odd/Even Total Kills?,odd_even,3,2026-09-18 16:00:00,72.6,Odd,96730093986400698722165267851271724935606386363450543474413636715463836455785,0.49,0.51,0.5,0.02,7.76,7.76,7.76,8.07,8.07,8.07,5,5,
2026-09-18 14:47:25,1006560,4484568,Game 3: Odd/Even Total Kills?,odd_even,3,2026-09-18 16:00:00,72.6,Even,113613417957010240095156889468086784112468730146858856900782437845814290610078,0.49,0.51,0.5,0.02,7.76,7.76,7.76,8.07,8.07,8.07,5,5,
2026-09-18 14:47:25,1006560,4484569,Game 4: Both Teams Slay Baron Nashor?,prop,4,2026-09-18 16:00:00,72.6,Yes,37939703070052636886580343571033325578332549657424287648512891894861283130048,0.06,0.98,0.52,0.92,176.51,176.51,177.33,119.16,119.16,119.16,4,2,
2026-09-18 14:47:25,1006560,4484569,Game 4: Both Teams Slay Baron Nashor?,prop,4,2026-09-18 16:00:00,72.6,No,81469928702981560544320883566256458642364449570570804397792411187158716943465,0.02,0.94,0.48,0.92,1.33,1.33,1.33,3351.91,3351.91,3420.4,2,4,
2026-09-18 14:47:25,1006560,4484570,Game 4: Both Teams Slay a Dragon?,prop,4,2026-09-18 16:00:00,72.6,Yes,86048597513194370056989567755913221252534889958771200870719952541561560071237,0.02,0.83,0.425,0.81,1.33,1.33,1.33,859.29,859.29,859.29,2,3,
2026-09-18 14:47:25,1006560,4484570,Game 4: Both Teams Slay a Dragon?,prop,4,2026-09-18 16:00:00,72.6,No,86687727666924183842096605866624259559205634086053114906414682657183192118115,0.17,0.98,0.575,0.81,176.0,176.0,176.0,119.17,119.17,119.17,3,2,
2026-09-18 14:47:25,1006560,4484571,Game 4: Both Teams Destroy Inhibitors?,prop,4,2026-09-18 16:00:00,72.6,Yes,91213502874539958004752945477069752704333309206667822436753252549686224946397,0.03,0.98,0.505,0.95,176.25,176.68,176.68,119.17,119.17,119.17,3,2,
2026-09-18 14:47:25,1006560,4484571,Game 4: Both Teams Destroy Inhibitors?,prop,4,2026-09-18 16:00:00,72.6,No,62593559094865018556384810717371426391541059027040030528972437919725784036765,0.02,0.97,0.495,0.95,1.33,1.33,1.33,5702.91,5745.58,5745.58,2,3,
2026-09-18 14:47:25,1006560,4484572,Game 4: Any Player Quadra Kill?,prop,4,2026-09-18 16:00:00,72.6,Yes,34064385733246354563056065306531732975716489379217168896820708684059718607551,0.04,0.98,0.51,0.94,176.0,176.25,176.25,19.75,19.75,19.75,3,2,
2026-09-18 14:47:25,1006560,4484572,Game 4: Any Player Quadra Kill?,prop,4,2026-09-18 16:00:00,72.6,No,47125298562215925480600334831814226987733650790004712387712534030237838957739,0.02,0.96,0.49,0.94,0.25,0.25,0.25,4224.0,4243.75,4243.75,2,3,
2026-09-18 14:47:25,1006560,4484573,Game 4: Any Player Penta Kill?,prop,4,2026-09-18 16:00:00,72.6,Yes,56314025380694455360625381252651320602951916358308812544486090010385321521133,0.02,0.98,0.5,0.96,176.25,176.25,176.25,19.75,19.75,19.75,2,2,
2026-09-18 14:47:25,1006560,4484573,Game 4: Any Player Penta Kill?,prop,4,2026-09-18 16:00:00,72.6,No,112927945545588245979600485961040640926698901617176776873027682671010806783416,0.02,0.98,0.5,0.96,0.25,0.25,0.25,17443.75,17443.75,17443.75,2,2,
2026-09-18 14:47:25,1006560,4484574,Game 4: Odd/Even Total Kills?,odd_even,4,2026-09-18 16:00:00,72.6,Odd,26956211092666903163340213071184941707379060432917321058241102986165803030363,0.49,0.51,0.5,0.02,7.76,7.76,7.76,8.07,8.07,8.07,7,6,
2026-09-18 14:47:25,1006560,4484574,Game 4: Odd/Even Total Kills?,odd_even,4,2026-09-18 16:00:00,72.6,Even,46392672404247612158267449347782996282734931642542765850521648722334277819330,0.49,0.51,0.5,0.02,7.76,7.76,7.76,8.07,8.07,8.07,6,7,
2026-09-18 14:47:25,1006560,4484575,Game 5: Both Teams Slay Baron Nashor?,prop,5,2026-09-18 16:00:00,72.6,Yes,9399258485272004998916694525472290698178960908384612081206763560447428716352,0.06,0.98,0.52,0.92,176.51,176.51,177.33,119.17,119.17,119.17,4,2,
2026-09-18 14:47:25,1006560,4484575,Game 5: Both Teams Slay Baron Nashor?,prop,5,2026-09-18 16:00:00,72.6,No,83203365683304218343865477456396013459055591268695841380282445899483631083816,0.02,0.94,0.48,0.92,1.33,1.33,1.33,3351.91,3351.91,3420.44,2,4,
2026-09-18 14:47:25,1006560,4484576,Game 5: Both Teams Slay a Dragon?,prop,5,2026-09-18 16:00:00,72.6,Yes,21884054535502479391428670815433622630574184524429052529656192181067032111909,0.02,0.83,0.425,0.81,1.33,1.33,1.33,859.29,859.29,859.29,2,3,
2026-09-18 14:47:25,1006560,4484576,Game 5: Both Teams Slay a Dragon?,prop,5,2026-09-18 16:00:00,72.6,No,67973791371504261423799509260234274151045352840645364379941379968025473213290,0.17,0.98,0.575,0.81,176.0,176.0,176.0,119.17,119.17,119.17,3,2,
2026-09-18 14:47:25,1006560,4484577,Game 5: Both Teams Destroy Inhibitors?,prop,5,2026-09-18 16:00:00,72.6,Yes,46113629726100388038634322452133873689664691850329351812662555318889411661730,0.04,0.98,0.51,0.94,176.65,177.33,177.33,119.17,119.17,119.17,4,2,
2026-09-18 14:47:25,1006560,4484577,Game 5: Both Teams Destroy Inhibitors?,prop,5,2026-09-18 16:00:00,72.6,No,88169126000290548179453277763396127039837291969170278764704567886709918031131,0.02,0.96,0.49,0.94,1.33,1.33,1.33,5706.23,5761.15,5761.15,2,4,
2026-09-18 14:47:25,1006560,4484578,Game 5: Any Player Quadra Kill?,prop,5,2026-09-18 16:00:00,72.6,Yes,58976705023742360385100634834228057898984103074351827018198778246050148908195,0.05,0.98,0.515,0.93,189.74,189.84,189.99,19.75,19.75,19.75,4,2,
2026-09-18 14:47:25,1006560,4484578,Game 5: Any Player Quadra Kill?,prop,5,2026-09-18 16:00:00,72.6,No,93802788734649731073847377969372796778847860288816655205889564525747989854457,0.02,0.95,0.485,0.93,0.25,0.25,0.25,3673.85,3678.75,3693.6,2,4,
2026-09-18 14:47:25,1006560,4484579,Game 5: Any Player Penta Kill?,prop,5,2026-09-18 16:00:00,72.6,Yes,33529384713028489642697549252752244428847595069478869879563195677768091624646,0.05,0.98,0.515,0.93,28.65,28.75,204.9,19.75,19.75,19.75,3,2,
2026-09-18 14:47:25,1006560,4484579,Game 5: Any Player Penta Kill?,prop,5,2026-09-18 16:00:00,72.6,No,67410159568150529838740446116535518233970394098135010044759439863554353517784,0.02,0.95,0.485,0.93,0.25,0.25,0.25,544.35,549.25,17988.1,2,3,
2026-09-18 14:47:25,1006560,4484580,Game 5: Odd/Even Total Kills?,odd_even,5,2026-09-18 16:00:00,72.6,Odd,4637144246209315783241777341044119281194149130264778749875476920052727912517,0.49,0.51,0.5,0.02,7.76,7.76,7.76,8.07,8.07,8.07,6,5,
2026-09-18 14:47:25,1006560,4484580,Game 5: Odd/Even Total Kills?,odd_even,5,2026-09-18 16:00:00,72.6,Even,101639357751906375612785869172937396477498406739846278738502292865808715459593,0.49,0.51,0.5,0.02,7.76,7.76,7.76,8.07,8.07,8.07,5,6,
2026-09-18 14:47:25,1015105,4516882,LoL: Natus Vincere vs Movistar KOI - Game 1 Winner,map,1,2026-09-18 15:00:00,12.6,Natus Vincere,70191001328311994236207288513152250300862619125520735379401581909320240365242,0.43,0.44,0.435,0.01,662.46,9648.0,12281.6,1752.71,10632.89,11115.29,37,45,15105.824134
2026-09-18 14:47:25,1015105,4516882,LoL: Natus Vincere vs Movistar KOI - Game 1 Winner,map,1,2026-09-18 15:00:00,12.6,Movistar KOI,71244617840232667664691442479870202157378848140704759452577610379660506414618,0.56,0.57,0.565,0.01,2164.28,12567.1,13089.7,893.6,13943.68,18150.08,45,37,15105.824134
2026-09-18 14:47:25,1015105,4516884,LoL: Natus Vincere vs Movistar KOI - Game 2 Winner,map,2,2026-09-18 15:00:00,12.6,Natus Vincere,20060404422016322493732668923305609511397124835916812867299867392580214411963,0.41,0.42,0.415,0.01,1404.01,2833.99,2867.29,172.73,1962.3,3559.88,31,39,10295.376797
2026-09-18 14:47:25,1015105,4516884,LoL: Natus Vincere vs Movistar KOI - Game 2 Winner,map,2,2026-09-18 15:00:00,12.6,Movistar KOI,1824543711528743027924843644264035592449578071747357069606240858613815249846,0.58,0.59,0.585,0.01,231.8,2467.18,4293.21,2050.56,4346.07,4402.77,39,31,10295.376797
2026-09-18 14:47:25,1015105,4516887,LoL: Natus Vincere vs Movistar KOI - Game 3 Winner,map,3,2026-09-18 15:00:00,12.6,Natus Vincere,81497345356393250312702056645266427483395058712368081494060321643812014303677,0.42,0.43,0.425,0.01,777.51,1639.67,2251.2,928.21,2309.33,3964.33,31,38,8938.401864
2026-09-18 14:47:25,1015105,4516887,LoL: Natus Vincere vs Movistar KOI - Game 3 Winner,map,3,2026-09-18 15:00:00,12.6,Movistar KOI,51757772193535957745301345874107034579808541856767465684653529885039157696965,0.57,0.58,0.575,0.01,1183.26,2826.4,4671.4,1118.48,2436.68,3435.88,38,31,8938.401864
2026-09-18 14:47:25,1015105,4516890,LoL: Natus Vincere vs Movistar KOI - Game 4 Winner,map,4,2026-09-18 15:00:00,12.6,Natus Vincere,41947148478055573400174695880130875338154364600676904884297680057599810917165,0.43,0.47,0.45,0.04,26.97,297.65,307.65,16.7,3141.22,3141.22,18,12,8.62069
2026-09-18 14:47:25,1015105,4516890,LoL: Natus Vincere vs Movistar KOI - Game 4 Winner,map,4,2026-09-18 15:00:00,12.6,Movistar KOI,100812995150736179572190592529622590473987615635032692800947934575452335759582,0.53,0.57,0.55,0.04,18.3,3146.78,3146.78,36.73,438.75,454.73,12,18,8.62069
2026-09-18 14:47:25,1015105,4516893,LoL: Natus Vincere vs Movistar KOI (BO5) - LEC Playoffs,series,,2026-09-18 15:00:00,12.6,Natus Vincere,68274692138460745027217490227035175215920465167975797390606564502227655627930,0.37,0.38,0.375,0.01,5339.06,49467.71,64114.11,19021.4,37878.62,43110.12,33,49,596488.5695420001
2026-09-18 14:47:25,1015105,4516893,LoL: Natus Vincere vs Movistar KOI (BO5) - LEC Playoffs,series,,2026-09-18 15:00:00,12.6,Movistar KOI,64334046779190023162632298116496326894514926471030017641440343578904157566997,0.62,0.63,0.625,0.01,30221.26,58355.84,65410.34,9251.51,93821.87,123728.35,49,33,596488.5695420001
2026-09-18 14:47:25,1015105,4516896,Games Total: O/U 3.5,total_games,,2026-09-18 15:00:00,12.6,Over,79976487652907242443786244266535927375322005642948977389216373580502775001826,0.7,0.74,0.72,0.04,1148.21,1932.43,3579.18,682.75,3610.18,4641.98,12,14,1935.513711
2026-09-18 14:47:25,1015105,4516896,Games Total: O/U 3.5,total_games,,2026-09-18 15:00:00,12.6,Under,109234168747572535938025338897751134394983149027369296871956589683519521989543,0.26,0.3,0.28,0.04,227.7,1129.1,1417.3,496.81,881.59,1764.84,14,12,1935.513711
2026-09-18 14:47:25,1015105,4516898,Games Total: O/U 4.5,total_games,,2026-09-18 15:00:00,12.6,Over,42908346447317448752464469030069663386716181258834437400853540272349358571915,0.3,0.33,0.315,0.03,1418.01,1832.54,1832.54,22.19,275.89,523.26,13,36,20560.267885999994
2026-09-18 14:47:25,1015105,4516898,Games Total: O/U 4.5,total_games,,2026-09-18 15:00:00,12.6,Under,51820874743015681089718697424621431995946463810697460573436281273569963295907,0.67,0.7,0.685,0.03,43.38,512.1,923.73,3381.33,4449.91,4449.91,36,13,20560.267885999994
2026-09-18 14:47:25,1015105,4516900,Game Handicap: MKOI (-1.5) vs Natus Vincere (+1.5),handicap,,2026-09-18 15:00:00,12.6,Movistar KOI,18372070380306323632290689903085871041588213085888069987267593306551700835927,0.44,0.45,0.445,0.01,3315.53,3649.32,4881.27,15890.19,32281.47,34285.48,27,28,86685.23403400001
2026-09-18 14:47:25,1015105,4516900,Game Handicap: MKOI (-1.5) vs Natus Vincere (+1.5),handicap,,2026-09-18 15:00:00,12.6,Natus Vincere,73576496561983722231686360730394754887244898504922158481902876916353019475520,0.55,0.56,0.555,0.01,18927.51,37368.64,39408.63,4268.91,4733.28,6606.33,28,27,86685.23403400001
2026-09-18 14:47:25,1015105,4516902,Game Handicap: MKOI (-2.5) vs Natus Vincere (+2.5),handicap,,2026-09-18 15:00:00,12.6,Movistar KOI,74024975006559345917317664837235739516682375513770697044314305516703341690704,0.22,0.23,0.225,0.01,71.34,572.0,747.37,690.59,1999.83,2404.83,16,16,2410.0160109999997
2026-09-18 14:47:25,1015105,4516902,Game Handicap: MKOI (-2.5) vs Natus Vincere (+2.5),handicap,,2026-09-18 15:00:00,12.6,Natus Vincere,63465949490329829660037584929447217387135177222569022587380158344852572646143,0.77,0.78,0.775,0.01,2203.25,6035.8,7130.8,267.66,2289.39,3143.02,16,16,2410.0160109999997
2026-09-18 14:47:25,1015105,4516903,Game 1: Both Teams Slay Baron Nashor?,prop,1,2026-09-18 15:00:00,12.6,Yes,113629768485208465966989726295445546616366509490859851744258019997709546425644,0.02,0.83,0.425,0.81,0.45,0.45,0.45,46.41,60.86,60.86,2,8,5
2026-09-18 14:47:25,1015105,4516903,Game 1: Both Teams Slay Baron Nashor?,prop,1,2026-09-18 15:00:00,12.6,No,60115135813695096138652119556167975729107738610670069777336113962007322702642,0.17,0.98,0.575,0.81,9.0,11.55,11.55,34.55,34.55,34.55,8,2,5
2026-09-18 14:47:25,1015105,4516905,Game 1: Both Teams Slay a Dragon?,prop,1,2026-09-18 15:00:00,12.6,Yes,61946485307415643570260427240423181874220372021664997549859736838325517665406,0.16,0.98,0.57,0.82,9.75,9.75,9.75,34.55,34.55,34.55,4,2,
2026-09-18 14:47:25,1015105,4516905,Game 1: Both Teams Slay a Dragon?,prop,1,2026-09-18 15:00:00,12.6,No,52338224596397700119080178893119289329165203191338498334724428441936014613926,0.02,0.84,0.43,0.82,0.45,0.45,0.45,51.49,51.49,51.49,2,4,
2026-09-18 14:47:25,1015105,4516908,Game 1: Both Teams Destroy Inhibitors?,prop,1,2026-09-18 15:00:00,12.6,Yes,8135258981059687484423864394722190508058772357978712661538908518862106213608,0.02,0.95,0.485,0.93,0.45,0.45,0.45,204.75,214.5,239.25,2,5,
2026-09-18 14:47:25,1015105,4516908,Game 1: Both Teams Destroy Inhibitors?,prop,1,2026-09-18 15:00:00,12.6,No,13320047728499314867728761504770928625534987432087618901818973488516631967560,0.05,0.98,0.515,0.93,9.0,9.25,9.5,34.55,34.55,34.55,5,2,
2026-09-18 14:47:25,1015105,4516910,Game 1: Any Player Quadra Kill?,prop,1,2026-09-18 15:00:00,12.6,Yes,75314216447335760167310305670096920818888291919464406652923763007960427491788,0.02,0.98,0.5,0.96,0.45,0.45,0.45,34.55,34.55,34.55,2,2,
2026-09-18 14:47:25,1015105,4516910,Game 1: Any Player Quadra Kill?,prop,1,2026-09-18 15:00:00,12.6,No,80585168773941075863113403138636606363608622748544801368458111306635087801554,0.02,0.98,0.5,0.96,0.45,0.45,0.45,34.55,34.55,34.55,2,2,
2026-09-18 14:47:25,1015105,4516912,Game 1: Any Player Penta Kill?,prop,1,2026-09-18 15:00:00,12.6,Yes,60769182250149976618388660209492549882775777914639473295723887594336375577944,0.02,0.4,0.21,0.38,0.35,0.35,0.35,2.0,2.0,2.0,2,3,
2026-09-18 14:47:25,1015105,4516912,Game 1: Any Player Penta Kill?,prop,1,2026-09-18 15:00:00,12.6,No,3702368328794174666736391744250367987513490064104957067116683129603750597592,0.6,0.98,0.79,0.38,3.0,3.0,3.0,29.65,29.65,29.65,3,2,
2026-09-18 14:47:25,1015105,4516914,Game 1: Odd/Even Total Kills?,odd_even,1,2026-09-18 15:00:00,12.6,Odd,101210933553846797183977892074820263733389652996891869500584940346362592820308,0.46,0.53,0.495,0.07,261.31,282.87,282.87,17.74,347.13,347.13,7,8,
2026-09-18 14:47:25,1015105,4516914,Game 1: Odd/Even Total Kills?,odd_even,1,2026-09-18 15:00:00,12.6,Even,61600276857062807369953084452814312640451279582474036596018085450066476075670,0.47,0.54,0.505,0.07,15.26,283.87,283.87,318.69,346.13,346.13,8,7,
2026-09-18 14:47:25,1015105,4516917,Game 2: Both Teams Slay Baron Nashor?,prop,2,2026-09-18 15:00:00,12.6,Yes,104808546074196657555474658578148476874680954464773414373463198707214246902020,0.02,0.98,0.5,0.96,0.45,0.45,0.45,34.55,34.55,34.55,2,2,
2026-09-18 14:47:25,1015105,4516917,Game 2: Both Teams Slay Baron Nashor?,prop,2,2026-09-18 15:00:00,12.6,No,26421821163653988823168203835261967583569945635255659301192355605783347760179,0.02,0.98,0.5,0.96,0.45,0.45,0.45,34.55,34.55,34.55,2,2,
2026-09-18 14:47:25,1015105,4516919,Game 2: Both Teams Slay a Dragon?,prop,2,2026-09-18 15:00:00,12.6,Yes,33983397592306403001613168388325224796228721941423356948699593107718809169365,0.02,0.98,0.5,0.96,0.45,0.45,0.45,34.55,34.55,34.55,2,2,
2026-09-18 14:47:25,1015105,4516919,Game 2: Both Teams Slay a Dragon?,prop,2,2026-09-18 15:00:00,12.6,No,66485901875561491081429565245055106879089720957391713626154838723596117387008,0.02,0.98,0.5,0.96,0.45,0.45,0.45,34.55,34.55,34.55,2,2,
2026-09-18 14:47:25,1015105,4516921,Game 2: Both Teams Destroy Inhibitors?,prop,2,2026-09-18 15:00:00,12.6,Yes,110664697687699442115348556316287923050784452014992850980078483284791780579078,0.02,0.98,0.5,0.96,0.45,0.45,0.45,34.55,34.55,34.55,2,2,
2026-09-18 14:47:25,1015105,4516921,Game 2: Both Teams Destroy Inhibitors?,prop,2,2026-09-18 15:00:00,12.6,No,106570203808553925911578424634070814401895937069941611694185437867430019797713,0.02,0.98,0.5,0.96,0.45,0.45,0.45,34.55,34.55,34.55,2,2,
2026-09-18 14:47:25,1015105,4516922,Game 2: Any Player Quadra Kill?,prop,2,2026-09-18 15:00:00,12.6,Yes,67848776114265618659412686697420074149314840651447603091864640370213159827846,0.02,0.98,0.5,0.96,0.45,0.45,0.45,34.55,34.55,34.55,2,2,
2026-09-18 14:47:25,1015105,4516922,Game 2: Any Player Quadra Kill?,prop,2,2026-09-18 15:00:00,12.6,No,50104905188032683768791274049932475972076394414027276762324398167174997490074,0.02,0.98,0.5,0.96,0.45,0.45,0.45,34.55,34.55,34.55,2,2,
2026-09-18 14:47:25,1015105,4516924,Game 2: Any Player Penta Kill?,prop,2,2026-09-18 15:00:00,12.6,Yes,41363617948408122688792324228663525993734600370046997907564004850690193406470,0.02,0.98,0.5,0.96,0.35,0.35,0.35,34.55,34.55,34.55,2,2,
2026-09-18 14:47:25,1015105,4516924,Game 2: Any Player Penta Kill?,prop,2,2026-09-18 15:00:00,12.6,No,111228422503846566842660727826499187582775373984814099496633994115400968206527,0.02,0.98,0.5,0.96,0.45,0.45,0.45,29.65,29.65,29.65,2,2,
2026-09-18 14:47:25,1015105,4516927,Game 2: Odd/Even Total Kills?,odd_even,2,2026-09-18 15:00:00,12.6,Odd,75784658875786480320558994179576556655161352629296400328631345392135942294400,0.46,0.54,0.5,0.08,252.59,273.27,304.35,310.57,336.89,336.89,7,7,
2026-09-18 14:47:25,1015105,4516927,Game 2: Odd/Even Total Kills?,odd_even,2,2026-09-18 15:00:00,12.6,Even,108215168870720361059752465179774345397609336269186301872501736516824702270236,0.46,0.54,0.5,0.08,254.43,275.11,275.11,308.41,334.73,377.65,7,7,
2026-09-18 14:47:25,1015105,4516929,Game 3: Both Teams Slay Baron Nashor?,prop,3,2026-09-18 15:00:00,12.6,Yes,94636679990271334209439303266311509742150557388823744619793089911803630498958,0.02,0.95,0.485,0.93,0.45,0.45,0.45,133.05,137.95,162.7,2,4,
2026-09-18 14:47:25,1015105,4516929,Game 3: Both Teams Slay Baron Nashor?,prop,3,2026-09-18 15:00:00,12.6,No,91408842231899529168493973995485777705730300606799390570002183979814826105869,0.05,0.98,0.515,0.93,6.95,7.05,7.3,34.55,34.55,34.55,4,2,
2026-09-18 14:47:25,1015105,4516931,Game 3: Both Teams Slay a Dragon?,prop,3,2026-09-18 15:00:00,12.6,Yes,71528224879427732532194268155937522373699494786839016318090191943374048201988,0.02,0.98,0.5,0.96,0.45,0.45,0.45,34.55,34.55,34.55,2,2,
2026-09-18 14:47:25,1015105,4516931,Game 3: Both Teams Slay a Dragon?,prop,3,2026-09-18 15:00:00,12.6,No,41280885250934791477054316520936575463734681646696880531638432210186820306152,0.02,0.98,0.5,0.96,0.45,0.45,0.45,34.55,34.55,34.55,2,2,
2026-09-18 14:47:25,1015105,4516932,Game 3: Both Teams Destroy Inhibitors?,prop,3,2026-09-18 15:00:00,12.6,Yes,65905591164817045285475612968304180872457654535762302182503901512608518692795,0.02,0.98,0.5,0.96,0.45,0.45,0.45,34.55,34.55,34.55,2,2,
2026-09-18 14:47:25,1015105,4516932,Game 3: Both Teams Destroy Inhibitors?,prop,3,2026-09-18 15:00:00,12.6,No,8684747113492583624126642893614938728305707712132982150021409922638054348387,0.02,0.98,0.5,0.96,0.45,0.45,0.45,34.55,34.55,34.55,2,2,
2026-09-18 14:47:25,1015105,4516933,Game 3: Any Player Quadra Kill?,prop,3,2026-09-18 15:00:00,12.6,Yes,69305597639753638344147797372155613726382111227699335412702146320621488977789,0.02,0.98,0.5,0.96,0.45,0.45,0.45,34.55,34.55,34.55,2,2,
2026-09-18 14:47:25,1015105,4516933,Game 3: Any Player Quadra Kill?,prop,3,2026-09-18 15:00:00,12.6,No,30507080157207000140239269785040568946669800121851287249251485011154294236493,0.02,0.98,0.5,0.96,0.45,0.45,0.45,34.55,34.55,34.55,2,2,
2026-09-18 14:47:25,1015105,4516934,Game 3: Any Player Penta Kill?,prop,3,2026-09-18 15:00:00,12.6,Yes,5290935352407906167765256420166021002065849315173727088101356160486660562858,0.02,0.98,0.5,0.96,0.35,0.35,0.35,34.55,34.55,34.55,2,2,
2026-09-18 14:47:25,1015105,4516934,Game 3: Any Player Penta Kill?,prop,3,2026-09-18 15:00:00,12.6,No,35745250400117089108446773857425894253608005112660194188487722154057311957377,0.02,0.98,0.5,0.96,0.45,0.45,0.45,29.65,29.65,29.65,2,2,
2026-09-18 14:47:25,1015105,4516935,Game 3: Odd/Even Total Kills?,odd_even,3,2026-09-18 15:00:00,12.6,Odd,99780175100883584874006049511426438317621155309609587343445387118670798413623,0.46,0.53,0.495,0.07,265.47,286.15,286.15,22.58,349.75,349.75,7,8,
2026-09-18 14:47:25,1015105,4516935,Game 3: Odd/Even Total Kills?,odd_even,3,2026-09-18 15:00:00,12.6,Even,107462064724037300712410324309339646847016780734169166270804040960564819251367,0.47,0.54,0.505,0.07,19.42,286.25,286.25,323.53,349.85,349.85,8,7,
2026-09-18 14:47:25,1015105,4516936,Game 4: Both Teams Slay Baron Nashor?,prop,4,2026-09-18 15:00:00,12.6,Yes,60383507143917205690612279874235749943612816923327294339012748133687211276013,0.03,0.96,0.495,0.93,0.65,1.15,1.15,220.8,250.45,250.45,3,3,
2026-09-18 14:47:25,1015105,4516936,Game 4: Both Teams Slay Baron Nashor?,prop,4,2026-09-18 15:00:00,12.6,No,56183220170587773538239376827241380976513676328213670217835102369017957034944,0.04,0.97,0.505,0.93,9.2,9.55,9.55,28.51,78.26,78.26,3,3,
2026-09-18 14:47:25,1015105,4516937,Game 4: Both Teams Slay a Dragon?,prop,4,2026-09-18 15:00:00,12.6,Yes,90101083412959631281576806818798843574302088486721997580478348546884660274790,0.04,0.98,0.51,0.94,0.57,1.2,1.2,34.55,34.55,34.55,4,2,
2026-09-18 14:47:25,1015105,4516937,Game 4: Both Teams Slay a Dragon?,prop,4,2026-09-18 15:00:00,12.6,No,61952732612969437917361019345702202454177449959774908899662265588311274009451,0.02,0.96,0.49,0.94,0.45,0.45,0.45,14.98,63.27,63.27,2,4,
2026-09-18 14:47:25,1015105,4516940,Game 4: Both Teams Destroy Inhibitors?,prop,4,2026-09-18 15:00:00,12.6,Yes,68533313656299837650575385640947839121399943585934522944997364717473772818499,0.03,0.89,0.46,0.86,0.65,1.15,1.15,83.45,83.45,88.6,3,5,
2026-09-18 14:47:25,1015105,4516940,Game 4: Both Teams Destroy Inhibitors?,prop,4,2026-09-18 15:00:00,12.6,No,2958275988664067565510984231191001208355080903761705668130987045436891092418,0.11,0.97,0.54,0.86,9.5,9.5,9.83,28.51,78.26,78.26,5,3,
2026-09-18 14:47:25,1015105,4516942,Game 4: Any Player Quadra Kill?,prop,4,2026-09-18 15:00:00,12.6,Yes,9397629266694028277880785832399074444459874575745251226194943618261959889556,0.02,0.98,0.5,0.96,0.5,0.5,0.5,29.65,29.65,29.65,2,2,
2026-09-18 14:47:25,1015105,4516942,Game 4: Any Player Quadra Kill?,prop,4,2026-09-18 15:00:00,12.6,No,15464709989595928399739166653394756128375512520973887822875824444404896463880,0.02,0.98,0.5,0.96,0.35,0.35,0.35,39.5,39.5,39.5,2,2,
2026-09-18 14:47:25,1015105,4516944,Game 4: Any Player Penta Kill?,prop,4,2026-09-18 15:00:00,12.6,Yes,24743181503947724749746614763587876955356733902050433591876156700017821515436,0.02,0.98,0.5,0.96,0.35,0.35,0.35,29.65,29.65,29.65,2,2,
2026-09-18 14:47:25,1015105,4516944,Game 4: Any Player Penta Kill?,prop,4,2026-09-18 15:00:00,12.6,No,73770804382318417802379991125701869544212570071806772373272284095670818561451,0.02,0.98,0.5,0.96,0.35,0.35,0.35,29.65,29.65,29.65,2,2,
2026-09-18 14:47:25,1015105,4516946,Game 4: Odd/Even Total Kills?,odd_even,4,2026-09-18 15:00:00,12.6,Odd,14837063056612172016859641639268587753094212050678677066637419448339601367129,0.05,0.92,0.485,0.87,150.2,150.3,150.55,2764.65,2764.65,2764.65,4,4,
2026-09-18 14:47:25,1015105,4516946,Game 4: Odd/Even Total Kills?,odd_even,4,2026-09-18 15:00:00,12.6,Even,76368567617427817280390437886764140572612423377148300777039362743705690062363,0.08,0.95,0.515,0.87,240.35,240.35,240.35,2854.8,2859.7,2884.45,4,4,
2026-09-18 14:47:25,1015105,4516948,Game 5: Both Teams Slay Baron Nashor?,prop,5,2026-09-18 15:00:00,12.6,Yes,43603942911732749963537903285483225863516010113997297697948891086014747827032,0.03,0.92,0.475,0.89,0.65,1.15,1.15,60.41,60.41,60.41,3,4,
2026-09-18 14:47:25,1015105,4516948,Game 5: Both Teams Slay Baron Nashor?,prop,5,2026-09-18 15:00:00,12.6,No,21617021686095251929472503971934235366744172874735480656738229942568272685121,0.08,0.97,0.525,0.89,4.85,4.85,4.85,28.51,78.26,78.26,4,3,
2026-09-18 14:47:25,1015105,4516950,Game 5: Both Teams Slay a Dragon?,prop,5,2026-09-18 15:00:00,12.6,Yes,4866822118181324958735019855926436665296327446129983783646173145033593840935,0.03,0.98,0.505,0.95,0.25,0.5,0.5,34.55,34.55,34.55,3,2,
2026-09-18 14:47:25,1015105,4516950,Game 5: Both Teams Slay a Dragon?,prop,5,2026-09-18 15:00:00,12.6,No,81034954300768114009084516552907498395793617165130816408714696787875936062261,0.02,0.97,0.495,0.95,0.45,0.45,0.45,9.75,34.5,34.5,2,3,
2026-09-18 14:47:25,1015105,4516952,Game 5: Both Teams Destroy Inhibitors?,prop,5,2026-09-18 15:00:00,12.6,Yes,73159878696324360512941720639706037812727303052479639242810020846254711262229,0.02,0.92,0.47,0.9,0.45,0.45,0.45,108.13,108.13,108.13,2,4,
2026-09-18 14:47:25,1015105,4516952,Game 5: Both Teams Destroy Inhibitors?,prop,5,2026-09-18 15:00:00,12.6,No,52561711745924009478226060564766656606175439583969700663028230558454691410212,0.08,0.98,0.53,0.9,9.35,9.35,9.35,34.55,34.55,34.55,4,2,
2026-09-18 14:47:25,1015105,4516954,Game 5: Any Player Quadra Kill?,prop,5,2026-09-18 15:00:00,12.6,Yes,110953649086297194022820298250575054256082109313540968196719065706617212912143,0.02,0.98,0.5,0.96,0.45,0.45,0.45,29.65,29.65,29.65,2,2,
2026-09-18 14:47:25,1015105,4516954,Game 5: Any Player Quadra Kill?,prop,5,2026-09-18 15:00:00,12.6,No,13033402318383436825130936873594750927577933152271832386399072115366613371761,0.02,0.98,0.5,0.96,0.35,0.35,0.35,34.55,34.55,34.55,2,2,
2026-09-18 14:47:25,1015105,4516956,Game 5: Any Player Penta Kill?,prop,5,2026-09-18 15:00:00,12.6,Yes,115393733178051100604445950918274337523244040409378827187549728043809809873976,0.02,0.98,0.5,0.96,0.45,0.45,0.45,29.65,29.65,29.65,2,2,
2026-09-18 14:47:25,1015105,4516956,Game 5: Any Player Penta Kill?,prop,5,2026-09-18 15:00:00,12.6,No,60902743458417841773505356916705632157140015804713536033246688523600144350671,0.02,0.98,0.5,0.96,0.35,0.35,0.35,34.55,34.55,34.55,2,2,
2026-09-18 14:47:25,1015105,4516958,Game 5: Odd/Even Total Kills?,odd_even,5,2026-09-18 15:00:00,12.6,Odd,111050693045085587549398189090198424653053916256454179869960638318605722794077,0.05,0.94,0.495,0.89,150.2,150.3,150.55,4.7,4.7,34.35,4,3,
2026-09-18 14:47:25,1015105,4516958,Game 5: Odd/Even Total Kills?,odd_even,5,2026-09-18 15:00:00,12.6,Even,36282595415211297258179838545751977491022423341990315431491955371616395280045,0.06,0.95,0.505,0.89,0.3,0.3,0.65,2854.8,2859.7,2884.45,3,4,
2026-09-18 14:47:25,1015105,4640245,First Blood in Game 2?,first_blood,2,2026-09-18 15:00:00,12.6,Natus Vincere,110398019873188915575143043162028177069742342421062428711692454584824004116706,0.41,0.91,0.66,0.5,207.0,207.0,207.0,2734.6,2734.6,2734.6,3,3,
2026-09-18 14:47:25,1015105,4640245,First Blood in Game 2?,first_blood,2,2026-09-18 15:00:00,12.6,Movistar KOI,58298933672988329349408079720387130533201307965684690548542033898959300835774,0.09,0.59,0.34,0.5,270.4,270.4,270.4,298.0,298.0,298.0,3,3,
2026-09-18 14:47:25,1015105,4640248,First Blood in Game 4?,first_blood,4,2026-09-18 15:00:00,12.6,Natus Vincere,5945087916897488567361894143995793523788072014849644480108946030525957724488,0.02,0.98,0.5,0.96,0.3,0.3,0.3,24.7,24.7,24.7,2,2,
2026-09-18 14:47:25,1015105,4640248,First Blood in Game 4?,first_blood,4,2026-09-18 15:00:00,12.6,Movistar KOI,108892342337659943171561149061371037982505878633471558062928184798319477321142,0.02,0.98,0.5,0.96,0.3,0.3,0.3,24.7,24.7,24.7,2,2,
2026-09-18 14:47:25,1015105,4640246,First Blood in Game 1?,first_blood,1,2026-09-18 15:00:00,12.6,Natus Vincere,82817305586544052676407078912355662440485295799649513268740197726961550355635,0.47,0.51,0.49,0.04,35.16,173.3,429.45,201.35,560.51,560.51,8,6,49.019608
2026-09-18 14:47:25,1015105,4640246,First Blood in Game 1?,first_blood,1,2026-09-18 15:00:00,12.6,Movistar KOI,78210408250447737009123398457752385555603867427661811167382707340372094915183,0.49,0.53,0.51,0.04,191.64,508.48,508.48,40.84,211.75,551.3,6,8,49.019608
2026-09-18 14:47:25,1015105,4640247,First Blood in Game 3?,first_blood,3,2026-09-18 15:00:00,12.6,Natus Vincere,89869760644300808387143783257976264203851040832309525298231667184997858456893,0.33,0.96,0.645,0.63,991.6,991.6,991.6,2884.85,2964.19,2964.19,3,4,
2026-09-18 14:47:25,1015105,4640247,First Blood in Game 3?,first_blood,3,2026-09-18 15:00:00,12.6,Movistar KOI,112872931334079236844340999129095566126478574071985560612920675250200652150454,0.04,0.67,0.355,0.63,120.15,121.05,121.05,2013.4,2013.4,2013.4,4,3,
2026-09-18 14:47:25,1015105,4640249,Total Kills Over/Under 30.5 in Game 2?,total_kills,2,2026-09-18 15:00:00,12.6,Over,111684246065913386722252208120740288135605165691141658268755569820935864081855,0.31,0.35,0.33,0.04,18.16,154.71,188.46,188.15,188.15,335.65,14,20,
2026-09-18 14:47:25,1015105,4640249,Total Kills Over/Under 30.5 in Game 2?,total_kills,2,2026-09-18 15:00:00,12.6,Under,84052890913016661719008439611633642398957530760646045122557375539646895948095,0.65,0.69,0.67,0.04,348.95,348.95,576.45,42.21,382.02,473.27,20,14,
2026-09-18 14:47:25,1015105,4640251,Total Kills Over/Under 30.5 in Game 1?,total_kills,1,2026-09-18 15:00:00,12.6,Over,36656204676839121811836053099546256510333841895012740290910921795524751935251,0.28,0.35,0.315,0.07,15.32,259.26,305.13,182.6,322.6,371.35,13,20,30.071426000000002
2026-09-18 14:47:25,1015105,4640251,Total Kills Over/Under 30.5 in Game 1?,total_kills,1,2026-09-18 15:00:00,12.6,Under,38461909801556487358876132015407005168012090605290652636819307461631691866328,0.65,0.72,0.685,0.07,338.93,573.93,650.18,40.68,760.74,908.87,20,13,30.071426000000002
2026-09-18 14:47:25,1015105,4640250,Total Kills Over/Under 30.5 in Game 4?,total_kills,4,2026-09-18 15:00:00,12.6,Over,636548847725757372647830927941954364816799065224869551090959776795591789362,0.19,0.52,0.355,0.33,570.9,570.9,570.9,320.6,320.6,320.6,8,10,
2026-09-18 14:47:25,1015105,4640250,Total Kills Over/Under 30.5 in Game 4?,total_kills,4,2026-09-18 15:00:00,12.6,Under,40054374945328776648493518789582449946827900713413222863248791153583713310801,0.48,0.81,0.645,0.33,284.4,284.4,284.4,2434.1,2434.1,2434.1,10,8,
2026-09-18 14:47:25,1015105,4640253,Total Kills Over/Under 27.5 in Game 2?,total_kills,2,2026-09-18 15:00:00,12.6,Over,27924083183147832473319135593377538225291142314857754035981832252300606029115,0.47,0.51,0.49,0.04,7.22,181.26,287.51,173.0,2956.75,2956.75,18,13,
2026-09-18 14:47:25,1015105,4640253,Total Kills Over/Under 27.5 in Game 2?,total_kills,2,2026-09-18 15:00:00,12.6,Under,107020129940925482282815021999045796731926564496880777101996456592343916031355,0.49,0.53,0.51,0.04,160.44,2626.69,2626.69,8.37,228.99,372.74,13,18,
2026-09-18 14:47:25,1015105,4640252,Total Kills Over/Under 30.5 in Game 3?,total_kills,3,2026-09-18 15:00:00,12.6,Over,84391604665277520378303350075241993672334312004891488713978285366288875341134,0.31,0.35,0.33,0.04,18.51,150.56,200.95,181.14,181.14,328.64,14,20,
2026-09-18 14:47:25,1015105,4640252,Total Kills Over/Under 30.5 in Game 3?,total_kills,3,2026-09-18 15:00:00,12.6,Under,35501162188901036011962590432629254663562460594800598702337390900489826046382,0.65,0.69,0.67,0.04,336.24,336.24,563.74,42.81,371.52,510.13,20,14,
2026-09-18 14:47:25,1015105,4640255,Total Kills Over/Under 27.5 in Game 4?,total_kills,4,2026-09-18 15:00:00,12.6,Over,108903000363107753904510558294966167999033496300774598778202435784590423739571,0.18,0.51,0.345,0.33,149.4,151.05,151.05,2828.92,2828.92,2828.92,9,10,
2026-09-18 14:47:25,1015105,4640255,Total Kills Over/Under 27.5 in Game 4?,total_kills,4,2026-09-18 15:00:00,12.6,Under,9216746898568565635114068970887262776709497181240010345729343810402987972675,0.49,0.82,0.655,0.33,2717.58,2717.58,2717.58,680.87,690.22,690.22,10,9,
2026-09-18 14:47:25,1015105,4640254,Total Kills Over/Under 27.5 in Game 1?,total_kills,1,2026-09-18 15:00:00,12.6,Over,31716871666148058824604444666935991241577201830326807409522280094390541979950,0.44,0.48,0.46,0.04,94.13,106.43,544.18,2570.67,3475.99,3667.61,20,21,
2026-09-18 14:47:25,1015105,4640254,Total Kills Over/Under 27.5 in Game 1?,total_kills,1,2026-09-18 15:00:00,12.6,Under,80908230382902622261274601847522720171342629016678487162136781491164326361613,0.52,0.56,0.54,0.04,2677.73,3579.41,3752.79,120.44,138.14,800.39,21,20,
2026-09-18 14:47:25,1015105,4640256,Total Kills Over/Under 27.5 in Game 3?,total_kills,3,2026-09-18 15:00:00,12.6,Over,103970624499416537140806119377848990977853100683677792309048109365299324205737,0.46,0.5,0.48,0.04,249.67,390.06,469.19,3726.05,4133.65,4411.38,15,17,
2026-09-18 14:47:25,1015105,4640256,Total Kills Over/Under 27.5 in Game 3?,total_kills,3,2026-09-18 15:00:00,12.6,Under,92934888851824151927090206416638163256376739597605165922780770113756596249728,0.5,0.54,0.52,0.04,3720.64,4087.04,4321.31,304.37,485.89,599.76,17,15,
2026-09-18 14:47:25,1015105,4642161,Total Kills Over/Under 24.5 in Game 2?,total_kills,2,2026-09-18 15:00:00,12.6,Over,98953222752952589984673269489032639867335606079491461026912123474054088350101,0.6,0.66,0.63,0.06,177.88,321.63,601.63,390.59,637.2,860.35,15,15,8.787878000000001
2026-09-18 14:47:25,1015105,4642161,Total Kills Over/Under 24.5 in Game 2?,total_kills,2,2026-09-18 15:00:00,12.6,Under,111192312035434008148154651548084586176306830243795976955429460027646140926856,0.34,0.4,0.37,0.06,199.89,311.28,405.13,123.12,229.37,449.37,15,15,8.787878000000001
2026-09-18 14:47:25,1015105,4642162,Total Kills Over/Under 24.5 in Game 1?,total_kills,1,2026-09-18 15:00:00,12.6,Over,68335048001665797690797199718132261334179139263175159961169157516352778840992,0.57,0.62,0.595,0.05,293.18,523.8,590.05,6.2,217.3,759.78,20,16,234.284557
2026-09-18 14:47:25,1015105,4642162,Total Kills Over/Under 24.5 in Game 1?,total_kills,1,2026-09-18 15:00:00,12.6,Under,106464706722163380100508483534882248450648676116082864658123770776687153500496,0.38,0.43,0.405,0.05,3.8,118.13,394.65,229.36,420.74,479.49,16,20,234.284557
2026-09-18 14:47:25,1015105,4642164,Total Kills Over/Under 24.5 in Game 4?,total_kills,4,2026-09-18 15:00:00,12.6,Over,28378706074686080946380096164222314187865893482574803911780881518333895441125,0.18,0.84,0.51,0.66,4.19,5.84,5.84,2524.25,2524.25,2524.25,10,10,
2026-09-18 14:47:25,1015105,4642164,Total Kills Over/Under 24.5 in Game 4?,total_kills,4,2026-09-18 15:00:00,12.6,Under,18174254138571697596340353139473268618127662800000049310368835364390215942875,0.1,0.82,0.46,0.72,300.45,301.33,302.54,19.81,29.16,29.16,9,10,
2026-09-18 14:47:25,1015105,4642163,Total Kills Over/Under 24.5 in Game 3?,total_kills,3,2026-09-18 15:00:00,12.6,Over,12983754161601526857948430016031155828080031959706187840555672335557532237138,0.59,0.66,0.625,0.07,232.78,584.03,584.03,292.07,524.85,701.1,19,14,131.515152
2026-09-18 14:47:25,1015105,4642163,Total Kills Over/Under 24.5 in Game 3?,total_kills,3,2026-09-18 15:00:00,12.6,Under,81320191533774081961822307615412982029308380454756382679106529796212969989721,0.34,0.41,0.375,0.07,149.71,254.93,328.68,164.0,437.75,437.75,14,19,131.515152
