ts_utc,event_id,market_id,question,market_kind,game_no,start_time,mins_to_start,outcome,token_id,best_bid,best_ask,mid,spread,bid_depth_1c,bid_depth_3c,bid_depth_5c,ask_cost_1c,ask_cost_3c,ask_cost_5c,n_bid_levels,n_ask_levels,volume
2026-10-08 08:01:45,1148307,5404883,LoL: Natus Vincere vs JD Gaming - Game 1 Winner,map,1,2026-10-08 11:00:00,178.2,Natus Vincere,38348624269695075769678589081011142734195331893505590105975670194453049807294,0.33,0.34,0.335,0.01,285.58,1418.29,2020.19,651.83,1851.24,3411.38,27,38,5799.166283999998
2026-10-08 08:01:45,1148307,5404883,LoL: Natus Vincere vs JD Gaming - Game 1 Winner,map,1,2026-10-08 11:00:00,178.2,JD Gaming,47336520694611758956763599979420485394357717795257539968819272579111558380357,0.66,0.67,0.665,0.01,1248.77,3302.36,5795.22,581.98,3143.26,4651.35,38,27,5799.166283999998
2026-10-08 08:01:45,1148307,5404884,LoL: Natus Vincere vs JD Gaming - Game 2 Winner,map,2,2026-10-08 11:00:00,178.2,Natus Vincere,87959431582496129697040551450818191945945976170075660791915226612682039665158,0.31,0.32,0.315,0.01,1587.33,2046.33,2576.33,161.29,259.08,1449.68,23,26,224.457069
2026-10-08 08:01:45,1148307,5404884,LoL: Natus Vincere vs JD Gaming - Game 2 Winner,map,2,2026-10-08 11:00:00,178.2,JD Gaming,94422500780678149625748346033264177079239362302943886164146824243372804193816,0.68,0.69,0.685,0.01,327.48,515.53,2554.93,3609.04,4750.04,6220.04,26,23,224.457069
2026-10-08 08:01:45,1148307,5404885,LoL: Natus Vincere vs JD Gaming (BO3) - Demacia Cup Global Invitational Group Stage,series,,2026-10-08 11:00:00,178.2,Natus Vincere,88721751813598262325328365311926266077061533986976804346604236532100561776809,0.26,0.27,0.265,0.01,29655.43,38604.13,40181.13,26748.71,28931.2,30430.45,24,41,450137.0016490003
2026-10-08 08:01:45,1148307,5404885,LoL: Natus Vincere vs JD Gaming (BO3) - Demacia Cup Global Invitational Group Stage,series,,2026-10-08 11:00:00,178.2,JD Gaming,10427010144076895779113784138487375790125311338333304061217810564593520103505,0.73,0.74,0.735,0.01,71871.05,76983.55,80259.29,85484.8,115216.23,120839.23,41,24,450137.0016490003
2026-10-08 08:01:45,1148307,5404886,Games Total: O/U 2.5,total_games,,2026-10-08 11:00:00,178.2,Over,67319386612700317064537025541951970820312173079847762641551680943418033620540,0.43,0.45,0.44,0.02,215.18,1893.23,3242.08,702.86,2863.29,4350.74,24,24,2070.83134
2026-10-08 08:01:45,1148307,5404886,Games Total: O/U 2.5,total_games,,2026-10-08 11:00:00,178.2,Under,29448735116962792109155675357009537134205902867220801681097871188851805114539,0.55,0.57,0.56,0.02,825.41,3218.98,4746.53,286.97,2796.42,4957.57,24,24,2070.83134
2026-10-08 08:01:45,1148307,5404887,Game Handicap: JDG (-1.5) vs Natus Vincere (+1.5),handicap,,2026-10-08 11:00:00,178.2,JD Gaming,110067468832368260357577297984483126865587113937877318219324867014348841729016,0.47,0.48,0.475,0.01,14996.95,15497.9,16637.05,28215.2,31207.7,34197.7,32,33,32174.509145999997
2026-10-08 08:01:45,1148307,5404887,Game Handicap: JDG (-1.5) vs Natus Vincere (+1.5),handicap,,2026-10-08 11:00:00,178.2,Natus Vincere,14437982035569027785390070377286310134750267492193830921742033447062481853909,0.52,0.53,0.525,0.01,30514.25,33470.75,36180.75,17241.64,17856.17,19422.02,33,32,32174.509145999997
2026-10-08 08:01:45,1148307,5404888,Game 1: Both Teams Slay Baron Nashor?,prop,1,2026-10-08 11:00:00,178.2,Yes,79604320599484937446920520257191342625812402358060755302287144271719662864728,0.01,0.99,0.5,0.98,0.96,0.96,0.96,95.03,95.03,95.03,1,1,
2026-10-08 08:01:45,1148307,5404888,Game 1: Both Teams Slay Baron Nashor?,prop,1,2026-10-08 11:00:00,178.2,No,27805282413642068680544580167896751521079767729350901507898312542298705336570,0.01,0.99,0.5,0.98,0.96,0.96,0.96,95.03,95.03,95.03,1,1,
2026-10-08 08:01:45,1148307,5404889,Game 1: Both Teams Slay a Dragon?,prop,1,2026-10-08 11:00:00,178.2,Yes,50830576610900226200486445975820337784735228995506298413441021067557345596998,0.01,0.99,0.5,0.98,0.96,0.96,0.96,95.03,95.03,95.03,1,1,
2026-10-08 08:01:45,1148307,5404889,Game 1: Both Teams Slay a Dragon?,prop,1,2026-10-08 11:00:00,178.2,No,109076753479614271412344886650197792177153894471859230057368243687998817656486,0.01,0.99,0.5,0.98,0.96,0.96,0.96,95.03,95.03,95.03,1,1,
2026-10-08 08:01:45,1148307,5404890,Game 1: Both Teams Destroy Inhibitors?,prop,1,2026-10-08 11:00:00,178.2,Yes,69918937189641018740700288314882303974614480708458522691756517244276605632014,0.01,0.99,0.5,0.98,0.96,0.96,0.96,95.03,95.03,95.03,1,1,
2026-10-08 08:01:45,1148307,5404890,Game 1: Both Teams Destroy Inhibitors?,prop,1,2026-10-08 11:00:00,178.2,No,101356982471427373646328861446887533831812412809111783332092825000982053347279,0.01,0.99,0.5,0.98,0.96,0.96,0.96,95.03,95.03,95.03,1,1,
2026-10-08 08:01:45,1148307,5404891,Game 1: Any Player Quadra Kill?,prop,1,2026-10-08 11:00:00,178.2,Yes,72983692224213477623728754161733014409651092945442297072361993579040202581149,,,,,0.0,0.0,0.0,0.0,0.0,0.0,0,0,
2026-10-08 08:01:45,1148307,5404891,Game 1: Any Player Quadra Kill?,prop,1,2026-10-08 11:00:00,178.2,No,91420924960672147156295362151973832563996706592728963510345373357539605160858,,,,,0.0,0.0,0.0,0.0,0.0,0.0,0,0,
2026-10-08 08:01:45,1148307,5404892,Game 1: Any Player Penta Kill?,prop,1,2026-10-08 11:00:00,178.2,Yes,52207988569482865533805225985535229211713947353994241907539916407014554278217,,,,,0.0,0.0,0.0,0.0,0.0,0.0,0,0,
2026-10-08 08:01:45,1148307,5404892,Game 1: Any Player Penta Kill?,prop,1,2026-10-08 11:00:00,178.2,No,72930183165818210080301457461439206316992341130443767097946292490277769174765,,,,,0.0,0.0,0.0,0.0,0.0,0.0,0,0,
2026-10-08 08:01:45,1148307,5404893,Game 1: Odd/Even Total Kills?,odd_even,1,2026-10-08 11:00:00,178.2,Odd,64754917371178390513532411361097463006112308825698302653839143288793158715251,0.49,0.51,0.5,0.02,98.0,98.0,98.0,102.0,102.0,102.0,8,8,
2026-10-08 08:01:45,1148307,5404893,Game 1: Odd/Even Total Kills?,odd_even,1,2026-10-08 11:00:00,178.2,Even,27732495799144573478112812114190002001689509176975563473213150267332008462097,0.49,0.51,0.5,0.02,98.0,98.0,98.0,102.0,102.0,102.0,8,8,
2026-10-08 08:01:45,1148307,5404894,Game 2: Both Teams Slay Baron Nashor?,prop,2,2026-10-08 11:00:00,178.2,Yes,24002217051023497028843055051740602668360567145344258813655890905144388857189,0.01,0.99,0.5,0.98,0.96,0.96,0.96,95.03,95.03,95.03,1,1,
2026-10-08 08:01:45,1148307,5404894,Game 2: Both Teams Slay Baron Nashor?,prop,2,2026-10-08 11:00:00,178.2,No,13995565777178753484333200813048400156677948870148841160326134507095973079674,0.01,0.99,0.5,0.98,0.96,0.96,0.96,95.03,95.03,95.03,1,1,
2026-10-08 08:01:45,1148307,5404895,Game 2: Both Teams Slay a Dragon?,prop,2,2026-10-08 11:00:00,178.2,Yes,87951179241092659469855247922889358752935956201755652523123596500187396758898,0.01,0.99,0.5,0.98,0.96,0.96,0.96,95.03,95.03,95.03,1,1,
2026-10-08 08:01:45,1148307,5404895,Game 2: Both Teams Slay a Dragon?,prop,2,2026-10-08 11:00:00,178.2,No,63051149002651026428257656835731977521121887147535163328848232154543149389715,0.01,0.99,0.5,0.98,0.96,0.96,0.96,95.03,95.03,95.03,1,1,
2026-10-08 08:01:45,1148307,5404896,Game 2: Both Teams Destroy Inhibitors?,prop,2,2026-10-08 11:00:00,178.2,Yes,96137305008861236030593762014296996432887811297791540624336647399843707646416,0.01,0.99,0.5,0.98,0.96,0.96,0.96,95.03,95.03,95.03,1,1,
2026-10-08 08:01:45,1148307,5404896,Game 2: Both Teams Destroy Inhibitors?,prop,2,2026-10-08 11:00:00,178.2,No,43238797551436679778118937436491141331494992155787270355211539426479073971277,0.01,0.99,0.5,0.98,0.96,0.96,0.96,95.03,95.03,95.03,1,1,
2026-10-08 08:01:45,1148307,5404897,Game 2: Any Player Quadra Kill?,prop,2,2026-10-08 11:00:00,178.2,Yes,74959688715154827114846736340358917074714204626175195218241111942849781487026,,,,,0.0,0.0,0.0,0.0,0.0,0.0,0,0,
2026-10-08 08:01:45,1148307,5404897,Game 2: Any Player Quadra Kill?,prop,2,2026-10-08 11:00:00,178.2,No,2460398514354912045306958082260087952843538412872036050394132451983842773854,,,,,0.0,0.0,0.0,0.0,0.0,0.0,0,0,
2026-10-08 08:01:45,1148307,5404898,Game 2: Any Player Penta Kill?,prop,2,2026-10-08 11:00:00,178.2,Yes,56373236142180634396486709092620664373645805464949373627238406554097932862901,,,,,0.0,0.0,0.0,0.0,0.0,0.0,0,0,
2026-10-08 08:01:45,1148307,5404898,Game 2: Any Player Penta Kill?,prop,2,2026-10-08 11:00:00,178.2,No,7828408591025876186711733192097307021902057869329943952370377207722701160942,,,,,0.0,0.0,0.0,0.0,0.0,0.0,0,0,
2026-10-08 08:01:45,1148307,5404899,Game 2: Odd/Even Total Kills?,odd_even,2,2026-10-08 11:00:00,178.2,Odd,87497128162321202733473376739958105323083604163378884388315783923511297024300,0.49,0.51,0.5,0.02,98.0,98.0,98.0,102.0,102.0,102.0,8,8,
2026-10-08 08:01:45,1148307,5404899,Game 2: Odd/Even Total Kills?,odd_even,2,2026-10-08 11:00:00,178.2,Even,87223690454521456657921603302957448641574969273408207317491390350432812611460,0.49,0.51,0.5,0.02,98.0,98.0,98.0,102.0,102.0,102.0,8,8,
2026-10-08 08:01:45,1148307,5404900,Game 3: Both Teams Slay Baron Nashor?,prop,3,2026-10-08 11:00:00,178.2,Yes,8415535589956025738423171300817185288331400597305987967409404165209120996680,0.01,0.99,0.5,0.98,0.96,0.96,0.96,95.03,95.03,95.03,1,1,
2026-10-08 08:01:45,1148307,5404900,Game 3: Both Teams Slay Baron Nashor?,prop,3,2026-10-08 11:00:00,178.2,No,91134166934846974647494433782756233904190946992589582024576743635928182961309,0.01,0.99,0.5,0.98,0.96,0.96,0.96,95.03,95.03,95.03,1,1,
2026-10-08 08:01:45,1148307,5404901,Game 3: Both Teams Slay a Dragon?,prop,3,2026-10-08 11:00:00,178.2,Yes,33075666909920724502309267909075697923817334211358587238313557052767699541390,0.01,0.99,0.5,0.98,0.96,0.96,0.96,95.03,95.03,95.03,1,1,
2026-10-08 08:01:45,1148307,5404901,Game 3: Both Teams Slay a Dragon?,prop,3,2026-10-08 11:00:00,178.2,No,97527007431265098087434899057500996142652577163847389629195745718234009378519,0.01,0.99,0.5,0.98,0.96,0.96,0.96,95.03,95.03,95.03,1,1,
2026-10-08 08:01:45,1148307,5404902,Game 3: Both Teams Destroy Inhibitors?,prop,3,2026-10-08 11:00:00,178.2,Yes,74272062088027947016197201019579668271422367894876079358489558223743815328435,0.01,0.99,0.5,0.98,0.96,0.96,0.96,95.03,95.03,95.03,1,1,
2026-10-08 08:01:45,1148307,5404902,Game 3: Both Teams Destroy Inhibitors?,prop,3,2026-10-08 11:00:00,178.2,No,30511242141346713825988158388132468183945042051025453257060935699591339233482,0.01,0.99,0.5,0.98,0.96,0.96,0.96,95.03,95.03,95.03,1,1,
2026-10-08 08:01:45,1148307,5404903,Game 3: Any Player Quadra Kill?,prop,3,2026-10-08 11:00:00,178.2,Yes,50093891584730121757717149404198251799603520164764296057954681815918236032630,,,,,0.0,0.0,0.0,0.0,0.0,0.0,0,0,
2026-10-08 08:01:45,1148307,5404903,Game 3: Any Player Quadra Kill?,prop,3,2026-10-08 11:00:00,178.2,No,53246150542620911276509028037763437255110534765986470702009512983524135831471,,,,,0.0,0.0,0.0,0.0,0.0,0.0,0,0,
2026-10-08 08:01:45,1148307,5404904,Game 3: Any Player Penta Kill?,prop,3,2026-10-08 11:00:00,178.2,Yes,38455077511132678464201194601271244297136118318363870792375439294122420180062,,,,,0.0,0.0,0.0,0.0,0.0,0.0,0,0,
2026-10-08 08:01:45,1148307,5404904,Game 3: Any Player Penta Kill?,prop,3,2026-10-08 11:00:00,178.2,No,83050424920607872164628089425033213428337271874658851017287406413318962784763,,,,,0.0,0.0,0.0,0.0,0.0,0.0,0,0,
2026-10-08 08:01:45,1148307,5404905,Game 3: Odd/Even Total Kills?,odd_even,3,2026-10-08 11:00:00,178.2,Odd,65013896097962156655696963713970385758694162787094209601841604255352651101111,0.49,0.51,0.5,0.02,98.0,98.0,98.0,102.0,102.0,102.0,8,8,
2026-10-08 08:01:45,1148307,5404905,Game 3: Odd/Even Total Kills?,odd_even,3,2026-10-08 11:00:00,178.2,Even,40461083361858627601804816167324070220133450007595697234416563963374935501704,0.49,0.51,0.5,0.02,98.0,98.0,98.0,102.0,102.0,102.0,8,8,
2026-10-08 08:01:45,1148307,5405561,First Blood in Game 1?,first_blood,1,2026-10-08 11:00:00,178.2,Natus Vincere,39954278548663231593937352846446410964360539959221260671015566567682094762955,0.04,0.96,0.5,0.92,120.67,120.96,120.96,2898.12,2937.67,2937.67,3,3,
2026-10-08 08:01:45,1148307,5405561,First Blood in Game 1?,first_blood,1,2026-10-08 11:00:00,178.2,JD Gaming,113903488508673755213241088082938661566946950312223036053764774647645515833799,0.04,0.96,0.5,0.92,120.56,120.96,120.96,2901.6,2930.49,2930.49,3,3,
2026-10-08 08:01:45,1148307,5405560,First Blood in Game 2?,first_blood,2,2026-10-08 11:00:00,178.2,Natus Vincere,72409514420431402308521490594626679316503164386610393367904801924004971642141,0.04,0.89,0.465,0.85,120.65,120.96,120.96,2674.5,2679.13,2679.13,3,4,
2026-10-08 08:01:45,1148307,5405560,First Blood in Game 2?,first_blood,2,2026-10-08 11:00:00,178.2,JD Gaming,54242580759438248587125368957795265313455818464390519844755102863405906745826,0.11,0.96,0.535,0.85,330.5,330.9,330.9,2901.01,2931.71,2931.71,4,3,
2026-10-08 08:01:45,1148307,5405563,Total Kills Over/Under 27.5 in Game 1?,total_kills,1,2026-10-08 11:00:00,178.2,Over,48535364230516699695569920120640025312616366139535973806349798501533511344447,0.43,0.45,0.44,0.02,18.95,18.95,151.95,165.55,331.8,581.8,25,24,52.061225
2026-10-08 08:01:45,1148307,5405563,Total Kills Over/Under 27.5 in Game 1?,total_kills,1,2026-10-08 11:00:00,178.2,Under,90616294397336980355359054125540142053093677993443928520458274590027044606218,0.55,0.57,0.56,0.02,194.45,378.2,628.2,26.05,26.05,243.05,24,25,52.061225
2026-10-08 08:01:45,1148307,5405562,Total Kills Over/Under 27.5 in Game 2?,total_kills,2,2026-10-08 11:00:00,178.2,Over,52085845923858446993308637551380830977553750239790587730144480881841351308886,0.43,0.48,0.455,0.05,214.25,427.75,496.0,412.94,589.69,849.69,25,25,2.104167
2026-10-08 08:01:45,1148307,5405562,Total Kills Over/Under 27.5 in Game 2?,total_kills,2,2026-10-08 11:00:00,178.2,Under,90899590131632860263023297417462596981736588409072677110437833718795273896632,0.52,0.57,0.545,0.05,429.95,603.2,843.2,295.75,607.25,714.0,25,25,2.104167
2026-10-08 08:01:45,1148307,5405914,Total Kills Over/Under 30.5 in Game 1?,total_kills,1,2026-10-08 11:00:00,178.2,Over,97030117411905741746034004955390015340834764977139721577021933547208334135994,0.28,0.33,0.305,0.05,139.94,139.94,220.44,124.05,250.06,435.06,18,28,
2026-10-08 08:01:45,1148307,5405914,Total Kills Over/Under 30.5 in Game 1?,total_kills,1,2026-10-08 11:00:00,178.2,Under,98439281319897867955108264777439661350666516876122725059670445381962941064071,0.67,0.72,0.695,0.05,240.95,469.96,784.96,377.98,377.98,647.48,28,18,
2026-10-08 08:01:45,1148307,5405915,Total Kills Over/Under 30.5 in Game 2?,total_kills,2,2026-10-08 11:00:00,178.2,Over,81205211164833106086926553405951741152557835749941458520443647165184918626931,0.28,0.35,0.315,0.07,136.4,314.9,403.15,129.55,445.8,445.8,20,27,
2026-10-08 08:01:45,1148307,5405915,Total Kills Over/Under 30.5 in Game 2?,total_kills,2,2026-10-08 11:00:00,178.2,Under,115325064661699653330001106119291329343627686467203366603851187849553201223598,0.65,0.72,0.685,0.07,230.45,764.2,764.2,368.6,890.1,1176.85,27,20,
2026-10-08 08:01:45,1148307,5423258,Total Kills Over/Under 24.5 in Game 2?,total_kills,2,2026-10-08 11:00:00,178.2,Over,37167055865851235576099593853892627762121282587655398772688543038307519810688,0.59,0.65,0.62,0.06,292.95,491.8,682.55,237.55,813.8,813.8,22,23,
2026-10-08 08:01:45,1148307,5423258,Total Kills Over/Under 24.5 in Game 2?,total_kills,2,2026-10-08 11:00:00,178.2,Under,55097596303571781087824414885396521659192103835965352765537122995508450028382,0.35,0.41,0.38,0.06,122.45,396.2,396.2,212.05,368.2,527.45,23,22,
2026-10-08 08:01:45,1148307,5423259,Total Kills Over/Under 24.5 in Game 1?,total_kills,1,2026-10-08 11:00:00,178.2,Over,28904832491941503700663460993072572630525693146299568501914429939877220893357,0.59,0.62,0.605,0.03,61.24,61.24,250.24,226.74,452.49,452.49,23,22,110.346647
2026-10-08 08:01:45,1148307,5423259,Total Kills Over/Under 24.5 in Game 1?,total_kills,1,2026-10-08 11:00:00,178.2,Under,29646559824616558549438909849092608685527763028810725261629290474672186084455,0.38,0.41,0.395,0.03,133.25,257.5,257.5,44.26,44.26,205.26,22,23,110.346647
2026-10-08 08:01:45,1148308,5404906,LoL: FlyQuest vs RED Canids - Game 1 Winner,map,1,2026-10-08 09:00:00,58.2,FlyQuest,35901205032623735268297159373854013485835394816370012929231306335622485793750,0.77,0.78,0.775,0.01,1326.13,8468.13,13450.74,20461.41,26263.31,27872.56,42,21,18721.899327
2026-10-08 08:01:45,1148308,5404906,LoL: FlyQuest vs RED Canids - Game 1 Winner,map,1,2026-10-08 09:00:00,58.2,RED Canids,46959966328902405548967099090675247646522131868286951166007916047112625946771,0.22,0.23,0.225,0.01,5676.72,7103.82,7444.57,411.44,2819.44,4736.63,21,42,18721.899327
2026-10-08 08:01:45,1148308,5404907,LoL: FlyQuest vs RED Canids - Game 2 Winner,map,2,2026-10-08 09:00:00,58.2,FlyQuest,102705729593580582941292063731196380555655499854668999234354456019394437271414,0.76,0.77,0.765,0.01,5988.69,8471.94,10567.94,11647.27,13772.54,16029.54,24,22,1791.1548119999998
2026-10-08 08:01:45,1148308,5404907,LoL: FlyQuest vs RED Canids - Game 2 Winner,map,2,2026-10-08 09:00:00,58.2,RED Canids,27614085125502191380572949082395562109831414758987721472040563612169863351423,0.23,0.24,0.235,0.01,3477.71,4013.03,4531.03,1901.48,2793.23,3622.23,22,24,1791.1548119999998
2026-10-08 08:01:45,1148308,5404908,LoL: FlyQuest vs RED Canids (BO3) - Demacia Cup Global Invitational Group Stage,series,,2026-10-08 09:00:00,58.2,FlyQuest,28518360165695557583903719028319120247176221363195056791718448068444835437482,0.85,0.86,0.855,0.01,46364.94,61654.41,68811.86,39777.28,48163.8,53922.55,58,14,90744.53711199998
2026-10-08 08:01:45,1148308,5404908,LoL: FlyQuest vs RED Canids (BO3) - Demacia Cup Global Invitational Group Stage,series,,2026-10-08 09:00:00,58.2,RED Canids,54912072942903637739745651431855766235331068047661668863630875746511275132590,0.14,0.15,0.145,0.01,6098.39,7143.45,7749.7,8764.07,11921.75,13699.3,14,58,90744.53711199998
2026-10-08 08:01:45,1148308,5404909,Games Total: O/U 2.5,total_games,,2026-10-08 09:00:00,58.2,Over,56396522594541620386382580920149664690199439367665945430598434295098013100054,0.34,0.35,0.345,0.01,43.33,9002.31,9869.0,473.27,2518.8,3862.35,18,24,1010.6023369999999
2026-10-08 08:01:45,1148308,5404909,Games Total: O/U 2.5,total_games,,2026-10-08 09:00:00,58.2,Under,88035134603274302273941406001237957053049947923290357276449697073322020485412,0.65,0.66,0.655,0.01,860.5,4290.59,6341.65,84.27,19189.47,21247.39,24,18,1010.6023369999999
2026-10-08 08:01:45,1148308,5404910,Game Handicap: FLY (-1.5) vs RED Canids (+1.5),handicap,,2026-10-08 09:00:00,58.2,FlyQuest,48219698202015119540444241707388270670432868887710554974307512038078556741507,0.6,0.61,0.605,0.01,28999.98,30528.84,31005.39,36380.74,36728.46,38117.22,31,23,14736.980843000003
2026-10-08 08:01:45,1148308,5404910,Game Handicap: FLY (-1.5) vs RED Canids (+1.5),handicap,,2026-10-08 09:00:00,58.2,RED Canids,82368981386306518794044324457136530073801135428324653721332073630867083598891,0.39,0.4,0.395,0.01,23231.73,23428.01,24163.96,19839.36,20977.78,21361.23,23,31,14736.980843000003
2026-10-08 08:01:45,1148308,5404911,Game 1: Both Teams Slay Baron Nashor?,prop,1,2026-10-08 09:00:00,58.2,Yes,36206915208787149636654297305868477391988108176413697380471993153115689941856,0.01,0.99,0.5,0.98,0.96,0.96,0.96,95.04,95.04,95.04,1,1,
2026-10-08 08:01:45,1148308,5404911,Game 1: Both Teams Slay Baron Nashor?,prop,1,2026-10-08 09:00:00,58.2,No,58614510157715987034594870174632436579197539745317487794905865301266664175791,0.01,0.99,0.5,0.98,0.96,0.96,0.96,95.04,95.04,95.04,1,1,
2026-10-08 08:01:45,1148308,5404912,Game 1: Both Teams Slay a Dragon?,prop,1,2026-10-08 09:00:00,58.2,Yes,44587398300757456902086063141568406274818862960778105087722359976257785012097,0.01,0.99,0.5,0.98,0.96,0.96,0.96,95.04,95.04,95.04,1,1,
2026-10-08 08:01:45,1148308,5404912,Game 1: Both Teams Slay a Dragon?,prop,1,2026-10-08 09:00:00,58.2,No,71253872090200386229354035812343740537141170710492379972430681869479643357171,0.01,0.99,0.5,0.98,0.96,0.96,0.96,95.04,95.04,95.04,1,1,
2026-10-08 08:01:45,1148308,5404913,Game 1: Both Teams Destroy Inhibitors?,prop,1,2026-10-08 09:00:00,58.2,Yes,87739093055263949869982634417925068142805113365816587779715363542935040633661,0.01,0.99,0.5,0.98,0.96,0.96,0.96,95.04,95.04,95.04,1,1,
2026-10-08 08:01:45,1148308,5404913,Game 1: Both Teams Destroy Inhibitors?,prop,1,2026-10-08 09:00:00,58.2,No,101690123914603788577424535151540729602757109084253175239426180794562335936102,0.01,0.99,0.5,0.98,0.96,0.96,0.96,95.04,95.04,95.04,1,1,
2026-10-08 08:01:45,1148308,5404914,Game 1: Any Player Quadra Kill?,prop,1,2026-10-08 09:00:00,58.2,Yes,103065501608158275003054705644269376534839776303294033738749838666246886011460,,,,,0.0,0.0,0.0,0.0,0.0,0.0,0,0,
2026-10-08 08:01:45,1148308,5404914,Game 1: Any Player Quadra Kill?,prop,1,2026-10-08 09:00:00,58.2,No,81952778973474125959982010006165441437671723941250372193625543325425372295886,,,,,0.0,0.0,0.0,0.0,0.0,0.0,0,0,
2026-10-08 08:01:45,1148308,5404915,Game 1: Any Player Penta Kill?,prop,1,2026-10-08 09:00:00,58.2,Yes,30997856257119950568796141145422689294375675133207679633162462155530436350372,,0.4,,,0.0,0.0,0.0,2.0,2.0,2.0,0,1,
2026-10-08 08:01:45,1148308,5404915,Game 1: Any Player Penta Kill?,prop,1,2026-10-08 09:00:00,58.2,No,107736122061818807691580901952087243115409516237677647423144139460699361111212,0.6,,,,3.0,3.0,3.0,0.0,0.0,0.0,1,0,
2026-10-08 08:01:45,1148308,5404916,Game 1: Odd/Even Total Kills?,odd_even,1,2026-10-08 09:00:00,58.2,Odd,99988972205326537139100200548153787457822129817769249325209112277070894756728,0.49,0.51,0.5,0.02,98.0,98.0,98.0,102.0,102.0,102.0,4,4,
2026-10-08 08:01:45,1148308,5404916,Game 1: Odd/Even Total Kills?,odd_even,1,2026-10-08 09:00:00,58.2,Even,59750816069602470429211541876147724518330617907225660391291853671459286883319,0.49,0.51,0.5,0.02,98.0,98.0,98.0,102.0,102.0,102.0,4,4,
2026-10-08 08:01:45,1148308,5404917,Game 2: Both Teams Slay Baron Nashor?,prop,2,2026-10-08 09:00:00,58.2,Yes,9112525753521290789870254090194822931120524725776756276916992476354627102322,0.01,0.99,0.5,0.98,0.96,0.96,0.96,95.04,95.04,95.04,1,1,
2026-10-08 08:01:45,1148308,5404917,Game 2: Both Teams Slay Baron Nashor?,prop,2,2026-10-08 09:00:00,58.2,No,63809538418156703802068928338832144360465078907742978250505991884827907730213,0.01,0.99,0.5,0.98,0.96,0.96,0.96,95.04,95.04,95.04,1,1,
2026-10-08 08:01:45,1148308,5404918,Game 2: Both Teams Slay a Dragon?,prop,2,2026-10-08 09:00:00,58.2,Yes,33909764286783667384918181360221870418048495445044283943075406093342542367918,0.01,0.99,0.5,0.98,0.96,0.96,0.96,95.04,95.04,95.04,1,1,
2026-10-08 08:01:45,1148308,5404918,Game 2: Both Teams Slay a Dragon?,prop,2,2026-10-08 09:00:00,58.2,No,11194442767926458913347769163154741361366472253254146017489487000279224906368,0.01,0.99,0.5,0.98,0.96,0.96,0.96,95.04,95.04,95.04,1,1,
2026-10-08 08:01:45,1148308,5404919,Game 2: Both Teams Destroy Inhibitors?,prop,2,2026-10-08 09:00:00,58.2,Yes,6181758397561841761365499527217907498525348308281567433246344703320418337810,0.01,0.99,0.5,0.98,0.96,0.96,0.96,95.04,95.04,95.04,1,1,
2026-10-08 08:01:45,1148308,5404919,Game 2: Both Teams Destroy Inhibitors?,prop,2,2026-10-08 09:00:00,58.2,No,48393488076710906941792513244702700272916496358036967926261004646852098468134,0.01,0.99,0.5,0.98,0.96,0.96,0.96,95.04,95.04,95.04,1,1,
2026-10-08 08:01:45,1148308,5404920,Game 2: Any Player Quadra Kill?,prop,2,2026-10-08 09:00:00,58.2,Yes,108056427106595099042541773956476353260822841597968828301707796207543533837474,,,,,0.0,0.0,0.0,0.0,0.0,0.0,0,0,
2026-10-08 08:01:45,1148308,5404920,Game 2: Any Player Quadra Kill?,prop,2,2026-10-08 09:00:00,58.2,No,22767030052961639164631144184274712425335907690658420766648555692802868956708,,,,,0.0,0.0,0.0,0.0,0.0,0.0,0,0,
2026-10-08 08:01:45,1148308,5404921,Game 2: Any Player Penta Kill?,prop,2,2026-10-08 09:00:00,58.2,Yes,49131421734778128343682566825062900414732156991730545429069744329878965275112,,,,,0.0,0.0,0.0,0.0,0.0,0.0,0,0,
2026-10-08 08:01:45,1148308,5404921,Game 2: Any Player Penta Kill?,prop,2,2026-10-08 09:00:00,58.2,No,92401306050638467820110454865360582465054298762613346327949605609921656213102,,,,,0.0,0.0,0.0,0.0,0.0,0.0,0,0,
2026-10-08 08:01:45,1148308,5404922,Game 2: Odd/Even Total Kills?,odd_even,2,2026-10-08 09:00:00,58.2,Odd,85731999971202447894550171680121388629555947299240511620121691003564435820507,0.49,0.51,0.5,0.02,98.0,98.0,98.0,102.0,102.0,102.0,4,4,
2026-10-08 08:01:45,1148308,5404922,Game 2: Odd/Even Total Kills?,odd_even,2,2026-10-08 09:00:00,58.2,Even,13538183296179639195478460624833761468833364155744839424781362957788033360690,0.49,0.51,0.5,0.02,98.0,98.0,98.0,102.0,102.0,102.0,4,4,
2026-10-08 08:01:45,1148308,5404923,Game 3: Both Teams Slay Baron Nashor?,prop,3,2026-10-08 09:00:00,58.2,Yes,92989560996857667890729283921447898373493970820290987136211100949365545782988,0.01,0.99,0.5,0.98,0.96,0.96,0.96,95.04,95.04,95.04,1,1,
2026-10-08 08:01:45,1148308,5404923,Game 3: Both Teams Slay Baron Nashor?,prop,3,2026-10-08 09:00:00,58.2,No,75994031747363579859735659870450476883234748727535374370168348582180784661838,0.01,0.99,0.5,0.98,0.96,0.96,0.96,95.04,95.04,95.04,1,1,
2026-10-08 08:01:45,1148308,5404924,Game 3: Both Teams Slay a Dragon?,prop,3,2026-10-08 09:00:00,58.2,Yes,64327937981651923408395421946098535268234192419012324397366005299661492204658,0.01,0.99,0.5,0.98,0.96,0.96,0.96,95.04,95.04,95.04,1,1,
2026-10-08 08:01:45,1148308,5404924,Game 3: Both Teams Slay a Dragon?,prop,3,2026-10-08 09:00:00,58.2,No,7457246009738625317067306997684526577392206077651240971103396942185250309092,0.01,0.99,0.5,0.98,0.96,0.96,0.96,95.04,95.04,95.04,1,1,
2026-10-08 08:01:45,1148308,5404925,Game 3: Both Teams Destroy Inhibitors?,prop,3,2026-10-08 09:00:00,58.2,Yes,8412197124798992140037356591614322789179987210785494712822821077167847274063,0.01,0.99,0.5,0.98,0.96,0.96,0.96,95.03,95.03,95.03,1,1,
2026-10-08 08:01:45,1148308,5404925,Game 3: Both Teams Destroy Inhibitors?,prop,3,2026-10-08 09:00:00,58.2,No,50533522468612415356963355379941197513142865499569736780705485712949352818578,0.01,0.99,0.5,0.98,0.96,0.96,0.96,95.04,95.04,95.04,1,1,
2026-10-08 08:01:45,1148308,5404926,Game 3: Any Player Quadra Kill?,prop,3,2026-10-08 09:00:00,58.2,Yes,61465228904331201637639579471950492837315779233249784975327849971378009340383,,,,,0.0,0.0,0.0,0.0,0.0,0.0,0,0,
2026-10-08 08:01:45,1148308,5404926,Game 3: Any Player Quadra Kill?,prop,3,2026-10-08 09:00:00,58.2,No,108818691178412873645914816514140857956222060250699528394576561261021367458144,,,,,0.0,0.0,0.0,0.0,0.0,0.0,0,0,
2026-10-08 08:01:45,1148308,5404927,Game 3: Any Player Penta Kill?,prop,3,2026-10-08 09:00:00,58.2,Yes,63580985801632133397165503570496737514472691677139832475950047775628793599059,,,,,0.0,0.0,0.0,0.0,0.0,0.0,0,0,
2026-10-08 08:01:45,1148308,5404927,Game 3: Any Player Penta Kill?,prop,3,2026-10-08 09:00:00,58.2,No,105450468740574693117207078769841989686480321599945901454155406896757277590207,,,,,0.0,0.0,0.0,0.0,0.0,0.0,0,0,
2026-10-08 08:01:45,1148308,5404928,Game 3: Odd/Even Total Kills?,odd_even,3,2026-10-08 09:00:00,58.2,Odd,23951389524829733992524271159321709044146488279302308559414473153111056544282,0.05,0.94,0.495,0.89,3.5,7.72,7.96,2830.39,2837.44,3052.71,5,5,
2026-10-08 08:01:45,1148308,5404928,Game 3: Odd/Even Total Kills?,odd_even,3,2026-10-08 09:00:00,58.2,Even,6058401635395593022347006965152997095308447111818946397552023714767354484855,0.06,0.95,0.505,0.89,180.55,180.77,184.96,81.56,284.7,308.07,5,5,
2026-10-08 08:01:45,1148308,5405556,First Blood in Game 1?,first_blood,1,2026-10-08 09:00:00,58.2,FlyQuest,88701631938854123857380263286027814309460636542277002171303099428299986557335,0.04,0.96,0.5,0.92,120.66,120.96,120.96,2901.6,5870.49,5870.49,3,4,
2026-10-08 08:01:45,1148308,5405556,First Blood in Game 1?,first_blood,1,2026-10-08 09:00:00,58.2,RED Canids,21915792120476510605889859183628701065398409389763179141843492496784371267755,0.04,0.96,0.5,0.92,120.67,180.96,180.96,2901.39,2930.93,2930.93,4,3,
2026-10-08 08:01:45,1148308,5405557,First Blood in Game 2?,first_blood,2,2026-10-08 09:00:00,58.2,FlyQuest,89886616504273725880048816723452801161342233385660906516457261355901510387421,0.04,0.96,0.5,0.92,120.67,120.96,120.96,2901.28,2931.13,2931.13,3,3,
2026-10-08 08:01:45,1148308,5405557,First Blood in Game 2?,first_blood,2,2026-10-08 09:00:00,58.2,RED Canids,93444852866459917870049695118109280020970702839814924743605418883017220888522,0.04,0.96,0.5,0.92,120.66,120.96,120.96,2901.6,2930.49,2930.49,3,3,
2026-10-08 08:01:45,1148308,5405558,Total Kills Over/Under 27.5 in Game 1?,total_kills,1,2026-10-08 09:00:00,58.2,Over,7013679442395800020902316136931101924584607350791963396908082239753537538453,0.5,0.53,0.515,0.03,504.23,522.35,2322.35,268.04,364.29,364.29,19,19,39.795848
2026-10-08 08:01:45,1148308,5405558,Total Kills Over/Under 27.5 in Game 1?,total_kills,1,2026-10-08 09:00:00,58.2,Under,67212003858018753700192211509141328591002970091409621722992859823164531040484,0.47,0.5,0.485,0.03,234.3,313.05,313.05,524.67,544.28,2744.28,19,19,39.795848
2026-10-08 08:01:45,1148308,5405559,Total Kills Over/Under 27.5 in Game 2?,total_kills,2,2026-10-08 09:00:00,58.2,Over,15581680017747400017541430974710675745017878813387670303347894963087073194030,0.49,0.52,0.505,0.03,265.27,265.27,2219.27,285.66,380.16,380.16,18,19,
2026-10-08 08:01:45,1148308,5405559,Total Kills Over/Under 27.5 in Game 2?,total_kills,2,2026-10-08 09:00:00,58.2,Under,74944559345525909480275106343873542862465438456588649343432161688817458401918,0.48,0.51,0.495,0.03,260.16,340.66,340.66,276.62,276.62,2672.62,19,18,
2026-10-08 08:01:45,1148308,5405779,Total Kills Over/Under 30.5 in Game 1?,total_kills,1,2026-10-08 09:00:00,58.2,Over,93036542621585369358702887102567509417101329566222757193240857922327470770225,0.31,0.36,0.335,0.05,167.16,217.91,358.91,231.79,234.66,446.41,16,24,144.792271
2026-10-08 08:01:45,1148308,5405779,Total Kills Over/Under 30.5 in Game 1?,total_kills,1,2026-10-08 09:00:00,58.2,Under,5482001955496204670758799409021733428676049158616757213411054763708130847529,0.64,0.69,0.665,0.05,398.02,402.72,715.97,377.96,502.21,883.43,24,16,144.792271
2026-10-08 08:01:45,1148308,5405780,Total Kills Over/Under 30.5 in Game 2?,total_kills,2,2026-10-08 09:00:00,58.2,Over,22130051959353700515940091071552463325679289116918072404594120340500971454682,0.3,0.37,0.335,0.07,161.4,345.4,351.4,190.68,467.18,612.43,16,23,
2026-10-08 08:01:45,1148308,5405780,Total Kills Over/Under 30.5 in Game 2?,total_kills,2,2026-10-08 09:00:00,58.2,Under,3114640539595181382416908227498083389920809912807060969585819053675986134680,0.63,0.7,0.665,0.07,324.46,747.96,952.71,382.7,873.7,890.77,23,16,
2026-10-08 08:01:45,1148308,5407712,Total Kills Over/Under 24.5 in Game 1?,total_kills,1,2026-10-08 09:00:00,58.2,Over,28857526194148558157275309219406102185660369769885795340680135948903239146610,0.64,0.67,0.655,0.03,158.62,607.13,610.08,242.09,368.65,383.33,24,17,1032.25906
2026-10-08 08:01:45,1148308,5407712,Total Kills Over/Under 24.5 in Game 1?,total_kills,1,2026-10-08 09:00:00,58.2,Under,28600261298056395246374487940319278130562350170307068709031229179551350421438,0.33,0.36,0.345,0.03,116.54,173.39,179.39,89.83,364.71,366.76,17,24,1032.25906
2026-10-08 08:01:45,1148308,5407713,Total Kills Over/Under 24.5 in Game 2?,total_kills,2,2026-10-08 09:00:00,58.2,Over,72157706177674091337028392676304565737862550924476902198914893635804728046111,0.62,0.67,0.645,0.05,164.92,171.25,660.75,700.47,824.89,839.57,21,17,267.515152
2026-10-08 08:01:45,1148308,5407713,Total Kills Over/Under 24.5 in Game 2?,total_kills,2,2026-10-08 09:00:00,58.2,Under,102295770535931025221344642798097385229480497332826535385997635479155099530480,0.33,0.38,0.355,0.05,334.85,390.75,396.75,101.08,105.39,465.89,17,21,267.515152
2026-10-08 08:07:34,1148307,5404883,LoL: Natus Vincere vs JD Gaming - Game 1 Winner,map,1,2026-10-08 11:00:00,172.4,Natus Vincere,38348624269695075769678589081011142734195331893505590105975670194453049807294,0.33,0.34,0.335,0.01,281.64,1414.35,2016.25,621.26,1828.48,3388.62,27,38,5799.166283999998
2026-10-08 08:07:34,1148307,5404883,LoL: Natus Vincere vs JD Gaming - Game 1 Winner,map,1,2026-10-08 11:00:00,172.4,JD Gaming,47336520694611758956763599979420485394357717795257539968819272579111558380357,0.66,0.67,0.665,0.01,1188.83,3256.32,5749.18,573.98,3135.26,4643.35,38,27,5799.166283999998
2026-10-08 08:07:34,1148307,5404884,LoL: Natus Vincere vs JD Gaming - Game 2 Winner,map,2,2026-10-08 11:00:00,172.4,Natus Vincere,87959431582496129697040551450818191945945976170075660791915226612682039665158,0.32,0.33,0.325,0.01,996.26,1918.26,2328.26,240.38,416.08,2204.68,24,25,224.457069
2026-10-08 08:07:34,1148307,5404884,LoL: Natus Vincere vs JD Gaming - Game 2 Winner,map,2,2026-10-08 11:00:00,172.4,JD Gaming,94422500780678149625748346033264177079239362302943886164146824243372804193816,0.67,0.68,0.675,0.01,481.18,795.48,3786.88,2190.35,4378.35,5468.35,25,24,224.457069
2026-10-08 08:07:34,1148307,5404885,LoL: Natus Vincere vs JD Gaming (BO3) - Demacia Cup Global Invitational Group Stage,series,,2026-10-08 11:00:00,172.4,Natus Vincere,88721751813598262325328365311926266077061533986976804346604236532100561776809,0.26,0.27,0.265,0.01,29560.25,38508.95,40085.95,26843.23,29025.73,30524.97,24,42,450137.0016490003
2026-10-08 08:07:34,1148307,5404885,LoL: Natus Vincere vs JD Gaming (BO3) - Demacia Cup Global Invitational Group Stage,series,,2026-10-08 11:00:00,172.4,JD Gaming,10427010144076895779113784138487375790125311338333304061217810564593520103505,0.73,0.74,0.735,0.01,72120.17,77232.66,80508.41,85199.27,114930.7,120553.7,42,24,450137.0016490003
2026-10-08 08:07:34,1148307,5404886,Games Total: O/U 2.5,total_games,,2026-10-08 11:00:00,172.4,Over,67319386612700317064537025541951970820312173079847762641551680943418033620540,0.43,0.45,0.44,0.02,215.18,1908.92,3265.57,702.86,2863.29,4350.74,24,24,2070.83134
2026-10-08 08:07:34,1148307,5404886,Games Total: O/U 2.5,total_games,,2026-10-08 11:00:00,172.4,Under,29448735116962792109155675357009537134205902867220801681097871188851805114539,0.55,0.57,0.56,0.02,825.41,3218.98,4746.53,286.97,2819.95,4993.3,24,24,2070.83134
2026-10-08 08:07:34,1148307,5404887,Game Handicap: JDG (-1.5) vs Natus Vincere (+1.5),handicap,,2026-10-08 11:00:00,172.4,JD Gaming,110067468832368260357577297984483126865587113937877318219324867014348841729016,0.47,0.48,0.475,0.01,14944.78,15465.47,16604.62,27767.22,30759.72,33749.72,32,33,32174.509145999997
2026-10-08 08:07:34,1148307,5404887,Game Handicap: JDG (-1.5) vs Natus Vincere (+1.5),handicap,,2026-10-08 11:00:00,172.4,Natus Vincere,14437982035569027785390070377286310134750267492193830921742033447062481853909,0.52,0.53,0.525,0.01,30028.93,32985.43,35695.43,17180.68,17819.33,19385.18,33,32,32174.509145999997
2026-10-08 08:07:34,1148307,5404888,Game 1: Both Teams Slay Baron Nashor?,prop,1,2026-10-08 11:00:00,172.4,Yes,79604320599484937446920520257191342625812402358060755302287144271719662864728,0.01,0.99,0.5,0.98,0.96,0.96,0.96,95.03,95.03,95.03,1,1,
2026-10-08 08:07:34,1148307,5404888,Game 1: Both Teams Slay Baron Nashor?,prop,1,2026-10-08 11:00:00,172.4,No,27805282413642068680544580167896751521079767729350901507898312542298705336570,0.01,0.99,0.5,0.98,0.96,0.96,0.96,95.03,95.03,95.03,1,1,
2026-10-08 08:07:34,1148307,5404889,Game 1: Both Teams Slay a Dragon?,prop,1,2026-10-08 11:00:00,172.4,Yes,50830576610900226200486445975820337784735228995506298413441021067557345596998,0.01,0.99,0.5,0.98,0.96,0.96,0.96,95.03,95.03,95.03,1,1,
2026-10-08 08:07:34,1148307,5404889,Game 1: Both Teams Slay a Dragon?,prop,1,2026-10-08 11:00:00,172.4,No,109076753479614271412344886650197792177153894471859230057368243687998817656486,0.01,0.99,0.5,0.98,0.96,0.96,0.96,95.03,95.03,95.03,1,1,
2026-10-08 08:07:34,1148307,5404890,Game 1: Both Teams Destroy Inhibitors?,prop,1,2026-10-08 11:00:00,172.4,Yes,69918937189641018740700288314882303974614480708458522691756517244276605632014,0.01,0.99,0.5,0.98,0.96,0.96,0.96,95.03,95.03,95.03,1,1,
2026-10-08 08:07:34,1148307,5404890,Game 1: Both Teams Destroy Inhibitors?,prop,1,2026-10-08 11:00:00,172.4,No,101356982471427373646328861446887533831812412809111783332092825000982053347279,0.01,0.99,0.5,0.98,0.96,0.96,0.96,95.03,95.03,95.03,1,1,
2026-10-08 08:07:34,1148307,5404891,Game 1: Any Player Quadra Kill?,prop,1,2026-10-08 11:00:00,172.4,Yes,72983692224213477623728754161733014409651092945442297072361993579040202581149,,,,,0.0,0.0,0.0,0.0,0.0,0.0,0,0,
2026-10-08 08:07:34,1148307,5404891,Game 1: Any Player Quadra Kill?,prop,1,2026-10-08 11:00:00,172.4,No,91420924960672147156295362151973832563996706592728963510345373357539605160858,,,,,0.0,0.0,0.0,0.0,0.0,0.0,0,0,
2026-10-08 08:07:34,1148307,5404892,Game 1: Any Player Penta Kill?,prop,1,2026-10-08 11:00:00,172.4,Yes,52207988569482865533805225985535229211713947353994241907539916407014554278217,,,,,0.0,0.0,0.0,0.0,0.0,0.0,0,0,
2026-10-08 08:07:34,1148307,5404892,Game 1: Any Player Penta Kill?,prop,1,2026-10-08 11:00:00,172.4,No,72930183165818210080301457461439206316992341130443767097946292490277769174765,,,,,0.0,0.0,0.0,0.0,0.0,0.0,0,0,
2026-10-08 08:07:34,1148307,5404893,Game 1: Odd/Even Total Kills?,odd_even,1,2026-10-08 11:00:00,172.4,Odd,64754917371178390513532411361097463006112308825698302653839143288793158715251,0.49,0.51,0.5,0.02,98.0,98.0,98.0,102.0,102.0,102.0,8,8,
2026-10-08 08:07:34,1148307,5404893,Game 1: Odd/Even Total Kills?,odd_even,1,2026-10-08 11:00:00,172.4,Even,27732495799144573478112812114190002001689509176975563473213150267332008462097,0.49,0.51,0.5,0.02,98.0,98.0,98.0,102.0,102.0,102.0,8,8,
2026-10-08 08:07:34,1148307,5404894,Game 2: Both Teams Slay Baron Nashor?,prop,2,2026-10-08 11:00:00,172.4,Yes,24002217051023497028843055051740602668360567145344258813655890905144388857189,0.01,0.99,0.5,0.98,0.96,0.96,0.96,95.03,95.03,95.03,1,1,
2026-10-08 08:07:34,1148307,5404894,Game 2: Both Teams Slay Baron Nashor?,prop,2,2026-10-08 11:00:00,172.4,No,13995565777178753484333200813048400156677948870148841160326134507095973079674,0.01,0.99,0.5,0.98,0.96,0.96,0.96,95.03,95.03,95.03,1,1,
2026-10-08 08:07:34,1148307,5404895,Game 2: Both Teams Slay a Dragon?,prop,2,2026-10-08 11:00:00,172.4,Yes,87951179241092659469855247922889358752935956201755652523123596500187396758898,0.01,0.99,0.5,0.98,0.96,0.96,0.96,95.03,95.03,95.03,1,1,
2026-10-08 08:07:34,1148307,5404895,Game 2: Both Teams Slay a Dragon?,prop,2,2026-10-08 11:00:00,172.4,No,63051149002651026428257656835731977521121887147535163328848232154543149389715,0.01,0.99,0.5,0.98,0.96,0.96,0.96,95.03,95.03,95.03,1,1,
2026-10-08 08:07:34,1148307,5404896,Game 2: Both Teams Destroy Inhibitors?,prop,2,2026-10-08 11:00:00,172.4,Yes,96137305008861236030593762014296996432887811297791540624336647399843707646416,0.01,0.99,0.5,0.98,0.96,0.96,0.96,95.03,95.03,95.03,1,1,
2026-10-08 08:07:34,1148307,5404896,Game 2: Both Teams Destroy Inhibitors?,prop,2,2026-10-08 11:00:00,172.4,No,43238797551436679778118937436491141331494992155787270355211539426479073971277,0.01,0.99,0.5,0.98,0.96,0.96,0.96,95.03,95.03,95.03,1,1,
2026-10-08 08:07:34,1148307,5404897,Game 2: Any Player Quadra Kill?,prop,2,2026-10-08 11:00:00,172.4,Yes,74959688715154827114846736340358917074714204626175195218241111942849781487026,,,,,0.0,0.0,0.0,0.0,0.0,0.0,0,0,
2026-10-08 08:07:34,1148307,5404897,Game 2: Any Player Quadra Kill?,prop,2,2026-10-08 11:00:00,172.4,No,2460398514354912045306958082260087952843538412872036050394132451983842773854,,,,,0.0,0.0,0.0,0.0,0.0,0.0,0,0,
2026-10-08 08:07:34,1148307,5404898,Game 2: Any Player Penta Kill?,prop,2,2026-10-08 11:00:00,172.4,Yes,56373236142180634396486709092620664373645805464949373627238406554097932862901,,,,,0.0,0.0,0.0,0.0,0.0,0.0,0,0,
2026-10-08 08:07:34,1148307,5404898,Game 2: Any Player Penta Kill?,prop,2,2026-10-08 11:00:00,172.4,No,7828408591025876186711733192097307021902057869329943952370377207722701160942,,,,,0.0,0.0,0.0,0.0,0.0,0.0,0,0,
2026-10-08 08:07:34,1148307,5404899,Game 2: Odd/Even Total Kills?,odd_even,2,2026-10-08 11:00:00,172.4,Odd,87497128162321202733473376739958105323083604163378884388315783923511297024300,0.49,0.51,0.5,0.02,98.0,98.0,98.0,102.0,102.0,102.0,8,8,
2026-10-08 08:07:34,1148307,5404899,Game 2: Odd/Even Total Kills?,odd_even,2,2026-10-08 11:00:00,172.4,Even,87223690454521456657921603302957448641574969273408207317491390350432812611460,0.49,0.51,0.5,0.02,98.0,98.0,98.0,102.0,102.0,102.0,8,8,
2026-10-08 08:07:34,1148307,5404900,Game 3: Both Teams Slay Baron Nashor?,prop,3,2026-10-08 11:00:00,172.4,Yes,8415535589956025738423171300817185288331400597305987967409404165209120996680,0.01,0.99,0.5,0.98,0.96,0.96,0.96,95.03,95.03,95.03,1,1,
2026-10-08 08:07:34,1148307,5404900,Game 3: Both Teams Slay Baron Nashor?,prop,3,2026-10-08 11:00:00,172.4,No,91134166934846974647494433782756233904190946992589582024576743635928182961309,0.01,0.99,0.5,0.98,0.96,0.96,0.96,95.03,95.03,95.03,1,1,
2026-10-08 08:07:34,1148307,5404901,Game 3: Both Teams Slay a Dragon?,prop,3,2026-10-08 11:00:00,172.4,Yes,33075666909920724502309267909075697923817334211358587238313557052767699541390,0.01,0.99,0.5,0.98,0.96,0.96,0.96,95.03,95.03,95.03,1,1,
2026-10-08 08:07:34,1148307,5404901,Game 3: Both Teams Slay a Dragon?,prop,3,2026-10-08 11:00:00,172.4,No,97527007431265098087434899057500996142652577163847389629195745718234009378519,0.01,0.99,0.5,0.98,0.96,0.96,0.96,95.03,95.03,95.03,1,1,
2026-10-08 08:07:34,1148307,5404902,Game 3: Both Teams Destroy Inhibitors?,prop,3,2026-10-08 11:00:00,172.4,Yes,74272062088027947016197201019579668271422367894876079358489558223743815328435,0.01,0.99,0.5,0.98,0.96,0.96,0.96,95.03,95.03,95.03,1,1,
2026-10-08 08:07:34,1148307,5404902,Game 3: Both Teams Destroy Inhibitors?,prop,3,2026-10-08 11:00:00,172.4,No,30511242141346713825988158388132468183945042051025453257060935699591339233482,0.01,0.99,0.5,0.98,0.96,0.96,0.96,95.03,95.03,95.03,1,1,
2026-10-08 08:07:34,1148307,5404903,Game 3: Any Player Quadra Kill?,prop,3,2026-10-08 11:00:00,172.4,Yes,50093891584730121757717149404198251799603520164764296057954681815918236032630,,,,,0.0,0.0,0.0,0.0,0.0,0.0,0,0,
2026-10-08 08:07:34,1148307,5404903,Game 3: Any Player Quadra Kill?,prop,3,2026-10-08 11:00:00,172.4,No,53246150542620911276509028037763437255110534765986470702009512983524135831471,,,,,0.0,0.0,0.0,0.0,0.0,0.0,0,0,
2026-10-08 08:07:34,1148307,5404904,Game 3: Any Player Penta Kill?,prop,3,2026-10-08 11:00:00,172.4,Yes,38455077511132678464201194601271244297136118318363870792375439294122420180062,,,,,0.0,0.0,0.0,0.0,0.0,0.0,0,0,
2026-10-08 08:07:34,1148307,5404904,Game 3: Any Player Penta Kill?,prop,3,2026-10-08 11:00:00,172.4,No,83050424920607872164628089425033213428337271874658851017287406413318962784763,,,,,0.0,0.0,0.0,0.0,0.0,0.0,0,0,
2026-10-08 08:07:34,1148307,5404905,Game 3: Odd/Even Total Kills?,odd_even,3,2026-10-08 11:00:00,172.4,Odd,65013896097962156655696963713970385758694162787094209601841604255352651101111,0.49,0.51,0.5,0.02,98.0,98.0,98.0,102.0,102.0,102.0,8,8,
2026-10-08 08:07:34,1148307,5404905,Game 3: Odd/Even Total Kills?,odd_even,3,2026-10-08 11:00:00,172.4,Even,40461083361858627601804816167324070220133450007595697234416563963374935501704,0.49,0.51,0.5,0.02,98.0,98.0,98.0,102.0,102.0,102.0,8,8,
2026-10-08 08:07:34,1148307,5405561,First Blood in Game 1?,first_blood,1,2026-10-08 11:00:00,172.4,Natus Vincere,39954278548663231593937352846446410964360539959221260671015566567682094762955,0.08,0.96,0.52,0.88,240.4,243.4,255.66,2898.12,2930.3,2930.3,6,3,
2026-10-08 08:07:34,1148307,5405561,First Blood in Game 1?,first_blood,1,2026-10-08 11:00:00,172.4,JD Gaming,113903488508673755213241088082938661566946950312223036053764774647645515833799,0.04,0.92,0.48,0.88,120.56,120.89,120.89,2765.33,2822.33,3174.98,3,6,
2026-10-08 08:07:34,1148307,5405560,First Blood in Game 2?,first_blood,2,2026-10-08 11:00:00,172.4,Natus Vincere,72409514420431402308521490594626679316503164386610393367904801924004971642141,0.08,0.96,0.52,0.88,240.39,243.39,255.65,2901.48,2930.73,2930.73,6,3,
2026-10-08 08:07:34,1148307,5405560,First Blood in Game 2?,first_blood,2,2026-10-08 11:00:00,172.4,JD Gaming,54242580759438248587125368957795265313455818464390519844755102863405906745826,0.04,0.92,0.48,0.88,120.66,120.96,120.96,2765.21,2822.21,3174.71,3,6,
2026-10-08 08:07:34,1148307,5405563,Total Kills Over/Under 27.5 in Game 1?,total_kills,1,2026-10-08 11:00:00,172.4,Over,48535364230516699695569920120640025312616366139535973806349798501533511344447,0.43,0.45,0.44,0.02,18.95,18.95,151.95,165.55,414.05,749.8,25,25,52.061225
2026-10-08 08:07:34,1148307,5405563,Total Kills Over/Under 27.5 in Game 1?,total_kills,1,2026-10-08 11:00:00,172.4,Under,90616294397336980355359054125540142053093677993443928520458274590027044606218,0.55,0.57,0.56,0.02,194.45,470.95,810.2,26.05,26.05,243.05,25,25,52.061225
2026-10-08 08:07:34,1148307,5405562,Total Kills Over/Under 27.5 in Game 2?,total_kills,2,2026-10-08 11:00:00,172.4,Over,52085845923858446993308637551380830977553750239790587730144480881841351308886,0.42,0.48,0.45,0.06,355.6,493.85,493.85,412.94,589.69,849.69,24,25,2.104167
2026-10-08 08:07:34,1148307,5405562,Total Kills Over/Under 27.5 in Game 2?,total_kills,2,2026-10-08 11:00:00,172.4,Under,90899590131632860263023297417462596981736588409072677110437833718795273896632,0.52,0.58,0.55,0.06,429.95,603.2,843.2,499.4,711.15,711.15,25,24,2.104167
2026-10-08 08:07:34,1148307,5405914,Total Kills Over/Under 30.5 in Game 1?,total_kills,1,2026-10-08 11:00:00,172.4,Over,97030117411905741746034004955390015340834764977139721577021933547208334135994,0.26,0.33,0.295,0.07,131.25,211.75,297.0,122.35,246.6,431.6,18,28,
2026-10-08 08:07:34,1148307,5405914,Total Kills Over/Under 30.5 in Game 1?,total_kills,1,2026-10-08 11:00:00,172.4,Under,98439281319897867955108264777439661350666516876122725059670445381962941064071,0.67,0.74,0.705,0.07,237.65,463.4,778.4,373.75,643.25,953.45,28,18,
2026-10-08 08:07:34,1148307,5405915,Total Kills Over/Under 30.5 in Game 2?,total_kills,2,2026-10-08 11:00:00,172.4,Over,81205211164833106086926553405951741152557835749941458520443647165184918626931,0.28,0.35,0.315,0.07,136.4,271.15,319.15,129.55,445.8,445.8,19,27,
2026-10-08 08:07:34,1148307,5405915,Total Kills Over/Under 30.5 in Game 2?,total_kills,2,2026-10-08 11:00:00,172.4,Under,115325064661699653330001106119291329343627686467203366603851187849553201223598,0.65,0.72,0.685,0.07,230.45,764.2,764.2,368.6,758.85,910.85,27,19,
2026-10-08 08:07:34,1148307,5423258,Total Kills Over/Under 24.5 in Game 2?,total_kills,2,2026-10-08 11:00:00,172.4,Over,37167055865851235576099593853892627762121282587655398772688543038307519810688,0.59,0.65,0.62,0.06,292.95,491.8,682.55,237.55,813.8,813.8,22,23,
2026-10-08 08:07:34,1148307,5423258,Total Kills Over/Under 24.5 in Game 2?,total_kills,2,2026-10-08 11:00:00,172.4,Under,55097596303571781087824414885396521659192103835965352765537122995508450028382,0.35,0.41,0.38,0.06,122.45,396.2,396.2,212.05,368.2,527.45,23,22,
2026-10-08 08:07:34,1148307,5423259,Total Kills Over/Under 24.5 in Game 1?,total_kills,1,2026-10-08 11:00:00,172.4,Over,28904832491941503700663460993072572630525693146299568501914429939877220893357,0.59,0.62,0.605,0.03,61.24,61.24,250.24,226.74,452.49,452.49,23,22,110.346647
2026-10-08 08:07:34,1148307,5423259,Total Kills Over/Under 24.5 in Game 1?,total_kills,1,2026-10-08 11:00:00,172.4,Under,29646559824616558549438909849092608685527763028810725261629290474672186084455,0.38,0.41,0.395,0.03,133.25,257.5,257.5,44.26,44.26,205.26,22,23,110.346647
2026-10-08 08:07:34,1148308,5404906,LoL: FlyQuest vs RED Canids - Game 1 Winner,map,1,2026-10-08 09:00:00,52.4,FlyQuest,35901205032623735268297159373854013485835394816370012929231306335622485793750,0.76,0.77,0.765,0.01,6921.44,9573.59,14209.32,14696.19,24729.66,27019.06,44,22,18721.899327
2026-10-08 08:07:34,1148308,5404906,LoL: FlyQuest vs RED Canids - Game 1 Winner,map,1,2026-10-08 09:00:00,52.4,RED Canids,46959966328902405548967099090675247646522131868286951166007916047112625946771,0.23,0.24,0.235,0.01,4148.75,6748.03,7273.63,2290.76,3243.61,5060.68,22,44,18721.899327
2026-10-08 08:07:34,1148308,5404907,LoL: FlyQuest vs RED Canids - Game 2 Winner,map,2,2026-10-08 09:00:00,52.4,FlyQuest,102705729593580582941292063731196380555655499854668999234354456019394437271414,0.76,0.77,0.765,0.01,5991.18,8474.43,10570.43,11563.73,12209.0,14466.0,25,22,1791.1548119999998
2026-10-08 08:07:34,1148308,5404907,LoL: FlyQuest vs RED Canids - Game 2 Winner,map,2,2026-10-08 09:00:00,52.4,RED Canids,27614085125502191380572949082395562109831414758987721472040563612169863351423,0.23,0.24,0.235,0.01,3452.75,3618.07,4136.07,1900.94,2792.69,3621.69,22,25,1791.1548119999998
2026-10-08 08:07:34,1148308,5404908,LoL: FlyQuest vs RED Canids (BO3) - Demacia Cup Global Invitational Group Stage,series,,2026-10-08 09:00:00,52.4,FlyQuest,28518360165695557583903719028319120247176221363195056791718448068444835437482,0.85,0.86,0.855,0.01,46672.7,61876.37,68293.82,32893.25,41175.21,46924.96,59,14,90744.53711199998
2026-10-08 08:07:34,1148308,5404908,LoL: FlyQuest vs RED Canids (BO3) - Demacia Cup Global Invitational Group Stage,series,,2026-10-08 09:00:00,52.4,RED Canids,54912072942903637739745651431855766235331068047661668863630875746511275132590,0.14,0.15,0.145,0.01,4974.95,6005.75,6611.0,8818.38,11946.86,13539.41,14,59,90744.53711199998
2026-10-08 08:07:34,1148308,5404909,Games Total: O/U 2.5,total_games,,2026-10-08 09:00:00,52.4,Over,56396522594541620386382580920149664690199439367665945430598434295098013100054,0.33,0.34,0.335,0.01,8365.18,9531.96,10504.91,129.79,1737.08,2686.18,17,24,1010.6023369999999
2026-10-08 08:07:34,1148308,5404909,Games Total: O/U 2.5,total_games,,2026-10-08 09:00:00,52.4,Under,88035134603274302273941406001237957053049947923290357276449697073322020485412,0.66,0.67,0.665,0.01,249.33,3003.06,4513.96,17767.68,20424.57,22856.62,24,17,1010.6023369999999
2026-10-08 08:07:34,1148308,5404910,Game Handicap: FLY (-1.5) vs RED Canids (+1.5),handicap,,2026-10-08 09:00:00,52.4,FlyQuest,48219698202015119540444241707388270670432868887710554974307512038078556741507,0.6,0.61,0.605,0.01,28903.41,30287.27,30621.07,36533.06,36593.03,38141.04,33,24,14736.980843000003
2026-10-08 08:07:34,1148308,5404910,Game Handicap: FLY (-1.5) vs RED Canids (+1.5),handicap,,2026-10-08 09:00:00,52.4,RED Canids,82368981386306518794044324457136530073801135428324653721332073630867083598891,0.39,0.4,0.395,0.01,23330.87,23365.38,24187.09,19784.28,20817.7,21088.9,24,33,14736.980843000003
2026-10-08 08:07:34,1148308,5404911,Game 1: Both Teams Slay Baron Nashor?,prop,1,2026-10-08 09:00:00,52.4,Yes,36206915208787149636654297305868477391988108176413697380471993153115689941856,0.01,0.99,0.5,0.98,0.96,0.96,0.96,95.04,95.04,95.04,1,1,
2026-10-08 08:07:34,1148308,5404911,Game 1: Both Teams Slay Baron Nashor?,prop,1,2026-10-08 09:00:00,52.4,No,58614510157715987034594870174632436579197539745317487794905865301266664175791,0.01,0.99,0.5,0.98,0.96,0.96,0.96,95.04,95.04,95.04,1,1,
2026-10-08 08:07:34,1148308,5404912,Game 1: Both Teams Slay a Dragon?,prop,1,2026-10-08 09:00:00,52.4,Yes,44587398300757456902086063141568406274818862960778105087722359976257785012097,0.01,0.99,0.5,0.98,0.96,0.96,0.96,95.04,95.04,95.04,1,1,
2026-10-08 08:07:34,1148308,5404912,Game 1: Both Teams Slay a Dragon?,prop,1,2026-10-08 09:00:00,52.4,No,71253872090200386229354035812343740537141170710492379972430681869479643357171,0.01,0.99,0.5,0.98,0.96,0.96,0.96,95.04,95.04,95.04,1,1,
2026-10-08 08:07:34,1148308,5404913,Game 1: Both Teams Destroy Inhibitors?,prop,1,2026-10-08 09:00:00,52.4,Yes,87739093055263949869982634417925068142805113365816587779715363542935040633661,0.01,0.99,0.5,0.98,0.96,0.96,0.96,95.04,95.04,95.04,1,1,
2026-10-08 08:07:34,1148308,5404913,Game 1: Both Teams Destroy Inhibitors?,prop,1,2026-10-08 09:00:00,52.4,No,101690123914603788577424535151540729602757109084253175239426180794562335936102,0.01,0.99,0.5,0.98,0.96,0.96,0.96,95.04,95.04,95.04,1,1,
2026-10-08 08:07:34,1148308,5404914,Game 1: Any Player Quadra Kill?,prop,1,2026-10-08 09:00:00,52.4,Yes,103065501608158275003054705644269376534839776303294033738749838666246886011460,,,,,0.0,0.0,0.0,0.0,0.0,0.0,0,0,
2026-10-08 08:07:34,1148308,5404914,Game 1: Any Player Quadra Kill?,prop,1,2026-10-08 09:00:00,52.4,No,81952778973474125959982010006165441437671723941250372193625543325425372295886,,,,,0.0,0.0,0.0,0.0,0.0,0.0,0,0,
2026-10-08 08:07:34,1148308,5404915,Game 1: Any Player Penta Kill?,prop,1,2026-10-08 09:00:00,52.4,Yes,30997856257119950568796141145422689294375675133207679633162462155530436350372,,0.4,,,0.0,0.0,0.0,2.0,2.0,2.0,0,1,
2026-10-08 08:07:34,1148308,5404915,Game 1: Any Player Penta Kill?,prop,1,2026-10-08 09:00:00,52.4,No,107736122061818807691580901952087243115409516237677647423144139460699361111212,0.6,,,,3.0,3.0,3.0,0.0,0.0,0.0,1,0,
2026-10-08 08:07:34,1148308,5404916,Game 1: Odd/Even Total Kills?,odd_even,1,2026-10-08 09:00:00,52.4,Odd,99988972205326537139100200548153787457822129817769249325209112277070894756728,0.49,0.51,0.5,0.02,98.0,98.0,98.0,102.0,102.0,102.0,4,4,
2026-10-08 08:07:34,1148308,5404916,Game 1: Odd/Even Total Kills?,odd_even,1,2026-10-08 09:00:00,52.4,Even,59750816069602470429211541876147724518330617907225660391291853671459286883319,0.49,0.51,0.5,0.02,98.0,98.0,98.0,102.0,102.0,102.0,4,4,
2026-10-08 08:07:34,1148308,5404917,Game 2: Both Teams Slay Baron Nashor?,prop,2,2026-10-08 09:00:00,52.4,Yes,9112525753521290789870254090194822931120524725776756276916992476354627102322,0.01,0.99,0.5,0.98,0.96,0.96,0.96,95.04,95.04,95.04,1,1,
2026-10-08 08:07:34,1148308,5404917,Game 2: Both Teams Slay Baron Nashor?,prop,2,2026-10-08 09:00:00,52.4,No,63809538418156703802068928338832144360465078907742978250505991884827907730213,0.01,0.99,0.5,0.98,0.96,0.96,0.96,95.04,95.04,95.04,1,1,
2026-10-08 08:07:34,1148308,5404918,Game 2: Both Teams Slay a Dragon?,prop,2,2026-10-08 09:00:00,52.4,Yes,33909764286783667384918181360221870418048495445044283943075406093342542367918,0.01,0.99,0.5,0.98,0.96,0.96,0.96,95.04,95.04,95.04,1,1,
2026-10-08 08:07:34,1148308,5404918,Game 2: Both Teams Slay a Dragon?,prop,2,2026-10-08 09:00:00,52.4,No,11194442767926458913347769163154741361366472253254146017489487000279224906368,0.01,0.99,0.5,0.98,0.96,0.96,0.96,95.04,95.04,95.04,1,1,
2026-10-08 08:07:34,1148308,5404919,Game 2: Both Teams Destroy Inhibitors?,prop,2,2026-10-08 09:00:00,52.4,Yes,6181758397561841761365499527217907498525348308281567433246344703320418337810,0.01,0.99,0.5,0.98,0.96,0.96,0.96,95.04,95.04,95.04,1,1,
2026-10-08 08:07:34,1148308,5404919,Game 2: Both Teams Destroy Inhibitors?,prop,2,2026-10-08 09:00:00,52.4,No,48393488076710906941792513244702700272916496358036967926261004646852098468134,0.01,0.99,0.5,0.98,0.96,0.96,0.96,95.04,95.04,95.04,1,1,
2026-10-08 08:07:34,1148308,5404920,Game 2: Any Player Quadra Kill?,prop,2,2026-10-08 09:00:00,52.4,Yes,108056427106595099042541773956476353260822841597968828301707796207543533837474,,,,,0.0,0.0,0.0,0.0,0.0,0.0,0,0,
2026-10-08 08:07:34,1148308,5404920,Game 2: Any Player Quadra Kill?,prop,2,2026-10-08 09:00:00,52.4,No,22767030052961639164631144184274712425335907690658420766648555692802868956708,,,,,0.0,0.0,0.0,0.0,0.0,0.0,0,0,
2026-10-08 08:07:34,1148308,5404921,Game 2: Any Player Penta Kill?,prop,2,2026-10-08 09:00:00,52.4,Yes,49131421734778128343682566825062900414732156991730545429069744329878965275112,,,,,0.0,0.0,0.0,0.0,0.0,0.0,0,0,
2026-10-08 08:07:34,1148308,5404921,Game 2: Any Player Penta Kill?,prop,2,2026-10-08 09:00:00,52.4,No,92401306050638467820110454865360582465054298762613346327949605609921656213102,,,,,0.0,0.0,0.0,0.0,0.0,0.0,0,0,
2026-10-08 08:07:34,1148308,5404922,Game 2: Odd/Even Total Kills?,odd_even,2,2026-10-08 09:00:00,52.4,Odd,85731999971202447894550171680121388629555947299240511620121691003564435820507,0.49,0.51,0.5,0.02,98.0,98.0,98.0,102.0,102.0,102.0,4,4,
2026-10-08 08:07:34,1148308,5404922,Game 2: Odd/Even Total Kills?,odd_even,2,2026-10-08 09:00:00,52.4,Even,13538183296179639195478460624833761468833364155744839424781362957788033360690,0.49,0.51,0.5,0.02,98.0,98.0,98.0,102.0,102.0,102.0,4,4,
2026-10-08 08:07:34,1148308,5404923,Game 3: Both Teams Slay Baron Nashor?,prop,3,2026-10-08 09:00:00,52.4,Yes,92989560996857667890729283921447898373493970820290987136211100949365545782988,0.01,0.99,0.5,0.98,0.96,0.96,0.96,95.04,95.04,95.04,1,1,
2026-10-08 08:07:34,1148308,5404923,Game 3: Both Teams Slay Baron Nashor?,prop,3,2026-10-08 09:00:00,52.4,No,75994031747363579859735659870450476883234748727535374370168348582180784661838,0.01,0.99,0.5,0.98,0.96,0.96,0.96,95.04,95.04,95.04,1,1,
2026-10-08 08:07:34,1148308,5404924,Game 3: Both Teams Slay a Dragon?,prop,3,2026-10-08 09:00:00,52.4,Yes,64327937981651923408395421946098535268234192419012324397366005299661492204658,0.01,0.99,0.5,0.98,0.96,0.96,0.96,95.04,95.04,95.04,1,1,
2026-10-08 08:07:34,1148308,5404924,Game 3: Both Teams Slay a Dragon?,prop,3,2026-10-08 09:00:00,52.4,No,7457246009738625317067306997684526577392206077651240971103396942185250309092,0.01,0.99,0.5,0.98,0.96,0.96,0.96,95.04,95.04,95.04,1,1,
2026-10-08 08:07:34,1148308,5404925,Game 3: Both Teams Destroy Inhibitors?,prop,3,2026-10-08 09:00:00,52.4,Yes,8412197124798992140037356591614322789179987210785494712822821077167847274063,0.01,0.99,0.5,0.98,0.96,0.96,0.96,95.03,95.03,95.03,1,1,
2026-10-08 08:07:34,1148308,5404925,Game 3: Both Teams Destroy Inhibitors?,prop,3,2026-10-08 09:00:00,52.4,No,50533522468612415356963355379941197513142865499569736780705485712949352818578,0.01,0.99,0.5,0.98,0.96,0.96,0.96,95.04,95.04,95.04,1,1,
2026-10-08 08:07:34,1148308,5404926,Game 3: Any Player Quadra Kill?,prop,3,2026-10-08 09:00:00,52.4,Yes,61465228904331201637639579471950492837315779233249784975327849971378009340383,,,,,0.0,0.0,0.0,0.0,0.0,0.0,0,0,
2026-10-08 08:07:34,1148308,5404926,Game 3: Any Player Quadra Kill?,prop,3,2026-10-08 09:00:00,52.4,No,108818691178412873645914816514140857956222060250699528394576561261021367458144,,,,,0.0,0.0,0.0,0.0,0.0,0.0,0,0,
2026-10-08 08:07:34,1148308,5404927,Game 3: Any Player Penta Kill?,prop,3,2026-10-08 09:00:00,52.4,Yes,63580985801632133397165503570496737514472691677139832475950047775628793599059,,,,,0.0,0.0,0.0,0.0,0.0,0.0,0,0,
2026-10-08 08:07:34,1148308,5404927,Game 3: Any Player Penta Kill?,prop,3,2026-10-08 09:00:00,52.4,No,105450468740574693117207078769841989686480321599945901454155406896757277590207,,,,,0.0,0.0,0.0,0.0,0.0,0.0,0,0,
2026-10-08 08:07:34,1148308,5404928,Game 3: Odd/Even Total Kills?,odd_even,3,2026-10-08 09:00:00,52.4,Odd,23951389524829733992524271159321709044146488279302308559414473153111056544282,0.07,0.94,0.505,0.87,3.5,11.5,15.72,2830.39,2837.44,3052.71,7,5,
2026-10-08 08:07:34,1148308,5404928,Game 3: Odd/Even Total Kills?,odd_even,3,2026-10-08 09:00:00,52.4,Even,6058401635395593022347006965152997095308447111818946397552023714767354484855,0.06,0.93,0.495,0.87,180.55,180.77,184.96,53.68,220.68,423.82,5,7,
2026-10-08 08:07:34,1148308,5405556,First Blood in Game 1?,first_blood,1,2026-10-08 09:00:00,52.4,FlyQuest,88701631938854123857380263286027814309460636542277002171303099428299986557335,0.04,0.93,0.485,0.89,120.44,120.96,120.96,2797.04,2869.04,3383.15,3,6,
2026-10-08 08:07:34,1148308,5405556,First Blood in Game 1?,first_blood,1,2026-10-08 09:00:00,52.4,RED Canids,21915792120476510605889859183628701065398409389763179141843492496784371267755,0.07,0.96,0.515,0.89,210.45,213.45,225.74,2894.22,2945.7,2945.7,6,3,
2026-10-08 08:07:34,1148308,5405557,First Blood in Game 2?,first_blood,2,2026-10-08 09:00:00,52.4,FlyQuest,89886616504273725880048816723452801161342233385660906516457261355901510387421,0.04,0.96,0.5,0.92,120.51,120.96,120.96,2901.39,2930.93,2930.93,3,3,
2026-10-08 08:07:34,1148308,5405557,First Blood in Game 2?,first_blood,2,2026-10-08 09:00:00,52.4,RED Canids,93444852866459917870049695118109280020970702839814924743605418883017220888522,0.04,0.96,0.5,0.92,120.66,120.96,120.96,2896.36,2941.3,2941.3,3,3,
2026-10-08 08:07:34,1148308,5405558,Total Kills Over/Under 27.5 in Game 1?,total_kills,1,2026-10-08 09:00:00,52.4,Over,7013679442395800020902316136931101924584607350791963396908082239753537538453,0.49,0.53,0.51,0.04,510.56,510.56,2464.56,547.64,643.89,643.89,18,19,39.795848
2026-10-08 08:07:34,1148308,5405558,Total Kills Over/Under 27.5 in Game 1?,total_kills,1,2026-10-08 09:00:00,52.4,Under,67212003858018753700192211509141328591002970091409621722992859823164531040484,0.47,0.51,0.49,0.04,482.35,561.1,561.1,532.17,532.17,2928.17,19,18,39.795848
2026-10-08 08:07:34,1148308,5405559,Total Kills Over/Under 27.5 in Game 2?,total_kills,2,2026-10-08 09:00:00,52.4,Over,15581680017747400017541430974710675745017878813387670303347894963087073194030,0.49,0.52,0.505,0.03,265.27,265.27,2219.27,285.66,380.16,380.16,18,19,
2026-10-08 08:07:34,1148308,5405559,Total Kills Over/Under 27.5 in Game 2?,total_kills,2,2026-10-08 09:00:00,52.4,Under,74944559345525909480275106343873542862465438456588649343432161688817458401918,0.48,0.51,0.495,0.03,260.16,340.66,340.66,276.62,276.62,2672.62,19,18,
2026-10-08 08:07:34,1148308,5405779,Total Kills Over/Under 30.5 in Game 1?,total_kills,1,2026-10-08 09:00:00,52.4,Over,93036542621585369358702887102567509417101329566222757193240857922327470770225,0.31,0.36,0.335,0.05,167.16,217.91,358.91,231.79,234.66,446.41,16,23,144.792271
2026-10-08 08:07:34,1148308,5405779,Total Kills Over/Under 30.5 in Game 1?,total_kills,1,2026-10-08 09:00:00,52.4,Under,5482001955496204670758799409021733428676049158616757213411054763708130847529,0.64,0.69,0.665,0.05,398.02,402.72,715.97,377.96,502.21,883.43,23,16,144.792271
2026-10-08 08:07:34,1148308,5405780,Total Kills Over/Under 30.5 in Game 2?,total_kills,2,2026-10-08 09:00:00,52.4,Over,22130051959353700515940091071552463325679289116918072404594120340500971454682,0.3,0.37,0.335,0.07,161.4,345.4,351.4,190.68,467.18,612.43,16,23,
2026-10-08 08:07:34,1148308,5405780,Total Kills Over/Under 30.5 in Game 2?,total_kills,2,2026-10-08 09:00:00,52.4,Under,3114640539595181382416908227498083389920809912807060969585819053675986134680,0.63,0.7,0.665,0.07,324.46,747.96,952.71,382.7,873.7,890.77,23,16,
2026-10-08 08:07:34,1148308,5407712,Total Kills Over/Under 24.5 in Game 1?,total_kills,1,2026-10-08 09:00:00,52.4,Over,28857526194148558157275309219406102185660369769885795340680135948903239146610,0.64,0.67,0.655,0.03,158.62,607.13,610.08,242.09,368.65,383.33,24,17,1032.25906
2026-10-08 08:07:34,1148308,5407712,Total Kills Over/Under 24.5 in Game 1?,total_kills,1,2026-10-08 09:00:00,52.4,Under,28600261298056395246374487940319278130562350170307068709031229179551350421438,0.33,0.36,0.345,0.03,116.54,173.39,179.39,89.83,364.71,366.76,17,24,1032.25906
2026-10-08 08:07:34,1148308,5407713,Total Kills Over/Under 24.5 in Game 2?,total_kills,2,2026-10-08 09:00:00,52.4,Over,72157706177674091337028392676304565737862550924476902198914893635804728046111,0.62,0.67,0.645,0.05,169.51,172.7,662.2,704.87,825.62,840.3,21,17,267.515152
2026-10-08 08:07:34,1148308,5407713,Total Kills Over/Under 24.5 in Game 2?,total_kills,2,2026-10-08 09:00:00,52.4,Under,102295770535931025221344642798097385229480497332826535385997635479155099530480,0.33,0.38,0.355,0.05,337.02,391.27,397.27,104.01,106.14,466.64,17,21,267.515152
2026-10-08 08:13:24,1148307,5404883,LoL: Natus Vincere vs JD Gaming - Game 1 Winner,map,1,2026-10-08 11:00:00,166.6,Natus Vincere,38348624269695075769678589081011142734195331893505590105975670194453049807294,0.33,0.34,0.335,0.01,281.49,1414.2,2016.09,614.26,1821.48,3381.62,27,39,5905.817935
2026-10-08 08:13:24,1148307,5404883,LoL: Natus Vincere vs JD Gaming - Game 1 Winner,map,1,2026-10-08 11:00:00,166.6,JD Gaming,47336520694611758956763599979420485394357717795257539968819272579111558380357,0.66,0.67,0.665,0.01,1175.83,3243.32,5736.18,573.66,3134.94,4643.04,39,27,5905.817935
2026-10-08 08:13:24,1148307,5404884,LoL: Natus Vincere vs JD Gaming - Game 2 Winner,map,2,2026-10-08 11:00:00,166.6,Natus Vincere,87959431582496129697040551450818191945945976170075660791915226612682039665158,0.32,0.33,0.325,0.01,996.2,1918.2,2328.2,238.2,422.04,2210.64,24,25,224.477069
2026-10-08 08:13:24,1148307,5404884,LoL: Natus Vincere vs JD Gaming - Game 2 Winner,map,2,2026-10-08 11:00:00,166.6,JD Gaming,94422500780678149625748346033264177079239362302943886164146824243372804193816,0.67,0.68,0.675,0.01,476.76,806.18,3797.58,2190.2,4378.2,5468.2,25,24,224.477069
2026-10-08 08:13:24,1148307,5404885,LoL: Natus Vincere vs JD Gaming (BO3) - Demacia Cup Global Invitational Group Stage,series,,2026-10-08 11:00:00,166.6,Natus Vincere,88721751813598262325328365311926266077061533986976804346604236532100561776809,0.26,0.27,0.265,0.01,29187.68,38136.39,39713.39,26823.52,29006.01,30505.26,24,45,450158.7853530001
2026-10-08 08:13:24,1148307,5404885,LoL: Natus Vincere vs JD Gaming (BO3) - Demacia Cup Global Invitational Group Stage,series,,2026-10-08 11:00:00,166.6,JD Gaming,10427010144076895779113784138487375790125311338333304061217810564593520103505,0.73,0.74,0.735,0.01,72070.24,77182.74,80458.48,84145.13,113876.55,119499.55,45,24,450158.7853530001
2026-10-08 08:13:24,1148307,5404886,Games Total: O/U 2.5,total_games,,2026-10-08 11:00:00,166.6,Over,67319386612700317064537025541951970820312173079847762641551680943418033620540,0.43,0.45,0.44,0.02,215.18,1908.92,3257.77,702.86,2863.29,4350.74,24,25,3626.570674
2026-10-08 08:13:24,1148307,5404886,Games Total: O/U 2.5,total_games,,2026-10-08 11:00:00,166.6,Under,29448735116962792109155675357009537134205902867220801681097871188851805114539,0.55,0.57,0.56,0.02,825.41,3218.98,4746.53,286.97,2819.95,4981.1,25,24,3626.570674
2026-10-08 08:13:24,1148307,5404887,Game Handicap: JDG (-1.5) vs Natus Vincere (+1.5),handicap,,2026-10-08 11:00:00,166.6,JD Gaming,110067468832368260357577297984483126865587113937877318219324867014348841729016,0.47,0.48,0.475,0.01,14908.42,15409.74,16548.89,27767.22,30759.72,33749.72,32,33,33679.29437
2026-10-08 08:13:24,1148307,5404887,Game Handicap: JDG (-1.5) vs Natus Vincere (+1.5),handicap,,2026-10-08 11:00:00,166.6,Natus Vincere,14437982035569027785390070377286310134750267492193830921742033447062481853909,0.52,0.53,0.525,0.01,30028.93,32985.43,35695.43,17139.67,17753.69,19319.54,33,32,33679.29437
2026-10-08 08:13:24,1148307,5404888,Game 1: Both Teams Slay Baron Nashor?,prop,1,2026-10-08 11:00:00,166.6,Yes,79604320599484937446920520257191342625812402358060755302287144271719662864728,0.01,0.99,0.5,0.98,0.96,0.96,0.96,95.03,95.03,95.03,1,1,
2026-10-08 08:13:24,1148307,5404888,Game 1: Both Teams Slay Baron Nashor?,prop,1,2026-10-08 11:00:00,166.6,No,27805282413642068680544580167896751521079767729350901507898312542298705336570,0.01,0.99,0.5,0.98,0.96,0.96,0.96,95.03,95.03,95.03,1,1,
2026-10-08 08:13:24,1148307,5404889,Game 1: Both Teams Slay a Dragon?,prop,1,2026-10-08 11:00:00,166.6,Yes,50830576610900226200486445975820337784735228995506298413441021067557345596998,0.01,0.99,0.5,0.98,0.96,0.96,0.96,95.03,95.03,95.03,1,1,
2026-10-08 08:13:24,1148307,5404889,Game 1: Both Teams Slay a Dragon?,prop,1,2026-10-08 11:00:00,166.6,No,109076753479614271412344886650197792177153894471859230057368243687998817656486,0.01,0.99,0.5,0.98,0.96,0.96,0.96,95.03,95.03,95.03,1,1,
2026-10-08 08:13:24,1148307,5404890,Game 1: Both Teams Destroy Inhibitors?,prop,1,2026-10-08 11:00:00,166.6,Yes,69918937189641018740700288314882303974614480708458522691756517244276605632014,0.01,0.99,0.5,0.98,0.96,0.96,0.96,95.03,95.03,95.03,1,1,
2026-10-08 08:13:24,1148307,5404890,Game 1: Both Teams Destroy Inhibitors?,prop,1,2026-10-08 11:00:00,166.6,No,101356982471427373646328861446887533831812412809111783332092825000982053347279,0.01,0.99,0.5,0.98,0.96,0.96,0.96,95.03,95.03,95.03,1,1,
2026-10-08 08:13:24,1148307,5404891,Game 1: Any Player Quadra Kill?,prop,1,2026-10-08 11:00:00,166.6,Yes,72983692224213477623728754161733014409651092945442297072361993579040202581149,,,,,0.0,0.0,0.0,0.0,0.0,0.0,0,0,
2026-10-08 08:13:24,1148307,5404891,Game 1: Any Player Quadra Kill?,prop,1,2026-10-08 11:00:00,166.6,No,91420924960672147156295362151973832563996706592728963510345373357539605160858,,,,,0.0,0.0,0.0,0.0,0.0,0.0,0,0,
2026-10-08 08:13:24,1148307,5404892,Game 1: Any Player Penta Kill?,prop,1,2026-10-08 11:00:00,166.6,Yes,52207988569482865533805225985535229211713947353994241907539916407014554278217,,,,,0.0,0.0,0.0,0.0,0.0,0.0,0,0,
2026-10-08 08:13:24,1148307,5404892,Game 1: Any Player Penta Kill?,prop,1,2026-10-08 11:00:00,166.6,No,72930183165818210080301457461439206316992341130443767097946292490277769174765,,,,,0.0,0.0,0.0,0.0,0.0,0.0,0,0,
2026-10-08 08:13:24,1148307,5404893,Game 1: Odd/Even Total Kills?,odd_even,1,2026-10-08 11:00:00,166.6,Odd,64754917371178390513532411361097463006112308825698302653839143288793158715251,0.49,0.51,0.5,0.02,98.0,98.0,98.0,102.0,102.0,102.0,8,8,
2026-10-08 08:13:24,1148307,5404893,Game 1: Odd/Even Total Kills?,odd_even,1,2026-10-08 11:00:00,166.6,Even,27732495799144573478112812114190002001689509176975563473213150267332008462097,0.49,0.51,0.5,0.02,98.0,98.0,98.0,102.0,102.0,102.0,8,8,
2026-10-08 08:13:24,1148307,5404894,Game 2: Both Teams Slay Baron Nashor?,prop,2,2026-10-08 11:00:00,166.6,Yes,24002217051023497028843055051740602668360567145344258813655890905144388857189,0.01,0.99,0.5,0.98,0.96,0.96,0.96,95.03,95.03,95.03,1,1,
2026-10-08 08:13:24,1148307,5404894,Game 2: Both Teams Slay Baron Nashor?,prop,2,2026-10-08 11:00:00,166.6,No,13995565777178753484333200813048400156677948870148841160326134507095973079674,0.01,0.99,0.5,0.98,0.96,0.96,0.96,95.03,95.03,95.03,1,1,
2026-10-08 08:13:24,1148307,5404895,Game 2: Both Teams Slay a Dragon?,prop,2,2026-10-08 11:00:00,166.6,Yes,87951179241092659469855247922889358752935956201755652523123596500187396758898,0.01,0.99,0.5,0.98,0.96,0.96,0.96,95.03,95.03,95.03,1,1,
2026-10-08 08:13:24,1148307,5404895,Game 2: Both Teams Slay a Dragon?,prop,2,2026-10-08 11:00:00,166.6,No,63051149002651026428257656835731977521121887147535163328848232154543149389715,0.01,0.99,0.5,0.98,0.96,0.96,0.96,95.03,95.03,95.03,1,1,
2026-10-08 08:13:24,1148307,5404896,Game 2: Both Teams Destroy Inhibitors?,prop,2,2026-10-08 11:00:00,166.6,Yes,96137305008861236030593762014296996432887811297791540624336647399843707646416,0.01,0.99,0.5,0.98,0.96,0.96,0.96,95.03,95.03,95.03,1,1,
2026-10-08 08:13:24,1148307,5404896,Game 2: Both Teams Destroy Inhibitors?,prop,2,2026-10-08 11:00:00,166.6,No,43238797551436679778118937436491141331494992155787270355211539426479073971277,0.01,0.99,0.5,0.98,0.96,0.96,0.96,95.03,95.03,95.03,1,1,
2026-10-08 08:13:24,1148307,5404897,Game 2: Any Player Quadra Kill?,prop,2,2026-10-08 11:00:00,166.6,Yes,74959688715154827114846736340358917074714204626175195218241111942849781487026,,,,,0.0,0.0,0.0,0.0,0.0,0.0,0,0,
2026-10-08 08:13:24,1148307,5404897,Game 2: Any Player Quadra Kill?,prop,2,2026-10-08 11:00:00,166.6,No,2460398514354912045306958082260087952843538412872036050394132451983842773854,,,,,0.0,0.0,0.0,0.0,0.0,0.0,0,0,
2026-10-08 08:13:24,1148307,5404898,Game 2: Any Player Penta Kill?,prop,2,2026-10-08 11:00:00,166.6,Yes,56373236142180634396486709092620664373645805464949373627238406554097932862901,,,,,0.0,0.0,0.0,0.0,0.0,0.0,0,0,
2026-10-08 08:13:24,1148307,5404898,Game 2: Any Player Penta Kill?,prop,2,2026-10-08 11:00:00,166.6,No,7828408591025876186711733192097307021902057869329943952370377207722701160942,,,,,0.0,0.0,0.0,0.0,0.0,0.0,0,0,
2026-10-08 08:13:24,1148307,5404899,Game 2: Odd/Even Total Kills?,odd_even,2,2026-10-08 11:00:00,166.6,Odd,87497128162321202733473376739958105323083604163378884388315783923511297024300,0.49,0.51,0.5,0.02,98.0,98.0,98.0,102.0,102.0,102.0,8,8,
2026-10-08 08:13:24,1148307,5404899,Game 2: Odd/Even Total Kills?,odd_even,2,2026-10-08 11:00:00,166.6,Even,87223690454521456657921603302957448641574969273408207317491390350432812611460,0.49,0.51,0.5,0.02,98.0,98.0,98.0,102.0,102.0,102.0,8,8,
2026-10-08 08:13:24,1148307,5404900,Game 3: Both Teams Slay Baron Nashor?,prop,3,2026-10-08 11:00:00,166.6,Yes,8415535589956025738423171300817185288331400597305987967409404165209120996680,0.01,0.99,0.5,0.98,0.96,0.96,0.96,95.03,95.03,95.03,1,1,
2026-10-08 08:13:24,1148307,5404900,Game 3: Both Teams Slay Baron Nashor?,prop,3,2026-10-08 11:00:00,166.6,No,91134166934846974647494433782756233904190946992589582024576743635928182961309,0.01,0.99,0.5,0.98,0.96,0.96,0.96,95.03,95.03,95.03,1,1,
2026-10-08 08:13:24,1148307,5404901,Game 3: Both Teams Slay a Dragon?,prop,3,2026-10-08 11:00:00,166.6,Yes,33075666909920724502309267909075697923817334211358587238313557052767699541390,0.01,0.99,0.5,0.98,0.96,0.96,0.96,95.03,95.03,95.03,1,1,
2026-10-08 08:13:24,1148307,5404901,Game 3: Both Teams Slay a Dragon?,prop,3,2026-10-08 11:00:00,166.6,No,97527007431265098087434899057500996142652577163847389629195745718234009378519,0.01,0.99,0.5,0.98,0.96,0.96,0.96,95.03,95.03,95.03,1,1,
2026-10-08 08:13:24,1148307,5404902,Game 3: Both Teams Destroy Inhibitors?,prop,3,2026-10-08 11:00:00,166.6,Yes,74272062088027947016197201019579668271422367894876079358489558223743815328435,0.01,0.96,0.485,0.95,0.96,0.96,0.96,13.84,60.1,60.1,1,3,
2026-10-08 08:13:24,1148307,5404902,Game 3: Both Teams Destroy Inhibitors?,prop,3,2026-10-08 11:00:00,166.6,No,30511242141346713825988158388132468183945042051025453257060935699591339233482,0.04,0.99,0.515,0.95,0.58,1.13,1.13,95.03,95.03,95.03,3,1,
2026-10-08 08:13:24,1148307,5404903,Game 3: Any Player Quadra Kill?,prop,3,2026-10-08 11:00:00,166.6,Yes,50093891584730121757717149404198251799603520164764296057954681815918236032630,,,,,0.0,0.0,0.0,0.0,0.0,0.0,0,0,
2026-10-08 08:13:24,1148307,5404903,Game 3: Any Player Quadra Kill?,prop,3,2026-10-08 11:00:00,166.6,No,53246150542620911276509028037763437255110534765986470702009512983524135831471,,,,,0.0,0.0,0.0,0.0,0.0,0.0,0,0,
2026-10-08 08:13:24,1148307,5404904,Game 3: Any Player Penta Kill?,prop,3,2026-10-08 11:00:00,166.6,Yes,38455077511132678464201194601271244297136118318363870792375439294122420180062,,,,,0.0,0.0,0.0,0.0,0.0,0.0,0,0,
2026-10-08 08:13:24,1148307,5404904,Game 3: Any Player Penta Kill?,prop,3,2026-10-08 11:00:00,166.6,No,83050424920607872164628089425033213428337271874658851017287406413318962784763,,,,,0.0,0.0,0.0,0.0,0.0,0.0,0,0,
2026-10-08 08:13:24,1148307,5404905,Game 3: Odd/Even Total Kills?,odd_even,3,2026-10-08 11:00:00,166.6,Odd,65013896097962156655696963713970385758694162787094209601841604255352651101111,0.49,0.51,0.5,0.02,98.0,98.0,98.0,102.0,102.0,102.0,8,8,
2026-10-08 08:13:24,1148307,5404905,Game 3: Odd/Even Total Kills?,odd_even,3,2026-10-08 11:00:00,166.6,Even,40461083361858627601804816167324070220133450007595697234416563963374935501704,0.49,0.51,0.5,0.02,98.0,98.0,98.0,102.0,102.0,102.0,8,8,
2026-10-08 08:13:24,1148307,5405561,First Blood in Game 1?,first_blood,1,2026-10-08 11:00:00,166.6,Natus Vincere,39954278548663231593937352846446410964360539959221260671015566567682094762955,0.04,0.92,0.48,0.88,120.65,120.96,120.96,2765.33,2822.33,3174.98,3,6,
2026-10-08 08:13:24,1148307,5405561,First Blood in Game 1?,first_blood,1,2026-10-08 11:00:00,166.6,JD Gaming,113903488508673755213241088082938661566946950312223036053764774647645515833799,0.08,0.96,0.52,0.88,240.4,243.4,255.66,2901.01,2931.71,2931.71,6,3,
2026-10-08 08:13:24,1148307,5405560,First Blood in Game 2?,first_blood,2,2026-10-08 11:00:00,166.6,Natus Vincere,72409514420431402308521490594626679316503164386610393367904801924004971642141,0.08,0.92,0.5,0.84,240.39,243.39,255.65,2765.36,2822.36,3174.95,6,6,
2026-10-08 08:13:24,1148307,5405560,First Blood in Game 2?,first_blood,2,2026-10-08 11:00:00,166.6,JD Gaming,54242580759438248587125368957795265313455818464390519844755102863405906745826,0.08,0.92,0.5,0.84,240.4,243.4,255.66,2765.21,2822.21,3174.71,6,6,
2026-10-08 08:13:24,1148307,5405563,Total Kills Over/Under 27.5 in Game 1?,total_kills,1,2026-10-08 11:00:00,166.6,Over,48535364230516699695569920120640025312616366139535973806349798501533511344447,0.43,0.45,0.44,0.02,18.95,18.95,151.95,165.55,414.05,749.8,25,25,52.061225
2026-10-08 08:13:24,1148307,5405563,Total Kills Over/Under 27.5 in Game 1?,total_kills,1,2026-10-08 11:00:00,166.6,Under,90616294397336980355359054125540142053093677993443928520458274590027044606218,0.55,0.57,0.56,0.02,194.45,470.95,810.2,26.05,26.05,243.05,25,25,52.061225
2026-10-08 08:13:24,1148307,5405562,Total Kills Over/Under 27.5 in Game 2?,total_kills,2,2026-10-08 11:00:00,166.6,Over,52085845923858446993308637551380830977553750239790587730144480881841351308886,0.42,0.48,0.45,0.06,355.6,493.85,493.85,412.94,589.69,849.69,24,25,2.104167
2026-10-08 08:13:24,1148307,5405562,Total Kills Over/Under 27.5 in Game 2?,total_kills,2,2026-10-08 11:00:00,166.6,Under,90899590131632860263023297417462596981736588409072677110437833718795273896632,0.52,0.58,0.55,0.06,429.95,603.2,843.2,499.4,711.15,711.15,25,24,2.104167
2026-10-08 08:13:24,1148307,5405914,Total Kills Over/Under 30.5 in Game 1?,total_kills,1,2026-10-08 11:00:00,166.6,Over,97030117411905741746034004955390015340834764977139721577021933547208334135994,0.26,0.33,0.295,0.07,131.25,211.75,297.0,122.35,246.6,431.6,18,28,
2026-10-08 08:13:24,1148307,5405914,Total Kills Over/Under 30.5 in Game 1?,total_kills,1,2026-10-08 11:00:00,166.6,Under,98439281319897867955108264777439661350666516876122725059670445381962941064071,0.67,0.74,0.705,0.07,237.65,463.4,778.4,373.75,643.25,953.45,28,18,
2026-10-08 08:13:24,1148307,5405915,Total Kills Over/Under 30.5 in Game 2?,total_kills,2,2026-10-08 11:00:00,166.6,Over,81205211164833106086926553405951741152557835749941458520443647165184918626931,0.28,0.35,0.315,0.07,136.4,271.15,319.15,129.55,445.8,445.8,19,27,
2026-10-08 08:13:24,1148307,5405915,Total Kills Over/Under 30.5 in Game 2?,total_kills,2,2026-10-08 11:00:00,166.6,Under,115325064661699653330001106119291329343627686467203366603851187849553201223598,0.65,0.72,0.685,0.07,230.45,764.2,764.2,368.6,758.85,910.85,27,19,
2026-10-08 08:13:24,1148307,5423258,Total Kills Over/Under 24.5 in Game 2?,total_kills,2,2026-10-08 11:00:00,166.6,Over,37167055865851235576099593853892627762121282587655398772688543038307519810688,0.59,0.65,0.62,0.06,292.95,491.8,682.55,237.55,813.8,813.8,22,23,
2026-10-08 08:13:24,1148307,5423258,Total Kills Over/Under 24.5 in Game 2?,total_kills,2,2026-10-08 11:00:00,166.6,Under,55097596303571781087824414885396521659192103835965352765537122995508450028382,0.35,0.41,0.38,0.06,122.45,396.2,396.2,212.05,368.2,527.45,23,22,
2026-10-08 08:13:24,1148307,5423259,Total Kills Over/Under 24.5 in Game 1?,total_kills,1,2026-10-08 11:00:00,166.6,Over,28904832491941503700663460993072572630525693146299568501914429939877220893357,0.59,0.62,0.605,0.03,61.24,61.24,250.24,226.74,452.49,452.49,23,22,110.346647
2026-10-08 08:13:24,1148307,5423259,Total Kills Over/Under 24.5 in Game 1?,total_kills,1,2026-10-08 11:00:00,166.6,Under,29646559824616558549438909849092608685527763028810725261629290474672186084455,0.38,0.41,0.395,0.03,133.25,257.5,257.5,44.26,44.26,205.26,22,23,110.346647
2026-10-08 08:13:24,1148308,5404906,LoL: FlyQuest vs RED Canids - Game 1 Winner,map,1,2026-10-08 09:00:00,46.6,FlyQuest,35901205032623735268297159373854013485835394816370012929231306335622485793750,0.77,0.78,0.775,0.01,3713.44,10855.44,13318.19,20384.18,27716.98,29326.23,46,21,18830.565990000003
2026-10-08 08:13:24,1148308,5404906,LoL: FlyQuest vs RED Canids - Game 1 Winner,map,1,2026-10-08 09:00:00,46.6,RED Canids,46959966328902405548967099090675247646522131868286951166007916047112625946771,0.22,0.23,0.225,0.01,5654.93,7441.13,7781.88,1119.87,3527.87,4465.12,21,46,18830.565990000003
2026-10-08 08:13:24,1148308,5404907,LoL: FlyQuest vs RED Canids - Game 2 Winner,map,2,2026-10-08 09:00:00,46.6,FlyQuest,102705729593580582941292063731196380555655499854668999234354456019394437271414,0.76,0.77,0.765,0.01,5991.18,8474.43,10570.43,11535.25,12180.52,14437.52,25,21,1901.2327329999998
2026-10-08 08:13:24,1148308,5404907,LoL: FlyQuest vs RED Canids - Game 2 Winner,map,2,2026-10-08 09:00:00,46.6,RED Canids,27614085125502191380572949082395562109831414758987721472040563612169863351423,0.23,0.24,0.235,0.01,3444.25,3609.57,4127.57,1900.94,2792.69,3621.69,21,25,1901.2327329999998
2026-10-08 08:13:24,1148308,5404908,LoL: FlyQuest vs RED Canids (BO3) - Demacia Cup Global Invitational Group Stage,series,,2026-10-08 09:00:00,46.6,FlyQuest,28518360165695557583903719028319120247176221363195056791718448068444835437482,0.85,0.86,0.855,0.01,46672.7,62062.37,68540.57,32990.17,41272.12,47229.62,58,14,109471.61849599998
2026-10-08 08:13:24,1148308,5404908,LoL: FlyQuest vs RED Canids (BO3) - Demacia Cup Global Invitational Group Stage,series,,2026-10-08 09:00:00,46.6,RED Canids,54912072942903637739745651431855766235331068047661668863630875746511275132590,0.14,0.15,0.145,0.01,4990.72,6021.53,6649.03,8818.38,11985.86,13592.66,14,58,109471.61849599998
2026-10-08 08:13:24,1148308,5404909,Games Total: O/U 2.5,total_games,,2026-10-08 09:00:00,46.6,Over,56396522594541620386382580920149664690199439367665945430598434295098013100054,0.33,0.34,0.335,0.01,8375.08,9541.86,10520.41,129.79,1737.08,2686.18,17,24,1010.602337
2026-10-08 08:13:24,1148308,5404909,Games Total: O/U 2.5,total_games,,2026-10-08 09:00:00,46.6,Under,88035134603274302273941406001237957053049947923290357276449697073322020485412,0.66,0.67,0.665,0.01,249.33,3003.06,4513.96,17787.78,20444.67,22891.12,24,17,1010.602337
2026-10-08 08:13:24,1148308,5404910,Game Handicap: FLY (-1.5) vs RED Canids (+1.5),handicap,,2026-10-08 09:00:00,46.6,FlyQuest,48219698202015119540444241707388270670432868887710554974307512038078556741507,0.6,0.61,0.605,0.01,28873.19,30257.05,30590.85,34691.46,34751.42,36299.43,32,23,47672.167072000004
2026-10-08 08:13:24,1148308,5404910,Game Handicap: FLY (-1.5) vs RED Canids (+1.5),handicap,,2026-10-08 09:00:00,46.6,RED Canids,82368981386306518794044324457136530073801135428324653721332073630867083598891,0.39,0.4,0.395,0.01,22151.8,22186.32,23008.02,19762.53,20795.95,21067.15,23,32,47672.167072000004
2026-10-08 08:13:24,1148308,5404911,Game 1: Both Teams Slay Baron Nashor?,prop,1,2026-10-08 09:00:00,46.6,Yes,36206915208787149636654297305868477391988108176413697380471993153115689941856,0.01,0.99,0.5,0.98,0.96,0.96,0.96,95.04,95.04,95.04,1,1,
2026-10-08 08:13:24,1148308,5404911,Game 1: Both Teams Slay Baron Nashor?,prop,1,2026-10-08 09:00:00,46.6,No,58614510157715987034594870174632436579197539745317487794905865301266664175791,0.01,0.99,0.5,0.98,0.96,0.96,0.96,95.04,95.04,95.04,1,1,
2026-10-08 08:13:24,1148308,5404912,Game 1: Both Teams Slay a Dragon?,prop,1,2026-10-08 09:00:00,46.6,Yes,44587398300757456902086063141568406274818862960778105087722359976257785012097,0.01,0.99,0.5,0.98,0.96,0.96,0.96,95.04,95.04,95.04,1,1,
2026-10-08 08:13:24,1148308,5404912,Game 1: Both Teams Slay a Dragon?,prop,1,2026-10-08 09:00:00,46.6,No,71253872090200386229354035812343740537141170710492379972430681869479643357171,0.01,0.99,0.5,0.98,0.96,0.96,0.96,95.04,95.04,95.04,1,1,
2026-10-08 08:13:24,1148308,5404913,Game 1: Both Teams Destroy Inhibitors?,prop,1,2026-10-08 09:00:00,46.6,Yes,87739093055263949869982634417925068142805113365816587779715363542935040633661,0.01,0.99,0.5,0.98,0.96,0.96,0.96,95.04,95.04,95.04,1,1,
2026-10-08 08:13:24,1148308,5404913,Game 1: Both Teams Destroy Inhibitors?,prop,1,2026-10-08 09:00:00,46.6,No,101690123914603788577424535151540729602757109084253175239426180794562335936102,0.01,0.99,0.5,0.98,0.96,0.96,0.96,95.04,95.04,95.04,1,1,
2026-10-08 08:13:24,1148308,5404914,Game 1: Any Player Quadra Kill?,prop,1,2026-10-08 09:00:00,46.6,Yes,103065501608158275003054705644269376534839776303294033738749838666246886011460,,,,,0.0,0.0,0.0,0.0,0.0,0.0,0,0,
2026-10-08 08:13:24,1148308,5404914,Game 1: Any Player Quadra Kill?,prop,1,2026-10-08 09:00:00,46.6,No,81952778973474125959982010006165441437671723941250372193625543325425372295886,,,,,0.0,0.0,0.0,0.0,0.0,0.0,0,0,
2026-10-08 08:13:24,1148308,5404915,Game 1: Any Player Penta Kill?,prop,1,2026-10-08 09:00:00,46.6,Yes,30997856257119950568796141145422689294375675133207679633162462155530436350372,,0.4,,,0.0,0.0,0.0,2.0,2.0,2.0,0,1,
2026-10-08 08:13:24,1148308,5404915,Game 1: Any Player Penta Kill?,prop,1,2026-10-08 09:00:00,46.6,No,107736122061818807691580901952087243115409516237677647423144139460699361111212,0.6,,,,3.0,3.0,3.0,0.0,0.0,0.0,1,0,
2026-10-08 08:13:24,1148308,5404916,Game 1: Odd/Even Total Kills?,odd_even,1,2026-10-08 09:00:00,46.6,Odd,99988972205326537139100200548153787457822129817769249325209112277070894756728,0.49,0.51,0.5,0.02,98.0,98.0,98.0,102.0,102.0,102.0,4,4,
2026-10-08 08:13:24,1148308,5404916,Game 1: Odd/Even Total Kills?,odd_even,1,2026-10-08 09:00:00,46.6,Even,59750816069602470429211541876147724518330617907225660391291853671459286883319,0.49,0.51,0.5,0.02,98.0,98.0,98.0,102.0,102.0,102.0,4,4,
2026-10-08 08:13:24,1148308,5404917,Game 2: Both Teams Slay Baron Nashor?,prop,2,2026-10-08 09:00:00,46.6,Yes,9112525753521290789870254090194822931120524725776756276916992476354627102322,0.01,0.99,0.5,0.98,0.96,0.96,0.96,95.04,95.04,95.04,1,1,
2026-10-08 08:13:24,1148308,5404917,Game 2: Both Teams Slay Baron Nashor?,prop,2,2026-10-08 09:00:00,46.6,No,63809538418156703802068928338832144360465078907742978250505991884827907730213,0.01,0.99,0.5,0.98,0.96,0.96,0.96,95.04,95.04,95.04,1,1,
2026-10-08 08:13:24,1148308,5404918,Game 2: Both Teams Slay a Dragon?,prop,2,2026-10-08 09:00:00,46.6,Yes,33909764286783667384918181360221870418048495445044283943075406093342542367918,0.01,0.99,0.5,0.98,0.96,0.96,0.96,95.04,95.04,95.04,1,1,
2026-10-08 08:13:24,1148308,5404918,Game 2: Both Teams Slay a Dragon?,prop,2,2026-10-08 09:00:00,46.6,No,11194442767926458913347769163154741361366472253254146017489487000279224906368,0.01,0.99,0.5,0.98,0.96,0.96,0.96,95.04,95.04,95.04,1,1,
2026-10-08 08:13:24,1148308,5404919,Game 2: Both Teams Destroy Inhibitors?,prop,2,2026-10-08 09:00:00,46.6,Yes,6181758397561841761365499527217907498525348308281567433246344703320418337810,0.01,0.99,0.5,0.98,0.96,0.96,0.96,95.04,95.04,95.04,1,1,
2026-10-08 08:13:24,1148308,5404919,Game 2: Both Teams Destroy Inhibitors?,prop,2,2026-10-08 09:00:00,46.6,No,48393488076710906941792513244702700272916496358036967926261004646852098468134,0.01,0.99,0.5,0.98,0.96,0.96,0.96,95.04,95.04,95.04,1,1,
2026-10-08 08:13:24,1148308,5404920,Game 2: Any Player Quadra Kill?,prop,2,2026-10-08 09:00:00,46.6,Yes,108056427106595099042541773956476353260822841597968828301707796207543533837474,,,,,0.0,0.0,0.0,0.0,0.0,0.0,0,0,
2026-10-08 08:13:24,1148308,5404920,Game 2: Any Player Quadra Kill?,prop,2,2026-10-08 09:00:00,46.6,No,22767030052961639164631144184274712425335907690658420766648555692802868956708,,,,,0.0,0.0,0.0,0.0,0.0,0.0,0,0,
2026-10-08 08:13:24,1148308,5404921,Game 2: Any Player Penta Kill?,prop,2,2026-10-08 09:00:00,46.6,Yes,49131421734778128343682566825062900414732156991730545429069744329878965275112,,,,,0.0,0.0,0.0,0.0,0.0,0.0,0,0,
2026-10-08 08:13:24,1148308,5404921,Game 2: Any Player Penta Kill?,prop,2,2026-10-08 09:00:00,46.6,No,92401306050638467820110454865360582465054298762613346327949605609921656213102,,,,,0.0,0.0,0.0,0.0,0.0,0.0,0,0,
2026-10-08 08:13:24,1148308,5404922,Game 2: Odd/Even Total Kills?,odd_even,2,2026-10-08 09:00:00,46.6,Odd,85731999971202447894550171680121388629555947299240511620121691003564435820507,0.49,0.51,0.5,0.02,98.0,98.0,98.0,102.0,102.0,102.0,4,4,
2026-10-08 08:13:24,1148308,5404922,Game 2: Odd/Even Total Kills?,odd_even,2,2026-10-08 09:00:00,46.6,Even,13538183296179639195478460624833761468833364155744839424781362957788033360690,0.49,0.51,0.5,0.02,98.0,98.0,98.0,102.0,102.0,102.0,4,4,
2026-10-08 08:13:24,1148308,5404923,Game 3: Both Teams Slay Baron Nashor?,prop,3,2026-10-08 09:00:00,46.6,Yes,92989560996857667890729283921447898373493970820290987136211100949365545782988,0.01,0.99,0.5,0.98,0.96,0.96,0.96,95.04,95.04,95.04,1,1,
2026-10-08 08:13:24,1148308,5404923,Game 3: Both Teams Slay Baron Nashor?,prop,3,2026-10-08 09:00:00,46.6,No,75994031747363579859735659870450476883234748727535374370168348582180784661838,0.01,0.99,0.5,0.98,0.96,0.96,0.96,95.04,95.04,95.04,1,1,
2026-10-08 08:13:24,1148308,5404924,Game 3: Both Teams Slay a Dragon?,prop,3,2026-10-08 09:00:00,46.6,Yes,64327937981651923408395421946098535268234192419012324397366005299661492204658,0.01,0.99,0.5,0.98,0.96,0.96,0.96,95.04,95.04,95.04,1,1,
2026-10-08 08:13:24,1148308,5404924,Game 3: Both Teams Slay a Dragon?,prop,3,2026-10-08 09:00:00,46.6,No,7457246009738625317067306997684526577392206077651240971103396942185250309092,0.01,0.99,0.5,0.98,0.96,0.96,0.96,95.04,95.04,95.04,1,1,
2026-10-08 08:13:24,1148308,5404925,Game 3: Both Teams Destroy Inhibitors?,prop,3,2026-10-08 09:00:00,46.6,Yes,8412197124798992140037356591614322789179987210785494712822821077167847274063,0.01,0.99,0.5,0.98,0.96,0.96,0.96,95.03,95.03,95.03,1,1,
2026-10-08 08:13:24,1148308,5404925,Game 3: Both Teams Destroy Inhibitors?,prop,3,2026-10-08 09:00:00,46.6,No,50533522468612415356963355379941197513142865499569736780705485712949352818578,0.01,0.99,0.5,0.98,0.96,0.96,0.96,95.04,95.04,95.04,1,1,
2026-10-08 08:13:24,1148308,5404926,Game 3: Any Player Quadra Kill?,prop,3,2026-10-08 09:00:00,46.6,Yes,61465228904331201637639579471950492837315779233249784975327849971378009340383,,,,,0.0,0.0,0.0,0.0,0.0,0.0,0,0,
2026-10-08 08:13:24,1148308,5404926,Game 3: Any Player Quadra Kill?,prop,3,2026-10-08 09:00:00,46.6,No,108818691178412873645914816514140857956222060250699528394576561261021367458144,,,,,0.0,0.0,0.0,0.0,0.0,0.0,0,0,
2026-10-08 08:13:24,1148308,5404927,Game 3: Any Player Penta Kill?,prop,3,2026-10-08 09:00:00,46.6,Yes,63580985801632133397165503570496737514472691677139832475950047775628793599059,,,,,0.0,0.0,0.0,0.0,0.0,0.0,0,0,
2026-10-08 08:13:24,1148308,5404927,Game 3: Any Player Penta Kill?,prop,3,2026-10-08 09:00:00,46.6,No,105450468740574693117207078769841989686480321599945901454155406896757277590207,,,,,0.0,0.0,0.0,0.0,0.0,0.0,0,0,
2026-10-08 08:13:24,1148308,5404928,Game 3: Odd/Even Total Kills?,odd_even,3,2026-10-08 09:00:00,46.6,Odd,23951389524829733992524271159321709044146488279302308559414473153111056544282,0.07,0.94,0.505,0.87,3.5,11.5,15.78,2830.39,2830.39,3045.66,7,4,
2026-10-08 08:13:24,1148308,5404928,Game 3: Odd/Even Total Kills?,odd_even,3,2026-10-08 09:00:00,46.6,Even,6058401635395593022347006965152997095308447111818946397552023714767354484855,0.06,0.93,0.495,0.87,180.55,180.55,184.74,53.68,220.68,425.71,4,7,
2026-10-08 08:13:24,1148308,5405556,First Blood in Game 1?,first_blood,1,2026-10-08 09:00:00,46.6,FlyQuest,88701631938854123857380263286027814309460636542277002171303099428299986557335,0.04,0.96,0.5,0.92,120.66,120.96,120.96,2902.75,2928.12,2928.12,3,3,
2026-10-08 08:13:24,1148308,5405556,First Blood in Game 1?,first_blood,1,2026-10-08 09:00:00,46.6,RED Canids,21915792120476510605889859183628701065398409389763179141843492496784371267755,0.04,0.96,0.5,0.92,120.7,120.96,120.96,2901.39,2930.93,2930.93,3,3,
2026-10-08 08:13:24,1148308,5405557,First Blood in Game 2?,first_blood,2,2026-10-08 09:00:00,46.6,FlyQuest,89886616504273725880048816723452801161342233385660906516457261355901510387421,0.04,0.96,0.5,0.92,120.56,120.96,120.96,2901.39,2930.93,2930.93,3,3,
2026-10-08 08:13:24,1148308,5405557,First Blood in Game 2?,first_blood,2,2026-10-08 09:00:00,46.6,RED Canids,93444852866459917870049695118109280020970702839814924743605418883017220888522,0.04,0.96,0.5,0.92,120.66,120.96,120.96,2898.12,2937.66,2937.66,3,3,
2026-10-08 08:13:24,1148308,5405558,Total Kills Over/Under 27.5 in Game 1?,total_kills,1,2026-10-08 09:00:00,46.6,Over,7013679442395800020902316136931101924584607350791963396908082239753537538453,0.49,0.53,0.51,0.04,764.62,764.62,2799.12,272.64,368.89,368.89,17,20,39.795848
2026-10-08 08:13:24,1148308,5405558,Total Kills Over/Under 27.5 in Game 1?,total_kills,1,2026-10-08 09:00:00,46.6,Under,67212003858018753700192211509141328591002970091409621722992859823164531040484,0.47,0.51,0.49,0.04,238.48,317.23,317.23,796.98,796.98,3287.48,20,17,39.795848
2026-10-08 08:13:24,1148308,5405559,Total Kills Over/Under 27.5 in Game 2?,total_kills,2,2026-10-08 09:00:00,46.6,Over,15581680017747400017541430974710675745017878813387670303347894963087073194030,0.49,0.52,0.505,0.03,274.5,274.5,2228.5,275.03,369.53,369.53,18,19,
2026-10-08 08:13:24,1148308,5405559,Total Kills Over/Under 27.5 in Game 2?,total_kills,2,2026-10-08 09:00:00,46.6,Under,74944559345525909480275106343873542862465438456588649343432161688817458401918,0.48,0.51,0.495,0.03,250.34,330.84,330.84,286.62,286.62,2682.62,19,18,
2026-10-08 08:13:24,1148308,5405779,Total Kills Over/Under 30.5 in Game 1?,total_kills,1,2026-10-08 09:00:00,46.6,Over,93036542621585369358702887102567509417101329566222757193240857922327470770225,0.32,0.36,0.34,0.04,412.79,518.23,524.23,34.19,48.46,260.21,17,23,144.792271
2026-10-08 08:13:24,1148308,5405779,Total Kills Over/Under 30.5 in Game 1?,total_kills,1,2026-10-08 09:00:00,46.6,Under,5482001955496204670758799409021733428676049158616757213411054763708130847529,0.64,0.68,0.66,0.04,60.62,83.92,397.17,888.28,1135.03,1151.25,23,17,144.792271
2026-10-08 08:13:24,1148308,5405780,Total Kills Over/Under 30.5 in Game 2?,total_kills,2,2026-10-08 09:00:00,46.6,Over,22130051959353700515940091071552463325679289116918072404594120340500971454682,0.32,0.39,0.355,0.07,324.04,483.7,532.7,288.04,433.29,433.29,17,22,
2026-10-08 08:13:24,1148308,5405780,Total Kills Over/Under 30.5 in Game 2?,total_kills,2,2026-10-08 09:00:00,46.6,Under,3114640539595181382416908227498083389920809912807060969585819053675986134680,0.61,0.69,0.65,0.08,441.21,645.96,645.96,263.11,513.36,530.43,22,16,
2026-10-08 08:13:24,1148308,5407712,Total Kills Over/Under 24.5 in Game 1?,total_kills,1,2026-10-08 09:00:00,46.6,Over,28857526194148558157275309219406102185660369769885795340680135948903239146610,0.64,0.68,0.66,0.04,456.52,905.03,907.98,247.33,386.9,451.78,25,18,1032.2590599999999
2026-10-08 08:13:24,1148308,5407712,Total Kills Over/Under 24.5 in Game 1?,total_kills,1,2026-10-08 09:00:00,46.6,Under,28600261298056395246374487940319278130562350170307068709031229179551350421438,0.32,0.36,0.34,0.04,113.69,173.22,197.21,256.93,531.81,533.86,18,25,1032.2590599999999
2026-10-08 08:13:24,1148308,5407713,Total Kills Over/Under 24.5 in Game 2?,total_kills,2,2026-10-08 09:00:00,46.6,Over,72157706177674091337028392676304565737862550924476902198914893635804728046111,0.63,0.67,0.65,0.04,804.39,804.39,804.39,360.47,486.8,501.48,19,18,267.515152
2026-10-08 08:13:24,1148308,5407713,Total Kills Over/Under 24.5 in Game 2?,total_kills,2,2026-10-08 09:00:00,46.6,Under,102295770535931025221344642798097385229480497332826535385997635479155099530480,0.33,0.37,0.35,0.04,174.85,231.61,237.61,476.73,476.73,476.73,18,19,267.515152
2026-10-08 08:19:12,1148307,5404883,LoL: Natus Vincere vs JD Gaming - Game 1 Winner,map,1,2026-10-08 11:00:00,160.8,Natus Vincere,38348624269695075769678589081011142734195331893505590105975670194453049807294,0.33,0.34,0.335,0.01,271.73,1559.44,2161.34,614.26,1833.83,3393.97,27,40,5905.817935
2026-10-08 08:19:12,1148307,5404883,LoL: Natus Vincere vs JD Gaming - Game 1 Winner,map,1,2026-10-08 11:00:00,160.8,JD Gaming,47336520694611758956763599979420485394357717795257539968819272579111558380357,0.66,0.67,0.665,0.01,1175.83,3265.26,5758.12,553.39,3459.67,4967.76,40,27,5905.817935
2026-10-08 08:19:12,1148307,5404884,LoL: Natus Vincere vs JD Gaming - Game 2 Winner,map,2,2026-10-08 11:00:00,160.8,Natus Vincere,87959431582496129697040551450818191945945976170075660791915226612682039665158,0.32,0.33,0.325,0.01,1135.97,2057.97,2467.97,224.14,400.59,2189.19,24,26,224.477069
2026-10-08 08:19:12,1148307,5404884,LoL: Natus Vincere vs JD Gaming - Game 2 Winner,map,2,2026-10-08 11:00:00,160.8,JD Gaming,94422500780678149625748346033264177079239362302943886164146824243372804193816,0.67,0.68,0.675,0.01,448.21,763.01,3754.41,2502.84,4690.84,5780.84,26,24,224.477069
2026-10-08 08:19:12,1148307,5404885,LoL: Natus Vincere vs JD Gaming (BO3) - Demacia Cup Global Invitational Group Stage,series,,2026-10-08 11:00:00,160.8,Natus Vincere,88721751813598262325328365311926266077061533986976804346604236532100561776809,0.26,0.27,0.265,0.01,29393.92,38342.62,39919.62,27277.7,29460.2,30959.44,24,43,450158.7853530001
2026-10-08 08:19:12,1148307,5404885,LoL: Natus Vincere vs JD Gaming (BO3) - Demacia Cup Global Invitational Group Stage,series,,2026-10-08 11:00:00,160.8,JD Gaming,10427010144076895779113784138487375790125311338333304061217810564593520103505,0.73,0.74,0.735,0.01,73298.22,78410.71,81686.46,84761.72,114493.15,120116.15,43,24,450158.7853530001
2026-10-08 08:19:12,1148307,5404886,Games Total: O/U 2.5,total_games,,2026-10-08 11:00:00,160.8,Over,67319386612700317064537025541951970820312173079847762641551680943418033620540,0.43,0.45,0.44,0.02,297.57,2102.1,3450.95,702.86,2863.29,4600.74,25,25,3626.570674
2026-10-08 08:19:12,1148307,5404886,Games Total: O/U 2.5,total_games,,2026-10-08 11:00:00,160.8,Under,29448735116962792109155675357009537134205902867220801681097871188851805114539,0.55,0.57,0.56,0.02,825.41,3218.98,4996.53,401.42,3087.61,5248.76,25,25,3626.570674
2026-10-08 08:19:12,1148307,5404887,Game Handicap: JDG (-1.5) vs Natus Vincere (+1.5),handicap,,2026-10-08 11:00:00,160.8,JD Gaming,110067468832368260357577297984483126865587113937877318219324867014348841729016,0.47,0.48,0.475,0.01,14908.42,15409.74,16128.89,26679.72,29547.22,32537.22,32,33,33679.29437
2026-10-08 08:19:12,1148307,5404887,Game Handicap: JDG (-1.5) vs Natus Vincere (+1.5),handicap,,2026-10-08 11:00:00,160.8,Natus Vincere,14437982035569027785390070377286310134750267492193830921742033447062481853909,0.52,0.53,0.525,0.01,28866.43,31697.93,34407.93,17139.67,17753.69,18739.54,33,32,33679.29437
2026-10-08 08:19:12,1148307,5404888,Game 1: Both Teams Slay Baron Nashor?,prop,1,2026-10-08 11:00:00,160.8,Yes,79604320599484937446920520257191342625812402358060755302287144271719662864728,0.01,0.99,0.5,0.98,0.96,0.96,0.96,95.03,95.03,95.03,1,1,
2026-10-08 08:19:12,1148307,5404888,Game 1: Both Teams Slay Baron Nashor?,prop,1,2026-10-08 11:00:00,160.8,No,27805282413642068680544580167896751521079767729350901507898312542298705336570,0.01,0.99,0.5,0.98,0.96,0.96,0.96,95.03,95.03,95.03,1,1,
2026-10-08 08:19:12,1148307,5404889,Game 1: Both Teams Slay a Dragon?,prop,1,2026-10-08 11:00:00,160.8,Yes,50830576610900226200486445975820337784735228995506298413441021067557345596998,0.01,0.99,0.5,0.98,0.96,0.96,0.96,95.03,95.03,95.03,1,1,
2026-10-08 08:19:12,1148307,5404889,Game 1: Both Teams Slay a Dragon?,prop,1,2026-10-08 11:00:00,160.8,No,109076753479614271412344886650197792177153894471859230057368243687998817656486,0.01,0.99,0.5,0.98,0.96,0.96,0.96,95.03,95.03,95.03,1,1,
2026-10-08 08:19:12,1148307,5404890,Game 1: Both Teams Destroy Inhibitors?,prop,1,2026-10-08 11:00:00,160.8,Yes,69918937189641018740700288314882303974614480708458522691756517244276605632014,0.01,0.99,0.5,0.98,0.96,0.96,0.96,95.03,95.03,95.03,1,1,
2026-10-08 08:19:12,1148307,5404890,Game 1: Both Teams Destroy Inhibitors?,prop,1,2026-10-08 11:00:00,160.8,No,101356982471427373646328861446887533831812412809111783332092825000982053347279,0.01,0.99,0.5,0.98,0.96,0.96,0.96,95.03,95.03,95.03,1,1,
2026-10-08 08:19:12,1148307,5404891,Game 1: Any Player Quadra Kill?,prop,1,2026-10-08 11:00:00,160.8,Yes,72983692224213477623728754161733014409651092945442297072361993579040202581149,,,,,0.0,0.0,0.0,0.0,0.0,0.0,0,0,
2026-10-08 08:19:12,1148307,5404891,Game 1: Any Player Quadra Kill?,prop,1,2026-10-08 11:00:00,160.8,No,91420924960672147156295362151973832563996706592728963510345373357539605160858,,,,,0.0,0.0,0.0,0.0,0.0,0.0,0,0,
2026-10-08 08:19:12,1148307,5404892,Game 1: Any Player Penta Kill?,prop,1,2026-10-08 11:00:00,160.8,Yes,52207988569482865533805225985535229211713947353994241907539916407014554278217,,,,,0.0,0.0,0.0,0.0,0.0,0.0,0,0,
2026-10-08 08:19:12,1148307,5404892,Game 1: Any Player Penta Kill?,prop,1,2026-10-08 11:00:00,160.8,No,72930183165818210080301457461439206316992341130443767097946292490277769174765,,,,,0.0,0.0,0.0,0.0,0.0,0.0,0,0,
2026-10-08 08:19:12,1148307,5404893,Game 1: Odd/Even Total Kills?,odd_even,1,2026-10-08 11:00:00,160.8,Odd,64754917371178390513532411361097463006112308825698302653839143288793158715251,0.49,0.51,0.5,0.02,98.0,98.0,98.0,102.0,102.0,102.0,8,8,
2026-10-08 08:19:12,1148307,5404893,Game 1: Odd/Even Total Kills?,odd_even,1,2026-10-08 11:00:00,160.8,Even,27732495799144573478112812114190002001689509176975563473213150267332008462097,0.49,0.51,0.5,0.02,98.0,98.0,98.0,102.0,102.0,102.0,8,8,
2026-10-08 08:19:12,1148307,5404894,Game 2: Both Teams Slay Baron Nashor?,prop,2,2026-10-08 11:00:00,160.8,Yes,24002217051023497028843055051740602668360567145344258813655890905144388857189,0.01,0.99,0.5,0.98,0.96,0.96,0.96,95.03,95.03,95.03,1,1,
2026-10-08 08:19:12,1148307,5404894,Game 2: Both Teams Slay Baron Nashor?,prop,2,2026-10-08 11:00:00,160.8,No,13995565777178753484333200813048400156677948870148841160326134507095973079674,0.01,0.99,0.5,0.98,0.96,0.96,0.96,95.03,95.03,95.03,1,1,
2026-10-08 08:19:12,1148307,5404895,Game 2: Both Teams Slay a Dragon?,prop,2,2026-10-08 11:00:00,160.8,Yes,87951179241092659469855247922889358752935956201755652523123596500187396758898,0.01,0.99,0.5,0.98,0.96,0.96,0.96,95.03,95.03,95.03,1,1,
2026-10-08 08:19:12,1148307,5404895,Game 2: Both Teams Slay a Dragon?,prop,2,2026-10-08 11:00:00,160.8,No,63051149002651026428257656835731977521121887147535163328848232154543149389715,0.01,0.99,0.5,0.98,0.96,0.96,0.96,95.03,95.03,95.03,1,1,
2026-10-08 08:19:12,1148307,5404896,Game 2: Both Teams Destroy Inhibitors?,prop,2,2026-10-08 11:00:00,160.8,Yes,96137305008861236030593762014296996432887811297791540624336647399843707646416,0.01,0.99,0.5,0.98,0.96,0.96,0.96,95.03,95.03,95.03,1,1,
2026-10-08 08:19:12,1148307,5404896,Game 2: Both Teams Destroy Inhibitors?,prop,2,2026-10-08 11:00:00,160.8,No,43238797551436679778118937436491141331494992155787270355211539426479073971277,0.01,0.99,0.5,0.98,0.96,0.96,0.96,95.03,95.03,95.03,1,1,
2026-10-08 08:19:12,1148307,5404897,Game 2: Any Player Quadra Kill?,prop,2,2026-10-08 11:00:00,160.8,Yes,74959688715154827114846736340358917074714204626175195218241111942849781487026,,,,,0.0,0.0,0.0,0.0,0.0,0.0,0,0,
2026-10-08 08:19:12,1148307,5404897,Game 2: Any Player Quadra Kill?,prop,2,2026-10-08 11:00:00,160.8,No,2460398514354912045306958082260087952843538412872036050394132451983842773854,,,,,0.0,0.0,0.0,0.0,0.0,0.0,0,0,
2026-10-08 08:19:12,1148307,5404898,Game 2: Any Player Penta Kill?,prop,2,2026-10-08 11:00:00,160.8,Yes,56373236142180634396486709092620664373645805464949373627238406554097932862901,,,,,0.0,0.0,0.0,0.0,0.0,0.0,0,0,
2026-10-08 08:19:12,1148307,5404898,Game 2: Any Player Penta Kill?,prop,2,2026-10-08 11:00:00,160.8,No,7828408591025876186711733192097307021902057869329943952370377207722701160942,,,,,0.0,0.0,0.0,0.0,0.0,0.0,0,0,
2026-10-08 08:19:12,1148307,5404899,Game 2: Odd/Even Total Kills?,odd_even,2,2026-10-08 11:00:00,160.8,Odd,87497128162321202733473376739958105323083604163378884388315783923511297024300,0.49,0.51,0.5,0.02,98.0,98.0,98.0,102.0,102.0,102.0,8,8,
2026-10-08 08:19:12,1148307,5404899,Game 2: Odd/Even Total Kills?,odd_even,2,2026-10-08 11:00:00,160.8,Even,87223690454521456657921603302957448641574969273408207317491390350432812611460,0.49,0.51,0.5,0.02,98.0,98.0,98.0,102.0,102.0,102.0,8,8,
2026-10-08 08:19:12,1148307,5404900,Game 3: Both Teams Slay Baron Nashor?,prop,3,2026-10-08 11:00:00,160.8,Yes,8415535589956025738423171300817185288331400597305987967409404165209120996680,0.01,0.99,0.5,0.98,0.96,0.96,0.96,95.03,95.03,95.03,1,1,
2026-10-08 08:19:12,1148307,5404900,Game 3: Both Teams Slay Baron Nashor?,prop,3,2026-10-08 11:00:00,160.8,No,91134166934846974647494433782756233904190946992589582024576743635928182961309,0.01,0.99,0.5,0.98,0.96,0.96,0.96,95.03,95.03,95.03,1,1,
2026-10-08 08:19:12,1148307,5404901,Game 3: Both Teams Slay a Dragon?,prop,3,2026-10-08 11:00:00,160.8,Yes,33075666909920724502309267909075697923817334211358587238313557052767699541390,0.01,0.99,0.5,0.98,0.96,0.96,0.96,95.03,95.03,95.03,1,1,
2026-10-08 08:19:12,1148307,5404901,Game 3: Both Teams Slay a Dragon?,prop,3,2026-10-08 11:00:00,160.8,No,97527007431265098087434899057500996142652577163847389629195745718234009378519,0.01,0.99,0.5,0.98,0.96,0.96,0.96,95.03,95.03,95.03,1,1,
2026-10-08 08:19:12,1148307,5404902,Game 3: Both Teams Destroy Inhibitors?,prop,3,2026-10-08 11:00:00,160.8,Yes,74272062088027947016197201019579668271422367894876079358489558223743815328435,0.01,0.99,0.5,0.98,0.96,0.96,0.96,95.04,95.04,95.04,1,1,
2026-10-08 08:19:12,1148307,5404902,Game 3: Both Teams Destroy Inhibitors?,prop,3,2026-10-08 11:00:00,160.8,No,30511242141346713825988158388132468183945042051025453257060935699591339233482,0.01,0.99,0.5,0.98,0.96,0.96,0.96,95.03,95.03,95.03,1,1,
2026-10-08 08:19:12,1148307,5404903,Game 3: Any Player Quadra Kill?,prop,3,2026-10-08 11:00:00,160.8,Yes,50093891584730121757717149404198251799603520164764296057954681815918236032630,,,,,0.0,0.0,0.0,0.0,0.0,0.0,0,0,
2026-10-08 08:19:12,1148307,5404903,Game 3: Any Player Quadra Kill?,prop,3,2026-10-08 11:00:00,160.8,No,53246150542620911276509028037763437255110534765986470702009512983524135831471,,,,,0.0,0.0,0.0,0.0,0.0,0.0,0,0,
2026-10-08 08:19:12,1148307,5404904,Game 3: Any Player Penta Kill?,prop,3,2026-10-08 11:00:00,160.8,Yes,38455077511132678464201194601271244297136118318363870792375439294122420180062,,,,,0.0,0.0,0.0,0.0,0.0,0.0,0,0,
2026-10-08 08:19:12,1148307,5404904,Game 3: Any Player Penta Kill?,prop,3,2026-10-08 11:00:00,160.8,No,83050424920607872164628089425033213428337271874658851017287406413318962784763,,,,,0.0,0.0,0.0,0.0,0.0,0.0,0,0,
2026-10-08 08:19:12,1148307,5404905,Game 3: Odd/Even Total Kills?,odd_even,3,2026-10-08 11:00:00,160.8,Odd,65013896097962156655696963713970385758694162787094209601841604255352651101111,0.49,0.51,0.5,0.02,98.0,98.0,98.0,102.0,102.0,102.0,8,8,
2026-10-08 08:19:12,1148307,5404905,Game 3: Odd/Even Total Kills?,odd_even,3,2026-10-08 11:00:00,160.8,Even,40461083361858627601804816167324070220133450007595697234416563963374935501704,0.49,0.51,0.5,0.02,98.0,98.0,98.0,102.0,102.0,102.0,8,8,
2026-10-08 08:19:12,1148307,5405561,First Blood in Game 1?,first_blood,1,2026-10-08 11:00:00,160.8,Natus Vincere,39954278548663231593937352846446410964360539959221260671015566567682094762955,0.08,0.92,0.5,0.84,240.39,243.39,255.65,2765.33,2822.33,3174.98,6,6,
2026-10-08 08:19:12,1148307,5405561,First Blood in Game 1?,first_blood,1,2026-10-08 11:00:00,160.8,JD Gaming,113903488508673755213241088082938661566946950312223036053764774647645515833799,0.08,0.92,0.5,0.84,240.4,243.4,255.66,2765.24,2822.24,3174.69,6,6,
2026-10-08 08:19:12,1148307,5405560,First Blood in Game 2?,first_blood,2,2026-10-08 11:00:00,160.8,Natus Vincere,72409514420431402308521490594626679316503164386610393367904801924004971642141,0.04,0.97,0.505,0.93,120.65,120.96,120.96,21.48,50.73,50.73,3,2,
2026-10-08 08:19:12,1148307,5405560,First Blood in Game 2?,first_blood,2,2026-10-08 11:00:00,160.8,JD Gaming,54242580759438248587125368957795265313455818464390519844755102863405906745826,0.03,0.96,0.495,0.93,0.66,0.96,0.96,2901.01,2931.71,2931.71,2,3,
2026-10-08 08:19:12,1148307,5405563,Total Kills Over/Under 27.5 in Game 1?,total_kills,1,2026-10-08 11:00:00,160.8,Over,48535364230516699695569920120640025312616366139535973806349798501533511344447,0.42,0.45,0.435,0.03,4.2,6.2,205.85,165.55,414.05,749.8,24,25,52.061225
2026-10-08 08:19:12,1148307,5405563,Total Kills Over/Under 27.5 in Game 1?,total_kills,1,2026-10-08 11:00:00,160.8,Under,90616294397336980355359054125540142053093677993443928520458274590027044606218,0.55,0.58,0.565,0.03,194.45,470.95,810.2,5.8,8.8,339.15,25,24,52.061225
2026-10-08 08:19:12,1148307,5405562,Total Kills Over/Under 27.5 in Game 2?,total_kills,2,2026-10-08 11:00:00,160.8,Over,52085845923858446993308637551380830977553750239790587730144480881841351308886,0.43,0.48,0.455,0.05,2.15,417.7,485.95,412.94,839.69,839.69,24,24,2.104167
2026-10-08 08:19:12,1148307,5405562,Total Kills Over/Under 27.5 in Game 2?,total_kills,2,2026-10-08 11:00:00,160.8,Under,90899590131632860263023297417462596981736588409072677110437833718795273896632,0.52,0.57,0.545,0.05,429.95,853.2,853.2,2.85,617.3,724.05,24,24,2.104167
2026-10-08 08:19:12,1148307,5405914,Total Kills Over/Under 30.5 in Game 1?,total_kills,1,2026-10-08 11:00:00,160.8,Over,97030117411905741746034004955390015340834764977139721577021933547208334135994,0.25,0.33,0.29,0.08,121.25,250.25,289.0,122.35,421.6,421.6,18,27,
2026-10-08 08:19:12,1148307,5405914,Total Kills Over/Under 30.5 in Game 1?,total_kills,1,2026-10-08 11:00:00,160.8,Under,98439281319897867955108264777439661350666516876122725059670445381962941064071,0.67,0.75,0.71,0.08,237.65,788.4,788.4,383.75,825.2,971.45,27,18,
2026-10-08 08:19:12,1148307,5405915,Total Kills Over/Under 30.5 in Game 2?,total_kills,2,2026-10-08 11:00:00,160.8,Over,81205211164833106086926553405951741152557835749941458520443647165184918626931,0.28,0.35,0.315,0.07,1.4,261.15,309.15,304.5,435.75,435.75,18,27,
2026-10-08 08:19:12,1148307,5405915,Total Kills Over/Under 30.5 in Game 2?,total_kills,2,2026-10-08 11:00:00,160.8,Under,115325064661699653330001106119291329343627686467203366603851187849553201223598,0.65,0.72,0.685,0.07,555.5,774.25,774.25,3.6,768.85,920.85,27,18,
2026-10-08 08:19:12,1148307,5423258,Total Kills Over/Under 24.5 in Game 2?,total_kills,2,2026-10-08 11:00:00,160.8,Over,37167055865851235576099593853892627762121282587655398772688543038307519810688,0.59,0.66,0.625,0.07,2.95,481.75,672.5,681.44,800.44,815.12,20,22,
2026-10-08 08:19:12,1148307,5423258,Total Kills Over/Under 24.5 in Game 2?,total_kills,2,2026-10-08 11:00:00,160.8,Under,55097596303571781087824414885396521659192103835965352765537122995508450028382,0.34,0.41,0.375,0.07,348.39,404.39,410.39,2.05,378.25,537.5,22,20,
2026-10-08 08:19:12,1148307,5423259,Total Kills Over/Under 24.5 in Game 1?,total_kills,1,2026-10-08 11:00:00,160.8,Over,28904832491941503700663460993072572630525693146299568501914429939877220893357,0.59,0.62,0.605,0.03,61.24,61.24,250.24,226.74,452.49,452.49,23,22,110.346647
2026-10-08 08:19:12,1148307,5423259,Total Kills Over/Under 24.5 in Game 1?,total_kills,1,2026-10-08 11:00:00,160.8,Under,29646559824616558549438909849092608685527763028810725261629290474672186084455,0.38,0.41,0.395,0.03,133.25,257.5,257.5,44.26,44.26,205.26,22,23,110.346647
2026-10-08 08:19:12,1148308,5404906,LoL: FlyQuest vs RED Canids - Game 1 Winner,map,1,2026-10-08 09:00:00,40.8,FlyQuest,35901205032623735268297159373854013485835394816370012929231306335622485793750,0.77,0.78,0.775,0.01,3641.11,11158.11,13620.86,15296.28,23034.08,24643.33,43,21,18830.565990000003
2026-10-08 08:19:12,1148308,5404906,LoL: FlyQuest vs RED Canids - Game 1 Winner,map,1,2026-10-08 09:00:00,40.8,RED Canids,46959966328902405548967099090675247646522131868286951166007916047112625946771,0.22,0.23,0.225,0.01,4217.01,6098.21,6438.96,1097.03,3630.03,4567.28,21,43,18830.565990000003
2026-10-08 08:19:12,1148308,5404907,LoL: FlyQuest vs RED Canids - Game 2 Winner,map,2,2026-10-08 09:00:00,40.8,FlyQuest,102705729593580582941292063731196380555655499854668999234354456019394437271414,0.76,0.77,0.765,0.01,6366.18,8849.43,10945.43,11535.25,12180.52,14842.52,26,21,1901.2327329999998
2026-10-08 08:19:12,1148308,5404907,LoL: FlyQuest vs RED Canids - Game 2 Winner,map,2,2026-10-08 09:00:00,40.8,RED Canids,27614085125502191380572949082395562109831414758987721472040563612169863351423,0.23,0.24,0.235,0.01,3444.25,3609.57,4222.57,2025.94,2917.69,3746.69,21,26,1901.2327329999998
2026-10-08 08:19:12,1148308,5404908,LoL: FlyQuest vs RED Canids (BO3) - Demacia Cup Global Invitational Group Stage,series,,2026-10-08 09:00:00,40.8,FlyQuest,28518360165695557583903719028319120247176221363195056791718448068444835437482,0.85,0.86,0.855,0.01,46613.08,62865.75,69327.95,28632.59,36914.55,43774.21,59,14,109471.61849599998
2026-10-08 08:19:12,1148308,5404908,LoL: FlyQuest vs RED Canids (BO3) - Demacia Cup Global Invitational Group Stage,series,,2026-10-08 09:00:00,40.8,RED Canids,54912072942903637739745651431855766235331068047661668863630875746511275132590,0.14,0.15,0.145,0.01,4396.3,5427.1,6154.1,8807.86,12152.34,13755.14,14,59,109471.61849599998
2026-10-08 08:19:12,1148308,5404909,Games Total: O/U 2.5,total_games,,2026-10-08 09:00:00,40.8,Over,56396522594541620386382580920149664690199439367665945430598434295098013100054,0.33,0.34,0.335,0.01,8351.82,9668.61,10635.96,119.29,1906.58,2855.68,17,24,1010.602337
2026-10-08 08:19:12,1148308,5404909,Games Total: O/U 2.5,total_games,,2026-10-08 09:00:00,40.8,Under,88035134603274302273941406001237957053049947923290357276449697073322020485412,0.66,0.67,0.665,0.01,229.83,3303.56,4814.46,17737.14,20744.02,23161.67,24,17,1010.602337
2026-10-08 08:19:12,1148308,5404910,Game Handicap: FLY (-1.5) vs RED Canids (+1.5),handicap,,2026-10-08 09:00:00,40.8,FlyQuest,48219698202015119540444241707388270670432868887710554974307512038078556741507,0.6,0.61,0.605,0.01,30053.19,32299.55,32633.35,38351.46,38731.42,41749.43,32,22,47672.167072000004
2026-10-08 08:19:12,1148308,5404910,Game Handicap: FLY (-1.5) vs RED Canids (+1.5),handicap,,2026-10-08 09:00:00,40.8,RED Canids,82368981386306518794044324457136530073801135428324653721332073630867083598891,0.39,0.4,0.395,0.01,24491.8,24706.32,26308.02,20582.53,22253.45,22524.65,22,32,47672.167072000004
2026-10-08 08:19:12,1148308,5404911,Game 1: Both Teams Slay Baron Nashor?,prop,1,2026-10-08 09:00:00,40.8,Yes,36206915208787149636654297305868477391988108176413697380471993153115689941856,0.01,0.99,0.5,0.98,0.96,0.96,0.96,95.04,95.04,95.04,1,1,
2026-10-08 08:19:12,1148308,5404911,Game 1: Both Teams Slay Baron Nashor?,prop,1,2026-10-08 09:00:00,40.8,No,58614510157715987034594870174632436579197539745317487794905865301266664175791,0.01,0.99,0.5,0.98,0.96,0.96,0.96,95.04,95.04,95.04,1,1,
2026-10-08 08:19:12,1148308,5404912,Game 1: Both Teams Slay a Dragon?,prop,1,2026-10-08 09:00:00,40.8,Yes,44587398300757456902086063141568406274818862960778105087722359976257785012097,0.01,0.99,0.5,0.98,0.96,0.96,0.96,95.04,95.04,95.04,1,1,
2026-10-08 08:19:12,1148308,5404912,Game 1: Both Teams Slay a Dragon?,prop,1,2026-10-08 09:00:00,40.8,No,71253872090200386229354035812343740537141170710492379972430681869479643357171,0.01,0.99,0.5,0.98,0.96,0.96,0.96,95.04,95.04,95.04,1,1,
2026-10-08 08:19:12,1148308,5404913,Game 1: Both Teams Destroy Inhibitors?,prop,1,2026-10-08 09:00:00,40.8,Yes,87739093055263949869982634417925068142805113365816587779715363542935040633661,0.01,0.99,0.5,0.98,0.96,0.96,0.96,95.04,95.04,95.04,1,1,
2026-10-08 08:19:12,1148308,5404913,Game 1: Both Teams Destroy Inhibitors?,prop,1,2026-10-08 09:00:00,40.8,No,101690123914603788577424535151540729602757109084253175239426180794562335936102,0.01,0.99,0.5,0.98,0.96,0.96,0.96,95.04,95.04,95.04,1,1,
2026-10-08 08:19:12,1148308,5404914,Game 1: Any Player Quadra Kill?,prop,1,2026-10-08 09:00:00,40.8,Yes,103065501608158275003054705644269376534839776303294033738749838666246886011460,,,,,0.0,0.0,0.0,0.0,0.0,0.0,0,0,
2026-10-08 08:19:12,1148308,5404914,Game 1: Any Player Quadra Kill?,prop,1,2026-10-08 09:00:00,40.8,No,81952778973474125959982010006165441437671723941250372193625543325425372295886,,,,,0.0,0.0,0.0,0.0,0.0,0.0,0,0,
2026-10-08 08:19:12,1148308,5404915,Game 1: Any Player Penta Kill?,prop,1,2026-10-08 09:00:00,40.8,Yes,30997856257119950568796141145422689294375675133207679633162462155530436350372,,0.4,,,0.0,0.0,0.0,2.0,2.0,2.0,0,1,
2026-10-08 08:19:12,1148308,5404915,Game 1: Any Player Penta Kill?,prop,1,2026-10-08 09:00:00,40.8,No,107736122061818807691580901952087243115409516237677647423144139460699361111212,0.6,,,,3.0,3.0,3.0,0.0,0.0,0.0,1,0,
2026-10-08 08:19:12,1148308,5404916,Game 1: Odd/Even Total Kills?,odd_even,1,2026-10-08 09:00:00,40.8,Odd,99988972205326537139100200548153787457822129817769249325209112277070894756728,0.49,0.51,0.5,0.02,98.0,98.0,98.0,102.0,102.0,102.0,3,3,
2026-10-08 08:19:12,1148308,5404916,Game 1: Odd/Even Total Kills?,odd_even,1,2026-10-08 09:00:00,40.8,Even,59750816069602470429211541876147724518330617907225660391291853671459286883319,0.49,0.51,0.5,0.02,98.0,98.0,98.0,102.0,102.0,102.0,3,3,
2026-10-08 08:19:12,1148308,5404917,Game 2: Both Teams Slay Baron Nashor?,prop,2,2026-10-08 09:00:00,40.8,Yes,9112525753521290789870254090194822931120524725776756276916992476354627102322,0.01,0.99,0.5,0.98,0.96,0.96,0.96,95.04,95.04,95.04,1,1,
2026-10-08 08:19:12,1148308,5404917,Game 2: Both Teams Slay Baron Nashor?,prop,2,2026-10-08 09:00:00,40.8,No,63809538418156703802068928338832144360465078907742978250505991884827907730213,0.01,0.99,0.5,0.98,0.96,0.96,0.96,95.04,95.04,95.04,1,1,
2026-10-08 08:19:12,1148308,5404918,Game 2: Both Teams Slay a Dragon?,prop,2,2026-10-08 09:00:00,40.8,Yes,33909764286783667384918181360221870418048495445044283943075406093342542367918,0.01,0.99,0.5,0.98,0.96,0.96,0.96,95.04,95.04,95.04,1,1,
2026-10-08 08:19:12,1148308,5404918,Game 2: Both Teams Slay a Dragon?,prop,2,2026-10-08 09:00:00,40.8,No,11194442767926458913347769163154741361366472253254146017489487000279224906368,0.01,0.99,0.5,0.98,0.96,0.96,0.96,95.04,95.04,95.04,1,1,
2026-10-08 08:19:12,1148308,5404919,Game 2: Both Teams Destroy Inhibitors?,prop,2,2026-10-08 09:00:00,40.8,Yes,6181758397561841761365499527217907498525348308281567433246344703320418337810,0.01,0.99,0.5,0.98,0.96,0.96,0.96,95.04,95.04,95.04,1,1,
2026-10-08 08:19:12,1148308,5404919,Game 2: Both Teams Destroy Inhibitors?,prop,2,2026-10-08 09:00:00,40.8,No,48393488076710906941792513244702700272916496358036967926261004646852098468134,0.01,0.99,0.5,0.98,0.96,0.96,0.96,95.04,95.04,95.04,1,1,
2026-10-08 08:19:12,1148308,5404920,Game 2: Any Player Quadra Kill?,prop,2,2026-10-08 09:00:00,40.8,Yes,108056427106595099042541773956476353260822841597968828301707796207543533837474,,,,,0.0,0.0,0.0,0.0,0.0,0.0,0,0,
2026-10-08 08:19:12,1148308,5404920,Game 2: Any Player Quadra Kill?,prop,2,2026-10-08 09:00:00,40.8,No,22767030052961639164631144184274712425335907690658420766648555692802868956708,,,,,0.0,0.0,0.0,0.0,0.0,0.0,0,0,
2026-10-08 08:19:12,1148308,5404921,Game 2: Any Player Penta Kill?,prop,2,2026-10-08 09:00:00,40.8,Yes,49131421734778128343682566825062900414732156991730545429069744329878965275112,,,,,0.0,0.0,0.0,0.0,0.0,0.0,0,0,
2026-10-08 08:19:12,1148308,5404921,Game 2: Any Player Penta Kill?,prop,2,2026-10-08 09:00:00,40.8,No,92401306050638467820110454865360582465054298762613346327949605609921656213102,,,,,0.0,0.0,0.0,0.0,0.0,0.0,0,0,
2026-10-08 08:19:12,1148308,5404922,Game 2: Odd/Even Total Kills?,odd_even,2,2026-10-08 09:00:00,40.8,Odd,85731999971202447894550171680121388629555947299240511620121691003564435820507,0.49,0.51,0.5,0.02,98.0,98.0,98.0,102.0,102.0,102.0,4,4,
2026-10-08 08:19:12,1148308,5404922,Game 2: Odd/Even Total Kills?,odd_even,2,2026-10-08 09:00:00,40.8,Even,13538183296179639195478460624833761468833364155744839424781362957788033360690,0.49,0.51,0.5,0.02,98.0,98.0,98.0,102.0,102.0,102.0,4,4,
2026-10-08 08:19:12,1148308,5404923,Game 3: Both Teams Slay Baron Nashor?,prop,3,2026-10-08 09:00:00,40.8,Yes,92989560996857667890729283921447898373493970820290987136211100949365545782988,0.01,0.99,0.5,0.98,0.96,0.96,0.96,95.04,95.04,95.04,1,1,
2026-10-08 08:19:12,1148308,5404923,Game 3: Both Teams Slay Baron Nashor?,prop,3,2026-10-08 09:00:00,40.8,No,75994031747363579859735659870450476883234748727535374370168348582180784661838,0.01,0.99,0.5,0.98,0.96,0.96,0.96,95.04,95.04,95.04,1,1,
2026-10-08 08:19:12,1148308,5404924,Game 3: Both Teams Slay a Dragon?,prop,3,2026-10-08 09:00:00,40.8,Yes,64327937981651923408395421946098535268234192419012324397366005299661492204658,0.01,0.99,0.5,0.98,0.96,0.96,0.96,95.04,95.04,95.04,1,1,
2026-10-08 08:19:12,1148308,5404924,Game 3: Both Teams Slay a Dragon?,prop,3,2026-10-08 09:00:00,40.8,No,7457246009738625317067306997684526577392206077651240971103396942185250309092,0.01,0.99,0.5,0.98,0.96,0.96,0.96,95.04,95.04,95.04,1,1,
2026-10-08 08:19:12,1148308,5404925,Game 3: Both Teams Destroy Inhibitors?,prop,3,2026-10-08 09:00:00,40.8,Yes,8412197124798992140037356591614322789179987210785494712822821077167847274063,0.01,0.99,0.5,0.98,0.96,0.96,0.96,95.03,95.03,95.03,1,1,
2026-10-08 08:19:12,1148308,5404925,Game 3: Both Teams Destroy Inhibitors?,prop,3,2026-10-08 09:00:00,40.8,No,50533522468612415356963355379941197513142865499569736780705485712949352818578,0.01,0.99,0.5,0.98,0.96,0.96,0.96,95.04,95.04,95.04,1,1,
2026-10-08 08:19:12,1148308,5404926,Game 3: Any Player Quadra Kill?,prop,3,2026-10-08 09:00:00,40.8,Yes,61465228904331201637639579471950492837315779233249784975327849971378009340383,,,,,0.0,0.0,0.0,0.0,0.0,0.0,0,0,
2026-10-08 08:19:12,1148308,5404926,Game 3: Any Player Quadra Kill?,prop,3,2026-10-08 09:00:00,40.8,No,108818691178412873645914816514140857956222060250699528394576561261021367458144,,,,,0.0,0.0,0.0,0.0,0.0,0.0,0,0,
2026-10-08 08:19:12,1148308,5404927,Game 3: Any Player Penta Kill?,prop,3,2026-10-08 09:00:00,40.8,Yes,63580985801632133397165503570496737514472691677139832475950047775628793599059,,,,,0.0,0.0,0.0,0.0,0.0,0.0,0,0,
2026-10-08 08:19:12,1148308,5404927,Game 3: Any Player Penta Kill?,prop,3,2026-10-08 09:00:00,40.8,No,105450468740574693117207078769841989686480321599945901454155406896757277590207,,,,,0.0,0.0,0.0,0.0,0.0,0.0,0,0,
2026-10-08 08:19:12,1148308,5404928,Game 3: Odd/Even Total Kills?,odd_even,3,2026-10-08 09:00:00,40.8,Odd,23951389524829733992524271159321709044146488279302308559414473153111056544282,0.03,0.91,0.47,0.88,4.69,4.96,4.96,2739.26,2779.11,2786.18,3,7,
2026-10-08 08:19:12,1148308,5404928,Game 3: Odd/Even Total Kills?,odd_even,3,2026-10-08 09:00:00,40.8,Even,6058401635395593022347006965152997095308447111818946397552023714767354484855,0.09,0.97,0.53,0.88,270.8,273.8,274.1,218.21,245.22,245.22,7,3,
2026-10-08 08:19:12,1148308,5405556,First Blood in Game 1?,first_blood,1,2026-10-08 09:00:00,40.8,FlyQuest,88701631938854123857380263286027814309460636542277002171303099428299986557335,0.07,0.96,0.515,0.89,210.48,213.48,225.78,2902.75,2928.12,2928.12,6,3,
2026-10-08 08:19:12,1148308,5405556,First Blood in Game 1?,first_blood,1,2026-10-08 09:00:00,40.8,RED Canids,21915792120476510605889859183628701065398409389763179141843492496784371267755,0.04,0.93,0.485,0.89,120.7,120.96,120.96,2797.44,2869.44,3384.11,3,6,
2026-10-08 08:19:12,1148308,5405557,First Blood in Game 2?,first_blood,2,2026-10-08 09:00:00,40.8,FlyQuest,89886616504273725880048816723452801161342233385660906516457261355901510387421,0.04,0.96,0.5,0.92,120.67,120.96,120.96,2901.39,2930.93,2930.93,3,3,
2026-10-08 08:19:12,1148308,5405557,First Blood in Game 2?,first_blood,2,2026-10-08 09:00:00,40.8,RED Canids,93444852866459917870049695118109280020970702839814924743605418883017220888522,0.04,0.96,0.5,0.92,120.66,120.96,120.96,2901.6,2930.49,2930.49,3,3,
2026-10-08 08:19:12,1148308,5405558,Total Kills Over/Under 27.5 in Game 1?,total_kills,1,2026-10-08 09:00:00,40.8,Over,7013679442395800020902316136931101924584607350791963396908082239753537538453,0.5,0.53,0.515,0.03,497.45,524.62,2482.12,272.64,368.89,368.89,18,18,39.795848
2026-10-08 08:19:12,1148308,5405558,Total Kills Over/Under 27.5 in Game 1?,total_kills,1,2026-10-08 09:00:00,40.8,Under,67212003858018753700192211509141328591002970091409621722992859823164531040484,0.47,0.5,0.485,0.03,238.48,317.23,317.23,517.55,546.98,2939.48,18,18,39.795848
2026-10-08 08:19:12,1148308,5405559,Total Kills Over/Under 27.5 in Game 2?,total_kills,2,2026-10-08 09:00:00,40.8,Over,15581680017747400017541430974710675745017878813387670303347894963087073194030,0.49,0.52,0.505,0.03,274.5,274.5,2228.5,275.03,369.53,369.53,16,17,
2026-10-08 08:19:12,1148308,5405559,Total Kills Over/Under 27.5 in Game 2?,total_kills,2,2026-10-08 09:00:00,40.8,Under,74944559345525909480275106343873542862465438456588649343432161688817458401918,0.48,0.51,0.495,0.03,250.34,330.84,330.84,286.62,286.62,2682.62,17,16,
2026-10-08 08:19:12,1148308,5405779,Total Kills Over/Under 30.5 in Game 1?,total_kills,1,2026-10-08 09:00:00,40.8,Over,93036542621585369358702887102567509417101329566222757193240857922327470770225,0.32,0.36,0.34,0.04,414.42,517.67,523.67,34.19,37.06,248.81,17,25,144.792271
2026-10-08 08:19:12,1148308,5405779,Total Kills Over/Under 30.5 in Game 1?,total_kills,1,2026-10-08 09:00:00,40.8,Under,5482001955496204670758799409021733428676049158616757213411054763708130847529,0.64,0.68,0.66,0.04,60.62,65.32,378.57,891.74,1138.49,1154.71,25,17,144.792271
2026-10-08 08:19:12,1148308,5405780,Total Kills Over/Under 30.5 in Game 2?,total_kills,2,2026-10-08 09:00:00,40.8,Over,22130051959353700515940091071552463325679289116918072404594120340500971454682,0.35,0.39,0.37,0.04,181.43,181.43,286.43,288.04,433.29,433.29,17,22,
2026-10-08 08:19:12,1148308,5405780,Total Kills Over/Under 30.5 in Game 2?,total_kills,2,2026-10-08 09:00:00,40.8,Under,3114640539595181382416908227498083389920809912807060969585819053675986134680,0.61,0.65,0.63,0.04,441.21,645.96,645.96,337.29,337.29,582.29,22,17,
2026-10-08 08:19:12,1148308,5407712,Total Kills Over/Under 24.5 in Game 1?,total_kills,1,2026-10-08 09:00:00,40.8,Over,28857526194148558157275309219406102185660369769885795340680135948903239146610,0.64,0.68,0.66,0.04,456.52,905.03,907.98,247.33,386.9,451.78,24,18,1032.2590599999999
2026-10-08 08:19:12,1148308,5407712,Total Kills Over/Under 24.5 in Game 1?,total_kills,1,2026-10-08 09:00:00,40.8,Under,28600261298056395246374487940319278130562350170307068709031229179551350421438,0.32,0.36,0.34,0.04,113.69,173.22,197.21,256.93,531.81,533.86,18,24,1032.2590599999999
2026-10-08 08:19:12,1148308,5407713,Total Kills Over/Under 24.5 in Game 2?,total_kills,2,2026-10-08 09:00:00,40.8,Over,72157706177674091337028392676304565737862550924476902198914893635804728046111,0.63,0.67,0.65,0.04,804.39,804.39,804.39,360.47,486.8,501.48,19,18,267.515152
2026-10-08 08:19:12,1148308,5407713,Total Kills Over/Under 24.5 in Game 2?,total_kills,2,2026-10-08 09:00:00,40.8,Under,102295770535931025221344642798097385229480497332826535385997635479155099530480,0.33,0.37,0.35,0.04,174.85,231.61,237.61,476.73,476.73,476.73,18,19,267.515152
2026-10-08 08:25:01,1148307,5404883,LoL: Natus Vincere vs JD Gaming - Game 1 Winner,map,1,2026-10-08 11:00:00,155.0,Natus Vincere,38348624269695075769678589081011142734195331893505590105975670194453049807294,0.33,0.34,0.335,0.01,271.73,3729.43,5471.33,614.26,1837.53,3545.82,27,40,5905.817935
2026-10-08 08:25:01,1148307,5404883,LoL: Natus Vincere vs JD Gaming - Game 1 Winner,map,1,2026-10-08 11:00:00,155.0,JD Gaming,47336520694611758956763599979420485394357717795257539968819272579111558380357,0.66,0.67,0.665,0.01,1175.83,3271.56,5996.27,553.37,8289.66,12657.75,40,27,5905.817935
2026-10-08 08:25:01,1148307,5404884,LoL: Natus Vincere vs JD Gaming - Game 2 Winner,map,2,2026-10-08 11:00:00,155.0,Natus Vincere,87959431582496129697040551450818191945945976170075660791915226612682039665158,0.32,0.33,0.325,0.01,3305.97,4807.97,5777.97,224.14,400.59,2189.19,24,29,224.477069
2026-10-08 08:25:01,1148307,5404884,LoL: Natus Vincere vs JD Gaming - Game 2 Winner,map,2,2026-10-08 11:00:00,155.0,JD Gaming,94422500780678149625748346033264177079239362302943886164146824243372804193816,0.67,0.68,0.675,0.01,448.21,763.01,3754.41,7332.84,10940.84,13470.84,29,24,224.477069
2026-10-08 08:25:01,1148307,5404885,LoL: Natus Vincere vs JD Gaming (BO3) - Demacia Cup Global Invitational Group Stage,series,,2026-10-08 11:00:00,155.0,Natus Vincere,88721751813598262325328365311926266077061533986976804346604236532100561776809,0.26,0.27,0.265,0.01,38470.12,62738.82,67315.82,27274.27,29491.26,36136.26,24,47,450158.7853530001
2026-10-08 08:25:01,1148307,5404885,LoL: Natus Vincere vs JD Gaming (BO3) - Demacia Cup Global Invitational Group Stage,series,,2026-10-08 11:00:00,155.0,JD Gaming,10427010144076895779113784138487375790125311338333304061217810564593520103505,0.73,0.74,0.735,0.01,73288.94,78491.92,93196.91,112125.42,190536.85,207159.85,47,24,450158.7853530001
2026-10-08 08:25:01,1148307,5404886,Games Total: O/U 2.5,total_games,,2026-10-08 11:00:00,155.0,Over,67319386612700317064537025541951970820312173079847762641551680943418033620540,0.43,0.45,0.44,0.02,297.57,4493.9,6412.75,702.86,2863.29,8034.49,25,26,3626.570674
2026-10-08 08:25:01,1148307,5404886,Games Total: O/U 2.5,total_games,,2026-10-08 11:00:00,155.0,Under,29448735116962792109155675357009537134205902867220801681097871188851805114539,0.55,0.57,0.56,0.02,825.41,3218.98,8437.78,401.42,6675.81,9766.96,26,25,3626.570674
2026-10-08 08:25:01,1148307,5404887,Game Handicap: JDG (-1.5) vs Natus Vincere (+1.5),handicap,,2026-10-08 11:00:00,155.0,JD Gaming,110067468832368260357577297984483126865587113937877318219324867014348841729016,0.47,0.48,0.475,0.01,14908.42,14979.1,15698.25,27287.22,37654.72,43244.72,33,34,33679.29437
2026-10-08 08:25:01,1148307,5404887,Game Handicap: JDG (-1.5) vs Natus Vincere (+1.5),handicap,,2026-10-08 11:00:00,155.0,Natus Vincere,14437982035569027785390070377286310134750267492193830921742033447062481853909,0.52,0.53,0.525,0.01,29508.93,39840.43,44950.43,17139.67,17228.33,18214.18,34,33,33679.29437
2026-10-08 08:25:01,1148307,5404888,Game 1: Both Teams Slay Baron Nashor?,prop,1,2026-10-08 11:00:00,155.0,Yes,79604320599484937446920520257191342625812402358060755302287144271719662864728,0.01,0.99,0.5,0.98,0.96,0.96,0.96,95.03,95.03,95.03,1,1,
2026-10-08 08:25:01,1148307,5404888,Game 1: Both Teams Slay Baron Nashor?,prop,1,2026-10-08 11:00:00,155.0,No,27805282413642068680544580167896751521079767729350901507898312542298705336570,0.01,0.99,0.5,0.98,0.96,0.96,0.96,95.03,95.03,95.03,1,1,
2026-10-08 08:25:01,1148307,5404889,Game 1: Both Teams Slay a Dragon?,prop,1,2026-10-08 11:00:00,155.0,Yes,50830576610900226200486445975820337784735228995506298413441021067557345596998,0.01,0.99,0.5,0.98,0.96,0.96,0.96,95.03,95.03,95.03,1,1,
2026-10-08 08:25:01,1148307,5404889,Game 1: Both Teams Slay a Dragon?,prop,1,2026-10-08 11:00:00,155.0,No,109076753479614271412344886650197792177153894471859230057368243687998817656486,0.01,0.99,0.5,0.98,0.96,0.96,0.96,95.03,95.03,95.03,1,1,
2026-10-08 08:25:01,1148307,5404890,Game 1: Both Teams Destroy Inhibitors?,prop,1,2026-10-08 11:00:00,155.0,Yes,69918937189641018740700288314882303974614480708458522691756517244276605632014,0.01,0.99,0.5,0.98,0.96,0.96,0.96,95.03,95.03,95.03,1,1,
2026-10-08 08:25:01,1148307,5404890,Game 1: Both Teams Destroy Inhibitors?,prop,1,2026-10-08 11:00:00,155.0,No,101356982471427373646328861446887533831812412809111783332092825000982053347279,0.01,0.99,0.5,0.98,0.96,0.96,0.96,95.03,95.03,95.03,1,1,
2026-10-08 08:25:01,1148307,5404891,Game 1: Any Player Quadra Kill?,prop,1,2026-10-08 11:00:00,155.0,Yes,72983692224213477623728754161733014409651092945442297072361993579040202581149,,,,,0.0,0.0,0.0,0.0,0.0,0.0,0,0,
2026-10-08 08:25:01,1148307,5404891,Game 1: Any Player Quadra Kill?,prop,1,2026-10-08 11:00:00,155.0,No,91420924960672147156295362151973832563996706592728963510345373357539605160858,,,,,0.0,0.0,0.0,0.0,0.0,0.0,0,0,
2026-10-08 08:25:01,1148307,5404892,Game 1: Any Player Penta Kill?,prop,1,2026-10-08 11:00:00,155.0,Yes,52207988569482865533805225985535229211713947353994241907539916407014554278217,,,,,0.0,0.0,0.0,0.0,0.0,0.0,0,0,
2026-10-08 08:25:01,1148307,5404892,Game 1: Any Player Penta Kill?,prop,1,2026-10-08 11:00:00,155.0,No,72930183165818210080301457461439206316992341130443767097946292490277769174765,,,,,0.0,0.0,0.0,0.0,0.0,0.0,0,0,
2026-10-08 08:25:01,1148307,5404893,Game 1: Odd/Even Total Kills?,odd_even,1,2026-10-08 11:00:00,155.0,Odd,64754917371178390513532411361097463006112308825698302653839143288793158715251,0.49,0.51,0.5,0.02,98.0,98.0,98.0,102.0,102.0,102.0,8,8,
2026-10-08 08:25:01,1148307,5404893,Game 1: Odd/Even Total Kills?,odd_even,1,2026-10-08 11:00:00,155.0,Even,27732495799144573478112812114190002001689509176975563473213150267332008462097,0.49,0.51,0.5,0.02,98.0,98.0,98.0,102.0,102.0,102.0,8,8,
2026-10-08 08:25:01,1148307,5404894,Game 2: Both Teams Slay Baron Nashor?,prop,2,2026-10-08 11:00:00,155.0,Yes,24002217051023497028843055051740602668360567145344258813655890905144388857189,0.01,0.99,0.5,0.98,0.96,0.96,0.96,95.03,95.03,95.03,1,1,
2026-10-08 08:25:01,1148307,5404894,Game 2: Both Teams Slay Baron Nashor?,prop,2,2026-10-08 11:00:00,155.0,No,13995565777178753484333200813048400156677948870148841160326134507095973079674,0.01,0.99,0.5,0.98,0.96,0.96,0.96,95.03,95.03,95.03,1,1,
2026-10-08 08:25:01,1148307,5404895,Game 2: Both Teams Slay a Dragon?,prop,2,2026-10-08 11:00:00,155.0,Yes,87951179241092659469855247922889358752935956201755652523123596500187396758898,0.01,0.99,0.5,0.98,0.96,0.96,0.96,95.03,95.03,95.03,1,1,
2026-10-08 08:25:01,1148307,5404895,Game 2: Both Teams Slay a Dragon?,prop,2,2026-10-08 11:00:00,155.0,No,63051149002651026428257656835731977521121887147535163328848232154543149389715,0.01,0.99,0.5,0.98,0.96,0.96,0.96,95.03,95.03,95.03,1,1,
2026-10-08 08:25:01,1148307,5404896,Game 2: Both Teams Destroy Inhibitors?,prop,2,2026-10-08 11:00:00,155.0,Yes,96137305008861236030593762014296996432887811297791540624336647399843707646416,0.01,0.99,0.5,0.98,0.96,0.96,0.96,95.03,95.03,95.03,1,1,
2026-10-08 08:25:01,1148307,5404896,Game 2: Both Teams Destroy Inhibitors?,prop,2,2026-10-08 11:00:00,155.0,No,43238797551436679778118937436491141331494992155787270355211539426479073971277,0.01,0.99,0.5,0.98,0.96,0.96,0.96,95.03,95.03,95.03,1,1,
2026-10-08 08:25:01,1148307,5404897,Game 2: Any Player Quadra Kill?,prop,2,2026-10-08 11:00:00,155.0,Yes,74959688715154827114846736340358917074714204626175195218241111942849781487026,,,,,0.0,0.0,0.0,0.0,0.0,0.0,0,0,
2026-10-08 08:25:01,1148307,5404897,Game 2: Any Player Quadra Kill?,prop,2,2026-10-08 11:00:00,155.0,No,2460398514354912045306958082260087952843538412872036050394132451983842773854,,,,,0.0,0.0,0.0,0.0,0.0,0.0,0,0,
2026-10-08 08:25:01,1148307,5404898,Game 2: Any Player Penta Kill?,prop,2,2026-10-08 11:00:00,155.0,Yes,56373236142180634396486709092620664373645805464949373627238406554097932862901,,,,,0.0,0.0,0.0,0.0,0.0,0.0,0,0,
2026-10-08 08:25:01,1148307,5404898,Game 2: Any Player Penta Kill?,prop,2,2026-10-08 11:00:00,155.0,No,7828408591025876186711733192097307021902057869329943952370377207722701160942,,,,,0.0,0.0,0.0,0.0,0.0,0.0,0,0,
2026-10-08 08:25:01,1148307,5404899,Game 2: Odd/Even Total Kills?,odd_even,2,2026-10-08 11:00:00,155.0,Odd,87497128162321202733473376739958105323083604163378884388315783923511297024300,0.49,0.51,0.5,0.02,98.0,98.0,98.0,102.0,102.0,102.0,8,8,
2026-10-08 08:25:01,1148307,5404899,Game 2: Odd/Even Total Kills?,odd_even,2,2026-10-08 11:00:00,155.0,Even,87223690454521456657921603302957448641574969273408207317491390350432812611460,0.49,0.51,0.5,0.02,98.0,98.0,98.0,102.0,102.0,102.0,8,8,
2026-10-08 08:25:01,1148307,5404900,Game 3: Both Teams Slay Baron Nashor?,prop,3,2026-10-08 11:00:00,155.0,Yes,8415535589956025738423171300817185288331400597305987967409404165209120996680,0.01,0.99,0.5,0.98,0.96,0.96,0.96,95.03,95.03,95.03,1,1,
2026-10-08 08:25:01,1148307,5404900,Game 3: Both Teams Slay Baron Nashor?,prop,3,2026-10-08 11:00:00,155.0,No,91134166934846974647494433782756233904190946992589582024576743635928182961309,0.01,0.99,0.5,0.98,0.96,0.96,0.96,95.03,95.03,95.03,1,1,
2026-10-08 08:25:01,1148307,5404901,Game 3: Both Teams Slay a Dragon?,prop,3,2026-10-08 11:00:00,155.0,Yes,33075666909920724502309267909075697923817334211358587238313557052767699541390,0.01,0.99,0.5,0.98,0.96,0.96,0.96,95.03,95.03,95.03,1,1,
2026-10-08 08:25:01,1148307,5404901,Game 3: Both Teams Slay a Dragon?,prop,3,2026-10-08 11:00:00,155.0,No,97527007431265098087434899057500996142652577163847389629195745718234009378519,0.01,0.99,0.5,0.98,0.96,0.96,0.96,95.03,95.03,95.03,1,1,
2026-10-08 08:25:01,1148307,5404902,Game 3: Both Teams Destroy Inhibitors?,prop,3,2026-10-08 11:00:00,155.0,Yes,74272062088027947016197201019579668271422367894876079358489558223743815328435,0.01,0.99,0.5,0.98,0.96,0.96,0.96,95.04,95.04,95.04,1,1,
2026-10-08 08:25:01,1148307,5404902,Game 3: Both Teams Destroy Inhibitors?,prop,3,2026-10-08 11:00:00,155.0,No,30511242141346713825988158388132468183945042051025453257060935699591339233482,0.01,0.99,0.5,0.98,0.96,0.96,0.96,95.03,95.03,95.03,1,1,
2026-10-08 08:25:01,1148307,5404903,Game 3: Any Player Quadra Kill?,prop,3,2026-10-08 11:00:00,155.0,Yes,50093891584730121757717149404198251799603520164764296057954681815918236032630,,,,,0.0,0.0,0.0,0.0,0.0,0.0,0,0,
2026-10-08 08:25:01,1148307,5404903,Game 3: Any Player Quadra Kill?,prop,3,2026-10-08 11:00:00,155.0,No,53246150542620911276509028037763437255110534765986470702009512983524135831471,,,,,0.0,0.0,0.0,0.0,0.0,0.0,0,0,
2026-10-08 08:25:01,1148307,5404904,Game 3: Any Player Penta Kill?,prop,3,2026-10-08 11:00:00,155.0,Yes,38455077511132678464201194601271244297136118318363870792375439294122420180062,,,,,0.0,0.0,0.0,0.0,0.0,0.0,0,0,
2026-10-08 08:25:01,1148307,5404904,Game 3: Any Player Penta Kill?,prop,3,2026-10-08 11:00:00,155.0,No,83050424920607872164628089425033213428337271874658851017287406413318962784763,,,,,0.0,0.0,0.0,0.0,0.0,0.0,0,0,
2026-10-08 08:25:01,1148307,5404905,Game 3: Odd/Even Total Kills?,odd_even,3,2026-10-08 11:00:00,155.0,Odd,65013896097962156655696963713970385758694162787094209601841604255352651101111,0.49,0.51,0.5,0.02,98.0,98.0,98.0,102.0,102.0,102.0,8,8,
2026-10-08 08:25:01,1148307,5404905,Game 3: Odd/Even Total Kills?,odd_even,3,2026-10-08 11:00:00,155.0,Even,40461083361858627601804816167324070220133450007595697234416563963374935501704,0.49,0.51,0.5,0.02,98.0,98.0,98.0,102.0,102.0,102.0,8,8,
2026-10-08 08:25:01,1148307,5405561,First Blood in Game 1?,first_blood,1,2026-10-08 11:00:00,155.0,Natus Vincere,39954278548663231593937352846446410964360539959221260671015566567682094762955,0.04,0.96,0.5,0.92,120.65,120.96,120.96,2901.48,2930.73,2930.73,3,3,
2026-10-08 08:25:01,1148307,5405561,First Blood in Game 1?,first_blood,1,2026-10-08 11:00:00,155.0,JD Gaming,113903488508673755213241088082938661566946950312223036053764774647645515833799,0.04,0.96,0.5,0.92,120.66,120.96,120.96,2901.01,2931.71,2931.71,3,3,
2026-10-08 08:25:01,1148307,5405560,First Blood in Game 2?,first_blood,2,2026-10-08 11:00:00,155.0,Natus Vincere,72409514420431402308521490594626679316503164386610393367904801924004971642141,0.04,0.91,0.475,0.87,120.65,120.9,120.9,2734.63,2774.48,2774.48,3,4,
2026-10-08 08:25:01,1148307,5405560,First Blood in Game 2?,first_blood,2,2026-10-08 11:00:00,155.0,JD Gaming,54242580759438248587125368957795265313455818464390519844755102863405906745826,0.09,0.96,0.525,0.87,270.4,273.4,273.4,2901.01,2925.9,2925.9,4,3,
2026-10-08 08:25:01,1148307,5405563,Total Kills Over/Under 27.5 in Game 1?,total_kills,1,2026-10-08 11:00:00,155.0,Over,48535364230516699695569920120640025312616366139535973806349798501533511344447,0.42,0.45,0.435,0.03,4.2,6.2,205.85,165.55,414.05,749.8,24,25,52.061225
2026-10-08 08:25:01,1148307,5405563,Total Kills Over/Under 27.5 in Game 1?,total_kills,1,2026-10-08 11:00:00,155.0,Under,90616294397336980355359054125540142053093677993443928520458274590027044606218,0.55,0.58,0.565,0.03,194.45,470.95,810.2,5.8,8.8,339.15,25,24,52.061225
2026-10-08 08:25:01,1148307,5405562,Total Kills Over/Under 27.5 in Game 2?,total_kills,2,2026-10-08 11:00:00,155.0,Over,52085845923858446993308637551380830977553750239790587730144480881841351308886,0.43,0.48,0.455,0.05,2.15,417.7,485.95,412.94,839.69,839.69,24,24,2.104167
2026-10-08 08:25:01,1148307,5405562,Total Kills Over/Under 27.5 in Game 2?,total_kills,2,2026-10-08 11:00:00,155.0,Under,90899590131632860263023297417462596981736588409072677110437833718795273896632,0.52,0.57,0.545,0.05,429.95,853.2,853.2,2.85,617.3,724.05,24,24,2.104167
2026-10-08 08:25:01,1148307,5405914,Total Kills Over/Under 30.5 in Game 1?,total_kills,1,2026-10-08 11:00:00,155.0,Over,97030117411905741746034004955390015340834764977139721577021933547208334135994,0.25,0.33,0.29,0.08,121.25,250.25,289.0,122.35,421.6,421.6,18,27,
2026-10-08 08:25:01,1148307,5405914,Total Kills Over/Under 30.5 in Game 1?,total_kills,1,2026-10-08 11:00:00,155.0,Under,98439281319897867955108264777439661350666516876122725059670445381962941064071,0.67,0.75,0.71,0.08,237.65,788.4,788.4,383.75,825.2,971.45,27,18,
2026-10-08 08:25:01,1148307,5405915,Total Kills Over/Under 30.5 in Game 2?,total_kills,2,2026-10-08 11:00:00,155.0,Over,81205211164833106086926553405951741152557835749941458520443647165184918626931,0.28,0.35,0.315,0.07,1.4,261.15,309.15,304.5,435.75,435.75,18,27,
2026-10-08 08:25:01,1148307,5405915,Total Kills Over/Under 30.5 in Game 2?,total_kills,2,2026-10-08 11:00:00,155.0,Under,115325064661699653330001106119291329343627686467203366603851187849553201223598,0.65,0.72,0.685,0.07,555.5,774.25,774.25,3.6,768.85,920.85,27,18,
2026-10-08 08:25:01,1148307,5423258,Total Kills Over/Under 24.5 in Game 2?,total_kills,2,2026-10-08 11:00:00,155.0,Over,37167055865851235576099593853892627762121282587655398772688543038307519810688,0.59,0.66,0.625,0.07,2.95,481.75,672.5,681.44,800.44,815.12,20,22,
2026-10-08 08:25:01,1148307,5423258,Total Kills Over/Under 24.5 in Game 2?,total_kills,2,2026-10-08 11:00:00,155.0,Under,55097596303571781087824414885396521659192103835965352765537122995508450028382,0.34,0.44,0.39,0.1,348.39,404.39,410.39,454.95,535.45,535.45,22,19,
2026-10-08 08:25:01,1148307,5423259,Total Kills Over/Under 24.5 in Game 1?,total_kills,1,2026-10-08 11:00:00,155.0,Over,28904832491941503700663460993072572630525693146299568501914429939877220893357,0.58,0.63,0.605,0.05,58.29,333.29,615.04,335.64,779.39,792.14,23,22,110.346647
2026-10-08 08:25:01,1148307,5423259,Total Kills Over/Under 24.5 in Game 1?,total_kills,1,2026-10-08 11:00:00,155.0,Under,29646559824616558549438909849092608685527763028810725261629290474672186084455,0.37,0.42,0.395,0.05,194.35,425.6,431.6,42.21,267.21,510.46,22,23,110.346647
2026-10-08 08:25:01,1148308,5404906,LoL: FlyQuest vs RED Canids - Game 1 Winner,map,1,2026-10-08 09:00:00,35.0,FlyQuest,35901205032623735268297159373854013485835394816370012929231306335622485793750,0.77,0.78,0.775,0.01,3641.43,14865.93,17598.68,15232.35,28634.55,31903.8,45,21,18830.565990000003
2026-10-08 08:25:01,1148308,5404906,LoL: FlyQuest vs RED Canids - Game 1 Winner,map,1,2026-10-08 09:00:00,35.0,RED Canids,46959966328902405548967099090675247646522131868286951166007916047112625946771,0.22,0.23,0.225,0.01,4199.51,7409.31,8090.06,1097.12,4932.62,5974.87,21,45,18830.565990000003
2026-10-08 08:25:01,1148308,5404907,LoL: FlyQuest vs RED Canids - Game 2 Winner,map,2,2026-10-08 09:00:00,35.0,FlyQuest,102705729593580582941292063731196380555655499854668999234354456019394437271414,0.76,0.77,0.765,0.01,5990.72,12543.97,15176.22,11535.25,12180.52,20512.52,27,22,1901.2327329999998
2026-10-08 08:25:01,1148308,5404907,LoL: FlyQuest vs RED Canids - Game 2 Winner,map,2,2026-10-08 09:00:00,35.0,RED Canids,27614085125502191380572949082395562109831414758987721472040563612169863351423,0.23,0.24,0.235,0.01,3444.25,3609.57,5552.57,1900.8,4222.55,5265.3,22,27,1901.2327329999998
2026-10-08 08:25:01,1148308,5404908,LoL: FlyQuest vs RED Canids (BO3) - Demacia Cup Global Invitational Group Stage,series,,2026-10-08 09:00:00,35.0,FlyQuest,28518360165695557583903719028319120247176221363195056791718448068444835437482,0.85,0.86,0.855,0.01,52483.28,71261.28,73730.98,28233.05,36654.77,59744.43,61,14,109471.61849599998
2026-10-08 08:25:01,1148308,5404908,LoL: FlyQuest vs RED Canids (BO3) - Demacia Cup Global Invitational Group Stage,series,,2026-10-08 09:00:00,35.0,RED Canids,54912072942903637739745651431855766235331068047661668863630875746511275132590,0.14,0.15,0.145,0.01,4333.3,5383.16,7880.16,9842.66,13830.64,14425.94,14,61,109471.61849599998
2026-10-08 08:25:01,1148308,5404909,Games Total: O/U 2.5,total_games,,2026-10-08 09:00:00,35.0,Over,56396522594541620386382580920149664690199439367665945430598434295098013100054,0.33,0.34,0.335,0.01,8351.82,10868.61,11847.71,121.06,1904.93,2951.53,18,24,1010.602337
2026-10-08 08:25:01,1148308,5404909,Games Total: O/U 2.5,total_games,,2026-10-08 09:00:00,35.0,Under,88035134603274302273941406001237957053049947923290357276449697073322020485412,0.66,0.67,0.665,0.01,233.27,3287.01,4950.41,17737.14,23544.02,26024.92,24,18,1010.602337
2026-10-08 08:25:01,1148308,5404910,Game Handicap: FLY (-1.5) vs RED Canids (+1.5),handicap,,2026-10-08 09:00:00,35.0,FlyQuest,48219698202015119540444241707388270670432868887710554974307512038078556741507,0.6,0.61,0.605,0.01,29907.79,32734.15,34182.95,38219.66,44999.62,48687.63,33,24,47672.167072000004
2026-10-08 08:25:01,1148308,5404910,Game Handicap: FLY (-1.5) vs RED Canids (+1.5),handicap,,2026-10-08 09:00:00,35.0,RED Canids,82368981386306518794044324457136530073801135428324653721332073630867083598891,0.39,0.4,0.395,0.01,24407.54,28222.06,30153.76,20485.53,22576.45,23732.65,24,33,47672.167072000004
2026-10-08 08:25:01,1148308,5404911,Game 1: Both Teams Slay Baron Nashor?,prop,1,2026-10-08 09:00:00,35.0,Yes,36206915208787149636654297305868477391988108176413697380471993153115689941856,0.01,0.99,0.5,0.98,0.96,0.96,0.96,95.04,95.04,95.04,1,1,
2026-10-08 08:25:01,1148308,5404911,Game 1: Both Teams Slay Baron Nashor?,prop,1,2026-10-08 09:00:00,35.0,No,58614510157715987034594870174632436579197539745317487794905865301266664175791,0.01,0.99,0.5,0.98,0.96,0.96,0.96,95.04,95.04,95.04,1,1,
2026-10-08 08:25:01,1148308,5404912,Game 1: Both Teams Slay a Dragon?,prop,1,2026-10-08 09:00:00,35.0,Yes,44587398300757456902086063141568406274818862960778105087722359976257785012097,0.01,0.99,0.5,0.98,0.96,0.96,0.96,95.04,95.04,95.04,1,1,
2026-10-08 08:25:01,1148308,5404912,Game 1: Both Teams Slay a Dragon?,prop,1,2026-10-08 09:00:00,35.0,No,71253872090200386229354035812343740537141170710492379972430681869479643357171,0.01,0.99,0.5,0.98,0.96,0.96,0.96,95.04,95.04,95.04,1,1,
2026-10-08 08:25:01,1148308,5404913,Game 1: Both Teams Destroy Inhibitors?,prop,1,2026-10-08 09:00:00,35.0,Yes,87739093055263949869982634417925068142805113365816587779715363542935040633661,0.01,0.99,0.5,0.98,0.96,0.96,0.96,95.04,95.04,95.04,1,1,
2026-10-08 08:25:01,1148308,5404913,Game 1: Both Teams Destroy Inhibitors?,prop,1,2026-10-08 09:00:00,35.0,No,101690123914603788577424535151540729602757109084253175239426180794562335936102,0.01,0.99,0.5,0.98,0.96,0.96,0.96,95.04,95.04,95.04,1,1,
2026-10-08 08:25:01,1148308,5404914,Game 1: Any Player Quadra Kill?,prop,1,2026-10-08 09:00:00,35.0,Yes,103065501608158275003054705644269376534839776303294033738749838666246886011460,,,,,0.0,0.0,0.0,0.0,0.0,0.0,0,0,
2026-10-08 08:25:01,1148308,5404914,Game 1: Any Player Quadra Kill?,prop,1,2026-10-08 09:00:00,35.0,No,81952778973474125959982010006165441437671723941250372193625543325425372295886,,,,,0.0,0.0,0.0,0.0,0.0,0.0,0,0,
2026-10-08 08:25:01,1148308,5404915,Game 1: Any Player Penta Kill?,prop,1,2026-10-08 09:00:00,35.0,Yes,30997856257119950568796141145422689294375675133207679633162462155530436350372,,0.4,,,0.0,0.0,0.0,2.0,2.0,2.0,0,1,
2026-10-08 08:25:01,1148308,5404915,Game 1: Any Player Penta Kill?,prop,1,2026-10-08 09:00:00,35.0,No,107736122061818807691580901952087243115409516237677647423144139460699361111212,0.6,,,,3.0,3.0,3.0,0.0,0.0,0.0,1,0,
2026-10-08 08:25:01,1148308,5404916,Game 1: Odd/Even Total Kills?,odd_even,1,2026-10-08 09:00:00,35.0,Odd,99988972205326537139100200548153787457822129817769249325209112277070894756728,0.49,0.51,0.5,0.02,98.0,98.0,98.0,102.0,102.0,102.0,4,4,
2026-10-08 08:25:01,1148308,5404916,Game 1: Odd/Even Total Kills?,odd_even,1,2026-10-08 09:00:00,35.0,Even,59750816069602470429211541876147724518330617907225660391291853671459286883319,0.49,0.51,0.5,0.02,98.0,98.0,98.0,102.0,102.0,102.0,4,4,
2026-10-08 08:25:01,1148308,5404917,Game 2: Both Teams Slay Baron Nashor?,prop,2,2026-10-08 09:00:00,35.0,Yes,9112525753521290789870254090194822931120524725776756276916992476354627102322,0.01,0.99,0.5,0.98,0.96,0.96,0.96,95.04,95.04,95.04,1,1,
2026-10-08 08:25:01,1148308,5404917,Game 2: Both Teams Slay Baron Nashor?,prop,2,2026-10-08 09:00:00,35.0,No,63809538418156703802068928338832144360465078907742978250505991884827907730213,0.01,0.99,0.5,0.98,0.96,0.96,0.96,95.04,95.04,95.04,1,1,
2026-10-08 08:25:01,1148308,5404918,Game 2: Both Teams Slay a Dragon?,prop,2,2026-10-08 09:00:00,35.0,Yes,33909764286783667384918181360221870418048495445044283943075406093342542367918,0.01,0.99,0.5,0.98,0.96,0.96,0.96,95.04,95.04,95.04,1,1,
2026-10-08 08:25:01,1148308,5404918,Game 2: Both Teams Slay a Dragon?,prop,2,2026-10-08 09:00:00,35.0,No,11194442767926458913347769163154741361366472253254146017489487000279224906368,0.01,0.99,0.5,0.98,0.96,0.96,0.96,95.04,95.04,95.04,1,1,
2026-10-08 08:25:01,1148308,5404919,Game 2: Both Teams Destroy Inhibitors?,prop,2,2026-10-08 09:00:00,35.0,Yes,6181758397561841761365499527217907498525348308281567433246344703320418337810,0.01,0.99,0.5,0.98,0.96,0.96,0.96,95.04,95.04,95.04,1,1,
2026-10-08 08:25:01,1148308,5404919,Game 2: Both Teams Destroy Inhibitors?,prop,2,2026-10-08 09:00:00,35.0,No,48393488076710906941792513244702700272916496358036967926261004646852098468134,0.01,0.99,0.5,0.98,0.96,0.96,0.96,95.04,95.04,95.04,1,1,
2026-10-08 08:25:01,1148308,5404920,Game 2: Any Player Quadra Kill?,prop,2,2026-10-08 09:00:00,35.0,Yes,108056427106595099042541773956476353260822841597968828301707796207543533837474,,,,,0.0,0.0,0.0,0.0,0.0,0.0,0,0,
2026-10-08 08:25:01,1148308,5404920,Game 2: Any Player Quadra Kill?,prop,2,2026-10-08 09:00:00,35.0,No,22767030052961639164631144184274712425335907690658420766648555692802868956708,,,,,0.0,0.0,0.0,0.0,0.0,0.0,0,0,
2026-10-08 08:25:01,1148308,5404921,Game 2: Any Player Penta Kill?,prop,2,2026-10-08 09:00:00,35.0,Yes,49131421734778128343682566825062900414732156991730545429069744329878965275112,,,,,0.0,0.0,0.0,0.0,0.0,0.0,0,0,
2026-10-08 08:25:01,1148308,5404921,Game 2: Any Player Penta Kill?,prop,2,2026-10-08 09:00:00,35.0,No,92401306050638467820110454865360582465054298762613346327949605609921656213102,,,,,0.0,0.0,0.0,0.0,0.0,0.0,0,0,
2026-10-08 08:25:01,1148308,5404922,Game 2: Odd/Even Total Kills?,odd_even,2,2026-10-08 09:00:00,35.0,Odd,85731999971202447894550171680121388629555947299240511620121691003564435820507,0.49,0.51,0.5,0.02,98.0,98.0,98.0,102.0,102.0,102.0,4,4,
2026-10-08 08:25:01,1148308,5404922,Game 2: Odd/Even Total Kills?,odd_even,2,2026-10-08 09:00:00,35.0,Even,13538183296179639195478460624833761468833364155744839424781362957788033360690,0.49,0.51,0.5,0.02,98.0,98.0,98.0,102.0,102.0,102.0,4,4,
2026-10-08 08:25:01,1148308,5404923,Game 3: Both Teams Slay Baron Nashor?,prop,3,2026-10-08 09:00:00,35.0,Yes,92989560996857667890729283921447898373493970820290987136211100949365545782988,0.01,0.99,0.5,0.98,0.96,0.96,0.96,95.04,95.04,95.04,1,1,
2026-10-08 08:25:01,1148308,5404923,Game 3: Both Teams Slay Baron Nashor?,prop,3,2026-10-08 09:00:00,35.0,No,75994031747363579859735659870450476883234748727535374370168348582180784661838,0.01,0.99,0.5,0.98,0.96,0.96,0.96,95.04,95.04,95.04,1,1,
2026-10-08 08:25:01,1148308,5404924,Game 3: Both Teams Slay a Dragon?,prop,3,2026-10-08 09:00:00,35.0,Yes,64327937981651923408395421946098535268234192419012324397366005299661492204658,0.01,0.99,0.5,0.98,0.96,0.96,0.96,95.04,95.04,95.04,1,1,
2026-10-08 08:25:01,1148308,5404924,Game 3: Both Teams Slay a Dragon?,prop,3,2026-10-08 09:00:00,35.0,No,7457246009738625317067306997684526577392206077651240971103396942185250309092,0.01,0.99,0.5,0.98,0.96,0.96,0.96,95.04,95.04,95.04,1,1,
2026-10-08 08:25:01,1148308,5404925,Game 3: Both Teams Destroy Inhibitors?,prop,3,2026-10-08 09:00:00,35.0,Yes,8412197124798992140037356591614322789179987210785494712822821077167847274063,0.01,0.99,0.5,0.98,0.96,0.96,0.96,95.03,95.03,95.03,1,1,
2026-10-08 08:25:01,1148308,5404925,Game 3: Both Teams Destroy Inhibitors?,prop,3,2026-10-08 09:00:00,35.0,No,50533522468612415356963355379941197513142865499569736780705485712949352818578,0.01,0.99,0.5,0.98,0.96,0.96,0.96,95.04,95.04,95.04,1,1,
2026-10-08 08:25:01,1148308,5404926,Game 3: Any Player Quadra Kill?,prop,3,2026-10-08 09:00:00,35.0,Yes,61465228904331201637639579471950492837315779233249784975327849971378009340383,,,,,0.0,0.0,0.0,0.0,0.0,0.0,0,0,
2026-10-08 08:25:01,1148308,5404926,Game 3: Any Player Quadra Kill?,prop,3,2026-10-08 09:00:00,35.0,No,108818691178412873645914816514140857956222060250699528394576561261021367458144,,,,,0.0,0.0,0.0,0.0,0.0,0.0,0,0,
2026-10-08 08:25:01,1148308,5404927,Game 3: Any Player Penta Kill?,prop,3,2026-10-08 09:00:00,35.0,Yes,63580985801632133397165503570496737514472691677139832475950047775628793599059,,,,,0.0,0.0,0.0,0.0,0.0,0.0,0,0,
2026-10-08 08:25:01,1148308,5404927,Game 3: Any Player Penta Kill?,prop,3,2026-10-08 09:00:00,35.0,No,105450468740574693117207078769841989686480321599945901454155406896757277590207,,,,,0.0,0.0,0.0,0.0,0.0,0.0,0,0,
2026-10-08 08:25:01,1148308,5404928,Game 3: Odd/Even Total Kills?,odd_even,3,2026-10-08 09:00:00,35.0,Odd,23951389524829733992524271159321709044146488279302308559414473153111056544282,0.03,0.91,0.47,0.88,4.69,4.96,4.96,2734.63,2774.48,2774.48,3,6,
2026-10-08 08:25:01,1148308,5404928,Game 3: Odd/Even Total Kills?,odd_even,3,2026-10-08 09:00:00,35.0,Even,6058401635395593022347006965152997095308447111818946397552023714767354484855,0.09,0.97,0.53,0.88,270.4,273.4,273.4,218.21,245.24,245.24,6,3,
2026-10-08 08:25:01,1148308,5405556,First Blood in Game 1?,first_blood,1,2026-10-08 09:00:00,35.0,FlyQuest,88701631938854123857380263286027814309460636542277002171303099428299986557335,0.07,0.96,0.515,0.89,210.44,213.44,225.74,2902.75,2928.12,2928.12,6,3,
2026-10-08 08:25:01,1148308,5405556,First Blood in Game 1?,first_blood,1,2026-10-08 09:00:00,35.0,RED Canids,21915792120476510605889859183628701065398409389763179141843492496784371267755,0.04,0.93,0.485,0.89,120.7,120.96,120.96,2796.94,2868.94,3383.07,3,6,
2026-10-08 08:25:01,1148308,5405557,First Blood in Game 2?,first_blood,2,2026-10-08 09:00:00,35.0,FlyQuest,89886616504273725880048816723452801161342233385660906516457261355901510387421,0.04,0.96,0.5,0.92,120.67,120.96,120.96,2901.39,2930.93,2930.93,3,3,
2026-10-08 08:25:01,1148308,5405557,First Blood in Game 2?,first_blood,2,2026-10-08 09:00:00,35.0,RED Canids,93444852866459917870049695118109280020970702839814924743605418883017220888522,0.04,0.96,0.5,0.92,120.66,120.96,120.96,2901.6,2930.49,2930.49,3,3,
2026-10-08 08:25:01,1148308,5405558,Total Kills Over/Under 27.5 in Game 1?,total_kills,1,2026-10-08 09:00:00,35.0,Over,7013679442395800020902316136931101924584607350791963396908082239753537538453,0.5,0.54,0.52,0.04,775.23,775.23,2732.73,269.09,367.09,367.09,15,21,39.795848
2026-10-08 08:25:01,1148308,5405558,Total Kills Over/Under 27.5 in Game 1?,total_kills,1,2026-10-08 09:00:00,35.0,Under,67212003858018753700192211509141328591002970091409621722992859823164531040484,0.46,0.5,0.48,0.04,225.99,302.99,302.99,796.37,796.37,3188.87,21,15,39.795848
2026-10-08 08:25:01,1148308,5405559,Total Kills Over/Under 27.5 in Game 2?,total_kills,2,2026-10-08 09:00:00,35.0,Over,15581680017747400017541430974710675745017878813387670303347894963087073194030,0.5,0.54,0.52,0.04,267.46,507.46,2464.96,283.45,381.45,671.45,18,20,
2026-10-08 08:25:01,1148308,5405559,Total Kills Over/Under 27.5 in Game 2?,total_kills,2,2026-10-08 09:00:00,35.0,Under,74944559345525909480275106343873542862465438456588649343432161688817458401918,0.46,0.5,0.48,0.04,237.97,314.97,524.97,278.11,538.11,2930.61,20,18,
2026-10-08 08:25:01,1148308,5405779,Total Kills Over/Under 30.5 in Game 1?,total_kills,1,2026-10-08 09:00:00,35.0,Over,93036542621585369358702887102567509417101329566222757193240857922327470770225,0.32,0.36,0.34,0.04,310.57,363.07,369.07,34.19,37.06,306.25,16,25,144.792271
2026-10-08 08:25:01,1148308,5405779,Total Kills Over/Under 30.5 in Game 1?,total_kills,1,2026-10-08 09:00:00,35.0,Under,5482001955496204670758799409021733428676049158616757213411054763708130847529,0.64,0.68,0.66,0.04,60.62,65.32,461.21,665.59,788.09,804.31,25,16,144.792271
2026-10-08 08:25:01,1148308,5405780,Total Kills Over/Under 30.5 in Game 2?,total_kills,2,2026-10-08 09:00:00,35.0,Over,22130051959353700515940091071552463325679289116918072404594120340500971454682,0.32,0.4,0.36,0.08,276.71,379.96,379.96,221.95,505.45,505.45,16,20,
2026-10-08 08:25:01,1148308,5405780,Total Kills Over/Under 30.5 in Game 2?,total_kills,2,2026-10-08 09:00:00,35.0,Under,3114640539595181382416908227498083389920809912807060969585819053675986134680,0.6,0.68,0.64,0.08,328.23,719.73,719.73,599.35,846.1,846.1,20,16,
2026-10-08 08:25:01,1148308,5407712,Total Kills Over/Under 24.5 in Game 1?,total_kills,1,2026-10-08 09:00:00,35.0,Over,28857526194148558157275309219406102185660369769885795340680135948903239146610,0.64,0.68,0.66,0.04,910.46,910.46,913.41,247.33,509.46,881.95,23,18,1032.2590599999999
2026-10-08 08:25:01,1148308,5407712,Total Kills Over/Under 24.5 in Game 1?,total_kills,1,2026-10-08 09:00:00,35.0,Under,28600261298056395246374487940319278130562350170307068709031229179551350421438,0.32,0.36,0.34,0.04,113.69,223.27,361.04,531.38,531.38,533.43,18,23,1032.2590599999999
2026-10-08 08:25:01,1148308,5407713,Total Kills Over/Under 24.5 in Game 2?,total_kills,2,2026-10-08 09:00:00,35.0,Over,72157706177674091337028392676304565737862550924476902198914893635804728046111,0.63,0.68,0.655,0.05,488.84,488.84,691.84,343.99,487.69,852.69,19,18,267.515152
2026-10-08 08:25:01,1148308,5407713,Total Kills Over/Under 24.5 in Game 2?,total_kills,2,2026-10-08 09:00:00,35.0,Under,102295770535931025221344642798097385229480497332826535385997635479155099530480,0.32,0.37,0.345,0.05,159.18,220.47,355.47,291.47,291.47,438.47,18,19,267.515152
2026-10-08 08:30:50,1148307,5404883,LoL: Natus Vincere vs JD Gaming - Game 1 Winner,map,1,2026-10-08 11:00:00,149.2,Natus Vincere,38348624269695075769678589081011142734195331893505590105975670194453049807294,0.33,0.34,0.335,0.01,281.38,3739.08,5480.98,614.26,1845.34,3553.63,26,40,5905.817934999997
2026-10-08 08:30:50,1148307,5404883,LoL: Natus Vincere vs JD Gaming - Game 1 Winner,map,1,2026-10-08 11:00:00,149.2,JD Gaming,47336520694611758956763599979420485394357717795257539968819272579111558380357,0.66,0.67,0.665,0.01,1175.83,3285.46,6010.17,573.72,8310.01,12678.1,40,26,5905.817934999997
2026-10-08 08:30:50,1148307,5404884,LoL: Natus Vincere vs JD Gaming - Game 2 Winner,map,2,2026-10-08 11:00:00,149.2,Natus Vincere,87959431582496129697040551450818191945945976170075660791915226612682039665158,0.32,0.33,0.325,0.01,3306.02,4808.02,5778.02,224.14,411.09,2199.69,23,30,272.087069
2026-10-08 08:30:50,1148307,5404884,LoL: Natus Vincere vs JD Gaming - Game 2 Winner,map,2,2026-10-08 11:00:00,149.2,JD Gaming,94422500780678149625748346033264177079239362302943886164146824243372804193816,0.67,0.68,0.675,0.01,448.21,782.51,3773.91,7332.79,10940.79,13470.79,30,23,272.087069
2026-10-08 08:30:50,1148307,5404885,LoL: Natus Vincere vs JD Gaming (BO3) - Demacia Cup Global Invitational Group Stage,series,,2026-10-08 11:00:00,149.2,Natus Vincere,88721751813598262325328365311926266077061533986976804346604236532100561776809,0.26,0.27,0.265,0.01,38282.17,62550.87,67127.87,27335.24,29552.23,36197.23,24,46,452114.30428500037
2026-10-08 08:30:50,1148307,5404885,LoL: Natus Vincere vs JD Gaming (BO3) - Demacia Cup Global Invitational Group Stage,series,,2026-10-08 11:00:00,149.2,JD Gaming,10427010144076895779113784138487375790125311338333304061217810564593520103505,0.73,0.74,0.735,0.01,73453.79,78656.77,93361.76,111589.99,190001.42,206624.42,46,24,452114.30428500037
2026-10-08 08:30:50,1148307,5404886,Games Total: O/U 2.5,total_games,,2026-10-08 11:00:00,149.2,Over,67319386612700317064537025541951970820312173079847762641551680943418033620540,0.43,0.45,0.44,0.02,310.47,4506.8,6425.65,705.11,2865.54,8036.74,26,26,3626.570674
2026-10-08 08:30:50,1148307,5404886,Games Total: O/U 2.5,total_games,,2026-10-08 11:00:00,149.2,Under,29448735116962792109155675357009537134205902867220801681097871188851805114539,0.55,0.57,0.56,0.02,828.16,3221.73,8440.53,418.52,6692.91,9784.06,26,26,3626.570674
2026-10-08 08:30:50,1148307,5404887,Game Handicap: JDG (-1.5) vs Natus Vincere (+1.5),handicap,,2026-10-08 11:00:00,149.2,JD Gaming,110067468832368260357577297984483126865587113937877318219324867014348841729016,0.47,0.48,0.475,0.01,14908.42,14979.1,15698.25,27296.82,37664.32,43254.32,33,34,33841.26449499999
2026-10-08 08:30:50,1148307,5404887,Game Handicap: JDG (-1.5) vs Natus Vincere (+1.5),handicap,,2026-10-08 11:00:00,149.2,Natus Vincere,14437982035569027785390070377286310134750267492193830921742033447062481853909,0.52,0.53,0.525,0.01,29519.33,39850.83,44960.83,17139.67,17228.33,18214.18,34,33,33841.26449499999
2026-10-08 08:30:50,1148307,5404888,Game 1: Both Teams Slay Baron Nashor?,prop,1,2026-10-08 11:00:00,149.2,Yes,79604320599484937446920520257191342625812402358060755302287144271719662864728,0.01,0.99,0.5,0.98,0.96,0.96,0.96,95.03,95.03,95.03,1,1,
2026-10-08 08:30:50,1148307,5404888,Game 1: Both Teams Slay Baron Nashor?,prop,1,2026-10-08 11:00:00,149.2,No,27805282413642068680544580167896751521079767729350901507898312542298705336570,0.01,0.99,0.5,0.98,0.96,0.96,0.96,95.03,95.03,95.03,1,1,
2026-10-08 08:30:50,1148307,5404889,Game 1: Both Teams Slay a Dragon?,prop,1,2026-10-08 11:00:00,149.2,Yes,50830576610900226200486445975820337784735228995506298413441021067557345596998,0.01,0.99,0.5,0.98,0.96,0.96,0.96,95.03,95.03,95.03,1,1,
2026-10-08 08:30:50,1148307,5404889,Game 1: Both Teams Slay a Dragon?,prop,1,2026-10-08 11:00:00,149.2,No,109076753479614271412344886650197792177153894471859230057368243687998817656486,0.01,0.99,0.5,0.98,0.96,0.96,0.96,95.03,95.03,95.03,1,1,
2026-10-08 08:30:50,1148307,5404890,Game 1: Both Teams Destroy Inhibitors?,prop,1,2026-10-08 11:00:00,149.2,Yes,69918937189641018740700288314882303974614480708458522691756517244276605632014,0.01,0.99,0.5,0.98,0.96,0.96,0.96,95.03,95.03,95.03,1,1,
2026-10-08 08:30:50,1148307,5404890,Game 1: Both Teams Destroy Inhibitors?,prop,1,2026-10-08 11:00:00,149.2,No,101356982471427373646328861446887533831812412809111783332092825000982053347279,0.01,0.99,0.5,0.98,0.96,0.96,0.96,95.03,95.03,95.03,1,1,
2026-10-08 08:30:50,1148307,5404891,Game 1: Any Player Quadra Kill?,prop,1,2026-10-08 11:00:00,149.2,Yes,72983692224213477623728754161733014409651092945442297072361993579040202581149,,,,,0.0,0.0,0.0,0.0,0.0,0.0,0,0,
2026-10-08 08:30:50,1148307,5404891,Game 1: Any Player Quadra Kill?,prop,1,2026-10-08 11:00:00,149.2,No,91420924960672147156295362151973832563996706592728963510345373357539605160858,,,,,0.0,0.0,0.0,0.0,0.0,0.0,0,0,
2026-10-08 08:30:50,1148307,5404892,Game 1: Any Player Penta Kill?,prop,1,2026-10-08 11:00:00,149.2,Yes,52207988569482865533805225985535229211713947353994241907539916407014554278217,,,,,0.0,0.0,0.0,0.0,0.0,0.0,0,0,
2026-10-08 08:30:50,1148307,5404892,Game 1: Any Player Penta Kill?,prop,1,2026-10-08 11:00:00,149.2,No,72930183165818210080301457461439206316992341130443767097946292490277769174765,,,,,0.0,0.0,0.0,0.0,0.0,0.0,0,0,
2026-10-08 08:30:50,1148307,5404893,Game 1: Odd/Even Total Kills?,odd_even,1,2026-10-08 11:00:00,149.2,Odd,64754917371178390513532411361097463006112308825698302653839143288793158715251,0.49,0.51,0.5,0.02,98.0,98.0,98.0,102.0,102.0,102.0,8,8,
2026-10-08 08:30:50,1148307,5404893,Game 1: Odd/Even Total Kills?,odd_even,1,2026-10-08 11:00:00,149.2,Even,27732495799144573478112812114190002001689509176975563473213150267332008462097,0.49,0.51,0.5,0.02,98.0,98.0,98.0,102.0,102.0,102.0,8,8,
2026-10-08 08:30:50,1148307,5404894,Game 2: Both Teams Slay Baron Nashor?,prop,2,2026-10-08 11:00:00,149.2,Yes,24002217051023497028843055051740602668360567145344258813655890905144388857189,0.01,0.99,0.5,0.98,0.96,0.96,0.96,95.03,95.03,95.03,1,1,
2026-10-08 08:30:50,1148307,5404894,Game 2: Both Teams Slay Baron Nashor?,prop,2,2026-10-08 11:00:00,149.2,No,13995565777178753484333200813048400156677948870148841160326134507095973079674,0.01,0.99,0.5,0.98,0.96,0.96,0.96,95.03,95.03,95.03,1,1,
2026-10-08 08:30:50,1148307,5404895,Game 2: Both Teams Slay a Dragon?,prop,2,2026-10-08 11:00:00,149.2,Yes,87951179241092659469855247922889358752935956201755652523123596500187396758898,0.01,0.99,0.5,0.98,0.96,0.96,0.96,95.03,95.03,95.03,1,1,
2026-10-08 08:30:50,1148307,5404895,Game 2: Both Teams Slay a Dragon?,prop,2,2026-10-08 11:00:00,149.2,No,63051149002651026428257656835731977521121887147535163328848232154543149389715,0.01,0.99,0.5,0.98,0.96,0.96,0.96,95.03,95.03,95.03,1,1,
2026-10-08 08:30:50,1148307,5404896,Game 2: Both Teams Destroy Inhibitors?,prop,2,2026-10-08 11:00:00,149.2,Yes,96137305008861236030593762014296996432887811297791540624336647399843707646416,0.01,0.99,0.5,0.98,0.96,0.96,0.96,95.03,95.03,95.03,1,1,
2026-10-08 08:30:50,1148307,5404896,Game 2: Both Teams Destroy Inhibitors?,prop,2,2026-10-08 11:00:00,149.2,No,43238797551436679778118937436491141331494992155787270355211539426479073971277,0.01,0.99,0.5,0.98,0.96,0.96,0.96,95.03,95.03,95.03,1,1,
2026-10-08 08:30:50,1148307,5404897,Game 2: Any Player Quadra Kill?,prop,2,2026-10-08 11:00:00,149.2,Yes,74959688715154827114846736340358917074714204626175195218241111942849781487026,,,,,0.0,0.0,0.0,0.0,0.0,0.0,0,0,
2026-10-08 08:30:50,1148307,5404897,Game 2: Any Player Quadra Kill?,prop,2,2026-10-08 11:00:00,149.2,No,2460398514354912045306958082260087952843538412872036050394132451983842773854,,,,,0.0,0.0,0.0,0.0,0.0,0.0,0,0,
2026-10-08 08:30:50,1148307,5404898,Game 2: Any Player Penta Kill?,prop,2,2026-10-08 11:00:00,149.2,Yes,56373236142180634396486709092620664373645805464949373627238406554097932862901,,,,,0.0,0.0,0.0,0.0,0.0,0.0,0,0,
2026-10-08 08:30:50,1148307,5404898,Game 2: Any Player Penta Kill?,prop,2,2026-10-08 11:00:00,149.2,No,7828408591025876186711733192097307021902057869329943952370377207722701160942,,,,,0.0,0.0,0.0,0.0,0.0,0.0,0,0,
2026-10-08 08:30:50,1148307,5404899,Game 2: Odd/Even Total Kills?,odd_even,2,2026-10-08 11:00:00,149.2,Odd,87497128162321202733473376739958105323083604163378884388315783923511297024300,0.49,0.51,0.5,0.02,98.0,98.0,98.0,102.0,102.0,102.0,8,8,
2026-10-08 08:30:50,1148307,5404899,Game 2: Odd/Even Total Kills?,odd_even,2,2026-10-08 11:00:00,149.2,Even,87223690454521456657921603302957448641574969273408207317491390350432812611460,0.49,0.51,0.5,0.02,98.0,98.0,98.0,102.0,102.0,102.0,8,8,
2026-10-08 08:30:50,1148307,5404900,Game 3: Both Teams Slay Baron Nashor?,prop,3,2026-10-08 11:00:00,149.2,Yes,8415535589956025738423171300817185288331400597305987967409404165209120996680,0.01,0.99,0.5,0.98,0.96,0.96,0.96,95.03,95.03,95.03,1,1,
2026-10-08 08:30:50,1148307,5404900,Game 3: Both Teams Slay Baron Nashor?,prop,3,2026-10-08 11:00:00,149.2,No,91134166934846974647494433782756233904190946992589582024576743635928182961309,0.01,0.99,0.5,0.98,0.96,0.96,0.96,95.03,95.03,95.03,1,1,
2026-10-08 08:30:50,1148307,5404901,Game 3: Both Teams Slay a Dragon?,prop,3,2026-10-08 11:00:00,149.2,Yes,33075666909920724502309267909075697923817334211358587238313557052767699541390,0.01,0.99,0.5,0.98,0.96,0.96,0.96,95.03,95.03,95.03,1,1,
2026-10-08 08:30:50,1148307,5404901,Game 3: Both Teams Slay a Dragon?,prop,3,2026-10-08 11:00:00,149.2,No,97527007431265098087434899057500996142652577163847389629195745718234009378519,0.01,0.99,0.5,0.98,0.96,0.96,0.96,95.03,95.03,95.03,1,1,
2026-10-08 08:30:50,1148307,5404902,Game 3: Both Teams Destroy Inhibitors?,prop,3,2026-10-08 11:00:00,149.2,Yes,74272062088027947016197201019579668271422367894876079358489558223743815328435,0.01,0.99,0.5,0.98,0.96,0.96,0.96,95.04,95.04,95.04,1,1,
2026-10-08 08:30:50,1148307,5404902,Game 3: Both Teams Destroy Inhibitors?,prop,3,2026-10-08 11:00:00,149.2,No,30511242141346713825988158388132468183945042051025453257060935699591339233482,0.01,0.99,0.5,0.98,0.96,0.96,0.96,95.03,95.03,95.03,1,1,
2026-10-08 08:30:50,1148307,5404903,Game 3: Any Player Quadra Kill?,prop,3,2026-10-08 11:00:00,149.2,Yes,50093891584730121757717149404198251799603520164764296057954681815918236032630,,,,,0.0,0.0,0.0,0.0,0.0,0.0,0,0,
2026-10-08 08:30:50,1148307,5404903,Game 3: Any Player Quadra Kill?,prop,3,2026-10-08 11:00:00,149.2,No,53246150542620911276509028037763437255110534765986470702009512983524135831471,,,,,0.0,0.0,0.0,0.0,0.0,0.0,0,0,
2026-10-08 08:30:50,1148307,5404904,Game 3: Any Player Penta Kill?,prop,3,2026-10-08 11:00:00,149.2,Yes,38455077511132678464201194601271244297136118318363870792375439294122420180062,,,,,0.0,0.0,0.0,0.0,0.0,0.0,0,0,
2026-10-08 08:30:50,1148307,5404904,Game 3: Any Player Penta Kill?,prop,3,2026-10-08 11:00:00,149.2,No,83050424920607872164628089425033213428337271874658851017287406413318962784763,,,,,0.0,0.0,0.0,0.0,0.0,0.0,0,0,
2026-10-08 08:30:50,1148307,5404905,Game 3: Odd/Even Total Kills?,odd_even,3,2026-10-08 11:00:00,149.2,Odd,65013896097962156655696963713970385758694162787094209601841604255352651101111,0.49,0.51,0.5,0.02,98.0,98.0,98.0,102.0,102.0,102.0,8,8,
2026-10-08 08:30:50,1148307,5404905,Game 3: Odd/Even Total Kills?,odd_even,3,2026-10-08 11:00:00,149.2,Even,40461083361858627601804816167324070220133450007595697234416563963374935501704,0.49,0.51,0.5,0.02,98.0,98.0,98.0,102.0,102.0,102.0,8,8,
2026-10-08 08:30:50,1148307,5405561,First Blood in Game 1?,first_blood,1,2026-10-08 11:00:00,149.2,Natus Vincere,39954278548663231593937352846446410964360539959221260671015566567682094762955,0.09,0.96,0.525,0.87,270.4,270.4,270.4,2901.48,2930.73,2930.73,3,3,
2026-10-08 08:30:50,1148307,5405561,First Blood in Game 1?,first_blood,1,2026-10-08 11:00:00,149.2,JD Gaming,113903488508673755213241088082938661566946950312223036053764774647645515833799,0.04,0.91,0.475,0.87,120.66,120.96,120.96,2734.63,2734.63,2734.63,3,3,
2026-10-08 08:30:50,1148307,5405560,First Blood in Game 2?,first_blood,2,2026-10-08 11:00:00,149.2,Natus Vincere,72409514420431402308521490594626679316503164386610393367904801924004971642141,0.08,0.89,0.485,0.81,240.4,243.4,255.66,2674.5,2674.5,2674.5,6,3,
2026-10-08 08:30:50,1148307,5405560,First Blood in Game 2?,first_blood,2,2026-10-08 11:00:00,149.2,JD Gaming,54242580759438248587125368957795265313455818464390519844755102863405906745826,0.11,0.92,0.515,0.81,330.5,330.5,330.5,2765.36,2822.36,3174.95,3,6,
2026-10-08 08:30:50,1148307,5405563,Total Kills Over/Under 27.5 in Game 1?,total_kills,1,2026-10-08 11:00:00,149.2,Over,48535364230516699695569920120640025312616366139535973806349798501533511344447,0.42,0.45,0.435,0.03,4.2,18.2,217.85,165.55,414.05,749.8,24,25,52.061225
2026-10-08 08:30:50,1148307,5405563,Total Kills Over/Under 27.5 in Game 1?,total_kills,1,2026-10-08 11:00:00,149.2,Under,90616294397336980355359054125540142053093677993443928520458274590027044606218,0.55,0.58,0.565,0.03,194.45,470.95,810.2,5.8,26.8,357.15,25,24,52.061225
2026-10-08 08:30:50,1148307,5405562,Total Kills Over/Under 27.5 in Game 2?,total_kills,2,2026-10-08 11:00:00,149.2,Over,52085845923858446993308637551380830977553750239790587730144480881841351308886,0.42,0.48,0.45,0.06,147.65,485.9,485.9,412.94,839.69,839.69,24,23,2.104167
2026-10-08 08:30:50,1148307,5405562,Total Kills Over/Under 27.5 in Game 2?,total_kills,2,2026-10-08 11:00:00,149.2,Under,90899590131632860263023297417462596981736588409072677110437833718795273896632,0.52,0.58,0.55,0.06,429.95,853.2,853.2,212.35,724.1,724.1,23,24,2.104167
2026-10-08 08:30:50,1148307,5405914,Total Kills Over/Under 30.5 in Game 1?,total_kills,1,2026-10-08 11:00:00,149.2,Over,97030117411905741746034004955390015340834764977139721577021933547208334135994,0.25,0.33,0.29,0.08,121.25,250.25,289.0,122.35,421.6,421.6,18,27,
2026-10-08 08:30:50,1148307,5405914,Total Kills Over/Under 30.5 in Game 1?,total_kills,1,2026-10-08 11:00:00,149.2,Under,98439281319897867955108264777439661350666516876122725059670445381962941064071,0.67,0.75,0.71,0.08,237.65,788.4,788.4,383.75,825.2,971.45,27,18,
2026-10-08 08:30:50,1148307,5405915,Total Kills Over/Under 30.5 in Game 2?,total_kills,2,2026-10-08 11:00:00,149.2,Over,81205211164833106086926553405951741152557835749941458520443647165184918626931,0.27,0.34,0.305,0.07,92.35,309.1,309.1,178.45,369.2,435.7,18,28,
2026-10-08 08:30:50,1148307,5405915,Total Kills Over/Under 30.5 in Game 2?,total_kills,2,2026-10-08 11:00:00,149.2,Under,115325064661699653330001106119291329343627686467203366603851187849553201223598,0.66,0.73,0.695,0.07,331.55,665.8,774.3,262.65,920.9,920.9,28,18,
2026-10-08 08:30:50,1148307,5423258,Total Kills Over/Under 24.5 in Game 2?,total_kills,2,2026-10-08 11:00:00,149.2,Over,37167055865851235576099593853892627762121282587655398772688543038307519810688,0.57,0.65,0.61,0.08,481.65,672.4,672.4,567.44,803.69,803.69,20,23,5.166667
2026-10-08 08:30:50,1148307,5423258,Total Kills Over/Under 24.5 in Game 2?,total_kills,2,2026-10-08 11:00:00,149.2,Under,55097596303571781087824414885396521659192103835965352765537122995508450028382,0.35,0.43,0.39,0.08,292.39,406.14,406.14,378.35,537.6,537.6,23,20,5.166667
2026-10-08 08:30:50,1148307,5423259,Total Kills Over/Under 24.5 in Game 1?,total_kills,1,2026-10-08 11:00:00,149.2,Over,28904832491941503700663460993072572630525693146299568501914429939877220893357,0.59,0.62,0.605,0.03,61.24,61.24,250.24,226.74,452.49,452.49,23,22,110.346647
2026-10-08 08:30:50,1148307,5423259,Total Kills Over/Under 24.5 in Game 1?,total_kills,1,2026-10-08 11:00:00,149.2,Under,29646559824616558549438909849092608685527763028810725261629290474672186084455,0.38,0.41,0.395,0.03,133.25,257.5,257.5,44.26,44.26,205.26,22,23,110.346647
2026-10-08 08:30:50,1148308,5404906,LoL: FlyQuest vs RED Canids - Game 1 Winner,map,1,2026-10-08 09:00:00,29.2,FlyQuest,35901205032623735268297159373854013485835394816370012929231306335622485793750,0.77,0.78,0.775,0.01,3391.73,9397.43,11450.43,10684.17,18725.92,19484.42,47,17,20223.779755
2026-10-08 08:30:50,1148308,5404906,LoL: FlyQuest vs RED Canids - Game 1 Winner,map,1,2026-10-08 09:00:00,29.2,RED Canids,46959966328902405548967099090675247646522131868286951166007916047112625946771,0.22,0.23,0.225,0.01,2925.43,4900.68,5067.18,1022.47,3026.77,3798.77,17,47,20223.779755
2026-10-08 08:30:50,1148308,5404907,LoL: FlyQuest vs RED Canids - Game 2 Winner,map,2,2026-10-08 09:00:00,29.2,FlyQuest,102705729593580582941292063731196380555655499854668999234354456019394437271414,0.76,0.77,0.765,0.01,5986.55,7337.05,8659.8,11930.31,13650.31,15158.06,29,14,1938.206759
2026-10-08 08:30:50,1148308,5404907,LoL: FlyQuest vs RED Canids - Game 2 Winner,map,2,2026-10-08 09:00:00,29.2,RED Canids,27614085125502191380572949082395562109831414758987721472040563612169863351423,0.23,0.24,0.235,0.01,3559.78,3989.78,4332.03,1900.8,2400.3,2927.55,14,29,1938.206759
2026-10-08 08:30:50,1148308,5404908,LoL: FlyQuest vs RED Canids (BO3) - Demacia Cup Global Invitational Group Stage,series,,2026-10-08 09:00:00,29.2,FlyQuest,28518360165695557583903719028319120247176221363195056791718448068444835437482,0.85,0.86,0.855,0.01,52488.41,60986.41,62648.61,17122.11,27377.25,32268.25,58,14,111398.21079299995
2026-10-08 08:30:50,1148308,5404908,LoL: FlyQuest vs RED Canids (BO3) - Demacia Cup Global Invitational Group Stage,series,,2026-10-08 09:00:00,29.2,RED Canids,54912072942903637739745651431855766235331068047661668863630875746511275132590,0.14,0.15,0.145,0.01,2697.65,3973.45,4482.45,9825.92,11593.9,11996.7,14,58,111398.21079299995
2026-10-08 08:30:50,1148308,5404909,Games Total: O/U 2.5,total_games,,2026-10-08 09:00:00,29.2,Over,56396522594541620386382580920149664690199439367665945430598434295098013100054,0.33,0.34,0.335,0.01,8384.32,9939.66,10447.56,115.56,1046.21,2140.91,13,24,1138.0223369999999
2026-10-08 08:30:50,1148308,5404909,Games Total: O/U 2.5,total_games,,2026-10-08 09:00:00,29.2,Under,88035134603274302273941406001237957053049947923290357276449697073322020485412,0.66,0.67,0.665,0.01,214.77,1815.73,3576.03,17804.66,21302.99,22565.09,24,13,1138.0223369999999
2026-10-08 08:30:50,1148308,5404910,Game Handicap: FLY (-1.5) vs RED Canids (+1.5),handicap,,2026-10-08 09:00:00,29.2,FlyQuest,48219698202015119540444241707388270670432868887710554974307512038078556741507,0.6,0.61,0.605,0.01,28249.84,30671.16,31869.71,36383.68,38410.1,40051.06,31,18,51865.92690600001
2026-10-08 08:30:50,1148308,5404910,Game Handicap: FLY (-1.5) vs RED Canids (+1.5),handicap,,2026-10-08 09:00:00,29.2,RED Canids,82368981386306518794044324457136530073801135428324653721332073630867083598891,0.39,0.4,0.395,0.01,23232.56,24405.14,25283.89,19338.48,21154.44,22115.89,18,31,51865.92690600001
2026-10-08 08:30:50,1148308,5404911,Game 1: Both Teams Slay Baron Nashor?,prop,1,2026-10-08 09:00:00,29.2,Yes,36206915208787149636654297305868477391988108176413697380471993153115689941856,0.01,0.99,0.5,0.98,0.96,0.96,0.96,95.03,95.03,95.03,1,1,
2026-10-08 08:30:50,1148308,5404911,Game 1: Both Teams Slay Baron Nashor?,prop,1,2026-10-08 09:00:00,29.2,No,58614510157715987034594870174632436579197539745317487794905865301266664175791,0.01,0.99,0.5,0.98,0.96,0.96,0.96,95.04,95.04,95.04,1,1,
2026-10-08 08:30:50,1148308,5404912,Game 1: Both Teams Slay a Dragon?,prop,1,2026-10-08 09:00:00,29.2,Yes,44587398300757456902086063141568406274818862960778105087722359976257785012097,0.01,0.99,0.5,0.98,0.96,0.96,0.96,95.04,95.04,95.04,1,1,
2026-10-08 08:30:50,1148308,5404912,Game 1: Both Teams Slay a Dragon?,prop,1,2026-10-08 09:00:00,29.2,No,71253872090200386229354035812343740537141170710492379972430681869479643357171,0.01,0.99,0.5,0.98,0.96,0.96,0.96,95.03,95.03,95.03,1,1,
2026-10-08 08:30:50,1148308,5404913,Game 1: Both Teams Destroy Inhibitors?,prop,1,2026-10-08 09:00:00,29.2,Yes,87739093055263949869982634417925068142805113365816587779715363542935040633661,0.01,0.99,0.5,0.98,0.96,0.96,0.96,95.03,95.03,95.03,1,1,
2026-10-08 08:30:50,1148308,5404913,Game 1: Both Teams Destroy Inhibitors?,prop,1,2026-10-08 09:00:00,29.2,No,101690123914603788577424535151540729602757109084253175239426180794562335936102,0.01,0.99,0.5,0.98,0.96,0.96,0.96,95.04,95.04,95.04,1,1,
2026-10-08 08:30:50,1148308,5404914,Game 1: Any Player Quadra Kill?,prop,1,2026-10-08 09:00:00,29.2,Yes,103065501608158275003054705644269376534839776303294033738749838666246886011460,,,,,0.0,0.0,0.0,0.0,0.0,0.0,0,0,
2026-10-08 08:30:50,1148308,5404914,Game 1: Any Player Quadra Kill?,prop,1,2026-10-08 09:00:00,29.2,No,81952778973474125959982010006165441437671723941250372193625543325425372295886,,,,,0.0,0.0,0.0,0.0,0.0,0.0,0,0,
2026-10-08 08:30:50,1148308,5404915,Game 1: Any Player Penta Kill?,prop,1,2026-10-08 09:00:00,29.2,Yes,30997856257119950568796141145422689294375675133207679633162462155530436350372,,0.4,,,0.0,0.0,0.0,2.0,2.0,2.0,0,1,
2026-10-08 08:30:50,1148308,5404915,Game 1: Any Player Penta Kill?,prop,1,2026-10-08 09:00:00,29.2,No,107736122061818807691580901952087243115409516237677647423144139460699361111212,0.6,,,,3.0,3.0,3.0,0.0,0.0,0.0,1,0,
2026-10-08 08:30:50,1148308,5404916,Game 1: Odd/Even Total Kills?,odd_even,1,2026-10-08 09:00:00,29.2,Odd,99988972205326537139100200548153787457822129817769249325209112277070894756728,0.49,0.51,0.5,0.02,98.0,98.0,98.0,102.0,102.0,102.0,4,4,
2026-10-08 08:30:50,1148308,5404916,Game 1: Odd/Even Total Kills?,odd_even,1,2026-10-08 09:00:00,29.2,Even,59750816069602470429211541876147724518330617907225660391291853671459286883319,0.49,0.51,0.5,0.02,98.0,98.0,98.0,102.0,102.0,102.0,4,4,
2026-10-08 08:30:50,1148308,5404917,Game 2: Both Teams Slay Baron Nashor?,prop,2,2026-10-08 09:00:00,29.2,Yes,9112525753521290789870254090194822931120524725776756276916992476354627102322,0.01,0.99,0.5,0.98,0.96,0.96,0.96,95.03,95.03,95.03,1,1,
2026-10-08 08:30:50,1148308,5404917,Game 2: Both Teams Slay Baron Nashor?,prop,2,2026-10-08 09:00:00,29.2,No,63809538418156703802068928338832144360465078907742978250505991884827907730213,0.01,0.99,0.5,0.98,0.96,0.96,0.96,95.04,95.04,95.04,1,1,
2026-10-08 08:30:50,1148308,5404918,Game 2: Both Teams Slay a Dragon?,prop,2,2026-10-08 09:00:00,29.2,Yes,33909764286783667384918181360221870418048495445044283943075406093342542367918,0.01,0.99,0.5,0.98,0.96,0.96,0.96,95.04,95.04,95.04,1,1,
2026-10-08 08:30:50,1148308,5404918,Game 2: Both Teams Slay a Dragon?,prop,2,2026-10-08 09:00:00,29.2,No,11194442767926458913347769163154741361366472253254146017489487000279224906368,0.01,0.99,0.5,0.98,0.96,0.96,0.96,95.04,95.04,95.04,1,1,
2026-10-08 08:30:50,1148308,5404919,Game 2: Both Teams Destroy Inhibitors?,prop,2,2026-10-08 09:00:00,29.2,Yes,6181758397561841761365499527217907498525348308281567433246344703320418337810,0.01,0.99,0.5,0.98,0.96,0.96,0.96,95.03,95.03,95.03,1,1,
2026-10-08 08:30:50,1148308,5404919,Game 2: Both Teams Destroy Inhibitors?,prop,2,2026-10-08 09:00:00,29.2,No,48393488076710906941792513244702700272916496358036967926261004646852098468134,0.01,0.99,0.5,0.98,0.96,0.96,0.96,95.04,95.04,95.04,1,1,
2026-10-08 08:30:50,1148308,5404920,Game 2: Any Player Quadra Kill?,prop,2,2026-10-08 09:00:00,29.2,Yes,108056427106595099042541773956476353260822841597968828301707796207543533837474,,,,,0.0,0.0,0.0,0.0,0.0,0.0,0,0,
2026-10-08 08:30:50,1148308,5404920,Game 2: Any Player Quadra Kill?,prop,2,2026-10-08 09:00:00,29.2,No,22767030052961639164631144184274712425335907690658420766648555692802868956708,,,,,0.0,0.0,0.0,0.0,0.0,0.0,0,0,
2026-10-08 08:30:50,1148308,5404921,Game 2: Any Player Penta Kill?,prop,2,2026-10-08 09:00:00,29.2,Yes,49131421734778128343682566825062900414732156991730545429069744329878965275112,,,,,0.0,0.0,0.0,0.0,0.0,0.0,0,0,
2026-10-08 08:30:50,1148308,5404921,Game 2: Any Player Penta Kill?,prop,2,2026-10-08 09:00:00,29.2,No,92401306050638467820110454865360582465054298762613346327949605609921656213102,,,,,0.0,0.0,0.0,0.0,0.0,0.0,0,0,
2026-10-08 08:30:50,1148308,5404922,Game 2: Odd/Even Total Kills?,odd_even,2,2026-10-08 09:00:00,29.2,Odd,85731999971202447894550171680121388629555947299240511620121691003564435820507,0.49,0.51,0.5,0.02,98.0,98.0,98.0,102.0,102.0,102.0,4,4,
2026-10-08 08:30:50,1148308,5404922,Game 2: Odd/Even Total Kills?,odd_even,2,2026-10-08 09:00:00,29.2,Even,13538183296179639195478460624833761468833364155744839424781362957788033360690,0.49,0.51,0.5,0.02,98.0,98.0,98.0,102.0,102.0,102.0,4,4,
2026-10-08 08:30:50,1148308,5404923,Game 3: Both Teams Slay Baron Nashor?,prop,3,2026-10-08 09:00:00,29.2,Yes,92989560996857667890729283921447898373493970820290987136211100949365545782988,0.01,0.99,0.5,0.98,0.96,0.96,0.96,95.04,95.04,95.04,1,1,
2026-10-08 08:30:50,1148308,5404923,Game 3: Both Teams Slay Baron Nashor?,prop,3,2026-10-08 09:00:00,29.2,No,75994031747363579859735659870450476883234748727535374370168348582180784661838,0.01,0.99,0.5,0.98,0.96,0.96,0.96,95.04,95.04,95.04,1,1,
2026-10-08 08:30:50,1148308,5404924,Game 3: Both Teams Slay a Dragon?,prop,3,2026-10-08 09:00:00,29.2,Yes,64327937981651923408395421946098535268234192419012324397366005299661492204658,0.01,0.99,0.5,0.98,0.96,0.96,0.96,95.04,95.04,95.04,1,1,
2026-10-08 08:30:50,1148308,5404924,Game 3: Both Teams Slay a Dragon?,prop,3,2026-10-08 09:00:00,29.2,No,7457246009738625317067306997684526577392206077651240971103396942185250309092,0.01,0.99,0.5,0.98,0.96,0.96,0.96,95.03,95.03,95.03,1,1,
2026-10-08 08:30:50,1148308,5404925,Game 3: Both Teams Destroy Inhibitors?,prop,3,2026-10-08 09:00:00,29.2,Yes,8412197124798992140037356591614322789179987210785494712822821077167847274063,0.02,0.99,0.505,0.97,1.92,1.92,1.92,95.03,95.03,95.03,2,1,
2026-10-08 08:30:50,1148308,5404925,Game 3: Both Teams Destroy Inhibitors?,prop,3,2026-10-08 09:00:00,29.2,No,50533522468612415356963355379941197513142865499569736780705485712949352818578,0.01,0.98,0.495,0.97,0.96,0.96,0.96,150.57,150.57,150.57,1,2,
2026-10-08 08:30:50,1148308,5404926,Game 3: Any Player Quadra Kill?,prop,3,2026-10-08 09:00:00,29.2,Yes,61465228904331201637639579471950492837315779233249784975327849971378009340383,,,,,0.0,0.0,0.0,0.0,0.0,0.0,0,0,
2026-10-08 08:30:50,1148308,5404926,Game 3: Any Player Quadra Kill?,prop,3,2026-10-08 09:00:00,29.2,No,108818691178412873645914816514140857956222060250699528394576561261021367458144,,,,,0.0,0.0,0.0,0.0,0.0,0.0,0,0,
2026-10-08 08:30:50,1148308,5404927,Game 3: Any Player Penta Kill?,prop,3,2026-10-08 09:00:00,29.2,Yes,63580985801632133397165503570496737514472691677139832475950047775628793599059,,,,,0.0,0.0,0.0,0.0,0.0,0.0,0,0,
2026-10-08 08:30:50,1148308,5404927,Game 3: Any Player Penta Kill?,prop,3,2026-10-08 09:00:00,29.2,No,105450468740574693117207078769841989686480321599945901454155406896757277590207,,,,,0.0,0.0,0.0,0.0,0.0,0.0,0,0,
2026-10-08 08:30:50,1148308,5404928,Game 3: Odd/Even Total Kills?,odd_even,3,2026-10-08 09:00:00,29.2,Odd,23951389524829733992524271159321709044146488279302308559414473153111056544282,0.05,0.94,0.495,0.89,3.46,19.73,19.96,2827.02,2839.22,3056.29,5,5,
2026-10-08 08:30:50,1148308,5404928,Game 3: Odd/Even Total Kills?,odd_even,3,2026-10-08 09:00:00,29.2,Even,6058401635395593022347006965152997095308447111818946397552023714767354484855,0.06,0.95,0.505,0.89,180.37,180.75,184.96,80.64,790.34,812.67,5,5,
2026-10-08 08:30:50,1148308,5405556,First Blood in Game 1?,first_blood,1,2026-10-08 09:00:00,29.2,FlyQuest,88701631938854123857380263286027814309460636542277002171303099428299986557335,0.02,0.91,0.465,0.89,60.24,60.24,60.24,2734.63,2740.26,2931.07,2,7,
2026-10-08 08:30:50,1148308,5405556,First Blood in Game 1?,first_blood,1,2026-10-08 09:00:00,29.2,RED Canids,21915792120476510605889859183628701065398409389763179141843492496784371267755,0.09,0.98,0.535,0.89,270.4,270.83,279.4,2964.09,2964.09,2964.09,7,2,
2026-10-08 08:30:50,1148308,5405557,First Blood in Game 2?,first_blood,2,2026-10-08 09:00:00,29.2,FlyQuest,89886616504273725880048816723452801161342233385660906516457261355901510387421,0.04,0.96,0.5,0.92,120.66,120.96,120.96,2901.39,2930.93,2930.93,3,3,
2026-10-08 08:30:50,1148308,5405557,First Blood in Game 2?,first_blood,2,2026-10-08 09:00:00,29.2,RED Canids,93444852866459917870049695118109280020970702839814924743605418883017220888522,0.04,0.96,0.5,0.92,120.66,120.96,120.96,2901.39,2930.93,2930.93,3,3,
2026-10-08 08:30:50,1148308,5405558,Total Kills Over/Under 27.5 in Game 1?,total_kills,1,2026-10-08 09:00:00,29.2,Over,7013679442395800020902316136931101924584607350791963396908082239753537538453,0.5,0.54,0.52,0.04,525.18,765.18,2804.93,269.09,367.09,657.09,18,18,58.663773
2026-10-08 08:30:50,1148308,5405558,Total Kills Over/Under 27.5 in Game 1?,total_kills,1,2026-10-08 09:00:00,29.2,Under,67212003858018753700192211509141328591002970091409621722992859823164531040484,0.46,0.5,0.48,0.04,225.99,302.99,512.99,546.42,806.42,3291.67,18,18,58.663773
2026-10-08 08:30:50,1148308,5405559,Total Kills Over/Under 27.5 in Game 2?,total_kills,2,2026-10-08 09:00:00,29.2,Over,15581680017747400017541430974710675745017878813387670303347894963087073194030,0.5,0.54,0.52,0.04,263.57,509.89,2549.64,190.4,388.15,678.15,18,18,19.23077
2026-10-08 08:30:50,1148308,5405559,Total Kills Over/Under 27.5 in Game 2?,total_kills,2,2026-10-08 09:00:00,29.2,Under,74944559345525909480275106343873542862465438456588649343432161688817458401918,0.46,0.5,0.48,0.04,156.02,308.27,518.27,273.83,540.68,3025.93,18,18,19.23077
2026-10-08 08:30:50,1148308,5405779,Total Kills Over/Under 30.5 in Game 1?,total_kills,1,2026-10-08 09:00:00,29.2,Over,93036542621585369358702887102567509417101329566222757193240857922327470770225,0.32,0.36,0.34,0.04,312.17,364.67,364.67,34.19,48.46,177.65,13,25,203.895211
2026-10-08 08:30:50,1148308,5405779,Total Kills Over/Under 30.5 in Game 1?,total_kills,1,2026-10-08 09:00:00,29.2,Under,5482001955496204670758799409021733428676049158616757213411054763708130847529,0.64,0.68,0.66,0.04,60.62,83.92,269.81,668.99,791.49,791.49,25,13,203.895211
2026-10-08 08:30:50,1148308,5405780,Total Kills Over/Under 30.5 in Game 2?,total_kills,2,2026-10-08 09:00:00,29.2,Over,22130051959353700515940091071552463325679289116918072404594120340500971454682,0.32,0.4,0.36,0.08,336.06,388.56,388.56,139.44,498.19,498.19,12,21,
2026-10-08 08:30:50,1148308,5405780,Total Kills Over/Under 30.5 in Game 2?,total_kills,2,2026-10-08 09:00:00,29.2,Under,3114640539595181382416908227498083389920809912807060969585819053675986134680,0.6,0.68,0.64,0.08,200.82,692.07,692.07,720.0,842.5,842.5,21,12,
2026-10-08 08:30:50,1148308,5407712,Total Kills Over/Under 24.5 in Game 1?,total_kills,1,2026-10-08 09:00:00,29.2,Over,28857526194148558157275309219406102185660369769885795340680135948903239146610,0.64,0.68,0.66,0.04,929.66,929.66,932.61,267.73,515.17,887.66,23,16,1032.25906
2026-10-08 08:30:50,1148308,5407712,Total Kills Over/Under 24.5 in Game 1?,total_kills,1,2026-10-08 09:00:00,29.2,Under,28600261298056395246374487940319278130562350170307068709031229179551350421438,0.32,0.36,0.34,0.04,123.29,226.88,364.65,542.18,542.18,544.23,16,23,1032.25906
2026-10-08 08:30:50,1148308,5407713,Total Kills Over/Under 24.5 in Game 2?,total_kills,2,2026-10-08 09:00:00,29.2,Over,72157706177674091337028392676304565737862550924476902198914893635804728046111,0.63,0.69,0.66,0.06,491.5,491.5,799.5,355.45,479.7,911.72,18,15,267.515152
2026-10-08 08:30:50,1148308,5407713,Total Kills Over/Under 24.5 in Game 2?,total_kills,2,2026-10-08 09:00:00,29.2,Under,102295770535931025221344642798097385229480497332826535385997635479155099530480,0.31,0.37,0.34,0.06,157.03,207.78,366.32,288.81,288.81,505.81,15,18,267.515152
2026-10-08 08:36:40,1148307,5404883,LoL: Natus Vincere vs JD Gaming - Game 1 Winner,map,1,2026-10-08 11:00:00,143.3,Natus Vincere,38348624269695075769678589081011142734195331893505590105975670194453049807294,0.33,0.34,0.335,0.01,279.71,3745.25,5487.15,6280.7,7460.5,9146.75,26,41,5905.817934999997
2026-10-08 08:36:40,1148307,5404883,LoL: Natus Vincere vs JD Gaming - Game 1 Winner,map,1,2026-10-08 11:00:00,143.3,JD Gaming,47336520694611758956763599979420485394357717795257539968819272579111558380357,0.66,0.67,0.665,0.01,12175.39,14195.59,16884.34,570.33,8324.07,12692.16,41,26,5905.817934999997
2026-10-08 08:36:40,1148307,5404884,LoL: Natus Vincere vs JD Gaming - Game 2 Winner,map,2,2026-10-08 11:00:00,143.3,Natus Vincere,87959431582496129697040551450818191945945976170075660791915226612682039665158,0.32,0.33,0.325,0.01,3304.4,4813.37,5783.37,5723.96,5889.16,7677.76,23,30,272.087069
2026-10-08 08:36:40,1148307,5404884,LoL: Natus Vincere vs JD Gaming - Game 2 Winner,map,2,2026-10-08 11:00:00,143.3,JD Gaming,94422500780678149625748346033264177079239362302943886164146824243372804193816,0.67,0.68,0.675,0.01,11614.52,11909.32,14900.72,7329.34,10953.63,13483.63,30,23,272.087069
2026-10-08 08:36:40,1148307,5404885,LoL: Natus Vincere vs JD Gaming (BO3) - Demacia Cup Global Invitational Group Stage,series,,2026-10-08 11:00:00,143.3,Natus Vincere,88721751813598262325328365311926266077061533986976804346604236532100561776809,0.26,0.27,0.265,0.01,38342.32,56742.58,61319.58,33254.41,35471.4,42116.4,24,43,452114.30428500037
2026-10-08 08:36:40,1148307,5404885,LoL: Natus Vincere vs JD Gaming (BO3) - Demacia Cup Global Invitational Group Stage,series,,2026-10-08 11:00:00,143.3,JD Gaming,10427010144076895779113784138487375790125311338333304061217810564593520103505,0.73,0.74,0.735,0.01,89454.27,94657.25,109362.24,111767.16,170532.03,187155.03,43,24,452114.30428500037
2026-10-08 08:36:40,1148307,5404886,Games Total: O/U 2.5,total_games,,2026-10-08 11:00:00,143.3,Over,67319386612700317064537025541951970820312173079847762641551680943418033620540,0.43,0.45,0.44,0.02,312.62,4503.53,6424.9,700.15,2860.58,8031.78,26,26,3626.570674
2026-10-08 08:36:40,1148307,5404886,Games Total: O/U 2.5,total_games,,2026-10-08 11:00:00,143.3,Under,29448735116962792109155675357009537134205902867220801681097871188851805114539,0.55,0.57,0.56,0.02,822.28,3215.85,8434.65,421.37,6687.62,9782.89,26,26,3626.570674
2026-10-08 08:36:40,1148307,5404887,Game Handicap: JDG (-1.5) vs Natus Vincere (+1.5),handicap,,2026-10-08 11:00:00,143.3,JD Gaming,110067468832368260357577297984483126865587113937877318219324867014348841729016,0.47,0.48,0.475,0.01,26352.97,26395.54,27114.69,27296.82,37664.32,43254.32,33,34,33841.26449499999
2026-10-08 08:36:40,1148307,5404887,Game Handicap: JDG (-1.5) vs Natus Vincere (+1.5),handicap,,2026-10-08 11:00:00,143.3,Natus Vincere,14437982035569027785390070377286310134750267492193830921742033447062481853909,0.52,0.53,0.525,0.01,29519.33,39850.83,44960.83,30045.23,30098.55,31084.4,34,33,33841.26449499999
2026-10-08 08:36:40,1148307,5404888,Game 1: Both Teams Slay Baron Nashor?,prop,1,2026-10-08 11:00:00,143.3,Yes,79604320599484937446920520257191342625812402358060755302287144271719662864728,0.01,0.99,0.5,0.98,0.96,0.96,0.96,95.03,95.03,95.03,1,1,
2026-10-08 08:36:40,1148307,5404888,Game 1: Both Teams Slay Baron Nashor?,prop,1,2026-10-08 11:00:00,143.3,No,27805282413642068680544580167896751521079767729350901507898312542298705336570,0.01,0.99,0.5,0.98,0.96,0.96,0.96,95.03,95.03,95.03,1,1,
2026-10-08 08:36:40,1148307,5404889,Game 1: Both Teams Slay a Dragon?,prop,1,2026-10-08 11:00:00,143.3,Yes,50830576610900226200486445975820337784735228995506298413441021067557345596998,0.01,0.99,0.5,0.98,0.96,0.96,0.96,95.03,95.03,95.03,1,1,
2026-10-08 08:36:40,1148307,5404889,Game 1: Both Teams Slay a Dragon?,prop,1,2026-10-08 11:00:00,143.3,No,109076753479614271412344886650197792177153894471859230057368243687998817656486,0.01,0.99,0.5,0.98,0.96,0.96,0.96,95.03,95.03,95.03,1,1,
2026-10-08 08:36:40,1148307,5404890,Game 1: Both Teams Destroy Inhibitors?,prop,1,2026-10-08 11:00:00,143.3,Yes,69918937189641018740700288314882303974614480708458522691756517244276605632014,0.01,0.99,0.5,0.98,0.96,0.96,0.96,95.03,95.03,95.03,1,1,
2026-10-08 08:36:40,1148307,5404890,Game 1: Both Teams Destroy Inhibitors?,prop,1,2026-10-08 11:00:00,143.3,No,101356982471427373646328861446887533831812412809111783332092825000982053347279,0.01,0.99,0.5,0.98,0.96,0.96,0.96,95.03,95.03,95.03,1,1,
2026-10-08 08:36:40,1148307,5404891,Game 1: Any Player Quadra Kill?,prop,1,2026-10-08 11:00:00,143.3,Yes,72983692224213477623728754161733014409651092945442297072361993579040202581149,,,,,0.0,0.0,0.0,0.0,0.0,0.0,0,0,
2026-10-08 08:36:40,1148307,5404891,Game 1: Any Player Quadra Kill?,prop,1,2026-10-08 11:00:00,143.3,No,91420924960672147156295362151973832563996706592728963510345373357539605160858,,,,,0.0,0.0,0.0,0.0,0.0,0.0,0,0,
2026-10-08 08:36:40,1148307,5404892,Game 1: Any Player Penta Kill?,prop,1,2026-10-08 11:00:00,143.3,Yes,52207988569482865533805225985535229211713947353994241907539916407014554278217,,,,,0.0,0.0,0.0,0.0,0.0,0.0,0,0,
2026-10-08 08:36:40,1148307,5404892,Game 1: Any Player Penta Kill?,prop,1,2026-10-08 11:00:00,143.3,No,72930183165818210080301457461439206316992341130443767097946292490277769174765,,,,,0.0,0.0,0.0,0.0,0.0,0.0,0,0,
2026-10-08 08:36:40,1148307,5404893,Game 1: Odd/Even Total Kills?,odd_even,1,2026-10-08 11:00:00,143.3,Odd,64754917371178390513532411361097463006112308825698302653839143288793158715251,0.49,0.51,0.5,0.02,98.0,98.0,98.0,102.0,102.0,102.0,8,8,
2026-10-08 08:36:40,1148307,5404893,Game 1: Odd/Even Total Kills?,odd_even,1,2026-10-08 11:00:00,143.3,Even,27732495799144573478112812114190002001689509176975563473213150267332008462097,0.49,0.51,0.5,0.02,98.0,98.0,98.0,102.0,102.0,102.0,8,8,
2026-10-08 08:36:40,1148307,5404894,Game 2: Both Teams Slay Baron Nashor?,prop,2,2026-10-08 11:00:00,143.3,Yes,24002217051023497028843055051740602668360567145344258813655890905144388857189,0.01,0.99,0.5,0.98,0.96,0.96,0.96,95.03,95.03,95.03,1,1,
2026-10-08 08:36:40,1148307,5404894,Game 2: Both Teams Slay Baron Nashor?,prop,2,2026-10-08 11:00:00,143.3,No,13995565777178753484333200813048400156677948870148841160326134507095973079674,0.01,0.99,0.5,0.98,0.96,0.96,0.96,95.03,95.03,95.03,1,1,
2026-10-08 08:36:40,1148307,5404895,Game 2: Both Teams Slay a Dragon?,prop,2,2026-10-08 11:00:00,143.3,Yes,87951179241092659469855247922889358752935956201755652523123596500187396758898,0.01,0.99,0.5,0.98,0.96,0.96,0.96,95.03,95.03,95.03,1,1,
2026-10-08 08:36:40,1148307,5404895,Game 2: Both Teams Slay a Dragon?,prop,2,2026-10-08 11:00:00,143.3,No,63051149002651026428257656835731977521121887147535163328848232154543149389715,0.01,0.99,0.5,0.98,0.96,0.96,0.96,95.03,95.03,95.03,1,1,
2026-10-08 08:36:40,1148307,5404896,Game 2: Both Teams Destroy Inhibitors?,prop,2,2026-10-08 11:00:00,143.3,Yes,96137305008861236030593762014296996432887811297791540624336647399843707646416,0.01,0.99,0.5,0.98,0.17,0.17,0.17,95.03,95.03,95.03,1,1,
2026-10-08 08:36:40,1148307,5404896,Game 2: Both Teams Destroy Inhibitors?,prop,2,2026-10-08 11:00:00,143.3,No,43238797551436679778118937436491141331494992155787270355211539426479073971277,0.01,0.99,0.5,0.98,0.96,0.96,0.96,16.84,16.84,16.84,1,1,
2026-10-08 08:36:40,1148307,5404897,Game 2: Any Player Quadra Kill?,prop,2,2026-10-08 11:00:00,143.3,Yes,74959688715154827114846736340358917074714204626175195218241111942849781487026,,,,,0.0,0.0,0.0,0.0,0.0,0.0,0,0,
2026-10-08 08:36:40,1148307,5404897,Game 2: Any Player Quadra Kill?,prop,2,2026-10-08 11:00:00,143.3,No,2460398514354912045306958082260087952843538412872036050394132451983842773854,,,,,0.0,0.0,0.0,0.0,0.0,0.0,0,0,
2026-10-08 08:36:40,1148307,5404898,Game 2: Any Player Penta Kill?,prop,2,2026-10-08 11:00:00,143.3,Yes,56373236142180634396486709092620664373645805464949373627238406554097932862901,,,,,0.0,0.0,0.0,0.0,0.0,0.0,0,0,
2026-10-08 08:36:40,1148307,5404898,Game 2: Any Player Penta Kill?,prop,2,2026-10-08 11:00:00,143.3,No,7828408591025876186711733192097307021902057869329943952370377207722701160942,,,,,0.0,0.0,0.0,0.0,0.0,0.0,0,0,
2026-10-08 08:36:40,1148307,5404899,Game 2: Odd/Even Total Kills?,odd_even,2,2026-10-08 11:00:00,143.3,Odd,87497128162321202733473376739958105323083604163378884388315783923511297024300,0.49,0.51,0.5,0.02,98.0,98.0,98.0,102.0,102.0,102.0,8,8,
2026-10-08 08:36:40,1148307,5404899,Game 2: Odd/Even Total Kills?,odd_even,2,2026-10-08 11:00:00,143.3,Even,87223690454521456657921603302957448641574969273408207317491390350432812611460,0.49,0.51,0.5,0.02,98.0,98.0,98.0,102.0,102.0,102.0,8,8,
2026-10-08 08:36:40,1148307,5404900,Game 3: Both Teams Slay Baron Nashor?,prop,3,2026-10-08 11:00:00,143.3,Yes,8415535589956025738423171300817185288331400597305987967409404165209120996680,0.01,0.99,0.5,0.98,0.96,0.96,0.96,95.03,95.03,95.03,1,1,
2026-10-08 08:36:40,1148307,5404900,Game 3: Both Teams Slay Baron Nashor?,prop,3,2026-10-08 11:00:00,143.3,No,91134166934846974647494433782756233904190946992589582024576743635928182961309,0.01,0.99,0.5,0.98,0.96,0.96,0.96,95.03,95.03,95.03,1,1,
2026-10-08 08:36:40,1148307,5404901,Game 3: Both Teams Slay a Dragon?,prop,3,2026-10-08 11:00:00,143.3,Yes,33075666909920724502309267909075697923817334211358587238313557052767699541390,0.01,0.99,0.5,0.98,0.96,0.96,0.96,95.03,95.03,95.03,1,1,
2026-10-08 08:36:40,1148307,5404901,Game 3: Both Teams Slay a Dragon?,prop,3,2026-10-08 11:00:00,143.3,No,97527007431265098087434899057500996142652577163847389629195745718234009378519,0.01,0.99,0.5,0.98,0.96,0.96,0.96,95.03,95.03,95.03,1,1,
2026-10-08 08:36:40,1148307,5404902,Game 3: Both Teams Destroy Inhibitors?,prop,3,2026-10-08 11:00:00,143.3,Yes,74272062088027947016197201019579668271422367894876079358489558223743815328435,0.01,0.99,0.5,0.98,0.96,0.96,0.96,95.04,95.04,95.04,1,1,
2026-10-08 08:36:40,1148307,5404902,Game 3: Both Teams Destroy Inhibitors?,prop,3,2026-10-08 11:00:00,143.3,No,30511242141346713825988158388132468183945042051025453257060935699591339233482,0.01,0.99,0.5,0.98,0.96,0.96,0.96,95.03,95.03,95.03,1,1,
2026-10-08 08:36:40,1148307,5404903,Game 3: Any Player Quadra Kill?,prop,3,2026-10-08 11:00:00,143.3,Yes,50093891584730121757717149404198251799603520164764296057954681815918236032630,,,,,0.0,0.0,0.0,0.0,0.0,0.0,0,0,
2026-10-08 08:36:40,1148307,5404903,Game 3: Any Player Quadra Kill?,prop,3,2026-10-08 11:00:00,143.3,No,53246150542620911276509028037763437255110534765986470702009512983524135831471,,,,,0.0,0.0,0.0,0.0,0.0,0.0,0,0,
2026-10-08 08:36:40,1148307,5404904,Game 3: Any Player Penta Kill?,prop,3,2026-10-08 11:00:00,143.3,Yes,38455077511132678464201194601271244297136118318363870792375439294122420180062,,,,,0.0,0.0,0.0,0.0,0.0,0.0,0,0,
2026-10-08 08:36:40,1148307,5404904,Game 3: Any Player Penta Kill?,prop,3,2026-10-08 11:00:00,143.3,No,83050424920607872164628089425033213428337271874658851017287406413318962784763,,,,,0.0,0.0,0.0,0.0,0.0,0.0,0,0,
2026-10-08 08:36:40,1148307,5404905,Game 3: Odd/Even Total Kills?,odd_even,3,2026-10-08 11:00:00,143.3,Odd,65013896097962156655696963713970385758694162787094209601841604255352651101111,0.49,0.51,0.5,0.02,98.0,98.0,98.0,102.0,102.0,102.0,8,8,
2026-10-08 08:36:40,1148307,5404905,Game 3: Odd/Even Total Kills?,odd_even,3,2026-10-08 11:00:00,143.3,Even,40461083361858627601804816167324070220133450007595697234416563963374935501704,0.49,0.51,0.5,0.02,98.0,98.0,98.0,102.0,102.0,102.0,8,8,
2026-10-08 08:36:40,1148307,5405561,First Blood in Game 1?,first_blood,1,2026-10-08 11:00:00,143.3,Natus Vincere,39954278548663231593937352846446410964360539959221260671015566567682094762955,0.04,0.92,0.48,0.88,120.65,120.96,120.96,2765.33,2822.33,3174.98,3,6,
2026-10-08 08:36:40,1148307,5405561,First Blood in Game 1?,first_blood,1,2026-10-08 11:00:00,143.3,JD Gaming,113903488508673755213241088082938661566946950312223036053764774647645515833799,0.08,0.96,0.52,0.88,240.4,243.4,255.66,2901.01,2931.71,2931.71,6,3,
2026-10-08 08:36:40,1148307,5405560,First Blood in Game 2?,first_blood,2,2026-10-08 11:00:00,143.3,Natus Vincere,72409514420431402308521490594626679316503164386610393367904801924004971642141,0.09,0.96,0.525,0.87,270.4,273.81,274.07,2901.48,2937.01,2937.01,5,3,
2026-10-08 08:36:40,1148307,5405560,First Blood in Game 2?,first_blood,2,2026-10-08 11:00:00,143.3,JD Gaming,54242580759438248587125368957795265313455818464390519844755102863405906745826,0.04,0.91,0.475,0.87,120.66,121.02,121.02,2734.63,2779.83,2786.09,3,5,
2026-10-08 08:36:40,1148307,5405563,Total Kills Over/Under 27.5 in Game 1?,total_kills,1,2026-10-08 11:00:00,143.3,Over,48535364230516699695569920120640025312616366139535973806349798501533511344447,0.42,0.46,0.44,0.04,4.2,216.2,415.85,245.55,329.55,829.55,24,22,52.061225
2026-10-08 08:36:40,1148307,5405563,Total Kills Over/Under 27.5 in Game 1?,total_kills,1,2026-10-08 11:00:00,143.3,Under,90616294397336980355359054125540142053093677993443928520458274590027044606218,0.54,0.58,0.56,0.04,284.45,375.45,875.45,5.8,323.8,654.15,22,24,52.061225
2026-10-08 08:36:40,1148307,5405562,Total Kills Over/Under 27.5 in Game 2?,total_kills,2,2026-10-08 11:00:00,143.3,Over,52085845923858446993308637551380830977553750239790587730144480881841351308886,0.41,0.48,0.445,0.07,415.55,483.8,483.8,410.54,837.29,837.29,23,24,2.104167
2026-10-08 08:36:40,1148307,5405562,Total Kills Over/Under 27.5 in Game 2?,total_kills,2,2026-10-08 11:00:00,143.3,Under,90899590131632860263023297417462596981736588409072677110437833718795273896632,0.52,0.59,0.555,0.07,427.35,850.6,850.6,614.45,721.2,721.2,24,23,2.104167
2026-10-08 08:36:40,1148307,5405914,Total Kills Over/Under 30.5 in Game 1?,total_kills,1,2026-10-08 11:00:00,143.3,Over,97030117411905741746034004955390015340834764977139721577021933547208334135994,0.24,0.34,0.29,0.1,200.5,285.75,287.75,356.95,419.95,419.95,17,26,
2026-10-08 08:36:40,1148307,5405914,Total Kills Over/Under 30.5 in Game 1?,total_kills,1,2026-10-08 11:00:00,143.3,Under,98439281319897867955108264777439661350666516876122725059670445381962941064071,0.66,0.76,0.71,0.1,673.05,785.05,785.05,649.5,959.7,967.7,26,17,
2026-10-08 08:36:40,1148307,5405915,Total Kills Over/Under 30.5 in Game 2?,total_kills,2,2026-10-08 11:00:00,143.3,Over,81205211164833106086926553405951741152557835749941458520443647165184918626931,0.26,0.35,0.305,0.09,259.75,307.75,309.85,302.75,434.0,434.0,17,28,
2026-10-08 08:36:40,1148307,5405915,Total Kills Over/Under 30.5 in Game 2?,total_kills,2,2026-10-08 11:00:00,143.3,Under,115325064661699653330001106119291329343627686467203366603851187849553201223598,0.65,0.74,0.695,0.09,552.25,771.0,771.0,765.25,917.25,925.15,28,17,
2026-10-08 08:36:40,1148307,5423258,Total Kills Over/Under 24.5 in Game 2?,total_kills,2,2026-10-08 11:00:00,143.3,Over,37167055865851235576099593853892627762121282587655398772688543038307519810688,0.56,0.66,0.61,0.1,575.05,669.55,669.55,681.44,800.44,815.12,19,22,5.166667
2026-10-08 08:36:40,1148307,5423258,Total Kills Over/Under 24.5 in Game 2?,total_kills,2,2026-10-08 11:00:00,143.3,Under,55097596303571781087824414885396521659192103835965352765537122995508450028382,0.34,0.44,0.39,0.1,348.39,404.39,410.39,454.95,535.45,535.45,22,19,5.166667
2026-10-08 08:36:40,1148307,5423259,Total Kills Over/Under 24.5 in Game 1?,total_kills,1,2026-10-08 11:00:00,143.3,Over,28904832491941503700663460993072572630525693146299568501914429939877220893357,0.58,0.63,0.605,0.05,58.29,333.29,707.79,335.64,779.39,792.14,24,22,110.346647
2026-10-08 08:36:40,1148307,5423259,Total Kills Over/Under 24.5 in Game 1?,total_kills,1,2026-10-08 11:00:00,143.3,Under,29646559824616558549438909849092608685527763028810725261629290474672186084455,0.37,0.42,0.395,0.05,194.35,425.6,431.6,42.21,267.21,592.71,22,24,110.346647
2026-10-08 08:36:40,1148308,5404906,LoL: FlyQuest vs RED Canids - Game 1 Winner,map,1,2026-10-08 09:00:00,23.3,FlyQuest,35901205032623735268297159373854013485835394816370012929231306335622485793750,0.77,0.78,0.775,0.01,3638.13,10713.63,12091.38,10611.2,17922.2,19448.45,47,18,20223.779755
2026-10-08 08:36:40,1148308,5404906,LoL: FlyQuest vs RED Canids - Game 1 Winner,map,1,2026-10-08 09:00:00,23.3,RED Canids,46959966328902405548967099090675247646522131868286951166007916047112625946771,0.22,0.23,0.225,0.01,2897.4,4678.4,5002.15,1096.07,3480.57,4002.82,18,48,20223.779755
2026-10-08 08:36:40,1148308,5404907,LoL: FlyQuest vs RED Canids - Game 2 Winner,map,2,2026-10-08 09:00:00,23.3,FlyQuest,102705729593580582941292063731196380555655499854668999234354456019394437271414,0.76,0.77,0.765,0.01,5986.55,8030.8,8696.8,11535.25,12180.52,14437.52,30,17,1938.206759
2026-10-08 08:36:40,1148308,5404907,LoL: FlyQuest vs RED Canids - Game 2 Winner,map,2,2026-10-08 09:00:00,23.3,RED Canids,27614085125502191380572949082395562109831414758987721472040563612169863351423,0.23,0.24,0.235,0.01,3444.25,3609.57,4127.57,1900.8,2631.55,2890.55,17,30,1938.206759
2026-10-08 08:36:40,1148308,5404908,LoL: FlyQuest vs RED Canids (BO3) - Demacia Cup Global Invitational Group Stage,series,,2026-10-08 09:00:00,23.3,FlyQuest,28518360165695557583903719028319120247176221363195056791718448068444835437482,0.85,0.86,0.855,0.01,51980.71,59104.31,61576.51,18538.07,29581.49,33562.49,57,14,111398.21079299995
2026-10-08 08:36:40,1148308,5404908,LoL: FlyQuest vs RED Canids (BO3) - Demacia Cup Global Invitational Group Stage,series,,2026-10-08 09:00:00,23.3,RED Canids,54912072942903637739745651431855766235331068047661668863630875746511275132590,0.14,0.15,0.145,0.01,2930.0,4326.0,4745.0,9736.32,11198.7,11791.5,14,57,111398.21079299995
2026-10-08 08:36:40,1148308,5404909,Games Total: O/U 2.5,total_games,,2026-10-08 09:00:00,23.3,Over,56396522594541620386382580920149664690199439367665945430598434295098013100054,0.33,0.34,0.335,0.01,8384.32,9642.11,10410.41,129.81,1728.68,2471.88,13,24,1138.0223369999999
2026-10-08 08:36:40,1148308,5404909,Games Total: O/U 2.5,total_games,,2026-10-08 09:00:00,23.3,Under,88035134603274302273941406001237957053049947923290357276449697073322020485412,0.66,0.67,0.665,0.01,249.52,2988.26,4175.06,17804.66,20670.54,22602.24,24,13,1138.0223369999999
2026-10-08 08:36:40,1148308,5404910,Game Handicap: FLY (-1.5) vs RED Canids (+1.5),handicap,,2026-10-08 09:00:00,23.3,FlyQuest,48219698202015119540444241707388270670432868887710554974307512038078556741507,0.6,0.61,0.605,0.01,28435.79,31273.55,31919.35,36352.38,37787.84,40088.85,32,18,51865.92690600001
2026-10-08 08:36:40,1148308,5404910,Game Handicap: FLY (-1.5) vs RED Canids (+1.5),handicap,,2026-10-08 09:00:00,23.3,RED Canids,82368981386306518794044324457136530073801135428324653721332073630867083598891,0.39,0.4,0.395,0.01,23213.38,24022.4,25241.1,19462.53,21562.05,22071.25,18,32,51865.92690600001
2026-10-08 08:36:40,1148308,5404911,Game 1: Both Teams Slay Baron Nashor?,prop,1,2026-10-08 09:00:00,23.3,Yes,36206915208787149636654297305868477391988108176413697380471993153115689941856,0.01,0.99,0.5,0.98,0.96,0.96,0.96,95.03,95.03,95.03,1,1,
2026-10-08 08:36:40,1148308,5404911,Game 1: Both Teams Slay Baron Nashor?,prop,1,2026-10-08 09:00:00,23.3,No,58614510157715987034594870174632436579197539745317487794905865301266664175791,0.01,0.99,0.5,0.98,0.96,0.96,0.96,95.04,95.04,95.04,1,1,
2026-10-08 08:36:40,1148308,5404912,Game 1: Both Teams Slay a Dragon?,prop,1,2026-10-08 09:00:00,23.3,Yes,44587398300757456902086063141568406274818862960778105087722359976257785012097,0.01,0.99,0.5,0.98,0.96,0.96,0.96,95.04,95.04,95.04,1,1,
2026-10-08 08:36:40,1148308,5404912,Game 1: Both Teams Slay a Dragon?,prop,1,2026-10-08 09:00:00,23.3,No,71253872090200386229354035812343740537141170710492379972430681869479643357171,0.01,0.99,0.5,0.98,0.96,0.96,0.96,95.03,95.03,95.03,1,1,
2026-10-08 08:36:40,1148308,5404913,Game 1: Both Teams Destroy Inhibitors?,prop,1,2026-10-08 09:00:00,23.3,Yes,87739093055263949869982634417925068142805113365816587779715363542935040633661,0.01,0.99,0.5,0.98,0.96,0.96,0.96,95.03,95.03,95.03,1,1,
2026-10-08 08:36:40,1148308,5404913,Game 1: Both Teams Destroy Inhibitors?,prop,1,2026-10-08 09:00:00,23.3,No,101690123914603788577424535151540729602757109084253175239426180794562335936102,0.01,0.99,0.5,0.98,0.96,0.96,0.96,95.04,95.04,95.04,1,1,
2026-10-08 08:36:40,1148308,5404914,Game 1: Any Player Quadra Kill?,prop,1,2026-10-08 09:00:00,23.3,Yes,103065501608158275003054705644269376534839776303294033738749838666246886011460,,,,,0.0,0.0,0.0,0.0,0.0,0.0,0,0,
2026-10-08 08:36:40,1148308,5404914,Game 1: Any Player Quadra Kill?,prop,1,2026-10-08 09:00:00,23.3,No,81952778973474125959982010006165441437671723941250372193625543325425372295886,,,,,0.0,0.0,0.0,0.0,0.0,0.0,0,0,
2026-10-08 08:36:40,1148308,5404915,Game 1: Any Player Penta Kill?,prop,1,2026-10-08 09:00:00,23.3,Yes,30997856257119950568796141145422689294375675133207679633162462155530436350372,,0.4,,,0.0,0.0,0.0,2.0,2.0,2.0,0,1,
2026-10-08 08:36:40,1148308,5404915,Game 1: Any Player Penta Kill?,prop,1,2026-10-08 09:00:00,23.3,No,107736122061818807691580901952087243115409516237677647423144139460699361111212,0.6,,,,3.0,3.0,3.0,0.0,0.0,0.0,1,0,
2026-10-08 08:36:40,1148308,5404916,Game 1: Odd/Even Total Kills?,odd_even,1,2026-10-08 09:00:00,23.3,Odd,99988972205326537139100200548153787457822129817769249325209112277070894756728,0.49,0.51,0.5,0.02,98.0,98.0,98.0,102.0,102.0,102.0,4,4,
2026-10-08 08:36:40,1148308,5404916,Game 1: Odd/Even Total Kills?,odd_even,1,2026-10-08 09:00:00,23.3,Even,59750816069602470429211541876147724518330617907225660391291853671459286883319,0.49,0.51,0.5,0.02,98.0,98.0,98.0,102.0,102.0,102.0,4,4,
2026-10-08 08:36:40,1148308,5404917,Game 2: Both Teams Slay Baron Nashor?,prop,2,2026-10-08 09:00:00,23.3,Yes,9112525753521290789870254090194822931120524725776756276916992476354627102322,0.01,0.99,0.5,0.98,0.96,0.96,0.96,95.03,95.03,95.03,1,1,
2026-10-08 08:36:40,1148308,5404917,Game 2: Both Teams Slay Baron Nashor?,prop,2,2026-10-08 09:00:00,23.3,No,63809538418156703802068928338832144360465078907742978250505991884827907730213,0.01,0.99,0.5,0.98,0.96,0.96,0.96,95.04,95.04,95.04,1,1,
2026-10-08 08:36:40,1148308,5404918,Game 2: Both Teams Slay a Dragon?,prop,2,2026-10-08 09:00:00,23.3,Yes,33909764286783667384918181360221870418048495445044283943075406093342542367918,0.01,0.99,0.5,0.98,0.96,0.96,0.96,95.04,95.04,95.04,1,1,
2026-10-08 08:36:40,1148308,5404918,Game 2: Both Teams Slay a Dragon?,prop,2,2026-10-08 09:00:00,23.3,No,11194442767926458913347769163154741361366472253254146017489487000279224906368,0.01,0.99,0.5,0.98,0.96,0.96,0.96,95.04,95.04,95.04,1,1,
2026-10-08 08:36:40,1148308,5404919,Game 2: Both Teams Destroy Inhibitors?,prop,2,2026-10-08 09:00:00,23.3,Yes,6181758397561841761365499527217907498525348308281567433246344703320418337810,0.01,0.99,0.5,0.98,0.96,0.96,0.96,95.03,95.03,95.03,1,1,
2026-10-08 08:36:40,1148308,5404919,Game 2: Both Teams Destroy Inhibitors?,prop,2,2026-10-08 09:00:00,23.3,No,48393488076710906941792513244702700272916496358036967926261004646852098468134,0.01,0.99,0.5,0.98,0.96,0.96,0.96,95.04,95.04,95.04,1,1,
2026-10-08 08:36:40,1148308,5404920,Game 2: Any Player Quadra Kill?,prop,2,2026-10-08 09:00:00,23.3,Yes,108056427106595099042541773956476353260822841597968828301707796207543533837474,,,,,0.0,0.0,0.0,0.0,0.0,0.0,0,0,
2026-10-08 08:36:40,1148308,5404920,Game 2: Any Player Quadra Kill?,prop,2,2026-10-08 09:00:00,23.3,No,22767030052961639164631144184274712425335907690658420766648555692802868956708,,,,,0.0,0.0,0.0,0.0,0.0,0.0,0,0,
2026-10-08 08:36:40,1148308,5404921,Game 2: Any Player Penta Kill?,prop,2,2026-10-08 09:00:00,23.3,Yes,49131421734778128343682566825062900414732156991730545429069744329878965275112,,,,,0.0,0.0,0.0,0.0,0.0,0.0,0,0,
2026-10-08 08:36:40,1148308,5404921,Game 2: Any Player Penta Kill?,prop,2,2026-10-08 09:00:00,23.3,No,92401306050638467820110454865360582465054298762613346327949605609921656213102,,,,,0.0,0.0,0.0,0.0,0.0,0.0,0,0,
2026-10-08 08:36:40,1148308,5404922,Game 2: Odd/Even Total Kills?,odd_even,2,2026-10-08 09:00:00,23.3,Odd,85731999971202447894550171680121388629555947299240511620121691003564435820507,0.49,0.51,0.5,0.02,98.0,98.0,98.0,102.0,102.0,102.0,4,4,
2026-10-08 08:36:40,1148308,5404922,Game 2: Odd/Even Total Kills?,odd_even,2,2026-10-08 09:00:00,23.3,Even,13538183296179639195478460624833761468833364155744839424781362957788033360690,0.49,0.51,0.5,0.02,98.0,98.0,98.0,102.0,102.0,102.0,4,4,
2026-10-08 08:36:40,1148308,5404923,Game 3: Both Teams Slay Baron Nashor?,prop,3,2026-10-08 09:00:00,23.3,Yes,92989560996857667890729283921447898373493970820290987136211100949365545782988,0.01,0.99,0.5,0.98,0.96,0.96,0.96,95.04,95.04,95.04,1,1,
2026-10-08 08:36:40,1148308,5404923,Game 3: Both Teams Slay Baron Nashor?,prop,3,2026-10-08 09:00:00,23.3,No,75994031747363579859735659870450476883234748727535374370168348582180784661838,0.01,0.99,0.5,0.98,0.96,0.96,0.96,95.04,95.04,95.04,1,1,
2026-10-08 08:36:40,1148308,5404924,Game 3: Both Teams Slay a Dragon?,prop,3,2026-10-08 09:00:00,23.3,Yes,64327937981651923408395421946098535268234192419012324397366005299661492204658,0.01,0.99,0.5,0.98,0.96,0.96,0.96,95.04,95.04,95.04,1,1,
2026-10-08 08:36:40,1148308,5404924,Game 3: Both Teams Slay a Dragon?,prop,3,2026-10-08 09:00:00,23.3,No,7457246009738625317067306997684526577392206077651240971103396942185250309092,0.01,0.99,0.5,0.98,0.96,0.96,0.96,95.03,95.03,95.03,1,1,
2026-10-08 08:36:40,1148308,5404925,Game 3: Both Teams Destroy Inhibitors?,prop,3,2026-10-08 09:00:00,23.3,Yes,8412197124798992140037356591614322789179987210785494712822821077167847274063,0.01,0.99,0.5,0.98,0.96,0.96,0.96,82.31,82.31,82.31,1,1,
2026-10-08 08:36:40,1148308,5404925,Game 3: Both Teams Destroy Inhibitors?,prop,3,2026-10-08 09:00:00,23.3,No,50533522468612415356963355379941197513142865499569736780705485712949352818578,0.01,0.99,0.5,0.98,0.83,0.83,0.83,95.03,95.03,95.03,1,1,
2026-10-08 08:36:40,1148308,5404926,Game 3: Any Player Quadra Kill?,prop,3,2026-10-08 09:00:00,23.3,Yes,61465228904331201637639579471950492837315779233249784975327849971378009340383,,,,,0.0,0.0,0.0,0.0,0.0,0.0,0,0,
2026-10-08 08:36:40,1148308,5404926,Game 3: Any Player Quadra Kill?,prop,3,2026-10-08 09:00:00,23.3,No,108818691178412873645914816514140857956222060250699528394576561261021367458144,,,,,0.0,0.0,0.0,0.0,0.0,0.0,0,0,
2026-10-08 08:36:40,1148308,5404927,Game 3: Any Player Penta Kill?,prop,3,2026-10-08 09:00:00,23.3,Yes,63580985801632133397165503570496737514472691677139832475950047775628793599059,,,,,0.0,0.0,0.0,0.0,0.0,0.0,0,0,
2026-10-08 08:36:40,1148308,5404927,Game 3: Any Player Penta Kill?,prop,3,2026-10-08 09:00:00,23.3,No,105450468740574693117207078769841989686480321599945901454155406896757277590207,,,,,0.0,0.0,0.0,0.0,0.0,0.0,0,0,
2026-10-08 08:36:40,1148308,5404928,Game 3: Odd/Even Total Kills?,odd_even,3,2026-10-08 09:00:00,23.3,Odd,23951389524829733992524271159321709044146488279302308559414473153111056544282,0.03,0.94,0.485,0.91,4.7,4.96,4.96,2827.02,2839.22,3056.29,3,5,
2026-10-08 08:36:40,1148308,5404928,Game 3: Odd/Even Total Kills?,odd_even,3,2026-10-08 09:00:00,23.3,Even,6058401635395593022347006965152997095308447111818946397552023714767354484855,0.06,0.97,0.515,0.91,180.37,180.75,184.96,218.6,244.41,244.41,5,3,
2026-10-08 08:36:40,1148308,5405556,First Blood in Game 1?,first_blood,1,2026-10-08 09:00:00,23.3,FlyQuest,88701631938854123857380263286027814309460636542277002171303099428299986557335,0.04,0.96,0.5,0.92,120.66,120.96,120.96,2898.75,2936.37,2936.37,3,3,
2026-10-08 08:36:40,1148308,5405556,First Blood in Game 1?,first_blood,1,2026-10-08 09:00:00,23.3,RED Canids,21915792120476510605889859183628701065398409389763179141843492496784371267755,0.04,0.96,0.5,0.92,120.58,120.96,120.96,2901.39,2930.93,2930.93,3,3,
2026-10-08 08:36:40,1148308,5405557,First Blood in Game 2?,first_blood,2,2026-10-08 09:00:00,23.3,FlyQuest,89886616504273725880048816723452801161342233385660906516457261355901510387421,0.04,0.96,0.5,0.92,120.66,120.96,120.96,2901.39,2930.93,2930.93,3,3,
2026-10-08 08:36:40,1148308,5405557,First Blood in Game 2?,first_blood,2,2026-10-08 09:00:00,23.3,RED Canids,93444852866459917870049695118109280020970702839814924743605418883017220888522,0.04,0.96,0.5,0.92,120.66,120.96,120.96,2901.39,2930.93,2930.93,3,3,
2026-10-08 08:36:40,1148308,5405558,Total Kills Over/Under 27.5 in Game 1?,total_kills,1,2026-10-08 09:00:00,23.3,Over,7013679442395800020902316136931101924584607350791963396908082239753537538453,0.5,0.54,0.52,0.04,545.77,950.27,2909.53,195.05,395.7,685.7,18,19,58.663773
2026-10-08 08:36:40,1148308,5405558,Total Kills Over/Under 27.5 in Game 1?,total_kills,1,2026-10-08 09:00:00,23.3,Under,67212003858018753700192211509141328591002970091409621722992859823164531040484,0.46,0.5,0.48,0.04,160.22,314.76,524.76,565.88,1011.38,3402.12,19,18,58.663773
2026-10-08 08:36:40,1148308,5405559,Total Kills Over/Under 27.5 in Game 2?,total_kills,2,2026-10-08 09:00:00,23.3,Over,15581680017747400017541430974710675745017878813387670303347894963087073194030,0.5,0.54,0.52,0.04,263.57,509.89,2549.64,190.4,388.15,678.15,18,18,19.23077
2026-10-08 08:36:40,1148308,5405559,Total Kills Over/Under 27.5 in Game 2?,total_kills,2,2026-10-08 09:00:00,23.3,Under,74944559345525909480275106343873542862465438456588649343432161688817458401918,0.46,0.5,0.48,0.04,156.02,308.27,518.27,273.83,540.68,3025.93,18,18,19.23077
2026-10-08 08:36:40,1148308,5405779,Total Kills Over/Under 30.5 in Game 1?,total_kills,1,2026-10-08 09:00:00,23.3,Over,93036542621585369358702887102567509417101329566222757193240857922327470770225,0.33,0.38,0.355,0.05,318.27,372.52,372.52,36.67,51.59,469.17,14,24,203.895211
2026-10-08 08:36:40,1148308,5405779,Total Kills Over/Under 30.5 in Game 1?,total_kills,1,2026-10-08 09:00:00,23.3,Under,5482001955496204670758799409021733428676049158616757213411054763708130847529,0.62,0.67,0.645,0.05,59.64,82.02,654.52,665.01,785.75,785.75,24,14,203.895211
2026-10-08 08:36:40,1148308,5405780,Total Kills Over/Under 30.5 in Game 2?,total_kills,2,2026-10-08 09:00:00,23.3,Over,22130051959353700515940091071552463325679289116918072404594120340500971454682,0.32,0.4,0.36,0.08,336.06,388.56,388.56,139.44,498.19,498.19,12,19,
2026-10-08 08:36:40,1148308,5405780,Total Kills Over/Under 30.5 in Game 2?,total_kills,2,2026-10-08 09:00:00,23.3,Under,3114640539595181382416908227498083389920809912807060969585819053675986134680,0.6,0.68,0.64,0.08,200.82,692.07,692.07,720.0,842.5,842.5,19,12,
2026-10-08 08:36:40,1148308,5407712,Total Kills Over/Under 24.5 in Game 1?,total_kills,1,2026-10-08 09:00:00,23.3,Over,28857526194148558157275309219406102185660369769885795340680135948903239146610,0.64,0.68,0.66,0.04,917.69,917.69,1127.14,20.4,271.97,768.74,23,16,1032.25906
2026-10-08 08:36:40,1148308,5407712,Total Kills Over/Under 24.5 in Game 1?,total_kills,1,2026-10-08 09:00:00,23.3,Under,28600261298056395246374487940319278130562350170307068709031229179551350421438,0.32,0.36,0.34,0.04,9.6,114.87,300.97,524.15,524.15,669.7,16,23,1032.25906
2026-10-08 08:36:40,1148308,5407713,Total Kills Over/Under 24.5 in Game 2?,total_kills,2,2026-10-08 09:00:00,23.3,Over,72157706177674091337028392676304565737862550924476902198914893635804728046111,0.63,0.69,0.66,0.06,491.5,491.5,799.5,355.45,479.7,911.72,19,15,267.515152
2026-10-08 08:36:40,1148308,5407713,Total Kills Over/Under 24.5 in Game 2?,total_kills,2,2026-10-08 09:00:00,23.3,Under,102295770535931025221344642798097385229480497332826535385997635479155099530480,0.31,0.37,0.34,0.06,157.03,207.78,366.32,288.81,288.81,505.81,15,19,267.515152
2026-10-08 08:42:28,1148307,5404883,LoL: Natus Vincere vs JD Gaming - Game 1 Winner,map,1,2026-10-08 11:00:00,137.5,Natus Vincere,38348624269695075769678589081011142734195331893505590105975670194453049807294,0.32,0.33,0.325,0.01,3325.22,4624.02,5734.01,6276.18,6831.02,8516.02,25,42,5905.817934999997
2026-10-08 08:42:28,1148307,5404883,LoL: Natus Vincere vs JD Gaming - Game 1 Winner,map,1,2026-10-08 11:00:00,137.5,JD Gaming,47336520694611758956763599979420485394357717795257539968819272579111558380357,0.67,0.68,0.675,0.01,12207.22,13216.38,16031.38,7399.89,10534.08,13424.08,42,25,5905.817934999997
2026-10-08 08:42:28,1148307,5404884,LoL: Natus Vincere vs JD Gaming - Game 2 Winner,map,2,2026-10-08 11:00:00,137.5,Natus Vincere,87959431582496129697040551450818191945945976170075660791915226612682039665158,0.32,0.33,0.325,0.01,3304.4,4812.38,5782.38,5723.96,5889.16,7677.76,23,29,272.087069
2026-10-08 08:42:28,1148307,5404884,LoL: Natus Vincere vs JD Gaming - Game 2 Winner,map,2,2026-10-08 11:00:00,137.5,JD Gaming,94422500780678149625748346033264177079239362302943886164146824243372804193816,0.67,0.68,0.675,0.01,11614.52,11909.32,14900.72,7329.34,10951.31,13481.31,29,23,272.087069
2026-10-08 08:42:28,1148307,5404885,LoL: Natus Vincere vs JD Gaming (BO3) - Demacia Cup Global Invitational Group Stage,series,,2026-10-08 11:00:00,137.5,Natus Vincere,88721751813598262325328365311926266077061533986976804346604236532100561776809,0.26,0.27,0.265,0.01,38327.29,56727.55,61304.55,33255.31,35472.3,42117.3,24,45,455983.74800500023
2026-10-08 08:42:28,1148307,5404885,LoL: Natus Vincere vs JD Gaming (BO3) - Demacia Cup Global Invitational Group Stage,series,,2026-10-08 11:00:00,137.5,JD Gaming,10427010144076895779113784138487375790125311338333304061217810564593520103505,0.73,0.74,0.735,0.01,89460.4,94663.38,109368.37,111725.38,170490.25,187113.25,45,24,455983.74800500023
2026-10-08 08:42:28,1148307,5404886,Games Total: O/U 2.5,total_games,,2026-10-08 11:00:00,137.5,Over,67319386612700317064537025541951970820312173079847762641551680943418033620540,0.43,0.45,0.44,0.02,312.62,4506.19,6425.04,700.15,2860.58,8031.78,26,26,3626.570674
2026-10-08 08:42:28,1148307,5404886,Games Total: O/U 2.5,total_games,,2026-10-08 11:00:00,137.5,Under,29448735116962792109155675357009537134205902867220801681097871188851805114539,0.55,0.57,0.56,0.02,822.28,3215.85,8434.65,421.37,6691.6,9782.75,26,26,3626.570674
2026-10-08 08:42:28,1148307,5404887,Game Handicap: JDG (-1.5) vs Natus Vincere (+1.5),handicap,,2026-10-08 11:00:00,137.5,JD Gaming,110067468832368260357577297984483126865587113937877318219324867014348841729016,0.47,0.48,0.475,0.01,26371.25,26371.25,27090.4,27296.82,37664.32,43254.32,31,34,33841.264494999996
2026-10-08 08:42:28,1148307,5404887,Game Handicap: JDG (-1.5) vs Natus Vincere (+1.5),handicap,,2026-10-08 11:00:00,137.5,Natus Vincere,14437982035569027785390070377286310134750267492193830921742033447062481853909,0.52,0.53,0.525,0.01,29519.33,39850.83,44960.83,30066.14,30066.14,31051.99,34,31,33841.264494999996
2026-10-08 08:42:28,1148307,5404888,Game 1: Both Teams Slay Baron Nashor?,prop,1,2026-10-08 11:00:00,137.5,Yes,79604320599484937446920520257191342625812402358060755302287144271719662864728,0.01,0.99,0.5,0.98,0.96,0.96,0.96,95.03,95.03,95.03,1,1,
2026-10-08 08:42:28,1148307,5404888,Game 1: Both Teams Slay Baron Nashor?,prop,1,2026-10-08 11:00:00,137.5,No,27805282413642068680544580167896751521079767729350901507898312542298705336570,0.01,0.99,0.5,0.98,0.96,0.96,0.96,95.03,95.03,95.03,1,1,
2026-10-08 08:42:28,1148307,5404889,Game 1: Both Teams Slay a Dragon?,prop,1,2026-10-08 11:00:00,137.5,Yes,50830576610900226200486445975820337784735228995506298413441021067557345596998,0.01,0.99,0.5,0.98,0.96,0.96,0.96,95.03,95.03,95.03,1,1,
2026-10-08 08:42:28,1148307,5404889,Game 1: Both Teams Slay a Dragon?,prop,1,2026-10-08 11:00:00,137.5,No,109076753479614271412344886650197792177153894471859230057368243687998817656486,0.01,0.99,0.5,0.98,0.96,0.96,0.96,95.03,95.03,95.03,1,1,
2026-10-08 08:42:28,1148307,5404890,Game 1: Both Teams Destroy Inhibitors?,prop,1,2026-10-08 11:00:00,137.5,Yes,69918937189641018740700288314882303974614480708458522691756517244276605632014,0.01,0.99,0.5,0.98,0.96,0.96,0.96,95.03,95.03,95.03,1,1,
2026-10-08 08:42:28,1148307,5404890,Game 1: Both Teams Destroy Inhibitors?,prop,1,2026-10-08 11:00:00,137.5,No,101356982471427373646328861446887533831812412809111783332092825000982053347279,0.01,0.99,0.5,0.98,0.96,0.96,0.96,95.03,95.03,95.03,1,1,
2026-10-08 08:42:28,1148307,5404891,Game 1: Any Player Quadra Kill?,prop,1,2026-10-08 11:00:00,137.5,Yes,72983692224213477623728754161733014409651092945442297072361993579040202581149,,,,,0.0,0.0,0.0,0.0,0.0,0.0,0,0,
2026-10-08 08:42:28,1148307,5404891,Game 1: Any Player Quadra Kill?,prop,1,2026-10-08 11:00:00,137.5,No,91420924960672147156295362151973832563996706592728963510345373357539605160858,,,,,0.0,0.0,0.0,0.0,0.0,0.0,0,0,
2026-10-08 08:42:28,1148307,5404892,Game 1: Any Player Penta Kill?,prop,1,2026-10-08 11:00:00,137.5,Yes,52207988569482865533805225985535229211713947353994241907539916407014554278217,,,,,0.0,0.0,0.0,0.0,0.0,0.0,0,0,
2026-10-08 08:42:28,1148307,5404892,Game 1: Any Player Penta Kill?,prop,1,2026-10-08 11:00:00,137.5,No,72930183165818210080301457461439206316992341130443767097946292490277769174765,,,,,0.0,0.0,0.0,0.0,0.0,0.0,0,0,
2026-10-08 08:42:28,1148307,5404893,Game 1: Odd/Even Total Kills?,odd_even,1,2026-10-08 11:00:00,137.5,Odd,64754917371178390513532411361097463006112308825698302653839143288793158715251,0.49,0.51,0.5,0.02,98.0,98.0,98.0,102.0,102.0,102.0,8,8,
2026-10-08 08:42:28,1148307,5404893,Game 1: Odd/Even Total Kills?,odd_even,1,2026-10-08 11:00:00,137.5,Even,27732495799144573478112812114190002001689509176975563473213150267332008462097,0.49,0.51,0.5,0.02,98.0,98.0,98.0,102.0,102.0,102.0,8,8,
2026-10-08 08:42:28,1148307,5404894,Game 2: Both Teams Slay Baron Nashor?,prop,2,2026-10-08 11:00:00,137.5,Yes,24002217051023497028843055051740602668360567145344258813655890905144388857189,0.01,0.99,0.5,0.98,0.96,0.96,0.96,95.03,95.03,95.03,1,1,
2026-10-08 08:42:28,1148307,5404894,Game 2: Both Teams Slay Baron Nashor?,prop,2,2026-10-08 11:00:00,137.5,No,13995565777178753484333200813048400156677948870148841160326134507095973079674,0.01,0.99,0.5,0.98,0.96,0.96,0.96,95.03,95.03,95.03,1,1,
2026-10-08 08:42:28,1148307,5404895,Game 2: Both Teams Slay a Dragon?,prop,2,2026-10-08 11:00:00,137.5,Yes,87951179241092659469855247922889358752935956201755652523123596500187396758898,0.01,0.99,0.5,0.98,0.96,0.96,0.96,95.03,95.03,95.03,1,1,
2026-10-08 08:42:28,1148307,5404895,Game 2: Both Teams Slay a Dragon?,prop,2,2026-10-08 11:00:00,137.5,No,63051149002651026428257656835731977521121887147535163328848232154543149389715,0.01,0.99,0.5,0.98,0.96,0.96,0.96,95.03,95.03,95.03,1,1,
2026-10-08 08:42:28,1148307,5404896,Game 2: Both Teams Destroy Inhibitors?,prop,2,2026-10-08 11:00:00,137.5,Yes,96137305008861236030593762014296996432887811297791540624336647399843707646416,0.01,0.99,0.5,0.98,0.17,0.17,0.17,95.03,95.03,95.03,1,1,
2026-10-08 08:42:28,1148307,5404896,Game 2: Both Teams Destroy Inhibitors?,prop,2,2026-10-08 11:00:00,137.5,No,43238797551436679778118937436491141331494992155787270355211539426479073971277,0.01,0.99,0.5,0.98,0.96,0.96,0.96,16.84,16.84,16.84,1,1,
2026-10-08 08:42:28,1148307,5404897,Game 2: Any Player Quadra Kill?,prop,2,2026-10-08 11:00:00,137.5,Yes,74959688715154827114846736340358917074714204626175195218241111942849781487026,,,,,0.0,0.0,0.0,0.0,0.0,0.0,0,0,
2026-10-08 08:42:28,1148307,5404897,Game 2: Any Player Quadra Kill?,prop,2,2026-10-08 11:00:00,137.5,No,2460398514354912045306958082260087952843538412872036050394132451983842773854,,,,,0.0,0.0,0.0,0.0,0.0,0.0,0,0,
2026-10-08 08:42:28,1148307,5404898,Game 2: Any Player Penta Kill?,prop,2,2026-10-08 11:00:00,137.5,Yes,56373236142180634396486709092620664373645805464949373627238406554097932862901,,,,,0.0,0.0,0.0,0.0,0.0,0.0,0,0,
2026-10-08 08:42:28,1148307,5404898,Game 2: Any Player Penta Kill?,prop,2,2026-10-08 11:00:00,137.5,No,7828408591025876186711733192097307021902057869329943952370377207722701160942,,,,,0.0,0.0,0.0,0.0,0.0,0.0,0,0,
2026-10-08 08:42:28,1148307,5404899,Game 2: Odd/Even Total Kills?,odd_even,2,2026-10-08 11:00:00,137.5,Odd,87497128162321202733473376739958105323083604163378884388315783923511297024300,0.49,0.51,0.5,0.02,98.0,98.0,98.0,102.0,102.0,102.0,8,8,
2026-10-08 08:42:28,1148307,5404899,Game 2: Odd/Even Total Kills?,odd_even,2,2026-10-08 11:00:00,137.5,Even,87223690454521456657921603302957448641574969273408207317491390350432812611460,0.49,0.51,0.5,0.02,98.0,98.0,98.0,102.0,102.0,102.0,8,8,
2026-10-08 08:42:28,1148307,5404900,Game 3: Both Teams Slay Baron Nashor?,prop,3,2026-10-08 11:00:00,137.5,Yes,8415535589956025738423171300817185288331400597305987967409404165209120996680,0.01,0.99,0.5,0.98,0.96,0.96,0.96,95.03,95.03,95.03,1,1,
2026-10-08 08:42:28,1148307,5404900,Game 3: Both Teams Slay Baron Nashor?,prop,3,2026-10-08 11:00:00,137.5,No,91134166934846974647494433782756233904190946992589582024576743635928182961309,0.01,0.99,0.5,0.98,0.96,0.96,0.96,95.03,95.03,95.03,1,1,
2026-10-08 08:42:28,1148307,5404901,Game 3: Both Teams Slay a Dragon?,prop,3,2026-10-08 11:00:00,137.5,Yes,33075666909920724502309267909075697923817334211358587238313557052767699541390,0.01,0.99,0.5,0.98,0.96,0.96,0.96,95.03,95.03,95.03,1,1,
2026-10-08 08:42:28,1148307,5404901,Game 3: Both Teams Slay a Dragon?,prop,3,2026-10-08 11:00:00,137.5,No,97527007431265098087434899057500996142652577163847389629195745718234009378519,0.01,0.99,0.5,0.98,0.96,0.96,0.96,95.03,95.03,95.03,1,1,
2026-10-08 08:42:28,1148307,5404902,Game 3: Both Teams Destroy Inhibitors?,prop,3,2026-10-08 11:00:00,137.5,Yes,74272062088027947016197201019579668271422367894876079358489558223743815328435,0.01,0.99,0.5,0.98,0.96,0.96,0.96,95.04,95.04,95.04,1,1,
2026-10-08 08:42:28,1148307,5404902,Game 3: Both Teams Destroy Inhibitors?,prop,3,2026-10-08 11:00:00,137.5,No,30511242141346713825988158388132468183945042051025453257060935699591339233482,0.01,0.99,0.5,0.98,0.96,0.96,0.96,95.03,95.03,95.03,1,1,
2026-10-08 08:42:28,1148307,5404903,Game 3: Any Player Quadra Kill?,prop,3,2026-10-08 11:00:00,137.5,Yes,50093891584730121757717149404198251799603520164764296057954681815918236032630,,,,,0.0,0.0,0.0,0.0,0.0,0.0,0,0,
2026-10-08 08:42:28,1148307,5404903,Game 3: Any Player Quadra Kill?,prop,3,2026-10-08 11:00:00,137.5,No,53246150542620911276509028037763437255110534765986470702009512983524135831471,,,,,0.0,0.0,0.0,0.0,0.0,0.0,0,0,
2026-10-08 08:42:28,1148307,5404904,Game 3: Any Player Penta Kill?,prop,3,2026-10-08 11:00:00,137.5,Yes,38455077511132678464201194601271244297136118318363870792375439294122420180062,,,,,0.0,0.0,0.0,0.0,0.0,0.0,0,0,
2026-10-08 08:42:28,1148307,5404904,Game 3: Any Player Penta Kill?,prop,3,2026-10-08 11:00:00,137.5,No,83050424920607872164628089425033213428337271874658851017287406413318962784763,,,,,0.0,0.0,0.0,0.0,0.0,0.0,0,0,
2026-10-08 08:42:28,1148307,5404905,Game 3: Odd/Even Total Kills?,odd_even,3,2026-10-08 11:00:00,137.5,Odd,65013896097962156655696963713970385758694162787094209601841604255352651101111,0.49,0.51,0.5,0.02,98.0,98.0,98.0,102.0,102.0,102.0,8,8,
2026-10-08 08:42:28,1148307,5404905,Game 3: Odd/Even Total Kills?,odd_even,3,2026-10-08 11:00:00,137.5,Even,40461083361858627601804816167324070220133450007595697234416563963374935501704,0.49,0.51,0.5,0.02,98.0,98.0,98.0,102.0,102.0,102.0,8,8,
2026-10-08 08:42:28,1148307,5405561,First Blood in Game 1?,first_blood,1,2026-10-08 11:00:00,137.5,Natus Vincere,39954278548663231593937352846446410964360539959221260671015566567682094762955,0.08,0.96,0.52,0.88,240.39,243.39,255.65,2901.48,2930.73,2930.73,6,3,
2026-10-08 08:42:28,1148307,5405561,First Blood in Game 1?,first_blood,1,2026-10-08 11:00:00,137.5,JD Gaming,113903488508673755213241088082938661566946950312223036053764774647645515833799,0.04,0.92,0.48,0.88,120.66,120.96,120.96,2765.24,2822.24,3174.69,3,6,
2026-10-08 08:42:28,1148307,5405560,First Blood in Game 2?,first_blood,2,2026-10-08 11:00:00,137.5,Natus Vincere,72409514420431402308521490594626679316503164386610393367904801924004971642141,0.09,0.96,0.525,0.87,270.43,273.43,273.43,2901.6,3572.49,3572.49,5,4,
2026-10-08 08:42:28,1148307,5405560,First Blood in Game 2?,first_blood,2,2026-10-08 11:00:00,137.5,JD Gaming,54242580759438248587125368957795265313455818464390519844755102863405906745826,0.04,0.91,0.475,0.87,120.67,128.96,128.96,2734.99,2774.84,2774.84,4,5,
2026-10-08 08:42:28,1148307,5405563,Total Kills Over/Under 27.5 in Game 1?,total_kills,1,2026-10-08 11:00:00,137.5,Over,48535364230516699695569920120640025312616366139535973806349798501533511344447,0.42,0.46,0.44,0.04,4.2,216.2,415.85,245.55,329.55,829.55,23,22,52.061225
2026-10-08 08:42:28,1148307,5405563,Total Kills Over/Under 27.5 in Game 1?,total_kills,1,2026-10-08 11:00:00,137.5,Under,90616294397336980355359054125540142053093677993443928520458274590027044606218,0.54,0.58,0.56,0.04,284.45,375.45,875.45,5.8,323.8,654.15,22,23,52.061225
2026-10-08 08:42:28,1148307,5405562,Total Kills Over/Under 27.5 in Game 2?,total_kills,2,2026-10-08 11:00:00,137.5,Over,52085845923858446993308637551380830977553750239790587730144480881841351308886,0.41,0.48,0.445,0.07,415.55,483.8,483.8,410.54,837.29,837.29,23,24,2.104167
2026-10-08 08:42:28,1148307,5405562,Total Kills Over/Under 27.5 in Game 2?,total_kills,2,2026-10-08 11:00:00,137.5,Under,90899590131632860263023297417462596981736588409072677110437833718795273896632,0.52,0.59,0.555,0.07,427.35,850.6,850.6,614.45,721.2,721.2,24,23,2.104167
2026-10-08 08:42:28,1148307,5405914,Total Kills Over/Under 30.5 in Game 1?,total_kills,1,2026-10-08 11:00:00,137.5,Over,97030117411905741746034004955390015340834764977139721577021933547208334135994,0.24,0.34,0.29,0.1,200.5,285.75,287.75,356.95,419.95,419.95,17,27,
2026-10-08 08:42:28,1148307,5405914,Total Kills Over/Under 30.5 in Game 1?,total_kills,1,2026-10-08 11:00:00,137.5,Under,98439281319897867955108264777439661350666516876122725059670445381962941064071,0.66,0.76,0.71,0.1,673.05,785.05,785.05,649.5,959.7,967.7,27,17,
2026-10-08 08:42:28,1148307,5405915,Total Kills Over/Under 30.5 in Game 2?,total_kills,2,2026-10-08 11:00:00,137.5,Over,81205211164833106086926553405951741152557835749941458520443647165184918626931,0.26,0.35,0.305,0.09,259.75,307.75,309.85,302.75,434.0,434.0,17,28,
2026-10-08 08:42:28,1148307,5405915,Total Kills Over/Under 30.5 in Game 2?,total_kills,2,2026-10-08 11:00:00,137.5,Under,115325064661699653330001106119291329343627686467203366603851187849553201223598,0.65,0.74,0.695,0.09,552.25,771.0,771.0,765.25,917.25,925.15,28,17,
2026-10-08 08:42:28,1148307,5423258,Total Kills Over/Under 24.5 in Game 2?,total_kills,2,2026-10-08 11:00:00,137.5,Over,37167055865851235576099593853892627762121282587655398772688543038307519810688,0.56,0.66,0.61,0.1,575.05,669.55,669.55,681.44,800.44,815.12,18,22,5.166667
2026-10-08 08:42:28,1148307,5423258,Total Kills Over/Under 24.5 in Game 2?,total_kills,2,2026-10-08 11:00:00,137.5,Under,55097596303571781087824414885396521659192103835965352765537122995508450028382,0.34,0.44,0.39,0.1,348.39,404.39,410.39,454.95,535.45,535.45,22,18,5.166667
2026-10-08 08:42:28,1148307,5423259,Total Kills Over/Under 24.5 in Game 1?,total_kills,1,2026-10-08 11:00:00,137.5,Over,28904832491941503700663460993072572630525693146299568501914429939877220893357,0.58,0.63,0.605,0.05,58.29,333.29,707.79,335.64,779.39,792.14,22,22,110.346647
2026-10-08 08:42:28,1148307,5423259,Total Kills Over/Under 24.5 in Game 1?,total_kills,1,2026-10-08 11:00:00,137.5,Under,29646559824616558549438909849092608685527763028810725261629290474672186084455,0.37,0.42,0.395,0.05,194.35,425.6,431.6,42.21,267.21,592.71,22,22,110.346647
2026-10-08 08:42:28,1148308,5404906,LoL: FlyQuest vs RED Canids - Game 1 Winner,map,1,2026-10-08 09:00:00,17.5,FlyQuest,35901205032623735268297159373854013485835394816370012929231306335622485793750,0.77,0.78,0.775,0.01,3638.13,11003.23,12380.98,10611.2,17954.6,19480.85,47,18,20228.127582
2026-10-08 08:42:28,1148308,5404906,LoL: FlyQuest vs RED Canids - Game 1 Winner,map,1,2026-10-08 09:00:00,17.5,RED Canids,46959966328902405548967099090675247646522131868286951166007916047112625946771,0.22,0.23,0.225,0.01,2897.4,4686.0,5009.75,1096.07,3577.11,4099.36,18,47,20228.127582
2026-10-08 08:42:28,1148308,5404907,LoL: FlyQuest vs RED Canids - Game 2 Winner,map,2,2026-10-08 09:00:00,17.5,FlyQuest,102705729593580582941292063731196380555655499854668999234354456019394437271414,0.76,0.77,0.765,0.01,5986.55,8030.8,8696.8,11535.25,12180.52,14437.52,30,17,1942.3734259999999
2026-10-08 08:42:28,1148308,5404907,LoL: FlyQuest vs RED Canids - Game 2 Winner,map,2,2026-10-08 09:00:00,17.5,RED Canids,27614085125502191380572949082395562109831414758987721472040563612169863351423,0.23,0.24,0.235,0.01,3444.25,3609.57,4127.57,1900.8,2631.55,2890.55,17,30,1942.3734259999999
2026-10-08 08:42:28,1148308,5404908,LoL: FlyQuest vs RED Canids (BO3) - Demacia Cup Global Invitational Group Stage,series,,2026-10-08 09:00:00,17.5,FlyQuest,28518360165695557583903719028319120247176221363195056791718448068444835437482,0.85,0.86,0.855,0.01,51883.58,59007.18,61479.38,19167.45,30210.87,34191.87,59,14,113257.40216799994
2026-10-08 08:42:28,1148308,5404908,LoL: FlyQuest vs RED Canids (BO3) - Demacia Cup Global Invitational Group Stage,series,,2026-10-08 09:00:00,17.5,RED Canids,54912072942903637739745651431855766235331068047661668863630875746511275132590,0.14,0.15,0.145,0.01,3033.62,4429.62,4848.62,9693.28,11155.66,11748.46,14,59,113257.40216799994
2026-10-08 08:42:28,1148308,5404909,Games Total: O/U 2.5,total_games,,2026-10-08 09:00:00,17.5,Over,56396522594541620386382580920149664690199439367665945430598434295098013100054,0.33,0.34,0.335,0.01,8377.67,9635.46,10403.76,129.81,1728.68,2471.88,13,25,1138.0223369999999
2026-10-08 08:42:28,1148308,5404909,Games Total: O/U 2.5,total_games,,2026-10-08 09:00:00,17.5,Under,88035134603274302273941406001237957053049947923290357276449697073322020485412,0.66,0.67,0.665,0.01,249.52,2988.26,4175.06,17791.14,20657.02,22588.72,25,13,1138.0223369999999
2026-10-08 08:42:28,1148308,5404910,Game Handicap: FLY (-1.5) vs RED Canids (+1.5),handicap,,2026-10-08 09:00:00,17.5,FlyQuest,48219698202015119540444241707388270670432868887710554974307512038078556741507,0.6,0.61,0.605,0.01,28435.79,31273.55,31919.35,35866.06,37301.52,39602.53,32,18,55137.636085000006
2026-10-08 08:42:28,1148308,5404910,Game Handicap: FLY (-1.5) vs RED Canids (+1.5),handicap,,2026-10-08 09:00:00,17.5,RED Canids,82368981386306518794044324457136530073801135428324653721332073630867083598891,0.39,0.4,0.395,0.01,22902.45,23711.47,24930.17,19462.53,21562.05,22071.25,18,32,55137.636085000006
2026-10-08 08:42:28,1148308,5404911,Game 1: Both Teams Slay Baron Nashor?,prop,1,2026-10-08 09:00:00,17.5,Yes,36206915208787149636654297305868477391988108176413697380471993153115689941856,0.01,0.97,0.49,0.96,0.96,0.96,0.96,21.6,50.5,50.5,1,2,
2026-10-08 08:42:28,1148308,5404911,Game 1: Both Teams Slay Baron Nashor?,prop,1,2026-10-08 09:00:00,17.5,No,58614510157715987034594870174632436579197539745317487794905865301266664175791,0.03,0.99,0.51,0.96,0.67,0.96,0.96,95.04,95.04,95.04,2,1,
2026-10-08 08:42:28,1148308,5404912,Game 1: Both Teams Slay a Dragon?,prop,1,2026-10-08 09:00:00,17.5,Yes,44587398300757456902086063141568406274818862960778105087722359976257785012097,0.02,0.99,0.505,0.97,2.29,2.29,2.29,95.04,95.04,95.04,2,1,
2026-10-08 08:42:28,1148308,5404912,Game 1: Both Teams Slay a Dragon?,prop,1,2026-10-08 09:00:00,17.5,No,71253872090200386229354035812343740537141170710492379972430681869479643357171,0.01,0.98,0.495,0.97,0.96,0.96,0.96,126.9,126.9,126.9,1,2,
2026-10-08 08:42:28,1148308,5404913,Game 1: Both Teams Destroy Inhibitors?,prop,1,2026-10-08 09:00:00,17.5,Yes,87739093055263949869982634417925068142805113365816587779715363542935040633661,0.01,0.98,0.495,0.97,0.96,0.96,0.96,126.9,126.9,126.9,1,2,
2026-10-08 08:42:28,1148308,5404913,Game 1: Both Teams Destroy Inhibitors?,prop,1,2026-10-08 09:00:00,17.5,No,101690123914603788577424535151540729602757109084253175239426180794562335936102,0.02,0.99,0.505,0.97,2.29,2.29,2.29,95.04,95.04,95.04,2,1,
2026-10-08 08:42:28,1148308,5404914,Game 1: Any Player Quadra Kill?,prop,1,2026-10-08 09:00:00,17.5,Yes,103065501608158275003054705644269376534839776303294033738749838666246886011460,,,,,0.0,0.0,0.0,0.0,0.0,0.0,0,0,
2026-10-08 08:42:28,1148308,5404914,Game 1: Any Player Quadra Kill?,prop,1,2026-10-08 09:00:00,17.5,No,81952778973474125959982010006165441437671723941250372193625543325425372295886,,,,,0.0,0.0,0.0,0.0,0.0,0.0,0,0,
2026-10-08 08:42:28,1148308,5404915,Game 1: Any Player Penta Kill?,prop,1,2026-10-08 09:00:00,17.5,Yes,30997856257119950568796141145422689294375675133207679633162462155530436350372,,0.4,,,0.0,0.0,0.0,2.0,2.0,2.0,0,1,
2026-10-08 08:42:28,1148308,5404915,Game 1: Any Player Penta Kill?,prop,1,2026-10-08 09:00:00,17.5,No,107736122061818807691580901952087243115409516237677647423144139460699361111212,0.6,,,,3.0,3.0,3.0,0.0,0.0,0.0,1,0,
2026-10-08 08:42:28,1148308,5404916,Game 1: Odd/Even Total Kills?,odd_even,1,2026-10-08 09:00:00,17.5,Odd,99988972205326537139100200548153787457822129817769249325209112277070894756728,0.49,0.51,0.5,0.02,98.0,98.0,98.0,102.0,102.0,102.0,5,4,
2026-10-08 08:42:28,1148308,5404916,Game 1: Odd/Even Total Kills?,odd_even,1,2026-10-08 09:00:00,17.5,Even,59750816069602470429211541876147724518330617907225660391291853671459286883319,0.49,0.51,0.5,0.02,98.0,98.0,98.0,102.0,102.0,102.0,4,5,
2026-10-08 08:42:28,1148308,5404917,Game 2: Both Teams Slay Baron Nashor?,prop,2,2026-10-08 09:00:00,17.5,Yes,9112525753521290789870254090194822931120524725776756276916992476354627102322,0.01,0.99,0.5,0.98,0.96,0.96,0.96,95.03,95.03,95.03,1,1,
2026-10-08 08:42:28,1148308,5404917,Game 2: Both Teams Slay Baron Nashor?,prop,2,2026-10-08 09:00:00,17.5,No,63809538418156703802068928338832144360465078907742978250505991884827907730213,0.01,0.99,0.5,0.98,0.96,0.96,0.96,95.04,95.04,95.04,1,1,
2026-10-08 08:42:28,1148308,5404918,Game 2: Both Teams Slay a Dragon?,prop,2,2026-10-08 09:00:00,17.5,Yes,33909764286783667384918181360221870418048495445044283943075406093342542367918,0.01,0.99,0.5,0.98,0.96,0.96,0.96,95.04,95.04,95.04,1,1,
2026-10-08 08:42:28,1148308,5404918,Game 2: Both Teams Slay a Dragon?,prop,2,2026-10-08 09:00:00,17.5,No,11194442767926458913347769163154741361366472253254146017489487000279224906368,0.01,0.99,0.5,0.98,0.96,0.96,0.96,95.04,95.04,95.04,1,1,
2026-10-08 08:42:28,1148308,5404919,Game 2: Both Teams Destroy Inhibitors?,prop,2,2026-10-08 09:00:00,17.5,Yes,6181758397561841761365499527217907498525348308281567433246344703320418337810,0.01,0.98,0.495,0.97,0.96,0.96,0.96,126.9,126.9,126.9,1,2,
2026-10-08 08:42:28,1148308,5404919,Game 2: Both Teams Destroy Inhibitors?,prop,2,2026-10-08 09:00:00,17.5,No,48393488076710906941792513244702700272916496358036967926261004646852098468134,0.02,0.99,0.505,0.97,2.29,2.29,2.29,95.04,95.04,95.04,2,1,
2026-10-08 08:42:28,1148308,5404920,Game 2: Any Player Quadra Kill?,prop,2,2026-10-08 09:00:00,17.5,Yes,108056427106595099042541773956476353260822841597968828301707796207543533837474,,,,,0.0,0.0,0.0,0.0,0.0,0.0,0,0,
2026-10-08 08:42:28,1148308,5404920,Game 2: Any Player Quadra Kill?,prop,2,2026-10-08 09:00:00,17.5,No,22767030052961639164631144184274712425335907690658420766648555692802868956708,,,,,0.0,0.0,0.0,0.0,0.0,0.0,0,0,
2026-10-08 08:42:28,1148308,5404921,Game 2: Any Player Penta Kill?,prop,2,2026-10-08 09:00:00,17.5,Yes,49131421734778128343682566825062900414732156991730545429069744329878965275112,,,,,0.0,0.0,0.0,0.0,0.0,0.0,0,0,
2026-10-08 08:42:28,1148308,5404921,Game 2: Any Player Penta Kill?,prop,2,2026-10-08 09:00:00,17.5,No,92401306050638467820110454865360582465054298762613346327949605609921656213102,,,,,0.0,0.0,0.0,0.0,0.0,0.0,0,0,
2026-10-08 08:42:28,1148308,5404922,Game 2: Odd/Even Total Kills?,odd_even,2,2026-10-08 09:00:00,17.5,Odd,85731999971202447894550171680121388629555947299240511620121691003564435820507,0.49,0.51,0.5,0.02,98.0,98.0,98.0,102.0,102.0,102.0,4,4,
2026-10-08 08:42:28,1148308,5404922,Game 2: Odd/Even Total Kills?,odd_even,2,2026-10-08 09:00:00,17.5,Even,13538183296179639195478460624833761468833364155744839424781362957788033360690,0.49,0.51,0.5,0.02,98.0,98.0,98.0,102.0,102.0,102.0,4,4,
2026-10-08 08:42:28,1148308,5404923,Game 3: Both Teams Slay Baron Nashor?,prop,3,2026-10-08 09:00:00,17.5,Yes,92989560996857667890729283921447898373493970820290987136211100949365545782988,0.01,0.99,0.5,0.98,0.96,0.96,0.96,95.04,95.04,95.04,1,1,
2026-10-08 08:42:28,1148308,5404923,Game 3: Both Teams Slay Baron Nashor?,prop,3,2026-10-08 09:00:00,17.5,No,75994031747363579859735659870450476883234748727535374370168348582180784661838,0.01,0.99,0.5,0.98,0.96,0.96,0.96,95.04,95.04,95.04,1,1,
2026-10-08 08:42:28,1148308,5404924,Game 3: Both Teams Slay a Dragon?,prop,3,2026-10-08 09:00:00,17.5,Yes,64327937981651923408395421946098535268234192419012324397366005299661492204658,0.03,0.99,0.51,0.96,0.67,0.96,0.96,95.04,95.04,95.04,2,1,
2026-10-08 08:42:28,1148308,5404924,Game 3: Both Teams Slay a Dragon?,prop,3,2026-10-08 09:00:00,17.5,No,7457246009738625317067306997684526577392206077651240971103396942185250309092,0.01,0.97,0.49,0.96,0.96,0.96,0.96,21.59,50.49,50.49,1,2,
2026-10-08 08:42:28,1148308,5404925,Game 3: Both Teams Destroy Inhibitors?,prop,3,2026-10-08 09:00:00,17.5,Yes,8412197124798992140037356591614322789179987210785494712822821077167847274063,0.01,0.98,0.495,0.97,0.96,0.96,0.96,185.24,185.24,185.24,1,2,
2026-10-08 08:42:28,1148308,5404925,Game 3: Both Teams Destroy Inhibitors?,prop,3,2026-10-08 09:00:00,17.5,No,50533522468612415356963355379941197513142865499569736780705485712949352818578,0.02,0.99,0.505,0.97,2.88,2.88,2.88,95.03,95.03,95.03,2,1,
2026-10-08 08:42:28,1148308,5404926,Game 3: Any Player Quadra Kill?,prop,3,2026-10-08 09:00:00,17.5,Yes,61465228904331201637639579471950492837315779233249784975327849971378009340383,,,,,0.0,0.0,0.0,0.0,0.0,0.0,0,0,
2026-10-08 08:42:28,1148308,5404926,Game 3: Any Player Quadra Kill?,prop,3,2026-10-08 09:00:00,17.5,No,108818691178412873645914816514140857956222060250699528394576561261021367458144,,,,,0.0,0.0,0.0,0.0,0.0,0.0,0,0,
2026-10-08 08:42:28,1148308,5404927,Game 3: Any Player Penta Kill?,prop,3,2026-10-08 09:00:00,17.5,Yes,63580985801632133397165503570496737514472691677139832475950047775628793599059,,,,,0.0,0.0,0.0,0.0,0.0,0.0,0,0,
2026-10-08 08:42:28,1148308,5404927,Game 3: Any Player Penta Kill?,prop,3,2026-10-08 09:00:00,17.5,No,105450468740574693117207078769841989686480321599945901454155406896757277590207,,,,,0.0,0.0,0.0,0.0,0.0,0.0,0,0,
2026-10-08 08:42:28,1148308,5404928,Game 3: Odd/Even Total Kills?,odd_even,3,2026-10-08 09:00:00,17.5,Odd,23951389524829733992524271159321709044146488279302308559414473153111056544282,0.03,0.95,0.49,0.92,4.7,4.96,4.96,2863.68,3059.68,3098.28,3,4,
2026-10-08 08:42:28,1148308,5404928,Game 3: Odd/Even Total Kills?,odd_even,3,2026-10-08 09:00:00,17.5,Even,6058401635395593022347006965152997095308447111818946397552023714767354484855,0.05,0.97,0.51,0.92,150.57,154.57,154.96,218.6,244.44,244.44,4,3,
2026-10-08 08:42:28,1148308,5405556,First Blood in Game 1?,first_blood,1,2026-10-08 09:00:00,17.5,FlyQuest,88701631938854123857380263286027814309460636542277002171303099428299986557335,0.04,0.96,0.5,0.92,120.67,120.88,120.88,2898.75,2936.37,2936.37,3,3,
2026-10-08 08:42:28,1148308,5405556,First Blood in Game 1?,first_blood,1,2026-10-08 09:00:00,17.5,RED Canids,21915792120476510605889859183628701065398409389763179141843492496784371267755,0.04,0.96,0.5,0.92,120.58,120.96,120.96,2901.52,2922.37,2922.37,3,3,
2026-10-08 08:42:28,1148308,5405557,First Blood in Game 2?,first_blood,2,2026-10-08 09:00:00,17.5,FlyQuest,89886616504273725880048816723452801161342233385660906516457261355901510387421,0.04,0.96,0.5,0.92,120.66,120.96,120.96,2901.39,2930.93,2930.93,3,3,
2026-10-08 08:42:28,1148308,5405557,First Blood in Game 2?,first_blood,2,2026-10-08 09:00:00,17.5,RED Canids,93444852866459917870049695118109280020970702839814924743605418883017220888522,0.04,0.96,0.5,0.92,120.66,120.96,120.96,2901.39,2930.93,2930.93,3,3,
2026-10-08 08:42:28,1148308,5405558,Total Kills Over/Under 27.5 in Game 1?,total_kills,1,2026-10-08 09:00:00,17.5,Over,7013679442395800020902316136931101924584607350791963396908082239753537538453,0.5,0.56,0.53,0.06,689.07,1095.32,2895.32,224.96,719.71,719.71,15,18,68.66377299999999
2026-10-08 08:42:28,1148308,5405558,Total Kills Over/Under 27.5 in Game 1?,total_kills,1,2026-10-08 09:00:00,17.5,Under,67212003858018753700192211509141328591002970091409621722992859823164531040484,0.44,0.5,0.47,0.06,170.41,525.66,525.66,716.18,1159.93,3359.93,18,15,68.66377299999999
2026-10-08 08:42:28,1148308,5405559,Total Kills Over/Under 27.5 in Game 2?,total_kills,2,2026-10-08 09:00:00,17.5,Over,15581680017747400017541430974710675745017878813387670303347894963087073194030,0.5,0.54,0.52,0.04,263.52,674.34,2714.09,209.6,407.35,697.35,17,17,19.23077
2026-10-08 08:42:28,1148308,5405559,Total Kills Over/Under 27.5 in Game 2?,total_kills,2,2026-10-08 09:00:00,17.5,Under,74944559345525909480275106343873542862465438456588649343432161688817458401918,0.46,0.5,0.48,0.04,171.73,323.98,533.98,273.88,726.23,3211.48,17,17,19.23077
2026-10-08 08:42:28,1148308,5405779,Total Kills Over/Under 30.5 in Game 1?,total_kills,1,2026-10-08 09:00:00,17.5,Over,93036542621585369358702887102567509417101329566222757193240857922327470770225,0.34,0.38,0.36,0.04,182.57,379.65,379.65,36.67,51.3,544.13,14,25,203.89521100000002
2026-10-08 08:42:28,1148308,5405779,Total Kills Over/Under 30.5 in Game 1?,total_kills,1,2026-10-08 09:00:00,17.5,Under,5482001955496204670758799409021733428676049158616757213411054763708130847529,0.62,0.66,0.64,0.04,59.64,81.59,753.83,359.75,778.56,778.56,25,14,203.89521100000002
2026-10-08 08:42:28,1148308,5405780,Total Kills Over/Under 30.5 in Game 2?,total_kills,2,2026-10-08 09:00:00,17.5,Over,22130051959353700515940091071552463325679289116918072404594120340500971454682,0.32,0.4,0.36,0.08,336.06,388.56,388.56,153.75,512.5,512.5,12,21,
2026-10-08 08:42:28,1148308,5405780,Total Kills Over/Under 30.5 in Game 2?,total_kills,2,2026-10-08 09:00:00,17.5,Under,3114640539595181382416908227498083389920809912807060969585819053675986134680,0.6,0.68,0.64,0.08,221.42,712.67,712.67,720.0,842.5,842.5,21,12,
2026-10-08 08:42:28,1148308,5407712,Total Kills Over/Under 24.5 in Game 1?,total_kills,1,2026-10-08 09:00:00,17.5,Over,28857526194148558157275309219406102185660369769885795340680135948903239146610,0.66,0.71,0.685,0.05,496.6,943.32,943.32,254.75,753.25,753.25,24,13,1032.25906
2026-10-08 08:42:28,1148308,5407712,Total Kills Over/Under 24.5 in Game 1?,total_kills,1,2026-10-08 09:00:00,17.5,Under,28600261298056395246374487940319278130562350170307068709031229179551350421438,0.29,0.34,0.315,0.05,101.54,285.91,285.91,266.86,525.95,525.95,13,24,1032.25906
2026-10-08 08:42:28,1148308,5407713,Total Kills Over/Under 24.5 in Game 2?,total_kills,2,2026-10-08 09:00:00,17.5,Over,72157706177674091337028392676304565737862550924476902198914893635804728046111,0.63,0.69,0.66,0.06,491.5,491.5,799.5,379.54,503.79,935.81,18,14,267.515152
2026-10-08 08:42:28,1148308,5407713,Total Kills Over/Under 24.5 in Game 2?,total_kills,2,2026-10-08 09:00:00,17.5,Under,102295770535931025221344642798097385229480497332826535385997635479155099530480,0.31,0.37,0.34,0.06,167.85,218.6,377.14,288.81,288.81,505.81,14,18,267.515152
