ts_utc,event_id,market_id,question,market_kind,game_no,start_time,mins_to_start,outcome,token_id,best_bid,best_ask,mid,spread,bid_depth_1c,bid_depth_3c,bid_depth_5c,ask_cost_1c,ask_cost_3c,ask_cost_5c,n_bid_levels,n_ask_levels,volume
2026-08-02 04:05:00,720804,2985831,LoL: DN SOOPers vs HANJIN BRION - Game 1 Winner,map,1,2026-08-02 08:00:00,235.0,DN SOOPers,42936850482651914409277495257882545988254142261829548050889622816919312279771,0.35,0.36,0.355,0.01,4775.67,7403.95,9081.39,2990.91,6749.42,6925.19,26,27,1235.39052
2026-08-02 04:05:00,720804,2985831,LoL: DN SOOPers vs HANJIN BRION - Game 1 Winner,map,1,2026-08-02 08:00:00,235.0,HANJIN BRION,72300873521014331315996822988962847480647045255728209596012804322177150285029,0.64,0.65,0.645,0.01,5110.08,11188.85,11452.51,9145.47,14490.19,18356.47,27,26,1235.39052
2026-08-02 04:05:00,720804,2985832,LoL: DN SOOPers vs HANJIN BRION - Game 2 Winner,map,2,2026-08-02 08:00:00,235.0,DN SOOPers,6293002078450018823745497893356590572289968249157219729289882040976874389242,0.33,0.34,0.335,0.01,2052.5,3729.28,4438.98,1127.64,1894.82,4138.7,25,38,12815.572985
2026-08-02 04:05:00,720804,2985832,LoL: DN SOOPers vs HANJIN BRION - Game 2 Winner,map,2,2026-08-02 08:00:00,235.0,HANJIN BRION,51651805320304444180996920139489385195635313821107581113327476476510601730075,0.66,0.67,0.665,0.01,2183.5,3510.34,7170.09,4172.06,8033.44,9818.04,38,25,12815.572985
2026-08-02 04:05:00,720804,2985833,LoL: DN SOOPers vs HANJIN BRION (BO3) - LCK Round 3-4 Rise Group,series,,2026-08-02 08:00:00,235.0,DN SOOPers,83920944565793264579009568668732470958333402189187686836848086059640655328512,0.29,0.3,0.295,0.01,40633.68,49957.58,54089.9,9724.45,14382.78,15163.88,25,45,107629.43098699999
2026-08-02 04:05:00,720804,2985833,LoL: DN SOOPers vs HANJIN BRION (BO3) - LCK Round 3-4 Rise Group,series,,2026-08-02 08:00:00,235.0,HANJIN BRION,90142340307548158680285244846463054791996473929800648630886781972830446829292,0.7,0.71,0.705,0.01,21942.59,31684.25,33156.18,102856.45,128164.51,141232.52,45,25,107629.43098699999
2026-08-02 04:05:00,720804,2985834,Games Total: O/U 2.5,total_games,,2026-08-02 08:00:00,235.0,Over,115763001589981841934227916705643778300336986478747747006478743351017049320215,0.44,0.45,0.445,0.01,70.15,1893.78,2746.72,1216.61,11733.19,15762.34,24,24,163.88182799999998
2026-08-02 04:05:00,720804,2985834,Games Total: O/U 2.5,total_games,,2026-08-02 08:00:00,235.0,Under,91801222121802541444761121490344327534075944391096953237840309703647468371038,0.55,0.56,0.555,0.01,1459.08,13300.88,17340.31,92.92,2674.27,3975.17,24,24,163.88182799999998
2026-08-02 04:05:00,720804,2985835,Game Handicap: BRO (-1.5) vs DN SOOPers (+1.5),handicap,,2026-08-02 08:00:00,235.0,HANJIN BRION,2478818261239720677086675483799167438612949482205213347168593674700102622629,0.43,0.44,0.435,0.01,2708.82,5912.25,10692.25,27925.73,48861.37,54462.98,31,30,45981.379238999994
2026-08-02 04:05:00,720804,2985835,Game Handicap: BRO (-1.5) vs DN SOOPers (+1.5),handicap,,2026-08-02 08:00:00,235.0,DN SOOPers,94834555477028424709848351439230010185388394524770172258089704477087868641163,0.56,0.57,0.565,0.01,34363.58,58460.46,64291.37,3715.7,8332.48,16052.48,30,31,45981.379238999994
2026-08-02 04:05:00,720804,2985836,Game 1: Both Teams Slay Baron Nashor?,prop,1,2026-08-02 08:00:00,235.0,Yes,44915640594729569087625676620306222412980590579084678991395292033371931560827,0.07,0.26,0.165,0.19,119.67,122.05,138.0,103.33,103.33,103.33,6,16,
2026-08-02 04:05:00,720804,2985836,Game 1: Both Teams Slay Baron Nashor?,prop,1,2026-08-02 08:00:00,235.0,No,37113967443673178032629187181708940461213139311985080295449837338299072323374,0.74,0.93,0.835,0.19,294.1,294.1,294.1,1589.88,1645.09,2381.77,16,6,
2026-08-02 04:05:00,720804,2985837,Game 1: Both Teams Slay a Dragon?,prop,1,2026-08-02 08:00:00,235.0,Yes,81561078706992361174610681826983342457210813688240521193883827615449787089945,0.63,0.78,0.705,0.15,291.51,291.51,291.51,87.58,814.18,823.94,17,14,
2026-08-02 04:05:00,720804,2985837,Game 1: Both Teams Slay a Dragon?,prop,1,2026-08-02 08:00:00,235.0,No,9907281152142873042160819340133770082139172884764291314030269990598666965984,0.22,0.37,0.295,0.15,23.42,205.07,207.07,171.2,171.2,171.2,14,17,
2026-08-02 04:05:00,720804,2985838,Game 1: Both Teams Destroy Inhibitors?,prop,1,2026-08-02 08:00:00,235.0,Yes,71475961584450706233230360574834962522669953698100028735480553421773518962446,0.06,0.2,0.13,0.14,1.45,6.36,11.18,73.49,73.49,73.49,5,19,
2026-08-02 04:05:00,720804,2985838,Game 1: Both Teams Destroy Inhibitors?,prop,1,2026-08-02 08:00:00,235.0,No,96176116817715510739061517798906786856670574020691174289854703473183525042907,0.8,0.94,0.87,0.14,293.96,293.96,293.96,22.75,177.88,643.21,19,5,
2026-08-02 04:05:00,720804,2985839,Game 1: Any Player Quadra Kill?,prop,1,2026-08-02 08:00:00,235.0,Yes,16493390525368333199018739796614614378465922969488141913346132696092540481996,0.07,0.5,0.285,0.43,283.36,283.36,299.12,283.36,283.36,283.36,4,15,
2026-08-02 04:05:00,720804,2985839,Game 1: Any Player Quadra Kill?,prop,1,2026-08-02 08:00:00,235.0,No,56347653585494781062554189637614748771006399122103141423346716304631011312144,0.5,0.93,0.715,0.43,283.36,283.36,283.36,3764.64,3764.64,4503.62,15,4,
2026-08-02 04:05:00,720804,2985840,Game 1: Any Player Penta Kill?,prop,1,2026-08-02 08:00:00,235.0,Yes,49668406403014705401245867535537092853662595481221175539691493508867265252416,0.02,0.49,0.255,0.47,283.96,283.96,283.96,302.47,302.47,302.47,2,17,
2026-08-02 04:05:00,720804,2985840,Game 1: Any Player Penta Kill?,prop,1,2026-08-02 08:00:00,235.0,No,392322018462975303761146965828888407897620802810361622816977224642104664346,0.51,0.98,0.745,0.47,303.25,303.25,303.25,28087.04,28087.04,28087.04,17,2,
2026-08-02 04:05:00,720804,2985841,Game 1: Odd/Even Total Kills?,odd_even,1,2026-08-02 08:00:00,235.0,Odd,64592549155132161597723277379753760434816316220798779424330799858113165111831,0.49,0.51,0.5,0.02,127.39,149.37,433.99,133.65,159.46,507.32,18,18,
2026-08-02 04:05:00,720804,2985841,Game 1: Odd/Even Total Kills?,odd_even,1,2026-08-02 08:00:00,235.0,Even,22354129330778337787211517449131111296157517049169544234741909359794225096802,0.49,0.51,0.5,0.02,127.39,149.37,433.99,133.65,159.46,507.32,18,18,
2026-08-02 04:05:00,720804,2985842,Game 2: Both Teams Slay Baron Nashor?,prop,2,2026-08-02 08:00:00,235.0,Yes,57194722881652722287778928856899256552760339229401704787654609080883199550511,0.07,0.26,0.165,0.19,119.67,122.05,138.0,103.33,103.33,103.33,6,15,
2026-08-02 04:05:00,720804,2985842,Game 2: Both Teams Slay Baron Nashor?,prop,2,2026-08-02 08:00:00,235.0,No,59374135450969641428260528220646082053630355448275032123355014422228661214328,0.74,0.93,0.835,0.19,294.1,294.1,294.1,1589.88,1645.09,2381.77,15,6,
2026-08-02 04:05:00,720804,2985843,Game 2: Both Teams Slay a Dragon?,prop,2,2026-08-02 08:00:00,235.0,Yes,16761207663700929763930895000870044109436239314614467819259826218322025602414,0.63,0.78,0.705,0.15,291.51,291.51,291.51,87.58,814.18,823.94,16,14,
2026-08-02 04:05:00,720804,2985843,Game 2: Both Teams Slay a Dragon?,prop,2,2026-08-02 08:00:00,235.0,No,91053011289502335373332454164570546553687856896383620203832129814970866007559,0.22,0.37,0.295,0.15,23.42,205.07,207.07,171.2,171.2,171.2,14,16,
2026-08-02 04:05:00,720804,2985844,Game 2: Both Teams Destroy Inhibitors?,prop,2,2026-08-02 08:00:00,235.0,Yes,72080657131222492875722184018671784613358675618683575643423920669409123373805,0.06,0.2,0.13,0.14,1.45,6.36,11.18,73.49,73.49,73.49,5,18,
2026-08-02 04:05:00,720804,2985844,Game 2: Both Teams Destroy Inhibitors?,prop,2,2026-08-02 08:00:00,235.0,No,76575595827436686508796323618238841350839192478819249193882303206472590522650,0.8,0.94,0.87,0.14,293.96,293.96,293.96,22.75,177.88,643.21,18,5,
2026-08-02 04:05:00,720804,2985845,Game 2: Any Player Quadra Kill?,prop,2,2026-08-02 08:00:00,235.0,Yes,76246363645423051975364496046855254236794026710696233410148462217483517468912,0.07,0.5,0.285,0.43,283.36,283.36,299.12,283.36,283.36,283.36,4,16,
2026-08-02 04:05:00,720804,2985845,Game 2: Any Player Quadra Kill?,prop,2,2026-08-02 08:00:00,235.0,No,82952967493967711298009068236655995385276954244991565434629591429951419785253,0.5,0.93,0.715,0.43,283.36,283.36,283.36,3764.64,3764.64,4503.62,16,4,
2026-08-02 04:05:00,720804,2985846,Game 2: Any Player Penta Kill?,prop,2,2026-08-02 08:00:00,235.0,Yes,32202589203000764524594958432996792352023689136584650862389425963534626513896,0.02,0.47,0.245,0.45,283.96,283.96,283.96,21.08,304.44,304.44,2,17,
2026-08-02 04:05:00,720804,2985846,Game 2: Any Player Penta Kill?,prop,2,2026-08-02 08:00:00,235.0,No,41247326107088233542428794448520019157752700819922175251278359525383173138072,0.53,0.98,0.755,0.45,23.62,306.98,306.98,28087.04,28087.04,28087.04,17,2,
2026-08-02 04:05:00,720804,2985847,Game 2: Odd/Even Total Kills?,odd_even,2,2026-08-02 08:00:00,235.0,Odd,14101125707317252499556366876532811859229089743435541998693959506889109440513,0.49,0.51,0.5,0.02,127.39,149.37,433.99,133.65,159.46,507.32,18,18,
2026-08-02 04:05:00,720804,2985847,Game 2: Odd/Even Total Kills?,odd_even,2,2026-08-02 08:00:00,235.0,Even,112433670667782516872456707749946291262697470726766165959272619193571438860014,0.49,0.51,0.5,0.02,127.39,149.37,433.99,133.65,159.46,507.32,18,18,
2026-08-02 04:05:00,720804,2985848,Game 3: Both Teams Slay Baron Nashor?,prop,3,2026-08-02 08:00:00,235.0,Yes,104136964712435805736220279460301224337589608756593979191221375998315537578826,0.07,0.95,0.51,0.88,284.88,285.36,301.22,29.92,154.11,379.51,6,5,
2026-08-02 04:05:00,720804,2985848,Game 3: Both Teams Slay Baron Nashor?,prop,3,2026-08-02 08:00:00,235.0,No,58227032133651406364524656801923559562496425913687094624385449611629670118018,0.05,0.93,0.49,0.88,1.33,4.14,6.41,4459.48,4470.94,5207.01,5,6,
2026-08-02 04:05:00,720804,2985849,Game 3: Both Teams Slay a Dragon?,prop,3,2026-08-02 08:00:00,235.0,Yes,62359769166445215506801265907978402615199925175015226504522160105921437334234,0.05,0.78,0.415,0.73,1.29,4.24,6.52,1152.55,1152.55,1169.15,5,13,
2026-08-02 04:05:00,720804,2985849,Game 3: Both Teams Slay a Dragon?,prop,3,2026-08-02 08:00:00,235.0,No,83654870348198823667332595091134305392760162249370758365244315399177123554265,0.22,0.95,0.585,0.73,307.78,307.78,311.18,29.5,157.94,384.33,13,5,
2026-08-02 04:05:00,720804,2985850,Game 3: Both Teams Destroy Inhibitors?,prop,3,2026-08-02 08:00:00,235.0,Yes,15560581673514295406323370069329485324079403980988726489321483925152219020603,0.06,0.95,0.505,0.89,1.85,287.69,290.06,29.54,166.73,382.53,6,5,
2026-08-02 04:05:00,720804,2985850,Game 3: Both Teams Destroy Inhibitors?,prop,3,2026-08-02 08:00:00,235.0,No,35084658982496356177161118423351755624835829136464432164708520782096827818976,0.05,0.94,0.495,0.89,1.31,4.41,6.59,30.34,6911.17,7140.97,5,6,
2026-08-02 04:05:00,720804,2985851,Game 3: Any Player Quadra Kill?,prop,3,2026-08-02 08:00:00,235.0,Yes,75468224762988852590066020869645592387061629400786739342571011064205596141274,0.07,0.98,0.525,0.91,283.36,283.36,299.12,232.4,232.4,232.4,4,2,
2026-08-02 04:05:00,720804,2985851,Game 3: Any Player Quadra Kill?,prop,3,2026-08-02 08:00:00,235.0,No,74647852821951903964313502511589443983089513099015021935729078044895223408021,0.02,0.93,0.475,0.91,2.6,2.6,2.6,3764.64,3764.64,4503.62,2,4,
2026-08-02 04:05:00,720804,2985852,Game 3: Any Player Penta Kill?,prop,3,2026-08-02 08:00:00,235.0,Yes,107684476421773351543830332455122213678091807083550082965983665787711393740939,0.17,0.98,0.575,0.81,2.88,2.88,2.88,232.4,232.4,232.4,5,2,
2026-08-02 04:05:00,720804,2985852,Game 3: Any Player Penta Kill?,prop,3,2026-08-02 08:00:00,235.0,No,106156280359148725335259783092663119689979144099409849171363101956551129219138,0.02,0.83,0.425,0.81,2.6,2.6,2.6,14.82,14.82,14.82,2,5,
2026-08-02 04:05:00,720804,2985853,Game 3: Odd/Even Total Kills?,odd_even,3,2026-08-02 08:00:00,235.0,Odd,75183633087080408500425823268702677619156746674341626211978771280711642562797,0.49,0.51,0.5,0.02,127.39,149.37,433.99,133.65,159.46,507.32,18,18,
2026-08-02 04:05:00,720804,2985853,Game 3: Odd/Even Total Kills?,odd_even,3,2026-08-02 08:00:00,235.0,Even,28081118088313904661731832500271423416547915012124693594931517615532487909024,0.49,0.51,0.5,0.02,127.39,149.37,433.99,133.65,159.46,507.32,18,18,
2026-08-02 04:05:00,743170,3080856,LoL: ThunderTalk Gaming vs Team WE - Game 1 Winner,map,1,2026-08-02 07:00:00,175.0,ThunderTalk Gaming,72496135746065500247901246672311988779275411906571209759439852708611576071027,0.37,0.38,0.375,0.01,2966.4,7352.39,8214.14,2064.43,4139.41,7958.44,28,33,2592.500632
2026-08-02 04:05:00,743170,3080856,LoL: ThunderTalk Gaming vs Team WE - Game 1 Winner,map,1,2026-08-02 07:00:00,175.0,Team WE,86406897272144859430606590863571410444264660567962881318145059910183257772933,0.62,0.63,0.625,0.01,3236.2,6300.99,11442.04,5226.3,13615.97,15386.26,33,28,2592.500632
2026-08-02 04:05:00,743170,3080857,LoL: ThunderTalk Gaming vs Team WE - Game 2 Winner,map,2,2026-08-02 07:00:00,175.0,ThunderTalk Gaming,76752916551697359157851234269297016591012843522959969977805224055761398575042,0.37,0.38,0.375,0.01,2479.13,4110.41,5316.97,174.72,775.08,2326.52,26,27,283.420404
2026-08-02 04:05:00,743170,3080857,LoL: ThunderTalk Gaming vs Team WE - Game 2 Winner,map,2,2026-08-02 07:00:00,175.0,Team WE,65010317623213437982030806655308793500445270659341039623165426683797274071506,0.62,0.63,0.625,0.01,279.28,1166.9,3257.49,4369.97,7465.75,9936.11,27,26,283.420404
2026-08-02 04:05:00,743170,3080858,LoL: ThunderTalk Gaming vs Team WE (BO3) - LPL Group Ascend,series,,2026-08-02 07:00:00,175.0,ThunderTalk Gaming,102071153892246039627048034194967021680193759805083679061162745293075874048047,0.32,0.33,0.325,0.01,21594.52,32654.18,37605.7,3902.92,17755.8,21736.07,24,43,50367.013747999976
2026-08-02 04:05:00,743170,3080858,LoL: ThunderTalk Gaming vs Team WE (BO3) - LPL Group Ascend,series,,2026-08-02 07:00:00,175.0,Team WE,107302480629937459746801418935680895835862951318163699611993485492174680492656,0.67,0.68,0.675,0.01,7704.8,32976.03,39687.23,47287.4,73824.41,86951.16,43,24,50367.013747999976
2026-08-02 04:05:00,743170,3080859,Games Total: O/U 2.5,total_games,,2026-08-02 07:00:00,175.0,Over,107594494912723104964093717822186803561399283167752733293344196473822150830801,0.46,0.47,0.465,0.01,1068.65,5113.35,6313.22,9700.05,13948.79,16591.4,25,25,996.993588
2026-08-02 04:05:00,743170,3080859,Games Total: O/U 2.5,total_games,,2026-08-02 07:00:00,175.0,Under,13195949740986299733115750603639707489456064739889325747062719688400177484721,0.53,0.54,0.535,0.01,10509.76,14861.87,17346.72,1303.61,6607.85,8281.87,25,25,996.993588
2026-08-02 04:05:00,743170,3080860,Game Handicap: WE (-1.5) vs ThunderTalk Gaming (+1.5),handicap,,2026-08-02 07:00:00,175.0,Team WE,72898904332442991379697379372607989319613847572204270780556694513998511299687,0.4,0.41,0.405,0.01,5471.7,7294.28,7628.19,6274.88,16159.51,17393.07,31,34,12964.903612999997
2026-08-02 04:05:00,743170,3080860,Game Handicap: WE (-1.5) vs ThunderTalk Gaming (+1.5),handicap,,2026-08-02 07:00:00,175.0,ThunderTalk Gaming,50834236677980205127685734657806100902200221308325695417181113975675617751500,0.59,0.6,0.595,0.01,8674.58,21472.07,22965.65,8543.19,11559.94,12178.28,34,31,12964.903612999997
2026-08-02 04:05:00,743170,3080861,Game 1: Both Teams Slay Baron Nashor?,prop,1,2026-08-02 07:00:00,175.0,Yes,576199460582024193100725101261977861313235933865014426802032541129552297770,0.05,0.31,0.18,0.26,123.55,137.71,166.78,137.8,137.8,137.8,5,18,
2026-08-02 04:05:00,743170,3080861,Game 1: Both Teams Slay Baron Nashor?,prop,1,2026-08-02 07:00:00,175.0,No,39148998634785957714637765512152768766586838959238901897071669687131023587459,0.69,0.95,0.82,0.26,306.72,306.72,306.72,2349.83,3030.49,5909.17,18,5,
2026-08-02 04:05:00,743170,3080862,Game 1: Both Teams Slay a Dragon?,prop,1,2026-08-02 07:00:00,175.0,Yes,12798444312028531986523161040093625635680994958660481961288482187110266231846,0.52,0.78,0.65,0.26,148.36,156.86,156.86,62.2,62.2,62.2,19,15,6.405061
2026-08-02 04:05:00,743170,3080862,Game 1: Both Teams Slay a Dragon?,prop,1,2026-08-02 07:00:00,175.0,No,77088962572483445588626120910059447941522620776186008716249040366097850926880,0.22,0.48,0.35,0.26,16.7,16.7,16.7,141.6,150.1,150.1,15,19,6.405061
2026-08-02 04:05:00,743170,3080863,Game 1: Both Teams Destroy Inhibitors?,prop,1,2026-08-02 07:00:00,175.0,Yes,23431616529800285954157853389995618720561419057686883100386442761747625637104,0.04,0.25,0.145,0.21,0.83,5.29,5.29,102.24,102.24,102.24,4,18,
2026-08-02 04:05:00,743170,3080863,Game 1: Both Teams Destroy Inhibitors?,prop,1,2026-08-02 07:00:00,175.0,No,66554463746156474753360063073089192961440136242626809840747100770144773363381,0.75,0.96,0.855,0.21,306.72,306.72,306.72,23.94,352.58,352.58,18,4,
2026-08-02 04:05:00,743170,3080864,Game 1: Any Player Quadra Kill?,prop,1,2026-08-02 07:00:00,175.0,Yes,22455107191123144705981038449625131671221453070883782041240941374293880968288,0.07,0.5,0.285,0.43,283.36,283.36,299.12,283.36,283.36,283.36,4,14,
2026-08-02 04:05:00,743170,3080864,Game 1: Any Player Quadra Kill?,prop,1,2026-08-02 07:00:00,175.0,No,57661462033981889980416103903558356629279739546061415204700512894530729898269,0.5,0.93,0.715,0.43,283.36,283.36,283.36,3764.64,3764.64,4503.62,14,4,
2026-08-02 04:05:00,743170,3080865,Game 1: Any Player Penta Kill?,prop,1,2026-08-02 07:00:00,175.0,Yes,38163109940135782122194759258784261278998733099801323596701954770736607626752,0.02,0.47,0.245,0.45,283.96,283.96,283.96,40.71,324.07,324.07,2,16,
2026-08-02 04:05:00,743170,3080865,Game 1: Any Player Penta Kill?,prop,1,2026-08-02 07:00:00,175.0,No,18263507673053474198234050929721878908174235128213603833935283248455845943858,0.53,0.98,0.755,0.45,44.9,328.26,328.26,28087.04,28087.04,28087.04,16,2,
2026-08-02 04:05:00,743170,3080866,Game 1: Odd/Even Total Kills?,odd_even,1,2026-08-02 07:00:00,175.0,Odd,85798990390253236886572130022554634660940011863431591207755224338342575313983,0.49,0.51,0.5,0.02,150.33,210.6,569.08,172.02,227.97,621.49,21,20,
2026-08-02 04:05:00,743170,3080866,Game 1: Odd/Even Total Kills?,odd_even,1,2026-08-02 07:00:00,175.0,Even,47936515113103876354401977929271863637215537317870382878338698939378687308220,0.49,0.51,0.5,0.02,162.81,210.86,532.82,158.5,228.23,668.23,20,21,
2026-08-02 04:05:00,743170,3080867,Game 2: Both Teams Slay Baron Nashor?,prop,2,2026-08-02 07:00:00,175.0,Yes,60281269953928099872331843176728418985547710930507954182708820022609808669897,0.06,0.31,0.185,0.25,125.45,128.13,167.7,137.8,137.8,137.8,6,17,
2026-08-02 04:05:00,743170,3080867,Game 2: Both Teams Slay Baron Nashor?,prop,2,2026-08-02 07:00:00,175.0,No,54226307805103642247368181146777059036318134178988043479524344500872140305962,0.69,0.94,0.815,0.25,306.72,306.72,306.72,1973.28,2055.78,5404.85,17,6,
2026-08-02 04:05:00,743170,3080868,Game 2: Both Teams Slay a Dragon?,prop,2,2026-08-02 07:00:00,175.0,Yes,29739434282903929326119644557308650803403459184094521455401480492552851758792,0.5,0.79,0.645,0.29,8.5,8.5,8.5,31.98,31.98,47.85,21,14,6.405061
2026-08-02 04:05:00,743170,3080868,Game 2: Both Teams Slay a Dragon?,prop,2,2026-08-02 07:00:00,175.0,No,115189779164715499661096663266273794100452504398581109422822509223165504997016,0.21,0.5,0.355,0.29,8.5,8.5,11.52,8.5,8.5,8.5,14,21,6.405061
2026-08-02 04:05:00,743170,3080869,Game 2: Both Teams Destroy Inhibitors?,prop,2,2026-08-02 07:00:00,175.0,Yes,88990911960391494970969025618777169053962523897236517506343545936592821417150,0.04,0.25,0.145,0.21,0.98,5.33,5.33,102.24,102.24,102.24,4,18,
2026-08-02 04:05:00,743170,3080869,Game 2: Both Teams Destroy Inhibitors?,prop,2,2026-08-02 07:00:00,175.0,No,10524318344677108875682344365087472988103237322063807998004848565189515778420,0.75,0.96,0.855,0.21,306.72,306.72,306.72,27.74,348.72,348.72,18,4,
2026-08-02 04:05:00,743170,3080870,Game 2: Any Player Quadra Kill?,prop,2,2026-08-02 07:00:00,175.0,Yes,60151038950673183831317840708733437193639535219371433492499517893097352170958,0.07,0.5,0.285,0.43,283.36,283.36,299.12,283.36,283.36,283.36,4,14,
2026-08-02 04:05:00,743170,3080870,Game 2: Any Player Quadra Kill?,prop,2,2026-08-02 07:00:00,175.0,No,96670306229134967862342679387306668871486431855351232811714354282383437049694,0.5,0.93,0.715,0.43,283.36,283.36,283.36,3764.64,3764.64,4503.62,14,4,
2026-08-02 04:05:00,743170,3080871,Game 2: Any Player Penta Kill?,prop,2,2026-08-02 07:00:00,175.0,Yes,85436915482113046069979555825963002631887797266173136356295138827309011750777,0.02,0.49,0.255,0.47,283.96,283.96,283.96,302.47,302.47,302.47,2,15,
2026-08-02 04:05:00,743170,3080871,Game 2: Any Player Penta Kill?,prop,2,2026-08-02 07:00:00,175.0,No,18077218119331989121746877984118590164679237634729750935595601490676077255075,0.51,0.98,0.745,0.47,303.25,303.25,303.25,28087.04,28087.04,28087.04,15,2,
2026-08-02 04:05:00,743170,3080872,Game 2: Odd/Even Total Kills?,odd_even,2,2026-08-02 07:00:00,175.0,Odd,34489811684252406008666584709129492333999413412636899041454268250718879985571,0.49,0.51,0.5,0.02,150.33,210.6,569.08,172.02,227.97,621.49,22,20,
2026-08-02 04:05:00,743170,3080872,Game 2: Odd/Even Total Kills?,odd_even,2,2026-08-02 07:00:00,175.0,Even,54240670553404029184267189483971374359932954287994832023836725546285071185760,0.49,0.51,0.5,0.02,162.81,210.86,532.82,158.5,228.23,668.23,20,22,
2026-08-02 04:05:00,743170,3080873,Game 3: Both Teams Slay Baron Nashor?,prop,3,2026-08-02 07:00:00,175.0,Yes,57811859513176873940762138997441201835014358696460679905995989548048354540264,0.07,0.95,0.51,0.88,283.78,284.53,299.98,18.84,132.38,358.14,6,5,
2026-08-02 04:05:00,743170,3080873,Game 3: Both Teams Slay Baron Nashor?,prop,3,2026-08-02 07:00:00,175.0,No,51295536053704709752778560732608776452578283468330820057353695324319173655698,0.05,0.93,0.49,0.88,0.86,3.26,5.54,4444.83,4462.82,5186.93,5,6,
2026-08-02 04:05:00,743170,3080874,Game 3: Both Teams Slay a Dragon?,prop,3,2026-08-02 07:00:00,175.0,Yes,58179717417989811646094036412121479543745227457593444191940365470656571742504,0.05,0.78,0.415,0.73,0.9,3.26,5.54,1143.97,1143.97,1160.57,5,14,
2026-08-02 04:05:00,743170,3080874,Game 3: Both Teams Slay a Dragon?,prop,3,2026-08-02 07:00:00,175.0,No,87343980035439006519000360405908787631260216234022290897341333211611511248508,0.22,0.95,0.585,0.73,305.36,305.36,308.76,19.41,132.66,358.45,14,5,
2026-08-02 04:05:00,743170,3080875,Game 3: Both Teams Destroy Inhibitors?,prop,3,2026-08-02 07:00:00,175.0,Yes,74678058446583988767533004421742293971027577469169916019811692511985126363708,0.05,0.95,0.5,0.9,283.75,286.42,288.69,18.84,124.17,346.1,5,5,
2026-08-02 04:05:00,743170,3080875,Game 3: Both Teams Destroy Inhibitors?,prop,3,2026-08-02 07:00:00,175.0,No,82798674080384483807860851761423273009124194055854717645716960582960189361391,0.05,0.95,0.5,0.9,0.86,3.09,5.33,6807.95,6927.86,7152.7,5,5,
2026-08-02 04:05:00,743170,3080876,Game 3: Any Player Quadra Kill?,prop,3,2026-08-02 07:00:00,175.0,Yes,58611970458737825773401922102759993341146813236760305689783843601007398487475,0.07,0.98,0.525,0.91,283.36,283.36,299.12,232.4,232.4,232.4,4,2,
2026-08-02 04:05:00,743170,3080876,Game 3: Any Player Quadra Kill?,prop,3,2026-08-02 07:00:00,175.0,No,74171810259521672240665790528210581675653866689973453247559598379119949082738,0.02,0.93,0.475,0.91,2.6,2.6,2.6,3764.64,3764.64,4503.62,2,4,
2026-08-02 04:05:00,743170,3080877,Game 3: Any Player Penta Kill?,prop,3,2026-08-02 07:00:00,175.0,Yes,97607285599517336378648008255312059463093287548866171938351083344468544698733,0.05,0.98,0.515,0.93,28.65,29.15,312.61,232.4,232.4,232.4,3,2,
2026-08-02 04:05:00,743170,3080877,Game 3: Any Player Penta Kill?,prop,3,2026-08-02 07:00:00,175.0,No,82175050981495448282087797319073848820595273522692792734078876229291900381358,0.02,0.95,0.485,0.93,2.6,2.6,2.6,544.35,568.85,28631.39,2,3,
2026-08-02 04:05:00,743170,3080878,Game 3: Odd/Even Total Kills?,odd_even,3,2026-08-02 07:00:00,175.0,Odd,113990004661101788122433090480026356333967410198432683291909606912670499759571,0.49,0.51,0.5,0.02,150.33,210.6,569.08,174.62,230.57,624.09,21,19,
2026-08-02 04:05:00,743170,3080878,Game 3: Odd/Even Total Kills?,odd_even,3,2026-08-02 07:00:00,175.0,Even,53396382081016235460482594245617775159364750738670615857179991954098728405392,0.49,0.51,0.5,0.02,165.21,213.26,535.22,158.5,228.23,668.23,19,21,
2026-08-02 04:05:00,743170,3247363,First Blood in Game 1?,first_blood,1,2026-08-02 07:00:00,175.0,ThunderTalk Gaming,37857650446906043848386849190232009781019679134557605636863633397679278721948,0.43,0.48,0.455,0.05,183.93,183.93,183.93,549.27,1459.77,1663.61,13,14,
2026-08-02 04:05:00,743170,3247363,First Blood in Game 1?,first_blood,1,2026-08-02 07:00:00,175.0,Team WE,104852352619923993034857752108294319586139334267455221962018021958633239346502,0.52,0.57,0.545,0.05,573.73,1484.23,1672.39,243.81,243.81,243.81,14,13,
2026-08-02 04:05:00,743170,3247364,First Blood in Game 2?,first_blood,2,2026-08-02 07:00:00,175.0,ThunderTalk Gaming,49805343744222079587811403498521461301652487360378428401792515699102072258747,0.44,0.48,0.46,0.04,230.13,230.13,230.13,548.29,1110.81,1314.65,12,14,16.833332
2026-08-02 04:05:00,743170,3247364,First Blood in Game 2?,first_blood,2,2026-08-02 07:00:00,175.0,Team WE,34975173646955613892802071928251257769371851774569031753455446770178410293492,0.52,0.56,0.54,0.04,572.71,1133.19,1321.35,302.61,302.61,302.61,14,12,16.833332
2026-08-02 04:05:00,743170,3247365,Total Kills Over/Under 30.5 in Game 1?,total_kills,1,2026-08-02 07:00:00,175.0,Over,20089612397959481715540428001947492272136532425413320288741789644696953347047,0.49,0.51,0.5,0.02,514.58,896.02,896.02,537.71,1117.17,1609.73,13,16,36.974356
2026-08-02 04:05:00,743170,3247365,Total Kills Over/Under 30.5 in Game 1?,total_kills,1,2026-08-02 07:00:00,175.0,Under,48583361312674351102955994336714978409432370604740795969667004880847883586088,0.49,0.51,0.5,0.02,514.67,1009.21,1404.15,556.42,986.55,986.55,16,13,36.974356
2026-08-02 04:05:00,743170,3247366,Total Kills Over/Under 30.5 in Game 2?,total_kills,2,2026-08-02 07:00:00,175.0,Over,102341512262568194433893674327876736367357950404093760308808076682839535952801,0.49,0.52,0.505,0.03,516.02,901.37,901.37,630.26,874.56,874.56,13,13,17.962263
2026-08-02 04:05:00,743170,3247366,Total Kills Over/Under 30.5 in Game 2?,total_kills,2,2026-08-02 07:00:00,175.0,Under,81591286331832699111309387511420548545728045115256401081280741169608168963352,0.48,0.51,0.495,0.03,561.74,761.62,761.62,557.98,1010.35,1010.35,13,13,17.962263
2026-08-02 04:10:40,720804,2985831,LoL: DN SOOPers vs HANJIN BRION - Game 1 Winner,map,1,2026-08-02 08:00:00,229.3,DN SOOPers,42936850482651914409277495257882545988254142261829548050889622816919312279771,0.35,0.36,0.355,0.01,4775.67,7411.95,9121.32,3043.29,6801.8,6937.29,28,28,1235.39052
2026-08-02 04:10:40,720804,2985831,LoL: DN SOOPers vs HANJIN BRION - Game 1 Winner,map,1,2026-08-02 08:00:00,229.3,HANJIN BRION,72300873521014331315996822988962847480647045255728209596012804322177150285029,0.64,0.65,0.645,0.01,5200.62,11279.39,11482.63,9145.47,14507.19,18446.54,28,28,1235.39052
2026-08-02 04:10:40,720804,2985832,LoL: DN SOOPers vs HANJIN BRION - Game 2 Winner,map,2,2026-08-02 08:00:00,229.3,DN SOOPers,6293002078450018823745497893356590572289968249157219729289882040976874389242,0.33,0.34,0.335,0.01,2060.5,3750.61,4484.22,1136.39,1919.05,4187.11,27,41,12815.572985
2026-08-02 04:10:40,720804,2985832,LoL: DN SOOPers vs HANJIN BRION - Game 2 Winner,map,2,2026-08-02 08:00:00,229.3,HANJIN BRION,51651805320304444180996920139489385195635313821107581113327476476510601730075,0.66,0.67,0.665,0.01,2199.75,3554.11,7251.68,4189.06,8080.11,9917.98,41,27,12815.572985
2026-08-02 04:10:40,720804,2985833,LoL: DN SOOPers vs HANJIN BRION (BO3) - LCK Round 3-4 Rise Group,series,,2026-08-02 08:00:00,229.3,DN SOOPers,83920944565793264579009568668732470958333402189187686836848086059640655328512,0.29,0.3,0.295,0.01,41474.94,50648.88,54944.29,9884.85,14210.35,15166.45,25,43,107629.43098699999
2026-08-02 04:10:40,720804,2985833,LoL: DN SOOPers vs HANJIN BRION (BO3) - LCK Round 3-4 Rise Group,series,,2026-08-02 08:00:00,229.3,HANJIN BRION,90142340307548158680285244846463054791996473929800648630886781972830446829292,0.7,0.71,0.705,0.01,22305.19,31343.4,33140.33,105014.37,129922.07,143499.31,43,25,107629.43098699999
2026-08-02 04:10:40,720804,2985834,Games Total: O/U 2.5,total_games,,2026-08-02 08:00:00,229.3,Over,115763001589981841934227916705643778300336986478747747006478743351017049320215,0.44,0.45,0.445,0.01,0.17,1089.4,1864.65,652.39,11160.05,15189.2,24,25,163.88182799999998
2026-08-02 04:10:40,720804,2985834,Games Total: O/U 2.5,total_games,,2026-08-02 08:00:00,229.3,Under,91801222121802541444761121490344327534075944391096953237840309703647468371038,0.55,0.56,0.555,0.01,769.49,12601.61,16641.04,0.22,1561.34,2746.95,25,24,163.88182799999998
2026-08-02 04:10:40,720804,2985835,Game Handicap: BRO (-1.5) vs DN SOOPers (+1.5),handicap,,2026-08-02 08:00:00,229.3,HANJIN BRION,2478818261239720677086675483799167438612949482205213347168593674700102622629,0.43,0.44,0.435,0.01,2708.82,5912.25,10692.25,27923.53,48859.17,54460.78,31,30,45981.379238999994
2026-08-02 04:10:40,720804,2985835,Game Handicap: BRO (-1.5) vs DN SOOPers (+1.5),handicap,,2026-08-02 08:00:00,229.3,DN SOOPers,94834555477028424709848351439230010185388394524770172258089704477087868641163,0.56,0.57,0.565,0.01,34360.78,58457.66,64288.57,3715.7,8332.48,16052.48,30,31,45981.379238999994
2026-08-02 04:10:40,720804,2985836,Game 1: Both Teams Slay Baron Nashor?,prop,1,2026-08-02 08:00:00,229.3,Yes,44915640594729569087625676620306222412980590579084678991395292033371931560827,0.07,0.26,0.165,0.19,119.67,122.05,138.0,103.33,103.33,103.33,6,16,
2026-08-02 04:10:40,720804,2985836,Game 1: Both Teams Slay Baron Nashor?,prop,1,2026-08-02 08:00:00,229.3,No,37113967443673178032629187181708940461213139311985080295449837338299072323374,0.74,0.93,0.835,0.19,294.1,294.1,294.1,1589.88,1645.09,2381.77,16,6,
2026-08-02 04:10:40,720804,2985837,Game 1: Both Teams Slay a Dragon?,prop,1,2026-08-02 08:00:00,229.3,Yes,81561078706992361174610681826983342457210813688240521193883827615449787089945,0.63,0.78,0.705,0.15,291.51,291.51,291.51,87.58,814.18,823.94,17,14,
2026-08-02 04:10:40,720804,2985837,Game 1: Both Teams Slay a Dragon?,prop,1,2026-08-02 08:00:00,229.3,No,9907281152142873042160819340133770082139172884764291314030269990598666965984,0.22,0.37,0.295,0.15,23.42,205.07,207.07,171.2,171.2,171.2,14,17,
2026-08-02 04:10:40,720804,2985838,Game 1: Both Teams Destroy Inhibitors?,prop,1,2026-08-02 08:00:00,229.3,Yes,71475961584450706233230360574834962522669953698100028735480553421773518962446,0.06,0.2,0.13,0.14,1.45,6.36,11.18,73.49,73.49,73.49,5,19,
2026-08-02 04:10:40,720804,2985838,Game 1: Both Teams Destroy Inhibitors?,prop,1,2026-08-02 08:00:00,229.3,No,96176116817715510739061517798906786856670574020691174289854703473183525042907,0.8,0.94,0.87,0.14,293.96,293.96,293.96,22.75,177.88,643.21,19,5,
2026-08-02 04:10:40,720804,2985839,Game 1: Any Player Quadra Kill?,prop,1,2026-08-02 08:00:00,229.3,Yes,16493390525368333199018739796614614378465922969488141913346132696092540481996,0.07,0.5,0.285,0.43,283.36,283.36,299.12,283.36,283.36,283.36,4,15,
2026-08-02 04:10:40,720804,2985839,Game 1: Any Player Quadra Kill?,prop,1,2026-08-02 08:00:00,229.3,No,56347653585494781062554189637614748771006399122103141423346716304631011312144,0.5,0.93,0.715,0.43,283.36,283.36,283.36,3764.64,3764.64,4503.62,15,4,
2026-08-02 04:10:40,720804,2985840,Game 1: Any Player Penta Kill?,prop,1,2026-08-02 08:00:00,229.3,Yes,49668406403014705401245867535537092853662595481221175539691493508867265252416,0.02,0.49,0.255,0.47,283.96,283.96,283.96,302.47,302.47,302.47,2,17,
2026-08-02 04:10:40,720804,2985840,Game 1: Any Player Penta Kill?,prop,1,2026-08-02 08:00:00,229.3,No,392322018462975303761146965828888407897620802810361622816977224642104664346,0.51,0.98,0.745,0.47,303.25,303.25,303.25,28087.04,28087.04,28087.04,17,2,
2026-08-02 04:10:40,720804,2985841,Game 1: Odd/Even Total Kills?,odd_even,1,2026-08-02 08:00:00,229.3,Odd,64592549155132161597723277379753760434816316220798779424330799858113165111831,0.49,0.51,0.5,0.02,127.39,149.37,433.99,133.65,159.46,507.32,18,18,
2026-08-02 04:10:40,720804,2985841,Game 1: Odd/Even Total Kills?,odd_even,1,2026-08-02 08:00:00,229.3,Even,22354129330778337787211517449131111296157517049169544234741909359794225096802,0.49,0.51,0.5,0.02,127.39,149.37,433.99,133.65,159.46,507.32,18,18,
2026-08-02 04:10:40,720804,2985842,Game 2: Both Teams Slay Baron Nashor?,prop,2,2026-08-02 08:00:00,229.3,Yes,57194722881652722287778928856899256552760339229401704787654609080883199550511,0.07,0.26,0.165,0.19,119.67,122.05,138.0,103.33,103.33,103.33,6,15,
2026-08-02 04:10:40,720804,2985842,Game 2: Both Teams Slay Baron Nashor?,prop,2,2026-08-02 08:00:00,229.3,No,59374135450969641428260528220646082053630355448275032123355014422228661214328,0.74,0.93,0.835,0.19,294.1,294.1,294.1,1589.88,1645.09,2381.77,15,6,
2026-08-02 04:10:40,720804,2985843,Game 2: Both Teams Slay a Dragon?,prop,2,2026-08-02 08:00:00,229.3,Yes,16761207663700929763930895000870044109436239314614467819259826218322025602414,0.63,0.78,0.705,0.15,291.51,291.51,291.51,87.58,814.18,823.94,16,14,
2026-08-02 04:10:40,720804,2985843,Game 2: Both Teams Slay a Dragon?,prop,2,2026-08-02 08:00:00,229.3,No,91053011289502335373332454164570546553687856896383620203832129814970866007559,0.22,0.37,0.295,0.15,23.42,205.07,207.07,171.2,171.2,171.2,14,16,
2026-08-02 04:10:40,720804,2985844,Game 2: Both Teams Destroy Inhibitors?,prop,2,2026-08-02 08:00:00,229.3,Yes,72080657131222492875722184018671784613358675618683575643423920669409123373805,0.06,0.2,0.13,0.14,1.45,6.36,11.18,73.49,73.49,73.49,5,18,
2026-08-02 04:10:40,720804,2985844,Game 2: Both Teams Destroy Inhibitors?,prop,2,2026-08-02 08:00:00,229.3,No,76575595827436686508796323618238841350839192478819249193882303206472590522650,0.8,0.94,0.87,0.14,293.96,293.96,293.96,22.75,177.88,643.21,18,5,
2026-08-02 04:10:40,720804,2985845,Game 2: Any Player Quadra Kill?,prop,2,2026-08-02 08:00:00,229.3,Yes,76246363645423051975364496046855254236794026710696233410148462217483517468912,0.07,0.5,0.285,0.43,283.36,283.36,299.12,283.36,283.36,283.36,4,16,
2026-08-02 04:10:40,720804,2985845,Game 2: Any Player Quadra Kill?,prop,2,2026-08-02 08:00:00,229.3,No,82952967493967711298009068236655995385276954244991565434629591429951419785253,0.5,0.93,0.715,0.43,283.36,283.36,283.36,3764.64,3764.64,4503.62,16,4,
2026-08-02 04:10:40,720804,2985846,Game 2: Any Player Penta Kill?,prop,2,2026-08-02 08:00:00,229.3,Yes,32202589203000764524594958432996792352023689136584650862389425963534626513896,0.02,0.47,0.245,0.45,283.96,283.96,283.96,21.08,304.44,304.44,2,17,
2026-08-02 04:10:40,720804,2985846,Game 2: Any Player Penta Kill?,prop,2,2026-08-02 08:00:00,229.3,No,41247326107088233542428794448520019157752700819922175251278359525383173138072,0.53,0.98,0.755,0.45,23.62,306.98,306.98,28087.04,28087.04,28087.04,17,2,
2026-08-02 04:10:40,720804,2985847,Game 2: Odd/Even Total Kills?,odd_even,2,2026-08-02 08:00:00,229.3,Odd,14101125707317252499556366876532811859229089743435541998693959506889109440513,0.49,0.51,0.5,0.02,127.39,149.37,433.99,133.65,159.46,507.32,18,18,
2026-08-02 04:10:40,720804,2985847,Game 2: Odd/Even Total Kills?,odd_even,2,2026-08-02 08:00:00,229.3,Even,112433670667782516872456707749946291262697470726766165959272619193571438860014,0.49,0.51,0.5,0.02,127.39,149.37,433.99,133.65,159.46,507.32,18,18,
2026-08-02 04:10:40,720804,2985848,Game 3: Both Teams Slay Baron Nashor?,prop,3,2026-08-02 08:00:00,229.3,Yes,104136964712435805736220279460301224337589608756593979191221375998315537578826,0.07,0.95,0.51,0.88,284.88,285.36,301.22,29.92,154.11,369.91,6,5,
2026-08-02 04:10:40,720804,2985848,Game 3: Both Teams Slay Baron Nashor?,prop,3,2026-08-02 08:00:00,229.3,No,58227032133651406364524656801923559562496425913687094624385449611629670118018,0.05,0.93,0.49,0.88,1.33,4.14,6.32,4459.48,4470.94,5207.01,5,6,
2026-08-02 04:10:40,720804,2985849,Game 3: Both Teams Slay a Dragon?,prop,3,2026-08-02 08:00:00,229.3,Yes,62359769166445215506801265907978402615199925175015226504522160105921437334234,0.05,0.78,0.415,0.73,1.29,4.24,6.46,1152.55,1152.55,1169.15,5,13,
2026-08-02 04:10:40,720804,2985849,Game 3: Both Teams Slay a Dragon?,prop,3,2026-08-02 08:00:00,229.3,No,83654870348198823667332595091134305392760162249370758365244315399177123554265,0.22,0.95,0.585,0.73,307.78,307.78,311.18,29.5,157.94,378.49,13,5,
2026-08-02 04:10:40,720804,2985850,Game 3: Both Teams Destroy Inhibitors?,prop,3,2026-08-02 08:00:00,229.3,Yes,15560581673514295406323370069329485324079403980988726489321483925152219020603,0.06,0.95,0.505,0.89,1.85,287.69,290.06,29.54,166.73,382.53,6,5,
2026-08-02 04:10:40,720804,2985850,Game 3: Both Teams Destroy Inhibitors?,prop,3,2026-08-02 08:00:00,229.3,No,35084658982496356177161118423351755624835829136464432164708520782096827818976,0.05,0.94,0.495,0.89,1.31,4.41,6.59,30.34,6911.17,7140.97,5,6,
2026-08-02 04:10:40,720804,2985851,Game 3: Any Player Quadra Kill?,prop,3,2026-08-02 08:00:00,229.3,Yes,75468224762988852590066020869645592387061629400786739342571011064205596141274,0.07,0.98,0.525,0.91,283.36,283.36,299.12,232.4,232.4,232.4,4,2,
2026-08-02 04:10:40,720804,2985851,Game 3: Any Player Quadra Kill?,prop,3,2026-08-02 08:00:00,229.3,No,74647852821951903964313502511589443983089513099015021935729078044895223408021,0.02,0.93,0.475,0.91,2.6,2.6,2.6,3764.64,3764.64,4503.62,2,4,
2026-08-02 04:10:40,720804,2985852,Game 3: Any Player Penta Kill?,prop,3,2026-08-02 08:00:00,229.3,Yes,107684476421773351543830332455122213678091807083550082965983665787711393740939,0.17,0.98,0.575,0.81,2.88,2.88,2.88,232.4,232.4,232.4,5,2,
2026-08-02 04:10:40,720804,2985852,Game 3: Any Player Penta Kill?,prop,3,2026-08-02 08:00:00,229.3,No,106156280359148725335259783092663119689979144099409849171363101956551129219138,0.02,0.83,0.425,0.81,2.6,2.6,2.6,14.82,14.82,14.82,2,5,
2026-08-02 04:10:40,720804,2985853,Game 3: Odd/Even Total Kills?,odd_even,3,2026-08-02 08:00:00,229.3,Odd,75183633087080408500425823268702677619156746674341626211978771280711642562797,0.49,0.51,0.5,0.02,127.39,149.37,433.99,133.65,159.46,507.32,18,18,
2026-08-02 04:10:40,720804,2985853,Game 3: Odd/Even Total Kills?,odd_even,3,2026-08-02 08:00:00,229.3,Even,28081118088313904661731832500271423416547915012124693594931517615532487909024,0.49,0.51,0.5,0.02,127.39,149.37,433.99,133.65,159.46,507.32,18,18,
2026-08-02 04:10:40,743170,3080856,LoL: ThunderTalk Gaming vs Team WE - Game 1 Winner,map,1,2026-08-02 07:00:00,169.3,ThunderTalk Gaming,72496135746065500247901246672311988779275411906571209759439852708611576071027,0.37,0.38,0.375,0.01,2973.6,7375.96,8273.55,2076.9,4148.93,7994.62,30,34,2592.500632
2026-08-02 04:10:40,743170,3080856,LoL: ThunderTalk Gaming vs Team WE - Game 1 Winner,map,1,2026-08-02 07:00:00,169.3,Team WE,86406897272144859430606590863571410444264660567962881318145059910183257772933,0.62,0.63,0.625,0.01,3255.94,6316.31,11492.7,5239.1,13660.4,15506.85,34,30,2592.500632
2026-08-02 04:10:40,743170,3080857,LoL: ThunderTalk Gaming vs Team WE - Game 2 Winner,map,2,2026-08-02 07:00:00,169.3,ThunderTalk Gaming,76752916551697359157851234269297016591012843522959969977805224055761398575042,0.37,0.38,0.375,0.01,2494.61,4140.94,5383.84,184.47,802.03,2513.75,27,29,283.420404
2026-08-02 04:10:40,743170,3080857,LoL: ThunderTalk Gaming vs Team WE - Game 2 Winner,map,2,2026-08-02 07:00:00,169.3,Team WE,65010317623213437982030806655308793500445270659341039623165426683797274071506,0.62,0.63,0.625,0.01,294.53,1207.95,3511.0,4397.49,7521.22,10067.24,29,27,283.420404
2026-08-02 04:10:40,743170,3080858,LoL: ThunderTalk Gaming vs Team WE (BO3) - LPL Group Ascend,series,,2026-08-02 07:00:00,169.3,ThunderTalk Gaming,102071153892246039627048034194967021680193759805083679061162745293075874048047,0.32,0.33,0.325,0.01,21086.84,32281.92,37382.45,3153.86,17006.73,18824.54,27,47,50367.013747999976
2026-08-02 04:10:40,743170,3080858,LoL: ThunderTalk Gaming vs Team WE (BO3) - LPL Group Ascend,series,,2026-08-02 07:00:00,169.3,Team WE,107302480629937459746801418935680895835862951318163699611993485492174680492656,0.67,0.68,0.675,0.01,6170.23,31441.47,34457.13,46219.2,73087.79,86615.53,47,27,50367.013747999976
2026-08-02 04:10:40,743170,3080859,Games Total: O/U 2.5,total_games,,2026-08-02 07:00:00,169.3,Over,107594494912723104964093717822186803561399283167752733293344196473822150830801,0.45,0.46,0.455,0.01,1388.65,5955.49,6669.75,504.75,12804.88,15790.83,26,29,996.993588
2026-08-02 04:10:40,743170,3080859,Games Total: O/U 2.5,total_games,,2026-08-02 07:00:00,169.3,Under,13195949740986299733115750603639707489456064739889325747062719688400177484721,0.54,0.55,0.545,0.01,569.71,13827.73,16758.48,1754.0,7885.82,8938.04,29,26,996.993588
2026-08-02 04:10:40,743170,3080860,Game Handicap: WE (-1.5) vs ThunderTalk Gaming (+1.5),handicap,,2026-08-02 07:00:00,169.3,Team WE,72898904332442991379697379372607989319613847572204270780556694513998511299687,0.4,0.41,0.405,0.01,5471.7,7294.28,7628.19,6274.88,16158.41,17391.96,31,34,12964.903612999997
2026-08-02 04:10:40,743170,3080860,Game Handicap: WE (-1.5) vs ThunderTalk Gaming (+1.5),handicap,,2026-08-02 07:00:00,169.3,ThunderTalk Gaming,50834236677980205127685734657806100902200221308325695417181113975675617751500,0.59,0.6,0.595,0.01,8674.58,21470.61,22964.2,8543.19,11559.94,12178.28,34,31,12964.903612999997
2026-08-02 04:10:40,743170,3080861,Game 1: Both Teams Slay Baron Nashor?,prop,1,2026-08-02 07:00:00,169.3,Yes,576199460582024193100725101261977861313235933865014426802032541129552297770,0.05,0.31,0.18,0.26,123.55,137.71,167.02,137.8,137.8,137.8,5,18,
2026-08-02 04:10:40,743170,3080861,Game 1: Both Teams Slay Baron Nashor?,prop,1,2026-08-02 07:00:00,169.3,No,39148998634785957714637765512152768766586838959238901897071669687131023587459,0.69,0.95,0.82,0.26,306.72,306.72,306.72,2349.83,3030.49,5932.93,18,5,
2026-08-02 04:10:40,743170,3080862,Game 1: Both Teams Slay a Dragon?,prop,1,2026-08-02 07:00:00,169.3,Yes,12798444312028531986523161040093625635680994958660481961288482187110266231846,0.52,0.79,0.655,0.27,148.36,156.86,156.86,39.98,39.98,58.48,19,17,6.405061
2026-08-02 04:10:40,743170,3080862,Game 1: Both Teams Slay a Dragon?,prop,1,2026-08-02 07:00:00,169.3,No,77088962572483445588626120910059447941522620776186008716249040366097850926880,0.21,0.48,0.345,0.27,10.5,10.5,14.02,141.6,150.1,150.1,17,19,6.405061
2026-08-02 04:10:40,743170,3080863,Game 1: Both Teams Destroy Inhibitors?,prop,1,2026-08-02 07:00:00,169.3,Yes,23431616529800285954157853389995618720561419057686883100386442761747625637104,0.04,0.25,0.145,0.21,1.08,5.54,5.54,102.24,102.24,102.24,4,18,
2026-08-02 04:10:40,743170,3080863,Game 1: Both Teams Destroy Inhibitors?,prop,1,2026-08-02 07:00:00,169.3,No,66554463746156474753360063073089192961440136242626809840747100770144773363381,0.75,0.96,0.855,0.21,306.72,306.72,306.72,31.98,360.61,360.61,18,4,
2026-08-02 04:10:40,743170,3080864,Game 1: Any Player Quadra Kill?,prop,1,2026-08-02 07:00:00,169.3,Yes,22455107191123144705981038449625131671221453070883782041240941374293880968288,0.07,0.5,0.285,0.43,283.36,283.36,299.12,283.36,283.36,283.36,4,15,
2026-08-02 04:10:40,743170,3080864,Game 1: Any Player Quadra Kill?,prop,1,2026-08-02 07:00:00,169.3,No,57661462033981889980416103903558356629279739546061415204700512894530729898269,0.5,0.93,0.715,0.43,283.36,283.36,283.36,3764.64,3764.64,4503.62,15,4,
2026-08-02 04:10:40,743170,3080865,Game 1: Any Player Penta Kill?,prop,1,2026-08-02 07:00:00,169.3,Yes,38163109940135782122194759258784261278998733099801323596701954770736607626752,0.02,0.47,0.245,0.45,283.96,283.96,283.96,40.71,324.07,324.07,2,16,
2026-08-02 04:10:40,743170,3080865,Game 1: Any Player Penta Kill?,prop,1,2026-08-02 07:00:00,169.3,No,18263507673053474198234050929721878908174235128213603833935283248455845943858,0.53,0.98,0.755,0.45,44.9,328.26,328.26,28087.04,28087.04,28087.04,16,2,
2026-08-02 04:10:40,743170,3080866,Game 1: Odd/Even Total Kills?,odd_even,1,2026-08-02 07:00:00,169.3,Odd,85798990390253236886572130022554634660940011863431591207755224338342575313983,0.49,0.51,0.5,0.02,150.33,210.6,569.08,172.02,227.97,621.49,21,21,
2026-08-02 04:10:40,743170,3080866,Game 1: Odd/Even Total Kills?,odd_even,1,2026-08-02 07:00:00,169.3,Even,47936515113103876354401977929271863637215537317870382878338698939378687308220,0.49,0.51,0.5,0.02,162.81,210.86,532.82,158.5,228.23,668.23,21,21,
2026-08-02 04:10:40,743170,3080867,Game 2: Both Teams Slay Baron Nashor?,prop,2,2026-08-02 07:00:00,169.3,Yes,60281269953928099872331843176728418985547710930507954182708820022609808669897,0.06,0.31,0.185,0.25,125.44,128.17,167.9,137.8,137.8,137.8,6,17,
2026-08-02 04:10:40,743170,3080867,Game 2: Both Teams Slay Baron Nashor?,prop,2,2026-08-02 07:00:00,169.3,No,54226307805103642247368181146777059036318134178988043479524344500872140305962,0.69,0.94,0.815,0.25,306.72,306.72,306.72,1971.97,2054.16,5410.99,17,6,
2026-08-02 04:10:40,743170,3080868,Game 2: Both Teams Slay a Dragon?,prop,2,2026-08-02 07:00:00,169.3,Yes,29739434282903929326119644557308650803403459184094521455401480492552851758792,0.5,0.79,0.645,0.29,8.5,8.5,8.5,31.98,31.98,47.85,21,15,6.405061
2026-08-02 04:10:40,743170,3080868,Game 2: Both Teams Slay a Dragon?,prop,2,2026-08-02 07:00:00,169.3,No,115189779164715499661096663266273794100452504398581109422822509223165504997016,0.21,0.5,0.355,0.29,8.5,8.5,11.52,8.5,8.5,8.5,15,21,6.405061
2026-08-02 04:10:40,743170,3080869,Game 2: Both Teams Destroy Inhibitors?,prop,2,2026-08-02 07:00:00,169.3,Yes,88990911960391494970969025618777169053962523897236517506343545936592821417150,0.04,0.25,0.145,0.21,0.98,5.54,5.54,102.24,102.24,102.24,4,18,
2026-08-02 04:10:40,743170,3080869,Game 2: Both Teams Destroy Inhibitors?,prop,2,2026-08-02 07:00:00,169.3,No,10524318344677108875682344365087472988103237322063807998004848565189515778420,0.75,0.96,0.855,0.21,306.72,306.72,306.72,27.74,369.16,369.16,18,4,
2026-08-02 04:10:40,743170,3080870,Game 2: Any Player Quadra Kill?,prop,2,2026-08-02 07:00:00,169.3,Yes,60151038950673183831317840708733437193639535219371433492499517893097352170958,0.07,0.5,0.285,0.43,283.36,283.36,299.12,283.36,283.36,283.36,4,14,
2026-08-02 04:10:40,743170,3080870,Game 2: Any Player Quadra Kill?,prop,2,2026-08-02 07:00:00,169.3,No,96670306229134967862342679387306668871486431855351232811714354282383437049694,0.5,0.93,0.715,0.43,283.36,283.36,283.36,3764.64,3764.64,4503.62,14,4,
2026-08-02 04:10:40,743170,3080871,Game 2: Any Player Penta Kill?,prop,2,2026-08-02 07:00:00,169.3,Yes,85436915482113046069979555825963002631887797266173136356295138827309011750777,0.02,0.49,0.255,0.47,283.96,283.96,283.96,302.47,302.47,302.47,2,15,
2026-08-02 04:10:40,743170,3080871,Game 2: Any Player Penta Kill?,prop,2,2026-08-02 07:00:00,169.3,No,18077218119331989121746877984118590164679237634729750935595601490676077255075,0.51,0.98,0.745,0.47,303.25,303.25,303.25,28087.04,28087.04,28087.04,15,2,
2026-08-02 04:10:40,743170,3080872,Game 2: Odd/Even Total Kills?,odd_even,2,2026-08-02 07:00:00,169.3,Odd,34489811684252406008666584709129492333999413412636899041454268250718879985571,0.49,0.51,0.5,0.02,150.33,210.6,569.08,172.02,227.97,621.49,22,21,
2026-08-02 04:10:40,743170,3080872,Game 2: Odd/Even Total Kills?,odd_even,2,2026-08-02 07:00:00,169.3,Even,54240670553404029184267189483971374359932954287994832023836725546285071185760,0.49,0.51,0.5,0.02,162.81,210.86,532.82,158.5,228.23,668.23,21,22,
2026-08-02 04:10:40,743170,3080873,Game 3: Both Teams Slay Baron Nashor?,prop,3,2026-08-02 07:00:00,169.3,Yes,57811859513176873940762138997441201835014358696460679905995989548048354540264,0.07,0.95,0.51,0.88,283.78,284.53,299.98,18.84,132.38,358.14,6,5,
2026-08-02 04:10:40,743170,3080873,Game 3: Both Teams Slay Baron Nashor?,prop,3,2026-08-02 07:00:00,169.3,No,51295536053704709752778560732608776452578283468330820057353695324319173655698,0.05,0.93,0.49,0.88,0.86,3.26,5.54,4444.83,4462.82,5186.93,5,6,
2026-08-02 04:10:40,743170,3080874,Game 3: Both Teams Slay a Dragon?,prop,3,2026-08-02 07:00:00,169.3,Yes,58179717417989811646094036412121479543745227457593444191940365470656571742504,0.05,0.78,0.415,0.73,0.9,3.26,5.54,1143.97,1143.97,1160.57,5,14,
2026-08-02 04:10:40,743170,3080874,Game 3: Both Teams Slay a Dragon?,prop,3,2026-08-02 07:00:00,169.3,No,87343980035439006519000360405908787631260216234022290897341333211611511248508,0.22,0.95,0.585,0.73,305.36,305.36,308.76,19.41,132.66,358.45,14,5,
2026-08-02 04:10:40,743170,3080875,Game 3: Both Teams Destroy Inhibitors?,prop,3,2026-08-02 07:00:00,169.3,Yes,74678058446583988767533004421742293971027577469169916019811692511985126363708,0.05,0.95,0.5,0.9,283.75,286.6,288.9,18.84,132.38,358.14,5,5,
2026-08-02 04:10:40,743170,3080875,Game 3: Both Teams Destroy Inhibitors?,prop,3,2026-08-02 07:00:00,169.3,No,82798674080384483807860851761423273009124194055854717645716960582960189361391,0.05,0.95,0.5,0.9,0.86,3.26,5.54,6807.95,6936.77,7164.03,5,5,
2026-08-02 04:10:40,743170,3080876,Game 3: Any Player Quadra Kill?,prop,3,2026-08-02 07:00:00,169.3,Yes,58611970458737825773401922102759993341146813236760305689783843601007398487475,0.07,0.98,0.525,0.91,283.36,283.36,299.12,232.4,232.4,232.4,4,2,
2026-08-02 04:10:40,743170,3080876,Game 3: Any Player Quadra Kill?,prop,3,2026-08-02 07:00:00,169.3,No,74171810259521672240665790528210581675653866689973453247559598379119949082738,0.02,0.93,0.475,0.91,2.6,2.6,2.6,3764.64,3764.64,4503.62,2,4,
2026-08-02 04:10:40,743170,3080877,Game 3: Any Player Penta Kill?,prop,3,2026-08-02 07:00:00,169.3,Yes,97607285599517336378648008255312059463093287548866171938351083344468544698733,0.05,0.98,0.515,0.93,28.65,29.15,312.61,232.4,232.4,232.4,3,2,
2026-08-02 04:10:40,743170,3080877,Game 3: Any Player Penta Kill?,prop,3,2026-08-02 07:00:00,169.3,No,82175050981495448282087797319073848820595273522692792734078876229291900381358,0.02,0.95,0.485,0.93,2.6,2.6,2.6,544.35,568.85,28631.39,2,3,
2026-08-02 04:10:40,743170,3080878,Game 3: Odd/Even Total Kills?,odd_even,3,2026-08-02 07:00:00,169.3,Odd,113990004661101788122433090480026356333967410198432683291909606912670499759571,0.49,0.51,0.5,0.02,150.33,210.6,569.08,174.62,230.57,624.09,22,20,
2026-08-02 04:10:40,743170,3080878,Game 3: Odd/Even Total Kills?,odd_even,3,2026-08-02 07:00:00,169.3,Even,53396382081016235460482594245617775159364750738670615857179991954098728405392,0.49,0.51,0.5,0.02,165.21,213.26,535.22,158.5,228.23,668.23,20,22,
2026-08-02 04:10:40,743170,3247363,First Blood in Game 1?,first_blood,1,2026-08-02 07:00:00,169.3,ThunderTalk Gaming,37857650446906043848386849190232009781019679134557605636863633397679278721948,0.43,0.48,0.455,0.05,183.93,183.93,183.93,549.27,1459.77,1663.61,13,14,
2026-08-02 04:10:40,743170,3247363,First Blood in Game 1?,first_blood,1,2026-08-02 07:00:00,169.3,Team WE,104852352619923993034857752108294319586139334267455221962018021958633239346502,0.52,0.57,0.545,0.05,573.73,1484.23,1672.39,243.81,243.81,243.81,14,13,
2026-08-02 04:10:40,743170,3247364,First Blood in Game 2?,first_blood,2,2026-08-02 07:00:00,169.3,ThunderTalk Gaming,49805343744222079587811403498521461301652487360378428401792515699102072258747,0.44,0.48,0.46,0.04,230.13,230.13,230.13,548.29,1110.81,1314.65,12,14,16.833332
2026-08-02 04:10:40,743170,3247364,First Blood in Game 2?,first_blood,2,2026-08-02 07:00:00,169.3,Team WE,34975173646955613892802071928251257769371851774569031753455446770178410293492,0.52,0.56,0.54,0.04,572.71,1133.19,1321.35,302.61,302.61,302.61,14,12,16.833332
2026-08-02 04:10:40,743170,3247365,Total Kills Over/Under 30.5 in Game 1?,total_kills,1,2026-08-02 07:00:00,169.3,Over,20089612397959481715540428001947492272136532425413320288741789644696953347047,0.49,0.51,0.5,0.02,514.58,896.02,896.02,537.71,1117.17,1609.73,15,16,36.974356
2026-08-02 04:10:40,743170,3247365,Total Kills Over/Under 30.5 in Game 1?,total_kills,1,2026-08-02 07:00:00,169.3,Under,48583361312674351102955994336714978409432370604740795969667004880847883586088,0.49,0.51,0.5,0.02,514.67,1009.21,1404.15,556.42,986.55,986.55,16,15,36.974356
2026-08-02 04:10:40,743170,3247366,Total Kills Over/Under 30.5 in Game 2?,total_kills,2,2026-08-02 07:00:00,169.3,Over,102341512262568194433893674327876736367357950404093760308808076682839535952801,0.48,0.52,0.5,0.04,491.52,876.87,876.87,630.26,874.56,874.56,12,16,17.962263
2026-08-02 04:10:40,743170,3247366,Total Kills Over/Under 30.5 in Game 2?,total_kills,2,2026-08-02 07:00:00,169.3,Under,81591286331832699111309387511420548545728045115256401081280741169608168963352,0.48,0.52,0.5,0.04,561.74,761.62,761.62,532.48,984.85,984.85,16,12,17.962263
2026-08-02 04:16:21,720804,2985831,LoL: DN SOOPers vs HANJIN BRION - Game 1 Winner,map,1,2026-08-02 08:00:00,223.6,DN SOOPers,42936850482651914409277495257882545988254142261829548050889622816919312279771,0.35,0.36,0.355,0.01,4775.67,7411.95,9121.32,3046.18,6804.69,6940.18,28,28,1235.39052
2026-08-02 04:16:21,720804,2985831,LoL: DN SOOPers vs HANJIN BRION - Game 1 Winner,map,1,2026-08-02 08:00:00,223.6,HANJIN BRION,72300873521014331315996822988962847480647045255728209596012804322177150285029,0.64,0.65,0.645,0.01,5205.53,11284.3,11487.54,9145.47,14507.19,18446.54,28,28,1235.39052
2026-08-02 04:16:21,720804,2985832,LoL: DN SOOPers vs HANJIN BRION - Game 2 Winner,map,2,2026-08-02 08:00:00,223.6,DN SOOPers,6293002078450018823745497893356590572289968249157219729289882040976874389242,0.33,0.34,0.335,0.01,2060.5,3750.61,4484.22,1136.39,1919.05,4187.11,27,41,12815.572985
2026-08-02 04:16:21,720804,2985832,LoL: DN SOOPers vs HANJIN BRION - Game 2 Winner,map,2,2026-08-02 08:00:00,223.6,HANJIN BRION,51651805320304444180996920139489385195635313821107581113327476476510601730075,0.66,0.67,0.665,0.01,2199.75,3554.11,7251.68,4189.06,8080.11,9917.98,41,27,12815.572985
2026-08-02 04:16:21,720804,2985833,LoL: DN SOOPers vs HANJIN BRION (BO3) - LCK Round 3-4 Rise Group,series,,2026-08-02 08:00:00,223.6,DN SOOPers,83920944565793264579009568668732470958333402189187686836848086059640655328512,0.29,0.3,0.295,0.01,41311.33,50819.17,55114.58,25420.95,29877.5,30840.5,27,63,107629.43098699999
2026-08-02 04:16:21,720804,2985833,LoL: DN SOOPers vs HANJIN BRION (BO3) - LCK Round 3-4 Rise Group,series,,2026-08-02 08:00:00,223.6,HANJIN BRION,90142340307548158680285244846463054791996473929800648630886781972830446829292,0.7,0.71,0.705,0.01,58556.09,67855.52,69665.55,104613.11,130456.91,144034.15,63,27,107629.43098699999
2026-08-02 04:16:21,720804,2985834,Games Total: O/U 2.5,total_games,,2026-08-02 08:00:00,223.6,Over,115763001589981841934227916705643778300336986478747747006478743351017049320215,0.44,0.45,0.445,0.01,68.97,1892.6,2778.24,1548.96,12186.34,16215.49,25,25,163.88182799999998
2026-08-02 04:16:21,720804,2985834,Games Total: O/U 2.5,total_games,,2026-08-02 08:00:00,223.6,Under,91801222121802541444761121490344327534075944391096953237840309703647468371038,0.55,0.56,0.555,0.01,1848.28,13826.68,17866.11,91.42,2672.77,4023.99,25,25,163.88182799999998
2026-08-02 04:16:21,720804,2985835,Game Handicap: BRO (-1.5) vs DN SOOPers (+1.5),handicap,,2026-08-02 08:00:00,223.6,HANJIN BRION,2478818261239720677086675483799167438612949482205213347168593674700102622629,0.43,0.44,0.435,0.01,2710.16,5913.6,10693.6,27923.53,48859.17,54460.78,31,30,45981.379238999994
2026-08-02 04:16:21,720804,2985835,Game Handicap: BRO (-1.5) vs DN SOOPers (+1.5),handicap,,2026-08-02 08:00:00,223.6,DN SOOPers,94834555477028424709848351439230010185388394524770172258089704477087868641163,0.56,0.57,0.565,0.01,34360.78,58457.66,64288.57,3717.49,8334.26,16054.26,30,31,45981.379238999994
2026-08-02 04:16:21,720804,2985836,Game 1: Both Teams Slay Baron Nashor?,prop,1,2026-08-02 08:00:00,223.6,Yes,44915640594729569087625676620306222412980590579084678991395292033371931560827,0.07,0.26,0.165,0.19,119.67,122.05,138.0,103.33,103.33,103.33,6,16,
2026-08-02 04:16:21,720804,2985836,Game 1: Both Teams Slay Baron Nashor?,prop,1,2026-08-02 08:00:00,223.6,No,37113967443673178032629187181708940461213139311985080295449837338299072323374,0.74,0.93,0.835,0.19,294.1,294.1,294.1,1589.88,1645.09,2381.77,16,6,
2026-08-02 04:16:21,720804,2985837,Game 1: Both Teams Slay a Dragon?,prop,1,2026-08-02 08:00:00,223.6,Yes,81561078706992361174610681826983342457210813688240521193883827615449787089945,0.63,0.78,0.705,0.15,291.51,291.51,291.51,87.58,814.18,823.94,17,14,
2026-08-02 04:16:21,720804,2985837,Game 1: Both Teams Slay a Dragon?,prop,1,2026-08-02 08:00:00,223.6,No,9907281152142873042160819340133770082139172884764291314030269990598666965984,0.22,0.37,0.295,0.15,23.42,205.07,207.07,171.2,171.2,171.2,14,17,
2026-08-02 04:16:21,720804,2985838,Game 1: Both Teams Destroy Inhibitors?,prop,1,2026-08-02 08:00:00,223.6,Yes,71475961584450706233230360574834962522669953698100028735480553421773518962446,0.06,0.2,0.13,0.14,1.45,6.36,11.19,73.49,73.49,73.49,5,19,
2026-08-02 04:16:21,720804,2985838,Game 1: Both Teams Destroy Inhibitors?,prop,1,2026-08-02 08:00:00,223.6,No,96176116817715510739061517798906786856670574020691174289854703473183525042907,0.8,0.94,0.87,0.14,293.96,293.96,293.96,22.75,177.88,644.2,18,5,
2026-08-02 04:16:21,720804,2985839,Game 1: Any Player Quadra Kill?,prop,1,2026-08-02 08:00:00,223.6,Yes,16493390525368333199018739796614614378465922969488141913346132696092540481996,0.07,0.5,0.285,0.43,283.36,283.36,299.12,283.36,283.36,283.36,4,14,
2026-08-02 04:16:21,720804,2985839,Game 1: Any Player Quadra Kill?,prop,1,2026-08-02 08:00:00,223.6,No,56347653585494781062554189637614748771006399122103141423346716304631011312144,0.5,0.93,0.715,0.43,283.36,283.36,283.36,3764.64,3764.64,4503.62,14,4,
2026-08-02 04:16:21,720804,2985840,Game 1: Any Player Penta Kill?,prop,1,2026-08-02 08:00:00,223.6,Yes,49668406403014705401245867535537092853662595481221175539691493508867265252416,0.02,0.49,0.255,0.47,283.96,283.96,283.96,302.47,302.47,302.47,2,17,
2026-08-02 04:16:21,720804,2985840,Game 1: Any Player Penta Kill?,prop,1,2026-08-02 08:00:00,223.6,No,392322018462975303761146965828888407897620802810361622816977224642104664346,0.51,0.98,0.745,0.47,303.25,303.25,303.25,28087.04,28087.04,28087.04,17,2,
2026-08-02 04:16:21,720804,2985841,Game 1: Odd/Even Total Kills?,odd_even,1,2026-08-02 08:00:00,223.6,Odd,64592549155132161597723277379753760434816316220798779424330799858113165111831,0.49,0.51,0.5,0.02,102.33,102.33,386.94,106.5,106.5,454.37,16,16,
2026-08-02 04:16:21,720804,2985841,Game 1: Odd/Even Total Kills?,odd_even,1,2026-08-02 08:00:00,223.6,Even,22354129330778337787211517449131111296157517049169544234741909359794225096802,0.49,0.51,0.5,0.02,102.33,102.33,386.94,106.5,106.5,454.37,16,16,
2026-08-02 04:16:21,720804,2985842,Game 2: Both Teams Slay Baron Nashor?,prop,2,2026-08-02 08:00:00,223.6,Yes,57194722881652722287778928856899256552760339229401704787654609080883199550511,0.07,0.26,0.165,0.19,119.67,122.05,138.0,103.33,103.33,103.33,6,14,
2026-08-02 04:16:21,720804,2985842,Game 2: Both Teams Slay Baron Nashor?,prop,2,2026-08-02 08:00:00,223.6,No,59374135450969641428260528220646082053630355448275032123355014422228661214328,0.74,0.93,0.835,0.19,294.1,294.1,294.1,1589.88,1645.09,2381.77,14,6,
2026-08-02 04:16:21,720804,2985843,Game 2: Both Teams Slay a Dragon?,prop,2,2026-08-02 08:00:00,223.6,Yes,16761207663700929763930895000870044109436239314614467819259826218322025602414,0.63,0.78,0.705,0.15,291.51,291.51,291.51,8.58,735.18,744.94,15,13,
2026-08-02 04:16:21,720804,2985843,Game 2: Both Teams Slay a Dragon?,prop,2,2026-08-02 08:00:00,223.6,No,91053011289502335373332454164570546553687856896383620203832129814970866007559,0.22,0.37,0.295,0.15,2.42,184.07,186.07,171.2,171.2,171.2,13,15,
2026-08-02 04:16:21,720804,2985844,Game 2: Both Teams Destroy Inhibitors?,prop,2,2026-08-02 08:00:00,223.6,Yes,72080657131222492875722184018671784613358675618683575643423920669409123373805,0.06,0.2,0.13,0.14,1.45,6.36,11.18,73.49,73.49,73.49,5,17,
2026-08-02 04:16:21,720804,2985844,Game 2: Both Teams Destroy Inhibitors?,prop,2,2026-08-02 08:00:00,223.6,No,76575595827436686508796323618238841350839192478819249193882303206472590522650,0.8,0.94,0.87,0.14,293.96,293.96,293.96,22.75,177.88,643.21,17,5,
2026-08-02 04:16:21,720804,2985845,Game 2: Any Player Quadra Kill?,prop,2,2026-08-02 08:00:00,223.6,Yes,76246363645423051975364496046855254236794026710696233410148462217483517468912,0.07,0.5,0.285,0.43,283.36,283.36,299.12,283.36,283.36,283.36,4,15,
2026-08-02 04:16:21,720804,2985845,Game 2: Any Player Quadra Kill?,prop,2,2026-08-02 08:00:00,223.6,No,82952967493967711298009068236655995385276954244991565434629591429951419785253,0.5,0.93,0.715,0.43,283.36,283.36,283.36,3764.64,3764.64,4503.62,15,4,
2026-08-02 04:16:21,720804,2985846,Game 2: Any Player Penta Kill?,prop,2,2026-08-02 08:00:00,223.6,Yes,32202589203000764524594958432996792352023689136584650862389425963534626513896,0.02,0.47,0.245,0.45,283.96,283.96,283.96,21.08,304.44,304.44,2,17,
2026-08-02 04:16:21,720804,2985846,Game 2: Any Player Penta Kill?,prop,2,2026-08-02 08:00:00,223.6,No,41247326107088233542428794448520019157752700819922175251278359525383173138072,0.53,0.98,0.755,0.45,23.62,306.98,306.98,28087.04,28087.04,28087.04,17,2,
2026-08-02 04:16:21,720804,2985847,Game 2: Odd/Even Total Kills?,odd_even,2,2026-08-02 08:00:00,223.6,Odd,14101125707317252499556366876532811859229089743435541998693959506889109440513,0.49,0.51,0.5,0.02,102.33,102.33,386.94,106.5,106.5,454.37,16,16,
2026-08-02 04:16:21,720804,2985847,Game 2: Odd/Even Total Kills?,odd_even,2,2026-08-02 08:00:00,223.6,Even,112433670667782516872456707749946291262697470726766165959272619193571438860014,0.49,0.51,0.5,0.02,102.33,102.33,386.94,106.5,106.5,454.37,16,16,
2026-08-02 04:16:21,720804,2985848,Game 3: Both Teams Slay Baron Nashor?,prop,3,2026-08-02 08:00:00,223.6,Yes,104136964712435805736220279460301224337589608756593979191221375998315537578826,0.07,0.95,0.51,0.88,284.88,285.36,301.22,29.92,154.11,369.91,6,5,
2026-08-02 04:16:21,720804,2985848,Game 3: Both Teams Slay Baron Nashor?,prop,3,2026-08-02 08:00:00,223.6,No,58227032133651406364524656801923559562496425913687094624385449611629670118018,0.05,0.93,0.49,0.88,1.33,4.14,6.32,4459.48,4470.94,5207.01,5,6,
2026-08-02 04:16:21,720804,2985849,Game 3: Both Teams Slay a Dragon?,prop,3,2026-08-02 08:00:00,223.6,Yes,62359769166445215506801265907978402615199925175015226504522160105921437334234,0.05,0.78,0.415,0.73,1.29,4.24,6.52,1074.55,1074.55,1091.15,5,13,
2026-08-02 04:16:21,720804,2985849,Game 3: Both Teams Slay a Dragon?,prop,3,2026-08-02 08:00:00,223.6,No,83654870348198823667332595091134305392760162249370758365244315399177123554265,0.22,0.95,0.585,0.73,285.78,285.78,289.18,29.5,157.94,384.36,13,5,
2026-08-02 04:16:21,720804,2985850,Game 3: Both Teams Destroy Inhibitors?,prop,3,2026-08-02 08:00:00,223.6,Yes,15560581673514295406323370069329485324079403980988726489321483925152219020603,0.06,0.95,0.505,0.89,1.85,287.69,290.06,29.54,166.73,382.53,6,5,
2026-08-02 04:16:21,720804,2985850,Game 3: Both Teams Destroy Inhibitors?,prop,3,2026-08-02 08:00:00,223.6,No,35084658982496356177161118423351755624835829136464432164708520782096827818976,0.05,0.94,0.495,0.89,1.31,4.41,6.59,30.34,6911.17,7140.97,5,6,
2026-08-02 04:16:21,720804,2985851,Game 3: Any Player Quadra Kill?,prop,3,2026-08-02 08:00:00,223.6,Yes,75468224762988852590066020869645592387061629400786739342571011064205596141274,0.07,0.98,0.525,0.91,283.36,283.36,299.12,232.4,232.4,232.4,4,2,
2026-08-02 04:16:21,720804,2985851,Game 3: Any Player Quadra Kill?,prop,3,2026-08-02 08:00:00,223.6,No,74647852821951903964313502511589443983089513099015021935729078044895223408021,0.02,0.93,0.475,0.91,2.6,2.6,2.6,3764.64,3764.64,4503.62,2,4,
2026-08-02 04:16:21,720804,2985852,Game 3: Any Player Penta Kill?,prop,3,2026-08-02 08:00:00,223.6,Yes,107684476421773351543830332455122213678091807083550082965983665787711393740939,0.17,0.98,0.575,0.81,2.88,2.88,2.88,232.4,232.4,232.4,5,2,
2026-08-02 04:16:21,720804,2985852,Game 3: Any Player Penta Kill?,prop,3,2026-08-02 08:00:00,223.6,No,106156280359148725335259783092663119689979144099409849171363101956551129219138,0.02,0.83,0.425,0.81,2.6,2.6,2.6,14.82,14.82,14.82,2,5,
2026-08-02 04:16:21,720804,2985853,Game 3: Odd/Even Total Kills?,odd_even,3,2026-08-02 08:00:00,223.6,Odd,75183633087080408500425823268702677619156746674341626211978771280711642562797,0.49,0.51,0.5,0.02,102.33,102.33,386.94,106.5,106.5,454.37,16,16,
2026-08-02 04:16:21,720804,2985853,Game 3: Odd/Even Total Kills?,odd_even,3,2026-08-02 08:00:00,223.6,Even,28081118088313904661731832500271423416547915012124693594931517615532487909024,0.49,0.51,0.5,0.02,102.33,102.33,386.94,106.5,106.5,454.37,16,16,
2026-08-02 04:16:21,743170,3080856,LoL: ThunderTalk Gaming vs Team WE - Game 1 Winner,map,1,2026-08-02 07:00:00,163.6,ThunderTalk Gaming,72496135746065500247901246672311988779275411906571209759439852708611576071027,0.37,0.38,0.375,0.01,2973.6,7375.96,8273.55,2076.9,4148.93,7994.62,30,33,2592.500632
2026-08-02 04:16:21,743170,3080856,LoL: ThunderTalk Gaming vs Team WE - Game 1 Winner,map,1,2026-08-02 07:00:00,163.6,Team WE,86406897272144859430606590863571410444264660567962881318145059910183257772933,0.62,0.63,0.625,0.01,3255.94,6316.31,11492.7,5239.1,13660.4,15506.85,33,30,2592.500632
2026-08-02 04:16:21,743170,3080857,LoL: ThunderTalk Gaming vs Team WE - Game 2 Winner,map,2,2026-08-02 07:00:00,163.6,ThunderTalk Gaming,76752916551697359157851234269297016591012843522959969977805224055761398575042,0.37,0.38,0.375,0.01,2494.61,4140.94,5383.84,184.47,802.03,2513.75,27,29,283.420404
2026-08-02 04:16:21,743170,3080857,LoL: ThunderTalk Gaming vs Team WE - Game 2 Winner,map,2,2026-08-02 07:00:00,163.6,Team WE,65010317623213437982030806655308793500445270659341039623165426683797274071506,0.62,0.63,0.625,0.01,294.53,1207.95,3511.0,4397.49,7521.22,10067.24,29,27,283.420404
2026-08-02 04:16:21,743170,3080858,LoL: ThunderTalk Gaming vs Team WE (BO3) - LPL Group Ascend,series,,2026-08-02 07:00:00,163.6,ThunderTalk Gaming,102071153892246039627048034194967021680193759805083679061162745293075874048047,0.32,0.33,0.325,0.01,20977.6,32390.26,37507.15,5402.75,19260.87,21078.69,27,44,50367.013747999976
2026-08-02 04:16:21,743170,3080858,LoL: ThunderTalk Gaming vs Team WE (BO3) - LPL Group Ascend,series,,2026-08-02 07:00:00,163.6,Team WE,107302480629937459746801418935680895835862951318163699611993485492174680492656,0.67,0.68,0.675,0.01,10551.93,35832.92,38848.57,45987.06,73365.77,86936.15,44,27,50367.013747999976
2026-08-02 04:16:21,743170,3080859,Games Total: O/U 2.5,total_games,,2026-08-02 07:00:00,163.6,Over,107594494912723104964093717822186803561399283167752733293344196473822150830801,0.45,0.46,0.455,0.01,1388.65,5990.24,6704.5,504.75,12804.88,15790.83,25,28,996.993588
2026-08-02 04:16:21,743170,3080859,Games Total: O/U 2.5,total_games,,2026-08-02 07:00:00,163.6,Under,13195949740986299733115750603639707489456064739889325747062719688400177484721,0.54,0.55,0.545,0.01,569.71,13827.73,16758.48,1754.0,7931.62,8983.84,28,25,996.993588
2026-08-02 04:16:21,743170,3080860,Game Handicap: WE (-1.5) vs ThunderTalk Gaming (+1.5),handicap,,2026-08-02 07:00:00,163.6,Team WE,72898904332442991379697379372607989319613847572204270780556694513998511299687,0.4,0.41,0.405,0.01,5471.7,7294.28,7628.19,6219.87,16104.51,17338.06,31,34,12964.903612999997
2026-08-02 04:16:21,743170,3080860,Game Handicap: WE (-1.5) vs ThunderTalk Gaming (+1.5),handicap,,2026-08-02 07:00:00,163.6,ThunderTalk Gaming,50834236677980205127685734657806100902200221308325695417181113975675617751500,0.59,0.6,0.595,0.01,8595.44,21392.92,22886.51,8543.19,11559.94,12178.28,34,31,12964.903612999997
2026-08-02 04:16:21,743170,3080861,Game 1: Both Teams Slay Baron Nashor?,prop,1,2026-08-02 07:00:00,163.6,Yes,576199460582024193100725101261977861313235933865014426802032541129552297770,0.05,0.31,0.18,0.26,123.55,137.42,166.74,137.8,137.8,137.8,5,18,
2026-08-02 04:16:21,743170,3080861,Game 1: Both Teams Slay Baron Nashor?,prop,1,2026-08-02 07:00:00,163.6,No,39148998634785957714637765512152768766586838959238901897071669687131023587459,0.69,0.95,0.82,0.26,306.72,306.72,306.72,2349.83,3021.24,5923.67,18,5,
2026-08-02 04:16:21,743170,3080862,Game 1: Both Teams Slay a Dragon?,prop,1,2026-08-02 07:00:00,163.6,Yes,12798444312028531986523161040093625635680994958660481961288482187110266231846,0.52,0.79,0.655,0.27,121.9,130.4,130.4,52.44,52.44,52.44,19,14,6.405061
2026-08-02 04:16:21,743170,3080862,Game 1: Both Teams Slay a Dragon?,prop,1,2026-08-02 07:00:00,163.6,No,77088962572483445588626120910059447941522620776186008716249040366097850926880,0.21,0.48,0.345,0.27,13.81,13.81,13.81,116.19,124.69,124.69,14,19,6.405061
2026-08-02 04:16:21,743170,3080863,Game 1: Both Teams Destroy Inhibitors?,prop,1,2026-08-02 07:00:00,163.6,Yes,23431616529800285954157853389995618720561419057686883100386442761747625637104,0.04,0.25,0.145,0.21,1.08,5.54,5.54,102.24,102.24,102.24,4,18,
2026-08-02 04:16:21,743170,3080863,Game 1: Both Teams Destroy Inhibitors?,prop,1,2026-08-02 07:00:00,163.6,No,66554463746156474753360063073089192961440136242626809840747100770144773363381,0.75,0.96,0.855,0.21,306.72,306.72,306.72,31.98,360.62,360.62,18,4,
2026-08-02 04:16:21,743170,3080864,Game 1: Any Player Quadra Kill?,prop,1,2026-08-02 07:00:00,163.6,Yes,22455107191123144705981038449625131671221453070883782041240941374293880968288,0.07,0.5,0.285,0.43,283.36,283.36,299.12,283.36,283.36,283.36,4,15,
2026-08-02 04:16:21,743170,3080864,Game 1: Any Player Quadra Kill?,prop,1,2026-08-02 07:00:00,163.6,No,57661462033981889980416103903558356629279739546061415204700512894530729898269,0.5,0.93,0.715,0.43,283.36,283.36,283.36,3764.64,3764.64,4503.62,15,4,
2026-08-02 04:16:21,743170,3080865,Game 1: Any Player Penta Kill?,prop,1,2026-08-02 07:00:00,163.6,Yes,38163109940135782122194759258784261278998733099801323596701954770736607626752,0.02,0.47,0.245,0.45,283.96,283.96,283.96,40.71,324.07,324.07,2,16,
2026-08-02 04:16:21,743170,3080865,Game 1: Any Player Penta Kill?,prop,1,2026-08-02 07:00:00,163.6,No,18263507673053474198234050929721878908174235128213603833935283248455845943858,0.53,0.98,0.755,0.45,44.9,328.26,328.26,28087.04,28087.04,28087.04,16,2,
2026-08-02 04:16:21,743170,3080866,Game 1: Odd/Even Total Kills?,odd_even,1,2026-08-02 07:00:00,163.6,Odd,85798990390253236886572130022554634660940011863431591207755224338342575313983,0.49,0.51,0.5,0.02,150.33,210.6,569.08,172.02,227.97,621.49,21,21,
2026-08-02 04:16:21,743170,3080866,Game 1: Odd/Even Total Kills?,odd_even,1,2026-08-02 07:00:00,163.6,Even,47936515113103876354401977929271863637215537317870382878338698939378687308220,0.49,0.51,0.5,0.02,162.81,210.86,532.82,158.5,228.23,668.23,21,21,
2026-08-02 04:16:21,743170,3080867,Game 2: Both Teams Slay Baron Nashor?,prop,2,2026-08-02 07:00:00,163.6,Yes,60281269953928099872331843176728418985547710930507954182708820022609808669897,0.06,0.31,0.185,0.25,125.44,128.17,168.07,137.8,137.8,137.8,6,17,
2026-08-02 04:16:21,743170,3080867,Game 2: Both Teams Slay Baron Nashor?,prop,2,2026-08-02 07:00:00,163.6,No,54226307805103642247368181146777059036318134178988043479524344500872140305962,0.69,0.94,0.815,0.25,306.72,306.72,306.72,1971.97,2054.16,5427.82,17,6,
2026-08-02 04:16:21,743170,3080868,Game 2: Both Teams Slay a Dragon?,prop,2,2026-08-02 07:00:00,163.6,Yes,29739434282903929326119644557308650803403459184094521455401480492552851758792,0.5,0.79,0.645,0.29,8.5,8.5,8.5,31.98,31.98,47.85,21,15,6.405061
2026-08-02 04:16:21,743170,3080868,Game 2: Both Teams Slay a Dragon?,prop,2,2026-08-02 07:00:00,163.6,No,115189779164715499661096663266273794100452504398581109422822509223165504997016,0.21,0.5,0.355,0.29,8.5,8.5,11.52,8.5,8.5,8.5,15,21,6.405061
2026-08-02 04:16:21,743170,3080869,Game 2: Both Teams Destroy Inhibitors?,prop,2,2026-08-02 07:00:00,163.6,Yes,88990911960391494970969025618777169053962523897236517506343545936592821417150,0.04,0.25,0.145,0.21,0.98,5.54,5.54,102.24,102.24,102.24,4,18,
2026-08-02 04:16:21,743170,3080869,Game 2: Both Teams Destroy Inhibitors?,prop,2,2026-08-02 07:00:00,163.6,No,10524318344677108875682344365087472988103237322063807998004848565189515778420,0.75,0.96,0.855,0.21,306.72,306.72,306.72,27.74,369.16,369.16,18,4,
2026-08-02 04:16:21,743170,3080870,Game 2: Any Player Quadra Kill?,prop,2,2026-08-02 07:00:00,163.6,Yes,60151038950673183831317840708733437193639535219371433492499517893097352170958,0.07,0.5,0.285,0.43,283.36,283.36,299.12,283.36,283.36,283.36,4,14,
2026-08-02 04:16:21,743170,3080870,Game 2: Any Player Quadra Kill?,prop,2,2026-08-02 07:00:00,163.6,No,96670306229134967862342679387306668871486431855351232811714354282383437049694,0.5,0.93,0.715,0.43,283.36,283.36,283.36,3764.64,3764.64,4503.62,14,4,
2026-08-02 04:16:21,743170,3080871,Game 2: Any Player Penta Kill?,prop,2,2026-08-02 07:00:00,163.6,Yes,85436915482113046069979555825963002631887797266173136356295138827309011750777,0.02,0.49,0.255,0.47,283.96,283.96,283.96,302.47,302.47,302.47,2,15,
2026-08-02 04:16:21,743170,3080871,Game 2: Any Player Penta Kill?,prop,2,2026-08-02 07:00:00,163.6,No,18077218119331989121746877984118590164679237634729750935595601490676077255075,0.51,0.98,0.745,0.47,303.25,303.25,303.25,28087.04,28087.04,28087.04,15,2,
2026-08-02 04:16:21,743170,3080872,Game 2: Odd/Even Total Kills?,odd_even,2,2026-08-02 07:00:00,163.6,Odd,34489811684252406008666584709129492333999413412636899041454268250718879985571,0.49,0.51,0.5,0.02,150.33,210.6,569.08,172.02,227.97,621.49,22,21,
2026-08-02 04:16:21,743170,3080872,Game 2: Odd/Even Total Kills?,odd_even,2,2026-08-02 07:00:00,163.6,Even,54240670553404029184267189483971374359932954287994832023836725546285071185760,0.49,0.51,0.5,0.02,162.81,210.86,532.82,158.5,228.23,668.23,21,22,
2026-08-02 04:16:21,743170,3080873,Game 3: Both Teams Slay Baron Nashor?,prop,3,2026-08-02 07:00:00,163.6,Yes,57811859513176873940762138997441201835014358696460679905995989548048354540264,0.07,0.95,0.51,0.88,283.78,284.53,299.98,18.84,132.38,358.14,6,5,
2026-08-02 04:16:21,743170,3080873,Game 3: Both Teams Slay Baron Nashor?,prop,3,2026-08-02 07:00:00,163.6,No,51295536053704709752778560732608776452578283468330820057353695324319173655698,0.05,0.93,0.49,0.88,0.86,3.26,5.54,4444.83,4462.82,5186.93,5,6,
2026-08-02 04:16:21,743170,3080874,Game 3: Both Teams Slay a Dragon?,prop,3,2026-08-02 07:00:00,163.6,Yes,58179717417989811646094036412121479543745227457593444191940365470656571742504,0.05,0.78,0.415,0.73,0.9,3.26,5.54,1143.97,1143.97,1160.57,5,14,
2026-08-02 04:16:21,743170,3080874,Game 3: Both Teams Slay a Dragon?,prop,3,2026-08-02 07:00:00,163.6,No,87343980035439006519000360405908787631260216234022290897341333211611511248508,0.22,0.95,0.585,0.73,305.36,305.36,308.76,19.41,132.66,358.45,14,5,
2026-08-02 04:16:21,743170,3080875,Game 3: Both Teams Destroy Inhibitors?,prop,3,2026-08-02 07:00:00,163.6,Yes,74678058446583988767533004421742293971027577469169916019811692511985126363708,0.05,0.95,0.5,0.9,283.75,286.6,288.9,18.84,140.47,361.76,5,5,
2026-08-02 04:16:21,743170,3080875,Game 3: Both Teams Destroy Inhibitors?,prop,3,2026-08-02 07:00:00,163.6,No,82798674080384483807860851761423273009124194055854717645716960582960189361391,0.05,0.95,0.5,0.9,0.86,3.53,5.77,6807.95,6936.77,7164.03,5,5,
2026-08-02 04:16:21,743170,3080876,Game 3: Any Player Quadra Kill?,prop,3,2026-08-02 07:00:00,163.6,Yes,58611970458737825773401922102759993341146813236760305689783843601007398487475,0.07,0.98,0.525,0.91,283.36,283.36,299.12,232.4,232.4,232.4,4,2,
2026-08-02 04:16:21,743170,3080876,Game 3: Any Player Quadra Kill?,prop,3,2026-08-02 07:00:00,163.6,No,74171810259521672240665790528210581675653866689973453247559598379119949082738,0.02,0.93,0.475,0.91,2.6,2.6,2.6,3764.64,3764.64,4503.62,2,4,
2026-08-02 04:16:21,743170,3080877,Game 3: Any Player Penta Kill?,prop,3,2026-08-02 07:00:00,163.6,Yes,97607285599517336378648008255312059463093287548866171938351083344468544698733,0.05,0.98,0.515,0.93,28.65,29.15,312.61,232.4,232.4,232.4,3,2,
2026-08-02 04:16:21,743170,3080877,Game 3: Any Player Penta Kill?,prop,3,2026-08-02 07:00:00,163.6,No,82175050981495448282087797319073848820595273522692792734078876229291900381358,0.02,0.95,0.485,0.93,2.6,2.6,2.6,544.35,568.85,28631.39,2,3,
2026-08-02 04:16:21,743170,3080878,Game 3: Odd/Even Total Kills?,odd_even,3,2026-08-02 07:00:00,163.6,Odd,113990004661101788122433090480026356333967410198432683291909606912670499759571,0.49,0.51,0.5,0.02,150.33,210.6,569.08,174.62,230.57,624.09,22,20,
2026-08-02 04:16:21,743170,3080878,Game 3: Odd/Even Total Kills?,odd_even,3,2026-08-02 07:00:00,163.6,Even,53396382081016235460482594245617775159364750738670615857179991954098728405392,0.49,0.51,0.5,0.02,165.21,213.26,535.22,158.5,228.23,668.23,20,22,
2026-08-02 04:16:21,743170,3247363,First Blood in Game 1?,first_blood,1,2026-08-02 07:00:00,163.6,ThunderTalk Gaming,37857650446906043848386849190232009781019679134557605636863633397679278721948,0.43,0.48,0.455,0.05,183.93,183.93,183.93,549.27,1459.77,1663.61,13,14,
2026-08-02 04:16:21,743170,3247363,First Blood in Game 1?,first_blood,1,2026-08-02 07:00:00,163.6,Team WE,104852352619923993034857752108294319586139334267455221962018021958633239346502,0.52,0.57,0.545,0.05,573.73,1484.23,1672.39,243.81,243.81,243.81,14,13,
2026-08-02 04:16:21,743170,3247364,First Blood in Game 2?,first_blood,2,2026-08-02 07:00:00,163.6,ThunderTalk Gaming,49805343744222079587811403498521461301652487360378428401792515699102072258747,0.44,0.48,0.46,0.04,230.13,230.13,230.13,548.29,1110.81,1314.65,12,14,16.833332
2026-08-02 04:16:21,743170,3247364,First Blood in Game 2?,first_blood,2,2026-08-02 07:00:00,163.6,Team WE,34975173646955613892802071928251257769371851774569031753455446770178410293492,0.52,0.56,0.54,0.04,572.71,1133.19,1321.35,302.61,302.61,302.61,14,12,16.833332
2026-08-02 04:16:21,743170,3247365,Total Kills Over/Under 30.5 in Game 1?,total_kills,1,2026-08-02 07:00:00,163.6,Over,20089612397959481715540428001947492272136532425413320288741789644696953347047,0.49,0.51,0.5,0.02,514.58,896.02,896.02,537.71,1117.17,1609.73,13,16,36.974356
2026-08-02 04:16:21,743170,3247365,Total Kills Over/Under 30.5 in Game 1?,total_kills,1,2026-08-02 07:00:00,163.6,Under,48583361312674351102955994336714978409432370604740795969667004880847883586088,0.49,0.51,0.5,0.02,514.67,1009.21,1404.15,556.42,986.55,986.55,16,13,36.974356
2026-08-02 04:16:21,743170,3247366,Total Kills Over/Under 30.5 in Game 2?,total_kills,2,2026-08-02 07:00:00,163.6,Over,102341512262568194433893674327876736367357950404093760308808076682839535952801,0.49,0.52,0.505,0.03,516.02,901.37,901.37,622.14,866.44,866.44,13,16,17.962263
2026-08-02 04:16:21,743170,3247366,Total Kills Over/Under 30.5 in Game 2?,total_kills,2,2026-08-02 07:00:00,163.6,Under,81591286331832699111309387511420548545728045115256401081280741169608168963352,0.48,0.51,0.495,0.03,554.24,754.12,754.12,557.98,1010.35,1010.35,16,13,17.962263
2026-08-02 04:22:00,720804,2985831,LoL: DN SOOPers vs HANJIN BRION - Game 1 Winner,map,1,2026-08-02 08:00:00,218.0,DN SOOPers,42936850482651914409277495257882545988254142261829548050889622816919312279771,0.35,0.36,0.355,0.01,4775.67,7411.95,9121.32,3046.18,6804.69,6940.18,26,27,1235.39052
2026-08-02 04:22:00,720804,2985831,LoL: DN SOOPers vs HANJIN BRION - Game 1 Winner,map,1,2026-08-02 08:00:00,218.0,HANJIN BRION,72300873521014331315996822988962847480647045255728209596012804322177150285029,0.64,0.65,0.645,0.01,5205.53,11284.3,11487.54,9145.47,14507.19,18446.54,27,26,1235.39052
2026-08-02 04:22:00,720804,2985832,LoL: DN SOOPers vs HANJIN BRION - Game 2 Winner,map,2,2026-08-02 08:00:00,218.0,DN SOOPers,6293002078450018823745497893356590572289968249157219729289882040976874389242,0.33,0.34,0.335,0.01,2055.55,3745.66,4459.75,1145.94,1913.12,4181.18,26,40,12815.572985
2026-08-02 04:22:00,720804,2985832,LoL: DN SOOPers vs HANJIN BRION - Game 2 Winner,map,2,2026-08-02 08:00:00,218.0,HANJIN BRION,51651805320304444180996920139489385195635313821107581113327476476510601730075,0.66,0.67,0.665,0.01,2218.2,3545.03,7242.61,4179.01,8070.06,9858.41,40,26,12815.572985
2026-08-02 04:22:00,720804,2985833,LoL: DN SOOPers vs HANJIN BRION (BO3) - LCK Round 3-4 Rise Group,series,,2026-08-02 08:00:00,218.0,DN SOOPers,83920944565793264579009568668732470958333402189187686836848086059640655328512,0.29,0.3,0.295,0.01,41268.9,51072.3,55219.63,19245.49,24044.83,25007.83,24,63,107629.43098699999
2026-08-02 04:22:00,720804,2985833,LoL: DN SOOPers vs HANJIN BRION (BO3) - LCK Round 3-4 Rise Group,series,,2026-08-02 08:00:00,218.0,HANJIN BRION,90142340307548158680285244846463054791996473929800648630886781972830446829292,0.7,0.71,0.705,0.01,44146.0,54142.64,55952.67,104510.96,131210.2,144343.2,63,24,107629.43098699999
2026-08-02 04:22:00,720804,2985834,Games Total: O/U 2.5,total_games,,2026-08-02 08:00:00,218.0,Over,115763001589981841934227916705643778300336986478747747006478743351017049320215,0.44,0.45,0.445,0.01,68.97,2142.5,3008.64,1749.66,12387.04,16416.19,24,25,163.88182799999998
2026-08-02 04:22:00,720804,2985834,Games Total: O/U 2.5,total_games,,2026-08-02 08:00:00,218.0,Under,91801222121802541444761121490344327534075944391096953237840309703647468371038,0.55,0.56,0.555,0.01,2093.58,14071.98,18111.41,91.42,3017.87,4338.59,25,24,163.88182799999998
2026-08-02 04:22:00,720804,2985835,Game Handicap: BRO (-1.5) vs DN SOOPers (+1.5),handicap,,2026-08-02 08:00:00,218.0,HANJIN BRION,2478818261239720677086675483799167438612949482205213347168593674700102622629,0.43,0.44,0.435,0.01,2710.16,5913.6,10693.6,27923.53,48859.17,54460.78,31,30,45981.379238999994
2026-08-02 04:22:00,720804,2985835,Game Handicap: BRO (-1.5) vs DN SOOPers (+1.5),handicap,,2026-08-02 08:00:00,218.0,DN SOOPers,94834555477028424709848351439230010185388394524770172258089704477087868641163,0.56,0.57,0.565,0.01,34360.78,58457.66,64288.57,3717.49,8334.26,16054.26,30,31,45981.379238999994
2026-08-02 04:22:00,720804,2985836,Game 1: Both Teams Slay Baron Nashor?,prop,1,2026-08-02 08:00:00,218.0,Yes,44915640594729569087625676620306222412980590579084678991395292033371931560827,0.07,0.26,0.165,0.19,119.67,122.05,138.0,103.33,103.33,103.33,6,16,
2026-08-02 04:22:00,720804,2985836,Game 1: Both Teams Slay Baron Nashor?,prop,1,2026-08-02 08:00:00,218.0,No,37113967443673178032629187181708940461213139311985080295449837338299072323374,0.74,0.93,0.835,0.19,294.1,294.1,294.1,1589.88,1645.09,2381.77,16,6,
2026-08-02 04:22:00,720804,2985837,Game 1: Both Teams Slay a Dragon?,prop,1,2026-08-02 08:00:00,218.0,Yes,81561078706992361174610681826983342457210813688240521193883827615449787089945,0.63,0.78,0.705,0.15,291.51,291.51,291.51,87.58,814.18,823.94,17,14,
2026-08-02 04:22:00,720804,2985837,Game 1: Both Teams Slay a Dragon?,prop,1,2026-08-02 08:00:00,218.0,No,9907281152142873042160819340133770082139172884764291314030269990598666965984,0.22,0.37,0.295,0.15,23.42,205.07,207.07,171.2,171.2,171.2,14,17,
2026-08-02 04:22:00,720804,2985838,Game 1: Both Teams Destroy Inhibitors?,prop,1,2026-08-02 08:00:00,218.0,Yes,71475961584450706233230360574834962522669953698100028735480553421773518962446,0.06,0.2,0.13,0.14,1.45,6.36,11.19,73.49,73.49,73.49,5,19,
2026-08-02 04:22:00,720804,2985838,Game 1: Both Teams Destroy Inhibitors?,prop,1,2026-08-02 08:00:00,218.0,No,96176116817715510739061517798906786856670574020691174289854703473183525042907,0.8,0.94,0.87,0.14,293.96,293.96,293.96,22.75,177.88,644.2,19,5,
2026-08-02 04:22:00,720804,2985839,Game 1: Any Player Quadra Kill?,prop,1,2026-08-02 08:00:00,218.0,Yes,16493390525368333199018739796614614378465922969488141913346132696092540481996,0.07,0.5,0.285,0.43,283.36,283.36,299.12,283.36,283.36,283.36,4,15,
2026-08-02 04:22:00,720804,2985839,Game 1: Any Player Quadra Kill?,prop,1,2026-08-02 08:00:00,218.0,No,56347653585494781062554189637614748771006399122103141423346716304631011312144,0.5,0.93,0.715,0.43,283.36,283.36,283.36,3764.64,3764.64,4503.62,15,4,
2026-08-02 04:22:00,720804,2985840,Game 1: Any Player Penta Kill?,prop,1,2026-08-02 08:00:00,218.0,Yes,49668406403014705401245867535537092853662595481221175539691493508867265252416,0.02,0.49,0.255,0.47,283.96,283.96,283.96,302.47,302.47,302.47,2,17,
2026-08-02 04:22:00,720804,2985840,Game 1: Any Player Penta Kill?,prop,1,2026-08-02 08:00:00,218.0,No,392322018462975303761146965828888407897620802810361622816977224642104664346,0.51,0.98,0.745,0.47,303.25,303.25,303.25,28087.04,28087.04,28087.04,17,2,
2026-08-02 04:22:00,720804,2985841,Game 1: Odd/Even Total Kills?,odd_even,1,2026-08-02 08:00:00,218.0,Odd,64592549155132161597723277379753760434816316220798779424330799858113165111831,0.49,0.51,0.5,0.02,127.39,149.37,433.99,133.65,159.46,507.32,18,18,
2026-08-02 04:22:00,720804,2985841,Game 1: Odd/Even Total Kills?,odd_even,1,2026-08-02 08:00:00,218.0,Even,22354129330778337787211517449131111296157517049169544234741909359794225096802,0.49,0.51,0.5,0.02,127.39,149.37,433.99,133.65,159.46,507.32,18,18,
2026-08-02 04:22:00,720804,2985842,Game 2: Both Teams Slay Baron Nashor?,prop,2,2026-08-02 08:00:00,218.0,Yes,57194722881652722287778928856899256552760339229401704787654609080883199550511,0.07,0.26,0.165,0.19,119.67,122.05,138.0,103.33,103.33,103.33,6,15,
2026-08-02 04:22:00,720804,2985842,Game 2: Both Teams Slay Baron Nashor?,prop,2,2026-08-02 08:00:00,218.0,No,59374135450969641428260528220646082053630355448275032123355014422228661214328,0.74,0.93,0.835,0.19,294.1,294.1,294.1,1589.88,1645.09,2381.77,15,6,
2026-08-02 04:22:00,720804,2985843,Game 2: Both Teams Slay a Dragon?,prop,2,2026-08-02 08:00:00,218.0,Yes,16761207663700929763930895000870044109436239314614467819259826218322025602414,0.63,0.78,0.705,0.15,291.51,291.51,291.51,87.58,814.18,823.94,16,14,
2026-08-02 04:22:00,720804,2985843,Game 2: Both Teams Slay a Dragon?,prop,2,2026-08-02 08:00:00,218.0,No,91053011289502335373332454164570546553687856896383620203832129814970866007559,0.22,0.37,0.295,0.15,23.42,205.07,207.07,171.2,171.2,171.2,14,16,
2026-08-02 04:22:00,720804,2985844,Game 2: Both Teams Destroy Inhibitors?,prop,2,2026-08-02 08:00:00,218.0,Yes,72080657131222492875722184018671784613358675618683575643423920669409123373805,0.06,0.2,0.13,0.14,1.45,6.36,11.17,73.49,73.49,73.49,5,18,
2026-08-02 04:22:00,720804,2985844,Game 2: Both Teams Destroy Inhibitors?,prop,2,2026-08-02 08:00:00,218.0,No,76575595827436686508796323618238841350839192478819249193882303206472590522650,0.8,0.94,0.87,0.14,293.96,293.96,293.96,22.75,177.88,642.22,18,5,
2026-08-02 04:22:00,720804,2985845,Game 2: Any Player Quadra Kill?,prop,2,2026-08-02 08:00:00,218.0,Yes,76246363645423051975364496046855254236794026710696233410148462217483517468912,0.07,0.5,0.285,0.43,283.36,283.36,299.12,283.36,283.36,283.36,4,16,
2026-08-02 04:22:00,720804,2985845,Game 2: Any Player Quadra Kill?,prop,2,2026-08-02 08:00:00,218.0,No,82952967493967711298009068236655995385276954244991565434629591429951419785253,0.5,0.93,0.715,0.43,283.36,283.36,283.36,3764.64,3764.64,4503.62,16,4,
2026-08-02 04:22:00,720804,2985846,Game 2: Any Player Penta Kill?,prop,2,2026-08-02 08:00:00,218.0,Yes,32202589203000764524594958432996792352023689136584650862389425963534626513896,0.02,0.47,0.245,0.45,283.96,283.96,283.96,21.08,304.44,304.44,2,17,
2026-08-02 04:22:00,720804,2985846,Game 2: Any Player Penta Kill?,prop,2,2026-08-02 08:00:00,218.0,No,41247326107088233542428794448520019157752700819922175251278359525383173138072,0.53,0.98,0.755,0.45,23.62,306.98,306.98,28087.04,28087.04,28087.04,17,2,
2026-08-02 04:22:00,720804,2985847,Game 2: Odd/Even Total Kills?,odd_even,2,2026-08-02 08:00:00,218.0,Odd,14101125707317252499556366876532811859229089743435541998693959506889109440513,0.49,0.51,0.5,0.02,127.39,149.37,433.99,133.65,159.46,507.32,18,18,
2026-08-02 04:22:00,720804,2985847,Game 2: Odd/Even Total Kills?,odd_even,2,2026-08-02 08:00:00,218.0,Even,112433670667782516872456707749946291262697470726766165959272619193571438860014,0.49,0.51,0.5,0.02,127.39,149.37,433.99,133.65,159.46,507.32,18,18,
2026-08-02 04:22:00,720804,2985848,Game 3: Both Teams Slay Baron Nashor?,prop,3,2026-08-02 08:00:00,218.0,Yes,104136964712435805736220279460301224337589608756593979191221375998315537578826,0.07,0.95,0.51,0.88,284.88,285.36,301.22,29.92,154.11,369.91,6,5,
2026-08-02 04:22:00,720804,2985848,Game 3: Both Teams Slay Baron Nashor?,prop,3,2026-08-02 08:00:00,218.0,No,58227032133651406364524656801923559562496425913687094624385449611629670118018,0.05,0.93,0.49,0.88,1.33,4.14,6.32,4459.48,4470.94,5207.01,5,6,
2026-08-02 04:22:00,720804,2985849,Game 3: Both Teams Slay a Dragon?,prop,3,2026-08-02 08:00:00,218.0,Yes,62359769166445215506801265907978402615199925175015226504522160105921437334234,0.05,0.78,0.415,0.73,1.29,4.24,6.52,1152.55,1152.55,1169.15,5,12,
2026-08-02 04:22:00,720804,2985849,Game 3: Both Teams Slay a Dragon?,prop,3,2026-08-02 08:00:00,218.0,No,83654870348198823667332595091134305392760162249370758365244315399177123554265,0.22,0.95,0.585,0.73,307.78,307.78,311.18,29.5,157.94,384.36,12,5,
2026-08-02 04:22:00,720804,2985850,Game 3: Both Teams Destroy Inhibitors?,prop,3,2026-08-02 08:00:00,218.0,Yes,15560581673514295406323370069329485324079403980988726489321483925152219020603,0.06,0.95,0.505,0.89,1.85,287.69,290.06,29.54,166.73,382.53,6,5,
2026-08-02 04:22:00,720804,2985850,Game 3: Both Teams Destroy Inhibitors?,prop,3,2026-08-02 08:00:00,218.0,No,35084658982496356177161118423351755624835829136464432164708520782096827818976,0.05,0.94,0.495,0.89,1.31,4.41,6.59,30.34,6911.17,7140.97,5,6,
2026-08-02 04:22:00,720804,2985851,Game 3: Any Player Quadra Kill?,prop,3,2026-08-02 08:00:00,218.0,Yes,75468224762988852590066020869645592387061629400786739342571011064205596141274,0.07,0.98,0.525,0.91,283.36,283.36,299.12,232.4,232.4,232.4,4,2,
2026-08-02 04:22:00,720804,2985851,Game 3: Any Player Quadra Kill?,prop,3,2026-08-02 08:00:00,218.0,No,74647852821951903964313502511589443983089513099015021935729078044895223408021,0.02,0.93,0.475,0.91,2.6,2.6,2.6,3764.64,3764.64,4503.62,2,4,
2026-08-02 04:22:00,720804,2985852,Game 3: Any Player Penta Kill?,prop,3,2026-08-02 08:00:00,218.0,Yes,107684476421773351543830332455122213678091807083550082965983665787711393740939,0.17,0.98,0.575,0.81,2.88,2.88,2.88,232.4,232.4,232.4,5,2,
2026-08-02 04:22:00,720804,2985852,Game 3: Any Player Penta Kill?,prop,3,2026-08-02 08:00:00,218.0,No,106156280359148725335259783092663119689979144099409849171363101956551129219138,0.02,0.83,0.425,0.81,2.6,2.6,2.6,14.82,14.82,14.82,2,5,
2026-08-02 04:22:00,720804,2985853,Game 3: Odd/Even Total Kills?,odd_even,3,2026-08-02 08:00:00,218.0,Odd,75183633087080408500425823268702677619156746674341626211978771280711642562797,0.49,0.51,0.5,0.02,127.39,149.37,433.99,133.65,159.46,507.32,18,18,
2026-08-02 04:22:00,720804,2985853,Game 3: Odd/Even Total Kills?,odd_even,3,2026-08-02 08:00:00,218.0,Even,28081118088313904661731832500271423416547915012124693594931517615532487909024,0.49,0.51,0.5,0.02,127.39,149.37,433.99,133.65,159.46,507.32,18,18,
2026-08-02 04:22:00,743170,3080856,LoL: ThunderTalk Gaming vs Team WE - Game 1 Winner,map,1,2026-08-02 07:00:00,158.0,ThunderTalk Gaming,72496135746065500247901246672311988779275411906571209759439852708611576071027,0.37,0.38,0.375,0.01,2930.64,7340.0,8221.59,2056.89,4120.92,7966.61,27,33,2592.500632
2026-08-02 04:22:00,743170,3080856,LoL: ThunderTalk Gaming vs Team WE - Game 1 Winner,map,1,2026-08-02 07:00:00,158.0,Team WE,86406897272144859430606590863571410444264660567962881318145059910183257772933,0.62,0.63,0.625,0.01,3222.76,6271.13,11447.52,5165.42,13599.72,15412.17,33,27,2592.500632
2026-08-02 04:22:00,743170,3080857,LoL: ThunderTalk Gaming vs Team WE - Game 2 Winner,map,2,2026-08-02 07:00:00,158.0,ThunderTalk Gaming,76752916551697359157851234269297016591012843522959969977805224055761398575042,0.37,0.38,0.375,0.01,2494.61,4140.94,5367.34,184.47,802.03,2513.75,26,28,283.420404
2026-08-02 04:22:00,743170,3080857,LoL: ThunderTalk Gaming vs Team WE - Game 2 Winner,map,2,2026-08-02 07:00:00,158.0,Team WE,65010317623213437982030806655308793500445270659341039623165426683797274071506,0.62,0.63,0.625,0.01,294.53,1207.95,3511.0,4397.49,7521.22,10033.74,28,26,283.420404
2026-08-02 04:22:00,743170,3080858,LoL: ThunderTalk Gaming vs Team WE (BO3) - LPL Group Ascend,series,,2026-08-02 07:00:00,158.0,ThunderTalk Gaming,102071153892246039627048034194967021680193759805083679061162745293075874048047,0.32,0.33,0.325,0.01,20896.2,32311.86,37414.75,5361.63,19219.75,21037.57,26,46,50367.013747999976
2026-08-02 04:22:00,743170,3080858,LoL: ThunderTalk Gaming vs Team WE (BO3) - LPL Group Ascend,series,,2026-08-02 07:00:00,158.0,Team WE,107302480629937459746801418935680895835862951318163699611993485492174680492656,0.67,0.68,0.675,0.01,10468.45,35749.44,38765.09,45813.79,73199.5,86733.88,46,26,50367.013747999976
2026-08-02 04:22:00,743170,3080859,Games Total: O/U 2.5,total_games,,2026-08-02 07:00:00,158.0,Over,107594494912723104964093717822186803561399283167752733293344196473822150830801,0.45,0.46,0.455,0.01,1388.65,5990.24,6684.0,504.75,11710.48,14696.43,24,26,996.993588
2026-08-02 04:22:00,743170,3080859,Games Total: O/U 2.5,total_games,,2026-08-02 07:00:00,158.0,Under,13195949740986299733115750603639707489456064739889325747062719688400177484721,0.54,0.55,0.545,0.01,569.71,12642.13,15572.88,1754.0,7931.62,8954.34,26,24,996.993588
2026-08-02 04:22:00,743170,3080860,Game Handicap: WE (-1.5) vs ThunderTalk Gaming (+1.5),handicap,,2026-08-02 07:00:00,158.0,Team WE,72898904332442991379697379372607989319613847572204270780556694513998511299687,0.4,0.41,0.405,0.01,5475.7,7305.8,7639.72,10093.2,19971.1,21635.3,31,34,12964.903612999997
2026-08-02 04:22:00,743170,3080860,Game Handicap: WE (-1.5) vs ThunderTalk Gaming (+1.5),handicap,,2026-08-02 07:00:00,158.0,ThunderTalk Gaming,50834236677980205127685734657806100902200221308325695417181113975675617751500,0.59,0.6,0.595,0.01,14169.6,26958.36,28978.3,8549.19,11578.42,12196.75,34,31,12964.903612999997
2026-08-02 04:22:00,743170,3080861,Game 1: Both Teams Slay Baron Nashor?,prop,1,2026-08-02 07:00:00,158.0,Yes,576199460582024193100725101261977861313235933865014426802032541129552297770,0.05,0.31,0.18,0.26,123.55,137.71,166.99,137.8,137.8,137.8,5,18,
2026-08-02 04:22:00,743170,3080861,Game 1: Both Teams Slay Baron Nashor?,prop,1,2026-08-02 07:00:00,158.0,No,39148998634785957714637765512152768766586838959238901897071669687131023587459,0.69,0.95,0.82,0.26,306.72,306.72,306.72,2349.83,3030.49,5929.96,18,5,
2026-08-02 04:22:00,743170,3080862,Game 1: Both Teams Slay a Dragon?,prop,1,2026-08-02 07:00:00,158.0,Yes,12798444312028531986523161040093625635680994958660481961288482187110266231846,0.52,0.79,0.655,0.27,121.9,130.4,130.4,52.44,52.44,52.44,19,14,6.405061
2026-08-02 04:22:00,743170,3080862,Game 1: Both Teams Slay a Dragon?,prop,1,2026-08-02 07:00:00,158.0,No,77088962572483445588626120910059447941522620776186008716249040366097850926880,0.21,0.48,0.345,0.27,13.81,13.81,13.81,116.19,124.69,124.69,14,19,6.405061
2026-08-02 04:22:00,743170,3080863,Game 1: Both Teams Destroy Inhibitors?,prop,1,2026-08-02 07:00:00,158.0,Yes,23431616529800285954157853389995618720561419057686883100386442761747625637104,0.04,0.25,0.145,0.21,1.08,5.54,5.54,102.24,102.24,102.24,4,18,
2026-08-02 04:22:00,743170,3080863,Game 1: Both Teams Destroy Inhibitors?,prop,1,2026-08-02 07:00:00,158.0,No,66554463746156474753360063073089192961440136242626809840747100770144773363381,0.75,0.96,0.855,0.21,306.72,306.72,306.72,31.98,360.62,360.62,18,4,
2026-08-02 04:22:00,743170,3080864,Game 1: Any Player Quadra Kill?,prop,1,2026-08-02 07:00:00,158.0,Yes,22455107191123144705981038449625131671221453070883782041240941374293880968288,0.07,0.5,0.285,0.43,283.36,283.36,299.12,283.36,283.36,283.36,4,15,
2026-08-02 04:22:00,743170,3080864,Game 1: Any Player Quadra Kill?,prop,1,2026-08-02 07:00:00,158.0,No,57661462033981889980416103903558356629279739546061415204700512894530729898269,0.5,0.93,0.715,0.43,283.36,283.36,283.36,3764.64,3764.64,4503.62,15,4,
2026-08-02 04:22:00,743170,3080865,Game 1: Any Player Penta Kill?,prop,1,2026-08-02 07:00:00,158.0,Yes,38163109940135782122194759258784261278998733099801323596701954770736607626752,0.02,0.47,0.245,0.45,283.96,283.96,283.96,40.71,324.07,324.07,2,16,
2026-08-02 04:22:00,743170,3080865,Game 1: Any Player Penta Kill?,prop,1,2026-08-02 07:00:00,158.0,No,18263507673053474198234050929721878908174235128213603833935283248455845943858,0.53,0.98,0.755,0.45,44.9,328.26,328.26,28087.04,28087.04,28087.04,16,2,
2026-08-02 04:22:00,743170,3080866,Game 1: Odd/Even Total Kills?,odd_even,1,2026-08-02 07:00:00,158.0,Odd,85798990390253236886572130022554634660940011863431591207755224338342575313983,0.49,0.51,0.5,0.02,150.33,210.6,569.08,172.02,227.97,621.49,21,21,
2026-08-02 04:22:00,743170,3080866,Game 1: Odd/Even Total Kills?,odd_even,1,2026-08-02 07:00:00,158.0,Even,47936515113103876354401977929271863637215537317870382878338698939378687308220,0.49,0.51,0.5,0.02,162.81,210.86,532.82,158.5,228.23,668.23,21,21,
2026-08-02 04:22:00,743170,3080867,Game 2: Both Teams Slay Baron Nashor?,prop,2,2026-08-02 07:00:00,158.0,Yes,60281269953928099872331843176728418985547710930507954182708820022609808669897,0.06,0.31,0.185,0.25,125.44,128.17,168.07,137.8,137.8,137.8,6,16,
2026-08-02 04:22:00,743170,3080867,Game 2: Both Teams Slay Baron Nashor?,prop,2,2026-08-02 07:00:00,158.0,No,54226307805103642247368181146777059036318134178988043479524344500872140305962,0.69,0.94,0.815,0.25,306.72,306.72,306.72,1971.97,2054.16,5427.82,16,6,
2026-08-02 04:22:00,743170,3080868,Game 2: Both Teams Slay a Dragon?,prop,2,2026-08-02 07:00:00,158.0,Yes,29739434282903929326119644557308650803403459184094521455401480492552851758792,0.5,0.79,0.645,0.29,8.5,8.5,8.5,31.98,31.98,47.85,21,15,6.405061
2026-08-02 04:22:00,743170,3080868,Game 2: Both Teams Slay a Dragon?,prop,2,2026-08-02 07:00:00,158.0,No,115189779164715499661096663266273794100452504398581109422822509223165504997016,0.21,0.5,0.355,0.29,8.5,8.5,11.52,8.5,8.5,8.5,15,21,6.405061
2026-08-02 04:22:00,743170,3080869,Game 2: Both Teams Destroy Inhibitors?,prop,2,2026-08-02 07:00:00,158.0,Yes,88990911960391494970969025618777169053962523897236517506343545936592821417150,0.04,0.25,0.145,0.21,0.98,5.54,5.54,102.24,102.24,102.24,4,18,
2026-08-02 04:22:00,743170,3080869,Game 2: Both Teams Destroy Inhibitors?,prop,2,2026-08-02 07:00:00,158.0,No,10524318344677108875682344365087472988103237322063807998004848565189515778420,0.75,0.96,0.855,0.21,306.72,306.72,306.72,27.74,369.16,369.16,18,4,
2026-08-02 04:22:00,743170,3080870,Game 2: Any Player Quadra Kill?,prop,2,2026-08-02 07:00:00,158.0,Yes,60151038950673183831317840708733437193639535219371433492499517893097352170958,0.07,0.5,0.285,0.43,283.36,283.36,299.12,283.36,283.36,283.36,4,14,
2026-08-02 04:22:00,743170,3080870,Game 2: Any Player Quadra Kill?,prop,2,2026-08-02 07:00:00,158.0,No,96670306229134967862342679387306668871486431855351232811714354282383437049694,0.5,0.93,0.715,0.43,283.36,283.36,283.36,3764.64,3764.64,4503.62,14,4,
2026-08-02 04:22:00,743170,3080871,Game 2: Any Player Penta Kill?,prop,2,2026-08-02 07:00:00,158.0,Yes,85436915482113046069979555825963002631887797266173136356295138827309011750777,0.02,0.49,0.255,0.47,283.96,283.96,283.96,302.47,302.47,302.47,2,15,
2026-08-02 04:22:00,743170,3080871,Game 2: Any Player Penta Kill?,prop,2,2026-08-02 07:00:00,158.0,No,18077218119331989121746877984118590164679237634729750935595601490676077255075,0.51,0.98,0.745,0.47,303.25,303.25,303.25,28087.04,28087.04,28087.04,15,2,
2026-08-02 04:22:00,743170,3080872,Game 2: Odd/Even Total Kills?,odd_even,2,2026-08-02 07:00:00,158.0,Odd,34489811684252406008666584709129492333999413412636899041454268250718879985571,0.49,0.51,0.5,0.02,150.33,210.6,569.08,172.02,227.97,621.49,22,21,
2026-08-02 04:22:00,743170,3080872,Game 2: Odd/Even Total Kills?,odd_even,2,2026-08-02 07:00:00,158.0,Even,54240670553404029184267189483971374359932954287994832023836725546285071185760,0.49,0.51,0.5,0.02,162.81,210.86,532.82,158.5,228.23,668.23,21,22,
2026-08-02 04:22:00,743170,3080873,Game 3: Both Teams Slay Baron Nashor?,prop,3,2026-08-02 07:00:00,158.0,Yes,57811859513176873940762138997441201835014358696460679905995989548048354540264,0.07,0.95,0.51,0.88,283.78,284.53,299.98,18.84,132.38,340.28,6,5,
2026-08-02 04:22:00,743170,3080873,Game 3: Both Teams Slay Baron Nashor?,prop,3,2026-08-02 07:00:00,158.0,No,51295536053704709752778560732608776452578283468330820057353695324319173655698,0.05,0.93,0.49,0.88,0.86,3.26,5.36,4444.83,4462.82,5186.93,5,6,
2026-08-02 04:22:00,743170,3080874,Game 3: Both Teams Slay a Dragon?,prop,3,2026-08-02 07:00:00,158.0,Yes,58179717417989811646094036412121479543745227457593444191940365470656571742504,0.05,0.78,0.415,0.73,0.9,3.26,5.54,1143.97,1143.97,1160.57,5,14,
2026-08-02 04:22:00,743170,3080874,Game 3: Both Teams Slay a Dragon?,prop,3,2026-08-02 07:00:00,158.0,No,87343980035439006519000360405908787631260216234022290897341333211611511248508,0.22,0.95,0.585,0.73,305.36,305.36,308.76,19.41,132.66,358.45,14,5,
2026-08-02 04:22:00,743170,3080875,Game 3: Both Teams Destroy Inhibitors?,prop,3,2026-08-02 07:00:00,158.0,Yes,74678058446583988767533004421742293971027577469169916019811692511985126363708,0.05,0.95,0.5,0.9,283.75,286.42,288.72,18.84,130.33,351.63,5,5,
2026-08-02 04:22:00,743170,3080875,Game 3: Both Teams Destroy Inhibitors?,prop,3,2026-08-02 07:00:00,158.0,No,82798674080384483807860851761423273009124194055854717645716960582960189361391,0.05,0.95,0.5,0.9,0.86,3.22,5.45,6807.95,6927.86,7155.12,5,5,
2026-08-02 04:22:00,743170,3080876,Game 3: Any Player Quadra Kill?,prop,3,2026-08-02 07:00:00,158.0,Yes,58611970458737825773401922102759993341146813236760305689783843601007398487475,0.07,0.98,0.525,0.91,283.36,283.36,299.12,232.4,232.4,232.4,4,2,
2026-08-02 04:22:00,743170,3080876,Game 3: Any Player Quadra Kill?,prop,3,2026-08-02 07:00:00,158.0,No,74171810259521672240665790528210581675653866689973453247559598379119949082738,0.02,0.93,0.475,0.91,2.6,2.6,2.6,3764.64,3764.64,4503.62,2,4,
2026-08-02 04:22:00,743170,3080877,Game 3: Any Player Penta Kill?,prop,3,2026-08-02 07:00:00,158.0,Yes,97607285599517336378648008255312059463093287548866171938351083344468544698733,0.05,0.98,0.515,0.93,28.65,29.15,312.61,232.4,232.4,232.4,3,2,
2026-08-02 04:22:00,743170,3080877,Game 3: Any Player Penta Kill?,prop,3,2026-08-02 07:00:00,158.0,No,82175050981495448282087797319073848820595273522692792734078876229291900381358,0.02,0.95,0.485,0.93,2.6,2.6,2.6,544.35,568.85,28631.39,2,3,
2026-08-02 04:22:00,743170,3080878,Game 3: Odd/Even Total Kills?,odd_even,3,2026-08-02 07:00:00,158.0,Odd,113990004661101788122433090480026356333967410198432683291909606912670499759571,0.49,0.51,0.5,0.02,150.33,210.6,569.08,174.62,230.57,624.09,22,20,
2026-08-02 04:22:00,743170,3080878,Game 3: Odd/Even Total Kills?,odd_even,3,2026-08-02 07:00:00,158.0,Even,53396382081016235460482594245617775159364750738670615857179991954098728405392,0.49,0.51,0.5,0.02,165.21,213.26,535.22,158.5,228.23,668.23,20,22,
2026-08-02 04:22:00,743170,3247363,First Blood in Game 1?,first_blood,1,2026-08-02 07:00:00,158.0,ThunderTalk Gaming,37857650446906043848386849190232009781019679134557605636863633397679278721948,0.43,0.48,0.455,0.05,183.93,183.93,183.93,549.27,1459.77,1663.61,11,14,
2026-08-02 04:22:00,743170,3247363,First Blood in Game 1?,first_blood,1,2026-08-02 07:00:00,158.0,Team WE,104852352619923993034857752108294319586139334267455221962018021958633239346502,0.52,0.57,0.545,0.05,573.73,1484.23,1672.39,243.81,243.81,243.81,14,11,
2026-08-02 04:22:00,743170,3247364,First Blood in Game 2?,first_blood,2,2026-08-02 07:00:00,158.0,ThunderTalk Gaming,49805343744222079587811403498521461301652487360378428401792515699102072258747,0.44,0.48,0.46,0.04,230.13,230.13,230.13,548.29,1110.81,1314.65,12,14,16.833332
2026-08-02 04:22:00,743170,3247364,First Blood in Game 2?,first_blood,2,2026-08-02 07:00:00,158.0,Team WE,34975173646955613892802071928251257769371851774569031753455446770178410293492,0.52,0.56,0.54,0.04,572.71,1133.19,1321.35,302.61,302.61,302.61,14,12,16.833332
2026-08-02 04:22:00,743170,3247365,Total Kills Over/Under 30.5 in Game 1?,total_kills,1,2026-08-02 07:00:00,158.0,Over,20089612397959481715540428001947492272136532425413320288741789644696953347047,0.49,0.51,0.5,0.02,514.58,896.02,896.02,537.71,1117.17,1609.73,13,16,36.974356
2026-08-02 04:22:00,743170,3247365,Total Kills Over/Under 30.5 in Game 1?,total_kills,1,2026-08-02 07:00:00,158.0,Under,48583361312674351102955994336714978409432370604740795969667004880847883586088,0.49,0.51,0.5,0.02,514.67,1009.21,1404.15,556.42,986.55,986.55,16,13,36.974356
2026-08-02 04:22:00,743170,3247366,Total Kills Over/Under 30.5 in Game 2?,total_kills,2,2026-08-02 07:00:00,158.0,Over,102341512262568194433893674327876736367357950404093760308808076682839535952801,0.49,0.52,0.505,0.03,516.02,901.37,901.37,630.26,874.56,874.56,13,16,17.962263
2026-08-02 04:22:00,743170,3247366,Total Kills Over/Under 30.5 in Game 2?,total_kills,2,2026-08-02 07:00:00,158.0,Under,81591286331832699111309387511420548545728045115256401081280741169608168963352,0.48,0.51,0.495,0.03,561.74,761.62,761.62,557.98,1010.35,1010.35,16,13,17.962263
2026-08-02 04:27:42,720804,2985831,LoL: DN SOOPers vs HANJIN BRION - Game 1 Winner,map,1,2026-08-02 08:00:00,212.3,DN SOOPers,42936850482651914409277495257882545988254142261829548050889622816919312279771,0.35,0.36,0.355,0.01,4775.87,7418.75,9128.12,3053.58,6804.49,6939.98,26,27,1235.39052
2026-08-02 04:27:42,720804,2985831,LoL: DN SOOPers vs HANJIN BRION - Game 1 Winner,map,1,2026-08-02 08:00:00,212.3,HANJIN BRION,72300873521014331315996822988962847480647045255728209596012804322177150285029,0.64,0.65,0.645,0.01,5218.13,11284.5,11487.74,9145.27,14520.39,18459.74,27,26,1235.39052
2026-08-02 04:27:42,720804,2985832,LoL: DN SOOPers vs HANJIN BRION - Game 2 Winner,map,2,2026-08-02 08:00:00,212.3,DN SOOPers,6293002078450018823745497893356590572289968249157219729289882040976874389242,0.33,0.34,0.335,0.01,2187.55,3877.66,4591.75,1145.94,1913.12,4181.18,26,40,12815.572985
2026-08-02 04:27:42,720804,2985832,LoL: DN SOOPers vs HANJIN BRION - Game 2 Winner,map,2,2026-08-02 08:00:00,212.3,HANJIN BRION,51651805320304444180996920139489385195635313821107581113327476476510601730075,0.66,0.67,0.665,0.01,2218.2,3545.03,7242.61,4447.01,8338.06,10126.41,40,26,12815.572985
2026-08-02 04:27:42,720804,2985833,LoL: DN SOOPers vs HANJIN BRION (BO3) - LCK Round 3-4 Rise Group,series,,2026-08-02 08:00:00,212.3,DN SOOPers,83920944565793264579009568668732470958333402189187686836848086059640655328512,0.29,0.3,0.295,0.01,40943.4,50746.8,54894.13,20259.99,25059.33,26022.33,26,63,107629.43098699999
2026-08-02 04:27:42,720804,2985833,LoL: DN SOOPers vs HANJIN BRION (BO3) - LCK Round 3-4 Rise Group,series,,2026-08-02 08:00:00,212.3,HANJIN BRION,90142340307548158680285244846463054791996473929800648630886781972830446829292,0.7,0.71,0.705,0.01,46513.16,56509.8,58319.83,103886.46,130585.7,143718.7,63,26,107629.43098699999
2026-08-02 04:27:42,720804,2985834,Games Total: O/U 2.5,total_games,,2026-08-02 08:00:00,212.3,Over,115763001589981841934227916705643778300336986478747747006478743351017049320215,0.44,0.45,0.445,0.01,68.97,1892.6,2758.74,1196.6,11704.26,15733.41,24,25,163.88182799999998
2026-08-02 04:27:42,720804,2985834,Games Total: O/U 2.5,total_games,,2026-08-02 08:00:00,212.3,Under,91801222121802541444761121490344327534075944391096953237840309703647468371038,0.55,0.56,0.555,0.01,1434.64,13266.76,17306.19,91.42,2672.77,3993.49,25,24,163.88182799999998
2026-08-02 04:27:42,720804,2985835,Game Handicap: BRO (-1.5) vs DN SOOPers (+1.5),handicap,,2026-08-02 08:00:00,212.3,HANJIN BRION,2478818261239720677086675483799167438612949482205213347168593674700102622629,0.43,0.44,0.435,0.01,2753.16,5956.6,10736.6,27923.53,48859.17,54460.78,31,30,45981.379238999994
2026-08-02 04:27:42,720804,2985835,Game Handicap: BRO (-1.5) vs DN SOOPers (+1.5),handicap,,2026-08-02 08:00:00,212.3,DN SOOPers,94834555477028424709848351439230010185388394524770172258089704477087868641163,0.56,0.57,0.565,0.01,34360.78,58457.66,64288.57,3774.49,8391.26,16111.26,30,31,45981.379238999994
2026-08-02 04:27:42,720804,2985836,Game 1: Both Teams Slay Baron Nashor?,prop,1,2026-08-02 08:00:00,212.3,Yes,44915640594729569087625676620306222412980590579084678991395292033371931560827,0.07,0.26,0.165,0.19,119.67,122.05,138.0,103.33,103.33,103.33,6,16,
2026-08-02 04:27:42,720804,2985836,Game 1: Both Teams Slay Baron Nashor?,prop,1,2026-08-02 08:00:00,212.3,No,37113967443673178032629187181708940461213139311985080295449837338299072323374,0.74,0.93,0.835,0.19,294.1,294.1,294.1,1589.88,1645.09,2381.77,16,6,
2026-08-02 04:27:42,720804,2985837,Game 1: Both Teams Slay a Dragon?,prop,1,2026-08-02 08:00:00,212.3,Yes,81561078706992361174610681826983342457210813688240521193883827615449787089945,0.63,0.78,0.705,0.15,291.51,291.51,291.51,87.58,814.18,823.94,17,14,
2026-08-02 04:27:42,720804,2985837,Game 1: Both Teams Slay a Dragon?,prop,1,2026-08-02 08:00:00,212.3,No,9907281152142873042160819340133770082139172884764291314030269990598666965984,0.22,0.37,0.295,0.15,23.42,205.07,207.07,171.2,171.2,171.2,14,17,
2026-08-02 04:27:42,720804,2985838,Game 1: Both Teams Destroy Inhibitors?,prop,1,2026-08-02 08:00:00,212.3,Yes,71475961584450706233230360574834962522669953698100028735480553421773518962446,0.06,0.2,0.13,0.14,1.45,6.36,11.19,73.49,73.49,73.49,5,19,
2026-08-02 04:27:42,720804,2985838,Game 1: Both Teams Destroy Inhibitors?,prop,1,2026-08-02 08:00:00,212.3,No,96176116817715510739061517798906786856670574020691174289854703473183525042907,0.8,0.94,0.87,0.14,293.96,293.96,293.96,22.75,177.88,644.2,19,5,
2026-08-02 04:27:42,720804,2985839,Game 1: Any Player Quadra Kill?,prop,1,2026-08-02 08:00:00,212.3,Yes,16493390525368333199018739796614614378465922969488141913346132696092540481996,0.07,0.5,0.285,0.43,283.36,283.36,299.12,283.36,283.36,283.36,4,15,
2026-08-02 04:27:42,720804,2985839,Game 1: Any Player Quadra Kill?,prop,1,2026-08-02 08:00:00,212.3,No,56347653585494781062554189637614748771006399122103141423346716304631011312144,0.5,0.93,0.715,0.43,283.36,283.36,283.36,3764.64,3764.64,4503.62,15,4,
2026-08-02 04:27:42,720804,2985840,Game 1: Any Player Penta Kill?,prop,1,2026-08-02 08:00:00,212.3,Yes,49668406403014705401245867535537092853662595481221175539691493508867265252416,0.02,0.49,0.255,0.47,283.96,283.96,283.96,302.47,302.47,302.47,2,17,
2026-08-02 04:27:42,720804,2985840,Game 1: Any Player Penta Kill?,prop,1,2026-08-02 08:00:00,212.3,No,392322018462975303761146965828888407897620802810361622816977224642104664346,0.51,0.98,0.745,0.47,303.25,303.25,303.25,28087.04,28087.04,28087.04,17,2,
2026-08-02 04:27:42,720804,2985841,Game 1: Odd/Even Total Kills?,odd_even,1,2026-08-02 08:00:00,212.3,Odd,64592549155132161597723277379753760434816316220798779424330799858113165111831,0.49,0.51,0.5,0.02,127.39,149.37,433.99,133.65,159.46,507.32,18,18,
2026-08-02 04:27:42,720804,2985841,Game 1: Odd/Even Total Kills?,odd_even,1,2026-08-02 08:00:00,212.3,Even,22354129330778337787211517449131111296157517049169544234741909359794225096802,0.49,0.51,0.5,0.02,127.39,149.37,433.99,133.65,159.46,507.32,18,18,
2026-08-02 04:27:42,720804,2985842,Game 2: Both Teams Slay Baron Nashor?,prop,2,2026-08-02 08:00:00,212.3,Yes,57194722881652722287778928856899256552760339229401704787654609080883199550511,0.07,0.26,0.165,0.19,119.67,122.05,138.0,103.33,103.33,103.33,6,15,
2026-08-02 04:27:42,720804,2985842,Game 2: Both Teams Slay Baron Nashor?,prop,2,2026-08-02 08:00:00,212.3,No,59374135450969641428260528220646082053630355448275032123355014422228661214328,0.74,0.93,0.835,0.19,294.1,294.1,294.1,1589.88,1645.09,2381.77,15,6,
2026-08-02 04:27:42,720804,2985843,Game 2: Both Teams Slay a Dragon?,prop,2,2026-08-02 08:00:00,212.3,Yes,16761207663700929763930895000870044109436239314614467819259826218322025602414,0.63,0.78,0.705,0.15,291.51,291.51,291.51,87.58,814.18,823.94,16,14,
2026-08-02 04:27:42,720804,2985843,Game 2: Both Teams Slay a Dragon?,prop,2,2026-08-02 08:00:00,212.3,No,91053011289502335373332454164570546553687856896383620203832129814970866007559,0.22,0.37,0.295,0.15,23.42,205.07,207.07,171.2,171.2,171.2,14,16,
2026-08-02 04:27:42,720804,2985844,Game 2: Both Teams Destroy Inhibitors?,prop,2,2026-08-02 08:00:00,212.3,Yes,72080657131222492875722184018671784613358675618683575643423920669409123373805,0.06,0.2,0.13,0.14,1.45,6.36,11.17,73.49,73.49,73.49,5,18,
2026-08-02 04:27:42,720804,2985844,Game 2: Both Teams Destroy Inhibitors?,prop,2,2026-08-02 08:00:00,212.3,No,76575595827436686508796323618238841350839192478819249193882303206472590522650,0.8,0.94,0.87,0.14,293.96,293.96,293.96,22.75,177.88,642.22,18,5,
2026-08-02 04:27:42,720804,2985845,Game 2: Any Player Quadra Kill?,prop,2,2026-08-02 08:00:00,212.3,Yes,76246363645423051975364496046855254236794026710696233410148462217483517468912,0.07,0.5,0.285,0.43,283.36,283.36,299.12,283.36,283.36,283.36,4,16,
2026-08-02 04:27:42,720804,2985845,Game 2: Any Player Quadra Kill?,prop,2,2026-08-02 08:00:00,212.3,No,82952967493967711298009068236655995385276954244991565434629591429951419785253,0.5,0.93,0.715,0.43,283.36,283.36,283.36,3764.64,3764.64,4503.62,16,4,
2026-08-02 04:27:42,720804,2985846,Game 2: Any Player Penta Kill?,prop,2,2026-08-02 08:00:00,212.3,Yes,32202589203000764524594958432996792352023689136584650862389425963534626513896,0.02,0.47,0.245,0.45,283.96,283.96,283.96,21.08,304.44,304.44,2,17,
2026-08-02 04:27:42,720804,2985846,Game 2: Any Player Penta Kill?,prop,2,2026-08-02 08:00:00,212.3,No,41247326107088233542428794448520019157752700819922175251278359525383173138072,0.53,0.98,0.755,0.45,23.62,306.98,306.98,28087.04,28087.04,28087.04,17,2,
2026-08-02 04:27:42,720804,2985847,Game 2: Odd/Even Total Kills?,odd_even,2,2026-08-02 08:00:00,212.3,Odd,14101125707317252499556366876532811859229089743435541998693959506889109440513,0.49,0.51,0.5,0.02,127.39,149.37,433.99,133.65,159.46,507.32,18,18,
2026-08-02 04:27:42,720804,2985847,Game 2: Odd/Even Total Kills?,odd_even,2,2026-08-02 08:00:00,212.3,Even,112433670667782516872456707749946291262697470726766165959272619193571438860014,0.49,0.51,0.5,0.02,127.39,149.37,433.99,133.65,159.46,507.32,18,18,
2026-08-02 04:27:42,720804,2985848,Game 3: Both Teams Slay Baron Nashor?,prop,3,2026-08-02 08:00:00,212.3,Yes,104136964712435805736220279460301224337589608756593979191221375998315537578826,0.07,0.95,0.51,0.88,284.88,285.36,301.22,29.92,154.11,369.91,6,5,
2026-08-02 04:27:42,720804,2985848,Game 3: Both Teams Slay Baron Nashor?,prop,3,2026-08-02 08:00:00,212.3,No,58227032133651406364524656801923559562496425913687094624385449611629670118018,0.05,0.93,0.49,0.88,1.33,4.14,6.32,4459.48,4470.94,5207.01,5,6,
2026-08-02 04:27:42,720804,2985849,Game 3: Both Teams Slay a Dragon?,prop,3,2026-08-02 08:00:00,212.3,Yes,62359769166445215506801265907978402615199925175015226504522160105921437334234,0.05,0.78,0.415,0.73,1.29,4.24,6.52,1152.55,1152.55,1169.15,5,12,
2026-08-02 04:27:42,720804,2985849,Game 3: Both Teams Slay a Dragon?,prop,3,2026-08-02 08:00:00,212.3,No,83654870348198823667332595091134305392760162249370758365244315399177123554265,0.22,0.95,0.585,0.73,307.78,307.78,311.18,29.5,157.94,384.36,12,5,
2026-08-02 04:27:42,720804,2985850,Game 3: Both Teams Destroy Inhibitors?,prop,3,2026-08-02 08:00:00,212.3,Yes,15560581673514295406323370069329485324079403980988726489321483925152219020603,0.06,0.95,0.505,0.89,1.85,287.69,290.06,29.54,166.73,382.53,6,5,
2026-08-02 04:27:42,720804,2985850,Game 3: Both Teams Destroy Inhibitors?,prop,3,2026-08-02 08:00:00,212.3,No,35084658982496356177161118423351755624835829136464432164708520782096827818976,0.05,0.94,0.495,0.89,1.31,4.41,6.59,30.34,6911.17,7140.97,5,6,
2026-08-02 04:27:42,720804,2985851,Game 3: Any Player Quadra Kill?,prop,3,2026-08-02 08:00:00,212.3,Yes,75468224762988852590066020869645592387061629400786739342571011064205596141274,0.07,0.98,0.525,0.91,283.36,283.36,299.12,232.4,232.4,232.4,4,2,
2026-08-02 04:27:42,720804,2985851,Game 3: Any Player Quadra Kill?,prop,3,2026-08-02 08:00:00,212.3,No,74647852821951903964313502511589443983089513099015021935729078044895223408021,0.02,0.93,0.475,0.91,2.6,2.6,2.6,3764.64,3764.64,4503.62,2,4,
2026-08-02 04:27:42,720804,2985852,Game 3: Any Player Penta Kill?,prop,3,2026-08-02 08:00:00,212.3,Yes,107684476421773351543830332455122213678091807083550082965983665787711393740939,0.17,0.98,0.575,0.81,2.88,2.88,2.88,232.4,232.4,232.4,5,2,
2026-08-02 04:27:42,720804,2985852,Game 3: Any Player Penta Kill?,prop,3,2026-08-02 08:00:00,212.3,No,106156280359148725335259783092663119689979144099409849171363101956551129219138,0.02,0.83,0.425,0.81,2.6,2.6,2.6,14.82,14.82,14.82,2,5,
2026-08-02 04:27:42,720804,2985853,Game 3: Odd/Even Total Kills?,odd_even,3,2026-08-02 08:00:00,212.3,Odd,75183633087080408500425823268702677619156746674341626211978771280711642562797,0.49,0.51,0.5,0.02,127.39,149.37,433.99,133.65,159.46,507.32,18,18,
2026-08-02 04:27:42,720804,2985853,Game 3: Odd/Even Total Kills?,odd_even,3,2026-08-02 08:00:00,212.3,Even,28081118088313904661731832500271423416547915012124693594931517615532487909024,0.49,0.51,0.5,0.02,127.39,149.37,433.99,133.65,159.46,507.32,18,18,
2026-08-02 04:27:42,743170,3080856,LoL: ThunderTalk Gaming vs Team WE - Game 1 Winner,map,1,2026-08-02 07:00:00,152.3,ThunderTalk Gaming,72496135746065500247901246672311988779275411906571209759439852708611576071027,0.37,0.38,0.375,0.01,3345.28,7823.64,8754.23,2105.77,4267.4,8197.09,29,35,2592.500632
2026-08-02 04:27:42,743170,3080856,LoL: ThunderTalk Gaming vs Team WE - Game 1 Winner,map,1,2026-08-02 07:00:00,152.3,Team WE,86406897272144859430606590863571410444264660567962881318145059910183257772933,0.62,0.63,0.625,0.01,3299.88,6483.68,11776.07,5874.78,14440.08,16353.53,35,29,2592.500632
2026-08-02 04:27:42,743170,3080857,LoL: ThunderTalk Gaming vs Team WE - Game 2 Winner,map,2,2026-08-02 07:00:00,152.3,ThunderTalk Gaming,76752916551697359157851234269297016591012843522959969977805224055761398575042,0.37,0.38,0.375,0.01,2543.32,4258.65,5534.55,174.97,929.13,2725.85,26,30,283.420404
2026-08-02 04:27:42,743170,3080857,LoL: ThunderTalk Gaming vs Team WE - Game 2 Winner,map,2,2026-08-02 07:00:00,152.3,Team WE,65010317623213437982030806655308793500445270659341039623165426683797274071506,0.62,0.63,0.625,0.01,279.03,1394.85,3812.9,4484.78,7739.51,10352.53,30,26,283.420404
2026-08-02 04:27:42,743170,3080858,LoL: ThunderTalk Gaming vs Team WE (BO3) - LPL Group Ascend,series,,2026-08-02 07:00:00,152.3,ThunderTalk Gaming,102071153892246039627048034194967021680193759805083679061162745293075874048047,0.32,0.33,0.325,0.01,21238.18,32732.64,37766.93,9050.26,22972.38,24827.19,27,44,50367.013747999976
2026-08-02 04:27:42,743170,3080858,LoL: ThunderTalk Gaming vs Team WE (BO3) - LPL Group Ascend,series,,2026-08-02 07:00:00,152.3,Team WE,107302480629937459746801418935680895835862951318163699611993485492174680492656,0.67,0.68,0.675,0.01,17687.23,43084.22,46162.88,46552.52,74125.43,87483.41,44,27,50367.013747999976
2026-08-02 04:27:42,743170,3080859,Games Total: O/U 2.5,total_games,,2026-08-02 07:00:00,152.3,Over,107594494912723104964093717822186803561399283167752733293344196473822150830801,0.45,0.46,0.455,0.01,1033.82,5275.11,5589.37,252.89,11124.71,13701.66,25,29,996.993588
2026-08-02 04:27:42,743170,3080859,Games Total: O/U 2.5,total_games,,2026-08-02 07:00:00,152.3,Under,13195949740986299733115750603639707489456064739889325747062719688400177484721,0.54,0.55,0.545,0.01,295.01,12009.34,14549.09,1301.83,6997.75,7449.97,29,25,996.993588
2026-08-02 04:27:42,743170,3080860,Game Handicap: WE (-1.5) vs ThunderTalk Gaming (+1.5),handicap,,2026-08-02 07:00:00,152.3,Team WE,72898904332442991379697379372607989319613847572204270780556694513998511299687,0.4,0.41,0.405,0.01,6480.7,8385.8,8719.72,10172.58,20131.21,21932.42,31,35,12964.903612999997
2026-08-02 04:27:42,743170,3080860,Game Handicap: WE (-1.5) vs ThunderTalk Gaming (+1.5),handicap,,2026-08-02 07:00:00,152.3,ThunderTalk Gaming,50834236677980205127685734657806100902200221308325695417181113975675617751500,0.59,0.6,0.595,0.01,14279.22,27180.98,29363.91,10059.19,13213.42,13831.75,35,31,12964.903612999997
2026-08-02 04:27:42,743170,3080861,Game 1: Both Teams Slay Baron Nashor?,prop,1,2026-08-02 07:00:00,152.3,Yes,576199460582024193100725101261977861313235933865014426802032541129552297770,0.05,0.31,0.18,0.26,123.55,137.71,166.99,137.8,137.8,137.8,5,18,
2026-08-02 04:27:42,743170,3080861,Game 1: Both Teams Slay Baron Nashor?,prop,1,2026-08-02 07:00:00,152.3,No,39148998634785957714637765512152768766586838959238901897071669687131023587459,0.69,0.95,0.82,0.26,306.72,306.72,306.72,2349.83,3030.49,5929.96,18,5,
2026-08-02 04:27:42,743170,3080862,Game 1: Both Teams Slay a Dragon?,prop,1,2026-08-02 07:00:00,152.3,Yes,12798444312028531986523161040093625635680994958660481961288482187110266231846,0.52,0.78,0.65,0.26,148.36,156.86,156.86,54.3,62.3,62.3,19,17,6.405061
2026-08-02 04:27:42,743170,3080862,Game 1: Both Teams Slay a Dragon?,prop,1,2026-08-02 07:00:00,152.3,No,77088962572483445588626120910059447941522620776186008716249040366097850926880,0.22,0.48,0.35,0.26,14.6,16.6,16.6,141.6,150.1,150.1,17,19,6.405061
2026-08-02 04:27:42,743170,3080863,Game 1: Both Teams Destroy Inhibitors?,prop,1,2026-08-02 07:00:00,152.3,Yes,23431616529800285954157853389995618720561419057686883100386442761747625637104,0.04,0.25,0.145,0.21,1.08,5.54,5.54,102.24,102.24,102.24,4,18,
2026-08-02 04:27:42,743170,3080863,Game 1: Both Teams Destroy Inhibitors?,prop,1,2026-08-02 07:00:00,152.3,No,66554463746156474753360063073089192961440136242626809840747100770144773363381,0.75,0.96,0.855,0.21,306.72,306.72,306.72,31.98,360.62,360.62,18,4,
2026-08-02 04:27:42,743170,3080864,Game 1: Any Player Quadra Kill?,prop,1,2026-08-02 07:00:00,152.3,Yes,22455107191123144705981038449625131671221453070883782041240941374293880968288,0.07,0.5,0.285,0.43,283.36,283.36,299.12,283.36,283.36,283.36,4,15,
2026-08-02 04:27:42,743170,3080864,Game 1: Any Player Quadra Kill?,prop,1,2026-08-02 07:00:00,152.3,No,57661462033981889980416103903558356629279739546061415204700512894530729898269,0.5,0.93,0.715,0.43,283.36,283.36,283.36,3764.64,3764.64,4503.62,15,4,
2026-08-02 04:27:42,743170,3080865,Game 1: Any Player Penta Kill?,prop,1,2026-08-02 07:00:00,152.3,Yes,38163109940135782122194759258784261278998733099801323596701954770736607626752,0.02,0.47,0.245,0.45,283.96,283.96,283.96,40.71,324.07,324.07,2,16,
2026-08-02 04:27:42,743170,3080865,Game 1: Any Player Penta Kill?,prop,1,2026-08-02 07:00:00,152.3,No,18263507673053474198234050929721878908174235128213603833935283248455845943858,0.53,0.98,0.755,0.45,44.9,328.26,328.26,28087.04,28087.04,28087.04,16,2,
2026-08-02 04:27:42,743170,3080866,Game 1: Odd/Even Total Kills?,odd_even,1,2026-08-02 07:00:00,152.3,Odd,85798990390253236886572130022554634660940011863431591207755224338342575313983,0.49,0.51,0.5,0.02,125.27,185.54,544.02,147.17,203.12,596.64,21,21,
2026-08-02 04:27:42,743170,3080866,Game 1: Odd/Even Total Kills?,odd_even,1,2026-08-02 07:00:00,152.3,Even,47936515113103876354401977929271863637215537317870382878338698939378687308220,0.49,0.51,0.5,0.02,139.87,187.92,509.88,131.35,201.08,641.08,21,21,
2026-08-02 04:27:42,743170,3080867,Game 2: Both Teams Slay Baron Nashor?,prop,2,2026-08-02 07:00:00,152.3,Yes,60281269953928099872331843176728418985547710930507954182708820022609808669897,0.06,0.31,0.185,0.25,125.44,128.17,168.07,137.8,137.8,137.8,6,17,
2026-08-02 04:27:42,743170,3080867,Game 2: Both Teams Slay Baron Nashor?,prop,2,2026-08-02 07:00:00,152.3,No,54226307805103642247368181146777059036318134178988043479524344500872140305962,0.69,0.94,0.815,0.25,306.72,306.72,306.72,1971.97,2054.16,5427.82,17,6,
2026-08-02 04:27:42,743170,3080868,Game 2: Both Teams Slay a Dragon?,prop,2,2026-08-02 07:00:00,152.3,Yes,29739434282903929326119644557308650803403459184094521455401480492552851758792,0.5,0.79,0.645,0.29,8.5,8.5,8.5,31.98,31.98,47.85,21,15,6.405061
2026-08-02 04:27:42,743170,3080868,Game 2: Both Teams Slay a Dragon?,prop,2,2026-08-02 07:00:00,152.3,No,115189779164715499661096663266273794100452504398581109422822509223165504997016,0.21,0.5,0.355,0.29,8.5,8.5,11.52,8.5,8.5,8.5,15,21,6.405061
2026-08-02 04:27:42,743170,3080869,Game 2: Both Teams Destroy Inhibitors?,prop,2,2026-08-02 07:00:00,152.3,Yes,88990911960391494970969025618777169053962523897236517506343545936592821417150,0.04,0.25,0.145,0.21,0.98,5.54,5.54,102.24,102.24,102.24,4,18,
2026-08-02 04:27:42,743170,3080869,Game 2: Both Teams Destroy Inhibitors?,prop,2,2026-08-02 07:00:00,152.3,No,10524318344677108875682344365087472988103237322063807998004848565189515778420,0.75,0.96,0.855,0.21,306.72,306.72,306.72,27.74,369.16,369.16,18,4,
2026-08-02 04:27:42,743170,3080870,Game 2: Any Player Quadra Kill?,prop,2,2026-08-02 07:00:00,152.3,Yes,60151038950673183831317840708733437193639535219371433492499517893097352170958,0.07,0.5,0.285,0.43,283.36,283.36,299.12,283.36,283.36,283.36,4,14,
2026-08-02 04:27:42,743170,3080870,Game 2: Any Player Quadra Kill?,prop,2,2026-08-02 07:00:00,152.3,No,96670306229134967862342679387306668871486431855351232811714354282383437049694,0.5,0.93,0.715,0.43,283.36,283.36,283.36,3764.64,3764.64,4503.62,14,4,
2026-08-02 04:27:42,743170,3080871,Game 2: Any Player Penta Kill?,prop,2,2026-08-02 07:00:00,152.3,Yes,85436915482113046069979555825963002631887797266173136356295138827309011750777,0.02,0.49,0.255,0.47,283.96,283.96,283.96,302.47,302.47,302.47,2,15,
2026-08-02 04:27:42,743170,3080871,Game 2: Any Player Penta Kill?,prop,2,2026-08-02 07:00:00,152.3,No,18077218119331989121746877984118590164679237634729750935595601490676077255075,0.51,0.98,0.745,0.47,303.25,303.25,303.25,28087.04,28087.04,28087.04,15,2,
2026-08-02 04:27:42,743170,3080872,Game 2: Odd/Even Total Kills?,odd_even,2,2026-08-02 07:00:00,152.3,Odd,34489811684252406008666584709129492333999413412636899041454268250718879985571,0.49,0.51,0.5,0.02,150.33,210.6,569.08,172.02,227.97,621.49,22,21,
2026-08-02 04:27:42,743170,3080872,Game 2: Odd/Even Total Kills?,odd_even,2,2026-08-02 07:00:00,152.3,Even,54240670553404029184267189483971374359932954287994832023836725546285071185760,0.49,0.51,0.5,0.02,162.81,210.86,532.82,158.5,228.23,668.23,21,22,
2026-08-02 04:27:42,743170,3080873,Game 3: Both Teams Slay Baron Nashor?,prop,3,2026-08-02 07:00:00,152.3,Yes,57811859513176873940762138997441201835014358696460679905995989548048354540264,0.07,0.95,0.51,0.88,283.78,284.53,299.98,18.84,132.38,358.14,6,5,
2026-08-02 04:27:42,743170,3080873,Game 3: Both Teams Slay Baron Nashor?,prop,3,2026-08-02 07:00:00,152.3,No,51295536053704709752778560732608776452578283468330820057353695324319173655698,0.05,0.93,0.49,0.88,0.86,3.26,5.54,4444.83,4462.82,5186.93,5,6,
2026-08-02 04:27:42,743170,3080874,Game 3: Both Teams Slay a Dragon?,prop,3,2026-08-02 07:00:00,152.3,Yes,58179717417989811646094036412121479543745227457593444191940365470656571742504,0.05,0.78,0.415,0.73,0.9,3.26,5.54,1143.97,1143.97,1160.57,5,14,
2026-08-02 04:27:42,743170,3080874,Game 3: Both Teams Slay a Dragon?,prop,3,2026-08-02 07:00:00,152.3,No,87343980035439006519000360405908787631260216234022290897341333211611511248508,0.22,0.95,0.585,0.73,305.36,305.36,308.76,19.41,132.66,358.45,14,5,
2026-08-02 04:27:42,743170,3080875,Game 3: Both Teams Destroy Inhibitors?,prop,3,2026-08-02 07:00:00,152.3,Yes,74678058446583988767533004421742293971027577469169916019811692511985126363708,0.05,0.95,0.5,0.9,283.75,286.6,288.9,18.84,130.33,351.63,5,5,
2026-08-02 04:27:42,743170,3080875,Game 3: Both Teams Destroy Inhibitors?,prop,3,2026-08-02 07:00:00,152.3,No,82798674080384483807860851761423273009124194055854717645716960582960189361391,0.05,0.95,0.5,0.9,0.86,3.22,5.45,6807.95,6936.77,7164.03,5,5,
2026-08-02 04:27:42,743170,3080876,Game 3: Any Player Quadra Kill?,prop,3,2026-08-02 07:00:00,152.3,Yes,58611970458737825773401922102759993341146813236760305689783843601007398487475,0.07,0.98,0.525,0.91,283.36,283.36,299.12,232.4,232.4,232.4,4,2,
2026-08-02 04:27:42,743170,3080876,Game 3: Any Player Quadra Kill?,prop,3,2026-08-02 07:00:00,152.3,No,74171810259521672240665790528210581675653866689973453247559598379119949082738,0.02,0.93,0.475,0.91,2.6,2.6,2.6,3764.64,3764.64,4503.62,2,4,
2026-08-02 04:27:42,743170,3080877,Game 3: Any Player Penta Kill?,prop,3,2026-08-02 07:00:00,152.3,Yes,97607285599517336378648008255312059463093287548866171938351083344468544698733,0.05,0.98,0.515,0.93,28.65,29.15,312.61,232.4,232.4,232.4,3,2,
2026-08-02 04:27:42,743170,3080877,Game 3: Any Player Penta Kill?,prop,3,2026-08-02 07:00:00,152.3,No,82175050981495448282087797319073848820595273522692792734078876229291900381358,0.02,0.95,0.485,0.93,2.6,2.6,2.6,544.35,568.85,28631.39,2,3,
2026-08-02 04:27:42,743170,3080878,Game 3: Odd/Even Total Kills?,odd_even,3,2026-08-02 07:00:00,152.3,Odd,113990004661101788122433090480026356333967410198432683291909606912670499759571,0.49,0.51,0.5,0.02,150.33,210.6,569.08,174.62,230.57,624.09,22,20,
2026-08-02 04:27:42,743170,3080878,Game 3: Odd/Even Total Kills?,odd_even,3,2026-08-02 07:00:00,152.3,Even,53396382081016235460482594245617775159364750738670615857179991954098728405392,0.49,0.51,0.5,0.02,165.21,213.26,535.22,158.5,228.23,668.23,20,22,
2026-08-02 04:27:42,743170,3247363,First Blood in Game 1?,first_blood,1,2026-08-02 07:00:00,152.3,ThunderTalk Gaming,37857650446906043848386849190232009781019679134557605636863633397679278721948,0.43,0.48,0.455,0.05,183.93,183.93,183.93,549.27,1459.77,1663.61,12,14,
2026-08-02 04:27:42,743170,3247363,First Blood in Game 1?,first_blood,1,2026-08-02 07:00:00,152.3,Team WE,104852352619923993034857752108294319586139334267455221962018021958633239346502,0.52,0.57,0.545,0.05,573.73,1484.23,1672.39,243.81,243.81,243.81,14,12,
2026-08-02 04:27:42,743170,3247364,First Blood in Game 2?,first_blood,2,2026-08-02 07:00:00,152.3,ThunderTalk Gaming,49805343744222079587811403498521461301652487360378428401792515699102072258747,0.44,0.48,0.46,0.04,230.13,230.13,230.13,548.29,1110.81,1314.65,12,14,16.833332
2026-08-02 04:27:42,743170,3247364,First Blood in Game 2?,first_blood,2,2026-08-02 07:00:00,152.3,Team WE,34975173646955613892802071928251257769371851774569031753455446770178410293492,0.52,0.56,0.54,0.04,572.71,1133.19,1321.35,302.61,302.61,302.61,14,12,16.833332
2026-08-02 04:27:42,743170,3247365,Total Kills Over/Under 30.5 in Game 1?,total_kills,1,2026-08-02 07:00:00,152.3,Over,20089612397959481715540428001947492272136532425413320288741789644696953347047,0.48,0.51,0.495,0.03,829.47,829.47,829.47,537.71,1090.67,1583.23,12,15,36.974356
2026-08-02 04:27:42,743170,3247365,Total Kills Over/Under 30.5 in Game 1?,total_kills,1,2026-08-02 07:00:00,152.3,Under,48583361312674351102955994336714978409432370604740795969667004880847883586088,0.49,0.52,0.505,0.03,514.67,985.71,1380.65,915.49,915.49,915.49,15,12,36.974356
2026-08-02 04:27:42,743170,3247366,Total Kills Over/Under 30.5 in Game 2?,total_kills,2,2026-08-02 07:00:00,152.3,Over,102341512262568194433893674327876736367357950404093760308808076682839535952801,0.49,0.52,0.505,0.03,516.02,901.37,901.37,604.26,848.56,848.56,13,16,17.962263
2026-08-02 04:27:42,743170,3247366,Total Kills Over/Under 30.5 in Game 2?,total_kills,2,2026-08-02 07:00:00,152.3,Under,81591286331832699111309387511420548545728045115256401081280741169608168963352,0.48,0.51,0.495,0.03,537.74,737.62,737.62,557.98,1010.35,1010.35,16,13,17.962263
2026-08-02 04:33:21,720804,2985831,LoL: DN SOOPers vs HANJIN BRION - Game 1 Winner,map,1,2026-08-02 08:00:00,206.6,DN SOOPers,42936850482651914409277495257882545988254142261829548050889622816919312279771,0.35,0.36,0.355,0.01,4797.61,7440.49,9149.87,3053.58,6804.49,6939.98,26,27,1235.39052
2026-08-02 04:33:21,720804,2985831,LoL: DN SOOPers vs HANJIN BRION - Game 1 Winner,map,1,2026-08-02 08:00:00,206.6,HANJIN BRION,72300873521014331315996822988962847480647045255728209596012804322177150285029,0.64,0.65,0.645,0.01,5218.13,11284.5,11487.74,9185.67,14560.79,18500.13,27,26,1235.39052
2026-08-02 04:33:21,720804,2985832,LoL: DN SOOPers vs HANJIN BRION - Game 2 Winner,map,2,2026-08-02 08:00:00,206.6,DN SOOPers,6293002078450018823745497893356590572289968249157219729289882040976874389242,0.33,0.34,0.335,0.01,2055.55,3745.66,4459.75,1156.24,1923.43,4191.48,26,40,12815.572985
2026-08-02 04:33:21,720804,2985832,LoL: DN SOOPers vs HANJIN BRION - Game 2 Winner,map,2,2026-08-02 08:00:00,206.6,HANJIN BRION,51651805320304444180996920139489385195635313821107581113327476476510601730075,0.66,0.67,0.665,0.01,2238.2,3565.03,7262.61,4179.01,8070.06,9858.41,40,26,12815.572985
2026-08-02 04:33:21,720804,2985833,LoL: DN SOOPers vs HANJIN BRION (BO3) - LCK Round 3-4 Rise Group,series,,2026-08-02 08:00:00,206.6,DN SOOPers,83920944565793264579009568668732470958333402189187686836848086059640655328512,0.29,0.3,0.295,0.01,41268.21,51257.17,55404.5,20293.7,25093.05,26056.05,24,63,107629.43098699999
2026-08-02 04:33:21,720804,2985833,LoL: DN SOOPers vs HANJIN BRION (BO3) - LCK Round 3-4 Rise Group,series,,2026-08-02 08:00:00,206.6,HANJIN BRION,90142340307548158680285244846463054791996473929800648630886781972830446829292,0.7,0.71,0.705,0.01,46591.84,56588.47,58398.5,104681.66,131882.62,145015.62,63,24,107629.43098699999
2026-08-02 04:33:21,720804,2985834,Games Total: O/U 2.5,total_games,,2026-08-02 08:00:00,206.6,Over,115763001589981841934227916705643778300336986478747747006478743351017049320215,0.44,0.45,0.445,0.01,68.97,1892.6,2648.34,609.64,11117.29,15146.45,24,25,163.88182799999998
2026-08-02 04:33:21,720804,2985834,Games Total: O/U 2.5,total_games,,2026-08-02 08:00:00,206.6,Under,91801222121802541444761121490344327534075944391096953237840309703647468371038,0.55,0.56,0.555,0.01,717.23,12549.36,16588.78,91.42,2672.77,3827.89,25,24,163.88182799999998
2026-08-02 04:33:21,720804,2985835,Game Handicap: BRO (-1.5) vs DN SOOPers (+1.5),handicap,,2026-08-02 08:00:00,206.6,HANJIN BRION,2478818261239720677086675483799167438612949482205213347168593674700102622629,0.43,0.44,0.435,0.01,2719.74,5923.18,10703.18,27923.43,48859.07,54460.68,31,30,45981.379238999994
2026-08-02 04:33:21,720804,2985835,Game Handicap: BRO (-1.5) vs DN SOOPers (+1.5),handicap,,2026-08-02 08:00:00,206.6,DN SOOPers,94834555477028424709848351439230010185388394524770172258089704477087868641163,0.56,0.57,0.565,0.01,34360.88,58457.76,64288.67,3730.19,8346.96,16066.96,30,31,45981.379238999994
2026-08-02 04:33:21,720804,2985836,Game 1: Both Teams Slay Baron Nashor?,prop,1,2026-08-02 08:00:00,206.6,Yes,44915640594729569087625676620306222412980590579084678991395292033371931560827,0.07,0.26,0.165,0.19,119.67,122.05,138.0,103.33,103.33,103.33,6,16,
2026-08-02 04:33:21,720804,2985836,Game 1: Both Teams Slay Baron Nashor?,prop,1,2026-08-02 08:00:00,206.6,No,37113967443673178032629187181708940461213139311985080295449837338299072323374,0.74,0.93,0.835,0.19,294.1,294.1,294.1,1589.88,1645.09,2381.77,16,6,
2026-08-02 04:33:21,720804,2985837,Game 1: Both Teams Slay a Dragon?,prop,1,2026-08-02 08:00:00,206.6,Yes,81561078706992361174610681826983342457210813688240521193883827615449787089945,0.63,0.78,0.705,0.15,291.51,291.51,291.51,87.58,814.18,823.94,17,14,
2026-08-02 04:33:21,720804,2985837,Game 1: Both Teams Slay a Dragon?,prop,1,2026-08-02 08:00:00,206.6,No,9907281152142873042160819340133770082139172884764291314030269990598666965984,0.22,0.37,0.295,0.15,23.42,205.07,207.07,171.2,171.2,171.2,14,17,
2026-08-02 04:33:21,720804,2985838,Game 1: Both Teams Destroy Inhibitors?,prop,1,2026-08-02 08:00:00,206.6,Yes,71475961584450706233230360574834962522669953698100028735480553421773518962446,0.06,0.2,0.13,0.14,1.45,6.36,11.18,73.49,73.49,73.49,5,19,
2026-08-02 04:33:21,720804,2985838,Game 1: Both Teams Destroy Inhibitors?,prop,1,2026-08-02 08:00:00,206.6,No,96176116817715510739061517798906786856670574020691174289854703473183525042907,0.8,0.94,0.87,0.14,293.96,293.96,293.96,22.75,177.88,643.21,19,5,
2026-08-02 04:33:21,720804,2985839,Game 1: Any Player Quadra Kill?,prop,1,2026-08-02 08:00:00,206.6,Yes,16493390525368333199018739796614614378465922969488141913346132696092540481996,0.07,0.5,0.285,0.43,283.36,283.36,299.12,283.36,283.36,283.36,4,15,
2026-08-02 04:33:21,720804,2985839,Game 1: Any Player Quadra Kill?,prop,1,2026-08-02 08:00:00,206.6,No,56347653585494781062554189637614748771006399122103141423346716304631011312144,0.5,0.93,0.715,0.43,283.36,283.36,283.36,3764.64,3764.64,4503.62,15,4,
2026-08-02 04:33:21,720804,2985840,Game 1: Any Player Penta Kill?,prop,1,2026-08-02 08:00:00,206.6,Yes,49668406403014705401245867535537092853662595481221175539691493508867265252416,0.02,0.49,0.255,0.47,283.96,283.96,283.96,302.47,302.47,302.47,2,17,
2026-08-02 04:33:21,720804,2985840,Game 1: Any Player Penta Kill?,prop,1,2026-08-02 08:00:00,206.6,No,392322018462975303761146965828888407897620802810361622816977224642104664346,0.51,0.98,0.745,0.47,303.25,303.25,303.25,28087.04,28087.04,28087.04,17,2,
2026-08-02 04:33:21,720804,2985841,Game 1: Odd/Even Total Kills?,odd_even,1,2026-08-02 08:00:00,206.6,Odd,64592549155132161597723277379753760434816316220798779424330799858113165111831,0.49,0.51,0.5,0.02,127.39,149.37,433.99,133.65,159.46,507.32,18,18,
2026-08-02 04:33:21,720804,2985841,Game 1: Odd/Even Total Kills?,odd_even,1,2026-08-02 08:00:00,206.6,Even,22354129330778337787211517449131111296157517049169544234741909359794225096802,0.49,0.51,0.5,0.02,127.39,149.37,433.99,133.65,159.46,507.32,18,18,
2026-08-02 04:33:21,720804,2985842,Game 2: Both Teams Slay Baron Nashor?,prop,2,2026-08-02 08:00:00,206.6,Yes,57194722881652722287778928856899256552760339229401704787654609080883199550511,0.07,0.26,0.165,0.19,119.67,122.05,138.0,103.33,103.33,103.33,6,15,
2026-08-02 04:33:21,720804,2985842,Game 2: Both Teams Slay Baron Nashor?,prop,2,2026-08-02 08:00:00,206.6,No,59374135450969641428260528220646082053630355448275032123355014422228661214328,0.74,0.93,0.835,0.19,294.1,294.1,294.1,1589.88,1645.09,2381.77,15,6,
2026-08-02 04:33:21,720804,2985843,Game 2: Both Teams Slay a Dragon?,prop,2,2026-08-02 08:00:00,206.6,Yes,16761207663700929763930895000870044109436239314614467819259826218322025602414,0.63,0.78,0.705,0.15,291.51,291.51,291.51,87.58,814.18,823.94,16,14,
2026-08-02 04:33:21,720804,2985843,Game 2: Both Teams Slay a Dragon?,prop,2,2026-08-02 08:00:00,206.6,No,91053011289502335373332454164570546553687856896383620203832129814970866007559,0.22,0.37,0.295,0.15,23.42,205.07,207.07,171.2,171.2,171.2,14,16,
2026-08-02 04:33:21,720804,2985844,Game 2: Both Teams Destroy Inhibitors?,prop,2,2026-08-02 08:00:00,206.6,Yes,72080657131222492875722184018671784613358675618683575643423920669409123373805,0.06,0.2,0.13,0.14,1.45,6.36,11.18,73.49,73.49,73.49,5,18,
2026-08-02 04:33:21,720804,2985844,Game 2: Both Teams Destroy Inhibitors?,prop,2,2026-08-02 08:00:00,206.6,No,76575595827436686508796323618238841350839192478819249193882303206472590522650,0.8,0.94,0.87,0.14,293.96,293.96,293.96,22.75,177.88,643.21,18,5,
2026-08-02 04:33:21,720804,2985845,Game 2: Any Player Quadra Kill?,prop,2,2026-08-02 08:00:00,206.6,Yes,76246363645423051975364496046855254236794026710696233410148462217483517468912,0.07,0.5,0.285,0.43,283.36,283.36,299.12,283.36,283.36,283.36,4,15,
2026-08-02 04:33:21,720804,2985845,Game 2: Any Player Quadra Kill?,prop,2,2026-08-02 08:00:00,206.6,No,82952967493967711298009068236655995385276954244991565434629591429951419785253,0.5,0.93,0.715,0.43,283.36,283.36,283.36,3764.64,3764.64,4503.62,15,4,
2026-08-02 04:33:21,720804,2985846,Game 2: Any Player Penta Kill?,prop,2,2026-08-02 08:00:00,206.6,Yes,32202589203000764524594958432996792352023689136584650862389425963534626513896,0.02,0.47,0.245,0.45,283.96,283.96,283.96,21.08,304.44,304.44,2,17,
2026-08-02 04:33:21,720804,2985846,Game 2: Any Player Penta Kill?,prop,2,2026-08-02 08:00:00,206.6,No,41247326107088233542428794448520019157752700819922175251278359525383173138072,0.53,0.98,0.755,0.45,23.62,306.98,306.98,28087.04,28087.04,28087.04,17,2,
2026-08-02 04:33:21,720804,2985847,Game 2: Odd/Even Total Kills?,odd_even,2,2026-08-02 08:00:00,206.6,Odd,14101125707317252499556366876532811859229089743435541998693959506889109440513,0.49,0.51,0.5,0.02,127.39,149.37,433.99,133.65,159.46,507.32,18,18,
2026-08-02 04:33:21,720804,2985847,Game 2: Odd/Even Total Kills?,odd_even,2,2026-08-02 08:00:00,206.6,Even,112433670667782516872456707749946291262697470726766165959272619193571438860014,0.49,0.51,0.5,0.02,127.39,149.37,433.99,133.65,159.46,507.32,18,18,
2026-08-02 04:33:21,720804,2985848,Game 3: Both Teams Slay Baron Nashor?,prop,3,2026-08-02 08:00:00,206.6,Yes,104136964712435805736220279460301224337589608756593979191221375998315537578826,0.07,0.95,0.51,0.88,284.88,285.36,301.22,29.92,154.11,369.91,6,5,
2026-08-02 04:33:21,720804,2985848,Game 3: Both Teams Slay Baron Nashor?,prop,3,2026-08-02 08:00:00,206.6,No,58227032133651406364524656801923559562496425913687094624385449611629670118018,0.05,0.93,0.49,0.88,1.33,4.14,6.32,4459.48,4470.94,5207.01,5,6,
2026-08-02 04:33:21,720804,2985849,Game 3: Both Teams Slay a Dragon?,prop,3,2026-08-02 08:00:00,206.6,Yes,62359769166445215506801265907978402615199925175015226504522160105921437334234,0.05,0.78,0.415,0.73,1.29,4.24,6.52,1152.55,1152.55,1169.15,5,12,
2026-08-02 04:33:21,720804,2985849,Game 3: Both Teams Slay a Dragon?,prop,3,2026-08-02 08:00:00,206.6,No,83654870348198823667332595091134305392760162249370758365244315399177123554265,0.22,0.95,0.585,0.73,307.78,307.78,311.18,29.5,157.94,384.36,12,5,
2026-08-02 04:33:21,720804,2985850,Game 3: Both Teams Destroy Inhibitors?,prop,3,2026-08-02 08:00:00,206.6,Yes,15560581673514295406323370069329485324079403980988726489321483925152219020603,0.06,0.95,0.505,0.89,1.85,287.69,290.06,29.54,166.73,382.53,6,5,
2026-08-02 04:33:21,720804,2985850,Game 3: Both Teams Destroy Inhibitors?,prop,3,2026-08-02 08:00:00,206.6,No,35084658982496356177161118423351755624835829136464432164708520782096827818976,0.05,0.94,0.495,0.89,1.31,4.41,6.59,30.34,6911.17,7140.97,5,6,
2026-08-02 04:33:21,720804,2985851,Game 3: Any Player Quadra Kill?,prop,3,2026-08-02 08:00:00,206.6,Yes,75468224762988852590066020869645592387061629400786739342571011064205596141274,0.07,0.98,0.525,0.91,283.36,283.36,299.12,232.4,232.4,232.4,4,2,
2026-08-02 04:33:21,720804,2985851,Game 3: Any Player Quadra Kill?,prop,3,2026-08-02 08:00:00,206.6,No,74647852821951903964313502511589443983089513099015021935729078044895223408021,0.02,0.93,0.475,0.91,2.6,2.6,2.6,3764.64,3764.64,4503.62,2,4,
2026-08-02 04:33:21,720804,2985852,Game 3: Any Player Penta Kill?,prop,3,2026-08-02 08:00:00,206.6,Yes,107684476421773351543830332455122213678091807083550082965983665787711393740939,0.17,0.98,0.575,0.81,2.88,2.88,2.88,232.4,232.4,232.4,5,2,
2026-08-02 04:33:21,720804,2985852,Game 3: Any Player Penta Kill?,prop,3,2026-08-02 08:00:00,206.6,No,106156280359148725335259783092663119689979144099409849171363101956551129219138,0.02,0.83,0.425,0.81,2.6,2.6,2.6,14.82,14.82,14.82,2,5,
2026-08-02 04:33:21,720804,2985853,Game 3: Odd/Even Total Kills?,odd_even,3,2026-08-02 08:00:00,206.6,Odd,75183633087080408500425823268702677619156746674341626211978771280711642562797,0.49,0.51,0.5,0.02,127.39,149.37,433.99,133.65,159.46,507.32,18,18,
2026-08-02 04:33:21,720804,2985853,Game 3: Odd/Even Total Kills?,odd_even,3,2026-08-02 08:00:00,206.6,Even,28081118088313904661731832500271423416547915012124693594931517615532487909024,0.49,0.51,0.5,0.02,127.39,149.37,433.99,133.65,159.46,507.32,18,18,
2026-08-02 04:33:21,743170,3080856,LoL: ThunderTalk Gaming vs Team WE - Game 1 Winner,map,1,2026-08-02 07:00:00,146.6,ThunderTalk Gaming,72496135746065500247901246672311988779275411906571209759439852708611576071027,0.37,0.38,0.375,0.01,3345.28,7823.64,8738.23,2181.77,4354.23,8238.45,29,34,2592.500632
2026-08-02 04:33:21,743170,3080856,LoL: ThunderTalk Gaming vs Team WE - Game 1 Winner,map,1,2026-08-02 07:00:00,146.6,Team WE,86406897272144859430606590863571410444264660567962881318145059910183257772933,0.62,0.63,0.625,0.01,3423.88,6623.25,11852.87,5874.78,14440.08,16319.53,34,29,2592.500632
2026-08-02 04:33:21,743170,3080857,LoL: ThunderTalk Gaming vs Team WE - Game 2 Winner,map,2,2026-08-02 07:00:00,146.6,ThunderTalk Gaming,76752916551697359157851234269297016591012843522959969977805224055761398575042,0.37,0.38,0.375,0.01,2543.32,4258.65,5518.05,174.97,929.13,2725.85,26,30,283.420404
2026-08-02 04:33:21,743170,3080857,LoL: ThunderTalk Gaming vs Team WE - Game 2 Winner,map,2,2026-08-02 07:00:00,146.6,Team WE,65010317623213437982030806655308793500445270659341039623165426683797274071506,0.62,0.63,0.625,0.01,279.03,1394.85,3812.9,4484.78,7739.51,10319.03,30,26,283.420404
2026-08-02 04:33:21,743170,3080858,LoL: ThunderTalk Gaming vs Team WE (BO3) - LPL Group Ascend,series,,2026-08-02 07:00:00,146.6,ThunderTalk Gaming,102071153892246039627048034194967021680193759805083679061162745293075874048047,0.32,0.33,0.325,0.01,22146.2,33636.16,38670.45,9723.08,23655.75,25526.89,27,44,50367.013747999976
2026-08-02 04:33:21,743170,3080858,LoL: ThunderTalk Gaming vs Team WE (BO3) - LPL Group Ascend,series,,2026-08-02 07:00:00,146.6,Team WE,107302480629937459746801418935680895835862951318163699611993485492174680492656,0.67,0.68,0.675,0.01,19054.63,44471.07,47568.38,48573.47,76135.88,89493.86,44,27,50367.013747999976
2026-08-02 04:33:21,743170,3080859,Games Total: O/U 2.5,total_games,,2026-08-02 07:00:00,146.6,Over,107594494912723104964093717822186803561399283167752733293344196473822150830801,0.45,0.47,0.46,0.02,1443.9,6130.49,6424.25,10240.13,13496.33,16145.33,25,28,996.993588
2026-08-02 04:33:21,743170,3080859,Games Total: O/U 2.5,total_games,,2026-08-02 07:00:00,146.6,Under,13195949740986299733115750603639707489456064739889325747062719688400177484721,0.53,0.55,0.54,0.02,11115.33,14437.98,16942.98,1823.75,8116.37,8568.59,28,25,996.993588
2026-08-02 04:33:21,743170,3080860,Game Handicap: WE (-1.5) vs ThunderTalk Gaming (+1.5),handicap,,2026-08-02 07:00:00,146.6,Team WE,72898904332442991379697379372607989319613847572204270780556694513998511299687,0.4,0.41,0.405,0.01,6462.9,8375.6,8709.52,10158.03,20108.06,21909.26,31,34,12964.903612999997
2026-08-02 04:33:21,743170,3080860,Game Handicap: WE (-1.5) vs ThunderTalk Gaming (+1.5),handicap,,2026-08-02 07:00:00,146.6,ThunderTalk Gaming,50834236677980205127685734657806100902200221308325695417181113975675617751500,0.59,0.6,0.595,0.01,14257.78,27148.14,29331.08,10031.99,13198.62,13816.95,34,31,12964.903612999997
2026-08-02 04:33:21,743170,3080861,Game 1: Both Teams Slay Baron Nashor?,prop,1,2026-08-02 07:00:00,146.6,Yes,576199460582024193100725101261977861313235933865014426802032541129552297770,0.05,0.31,0.18,0.26,123.55,137.71,166.99,137.8,137.8,137.8,5,18,
2026-08-02 04:33:21,743170,3080861,Game 1: Both Teams Slay Baron Nashor?,prop,1,2026-08-02 07:00:00,146.6,No,39148998634785957714637765512152768766586838959238901897071669687131023587459,0.69,0.95,0.82,0.26,306.72,306.72,306.72,2349.83,3030.49,5929.96,18,5,
2026-08-02 04:33:21,743170,3080862,Game 1: Both Teams Slay a Dragon?,prop,1,2026-08-02 07:00:00,146.6,Yes,12798444312028531986523161040093625635680994958660481961288482187110266231846,0.52,0.78,0.65,0.26,148.36,156.86,156.86,54.3,62.3,62.3,19,17,6.405061
2026-08-02 04:33:21,743170,3080862,Game 1: Both Teams Slay a Dragon?,prop,1,2026-08-02 07:00:00,146.6,No,77088962572483445588626120910059447941522620776186008716249040366097850926880,0.22,0.48,0.35,0.26,14.6,16.6,16.6,141.6,150.1,150.1,17,19,6.405061
2026-08-02 04:33:21,743170,3080863,Game 1: Both Teams Destroy Inhibitors?,prop,1,2026-08-02 07:00:00,146.6,Yes,23431616529800285954157853389995618720561419057686883100386442761747625637104,0.04,0.25,0.145,0.21,1.08,5.8,5.8,102.24,102.24,102.24,4,18,
2026-08-02 04:33:21,743170,3080863,Game 1: Both Teams Destroy Inhibitors?,prop,1,2026-08-02 07:00:00,146.6,No,66554463746156474753360063073089192961440136242626809840747100770144773363381,0.75,0.96,0.855,0.21,306.72,306.72,306.72,31.98,373.31,373.31,18,4,
2026-08-02 04:33:21,743170,3080864,Game 1: Any Player Quadra Kill?,prop,1,2026-08-02 07:00:00,146.6,Yes,22455107191123144705981038449625131671221453070883782041240941374293880968288,0.07,0.5,0.285,0.43,283.36,283.36,299.12,283.36,283.36,283.36,4,15,
2026-08-02 04:33:21,743170,3080864,Game 1: Any Player Quadra Kill?,prop,1,2026-08-02 07:00:00,146.6,No,57661462033981889980416103903558356629279739546061415204700512894530729898269,0.5,0.93,0.715,0.43,283.36,283.36,283.36,3764.64,3764.64,4503.62,15,4,
2026-08-02 04:33:21,743170,3080865,Game 1: Any Player Penta Kill?,prop,1,2026-08-02 07:00:00,146.6,Yes,38163109940135782122194759258784261278998733099801323596701954770736607626752,0.02,0.47,0.245,0.45,283.96,283.96,283.96,40.71,324.07,324.07,2,16,
2026-08-02 04:33:21,743170,3080865,Game 1: Any Player Penta Kill?,prop,1,2026-08-02 07:00:00,146.6,No,18263507673053474198234050929721878908174235128213603833935283248455845943858,0.53,0.98,0.755,0.45,44.9,328.26,328.26,28087.04,28087.04,28087.04,16,2,
2026-08-02 04:33:21,743170,3080866,Game 1: Odd/Even Total Kills?,odd_even,1,2026-08-02 07:00:00,146.6,Odd,85798990390253236886572130022554634660940011863431591207755224338342575313983,0.49,0.51,0.5,0.02,167.61,240.1,617.93,190.74,235.56,652.73,21,20,
2026-08-02 04:33:21,743170,3080866,Game 1: Odd/Even Total Kills?,odd_even,1,2026-08-02 07:00:00,146.6,Even,47936515113103876354401977929271863637215537317870382878338698939378687308220,0.49,0.51,0.5,0.02,180.09,218.27,559.58,177.22,260.73,724.38,20,21,
2026-08-02 04:33:21,743170,3080867,Game 2: Both Teams Slay Baron Nashor?,prop,2,2026-08-02 07:00:00,146.6,Yes,60281269953928099872331843176728418985547710930507954182708820022609808669897,0.06,0.31,0.185,0.25,125.44,128.17,168.07,137.8,137.8,137.8,6,16,
2026-08-02 04:33:21,743170,3080867,Game 2: Both Teams Slay Baron Nashor?,prop,2,2026-08-02 07:00:00,146.6,No,54226307805103642247368181146777059036318134178988043479524344500872140305962,0.69,0.94,0.815,0.25,306.72,306.72,306.72,1971.97,2054.16,5427.82,16,6,
2026-08-02 04:33:21,743170,3080868,Game 2: Both Teams Slay a Dragon?,prop,2,2026-08-02 07:00:00,146.6,Yes,29739434282903929326119644557308650803403459184094521455401480492552851758792,0.5,0.79,0.645,0.29,8.5,8.5,8.5,31.98,31.98,47.85,21,15,6.405061
2026-08-02 04:33:21,743170,3080868,Game 2: Both Teams Slay a Dragon?,prop,2,2026-08-02 07:00:00,146.6,No,115189779164715499661096663266273794100452504398581109422822509223165504997016,0.21,0.5,0.355,0.29,8.5,8.5,11.52,8.5,8.5,8.5,15,21,6.405061
2026-08-02 04:33:21,743170,3080869,Game 2: Both Teams Destroy Inhibitors?,prop,2,2026-08-02 07:00:00,146.6,Yes,88990911960391494970969025618777169053962523897236517506343545936592821417150,0.04,0.25,0.145,0.21,0.98,5.54,5.54,102.24,102.24,102.24,4,18,
2026-08-02 04:33:21,743170,3080869,Game 2: Both Teams Destroy Inhibitors?,prop,2,2026-08-02 07:00:00,146.6,No,10524318344677108875682344365087472988103237322063807998004848565189515778420,0.75,0.96,0.855,0.21,306.72,306.72,306.72,27.74,369.16,369.16,18,4,
2026-08-02 04:33:21,743170,3080870,Game 2: Any Player Quadra Kill?,prop,2,2026-08-02 07:00:00,146.6,Yes,60151038950673183831317840708733437193639535219371433492499517893097352170958,0.07,0.5,0.285,0.43,283.36,283.36,299.12,283.36,283.36,283.36,4,14,
2026-08-02 04:33:21,743170,3080870,Game 2: Any Player Quadra Kill?,prop,2,2026-08-02 07:00:00,146.6,No,96670306229134967862342679387306668871486431855351232811714354282383437049694,0.5,0.93,0.715,0.43,283.36,283.36,283.36,3764.64,3764.64,4503.62,14,4,
2026-08-02 04:33:21,743170,3080871,Game 2: Any Player Penta Kill?,prop,2,2026-08-02 07:00:00,146.6,Yes,85436915482113046069979555825963002631887797266173136356295138827309011750777,0.02,0.49,0.255,0.47,283.96,283.96,283.96,302.47,302.47,302.47,2,15,
2026-08-02 04:33:21,743170,3080871,Game 2: Any Player Penta Kill?,prop,2,2026-08-02 07:00:00,146.6,No,18077218119331989121746877984118590164679237634729750935595601490676077255075,0.51,0.98,0.745,0.47,303.25,303.25,303.25,28087.04,28087.04,28087.04,15,2,
2026-08-02 04:33:21,743170,3080872,Game 2: Odd/Even Total Kills?,odd_even,2,2026-08-02 07:00:00,146.6,Odd,34489811684252406008666584709129492333999413412636899041454268250718879985571,0.49,0.51,0.5,0.02,150.33,210.6,569.08,172.02,227.97,621.49,22,21,
2026-08-02 04:33:21,743170,3080872,Game 2: Odd/Even Total Kills?,odd_even,2,2026-08-02 07:00:00,146.6,Even,54240670553404029184267189483971374359932954287994832023836725546285071185760,0.49,0.51,0.5,0.02,162.81,210.86,532.82,158.5,228.23,668.23,21,22,
2026-08-02 04:33:21,743170,3080873,Game 3: Both Teams Slay Baron Nashor?,prop,3,2026-08-02 07:00:00,146.6,Yes,57811859513176873940762138997441201835014358696460679905995989548048354540264,0.07,0.95,0.51,0.88,283.78,284.53,299.98,18.84,132.38,358.14,6,5,
2026-08-02 04:33:21,743170,3080873,Game 3: Both Teams Slay Baron Nashor?,prop,3,2026-08-02 07:00:00,146.6,No,51295536053704709752778560732608776452578283468330820057353695324319173655698,0.05,0.93,0.49,0.88,0.86,3.26,5.54,4444.83,4462.82,5186.93,5,6,
2026-08-02 04:33:21,743170,3080874,Game 3: Both Teams Slay a Dragon?,prop,3,2026-08-02 07:00:00,146.6,Yes,58179717417989811646094036412121479543745227457593444191940365470656571742504,0.05,0.78,0.415,0.73,0.9,3.26,5.54,1143.97,1143.97,1160.57,5,14,
2026-08-02 04:33:21,743170,3080874,Game 3: Both Teams Slay a Dragon?,prop,3,2026-08-02 07:00:00,146.6,No,87343980035439006519000360405908787631260216234022290897341333211611511248508,0.22,0.95,0.585,0.73,305.36,305.36,308.76,19.41,132.66,358.45,14,5,
2026-08-02 04:33:21,743170,3080875,Game 3: Both Teams Destroy Inhibitors?,prop,3,2026-08-02 07:00:00,146.6,Yes,74678058446583988767533004421742293971027577469169916019811692511985126363708,0.05,0.95,0.5,0.9,283.75,286.6,288.9,18.84,130.33,351.63,5,5,
2026-08-02 04:33:21,743170,3080875,Game 3: Both Teams Destroy Inhibitors?,prop,3,2026-08-02 07:00:00,146.6,No,82798674080384483807860851761423273009124194055854717645716960582960189361391,0.05,0.95,0.5,0.9,0.86,3.22,5.45,6807.95,6936.77,7164.03,5,5,
2026-08-02 04:33:21,743170,3080876,Game 3: Any Player Quadra Kill?,prop,3,2026-08-02 07:00:00,146.6,Yes,58611970458737825773401922102759993341146813236760305689783843601007398487475,0.07,0.98,0.525,0.91,283.36,283.36,299.12,232.4,232.4,232.4,4,2,
2026-08-02 04:33:21,743170,3080876,Game 3: Any Player Quadra Kill?,prop,3,2026-08-02 07:00:00,146.6,No,74171810259521672240665790528210581675653866689973453247559598379119949082738,0.02,0.93,0.475,0.91,2.6,2.6,2.6,3764.64,3764.64,4503.62,2,4,
2026-08-02 04:33:21,743170,3080877,Game 3: Any Player Penta Kill?,prop,3,2026-08-02 07:00:00,146.6,Yes,97607285599517336378648008255312059463093287548866171938351083344468544698733,0.05,0.98,0.515,0.93,28.65,29.15,312.61,232.4,232.4,232.4,3,2,
2026-08-02 04:33:21,743170,3080877,Game 3: Any Player Penta Kill?,prop,3,2026-08-02 07:00:00,146.6,No,82175050981495448282087797319073848820595273522692792734078876229291900381358,0.02,0.95,0.485,0.93,2.6,2.6,2.6,544.35,568.85,28631.39,2,3,
2026-08-02 04:33:21,743170,3080878,Game 3: Odd/Even Total Kills?,odd_even,3,2026-08-02 07:00:00,146.6,Odd,113990004661101788122433090480026356333967410198432683291909606912670499759571,0.49,0.51,0.5,0.02,167.61,236.81,614.64,193.34,238.16,655.33,23,19,
2026-08-02 04:33:21,743170,3080878,Game 3: Odd/Even Total Kills?,odd_even,3,2026-08-02 07:00:00,146.6,Even,53396382081016235460482594245617775159364750738670615857179991954098728405392,0.49,0.51,0.5,0.02,182.49,220.67,561.98,177.22,257.02,720.67,19,23,
2026-08-02 04:33:21,743170,3247363,First Blood in Game 1?,first_blood,1,2026-08-02 07:00:00,146.6,ThunderTalk Gaming,37857650446906043848386849190232009781019679134557605636863633397679278721948,0.43,0.48,0.455,0.05,183.93,183.93,183.93,549.27,1459.77,1663.61,12,14,
2026-08-02 04:33:21,743170,3247363,First Blood in Game 1?,first_blood,1,2026-08-02 07:00:00,146.6,Team WE,104852352619923993034857752108294319586139334267455221962018021958633239346502,0.52,0.57,0.545,0.05,573.73,1484.23,1672.39,243.81,243.81,243.81,14,12,
2026-08-02 04:33:21,743170,3247364,First Blood in Game 2?,first_blood,2,2026-08-02 07:00:00,146.6,ThunderTalk Gaming,49805343744222079587811403498521461301652487360378428401792515699102072258747,0.44,0.48,0.46,0.04,230.13,230.13,230.13,548.29,1110.81,1314.65,12,14,16.833332
2026-08-02 04:33:21,743170,3247364,First Blood in Game 2?,first_blood,2,2026-08-02 07:00:00,146.6,Team WE,34975173646955613892802071928251257769371851774569031753455446770178410293492,0.52,0.56,0.54,0.04,572.71,1133.19,1321.35,302.61,302.61,302.61,14,12,16.833332
2026-08-02 04:33:21,743170,3247365,Total Kills Over/Under 30.5 in Game 1?,total_kills,1,2026-08-02 07:00:00,146.6,Over,20089612397959481715540428001947492272136532425413320288741789644696953347047,0.49,0.51,0.5,0.02,472.53,859.77,859.77,562.71,1115.67,1594.54,13,14,36.974356
2026-08-02 04:33:21,743170,3247365,Total Kills Over/Under 30.5 in Game 1?,total_kills,1,2026-08-02 07:00:00,146.6,Under,48583361312674351102955994336714978409432370604740795969667004880847883586088,0.49,0.51,0.5,0.02,539.67,1010.71,1402.5,510.86,965.46,965.46,14,13,36.974356
2026-08-02 04:33:21,743170,3247366,Total Kills Over/Under 30.5 in Game 2?,total_kills,2,2026-08-02 07:00:00,146.6,Over,102341512262568194433893674327876736367357950404093760308808076682839535952801,0.49,0.52,0.505,0.03,516.02,901.37,901.37,630.26,844.02,844.02,13,16,17.962263
2026-08-02 04:33:21,743170,3247366,Total Kills Over/Under 30.5 in Game 2?,total_kills,2,2026-08-02 07:00:00,146.6,Under,81591286331832699111309387511420548545728045115256401081280741169608168963352,0.48,0.51,0.495,0.03,561.74,743.83,743.83,557.98,1010.35,1010.35,16,13,17.962263
2026-08-02 04:39:03,720804,2985831,LoL: DN SOOPers vs HANJIN BRION - Game 1 Winner,map,1,2026-08-02 08:00:00,200.9,DN SOOPers,42936850482651914409277495257882545988254142261829548050889622816919312279771,0.35,0.36,0.355,0.01,4797.61,7440.49,9154.97,3053.58,6804.49,6939.98,28,28,1235.39052
2026-08-02 04:39:03,720804,2985831,LoL: DN SOOPers vs HANJIN BRION - Game 1 Winner,map,1,2026-08-02 08:00:00,200.9,HANJIN BRION,72300873521014331315996822988962847480647045255728209596012804322177150285029,0.64,0.65,0.645,0.01,5218.13,11284.5,11487.74,9185.67,14560.79,18512.03,28,28,1235.39052
2026-08-02 04:39:03,720804,2985832,LoL: DN SOOPers vs HANJIN BRION - Game 2 Winner,map,2,2026-08-02 08:00:00,200.9,DN SOOPers,6293002078450018823745497893356590572289968249157219729289882040976874389242,0.33,0.34,0.335,0.01,2055.55,3745.66,4473.75,1156.24,1923.43,4191.48,27,41,12815.572985
2026-08-02 04:39:03,720804,2985832,LoL: DN SOOPers vs HANJIN BRION - Game 2 Winner,map,2,2026-08-02 08:00:00,200.9,HANJIN BRION,51651805320304444180996920139489385195635313821107581113327476476510601730075,0.66,0.67,0.665,0.01,2238.2,3565.03,7262.61,4179.01,8070.06,9894.41,41,27,12815.572985
2026-08-02 04:39:03,720804,2985833,LoL: DN SOOPers vs HANJIN BRION (BO3) - LCK Round 3-4 Rise Group,series,,2026-08-02 08:00:00,200.9,DN SOOPers,83920944565793264579009568668732470958333402189187686836848086059640655328512,0.29,0.3,0.295,0.01,41338.69,51327.65,55487.48,20289.2,25088.55,26051.55,25,63,107629.43098699999
2026-08-02 04:39:03,720804,2985833,LoL: DN SOOPers vs HANJIN BRION (BO3) - LCK Round 3-4 Rise Group,series,,2026-08-02 08:00:00,200.9,HANJIN BRION,90142340307548158680285244846463054791996473929800648630886781972830446829292,0.7,0.71,0.705,0.01,46581.34,56577.97,58388.0,104854.22,132055.18,145225.68,63,25,107629.43098699999
2026-08-02 04:39:03,720804,2985834,Games Total: O/U 2.5,total_games,,2026-08-02 08:00:00,200.9,Over,115763001589981841934227916705643778300336986478747747006478743351017049320215,0.44,0.45,0.445,0.01,68.97,1892.6,2778.24,1523.96,12161.34,16190.49,25,25,163.88182799999998
2026-08-02 04:39:03,720804,2985834,Games Total: O/U 2.5,total_games,,2026-08-02 08:00:00,200.9,Under,91801222121802541444761121490344327534075944391096953237840309703647468371038,0.55,0.56,0.555,0.01,1817.72,13796.12,17835.55,91.42,2672.77,4023.99,25,25,163.88182799999998
2026-08-02 04:39:03,720804,2985835,Game Handicap: BRO (-1.5) vs DN SOOPers (+1.5),handicap,,2026-08-02 08:00:00,200.9,HANJIN BRION,2478818261239720677086675483799167438612949482205213347168593674700102622629,0.43,0.44,0.435,0.01,2719.74,5923.18,10703.18,27923.43,48859.07,54460.68,31,30,45981.379238999994
2026-08-02 04:39:03,720804,2985835,Game Handicap: BRO (-1.5) vs DN SOOPers (+1.5),handicap,,2026-08-02 08:00:00,200.9,DN SOOPers,94834555477028424709848351439230010185388394524770172258089704477087868641163,0.56,0.57,0.565,0.01,34360.88,58457.76,64288.67,3730.19,8346.96,16066.96,30,31,45981.379238999994
2026-08-02 04:39:03,720804,2985836,Game 1: Both Teams Slay Baron Nashor?,prop,1,2026-08-02 08:00:00,200.9,Yes,44915640594729569087625676620306222412980590579084678991395292033371931560827,0.07,0.26,0.165,0.19,119.67,122.05,138.0,103.33,103.33,103.33,6,16,
2026-08-02 04:39:03,720804,2985836,Game 1: Both Teams Slay Baron Nashor?,prop,1,2026-08-02 08:00:00,200.9,No,37113967443673178032629187181708940461213139311985080295449837338299072323374,0.74,0.93,0.835,0.19,294.1,294.1,294.1,1589.88,1645.09,2381.77,16,6,
2026-08-02 04:39:03,720804,2985837,Game 1: Both Teams Slay a Dragon?,prop,1,2026-08-02 08:00:00,200.9,Yes,81561078706992361174610681826983342457210813688240521193883827615449787089945,0.63,0.78,0.705,0.15,291.51,291.51,291.51,87.58,814.18,823.94,17,14,
2026-08-02 04:39:03,720804,2985837,Game 1: Both Teams Slay a Dragon?,prop,1,2026-08-02 08:00:00,200.9,No,9907281152142873042160819340133770082139172884764291314030269990598666965984,0.22,0.37,0.295,0.15,23.42,205.07,207.07,171.2,171.2,171.2,14,17,
2026-08-02 04:39:03,720804,2985838,Game 1: Both Teams Destroy Inhibitors?,prop,1,2026-08-02 08:00:00,200.9,Yes,71475961584450706233230360574834962522669953698100028735480553421773518962446,0.06,0.2,0.13,0.14,1.45,6.36,11.18,73.49,73.49,73.49,5,19,
2026-08-02 04:39:03,720804,2985838,Game 1: Both Teams Destroy Inhibitors?,prop,1,2026-08-02 08:00:00,200.9,No,96176116817715510739061517798906786856670574020691174289854703473183525042907,0.8,0.94,0.87,0.14,293.96,293.96,293.96,22.75,177.88,643.21,19,5,
2026-08-02 04:39:03,720804,2985839,Game 1: Any Player Quadra Kill?,prop,1,2026-08-02 08:00:00,200.9,Yes,16493390525368333199018739796614614378465922969488141913346132696092540481996,0.07,0.5,0.285,0.43,283.36,283.36,299.12,283.36,283.36,283.36,4,15,
2026-08-02 04:39:03,720804,2985839,Game 1: Any Player Quadra Kill?,prop,1,2026-08-02 08:00:00,200.9,No,56347653585494781062554189637614748771006399122103141423346716304631011312144,0.5,0.93,0.715,0.43,283.36,283.36,283.36,3764.64,3764.64,4503.62,15,4,
2026-08-02 04:39:03,720804,2985840,Game 1: Any Player Penta Kill?,prop,1,2026-08-02 08:00:00,200.9,Yes,49668406403014705401245867535537092853662595481221175539691493508867265252416,0.02,0.49,0.255,0.47,283.96,283.96,283.96,302.47,302.47,302.47,2,17,
2026-08-02 04:39:03,720804,2985840,Game 1: Any Player Penta Kill?,prop,1,2026-08-02 08:00:00,200.9,No,392322018462975303761146965828888407897620802810361622816977224642104664346,0.51,0.98,0.745,0.47,303.25,303.25,303.25,28087.04,28087.04,28087.04,17,2,
2026-08-02 04:39:03,720804,2985841,Game 1: Odd/Even Total Kills?,odd_even,1,2026-08-02 08:00:00,200.9,Odd,64592549155132161597723277379753760434816316220798779424330799858113165111831,0.49,0.51,0.5,0.02,127.39,149.37,433.99,133.65,159.46,507.32,18,18,
2026-08-02 04:39:03,720804,2985841,Game 1: Odd/Even Total Kills?,odd_even,1,2026-08-02 08:00:00,200.9,Even,22354129330778337787211517449131111296157517049169544234741909359794225096802,0.49,0.51,0.5,0.02,127.39,149.37,433.99,133.65,159.46,507.32,18,18,
2026-08-02 04:39:03,720804,2985842,Game 2: Both Teams Slay Baron Nashor?,prop,2,2026-08-02 08:00:00,200.9,Yes,57194722881652722287778928856899256552760339229401704787654609080883199550511,0.07,0.26,0.165,0.19,119.67,122.05,138.0,103.33,103.33,103.33,6,15,
2026-08-02 04:39:03,720804,2985842,Game 2: Both Teams Slay Baron Nashor?,prop,2,2026-08-02 08:00:00,200.9,No,59374135450969641428260528220646082053630355448275032123355014422228661214328,0.74,0.93,0.835,0.19,294.1,294.1,294.1,1589.88,1645.09,2381.77,15,6,
2026-08-02 04:39:03,720804,2985843,Game 2: Both Teams Slay a Dragon?,prop,2,2026-08-02 08:00:00,200.9,Yes,16761207663700929763930895000870044109436239314614467819259826218322025602414,0.63,0.78,0.705,0.15,291.51,291.51,291.51,87.58,814.18,823.94,16,14,
2026-08-02 04:39:03,720804,2985843,Game 2: Both Teams Slay a Dragon?,prop,2,2026-08-02 08:00:00,200.9,No,91053011289502335373332454164570546553687856896383620203832129814970866007559,0.22,0.37,0.295,0.15,23.42,205.07,207.07,171.2,171.2,171.2,14,16,
2026-08-02 04:39:03,720804,2985844,Game 2: Both Teams Destroy Inhibitors?,prop,2,2026-08-02 08:00:00,200.9,Yes,72080657131222492875722184018671784613358675618683575643423920669409123373805,0.06,0.2,0.13,0.14,1.45,6.36,11.18,73.49,73.49,73.49,5,18,
2026-08-02 04:39:03,720804,2985844,Game 2: Both Teams Destroy Inhibitors?,prop,2,2026-08-02 08:00:00,200.9,No,76575595827436686508796323618238841350839192478819249193882303206472590522650,0.8,0.94,0.87,0.14,293.96,293.96,293.96,22.75,177.88,643.21,18,5,
2026-08-02 04:39:03,720804,2985845,Game 2: Any Player Quadra Kill?,prop,2,2026-08-02 08:00:00,200.9,Yes,76246363645423051975364496046855254236794026710696233410148462217483517468912,0.07,0.5,0.285,0.43,283.36,283.36,299.12,283.36,283.36,283.36,4,15,
2026-08-02 04:39:03,720804,2985845,Game 2: Any Player Quadra Kill?,prop,2,2026-08-02 08:00:00,200.9,No,82952967493967711298009068236655995385276954244991565434629591429951419785253,0.5,0.93,0.715,0.43,283.36,283.36,283.36,3764.64,3764.64,4503.62,15,4,
2026-08-02 04:39:03,720804,2985846,Game 2: Any Player Penta Kill?,prop,2,2026-08-02 08:00:00,200.9,Yes,32202589203000764524594958432996792352023689136584650862389425963534626513896,0.02,0.47,0.245,0.45,283.96,283.96,283.96,21.08,304.44,304.44,2,17,
2026-08-02 04:39:03,720804,2985846,Game 2: Any Player Penta Kill?,prop,2,2026-08-02 08:00:00,200.9,No,41247326107088233542428794448520019157752700819922175251278359525383173138072,0.53,0.98,0.755,0.45,23.62,306.98,306.98,28087.04,28087.04,28087.04,17,2,
2026-08-02 04:39:03,720804,2985847,Game 2: Odd/Even Total Kills?,odd_even,2,2026-08-02 08:00:00,200.9,Odd,14101125707317252499556366876532811859229089743435541998693959506889109440513,0.49,0.51,0.5,0.02,127.39,149.37,433.99,133.65,159.46,507.32,18,18,
2026-08-02 04:39:03,720804,2985847,Game 2: Odd/Even Total Kills?,odd_even,2,2026-08-02 08:00:00,200.9,Even,112433670667782516872456707749946291262697470726766165959272619193571438860014,0.49,0.51,0.5,0.02,127.39,149.37,433.99,133.65,159.46,507.32,18,18,
2026-08-02 04:39:03,720804,2985848,Game 3: Both Teams Slay Baron Nashor?,prop,3,2026-08-02 08:00:00,200.9,Yes,104136964712435805736220279460301224337589608756593979191221375998315537578826,0.07,0.95,0.51,0.88,284.88,285.36,301.22,29.92,154.11,369.91,6,5,
2026-08-02 04:39:03,720804,2985848,Game 3: Both Teams Slay Baron Nashor?,prop,3,2026-08-02 08:00:00,200.9,No,58227032133651406364524656801923559562496425913687094624385449611629670118018,0.05,0.93,0.49,0.88,1.33,4.14,6.32,4459.48,4470.94,5207.01,5,6,
2026-08-02 04:39:03,720804,2985849,Game 3: Both Teams Slay a Dragon?,prop,3,2026-08-02 08:00:00,200.9,Yes,62359769166445215506801265907978402615199925175015226504522160105921437334234,0.05,0.78,0.415,0.73,1.29,4.24,6.52,1152.55,1152.55,1169.15,5,12,
2026-08-02 04:39:03,720804,2985849,Game 3: Both Teams Slay a Dragon?,prop,3,2026-08-02 08:00:00,200.9,No,83654870348198823667332595091134305392760162249370758365244315399177123554265,0.22,0.95,0.585,0.73,307.78,307.78,311.18,29.5,157.94,384.36,12,5,
2026-08-02 04:39:03,720804,2985850,Game 3: Both Teams Destroy Inhibitors?,prop,3,2026-08-02 08:00:00,200.9,Yes,15560581673514295406323370069329485324079403980988726489321483925152219020603,0.06,0.95,0.505,0.89,1.85,287.69,290.06,29.54,166.73,382.53,6,5,
2026-08-02 04:39:03,720804,2985850,Game 3: Both Teams Destroy Inhibitors?,prop,3,2026-08-02 08:00:00,200.9,No,35084658982496356177161118423351755624835829136464432164708520782096827818976,0.05,0.94,0.495,0.89,1.31,4.41,6.59,30.34,6911.17,7140.97,5,6,
2026-08-02 04:39:03,720804,2985851,Game 3: Any Player Quadra Kill?,prop,3,2026-08-02 08:00:00,200.9,Yes,75468224762988852590066020869645592387061629400786739342571011064205596141274,0.07,0.98,0.525,0.91,283.36,283.36,299.12,232.4,232.4,232.4,4,2,
2026-08-02 04:39:03,720804,2985851,Game 3: Any Player Quadra Kill?,prop,3,2026-08-02 08:00:00,200.9,No,74647852821951903964313502511589443983089513099015021935729078044895223408021,0.02,0.93,0.475,0.91,2.6,2.6,2.6,3764.64,3764.64,4503.62,2,4,
2026-08-02 04:39:03,720804,2985852,Game 3: Any Player Penta Kill?,prop,3,2026-08-02 08:00:00,200.9,Yes,107684476421773351543830332455122213678091807083550082965983665787711393740939,0.17,0.98,0.575,0.81,2.88,2.88,2.88,232.4,232.4,232.4,5,2,
2026-08-02 04:39:03,720804,2985852,Game 3: Any Player Penta Kill?,prop,3,2026-08-02 08:00:00,200.9,No,106156280359148725335259783092663119689979144099409849171363101956551129219138,0.02,0.83,0.425,0.81,2.6,2.6,2.6,14.82,14.82,14.82,2,5,
2026-08-02 04:39:03,720804,2985853,Game 3: Odd/Even Total Kills?,odd_even,3,2026-08-02 08:00:00,200.9,Odd,75183633087080408500425823268702677619156746674341626211978771280711642562797,0.49,0.51,0.5,0.02,127.39,149.37,433.99,133.65,159.46,507.32,18,18,
2026-08-02 04:39:03,720804,2985853,Game 3: Odd/Even Total Kills?,odd_even,3,2026-08-02 08:00:00,200.9,Even,28081118088313904661731832500271423416547915012124693594931517615532487909024,0.49,0.51,0.5,0.02,127.39,149.37,433.99,133.65,159.46,507.32,18,18,
2026-08-02 04:39:03,743170,3080856,LoL: ThunderTalk Gaming vs Team WE - Game 1 Winner,map,1,2026-08-02 07:00:00,140.9,ThunderTalk Gaming,72496135746065500247901246672311988779275411906571209759439852708611576071027,0.37,0.38,0.375,0.01,3352.48,7823.84,8754.43,2171.19,4351.64,8235.87,28,34,2592.500632
2026-08-02 04:39:03,743170,3080856,LoL: ThunderTalk Gaming vs Team WE - Game 1 Winner,map,1,2026-08-02 07:00:00,140.9,Team WE,86406897272144859430606590863571410444264660567962881318145059910183257772933,0.62,0.63,0.625,0.01,3407.14,6618.52,11848.13,5887.58,14439.88,16353.33,34,28,2592.500632
2026-08-02 04:39:03,743170,3080857,LoL: ThunderTalk Gaming vs Team WE - Game 2 Winner,map,2,2026-08-02 07:00:00,140.9,ThunderTalk Gaming,76752916551697359157851234269297016591012843522959969977805224055761398575042,0.37,0.38,0.375,0.01,2520.71,4220.99,5496.89,135.59,889.75,2686.47,26,29,283.420404
2026-08-02 04:39:03,743170,3080857,LoL: ThunderTalk Gaming vs Team WE - Game 2 Winner,map,2,2026-08-02 07:00:00,140.9,Team WE,65010317623213437982030806655308793500445270659341039623165426683797274071506,0.62,0.63,0.625,0.01,214.78,1330.6,3748.65,4446.29,7673.07,10286.09,29,26,283.420404
2026-08-02 04:39:03,743170,3080858,LoL: ThunderTalk Gaming vs Team WE (BO3) - LPL Group Ascend,series,,2026-08-02 07:00:00,140.9,ThunderTalk Gaming,102071153892246039627048034194967021680193759805083679061162745293075874048047,0.32,0.33,0.325,0.01,22305.41,33793.87,38828.16,9636.17,23565.3,25436.44,26,44,50367.013747999976
2026-08-02 04:39:03,743170,3080858,LoL: ThunderTalk Gaming vs Team WE (BO3) - LPL Group Ascend,series,,2026-08-02 07:00:00,140.9,Team WE,107302480629937459746801418935680895835862951318163699611993485492174680492656,0.67,0.68,0.675,0.01,18879.25,44289.23,47386.54,48911.64,76470.55,89828.53,44,26,50367.013747999976
2026-08-02 04:39:03,743170,3080859,Games Total: O/U 2.5,total_games,,2026-08-02 07:00:00,140.9,Over,107594494912723104964093717822186803561399283167752733293344196473822150830801,0.45,0.47,0.46,0.02,1443.9,6130.49,6444.75,10240.13,13496.33,16171.33,25,28,996.993588
2026-08-02 04:39:03,743170,3080859,Games Total: O/U 2.5,total_games,,2026-08-02 07:00:00,140.9,Under,13195949740986299733115750603639707489456064739889325747062719688400177484721,0.53,0.55,0.54,0.02,11115.33,14437.98,16942.98,1823.75,8116.37,8568.59,28,25,996.993588
2026-08-02 04:39:03,743170,3080860,Game Handicap: WE (-1.5) vs ThunderTalk Gaming (+1.5),handicap,,2026-08-02 07:00:00,140.9,Team WE,72898904332442991379697379372607989319613847572204270780556694513998511299687,0.4,0.41,0.405,0.01,6462.9,8375.6,8709.52,10161.72,20111.75,21912.95,31,34,12964.903612999997
2026-08-02 04:39:03,743170,3080860,Game Handicap: WE (-1.5) vs ThunderTalk Gaming (+1.5),handicap,,2026-08-02 07:00:00,140.9,ThunderTalk Gaming,50834236677980205127685734657806100902200221308325695417181113975675617751500,0.59,0.6,0.595,0.01,14263.09,27153.45,29336.39,10031.99,13198.62,13816.95,34,31,12964.903612999997
2026-08-02 04:39:03,743170,3080861,Game 1: Both Teams Slay Baron Nashor?,prop,1,2026-08-02 07:00:00,140.9,Yes,576199460582024193100725101261977861313235933865014426802032541129552297770,0.05,0.31,0.18,0.26,123.55,137.71,167.05,137.8,137.8,137.8,5,18,
2026-08-02 04:39:03,743170,3080861,Game 1: Both Teams Slay Baron Nashor?,prop,1,2026-08-02 07:00:00,140.9,No,39148998634785957714637765512152768766586838959238901897071669687131023587459,0.69,0.95,0.82,0.26,306.72,306.72,306.72,2349.83,3030.49,5935.9,18,5,
2026-08-02 04:39:03,743170,3080862,Game 1: Both Teams Slay a Dragon?,prop,1,2026-08-02 07:00:00,140.9,Yes,12798444312028531986523161040093625635680994958660481961288482187110266231846,0.52,0.78,0.65,0.26,148.36,156.86,156.86,54.3,62.3,62.3,19,17,6.405061
2026-08-02 04:39:03,743170,3080862,Game 1: Both Teams Slay a Dragon?,prop,1,2026-08-02 07:00:00,140.9,No,77088962572483445588626120910059447941522620776186008716249040366097850926880,0.22,0.48,0.35,0.26,14.6,16.6,16.6,141.6,150.1,150.1,17,19,6.405061
2026-08-02 04:39:03,743170,3080863,Game 1: Both Teams Destroy Inhibitors?,prop,1,2026-08-02 07:00:00,140.9,Yes,23431616529800285954157853389995618720561419057686883100386442761747625637104,0.04,0.25,0.145,0.21,1.08,5.54,5.54,102.24,102.24,102.24,4,18,
2026-08-02 04:39:03,743170,3080863,Game 1: Both Teams Destroy Inhibitors?,prop,1,2026-08-02 07:00:00,140.9,No,66554463746156474753360063073089192961440136242626809840747100770144773363381,0.75,0.96,0.855,0.21,306.72,306.72,306.72,31.98,360.62,360.62,18,4,
2026-08-02 04:39:03,743170,3080864,Game 1: Any Player Quadra Kill?,prop,1,2026-08-02 07:00:00,140.9,Yes,22455107191123144705981038449625131671221453070883782041240941374293880968288,0.07,0.5,0.285,0.43,283.36,283.36,299.12,283.36,283.36,283.36,4,15,
2026-08-02 04:39:03,743170,3080864,Game 1: Any Player Quadra Kill?,prop,1,2026-08-02 07:00:00,140.9,No,57661462033981889980416103903558356629279739546061415204700512894530729898269,0.5,0.93,0.715,0.43,283.36,283.36,283.36,3764.64,3764.64,4503.62,15,4,
2026-08-02 04:39:03,743170,3080865,Game 1: Any Player Penta Kill?,prop,1,2026-08-02 07:00:00,140.9,Yes,38163109940135782122194759258784261278998733099801323596701954770736607626752,0.02,0.47,0.245,0.45,283.96,283.96,283.96,40.71,324.07,324.07,2,16,
2026-08-02 04:39:03,743170,3080865,Game 1: Any Player Penta Kill?,prop,1,2026-08-02 07:00:00,140.9,No,18263507673053474198234050929721878908174235128213603833935283248455845943858,0.53,0.98,0.755,0.45,44.9,328.26,328.26,28087.04,28087.04,28087.04,16,2,
2026-08-02 04:39:03,743170,3080866,Game 1: Odd/Even Total Kills?,odd_even,1,2026-08-02 07:00:00,140.9,Odd,85798990390253236886572130022554634660940011863431591207755224338342575313983,0.49,0.51,0.5,0.02,167.61,275.39,653.22,190.74,285.81,702.98,22,22,
2026-08-02 04:39:03,743170,3080866,Game 1: Odd/Even Total Kills?,odd_even,1,2026-08-02 07:00:00,140.9,Even,47936515113103876354401977929271863637215537317870382878338698939378687308220,0.49,0.51,0.5,0.02,180.09,246.98,588.29,177.22,301.44,765.09,22,22,
2026-08-02 04:39:03,743170,3080867,Game 2: Both Teams Slay Baron Nashor?,prop,2,2026-08-02 07:00:00,140.9,Yes,60281269953928099872331843176728418985547710930507954182708820022609808669897,0.06,0.31,0.185,0.25,125.44,128.17,168.07,137.8,137.8,137.8,6,16,
2026-08-02 04:39:03,743170,3080867,Game 2: Both Teams Slay Baron Nashor?,prop,2,2026-08-02 07:00:00,140.9,No,54226307805103642247368181146777059036318134178988043479524344500872140305962,0.69,0.94,0.815,0.25,306.72,306.72,306.72,1971.97,2054.16,5427.82,16,6,
2026-08-02 04:39:03,743170,3080868,Game 2: Both Teams Slay a Dragon?,prop,2,2026-08-02 07:00:00,140.9,Yes,29739434282903929326119644557308650803403459184094521455401480492552851758792,0.5,0.79,0.645,0.29,8.5,8.5,8.5,31.98,31.98,47.85,21,15,6.405061
2026-08-02 04:39:03,743170,3080868,Game 2: Both Teams Slay a Dragon?,prop,2,2026-08-02 07:00:00,140.9,No,115189779164715499661096663266273794100452504398581109422822509223165504997016,0.21,0.5,0.355,0.29,8.5,8.5,11.52,8.5,8.5,8.5,15,21,6.405061
2026-08-02 04:39:03,743170,3080869,Game 2: Both Teams Destroy Inhibitors?,prop,2,2026-08-02 07:00:00,140.9,Yes,88990911960391494970969025618777169053962523897236517506343545936592821417150,0.04,0.25,0.145,0.21,0.98,5.54,5.54,102.24,102.24,102.24,4,18,
2026-08-02 04:39:03,743170,3080869,Game 2: Both Teams Destroy Inhibitors?,prop,2,2026-08-02 07:00:00,140.9,No,10524318344677108875682344365087472988103237322063807998004848565189515778420,0.75,0.96,0.855,0.21,306.72,306.72,306.72,27.74,369.16,369.16,18,4,
2026-08-02 04:39:03,743170,3080870,Game 2: Any Player Quadra Kill?,prop,2,2026-08-02 07:00:00,140.9,Yes,60151038950673183831317840708733437193639535219371433492499517893097352170958,0.07,0.5,0.285,0.43,283.36,283.36,299.12,283.36,283.36,283.36,4,14,
2026-08-02 04:39:03,743170,3080870,Game 2: Any Player Quadra Kill?,prop,2,2026-08-02 07:00:00,140.9,No,96670306229134967862342679387306668871486431855351232811714354282383437049694,0.5,0.93,0.715,0.43,283.36,283.36,283.36,3764.64,3764.64,4503.62,14,4,
2026-08-02 04:39:03,743170,3080871,Game 2: Any Player Penta Kill?,prop,2,2026-08-02 07:00:00,140.9,Yes,85436915482113046069979555825963002631887797266173136356295138827309011750777,0.02,0.49,0.255,0.47,283.96,283.96,283.96,302.47,302.47,302.47,2,15,
2026-08-02 04:39:03,743170,3080871,Game 2: Any Player Penta Kill?,prop,2,2026-08-02 07:00:00,140.9,No,18077218119331989121746877984118590164679237634729750935595601490676077255075,0.51,0.98,0.745,0.47,303.25,303.25,303.25,28087.04,28087.04,28087.04,15,2,
2026-08-02 04:39:03,743170,3080872,Game 2: Odd/Even Total Kills?,odd_even,2,2026-08-02 07:00:00,140.9,Odd,34489811684252406008666584709129492333999413412636899041454268250718879985571,0.49,0.51,0.5,0.02,162.81,262.64,621.12,187.62,290.01,683.53,22,21,
2026-08-02 04:39:03,743170,3080872,Game 2: Odd/Even Total Kills?,odd_even,2,2026-08-02 07:00:00,140.9,Even,54240670553404029184267189483971374359932954287994832023836725546285071185760,0.49,0.51,0.5,0.02,177.21,264.82,586.78,172.02,288.19,728.19,21,22,
2026-08-02 04:39:03,743170,3080873,Game 3: Both Teams Slay Baron Nashor?,prop,3,2026-08-02 07:00:00,140.9,Yes,57811859513176873940762138997441201835014358696460679905995989548048354540264,0.07,0.95,0.51,0.88,283.78,284.53,299.98,18.84,132.38,358.14,6,5,
2026-08-02 04:39:03,743170,3080873,Game 3: Both Teams Slay Baron Nashor?,prop,3,2026-08-02 07:00:00,140.9,No,51295536053704709752778560732608776452578283468330820057353695324319173655698,0.05,0.93,0.49,0.88,0.86,3.26,5.54,4444.83,4462.82,5186.93,5,6,
2026-08-02 04:39:03,743170,3080874,Game 3: Both Teams Slay a Dragon?,prop,3,2026-08-02 07:00:00,140.9,Yes,58179717417989811646094036412121479543745227457593444191940365470656571742504,0.05,0.78,0.415,0.73,0.9,3.26,5.54,1143.97,1143.97,1160.57,5,14,
2026-08-02 04:39:03,743170,3080874,Game 3: Both Teams Slay a Dragon?,prop,3,2026-08-02 07:00:00,140.9,No,87343980035439006519000360405908787631260216234022290897341333211611511248508,0.22,0.95,0.585,0.73,305.36,305.36,308.76,19.41,132.66,358.45,14,5,
2026-08-02 04:39:03,743170,3080875,Game 3: Both Teams Destroy Inhibitors?,prop,3,2026-08-02 07:00:00,140.9,Yes,74678058446583988767533004421742293971027577469169916019811692511985126363708,0.05,0.95,0.5,0.9,283.75,286.42,288.72,18.84,130.33,351.63,5,5,
2026-08-02 04:39:03,743170,3080875,Game 3: Both Teams Destroy Inhibitors?,prop,3,2026-08-02 07:00:00,140.9,No,82798674080384483807860851761423273009124194055854717645716960582960189361391,0.05,0.95,0.5,0.9,0.86,3.22,5.45,6807.95,6927.86,7155.12,5,5,
2026-08-02 04:39:03,743170,3080876,Game 3: Any Player Quadra Kill?,prop,3,2026-08-02 07:00:00,140.9,Yes,58611970458737825773401922102759993341146813236760305689783843601007398487475,0.07,0.98,0.525,0.91,283.36,283.36,299.12,232.4,232.4,232.4,4,2,
2026-08-02 04:39:03,743170,3080876,Game 3: Any Player Quadra Kill?,prop,3,2026-08-02 07:00:00,140.9,No,74171810259521672240665790528210581675653866689973453247559598379119949082738,0.02,0.93,0.475,0.91,2.6,2.6,2.6,3764.64,3764.64,4503.62,2,4,
2026-08-02 04:39:03,743170,3080877,Game 3: Any Player Penta Kill?,prop,3,2026-08-02 07:00:00,140.9,Yes,97607285599517336378648008255312059463093287548866171938351083344468544698733,0.05,0.98,0.515,0.93,28.65,29.15,312.61,232.4,232.4,232.4,3,2,
2026-08-02 04:39:03,743170,3080877,Game 3: Any Player Penta Kill?,prop,3,2026-08-02 07:00:00,140.9,No,82175050981495448282087797319073848820595273522692792734078876229291900381358,0.02,0.95,0.485,0.93,2.6,2.6,2.6,544.35,568.85,28631.39,2,3,
2026-08-02 04:39:03,743170,3080878,Game 3: Odd/Even Total Kills?,odd_even,3,2026-08-02 07:00:00,140.9,Odd,113990004661101788122433090480026356333967410198432683291909606912670499759571,0.49,0.51,0.5,0.02,167.61,272.1,649.93,193.34,288.41,705.58,23,21,
2026-08-02 04:39:03,743170,3080878,Game 3: Odd/Even Total Kills?,odd_even,3,2026-08-02 07:00:00,140.9,Even,53396382081016235460482594245617775159364750738670615857179991954098728405392,0.49,0.51,0.5,0.02,182.49,264.42,605.73,177.22,297.73,761.38,21,23,
2026-08-02 04:39:03,743170,3247363,First Blood in Game 1?,first_blood,1,2026-08-02 07:00:00,140.9,ThunderTalk Gaming,37857650446906043848386849190232009781019679134557605636863633397679278721948,0.43,0.48,0.455,0.05,183.93,183.93,183.93,549.27,1459.77,1663.61,12,14,
2026-08-02 04:39:03,743170,3247363,First Blood in Game 1?,first_blood,1,2026-08-02 07:00:00,140.9,Team WE,104852352619923993034857752108294319586139334267455221962018021958633239346502,0.52,0.57,0.545,0.05,573.73,1484.23,1672.39,243.81,243.81,243.81,14,12,
2026-08-02 04:39:03,743170,3247364,First Blood in Game 2?,first_blood,2,2026-08-02 07:00:00,140.9,ThunderTalk Gaming,49805343744222079587811403498521461301652487360378428401792515699102072258747,0.44,0.48,0.46,0.04,230.13,230.13,230.13,548.29,1110.81,1314.65,12,14,16.833332
2026-08-02 04:39:03,743170,3247364,First Blood in Game 2?,first_blood,2,2026-08-02 07:00:00,140.9,Team WE,34975173646955613892802071928251257769371851774569031753455446770178410293492,0.52,0.56,0.54,0.04,572.71,1133.19,1321.35,302.61,302.61,302.61,14,12,16.833332
2026-08-02 04:39:03,743170,3247365,Total Kills Over/Under 30.5 in Game 1?,total_kills,1,2026-08-02 07:00:00,140.9,Over,20089612397959481715540428001947492272136532425413320288741789644696953347047,0.49,0.51,0.5,0.02,472.53,859.77,859.77,562.71,1115.67,1594.54,13,14,36.974356
2026-08-02 04:39:03,743170,3247365,Total Kills Over/Under 30.5 in Game 1?,total_kills,1,2026-08-02 07:00:00,140.9,Under,48583361312674351102955994336714978409432370604740795969667004880847883586088,0.49,0.51,0.5,0.02,539.67,1010.71,1402.5,510.86,965.46,965.46,14,13,36.974356
2026-08-02 04:39:03,743170,3247366,Total Kills Over/Under 30.5 in Game 2?,total_kills,2,2026-08-02 07:00:00,140.9,Over,102341512262568194433893674327876736367357950404093760308808076682839535952801,0.49,0.52,0.505,0.03,516.02,901.37,901.37,630.26,844.02,844.02,13,13,17.962263
2026-08-02 04:39:03,743170,3247366,Total Kills Over/Under 30.5 in Game 2?,total_kills,2,2026-08-02 07:00:00,140.9,Under,81591286331832699111309387511420548545728045115256401081280741169608168963352,0.48,0.51,0.495,0.03,561.74,743.83,743.83,557.98,1010.35,1010.35,13,13,17.962263
2026-08-02 04:44:42,720804,2985831,LoL: DN SOOPers vs HANJIN BRION - Game 1 Winner,map,1,2026-08-02 08:00:00,195.3,DN SOOPers,42936850482651914409277495257882545988254142261829548050889622816919312279771,0.35,0.36,0.355,0.01,4797.61,7440.49,9265.88,3053.58,6804.49,6939.98,28,28,1265.39052
2026-08-02 04:44:42,720804,2985831,LoL: DN SOOPers vs HANJIN BRION - Game 1 Winner,map,1,2026-08-02 08:00:00,195.3,HANJIN BRION,72300873521014331315996822988962847480647045255728209596012804322177150285029,0.64,0.65,0.645,0.01,5218.13,11284.5,11487.74,9185.67,14560.79,18770.82,28,28,1265.39052
2026-08-02 04:44:42,720804,2985832,LoL: DN SOOPers vs HANJIN BRION - Game 2 Winner,map,2,2026-08-02 08:00:00,195.3,DN SOOPers,6293002078450018823745497893356590572289968249157219729289882040976874389242,0.33,0.34,0.335,0.01,2055.55,3745.66,4473.75,1156.24,1923.43,4191.48,27,41,12827.572985
2026-08-02 04:44:42,720804,2985832,LoL: DN SOOPers vs HANJIN BRION - Game 2 Winner,map,2,2026-08-02 08:00:00,195.3,HANJIN BRION,51651805320304444180996920139489385195635313821107581113327476476510601730075,0.66,0.67,0.665,0.01,2238.2,3565.03,7262.61,4179.01,8070.06,9894.41,41,27,12827.572985
2026-08-02 04:44:42,720804,2985833,LoL: DN SOOPers vs HANJIN BRION (BO3) - LCK Round 3-4 Rise Group,series,,2026-08-02 08:00:00,195.3,DN SOOPers,83920944565793264579009568668732470958333402189187686836848086059640655328512,0.29,0.3,0.295,0.01,41338.28,51426.83,55586.66,20262.2,25061.55,26024.55,27,63,121714.54071999996
2026-08-02 04:44:42,720804,2985833,LoL: DN SOOPers vs HANJIN BRION (BO3) - LCK Round 3-4 Rise Group,series,,2026-08-02 08:00:00,195.3,HANJIN BRION,90142340307548158680285244846463054791996473929800648630886781972830446829292,0.7,0.71,0.705,0.01,46518.34,56514.97,58325.0,104853.22,132337.63,145508.13,63,27,121714.54071999996
2026-08-02 04:44:42,720804,2985834,Games Total: O/U 2.5,total_games,,2026-08-02 08:00:00,195.3,Over,115763001589981841934227916705643778300336986478747747006478743351017049320215,0.44,0.45,0.445,0.01,68.97,2036.66,2922.31,1180.55,11688.21,15717.36,26,25,266.560395
2026-08-02 04:44:42,720804,2985834,Games Total: O/U 2.5,total_games,,2026-08-02 08:00:00,195.3,Under,91801222121802541444761121490344327534075944391096953237840309703647468371038,0.55,0.56,0.555,0.01,1415.02,13247.14,17286.57,91.42,2880.08,4231.29,25,26,266.560395
2026-08-02 04:44:42,720804,2985835,Game Handicap: BRO (-1.5) vs DN SOOPers (+1.5),handicap,,2026-08-02 08:00:00,195.3,HANJIN BRION,2478818261239720677086675483799167438612949482205213347168593674700102622629,0.43,0.44,0.435,0.01,2721.89,5925.33,10705.33,27923.43,48859.07,54460.68,31,30,46184.888004
2026-08-02 04:44:42,720804,2985835,Game Handicap: BRO (-1.5) vs DN SOOPers (+1.5),handicap,,2026-08-02 08:00:00,195.3,DN SOOPers,94834555477028424709848351439230010185388394524770172258089704477087868641163,0.56,0.57,0.565,0.01,34360.88,58457.76,64288.67,3733.04,8349.81,16069.81,30,31,46184.888004
2026-08-02 04:44:42,720804,2985836,Game 1: Both Teams Slay Baron Nashor?,prop,1,2026-08-02 08:00:00,195.3,Yes,44915640594729569087625676620306222412980590579084678991395292033371931560827,0.07,0.26,0.165,0.19,119.67,122.05,138.0,103.33,103.33,103.33,6,16,
2026-08-02 04:44:42,720804,2985836,Game 1: Both Teams Slay Baron Nashor?,prop,1,2026-08-02 08:00:00,195.3,No,37113967443673178032629187181708940461213139311985080295449837338299072323374,0.74,0.93,0.835,0.19,294.1,294.1,294.1,1589.88,1645.09,2381.77,16,6,
2026-08-02 04:44:42,720804,2985837,Game 1: Both Teams Slay a Dragon?,prop,1,2026-08-02 08:00:00,195.3,Yes,81561078706992361174610681826983342457210813688240521193883827615449787089945,0.63,0.78,0.705,0.15,291.51,291.51,291.51,87.58,814.18,823.94,17,14,
2026-08-02 04:44:42,720804,2985837,Game 1: Both Teams Slay a Dragon?,prop,1,2026-08-02 08:00:00,195.3,No,9907281152142873042160819340133770082139172884764291314030269990598666965984,0.22,0.37,0.295,0.15,23.42,205.07,207.07,171.2,171.2,171.2,14,17,
2026-08-02 04:44:42,720804,2985838,Game 1: Both Teams Destroy Inhibitors?,prop,1,2026-08-02 08:00:00,195.3,Yes,71475961584450706233230360574834962522669953698100028735480553421773518962446,0.06,0.2,0.13,0.14,1.45,6.36,11.16,73.49,73.49,73.49,5,19,
2026-08-02 04:44:42,720804,2985838,Game 1: Both Teams Destroy Inhibitors?,prop,1,2026-08-02 08:00:00,195.3,No,96176116817715510739061517798906786856670574020691174289854703473183525042907,0.8,0.94,0.87,0.14,293.96,293.96,293.96,22.75,177.88,641.23,19,5,
2026-08-02 04:44:42,720804,2985839,Game 1: Any Player Quadra Kill?,prop,1,2026-08-02 08:00:00,195.3,Yes,16493390525368333199018739796614614378465922969488141913346132696092540481996,0.07,0.5,0.285,0.43,283.36,283.36,299.12,283.36,283.36,283.36,4,15,
2026-08-02 04:44:42,720804,2985839,Game 1: Any Player Quadra Kill?,prop,1,2026-08-02 08:00:00,195.3,No,56347653585494781062554189637614748771006399122103141423346716304631011312144,0.5,0.93,0.715,0.43,283.36,283.36,283.36,3764.64,3764.64,4503.62,15,4,
2026-08-02 04:44:42,720804,2985840,Game 1: Any Player Penta Kill?,prop,1,2026-08-02 08:00:00,195.3,Yes,49668406403014705401245867535537092853662595481221175539691493508867265252416,0.02,0.49,0.255,0.47,283.96,283.96,283.96,302.47,302.47,302.47,2,17,
2026-08-02 04:44:42,720804,2985840,Game 1: Any Player Penta Kill?,prop,1,2026-08-02 08:00:00,195.3,No,392322018462975303761146965828888407897620802810361622816977224642104664346,0.51,0.98,0.745,0.47,303.25,303.25,303.25,28087.04,28087.04,28087.04,17,2,
2026-08-02 04:44:42,720804,2985841,Game 1: Odd/Even Total Kills?,odd_even,1,2026-08-02 08:00:00,195.3,Odd,64592549155132161597723277379753760434816316220798779424330799858113165111831,0.49,0.51,0.5,0.02,127.39,149.37,433.99,133.65,159.46,507.32,18,18,
2026-08-02 04:44:42,720804,2985841,Game 1: Odd/Even Total Kills?,odd_even,1,2026-08-02 08:00:00,195.3,Even,22354129330778337787211517449131111296157517049169544234741909359794225096802,0.49,0.51,0.5,0.02,127.39,149.37,433.99,133.65,159.46,507.32,18,18,
2026-08-02 04:44:42,720804,2985842,Game 2: Both Teams Slay Baron Nashor?,prop,2,2026-08-02 08:00:00,195.3,Yes,57194722881652722287778928856899256552760339229401704787654609080883199550511,0.07,0.26,0.165,0.19,119.67,122.05,138.0,103.33,103.33,103.33,6,15,
2026-08-02 04:44:42,720804,2985842,Game 2: Both Teams Slay Baron Nashor?,prop,2,2026-08-02 08:00:00,195.3,No,59374135450969641428260528220646082053630355448275032123355014422228661214328,0.74,0.93,0.835,0.19,294.1,294.1,294.1,1589.88,1645.09,2381.77,15,6,
2026-08-02 04:44:42,720804,2985843,Game 2: Both Teams Slay a Dragon?,prop,2,2026-08-02 08:00:00,195.3,Yes,16761207663700929763930895000870044109436239314614467819259826218322025602414,0.63,0.78,0.705,0.15,291.51,291.51,291.51,87.58,814.18,823.94,16,14,
2026-08-02 04:44:42,720804,2985843,Game 2: Both Teams Slay a Dragon?,prop,2,2026-08-02 08:00:00,195.3,No,91053011289502335373332454164570546553687856896383620203832129814970866007559,0.22,0.37,0.295,0.15,23.42,205.07,207.07,171.2,171.2,171.2,14,16,
2026-08-02 04:44:42,720804,2985844,Game 2: Both Teams Destroy Inhibitors?,prop,2,2026-08-02 08:00:00,195.3,Yes,72080657131222492875722184018671784613358675618683575643423920669409123373805,0.06,0.2,0.13,0.14,1.45,6.36,11.18,73.49,73.49,73.49,5,18,
2026-08-02 04:44:42,720804,2985844,Game 2: Both Teams Destroy Inhibitors?,prop,2,2026-08-02 08:00:00,195.3,No,76575595827436686508796323618238841350839192478819249193882303206472590522650,0.8,0.94,0.87,0.14,293.96,293.96,293.96,22.75,177.88,643.21,18,5,
2026-08-02 04:44:42,720804,2985845,Game 2: Any Player Quadra Kill?,prop,2,2026-08-02 08:00:00,195.3,Yes,76246363645423051975364496046855254236794026710696233410148462217483517468912,0.07,0.5,0.285,0.43,283.36,283.36,299.12,283.36,283.36,283.36,4,16,
2026-08-02 04:44:42,720804,2985845,Game 2: Any Player Quadra Kill?,prop,2,2026-08-02 08:00:00,195.3,No,82952967493967711298009068236655995385276954244991565434629591429951419785253,0.5,0.93,0.715,0.43,283.36,283.36,283.36,3764.64,3764.64,4503.62,16,4,
2026-08-02 04:44:42,720804,2985846,Game 2: Any Player Penta Kill?,prop,2,2026-08-02 08:00:00,195.3,Yes,32202589203000764524594958432996792352023689136584650862389425963534626513896,0.02,0.47,0.245,0.45,283.96,283.96,283.96,21.08,304.44,304.44,2,17,
2026-08-02 04:44:42,720804,2985846,Game 2: Any Player Penta Kill?,prop,2,2026-08-02 08:00:00,195.3,No,41247326107088233542428794448520019157752700819922175251278359525383173138072,0.53,0.98,0.755,0.45,23.62,306.98,306.98,28087.04,28087.04,28087.04,17,2,
2026-08-02 04:44:42,720804,2985847,Game 2: Odd/Even Total Kills?,odd_even,2,2026-08-02 08:00:00,195.3,Odd,14101125707317252499556366876532811859229089743435541998693959506889109440513,0.49,0.51,0.5,0.02,127.39,149.37,433.99,133.65,159.46,507.32,18,18,
2026-08-02 04:44:42,720804,2985847,Game 2: Odd/Even Total Kills?,odd_even,2,2026-08-02 08:00:00,195.3,Even,112433670667782516872456707749946291262697470726766165959272619193571438860014,0.49,0.51,0.5,0.02,127.39,149.37,433.99,133.65,159.46,507.32,18,18,
2026-08-02 04:44:42,720804,2985848,Game 3: Both Teams Slay Baron Nashor?,prop,3,2026-08-02 08:00:00,195.3,Yes,104136964712435805736220279460301224337589608756593979191221375998315537578826,0.07,0.95,0.51,0.88,284.88,285.36,301.22,29.92,154.11,369.91,6,5,
2026-08-02 04:44:42,720804,2985848,Game 3: Both Teams Slay Baron Nashor?,prop,3,2026-08-02 08:00:00,195.3,No,58227032133651406364524656801923559562496425913687094624385449611629670118018,0.05,0.93,0.49,0.88,1.33,4.14,6.32,4459.48,4470.94,5207.01,5,6,
2026-08-02 04:44:42,720804,2985849,Game 3: Both Teams Slay a Dragon?,prop,3,2026-08-02 08:00:00,195.3,Yes,62359769166445215506801265907978402615199925175015226504522160105921437334234,0.05,0.78,0.415,0.73,1.29,4.24,6.52,1152.55,1152.55,1169.15,5,12,
2026-08-02 04:44:42,720804,2985849,Game 3: Both Teams Slay a Dragon?,prop,3,2026-08-02 08:00:00,195.3,No,83654870348198823667332595091134305392760162249370758365244315399177123554265,0.22,0.95,0.585,0.73,307.78,307.78,311.18,29.5,157.94,384.36,12,5,
2026-08-02 04:44:42,720804,2985850,Game 3: Both Teams Destroy Inhibitors?,prop,3,2026-08-02 08:00:00,195.3,Yes,15560581673514295406323370069329485324079403980988726489321483925152219020603,0.06,0.95,0.505,0.89,1.85,287.69,290.06,29.54,166.73,382.53,6,5,
2026-08-02 04:44:42,720804,2985850,Game 3: Both Teams Destroy Inhibitors?,prop,3,2026-08-02 08:00:00,195.3,No,35084658982496356177161118423351755624835829136464432164708520782096827818976,0.05,0.94,0.495,0.89,1.31,4.41,6.59,30.34,6911.17,7140.97,5,6,
2026-08-02 04:44:42,720804,2985851,Game 3: Any Player Quadra Kill?,prop,3,2026-08-02 08:00:00,195.3,Yes,75468224762988852590066020869645592387061629400786739342571011064205596141274,0.07,0.98,0.525,0.91,283.36,283.36,299.12,232.4,232.4,232.4,4,2,
2026-08-02 04:44:42,720804,2985851,Game 3: Any Player Quadra Kill?,prop,3,2026-08-02 08:00:00,195.3,No,74647852821951903964313502511589443983089513099015021935729078044895223408021,0.02,0.93,0.475,0.91,2.6,2.6,2.6,3764.64,3764.64,4503.62,2,4,
2026-08-02 04:44:42,720804,2985852,Game 3: Any Player Penta Kill?,prop,3,2026-08-02 08:00:00,195.3,Yes,107684476421773351543830332455122213678091807083550082965983665787711393740939,0.17,0.98,0.575,0.81,2.88,2.88,2.88,232.4,232.4,232.4,5,2,
2026-08-02 04:44:42,720804,2985852,Game 3: Any Player Penta Kill?,prop,3,2026-08-02 08:00:00,195.3,No,106156280359148725335259783092663119689979144099409849171363101956551129219138,0.02,0.83,0.425,0.81,2.6,2.6,2.6,14.82,14.82,14.82,2,5,
2026-08-02 04:44:42,720804,2985853,Game 3: Odd/Even Total Kills?,odd_even,3,2026-08-02 08:00:00,195.3,Odd,75183633087080408500425823268702677619156746674341626211978771280711642562797,0.49,0.51,0.5,0.02,127.39,149.37,433.99,133.65,159.46,507.32,18,18,
2026-08-02 04:44:42,720804,2985853,Game 3: Odd/Even Total Kills?,odd_even,3,2026-08-02 08:00:00,195.3,Even,28081118088313904661731832500271423416547915012124693594931517615532487909024,0.49,0.51,0.5,0.02,127.39,149.37,433.99,133.65,159.46,507.32,18,18,
2026-08-02 04:44:42,743170,3080856,LoL: ThunderTalk Gaming vs Team WE - Game 1 Winner,map,1,2026-08-02 07:00:00,135.3,ThunderTalk Gaming,72496135746065500247901246672311988779275411906571209759439852708611576071027,0.37,0.38,0.375,0.01,3334.53,7598.14,8992.43,2412.59,4353.04,8373.27,27,34,2908.770465
2026-08-02 04:44:42,743170,3080856,LoL: ThunderTalk Gaming vs Team WE - Game 1 Winner,map,1,2026-08-02 07:00:00,135.3,Team WE,86406897272144859430606590863571410444264660567962881318145059910183257772933,0.62,0.63,0.625,0.01,3795.74,6647.12,12040.73,5855.53,13990.58,16897.21,34,27,2908.770465
2026-08-02 04:44:42,743170,3080857,LoL: ThunderTalk Gaming vs Team WE - Game 2 Winner,map,2,2026-08-02 07:00:00,135.3,ThunderTalk Gaming,76752916551697359157851234269297016591012843522959969977805224055761398575042,0.37,0.38,0.375,0.01,2520.71,4220.99,5480.39,131.79,885.95,2682.67,26,27,467.63092900000004
2026-08-02 04:44:42,743170,3080857,LoL: ThunderTalk Gaming vs Team WE - Game 2 Winner,map,2,2026-08-02 07:00:00,135.3,Team WE,65010317623213437982030806655308793500445270659341039623165426683797274071506,0.62,0.63,0.625,0.01,208.58,1324.4,3742.45,4446.29,7673.07,10252.59,27,26,467.63092900000004
2026-08-02 04:44:42,743170,3080858,LoL: ThunderTalk Gaming vs Team WE (BO3) - LPL Group Ascend,series,,2026-08-02 07:00:00,135.3,ThunderTalk Gaming,102071153892246039627048034194967021680193759805083679061162745293075874048047,0.32,0.33,0.325,0.01,21674.59,33313.05,38333.34,9986.99,23880.11,25751.25,25,47,62383.888533000005
2026-08-02 04:44:42,743170,3080858,LoL: ThunderTalk Gaming vs Team WE (BO3) - LPL Group Ascend,series,,2026-08-02 07:00:00,135.3,Team WE,107302480629937459746801418935680895835862951318163699611993485492174680492656,0.67,0.68,0.675,0.01,19582.41,44928.4,48025.71,47571.13,75480.04,88802.02,47,25,62383.888533000005
2026-08-02 04:44:42,743170,3080859,Games Total: O/U 2.5,total_games,,2026-08-02 07:00:00,135.3,Over,107594494912723104964093717822186803561399283167752733293344196473822150830801,0.45,0.47,0.46,0.02,1417.33,6043.89,6337.65,11372.45,14579.65,15529.25,24,25,1008.9935880000002
2026-08-02 04:44:42,743170,3080859,Games Total: O/U 2.5,total_games,,2026-08-02 07:00:00,135.3,Under,13195949740986299733115750603639707489456064739889325747062719688400177484721,0.53,0.55,0.54,0.02,12342.01,15613.66,16524.06,1789.93,8002.97,8425.69,25,24,1008.9935880000002
2026-08-02 04:44:42,743170,3080860,Game Handicap: WE (-1.5) vs ThunderTalk Gaming (+1.5),handicap,,2026-08-02 07:00:00,135.3,Team WE,72898904332442991379697379372607989319613847572204270780556694513998511299687,0.4,0.41,0.405,0.01,6474.9,8387.6,8721.52,10146.66,20096.69,21897.9,31,34,13979.123114999999
2026-08-02 04:44:42,743170,3080860,Game Handicap: WE (-1.5) vs ThunderTalk Gaming (+1.5),handicap,,2026-08-02 07:00:00,135.3,ThunderTalk Gaming,50834236677980205127685734657806100902200221308325695417181113975675617751500,0.59,0.6,0.595,0.01,14246.04,27136.4,29319.33,10049.99,13216.62,13834.95,34,31,13979.123114999999
2026-08-02 04:44:42,743170,3080861,Game 1: Both Teams Slay Baron Nashor?,prop,1,2026-08-02 07:00:00,135.3,Yes,576199460582024193100725101261977861313235933865014426802032541129552297770,0.05,0.31,0.18,0.26,123.55,137.68,167.05,137.8,137.8,137.8,5,18,
2026-08-02 04:44:42,743170,3080861,Game 1: Both Teams Slay Baron Nashor?,prop,1,2026-08-02 07:00:00,135.3,No,39148998634785957714637765512152768766586838959238901897071669687131023587459,0.69,0.95,0.82,0.26,306.72,306.72,306.72,2349.83,3030.36,5938.57,18,5,
2026-08-02 04:44:42,743170,3080862,Game 1: Both Teams Slay a Dragon?,prop,1,2026-08-02 07:00:00,135.3,Yes,12798444312028531986523161040093625635680994958660481961288482187110266231846,0.51,0.78,0.645,0.27,132.09,132.09,132.09,54.3,62.3,62.3,18,17,6.405061
2026-08-02 04:44:42,743170,3080862,Game 1: Both Teams Slay a Dragon?,prop,1,2026-08-02 07:00:00,135.3,No,77088962572483445588626120910059447941522620776186008716249040366097850926880,0.22,0.49,0.355,0.27,14.6,16.6,16.6,127.25,127.25,127.25,17,18,6.405061
2026-08-02 04:44:42,743170,3080863,Game 1: Both Teams Destroy Inhibitors?,prop,1,2026-08-02 07:00:00,135.3,Yes,23431616529800285954157853389995618720561419057686883100386442761747625637104,0.04,0.25,0.145,0.21,1.08,5.54,5.54,102.24,102.24,102.24,4,18,
2026-08-02 04:44:42,743170,3080863,Game 1: Both Teams Destroy Inhibitors?,prop,1,2026-08-02 07:00:00,135.3,No,66554463746156474753360063073089192961440136242626809840747100770144773363381,0.75,0.96,0.855,0.21,306.72,306.72,306.72,31.98,360.62,360.62,18,4,
2026-08-02 04:44:42,743170,3080864,Game 1: Any Player Quadra Kill?,prop,1,2026-08-02 07:00:00,135.3,Yes,22455107191123144705981038449625131671221453070883782041240941374293880968288,0.07,0.5,0.285,0.43,283.36,283.36,299.12,283.36,283.36,283.36,4,15,
2026-08-02 04:44:42,743170,3080864,Game 1: Any Player Quadra Kill?,prop,1,2026-08-02 07:00:00,135.3,No,57661462033981889980416103903558356629279739546061415204700512894530729898269,0.5,0.93,0.715,0.43,283.36,283.36,283.36,3764.64,3764.64,4503.62,15,4,
2026-08-02 04:44:42,743170,3080865,Game 1: Any Player Penta Kill?,prop,1,2026-08-02 07:00:00,135.3,Yes,38163109940135782122194759258784261278998733099801323596701954770736607626752,0.02,0.47,0.245,0.45,283.96,283.96,283.96,40.71,324.07,324.07,2,16,
2026-08-02 04:44:42,743170,3080865,Game 1: Any Player Penta Kill?,prop,1,2026-08-02 07:00:00,135.3,No,18263507673053474198234050929721878908174235128213603833935283248455845943858,0.53,0.98,0.755,0.45,44.9,328.26,328.26,28087.04,28087.04,28087.04,16,2,
2026-08-02 04:44:42,743170,3080866,Game 1: Odd/Even Total Kills?,odd_even,1,2026-08-02 07:00:00,135.3,Odd,85798990390253236886572130022554634660940011863431591207755224338342575313983,0.49,0.51,0.5,0.02,167.61,275.39,653.22,163.59,258.66,675.83,22,22,
2026-08-02 04:44:42,743170,3080866,Game 1: Odd/Even Total Kills?,odd_even,1,2026-08-02 07:00:00,135.3,Even,47936515113103876354401977929271863637215537317870382878338698939378687308220,0.49,0.51,0.5,0.02,155.03,236.96,578.27,177.22,301.44,765.09,22,22,
2026-08-02 04:44:42,743170,3080867,Game 2: Both Teams Slay Baron Nashor?,prop,2,2026-08-02 07:00:00,135.3,Yes,60281269953928099872331843176728418985547710930507954182708820022609808669897,0.06,0.31,0.185,0.25,125.44,128.17,167.84,137.8,137.8,137.8,6,17,
2026-08-02 04:44:42,743170,3080867,Game 2: Both Teams Slay Baron Nashor?,prop,2,2026-08-02 07:00:00,135.3,No,54226307805103642247368181146777059036318134178988043479524344500872140305962,0.69,0.94,0.815,0.25,306.72,306.72,306.72,1971.97,2054.16,5405.05,17,6,
2026-08-02 04:44:42,743170,3080868,Game 2: Both Teams Slay a Dragon?,prop,2,2026-08-02 07:00:00,135.3,Yes,29739434282903929326119644557308650803403459184094521455401480492552851758792,0.5,0.79,0.645,0.29,8.5,8.5,8.5,31.98,31.98,47.85,21,15,6.405061
2026-08-02 04:44:42,743170,3080868,Game 2: Both Teams Slay a Dragon?,prop,2,2026-08-02 07:00:00,135.3,No,115189779164715499661096663266273794100452504398581109422822509223165504997016,0.21,0.5,0.355,0.29,8.5,8.5,11.52,8.5,8.5,8.5,15,21,6.405061
2026-08-02 04:44:42,743170,3080869,Game 2: Both Teams Destroy Inhibitors?,prop,2,2026-08-02 07:00:00,135.3,Yes,88990911960391494970969025618777169053962523897236517506343545936592821417150,0.04,0.25,0.145,0.21,0.79,5.35,5.35,102.24,102.24,102.24,4,18,
2026-08-02 04:44:42,743170,3080869,Game 2: Both Teams Destroy Inhibitors?,prop,2,2026-08-02 07:00:00,135.3,No,10524318344677108875682344365087472988103237322063807998004848565189515778420,0.75,0.96,0.855,0.21,306.72,306.72,306.72,21.64,363.06,363.06,18,4,
2026-08-02 04:44:42,743170,3080870,Game 2: Any Player Quadra Kill?,prop,2,2026-08-02 07:00:00,135.3,Yes,60151038950673183831317840708733437193639535219371433492499517893097352170958,0.07,0.5,0.285,0.43,283.36,283.36,299.12,283.36,283.36,283.36,4,14,
2026-08-02 04:44:42,743170,3080870,Game 2: Any Player Quadra Kill?,prop,2,2026-08-02 07:00:00,135.3,No,96670306229134967862342679387306668871486431855351232811714354282383437049694,0.5,0.93,0.715,0.43,283.36,283.36,283.36,3764.64,3764.64,4503.62,14,4,
2026-08-02 04:44:42,743170,3080871,Game 2: Any Player Penta Kill?,prop,2,2026-08-02 07:00:00,135.3,Yes,85436915482113046069979555825963002631887797266173136356295138827309011750777,0.02,0.49,0.255,0.47,283.96,283.96,283.96,302.47,302.47,302.47,2,15,
2026-08-02 04:44:42,743170,3080871,Game 2: Any Player Penta Kill?,prop,2,2026-08-02 07:00:00,135.3,No,18077218119331989121746877984118590164679237634729750935595601490676077255075,0.51,0.98,0.745,0.47,303.25,303.25,303.25,28087.04,28087.04,28087.04,15,2,
2026-08-02 04:44:42,743170,3080872,Game 2: Odd/Even Total Kills?,odd_even,2,2026-08-02 07:00:00,135.3,Odd,34489811684252406008666584709129492333999413412636899041454268250718879985571,0.49,0.51,0.5,0.02,162.81,262.64,640.47,187.62,290.01,707.18,22,21,
2026-08-02 04:44:42,743170,3080872,Game 2: Odd/Even Total Kills?,odd_even,2,2026-08-02 07:00:00,135.3,Even,54240670553404029184267189483971374359932954287994832023836725546285071185760,0.49,0.51,0.5,0.02,177.21,264.82,606.13,172.02,288.19,751.84,21,22,
2026-08-02 04:44:42,743170,3080873,Game 3: Both Teams Slay Baron Nashor?,prop,3,2026-08-02 07:00:00,135.3,Yes,57811859513176873940762138997441201835014358696460679905995989548048354540264,0.07,0.95,0.51,0.88,283.78,284.53,299.98,18.84,132.38,358.14,6,5,
2026-08-02 04:44:42,743170,3080873,Game 3: Both Teams Slay Baron Nashor?,prop,3,2026-08-02 07:00:00,135.3,No,51295536053704709752778560732608776452578283468330820057353695324319173655698,0.05,0.93,0.49,0.88,0.86,3.26,5.54,4444.83,4462.82,5186.93,5,6,
2026-08-02 04:44:42,743170,3080874,Game 3: Both Teams Slay a Dragon?,prop,3,2026-08-02 07:00:00,135.3,Yes,58179717417989811646094036412121479543745227457593444191940365470656571742504,0.04,0.78,0.41,0.74,0.64,5.12,5.12,1143.97,1143.97,1160.57,4,14,
2026-08-02 04:44:42,743170,3080874,Game 3: Both Teams Slay a Dragon?,prop,3,2026-08-02 07:00:00,135.3,No,87343980035439006519000360405908787631260216234022290897341333211611511248508,0.22,0.96,0.59,0.74,305.36,305.36,308.76,16.54,350.57,350.57,14,4,
2026-08-02 04:44:42,743170,3080875,Game 3: Both Teams Destroy Inhibitors?,prop,3,2026-08-02 07:00:00,135.3,Yes,74678058446583988767533004421742293971027577469169916019811692511985126363708,0.05,0.95,0.5,0.9,283.75,286.6,288.9,18.84,130.33,351.63,5,5,
2026-08-02 04:44:42,743170,3080875,Game 3: Both Teams Destroy Inhibitors?,prop,3,2026-08-02 07:00:00,135.3,No,82798674080384483807860851761423273009124194055854717645716960582960189361391,0.05,0.95,0.5,0.9,0.86,3.22,5.45,6807.95,6936.77,7164.03,5,5,
2026-08-02 04:44:42,743170,3080876,Game 3: Any Player Quadra Kill?,prop,3,2026-08-02 07:00:00,135.3,Yes,58611970458737825773401922102759993341146813236760305689783843601007398487475,0.07,0.98,0.525,0.91,283.36,283.36,299.12,232.4,232.4,232.4,4,2,
2026-08-02 04:44:42,743170,3080876,Game 3: Any Player Quadra Kill?,prop,3,2026-08-02 07:00:00,135.3,No,74171810259521672240665790528210581675653866689973453247559598379119949082738,0.02,0.93,0.475,0.91,2.6,2.6,2.6,3764.64,3764.64,4503.62,2,4,
2026-08-02 04:44:42,743170,3080877,Game 3: Any Player Penta Kill?,prop,3,2026-08-02 07:00:00,135.3,Yes,97607285599517336378648008255312059463093287548866171938351083344468544698733,0.05,0.98,0.515,0.93,28.65,29.15,312.61,232.4,232.4,232.4,3,2,
2026-08-02 04:44:42,743170,3080877,Game 3: Any Player Penta Kill?,prop,3,2026-08-02 07:00:00,135.3,No,82175050981495448282087797319073848820595273522692792734078876229291900381358,0.02,0.95,0.485,0.93,2.6,2.6,2.6,544.35,568.85,28631.39,2,3,
2026-08-02 04:44:42,743170,3080878,Game 3: Odd/Even Total Kills?,odd_even,3,2026-08-02 07:00:00,135.3,Odd,113990004661101788122433090480026356333967410198432683291909606912670499759571,0.49,0.51,0.5,0.02,167.61,272.1,649.93,193.34,288.41,705.58,22,20,
2026-08-02 04:44:42,743170,3080878,Game 3: Odd/Even Total Kills?,odd_even,3,2026-08-02 07:00:00,135.3,Even,53396382081016235460482594245617775159364750738670615857179991954098728405392,0.49,0.51,0.5,0.02,182.49,264.42,605.73,177.22,297.73,761.38,20,22,
2026-08-02 04:44:42,743170,3247363,First Blood in Game 1?,first_blood,1,2026-08-02 07:00:00,135.3,ThunderTalk Gaming,37857650446906043848386849190232009781019679134557605636863633397679278721948,0.43,0.48,0.455,0.05,183.93,183.93,183.93,549.27,1459.77,1663.61,12,14,
2026-08-02 04:44:42,743170,3247363,First Blood in Game 1?,first_blood,1,2026-08-02 07:00:00,135.3,Team WE,104852352619923993034857752108294319586139334267455221962018021958633239346502,0.52,0.57,0.545,0.05,573.73,1484.23,1672.39,243.81,243.81,243.81,14,12,
2026-08-02 04:44:42,743170,3247364,First Blood in Game 2?,first_blood,2,2026-08-02 07:00:00,135.3,ThunderTalk Gaming,49805343744222079587811403498521461301652487360378428401792515699102072258747,0.44,0.48,0.46,0.04,230.13,230.13,230.13,548.29,1110.81,1314.65,12,14,16.833332
2026-08-02 04:44:42,743170,3247364,First Blood in Game 2?,first_blood,2,2026-08-02 07:00:00,135.3,Team WE,34975173646955613892802071928251257769371851774569031753455446770178410293492,0.52,0.56,0.54,0.04,572.71,1133.19,1321.35,302.61,302.61,302.61,14,12,16.833332
2026-08-02 04:44:42,743170,3247365,Total Kills Over/Under 30.5 in Game 1?,total_kills,1,2026-08-02 07:00:00,135.3,Over,20089612397959481715540428001947492272136532425413320288741789644696953347047,0.49,0.51,0.5,0.02,472.53,859.77,859.77,537.71,1090.67,1569.54,13,14,174.584356
2026-08-02 04:44:42,743170,3247365,Total Kills Over/Under 30.5 in Game 1?,total_kills,1,2026-08-02 07:00:00,135.3,Under,48583361312674351102955994336714978409432370604740795969667004880847883586088,0.49,0.51,0.5,0.02,514.67,985.71,1377.5,510.86,965.46,965.46,14,13,174.584356
2026-08-02 04:44:42,743170,3247366,Total Kills Over/Under 30.5 in Game 2?,total_kills,2,2026-08-02 07:00:00,135.3,Over,102341512262568194433893674327876736367357950404093760308808076682839535952801,0.49,0.51,0.5,0.02,516.02,901.37,901.37,77.5,843.52,843.52,13,14,17.962263
2026-08-02 04:44:42,743170,3247366,Total Kills Over/Under 30.5 in Game 2?,total_kills,2,2026-08-02 07:00:00,135.3,Under,81591286331832699111309387511420548545728045115256401081280741169608168963352,0.49,0.51,0.5,0.02,72.5,744.33,744.33,557.98,1010.35,1010.35,14,13,17.962263
2026-08-02 04:50:23,720804,2985831,LoL: DN SOOPers vs HANJIN BRION - Game 1 Winner,map,1,2026-08-02 08:00:00,189.6,DN SOOPers,42936850482651914409277495257882545988254142261829548050889622816919312279771,0.35,0.36,0.355,0.01,4795.86,7438.74,9264.13,3053.58,6804.49,6939.98,28,28,1265.39052
2026-08-02 04:50:23,720804,2985831,LoL: DN SOOPers vs HANJIN BRION - Game 1 Winner,map,1,2026-08-02 08:00:00,189.6,HANJIN BRION,72300873521014331315996822988962847480647045255728209596012804322177150285029,0.64,0.65,0.645,0.01,5218.13,11284.5,11487.74,9182.42,14557.54,18767.57,28,28,1265.39052
2026-08-02 04:50:23,720804,2985832,LoL: DN SOOPers vs HANJIN BRION - Game 2 Winner,map,2,2026-08-02 08:00:00,189.6,DN SOOPers,6293002078450018823745497893356590572289968249157219729289882040976874389242,0.33,0.34,0.335,0.01,2055.55,3745.66,4473.75,1156.24,1923.43,4191.48,27,41,12827.572985
2026-08-02 04:50:23,720804,2985832,LoL: DN SOOPers vs HANJIN BRION - Game 2 Winner,map,2,2026-08-02 08:00:00,189.6,HANJIN BRION,51651805320304444180996920139489385195635313821107581113327476476510601730075,0.66,0.67,0.665,0.01,2238.2,3565.03,7262.61,4179.01,8070.06,9894.41,41,27,12827.572985
2026-08-02 04:50:23,720804,2985833,LoL: DN SOOPers vs HANJIN BRION (BO3) - LCK Round 3-4 Rise Group,series,,2026-08-02 08:00:00,189.6,DN SOOPers,83920944565793264579009568668732470958333402189187686836848086059640655328512,0.29,0.3,0.295,0.01,41337.46,51426.01,55585.84,20262.2,25061.55,25973.03,25,63,121714.54071999996
2026-08-02 04:50:23,720804,2985833,LoL: DN SOOPers vs HANJIN BRION (BO3) - LCK Round 3-4 Rise Group,series,,2026-08-02 08:00:00,189.6,HANJIN BRION,90142340307548158680285244846463054791996473929800648630886781972830446829292,0.7,0.71,0.705,0.01,46518.34,56514.97,58225.0,104851.22,132335.63,145506.13,63,25,121714.54071999996
2026-08-02 04:50:23,720804,2985834,Games Total: O/U 2.5,total_games,,2026-08-02 08:00:00,189.6,Over,115763001589981841934227916705643778300336986478747747006478743351017049320215,0.43,0.44,0.435,0.01,812.47,2273.06,2627.83,179.66,10808.9,11442.53,25,25,266.560395
2026-08-02 04:50:23,720804,2985834,Games Total: O/U 2.5,total_games,,2026-08-02 08:00:00,189.6,Under,91801222121802541444761121490344327534075944391096953237840309703647468371038,0.56,0.57,0.565,0.01,227.14,12236.58,12912.31,1117.88,3233.83,3788.72,25,25,266.560395
2026-08-02 04:50:23,720804,2985835,Game Handicap: BRO (-1.5) vs DN SOOPers (+1.5),handicap,,2026-08-02 08:00:00,189.6,HANJIN BRION,2478818261239720677086675483799167438612949482205213347168593674700102622629,0.43,0.44,0.435,0.01,2721.89,5725.33,10505.33,27923.43,48859.07,54460.68,31,30,46184.888004
2026-08-02 04:50:23,720804,2985835,Game Handicap: BRO (-1.5) vs DN SOOPers (+1.5),handicap,,2026-08-02 08:00:00,189.6,DN SOOPers,94834555477028424709848351439230010185388394524770172258089704477087868641163,0.56,0.57,0.565,0.01,34360.88,58457.76,64288.67,3733.04,8062.01,15782.01,30,31,46184.888004
2026-08-02 04:50:23,720804,2985836,Game 1: Both Teams Slay Baron Nashor?,prop,1,2026-08-02 08:00:00,189.6,Yes,44915640594729569087625676620306222412980590579084678991395292033371931560827,0.07,0.26,0.165,0.19,119.67,122.05,138.0,103.33,103.33,103.33,6,16,
2026-08-02 04:50:23,720804,2985836,Game 1: Both Teams Slay Baron Nashor?,prop,1,2026-08-02 08:00:00,189.6,No,37113967443673178032629187181708940461213139311985080295449837338299072323374,0.74,0.93,0.835,0.19,294.1,294.1,294.1,1589.88,1645.09,2381.77,16,6,
2026-08-02 04:50:23,720804,2985837,Game 1: Both Teams Slay a Dragon?,prop,1,2026-08-02 08:00:00,189.6,Yes,81561078706992361174610681826983342457210813688240521193883827615449787089945,0.63,0.78,0.705,0.15,291.51,291.51,291.51,87.58,814.18,823.94,17,14,
2026-08-02 04:50:23,720804,2985837,Game 1: Both Teams Slay a Dragon?,prop,1,2026-08-02 08:00:00,189.6,No,9907281152142873042160819340133770082139172884764291314030269990598666965984,0.22,0.37,0.295,0.15,23.42,205.07,207.07,171.2,171.2,171.2,14,17,
2026-08-02 04:50:23,720804,2985838,Game 1: Both Teams Destroy Inhibitors?,prop,1,2026-08-02 08:00:00,189.6,Yes,71475961584450706233230360574834962522669953698100028735480553421773518962446,0.06,0.2,0.13,0.14,1.45,6.36,11.16,73.49,73.49,73.49,5,19,
2026-08-02 04:50:23,720804,2985838,Game 1: Both Teams Destroy Inhibitors?,prop,1,2026-08-02 08:00:00,189.6,No,96176116817715510739061517798906786856670574020691174289854703473183525042907,0.8,0.94,0.87,0.14,293.96,293.96,293.96,22.75,177.88,641.23,19,5,
2026-08-02 04:50:23,720804,2985839,Game 1: Any Player Quadra Kill?,prop,1,2026-08-02 08:00:00,189.6,Yes,16493390525368333199018739796614614378465922969488141913346132696092540481996,0.07,0.5,0.285,0.43,283.36,283.36,299.12,283.36,283.36,283.36,4,15,
2026-08-02 04:50:23,720804,2985839,Game 1: Any Player Quadra Kill?,prop,1,2026-08-02 08:00:00,189.6,No,56347653585494781062554189637614748771006399122103141423346716304631011312144,0.5,0.93,0.715,0.43,283.36,283.36,283.36,3764.64,3764.64,4503.62,15,4,
2026-08-02 04:50:23,720804,2985840,Game 1: Any Player Penta Kill?,prop,1,2026-08-02 08:00:00,189.6,Yes,49668406403014705401245867535537092853662595481221175539691493508867265252416,0.02,0.49,0.255,0.47,283.96,283.96,283.96,302.47,302.47,302.47,2,17,
2026-08-02 04:50:23,720804,2985840,Game 1: Any Player Penta Kill?,prop,1,2026-08-02 08:00:00,189.6,No,392322018462975303761146965828888407897620802810361622816977224642104664346,0.51,0.98,0.745,0.47,303.25,303.25,303.25,28087.04,28087.04,28087.04,17,2,
2026-08-02 04:50:23,720804,2985841,Game 1: Odd/Even Total Kills?,odd_even,1,2026-08-02 08:00:00,189.6,Odd,64592549155132161597723277379753760434816316220798779424330799858113165111831,0.49,0.51,0.5,0.02,127.39,149.37,433.99,133.65,159.46,507.32,18,18,
2026-08-02 04:50:23,720804,2985841,Game 1: Odd/Even Total Kills?,odd_even,1,2026-08-02 08:00:00,189.6,Even,22354129330778337787211517449131111296157517049169544234741909359794225096802,0.49,0.51,0.5,0.02,127.39,149.37,433.99,133.65,159.46,507.32,18,18,
2026-08-02 04:50:23,720804,2985842,Game 2: Both Teams Slay Baron Nashor?,prop,2,2026-08-02 08:00:00,189.6,Yes,57194722881652722287778928856899256552760339229401704787654609080883199550511,0.07,0.26,0.165,0.19,119.67,122.05,138.0,103.33,103.33,103.33,6,15,
2026-08-02 04:50:23,720804,2985842,Game 2: Both Teams Slay Baron Nashor?,prop,2,2026-08-02 08:00:00,189.6,No,59374135450969641428260528220646082053630355448275032123355014422228661214328,0.74,0.93,0.835,0.19,294.1,294.1,294.1,1589.88,1645.09,2381.77,15,6,
2026-08-02 04:50:23,720804,2985843,Game 2: Both Teams Slay a Dragon?,prop,2,2026-08-02 08:00:00,189.6,Yes,16761207663700929763930895000870044109436239314614467819259826218322025602414,0.63,0.78,0.705,0.15,291.51,291.51,291.51,87.58,814.18,823.94,16,14,
2026-08-02 04:50:23,720804,2985843,Game 2: Both Teams Slay a Dragon?,prop,2,2026-08-02 08:00:00,189.6,No,91053011289502335373332454164570546553687856896383620203832129814970866007559,0.22,0.37,0.295,0.15,23.42,205.07,207.07,171.2,171.2,171.2,14,16,
2026-08-02 04:50:23,720804,2985844,Game 2: Both Teams Destroy Inhibitors?,prop,2,2026-08-02 08:00:00,189.6,Yes,72080657131222492875722184018671784613358675618683575643423920669409123373805,0.06,0.2,0.13,0.14,1.45,6.36,11.18,73.49,73.49,73.49,5,18,
2026-08-02 04:50:23,720804,2985844,Game 2: Both Teams Destroy Inhibitors?,prop,2,2026-08-02 08:00:00,189.6,No,76575595827436686508796323618238841350839192478819249193882303206472590522650,0.8,0.94,0.87,0.14,293.96,293.96,293.96,22.75,177.88,643.21,18,5,
2026-08-02 04:50:23,720804,2985845,Game 2: Any Player Quadra Kill?,prop,2,2026-08-02 08:00:00,189.6,Yes,76246363645423051975364496046855254236794026710696233410148462217483517468912,0.07,0.5,0.285,0.43,283.36,283.36,299.12,283.36,283.36,283.36,4,16,
2026-08-02 04:50:23,720804,2985845,Game 2: Any Player Quadra Kill?,prop,2,2026-08-02 08:00:00,189.6,No,82952967493967711298009068236655995385276954244991565434629591429951419785253,0.5,0.93,0.715,0.43,283.36,283.36,283.36,3764.64,3764.64,4503.62,16,4,
2026-08-02 04:50:23,720804,2985846,Game 2: Any Player Penta Kill?,prop,2,2026-08-02 08:00:00,189.6,Yes,32202589203000764524594958432996792352023689136584650862389425963534626513896,0.02,0.47,0.245,0.45,283.96,283.96,283.96,21.08,304.44,304.44,2,17,
2026-08-02 04:50:23,720804,2985846,Game 2: Any Player Penta Kill?,prop,2,2026-08-02 08:00:00,189.6,No,41247326107088233542428794448520019157752700819922175251278359525383173138072,0.53,0.98,0.755,0.45,23.62,306.98,306.98,28087.04,28087.04,28087.04,17,2,
2026-08-02 04:50:23,720804,2985847,Game 2: Odd/Even Total Kills?,odd_even,2,2026-08-02 08:00:00,189.6,Odd,14101125707317252499556366876532811859229089743435541998693959506889109440513,0.49,0.51,0.5,0.02,127.39,149.37,433.99,133.65,159.46,507.32,18,18,
2026-08-02 04:50:23,720804,2985847,Game 2: Odd/Even Total Kills?,odd_even,2,2026-08-02 08:00:00,189.6,Even,112433670667782516872456707749946291262697470726766165959272619193571438860014,0.49,0.51,0.5,0.02,127.39,149.37,433.99,133.65,159.46,507.32,18,18,
2026-08-02 04:50:23,720804,2985848,Game 3: Both Teams Slay Baron Nashor?,prop,3,2026-08-02 08:00:00,189.6,Yes,104136964712435805736220279460301224337589608756593979191221375998315537578826,0.07,0.95,0.51,0.88,284.88,285.36,301.22,29.92,154.11,369.91,6,5,
2026-08-02 04:50:23,720804,2985848,Game 3: Both Teams Slay Baron Nashor?,prop,3,2026-08-02 08:00:00,189.6,No,58227032133651406364524656801923559562496425913687094624385449611629670118018,0.05,0.93,0.49,0.88,1.33,4.14,6.32,4459.48,4470.94,5207.01,5,6,
2026-08-02 04:50:23,720804,2985849,Game 3: Both Teams Slay a Dragon?,prop,3,2026-08-02 08:00:00,189.6,Yes,62359769166445215506801265907978402615199925175015226504522160105921437334234,0.05,0.78,0.415,0.73,1.29,4.24,6.52,1152.55,1152.55,1169.15,5,12,
2026-08-02 04:50:23,720804,2985849,Game 3: Both Teams Slay a Dragon?,prop,3,2026-08-02 08:00:00,189.6,No,83654870348198823667332595091134305392760162249370758365244315399177123554265,0.22,0.95,0.585,0.73,307.78,307.78,311.18,29.5,157.94,384.36,12,5,
2026-08-02 04:50:23,720804,2985850,Game 3: Both Teams Destroy Inhibitors?,prop,3,2026-08-02 08:00:00,189.6,Yes,15560581673514295406323370069329485324079403980988726489321483925152219020603,0.06,0.95,0.505,0.89,1.85,287.69,290.06,29.54,166.73,382.53,6,5,
2026-08-02 04:50:23,720804,2985850,Game 3: Both Teams Destroy Inhibitors?,prop,3,2026-08-02 08:00:00,189.6,No,35084658982496356177161118423351755624835829136464432164708520782096827818976,0.05,0.94,0.495,0.89,1.31,4.41,6.59,30.34,6911.17,7140.97,5,6,
2026-08-02 04:50:23,720804,2985851,Game 3: Any Player Quadra Kill?,prop,3,2026-08-02 08:00:00,189.6,Yes,75468224762988852590066020869645592387061629400786739342571011064205596141274,0.07,0.98,0.525,0.91,283.36,283.36,299.12,232.4,232.4,232.4,4,2,
2026-08-02 04:50:23,720804,2985851,Game 3: Any Player Quadra Kill?,prop,3,2026-08-02 08:00:00,189.6,No,74647852821951903964313502511589443983089513099015021935729078044895223408021,0.02,0.93,0.475,0.91,2.6,2.6,2.6,3764.64,3764.64,4503.62,2,4,
2026-08-02 04:50:23,720804,2985852,Game 3: Any Player Penta Kill?,prop,3,2026-08-02 08:00:00,189.6,Yes,107684476421773351543830332455122213678091807083550082965983665787711393740939,0.17,0.98,0.575,0.81,2.88,2.88,2.88,232.4,232.4,232.4,5,2,
2026-08-02 04:50:23,720804,2985852,Game 3: Any Player Penta Kill?,prop,3,2026-08-02 08:00:00,189.6,No,106156280359148725335259783092663119689979144099409849171363101956551129219138,0.02,0.83,0.425,0.81,2.6,2.6,2.6,14.82,14.82,14.82,2,5,
2026-08-02 04:50:23,720804,2985853,Game 3: Odd/Even Total Kills?,odd_even,3,2026-08-02 08:00:00,189.6,Odd,75183633087080408500425823268702677619156746674341626211978771280711642562797,0.49,0.51,0.5,0.02,127.39,149.37,433.99,133.65,159.46,507.32,18,18,
2026-08-02 04:50:23,720804,2985853,Game 3: Odd/Even Total Kills?,odd_even,3,2026-08-02 08:00:00,189.6,Even,28081118088313904661731832500271423416547915012124693594931517615532487909024,0.49,0.51,0.5,0.02,127.39,149.37,433.99,133.65,159.46,507.32,18,18,
2026-08-02 04:50:23,743170,3080856,LoL: ThunderTalk Gaming vs Team WE - Game 1 Winner,map,1,2026-08-02 07:00:00,129.6,ThunderTalk Gaming,72496135746065500247901246672311988779275411906571209759439852708611576071027,0.37,0.38,0.375,0.01,3332.68,7370.04,8750.14,2407.95,4202.84,8223.07,28,36,2908.770465
2026-08-02 04:50:23,743170,3080856,LoL: ThunderTalk Gaming vs Team WE - Game 1 Winner,map,1,2026-08-02 07:00:00,129.6,Team WE,86406897272144859430606590863571410444264660567962881318145059910183257772933,0.62,0.63,0.625,0.01,3788.17,6430.08,11823.69,5852.38,13550.45,16428.27,36,28,2908.770465
2026-08-02 04:50:23,743170,3080857,LoL: ThunderTalk Gaming vs Team WE - Game 2 Winner,map,2,2026-08-02 07:00:00,129.6,ThunderTalk Gaming,76752916551697359157851234269297016591012843522959969977805224055761398575042,0.37,0.38,0.375,0.01,2462.75,3894.03,5120.43,131.79,610.37,2322.09,25,28,467.63092900000004
2026-08-02 04:50:23,743170,3080857,LoL: ThunderTalk Gaming vs Team WE - Game 2 Winner,map,2,2026-08-02 07:00:00,129.6,Team WE,65010317623213437982030806655308793500445270659341039623165426683797274071506,0.62,0.63,0.625,0.01,208.58,922.0,3225.05,4343.25,7050.8,9563.32,28,25,467.63092900000004
2026-08-02 04:50:23,743170,3080858,LoL: ThunderTalk Gaming vs Team WE (BO3) - LPL Group Ascend,series,,2026-08-02 07:00:00,129.6,ThunderTalk Gaming,102071153892246039627048034194967021680193759805083679061162745293075874048047,0.32,0.33,0.325,0.01,22217.49,33802.95,38623.25,10447.02,23738.14,25572.28,25,44,62383.888533000005
2026-08-02 04:50:23,743170,3080858,LoL: ThunderTalk Gaming vs Team WE (BO3) - LPL Group Ascend,series,,2026-08-02 07:00:00,129.6,Team WE,107302480629937459746801418935680895835862951318163699611993485492174680492656,0.67,0.68,0.675,0.01,20520.29,44748.28,47782.59,48783.56,76565.47,89373.16,44,25,62383.888533000005
2026-08-02 04:50:23,743170,3080859,Games Total: O/U 2.5,total_games,,2026-08-02 07:00:00,129.6,Over,107594494912723104964093717822186803561399283167752733293344196473822150830801,0.46,0.47,0.465,0.01,1017.05,4808.97,6008.83,9709.78,14117.28,16546.26,25,26,1008.9935880000002
2026-08-02 04:50:23,743170,3080859,Games Total: O/U 2.5,total_games,,2026-08-02 07:00:00,129.6,Under,13195949740986299733115750603639707489456064739889325747062719688400177484721,0.53,0.54,0.535,0.01,10519.03,15036.38,17311.19,1239.21,6222.45,7896.48,26,25,1008.9935880000002
2026-08-02 04:50:23,743170,3080860,Game Handicap: WE (-1.5) vs ThunderTalk Gaming (+1.5),handicap,,2026-08-02 07:00:00,129.6,Team WE,72898904332442991379697379372607989319613847572204270780556694513998511299687,0.4,0.41,0.405,0.01,6415.9,8053.6,8387.52,10202.15,19914.31,21578.51,31,34,13979.123114999999
2026-08-02 04:50:23,743170,3080860,Game Handicap: WE (-1.5) vs ThunderTalk Gaming (+1.5),handicap,,2026-08-02 07:00:00,129.6,ThunderTalk Gaming,50834236677980205127685734657806100902200221308325695417181113975675617751500,0.59,0.6,0.595,0.01,14322.55,26899.91,28919.85,9958.99,12660.08,13278.41,34,31,13979.123114999999
2026-08-02 04:50:23,743170,3080861,Game 1: Both Teams Slay Baron Nashor?,prop,1,2026-08-02 07:00:00,129.6,Yes,576199460582024193100725101261977861313235933865014426802032541129552297770,0.05,0.31,0.18,0.26,123.55,137.68,167.05,137.8,137.8,137.8,5,18,
2026-08-02 04:50:23,743170,3080861,Game 1: Both Teams Slay Baron Nashor?,prop,1,2026-08-02 07:00:00,129.6,No,39148998634785957714637765512152768766586838959238901897071669687131023587459,0.69,0.95,0.82,0.26,306.72,306.72,306.72,2349.83,3030.36,5938.57,18,5,
2026-08-02 04:50:23,743170,3080862,Game 1: Both Teams Slay a Dragon?,prop,1,2026-08-02 07:00:00,129.6,Yes,12798444312028531986523161040093625635680994958660481961288482187110266231846,0.52,0.78,0.65,0.26,148.36,156.86,156.86,62.2,62.2,62.2,19,16,6.405061
2026-08-02 04:50:23,743170,3080862,Game 1: Both Teams Slay a Dragon?,prop,1,2026-08-02 07:00:00,129.6,No,77088962572483445588626120910059447941522620776186008716249040366097850926880,0.22,0.48,0.35,0.26,16.7,16.7,16.7,141.6,150.1,150.1,16,19,6.405061
2026-08-02 04:50:23,743170,3080863,Game 1: Both Teams Destroy Inhibitors?,prop,1,2026-08-02 07:00:00,129.6,Yes,23431616529800285954157853389995618720561419057686883100386442761747625637104,0.04,0.25,0.145,0.21,1.08,5.54,5.54,102.24,102.24,102.24,4,18,
2026-08-02 04:50:23,743170,3080863,Game 1: Both Teams Destroy Inhibitors?,prop,1,2026-08-02 07:00:00,129.6,No,66554463746156474753360063073089192961440136242626809840747100770144773363381,0.75,0.96,0.855,0.21,306.72,306.72,306.72,31.98,360.62,360.62,18,4,
2026-08-02 04:50:23,743170,3080864,Game 1: Any Player Quadra Kill?,prop,1,2026-08-02 07:00:00,129.6,Yes,22455107191123144705981038449625131671221453070883782041240941374293880968288,0.07,0.5,0.285,0.43,283.36,283.36,299.12,283.36,283.36,283.36,4,15,
2026-08-02 04:50:23,743170,3080864,Game 1: Any Player Quadra Kill?,prop,1,2026-08-02 07:00:00,129.6,No,57661462033981889980416103903558356629279739546061415204700512894530729898269,0.5,0.93,0.715,0.43,283.36,283.36,283.36,3764.64,3764.64,4503.62,15,4,
2026-08-02 04:50:23,743170,3080865,Game 1: Any Player Penta Kill?,prop,1,2026-08-02 07:00:00,129.6,Yes,38163109940135782122194759258784261278998733099801323596701954770736607626752,0.02,0.47,0.245,0.45,283.96,283.96,283.96,40.71,324.07,324.07,2,16,
2026-08-02 04:50:23,743170,3080865,Game 1: Any Player Penta Kill?,prop,1,2026-08-02 07:00:00,129.6,No,18263507673053474198234050929721878908174235128213603833935283248455845943858,0.53,0.98,0.755,0.45,44.9,328.26,328.26,28087.04,28087.04,28087.04,16,2,
2026-08-02 04:50:23,743170,3080866,Game 1: Odd/Even Total Kills?,odd_even,1,2026-08-02 07:00:00,129.6,Odd,85798990390253236886572130022554634660940011863431591207755224338342575313983,0.49,0.51,0.5,0.02,150.33,212.95,571.43,172.02,226.91,620.43,21,21,
2026-08-02 04:50:23,743170,3080866,Game 1: Odd/Even Total Kills?,odd_even,1,2026-08-02 07:00:00,129.6,Even,47936515113103876354401977929271863637215537317870382878338698939378687308220,0.49,0.51,0.5,0.02,162.81,209.92,531.88,158.5,230.88,670.88,21,21,
2026-08-02 04:50:23,743170,3080867,Game 2: Both Teams Slay Baron Nashor?,prop,2,2026-08-02 07:00:00,129.6,Yes,60281269953928099872331843176728418985547710930507954182708820022609808669897,0.06,0.31,0.185,0.25,125.44,128.17,167.84,137.8,137.8,137.8,6,17,
2026-08-02 04:50:23,743170,3080867,Game 2: Both Teams Slay Baron Nashor?,prop,2,2026-08-02 07:00:00,129.6,No,54226307805103642247368181146777059036318134178988043479524344500872140305962,0.69,0.94,0.815,0.25,306.72,306.72,306.72,1971.97,2054.16,5405.05,17,6,
2026-08-02 04:50:23,743170,3080868,Game 2: Both Teams Slay a Dragon?,prop,2,2026-08-02 07:00:00,129.6,Yes,29739434282903929326119644557308650803403459184094521455401480492552851758792,0.5,0.79,0.645,0.29,8.5,8.5,8.5,31.98,31.98,47.85,21,15,6.405061
2026-08-02 04:50:23,743170,3080868,Game 2: Both Teams Slay a Dragon?,prop,2,2026-08-02 07:00:00,129.6,No,115189779164715499661096663266273794100452504398581109422822509223165504997016,0.21,0.5,0.355,0.29,8.5,8.5,11.52,8.5,8.5,8.5,15,21,6.405061
2026-08-02 04:50:23,743170,3080869,Game 2: Both Teams Destroy Inhibitors?,prop,2,2026-08-02 07:00:00,129.6,Yes,88990911960391494970969025618777169053962523897236517506343545936592821417150,0.04,0.25,0.145,0.21,1.12,5.54,5.54,102.24,102.24,102.24,4,18,
2026-08-02 04:50:23,743170,3080869,Game 2: Both Teams Destroy Inhibitors?,prop,2,2026-08-02 07:00:00,129.6,No,10524318344677108875682344365087472988103237322063807998004848565189515778420,0.75,0.96,0.855,0.21,306.72,306.72,306.72,32.19,359.96,359.96,18,4,
2026-08-02 04:50:23,743170,3080870,Game 2: Any Player Quadra Kill?,prop,2,2026-08-02 07:00:00,129.6,Yes,60151038950673183831317840708733437193639535219371433492499517893097352170958,0.07,0.5,0.285,0.43,283.36,283.36,299.12,283.36,283.36,283.36,4,14,
2026-08-02 04:50:23,743170,3080870,Game 2: Any Player Quadra Kill?,prop,2,2026-08-02 07:00:00,129.6,No,96670306229134967862342679387306668871486431855351232811714354282383437049694,0.5,0.93,0.715,0.43,283.36,283.36,283.36,3764.64,3764.64,4503.62,14,4,
2026-08-02 04:50:23,743170,3080871,Game 2: Any Player Penta Kill?,prop,2,2026-08-02 07:00:00,129.6,Yes,85436915482113046069979555825963002631887797266173136356295138827309011750777,0.02,0.49,0.255,0.47,283.96,283.96,283.96,302.47,302.47,302.47,2,15,
2026-08-02 04:50:23,743170,3080871,Game 2: Any Player Penta Kill?,prop,2,2026-08-02 07:00:00,129.6,No,18077218119331989121746877984118590164679237634729750935595601490676077255075,0.51,0.98,0.745,0.47,303.25,303.25,303.25,28087.04,28087.04,28087.04,15,2,
2026-08-02 04:50:23,743170,3080872,Game 2: Odd/Even Total Kills?,odd_even,2,2026-08-02 07:00:00,129.6,Odd,34489811684252406008666584709129492333999413412636899041454268250718879985571,0.49,0.51,0.5,0.02,150.33,210.6,569.08,172.02,227.97,621.49,22,21,
2026-08-02 04:50:23,743170,3080872,Game 2: Odd/Even Total Kills?,odd_even,2,2026-08-02 07:00:00,129.6,Even,54240670553404029184267189483971374359932954287994832023836725546285071185760,0.49,0.51,0.5,0.02,162.81,210.86,532.82,158.5,228.23,668.23,21,22,
2026-08-02 04:50:23,743170,3080873,Game 3: Both Teams Slay Baron Nashor?,prop,3,2026-08-02 07:00:00,129.6,Yes,57811859513176873940762138997441201835014358696460679905995989548048354540264,0.07,0.95,0.51,0.88,283.78,284.53,299.98,18.84,132.38,358.14,6,5,
2026-08-02 04:50:23,743170,3080873,Game 3: Both Teams Slay Baron Nashor?,prop,3,2026-08-02 07:00:00,129.6,No,51295536053704709752778560732608776452578283468330820057353695324319173655698,0.05,0.93,0.49,0.88,0.86,3.26,5.54,4444.83,4462.82,5186.93,5,6,
2026-08-02 04:50:23,743170,3080874,Game 3: Both Teams Slay a Dragon?,prop,3,2026-08-02 07:00:00,129.6,Yes,58179717417989811646094036412121479543745227457593444191940365470656571742504,0.05,0.78,0.415,0.73,0.99,3.29,5.54,1143.97,1143.97,1160.57,5,14,
2026-08-02 04:50:23,743170,3080874,Game 3: Both Teams Slay a Dragon?,prop,3,2026-08-02 07:00:00,129.6,No,87343980035439006519000360405908787631260216234022290897341333211611511248508,0.22,0.95,0.585,0.73,305.36,305.36,308.76,21.27,131.36,353.8,14,5,
2026-08-02 04:50:23,743170,3080875,Game 3: Both Teams Destroy Inhibitors?,prop,3,2026-08-02 07:00:00,129.6,Yes,74678058446583988767533004421742293971027577469169916019811692511985126363708,0.05,0.95,0.5,0.9,283.75,286.6,288.9,18.84,130.33,351.63,5,5,
2026-08-02 04:50:23,743170,3080875,Game 3: Both Teams Destroy Inhibitors?,prop,3,2026-08-02 07:00:00,129.6,No,82798674080384483807860851761423273009124194055854717645716960582960189361391,0.05,0.95,0.5,0.9,0.86,3.22,5.45,6807.95,6936.77,7164.03,5,5,
2026-08-02 04:50:23,743170,3080876,Game 3: Any Player Quadra Kill?,prop,3,2026-08-02 07:00:00,129.6,Yes,58611970458737825773401922102759993341146813236760305689783843601007398487475,0.07,0.98,0.525,0.91,283.36,283.36,299.12,232.4,232.4,232.4,4,2,
2026-08-02 04:50:23,743170,3080876,Game 3: Any Player Quadra Kill?,prop,3,2026-08-02 07:00:00,129.6,No,74171810259521672240665790528210581675653866689973453247559598379119949082738,0.02,0.93,0.475,0.91,2.6,2.6,2.6,3764.64,3764.64,4503.62,2,4,
2026-08-02 04:50:23,743170,3080877,Game 3: Any Player Penta Kill?,prop,3,2026-08-02 07:00:00,129.6,Yes,97607285599517336378648008255312059463093287548866171938351083344468544698733,0.05,0.98,0.515,0.93,28.65,29.15,312.61,232.4,232.4,232.4,3,2,
2026-08-02 04:50:23,743170,3080877,Game 3: Any Player Penta Kill?,prop,3,2026-08-02 07:00:00,129.6,No,82175050981495448282087797319073848820595273522692792734078876229291900381358,0.02,0.95,0.485,0.93,2.6,2.6,2.6,544.35,568.85,28631.39,2,3,
2026-08-02 04:50:23,743170,3080878,Game 3: Odd/Even Total Kills?,odd_even,3,2026-08-02 07:00:00,129.6,Odd,113990004661101788122433090480026356333967410198432683291909606912670499759571,0.49,0.51,0.5,0.02,150.33,210.6,569.08,174.62,229.51,623.03,22,20,
2026-08-02 04:50:23,743170,3080878,Game 3: Odd/Even Total Kills?,odd_even,3,2026-08-02 07:00:00,129.6,Even,53396382081016235460482594245617775159364750738670615857179991954098728405392,0.49,0.51,0.5,0.02,165.21,212.32,534.28,158.5,228.23,668.23,20,22,
2026-08-02 04:50:23,743170,3247363,First Blood in Game 1?,first_blood,1,2026-08-02 07:00:00,129.6,ThunderTalk Gaming,37857650446906043848386849190232009781019679134557605636863633397679278721948,0.43,0.48,0.455,0.05,183.93,183.93,183.93,549.27,1459.77,1663.61,12,14,
2026-08-02 04:50:23,743170,3247363,First Blood in Game 1?,first_blood,1,2026-08-02 07:00:00,129.6,Team WE,104852352619923993034857752108294319586139334267455221962018021958633239346502,0.52,0.57,0.545,0.05,573.73,1484.23,1672.39,243.81,243.81,243.81,14,12,
2026-08-02 04:50:23,743170,3247364,First Blood in Game 2?,first_blood,2,2026-08-02 07:00:00,129.6,ThunderTalk Gaming,49805343744222079587811403498521461301652487360378428401792515699102072258747,0.44,0.48,0.46,0.04,230.13,230.13,230.13,548.29,1110.81,1314.65,12,14,16.833332
2026-08-02 04:50:23,743170,3247364,First Blood in Game 2?,first_blood,2,2026-08-02 07:00:00,129.6,Team WE,34975173646955613892802071928251257769371851774569031753455446770178410293492,0.52,0.56,0.54,0.04,572.71,1133.19,1321.35,302.61,302.61,302.61,14,12,16.833332
2026-08-02 04:50:23,743170,3247365,Total Kills Over/Under 30.5 in Game 1?,total_kills,1,2026-08-02 07:00:00,129.6,Over,20089612397959481715540428001947492272136532425413320288741789644696953347047,0.48,0.51,0.495,0.03,448.03,835.27,835.27,563.71,1116.67,1595.54,12,14,174.584356
2026-08-02 04:50:23,743170,3247365,Total Kills Over/Under 30.5 in Game 1?,total_kills,1,2026-08-02 07:00:00,129.6,Under,48583361312674351102955994336714978409432370604740795969667004880847883586088,0.49,0.52,0.505,0.03,538.67,1009.71,1401.5,485.36,939.96,939.96,14,12,174.584356
2026-08-02 04:50:23,743170,3247366,Total Kills Over/Under 30.5 in Game 2?,total_kills,2,2026-08-02 07:00:00,129.6,Over,102341512262568194433893674327876736367357950404093760308808076682839535952801,0.49,0.51,0.5,0.02,516.02,901.37,901.37,77.5,843.52,843.52,13,14,17.962263
2026-08-02 04:50:23,743170,3247366,Total Kills Over/Under 30.5 in Game 2?,total_kills,2,2026-08-02 07:00:00,129.6,Under,81591286331832699111309387511420548545728045115256401081280741169608168963352,0.49,0.51,0.5,0.02,72.5,744.33,744.33,557.98,1010.35,1010.35,14,13,17.962263
2026-08-02 04:56:03,720804,2985831,LoL: DN SOOPers vs HANJIN BRION - Game 1 Winner,map,1,2026-08-02 08:00:00,183.9,DN SOOPers,42936850482651914409277495257882545988254142261829548050889622816919312279771,0.35,0.36,0.355,0.01,4802.66,7438.94,9264.33,2845.6,6895.12,7030.61,28,28,1265.39052
2026-08-02 04:56:03,720804,2985831,LoL: DN SOOPers vs HANJIN BRION - Game 1 Winner,map,1,2026-08-02 08:00:00,183.9,HANJIN BRION,72300873521014331315996822988962847480647045255728209596012804322177150285029,0.64,0.65,0.645,0.01,4848.93,11381.21,11584.45,9195.62,14557.34,18767.37,28,28,1265.39052
2026-08-02 04:56:03,720804,2985832,LoL: DN SOOPers vs HANJIN BRION - Game 2 Winner,map,2,2026-08-02 08:00:00,183.9,DN SOOPers,6293002078450018823745497893356590572289968249157219729289882040976874389242,0.33,0.34,0.335,0.01,2055.55,3745.66,4473.75,1156.24,1923.43,4191.48,27,41,12827.572985
2026-08-02 04:56:03,720804,2985832,LoL: DN SOOPers vs HANJIN BRION - Game 2 Winner,map,2,2026-08-02 08:00:00,183.9,HANJIN BRION,51651805320304444180996920139489385195635313821107581113327476476510601730075,0.66,0.67,0.665,0.01,2238.2,3565.03,7262.61,4179.01,8070.06,9894.41,41,27,12827.572985
2026-08-02 04:56:03,720804,2985833,LoL: DN SOOPers vs HANJIN BRION (BO3) - LCK Round 3-4 Rise Group,series,,2026-08-02 08:00:00,183.9,DN SOOPers,83920944565793264579009568668732470958333402189187686836848086059640655328512,0.29,0.3,0.295,0.01,41329.41,51423.36,55583.19,20268.4,25061.35,26024.34,25,63,121714.54071999996
2026-08-02 04:56:03,720804,2985833,LoL: DN SOOPers vs HANJIN BRION (BO3) - LCK Round 3-4 Rise Group,series,,2026-08-02 08:00:00,183.9,HANJIN BRION,90142340307548158680285244846463054791996473929800648630886781972830446829292,0.7,0.71,0.705,0.01,46532.14,56515.17,58325.2,104830.81,132329.82,145466.99,63,25,121714.54071999996
2026-08-02 04:56:03,720804,2985834,Games Total: O/U 2.5,total_games,,2026-08-02 08:00:00,183.9,Over,115763001589981841934227916705643778300336986478747747006478743351017049320215,0.43,0.44,0.435,0.01,1020.99,2677.31,3818.22,948.18,12059.49,12712.53,27,25,266.560395
2026-08-02 04:56:03,720804,2985834,Games Total: O/U 2.5,total_games,,2026-08-02 08:00:00,183.9,Under,91801222121802541444761121490344327534075944391096953237840309703647468371038,0.56,0.57,0.565,0.01,1166.43,13735.8,14431.73,1392.01,3807.87,5645.41,24,27,266.560395
2026-08-02 04:56:03,720804,2985835,Game Handicap: BRO (-1.5) vs DN SOOPers (+1.5),handicap,,2026-08-02 08:00:00,183.9,HANJIN BRION,2478818261239720677086675483799167438612949482205213347168593674700102622629,0.43,0.44,0.435,0.01,2728.82,5932.25,10712.25,27996.03,48858.07,54459.68,31,30,46184.888004
2026-08-02 04:56:03,720804,2985835,Game Handicap: BRO (-1.5) vs DN SOOPers (+1.5),handicap,,2026-08-02 08:00:00,183.9,DN SOOPers,94834555477028424709848351439230010185388394524770172258089704477087868641163,0.56,0.57,0.565,0.01,34453.28,58463.76,64294.67,3742.21,8358.99,16078.99,30,31,46184.888004
2026-08-02 04:56:03,720804,2985836,Game 1: Both Teams Slay Baron Nashor?,prop,1,2026-08-02 08:00:00,183.9,Yes,44915640594729569087625676620306222412980590579084678991395292033371931560827,0.07,0.26,0.165,0.19,119.67,122.05,138.0,103.33,103.33,103.33,6,16,
2026-08-02 04:56:03,720804,2985836,Game 1: Both Teams Slay Baron Nashor?,prop,1,2026-08-02 08:00:00,183.9,No,37113967443673178032629187181708940461213139311985080295449837338299072323374,0.74,0.93,0.835,0.19,294.1,294.1,294.1,1589.88,1645.09,2381.77,16,6,
2026-08-02 04:56:03,720804,2985837,Game 1: Both Teams Slay a Dragon?,prop,1,2026-08-02 08:00:00,183.9,Yes,81561078706992361174610681826983342457210813688240521193883827615449787089945,0.63,0.78,0.705,0.15,291.51,291.51,291.51,87.58,814.18,823.94,17,14,
2026-08-02 04:56:03,720804,2985837,Game 1: Both Teams Slay a Dragon?,prop,1,2026-08-02 08:00:00,183.9,No,9907281152142873042160819340133770082139172884764291314030269990598666965984,0.22,0.37,0.295,0.15,23.42,205.07,207.07,171.2,171.2,171.2,14,17,
2026-08-02 04:56:03,720804,2985838,Game 1: Both Teams Destroy Inhibitors?,prop,1,2026-08-02 08:00:00,183.9,Yes,71475961584450706233230360574834962522669953698100028735480553421773518962446,0.06,0.2,0.13,0.14,1.45,6.36,8.7,73.49,73.49,73.49,5,19,
2026-08-02 04:56:03,720804,2985838,Game 1: Both Teams Destroy Inhibitors?,prop,1,2026-08-02 08:00:00,183.9,No,96176116817715510739061517798906786856670574020691174289854703473183525042907,0.8,0.94,0.87,0.14,293.96,293.96,293.96,22.75,177.88,397.69,19,5,
2026-08-02 04:56:03,720804,2985839,Game 1: Any Player Quadra Kill?,prop,1,2026-08-02 08:00:00,183.9,Yes,16493390525368333199018739796614614378465922969488141913346132696092540481996,0.07,0.5,0.285,0.43,283.36,283.36,299.12,283.36,283.36,283.36,4,15,
2026-08-02 04:56:03,720804,2985839,Game 1: Any Player Quadra Kill?,prop,1,2026-08-02 08:00:00,183.9,No,56347653585494781062554189637614748771006399122103141423346716304631011312144,0.5,0.93,0.715,0.43,283.36,283.36,283.36,3764.64,3764.64,4503.62,15,4,
2026-08-02 04:56:03,720804,2985840,Game 1: Any Player Penta Kill?,prop,1,2026-08-02 08:00:00,183.9,Yes,49668406403014705401245867535537092853662595481221175539691493508867265252416,0.02,0.49,0.255,0.47,283.96,283.96,283.96,302.47,302.47,302.47,2,17,
2026-08-02 04:56:03,720804,2985840,Game 1: Any Player Penta Kill?,prop,1,2026-08-02 08:00:00,183.9,No,392322018462975303761146965828888407897620802810361622816977224642104664346,0.51,0.98,0.745,0.47,303.25,303.25,303.25,28087.04,28087.04,28087.04,17,2,
2026-08-02 04:56:03,720804,2985841,Game 1: Odd/Even Total Kills?,odd_even,1,2026-08-02 08:00:00,183.9,Odd,64592549155132161597723277379753760434816316220798779424330799858113165111831,0.49,0.51,0.5,0.02,127.39,149.37,433.99,133.65,159.46,507.32,18,18,
2026-08-02 04:56:03,720804,2985841,Game 1: Odd/Even Total Kills?,odd_even,1,2026-08-02 08:00:00,183.9,Even,22354129330778337787211517449131111296157517049169544234741909359794225096802,0.49,0.51,0.5,0.02,127.39,149.37,433.99,133.65,159.46,507.32,18,18,
2026-08-02 04:56:03,720804,2985842,Game 2: Both Teams Slay Baron Nashor?,prop,2,2026-08-02 08:00:00,183.9,Yes,57194722881652722287778928856899256552760339229401704787654609080883199550511,0.07,0.26,0.165,0.19,119.67,122.05,138.0,103.33,103.33,103.33,6,15,
2026-08-02 04:56:03,720804,2985842,Game 2: Both Teams Slay Baron Nashor?,prop,2,2026-08-02 08:00:00,183.9,No,59374135450969641428260528220646082053630355448275032123355014422228661214328,0.74,0.93,0.835,0.19,294.1,294.1,294.1,1589.88,1645.09,2381.77,15,6,
2026-08-02 04:56:03,720804,2985843,Game 2: Both Teams Slay a Dragon?,prop,2,2026-08-02 08:00:00,183.9,Yes,16761207663700929763930895000870044109436239314614467819259826218322025602414,0.63,0.78,0.705,0.15,291.51,291.51,291.51,87.58,814.18,823.94,16,14,
2026-08-02 04:56:03,720804,2985843,Game 2: Both Teams Slay a Dragon?,prop,2,2026-08-02 08:00:00,183.9,No,91053011289502335373332454164570546553687856896383620203832129814970866007559,0.22,0.37,0.295,0.15,23.42,205.07,207.07,171.2,171.2,171.2,14,16,
2026-08-02 04:56:03,720804,2985844,Game 2: Both Teams Destroy Inhibitors?,prop,2,2026-08-02 08:00:00,183.9,Yes,72080657131222492875722184018671784613358675618683575643423920669409123373805,0.06,0.2,0.13,0.14,1.45,6.36,11.18,73.49,73.49,73.49,5,18,
2026-08-02 04:56:03,720804,2985844,Game 2: Both Teams Destroy Inhibitors?,prop,2,2026-08-02 08:00:00,183.9,No,76575595827436686508796323618238841350839192478819249193882303206472590522650,0.8,0.94,0.87,0.14,293.96,293.96,293.96,22.75,177.88,643.21,18,5,
2026-08-02 04:56:03,720804,2985845,Game 2: Any Player Quadra Kill?,prop,2,2026-08-02 08:00:00,183.9,Yes,76246363645423051975364496046855254236794026710696233410148462217483517468912,0.07,0.5,0.285,0.43,283.36,283.36,299.12,283.36,283.36,283.36,4,16,
2026-08-02 04:56:03,720804,2985845,Game 2: Any Player Quadra Kill?,prop,2,2026-08-02 08:00:00,183.9,No,82952967493967711298009068236655995385276954244991565434629591429951419785253,0.5,0.93,0.715,0.43,283.36,283.36,283.36,3764.64,3764.64,4503.62,16,4,
2026-08-02 04:56:03,720804,2985846,Game 2: Any Player Penta Kill?,prop,2,2026-08-02 08:00:00,183.9,Yes,32202589203000764524594958432996792352023689136584650862389425963534626513896,0.02,0.47,0.245,0.45,283.96,283.96,283.96,21.08,304.44,304.44,2,17,
2026-08-02 04:56:03,720804,2985846,Game 2: Any Player Penta Kill?,prop,2,2026-08-02 08:00:00,183.9,No,41247326107088233542428794448520019157752700819922175251278359525383173138072,0.53,0.98,0.755,0.45,23.62,306.98,306.98,28087.04,28087.04,28087.04,17,2,
2026-08-02 04:56:03,720804,2985847,Game 2: Odd/Even Total Kills?,odd_even,2,2026-08-02 08:00:00,183.9,Odd,14101125707317252499556366876532811859229089743435541998693959506889109440513,0.49,0.51,0.5,0.02,127.39,149.37,433.99,133.65,159.46,507.32,18,18,
2026-08-02 04:56:03,720804,2985847,Game 2: Odd/Even Total Kills?,odd_even,2,2026-08-02 08:00:00,183.9,Even,112433670667782516872456707749946291262697470726766165959272619193571438860014,0.49,0.51,0.5,0.02,127.39,149.37,433.99,133.65,159.46,507.32,18,18,
2026-08-02 04:56:03,720804,2985848,Game 3: Both Teams Slay Baron Nashor?,prop,3,2026-08-02 08:00:00,183.9,Yes,104136964712435805736220279460301224337589608756593979191221375998315537578826,0.07,0.95,0.51,0.88,284.88,285.36,301.22,29.92,154.11,369.91,6,5,
2026-08-02 04:56:03,720804,2985848,Game 3: Both Teams Slay Baron Nashor?,prop,3,2026-08-02 08:00:00,183.9,No,58227032133651406364524656801923559562496425913687094624385449611629670118018,0.05,0.93,0.49,0.88,1.33,4.14,6.32,4459.48,4470.94,5207.01,5,6,
2026-08-02 04:56:03,720804,2985849,Game 3: Both Teams Slay a Dragon?,prop,3,2026-08-02 08:00:00,183.9,Yes,62359769166445215506801265907978402615199925175015226504522160105921437334234,0.05,0.78,0.415,0.73,1.29,4.24,6.52,1152.55,1152.55,1169.15,5,12,
2026-08-02 04:56:03,720804,2985849,Game 3: Both Teams Slay a Dragon?,prop,3,2026-08-02 08:00:00,183.9,No,83654870348198823667332595091134305392760162249370758365244315399177123554265,0.22,0.95,0.585,0.73,307.78,307.78,311.18,29.5,157.94,384.36,12,5,
2026-08-02 04:56:03,720804,2985850,Game 3: Both Teams Destroy Inhibitors?,prop,3,2026-08-02 08:00:00,183.9,Yes,15560581673514295406323370069329485324079403980988726489321483925152219020603,0.06,0.95,0.505,0.89,1.85,287.69,290.06,29.54,166.73,382.53,6,5,
2026-08-02 04:56:03,720804,2985850,Game 3: Both Teams Destroy Inhibitors?,prop,3,2026-08-02 08:00:00,183.9,No,35084658982496356177161118423351755624835829136464432164708520782096827818976,0.05,0.94,0.495,0.89,1.31,4.41,6.59,30.34,6911.17,7140.97,5,6,
2026-08-02 04:56:03,720804,2985851,Game 3: Any Player Quadra Kill?,prop,3,2026-08-02 08:00:00,183.9,Yes,75468224762988852590066020869645592387061629400786739342571011064205596141274,0.07,0.98,0.525,0.91,283.36,283.36,299.12,232.4,232.4,232.4,4,2,
2026-08-02 04:56:03,720804,2985851,Game 3: Any Player Quadra Kill?,prop,3,2026-08-02 08:00:00,183.9,No,74647852821951903964313502511589443983089513099015021935729078044895223408021,0.02,0.93,0.475,0.91,2.6,2.6,2.6,3764.64,3764.64,4503.62,2,4,
2026-08-02 04:56:03,720804,2985852,Game 3: Any Player Penta Kill?,prop,3,2026-08-02 08:00:00,183.9,Yes,107684476421773351543830332455122213678091807083550082965983665787711393740939,0.17,0.98,0.575,0.81,2.88,2.88,2.88,232.4,232.4,232.4,5,2,
2026-08-02 04:56:03,720804,2985852,Game 3: Any Player Penta Kill?,prop,3,2026-08-02 08:00:00,183.9,No,106156280359148725335259783092663119689979144099409849171363101956551129219138,0.02,0.83,0.425,0.81,2.6,2.6,2.6,14.82,14.82,14.82,2,5,
2026-08-02 04:56:03,720804,2985853,Game 3: Odd/Even Total Kills?,odd_even,3,2026-08-02 08:00:00,183.9,Odd,75183633087080408500425823268702677619156746674341626211978771280711642562797,0.49,0.51,0.5,0.02,127.39,149.37,433.99,133.65,159.46,507.32,18,18,
2026-08-02 04:56:03,720804,2985853,Game 3: Odd/Even Total Kills?,odd_even,3,2026-08-02 08:00:00,183.9,Even,28081118088313904661731832500271423416547915012124693594931517615532487909024,0.49,0.51,0.5,0.02,127.39,149.37,433.99,133.65,159.46,507.32,18,18,
2026-08-02 04:56:03,743170,3080856,LoL: ThunderTalk Gaming vs Team WE - Game 1 Winner,map,1,2026-08-02 07:00:00,123.9,ThunderTalk Gaming,72496135746065500247901246672311988779275411906571209759439852708611576071027,0.37,0.38,0.375,0.01,3316.23,7560.59,8956.69,2389.46,4270.09,8290.31,29,34,2908.770465
2026-08-02 04:56:03,743170,3080856,LoL: ThunderTalk Gaming vs Team WE - Game 1 Winner,map,1,2026-08-02 07:00:00,123.9,Team WE,86406897272144859430606590863571410444264660567962881318145059910183257772933,0.62,0.63,0.625,0.01,3755.78,6520.58,11914.2,5823.83,13923.13,16834.95,34,29,2908.770465
2026-08-02 04:56:03,743170,3080857,LoL: ThunderTalk Gaming vs Team WE - Game 2 Winner,map,2,2026-08-02 07:00:00,123.9,ThunderTalk Gaming,76752916551697359157851234269297016591012843522959969977805224055761398575042,0.37,0.38,0.375,0.01,2462.75,4094.03,5336.93,127.89,745.45,2457.17,26,30,467.63092900000004
2026-08-02 04:56:03,743170,3080857,LoL: ThunderTalk Gaming vs Team WE - Game 2 Winner,map,2,2026-08-02 07:00:00,123.9,Team WE,65010317623213437982030806655308793500445270659341039623165426683797274071506,0.62,0.63,0.625,0.01,202.48,1115.9,3418.95,4343.25,7439.03,9985.05,30,26,467.63092900000004
2026-08-02 04:56:03,743170,3080858,LoL: ThunderTalk Gaming vs Team WE (BO3) - LPL Group Ascend,series,,2026-08-02 07:00:00,123.9,ThunderTalk Gaming,102071153892246039627048034194967021680193759805083679061162745293075874048047,0.32,0.33,0.325,0.01,26818.53,38405.48,43439.78,16177.04,29471.71,31305.85,27,44,62383.888533000005
2026-08-02 04:56:03,743170,3080858,LoL: ThunderTalk Gaming vs Team WE (BO3) - LPL Group Ascend,series,,2026-08-02 07:00:00,123.9,Team WE,107302480629937459746801418935680895835862951318163699611993485492174680492656,0.67,0.68,0.675,0.01,31678.11,55912.55,58946.86,59051.47,86836.89,100194.86,44,27,62383.888533000005
2026-08-02 04:56:03,743170,3080859,Games Total: O/U 2.5,total_games,,2026-08-02 07:00:00,123.9,Over,107594494912723104964093717822186803561399283167752733293344196473822150830801,0.46,0.47,0.465,0.01,1017.05,4890.59,6093.02,9661.78,13990.28,16578.38,26,30,1008.9935880000002
2026-08-02 04:56:03,743170,3080859,Games Total: O/U 2.5,total_games,,2026-08-02 07:00:00,123.9,Under,13195949740986299733115750603639707489456064739889325747062719688400177484721,0.53,0.54,0.535,0.01,10467.03,14907.38,17329.07,1239.21,6330.66,8002.12,30,26,1008.9935880000002
2026-08-02 04:56:03,743170,3080860,Game Handicap: WE (-1.5) vs ThunderTalk Gaming (+1.5),handicap,,2026-08-02 07:00:00,123.9,Team WE,72898904332442991379697379372607989319613847572204270780556694513998511299687,0.4,0.41,0.405,0.01,6443.7,8273.8,8607.72,10187.93,20059.56,21723.76,31,34,13979.123114999999
2026-08-02 04:56:03,743170,3080860,Game Handicap: WE (-1.5) vs ThunderTalk Gaming (+1.5),handicap,,2026-08-02 07:00:00,123.9,ThunderTalk Gaming,50834236677980205127685734657806100902200221308325695417181113975675617751500,0.59,0.6,0.595,0.01,14302.57,27091.33,29111.27,10001.19,13030.42,13648.75,34,31,13979.123114999999
2026-08-02 04:56:03,743170,3080861,Game 1: Both Teams Slay Baron Nashor?,prop,1,2026-08-02 07:00:00,123.9,Yes,576199460582024193100725101261977861313235933865014426802032541129552297770,0.05,0.31,0.18,0.26,123.55,137.68,167.05,137.8,137.8,137.8,5,18,
2026-08-02 04:56:03,743170,3080861,Game 1: Both Teams Slay Baron Nashor?,prop,1,2026-08-02 07:00:00,123.9,No,39148998634785957714637765512152768766586838959238901897071669687131023587459,0.69,0.95,0.82,0.26,306.72,306.72,306.72,2349.83,3030.36,5938.57,18,5,
2026-08-02 04:56:03,743170,3080862,Game 1: Both Teams Slay a Dragon?,prop,1,2026-08-02 07:00:00,123.9,Yes,12798444312028531986523161040093625635680994958660481961288482187110266231846,0.52,0.79,0.655,0.27,148.36,156.86,156.86,39.88,39.88,58.38,19,16,6.405061
2026-08-02 04:56:03,743170,3080862,Game 1: Both Teams Slay a Dragon?,prop,1,2026-08-02 07:00:00,123.9,No,77088962572483445588626120910059447941522620776186008716249040366097850926880,0.21,0.48,0.345,0.27,10.6,10.6,14.12,141.6,150.1,150.1,16,19,6.405061
2026-08-02 04:56:03,743170,3080863,Game 1: Both Teams Destroy Inhibitors?,prop,1,2026-08-02 07:00:00,123.9,Yes,23431616529800285954157853389995618720561419057686883100386442761747625637104,0.04,0.25,0.145,0.21,1.08,5.54,5.54,102.24,102.24,102.24,4,18,
2026-08-02 04:56:03,743170,3080863,Game 1: Both Teams Destroy Inhibitors?,prop,1,2026-08-02 07:00:00,123.9,No,66554463746156474753360063073089192961440136242626809840747100770144773363381,0.75,0.96,0.855,0.21,306.72,306.72,306.72,31.98,360.62,360.62,18,4,
2026-08-02 04:56:03,743170,3080864,Game 1: Any Player Quadra Kill?,prop,1,2026-08-02 07:00:00,123.9,Yes,22455107191123144705981038449625131671221453070883782041240941374293880968288,0.07,0.5,0.285,0.43,283.36,283.36,299.12,283.36,283.36,283.36,4,15,
2026-08-02 04:56:03,743170,3080864,Game 1: Any Player Quadra Kill?,prop,1,2026-08-02 07:00:00,123.9,No,57661462033981889980416103903558356629279739546061415204700512894530729898269,0.5,0.93,0.715,0.43,283.36,283.36,283.36,3764.64,3764.64,4503.62,15,4,
2026-08-02 04:56:03,743170,3080865,Game 1: Any Player Penta Kill?,prop,1,2026-08-02 07:00:00,123.9,Yes,38163109940135782122194759258784261278998733099801323596701954770736607626752,0.02,0.47,0.245,0.45,283.96,283.96,283.96,40.71,324.07,324.07,2,16,
2026-08-02 04:56:03,743170,3080865,Game 1: Any Player Penta Kill?,prop,1,2026-08-02 07:00:00,123.9,No,18263507673053474198234050929721878908174235128213603833935283248455845943858,0.53,0.98,0.755,0.45,44.9,328.26,328.26,28087.04,28087.04,28087.04,16,2,
2026-08-02 04:56:03,743170,3080866,Game 1: Odd/Even Total Kills?,odd_even,1,2026-08-02 07:00:00,123.9,Odd,85798990390253236886572130022554634660940011863431591207755224338342575313983,0.49,0.51,0.5,0.02,127.39,190.01,548.49,172.02,226.91,620.43,21,21,
2026-08-02 04:56:03,743170,3080866,Game 1: Odd/Even Total Kills?,odd_even,1,2026-08-02 07:00:00,123.9,Even,47936515113103876354401977929271863637215537317870382878338698939378687308220,0.49,0.51,0.5,0.02,162.81,209.92,531.88,133.65,206.03,646.03,21,21,
2026-08-02 04:56:03,743170,3080867,Game 2: Both Teams Slay Baron Nashor?,prop,2,2026-08-02 07:00:00,123.9,Yes,60281269953928099872331843176728418985547710930507954182708820022609808669897,0.06,0.31,0.185,0.25,125.44,128.17,167.84,137.8,137.8,137.8,6,17,
2026-08-02 04:56:03,743170,3080867,Game 2: Both Teams Slay Baron Nashor?,prop,2,2026-08-02 07:00:00,123.9,No,54226307805103642247368181146777059036318134178988043479524344500872140305962,0.69,0.94,0.815,0.25,306.72,306.72,306.72,1971.97,2054.16,5405.05,17,6,
2026-08-02 04:56:03,743170,3080868,Game 2: Both Teams Slay a Dragon?,prop,2,2026-08-02 07:00:00,123.9,Yes,29739434282903929326119644557308650803403459184094521455401480492552851758792,0.5,0.79,0.645,0.29,8.5,8.5,8.5,31.98,31.98,47.85,21,15,6.405061
2026-08-02 04:56:03,743170,3080868,Game 2: Both Teams Slay a Dragon?,prop,2,2026-08-02 07:00:00,123.9,No,115189779164715499661096663266273794100452504398581109422822509223165504997016,0.21,0.5,0.355,0.29,8.5,8.5,11.52,8.5,8.5,8.5,15,21,6.405061
2026-08-02 04:56:03,743170,3080869,Game 2: Both Teams Destroy Inhibitors?,prop,2,2026-08-02 07:00:00,123.9,Yes,88990911960391494970969025618777169053962523897236517506343545936592821417150,0.04,0.25,0.145,0.21,1.12,5.54,5.54,102.24,102.24,102.24,4,18,
2026-08-02 04:56:03,743170,3080869,Game 2: Both Teams Destroy Inhibitors?,prop,2,2026-08-02 07:00:00,123.9,No,10524318344677108875682344365087472988103237322063807998004848565189515778420,0.75,0.96,0.855,0.21,306.72,306.72,306.72,32.19,359.96,359.96,18,4,
2026-08-02 04:56:03,743170,3080870,Game 2: Any Player Quadra Kill?,prop,2,2026-08-02 07:00:00,123.9,Yes,60151038950673183831317840708733437193639535219371433492499517893097352170958,0.07,0.5,0.285,0.43,283.36,283.36,299.12,283.36,283.36,283.36,4,14,
2026-08-02 04:56:03,743170,3080870,Game 2: Any Player Quadra Kill?,prop,2,2026-08-02 07:00:00,123.9,No,96670306229134967862342679387306668871486431855351232811714354282383437049694,0.5,0.93,0.715,0.43,283.36,283.36,283.36,3764.64,3764.64,4503.62,14,4,
2026-08-02 04:56:03,743170,3080871,Game 2: Any Player Penta Kill?,prop,2,2026-08-02 07:00:00,123.9,Yes,85436915482113046069979555825963002631887797266173136356295138827309011750777,0.02,0.49,0.255,0.47,283.96,283.96,283.96,302.47,302.47,302.47,2,15,
2026-08-02 04:56:03,743170,3080871,Game 2: Any Player Penta Kill?,prop,2,2026-08-02 07:00:00,123.9,No,18077218119331989121746877984118590164679237634729750935595601490676077255075,0.51,0.98,0.745,0.47,303.25,303.25,303.25,28087.04,28087.04,28087.04,15,2,
2026-08-02 04:56:03,743170,3080872,Game 2: Odd/Even Total Kills?,odd_even,2,2026-08-02 07:00:00,123.9,Odd,34489811684252406008666584709129492333999413412636899041454268250718879985571,0.49,0.51,0.5,0.02,127.39,187.66,546.14,172.02,227.97,621.49,22,21,
2026-08-02 04:56:03,743170,3080872,Game 2: Odd/Even Total Kills?,odd_even,2,2026-08-02 07:00:00,123.9,Even,54240670553404029184267189483971374359932954287994832023836725546285071185760,0.49,0.51,0.5,0.02,162.81,210.86,532.82,133.65,203.38,643.38,21,22,
2026-08-02 04:56:03,743170,3080873,Game 3: Both Teams Slay Baron Nashor?,prop,3,2026-08-02 07:00:00,123.9,Yes,57811859513176873940762138997441201835014358696460679905995989548048354540264,0.07,0.95,0.51,0.88,283.78,284.53,299.98,18.84,132.38,358.14,6,5,
2026-08-02 04:56:03,743170,3080873,Game 3: Both Teams Slay Baron Nashor?,prop,3,2026-08-02 07:00:00,123.9,No,51295536053704709752778560732608776452578283468330820057353695324319173655698,0.05,0.93,0.49,0.88,0.86,3.26,5.54,4444.83,4462.82,5186.93,5,6,
2026-08-02 04:56:03,743170,3080874,Game 3: Both Teams Slay a Dragon?,prop,3,2026-08-02 07:00:00,123.9,Yes,58179717417989811646094036412121479543745227457593444191940365470656571742504,0.05,0.78,0.415,0.73,0.99,3.29,5.54,1143.97,1143.97,1160.57,5,14,
2026-08-02 04:56:03,743170,3080874,Game 3: Both Teams Slay a Dragon?,prop,3,2026-08-02 07:00:00,123.9,No,87343980035439006519000360405908787631260216234022290897341333211611511248508,0.22,0.95,0.585,0.73,305.36,305.36,308.76,21.27,131.36,353.8,14,5,
2026-08-02 04:56:03,743170,3080875,Game 3: Both Teams Destroy Inhibitors?,prop,3,2026-08-02 07:00:00,123.9,Yes,74678058446583988767533004421742293971027577469169916019811692511985126363708,0.05,0.95,0.5,0.9,283.75,286.6,288.9,18.84,130.33,351.63,5,5,
2026-08-02 04:56:03,743170,3080875,Game 3: Both Teams Destroy Inhibitors?,prop,3,2026-08-02 07:00:00,123.9,No,82798674080384483807860851761423273009124194055854717645716960582960189361391,0.05,0.95,0.5,0.9,0.86,3.22,5.45,6807.95,6936.77,7164.03,5,5,
2026-08-02 04:56:03,743170,3080876,Game 3: Any Player Quadra Kill?,prop,3,2026-08-02 07:00:00,123.9,Yes,58611970458737825773401922102759993341146813236760305689783843601007398487475,0.07,0.98,0.525,0.91,283.36,283.36,299.12,232.4,232.4,232.4,4,2,
2026-08-02 04:56:03,743170,3080876,Game 3: Any Player Quadra Kill?,prop,3,2026-08-02 07:00:00,123.9,No,74171810259521672240665790528210581675653866689973453247559598379119949082738,0.02,0.93,0.475,0.91,2.6,2.6,2.6,3764.64,3764.64,4503.62,2,4,
2026-08-02 04:56:03,743170,3080877,Game 3: Any Player Penta Kill?,prop,3,2026-08-02 07:00:00,123.9,Yes,97607285599517336378648008255312059463093287548866171938351083344468544698733,0.05,0.98,0.515,0.93,28.65,29.15,312.61,232.4,232.4,232.4,3,2,
2026-08-02 04:56:03,743170,3080877,Game 3: Any Player Penta Kill?,prop,3,2026-08-02 07:00:00,123.9,No,82175050981495448282087797319073848820595273522692792734078876229291900381358,0.02,0.95,0.485,0.93,2.6,2.6,2.6,544.35,568.85,28631.39,2,3,
2026-08-02 04:56:03,743170,3080878,Game 3: Odd/Even Total Kills?,odd_even,3,2026-08-02 07:00:00,123.9,Odd,113990004661101788122433090480026356333967410198432683291909606912670499759571,0.49,0.51,0.5,0.02,150.33,210.6,569.08,174.62,229.51,623.03,22,20,
2026-08-02 04:56:03,743170,3080878,Game 3: Odd/Even Total Kills?,odd_even,3,2026-08-02 07:00:00,123.9,Even,53396382081016235460482594245617775159364750738670615857179991954098728405392,0.49,0.51,0.5,0.02,165.21,212.32,534.28,158.5,228.23,668.23,20,22,
2026-08-02 04:56:03,743170,3247363,First Blood in Game 1?,first_blood,1,2026-08-02 07:00:00,123.9,ThunderTalk Gaming,37857650446906043848386849190232009781019679134557605636863633397679278721948,0.43,0.48,0.455,0.05,183.93,183.93,183.93,549.27,1459.77,1663.61,11,14,
2026-08-02 04:56:03,743170,3247363,First Blood in Game 1?,first_blood,1,2026-08-02 07:00:00,123.9,Team WE,104852352619923993034857752108294319586139334267455221962018021958633239346502,0.52,0.57,0.545,0.05,573.73,1484.23,1672.39,243.81,243.81,243.81,14,11,
2026-08-02 04:56:03,743170,3247364,First Blood in Game 2?,first_blood,2,2026-08-02 07:00:00,123.9,ThunderTalk Gaming,49805343744222079587811403498521461301652487360378428401792515699102072258747,0.44,0.48,0.46,0.04,230.13,230.13,230.13,548.29,1110.81,1314.65,12,14,16.833332
2026-08-02 04:56:03,743170,3247364,First Blood in Game 2?,first_blood,2,2026-08-02 07:00:00,123.9,Team WE,34975173646955613892802071928251257769371851774569031753455446770178410293492,0.52,0.56,0.54,0.04,572.71,1133.19,1321.35,302.61,302.61,302.61,14,12,16.833332
2026-08-02 04:56:03,743170,3247365,Total Kills Over/Under 30.5 in Game 1?,total_kills,1,2026-08-02 07:00:00,123.9,Over,20089612397959481715540428001947492272136532425413320288741789644696953347047,0.49,0.51,0.5,0.02,472.53,859.77,859.77,562.71,1115.67,1594.54,13,14,174.584356
2026-08-02 04:56:03,743170,3247365,Total Kills Over/Under 30.5 in Game 1?,total_kills,1,2026-08-02 07:00:00,123.9,Under,48583361312674351102955994336714978409432370604740795969667004880847883586088,0.49,0.51,0.5,0.02,539.67,1010.71,1402.5,510.86,965.46,965.46,14,13,174.584356
2026-08-02 04:56:03,743170,3247366,Total Kills Over/Under 30.5 in Game 2?,total_kills,2,2026-08-02 07:00:00,123.9,Over,102341512262568194433893674327876736367357950404093760308808076682839535952801,0.49,0.51,0.5,0.02,516.02,901.37,901.37,77.5,843.52,843.52,13,14,17.962263
2026-08-02 04:56:03,743170,3247366,Total Kills Over/Under 30.5 in Game 2?,total_kills,2,2026-08-02 07:00:00,123.9,Under,81591286331832699111309387511420548545728045115256401081280741169608168963352,0.49,0.51,0.5,0.02,72.5,744.33,744.33,557.98,1010.35,1010.35,14,13,17.962263
2026-08-02 05:01:44,720804,2985831,LoL: DN SOOPers vs HANJIN BRION - Game 1 Winner,map,1,2026-08-02 08:00:00,178.3,DN SOOPers,42936850482651914409277495257882545988254142261829548050889622816919312279771,0.35,0.36,0.355,0.01,4802.66,7438.94,9264.33,2845.6,6895.12,7030.61,28,28,1265.39052
2026-08-02 05:01:44,720804,2985831,LoL: DN SOOPers vs HANJIN BRION - Game 1 Winner,map,1,2026-08-02 08:00:00,178.3,HANJIN BRION,72300873521014331315996822988962847480647045255728209596012804322177150285029,0.64,0.65,0.645,0.01,4848.93,11381.21,11584.45,9195.62,14557.34,18767.37,28,28,1265.39052
2026-08-02 05:01:44,720804,2985832,LoL: DN SOOPers vs HANJIN BRION - Game 2 Winner,map,2,2026-08-02 08:00:00,178.3,DN SOOPers,6293002078450018823745497893356590572289968249157219729289882040976874389242,0.33,0.34,0.335,0.01,2055.55,3745.66,4473.75,1156.24,1923.43,4191.48,27,43,12827.572985
2026-08-02 05:01:44,720804,2985832,LoL: DN SOOPers vs HANJIN BRION - Game 2 Winner,map,2,2026-08-02 08:00:00,178.3,HANJIN BRION,51651805320304444180996920139489385195635313821107581113327476476510601730075,0.66,0.67,0.665,0.01,2238.2,3565.03,7262.61,4179.01,8070.06,9894.41,43,27,12827.572985
2026-08-02 05:01:44,720804,2985833,LoL: DN SOOPers vs HANJIN BRION (BO3) - LCK Round 3-4 Rise Group,series,,2026-08-02 08:00:00,178.3,DN SOOPers,83920944565793264579009568668732470958333402189187686836848086059640655328512,0.29,0.3,0.295,0.01,41134.12,51228.07,55385.5,25126.3,29922.44,30882.04,27,64,121714.54071999996
2026-08-02 05:01:44,720804,2985833,LoL: DN SOOPers vs HANJIN BRION (BO3) - LCK Round 3-4 Rise Group,series,,2026-08-02 08:00:00,178.3,HANJIN BRION,90142340307548158680285244846463054791996473929800648630886781972830446829292,0.7,0.71,0.705,0.01,57868.23,67858.07,69661.49,104351.65,131850.66,144980.23,63,27,121714.54071999996
2026-08-02 05:01:44,720804,2985834,Games Total: O/U 2.5,total_games,,2026-08-02 08:00:00,178.3,Over,115763001589981841934227916705643778300336986478747747006478743351017049320215,0.43,0.44,0.435,0.01,72.36,1473.56,2614.47,179.66,10808.9,11461.93,27,25,266.560395
2026-08-02 05:01:44,720804,2985834,Games Total: O/U 2.5,total_games,,2026-08-02 08:00:00,178.3,Under,91801222121802541444761121490344327534075944391096953237840309703647468371038,0.56,0.57,0.565,0.01,227.14,12236.58,12932.52,99.64,2141.64,3979.18,25,27,266.560395
2026-08-02 05:01:44,720804,2985835,Game Handicap: BRO (-1.5) vs DN SOOPers (+1.5),handicap,,2026-08-02 08:00:00,178.3,HANJIN BRION,2478818261239720677086675483799167438612949482205213347168593674700102622629,0.43,0.44,0.435,0.01,2728.82,5891.25,10671.25,27993.83,48809.87,54411.48,31,31,46184.888004
2026-08-02 05:01:44,720804,2985835,Game Handicap: BRO (-1.5) vs DN SOOPers (+1.5),handicap,,2026-08-02 08:00:00,178.3,DN SOOPers,94834555477028424709848351439230010185388394524770172258089704477087868641163,0.56,0.57,0.565,0.01,34450.48,58406.96,64237.87,3742.21,8299.99,16019.99,31,31,46184.888004
2026-08-02 05:01:44,720804,2985836,Game 1: Both Teams Slay Baron Nashor?,prop,1,2026-08-02 08:00:00,178.3,Yes,44915640594729569087625676620306222412980590579084678991395292033371931560827,0.07,0.26,0.165,0.19,119.67,122.05,138.0,103.33,103.33,103.33,6,16,
2026-08-02 05:01:44,720804,2985836,Game 1: Both Teams Slay Baron Nashor?,prop,1,2026-08-02 08:00:00,178.3,No,37113967443673178032629187181708940461213139311985080295449837338299072323374,0.74,0.93,0.835,0.19,294.1,294.1,294.1,1589.88,1645.09,2381.77,16,6,
2026-08-02 05:01:44,720804,2985837,Game 1: Both Teams Slay a Dragon?,prop,1,2026-08-02 08:00:00,178.3,Yes,81561078706992361174610681826983342457210813688240521193883827615449787089945,0.63,0.78,0.705,0.15,291.51,291.51,291.51,87.58,814.18,823.94,17,14,
2026-08-02 05:01:44,720804,2985837,Game 1: Both Teams Slay a Dragon?,prop,1,2026-08-02 08:00:00,178.3,No,9907281152142873042160819340133770082139172884764291314030269990598666965984,0.22,0.37,0.295,0.15,23.42,205.07,207.07,171.2,171.2,171.2,14,17,
2026-08-02 05:01:44,720804,2985838,Game 1: Both Teams Destroy Inhibitors?,prop,1,2026-08-02 08:00:00,178.3,Yes,71475961584450706233230360574834962522669953698100028735480553421773518962446,0.06,0.2,0.13,0.14,1.45,6.36,8.7,73.49,73.49,73.49,5,19,
2026-08-02 05:01:44,720804,2985838,Game 1: Both Teams Destroy Inhibitors?,prop,1,2026-08-02 08:00:00,178.3,No,96176116817715510739061517798906786856670574020691174289854703473183525042907,0.8,0.94,0.87,0.14,293.96,293.96,293.96,22.75,177.88,397.69,19,5,
2026-08-02 05:01:44,720804,2985839,Game 1: Any Player Quadra Kill?,prop,1,2026-08-02 08:00:00,178.3,Yes,16493390525368333199018739796614614378465922969488141913346132696092540481996,0.07,0.5,0.285,0.43,283.36,283.36,299.12,283.36,283.36,283.36,4,15,
2026-08-02 05:01:44,720804,2985839,Game 1: Any Player Quadra Kill?,prop,1,2026-08-02 08:00:00,178.3,No,56347653585494781062554189637614748771006399122103141423346716304631011312144,0.5,0.93,0.715,0.43,283.36,283.36,283.36,3764.64,3764.64,4503.62,15,4,
2026-08-02 05:01:44,720804,2985840,Game 1: Any Player Penta Kill?,prop,1,2026-08-02 08:00:00,178.3,Yes,49668406403014705401245867535537092853662595481221175539691493508867265252416,0.02,0.49,0.255,0.47,283.96,283.96,283.96,302.47,302.47,302.47,2,17,
2026-08-02 05:01:44,720804,2985840,Game 1: Any Player Penta Kill?,prop,1,2026-08-02 08:00:00,178.3,No,392322018462975303761146965828888407897620802810361622816977224642104664346,0.51,0.98,0.745,0.47,303.25,303.25,303.25,28087.04,28087.04,28087.04,17,2,
2026-08-02 05:01:44,720804,2985841,Game 1: Odd/Even Total Kills?,odd_even,1,2026-08-02 08:00:00,178.3,Odd,64592549155132161597723277379753760434816316220798779424330799858113165111831,0.49,0.51,0.5,0.02,127.39,149.37,433.99,133.65,159.46,507.32,18,18,
2026-08-02 05:01:44,720804,2985841,Game 1: Odd/Even Total Kills?,odd_even,1,2026-08-02 08:00:00,178.3,Even,22354129330778337787211517449131111296157517049169544234741909359794225096802,0.49,0.51,0.5,0.02,127.39,149.37,433.99,133.65,159.46,507.32,18,18,
2026-08-02 05:01:44,720804,2985842,Game 2: Both Teams Slay Baron Nashor?,prop,2,2026-08-02 08:00:00,178.3,Yes,57194722881652722287778928856899256552760339229401704787654609080883199550511,0.07,0.26,0.165,0.19,119.67,122.05,138.0,103.33,103.33,103.33,6,15,
2026-08-02 05:01:44,720804,2985842,Game 2: Both Teams Slay Baron Nashor?,prop,2,2026-08-02 08:00:00,178.3,No,59374135450969641428260528220646082053630355448275032123355014422228661214328,0.74,0.93,0.835,0.19,294.1,294.1,294.1,1589.88,1645.09,2381.77,15,6,
2026-08-02 05:01:44,720804,2985843,Game 2: Both Teams Slay a Dragon?,prop,2,2026-08-02 08:00:00,178.3,Yes,16761207663700929763930895000870044109436239314614467819259826218322025602414,0.63,0.78,0.705,0.15,291.51,291.51,291.51,87.58,814.18,823.94,16,14,
2026-08-02 05:01:44,720804,2985843,Game 2: Both Teams Slay a Dragon?,prop,2,2026-08-02 08:00:00,178.3,No,91053011289502335373332454164570546553687856896383620203832129814970866007559,0.22,0.37,0.295,0.15,23.42,205.07,207.07,171.2,171.2,171.2,14,16,
2026-08-02 05:01:44,720804,2985844,Game 2: Both Teams Destroy Inhibitors?,prop,2,2026-08-02 08:00:00,178.3,Yes,72080657131222492875722184018671784613358675618683575643423920669409123373805,0.06,0.2,0.13,0.14,1.45,6.36,11.2,73.49,73.49,73.49,5,18,
2026-08-02 05:01:44,720804,2985844,Game 2: Both Teams Destroy Inhibitors?,prop,2,2026-08-02 08:00:00,178.3,No,76575595827436686508796323618238841350839192478819249193882303206472590522650,0.8,0.94,0.87,0.14,293.96,293.96,293.96,22.75,177.88,645.19,18,5,
2026-08-02 05:01:44,720804,2985845,Game 2: Any Player Quadra Kill?,prop,2,2026-08-02 08:00:00,178.3,Yes,76246363645423051975364496046855254236794026710696233410148462217483517468912,0.07,0.5,0.285,0.43,283.36,283.36,299.12,283.36,283.36,283.36,4,16,
2026-08-02 05:01:44,720804,2985845,Game 2: Any Player Quadra Kill?,prop,2,2026-08-02 08:00:00,178.3,No,82952967493967711298009068236655995385276954244991565434629591429951419785253,0.5,0.93,0.715,0.43,283.36,283.36,283.36,3764.64,3764.64,4503.62,16,4,
2026-08-02 05:01:44,720804,2985846,Game 2: Any Player Penta Kill?,prop,2,2026-08-02 08:00:00,178.3,Yes,32202589203000764524594958432996792352023689136584650862389425963534626513896,0.02,0.47,0.245,0.45,283.96,283.96,283.96,21.08,304.44,304.44,2,17,
2026-08-02 05:01:44,720804,2985846,Game 2: Any Player Penta Kill?,prop,2,2026-08-02 08:00:00,178.3,No,41247326107088233542428794448520019157752700819922175251278359525383173138072,0.53,0.98,0.755,0.45,23.62,306.98,306.98,28087.04,28087.04,28087.04,17,2,
2026-08-02 05:01:44,720804,2985847,Game 2: Odd/Even Total Kills?,odd_even,2,2026-08-02 08:00:00,178.3,Odd,14101125707317252499556366876532811859229089743435541998693959506889109440513,0.49,0.51,0.5,0.02,127.39,149.37,433.99,133.65,159.46,507.32,18,18,
2026-08-02 05:01:44,720804,2985847,Game 2: Odd/Even Total Kills?,odd_even,2,2026-08-02 08:00:00,178.3,Even,112433670667782516872456707749946291262697470726766165959272619193571438860014,0.49,0.51,0.5,0.02,127.39,149.37,433.99,133.65,159.46,507.32,18,18,
2026-08-02 05:01:44,720804,2985848,Game 3: Both Teams Slay Baron Nashor?,prop,3,2026-08-02 08:00:00,178.3,Yes,104136964712435805736220279460301224337589608756593979191221375998315537578826,0.07,0.95,0.51,0.88,284.88,285.36,301.22,29.92,154.11,369.91,6,5,
2026-08-02 05:01:44,720804,2985848,Game 3: Both Teams Slay Baron Nashor?,prop,3,2026-08-02 08:00:00,178.3,No,58227032133651406364524656801923559562496425913687094624385449611629670118018,0.05,0.93,0.49,0.88,1.33,4.14,6.32,4459.48,4470.94,5207.01,5,6,
2026-08-02 05:01:44,720804,2985849,Game 3: Both Teams Slay a Dragon?,prop,3,2026-08-02 08:00:00,178.3,Yes,62359769166445215506801265907978402615199925175015226504522160105921437334234,0.05,0.78,0.415,0.73,1.29,4.24,6.52,1152.55,1152.55,1169.15,5,12,
2026-08-02 05:01:44,720804,2985849,Game 3: Both Teams Slay a Dragon?,prop,3,2026-08-02 08:00:00,178.3,No,83654870348198823667332595091134305392760162249370758365244315399177123554265,0.22,0.95,0.585,0.73,307.78,307.78,311.18,29.5,157.94,384.36,12,5,
2026-08-02 05:01:44,720804,2985850,Game 3: Both Teams Destroy Inhibitors?,prop,3,2026-08-02 08:00:00,178.3,Yes,15560581673514295406323370069329485324079403980988726489321483925152219020603,0.06,0.95,0.505,0.89,1.85,287.69,290.06,29.54,166.73,382.53,6,5,
2026-08-02 05:01:44,720804,2985850,Game 3: Both Teams Destroy Inhibitors?,prop,3,2026-08-02 08:00:00,178.3,No,35084658982496356177161118423351755624835829136464432164708520782096827818976,0.05,0.94,0.495,0.89,1.31,4.41,6.59,30.34,6911.17,7140.97,5,6,
2026-08-02 05:01:44,720804,2985851,Game 3: Any Player Quadra Kill?,prop,3,2026-08-02 08:00:00,178.3,Yes,75468224762988852590066020869645592387061629400786739342571011064205596141274,0.07,0.98,0.525,0.91,283.36,283.36,299.12,232.4,232.4,232.4,4,2,
2026-08-02 05:01:44,720804,2985851,Game 3: Any Player Quadra Kill?,prop,3,2026-08-02 08:00:00,178.3,No,74647852821951903964313502511589443983089513099015021935729078044895223408021,0.02,0.93,0.475,0.91,2.6,2.6,2.6,3764.64,3764.64,4503.62,2,4,
2026-08-02 05:01:44,720804,2985852,Game 3: Any Player Penta Kill?,prop,3,2026-08-02 08:00:00,178.3,Yes,107684476421773351543830332455122213678091807083550082965983665787711393740939,0.17,0.98,0.575,0.81,2.88,2.88,2.88,232.4,232.4,232.4,5,2,
2026-08-02 05:01:44,720804,2985852,Game 3: Any Player Penta Kill?,prop,3,2026-08-02 08:00:00,178.3,No,106156280359148725335259783092663119689979144099409849171363101956551129219138,0.02,0.83,0.425,0.81,2.6,2.6,2.6,14.82,14.82,14.82,2,5,
2026-08-02 05:01:44,720804,2985853,Game 3: Odd/Even Total Kills?,odd_even,3,2026-08-02 08:00:00,178.3,Odd,75183633087080408500425823268702677619156746674341626211978771280711642562797,0.49,0.51,0.5,0.02,127.39,149.37,433.99,133.65,159.46,507.32,18,18,
2026-08-02 05:01:44,720804,2985853,Game 3: Odd/Even Total Kills?,odd_even,3,2026-08-02 08:00:00,178.3,Even,28081118088313904661731832500271423416547915012124693594931517615532487909024,0.49,0.51,0.5,0.02,127.39,149.37,433.99,133.65,159.46,507.32,18,18,
2026-08-02 05:01:44,743170,3080856,LoL: ThunderTalk Gaming vs Team WE - Game 1 Winner,map,1,2026-08-02 07:00:00,118.3,ThunderTalk Gaming,72496135746065500247901246672311988779275411906571209759439852708611576071027,0.37,0.38,0.375,0.01,3316.23,7560.59,8956.69,2389.46,4270.09,8290.31,29,34,2908.770465
2026-08-02 05:01:44,743170,3080856,LoL: ThunderTalk Gaming vs Team WE - Game 1 Winner,map,1,2026-08-02 07:00:00,118.3,Team WE,86406897272144859430606590863571410444264660567962881318145059910183257772933,0.62,0.63,0.625,0.01,3755.78,6520.58,11914.2,5823.83,13923.13,16834.95,34,29,2908.770465
2026-08-02 05:01:44,743170,3080857,LoL: ThunderTalk Gaming vs Team WE - Game 2 Winner,map,2,2026-08-02 07:00:00,118.3,ThunderTalk Gaming,76752916551697359157851234269297016591012843522959969977805224055761398575042,0.37,0.38,0.375,0.01,2462.75,4094.03,5336.93,131.79,749.35,2460.15,26,30,467.63092900000004
2026-08-02 05:01:44,743170,3080857,LoL: ThunderTalk Gaming vs Team WE - Game 2 Winner,map,2,2026-08-02 07:00:00,118.3,Team WE,65010317623213437982030806655308793500445270659341039623165426683797274071506,0.62,0.63,0.625,0.01,208.58,1122.0,3423.79,4343.25,7439.03,9985.05,30,26,467.63092900000004
2026-08-02 05:01:44,743170,3080858,LoL: ThunderTalk Gaming vs Team WE (BO3) - LPL Group Ascend,series,,2026-08-02 07:00:00,118.3,ThunderTalk Gaming,102071153892246039627048034194967021680193759805083679061162745293075874048047,0.32,0.33,0.325,0.01,25045.44,35975.21,43151.22,21509.27,33704.67,35538.81,27,47,62383.888533000005
2026-08-02 05:01:44,743170,3080858,LoL: ThunderTalk Gaming vs Team WE (BO3) - LPL Group Ascend,series,,2026-08-02 07:00:00,118.3,Team WE,107302480629937459746801418935680895835862951318163699611993485492174680492656,0.67,0.68,0.675,0.01,42467.65,64759.36,67793.67,55192.58,81368.82,100234.08,47,27,62383.888533000005
2026-08-02 05:01:44,743170,3080859,Games Total: O/U 2.5,total_games,,2026-08-02 07:00:00,118.3,Over,107594494912723104964093717822186803561399283167752733293344196473822150830801,0.46,0.47,0.465,0.01,1097.91,4931.62,6134.05,9661.78,13990.28,16524.03,26,30,1008.9935880000002
2026-08-02 05:01:44,743170,3080859,Games Total: O/U 2.5,total_games,,2026-08-02 07:00:00,118.3,Under,13195949740986299733115750603639707489456064739889325747062719688400177484721,0.53,0.54,0.535,0.01,10467.03,14907.38,17276.85,1334.35,6372.99,8044.45,30,26,1008.9935880000002
2026-08-02 05:01:44,743170,3080860,Game Handicap: WE (-1.5) vs ThunderTalk Gaming (+1.5),handicap,,2026-08-02 07:00:00,118.3,Team WE,72898904332442991379697379372607989319613847572204270780556694513998511299687,0.4,0.41,0.405,0.01,6433.6,8271.3,8605.22,18533.87,28396.9,30061.1,31,34,13979.123114999999
2026-08-02 05:01:44,743170,3080860,Game Handicap: WE (-1.5) vs ThunderTalk Gaming (+1.5),handicap,,2026-08-02 07:00:00,118.3,ThunderTalk Gaming,50834236677980205127685734657806100902200221308325695417181113975675617751500,0.59,0.6,0.595,0.01,25827.63,38604.99,40624.93,9986.29,13027.92,13646.25,34,31,13979.123114999999
2026-08-02 05:01:44,743170,3080861,Game 1: Both Teams Slay Baron Nashor?,prop,1,2026-08-02 07:00:00,118.3,Yes,576199460582024193100725101261977861313235933865014426802032541129552297770,0.05,0.31,0.18,0.26,123.55,137.68,167.05,137.8,137.8,137.8,5,17,
2026-08-02 05:01:44,743170,3080861,Game 1: Both Teams Slay Baron Nashor?,prop,1,2026-08-02 07:00:00,118.3,No,39148998634785957714637765512152768766586838959238901897071669687131023587459,0.69,0.95,0.82,0.26,306.72,306.72,306.72,2349.83,3030.36,5938.57,17,5,
2026-08-02 05:01:44,743170,3080862,Game 1: Both Teams Slay a Dragon?,prop,1,2026-08-02 07:00:00,118.3,Yes,12798444312028531986523161040093625635680994958660481961288482187110266231846,0.52,0.79,0.655,0.27,148.36,156.86,156.86,39.88,39.88,58.38,19,16,6.405061
2026-08-02 05:01:44,743170,3080862,Game 1: Both Teams Slay a Dragon?,prop,1,2026-08-02 07:00:00,118.3,No,77088962572483445588626120910059447941522620776186008716249040366097850926880,0.21,0.48,0.345,0.27,10.6,10.6,14.12,141.6,150.1,150.1,16,19,6.405061
2026-08-02 05:01:44,743170,3080863,Game 1: Both Teams Destroy Inhibitors?,prop,1,2026-08-02 07:00:00,118.3,Yes,23431616529800285954157853389995618720561419057686883100386442761747625637104,0.04,0.25,0.145,0.21,1.08,5.54,5.54,102.24,102.24,102.24,4,18,
2026-08-02 05:01:44,743170,3080863,Game 1: Both Teams Destroy Inhibitors?,prop,1,2026-08-02 07:00:00,118.3,No,66554463746156474753360063073089192961440136242626809840747100770144773363381,0.75,0.96,0.855,0.21,306.72,306.72,306.72,31.98,360.62,360.62,18,4,
2026-08-02 05:01:44,743170,3080864,Game 1: Any Player Quadra Kill?,prop,1,2026-08-02 07:00:00,118.3,Yes,22455107191123144705981038449625131671221453070883782041240941374293880968288,0.07,0.5,0.285,0.43,283.36,283.36,299.12,283.36,283.36,283.36,4,15,
2026-08-02 05:01:44,743170,3080864,Game 1: Any Player Quadra Kill?,prop,1,2026-08-02 07:00:00,118.3,No,57661462033981889980416103903558356629279739546061415204700512894530729898269,0.5,0.93,0.715,0.43,283.36,283.36,283.36,3764.64,3764.64,4503.62,15,4,
2026-08-02 05:01:44,743170,3080865,Game 1: Any Player Penta Kill?,prop,1,2026-08-02 07:00:00,118.3,Yes,38163109940135782122194759258784261278998733099801323596701954770736607626752,0.02,0.47,0.245,0.45,283.96,283.96,283.96,40.71,324.07,324.07,2,16,
2026-08-02 05:01:44,743170,3080865,Game 1: Any Player Penta Kill?,prop,1,2026-08-02 07:00:00,118.3,No,18263507673053474198234050929721878908174235128213603833935283248455845943858,0.53,0.98,0.755,0.45,44.9,328.26,328.26,28087.04,28087.04,28087.04,16,2,
2026-08-02 05:01:44,743170,3080866,Game 1: Odd/Even Total Kills?,odd_even,1,2026-08-02 07:00:00,118.3,Odd,85798990390253236886572130022554634660940011863431591207755224338342575313983,0.49,0.51,0.5,0.02,150.33,212.95,571.43,172.02,226.91,620.43,21,21,
2026-08-02 05:01:44,743170,3080866,Game 1: Odd/Even Total Kills?,odd_even,1,2026-08-02 07:00:00,118.3,Even,47936515113103876354401977929271863637215537317870382878338698939378687308220,0.49,0.51,0.5,0.02,162.81,209.92,531.88,158.5,230.88,670.88,21,21,
2026-08-02 05:01:44,743170,3080867,Game 2: Both Teams Slay Baron Nashor?,prop,2,2026-08-02 07:00:00,118.3,Yes,60281269953928099872331843176728418985547710930507954182708820022609808669897,0.06,0.31,0.185,0.25,125.44,128.17,153.15,137.8,137.8,137.8,6,17,
2026-08-02 05:01:44,743170,3080867,Game 2: Both Teams Slay Baron Nashor?,prop,2,2026-08-02 07:00:00,118.3,No,54226307805103642247368181146777059036318134178988043479524344500872140305962,0.69,0.94,0.815,0.25,306.72,306.72,306.72,1971.97,2054.16,3950.74,17,6,
2026-08-02 05:01:44,743170,3080868,Game 2: Both Teams Slay a Dragon?,prop,2,2026-08-02 07:00:00,118.3,Yes,29739434282903929326119644557308650803403459184094521455401480492552851758792,0.5,0.79,0.645,0.29,8.5,8.5,8.5,31.98,31.98,47.85,21,15,6.405061
2026-08-02 05:01:44,743170,3080868,Game 2: Both Teams Slay a Dragon?,prop,2,2026-08-02 07:00:00,118.3,No,115189779164715499661096663266273794100452504398581109422822509223165504997016,0.21,0.5,0.355,0.29,8.5,8.5,11.52,8.5,8.5,8.5,15,21,6.405061
2026-08-02 05:01:44,743170,3080869,Game 2: Both Teams Destroy Inhibitors?,prop,2,2026-08-02 07:00:00,118.3,Yes,88990911960391494970969025618777169053962523897236517506343545936592821417150,0.04,0.25,0.145,0.21,1.12,5.54,5.54,102.24,102.24,102.24,4,18,
2026-08-02 05:01:44,743170,3080869,Game 2: Both Teams Destroy Inhibitors?,prop,2,2026-08-02 07:00:00,118.3,No,10524318344677108875682344365087472988103237322063807998004848565189515778420,0.75,0.96,0.855,0.21,306.72,306.72,306.72,32.19,359.96,359.96,18,4,
2026-08-02 05:01:44,743170,3080870,Game 2: Any Player Quadra Kill?,prop,2,2026-08-02 07:00:00,118.3,Yes,60151038950673183831317840708733437193639535219371433492499517893097352170958,0.07,0.5,0.285,0.43,283.36,283.36,299.12,283.36,283.36,283.36,4,14,
2026-08-02 05:01:44,743170,3080870,Game 2: Any Player Quadra Kill?,prop,2,2026-08-02 07:00:00,118.3,No,96670306229134967862342679387306668871486431855351232811714354282383437049694,0.5,0.93,0.715,0.43,283.36,283.36,283.36,3764.64,3764.64,4503.62,14,4,
2026-08-02 05:01:44,743170,3080871,Game 2: Any Player Penta Kill?,prop,2,2026-08-02 07:00:00,118.3,Yes,85436915482113046069979555825963002631887797266173136356295138827309011750777,0.02,0.49,0.255,0.47,283.96,283.96,283.96,302.47,302.47,302.47,2,15,
2026-08-02 05:01:44,743170,3080871,Game 2: Any Player Penta Kill?,prop,2,2026-08-02 07:00:00,118.3,No,18077218119331989121746877984118590164679237634729750935595601490676077255075,0.51,0.98,0.745,0.47,303.25,303.25,303.25,28087.04,28087.04,28087.04,15,2,
2026-08-02 05:01:44,743170,3080872,Game 2: Odd/Even Total Kills?,odd_even,2,2026-08-02 07:00:00,118.3,Odd,34489811684252406008666584709129492333999413412636899041454268250718879985571,0.49,0.51,0.5,0.02,150.33,210.6,569.08,172.02,227.97,621.49,22,21,
2026-08-02 05:01:44,743170,3080872,Game 2: Odd/Even Total Kills?,odd_even,2,2026-08-02 07:00:00,118.3,Even,54240670553404029184267189483971374359932954287994832023836725546285071185760,0.49,0.51,0.5,0.02,162.81,210.86,532.82,158.5,228.23,668.23,21,22,
2026-08-02 05:01:44,743170,3080873,Game 3: Both Teams Slay Baron Nashor?,prop,3,2026-08-02 07:00:00,118.3,Yes,57811859513176873940762138997441201835014358696460679905995989548048354540264,0.07,0.95,0.51,0.88,283.78,284.53,299.98,18.84,132.38,358.14,6,5,
2026-08-02 05:01:44,743170,3080873,Game 3: Both Teams Slay Baron Nashor?,prop,3,2026-08-02 07:00:00,118.3,No,51295536053704709752778560732608776452578283468330820057353695324319173655698,0.05,0.93,0.49,0.88,0.86,3.26,5.54,4444.83,4462.82,5186.93,5,6,
2026-08-02 05:01:44,743170,3080874,Game 3: Both Teams Slay a Dragon?,prop,3,2026-08-02 07:00:00,118.3,Yes,58179717417989811646094036412121479543745227457593444191940365470656571742504,0.05,0.78,0.415,0.73,0.99,3.29,5.54,1143.97,1143.97,1160.57,5,14,
2026-08-02 05:01:44,743170,3080874,Game 3: Both Teams Slay a Dragon?,prop,3,2026-08-02 07:00:00,118.3,No,87343980035439006519000360405908787631260216234022290897341333211611511248508,0.22,0.95,0.585,0.73,305.36,305.36,308.76,21.27,131.36,353.8,14,5,
2026-08-02 05:01:44,743170,3080875,Game 3: Both Teams Destroy Inhibitors?,prop,3,2026-08-02 07:00:00,118.3,Yes,74678058446583988767533004421742293971027577469169916019811692511985126363708,0.05,0.95,0.5,0.9,283.75,286.6,288.9,18.84,130.33,351.63,5,5,
2026-08-02 05:01:44,743170,3080875,Game 3: Both Teams Destroy Inhibitors?,prop,3,2026-08-02 07:00:00,118.3,No,82798674080384483807860851761423273009124194055854717645716960582960189361391,0.05,0.95,0.5,0.9,0.86,3.22,5.45,6807.95,6936.77,7164.03,5,5,
2026-08-02 05:01:44,743170,3080876,Game 3: Any Player Quadra Kill?,prop,3,2026-08-02 07:00:00,118.3,Yes,58611970458737825773401922102759993341146813236760305689783843601007398487475,0.07,0.98,0.525,0.91,283.36,283.36,299.12,232.4,232.4,232.4,4,2,
2026-08-02 05:01:44,743170,3080876,Game 3: Any Player Quadra Kill?,prop,3,2026-08-02 07:00:00,118.3,No,74171810259521672240665790528210581675653866689973453247559598379119949082738,0.02,0.93,0.475,0.91,2.6,2.6,2.6,3764.64,3764.64,4503.62,2,4,
2026-08-02 05:01:44,743170,3080877,Game 3: Any Player Penta Kill?,prop,3,2026-08-02 07:00:00,118.3,Yes,97607285599517336378648008255312059463093287548866171938351083344468544698733,0.05,0.98,0.515,0.93,28.65,29.15,312.61,232.4,232.4,232.4,3,2,
2026-08-02 05:01:44,743170,3080877,Game 3: Any Player Penta Kill?,prop,3,2026-08-02 07:00:00,118.3,No,82175050981495448282087797319073848820595273522692792734078876229291900381358,0.02,0.95,0.485,0.93,2.6,2.6,2.6,544.35,568.85,28631.39,2,3,
2026-08-02 05:01:44,743170,3080878,Game 3: Odd/Even Total Kills?,odd_even,3,2026-08-02 07:00:00,118.3,Odd,113990004661101788122433090480026356333967410198432683291909606912670499759571,0.49,0.51,0.5,0.02,150.33,210.6,569.08,174.62,229.51,623.03,22,20,
2026-08-02 05:01:44,743170,3080878,Game 3: Odd/Even Total Kills?,odd_even,3,2026-08-02 07:00:00,118.3,Even,53396382081016235460482594245617775159364750738670615857179991954098728405392,0.49,0.51,0.5,0.02,165.21,212.32,534.28,158.5,228.23,668.23,20,22,
2026-08-02 05:01:44,743170,3247363,First Blood in Game 1?,first_blood,1,2026-08-02 07:00:00,118.3,ThunderTalk Gaming,37857650446906043848386849190232009781019679134557605636863633397679278721948,0.43,0.48,0.455,0.05,183.93,183.93,183.93,549.27,1459.77,1663.61,12,14,
2026-08-02 05:01:44,743170,3247363,First Blood in Game 1?,first_blood,1,2026-08-02 07:00:00,118.3,Team WE,104852352619923993034857752108294319586139334267455221962018021958633239346502,0.52,0.57,0.545,0.05,573.73,1484.23,1672.39,243.81,243.81,243.81,14,12,
2026-08-02 05:01:44,743170,3247364,First Blood in Game 2?,first_blood,2,2026-08-02 07:00:00,118.3,ThunderTalk Gaming,49805343744222079587811403498521461301652487360378428401792515699102072258747,0.44,0.48,0.46,0.04,230.13,230.13,230.13,548.29,1110.81,1314.65,12,14,16.833332
2026-08-02 05:01:44,743170,3247364,First Blood in Game 2?,first_blood,2,2026-08-02 07:00:00,118.3,Team WE,34975173646955613892802071928251257769371851774569031753455446770178410293492,0.52,0.56,0.54,0.04,572.71,1133.19,1321.35,302.61,302.61,302.61,14,12,16.833332
2026-08-02 05:01:44,743170,3247365,Total Kills Over/Under 30.5 in Game 1?,total_kills,1,2026-08-02 07:00:00,118.3,Over,20089612397959481715540428001947492272136532425413320288741789644696953347047,0.49,0.51,0.5,0.02,962.53,1349.77,1349.77,562.71,1115.67,1594.54,13,14,174.584356
2026-08-02 05:01:44,743170,3247365,Total Kills Over/Under 30.5 in Game 1?,total_kills,1,2026-08-02 07:00:00,118.3,Under,48583361312674351102955994336714978409432370604740795969667004880847883586088,0.49,0.51,0.5,0.02,539.67,1010.71,1402.5,1020.86,1475.46,1475.46,14,13,174.584356
2026-08-02 05:01:44,743170,3247366,Total Kills Over/Under 30.5 in Game 2?,total_kills,2,2026-08-02 07:00:00,118.3,Over,102341512262568194433893674327876736367357950404093760308808076682839535952801,0.49,0.51,0.5,0.02,516.02,901.37,901.37,77.5,843.52,843.52,13,14,17.962263
2026-08-02 05:01:44,743170,3247366,Total Kills Over/Under 30.5 in Game 2?,total_kills,2,2026-08-02 07:00:00,118.3,Under,81591286331832699111309387511420548545728045115256401081280741169608168963352,0.49,0.51,0.5,0.02,72.5,744.33,744.33,557.98,1010.35,1010.35,14,13,17.962263
2026-08-02 05:01:44,743171,3080879,LoL: LNG Esports vs Invictus Gaming - Game 1 Winner,map,1,2026-08-02 09:00:00,238.3,LNG Esports,33102627209976729109354268861299671731479736827582842424085157250507560907381,0.26,0.27,0.265,0.01,1396.67,2600.27,3733.36,703.25,1783.9,2503.62,22,32,1455.884245
2026-08-02 05:01:44,743171,3080879,LoL: LNG Esports vs Invictus Gaming - Game 1 Winner,map,1,2026-08-02 09:00:00,238.3,Invictus Gaming,71965553920638607119542065000618740427369545540659518141003521393337025599568,0.73,0.74,0.735,0.01,1824.56,4411.41,5980.85,4084.43,8008.14,12193.17,32,22,1455.884245
2026-08-02 05:01:44,743171,3080880,LoL: LNG Esports vs Invictus Gaming - Game 2 Winner,map,2,2026-08-02 09:00:00,238.3,LNG Esports,76549273220725467370771367175845215565049489935444828207386665588552392209312,0.26,0.27,0.265,0.01,1112.6,2195.56,2618.93,140.63,742.05,1445.72,22,33,63.383331999999996
2026-08-02 05:01:44,743171,3080880,LoL: LNG Esports vs Invictus Gaming - Game 2 Winner,map,2,2026-08-02 09:00:00,238.3,Invictus Gaming,83921129708874260420921468313344431939405641512044445687758889891577394990067,0.73,0.74,0.735,0.01,370.87,1801.54,3349.56,3222.7,6761.04,8318.67,33,22,63.383331999999996
2026-08-02 05:01:44,743171,3080881,LoL: LNG Esports vs Invictus Gaming (BO3) - LPL Group Nirvana,series,,2026-08-02 09:00:00,238.3,LNG Esports,42376312343244148702517054800435970534226966426765782456212246160972367366970,0.2,0.21,0.205,0.01,12757.05,20719.87,27424.2,20169.31,23490.27,30032.61,19,48,34018.70556699999
2026-08-02 05:01:44,743171,3080881,LoL: LNG Esports vs Invictus Gaming (BO3) - LPL Group Nirvana,series,,2026-08-02 09:00:00,238.3,Invictus Gaming,23818387220746886062702515996267579270146808784810394793683184771658748923702,0.79,0.8,0.795,0.01,75078.76,86073.3,104774.96,53467.67,90686.57,127298.12,48,19,34018.70556699999
2026-08-02 05:01:44,743171,3080882,Games Total: O/U 2.5,total_games,,2026-08-02 09:00:00,238.3,Over,91449071381159482795499887899364442590608472505615819428064467090219361194129,0.37,0.39,0.38,0.02,1865.82,4999.55,8378.59,1111.93,2500.0,2756.71,24,24,653.8997390000001
2026-08-02 05:01:44,743171,3080882,Games Total: O/U 2.5,total_games,,2026-08-02 09:00:00,238.3,Under,56170572704130524676216288154558868415591430091818797288491529440426994625144,0.61,0.63,0.62,0.02,1668.4,3628.79,3969.09,3275.17,9158.44,16289.09,24,24,653.8997390000001
2026-08-02 05:01:44,743171,3080883,Game Handicap: IG (-1.5) vs LNG Esports (+1.5),handicap,,2026-08-02 09:00:00,238.3,Invictus Gaming,91884913425086256262705087330379768585679464610226744776920867862232802215099,0.54,0.55,0.545,0.01,2496.72,8198.25,12574.2,2116.29,3786.3,4376.76,27,32,4081.950831
2026-08-02 05:01:44,743171,3080883,Game Handicap: IG (-1.5) vs LNG Esports (+1.5),handicap,,2026-08-02 09:00:00,238.3,LNG Esports,55170188512241736941715579510241463883553070207290595544481024201987942204619,0.45,0.46,0.455,0.01,1673.29,2918.9,3326.85,2203.46,7540.45,11970.51,32,27,4081.950831
2026-08-02 05:01:44,743171,3080884,Game 1: Both Teams Slay Baron Nashor?,prop,1,2026-08-02 09:00:00,238.3,Yes,34051338981457278493986008320570414361796596385227821490982211972647034903219,0.06,0.31,0.185,0.25,120.36,123.04,162.43,137.8,137.8,137.8,6,17,
2026-08-02 05:01:44,743171,3080884,Game 1: Both Teams Slay Baron Nashor?,prop,1,2026-08-02 09:00:00,238.3,No,22297528220041845594004972239448649467614155997048021810255009773452909046856,0.69,0.94,0.815,0.25,306.72,306.72,306.72,1893.56,1976.39,5312.4,17,6,
2026-08-02 05:01:44,743171,3080885,Game 1: Both Teams Slay a Dragon?,prop,1,2026-08-02 09:00:00,238.3,Yes,106151792218177315751885506881227688386721755394858569959160604477277812465888,0.62,0.76,0.69,0.14,251.7,251.7,251.7,740.91,740.91,749.44,18,16,
2026-08-02 05:01:44,743171,3080885,Game 1: Both Teams Slay a Dragon?,prop,1,2026-08-02 09:00:00,238.3,No,87927703368793780706798485666986471440151252105437577129906943224954568339156,0.24,0.38,0.31,0.14,222.61,222.61,224.61,154.26,154.26,154.26,16,18,
2026-08-02 05:01:44,743171,3080886,Game 1: Both Teams Destroy Inhibitors?,prop,1,2026-08-02 09:00:00,238.3,Yes,34309964158091363489316299281143011260820151049098736296521959742845393694531,0.04,0.25,0.145,0.21,0.94,5.31,5.31,102.24,102.24,102.24,4,16,
2026-08-02 05:01:44,743171,3080886,Game 1: Both Teams Destroy Inhibitors?,prop,1,2026-08-02 09:00:00,238.3,No,86446009235354077419817500540124598486454579143723053291968556723184700104514,0.75,0.96,0.855,0.21,306.72,306.72,306.72,26.3,350.1,350.1,16,4,
2026-08-02 05:01:44,743171,3080887,Game 1: Any Player Quadra Kill?,prop,1,2026-08-02 09:00:00,238.3,Yes,16032834088381709212160914854769113683906679474190249486118151708415812085353,0.07,0.5,0.285,0.43,283.36,283.36,299.12,283.36,283.36,283.36,4,15,
2026-08-02 05:01:44,743171,3080887,Game 1: Any Player Quadra Kill?,prop,1,2026-08-02 09:00:00,238.3,No,19217134519424401962085857804607599577628458274081966258394833819367360942023,0.5,0.93,0.715,0.43,283.36,283.36,283.36,3764.64,3764.64,4503.62,15,4,
2026-08-02 05:01:44,743171,3080888,Game 1: Any Player Penta Kill?,prop,1,2026-08-02 09:00:00,238.3,Yes,185144793074665783226302126842846844677051914674113849656610397883061694039,0.02,0.47,0.245,0.45,283.96,283.96,283.96,40.71,324.07,324.07,2,16,
2026-08-02 05:01:44,743171,3080888,Game 1: Any Player Penta Kill?,prop,1,2026-08-02 09:00:00,238.3,No,57128768459580464957219560179356546810571590135433442802219810682724397459336,0.53,0.98,0.755,0.45,44.9,328.26,328.26,28087.04,28087.04,28087.04,16,2,
2026-08-02 05:01:44,743171,3080889,Game 1: Odd/Even Total Kills?,odd_even,1,2026-08-02 09:00:00,238.3,Odd,48218130253324300996195980966731180159554051270168260208515843382161761968575,0.49,0.51,0.5,0.02,150.33,206.0,555.58,172.02,222.57,610.59,21,19,
2026-08-02 05:01:44,743171,3080889,Game 1: Odd/Even Total Kills?,odd_even,1,2026-08-02 09:00:00,238.3,Even,59500506137628470906851888180765854439639815513665372093153344057987734291410,0.49,0.51,0.5,0.02,162.81,206.26,523.72,158.5,222.83,651.73,19,21,
2026-08-02 05:01:44,743171,3080890,Game 2: Both Teams Slay Baron Nashor?,prop,2,2026-08-02 09:00:00,238.3,Yes,38771315095208335224976872754188881259646614995718569945440733941563172328671,0.06,0.31,0.185,0.25,120.36,123.04,162.28,137.8,137.8,137.8,6,17,
2026-08-02 05:01:44,743171,3080890,Game 2: Both Teams Slay Baron Nashor?,prop,2,2026-08-02 09:00:00,238.3,No,108803668491182996837603862297644304800157763391612368018956973445451172755496,0.69,0.94,0.815,0.25,306.72,306.72,306.72,1893.56,1976.39,5297.55,17,6,
2026-08-02 05:01:44,743171,3080891,Game 2: Both Teams Slay a Dragon?,prop,2,2026-08-02 09:00:00,238.3,Yes,84534990004299275896440102423142890690095695216677311002820521227339633761635,0.55,0.76,0.655,0.21,306.72,306.72,306.72,740.91,740.91,749.44,17,14,
2026-08-02 05:01:44,743171,3080891,Game 2: Both Teams Slay a Dragon?,prop,2,2026-08-02 09:00:00,238.3,No,44675126460827447331087863813212120760273712432385250168000125858664241630017,0.24,0.45,0.345,0.21,222.61,222.61,224.61,250.95,250.95,250.95,14,17,
2026-08-02 05:01:44,743171,3080892,Game 2: Both Teams Destroy Inhibitors?,prop,2,2026-08-02 09:00:00,238.3,Yes,114102845265038100480782593257203209794901873158150307625471715728000052872174,0.04,0.25,0.145,0.21,0.94,5.31,5.31,102.24,102.24,102.24,4,15,
2026-08-02 05:01:44,743171,3080892,Game 2: Both Teams Destroy Inhibitors?,prop,2,2026-08-02 09:00:00,238.3,No,94871315313914126728202903205244749712837417559054111273776322338505471613491,0.75,0.96,0.855,0.21,306.72,306.72,306.72,26.3,350.1,350.1,15,4,
2026-08-02 05:01:44,743171,3080893,Game 2: Any Player Quadra Kill?,prop,2,2026-08-02 09:00:00,238.3,Yes,57905006688094222818030688073883212276777689077788670105511471139070843530803,0.07,0.5,0.285,0.43,283.36,283.36,299.12,283.36,283.36,283.36,4,14,
2026-08-02 05:01:44,743171,3080893,Game 2: Any Player Quadra Kill?,prop,2,2026-08-02 09:00:00,238.3,No,114066702084353566764798554471631632824137037728952509914491397842656420059010,0.5,0.93,0.715,0.43,283.36,283.36,283.36,3764.64,3764.64,4503.62,14,4,
2026-08-02 05:01:44,743171,3080894,Game 2: Any Player Penta Kill?,prop,2,2026-08-02 09:00:00,238.3,Yes,28757050355869817025741165051027865413949617310379714386507688948492100036034,0.02,0.49,0.255,0.47,283.96,283.96,283.96,302.47,302.47,302.47,2,15,
2026-08-02 05:01:44,743171,3080894,Game 2: Any Player Penta Kill?,prop,2,2026-08-02 09:00:00,238.3,No,69963070497586266732146872486887361681071141154440836131774892089342939661624,0.51,0.98,0.745,0.47,303.25,303.25,303.25,28087.04,28087.04,28087.04,15,2,
2026-08-02 05:01:44,743171,3080895,Game 2: Odd/Even Total Kills?,odd_even,2,2026-08-02 09:00:00,238.3,Odd,13591379414424060138784846886635604619914772696527344997672262128152968333763,0.49,0.51,0.5,0.02,150.33,209.22,565.03,174.62,226.3,618.17,21,20,
2026-08-02 05:01:44,743171,3080895,Game 2: Odd/Even Total Kills?,odd_even,2,2026-08-02 09:00:00,238.3,Even,82376420046513825036996346363838109509618966024273716754332521320359654315139,0.49,0.51,0.5,0.02,165.21,209.53,530.14,158.5,226.61,663.28,20,21,
2026-08-02 05:01:44,743171,3080896,Game 3: Both Teams Slay Baron Nashor?,prop,3,2026-08-02 09:00:00,238.3,Yes,43058724801095349461575204278248067512535619195056365784858591911556849882599,0.06,0.95,0.505,0.89,283.84,286.32,311.19,18.8,130.46,344.8,6,4,
2026-08-02 05:01:44,743171,3080896,Game 3: Both Teams Slay Baron Nashor?,prop,3,2026-08-02 09:00:00,238.3,No,13403694906561572021182856611081009107969528046380292044689456074894594588633,0.05,0.94,0.495,0.89,0.86,3.14,5.31,4448.42,4524.61,6414.68,4,6,
2026-08-02 05:01:44,743171,3080897,Game 3: Both Teams Slay a Dragon?,prop,3,2026-08-02 09:00:00,238.3,Yes,95934833420408487066676515367990394305626822679884803502374041244654654377423,0.05,0.78,0.415,0.73,0.87,3.27,5.54,1143.97,1143.97,1160.57,5,13,
2026-08-02 05:01:44,743171,3080897,Game 3: Both Teams Slay a Dragon?,prop,3,2026-08-02 09:00:00,238.3,No,109092078623885203709046207603114289353136946479228925545794073647298736571558,0.22,0.95,0.585,0.73,305.36,305.36,308.76,18.92,133.88,358.76,13,5,
2026-08-02 05:01:44,743171,3080898,Game 3: Both Teams Destroy Inhibitors?,prop,3,2026-08-02 09:00:00,238.3,Yes,82086147600691603611628748523578430898515084502790714316502140904123731219515,0.05,0.95,0.5,0.9,284.22,286.49,288.67,18.8,130.45,344.81,4,4,
2026-08-02 05:01:44,743171,3080898,Game 3: Both Teams Destroy Inhibitors?,prop,3,2026-08-02 09:00:00,238.3,No,57080078987421236952819750648401667548223534181692992953945813047040670194075,0.05,0.95,0.5,0.9,0.86,3.14,5.31,6819.44,6930.31,7146.23,4,4,
2026-08-02 05:01:44,743171,3080899,Game 3: Any Player Quadra Kill?,prop,3,2026-08-02 09:00:00,238.3,Yes,17479258016738558003675075009785218467463581479312410199178804584195423655430,0.07,0.98,0.525,0.91,283.36,283.36,299.12,232.4,232.4,232.4,4,2,
2026-08-02 05:01:44,743171,3080899,Game 3: Any Player Quadra Kill?,prop,3,2026-08-02 09:00:00,238.3,No,71930022793056900703938572650857967394482518406209496724003846565725302701297,0.02,0.93,0.475,0.91,2.6,2.6,2.6,3764.64,3764.64,4503.62,2,4,
2026-08-02 05:01:44,743171,3080900,Game 3: Any Player Penta Kill?,prop,3,2026-08-02 09:00:00,238.3,Yes,20863541200087242531589893761704057993976845234001397188844460939118282307638,0.05,0.98,0.515,0.93,28.65,29.15,312.61,232.4,232.4,232.4,3,2,
2026-08-02 05:01:44,743171,3080900,Game 3: Any Player Penta Kill?,prop,3,2026-08-02 09:00:00,238.3,No,104010494454991993251580594802164548586480447757321666507808496530002724003041,0.02,0.95,0.485,0.93,2.6,2.6,2.6,544.35,568.85,28631.39,2,3,
2026-08-02 05:01:44,743171,3080901,Game 3: Odd/Even Total Kills?,odd_even,3,2026-08-02 09:00:00,238.3,Odd,14353960755531159426094281564157590168539200311909831171635853684376241553965,0.49,0.51,0.5,0.02,150.33,209.22,565.03,174.62,226.3,618.17,21,20,
2026-08-02 05:01:44,743171,3080901,Game 3: Odd/Even Total Kills?,odd_even,3,2026-08-02 09:00:00,238.3,Even,35272242988350380178489105940811110158120807760119232825874523117957186916933,0.49,0.51,0.5,0.02,165.21,209.53,530.14,158.5,226.61,663.28,20,21,
2026-08-02 05:01:44,743171,3247351,First Blood in Game 2?,first_blood,2,2026-08-02 09:00:00,238.3,LNG Esports,60243159247222898548944078335655951584712100938145240094198819772203882869361,0.39,0.51,0.45,0.12,222.71,222.71,222.71,234.21,234.21,234.21,15,11,
2026-08-02 05:01:44,743171,3247351,First Blood in Game 2?,first_blood,2,2026-08-02 09:00:00,238.3,Invictus Gaming,30010388318090560346974523143556330989233851275035946796810430270242543637571,0.49,0.61,0.55,0.12,225.03,225.03,225.03,348.34,348.34,348.34,11,15,
2026-08-02 05:01:44,743171,3247350,First Blood in Game 1?,first_blood,1,2026-08-02 09:00:00,238.3,LNG Esports,6837022236050262449582216364135211599181821772518110651667211228541869348145,0.41,0.51,0.46,0.1,52.38,275.08,275.08,234.21,234.21,234.21,13,11,
2026-08-02 05:01:44,743171,3247350,First Blood in Game 1?,first_blood,1,2026-08-02 09:00:00,238.3,Invictus Gaming,89550996007494518611684100726972460226325627586035404916832798355508487357348,0.49,0.59,0.54,0.1,225.03,225.03,225.03,77.62,425.97,425.97,11,13,
2026-08-02 05:01:44,743171,3247352,Total Kills Over/Under 30.5 in Game 2?,total_kills,2,2026-08-02 09:00:00,238.3,Over,88298484595281914352239059870292338667222484521731211318661838576444918679687,0.42,0.45,0.435,0.03,406.35,406.35,406.35,15.72,70.72,1099.41,10,17,16.701753
2026-08-02 05:01:44,743171,3247352,Total Kills Over/Under 30.5 in Game 2?,total_kills,2,2026-08-02 09:00:00,238.3,Under,38217417125598701285917566785225117131207297438256940711948323672696406231456,0.55,0.58,0.565,0.03,18.66,79.28,1134.29,583.52,583.52,583.52,17,10,16.701753
2026-08-02 05:01:44,743171,3247353,Total Kills Over/Under 30.5 in Game 1?,total_kills,1,2026-08-02 09:00:00,238.3,Over,50106188925521078535282573965611606854996840223325430071085270132003555909260,0.42,0.45,0.435,0.03,221.0,428.79,428.79,4274.03,4745.15,5124.49,12,14,16.413792
2026-08-02 05:01:44,743171,3247353,Total Kills Over/Under 30.5 in Game 1?,total_kills,1,2026-08-02 09:00:00,238.3,Under,75541867021947396106730952542539720001153212109669926230486401340538156123951,0.55,0.58,0.565,0.03,5046.04,5577.3,5964.49,316.8,628.48,628.48,14,12,16.413792
2026-08-02 05:01:44,743171,3247354,Total Kills Over/Under 27.5 in Game 2?,total_kills,2,2026-08-02 09:00:00,238.3,Over,51146540352557297178527941122655826755968886808628579134513850317472805832603,0.56,0.59,0.575,0.03,28.0,445.56,445.56,9.22,24.47,723.97,13,12,
2026-08-02 05:01:44,743171,3247354,Total Kills Over/Under 27.5 in Game 2?,total_kills,2,2026-08-02 09:00:00,238.3,Under,63016173037310715849691062634003262606205900177631212934439242359284953820507,0.41,0.44,0.425,0.03,6.4,16.15,418.07,22.0,385.3,385.3,12,13,
2026-08-02 05:01:44,743171,3247355,Total Kills Over/Under 27.5 in Game 1?,total_kills,1,2026-08-02 09:00:00,238.3,Over,42198956340145679217446932380790459403280756645167729912328189878281220990092,0.56,0.6,0.58,0.04,39.0,256.56,256.56,53.72,224.69,583.65,13,14,210.974129
2026-08-02 05:01:44,743171,3247355,Total Kills Over/Under 27.5 in Game 1?,total_kills,1,2026-08-02 09:00:00,238.3,Under,20063801928328775496333872326406277649479489739628732463076882597980683577347,0.4,0.44,0.42,0.04,35.66,137.12,339.04,31.0,223.93,223.93,14,13,210.974129
2026-08-02 05:01:44,777488,3242490,LoL: Team Secret Whales vs CTBC Flying Oyster - Game 1 Winner,map,1,2026-08-02 09:00:00,238.3,Team Secret Whales,57816135160094022782874503244385532147531078139344598994417283900284035426820,0.69,0.7,0.695,0.01,2493.22,3783.6,5266.41,1394.96,2617.69,2673.19,43,23,5200.445763
2026-08-02 05:01:44,777488,3242490,LoL: Team Secret Whales vs CTBC Flying Oyster - Game 1 Winner,map,1,2026-08-02 09:00:00,238.3,CTBC Flying Oyster,84525189896438327520655187935169481308459424715925764328357460907711373179800,0.3,0.31,0.305,0.01,581.09,1047.83,1066.33,1137.89,1798.51,2615.31,23,43,5200.445763
2026-08-02 05:01:44,777488,3242491,LoL: Team Secret Whales vs CTBC Flying Oyster - Game 2 Winner,map,2,2026-08-02 09:00:00,238.3,Team Secret Whales,76754270586622647838553050894322356828736663824016826309100304606981037399491,0.69,0.7,0.695,0.01,12754.4,13977.46,17071.68,1961.64,2820.62,3755.24,29,23,3599.806478
2026-08-02 05:01:44,777488,3242491,LoL: Team Secret Whales vs CTBC Flying Oyster - Game 2 Winner,map,2,2026-08-02 09:00:00,238.3,CTBC Flying Oyster,56489067258837645781761923067126853043573144817614127530708055679301943559747,0.3,0.31,0.305,0.01,818.88,1145.98,1473.36,5739.1,6365.04,8067.82,23,29,3599.806478
2026-08-02 05:01:44,777488,3242492,LoL: Team Secret Whales vs CTBC Flying Oyster - Game 3 Winner,map,3,2026-08-02 09:00:00,238.3,Team Secret Whales,84515801993639805002213409467397361469609977446389163532328974026080706324919,0.68,0.69,0.685,0.01,4103.64,4878.73,6128.75,622.2,1753.36,2651.46,31,25,2237.9885059999997
2026-08-02 05:01:44,777488,3242492,LoL: Team Secret Whales vs CTBC Flying Oyster - Game 3 Winner,map,3,2026-08-02 09:00:00,238.3,CTBC Flying Oyster,47042936553385792822224572984994946197580344579724406299806966214605938841010,0.31,0.32,0.315,0.01,270.19,729.96,1046.86,1946.35,2358.26,3072.85,25,31,2237.9885059999997
2026-08-02 05:01:44,777488,3242493,LoL: Team Secret Whales vs CTBC Flying Oyster - Game 4 Winner,map,4,2026-08-02 09:00:00,238.3,Team Secret Whales,17395249853885279779595095236555902153584780476668506281725665988013712809726,0.62,0.66,0.64,0.04,3.1,3.1,3.1,251.55,268.55,268.55,15,16,
2026-08-02 05:01:44,777488,3242493,LoL: Team Secret Whales vs CTBC Flying Oyster - Game 4 Winner,map,4,2026-08-02 09:00:00,238.3,CTBC Flying Oyster,23823319113389303220072115291412712888961208930402594759139448658235209413419,0.34,0.38,0.36,0.04,128.45,136.45,136.45,1.9,1.9,1.9,16,17,
2026-08-02 05:01:44,777488,3242494,LoL: Team Secret Whales vs CTBC Flying Oyster (BO5) - LCP Group Stage,series,,2026-08-02 09:00:00,238.3,Team Secret Whales,112783488403942180959201845594818467757376330196707325388108787976324977051994,0.78,0.79,0.785,0.01,2953.21,8414.88,9682.41,2010.89,10203.03,15533.49,43,18,11644.331577999998
2026-08-02 05:01:44,777488,3242494,LoL: Team Secret Whales vs CTBC Flying Oyster (BO5) - LCP Group Stage,series,,2026-08-02 09:00:00,238.3,CTBC Flying Oyster,80452513973028868846592325693720987068814405760226652643682462266126569090751,0.21,0.22,0.215,0.01,516.46,2375.97,3454.5,866.65,2639.34,3094.55,18,43,11644.331577999998
2026-08-02 05:01:44,777488,3242495,Games Total: O/U 3.5,total_games,,2026-08-02 09:00:00,238.3,Over,72300793668187151319904900646523978702528656649138144719405721411224244932759,0.6,0.61,0.605,0.01,1094.43,1538.62,1608.06,6347.43,7597.63,10128.32,36,26,16906.512874
2026-08-02 05:01:44,777488,3242495,Games Total: O/U 3.5,total_games,,2026-08-02 09:00:00,238.3,Under,108846093590840099798675088484086990239416212941859949463132166956349912927328,0.39,0.4,0.395,0.01,3892.65,4597.45,5939.04,740.49,1072.3,1126.86,26,36,16906.512874
2026-08-02 05:01:44,777488,3242496,Games Total: O/U 4.5,total_games,,2026-08-02 09:00:00,238.3,Over,41270598835424749763955996134684705831927348554403922237902670916734253760669,0.25,0.29,0.27,0.04,274.35,515.79,1142.66,126.23,2241.62,2791.44,22,26,438.601229
2026-08-02 05:01:44,777488,3242496,Games Total: O/U 4.5,total_games,,2026-08-02 09:00:00,238.3,Under,58036605262601096265076118672464791582934640975043365706485191229520811754504,0.71,0.75,0.73,0.04,300.07,4982.77,6067.07,857.86,1670.01,4075.86,26,22,438.601229
2026-08-02 05:01:44,777488,3242497,Game Handicap: TSW (-1.5) vs CTBC Flying Oyster (+1.5),handicap,,2026-08-02 09:00:00,238.3,Team Secret Whales,32382395346852847254940176658456928989693539675636369896177890938863430973471,0.59,0.6,0.595,0.01,803.13,1034.44,1108.69,272.9,446.61,1273.5,24,24,970.2393390000001
2026-08-02 05:01:44,777488,3242497,Game Handicap: TSW (-1.5) vs CTBC Flying Oyster (+1.5),handicap,,2026-08-02 09:00:00,238.3,CTBC Flying Oyster,100488374296241339245601316885665517849468025397031180189081751660277427925981,0.4,0.41,0.405,0.01,177.1,281.97,733.42,571.64,749.33,810.08,24,24,970.2393390000001
2026-08-02 05:01:44,777488,3242498,Game Handicap: TSW (-2.5) vs CTBC Flying Oyster (+2.5),handicap,,2026-08-02 09:00:00,238.3,Team Secret Whales,113785065335733646850554173514575073744283113436526505373350557814155497649710,0.32,0.33,0.325,0.01,584.34,781.63,951.9,271.08,4678.28,4986.23,23,21,
2026-08-02 05:01:44,777488,3242498,Game Handicap: TSW (-2.5) vs CTBC Flying Oyster (+2.5),handicap,,2026-08-02 09:00:00,238.3,CTBC Flying Oyster,48978565648481124587937191466931712596305440574862248418236250218292279628778,0.67,0.68,0.675,0.01,530.92,8692.72,9217.07,1299.86,1773.57,2223.3,21,23,
2026-08-02 05:01:44,777488,3242499,First Blood in Game 1?,first_blood,1,2026-08-02 09:00:00,238.3,Team Secret Whales,76176078641731935731407391491918258824551828061896501211344144386956805092975,0.08,0.94,0.51,0.86,19.0,19.0,21.48,196.23,260.9,497.89,5,4,
2026-08-02 05:01:44,777488,3242499,First Blood in Game 1?,first_blood,1,2026-08-02 09:00:00,238.3,CTBC Flying Oyster,79926504409492097448700203434558369884286074924495139692775212278480677723997,0.06,0.92,0.49,0.86,12.43,14.43,16.83,223.85,223.85,283.26,4,5,
2026-08-02 05:01:44,777488,3242500,First Blood in Game 2?,first_blood,2,2026-08-02 09:00:00,238.3,Team Secret Whales,36489252949572354156656199551729160308186523946897457577059925673343287272299,0.08,0.94,0.51,0.86,19.0,19.4,21.4,196.24,260.91,497.85,6,4,
2026-08-02 05:01:44,777488,3242500,First Blood in Game 2?,first_blood,2,2026-08-02 09:00:00,238.3,CTBC Flying Oyster,41441351191959256667490566084942834037356753172268181893268992272913894336542,0.06,0.92,0.49,0.86,12.43,14.43,16.83,223.85,231.54,279.54,4,6,
2026-08-02 05:01:44,777488,3242501,First Blood in Game 3?,first_blood,3,2026-08-02 09:00:00,238.3,Team Secret Whales,51387227749511496517739619622948981783625570831940292175844395205249838839414,0.08,0.94,0.51,0.86,19.0,19.44,21.44,197.82,262.49,491.13,6,4,
2026-08-02 05:01:44,777488,3242501,First Blood in Game 3?,first_blood,3,2026-08-02 09:00:00,238.3,CTBC Flying Oyster,84632537644270832286015097395506359851243798486843821606676215361948288717549,0.04,0.92,0.48,0.88,10.0,12.16,12.16,223.85,232.15,280.15,3,6,
2026-08-02 05:01:44,777488,3242502,First Blood in Game 4?,first_blood,4,2026-08-02 09:00:00,238.3,Team Secret Whales,26403362042709478831403732734420297091029668631643299281933862415028319195845,0.07,0.95,0.51,0.88,14.36,14.36,18.6,199.72,303.41,525.57,5,5,
2026-08-02 05:01:44,777488,3242502,First Blood in Game 4?,first_blood,4,2026-08-02 09:00:00,238.3,CTBC Flying Oyster,78664000157232051786555474526526297891608214826219451729845556414941361620072,0.05,0.93,0.49,0.88,8.41,10.58,12.83,191.7,191.7,362.01,5,5,
2026-08-02 05:01:44,777488,3242503,First Blood in Game 5?,first_blood,5,2026-08-02 09:00:00,238.3,Team Secret Whales,834669630360787795479739857530823000511290028945919271243926672811370607927,0.05,0.96,0.505,0.91,10.47,12.67,14.83,205.45,525.52,525.52,4,4,
2026-08-02 05:01:44,777488,3242503,First Blood in Game 5?,first_blood,5,2026-08-02 09:00:00,238.3,CTBC Flying Oyster,65911608945563935626405953820602536931093222068386319298304085216125067913390,0.04,0.95,0.495,0.91,6.48,10.83,10.83,201.19,309.39,522.45,4,4,
2026-08-02 05:01:44,777488,3242504,Game 1: Both Teams Slay Baron Nashor?,prop,1,2026-08-02 09:00:00,238.3,Yes,82109122910205671204306244277178071377513852655530705652340200553652435919932,0.06,0.5,0.28,0.44,283.69,285.69,330.85,283.36,283.36,283.36,5,16,
2026-08-02 05:01:44,777488,3242504,Game 1: Both Teams Slay Baron Nashor?,prop,1,2026-08-02 09:00:00,238.3,No,8656473897653034280876081254915519555589552805581412905695564407944608476083,0.5,0.94,0.72,0.44,283.36,283.36,283.36,5389.06,5453.73,9906.86,16,5,
2026-08-02 05:01:44,777488,3242505,Game 1: Both Teams Slay a Dragon?,prop,1,2026-08-02 09:00:00,238.3,Yes,32626544758206927715646495093041485141420312943142351104342214354013341427211,0.5,0.8,0.65,0.3,283.36,283.36,283.36,1133.44,1133.44,1234.44,14,12,
2026-08-02 05:01:44,777488,3242505,Game 1: Both Teams Slay a Dragon?,prop,1,2026-08-02 09:00:00,238.3,No,80774928191498242889000864528879279007331491946982563338725522451307658906911,0.2,0.5,0.35,0.3,283.36,283.36,302.36,283.36,283.36,283.36,12,14,
2026-08-02 05:01:44,777488,3242506,Game 1: Both Teams Destroy Inhibitors?,prop,1,2026-08-02 09:00:00,238.3,Yes,57878958722771259702191587377488008562321366597374420142934676314494035042365,0.04,0.5,0.27,0.46,283.82,288.19,288.19,283.36,283.36,283.36,4,16,
2026-08-02 05:01:44,777488,3242506,Game 1: Both Teams Destroy Inhibitors?,prop,1,2026-08-02 09:00:00,238.3,No,21832488090938789009014145975002941333458675765934334105525825321941495893189,0.5,0.96,0.73,0.46,283.36,283.36,283.36,9172.97,9495.13,9495.13,16,4,
2026-08-02 05:01:44,777488,3242507,Game 1: Any Player Quadra Kill?,prop,1,2026-08-02 09:00:00,238.3,Yes,67477697003412425735721846146861340830375928748646316394267430844610313516048,0.04,0.5,0.27,0.46,283.36,287.41,287.41,283.36,283.36,283.36,3,15,
2026-08-02 05:01:44,777488,3242507,Game 1: Any Player Quadra Kill?,prop,1,2026-08-02 09:00:00,238.3,No,28230089652834458564403191383477251350363400530987830673659176513834216998402,0.5,0.96,0.73,0.46,283.36,283.36,283.36,6800.64,7101.59,7101.59,15,3,
2026-08-02 05:01:44,777488,3242508,Game 1: Any Player Penta Kill?,prop,1,2026-08-02 09:00:00,238.3,Yes,107955397088245341609588127643872420201219088994892330576848052323418067304337,0.01,0.5,0.255,0.49,283.41,283.41,283.41,283.36,283.36,283.36,1,13,
2026-08-02 05:01:44,777488,3242508,Game 1: Any Player Penta Kill?,prop,1,2026-08-02 09:00:00,238.3,No,2298327095866923872370786527525373223496154978975697230366979542666694010210,0.5,0.99,0.745,0.49,283.36,283.36,283.36,28057.59,28057.59,28057.59,13,1,
2026-08-02 05:01:44,777488,3242509,Game 1: Odd/Even Total Kills?,odd_even,1,2026-08-02 09:00:00,238.3,Odd,35669069441156880233120397229339609857600763115115367527463035031810099918812,0.49,0.51,0.5,0.02,40.16,40.16,324.77,42.13,42.13,390.0,17,17,
2026-08-02 05:01:44,777488,3242509,Game 1: Odd/Even Total Kills?,odd_even,1,2026-08-02 09:00:00,238.3,Even,34134996380998562744373466212898094506013127989415722436188379079216550283869,0.49,0.51,0.5,0.02,40.16,40.16,324.77,42.13,42.13,390.0,17,17,
2026-08-02 05:01:44,777488,3242510,Game 2: Both Teams Slay Baron Nashor?,prop,2,2026-08-02 09:00:00,238.3,Yes,55612768283885555444235128339818004633987486785078428271354240018837438415172,0.06,0.5,0.28,0.44,283.69,285.69,330.95,283.36,283.36,283.36,5,15,
2026-08-02 05:01:44,777488,3242510,Game 2: Both Teams Slay Baron Nashor?,prop,2,2026-08-02 09:00:00,238.3,No,68013453411200942378083783109699621850836566027632710988233618904681638059009,0.5,0.94,0.72,0.44,283.36,283.36,283.36,5389.06,5453.73,9916.76,15,5,
2026-08-02 05:01:44,777488,3242511,Game 2: Both Teams Slay a Dragon?,prop,2,2026-08-02 09:00:00,238.3,Yes,25268472604044033644155788644394470811008223675152420568627576739918797975853,0.5,0.8,0.65,0.3,283.36,283.36,283.36,1133.44,1133.44,1234.44,15,12,
2026-08-02 05:01:44,777488,3242511,Game 2: Both Teams Slay a Dragon?,prop,2,2026-08-02 09:00:00,238.3,No,77287086054106107892849953648996922577643407952016836727589125254557669820384,0.2,0.5,0.35,0.3,283.36,283.36,302.36,283.36,283.36,283.36,12,15,
2026-08-02 05:01:44,777488,3242512,Game 2: Both Teams Destroy Inhibitors?,prop,2,2026-08-02 09:00:00,238.3,Yes,63116409037166805607386548449789060242417387308976504409836409960705425478823,0.04,0.5,0.27,0.46,283.82,288.19,288.19,283.36,283.36,283.36,4,16,
2026-08-02 05:01:44,777488,3242512,Game 2: Both Teams Destroy Inhibitors?,prop,2,2026-08-02 09:00:00,238.3,No,39912666918280641726206692277388061035907575339250897177186125313578834705787,0.5,0.96,0.73,0.46,283.36,283.36,283.36,9172.97,9495.13,9495.13,16,4,
2026-08-02 05:01:44,777488,3242513,Game 2: Any Player Quadra Kill?,prop,2,2026-08-02 09:00:00,238.3,Yes,4263276727264114878405602649464265427324668856183212750657142386269218822063,0.04,0.5,0.27,0.46,283.36,287.41,287.41,283.36,283.36,283.36,3,16,
2026-08-02 05:01:44,777488,3242513,Game 2: Any Player Quadra Kill?,prop,2,2026-08-02 09:00:00,238.3,No,69576406192413665870026391300739965527689631644663907015579261971162988093260,0.5,0.96,0.73,0.46,283.36,283.36,283.36,6800.64,7101.59,7101.59,16,3,
2026-08-02 05:01:44,777488,3242514,Game 2: Any Player Penta Kill?,prop,2,2026-08-02 09:00:00,238.3,Yes,43770092129906284304701955036555378708763006374885907543692653722330039935327,0.01,0.5,0.255,0.49,283.41,283.41,283.41,283.36,283.36,283.36,1,14,
2026-08-02 05:01:44,777488,3242514,Game 2: Any Player Penta Kill?,prop,2,2026-08-02 09:00:00,238.3,No,74726305910172583187002718614853277500984547126354509426874700736506549207136,0.5,0.99,0.745,0.49,283.36,283.36,283.36,28057.59,28057.59,28057.59,14,1,
2026-08-02 05:01:44,777488,3242515,Game 2: Odd/Even Total Kills?,odd_even,2,2026-08-02 09:00:00,238.3,Odd,103037412618351337232072591960970068480196116485177890660027371606071064402503,0.49,0.51,0.5,0.02,40.16,40.16,324.77,42.13,42.13,390.0,17,16,
2026-08-02 05:01:44,777488,3242515,Game 2: Odd/Even Total Kills?,odd_even,2,2026-08-02 09:00:00,238.3,Even,21504247401034643293987946442807585229564406903469081575863274634549998426270,0.49,0.51,0.5,0.02,40.16,40.16,324.77,42.13,42.13,390.0,16,17,
2026-08-02 05:01:44,777488,3242516,Game 3: Both Teams Slay Baron Nashor?,prop,3,2026-08-02 09:00:00,238.3,Yes,77261832545549908030973621817519973235104059699203340241975578117008694094853,0.23,0.5,0.365,0.27,2.3,3.33,7.15,283.36,283.36,283.36,13,16,
2026-08-02 05:01:44,777488,3242516,Game 3: Both Teams Slay Baron Nashor?,prop,3,2026-08-02 09:00:00,238.3,No,29942351581814803281652827273469223353222947387494284759002648389231015275294,0.5,0.77,0.635,0.27,283.36,283.36,283.36,7.7,11.8,28.64,16,13,
2026-08-02 05:01:44,777488,3242517,Game 3: Both Teams Slay a Dragon?,prop,3,2026-08-02 09:00:00,238.3,Yes,70360398388455874266173213101286288923272398726265240438392772127722997448610,0.5,0.8,0.65,0.3,283.36,283.36,283.36,1133.44,1133.44,1234.44,14,12,
2026-08-02 05:01:44,777488,3242517,Game 3: Both Teams Slay a Dragon?,prop,3,2026-08-02 09:00:00,238.3,No,52845035201587624459438845665250473929029108844112614651935527390501033762970,0.2,0.5,0.35,0.3,283.36,283.36,302.36,283.36,283.36,283.36,12,14,
2026-08-02 05:01:44,777488,3242518,Game 3: Both Teams Destroy Inhibitors?,prop,3,2026-08-02 09:00:00,238.3,Yes,48977884461727248822212570858195208609516394659009807088507571955717291664697,0.04,0.5,0.27,0.46,283.82,288.19,288.19,283.36,283.36,283.36,4,16,
2026-08-02 05:01:44,777488,3242518,Game 3: Both Teams Destroy Inhibitors?,prop,3,2026-08-02 09:00:00,238.3,No,3671363479438694358741463992296651772042853610335646218578791290024782364582,0.5,0.96,0.73,0.46,283.36,283.36,283.36,9172.97,9495.13,9495.13,16,4,
2026-08-02 05:01:44,777488,3242519,Game 3: Any Player Quadra Kill?,prop,3,2026-08-02 09:00:00,238.3,Yes,34118162061878728840353980643835530411234963147751984212557794644941270882141,0.04,0.5,0.27,0.46,283.36,287.41,287.41,283.36,283.36,283.36,3,15,
2026-08-02 05:01:44,777488,3242519,Game 3: Any Player Quadra Kill?,prop,3,2026-08-02 09:00:00,238.3,No,86065855012286708999355496026724666479399944731814351003162910211369043270293,0.5,0.96,0.73,0.46,283.36,283.36,283.36,6800.64,7101.59,7101.59,15,3,
2026-08-02 05:01:44,777488,3242520,Game 3: Any Player Penta Kill?,prop,3,2026-08-02 09:00:00,238.3,Yes,7866906399859507715969236577162534049067328151038482266868129384413531393152,0.01,0.5,0.255,0.49,283.41,283.41,283.41,283.36,283.36,283.36,1,14,
2026-08-02 05:01:44,777488,3242520,Game 3: Any Player Penta Kill?,prop,3,2026-08-02 09:00:00,238.3,No,102658700344398947639358052865470104625417791083949106731139967674354429925933,0.5,0.99,0.745,0.49,283.36,283.36,283.36,28057.59,28057.59,28057.59,14,1,
2026-08-02 05:01:44,777488,3242521,Game 3: Odd/Even Total Kills?,odd_even,3,2026-08-02 09:00:00,238.3,Odd,1920707057826196000729146751630790521705346214735121429259525852560003610959,0.49,0.51,0.5,0.02,40.16,40.16,324.77,42.13,42.13,390.0,17,16,
2026-08-02 05:01:44,777488,3242521,Game 3: Odd/Even Total Kills?,odd_even,3,2026-08-02 09:00:00,238.3,Even,88647646668802236136158789088602771719271626586223927818625588950998518629396,0.49,0.51,0.5,0.02,40.16,40.16,324.77,42.13,42.13,390.0,16,17,
2026-08-02 05:01:44,777488,3242522,Game 4: Both Teams Slay Baron Nashor?,prop,4,2026-08-02 09:00:00,238.3,Yes,6873310937397978516694146619025168230374666020537337469477629007465955183743,0.06,0.96,0.51,0.9,284.31,286.31,311.21,27.07,350.89,350.89,5,4,
2026-08-02 05:01:44,777488,3242522,Game 4: Both Teams Slay Baron Nashor?,prop,4,2026-08-02 09:00:00,238.3,No,18528193578631301586757620009046134047287063337847150764636556627738796525677,0.04,0.94,0.49,0.9,0.96,5.31,5.31,5400.34,5465.01,7917.35,4,5,
2026-08-02 05:01:44,777488,3242523,Game 4: Both Teams Slay a Dragon?,prop,4,2026-08-02 09:00:00,238.3,Yes,96239155610116234593629625855692533038529442254365233884566866984317744705509,0.47,0.78,0.625,0.31,283.36,283.36,283.36,1004.64,1004.64,1087.64,16,12,
2026-08-02 05:01:44,777488,3242523,Game 4: Both Teams Slay a Dragon?,prop,4,2026-08-02 09:00:00,238.3,No,90285335797042713137455027317662316028781926407963078036017792314080482210785,0.22,0.53,0.375,0.31,283.36,283.36,300.36,319.53,319.53,319.53,12,16,
2026-08-02 05:01:44,777488,3242524,Game 4: Both Teams Destroy Inhibitors?,prop,4,2026-08-02 09:00:00,238.3,Yes,48163120894888470133224563494374860224939916137694150453600458084315949778552,0.05,0.96,0.505,0.91,0.99,286.56,288.73,27.04,351.05,351.05,5,4,
2026-08-02 05:01:44,777488,3242524,Game 4: Both Teams Destroy Inhibitors?,prop,4,2026-08-02 09:00:00,238.3,No,65932431344977836134599434113874579109665373405269201721000578030796735615779,0.04,0.95,0.495,0.91,0.96,5.31,5.31,21.12,9288.1,9503.14,4,5,
2026-08-02 05:01:44,777488,3242525,Game 4: Any Player Quadra Kill?,prop,4,2026-08-02 09:00:00,238.3,Yes,48766357627137420502706105015132880346460432230442156319595602374969708661549,0.04,0.99,0.515,0.95,283.84,287.89,287.89,54.45,54.45,54.45,3,1,
2026-08-02 05:01:44,777488,3242525,Game 4: Any Player Quadra Kill?,prop,4,2026-08-02 09:00:00,238.3,No,18525403907568398358634442213038306406008025802557700810805310510796193654593,0.01,0.96,0.485,0.95,0.55,0.55,0.55,6812.16,7113.11,7113.11,1,3,
2026-08-02 05:01:44,777488,3242526,Game 4: Any Player Penta Kill?,prop,4,2026-08-02 09:00:00,238.3,Yes,19394836216636086747323946701502339652056897814910961334615459750970271377627,0.02,0.99,0.505,0.97,283.91,283.91,283.91,54.45,54.45,54.45,2,1,
2026-08-02 05:01:44,777488,3242526,Game 4: Any Player Penta Kill?,prop,4,2026-08-02 09:00:00,238.3,No,77617476762299404152229581594197755071733954493565526877252600348180953619678,0.01,0.98,0.495,0.97,0.55,0.55,0.55,28082.09,28082.09,28082.09,1,2,
2026-08-02 05:01:44,777488,3242527,Game 4: Odd/Even Total Kills?,odd_even,4,2026-08-02 09:00:00,238.3,Odd,75890811262287504237425106759452740916618553387886440572460885740958767693338,0.49,0.51,0.5,0.02,40.16,40.16,324.77,42.13,42.13,390.0,17,17,
2026-08-02 05:01:44,777488,3242527,Game 4: Odd/Even Total Kills?,odd_even,4,2026-08-02 09:00:00,238.3,Even,40203519400324083604706318923535091108485909332610733820589745001578236397688,0.49,0.51,0.5,0.02,40.16,40.16,324.77,42.13,42.13,390.0,17,17,
2026-08-02 05:01:44,777488,3242528,Game 5: Both Teams Slay Baron Nashor?,prop,5,2026-08-02 09:00:00,238.3,Yes,104186574846046194155309906600223084379965802712970170251970070918848843932951,0.06,0.96,0.51,0.9,284.31,286.31,311.21,27.07,334.29,334.29,5,4,
2026-08-02 05:01:44,777488,3242528,Game 5: Both Teams Slay Baron Nashor?,prop,5,2026-08-02 09:00:00,238.3,No,44568387720142730000305788491821524810776472201185044840726633879733839536191,0.04,0.94,0.49,0.9,0.96,5.14,5.14,5400.34,5465.01,7919.15,4,5,
2026-08-02 05:01:44,777488,3242529,Game 5: Both Teams Slay a Dragon?,prop,5,2026-08-02 09:00:00,238.3,Yes,54544138229268547953418063615196800890163147773712824803820035680061760701050,0.47,0.78,0.625,0.31,283.36,283.36,283.36,1004.64,1004.64,1087.64,15,12,
2026-08-02 05:01:44,777488,3242529,Game 5: Both Teams Slay a Dragon?,prop,5,2026-08-02 09:00:00,238.3,No,53447488034486623877755199848802236783776818988628965858466891919045843609954,0.22,0.53,0.375,0.31,283.36,283.36,300.36,319.53,319.53,319.53,12,15,
2026-08-02 05:01:44,777488,3242530,Game 5: Both Teams Destroy Inhibitors?,prop,5,2026-08-02 09:00:00,238.3,Yes,84869567834213737240677422708123444482993918363118298390918236083835009666609,0.05,0.96,0.505,0.91,0.99,286.56,288.73,27.04,351.05,351.05,5,4,
2026-08-02 05:01:44,777488,3242530,Game 5: Both Teams Destroy Inhibitors?,prop,5,2026-08-02 09:00:00,238.3,No,104976994634744610010863109018357776671427542050125895407506044873394977608708,0.04,0.95,0.495,0.91,0.96,5.31,5.31,21.12,9288.1,9503.14,4,5,
2026-08-02 05:01:44,777488,3242531,Game 5: Any Player Quadra Kill?,prop,5,2026-08-02 09:00:00,238.3,Yes,112263471871122883811989362359978174259181855748395775051704344415387145260011,0.04,0.99,0.515,0.95,283.84,287.89,287.89,54.45,54.45,54.45,3,1,
2026-08-02 05:01:44,777488,3242531,Game 5: Any Player Quadra Kill?,prop,5,2026-08-02 09:00:00,238.3,No,23403007836943947744681510349247280485072978781656882287837068216480509913554,0.01,0.96,0.485,0.95,0.55,0.55,0.55,6812.16,7113.11,7113.11,1,3,
2026-08-02 05:01:44,777488,3242532,Game 5: Any Player Penta Kill?,prop,5,2026-08-02 09:00:00,238.3,Yes,7891418895463379286896718967151686623053177620483355975797781050656729426108,0.02,0.99,0.505,0.97,283.91,283.91,283.91,54.45,54.45,54.45,2,1,
2026-08-02 05:01:44,777488,3242532,Game 5: Any Player Penta Kill?,prop,5,2026-08-02 09:00:00,238.3,No,40631958773724129659751950295215568541920435781148650011271912559562887183213,0.01,0.98,0.495,0.97,0.55,0.55,0.55,28082.09,28082.09,28082.09,1,2,
2026-08-02 05:01:44,777488,3242533,Game 5: Odd/Even Total Kills?,odd_even,5,2026-08-02 09:00:00,238.3,Odd,4903397286428577336062410414826833960093510373539643042803989813745818534711,0.49,0.51,0.5,0.02,40.16,40.16,324.77,42.13,42.13,390.0,17,17,
2026-08-02 05:01:44,777488,3242533,Game 5: Odd/Even Total Kills?,odd_even,5,2026-08-02 09:00:00,238.3,Even,111090787906032420752717008529204938088570636434274863773273409629924503578782,0.49,0.51,0.5,0.02,40.16,40.16,324.77,42.13,42.13,390.0,17,17,
2026-08-02 06:46:27,720804,2985831,LoL: DN SOOPers vs HANJIN BRION - Game 1 Winner,map,1,2026-08-02 08:00:00,73.5,DN SOOPers,42936850482651914409277495257882545988254142261829548050889622816919312279771,0.35,0.36,0.355,0.01,3590.33,7024.16,10088.99,11498.48,16532.66,17627.59,25,27,4521.096912999999
2026-08-02 06:46:27,720804,2985831,LoL: DN SOOPers vs HANJIN BRION - Game 1 Winner,map,1,2026-08-02 08:00:00,73.5,HANJIN BRION,72300873521014331315996822988962847480647045255728209596012804322177150285029,0.64,0.65,0.645,0.01,20406.43,28479.53,30057.6,6944.28,13924.5,20948.6,27,25,4521.096912999999
2026-08-02 06:46:27,720804,2985832,LoL: DN SOOPers vs HANJIN BRION - Game 2 Winner,map,2,2026-08-02 08:00:00,73.5,DN SOOPers,6293002078450018823745497893356590572289968249157219729289882040976874389242,0.33,0.34,0.335,0.01,2994.06,5815.48,6048.35,9581.3,10244.33,11527.16,25,44,13583.249449000003
2026-08-02 06:46:27,720804,2985832,LoL: DN SOOPers vs HANJIN BRION - Game 2 Winner,map,2,2026-08-02 08:00:00,73.5,HANJIN BRION,51651805320304444180996920139489385195635313821107581113327476476510601730075,0.66,0.67,0.665,0.01,17862.15,19008.93,21015.4,6085.55,12547.42,13117.55,44,25,13583.249449000003
2026-08-02 06:46:27,720804,2985833,LoL: DN SOOPers vs HANJIN BRION (BO3) - LCK Round 3-4 Rise Group,series,,2026-08-02 08:00:00,73.5,DN SOOPers,83920944565793264579009568668732470958333402189187686836848086059640655328512,0.29,0.3,0.295,0.01,42947.31,54132.39,58674.99,22968.14,42061.34,43980.91,22,63,136936.84531799998
2026-08-02 06:46:27,720804,2985833,LoL: DN SOOPers vs HANJIN BRION (BO3) - LCK Round 3-4 Rise Group,series,,2026-08-02 08:00:00,73.5,HANJIN BRION,90142340307548158680285244846463054791996473929800648630886781972830446829292,0.7,0.71,0.705,0.01,52887.67,93194.96,96852.93,108829.97,139412.51,153795.32,63,22,136936.84531799998
2026-08-02 06:46:27,720804,2985834,Games Total: O/U 2.5,total_games,,2026-08-02 08:00:00,73.5,Over,115763001589981841934227916705643778300336986478747747006478743351017049320215,0.43,0.44,0.435,0.01,708.5,3559.54,3698.38,608.21,12485.52,14709.96,17,19,599.5266379999999
2026-08-02 06:46:27,720804,2985834,Games Total: O/U 2.5,total_games,,2026-08-02 08:00:00,73.5,Under,91801222121802541444761121490344327534075944391096953237840309703647468371038,0.56,0.57,0.565,0.01,745.6,14225.99,16573.77,976.5,5172.94,5390.1,19,17,599.5266379999999
2026-08-02 06:46:27,720804,2985835,Game Handicap: BRO (-1.5) vs DN SOOPers (+1.5),handicap,,2026-08-02 08:00:00,73.5,HANJIN BRION,2478818261239720677086675483799167438612949482205213347168593674700102622629,0.43,0.44,0.435,0.01,18887.34,20574.91,24436.39,31347.88,51984.26,57621.46,25,28,61055.956469
2026-08-02 06:46:27,720804,2985835,Game Handicap: BRO (-1.5) vs DN SOOPers (+1.5),handicap,,2026-08-02 08:00:00,73.5,DN SOOPers,94834555477028424709848351439230010185388394524770172258089704477087868641163,0.56,0.57,0.565,0.01,38647.85,62401.64,68277.36,25731.76,28221.6,34504.94,28,25,61055.956469
2026-08-02 06:46:27,720804,2985836,Game 1: Both Teams Slay Baron Nashor?,prop,1,2026-08-02 08:00:00,73.5,Yes,44915640594729569087625676620306222412980590579084678991395292033371931560827,0.07,0.26,0.165,0.19,119.67,120.28,121.02,103.33,103.33,103.33,5,7,
2026-08-02 06:46:27,720804,2985836,Game 1: Both Teams Slay Baron Nashor?,prop,1,2026-08-02 08:00:00,73.5,No,37113967443673178032629187181708940461213139311985080295449837338299072323374,0.74,0.93,0.835,0.19,294.1,294.1,294.1,1589.88,1604.54,1632.97,7,5,
2026-08-02 06:46:27,720804,2985837,Game 1: Both Teams Slay a Dragon?,prop,1,2026-08-02 08:00:00,73.5,Yes,81561078706992361174610681826983342457210813688240521193883827615449787089945,0.63,0.78,0.705,0.15,291.51,291.51,291.51,8.58,757.7,757.7,7,7,
2026-08-02 06:46:27,720804,2985837,Game 1: Both Teams Slay a Dragon?,prop,1,2026-08-02 08:00:00,73.5,No,9907281152142873042160819340133770082139172884764291314030269990598666965984,0.22,0.37,0.295,0.15,2.42,178.14,178.14,171.2,171.2,171.2,7,7,
2026-08-02 06:46:27,720804,2985838,Game 1: Both Teams Destroy Inhibitors?,prop,1,2026-08-02 08:00:00,73.5,Yes,71475961584450706233230360574834962522669953698100028735480553421773518962446,0.06,0.2,0.13,0.14,1.45,2.32,3.71,73.49,73.49,73.49,5,7,
2026-08-02 06:46:27,720804,2985838,Game 1: Both Teams Destroy Inhibitors?,prop,1,2026-08-02 08:00:00,73.5,No,96176116817715510739061517798906786856670574020691174289854703473183525042907,0.8,0.94,0.87,0.14,293.96,293.96,293.96,22.75,47.57,167.82,7,5,
2026-08-02 06:46:27,720804,2985839,Game 1: Any Player Quadra Kill?,prop,1,2026-08-02 08:00:00,73.5,Yes,16493390525368333199018739796614614378465922969488141913346132696092540481996,0.07,0.5,0.285,0.43,283.36,283.36,283.86,283.36,283.36,283.36,3,4,
2026-08-02 06:46:27,720804,2985839,Game 1: Any Player Quadra Kill?,prop,1,2026-08-02 08:00:00,73.5,No,56347653585494781062554189637614748771006399122103141423346716304631011312144,0.5,0.93,0.715,0.43,283.36,283.36,283.36,3764.64,3764.64,3789.14,4,3,
2026-08-02 06:46:27,720804,2985840,Game 1: Any Player Penta Kill?,prop,1,2026-08-02 08:00:00,73.5,Yes,49668406403014705401245867535537092853662595481221175539691493508867265252416,0.02,0.49,0.255,0.47,283.96,283.96,283.96,302.47,302.47,302.47,2,6,
2026-08-02 06:46:27,720804,2985840,Game 1: Any Player Penta Kill?,prop,1,2026-08-02 08:00:00,73.5,No,392322018462975303761146965828888407897620802810361622816977224642104664346,0.51,0.98,0.745,0.47,303.25,303.25,303.25,28087.04,28087.04,28087.04,6,2,
2026-08-02 06:46:27,720804,2985841,Game 1: Odd/Even Total Kills?,odd_even,1,2026-08-02 08:00:00,73.5,Odd,64592549155132161597723277379753760434816316220798779424330799858113165111831,0.49,0.51,0.5,0.02,102.33,102.33,386.94,104.05,104.05,451.91,7,7,9.80392
2026-08-02 06:46:27,720804,2985841,Game 1: Odd/Even Total Kills?,odd_even,1,2026-08-02 08:00:00,73.5,Even,22354129330778337787211517449131111296157517049169544234741909359794225096802,0.49,0.51,0.5,0.02,99.97,99.97,384.59,106.5,106.5,454.37,7,7,9.80392
2026-08-02 06:46:27,720804,2985842,Game 2: Both Teams Slay Baron Nashor?,prop,2,2026-08-02 08:00:00,73.5,Yes,57194722881652722287778928856899256552760339229401704787654609080883199550511,0.07,0.26,0.165,0.19,119.67,120.19,121.02,103.33,103.33,103.33,5,6,
2026-08-02 06:46:27,720804,2985842,Game 2: Both Teams Slay Baron Nashor?,prop,2,2026-08-02 08:00:00,73.5,No,59374135450969641428260528220646082053630355448275032123355014422228661214328,0.74,0.93,0.835,0.19,294.1,294.1,294.1,1589.88,1602.36,1635.24,6,5,
2026-08-02 06:46:27,720804,2985843,Game 2: Both Teams Slay a Dragon?,prop,2,2026-08-02 08:00:00,73.5,Yes,16761207663700929763930895000870044109436239314614467819259826218322025602414,0.63,0.78,0.705,0.15,291.51,291.51,291.51,8.58,757.7,757.7,7,7,
2026-08-02 06:46:27,720804,2985843,Game 2: Both Teams Slay a Dragon?,prop,2,2026-08-02 08:00:00,73.5,No,91053011289502335373332454164570546553687856896383620203832129814970866007559,0.22,0.37,0.295,0.15,2.42,178.14,178.14,171.2,171.2,171.2,7,7,
2026-08-02 06:46:27,720804,2985844,Game 2: Both Teams Destroy Inhibitors?,prop,2,2026-08-02 08:00:00,73.5,Yes,72080657131222492875722184018671784613358675618683575643423920669409123373805,0.06,0.2,0.13,0.14,1.45,2.32,3.85,73.49,73.49,73.49,5,7,
2026-08-02 06:46:27,720804,2985844,Game 2: Both Teams Destroy Inhibitors?,prop,2,2026-08-02 08:00:00,73.5,No,76575595827436686508796323618238841350839192478819249193882303206472590522650,0.8,0.94,0.87,0.14,293.96,293.96,293.96,22.75,47.57,174.41,7,5,
2026-08-02 06:46:27,720804,2985845,Game 2: Any Player Quadra Kill?,prop,2,2026-08-02 08:00:00,73.5,Yes,76246363645423051975364496046855254236794026710696233410148462217483517468912,0.07,0.5,0.285,0.43,283.36,283.36,283.86,283.36,283.36,283.36,3,4,
2026-08-02 06:46:27,720804,2985845,Game 2: Any Player Quadra Kill?,prop,2,2026-08-02 08:00:00,73.5,No,82952967493967711298009068236655995385276954244991565434629591429951419785253,0.5,0.93,0.715,0.43,283.36,283.36,283.36,3764.64,3764.64,3789.14,4,3,
2026-08-02 06:46:27,720804,2985846,Game 2: Any Player Penta Kill?,prop,2,2026-08-02 08:00:00,73.5,Yes,32202589203000764524594958432996792352023689136584650862389425963534626513896,0.02,0.47,0.245,0.45,283.96,283.96,283.96,21.08,304.44,304.44,2,7,
2026-08-02 06:46:27,720804,2985846,Game 2: Any Player Penta Kill?,prop,2,2026-08-02 08:00:00,73.5,No,41247326107088233542428794448520019157752700819922175251278359525383173138072,0.53,0.98,0.755,0.45,23.62,306.98,306.98,28087.04,28087.04,28087.04,7,2,
2026-08-02 06:46:27,720804,2985847,Game 2: Odd/Even Total Kills?,odd_even,2,2026-08-02 08:00:00,73.5,Odd,14101125707317252499556366876532811859229089743435541998693959506889109440513,0.49,0.51,0.5,0.02,102.33,102.33,386.94,106.5,106.5,454.37,6,6,
2026-08-02 06:46:27,720804,2985847,Game 2: Odd/Even Total Kills?,odd_even,2,2026-08-02 08:00:00,73.5,Even,112433670667782516872456707749946291262697470726766165959272619193571438860014,0.49,0.51,0.5,0.02,102.33,102.33,386.94,106.5,106.5,454.37,6,6,
2026-08-02 06:46:27,720804,2985848,Game 3: Both Teams Slay Baron Nashor?,prop,3,2026-08-02 08:00:00,73.5,Yes,104136964712435805736220279460301224337589608756593979191221375998315537578826,0.07,0.95,0.51,0.88,285.31,285.56,286.14,32.85,64.22,106.05,6,5,
2026-08-02 06:46:27,720804,2985848,Game 3: Both Teams Slay Baron Nashor?,prop,3,2026-08-02 08:00:00,73.5,No,58227032133651406364524656801923559562496425913687094624385449611629670118018,0.05,0.93,0.49,0.88,1.48,2.4,2.82,4465.22,4471.22,4491.81,5,6,
2026-08-02 06:46:27,720804,2985849,Game 3: Both Teams Slay a Dragon?,prop,3,2026-08-02 08:00:00,73.5,Yes,62359769166445215506801265907978402615199925175015226504522160105921437334234,0.05,0.78,0.415,0.73,1.43,2.21,2.81,1074.55,1074.55,1074.55,4,5,
2026-08-02 06:46:27,720804,2985849,Game 3: Both Teams Slay a Dragon?,prop,3,2026-08-02 08:00:00,73.5,No,83654870348198823667332595091134305392760162249370758365244315399177123554265,0.22,0.95,0.585,0.73,285.78,285.78,285.78,32.15,57.11,117.1,5,4,
2026-08-02 06:46:27,720804,2985850,Game 3: Both Teams Destroy Inhibitors?,prop,3,2026-08-02 08:00:00,73.5,Yes,15560581673514295406323370069329485324079403980988726489321483925152219020603,0.07,0.96,0.515,0.89,1.9,285.55,286.03,51.08,98.09,98.09,5,4,
2026-08-02 06:46:27,720804,2985850,Game 3: Both Teams Destroy Inhibitors?,prop,3,2026-08-02 08:00:00,73.5,No,35084658982496356177161118423351755624835829136464432164708520782096827818976,0.04,0.93,0.485,0.89,1.82,2.35,2.35,28.73,6836.36,6851.88,4,5,
2026-08-02 06:46:27,720804,2985851,Game 3: Any Player Quadra Kill?,prop,3,2026-08-02 08:00:00,73.5,Yes,75468224762988852590066020869645592387061629400786739342571011064205596141274,0.07,0.98,0.525,0.91,283.36,283.36,283.86,34.4,34.4,34.4,3,2,
2026-08-02 06:46:27,720804,2985851,Game 3: Any Player Quadra Kill?,prop,3,2026-08-02 08:00:00,73.5,No,74647852821951903964313502511589443983089513099015021935729078044895223408021,0.02,0.93,0.475,0.91,0.6,0.6,0.6,3764.64,3764.64,3789.14,2,3,
2026-08-02 06:46:27,720804,2985852,Game 3: Any Player Penta Kill?,prop,3,2026-08-02 08:00:00,73.5,Yes,107684476421773351543830332455122213678091807083550082965983665787711393740939,0.17,0.98,0.575,0.81,2.88,2.88,2.88,34.4,34.4,34.4,5,2,
2026-08-02 06:46:27,720804,2985852,Game 3: Any Player Penta Kill?,prop,3,2026-08-02 08:00:00,73.5,No,106156280359148725335259783092663119689979144099409849171363101956551129219138,0.02,0.83,0.425,0.81,0.6,0.6,0.6,14.82,14.82,14.82,2,5,
2026-08-02 06:46:27,720804,2985853,Game 3: Odd/Even Total Kills?,odd_even,3,2026-08-02 08:00:00,73.5,Odd,75183633087080408500425823268702677619156746674341626211978771280711642562797,0.49,0.51,0.5,0.02,102.33,102.33,386.94,106.5,106.5,454.37,6,6,
2026-08-02 06:46:27,720804,2985853,Game 3: Odd/Even Total Kills?,odd_even,3,2026-08-02 08:00:00,73.5,Even,28081118088313904661731832500271423416547915012124693594931517615532487909024,0.49,0.51,0.5,0.02,102.33,102.33,386.94,106.5,106.5,454.37,6,6,
2026-08-02 06:46:27,721080,2986370,LoL: KT Rolster vs Hanwha Life Esports - Game 1 Winner,map,1,2026-08-02 10:00:00,193.5,KT Rolster,34594325533642117507642159322716124599857225738062374685984504761227139366952,0.29,0.3,0.295,0.01,17278.62,18826.64,20368.02,1856.25,3512.09,3935.92,25,48,9160.683058
2026-08-02 06:46:27,721080,2986370,LoL: KT Rolster vs Hanwha Life Esports - Game 1 Winner,map,1,2026-08-02 10:00:00,193.5,Hanwha Life Esports,103969060068663202958737267818166908632490830090734143973682451698126351422318,0.7,0.71,0.705,0.01,4208.57,7708.73,8500.72,42357.91,46597.74,51228.36,48,25,9160.683058
2026-08-02 06:46:27,721080,2986371,LoL: KT Rolster vs Hanwha Life Esports - Game 2 Winner,map,2,2026-08-02 10:00:00,193.5,KT Rolster,39965242555365450547409177975991606172186665712705629250514283318127082005363,0.29,0.3,0.295,0.01,17213.54,18964.68,20504.81,1647.09,3296.85,3703.46,24,37,4788.684639
2026-08-02 06:46:27,721080,2986371,LoL: KT Rolster vs Hanwha Life Esports - Game 2 Winner,map,2,2026-08-02 10:00:00,193.5,Hanwha Life Esports,33690771233587419806093213105105619933054597488040019806430350107735916987607,0.7,0.71,0.705,0.01,3838.94,7326.18,8085.89,42197.88,47006.45,51633.32,37,24,4788.684639
2026-08-02 06:46:27,721080,2986372,LoL: KT Rolster vs Hanwha Life Esports (BO3) - LCK Round 3-4 Legend Group,series,,2026-08-02 10:00:00,193.5,KT Rolster,42643993102653849154226829403774324173651687095442113167701765177299747004343,0.23,0.24,0.235,0.01,74852.3,77158.12,82873.04,37157.13,39073.84,44294.06,22,52,80098.39866399995
2026-08-02 06:46:27,721080,2986372,LoL: KT Rolster vs Hanwha Life Esports (BO3) - LCK Round 3-4 Legend Group,series,,2026-08-02 10:00:00,193.5,Hanwha Life Esports,86222734336247731664864731734281512829733267574920066804362888057386190851592,0.76,0.77,0.765,0.01,115898.35,121268.13,134307.11,252877.72,261848.27,287332.04,52,22,80098.39866399995
2026-08-02 06:46:27,721080,2986373,Games Total: O/U 2.5,total_games,,2026-08-02 10:00:00,193.5,Over,63672276910572687576121825250397124939009059775063162590377500959696972992300,0.41,0.42,0.415,0.01,902.81,3009.9,4112.51,11653.85,22566.58,23853.89,28,34,4586.888937
2026-08-02 06:46:27,721080,2986373,Games Total: O/U 2.5,total_games,,2026-08-02 10:00:00,193.5,Under,79875767970364534665650111364334339973831867074710937278033421408518954931264,0.58,0.59,0.585,0.01,15683.18,29083.16,30584.08,1349.87,4745.32,6683.69,34,28,4586.888937
2026-08-02 06:46:27,721080,2986374,Game Handicap: HLE (-1.5) vs KT Rolster (+1.5),handicap,,2026-08-02 10:00:00,193.5,Hanwha Life Esports,90359543367658056432356794620654914204787357372426502077089159155115893371056,0.49,0.5,0.495,0.01,6636.72,15748.34,21925.38,40763.9,44194.41,47332.35,32,28,9735.871961
2026-08-02 06:46:27,721080,2986374,Game Handicap: HLE (-1.5) vs KT Rolster (+1.5),handicap,,2026-08-02 10:00:00,193.5,KT Rolster,37860344211327312251897046288311142624279126319609539398379622577284409045289,0.5,0.51,0.505,0.01,40731.88,43847.39,46520.45,7051.11,17505.49,25070.99,28,32,9735.871961
2026-08-02 06:46:27,721080,2986375,Game 1: Both Teams Slay Baron Nashor?,prop,1,2026-08-02 10:00:00,193.5,Yes,104345867989692261393050694900698216922976549364510130468036520586580143630553,0.07,0.25,0.16,0.18,117.67,120.14,136.41,94.28,94.28,94.28,7,18,
2026-08-02 06:46:27,721080,2986375,Game 1: Both Teams Slay Baron Nashor?,prop,1,2026-08-02 10:00:00,193.5,No,6079862688075335512164816124943298458614347580598637103172963867177694690692,0.75,0.93,0.84,0.18,282.84,282.84,282.84,1840.03,1896.98,2648.29,18,7,
2026-08-02 06:46:27,721080,2986376,Game 1: Both Teams Slay a Dragon?,prop,1,2026-08-02 10:00:00,193.5,Yes,42973340741734498935010306063596765823965728917263155647396897925065859016416,0.66,0.78,0.72,0.12,182.77,182.77,235.05,792.52,792.52,801.63,20,14,2.435895
2026-08-02 06:46:27,721080,2986376,Game 1: Both Teams Slay a Dragon?,prop,1,2026-08-02 10:00:00,193.5,No,21419732133763773940818944461143665527900650117271110847467532375118994395132,0.22,0.34,0.28,0.12,212.04,212.04,214.04,94.15,94.15,127.58,14,20,2.435895
2026-08-02 06:46:27,721080,2986377,Game 1: Both Teams Destroy Inhibitors?,prop,1,2026-08-02 10:00:00,193.5,Yes,94367415131501593832941389121611884595863799818484887495972159055633778627748,0.06,0.2,0.13,0.14,1.45,6.5,11.55,74.8,74.8,74.8,5,18,
2026-08-02 06:46:27,721080,2986377,Game 1: Both Teams Destroy Inhibitors?,prop,1,2026-08-02 10:00:00,193.5,No,82467783284892218535513158472162488367372152555545671506505040262251666995648,0.8,0.94,0.87,0.14,299.22,299.22,299.22,22.75,181.3,665.46,18,5,
2026-08-02 06:46:27,721080,2986378,Game 1: Any Player Quadra Kill?,prop,1,2026-08-02 10:00:00,193.5,Yes,39385159136667283969880976595801020915086981291080625485204800502842888488067,0.07,0.5,0.285,0.43,283.36,283.36,299.24,283.36,283.36,283.36,4,16,
2026-08-02 06:46:27,721080,2986378,Game 1: Any Player Quadra Kill?,prop,1,2026-08-02 10:00:00,193.5,No,31527164120936708237252299435039247838725890059170462239118829978120180887351,0.5,0.93,0.715,0.43,283.36,283.36,283.36,3764.64,3764.64,4509.26,16,4,
2026-08-02 06:46:27,721080,2986379,Game 1: Any Player Penta Kill?,prop,1,2026-08-02 10:00:00,193.5,Yes,40713313279867128503829853271150938580625030308357140787701214681547937729481,0.01,0.47,0.24,0.46,283.96,283.96,283.96,21.08,304.44,304.44,1,17,
2026-08-02 06:46:27,721080,2986379,Game 1: Any Player Penta Kill?,prop,1,2026-08-02 10:00:00,193.5,No,62324754847347008882603875011731439134692059874571645658510717689613890450027,0.53,0.99,0.76,0.46,23.62,306.98,306.98,28112.04,28112.04,28112.04,17,1,
2026-08-02 06:46:27,721080,2986380,Game 1: Odd/Even Total Kills?,odd_even,1,2026-08-02 10:00:00,193.5,Odd,30348296157278420141569268078351484012475346779116653429916228586079115531029,0.49,0.51,0.5,0.02,102.33,124.31,408.93,130.58,157.03,504.89,19,20,9.80392
2026-08-02 06:46:27,721080,2986380,Game 1: Odd/Even Total Kills?,odd_even,1,2026-08-02 10:00:00,193.5,Even,48602473535589365406930861301610196184831867601675589284756141674608750469803,0.49,0.51,0.5,0.02,124.45,146.99,431.61,133.65,159.46,507.32,20,20,9.80392
2026-08-02 06:46:27,721080,2986381,Game 2: Both Teams Slay Baron Nashor?,prop,2,2026-08-02 10:00:00,193.5,Yes,1245757252097993466296331383565874896213614610692471919534463471310424389467,0.07,0.25,0.16,0.18,117.67,120.14,136.41,94.28,94.28,94.28,7,18,
2026-08-02 06:46:27,721080,2986381,Game 2: Both Teams Slay Baron Nashor?,prop,2,2026-08-02 10:00:00,193.5,No,395762692039928235985558389583486150754999905835974431192948408243566378966,0.75,0.93,0.84,0.18,282.84,282.84,282.84,1840.03,1896.98,2648.29,18,7,
2026-08-02 06:46:27,721080,2986382,Game 2: Both Teams Slay a Dragon?,prop,2,2026-08-02 10:00:00,193.5,Yes,16893863549421259811745102806726064332275772288917958505583017718868898456990,0.6,0.78,0.69,0.18,306.72,306.72,306.72,794.42,794.42,803.53,19,14,
2026-08-02 06:46:27,721080,2986382,Game 2: Both Teams Slay a Dragon?,prop,2,2026-08-02 10:00:00,193.5,No,64657224681459787018356822084362236830472822980635175881452728918048695742664,0.22,0.4,0.31,0.18,212.58,212.58,214.58,204.48,204.48,204.48,14,19,
2026-08-02 06:46:27,721080,2986383,Game 2: Both Teams Destroy Inhibitors?,prop,2,2026-08-02 10:00:00,193.5,Yes,13750293712684638415053709682196794442325385807769193657959548172492255618417,0.06,0.2,0.13,0.14,1.45,6.5,11.55,74.8,74.8,74.8,5,18,
2026-08-02 06:46:27,721080,2986383,Game 2: Both Teams Destroy Inhibitors?,prop,2,2026-08-02 10:00:00,193.5,No,1078194083765815778330339210649730105284046225659107001950156196438600253250,0.8,0.94,0.87,0.14,299.22,299.22,299.22,22.75,181.3,665.46,18,5,
2026-08-02 06:46:27,721080,2986384,Game 2: Any Player Quadra Kill?,prop,2,2026-08-02 10:00:00,193.5,Yes,79951289875475743534629830302583769408704203745718796844505245983592656540753,0.07,0.5,0.285,0.43,283.36,283.36,299.24,283.36,283.36,283.36,4,16,
2026-08-02 06:46:27,721080,2986384,Game 2: Any Player Quadra Kill?,prop,2,2026-08-02 10:00:00,193.5,No,37845630014581547224653506851779696836520710021404371942827047993057219365562,0.5,0.93,0.715,0.43,283.36,283.36,283.36,3764.64,3764.64,4509.26,16,4,
2026-08-02 06:46:27,721080,2986385,Game 2: Any Player Penta Kill?,prop,2,2026-08-02 10:00:00,193.5,Yes,57654238363329149355239216886899571669225456971905444547725873212339493766604,0.02,0.49,0.255,0.47,283.96,283.96,283.96,302.47,302.47,302.47,2,16,
2026-08-02 06:46:27,721080,2986385,Game 2: Any Player Penta Kill?,prop,2,2026-08-02 10:00:00,193.5,No,7916920208278111586619816517604648630034753228320714455532312485569021098938,0.51,0.98,0.745,0.47,303.25,303.25,303.25,28087.04,28087.04,28087.04,16,2,
2026-08-02 06:46:27,721080,2986386,Game 2: Odd/Even Total Kills?,odd_even,2,2026-08-02 10:00:00,193.5,Odd,230171925225418495218247562834714364218163859484990041274711892456692466187,0.49,0.51,0.5,0.02,127.39,149.37,433.99,133.65,159.46,507.32,19,20,
2026-08-02 06:46:27,721080,2986386,Game 2: Odd/Even Total Kills?,odd_even,2,2026-08-02 10:00:00,193.5,Even,28238814948844013516724124493740353752522478372393317841739714049312218284906,0.49,0.51,0.5,0.02,127.39,149.37,433.99,133.65,159.46,507.32,20,19,
2026-08-02 06:46:27,721080,2986387,Game 3: Both Teams Slay Baron Nashor?,prop,3,2026-08-02 10:00:00,193.5,Yes,101238031167342276670149059369518993263703686122469937355543260922456896959391,0.07,0.95,0.51,0.88,285.27,285.53,301.57,32.5,169.17,388.71,6,5,
2026-08-02 06:46:27,721080,2986387,Game 3: Both Teams Slay Baron Nashor?,prop,3,2026-08-02 10:00:00,193.5,No,99018760730460059819699234987174946581894253990030525033804225752196466495767,0.05,0.93,0.49,0.88,1.46,4.6,6.81,4464.72,4470.81,5215.59,5,6,
2026-08-02 06:46:27,721080,2986388,Game 3: Both Teams Slay a Dragon?,prop,3,2026-08-02 10:00:00,193.5,Yes,5632532769136403007275438416288402420720692898120854842662607196495637247912,0.05,0.78,0.415,0.73,1.44,4.65,6.87,1152.55,1152.55,1169.15,5,14,
2026-08-02 06:46:27,721080,2986388,Game 3: Both Teams Slay a Dragon?,prop,3,2026-08-02 10:00:00,193.5,No,92800177529879733825678885878741848969846282622349002430823268067215508275629,0.22,0.95,0.585,0.73,307.78,307.78,311.18,32.14,171.53,391.7,14,5,
2026-08-02 06:46:27,721080,2986389,Game 3: Both Teams Destroy Inhibitors?,prop,3,2026-08-02 10:00:00,193.5,Yes,89580719086090598232788531546698999200083540254855964101359635057664525480482,0.07,0.95,0.51,0.88,1.86,285.48,290.07,32.88,171.21,390.74,6,5,
2026-08-02 06:46:27,721080,2986389,Game 3: Both Teams Destroy Inhibitors?,prop,3,2026-08-02 10:00:00,193.5,No,80407421672704252821754535218772277001442166229525090217101253269700185493713,0.05,0.93,0.49,0.88,1.48,4.66,6.88,28.1,6835.0,7018.64,5,6,
2026-08-02 06:46:27,721080,2986390,Game 3: Any Player Quadra Kill?,prop,3,2026-08-02 10:00:00,193.5,Yes,87833253138772782923700654226601495288969012948514728611993242981634160416544,0.07,0.99,0.53,0.92,283.36,283.36,298.74,59.4,59.4,59.4,4,1,
2026-08-02 06:46:27,721080,2986390,Game 3: Any Player Quadra Kill?,prop,3,2026-08-02 10:00:00,193.5,No,66821089537312411908543764018491266400379730963833492109914016791939757351866,0.01,0.93,0.47,0.92,0.6,0.6,0.6,3764.64,3764.64,4484.76,1,4,
2026-08-02 06:46:27,721080,2986391,Game 3: Any Player Penta Kill?,prop,3,2026-08-02 10:00:00,193.5,Yes,58558755059175506929649023019994126599646655868974660611223338388543470437553,0.17,0.98,0.575,0.81,2.88,2.88,2.88,232.4,232.4,232.4,5,2,
2026-08-02 06:46:27,721080,2986391,Game 3: Any Player Penta Kill?,prop,3,2026-08-02 10:00:00,193.5,No,91607662923460085786489419427091729139559442983846517426184623922202399691924,0.02,0.83,0.425,0.81,2.6,2.6,2.6,14.82,14.82,14.82,2,5,
2026-08-02 06:46:27,721080,2986392,Game 3: Odd/Even Total Kills?,odd_even,3,2026-08-02 10:00:00,193.5,Odd,16355459824280043176337744013007287271582517215531065265685880989257306103618,0.49,0.51,0.5,0.02,127.39,149.37,433.99,133.65,159.46,507.32,20,20,
2026-08-02 06:46:27,721080,2986392,Game 3: Odd/Even Total Kills?,odd_even,3,2026-08-02 10:00:00,193.5,Even,81089390213377589409076648125214395970684470077535699040305552310299757769816,0.49,0.51,0.5,0.02,127.39,149.37,433.99,133.65,159.46,507.32,20,20,
2026-08-02 06:46:27,743170,3080856,LoL: ThunderTalk Gaming vs Team WE - Game 1 Winner,map,1,2026-08-02 07:00:00,13.5,ThunderTalk Gaming,72496135746065500247901246672311988779275411906571209759439852708611576071027,0.38,0.39,0.385,0.01,514.03,9555.74,9750.73,3924.12,6544.42,6764.58,27,36,8446.078069
2026-08-02 06:46:27,743170,3080856,LoL: ThunderTalk Gaming vs Team WE - Game 1 Winner,map,1,2026-08-02 07:00:00,13.5,Team WE,86406897272144859430606590863571410444264660567962881318145059910183257772933,0.61,0.62,0.615,0.01,5886.8,9657.48,9949.32,870.61,17543.98,17936.94,36,27,8446.078069
2026-08-02 06:46:27,743170,3080857,LoL: ThunderTalk Gaming vs Team WE - Game 2 Winner,map,2,2026-08-02 07:00:00,13.5,ThunderTalk Gaming,76752916551697359157851234269297016591012843522959969977805224055761398575042,0.39,0.4,0.395,0.01,342.29,2495.77,3003.98,2299.77,2855.94,2855.94,22,18,573.0009289999999
2026-08-02 06:46:27,743170,3080857,LoL: ThunderTalk Gaming vs Team WE - Game 2 Winner,map,2,2026-08-02 07:00:00,13.5,Team WE,65010317623213437982030806655308793500445270659341039623165426683797274071506,0.6,0.61,0.605,0.01,3445.83,4201.98,4201.98,552.3,4346.36,5295.12,18,23,573.0009289999999
2026-08-02 06:46:27,743170,3080858,LoL: ThunderTalk Gaming vs Team WE (BO3) - LPL Group Ascend,series,,2026-08-02 07:00:00,13.5,ThunderTalk Gaming,102071153892246039627048034194967021680193759805083679061162745293075874048047,0.31,0.32,0.315,0.01,8051.72,35651.31,36468.95,46500.39,52778.6,53963.63,19,49,191681.83603699997
2026-08-02 06:46:27,743170,3080858,LoL: ThunderTalk Gaming vs Team WE (BO3) - LPL Group Ascend,series,,2026-08-02 07:00:00,13.5,Team WE,107302480629937459746801418935680895835862951318163699611993485492174680492656,0.68,0.69,0.685,0.01,97842.46,109942.57,111986.92,18521.72,86217.01,88446.37,49,19,191681.83603699997
2026-08-02 06:46:27,743170,3080859,Games Total: O/U 2.5,total_games,,2026-08-02 07:00:00,13.5,Over,107594494912723104964093717822186803561399283167752733293344196473822150830801,0.45,0.46,0.455,0.01,884.42,1424.3,1504.66,14.24,8646.24,9138.69,17,16,2307.599738
2026-08-02 06:46:27,743170,3080859,Games Total: O/U 2.5,total_games,,2026-08-02 07:00:00,13.5,Under,13195949740986299733115750603639707489456064739889325747062719688400177484721,0.54,0.55,0.545,0.01,16.71,9356.88,9849.33,1084.96,1830.27,1945.91,16,17,2307.599738
2026-08-02 06:46:27,743170,3080860,Game Handicap: WE (-1.5) vs ThunderTalk Gaming (+1.5),handicap,,2026-08-02 07:00:00,13.5,Team WE,72898904332442991379697379372607989319613847572204270780556694513998511299687,0.39,0.4,0.395,0.01,4118.91,5612.02,5615.42,25973.71,30766.49,35386.49,19,25,31793.120862999996
2026-08-02 06:46:27,743170,3080860,Game Handicap: WE (-1.5) vs ThunderTalk Gaming (+1.5),handicap,,2026-08-02 07:00:00,13.5,ThunderTalk Gaming,50834236677980205127685734657806100902200221308325695417181113975675617751500,0.6,0.61,0.605,0.01,37884.28,44501.56,50381.56,6478.29,9125.72,9132.32,25,19,31793.120862999996
2026-08-02 06:46:27,743170,3080861,Game 1: Both Teams Slay Baron Nashor?,prop,1,2026-08-02 07:00:00,13.5,Yes,576199460582024193100725101261977861313235933865014426802032541129552297770,0.04,0.96,0.5,0.92,0.94,1.54,1.54,11.52,57.91,57.91,4,2,
2026-08-02 06:46:27,743170,3080861,Game 1: Both Teams Slay Baron Nashor?,prop,1,2026-08-02 07:00:00,13.5,No,39148998634785957714637765512152768766586838959238901897071669687131023587459,0.04,0.96,0.5,0.92,0.48,0.95,0.95,26.65,80.51,80.51,2,4,
2026-08-02 06:46:27,743170,3080862,Game 1: Both Teams Slay a Dragon?,prop,1,2026-08-02 07:00:00,13.5,Yes,12798444312028531986523161040093625635680994958660481961288482187110266231846,0.51,0.79,0.65,0.28,105.64,105.64,105.64,31.98,31.98,31.98,7,4,6.405061
2026-08-02 06:46:27,743170,3080862,Game 1: Both Teams Slay a Dragon?,prop,1,2026-08-02 07:00:00,13.5,No,77088962572483445588626120910059447941522620776186008716249040366097850926880,0.21,0.49,0.35,0.28,8.5,8.5,8.5,101.83,101.83,101.83,4,7,6.405061
2026-08-02 06:46:27,743170,3080863,Game 1: Both Teams Destroy Inhibitors?,prop,1,2026-08-02 07:00:00,13.5,Yes,23431616529800285954157853389995618720561419057686883100386442761747625637104,0.03,0.96,0.495,0.93,0.58,0.84,0.84,11.52,48.83,48.83,3,3,
2026-08-02 06:46:27,743170,3080863,Game 1: Both Teams Destroy Inhibitors?,prop,1,2026-08-02 07:00:00,13.5,No,66554463746156474753360063073089192961440136242626809840747100770144773363381,0.04,0.97,0.505,0.93,0.48,0.91,0.91,20.43,46.14,46.14,3,3,
2026-08-02 06:46:27,743170,3080864,Game 1: Any Player Quadra Kill?,prop,1,2026-08-02 07:00:00,13.5,Yes,22455107191123144705981038449625131671221453070883782041240941374293880968288,0.02,0.98,0.5,0.96,0.6,0.6,0.6,34.4,34.4,34.4,2,2,
2026-08-02 06:46:27,743170,3080864,Game 1: Any Player Quadra Kill?,prop,1,2026-08-02 07:00:00,13.5,No,57661462033981889980416103903558356629279739546061415204700512894530729898269,0.02,0.98,0.5,0.96,0.6,0.6,0.6,34.4,34.4,34.4,2,2,
2026-08-02 06:46:27,743170,3080865,Game 1: Any Player Penta Kill?,prop,1,2026-08-02 07:00:00,13.5,Yes,38163109940135782122194759258784261278998733099801323596701954770736607626752,0.02,0.48,0.25,0.46,0.6,0.6,0.6,22.85,22.85,22.85,2,3,
2026-08-02 06:46:27,743170,3080865,Game 1: Any Player Penta Kill?,prop,1,2026-08-02 07:00:00,13.5,No,18263507673053474198234050929721878908174235128213603833935283248455845943858,0.52,0.98,0.75,0.46,24.76,24.76,24.76,34.4,34.4,34.4,3,2,
2026-08-02 06:46:27,743170,3080866,Game 1: Odd/Even Total Kills?,odd_even,1,2026-08-02 07:00:00,13.5,Odd,85798990390253236886572130022554634660940011863431591207755224338342575313983,0.49,0.51,0.5,0.02,94.57,94.57,94.57,98.43,98.43,98.43,3,3,
2026-08-02 06:46:27,743170,3080866,Game 1: Odd/Even Total Kills?,odd_even,1,2026-08-02 07:00:00,13.5,Even,47936515113103876354401977929271863637215537317870382878338698939378687308220,0.49,0.51,0.5,0.02,94.57,94.57,94.57,98.43,98.43,98.43,3,3,
2026-08-02 06:46:27,743170,3080867,Game 2: Both Teams Slay Baron Nashor?,prop,2,2026-08-02 07:00:00,13.5,Yes,60281269953928099872331843176728418985547710930507954182708820022609808669897,0.05,0.96,0.505,0.91,1.03,1.03,1.34,11.52,47.94,47.94,3,3,
2026-08-02 06:46:27,743170,3080867,Game 2: Both Teams Slay Baron Nashor?,prop,2,2026-08-02 07:00:00,13.5,No,54226307805103642247368181146777059036318134178988043479524344500872140305962,0.04,0.95,0.495,0.91,0.48,0.9,0.9,22.01,22.01,52.8,3,3,
2026-08-02 06:46:27,743170,3080868,Game 2: Both Teams Slay a Dragon?,prop,2,2026-08-02 07:00:00,13.5,Yes,29739434282903929326119644557308650803403459184094521455401480492552851758792,0.5,0.79,0.645,0.29,8.5,8.5,8.5,31.98,31.98,31.98,6,5,6.405061
2026-08-02 06:46:27,743170,3080868,Game 2: Both Teams Slay a Dragon?,prop,2,2026-08-02 07:00:00,13.5,No,115189779164715499661096663266273794100452504398581109422822509223165504997016,0.21,0.5,0.355,0.29,8.5,8.5,8.5,8.5,8.5,8.5,5,6,6.405061
2026-08-02 06:46:27,743170,3080869,Game 2: Both Teams Destroy Inhibitors?,prop,2,2026-08-02 07:00:00,13.5,Yes,88990911960391494970969025618777169053962523897236517506343545936592821417150,0.04,0.97,0.505,0.93,0.48,0.58,0.58,15.52,55.15,55.15,2,2,
2026-08-02 06:46:27,743170,3080869,Game 2: Both Teams Destroy Inhibitors?,prop,2,2026-08-02 07:00:00,13.5,No,10524318344677108875682344365087472988103237322063807998004848565189515778420,0.03,0.96,0.495,0.93,0.48,0.88,0.88,11.52,21.42,21.42,2,2,
2026-08-02 06:46:27,743170,3080870,Game 2: Any Player Quadra Kill?,prop,2,2026-08-02 07:00:00,13.5,Yes,60151038950673183831317840708733437193639535219371433492499517893097352170958,0.02,0.98,0.5,0.96,0.6,0.6,0.6,34.4,34.4,34.4,2,2,
2026-08-02 06:46:27,743170,3080870,Game 2: Any Player Quadra Kill?,prop,2,2026-08-02 07:00:00,13.5,No,96670306229134967862342679387306668871486431855351232811714354282383437049694,0.02,0.98,0.5,0.96,0.6,0.6,0.6,34.4,34.4,34.4,2,2,
2026-08-02 06:46:27,743170,3080871,Game 2: Any Player Penta Kill?,prop,2,2026-08-02 07:00:00,13.5,Yes,85436915482113046069979555825963002631887797266173136356295138827309011750777,0.02,0.98,0.5,0.96,0.6,0.6,0.6,34.4,34.4,34.4,2,2,
2026-08-02 06:46:27,743170,3080871,Game 2: Any Player Penta Kill?,prop,2,2026-08-02 07:00:00,13.5,No,18077218119331989121746877984118590164679237634729750935595601490676077255075,0.02,0.98,0.5,0.96,0.6,0.6,0.6,34.4,34.4,34.4,2,2,
2026-08-02 06:46:27,743170,3080872,Game 2: Odd/Even Total Kills?,odd_even,2,2026-08-02 07:00:00,13.5,Odd,34489811684252406008666584709129492333999413412636899041454268250718879985571,0.49,0.51,0.5,0.02,94.57,94.57,94.57,98.43,98.43,98.43,3,3,
2026-08-02 06:46:27,743170,3080872,Game 2: Odd/Even Total Kills?,odd_even,2,2026-08-02 07:00:00,13.5,Even,54240670553404029184267189483971374359932954287994832023836725546285071185760,0.49,0.51,0.5,0.02,94.57,94.57,94.57,98.43,98.43,98.43,3,3,
2026-08-02 06:46:27,743170,3080873,Game 3: Both Teams Slay Baron Nashor?,prop,3,2026-08-02 07:00:00,13.5,Yes,57811859513176873940762138997441201835014358696460679905995989548048354540264,0.04,0.96,0.5,0.92,0.48,0.84,0.84,11.52,33.08,33.08,2,2,
2026-08-02 06:46:27,743170,3080873,Game 3: Both Teams Slay Baron Nashor?,prop,3,2026-08-02 07:00:00,13.5,No,51295536053704709752778560732608776452578283468330820057353695324319173655698,0.04,0.96,0.5,0.92,0.48,0.7,0.7,11.52,46.92,46.92,2,2,
2026-08-02 06:46:27,743170,3080874,Game 3: Both Teams Slay a Dragon?,prop,3,2026-08-02 07:00:00,13.5,Yes,58179717417989811646094036412121479543745227457593444191940365470656571742504,0.04,0.96,0.5,0.92,0.48,0.79,0.79,11.52,63.97,63.97,2,3,
2026-08-02 06:46:27,743170,3080874,Game 3: Both Teams Slay a Dragon?,prop,3,2026-08-02 07:00:00,13.5,No,87343980035439006519000360405908787631260216234022290897341333211611511248508,0.04,0.96,0.5,0.92,0.48,1.06,1.06,11.52,42.28,42.28,3,2,
2026-08-02 06:46:27,743170,3080875,Game 3: Both Teams Destroy Inhibitors?,prop,3,2026-08-02 07:00:00,13.5,Yes,74678058446583988767533004421742293971027577469169916019811692511985126363708,0.04,0.95,0.495,0.91,1.02,1.54,1.54,20.64,25.54,73.06,3,4,
2026-08-02 06:46:27,743170,3080875,Game 3: Both Teams Destroy Inhibitors?,prop,3,2026-08-02 07:00:00,13.5,No,82798674080384483807860851761423273009124194055854717645716960582960189361391,0.05,0.96,0.505,0.91,0.96,1.06,1.54,28.37,80.26,80.26,4,3,
2026-08-02 06:46:27,743170,3080876,Game 3: Any Player Quadra Kill?,prop,3,2026-08-02 07:00:00,13.5,Yes,58611970458737825773401922102759993341146813236760305689783843601007398487475,0.02,0.98,0.5,0.96,0.6,0.6,0.6,34.4,34.4,34.4,2,2,
2026-08-02 06:46:27,743170,3080876,Game 3: Any Player Quadra Kill?,prop,3,2026-08-02 07:00:00,13.5,No,74171810259521672240665790528210581675653866689973453247559598379119949082738,0.02,0.98,0.5,0.96,0.6,0.6,0.6,34.4,34.4,34.4,2,2,
2026-08-02 06:46:27,743170,3080877,Game 3: Any Player Penta Kill?,prop,3,2026-08-02 07:00:00,13.5,Yes,97607285599517336378648008255312059463093287548866171938351083344468544698733,0.02,0.98,0.5,0.96,0.6,0.6,0.6,34.4,34.4,34.4,2,2,
2026-08-02 06:46:27,743170,3080877,Game 3: Any Player Penta Kill?,prop,3,2026-08-02 07:00:00,13.5,No,82175050981495448282087797319073848820595273522692792734078876229291900381358,0.02,0.98,0.5,0.96,0.6,0.6,0.6,34.4,34.4,34.4,2,2,
2026-08-02 06:46:27,743170,3080878,Game 3: Odd/Even Total Kills?,odd_even,3,2026-08-02 07:00:00,13.5,Odd,113990004661101788122433090480026356333967410198432683291909606912670499759571,0.49,0.51,0.5,0.02,94.57,94.57,94.57,98.43,98.43,98.43,3,3,
2026-08-02 06:46:27,743170,3080878,Game 3: Odd/Even Total Kills?,odd_even,3,2026-08-02 07:00:00,13.5,Even,53396382081016235460482594245617775159364750738670615857179991954098728405392,0.49,0.51,0.5,0.02,94.57,94.57,94.57,98.43,98.43,98.43,3,3,
2026-08-02 06:46:27,743170,3247363,First Blood in Game 1?,first_blood,1,2026-08-02 07:00:00,13.5,ThunderTalk Gaming,37857650446906043848386849190232009781019679134557605636863633397679278721948,0.43,0.48,0.455,0.05,18.42,18.42,18.42,653.67,1564.17,1564.17,6,6,146.54044599999997
2026-08-02 06:46:27,743170,3247363,First Blood in Game 1?,first_blood,1,2026-08-02 07:00:00,13.5,Team WE,104852352619923993034857752108294319586139334267455221962018021958633239346502,0.52,0.57,0.545,0.05,686.99,1597.49,1597.49,24.41,24.41,24.41,6,6,146.54044599999997
2026-08-02 06:46:27,743170,3247364,First Blood in Game 2?,first_blood,2,2026-08-02 07:00:00,13.5,ThunderTalk Gaming,49805343744222079587811403498521461301652487360378428401792515699102072258747,0.44,0.49,0.465,0.05,2.2,2.2,2.2,1010.79,1062.81,1062.81,4,5,16.833332
2026-08-02 06:46:27,743170,3247364,First Blood in Game 2?,first_blood,2,2026-08-02 07:00:00,13.5,Team WE,34975173646955613892802071928251257769371851774569031753455446770178410293492,0.51,0.56,0.535,0.05,1031.21,1081.19,1081.19,2.8,2.8,2.8,5,4,16.833332
2026-08-02 06:46:27,743170,3247365,Total Kills Over/Under 30.5 in Game 1?,total_kills,1,2026-08-02 07:00:00,13.5,Over,20089612397959481715540428001947492272136532425413320288741789644696953347047,0.49,0.51,0.5,0.02,930.4,2970.4,2970.4,393.15,817.17,1071.71,8,7,555.322907
2026-08-02 06:46:27,743170,3247365,Total Kills Over/Under 30.5 in Game 1?,total_kills,1,2026-08-02 07:00:00,13.5,Under,48583361312674351102955994336714978409432370604740795969667004880847883586088,0.49,0.51,0.5,0.02,377.74,738.93,938.93,987.42,3372.95,3372.95,7,8,555.322907
2026-08-02 06:46:27,743170,3247366,Total Kills Over/Under 30.5 in Game 2?,total_kills,2,2026-08-02 07:00:00,13.5,Over,102341512262568194433893674327876736367357950404093760308808076682839535952801,0.48,0.53,0.505,0.05,2119.06,2119.06,2119.06,549.61,559.67,559.67,5,5,22.962263
2026-08-02 06:46:27,743170,3247366,Total Kills Over/Under 30.5 in Game 2?,total_kills,2,2026-08-02 07:00:00,13.5,Under,81591286331832699111309387511420548545728045115256401081280741169608168963352,0.47,0.52,0.495,0.05,487.39,495.29,495.29,2358.15,2358.15,2358.15,5,5,22.962263
2026-08-02 06:46:27,743171,3080879,LoL: LNG Esports vs Invictus Gaming - Game 1 Winner,map,1,2026-08-02 09:00:00,133.5,LNG Esports,33102627209976729109354268861299671731479736827582842424085157250507560907381,0.27,0.28,0.275,0.01,830.31,1763.4,2252.18,539.06,1357.04,1879.31,24,34,1848.0985289999999
2026-08-02 06:46:27,743171,3080879,LoL: LNG Esports vs Invictus Gaming - Game 1 Winner,map,1,2026-08-02 09:00:00,133.5,Invictus Gaming,71965553920638607119542065000618740427369545540659518141003521393337025599568,0.72,0.73,0.725,0.01,1326.36,3176.74,4276.29,2319.89,5167.25,6851.26,34,24,1848.0985289999999
2026-08-02 06:46:27,743171,3080880,LoL: LNG Esports vs Invictus Gaming - Game 2 Winner,map,2,2026-08-02 09:00:00,133.5,LNG Esports,76549273220725467370771367175845215565049489935444828207386665588552392209312,0.27,0.28,0.275,0.01,489.49,1175.99,1699.89,143.61,553.21,1103.03,24,27,423.383332
2026-08-02 06:46:27,743171,3080880,LoL: LNG Esports vs Invictus Gaming - Game 2 Winner,map,2,2026-08-02 09:00:00,133.5,Invictus Gaming,83921129708874260420921468313344431939405641512044445687758889891577394990067,0.72,0.73,0.725,0.01,358.09,1280.49,2437.37,1348.98,3443.81,5245.16,27,24,423.383332
2026-08-02 06:46:27,743171,3080881,LoL: LNG Esports vs Invictus Gaming (BO3) - LPL Group Nirvana,series,,2026-08-02 09:00:00,133.5,LNG Esports,42376312343244148702517054800435970534226966426765782456212246160972367366970,0.19,0.2,0.195,0.01,13135.77,15802.79,18312.65,6780.08,9389.07,11587.73,19,63,70590.065394
2026-08-02 06:46:27,743171,3080881,LoL: LNG Esports vs Invictus Gaming (BO3) - LPL Group Nirvana,series,,2026-08-02 09:00:00,133.5,Invictus Gaming,23818387220746886062702515996267579270146808784810394793683184771658748923702,0.8,0.81,0.805,0.01,25622.1,34583.08,41303.42,57385.9,71125.91,85710.31,63,19,70590.065394
2026-08-02 06:46:27,743171,3080882,Games Total: O/U 2.5,total_games,,2026-08-02 09:00:00,133.5,Over,91449071381159482795499887899364442590608472505615819428064467090219361194129,0.39,0.4,0.395,0.01,32.35,1095.22,3980.39,1066.33,2457.15,2612.91,24,23,902.023402
2026-08-02 06:46:27,743171,3080882,Games Total: O/U 2.5,total_games,,2026-08-02 09:00:00,133.5,Under,56170572704130524676216288154558868415591430091818797288491529440426994625144,0.6,0.61,0.605,0.01,1566.44,3453.35,3651.59,52.65,1895.33,7277.41,23,24,902.023402
2026-08-02 06:46:27,743171,3080883,Game Handicap: IG (-1.5) vs LNG Esports (+1.5),handicap,,2026-08-02 09:00:00,133.5,Invictus Gaming,91884913425086256262705087330379768585679464610226744776920867862232802215099,0.55,0.56,0.555,0.01,96.02,4609.81,9523.62,4957.91,5379.85,5439.85,29,32,6704.420526000001
2026-08-02 06:46:27,743171,3080883,Game Handicap: IG (-1.5) vs LNG Esports (+1.5),handicap,,2026-08-02 09:00:00,133.5,LNG Esports,55170188512241736941715579510241463883553070207290595544481024201987942204619,0.44,0.45,0.445,0.01,3860.14,4164.95,4204.95,81.5,4207.63,9049.16,32,29,6704.420526000001
2026-08-02 06:46:27,743171,3080884,Game 1: Both Teams Slay Baron Nashor?,prop,1,2026-08-02 09:00:00,133.5,Yes,34051338981457278493986008320570414361796596385227821490982211972647034903219,0.06,0.31,0.185,0.25,120.33,123.06,138.75,137.8,137.8,137.8,6,13,
2026-08-02 06:46:27,743171,3080884,Game 1: Both Teams Slay Baron Nashor?,prop,1,2026-08-02 09:00:00,133.5,No,22297528220041845594004972239448649467614155997048021810255009773452909046856,0.69,0.94,0.815,0.25,306.72,306.72,306.72,1891.86,1974.0,3513.9,13,6,
2026-08-02 06:46:27,743171,3080885,Game 1: Both Teams Slay a Dragon?,prop,1,2026-08-02 09:00:00,133.5,Yes,106151792218177315751885506881227688386721755394858569959160604477277812465888,0.62,0.77,0.695,0.15,251.7,251.7,251.7,761.23,761.23,769.76,15,13,
2026-08-02 06:46:27,743171,3080885,Game 1: Both Teams Slay a Dragon?,prop,1,2026-08-02 09:00:00,133.5,No,87927703368793780706798485666986471440151252105437577129906943224954568339156,0.23,0.38,0.305,0.15,215.99,215.99,217.99,154.26,154.26,154.26,13,15,
2026-08-02 06:46:27,743171,3080886,Game 1: Both Teams Destroy Inhibitors?,prop,1,2026-08-02 09:00:00,133.5,Yes,34309964158091363489316299281143011260820151049098736296521959742845393694531,0.04,0.25,0.145,0.21,0.92,5.54,5.54,102.24,102.24,102.24,4,13,
2026-08-02 06:46:27,743171,3080886,Game 1: Both Teams Destroy Inhibitors?,prop,1,2026-08-02 09:00:00,133.5,No,86446009235354077419817500540124598486454579143723053291968556723184700104514,0.75,0.96,0.855,0.21,306.72,306.72,306.72,25.62,366.29,366.29,13,4,
2026-08-02 06:46:27,743171,3080887,Game 1: Any Player Quadra Kill?,prop,1,2026-08-02 09:00:00,133.5,Yes,16032834088381709212160914854769113683906679474190249486118151708415812085353,0.07,0.5,0.285,0.43,283.36,283.36,287.86,283.36,283.36,283.36,4,11,
2026-08-02 06:46:27,743171,3080887,Game 1: Any Player Quadra Kill?,prop,1,2026-08-02 09:00:00,133.5,No,19217134519424401962085857804607599577628458274081966258394833819367360942023,0.5,0.93,0.715,0.43,283.36,283.36,283.36,3764.64,3764.64,3951.81,11,4,
2026-08-02 06:46:27,743171,3080888,Game 1: Any Player Penta Kill?,prop,1,2026-08-02 09:00:00,133.5,Yes,185144793074665783226302126842846844677051914674113849656610397883061694039,0.02,0.47,0.245,0.45,283.96,283.96,283.96,40.71,324.07,324.07,2,12,
2026-08-02 06:46:27,743171,3080888,Game 1: Any Player Penta Kill?,prop,1,2026-08-02 09:00:00,133.5,No,57128768459580464957219560179356546810571590135433442802219810682724397459336,0.53,0.98,0.755,0.45,44.9,328.26,328.26,28087.04,28087.04,28087.04,12,2,
2026-08-02 06:46:27,743171,3080889,Game 1: Odd/Even Total Kills?,odd_even,1,2026-08-02 09:00:00,133.5,Odd,48218130253324300996195980966731180159554051270168260208515843382161761968575,0.49,0.51,0.5,0.02,127.39,149.37,433.99,133.65,159.46,507.32,14,14,
2026-08-02 06:46:27,743171,3080889,Game 1: Odd/Even Total Kills?,odd_even,1,2026-08-02 09:00:00,133.5,Even,59500506137628470906851888180765854439639815513665372093153344057987734291410,0.49,0.51,0.5,0.02,127.39,149.37,433.99,133.65,159.46,507.32,14,14,
2026-08-02 06:46:27,743171,3080890,Game 2: Both Teams Slay Baron Nashor?,prop,2,2026-08-02 09:00:00,133.5,Yes,38771315095208335224976872754188881259646614995718569945440733941563172328671,0.06,0.31,0.185,0.25,120.33,123.06,138.81,137.8,137.8,137.8,6,13,
2026-08-02 06:46:27,743171,3080890,Game 2: Both Teams Slay Baron Nashor?,prop,2,2026-08-02 09:00:00,133.5,No,108803668491182996837603862297644304800157763391612368018956973445451172755496,0.69,0.94,0.815,0.25,306.72,306.72,306.72,1891.86,1974.0,3519.84,13,6,
2026-08-02 06:46:27,743171,3080891,Game 2: Both Teams Slay a Dragon?,prop,2,2026-08-02 09:00:00,133.5,Yes,84534990004299275896440102423142890690095695216677311002820521227339633761635,0.55,0.77,0.66,0.22,306.72,306.72,306.72,761.23,761.23,769.76,14,12,
2026-08-02 06:46:27,743171,3080891,Game 2: Both Teams Slay a Dragon?,prop,2,2026-08-02 09:00:00,133.5,No,44675126460827447331087863813212120760273712432385250168000125858664241630017,0.23,0.45,0.34,0.22,215.99,215.99,217.99,250.95,250.95,250.95,12,14,
2026-08-02 06:46:27,743171,3080892,Game 2: Both Teams Destroy Inhibitors?,prop,2,2026-08-02 09:00:00,133.5,Yes,114102845265038100480782593257203209794901873158150307625471715728000052872174,0.04,0.25,0.145,0.21,0.92,5.54,5.54,102.24,102.24,102.24,4,12,
2026-08-02 06:46:27,743171,3080892,Game 2: Both Teams Destroy Inhibitors?,prop,2,2026-08-02 09:00:00,133.5,No,94871315313914126728202903205244749712837417559054111273776322338505471613491,0.75,0.96,0.855,0.21,306.72,306.72,306.72,25.62,366.29,366.29,12,4,
2026-08-02 06:46:27,743171,3080893,Game 2: Any Player Quadra Kill?,prop,2,2026-08-02 09:00:00,133.5,Yes,57905006688094222818030688073883212276777689077788670105511471139070843530803,0.07,0.5,0.285,0.43,283.36,283.36,287.86,283.36,283.36,283.36,4,11,
2026-08-02 06:46:27,743171,3080893,Game 2: Any Player Quadra Kill?,prop,2,2026-08-02 09:00:00,133.5,No,114066702084353566764798554471631632824137037728952509914491397842656420059010,0.5,0.93,0.715,0.43,283.36,283.36,283.36,3764.64,3764.64,3951.81,11,4,
2026-08-02 06:46:27,743171,3080894,Game 2: Any Player Penta Kill?,prop,2,2026-08-02 09:00:00,133.5,Yes,28757050355869817025741165051027865413949617310379714386507688948492100036034,0.02,0.49,0.255,0.47,283.96,283.96,283.96,302.47,302.47,302.47,2,11,
2026-08-02 06:46:27,743171,3080894,Game 2: Any Player Penta Kill?,prop,2,2026-08-02 09:00:00,133.5,No,69963070497586266732146872486887361681071141154440836131774892089342939661624,0.51,0.98,0.745,0.47,303.25,303.25,303.25,28087.04,28087.04,28087.04,11,2,
2026-08-02 06:46:27,743171,3080895,Game 2: Odd/Even Total Kills?,odd_even,2,2026-08-02 09:00:00,133.5,Odd,13591379414424060138784846886635604619914772696527344997672262128152968333763,0.49,0.51,0.5,0.02,127.39,149.37,433.99,133.65,159.46,507.32,14,14,
2026-08-02 06:46:27,743171,3080895,Game 2: Odd/Even Total Kills?,odd_even,2,2026-08-02 09:00:00,133.5,Even,82376420046513825036996346363838109509618966024273716754332521320359654315139,0.49,0.51,0.5,0.02,127.39,149.37,433.99,133.65,159.46,507.32,14,14,
2026-08-02 06:46:27,743171,3080896,Game 3: Both Teams Slay Baron Nashor?,prop,3,2026-08-02 09:00:00,133.5,Yes,43058724801095349461575204278248067512535619195056365784858591911556849882599,0.07,0.95,0.51,0.88,283.79,284.55,288.55,20.42,132.44,352.64,6,5,
2026-08-02 06:46:27,743171,3080896,Game 3: Both Teams Slay Baron Nashor?,prop,3,2026-08-02 09:00:00,133.5,No,13403694906561572021182856611081009107969528046380292044689456074894594588633,0.05,0.93,0.49,0.88,0.95,3.32,5.54,4445.05,4463.29,4625.96,5,6,
2026-08-02 06:46:27,743171,3080897,Game 3: Both Teams Slay a Dragon?,prop,3,2026-08-02 09:00:00,133.5,Yes,95934833420408487066676515367990394305626822679884803502374041244654654377423,0.05,0.78,0.415,0.73,0.87,3.31,5.54,1143.97,1143.97,1160.57,5,10,
2026-08-02 06:46:27,743171,3080897,Game 3: Both Teams Slay a Dragon?,prop,3,2026-08-02 09:00:00,133.5,No,109092078623885203709046207603114289353136946479228925545794073647298736571558,0.22,0.95,0.585,0.73,305.36,305.36,308.76,18.92,133.39,354.55,10,5,
2026-08-02 06:46:27,743171,3080898,Game 3: Both Teams Destroy Inhibitors?,prop,3,2026-08-02 09:00:00,133.5,Yes,82086147600691603611628748523578430898515084502790714316502140904123731219515,0.05,0.95,0.5,0.9,284.35,286.68,288.9,20.42,132.44,352.63,5,5,
2026-08-02 06:46:27,743171,3080898,Game 3: Both Teams Destroy Inhibitors?,prop,3,2026-08-02 09:00:00,133.5,No,57080078987421236952819750648401667548223534181692992953945813047040670194075,0.05,0.95,0.5,0.9,0.95,3.32,5.54,6821.77,6932.4,7152.4,5,5,
2026-08-02 06:46:27,743171,3080899,Game 3: Any Player Quadra Kill?,prop,3,2026-08-02 09:00:00,133.5,Yes,17479258016738558003675075009785218467463581479312410199178804584195423655430,0.07,0.98,0.525,0.91,283.36,283.36,287.86,232.4,232.4,232.4,4,2,
2026-08-02 06:46:27,743171,3080899,Game 3: Any Player Quadra Kill?,prop,3,2026-08-02 09:00:00,133.5,No,71930022793056900703938572650857967394482518406209496724003846565725302701297,0.02,0.93,0.475,0.91,2.6,2.6,2.6,3764.64,3764.64,3951.81,2,4,
2026-08-02 06:46:27,743171,3080900,Game 3: Any Player Penta Kill?,prop,3,2026-08-02 09:00:00,133.5,Yes,20863541200087242531589893761704057993976845234001397188844460939118282307638,0.05,0.98,0.515,0.93,28.65,29.15,312.61,232.4,232.4,232.4,3,2,
2026-08-02 06:46:27,743171,3080900,Game 3: Any Player Penta Kill?,prop,3,2026-08-02 09:00:00,133.5,No,104010494454991993251580594802164548586480447757321666507808496530002724003041,0.02,0.95,0.485,0.93,2.6,2.6,2.6,544.35,568.85,28631.39,2,3,
2026-08-02 06:46:27,743171,3080901,Game 3: Odd/Even Total Kills?,odd_even,3,2026-08-02 09:00:00,133.5,Odd,14353960755531159426094281564157590168539200311909831171635853684376241553965,0.49,0.51,0.5,0.02,127.39,149.37,433.99,133.65,159.46,507.32,14,14,
2026-08-02 06:46:27,743171,3080901,Game 3: Odd/Even Total Kills?,odd_even,3,2026-08-02 09:00:00,133.5,Even,35272242988350380178489105940811110158120807760119232825874523117957186916933,0.49,0.51,0.5,0.02,127.39,149.37,433.99,133.65,159.46,507.32,14,14,
2026-08-02 06:46:27,743171,3247351,First Blood in Game 2?,first_blood,2,2026-08-02 09:00:00,133.5,LNG Esports,60243159247222898548944078335655951584712100938145240094198819772203882869361,0.39,0.51,0.45,0.12,222.71,222.71,222.71,234.21,234.21,234.21,15,11,
2026-08-02 06:46:27,743171,3247351,First Blood in Game 2?,first_blood,2,2026-08-02 09:00:00,133.5,Invictus Gaming,30010388318090560346974523143556330989233851275035946796810430270242543637571,0.49,0.61,0.55,0.12,225.03,225.03,225.03,348.34,348.34,348.34,11,15,
2026-08-02 06:46:27,743171,3247350,First Blood in Game 1?,first_blood,1,2026-08-02 09:00:00,133.5,LNG Esports,6837022236050262449582216364135211599181821772518110651667211228541869348145,0.41,0.51,0.46,0.1,52.38,275.08,275.08,234.21,234.21,234.21,13,11,
2026-08-02 06:46:27,743171,3247350,First Blood in Game 1?,first_blood,1,2026-08-02 09:00:00,133.5,Invictus Gaming,89550996007494518611684100726972460226325627586035404916832798355508487357348,0.49,0.59,0.54,0.1,225.03,225.03,225.03,77.62,425.97,425.97,11,13,
2026-08-02 06:46:27,743171,3247352,Total Kills Over/Under 30.5 in Game 2?,total_kills,2,2026-08-02 09:00:00,133.5,Over,88298484595281914352239059870292338667222484521731211318661838576444918679687,0.44,0.48,0.46,0.04,22.0,396.14,396.14,716.73,4999.81,4999.81,13,14,69.611698
2026-08-02 06:46:27,743171,3247352,Total Kills Over/Under 30.5 in Game 2?,total_kills,2,2026-08-02 09:00:00,133.5,Under,38217417125598701285917566785225117131207297438256940711948323672696406231456,0.52,0.56,0.54,0.04,749.05,4864.16,4864.16,28.0,544.68,544.68,14,13,69.611698
2026-08-02 06:46:27,743171,3247353,Total Kills Over/Under 30.5 in Game 1?,total_kills,1,2026-08-02 09:00:00,133.5,Over,50106188925521078535282573965611606854996840223325430071085270132003555909260,0.41,0.44,0.425,0.03,220.5,421.07,421.07,593.04,4743.65,5113.59,12,16,16.413792
2026-08-02 06:46:27,743171,3247353,Total Kills Over/Under 30.5 in Game 1?,total_kills,1,2026-08-02 09:00:00,133.5,Under,75541867021947396106730952542539720001153212109669926230486401340538156123951,0.56,0.59,0.575,0.03,727.04,5578.8,5971.68,329.5,643.21,643.21,16,12,16.413792
2026-08-02 06:46:27,743171,3247354,Total Kills Over/Under 27.5 in Game 2?,total_kills,2,2026-08-02 09:00:00,133.5,Over,51146540352557297178527941122655826755968886808628579134513850317472805832603,0.55,0.61,0.58,0.06,388.03,388.03,388.03,40.53,449.23,808.64,11,15,
2026-08-02 06:46:27,743171,3247354,Total Kills Over/Under 27.5 in Game 2?,total_kills,2,2026-08-02 09:00:00,133.5,Under,63016173037310715849691062634003262606205900177631212934439242359284953820507,0.39,0.45,0.42,0.06,25.09,256.31,449.84,317.48,317.48,317.48,15,11,
2026-08-02 06:46:27,743171,3247355,Total Kills Over/Under 27.5 in Game 1?,total_kills,1,2026-08-02 09:00:00,133.5,Over,42198956340145679217446932380790459403280756645167729912328189878281220990092,0.56,0.59,0.575,0.03,41.3,41.3,247.32,32.5,206.64,569.0,13,14,215.974129
2026-08-02 06:46:27,743171,3247355,Total Kills Over/Under 27.5 in Game 1?,total_kills,1,2026-08-02 09:00:00,133.5,Under,20063801928328775496333872326406277649479489739628732463076882597980683577347,0.41,0.44,0.425,0.03,22.5,130.17,342.99,33.7,33.7,223.87,14,13,215.974129
2026-08-02 06:46:27,777488,3242490,LoL: Team Secret Whales vs CTBC Flying Oyster - Game 1 Winner,map,1,2026-08-02 09:00:00,133.5,Team Secret Whales,57816135160094022782874503244385532147531078139344598994417283900284035426820,0.69,0.7,0.695,0.01,2244.82,2768.28,3435.56,654.43,2285.49,2340.99,46,23,5583.445763
2026-08-02 06:46:27,777488,3242490,LoL: Team Secret Whales vs CTBC Flying Oyster - Game 1 Winner,map,1,2026-08-02 09:00:00,133.5,CTBC Flying Oyster,84525189896438327520655187935169481308459424715925764328357460907711373179800,0.3,0.31,0.305,0.01,269.05,897.7,916.2,1026.29,1291.83,1659.16,23,46,5583.445763
2026-08-02 06:46:27,777488,3242491,LoL: Team Secret Whales vs CTBC Flying Oyster - Game 2 Winner,map,2,2026-08-02 09:00:00,133.5,Team Secret Whales,76754270586622647838553050894322356828736663824016826309100304606981037399491,0.69,0.7,0.695,0.01,12509.45,12760.99,13402.92,1222.57,2288.06,2362.31,30,22,3969.806478
2026-08-02 06:46:27,777488,3242491,LoL: Team Secret Whales vs CTBC Flying Oyster - Game 2 Winner,map,2,2026-08-02 09:00:00,133.5,CTBC Flying Oyster,56489067258837645781761923067126853043573144817614127530708055679301943559747,0.3,0.31,0.305,0.01,511.63,924.6,949.35,5629.05,5754.51,6107.58,22,30,3969.806478
2026-08-02 06:46:27,777488,3242492,LoL: Team Secret Whales vs CTBC Flying Oyster - Game 3 Winner,map,3,2026-08-02 09:00:00,133.5,Team Secret Whales,84515801993639805002213409467397361469609977446389163532328974026080706324919,0.68,0.69,0.685,0.01,3125.71,3341.14,3902.19,94.81,1811.46,1884.46,32,25,4822.664734999999
2026-08-02 06:46:27,777488,3242492,LoL: Team Secret Whales vs CTBC Flying Oyster - Game 3 Winner,map,3,2026-08-02 09:00:00,133.5,CTBC Flying Oyster,47042936553385792822224572984994946197580344579724406299806966214605938841010,0.31,0.32,0.315,0.01,41.04,722.31,749.31,1486.14,1598.71,1916.84,25,32,4822.664734999999
2026-08-02 06:46:27,777488,3242493,LoL: Team Secret Whales vs CTBC Flying Oyster - Game 4 Winner,map,4,2026-08-02 09:00:00,133.5,Team Secret Whales,17395249853885279779595095236555902153584780476668506281725665988013712809726,0.61,0.64,0.625,0.03,9.1,9.1,9.1,64.09,67.39,67.39,14,17,
2026-08-02 06:46:27,777488,3242493,LoL: Team Secret Whales vs CTBC Flying Oyster - Game 4 Winner,map,4,2026-08-02 09:00:00,133.5,CTBC Flying Oyster,23823319113389303220072115291412712888961208930402594759139448658235209413419,0.36,0.39,0.375,0.03,34.66,36.36,36.36,5.9,5.9,5.9,17,14,
2026-08-02 06:46:27,777488,3242494,LoL: Team Secret Whales vs CTBC Flying Oyster (BO5) - LCP Group Stage,series,,2026-08-02 09:00:00,133.5,Team Secret Whales,112783488403942180959201845594818467757376330196707325388108787976324977051994,0.77,0.78,0.775,0.01,3369.68,6461.56,6468.86,1313.03,3205.44,4164.18,47,21,13367.572239999998
2026-08-02 06:46:27,777488,3242494,LoL: Team Secret Whales vs CTBC Flying Oyster (BO5) - LCP Group Stage,series,,2026-08-02 09:00:00,133.5,CTBC Flying Oyster,80452513973028868846592325693720987068814405760226652643682462266126569090751,0.22,0.23,0.225,0.01,357.71,818.52,1016.74,1049.52,2096.26,2098.96,21,47,13367.572239999998
2026-08-02 06:46:27,777488,3242495,Games Total: O/U 3.5,total_games,,2026-08-02 09:00:00,133.5,Over,72300793668187151319904900646523978702528656649138144719405721411224244932759,0.61,0.62,0.615,0.01,927.74,1758.73,2001.55,6218.66,6399.56,6636.3,32,28,17291.862281000005
2026-08-02 06:46:27,777488,3242495,Games Total: O/U 3.5,total_games,,2026-08-02 09:00:00,133.5,Under,108846093590840099798675088484086990239416212941859949463132166956349912927328,0.38,0.39,0.385,0.01,3811.44,3910.54,4031.59,618.32,1195.8,1378.98,28,32,17291.862281000005
2026-08-02 06:46:27,777488,3242496,Games Total: O/U 4.5,total_games,,2026-08-02 09:00:00,133.5,Over,41270598835424749763955996134684705831927348554403922237902670916734253760669,0.27,0.29,0.28,0.02,13.5,37.5,275.99,102.51,1992.33,2191.36,20,22,441.68341699999996
2026-08-02 06:46:27,777488,3242496,Games Total: O/U 4.5,total_games,,2026-08-02 09:00:00,133.5,Under,58036605262601096265076118672464791582934640975043365706485191229520811754504,0.71,0.73,0.72,0.02,243.79,4448.3,4838.21,36.5,112.5,954.44,22,20,441.68341699999996
2026-08-02 06:46:27,777488,3242497,Game Handicap: TSW (-1.5) vs CTBC Flying Oyster (+1.5),handicap,,2026-08-02 09:00:00,133.5,Team Secret Whales,32382395346852847254940176658456928989693539675636369896177890938863430973471,0.59,0.6,0.595,0.01,447.39,560.39,560.39,268.9,373.47,888.87,20,20,976.906004
2026-08-02 06:46:27,777488,3242497,Game Handicap: TSW (-1.5) vs CTBC Flying Oyster (+1.5),handicap,,2026-08-02 09:00:00,133.5,CTBC Flying Oyster,100488374296241339245601316885665517849468025397031180189081751660277427925981,0.4,0.41,0.405,0.01,174.43,237.44,516.18,313.61,400.61,400.61,20,20,976.906004
2026-08-02 06:46:27,777488,3242498,Game Handicap: TSW (-2.5) vs CTBC Flying Oyster (+2.5),handicap,,2026-08-02 09:00:00,133.5,Team Secret Whales,113785065335733646850554173514575073744283113436526505373350557814155497649710,0.32,0.34,0.33,0.02,615.34,669.24,698.94,4006.25,4161.76,4161.76,16,15,12.121211
2026-08-02 06:46:27,777488,3242498,Game Handicap: TSW (-2.5) vs CTBC Flying Oyster (+2.5),handicap,,2026-08-02 09:00:00,133.5,CTBC Flying Oyster,48978565648481124587937191466931712596305440574862248418236250218292279628778,0.66,0.68,0.67,0.02,7444.75,7709.54,7709.54,1368.86,1494.96,1575.26,15,16,12.121211
2026-08-02 06:46:27,777488,3242499,First Blood in Game 1?,first_blood,1,2026-08-02 09:00:00,133.5,Team Secret Whales,76176078641731935731407391491918258824551828061896501211344144386956805092975,0.08,0.93,0.505,0.85,19.0,19.47,21.47,193.21,193.21,365.8,6,5,
2026-08-02 06:46:27,777488,3242499,First Blood in Game 1?,first_blood,1,2026-08-02 09:00:00,133.5,CTBC Flying Oyster,79926504409492097448700203434558369884286074924495139692775212278480677723997,0.07,0.92,0.495,0.85,14.46,14.46,18.77,223.85,232.84,280.84,5,6,
2026-08-02 06:46:27,777488,3242500,First Blood in Game 2?,first_blood,2,2026-08-02 09:00:00,133.5,Team Secret Whales,36489252949572354156656199551729160308186523946897457577059925673343287272299,0.08,0.93,0.505,0.85,19.0,19.47,21.47,193.27,241.27,349.27,6,6,
2026-08-02 06:46:27,777488,3242500,First Blood in Game 2?,first_blood,2,2026-08-02 09:00:00,133.5,CTBC Flying Oyster,41441351191959256667490566084942834037356753172268181893268992272913894336542,0.07,0.92,0.495,0.85,14.46,16.46,18.77,223.85,232.79,280.79,6,6,
2026-08-02 06:46:27,777488,3242501,First Blood in Game 3?,first_blood,3,2026-08-02 09:00:00,133.5,Team Secret Whales,51387227749511496517739619622948981783625570831940292175844395205249838839414,0.07,0.92,0.495,0.85,14.41,14.41,18.69,223.85,233.44,281.44,5,6,
2026-08-02 06:46:27,777488,3242501,First Blood in Game 3?,first_blood,3,2026-08-02 09:00:00,133.5,CTBC Flying Oyster,84632537644270832286015097395506359851243798486843821606676215361948288717549,0.08,0.93,0.505,0.85,19.0,19.5,21.5,192.5,192.5,364.11,6,5,
2026-08-02 06:46:27,777488,3242502,First Blood in Game 4?,first_blood,4,2026-08-02 09:00:00,133.5,Team Secret Whales,26403362042709478831403732734420297091029668631643299281933862415028319195845,0.05,0.95,0.5,0.9,8.49,10.7,12.96,199.72,313.74,533.19,5,5,
2026-08-02 06:46:27,777488,3242502,First Blood in Game 4?,first_blood,4,2026-08-02 09:00:00,133.5,CTBC Flying Oyster,78664000157232051786555474526526297891608214826219451729845556414941361620072,0.05,0.95,0.5,0.9,8.41,10.79,13.01,201.25,306.12,529.42,5,5,
2026-08-02 06:46:27,777488,3242503,First Blood in Game 5?,first_blood,5,2026-08-02 09:00:00,133.5,Team Secret Whales,834669630360787795479739857530823000511290028945919271243926672811370607927,0.05,0.96,0.505,0.91,10.56,12.8,14.96,205.45,543.67,543.67,4,4,
2026-08-02 06:46:27,777488,3242503,First Blood in Game 5?,first_blood,5,2026-08-02 09:00:00,133.5,CTBC Flying Oyster,65911608945563935626405953820602536931093222068386319298304085216125067913390,0.04,0.95,0.495,0.91,6.48,11.01,11.01,203.36,313.41,526.5,4,4,
2026-08-02 06:46:27,777488,3242504,Game 1: Both Teams Slay Baron Nashor?,prop,1,2026-08-02 09:00:00,133.5,Yes,82109122910205671204306244277178071377513852655530705652340200553652435919932,0.06,0.5,0.28,0.44,283.68,285.96,308.25,283.36,283.36,283.36,6,12,
2026-08-02 06:46:27,777488,3242504,Game 1: Both Teams Slay Baron Nashor?,prop,1,2026-08-02 09:00:00,133.5,No,8656473897653034280876081254915519555589552805581412905695564407944608476083,0.5,0.94,0.72,0.44,283.36,283.36,283.36,5388.77,5460.2,7660.08,12,6,
2026-08-02 06:46:27,777488,3242505,Game 1: Both Teams Slay a Dragon?,prop,1,2026-08-02 09:00:00,133.5,Yes,32626544758206927715646495093041485141420312943142351104342214354013341427211,0.5,0.8,0.65,0.3,283.36,283.36,283.36,1133.44,1133.44,1234.44,10,9,
2026-08-02 06:46:27,777488,3242505,Game 1: Both Teams Slay a Dragon?,prop,1,2026-08-02 09:00:00,133.5,No,80774928191498242889000864528879279007331491946982563338725522451307658906911,0.2,0.5,0.35,0.3,283.36,283.36,302.36,283.36,283.36,283.36,9,10,
2026-08-02 06:46:27,777488,3242506,Game 1: Both Teams Destroy Inhibitors?,prop,1,2026-08-02 09:00:00,133.5,Yes,57878958722771259702191587377488008562321366597374420142934676314494035042365,0.04,0.5,0.27,0.46,283.82,288.16,288.16,283.36,283.36,283.36,4,12,
2026-08-02 06:46:27,777488,3242506,Game 1: Both Teams Destroy Inhibitors?,prop,1,2026-08-02 09:00:00,133.5,No,21832488090938789009014145975002941333458675765934334105525825321941495893189,0.5,0.96,0.73,0.46,283.36,283.36,283.36,9172.97,9497.48,9497.48,12,4,
2026-08-02 06:46:27,777488,3242507,Game 1: Any Player Quadra Kill?,prop,1,2026-08-02 09:00:00,133.5,Yes,67477697003412425735721846146861340830375928748646316394267430844610313516048,0.04,0.5,0.27,0.46,283.36,287.41,287.41,283.36,283.36,283.36,3,11,
2026-08-02 06:46:27,777488,3242507,Game 1: Any Player Quadra Kill?,prop,1,2026-08-02 09:00:00,133.5,No,28230089652834458564403191383477251350363400530987830673659176513834216998402,0.5,0.96,0.73,0.46,283.36,283.36,283.36,6800.64,7101.59,7101.59,11,3,
2026-08-02 06:46:27,777488,3242508,Game 1: Any Player Penta Kill?,prop,1,2026-08-02 09:00:00,133.5,Yes,107955397088245341609588127643872420201219088994892330576848052323418067304337,0.01,0.5,0.255,0.49,283.41,283.41,283.41,283.36,283.36,283.36,1,10,
2026-08-02 06:46:27,777488,3242508,Game 1: Any Player Penta Kill?,prop,1,2026-08-02 09:00:00,133.5,No,2298327095866923872370786527525373223496154978975697230366979542666694010210,0.5,0.99,0.745,0.49,283.36,283.36,283.36,28057.59,28057.59,28057.59,10,1,
2026-08-02 06:46:27,777488,3242509,Game 1: Odd/Even Total Kills?,odd_even,1,2026-08-02 09:00:00,133.5,Odd,35669069441156880233120397229339609857600763115115367527463035031810099918812,0.49,0.51,0.5,0.02,40.16,40.16,324.77,42.13,42.13,390.0,13,13,
2026-08-02 06:46:27,777488,3242509,Game 1: Odd/Even Total Kills?,odd_even,1,2026-08-02 09:00:00,133.5,Even,34134996380998562744373466212898094506013127989415722436188379079216550283869,0.49,0.51,0.5,0.02,40.16,40.16,324.77,42.13,42.13,390.0,13,13,
2026-08-02 06:46:27,777488,3242510,Game 2: Both Teams Slay Baron Nashor?,prop,2,2026-08-02 09:00:00,133.5,Yes,55612768283885555444235128339818004633987486785078428271354240018837438415172,0.06,0.5,0.28,0.44,283.68,285.96,308.31,283.36,283.36,283.36,6,12,
2026-08-02 06:46:27,777488,3242510,Game 2: Both Teams Slay Baron Nashor?,prop,2,2026-08-02 09:00:00,133.5,No,68013453411200942378083783109699621850836566027632710988233618904681638059009,0.5,0.94,0.72,0.44,283.36,283.36,283.36,5388.77,5460.2,7666.02,12,6,
2026-08-02 06:46:27,777488,3242511,Game 2: Both Teams Slay a Dragon?,prop,2,2026-08-02 09:00:00,133.5,Yes,25268472604044033644155788644394470811008223675152420568627576739918797975853,0.5,0.8,0.65,0.3,283.36,283.36,283.36,1133.44,1133.44,1234.44,10,8,
2026-08-02 06:46:27,777488,3242511,Game 2: Both Teams Slay a Dragon?,prop,2,2026-08-02 09:00:00,133.5,No,77287086054106107892849953648996922577643407952016836727589125254557669820384,0.2,0.5,0.35,0.3,283.36,283.36,302.36,283.36,283.36,283.36,8,10,
2026-08-02 06:46:27,777488,3242512,Game 2: Both Teams Destroy Inhibitors?,prop,2,2026-08-02 09:00:00,133.5,Yes,63116409037166805607386548449789060242417387308976504409836409960705425478823,0.04,0.5,0.27,0.46,283.82,288.16,288.16,283.36,283.36,283.36,4,12,
2026-08-02 06:46:27,777488,3242512,Game 2: Both Teams Destroy Inhibitors?,prop,2,2026-08-02 09:00:00,133.5,No,39912666918280641726206692277388061035907575339250897177186125313578834705787,0.5,0.96,0.73,0.46,283.36,283.36,283.36,9172.97,9497.48,9497.48,12,4,
2026-08-02 06:46:27,777488,3242513,Game 2: Any Player Quadra Kill?,prop,2,2026-08-02 09:00:00,133.5,Yes,4263276727264114878405602649464265427324668856183212750657142386269218822063,0.04,0.5,0.27,0.46,283.36,287.41,287.41,283.36,283.36,283.36,3,11,
2026-08-02 06:46:27,777488,3242513,Game 2: Any Player Quadra Kill?,prop,2,2026-08-02 09:00:00,133.5,No,69576406192413665870026391300739965527689631644663907015579261971162988093260,0.5,0.96,0.73,0.46,283.36,283.36,283.36,6800.64,7101.59,7101.59,11,3,
2026-08-02 06:46:27,777488,3242514,Game 2: Any Player Penta Kill?,prop,2,2026-08-02 09:00:00,133.5,Yes,43770092129906284304701955036555378708763006374885907543692653722330039935327,0.01,0.5,0.255,0.49,283.41,283.41,283.41,283.36,283.36,283.36,1,10,
2026-08-02 06:46:27,777488,3242514,Game 2: Any Player Penta Kill?,prop,2,2026-08-02 09:00:00,133.5,No,74726305910172583187002718614853277500984547126354509426874700736506549207136,0.5,0.99,0.745,0.49,283.36,283.36,283.36,28057.59,28057.59,28057.59,10,1,
2026-08-02 06:46:27,777488,3242515,Game 2: Odd/Even Total Kills?,odd_even,2,2026-08-02 09:00:00,133.5,Odd,103037412618351337232072591960970068480196116485177890660027371606071064402503,0.49,0.51,0.5,0.02,40.16,40.16,324.77,42.13,42.13,390.0,13,13,
2026-08-02 06:46:27,777488,3242515,Game 2: Odd/Even Total Kills?,odd_even,2,2026-08-02 09:00:00,133.5,Even,21504247401034643293987946442807585229564406903469081575863274634549998426270,0.49,0.51,0.5,0.02,40.16,40.16,324.77,42.13,42.13,390.0,13,13,
2026-08-02 06:46:27,777488,3242516,Game 3: Both Teams Slay Baron Nashor?,prop,3,2026-08-02 09:00:00,133.5,Yes,77261832545549908030973621817519973235104059699203340241975578117008694094853,0.23,0.5,0.365,0.27,2.3,3.33,7.15,283.36,283.36,283.36,11,12,
2026-08-02 06:46:27,777488,3242516,Game 3: Both Teams Slay Baron Nashor?,prop,3,2026-08-02 09:00:00,133.5,No,29942351581814803281652827273469223353222947387494284759002648389231015275294,0.5,0.77,0.635,0.27,283.36,283.36,283.36,7.7,11.8,28.64,12,11,
2026-08-02 06:46:27,777488,3242517,Game 3: Both Teams Slay a Dragon?,prop,3,2026-08-02 09:00:00,133.5,Yes,70360398388455874266173213101286288923272398726265240438392772127722997448610,0.5,0.8,0.65,0.3,283.36,283.36,283.36,1133.44,1133.44,1234.44,10,9,
2026-08-02 06:46:27,777488,3242517,Game 3: Both Teams Slay a Dragon?,prop,3,2026-08-02 09:00:00,133.5,No,52845035201587624459438845665250473929029108844112614651935527390501033762970,0.2,0.5,0.35,0.3,283.36,283.36,302.36,283.36,283.36,283.36,9,10,
2026-08-02 06:46:27,777488,3242518,Game 3: Both Teams Destroy Inhibitors?,prop,3,2026-08-02 09:00:00,133.5,Yes,48977884461727248822212570858195208609516394659009807088507571955717291664697,0.04,0.5,0.27,0.46,283.82,288.16,288.16,283.36,283.36,283.36,4,12,
2026-08-02 06:46:27,777488,3242518,Game 3: Both Teams Destroy Inhibitors?,prop,3,2026-08-02 09:00:00,133.5,No,3671363479438694358741463992296651772042853610335646218578791290024782364582,0.5,0.96,0.73,0.46,283.36,283.36,283.36,9172.97,9497.48,9497.48,12,4,
2026-08-02 06:46:27,777488,3242519,Game 3: Any Player Quadra Kill?,prop,3,2026-08-02 09:00:00,133.5,Yes,34118162061878728840353980643835530411234963147751984212557794644941270882141,0.04,0.5,0.27,0.46,283.36,287.41,287.41,283.36,283.36,283.36,3,11,
2026-08-02 06:46:27,777488,3242519,Game 3: Any Player Quadra Kill?,prop,3,2026-08-02 09:00:00,133.5,No,86065855012286708999355496026724666479399944731814351003162910211369043270293,0.5,0.96,0.73,0.46,283.36,283.36,283.36,6800.64,7101.59,7101.59,11,3,
2026-08-02 06:46:27,777488,3242520,Game 3: Any Player Penta Kill?,prop,3,2026-08-02 09:00:00,133.5,Yes,7866906399859507715969236577162534049067328151038482266868129384413531393152,0.01,0.5,0.255,0.49,283.41,283.41,283.41,283.36,283.36,283.36,1,10,
2026-08-02 06:46:27,777488,3242520,Game 3: Any Player Penta Kill?,prop,3,2026-08-02 09:00:00,133.5,No,102658700344398947639358052865470104625417791083949106731139967674354429925933,0.5,0.99,0.745,0.49,283.36,283.36,283.36,28057.59,28057.59,28057.59,10,1,
2026-08-02 06:46:27,777488,3242521,Game 3: Odd/Even Total Kills?,odd_even,3,2026-08-02 09:00:00,133.5,Odd,1920707057826196000729146751630790521705346214735121429259525852560003610959,0.49,0.51,0.5,0.02,40.16,40.16,324.77,42.13,42.13,390.0,13,13,
2026-08-02 06:46:27,777488,3242521,Game 3: Odd/Even Total Kills?,odd_even,3,2026-08-02 09:00:00,133.5,Even,88647646668802236136158789088602771719271626586223927818625588950998518629396,0.49,0.51,0.5,0.02,40.16,40.16,324.77,42.13,42.13,390.0,13,13,
2026-08-02 06:46:27,777488,3242522,Game 4: Both Teams Slay Baron Nashor?,prop,4,2026-08-02 09:00:00,133.5,Yes,6873310937397978516694146619025168230374666020537337469477629007465955183743,0.06,0.96,0.51,0.9,284.24,286.24,288.64,32.65,358.81,358.81,5,4,
2026-08-02 06:46:27,777488,3242522,Game 4: Both Teams Slay Baron Nashor?,prop,4,2026-08-02 09:00:00,133.5,No,18528193578631301586757620009046134047287063337847150764636556627738796525677,0.04,0.94,0.49,0.9,1.13,5.49,5.49,5399.27,5463.94,5693.11,4,5,
2026-08-02 06:46:27,777488,3242523,Game 4: Both Teams Slay a Dragon?,prop,4,2026-08-02 09:00:00,133.5,Yes,96239155610116234593629625855692533038529442254365233884566866984317744705509,0.47,0.78,0.625,0.31,283.36,283.36,283.36,1004.64,1004.64,1087.64,12,8,
2026-08-02 06:46:27,777488,3242523,Game 4: Both Teams Slay a Dragon?,prop,4,2026-08-02 09:00:00,133.5,No,90285335797042713137455027317662316028781926407963078036017792314080482210785,0.22,0.53,0.375,0.31,283.36,283.36,300.36,319.53,319.53,319.53,8,12,
2026-08-02 06:46:27,777488,3242524,Game 4: Both Teams Destroy Inhibitors?,prop,4,2026-08-02 09:00:00,133.5,Yes,48163120894888470133224563494374860224939916137694150453600458084315949778552,0.05,0.96,0.505,0.91,0.85,286.63,288.85,32.65,358.81,358.81,5,4,
2026-08-02 06:46:27,777488,3242524,Game 4: Both Teams Destroy Inhibitors?,prop,4,2026-08-02 09:00:00,133.5,No,65932431344977836134599434113874579109665373405269201721000578030796735615779,0.04,0.95,0.495,0.91,1.13,5.49,5.49,18.64,9295.78,9515.21,4,5,
2026-08-02 06:46:27,777488,3242525,Game 4: Any Player Quadra Kill?,prop,4,2026-08-02 09:00:00,133.5,Yes,48766357627137420502706105015132880346460432230442156319595602374969708661549,0.04,0.99,0.515,0.95,283.84,287.89,287.89,54.45,54.45,54.45,3,1,
2026-08-02 06:46:27,777488,3242525,Game 4: Any Player Quadra Kill?,prop,4,2026-08-02 09:00:00,133.5,No,18525403907568398358634442213038306406008025802557700810805310510796193654593,0.01,0.96,0.485,0.95,0.55,0.55,0.55,6812.16,7113.11,7113.11,1,3,
2026-08-02 06:46:27,777488,3242526,Game 4: Any Player Penta Kill?,prop,4,2026-08-02 09:00:00,133.5,Yes,19394836216636086747323946701502339652056897814910961334615459750970271377627,0.02,0.99,0.505,0.97,283.91,283.91,283.91,54.45,54.45,54.45,2,1,
2026-08-02 06:46:27,777488,3242526,Game 4: Any Player Penta Kill?,prop,4,2026-08-02 09:00:00,133.5,No,77617476762299404152229581594197755071733954493565526877252600348180953619678,0.01,0.98,0.495,0.97,0.55,0.55,0.55,28082.09,28082.09,28082.09,1,2,
2026-08-02 06:46:27,777488,3242527,Game 4: Odd/Even Total Kills?,odd_even,4,2026-08-02 09:00:00,133.5,Odd,75890811262287504237425106759452740916618553387886440572460885740958767693338,0.49,0.51,0.5,0.02,40.16,40.16,324.77,42.13,42.13,390.0,13,13,
2026-08-02 06:46:27,777488,3242527,Game 4: Odd/Even Total Kills?,odd_even,4,2026-08-02 09:00:00,133.5,Even,40203519400324083604706318923535091108485909332610733820589745001578236397688,0.49,0.51,0.5,0.02,40.16,40.16,324.77,42.13,42.13,390.0,13,13,
2026-08-02 06:46:27,777488,3242528,Game 5: Both Teams Slay Baron Nashor?,prop,5,2026-08-02 09:00:00,133.5,Yes,104186574846046194155309906600223084379965802712970170251970070918848843932951,0.06,0.96,0.51,0.9,284.31,286.31,288.64,32.65,358.81,358.81,5,4,
2026-08-02 06:46:27,777488,3242528,Game 5: Both Teams Slay Baron Nashor?,prop,5,2026-08-02 09:00:00,133.5,No,44568387720142730000305788491821524810776472201185044840726633879733839536191,0.04,0.94,0.49,0.9,1.13,5.49,5.49,5400.34,5465.01,5687.17,4,5,
2026-08-02 06:46:27,777488,3242529,Game 5: Both Teams Slay a Dragon?,prop,5,2026-08-02 09:00:00,133.5,Yes,54544138229268547953418063615196800890163147773712824803820035680061760701050,0.47,0.78,0.625,0.31,283.36,283.36,283.36,1004.64,1004.64,1087.64,12,9,
2026-08-02 06:46:27,777488,3242529,Game 5: Both Teams Slay a Dragon?,prop,5,2026-08-02 09:00:00,133.5,No,53447488034486623877755199848802236783776818988628965858466891919045843609954,0.22,0.53,0.375,0.31,283.36,283.36,300.36,319.53,319.53,319.53,9,12,
2026-08-02 06:46:27,777488,3242530,Game 5: Both Teams Destroy Inhibitors?,prop,5,2026-08-02 09:00:00,133.5,Yes,84869567834213737240677422708123444482993918363118298390918236083835009666609,0.05,0.96,0.505,0.91,0.89,286.71,288.85,32.65,358.81,358.81,5,4,
2026-08-02 06:46:27,777488,3242530,Game 5: Both Teams Destroy Inhibitors?,prop,5,2026-08-02 09:00:00,133.5,No,104976994634744610010863109018357776671427542050125895407506044873394977608708,0.04,0.95,0.495,0.91,1.13,5.49,5.49,19.3,9298.79,9510.79,4,5,
2026-08-02 06:46:27,777488,3242531,Game 5: Any Player Quadra Kill?,prop,5,2026-08-02 09:00:00,133.5,Yes,112263471871122883811989362359978174259181855748395775051704344415387145260011,0.04,0.99,0.515,0.95,283.84,287.89,287.89,54.45,54.45,54.45,3,1,
2026-08-02 06:46:27,777488,3242531,Game 5: Any Player Quadra Kill?,prop,5,2026-08-02 09:00:00,133.5,No,23403007836943947744681510349247280485072978781656882287837068216480509913554,0.01,0.96,0.485,0.95,0.55,0.55,0.55,6812.16,7113.11,7113.11,1,3,
2026-08-02 06:46:27,777488,3242532,Game 5: Any Player Penta Kill?,prop,5,2026-08-02 09:00:00,133.5,Yes,7891418895463379286896718967151686623053177620483355975797781050656729426108,0.02,0.99,0.505,0.97,283.91,283.91,283.91,54.45,54.45,54.45,2,1,
2026-08-02 06:46:27,777488,3242532,Game 5: Any Player Penta Kill?,prop,5,2026-08-02 09:00:00,133.5,No,40631958773724129659751950295215568541920435781148650011271912559562887183213,0.01,0.98,0.495,0.97,0.55,0.55,0.55,28082.09,28082.09,28082.09,1,2,
2026-08-02 06:46:27,777488,3242533,Game 5: Odd/Even Total Kills?,odd_even,5,2026-08-02 09:00:00,133.5,Odd,4903397286428577336062410414826833960093510373539643042803989813745818534711,0.49,0.51,0.5,0.02,40.16,40.16,324.77,42.13,42.13,390.0,13,13,
2026-08-02 06:46:27,777488,3242533,Game 5: Odd/Even Total Kills?,odd_even,5,2026-08-02 09:00:00,133.5,Even,111090787906032420752717008529204938088570636434274863773273409629924503578782,0.49,0.51,0.5,0.02,40.16,40.16,324.77,42.13,42.13,390.0,13,13,
2026-08-02 06:53:17,720804,2985831,LoL: DN SOOPers vs HANJIN BRION - Game 1 Winner,map,1,2026-08-02 08:00:00,66.7,DN SOOPers,42936850482651914409277495257882545988254142261829548050889622816919312279771,0.35,0.36,0.355,0.01,8690.33,15424.15,18473.99,11498.48,16532.66,17627.59,25,25,4521.096912999999
2026-08-02 06:53:17,720804,2985831,LoL: DN SOOPers vs HANJIN BRION - Game 1 Winner,map,1,2026-08-02 08:00:00,66.7,HANJIN BRION,72300873521014331315996822988962847480647045255728209596012804322177150285029,0.64,0.65,0.645,0.01,20406.43,28479.53,30057.6,16844.27,30524.5,37513.59,25,25,4521.096912999999
2026-08-02 06:53:17,720804,2985832,LoL: DN SOOPers vs HANJIN BRION - Game 2 Winner,map,2,2026-08-02 08:00:00,66.7,DN SOOPers,6293002078450018823745497893356590572289968249157219729289882040976874389242,0.33,0.34,0.335,0.01,2997.36,5818.78,6037.15,9584.7,10247.73,11530.56,25,32,13583.249449000003
2026-08-02 06:53:17,720804,2985832,LoL: DN SOOPers vs HANJIN BRION - Game 2 Winner,map,2,2026-08-02 08:00:00,66.7,HANJIN BRION,51651805320304444180996920139489385195635313821107581113327476476510601730075,0.66,0.67,0.665,0.01,17868.75,19015.53,21022.0,6092.25,12554.12,13088.75,32,25,13583.249449000003
2026-08-02 06:53:17,720804,2985833,LoL: DN SOOPers vs HANJIN BRION (BO3) - LCK Round 3-4 Rise Group,series,,2026-08-02 08:00:00,66.7,DN SOOPers,83920944565793264579009568668732470958333402189187686836848086059640655328512,0.29,0.3,0.295,0.01,42953.59,54190.67,59345.77,31386.96,50480.16,52399.73,21,54,136936.84531799998
2026-08-02 06:53:17,720804,2985833,LoL: DN SOOPers vs HANJIN BRION (BO3) - LCK Round 3-4 Rise Group,series,,2026-08-02 08:00:00,66.7,HANJIN BRION,90142340307548158680285244846463054791996473929800648630886781972830446829292,0.7,0.71,0.705,0.01,72591.58,112898.87,116556.84,108845.35,139575.89,155796.2,54,21,136936.84531799998
2026-08-02 06:53:17,720804,2985834,Games Total: O/U 2.5,total_games,,2026-08-02 08:00:00,66.7,Over,115763001589981841934227916705643778300336986478747747006478743351017049320215,0.43,0.44,0.435,0.01,708.5,3334.54,3473.38,608.21,12485.52,14518.57,16,17,599.5266379999999
2026-08-02 06:53:17,720804,2985834,Games Total: O/U 2.5,total_games,,2026-08-02 08:00:00,66.7,Under,91801222121802541444761121490344327534075944391096953237840309703647468371038,0.56,0.57,0.565,0.01,745.6,14225.99,16366.44,976.5,4847.94,5065.1,15,16,599.5266379999999
2026-08-02 06:53:17,720804,2985835,Game Handicap: BRO (-1.5) vs DN SOOPers (+1.5),handicap,,2026-08-02 08:00:00,66.7,HANJIN BRION,2478818261239720677086675483799167438612949482205213347168593674700102622629,0.43,0.44,0.435,0.01,18887.34,20574.91,24436.39,31347.88,51984.26,57621.46,20,17,61055.956469
2026-08-02 06:53:17,720804,2985835,Game Handicap: BRO (-1.5) vs DN SOOPers (+1.5),handicap,,2026-08-02 08:00:00,66.7,DN SOOPers,94834555477028424709848351439230010185388394524770172258089704477087868641163,0.56,0.57,0.565,0.01,38647.85,62401.64,68277.36,25731.76,28221.6,34504.94,17,20,61055.956469
2026-08-02 06:53:17,720804,2985836,Game 1: Both Teams Slay Baron Nashor?,prop,1,2026-08-02 08:00:00,66.7,Yes,44915640594729569087625676620306222412980590579084678991395292033371931560827,0.07,0.26,0.165,0.19,119.67,120.19,121.02,103.33,103.33,103.33,5,7,
2026-08-02 06:53:17,720804,2985836,Game 1: Both Teams Slay Baron Nashor?,prop,1,2026-08-02 08:00:00,66.7,No,37113967443673178032629187181708940461213139311985080295449837338299072323374,0.74,0.93,0.835,0.19,294.1,294.1,294.1,1589.88,1602.34,1635.26,7,5,
2026-08-02 06:53:17,720804,2985837,Game 1: Both Teams Slay a Dragon?,prop,1,2026-08-02 08:00:00,66.7,Yes,81561078706992361174610681826983342457210813688240521193883827615449787089945,0.63,0.78,0.705,0.15,291.51,291.51,291.51,8.58,757.7,757.7,7,7,
2026-08-02 06:53:17,720804,2985837,Game 1: Both Teams Slay a Dragon?,prop,1,2026-08-02 08:00:00,66.7,No,9907281152142873042160819340133770082139172884764291314030269990598666965984,0.22,0.37,0.295,0.15,2.42,178.14,178.14,171.2,171.2,171.2,7,7,
2026-08-02 06:53:17,720804,2985838,Game 1: Both Teams Destroy Inhibitors?,prop,1,2026-08-02 08:00:00,66.7,Yes,71475961584450706233230360574834962522669953698100028735480553421773518962446,0.06,0.2,0.13,0.14,1.45,1.93,3.44,73.49,73.49,73.49,4,7,
2026-08-02 06:53:17,720804,2985838,Game 1: Both Teams Destroy Inhibitors?,prop,1,2026-08-02 08:00:00,66.7,No,96176116817715510739061517798906786856670574020691174289854703473183525042907,0.8,0.94,0.87,0.14,293.96,293.96,293.96,22.75,38.27,170.85,7,4,
2026-08-02 06:53:17,720804,2985839,Game 1: Any Player Quadra Kill?,prop,1,2026-08-02 08:00:00,66.7,Yes,16493390525368333199018739796614614378465922969488141913346132696092540481996,0.07,0.5,0.285,0.43,283.36,283.36,283.86,283.36,283.36,283.36,3,4,
2026-08-02 06:53:17,720804,2985839,Game 1: Any Player Quadra Kill?,prop,1,2026-08-02 08:00:00,66.7,No,56347653585494781062554189637614748771006399122103141423346716304631011312144,0.5,0.93,0.715,0.43,283.36,283.36,283.36,3764.64,3764.64,3789.14,4,3,
2026-08-02 06:53:17,720804,2985840,Game 1: Any Player Penta Kill?,prop,1,2026-08-02 08:00:00,66.7,Yes,49668406403014705401245867535537092853662595481221175539691493508867265252416,0.02,0.49,0.255,0.47,283.96,283.96,283.96,302.47,302.47,302.47,2,6,
2026-08-02 06:53:17,720804,2985840,Game 1: Any Player Penta Kill?,prop,1,2026-08-02 08:00:00,66.7,No,392322018462975303761146965828888407897620802810361622816977224642104664346,0.51,0.98,0.745,0.47,303.25,303.25,303.25,28087.04,28087.04,28087.04,6,2,
2026-08-02 06:53:17,720804,2985841,Game 1: Odd/Even Total Kills?,odd_even,1,2026-08-02 08:00:00,66.7,Odd,64592549155132161597723277379753760434816316220798779424330799858113165111831,0.49,0.51,0.5,0.02,102.33,102.33,386.94,104.05,104.05,451.91,7,7,9.80392
2026-08-02 06:53:17,720804,2985841,Game 1: Odd/Even Total Kills?,odd_even,1,2026-08-02 08:00:00,66.7,Even,22354129330778337787211517449131111296157517049169544234741909359794225096802,0.49,0.51,0.5,0.02,99.97,99.97,384.59,106.5,106.5,454.37,7,7,9.80392
2026-08-02 06:53:17,720804,2985842,Game 2: Both Teams Slay Baron Nashor?,prop,2,2026-08-02 08:00:00,66.7,Yes,57194722881652722287778928856899256552760339229401704787654609080883199550511,0.07,0.26,0.165,0.19,119.67,120.19,121.02,103.33,103.33,103.33,5,7,
2026-08-02 06:53:17,720804,2985842,Game 2: Both Teams Slay Baron Nashor?,prop,2,2026-08-02 08:00:00,66.7,No,59374135450969641428260528220646082053630355448275032123355014422228661214328,0.74,0.93,0.835,0.19,294.1,294.1,294.1,1589.88,1602.36,1635.25,7,5,
2026-08-02 06:53:17,720804,2985843,Game 2: Both Teams Slay a Dragon?,prop,2,2026-08-02 08:00:00,66.7,Yes,16761207663700929763930895000870044109436239314614467819259826218322025602414,0.63,0.78,0.705,0.15,291.51,291.51,291.51,8.58,757.7,757.7,7,7,
2026-08-02 06:53:17,720804,2985843,Game 2: Both Teams Slay a Dragon?,prop,2,2026-08-02 08:00:00,66.7,No,91053011289502335373332454164570546553687856896383620203832129814970866007559,0.22,0.37,0.295,0.15,2.42,178.14,178.14,171.2,171.2,171.2,7,7,
2026-08-02 06:53:17,720804,2985844,Game 2: Both Teams Destroy Inhibitors?,prop,2,2026-08-02 08:00:00,66.7,Yes,72080657131222492875722184018671784613358675618683575643423920669409123373805,0.06,0.2,0.13,0.14,1.45,1.93,3.33,73.49,73.49,73.49,4,7,
2026-08-02 06:53:17,720804,2985844,Game 2: Both Teams Destroy Inhibitors?,prop,2,2026-08-02 08:00:00,66.7,No,76575595827436686508796323618238841350839192478819249193882303206472590522650,0.8,0.94,0.87,0.14,293.96,293.96,293.96,22.75,38.27,152.24,7,4,
2026-08-02 06:53:17,720804,2985845,Game 2: Any Player Quadra Kill?,prop,2,2026-08-02 08:00:00,66.7,Yes,76246363645423051975364496046855254236794026710696233410148462217483517468912,0.07,0.5,0.285,0.43,283.36,283.36,283.86,283.36,283.36,283.36,3,4,
2026-08-02 06:53:17,720804,2985845,Game 2: Any Player Quadra Kill?,prop,2,2026-08-02 08:00:00,66.7,No,82952967493967711298009068236655995385276954244991565434629591429951419785253,0.5,0.93,0.715,0.43,283.36,283.36,283.36,3764.64,3764.64,3789.14,4,3,
2026-08-02 06:53:17,720804,2985846,Game 2: Any Player Penta Kill?,prop,2,2026-08-02 08:00:00,66.7,Yes,32202589203000764524594958432996792352023689136584650862389425963534626513896,0.02,0.47,0.245,0.45,283.96,283.96,283.96,21.08,304.44,304.44,2,7,
2026-08-02 06:53:17,720804,2985846,Game 2: Any Player Penta Kill?,prop,2,2026-08-02 08:00:00,66.7,No,41247326107088233542428794448520019157752700819922175251278359525383173138072,0.53,0.98,0.755,0.45,23.62,306.98,306.98,28087.04,28087.04,28087.04,7,2,
2026-08-02 06:53:17,720804,2985847,Game 2: Odd/Even Total Kills?,odd_even,2,2026-08-02 08:00:00,66.7,Odd,14101125707317252499556366876532811859229089743435541998693959506889109440513,0.49,0.51,0.5,0.02,102.33,102.33,386.94,106.5,106.5,454.37,6,6,
2026-08-02 06:53:17,720804,2985847,Game 2: Odd/Even Total Kills?,odd_even,2,2026-08-02 08:00:00,66.7,Even,112433670667782516872456707749946291262697470726766165959272619193571438860014,0.49,0.51,0.5,0.02,102.33,102.33,386.94,106.5,106.5,454.37,6,6,
2026-08-02 06:53:17,720804,2985848,Game 3: Both Teams Slay Baron Nashor?,prop,3,2026-08-02 08:00:00,66.7,Yes,104136964712435805736220279460301224337589608756593979191221375998315537578826,0.07,0.95,0.51,0.88,285.31,285.56,286.04,32.85,64.22,106.05,5,5,
2026-08-02 06:53:17,720804,2985848,Game 3: Both Teams Slay Baron Nashor?,prop,3,2026-08-02 08:00:00,66.7,No,58227032133651406364524656801923559562496425913687094624385449611629670118018,0.05,0.93,0.49,0.88,1.48,2.4,2.82,4465.22,4471.15,4486.67,5,5,
2026-08-02 06:53:17,720804,2985849,Game 3: Both Teams Slay a Dragon?,prop,3,2026-08-02 08:00:00,66.7,Yes,62359769166445215506801265907978402615199925175015226504522160105921437334234,0.04,0.78,0.41,0.74,1.75,2.28,2.28,1074.55,1074.55,1074.55,3,5,
2026-08-02 06:53:17,720804,2985849,Game 3: Both Teams Slay a Dragon?,prop,3,2026-08-02 08:00:00,66.7,No,83654870348198823667332595091134305392760162249370758365244315399177123554265,0.22,0.96,0.59,0.74,285.78,285.78,285.78,48.49,100.86,100.86,5,3,
2026-08-02 06:53:17,720804,2985850,Game 3: Both Teams Destroy Inhibitors?,prop,3,2026-08-02 08:00:00,66.7,Yes,15560581673514295406323370069329485324079403980988726489321483925152219020603,0.07,0.95,0.51,0.88,1.9,285.55,286.03,32.47,66.36,108.19,5,5,
2026-08-02 06:53:17,720804,2985850,Game 3: Both Teams Destroy Inhibitors?,prop,3,2026-08-02 08:00:00,66.7,No,35084658982496356177161118423351755624835829136464432164708520782096827818976,0.05,0.93,0.49,0.88,1.46,2.46,2.88,28.73,6836.36,6851.88,5,5,
2026-08-02 06:53:17,720804,2985851,Game 3: Any Player Quadra Kill?,prop,3,2026-08-02 08:00:00,66.7,Yes,75468224762988852590066020869645592387061629400786739342571011064205596141274,0.07,0.98,0.525,0.91,283.36,283.36,283.86,34.4,34.4,34.4,3,2,
2026-08-02 06:53:17,720804,2985851,Game 3: Any Player Quadra Kill?,prop,3,2026-08-02 08:00:00,66.7,No,74647852821951903964313502511589443983089513099015021935729078044895223408021,0.02,0.93,0.475,0.91,0.6,0.6,0.6,3764.64,3764.64,3789.14,2,3,
2026-08-02 06:53:17,720804,2985852,Game 3: Any Player Penta Kill?,prop,3,2026-08-02 08:00:00,66.7,Yes,107684476421773351543830332455122213678091807083550082965983665787711393740939,0.17,0.98,0.575,0.81,2.88,2.88,2.88,34.4,34.4,34.4,5,2,
2026-08-02 06:53:17,720804,2985852,Game 3: Any Player Penta Kill?,prop,3,2026-08-02 08:00:00,66.7,No,106156280359148725335259783092663119689979144099409849171363101956551129219138,0.02,0.83,0.425,0.81,0.6,0.6,0.6,14.82,14.82,14.82,2,5,
2026-08-02 06:53:17,720804,2985853,Game 3: Odd/Even Total Kills?,odd_even,3,2026-08-02 08:00:00,66.7,Odd,75183633087080408500425823268702677619156746674341626211978771280711642562797,0.49,0.51,0.5,0.02,102.33,102.33,386.94,106.5,106.5,454.37,6,6,
2026-08-02 06:53:17,720804,2985853,Game 3: Odd/Even Total Kills?,odd_even,3,2026-08-02 08:00:00,66.7,Even,28081118088313904661731832500271423416547915012124693594931517615532487909024,0.49,0.51,0.5,0.02,102.33,102.33,386.94,106.5,106.5,454.37,6,6,
2026-08-02 06:53:17,721080,2986370,LoL: KT Rolster vs Hanwha Life Esports - Game 1 Winner,map,1,2026-08-02 10:00:00,186.7,KT Rolster,34594325533642117507642159322716124599857225738062374685984504761227139366952,0.29,0.3,0.295,0.01,17278.62,18826.64,20368.02,1856.25,3512.09,3935.92,26,36,9160.683058
2026-08-02 06:53:17,721080,2986370,LoL: KT Rolster vs Hanwha Life Esports - Game 1 Winner,map,1,2026-08-02 10:00:00,186.7,Hanwha Life Esports,103969060068663202958737267818166908632490830090734143973682451698126351422318,0.7,0.71,0.705,0.01,4208.57,7708.73,8500.72,42357.91,46597.74,51228.36,36,26,9160.683058
2026-08-02 06:53:17,721080,2986371,LoL: KT Rolster vs Hanwha Life Esports - Game 2 Winner,map,2,2026-08-02 10:00:00,186.7,KT Rolster,39965242555365450547409177975991606172186665712705629250514283318127082005363,0.29,0.3,0.295,0.01,17213.54,18970.17,20510.3,570.09,2219.85,2626.46,24,29,4788.684639
2026-08-02 06:53:17,721080,2986371,LoL: KT Rolster vs Hanwha Life Esports - Game 2 Winner,map,2,2026-08-02 10:00:00,186.7,Hanwha Life Esports,33690771233587419806093213105105619933054597488040019806430350107735916987607,0.7,0.71,0.705,0.01,1325.94,4813.18,5572.89,42197.88,47022.1,51648.97,29,24,4788.684639
2026-08-02 06:53:17,721080,2986372,LoL: KT Rolster vs Hanwha Life Esports (BO3) - LCK Round 3-4 Legend Group,series,,2026-08-02 10:00:00,186.7,KT Rolster,42643993102653849154226829403774324173651687095442113167701765177299747004343,0.23,0.24,0.235,0.01,68092.38,70342.39,76982.31,36712.99,38645.29,43865.52,22,39,80098.39866399995
2026-08-02 06:53:17,721080,2986372,LoL: KT Rolster vs Hanwha Life Esports (BO3) - LCK Round 3-4 Legend Group,series,,2026-08-02 10:00:00,186.7,Hanwha Life Esports,86222734336247731664864731734281512829733267574920066804362888057386190851592,0.76,0.77,0.765,0.01,114562.72,119976.91,133015.88,230245.79,238992.14,268550.91,39,22,80098.39866399995
2026-08-02 06:53:17,721080,2986373,Games Total: O/U 2.5,total_games,,2026-08-02 10:00:00,186.7,Over,63672276910572687576121825250397124939009059775063162590377500959696972992300,0.41,0.42,0.415,0.01,902.81,2964.49,4649.26,11653.85,22566.58,23853.89,28,27,4586.888937
2026-08-02 06:53:17,721080,2986373,Games Total: O/U 2.5,total_games,,2026-08-02 10:00:00,186.7,Under,79875767970364534665650111364334339973831867074710937278033421408518954931264,0.58,0.59,0.585,0.01,15683.18,29083.16,30584.08,1349.87,4671.21,7644.09,27,28,4586.888937
2026-08-02 06:53:17,721080,2986374,Game Handicap: HLE (-1.5) vs KT Rolster (+1.5),handicap,,2026-08-02 10:00:00,186.7,Hanwha Life Esports,90359543367658056432356794620654914204787357372426502077089159155115893371056,0.49,0.5,0.495,0.01,6636.72,15748.34,21925.38,40763.9,44194.41,47332.35,28,24,9735.871961
2026-08-02 06:53:17,721080,2986374,Game Handicap: HLE (-1.5) vs KT Rolster (+1.5),handicap,,2026-08-02 10:00:00,186.7,KT Rolster,37860344211327312251897046288311142624279126319609539398379622577284409045289,0.5,0.51,0.505,0.01,40731.88,43847.39,46520.45,7051.11,17505.49,25070.99,24,28,9735.871961
2026-08-02 06:53:17,721080,2986375,Game 1: Both Teams Slay Baron Nashor?,prop,1,2026-08-02 10:00:00,186.7,Yes,104345867989692261393050694900698216922976549364510130468036520586580143630553,0.07,0.25,0.16,0.18,117.67,120.14,136.41,94.28,94.28,94.28,7,18,
2026-08-02 06:53:17,721080,2986375,Game 1: Both Teams Slay Baron Nashor?,prop,1,2026-08-02 10:00:00,186.7,No,6079862688075335512164816124943298458614347580598637103172963867177694690692,0.75,0.93,0.84,0.18,282.84,282.84,282.84,1840.03,1896.98,2648.29,18,7,
2026-08-02 06:53:17,721080,2986376,Game 1: Both Teams Slay a Dragon?,prop,1,2026-08-02 10:00:00,186.7,Yes,42973340741734498935010306063596765823965728917263155647396897925065859016416,0.66,0.78,0.72,0.12,182.77,182.77,182.77,792.52,792.52,801.63,19,14,2.435895
2026-08-02 06:53:17,721080,2986376,Game 1: Both Teams Slay a Dragon?,prop,1,2026-08-02 10:00:00,186.7,No,21419732133763773940818944461143665527900650117271110847467532375118994395132,0.22,0.34,0.28,0.12,212.04,212.04,214.04,94.15,94.15,94.15,14,19,2.435895
2026-08-02 06:53:17,721080,2986377,Game 1: Both Teams Destroy Inhibitors?,prop,1,2026-08-02 10:00:00,186.7,Yes,94367415131501593832941389121611884595863799818484887495972159055633778627748,0.06,0.2,0.13,0.14,1.45,6.5,11.53,74.8,74.8,74.8,5,18,
2026-08-02 06:53:17,721080,2986377,Game 1: Both Teams Destroy Inhibitors?,prop,1,2026-08-02 10:00:00,186.7,No,82467783284892218535513158472162488367372152555545671506505040262251666995648,0.8,0.94,0.87,0.14,299.22,299.22,299.22,22.75,181.3,663.48,18,5,
2026-08-02 06:53:17,721080,2986378,Game 1: Any Player Quadra Kill?,prop,1,2026-08-02 10:00:00,186.7,Yes,39385159136667283969880976595801020915086981291080625485204800502842888488067,0.07,0.5,0.285,0.43,283.36,283.36,299.24,283.36,283.36,283.36,4,16,
2026-08-02 06:53:17,721080,2986378,Game 1: Any Player Quadra Kill?,prop,1,2026-08-02 10:00:00,186.7,No,31527164120936708237252299435039247838725890059170462239118829978120180887351,0.5,0.93,0.715,0.43,283.36,283.36,283.36,3764.64,3764.64,4509.26,16,4,
2026-08-02 06:53:17,721080,2986379,Game 1: Any Player Penta Kill?,prop,1,2026-08-02 10:00:00,186.7,Yes,40713313279867128503829853271150938580625030308357140787701214681547937729481,0.01,0.47,0.24,0.46,283.96,283.96,283.96,21.08,304.44,304.44,1,17,
2026-08-02 06:53:17,721080,2986379,Game 1: Any Player Penta Kill?,prop,1,2026-08-02 10:00:00,186.7,No,62324754847347008882603875011731439134692059874571645658510717689613890450027,0.53,0.99,0.76,0.46,23.62,306.98,306.98,28112.04,28112.04,28112.04,17,1,
2026-08-02 06:53:17,721080,2986380,Game 1: Odd/Even Total Kills?,odd_even,1,2026-08-02 10:00:00,186.7,Odd,30348296157278420141569268078351484012475346779116653429916228586079115531029,0.49,0.51,0.5,0.02,127.39,149.37,433.99,130.58,157.03,504.89,20,20,9.80392
2026-08-02 06:53:17,721080,2986380,Game 1: Odd/Even Total Kills?,odd_even,1,2026-08-02 10:00:00,186.7,Even,48602473535589365406930861301610196184831867601675589284756141674608750469803,0.49,0.51,0.5,0.02,124.45,146.99,431.61,133.65,159.46,507.32,20,20,9.80392
2026-08-02 06:53:17,721080,2986381,Game 2: Both Teams Slay Baron Nashor?,prop,2,2026-08-02 10:00:00,186.7,Yes,1245757252097993466296331383565874896213614610692471919534463471310424389467,0.07,0.25,0.16,0.18,117.67,120.14,136.41,94.28,94.28,94.28,7,18,
2026-08-02 06:53:17,721080,2986381,Game 2: Both Teams Slay Baron Nashor?,prop,2,2026-08-02 10:00:00,186.7,No,395762692039928235985558389583486150754999905835974431192948408243566378966,0.75,0.93,0.84,0.18,282.84,282.84,282.84,1840.03,1896.98,2648.29,18,7,
2026-08-02 06:53:17,721080,2986382,Game 2: Both Teams Slay a Dragon?,prop,2,2026-08-02 10:00:00,186.7,Yes,16893863549421259811745102806726064332275772288917958505583017718868898456990,0.6,0.78,0.69,0.18,306.72,306.72,306.72,794.42,794.42,803.53,18,14,
2026-08-02 06:53:17,721080,2986382,Game 2: Both Teams Slay a Dragon?,prop,2,2026-08-02 10:00:00,186.7,No,64657224681459787018356822084362236830472822980635175881452728918048695742664,0.22,0.4,0.31,0.18,212.58,212.58,214.58,204.48,204.48,204.48,14,18,
2026-08-02 06:53:17,721080,2986383,Game 2: Both Teams Destroy Inhibitors?,prop,2,2026-08-02 10:00:00,186.7,Yes,13750293712684638415053709682196794442325385807769193657959548172492255618417,0.06,0.2,0.13,0.14,1.45,6.5,11.57,74.8,74.8,74.8,5,18,
2026-08-02 06:53:17,721080,2986383,Game 2: Both Teams Destroy Inhibitors?,prop,2,2026-08-02 10:00:00,186.7,No,1078194083765815778330339210649730105284046225659107001950156196438600253250,0.8,0.94,0.87,0.14,299.22,299.22,299.22,22.75,181.3,667.44,18,5,
2026-08-02 06:53:17,721080,2986384,Game 2: Any Player Quadra Kill?,prop,2,2026-08-02 10:00:00,186.7,Yes,79951289875475743534629830302583769408704203745718796844505245983592656540753,0.07,0.5,0.285,0.43,283.36,283.36,299.24,283.36,283.36,283.36,4,16,
2026-08-02 06:53:17,721080,2986384,Game 2: Any Player Quadra Kill?,prop,2,2026-08-02 10:00:00,186.7,No,37845630014581547224653506851779696836520710021404371942827047993057219365562,0.5,0.93,0.715,0.43,283.36,283.36,283.36,3764.64,3764.64,4509.26,16,4,
2026-08-02 06:53:17,721080,2986385,Game 2: Any Player Penta Kill?,prop,2,2026-08-02 10:00:00,186.7,Yes,57654238363329149355239216886899571669225456971905444547725873212339493766604,0.02,0.49,0.255,0.47,283.96,283.96,283.96,302.47,302.47,302.47,2,16,
2026-08-02 06:53:17,721080,2986385,Game 2: Any Player Penta Kill?,prop,2,2026-08-02 10:00:00,186.7,No,7916920208278111586619816517604648630034753228320714455532312485569021098938,0.51,0.98,0.745,0.47,303.25,303.25,303.25,28087.04,28087.04,28087.04,16,2,
2026-08-02 06:53:17,721080,2986386,Game 2: Odd/Even Total Kills?,odd_even,2,2026-08-02 10:00:00,186.7,Odd,230171925225418495218247562834714364218163859484990041274711892456692466187,0.49,0.51,0.5,0.02,127.39,149.37,433.99,133.65,159.46,507.32,19,19,
2026-08-02 06:53:17,721080,2986386,Game 2: Odd/Even Total Kills?,odd_even,2,2026-08-02 10:00:00,186.7,Even,28238814948844013516724124493740353752522478372393317841739714049312218284906,0.49,0.51,0.5,0.02,127.39,149.37,433.99,133.65,159.46,507.32,19,19,
2026-08-02 06:53:17,721080,2986387,Game 3: Both Teams Slay Baron Nashor?,prop,3,2026-08-02 10:00:00,186.7,Yes,101238031167342276670149059369518993263703686122469937355543260922456896959391,0.07,0.95,0.51,0.88,285.27,285.53,301.57,32.5,169.17,388.71,6,5,
2026-08-02 06:53:17,721080,2986387,Game 3: Both Teams Slay Baron Nashor?,prop,3,2026-08-02 10:00:00,186.7,No,99018760730460059819699234987174946581894253990030525033804225752196466495767,0.05,0.93,0.49,0.88,1.46,4.6,6.81,4464.72,4470.81,5215.59,5,6,
2026-08-02 06:53:17,721080,2986388,Game 3: Both Teams Slay a Dragon?,prop,3,2026-08-02 10:00:00,186.7,Yes,5632532769136403007275438416288402420720692898120854842662607196495637247912,0.05,0.78,0.415,0.73,1.44,4.65,6.87,1152.55,1152.55,1169.15,5,14,
2026-08-02 06:53:17,721080,2986388,Game 3: Both Teams Slay a Dragon?,prop,3,2026-08-02 10:00:00,186.7,No,92800177529879733825678885878741848969846282622349002430823268067215508275629,0.22,0.95,0.585,0.73,307.78,307.78,311.18,32.14,171.53,391.7,14,5,
2026-08-02 06:53:17,721080,2986389,Game 3: Both Teams Destroy Inhibitors?,prop,3,2026-08-02 10:00:00,186.7,Yes,89580719086090598232788531546698999200083540254855964101359635057664525480482,0.07,0.95,0.51,0.88,1.86,285.48,290.07,32.88,171.21,390.74,6,5,
2026-08-02 06:53:17,721080,2986389,Game 3: Both Teams Destroy Inhibitors?,prop,3,2026-08-02 10:00:00,186.7,No,80407421672704252821754535218772277001442166229525090217101253269700185493713,0.05,0.93,0.49,0.88,1.48,4.66,6.88,28.1,6835.0,7018.64,5,6,
2026-08-02 06:53:17,721080,2986390,Game 3: Any Player Quadra Kill?,prop,3,2026-08-02 10:00:00,186.7,Yes,87833253138772782923700654226601495288969012948514728611993242981634160416544,0.07,0.99,0.53,0.92,283.36,283.36,298.74,59.4,59.4,59.4,4,1,
2026-08-02 06:53:17,721080,2986390,Game 3: Any Player Quadra Kill?,prop,3,2026-08-02 10:00:00,186.7,No,66821089537312411908543764018491266400379730963833492109914016791939757351866,0.01,0.93,0.47,0.92,0.6,0.6,0.6,3764.64,3764.64,4484.76,1,4,
2026-08-02 06:53:17,721080,2986391,Game 3: Any Player Penta Kill?,prop,3,2026-08-02 10:00:00,186.7,Yes,58558755059175506929649023019994126599646655868974660611223338388543470437553,0.17,0.98,0.575,0.81,2.88,2.88,2.88,232.4,232.4,232.4,5,2,
2026-08-02 06:53:17,721080,2986391,Game 3: Any Player Penta Kill?,prop,3,2026-08-02 10:00:00,186.7,No,91607662923460085786489419427091729139559442983846517426184623922202399691924,0.02,0.83,0.425,0.81,2.6,2.6,2.6,14.82,14.82,14.82,2,5,
2026-08-02 06:53:17,721080,2986392,Game 3: Odd/Even Total Kills?,odd_even,3,2026-08-02 10:00:00,186.7,Odd,16355459824280043176337744013007287271582517215531065265685880989257306103618,0.49,0.51,0.5,0.02,127.39,149.37,433.99,133.65,159.46,507.32,19,19,
2026-08-02 06:53:17,721080,2986392,Game 3: Odd/Even Total Kills?,odd_even,3,2026-08-02 10:00:00,186.7,Even,81089390213377589409076648125214395970684470077535699040305552310299757769816,0.49,0.51,0.5,0.02,127.39,149.37,433.99,133.65,159.46,507.32,19,19,
2026-08-02 06:53:17,743170,3080856,LoL: ThunderTalk Gaming vs Team WE - Game 1 Winner,map,1,2026-08-02 07:00:00,6.7,ThunderTalk Gaming,72496135746065500247901246672311988779275411906571209759439852708611576071027,0.37,0.38,0.375,0.01,1938.98,9531.55,9730.65,3071.19,9571.98,9818.8,22,26,8446.078069
2026-08-02 06:53:17,743170,3080856,LoL: ThunderTalk Gaming vs Team WE - Game 1 Winner,map,1,2026-08-02 07:00:00,6.7,Team WE,86406897272144859430606590863571410444264660567962881318145059910183257772933,0.62,0.63,0.625,0.01,4866.13,14458.04,14785.22,3413.78,17517.23,17925.87,26,22,8446.078069
2026-08-02 06:53:17,743170,3080857,LoL: ThunderTalk Gaming vs Team WE - Game 2 Winner,map,2,2026-08-02 07:00:00,6.7,ThunderTalk Gaming,76752916551697359157851234269297016591012843522959969977805224055761398575042,0.39,0.4,0.395,0.01,323.11,2476.59,3001.8,2099.77,2665.69,2665.69,21,17,573.0009289999999
2026-08-02 06:53:17,743170,3080857,LoL: ThunderTalk Gaming vs Team WE - Game 2 Winner,map,2,2026-08-02 07:00:00,6.7,Team WE,65010317623213437982030806655308793500445270659341039623165426683797274071506,0.6,0.61,0.605,0.01,3145.83,3915.43,3915.43,522.29,4316.35,5298.11,17,21,573.0009289999999
2026-08-02 06:53:17,743170,3080858,LoL: ThunderTalk Gaming vs Team WE (BO3) - LPL Group Ascend,series,,2026-08-02 07:00:00,6.7,ThunderTalk Gaming,102071153892246039627048034194967021680193759805083679061162745293075874048047,0.29,0.3,0.295,0.01,29503.59,31677.29,31864.79,30031.21,44200.94,48418.28,11,36,191681.83603699997
2026-08-02 06:53:17,743170,3080858,LoL: ThunderTalk Gaming vs Team WE (BO3) - LPL Group Ascend,series,,2026-08-02 07:00:00,6.7,Team WE,107302480629937459746801418935680895835862951318163699611993485492174680492656,0.7,0.71,0.705,0.01,68046.94,97680.99,105821.1,72343.12,78404.42,78966.92,36,11,191681.83603699997
2026-08-02 06:53:17,743170,3080859,Games Total: O/U 2.5,total_games,,2026-08-02 07:00:00,6.7,Over,107594494912723104964093717822186803561399283167752733293344196473822150830801,0.47,0.48,0.475,0.01,47.65,98.87,1463.39,8595.58,9094.15,9865.31,13,13,2307.599738
2026-08-02 06:53:17,743170,3080859,Games Total: O/U 2.5,total_games,,2026-08-02 07:00:00,6.7,Under,13195949740986299733115750603639707489456064739889325747062719688400177484721,0.52,0.53,0.525,0.01,9300.54,9798.87,10510.71,53.74,118.47,1947.14,13,13,2307.599738
2026-08-02 06:53:17,743170,3080860,Game Handicap: WE (-1.5) vs ThunderTalk Gaming (+1.5),handicap,,2026-08-02 07:00:00,6.7,Team WE,72898904332442991379697379372607989319613847572204270780556694513998511299687,0.39,0.4,0.395,0.01,11428.53,12921.64,12925.04,25987.24,30780.02,35400.02,14,11,31793.120862999996
2026-08-02 06:53:17,743170,3080860,Game Handicap: WE (-1.5) vs ThunderTalk Gaming (+1.5),handicap,,2026-08-02 07:00:00,6.7,ThunderTalk Gaming,50834236677980205127685734657806100902200221308325695417181113975675617751500,0.6,0.61,0.605,0.01,37904.58,44521.86,50401.86,17911.29,20558.72,20565.32,11,14,31793.120862999996
2026-08-02 06:53:17,743170,3080861,Game 1: Both Teams Slay Baron Nashor?,prop,1,2026-08-02 07:00:00,6.7,Yes,576199460582024193100725101261977861313235933865014426802032541129552297770,0.04,0.96,0.5,0.92,0.94,1.04,1.04,11.52,62.91,62.91,3,2,
2026-08-02 06:53:17,743170,3080861,Game 1: Both Teams Slay Baron Nashor?,prop,1,2026-08-02 07:00:00,6.7,No,39148998634785957714637765512152768766586838959238901897071669687131023587459,0.04,0.96,0.5,0.92,0.48,1.0,1.0,26.65,36.55,36.55,2,3,
2026-08-02 06:53:17,743170,3080862,Game 1: Both Teams Slay a Dragon?,prop,1,2026-08-02 07:00:00,6.7,Yes,12798444312028531986523161040093625635680994958660481961288482187110266231846,0.5,0.79,0.645,0.29,8.5,8.5,8.5,31.98,31.98,31.98,5,3,6.405061
2026-08-02 06:53:17,743170,3080862,Game 1: Both Teams Slay a Dragon?,prop,1,2026-08-02 07:00:00,6.7,No,77088962572483445588626120910059447941522620776186008716249040366097850926880,0.21,0.5,0.355,0.29,8.5,8.5,8.5,8.5,8.5,8.5,3,5,6.405061
2026-08-02 06:53:17,743170,3080863,Game 1: Both Teams Destroy Inhibitors?,prop,1,2026-08-02 07:00:00,6.7,Yes,23431616529800285954157853389995618720561419057686883100386442761747625637104,0.04,0.95,0.495,0.91,1.02,1.54,1.54,20.64,25.54,73.05,3,4,
2026-08-02 06:53:17,743170,3080863,Game 1: Both Teams Destroy Inhibitors?,prop,1,2026-08-02 07:00:00,6.7,No,66554463746156474753360063073089192961440136242626809840747100770144773363381,0.05,0.96,0.505,0.91,0.96,1.06,1.54,28.37,80.26,80.26,4,3,
2026-08-02 06:53:17,743170,3080864,Game 1: Any Player Quadra Kill?,prop,1,2026-08-02 07:00:00,6.7,Yes,22455107191123144705981038449625131671221453070883782041240941374293880968288,0.02,0.98,0.5,0.96,0.6,0.6,0.6,34.4,34.4,34.4,2,2,
2026-08-02 06:53:17,743170,3080864,Game 1: Any Player Quadra Kill?,prop,1,2026-08-02 07:00:00,6.7,No,57661462033981889980416103903558356629279739546061415204700512894530729898269,0.02,0.98,0.5,0.96,0.6,0.6,0.6,34.4,34.4,34.4,2,2,
2026-08-02 06:53:17,743170,3080865,Game 1: Any Player Penta Kill?,prop,1,2026-08-02 07:00:00,6.7,Yes,38163109940135782122194759258784261278998733099801323596701954770736607626752,0.02,0.98,0.5,0.96,0.6,0.6,0.6,34.4,34.4,34.4,2,2,
2026-08-02 06:53:17,743170,3080865,Game 1: Any Player Penta Kill?,prop,1,2026-08-02 07:00:00,6.7,No,18263507673053474198234050929721878908174235128213603833935283248455845943858,0.02,0.98,0.5,0.96,0.6,0.6,0.6,34.4,34.4,34.4,2,2,
2026-08-02 06:53:17,743170,3080866,Game 1: Odd/Even Total Kills?,odd_even,1,2026-08-02 07:00:00,6.7,Odd,85798990390253236886572130022554634660940011863431591207755224338342575313983,0.49,0.51,0.5,0.02,94.57,94.57,94.57,98.43,98.43,98.43,3,2,
2026-08-02 06:53:17,743170,3080866,Game 1: Odd/Even Total Kills?,odd_even,1,2026-08-02 07:00:00,6.7,Even,47936515113103876354401977929271863637215537317870382878338698939378687308220,0.49,0.51,0.5,0.02,94.57,94.57,94.57,98.43,98.43,98.43,2,3,
2026-08-02 06:53:17,743170,3080867,Game 2: Both Teams Slay Baron Nashor?,prop,2,2026-08-02 07:00:00,6.7,Yes,60281269953928099872331843176728418985547710930507954182708820022609808669897,0.05,0.95,0.5,0.9,1.03,1.03,1.34,20.64,25.54,73.05,3,4,
2026-08-02 06:53:17,743170,3080867,Game 2: Both Teams Slay Baron Nashor?,prop,2,2026-08-02 07:00:00,6.7,No,54226307805103642247368181146777059036318134178988043479524344500872140305962,0.05,0.95,0.5,0.9,0.96,1.06,1.54,22.01,22.01,52.76,4,3,
2026-08-02 06:53:17,743170,3080868,Game 2: Both Teams Slay a Dragon?,prop,2,2026-08-02 07:00:00,6.7,Yes,29739434282903929326119644557308650803403459184094521455401480492552851758792,0.5,0.79,0.645,0.29,8.5,8.5,8.5,31.98,31.98,31.98,5,5,6.405061
2026-08-02 06:53:17,743170,3080868,Game 2: Both Teams Slay a Dragon?,prop,2,2026-08-02 07:00:00,6.7,No,115189779164715499661096663266273794100452504398581109422822509223165504997016,0.21,0.5,0.355,0.29,8.5,8.5,8.5,8.5,8.5,8.5,5,5,6.405061
2026-08-02 06:53:17,743170,3080869,Game 2: Both Teams Destroy Inhibitors?,prop,2,2026-08-02 07:00:00,6.7,Yes,88990911960391494970969025618777169053962523897236517506343545936592821417150,0.05,0.96,0.505,0.91,0.96,1.06,1.54,27.04,79.46,79.46,4,4,
2026-08-02 06:53:17,743170,3080869,Game 2: Both Teams Destroy Inhibitors?,prop,2,2026-08-02 07:00:00,6.7,No,10524318344677108875682344365087472988103237322063807998004848565189515778420,0.04,0.95,0.495,0.91,0.96,1.54,1.54,20.64,25.54,73.06,4,4,
2026-08-02 06:53:17,743170,3080870,Game 2: Any Player Quadra Kill?,prop,2,2026-08-02 07:00:00,6.7,Yes,60151038950673183831317840708733437193639535219371433492499517893097352170958,0.02,0.98,0.5,0.96,0.6,0.6,0.6,34.4,34.4,34.4,2,2,
2026-08-02 06:53:17,743170,3080870,Game 2: Any Player Quadra Kill?,prop,2,2026-08-02 07:00:00,6.7,No,96670306229134967862342679387306668871486431855351232811714354282383437049694,0.02,0.98,0.5,0.96,0.6,0.6,0.6,34.4,34.4,34.4,2,2,
2026-08-02 06:53:17,743170,3080871,Game 2: Any Player Penta Kill?,prop,2,2026-08-02 07:00:00,6.7,Yes,85436915482113046069979555825963002631887797266173136356295138827309011750777,0.02,0.98,0.5,0.96,0.6,0.6,0.6,34.4,34.4,34.4,2,2,
2026-08-02 06:53:17,743170,3080871,Game 2: Any Player Penta Kill?,prop,2,2026-08-02 07:00:00,6.7,No,18077218119331989121746877984118590164679237634729750935595601490676077255075,0.02,0.98,0.5,0.96,0.6,0.6,0.6,34.4,34.4,34.4,2,2,
2026-08-02 06:53:17,743170,3080872,Game 2: Odd/Even Total Kills?,odd_even,2,2026-08-02 07:00:00,6.7,Odd,34489811684252406008666584709129492333999413412636899041454268250718879985571,0.49,0.51,0.5,0.02,94.57,94.57,94.57,98.43,98.43,98.43,3,2,
2026-08-02 06:53:17,743170,3080872,Game 2: Odd/Even Total Kills?,odd_even,2,2026-08-02 07:00:00,6.7,Even,54240670553404029184267189483971374359932954287994832023836725546285071185760,0.49,0.51,0.5,0.02,94.57,94.57,94.57,98.43,98.43,98.43,2,3,
2026-08-02 06:53:17,743170,3080873,Game 3: Both Teams Slay Baron Nashor?,prop,3,2026-08-02 07:00:00,6.7,Yes,57811859513176873940762138997441201835014358696460679905995989548048354540264,0.05,0.95,0.5,0.9,0.96,1.06,1.54,20.64,25.54,73.05,4,4,
2026-08-02 06:53:17,743170,3080873,Game 3: Both Teams Slay Baron Nashor?,prop,3,2026-08-02 07:00:00,6.7,No,51295536053704709752778560732608776452578283468330820057353695324319173655698,0.05,0.95,0.5,0.9,0.96,1.06,1.54,20.64,25.54,73.06,4,4,
2026-08-02 06:53:17,743170,3080874,Game 3: Both Teams Slay a Dragon?,prop,3,2026-08-02 07:00:00,6.7,Yes,58179717417989811646094036412121479543745227457593444191940365470656571742504,0.04,0.95,0.495,0.91,0.48,0.79,0.79,20.63,20.63,66.07,2,3,
2026-08-02 06:53:17,743170,3080874,Game 3: Both Teams Slay a Dragon?,prop,3,2026-08-02 07:00:00,6.7,No,87343980035439006519000360405908787631260216234022290897341333211611511248508,0.05,0.96,0.505,0.91,0.96,0.96,1.42,11.52,42.28,42.28,3,2,
2026-08-02 06:53:17,743170,3080875,Game 3: Both Teams Destroy Inhibitors?,prop,3,2026-08-02 07:00:00,6.7,Yes,74678058446583988767533004421742293971027577469169916019811692511985126363708,0.03,0.96,0.495,0.93,0.48,1.0,1.0,11.52,21.42,21.42,2,2,
2026-08-02 06:53:17,743170,3080875,Game 3: Both Teams Destroy Inhibitors?,prop,3,2026-08-02 07:00:00,6.7,No,82798674080384483807860851761423273009124194055854717645716960582960189361391,0.04,0.97,0.505,0.93,0.48,0.58,0.58,15.52,67.43,67.43,2,2,
2026-08-02 06:53:17,743170,3080876,Game 3: Any Player Quadra Kill?,prop,3,2026-08-02 07:00:00,6.7,Yes,58611970458737825773401922102759993341146813236760305689783843601007398487475,0.02,0.98,0.5,0.96,0.6,0.6,0.6,34.4,34.4,34.4,2,2,
2026-08-02 06:53:17,743170,3080876,Game 3: Any Player Quadra Kill?,prop,3,2026-08-02 07:00:00,6.7,No,74171810259521672240665790528210581675653866689973453247559598379119949082738,0.02,0.98,0.5,0.96,0.6,0.6,0.6,34.4,34.4,34.4,2,2,
2026-08-02 06:53:17,743170,3080877,Game 3: Any Player Penta Kill?,prop,3,2026-08-02 07:00:00,6.7,Yes,97607285599517336378648008255312059463093287548866171938351083344468544698733,0.02,0.98,0.5,0.96,0.6,0.6,0.6,34.4,34.4,34.4,2,2,
2026-08-02 06:53:17,743170,3080877,Game 3: Any Player Penta Kill?,prop,3,2026-08-02 07:00:00,6.7,No,82175050981495448282087797319073848820595273522692792734078876229291900381358,0.02,0.98,0.5,0.96,0.6,0.6,0.6,34.4,34.4,34.4,2,2,
2026-08-02 06:53:17,743170,3080878,Game 3: Odd/Even Total Kills?,odd_even,3,2026-08-02 07:00:00,6.7,Odd,113990004661101788122433090480026356333967410198432683291909606912670499759571,0.49,0.51,0.5,0.02,94.57,94.57,94.57,98.43,98.43,98.43,2,2,
2026-08-02 06:53:17,743170,3080878,Game 3: Odd/Even Total Kills?,odd_even,3,2026-08-02 07:00:00,6.7,Even,53396382081016235460482594245617775159364750738670615857179991954098728405392,0.49,0.51,0.5,0.02,94.57,94.57,94.57,98.43,98.43,98.43,2,2,
2026-08-02 06:53:17,743170,3247363,First Blood in Game 1?,first_blood,1,2026-08-02 07:00:00,6.7,ThunderTalk Gaming,37857650446906043848386849190232009781019679134557605636863633397679278721948,0.06,0.46,0.26,0.4,1.09,6.93,8.56,113.58,767.24,1677.74,6,8,146.54044599999997
2026-08-02 06:53:17,743170,3247363,First Blood in Game 1?,first_blood,1,2026-08-02 07:00:00,6.7,Team WE,104852352619923993034857752108294319586139334267455221962018021958633239346502,0.54,0.94,0.74,0.4,128.39,815.39,1725.89,19.63,164.72,283.34,8,6,146.54044599999997
2026-08-02 06:53:17,743170,3247364,First Blood in Game 2?,first_blood,2,2026-08-02 07:00:00,6.7,ThunderTalk Gaming,49805343744222079587811403498521461301652487360378428401792515699102072258747,0.44,0.49,0.465,0.05,2.2,2.2,2.2,1010.79,1062.81,1062.81,2,4,16.833332
2026-08-02 06:53:17,743170,3247364,First Blood in Game 2?,first_blood,2,2026-08-02 07:00:00,6.7,Team WE,34975173646955613892802071928251257769371851774569031753455446770178410293492,0.51,0.56,0.535,0.05,1031.21,1081.19,1081.19,2.8,2.8,2.8,4,2,16.833332
2026-08-02 06:53:17,743170,3247365,Total Kills Over/Under 30.5 in Game 1?,total_kills,1,2026-08-02 07:00:00,6.7,Over,20089612397959481715540428001947492272136532425413320288741789644696953347047,0.49,0.53,0.51,0.04,1130.39,2970.39,2970.39,928.77,1183.32,1183.32,7,7,555.322907
2026-08-02 06:53:17,743170,3247365,Total Kills Over/Under 30.5 in Game 1?,total_kills,1,2026-08-02 07:00:00,6.7,Under,48583361312674351102955994336714978409432370604740795969667004880847883586088,0.47,0.51,0.49,0.04,808.82,1008.81,1008.81,1204.09,3364.09,3364.09,7,7,555.322907
2026-08-02 06:53:17,743170,3247366,Total Kills Over/Under 30.5 in Game 2?,total_kills,2,2026-08-02 07:00:00,6.7,Over,102341512262568194433893674327876736367357950404093760308808076682839535952801,0.48,0.53,0.505,0.05,2119.06,2119.06,2119.06,549.61,559.67,559.67,5,5,22.962263
2026-08-02 06:53:17,743170,3247366,Total Kills Over/Under 30.5 in Game 2?,total_kills,2,2026-08-02 07:00:00,6.7,Under,81591286331832699111309387511420548545728045115256401081280741169608168963352,0.47,0.52,0.495,0.05,487.39,495.29,495.29,2358.15,2358.15,2358.15,5,5,22.962263
2026-08-02 06:53:17,743171,3080879,LoL: LNG Esports vs Invictus Gaming - Game 1 Winner,map,1,2026-08-02 09:00:00,126.7,LNG Esports,33102627209976729109354268861299671731479736827582842424085157250507560907381,0.27,0.28,0.275,0.01,888.28,1811.05,2288.83,498.45,1316.44,1838.7,23,28,1848.0985289999999
2026-08-02 06:53:17,743171,3080879,LoL: LNG Esports vs Invictus Gaming - Game 1 Winner,map,1,2026-08-02 09:00:00,126.7,Invictus Gaming,71965553920638607119542065000618740427369545540659518141003521393337025599568,0.72,0.73,0.725,0.01,1223.98,3074.35,4173.91,2479.63,5294.31,6939.32,28,23,1848.0985289999999
2026-08-02 06:53:17,743171,3080880,LoL: LNG Esports vs Invictus Gaming - Game 2 Winner,map,2,2026-08-02 09:00:00,126.7,LNG Esports,76549273220725467370771367175845215565049489935444828207386665588552392209312,0.28,0.29,0.285,0.01,334.21,1013.28,1541.66,156.32,894.75,1119.79,21,24,423.383332
2026-08-02 06:53:17,743171,3080880,LoL: LNG Esports vs Invictus Gaming - Game 2 Winner,map,2,2026-08-02 09:00:00,126.7,Invictus Gaming,83921129708874260420921468313344431939405641512044445687758889891577394990067,0.71,0.72,0.715,0.01,367.31,1967.72,2413.56,897.97,2905.6,4636.14,24,21,423.383332
2026-08-02 06:53:17,743171,3080881,LoL: LNG Esports vs Invictus Gaming (BO3) - LPL Group Nirvana,series,,2026-08-02 09:00:00,126.7,LNG Esports,42376312343244148702517054800435970534226966426765782456212246160972367366970,0.19,0.2,0.195,0.01,13138.42,16145.43,18647.8,6619.78,9228.77,11427.43,19,42,70590.065394
2026-08-02 06:53:17,743171,3080881,LoL: LNG Esports vs Invictus Gaming (BO3) - LPL Group Nirvana,series,,2026-08-02 09:00:00,126.7,Invictus Gaming,23818387220746886062702515996267579270146808784810394793683184771658748923702,0.8,0.81,0.805,0.01,24995.08,33956.06,40676.4,57397.19,72797.21,87339.1,42,19,70590.065394
2026-08-02 06:53:17,743171,3080882,Games Total: O/U 2.5,total_games,,2026-08-02 09:00:00,126.7,Over,91449071381159482795499887899364442590608472505615819428064467090219361194129,0.39,0.4,0.395,0.01,32.35,1095.69,3721.48,1066.33,2139.48,2295.24,23,20,902.023402
2026-08-02 06:53:17,743171,3080882,Games Total: O/U 2.5,total_games,,2026-08-02 09:00:00,126.7,Under,56170572704130524676216288154558868415591430091818797288491529440426994625144,0.6,0.61,0.605,0.01,1566.44,3022.21,3220.45,52.65,1896.11,6789.43,20,23,902.023402
2026-08-02 06:53:17,743171,3080883,Game Handicap: IG (-1.5) vs LNG Esports (+1.5),handicap,,2026-08-02 09:00:00,126.7,Invictus Gaming,91884913425086256262705087330379768585679464610226744776920867862232802215099,0.54,0.55,0.545,0.01,1133.48,6375.9,10609.37,3830.43,5350.71,5435.49,19,28,6704.420526000001
2026-08-02 06:53:17,743171,3080883,Game Handicap: IG (-1.5) vs LNG Esports (+1.5),handicap,,2026-08-02 09:00:00,126.7,LNG Esports,55170188512241736941715579510241463883553070207290595544481024201987942204619,0.45,0.46,0.455,0.01,3009.94,4144.81,4202.03,1004.51,5913.16,10194.09,28,19,6704.420526000001
2026-08-02 06:53:17,743171,3080884,Game 1: Both Teams Slay Baron Nashor?,prop,1,2026-08-02 09:00:00,126.7,Yes,34051338981457278493986008320570414361796596385227821490982211972647034903219,0.06,0.31,0.185,0.25,120.33,123.06,138.68,137.8,137.8,137.8,6,12,
2026-08-02 06:53:17,743171,3080884,Game 1: Both Teams Slay Baron Nashor?,prop,1,2026-08-02 09:00:00,126.7,No,22297528220041845594004972239448649467614155997048021810255009773452909046856,0.69,0.94,0.815,0.25,306.72,306.72,306.72,1891.86,1974.0,3506.97,12,6,
2026-08-02 06:53:17,743171,3080885,Game 1: Both Teams Slay a Dragon?,prop,1,2026-08-02 09:00:00,126.7,Yes,106151792218177315751885506881227688386721755394858569959160604477277812465888,0.62,0.77,0.695,0.15,251.7,251.7,251.7,761.23,761.23,769.76,13,13,
2026-08-02 06:53:17,743171,3080885,Game 1: Both Teams Slay a Dragon?,prop,1,2026-08-02 09:00:00,126.7,No,87927703368793780706798485666986471440151252105437577129906943224954568339156,0.23,0.38,0.305,0.15,215.99,215.99,217.99,154.26,154.26,154.26,13,13,
2026-08-02 06:53:17,743171,3080886,Game 1: Both Teams Destroy Inhibitors?,prop,1,2026-08-02 09:00:00,126.7,Yes,34309964158091363489316299281143011260820151049098736296521959742845393694531,0.04,0.25,0.145,0.21,0.92,5.54,5.54,102.24,102.24,102.24,4,13,
2026-08-02 06:53:17,743171,3080886,Game 1: Both Teams Destroy Inhibitors?,prop,1,2026-08-02 09:00:00,126.7,No,86446009235354077419817500540124598486454579143723053291968556723184700104514,0.75,0.96,0.855,0.21,306.72,306.72,306.72,25.62,366.29,366.29,13,4,
2026-08-02 06:53:17,743171,3080887,Game 1: Any Player Quadra Kill?,prop,1,2026-08-02 09:00:00,126.7,Yes,16032834088381709212160914854769113683906679474190249486118151708415812085353,0.07,0.5,0.285,0.43,283.36,283.36,287.86,283.36,283.36,283.36,4,11,
2026-08-02 06:53:17,743171,3080887,Game 1: Any Player Quadra Kill?,prop,1,2026-08-02 09:00:00,126.7,No,19217134519424401962085857804607599577628458274081966258394833819367360942023,0.5,0.93,0.715,0.43,283.36,283.36,283.36,3764.64,3764.64,3951.81,11,4,
2026-08-02 06:53:17,743171,3080888,Game 1: Any Player Penta Kill?,prop,1,2026-08-02 09:00:00,126.7,Yes,185144793074665783226302126842846844677051914674113849656610397883061694039,0.02,0.49,0.255,0.47,283.96,283.96,283.96,302.47,302.47,302.47,2,11,
2026-08-02 06:53:17,743171,3080888,Game 1: Any Player Penta Kill?,prop,1,2026-08-02 09:00:00,126.7,No,57128768459580464957219560179356546810571590135433442802219810682724397459336,0.51,0.98,0.745,0.47,303.25,303.25,303.25,28087.04,28087.04,28087.04,11,2,
2026-08-02 06:53:17,743171,3080889,Game 1: Odd/Even Total Kills?,odd_even,1,2026-08-02 09:00:00,126.7,Odd,48218130253324300996195980966731180159554051270168260208515843382161761968575,0.49,0.51,0.5,0.02,127.39,149.37,433.99,133.65,159.46,507.32,13,13,
2026-08-02 06:53:17,743171,3080889,Game 1: Odd/Even Total Kills?,odd_even,1,2026-08-02 09:00:00,126.7,Even,59500506137628470906851888180765854439639815513665372093153344057987734291410,0.49,0.51,0.5,0.02,127.39,149.37,433.99,133.65,159.46,507.32,13,13,
2026-08-02 06:53:17,743171,3080890,Game 2: Both Teams Slay Baron Nashor?,prop,2,2026-08-02 09:00:00,126.7,Yes,38771315095208335224976872754188881259646614995718569945440733941563172328671,0.06,0.31,0.185,0.25,120.33,123.06,138.77,137.8,137.8,137.8,6,12,
2026-08-02 06:53:17,743171,3080890,Game 2: Both Teams Slay Baron Nashor?,prop,2,2026-08-02 09:00:00,126.7,No,108803668491182996837603862297644304800157763391612368018956973445451172755496,0.69,0.94,0.815,0.25,306.72,306.72,306.72,1891.86,1974.0,3515.88,12,6,
2026-08-02 06:53:17,743171,3080891,Game 2: Both Teams Slay a Dragon?,prop,2,2026-08-02 09:00:00,126.7,Yes,84534990004299275896440102423142890690095695216677311002820521227339633761635,0.55,0.77,0.66,0.22,306.72,306.72,306.72,761.23,761.23,769.76,13,12,
2026-08-02 06:53:17,743171,3080891,Game 2: Both Teams Slay a Dragon?,prop,2,2026-08-02 09:00:00,126.7,No,44675126460827447331087863813212120760273712432385250168000125858664241630017,0.23,0.45,0.34,0.22,215.99,215.99,217.99,250.95,250.95,250.95,12,13,
2026-08-02 06:53:17,743171,3080892,Game 2: Both Teams Destroy Inhibitors?,prop,2,2026-08-02 09:00:00,126.7,Yes,114102845265038100480782593257203209794901873158150307625471715728000052872174,0.04,0.25,0.145,0.21,0.71,5.34,5.34,102.24,102.24,102.24,4,12,
2026-08-02 06:53:17,743171,3080892,Game 2: Both Teams Destroy Inhibitors?,prop,2,2026-08-02 09:00:00,126.7,No,94871315313914126728202903205244749712837417559054111273776322338505471613491,0.75,0.96,0.855,0.21,306.72,306.72,306.72,19.06,359.72,359.72,12,4,
2026-08-02 06:53:17,743171,3080893,Game 2: Any Player Quadra Kill?,prop,2,2026-08-02 09:00:00,126.7,Yes,57905006688094222818030688073883212276777689077788670105511471139070843530803,0.07,0.5,0.285,0.43,283.36,283.36,287.86,283.36,283.36,283.36,4,11,
2026-08-02 06:53:17,743171,3080893,Game 2: Any Player Quadra Kill?,prop,2,2026-08-02 09:00:00,126.7,No,114066702084353566764798554471631632824137037728952509914491397842656420059010,0.5,0.93,0.715,0.43,283.36,283.36,283.36,3764.64,3764.64,3951.81,11,4,
2026-08-02 06:53:17,743171,3080894,Game 2: Any Player Penta Kill?,prop,2,2026-08-02 09:00:00,126.7,Yes,28757050355869817025741165051027865413949617310379714386507688948492100036034,0.02,0.49,0.255,0.47,283.96,283.96,283.96,302.47,302.47,302.47,2,11,
2026-08-02 06:53:17,743171,3080894,Game 2: Any Player Penta Kill?,prop,2,2026-08-02 09:00:00,126.7,No,69963070497586266732146872486887361681071141154440836131774892089342939661624,0.51,0.98,0.745,0.47,303.25,303.25,303.25,28087.04,28087.04,28087.04,11,2,
2026-08-02 06:53:17,743171,3080895,Game 2: Odd/Even Total Kills?,odd_even,2,2026-08-02 09:00:00,126.7,Odd,13591379414424060138784846886635604619914772696527344997672262128152968333763,0.49,0.51,0.5,0.02,127.39,149.37,433.99,133.65,159.46,507.32,12,13,
2026-08-02 06:53:17,743171,3080895,Game 2: Odd/Even Total Kills?,odd_even,2,2026-08-02 09:00:00,126.7,Even,82376420046513825036996346363838109509618966024273716754332521320359654315139,0.49,0.51,0.5,0.02,127.39,149.37,433.99,133.65,159.46,507.32,13,12,
2026-08-02 06:53:17,743171,3080896,Game 3: Both Teams Slay Baron Nashor?,prop,3,2026-08-02 09:00:00,126.7,Yes,43058724801095349461575204278248067512535619195056365784858591911556849882599,0.07,0.95,0.51,0.88,283.79,284.55,288.55,20.42,132.44,352.67,6,5,
2026-08-02 06:53:17,743171,3080896,Game 3: Both Teams Slay Baron Nashor?,prop,3,2026-08-02 09:00:00,126.7,No,13403694906561572021182856611081009107969528046380292044689456074894594588633,0.05,0.93,0.49,0.88,0.95,3.32,5.54,4445.05,4463.29,4625.96,5,6,
2026-08-02 06:53:17,743171,3080897,Game 3: Both Teams Slay a Dragon?,prop,3,2026-08-02 09:00:00,126.7,Yes,95934833420408487066676515367990394305626822679884803502374041244654654377423,0.05,0.78,0.415,0.73,0.87,3.31,5.46,1143.97,1143.97,1160.57,5,10,
2026-08-02 06:53:17,743171,3080897,Game 3: Both Teams Slay a Dragon?,prop,3,2026-08-02 09:00:00,126.7,No,109092078623885203709046207603114289353136946479228925545794073647298736571558,0.22,0.95,0.585,0.73,305.36,305.36,308.76,18.92,133.39,346.44,10,5,
2026-08-02 06:53:17,743171,3080898,Game 3: Both Teams Destroy Inhibitors?,prop,3,2026-08-02 09:00:00,126.7,Yes,82086147600691603611628748523578430898515084502790714316502140904123731219515,0.05,0.95,0.5,0.9,284.35,286.68,288.9,20.42,132.44,352.68,5,5,
2026-08-02 06:53:17,743171,3080898,Game 3: Both Teams Destroy Inhibitors?,prop,3,2026-08-02 09:00:00,126.7,No,57080078987421236952819750648401667548223534181692992953945813047040670194075,0.05,0.95,0.5,0.9,0.95,3.32,5.54,6821.77,6932.4,7152.4,5,5,
2026-08-02 06:53:17,743171,3080899,Game 3: Any Player Quadra Kill?,prop,3,2026-08-02 09:00:00,126.7,Yes,17479258016738558003675075009785218467463581479312410199178804584195423655430,0.07,0.98,0.525,0.91,283.36,283.36,287.86,232.4,232.4,232.4,4,2,
2026-08-02 06:53:17,743171,3080899,Game 3: Any Player Quadra Kill?,prop,3,2026-08-02 09:00:00,126.7,No,71930022793056900703938572650857967394482518406209496724003846565725302701297,0.02,0.93,0.475,0.91,2.6,2.6,2.6,3764.64,3764.64,3951.81,2,4,
2026-08-02 06:53:17,743171,3080900,Game 3: Any Player Penta Kill?,prop,3,2026-08-02 09:00:00,126.7,Yes,20863541200087242531589893761704057993976845234001397188844460939118282307638,0.05,0.98,0.515,0.93,28.65,29.15,312.61,232.4,232.4,232.4,3,2,
2026-08-02 06:53:17,743171,3080900,Game 3: Any Player Penta Kill?,prop,3,2026-08-02 09:00:00,126.7,No,104010494454991993251580594802164548586480447757321666507808496530002724003041,0.02,0.95,0.485,0.93,2.6,2.6,2.6,544.35,568.85,28631.39,2,3,
2026-08-02 06:53:17,743171,3080901,Game 3: Odd/Even Total Kills?,odd_even,3,2026-08-02 09:00:00,126.7,Odd,14353960755531159426094281564157590168539200311909831171635853684376241553965,0.49,0.51,0.5,0.02,127.39,149.37,433.99,133.65,159.46,507.32,13,13,
2026-08-02 06:53:17,743171,3080901,Game 3: Odd/Even Total Kills?,odd_even,3,2026-08-02 09:00:00,126.7,Even,35272242988350380178489105940811110158120807760119232825874523117957186916933,0.49,0.51,0.5,0.02,127.39,149.37,433.99,133.65,159.46,507.32,13,13,
2026-08-02 06:53:17,743171,3247351,First Blood in Game 2?,first_blood,2,2026-08-02 09:00:00,126.7,LNG Esports,60243159247222898548944078335655951584712100938145240094198819772203882869361,0.4,0.51,0.455,0.11,234.71,234.71,234.71,234.21,234.21,234.21,15,11,
2026-08-02 06:53:17,743171,3247351,First Blood in Game 2?,first_blood,2,2026-08-02 09:00:00,126.7,Invictus Gaming,30010388318090560346974523143556330989233851275035946796810430270242543637571,0.49,0.6,0.545,0.11,225.03,225.03,225.03,366.34,366.34,366.34,11,15,
2026-08-02 06:53:17,743171,3247350,First Blood in Game 1?,first_blood,1,2026-08-02 09:00:00,126.7,LNG Esports,6837022236050262449582216364135211599181821772518110651667211228541869348145,0.41,0.51,0.46,0.1,52.38,275.08,275.08,234.21,234.21,234.21,13,11,
2026-08-02 06:53:17,743171,3247350,First Blood in Game 1?,first_blood,1,2026-08-02 09:00:00,126.7,Invictus Gaming,89550996007494518611684100726972460226325627586035404916832798355508487357348,0.49,0.59,0.54,0.1,225.03,225.03,225.03,77.62,425.97,425.97,11,13,
2026-08-02 06:53:17,743171,3247352,Total Kills Over/Under 30.5 in Game 2?,total_kills,2,2026-08-02 09:00:00,126.7,Over,88298484595281914352239059870292338667222484521731211318661838576444918679687,0.45,0.47,0.46,0.02,27.62,401.77,401.77,71.84,716.58,4999.65,14,15,69.611698
2026-08-02 06:53:17,743171,3247352,Total Kills Over/Under 30.5 in Game 2?,total_kills,2,2026-08-02 09:00:00,126.7,Under,38217417125598701285917566785225117131207297438256940711948323672696406231456,0.53,0.55,0.54,0.02,78.16,749.2,4864.32,34.88,551.55,551.55,15,14,69.611698
2026-08-02 06:53:17,743171,3247353,Total Kills Over/Under 30.5 in Game 1?,total_kills,1,2026-08-02 09:00:00,126.7,Over,50106188925521078535282573965611606854996840223325430071085270132003555909260,0.41,0.44,0.425,0.03,20.5,421.07,421.07,593.04,4296.03,4665.97,11,12,16.413792
2026-08-02 06:53:17,743171,3247353,Total Kills Over/Under 30.5 in Game 1?,total_kills,1,2026-08-02 09:00:00,126.7,Under,75541867021947396106730952542539720001153212109669926230486401340538156123951,0.56,0.59,0.575,0.03,727.04,5074.04,5466.92,29.5,656.03,656.03,12,11,16.413792
2026-08-02 06:53:17,743171,3247354,Total Kills Over/Under 27.5 in Game 2?,total_kills,2,2026-08-02 09:00:00,126.7,Over,51146540352557297178527941122655826755968886808628579134513850317472805832603,0.57,0.61,0.59,0.04,28.5,416.53,416.53,30.5,449.05,808.46,12,13,
2026-08-02 06:53:17,743171,3247354,Total Kills Over/Under 27.5 in Game 2?,total_kills,2,2026-08-02 09:00:00,126.7,Under,63016173037310715849691062634003262606205900177631212934439242359284953820507,0.39,0.43,0.41,0.04,19.5,256.49,450.02,21.5,338.98,338.98,13,12,
2026-08-02 06:53:17,743171,3247355,Total Kills Over/Under 27.5 in Game 1?,total_kills,1,2026-08-02 09:00:00,126.7,Over,42198956340145679217446932380790459403280756645167729912328189878281220990092,0.56,0.58,0.57,0.02,41.3,41.3,247.32,48.7,92.69,567.77,14,16,215.974129
2026-08-02 06:53:17,743171,3247355,Total Kills Over/Under 27.5 in Game 1?,total_kills,1,2026-08-02 09:00:00,126.7,Under,20063801928328775496333872326406277649479489739628732463076882597980683577347,0.42,0.44,0.43,0.02,34.11,62.31,344.22,33.7,33.7,223.87,16,14,215.974129
2026-08-02 06:53:17,777488,3242490,LoL: Team Secret Whales vs CTBC Flying Oyster - Game 1 Winner,map,1,2026-08-02 09:00:00,126.7,Team Secret Whales,57816135160094022782874503244385532147531078139344598994417283900284035426820,0.69,0.7,0.695,0.01,2244.82,2768.28,3435.56,654.43,2248.99,2304.49,29,20,5583.445763
2026-08-02 06:53:17,777488,3242490,LoL: Team Secret Whales vs CTBC Flying Oyster - Game 1 Winner,map,1,2026-08-02 09:00:00,126.7,CTBC Flying Oyster,84525189896438327520655187935169481308459424715925764328357460907711373179800,0.3,0.31,0.305,0.01,269.05,884.2,902.7,1026.29,1291.83,1659.16,20,29,5583.445763
2026-08-02 06:53:17,777488,3242491,LoL: Team Secret Whales vs CTBC Flying Oyster - Game 2 Winner,map,2,2026-08-02 09:00:00,126.7,Team Secret Whales,76754270586622647838553050894322356828736663824016826309100304606981037399491,0.69,0.7,0.695,0.01,12489.0,12689.19,13331.12,1222.57,2244.14,2299.64,23,20,3969.806478
2026-08-02 06:53:17,777488,3242491,LoL: Team Secret Whales vs CTBC Flying Oyster - Game 2 Winner,map,2,2026-08-02 09:00:00,126.7,CTBC Flying Oyster,56489067258837645781761923067126853043573144817614127530708055679301943559747,0.3,0.31,0.305,0.01,511.63,907.52,926.02,5619.5,5720.31,6073.38,20,23,3969.806478
2026-08-02 06:53:17,777488,3242492,LoL: Team Secret Whales vs CTBC Flying Oyster - Game 3 Winner,map,3,2026-08-02 09:00:00,126.7,Team Secret Whales,84515801993639805002213409467397361469609977446389163532328974026080706324919,0.68,0.69,0.685,0.01,3125.71,3341.14,3902.19,94.81,1857.11,1930.11,25,23,4822.664734999999
2026-08-02 06:53:17,777488,3242492,LoL: Team Secret Whales vs CTBC Flying Oyster - Game 3 Winner,map,3,2026-08-02 09:00:00,126.7,CTBC Flying Oyster,47042936553385792822224572984994946197580344579724406299806966214605938841010,0.31,0.32,0.315,0.01,41.04,741.66,768.66,1486.14,1598.71,1916.84,23,25,4822.664734999999
2026-08-02 06:53:17,777488,3242493,LoL: Team Secret Whales vs CTBC Flying Oyster - Game 4 Winner,map,4,2026-08-02 09:00:00,126.7,Team Secret Whales,17395249853885279779595095236555902153584780476668506281725665988013712809726,0.6,0.65,0.625,0.05,3.0,3.0,3.0,207.8,207.8,207.8,14,13,
2026-08-02 06:53:17,777488,3242493,LoL: Team Secret Whales vs CTBC Flying Oyster - Game 4 Winner,map,4,2026-08-02 09:00:00,126.7,CTBC Flying Oyster,23823319113389303220072115291412712888961208930402594759139448658235209413419,0.35,0.4,0.375,0.05,107.2,107.2,107.2,2.0,2.0,2.0,13,14,
2026-08-02 06:53:17,777488,3242494,LoL: Team Secret Whales vs CTBC Flying Oyster (BO5) - LCP Group Stage,series,,2026-08-02 09:00:00,126.7,Team Secret Whales,112783488403942180959201845594818467757376330196707325388108787976324977051994,0.77,0.78,0.775,0.01,3369.68,6419.94,6427.24,1306.99,4049.9,5049.69,27,20,13367.572239999998
2026-08-02 06:53:17,777488,3242494,LoL: Team Secret Whales vs CTBC Flying Oyster (BO5) - LCP Group Stage,series,,2026-08-02 09:00:00,126.7,CTBC Flying Oyster,80452513973028868846592325693720987068814405760226652643682462266126569090751,0.22,0.23,0.225,0.01,356.01,1016.32,1227.37,1049.52,2080.05,2082.75,20,27,13367.572239999998
2026-08-02 06:53:17,777488,3242495,Games Total: O/U 3.5,total_games,,2026-08-02 09:00:00,126.7,Over,72300793668187151319904900646523978702528656649138144719405721411224244932759,0.61,0.62,0.615,0.01,923.76,1754.76,1997.58,6218.66,6347.56,6449.36,20,22,17291.862281000005
2026-08-02 06:53:17,777488,3242495,Games Total: O/U 3.5,total_games,,2026-08-02 09:00:00,126.7,Under,108846093590840099798675088484086990239416212941859949463132166956349912927328,0.38,0.39,0.385,0.01,3811.44,3882.54,3934.02,615.68,1193.15,1376.33,22,20,17291.862281000005
2026-08-02 06:53:17,777488,3242496,Games Total: O/U 4.5,total_games,,2026-08-02 09:00:00,126.7,Over,41270598835424749763955996134684705831927348554403922237902670916734253760669,0.27,0.29,0.28,0.02,13.5,37.5,424.09,103.03,1992.85,2157.88,16,17,441.68341699999996
2026-08-02 06:53:17,777488,3242496,Games Total: O/U 4.5,total_games,,2026-08-02 09:00:00,126.7,Under,58036605262601096265076118672464791582934640975043365706485191229520811754504,0.71,0.73,0.72,0.02,243.27,4447.78,4771.69,36.5,112.5,1471.71,17,16,441.68341699999996
2026-08-02 06:53:17,777488,3242497,Game Handicap: TSW (-1.5) vs CTBC Flying Oyster (+1.5),handicap,,2026-08-02 09:00:00,126.7,Team Secret Whales,32382395346852847254940176658456928989693539675636369896177890938863430973471,0.59,0.6,0.595,0.01,447.39,560.39,560.39,268.9,373.47,888.87,19,20,976.906004
2026-08-02 06:53:17,777488,3242497,Game Handicap: TSW (-1.5) vs CTBC Flying Oyster (+1.5),handicap,,2026-08-02 09:00:00,126.7,CTBC Flying Oyster,100488374296241339245601316885665517849468025397031180189081751660277427925981,0.4,0.41,0.405,0.01,174.43,237.44,516.18,313.61,400.61,400.61,20,19,976.906004
2026-08-02 06:53:17,777488,3242498,Game Handicap: TSW (-2.5) vs CTBC Flying Oyster (+2.5),handicap,,2026-08-02 09:00:00,126.7,Team Secret Whales,113785065335733646850554173514575073744283113436526505373350557814155497649710,0.32,0.34,0.33,0.02,615.34,669.24,698.94,4006.25,4161.76,4161.76,16,14,12.121211
2026-08-02 06:53:17,777488,3242498,Game Handicap: TSW (-2.5) vs CTBC Flying Oyster (+2.5),handicap,,2026-08-02 09:00:00,126.7,CTBC Flying Oyster,48978565648481124587937191466931712596305440574862248418236250218292279628778,0.66,0.68,0.67,0.02,7444.75,7709.54,7709.54,1368.86,1494.96,1575.26,14,16,12.121211
2026-08-02 06:53:17,777488,3242499,First Blood in Game 1?,first_blood,1,2026-08-02 09:00:00,126.7,Team Secret Whales,76176078641731935731407391491918258824551828061896501211344144386956805092975,0.08,0.95,0.515,0.87,19.0,19.47,21.47,203.69,314.03,530.59,6,4,
2026-08-02 06:53:17,777488,3242499,First Blood in Game 1?,first_blood,1,2026-08-02 09:00:00,126.7,CTBC Flying Oyster,79926504409492097448700203434558369884286074924495139692775212278480677723997,0.05,0.92,0.485,0.87,10.57,12.82,15.01,223.85,232.84,280.84,4,6,
2026-08-02 06:53:17,777488,3242500,First Blood in Game 2?,first_blood,2,2026-08-02 09:00:00,126.7,Team Secret Whales,36489252949572354156656199551729160308186523946897457577059925673343287272299,0.08,0.94,0.51,0.86,19.0,19.47,21.47,197.42,269.15,496.42,6,4,
2026-08-02 06:53:17,777488,3242500,First Blood in Game 2?,first_blood,2,2026-08-02 09:00:00,126.7,CTBC Flying Oyster,41441351191959256667490566084942834037356753172268181893268992272913894336542,0.06,0.92,0.49,0.86,12.5,14.71,17.01,223.85,232.79,280.79,4,6,
2026-08-02 06:53:17,777488,3242501,First Blood in Game 3?,first_blood,3,2026-08-02 09:00:00,126.7,Team Secret Whales,51387227749511496517739619622948981783625570831940292175844395205249838839414,0.06,0.91,0.485,0.85,12.48,14.69,16.95,186.63,226.48,274.48,4,7,
2026-08-02 06:53:17,777488,3242501,First Blood in Game 3?,first_blood,3,2026-08-02 09:00:00,126.7,CTBC Flying Oyster,84632537644270832286015097395506359851243798486843821606676215361948288717549,0.09,0.94,0.515,0.85,18.4,21.4,23.4,197.12,268.62,492.72,7,4,
2026-08-02 06:53:17,777488,3242502,First Blood in Game 4?,first_blood,4,2026-08-02 09:00:00,126.7,Team Secret Whales,26403362042709478831403732734420297091029668631643299281933862415028319195845,0.08,0.94,0.51,0.86,16.49,16.49,18.7,197.51,267.86,493.04,6,5,
2026-08-02 06:53:17,777488,3242502,First Blood in Game 4?,first_blood,4,2026-08-02 09:00:00,126.7,CTBC Flying Oyster,78664000157232051786555474526526297891608214826219451729845556414941361620072,0.06,0.92,0.49,0.86,12.5,14.68,17.01,190.46,190.46,245.33,5,6,
2026-08-02 06:53:17,777488,3242503,First Blood in Game 5?,first_blood,5,2026-08-02 09:00:00,126.7,Team Secret Whales,834669630360787795479739857530823000511290028945919271243926672811370607927,0.07,0.95,0.51,0.88,14.42,14.42,18.7,204.59,315.46,527.23,5,4,
2026-08-02 06:53:17,777488,3242503,First Blood in Game 5?,first_blood,5,2026-08-02 09:00:00,126.7,CTBC Flying Oyster,65911608945563935626405953820602536931093222068386319298304085216125067913390,0.05,0.93,0.49,0.88,10.61,12.87,15.01,192.64,192.64,364.22,4,5,
2026-08-02 06:53:17,777488,3242504,Game 1: Both Teams Slay Baron Nashor?,prop,1,2026-08-02 09:00:00,126.7,Yes,82109122910205671204306244277178071377513852655530705652340200553652435919932,0.06,0.5,0.28,0.44,283.68,285.96,308.47,283.36,283.36,283.36,6,11,
2026-08-02 06:53:17,777488,3242504,Game 1: Both Teams Slay Baron Nashor?,prop,1,2026-08-02 09:00:00,126.7,No,8656473897653034280876081254915519555589552805581412905695564407944608476083,0.5,0.94,0.72,0.44,283.36,283.36,283.36,5388.77,5460.2,7681.45,11,6,
2026-08-02 06:53:17,777488,3242505,Game 1: Both Teams Slay a Dragon?,prop,1,2026-08-02 09:00:00,126.7,Yes,32626544758206927715646495093041485141420312943142351104342214354013341427211,0.5,0.8,0.65,0.3,283.36,283.36,283.36,1133.44,1133.44,1150.44,9,8,
2026-08-02 06:53:17,777488,3242505,Game 1: Both Teams Slay a Dragon?,prop,1,2026-08-02 09:00:00,126.7,No,80774928191498242889000864528879279007331491946982563338725522451307658906911,0.2,0.5,0.35,0.3,283.36,283.36,286.36,283.36,283.36,283.36,8,9,
2026-08-02 06:53:17,777488,3242506,Game 1: Both Teams Destroy Inhibitors?,prop,1,2026-08-02 09:00:00,126.7,Yes,57878958722771259702191587377488008562321366597374420142934676314494035042365,0.04,0.5,0.27,0.46,283.82,288.37,288.37,283.36,283.36,283.36,4,11,
2026-08-02 06:53:17,777488,3242506,Game 1: Both Teams Destroy Inhibitors?,prop,1,2026-08-02 09:00:00,126.7,No,21832488090938789009014145975002941333458675765934334105525825321941495893189,0.5,0.96,0.73,0.46,283.36,283.36,283.36,9172.97,9507.0,9507.0,11,4,
2026-08-02 06:53:17,777488,3242507,Game 1: Any Player Quadra Kill?,prop,1,2026-08-02 09:00:00,126.7,Yes,67477697003412425735721846146861340830375928748646316394267430844610313516048,0.04,0.5,0.27,0.46,283.36,287.41,287.41,283.36,283.36,283.36,3,10,
2026-08-02 06:53:17,777488,3242507,Game 1: Any Player Quadra Kill?,prop,1,2026-08-02 09:00:00,126.7,No,28230089652834458564403191383477251350363400530987830673659176513834216998402,0.5,0.96,0.73,0.46,283.36,283.36,283.36,6800.64,7101.59,7101.59,10,3,
2026-08-02 06:53:17,777488,3242508,Game 1: Any Player Penta Kill?,prop,1,2026-08-02 09:00:00,126.7,Yes,107955397088245341609588127643872420201219088994892330576848052323418067304337,0.01,0.5,0.255,0.49,283.41,283.41,283.41,283.36,283.36,283.36,1,10,
2026-08-02 06:53:17,777488,3242508,Game 1: Any Player Penta Kill?,prop,1,2026-08-02 09:00:00,126.7,No,2298327095866923872370786527525373223496154978975697230366979542666694010210,0.5,0.99,0.745,0.49,283.36,283.36,283.36,28057.59,28057.59,28057.59,10,1,
2026-08-02 06:53:17,777488,3242509,Game 1: Odd/Even Total Kills?,odd_even,1,2026-08-02 09:00:00,126.7,Odd,35669069441156880233120397229339609857600763115115367527463035031810099918812,0.49,0.51,0.5,0.02,40.16,40.16,324.77,42.13,42.13,390.0,12,12,
2026-08-02 06:53:17,777488,3242509,Game 1: Odd/Even Total Kills?,odd_even,1,2026-08-02 09:00:00,126.7,Even,34134996380998562744373466212898094506013127989415722436188379079216550283869,0.49,0.51,0.5,0.02,40.16,40.16,324.77,42.13,42.13,390.0,12,12,
2026-08-02 06:53:17,777488,3242510,Game 2: Both Teams Slay Baron Nashor?,prop,2,2026-08-02 09:00:00,126.7,Yes,55612768283885555444235128339818004633987486785078428271354240018837438415172,0.06,0.5,0.28,0.44,283.68,285.96,308.61,283.36,283.36,283.36,6,12,
2026-08-02 06:53:17,777488,3242510,Game 2: Both Teams Slay Baron Nashor?,prop,2,2026-08-02 09:00:00,126.7,No,68013453411200942378083783109699621850836566027632710988233618904681638059009,0.5,0.94,0.72,0.44,283.36,283.36,283.36,5388.77,5460.2,7695.31,12,6,
2026-08-02 06:53:17,777488,3242511,Game 2: Both Teams Slay a Dragon?,prop,2,2026-08-02 09:00:00,126.7,Yes,25268472604044033644155788644394470811008223675152420568627576739918797975853,0.5,0.8,0.65,0.3,283.36,283.36,283.36,1133.44,1133.44,1234.44,10,9,
2026-08-02 06:53:17,777488,3242511,Game 2: Both Teams Slay a Dragon?,prop,2,2026-08-02 09:00:00,126.7,No,77287086054106107892849953648996922577643407952016836727589125254557669820384,0.2,0.5,0.35,0.3,283.36,283.36,302.36,283.36,283.36,283.36,9,10,
2026-08-02 06:53:17,777488,3242512,Game 2: Both Teams Destroy Inhibitors?,prop,2,2026-08-02 09:00:00,126.7,Yes,63116409037166805607386548449789060242417387308976504409836409960705425478823,0.04,0.5,0.27,0.46,283.82,288.37,288.37,283.36,283.36,283.36,4,12,
2026-08-02 06:53:17,777488,3242512,Game 2: Both Teams Destroy Inhibitors?,prop,2,2026-08-02 09:00:00,126.7,No,39912666918280641726206692277388061035907575339250897177186125313578834705787,0.5,0.96,0.73,0.46,283.36,283.36,283.36,9172.97,9507.0,9507.0,12,4,
2026-08-02 06:53:17,777488,3242513,Game 2: Any Player Quadra Kill?,prop,2,2026-08-02 09:00:00,126.7,Yes,4263276727264114878405602649464265427324668856183212750657142386269218822063,0.04,0.5,0.27,0.46,283.36,287.41,287.41,283.36,283.36,283.36,3,11,
2026-08-02 06:53:17,777488,3242513,Game 2: Any Player Quadra Kill?,prop,2,2026-08-02 09:00:00,126.7,No,69576406192413665870026391300739965527689631644663907015579261971162988093260,0.5,0.96,0.73,0.46,283.36,283.36,283.36,6800.64,7101.59,7101.59,11,3,
2026-08-02 06:53:17,777488,3242514,Game 2: Any Player Penta Kill?,prop,2,2026-08-02 09:00:00,126.7,Yes,43770092129906284304701955036555378708763006374885907543692653722330039935327,0.01,0.5,0.255,0.49,283.41,283.41,283.41,283.36,283.36,283.36,1,10,
2026-08-02 06:53:17,777488,3242514,Game 2: Any Player Penta Kill?,prop,2,2026-08-02 09:00:00,126.7,No,74726305910172583187002718614853277500984547126354509426874700736506549207136,0.5,0.99,0.745,0.49,283.36,283.36,283.36,28057.59,28057.59,28057.59,10,1,
2026-08-02 06:53:17,777488,3242515,Game 2: Odd/Even Total Kills?,odd_even,2,2026-08-02 09:00:00,126.7,Odd,103037412618351337232072591960970068480196116485177890660027371606071064402503,0.49,0.51,0.5,0.02,40.16,40.16,324.77,42.13,42.13,390.0,12,12,
2026-08-02 06:53:17,777488,3242515,Game 2: Odd/Even Total Kills?,odd_even,2,2026-08-02 09:00:00,126.7,Even,21504247401034643293987946442807585229564406903469081575863274634549998426270,0.49,0.51,0.5,0.02,40.16,40.16,324.77,42.13,42.13,390.0,12,12,
2026-08-02 06:53:17,777488,3242516,Game 3: Both Teams Slay Baron Nashor?,prop,3,2026-08-02 09:00:00,126.7,Yes,77261832545549908030973621817519973235104059699203340241975578117008694094853,0.23,0.5,0.365,0.27,2.3,3.33,7.15,283.36,283.36,283.36,12,12,
2026-08-02 06:53:17,777488,3242516,Game 3: Both Teams Slay Baron Nashor?,prop,3,2026-08-02 09:00:00,126.7,No,29942351581814803281652827273469223353222947387494284759002648389231015275294,0.5,0.77,0.635,0.27,283.36,283.36,283.36,7.7,11.8,28.64,12,12,
2026-08-02 06:53:17,777488,3242517,Game 3: Both Teams Slay a Dragon?,prop,3,2026-08-02 09:00:00,126.7,Yes,70360398388455874266173213101286288923272398726265240438392772127722997448610,0.5,0.8,0.65,0.3,283.36,283.36,283.36,1133.44,1133.44,1234.44,10,9,
2026-08-02 06:53:17,777488,3242517,Game 3: Both Teams Slay a Dragon?,prop,3,2026-08-02 09:00:00,126.7,No,52845035201587624459438845665250473929029108844112614651935527390501033762970,0.2,0.5,0.35,0.3,283.36,283.36,302.36,283.36,283.36,283.36,9,10,
2026-08-02 06:53:17,777488,3242518,Game 3: Both Teams Destroy Inhibitors?,prop,3,2026-08-02 09:00:00,126.7,Yes,48977884461727248822212570858195208609516394659009807088507571955717291664697,0.04,0.5,0.27,0.46,283.82,288.37,288.37,283.36,283.36,283.36,4,12,
2026-08-02 06:53:17,777488,3242518,Game 3: Both Teams Destroy Inhibitors?,prop,3,2026-08-02 09:00:00,126.7,No,3671363479438694358741463992296651772042853610335646218578791290024782364582,0.5,0.96,0.73,0.46,283.36,283.36,283.36,9172.97,9507.0,9507.0,12,4,
2026-08-02 06:53:17,777488,3242519,Game 3: Any Player Quadra Kill?,prop,3,2026-08-02 09:00:00,126.7,Yes,34118162061878728840353980643835530411234963147751984212557794644941270882141,0.04,0.5,0.27,0.46,283.36,287.41,287.41,283.36,283.36,283.36,3,11,
2026-08-02 06:53:17,777488,3242519,Game 3: Any Player Quadra Kill?,prop,3,2026-08-02 09:00:00,126.7,No,86065855012286708999355496026724666479399944731814351003162910211369043270293,0.5,0.96,0.73,0.46,283.36,283.36,283.36,6800.64,7101.59,7101.59,11,3,
2026-08-02 06:53:17,777488,3242520,Game 3: Any Player Penta Kill?,prop,3,2026-08-02 09:00:00,126.7,Yes,7866906399859507715969236577162534049067328151038482266868129384413531393152,0.01,0.5,0.255,0.49,283.41,283.41,283.41,283.36,283.36,283.36,1,10,
2026-08-02 06:53:17,777488,3242520,Game 3: Any Player Penta Kill?,prop,3,2026-08-02 09:00:00,126.7,No,102658700344398947639358052865470104625417791083949106731139967674354429925933,0.5,0.99,0.745,0.49,283.36,283.36,283.36,28057.59,28057.59,28057.59,10,1,
2026-08-02 06:53:17,777488,3242521,Game 3: Odd/Even Total Kills?,odd_even,3,2026-08-02 09:00:00,126.7,Odd,1920707057826196000729146751630790521705346214735121429259525852560003610959,0.49,0.51,0.5,0.02,40.16,40.16,324.77,42.13,42.13,390.0,12,12,
2026-08-02 06:53:17,777488,3242521,Game 3: Odd/Even Total Kills?,odd_even,3,2026-08-02 09:00:00,126.7,Even,88647646668802236136158789088602771719271626586223927818625588950998518629396,0.49,0.51,0.5,0.02,40.16,40.16,324.77,42.13,42.13,390.0,12,12,
2026-08-02 06:53:17,777488,3242522,Game 4: Both Teams Slay Baron Nashor?,prop,4,2026-08-02 09:00:00,126.7,Yes,6873310937397978516694146619025168230374666020537337469477629007465955183743,0.06,0.96,0.51,0.9,284.24,286.24,288.87,32.65,358.81,358.81,5,4,
2026-08-02 06:53:17,777488,3242522,Game 4: Both Teams Slay Baron Nashor?,prop,4,2026-08-02 09:00:00,126.7,No,18528193578631301586757620009046134047287063337847150764636556627738796525677,0.04,0.94,0.49,0.9,1.13,5.49,5.49,5399.27,5463.94,5700.97,4,5,
2026-08-02 06:53:17,777488,3242523,Game 4: Both Teams Slay a Dragon?,prop,4,2026-08-02 09:00:00,126.7,Yes,96239155610116234593629625855692533038529442254365233884566866984317744705509,0.47,0.78,0.625,0.31,283.36,283.36,283.36,1004.64,1004.64,1087.64,11,9,
2026-08-02 06:53:17,777488,3242523,Game 4: Both Teams Slay a Dragon?,prop,4,2026-08-02 09:00:00,126.7,No,90285335797042713137455027317662316028781926407963078036017792314080482210785,0.22,0.53,0.375,0.31,283.36,283.36,300.36,319.53,319.53,319.53,9,11,
2026-08-02 06:53:17,777488,3242524,Game 4: Both Teams Destroy Inhibitors?,prop,4,2026-08-02 09:00:00,126.7,Yes,48163120894888470133224563494374860224939916137694150453600458084315949778552,0.05,0.96,0.505,0.91,0.85,286.63,288.85,32.65,358.81,358.81,5,4,
2026-08-02 06:53:17,777488,3242524,Game 4: Both Teams Destroy Inhibitors?,prop,4,2026-08-02 09:00:00,126.7,No,65932431344977836134599434113874579109665373405269201721000578030796735615779,0.04,0.95,0.495,0.91,1.13,5.49,5.49,18.64,9295.78,9515.21,4,5,
2026-08-02 06:53:17,777488,3242525,Game 4: Any Player Quadra Kill?,prop,4,2026-08-02 09:00:00,126.7,Yes,48766357627137420502706105015132880346460432230442156319595602374969708661549,0.04,0.99,0.515,0.95,283.84,287.89,287.89,54.45,54.45,54.45,3,1,
2026-08-02 06:53:17,777488,3242525,Game 4: Any Player Quadra Kill?,prop,4,2026-08-02 09:00:00,126.7,No,18525403907568398358634442213038306406008025802557700810805310510796193654593,0.01,0.96,0.485,0.95,0.55,0.55,0.55,6812.16,7113.11,7113.11,1,3,
2026-08-02 06:53:17,777488,3242526,Game 4: Any Player Penta Kill?,prop,4,2026-08-02 09:00:00,126.7,Yes,19394836216636086747323946701502339652056897814910961334615459750970271377627,0.02,0.99,0.505,0.97,283.91,283.91,283.91,54.45,54.45,54.45,2,1,
2026-08-02 06:53:17,777488,3242526,Game 4: Any Player Penta Kill?,prop,4,2026-08-02 09:00:00,126.7,No,77617476762299404152229581594197755071733954493565526877252600348180953619678,0.01,0.98,0.495,0.97,0.55,0.55,0.55,28082.09,28082.09,28082.09,1,2,
2026-08-02 06:53:17,777488,3242527,Game 4: Odd/Even Total Kills?,odd_even,4,2026-08-02 09:00:00,126.7,Odd,75890811262287504237425106759452740916618553387886440572460885740958767693338,0.49,0.51,0.5,0.02,40.16,40.16,324.77,42.13,42.13,390.0,12,12,
2026-08-02 06:53:17,777488,3242527,Game 4: Odd/Even Total Kills?,odd_even,4,2026-08-02 09:00:00,126.7,Even,40203519400324083604706318923535091108485909332610733820589745001578236397688,0.49,0.51,0.5,0.02,40.16,40.16,324.77,42.13,42.13,390.0,12,12,
2026-08-02 06:53:17,777488,3242528,Game 5: Both Teams Slay Baron Nashor?,prop,5,2026-08-02 09:00:00,126.7,Yes,104186574846046194155309906600223084379965802712970170251970070918848843932951,0.06,0.96,0.51,0.9,284.31,286.31,288.87,32.65,358.81,358.81,5,4,
2026-08-02 06:53:17,777488,3242528,Game 5: Both Teams Slay Baron Nashor?,prop,5,2026-08-02 09:00:00,126.7,No,44568387720142730000305788491821524810776472201185044840726633879733839536191,0.04,0.94,0.49,0.9,1.13,5.49,5.49,5400.34,5465.01,5698.16,4,5,
2026-08-02 06:53:17,777488,3242529,Game 5: Both Teams Slay a Dragon?,prop,5,2026-08-02 09:00:00,126.7,Yes,54544138229268547953418063615196800890163147773712824803820035680061760701050,0.47,0.78,0.625,0.31,283.36,283.36,283.36,1004.64,1004.64,1087.64,10,9,
2026-08-02 06:53:17,777488,3242529,Game 5: Both Teams Slay a Dragon?,prop,5,2026-08-02 09:00:00,126.7,No,53447488034486623877755199848802236783776818988628965858466891919045843609954,0.22,0.53,0.375,0.31,283.36,283.36,300.36,319.53,319.53,319.53,9,10,
2026-08-02 06:53:17,777488,3242530,Game 5: Both Teams Destroy Inhibitors?,prop,5,2026-08-02 09:00:00,126.7,Yes,84869567834213737240677422708123444482993918363118298390918236083835009666609,0.05,0.96,0.505,0.91,0.89,286.71,288.85,32.65,358.81,358.81,5,4,
2026-08-02 06:53:17,777488,3242530,Game 5: Both Teams Destroy Inhibitors?,prop,5,2026-08-02 09:00:00,126.7,No,104976994634744610010863109018357776671427542050125895407506044873394977608708,0.04,0.95,0.495,0.91,1.13,5.49,5.49,19.3,9298.79,9510.79,4,5,
2026-08-02 06:53:17,777488,3242531,Game 5: Any Player Quadra Kill?,prop,5,2026-08-02 09:00:00,126.7,Yes,112263471871122883811989362359978174259181855748395775051704344415387145260011,0.04,0.99,0.515,0.95,283.84,287.89,287.89,54.45,54.45,54.45,3,1,
2026-08-02 06:53:17,777488,3242531,Game 5: Any Player Quadra Kill?,prop,5,2026-08-02 09:00:00,126.7,No,23403007836943947744681510349247280485072978781656882287837068216480509913554,0.01,0.96,0.485,0.95,0.55,0.55,0.55,6812.16,7113.11,7113.11,1,3,
2026-08-02 06:53:17,777488,3242532,Game 5: Any Player Penta Kill?,prop,5,2026-08-02 09:00:00,126.7,Yes,7891418895463379286896718967151686623053177620483355975797781050656729426108,0.02,0.99,0.505,0.97,283.91,283.91,283.91,54.45,54.45,54.45,2,1,
2026-08-02 06:53:17,777488,3242532,Game 5: Any Player Penta Kill?,prop,5,2026-08-02 09:00:00,126.7,No,40631958773724129659751950295215568541920435781148650011271912559562887183213,0.01,0.98,0.495,0.97,0.55,0.55,0.55,28082.09,28082.09,28082.09,1,2,
2026-08-02 06:53:17,777488,3242533,Game 5: Odd/Even Total Kills?,odd_even,5,2026-08-02 09:00:00,126.7,Odd,4903397286428577336062410414826833960093510373539643042803989813745818534711,0.49,0.51,0.5,0.02,40.16,40.16,324.77,42.13,42.13,390.0,12,12,
2026-08-02 06:53:17,777488,3242533,Game 5: Odd/Even Total Kills?,odd_even,5,2026-08-02 09:00:00,126.7,Even,111090787906032420752717008529204938088570636434274863773273409629924503578782,0.49,0.51,0.5,0.02,40.16,40.16,324.77,42.13,42.13,390.0,12,12,
2026-08-02 07:00:09,720804,2985831,LoL: DN SOOPers vs HANJIN BRION - Game 1 Winner,map,1,2026-08-02 08:00:00,59.8,DN SOOPers,42936850482651914409277495257882545988254142261829548050889622816919312279771,0.35,0.36,0.355,0.01,8690.33,15424.15,18247.98,12388.09,17422.27,18477.2,23,18,4521.096912999999
2026-08-02 07:00:09,720804,2985831,LoL: DN SOOPers vs HANJIN BRION - Game 1 Winner,map,1,2026-08-02 08:00:00,59.8,HANJIN BRION,72300873521014331315996822988962847480647045255728209596012804322177150285029,0.64,0.65,0.645,0.01,21987.94,30061.04,31579.11,16844.27,30524.5,37007.31,18,23,4521.096912999999
2026-08-02 07:00:09,720804,2985832,LoL: DN SOOPers vs HANJIN BRION - Game 2 Winner,map,2,2026-08-02 08:00:00,59.8,DN SOOPers,6293002078450018823745497893356590572289968249157219729289882040976874389242,0.33,0.34,0.335,0.01,2997.36,5592.77,5811.14,9584.7,10247.73,11530.56,19,21,13583.249449000003
2026-08-02 07:00:09,720804,2985832,LoL: DN SOOPers vs HANJIN BRION - Game 2 Winner,map,2,2026-08-02 08:00:00,59.8,HANJIN BRION,51651805320304444180996920139489385195635313821107581113327476476510601730075,0.66,0.67,0.665,0.01,17868.75,19015.53,21022.0,6092.25,12047.84,12582.47,21,19,13583.249449000003
2026-08-02 07:00:09,720804,2985833,LoL: DN SOOPers vs HANJIN BRION (BO3) - LCK Round 3-4 Rise Group,series,,2026-08-02 08:00:00,59.8,DN SOOPers,83920944565793264579009568668732470958333402189187686836848086059640655328512,0.29,0.3,0.295,0.01,28905.09,40922.17,46058.94,32315.46,53111.09,54931.43,18,52,136936.84531799998
2026-08-02 07:00:09,720804,2985833,LoL: DN SOOPers vs HANJIN BRION (BO3) - LCK Round 3-4 Rise Group,series,,2026-08-02 08:00:00,59.8,HANJIN BRION,90142340307548158680285244846463054791996473929800648630886781972830446829292,0.7,0.71,0.705,0.01,74758.08,118597.6,122071.28,72726.6,105677.14,121804.7,52,18,136936.84531799998
2026-08-02 07:00:09,720804,2985834,Games Total: O/U 2.5,total_games,,2026-08-02 08:00:00,59.8,Over,115763001589981841934227916705643778300336986478747747006478743351017049320215,0.43,0.44,0.435,0.01,708.5,4023.28,4220.23,608.21,12485.52,14944.6,14,14,599.5266379999999
2026-08-02 07:00:09,720804,2985834,Games Total: O/U 2.5,total_games,,2026-08-02 08:00:00,59.8,Under,91801222121802541444761121490344327534075944391096953237840309703647468371038,0.56,0.57,0.565,0.01,745.6,14225.99,16817.99,976.5,5858.52,6166.57,14,14,599.5266379999999
2026-08-02 07:00:09,720804,2985835,Game Handicap: BRO (-1.5) vs DN SOOPers (+1.5),handicap,,2026-08-02 08:00:00,59.8,HANJIN BRION,2478818261239720677086675483799167438612949482205213347168593674700102622629,0.43,0.44,0.435,0.01,20567.34,22254.91,26077.39,31087.5,51549.6,56939.6,17,15,61055.956469
2026-08-02 07:00:09,720804,2985835,Game Handicap: BRO (-1.5) vs DN SOOPers (+1.5),handicap,,2026-08-02 08:00:00,59.8,DN SOOPers,94834555477028424709848351439230010185388394524770172258089704477087868641163,0.56,0.57,0.565,0.01,38329.48,61878.68,67488.68,28051.76,30541.6,36763.94,15,17,61055.956469
2026-08-02 07:00:09,720804,2985836,Game 1: Both Teams Slay Baron Nashor?,prop,1,2026-08-02 08:00:00,59.8,Yes,44915640594729569087625676620306222412980590579084678991395292033371931560827,0.07,0.49,0.28,0.42,1.45,1.97,2.8,4.07,4.07,4.07,5,5,
2026-08-02 07:00:09,720804,2985836,Game 1: Both Teams Slay Baron Nashor?,prop,1,2026-08-02 08:00:00,59.8,No,37113967443673178032629187181708940461213139311985080295449837338299072323374,0.51,0.93,0.72,0.42,4.23,4.23,4.23,19.25,31.71,64.63,5,5,
2026-08-02 07:00:09,720804,2985837,Game 1: Both Teams Slay a Dragon?,prop,1,2026-08-02 08:00:00,59.8,Yes,81561078706992361174610681826983342457210813688240521193883827615449787089945,0.51,0.78,0.645,0.27,4.28,4.28,4.28,8.58,8.58,8.58,5,5,
2026-08-02 07:00:09,720804,2985837,Game 1: Both Teams Slay a Dragon?,prop,1,2026-08-02 08:00:00,59.8,No,9907281152142873042160819340133770082139172884764291314030269990598666965984,0.22,0.49,0.355,0.27,2.42,2.42,2.42,4.12,4.12,4.12,5,5,
2026-08-02 07:00:09,720804,2985838,Game 1: Both Teams Destroy Inhibitors?,prop,1,2026-08-02 08:00:00,59.8,Yes,71475961584450706233230360574834962522669953698100028735480553421773518962446,0.06,0.49,0.275,0.43,1.45,2.48,2.99,4.07,4.07,4.07,5,5,
2026-08-02 07:00:09,720804,2985838,Game 1: Both Teams Destroy Inhibitors?,prop,1,2026-08-02 08:00:00,59.8,No,96176116817715510739061517798906786856670574020691174289854703473183525042907,0.51,0.94,0.725,0.43,4.23,4.23,4.23,22.75,51.34,85.17,5,5,
2026-08-02 07:00:09,720804,2985839,Game 1: Any Player Quadra Kill?,prop,1,2026-08-02 08:00:00,59.8,Yes,16493390525368333199018739796614614378465922969488141913346132696092540481996,0.02,0.98,0.5,0.96,0.6,0.6,0.6,34.4,34.4,34.4,2,2,
2026-08-02 07:00:09,720804,2985839,Game 1: Any Player Quadra Kill?,prop,1,2026-08-02 08:00:00,59.8,No,56347653585494781062554189637614748771006399122103141423346716304631011312144,0.02,0.98,0.5,0.96,0.6,0.6,0.6,34.4,34.4,34.4,2,2,
2026-08-02 07:00:09,720804,2985840,Game 1: Any Player Penta Kill?,prop,1,2026-08-02 08:00:00,59.8,Yes,49668406403014705401245867535537092853662595481221175539691493508867265252416,0.02,0.5,0.26,0.48,0.6,0.6,0.6,20.0,20.0,20.0,2,4,
2026-08-02 07:00:09,720804,2985840,Game 1: Any Player Penta Kill?,prop,1,2026-08-02 08:00:00,59.8,No,392322018462975303761146965828888407897620802810361622816977224642104664346,0.5,0.98,0.74,0.48,20.0,20.0,20.0,34.4,34.4,34.4,4,2,
2026-08-02 07:00:09,720804,2985841,Game 1: Odd/Even Total Kills?,odd_even,1,2026-08-02 08:00:00,59.8,Odd,64592549155132161597723277379753760434816316220798779424330799858113165111831,0.49,0.51,0.5,0.02,102.33,102.33,386.94,104.05,104.05,451.91,6,6,9.80392
2026-08-02 07:00:09,720804,2985841,Game 1: Odd/Even Total Kills?,odd_even,1,2026-08-02 08:00:00,59.8,Even,22354129330778337787211517449131111296157517049169544234741909359794225096802,0.49,0.51,0.5,0.02,99.97,99.97,384.59,106.5,106.5,454.37,6,6,9.80392
2026-08-02 07:00:09,720804,2985842,Game 2: Both Teams Slay Baron Nashor?,prop,2,2026-08-02 08:00:00,59.8,Yes,57194722881652722287778928856899256552760339229401704787654609080883199550511,0.07,0.49,0.28,0.42,1.45,1.97,2.8,4.12,4.12,4.12,5,5,
2026-08-02 07:00:09,720804,2985842,Game 2: Both Teams Slay Baron Nashor?,prop,2,2026-08-02 08:00:00,59.8,No,59374135450969641428260528220646082053630355448275032123355014422228661214328,0.51,0.93,0.72,0.42,4.28,4.28,4.28,19.25,31.73,64.62,5,5,
2026-08-02 07:00:09,720804,2985843,Game 2: Both Teams Slay a Dragon?,prop,2,2026-08-02 08:00:00,59.8,Yes,16761207663700929763930895000870044109436239314614467819259826218322025602414,0.51,0.78,0.645,0.27,4.23,4.23,4.23,8.58,8.58,8.58,5,5,
2026-08-02 07:00:09,720804,2985843,Game 2: Both Teams Slay a Dragon?,prop,2,2026-08-02 08:00:00,59.8,No,91053011289502335373332454164570546553687856896383620203832129814970866007559,0.22,0.49,0.355,0.27,2.42,2.42,2.42,4.07,4.07,4.07,5,5,
2026-08-02 07:00:09,720804,2985844,Game 2: Both Teams Destroy Inhibitors?,prop,2,2026-08-02 08:00:00,59.8,Yes,72080657131222492875722184018671784613358675618683575643423920669409123373805,0.06,0.49,0.275,0.43,1.45,2.46,2.99,4.07,4.07,4.07,4,4,
2026-08-02 07:00:09,720804,2985844,Game 2: Both Teams Destroy Inhibitors?,prop,2,2026-08-02 08:00:00,59.8,No,76575595827436686508796323618238841350839192478819249193882303206472590522650,0.51,0.94,0.725,0.43,4.23,4.23,4.23,22.75,51.05,103.27,4,4,
2026-08-02 07:00:09,720804,2985845,Game 2: Any Player Quadra Kill?,prop,2,2026-08-02 08:00:00,59.8,Yes,76246363645423051975364496046855254236794026710696233410148462217483517468912,0.02,0.98,0.5,0.96,0.6,0.6,0.6,34.4,34.4,34.4,2,2,
2026-08-02 07:00:09,720804,2985845,Game 2: Any Player Quadra Kill?,prop,2,2026-08-02 08:00:00,59.8,No,82952967493967711298009068236655995385276954244991565434629591429951419785253,0.02,0.98,0.5,0.96,0.6,0.6,0.6,34.4,34.4,34.4,2,2,
2026-08-02 07:00:09,720804,2985846,Game 2: Any Player Penta Kill?,prop,2,2026-08-02 08:00:00,59.8,Yes,32202589203000764524594958432996792352023689136584650862389425963534626513896,0.02,0.47,0.245,0.45,0.6,0.6,0.6,21.08,21.08,21.08,2,5,
2026-08-02 07:00:09,720804,2985846,Game 2: Any Player Penta Kill?,prop,2,2026-08-02 08:00:00,59.8,No,41247326107088233542428794448520019157752700819922175251278359525383173138072,0.53,0.98,0.755,0.45,23.62,23.62,23.62,34.4,34.4,34.4,5,2,
2026-08-02 07:00:09,720804,2985847,Game 2: Odd/Even Total Kills?,odd_even,2,2026-08-02 08:00:00,59.8,Odd,14101125707317252499556366876532811859229089743435541998693959506889109440513,0.49,0.51,0.5,0.02,102.33,102.33,386.94,106.5,106.5,454.37,5,5,
2026-08-02 07:00:09,720804,2985847,Game 2: Odd/Even Total Kills?,odd_even,2,2026-08-02 08:00:00,59.8,Even,112433670667782516872456707749946291262697470726766165959272619193571438860014,0.49,0.51,0.5,0.02,102.33,102.33,386.94,106.5,106.5,454.37,5,5,
2026-08-02 07:00:09,720804,2985848,Game 3: Both Teams Slay Baron Nashor?,prop,3,2026-08-02 08:00:00,59.8,Yes,104136964712435805736220279460301224337589608756593979191221375998315537578826,0.07,0.95,0.51,0.88,1.95,2.2,2.68,32.85,64.22,98.13,4,5,
2026-08-02 07:00:09,720804,2985848,Game 3: Both Teams Slay Baron Nashor?,prop,3,2026-08-02 08:00:00,59.8,No,58227032133651406364524656801923559562496425913687094624385449611629670118018,0.05,0.93,0.49,0.88,1.48,2.4,2.74,25.92,31.85,47.37,5,4,
2026-08-02 07:00:09,720804,2985849,Game 3: Both Teams Slay a Dragon?,prop,3,2026-08-02 08:00:00,59.8,Yes,62359769166445215506801265907978402615199925175015226504522160105921437334234,0.05,0.78,0.415,0.73,1.51,2.28,2.81,8.58,8.58,8.58,4,4,
2026-08-02 07:00:09,720804,2985849,Game 3: Both Teams Slay a Dragon?,prop,3,2026-08-02 08:00:00,59.8,No,83654870348198823667332595091134305392760162249370758365244315399177123554265,0.22,0.95,0.585,0.73,2.42,2.42,2.42,33.6,58.57,110.99,4,4,
2026-08-02 07:00:09,720804,2985850,Game 3: Both Teams Destroy Inhibitors?,prop,3,2026-08-02 08:00:00,59.8,Yes,15560581673514295406323370069329485324079403980988726489321483925152219020603,0.07,0.95,0.51,0.88,1.9,2.19,2.67,32.47,66.36,108.19,5,5,
2026-08-02 07:00:09,720804,2985850,Game 3: Both Teams Destroy Inhibitors?,prop,3,2026-08-02 08:00:00,59.8,No,35084658982496356177161118423351755624835829136464432164708520782096827818976,0.05,0.93,0.49,0.88,1.46,2.46,2.88,28.73,35.72,51.24,5,5,
2026-08-02 07:00:09,720804,2985851,Game 3: Any Player Quadra Kill?,prop,3,2026-08-02 08:00:00,59.8,Yes,75468224762988852590066020869645592387061629400786739342571011064205596141274,0.02,0.98,0.5,0.96,0.6,0.6,0.6,34.4,34.4,34.4,2,2,
2026-08-02 07:00:09,720804,2985851,Game 3: Any Player Quadra Kill?,prop,3,2026-08-02 08:00:00,59.8,No,74647852821951903964313502511589443983089513099015021935729078044895223408021,0.02,0.98,0.5,0.96,0.6,0.6,0.6,34.4,34.4,34.4,2,2,
2026-08-02 07:00:09,720804,2985852,Game 3: Any Player Penta Kill?,prop,3,2026-08-02 08:00:00,59.8,Yes,107684476421773351543830332455122213678091807083550082965983665787711393740939,0.17,0.98,0.575,0.81,2.88,2.88,2.88,34.4,34.4,34.4,5,2,
2026-08-02 07:00:09,720804,2985852,Game 3: Any Player Penta Kill?,prop,3,2026-08-02 08:00:00,59.8,No,106156280359148725335259783092663119689979144099409849171363101956551129219138,0.02,0.83,0.425,0.81,0.6,0.6,0.6,14.82,14.82,14.82,2,5,
2026-08-02 07:00:09,720804,2985853,Game 3: Odd/Even Total Kills?,odd_even,3,2026-08-02 08:00:00,59.8,Odd,75183633087080408500425823268702677619156746674341626211978771280711642562797,0.49,0.51,0.5,0.02,102.33,102.33,386.94,106.5,106.5,454.37,5,5,
2026-08-02 07:00:09,720804,2985853,Game 3: Odd/Even Total Kills?,odd_even,3,2026-08-02 08:00:00,59.8,Even,28081118088313904661731832500271423416547915012124693594931517615532487909024,0.49,0.51,0.5,0.02,102.33,102.33,386.94,106.5,106.5,454.37,5,5,
2026-08-02 07:00:09,721080,2986370,LoL: KT Rolster vs Hanwha Life Esports - Game 1 Winner,map,1,2026-08-02 10:00:00,179.8,KT Rolster,34594325533642117507642159322716124599857225738062374685984504761227139366952,0.29,0.3,0.295,0.01,17278.62,19131.07,20672.45,1856.25,3512.09,3935.92,23,35,9160.683058
2026-08-02 07:00:09,721080,2986370,LoL: KT Rolster vs Hanwha Life Esports - Game 1 Winner,map,1,2026-08-02 10:00:00,179.8,Hanwha Life Esports,103969060068663202958737267818166908632490830090734143973682451698126351422318,0.7,0.71,0.705,0.01,4208.57,7708.73,8500.72,42357.91,47443.31,52073.93,35,23,9160.683058
2026-08-02 07:00:09,721080,2986371,LoL: KT Rolster vs Hanwha Life Esports - Game 2 Winner,map,2,2026-08-02 10:00:00,179.8,KT Rolster,39965242555365450547409177975991606172186665712705629250514283318127082005363,0.29,0.3,0.295,0.01,17213.54,18957.17,20497.3,570.09,2219.85,2626.46,22,33,4788.684639
2026-08-02 07:00:09,721080,2986371,LoL: KT Rolster vs Hanwha Life Esports - Game 2 Winner,map,2,2026-08-02 10:00:00,179.8,Hanwha Life Esports,33690771233587419806093213105105619933054597488040019806430350107735916987607,0.7,0.71,0.705,0.01,1325.94,4813.18,5572.89,42197.88,46985.1,51611.97,33,22,4788.684639
2026-08-02 07:00:09,721080,2986372,LoL: KT Rolster vs Hanwha Life Esports (BO3) - LCK Round 3-4 Legend Group,series,,2026-08-02 10:00:00,179.8,KT Rolster,42643993102653849154226829403774324173651687095442113167701765177299747004343,0.23,0.24,0.235,0.01,63477.25,66333.07,72963.99,37010.21,38947.72,45550.76,22,41,80098.39866399995
2026-08-02 07:00:09,721080,2986372,LoL: KT Rolster vs Hanwha Life Esports (BO3) - LCK Round 3-4 Legend Group,series,,2026-08-02 10:00:00,179.8,Hanwha Life Esports,86222734336247731664864731734281512829733267574920066804362888057386190851592,0.76,0.77,0.765,0.01,115504.77,120933.75,137421.41,214796.01,225915.35,255433.12,41,22,80098.39866399995
2026-08-02 07:00:09,721080,2986373,Games Total: O/U 2.5,total_games,,2026-08-02 10:00:00,179.8,Over,63672276910572687576121825250397124939009059775063162590377500959696972992300,0.41,0.42,0.415,0.01,902.81,3325.51,5094.64,11624.85,22537.58,23873.29,26,25,4586.888937
2026-08-02 07:00:09,721080,2986373,Games Total: O/U 2.5,total_games,,2026-08-02 10:00:00,179.8,Under,79875767970364534665650111364334339973831867074710937278033421408518954931264,0.58,0.59,0.585,0.01,15643.13,29043.11,30600.85,1349.87,5260.25,8376.77,25,26,4586.888937
2026-08-02 07:00:09,721080,2986374,Game Handicap: HLE (-1.5) vs KT Rolster (+1.5),handicap,,2026-08-02 10:00:00,179.8,Hanwha Life Esports,90359543367658056432356794620654914204787357372426502077089159155115893371056,0.49,0.5,0.495,0.01,6636.72,15748.34,21925.38,40773.9,44204.41,47342.35,29,23,9735.871961
2026-08-02 07:00:09,721080,2986374,Game Handicap: HLE (-1.5) vs KT Rolster (+1.5),handicap,,2026-08-02 10:00:00,179.8,KT Rolster,37860344211327312251897046288311142624279126319609539398379622577284409045289,0.5,0.51,0.505,0.01,40741.88,43857.39,46530.45,7051.11,17505.49,25070.99,23,29,9735.871961
2026-08-02 07:00:09,721080,2986375,Game 1: Both Teams Slay Baron Nashor?,prop,1,2026-08-02 10:00:00,179.8,Yes,104345867989692261393050694900698216922976549364510130468036520586580143630553,0.07,0.25,0.16,0.18,117.67,120.14,136.41,94.28,94.28,94.28,7,18,
2026-08-02 07:00:09,721080,2986375,Game 1: Both Teams Slay Baron Nashor?,prop,1,2026-08-02 10:00:00,179.8,No,6079862688075335512164816124943298458614347580598637103172963867177694690692,0.75,0.93,0.84,0.18,282.84,282.84,282.84,1840.03,1896.98,2648.29,18,7,
2026-08-02 07:00:09,721080,2986376,Game 1: Both Teams Slay a Dragon?,prop,1,2026-08-02 10:00:00,179.8,Yes,42973340741734498935010306063596765823965728917263155647396897925065859016416,0.66,0.78,0.72,0.12,182.77,182.77,182.77,792.52,792.52,801.63,19,14,2.435895
2026-08-02 07:00:09,721080,2986376,Game 1: Both Teams Slay a Dragon?,prop,1,2026-08-02 10:00:00,179.8,No,21419732133763773940818944461143665527900650117271110847467532375118994395132,0.22,0.34,0.28,0.12,212.04,212.04,214.04,94.15,94.15,94.15,14,19,2.435895
2026-08-02 07:00:09,721080,2986377,Game 1: Both Teams Destroy Inhibitors?,prop,1,2026-08-02 10:00:00,179.8,Yes,94367415131501593832941389121611884595863799818484887495972159055633778627748,0.06,0.2,0.13,0.14,1.45,6.5,11.53,74.8,74.8,74.8,5,18,
2026-08-02 07:00:09,721080,2986377,Game 1: Both Teams Destroy Inhibitors?,prop,1,2026-08-02 10:00:00,179.8,No,82467783284892218535513158472162488367372152555545671506505040262251666995648,0.8,0.94,0.87,0.14,299.22,299.22,299.22,22.75,181.3,663.48,18,5,
2026-08-02 07:00:09,721080,2986378,Game 1: Any Player Quadra Kill?,prop,1,2026-08-02 10:00:00,179.8,Yes,39385159136667283969880976595801020915086981291080625485204800502842888488067,0.07,0.5,0.285,0.43,283.36,283.36,299.24,283.36,283.36,283.36,4,16,
2026-08-02 07:00:09,721080,2986378,Game 1: Any Player Quadra Kill?,prop,1,2026-08-02 10:00:00,179.8,No,31527164120936708237252299435039247838725890059170462239118829978120180887351,0.5,0.93,0.715,0.43,283.36,283.36,283.36,3764.64,3764.64,4509.26,16,4,
2026-08-02 07:00:09,721080,2986379,Game 1: Any Player Penta Kill?,prop,1,2026-08-02 10:00:00,179.8,Yes,40713313279867128503829853271150938580625030308357140787701214681547937729481,0.01,0.47,0.24,0.46,283.96,283.96,283.96,21.08,304.44,304.44,1,17,
2026-08-02 07:00:09,721080,2986379,Game 1: Any Player Penta Kill?,prop,1,2026-08-02 10:00:00,179.8,No,62324754847347008882603875011731439134692059874571645658510717689613890450027,0.53,0.99,0.76,0.46,23.62,306.98,306.98,28112.04,28112.04,28112.04,17,1,
2026-08-02 07:00:09,721080,2986380,Game 1: Odd/Even Total Kills?,odd_even,1,2026-08-02 10:00:00,179.8,Odd,30348296157278420141569268078351484012475346779116653429916228586079115531029,0.49,0.51,0.5,0.02,127.39,149.37,433.99,130.58,157.03,504.89,20,20,9.80392
2026-08-02 07:00:09,721080,2986380,Game 1: Odd/Even Total Kills?,odd_even,1,2026-08-02 10:00:00,179.8,Even,48602473535589365406930861301610196184831867601675589284756141674608750469803,0.49,0.51,0.5,0.02,124.45,146.99,431.61,133.65,159.46,507.32,20,20,9.80392
2026-08-02 07:00:09,721080,2986381,Game 2: Both Teams Slay Baron Nashor?,prop,2,2026-08-02 10:00:00,179.8,Yes,1245757252097993466296331383565874896213614610692471919534463471310424389467,0.07,0.25,0.16,0.18,117.67,120.14,136.41,94.28,94.28,94.28,7,18,
2026-08-02 07:00:09,721080,2986381,Game 2: Both Teams Slay Baron Nashor?,prop,2,2026-08-02 10:00:00,179.8,No,395762692039928235985558389583486150754999905835974431192948408243566378966,0.75,0.93,0.84,0.18,282.84,282.84,282.84,1840.03,1896.98,2648.29,18,7,
2026-08-02 07:00:09,721080,2986382,Game 2: Both Teams Slay a Dragon?,prop,2,2026-08-02 10:00:00,179.8,Yes,16893863549421259811745102806726064332275772288917958505583017718868898456990,0.6,0.78,0.69,0.18,306.72,306.72,306.72,794.42,794.42,803.53,18,14,
2026-08-02 07:00:09,721080,2986382,Game 2: Both Teams Slay a Dragon?,prop,2,2026-08-02 10:00:00,179.8,No,64657224681459787018356822084362236830472822980635175881452728918048695742664,0.22,0.4,0.31,0.18,212.58,212.58,214.58,204.48,204.48,204.48,14,18,
2026-08-02 07:00:09,721080,2986383,Game 2: Both Teams Destroy Inhibitors?,prop,2,2026-08-02 10:00:00,179.8,Yes,13750293712684638415053709682196794442325385807769193657959548172492255618417,0.06,0.2,0.13,0.14,1.45,6.5,11.57,74.8,74.8,74.8,5,18,
2026-08-02 07:00:09,721080,2986383,Game 2: Both Teams Destroy Inhibitors?,prop,2,2026-08-02 10:00:00,179.8,No,1078194083765815778330339210649730105284046225659107001950156196438600253250,0.8,0.94,0.87,0.14,299.22,299.22,299.22,22.75,181.3,667.44,18,5,
2026-08-02 07:00:09,721080,2986384,Game 2: Any Player Quadra Kill?,prop,2,2026-08-02 10:00:00,179.8,Yes,79951289875475743534629830302583769408704203745718796844505245983592656540753,0.07,0.5,0.285,0.43,283.36,283.36,299.24,283.36,283.36,283.36,4,16,
2026-08-02 07:00:09,721080,2986384,Game 2: Any Player Quadra Kill?,prop,2,2026-08-02 10:00:00,179.8,No,37845630014581547224653506851779696836520710021404371942827047993057219365562,0.5,0.93,0.715,0.43,283.36,283.36,283.36,3764.64,3764.64,4509.26,16,4,
2026-08-02 07:00:09,721080,2986385,Game 2: Any Player Penta Kill?,prop,2,2026-08-02 10:00:00,179.8,Yes,57654238363329149355239216886899571669225456971905444547725873212339493766604,0.02,0.49,0.255,0.47,283.96,283.96,283.96,302.47,302.47,302.47,2,16,
2026-08-02 07:00:09,721080,2986385,Game 2: Any Player Penta Kill?,prop,2,2026-08-02 10:00:00,179.8,No,7916920208278111586619816517604648630034753228320714455532312485569021098938,0.51,0.98,0.745,0.47,303.25,303.25,303.25,28087.04,28087.04,28087.04,16,2,
2026-08-02 07:00:09,721080,2986386,Game 2: Odd/Even Total Kills?,odd_even,2,2026-08-02 10:00:00,179.8,Odd,230171925225418495218247562834714364218163859484990041274711892456692466187,0.49,0.51,0.5,0.02,127.39,149.37,433.99,133.65,159.46,507.32,19,19,
2026-08-02 07:00:09,721080,2986386,Game 2: Odd/Even Total Kills?,odd_even,2,2026-08-02 10:00:00,179.8,Even,28238814948844013516724124493740353752522478372393317841739714049312218284906,0.49,0.51,0.5,0.02,127.39,149.37,433.99,133.65,159.46,507.32,19,19,
2026-08-02 07:00:09,721080,2986387,Game 3: Both Teams Slay Baron Nashor?,prop,3,2026-08-02 10:00:00,179.8,Yes,101238031167342276670149059369518993263703686122469937355543260922456896959391,0.07,0.95,0.51,0.88,285.27,285.53,301.57,32.5,169.17,388.71,6,5,
2026-08-02 07:00:09,721080,2986387,Game 3: Both Teams Slay Baron Nashor?,prop,3,2026-08-02 10:00:00,179.8,No,99018760730460059819699234987174946581894253990030525033804225752196466495767,0.05,0.93,0.49,0.88,1.46,4.6,6.81,4464.72,4470.81,5215.59,5,6,
2026-08-02 07:00:09,721080,2986388,Game 3: Both Teams Slay a Dragon?,prop,3,2026-08-02 10:00:00,179.8,Yes,5632532769136403007275438416288402420720692898120854842662607196495637247912,0.05,0.78,0.415,0.73,1.44,4.65,6.87,1152.55,1152.55,1169.15,5,14,
2026-08-02 07:00:09,721080,2986388,Game 3: Both Teams Slay a Dragon?,prop,3,2026-08-02 10:00:00,179.8,No,92800177529879733825678885878741848969846282622349002430823268067215508275629,0.22,0.95,0.585,0.73,307.78,307.78,311.18,32.14,171.53,391.7,14,5,
2026-08-02 07:00:09,721080,2986389,Game 3: Both Teams Destroy Inhibitors?,prop,3,2026-08-02 10:00:00,179.8,Yes,89580719086090598232788531546698999200083540254855964101359635057664525480482,0.07,0.95,0.51,0.88,1.86,285.48,290.07,32.88,171.21,390.74,6,5,
2026-08-02 07:00:09,721080,2986389,Game 3: Both Teams Destroy Inhibitors?,prop,3,2026-08-02 10:00:00,179.8,No,80407421672704252821754535218772277001442166229525090217101253269700185493713,0.05,0.93,0.49,0.88,1.48,4.66,6.88,28.1,6835.0,7018.64,5,6,
2026-08-02 07:00:09,721080,2986390,Game 3: Any Player Quadra Kill?,prop,3,2026-08-02 10:00:00,179.8,Yes,87833253138772782923700654226601495288969012948514728611993242981634160416544,0.07,0.99,0.53,0.92,283.36,283.36,298.74,59.4,59.4,59.4,4,1,
2026-08-02 07:00:09,721080,2986390,Game 3: Any Player Quadra Kill?,prop,3,2026-08-02 10:00:00,179.8,No,66821089537312411908543764018491266400379730963833492109914016791939757351866,0.01,0.93,0.47,0.92,0.6,0.6,0.6,3764.64,3764.64,4484.76,1,4,
2026-08-02 07:00:09,721080,2986391,Game 3: Any Player Penta Kill?,prop,3,2026-08-02 10:00:00,179.8,Yes,58558755059175506929649023019994126599646655868974660611223338388543470437553,0.17,0.98,0.575,0.81,2.88,2.88,2.88,232.4,232.4,232.4,5,2,
2026-08-02 07:00:09,721080,2986391,Game 3: Any Player Penta Kill?,prop,3,2026-08-02 10:00:00,179.8,No,91607662923460085786489419427091729139559442983846517426184623922202399691924,0.02,0.83,0.425,0.81,2.6,2.6,2.6,14.82,14.82,14.82,2,5,
2026-08-02 07:00:09,721080,2986392,Game 3: Odd/Even Total Kills?,odd_even,3,2026-08-02 10:00:00,179.8,Odd,16355459824280043176337744013007287271582517215531065265685880989257306103618,0.49,0.51,0.5,0.02,127.39,149.37,433.99,133.65,159.46,507.32,19,19,
2026-08-02 07:00:09,721080,2986392,Game 3: Odd/Even Total Kills?,odd_even,3,2026-08-02 10:00:00,179.8,Even,81089390213377589409076648125214395970684470077535699040305552310299757769816,0.49,0.51,0.5,0.02,127.39,149.37,433.99,133.65,159.46,507.32,19,19,
2026-08-02 07:00:09,743170,3080856,LoL: ThunderTalk Gaming vs Team WE - Game 1 Winner,map,1,2026-08-02 07:00:00,-0.2,ThunderTalk Gaming,72496135746065500247901246672311988779275411906571209759439852708611576071027,0.35,0.36,0.355,0.01,3088.9,3427.15,3791.15,820.02,2145.42,2420.95,14,18,8446.078069
2026-08-02 07:00:09,743170,3080856,LoL: ThunderTalk Gaming vs Team WE - Game 1 Winner,map,1,2026-08-02 07:00:00,-0.2,Team WE,86406897272144859430606590863571410444264660567962881318145059910183257772933,0.64,0.65,0.645,0.01,1457.27,3531.87,3940.54,5766.1,6452.85,7298.85,18,14,8446.078069
2026-08-02 07:00:09,743170,3080857,LoL: ThunderTalk Gaming vs Team WE - Game 2 Winner,map,2,2026-08-02 07:00:00,-0.2,ThunderTalk Gaming,76752916551697359157851234269297016591012843522959969977805224055761398575042,0.36,0.41,0.385,0.05,111.45,455.05,455.05,85.2,85.2,85.2,14,13,573.0009289999999
2026-08-02 07:00:09,743170,3080857,LoL: ThunderTalk Gaming vs Team WE - Game 2 Winner,map,2,2026-08-02 07:00:00,-0.2,Team WE,65010317623213437982030806655308793500445270659341039623165426683797274071506,0.59,0.64,0.615,0.05,117.8,117.8,117.8,204.46,900.86,900.86,13,14,573.0009289999999
2026-08-02 07:00:09,743170,3080858,LoL: ThunderTalk Gaming vs Team WE (BO3) - LPL Group Ascend,series,,2026-08-02 07:00:00,-0.2,ThunderTalk Gaming,102071153892246039627048034194967021680193759805083679061162745293075874048047,0.29,0.3,0.295,0.01,5690.33,8078.01,8964.56,31935.76,32939.56,33490.89,15,21,191681.83603699997
2026-08-02 07:00:09,743170,3080858,LoL: ThunderTalk Gaming vs Team WE (BO3) - LPL Group Ascend,series,,2026-08-02 07:00:00,-0.2,Team WE,107302480629937459746801418935680895835862951318163699611993485492174680492656,0.7,0.71,0.705,0.01,73605.91,75647.11,76695.28,13942.69,20473.01,23132.66,21,15,191681.83603699997
2026-08-02 07:00:09,743170,3080859,Games Total: O/U 2.5,total_games,,2026-08-02 07:00:00,-0.2,Over,107594494912723104964093717822186803561399283167752733293344196473822150830801,0.41,0.51,0.46,0.1,92.44,92.44,101.44,70.18,70.18,84.18,9,11,2307.599738
2026-08-02 07:00:09,743170,3080859,Games Total: O/U 2.5,total_games,,2026-08-02 07:00:00,-0.2,Under,13195949740986299733115750603639707489456064739889325747062719688400177484721,0.49,0.59,0.54,0.1,67.42,67.42,78.42,133.02,133.02,149.02,11,9,2307.599738
2026-08-02 07:00:09,743170,3080860,Game Handicap: WE (-1.5) vs ThunderTalk Gaming (+1.5),handicap,,2026-08-02 07:00:00,-0.2,Team WE,72898904332442991379697379372607989319613847572204270780556694513998511299687,0.4,0.42,0.41,0.02,723.0,799.0,799.0,257.0,257.0,257.0,10,13,31793.120862999996
2026-08-02 07:00:09,743170,3080860,Game Handicap: WE (-1.5) vs ThunderTalk Gaming (+1.5),handicap,,2026-08-02 07:00:00,-0.2,ThunderTalk Gaming,50834236677980205127685734657806100902200221308325695417181113975675617751500,0.58,0.6,0.59,0.02,343.0,343.0,343.0,1087.0,1211.0,1211.0,13,10,31793.120862999996
2026-08-02 07:00:09,743170,3080861,Game 1: Both Teams Slay Baron Nashor?,prop,1,2026-08-02 07:00:00,-0.2,Yes,576199460582024193100725101261977861313235933865014426802032541129552297770,,,,,0.0,0.0,0.0,0.0,0.0,0.0,0,0,
2026-08-02 07:00:09,743170,3080861,Game 1: Both Teams Slay Baron Nashor?,prop,1,2026-08-02 07:00:00,-0.2,No,39148998634785957714637765512152768766586838959238901897071669687131023587459,,,,,0.0,0.0,0.0,0.0,0.0,0.0,0,0,
2026-08-02 07:00:09,743170,3080862,Game 1: Both Teams Slay a Dragon?,prop,1,2026-08-02 07:00:00,-0.2,Yes,12798444312028531986523161040093625635680994958660481961288482187110266231846,,,,,0.0,0.0,0.0,0.0,0.0,0.0,0,0,6.405061
2026-08-02 07:00:09,743170,3080862,Game 1: Both Teams Slay a Dragon?,prop,1,2026-08-02 07:00:00,-0.2,No,77088962572483445588626120910059447941522620776186008716249040366097850926880,,,,,0.0,0.0,0.0,0.0,0.0,0.0,0,0,6.405061
2026-08-02 07:00:09,743170,3080863,Game 1: Both Teams Destroy Inhibitors?,prop,1,2026-08-02 07:00:00,-0.2,Yes,23431616529800285954157853389995618720561419057686883100386442761747625637104,,,,,0.0,0.0,0.0,0.0,0.0,0.0,0,0,
2026-08-02 07:00:09,743170,3080863,Game 1: Both Teams Destroy Inhibitors?,prop,1,2026-08-02 07:00:00,-0.2,No,66554463746156474753360063073089192961440136242626809840747100770144773363381,,,,,0.0,0.0,0.0,0.0,0.0,0.0,0,0,
2026-08-02 07:00:09,743170,3080864,Game 1: Any Player Quadra Kill?,prop,1,2026-08-02 07:00:00,-0.2,Yes,22455107191123144705981038449625131671221453070883782041240941374293880968288,,,,,0.0,0.0,0.0,0.0,0.0,0.0,0,0,
2026-08-02 07:00:09,743170,3080864,Game 1: Any Player Quadra Kill?,prop,1,2026-08-02 07:00:00,-0.2,No,57661462033981889980416103903558356629279739546061415204700512894530729898269,,,,,0.0,0.0,0.0,0.0,0.0,0.0,0,0,
2026-08-02 07:00:09,743170,3080865,Game 1: Any Player Penta Kill?,prop,1,2026-08-02 07:00:00,-0.2,Yes,38163109940135782122194759258784261278998733099801323596701954770736607626752,,,,,0.0,0.0,0.0,0.0,0.0,0.0,0,0,
2026-08-02 07:00:09,743170,3080865,Game 1: Any Player Penta Kill?,prop,1,2026-08-02 07:00:00,-0.2,No,18263507673053474198234050929721878908174235128213603833935283248455845943858,,,,,0.0,0.0,0.0,0.0,0.0,0.0,0,0,
2026-08-02 07:00:09,743170,3080866,Game 1: Odd/Even Total Kills?,odd_even,1,2026-08-02 07:00:00,-0.2,Odd,85798990390253236886572130022554634660940011863431591207755224338342575313983,,,,,0.0,0.0,0.0,0.0,0.0,0.0,0,0,
2026-08-02 07:00:09,743170,3080866,Game 1: Odd/Even Total Kills?,odd_even,1,2026-08-02 07:00:00,-0.2,Even,47936515113103876354401977929271863637215537317870382878338698939378687308220,,,,,0.0,0.0,0.0,0.0,0.0,0.0,0,0,
2026-08-02 07:00:09,743170,3080867,Game 2: Both Teams Slay Baron Nashor?,prop,2,2026-08-02 07:00:00,-0.2,Yes,60281269953928099872331843176728418985547710930507954182708820022609808669897,,,,,0.0,0.0,0.0,0.0,0.0,0.0,0,0,
2026-08-02 07:00:09,743170,3080867,Game 2: Both Teams Slay Baron Nashor?,prop,2,2026-08-02 07:00:00,-0.2,No,54226307805103642247368181146777059036318134178988043479524344500872140305962,,,,,0.0,0.0,0.0,0.0,0.0,0.0,0,0,
2026-08-02 07:00:09,743170,3080868,Game 2: Both Teams Slay a Dragon?,prop,2,2026-08-02 07:00:00,-0.2,Yes,29739434282903929326119644557308650803403459184094521455401480492552851758792,,,,,0.0,0.0,0.0,0.0,0.0,0.0,0,0,6.405061
2026-08-02 07:00:09,743170,3080868,Game 2: Both Teams Slay a Dragon?,prop,2,2026-08-02 07:00:00,-0.2,No,115189779164715499661096663266273794100452504398581109422822509223165504997016,,,,,0.0,0.0,0.0,0.0,0.0,0.0,0,0,6.405061
2026-08-02 07:00:09,743170,3080869,Game 2: Both Teams Destroy Inhibitors?,prop,2,2026-08-02 07:00:00,-0.2,Yes,88990911960391494970969025618777169053962523897236517506343545936592821417150,,,,,0.0,0.0,0.0,0.0,0.0,0.0,0,0,
2026-08-02 07:00:09,743170,3080869,Game 2: Both Teams Destroy Inhibitors?,prop,2,2026-08-02 07:00:00,-0.2,No,10524318344677108875682344365087472988103237322063807998004848565189515778420,,,,,0.0,0.0,0.0,0.0,0.0,0.0,0,0,
2026-08-02 07:00:09,743170,3080870,Game 2: Any Player Quadra Kill?,prop,2,2026-08-02 07:00:00,-0.2,Yes,60151038950673183831317840708733437193639535219371433492499517893097352170958,,,,,0.0,0.0,0.0,0.0,0.0,0.0,0,0,
2026-08-02 07:00:09,743170,3080870,Game 2: Any Player Quadra Kill?,prop,2,2026-08-02 07:00:00,-0.2,No,96670306229134967862342679387306668871486431855351232811714354282383437049694,,,,,0.0,0.0,0.0,0.0,0.0,0.0,0,0,
2026-08-02 07:00:09,743170,3080871,Game 2: Any Player Penta Kill?,prop,2,2026-08-02 07:00:00,-0.2,Yes,85436915482113046069979555825963002631887797266173136356295138827309011750777,,,,,0.0,0.0,0.0,0.0,0.0,0.0,0,0,
2026-08-02 07:00:09,743170,3080871,Game 2: Any Player Penta Kill?,prop,2,2026-08-02 07:00:00,-0.2,No,18077218119331989121746877984118590164679237634729750935595601490676077255075,,,,,0.0,0.0,0.0,0.0,0.0,0.0,0,0,
2026-08-02 07:00:09,743170,3080872,Game 2: Odd/Even Total Kills?,odd_even,2,2026-08-02 07:00:00,-0.2,Odd,34489811684252406008666584709129492333999413412636899041454268250718879985571,,,,,0.0,0.0,0.0,0.0,0.0,0.0,0,0,
2026-08-02 07:00:09,743170,3080872,Game 2: Odd/Even Total Kills?,odd_even,2,2026-08-02 07:00:00,-0.2,Even,54240670553404029184267189483971374359932954287994832023836725546285071185760,,,,,0.0,0.0,0.0,0.0,0.0,0.0,0,0,
2026-08-02 07:00:09,743170,3080873,Game 3: Both Teams Slay Baron Nashor?,prop,3,2026-08-02 07:00:00,-0.2,Yes,57811859513176873940762138997441201835014358696460679905995989548048354540264,,,,,0.0,0.0,0.0,0.0,0.0,0.0,0,0,
2026-08-02 07:00:09,743170,3080873,Game 3: Both Teams Slay Baron Nashor?,prop,3,2026-08-02 07:00:00,-0.2,No,51295536053704709752778560732608776452578283468330820057353695324319173655698,,,,,0.0,0.0,0.0,0.0,0.0,0.0,0,0,
2026-08-02 07:00:09,743170,3080874,Game 3: Both Teams Slay a Dragon?,prop,3,2026-08-02 07:00:00,-0.2,Yes,58179717417989811646094036412121479543745227457593444191940365470656571742504,,,,,0.0,0.0,0.0,0.0,0.0,0.0,0,0,
2026-08-02 07:00:09,743170,3080874,Game 3: Both Teams Slay a Dragon?,prop,3,2026-08-02 07:00:00,-0.2,No,87343980035439006519000360405908787631260216234022290897341333211611511248508,,,,,0.0,0.0,0.0,0.0,0.0,0.0,0,0,
2026-08-02 07:00:09,743170,3080875,Game 3: Both Teams Destroy Inhibitors?,prop,3,2026-08-02 07:00:00,-0.2,Yes,74678058446583988767533004421742293971027577469169916019811692511985126363708,,,,,0.0,0.0,0.0,0.0,0.0,0.0,0,0,
2026-08-02 07:00:09,743170,3080875,Game 3: Both Teams Destroy Inhibitors?,prop,3,2026-08-02 07:00:00,-0.2,No,82798674080384483807860851761423273009124194055854717645716960582960189361391,,,,,0.0,0.0,0.0,0.0,0.0,0.0,0,0,
2026-08-02 07:00:09,743170,3080876,Game 3: Any Player Quadra Kill?,prop,3,2026-08-02 07:00:00,-0.2,Yes,58611970458737825773401922102759993341146813236760305689783843601007398487475,,,,,0.0,0.0,0.0,0.0,0.0,0.0,0,0,
2026-08-02 07:00:09,743170,3080876,Game 3: Any Player Quadra Kill?,prop,3,2026-08-02 07:00:00,-0.2,No,74171810259521672240665790528210581675653866689973453247559598379119949082738,,,,,0.0,0.0,0.0,0.0,0.0,0.0,0,0,
2026-08-02 07:00:09,743170,3080877,Game 3: Any Player Penta Kill?,prop,3,2026-08-02 07:00:00,-0.2,Yes,97607285599517336378648008255312059463093287548866171938351083344468544698733,,,,,0.0,0.0,0.0,0.0,0.0,0.0,0,0,
2026-08-02 07:00:09,743170,3080877,Game 3: Any Player Penta Kill?,prop,3,2026-08-02 07:00:00,-0.2,No,82175050981495448282087797319073848820595273522692792734078876229291900381358,,,,,0.0,0.0,0.0,0.0,0.0,0.0,0,0,
2026-08-02 07:00:09,743170,3080878,Game 3: Odd/Even Total Kills?,odd_even,3,2026-08-02 07:00:00,-0.2,Odd,113990004661101788122433090480026356333967410198432683291909606912670499759571,,,,,0.0,0.0,0.0,0.0,0.0,0.0,0,0,
2026-08-02 07:00:09,743170,3080878,Game 3: Odd/Even Total Kills?,odd_even,3,2026-08-02 07:00:00,-0.2,Even,53396382081016235460482594245617775159364750738670615857179991954098728405392,,,,,0.0,0.0,0.0,0.0,0.0,0.0,0,0,
2026-08-02 07:00:09,743170,3247363,First Blood in Game 1?,first_blood,1,2026-08-02 07:00:00,-0.2,ThunderTalk Gaming,37857650446906043848386849190232009781019679134557605636863633397679278721948,,,,,0.0,0.0,0.0,0.0,0.0,0.0,0,0,146.54044599999997
2026-08-02 07:00:09,743170,3247363,First Blood in Game 1?,first_blood,1,2026-08-02 07:00:00,-0.2,Team WE,104852352619923993034857752108294319586139334267455221962018021958633239346502,,,,,0.0,0.0,0.0,0.0,0.0,0.0,0,0,146.54044599999997
2026-08-02 07:00:09,743170,3247364,First Blood in Game 2?,first_blood,2,2026-08-02 07:00:00,-0.2,ThunderTalk Gaming,49805343744222079587811403498521461301652487360378428401792515699102072258747,,,,,0.0,0.0,0.0,0.0,0.0,0.0,0,0,16.833332
2026-08-02 07:00:09,743170,3247364,First Blood in Game 2?,first_blood,2,2026-08-02 07:00:00,-0.2,Team WE,34975173646955613892802071928251257769371851774569031753455446770178410293492,,,,,0.0,0.0,0.0,0.0,0.0,0.0,0,0,16.833332
2026-08-02 07:00:09,743170,3247365,Total Kills Over/Under 30.5 in Game 1?,total_kills,1,2026-08-02 07:00:00,-0.2,Over,20089612397959481715540428001947492272136532425413320288741789644696953347047,,0.53,,,0.0,0.0,0.0,403.81,403.81,403.81,0,1,555.322907
2026-08-02 07:00:09,743170,3247365,Total Kills Over/Under 30.5 in Game 1?,total_kills,1,2026-08-02 07:00:00,-0.2,Under,48583361312674351102955994336714978409432370604740795969667004880847883586088,0.47,,,,358.09,358.09,358.09,0.0,0.0,0.0,1,0,555.322907
2026-08-02 07:00:09,743170,3247366,Total Kills Over/Under 30.5 in Game 2?,total_kills,2,2026-08-02 07:00:00,-0.2,Over,102341512262568194433893674327876736367357950404093760308808076682839535952801,,,,,0.0,0.0,0.0,0.0,0.0,0.0,0,0,22.962263
2026-08-02 07:00:09,743170,3247366,Total Kills Over/Under 30.5 in Game 2?,total_kills,2,2026-08-02 07:00:00,-0.2,Under,81591286331832699111309387511420548545728045115256401081280741169608168963352,,,,,0.0,0.0,0.0,0.0,0.0,0.0,0,0,22.962263
2026-08-02 07:00:09,743171,3080879,LoL: LNG Esports vs Invictus Gaming - Game 1 Winner,map,1,2026-08-02 09:00:00,119.8,LNG Esports,33102627209976729109354268861299671731479736827582842424085157250507560907381,0.27,0.28,0.275,0.01,883.69,1806.46,2575.01,498.45,1312.72,1834.98,21,25,1848.0985289999999
2026-08-02 07:00:09,743171,3080879,LoL: LNG Esports vs Invictus Gaming - Game 1 Winner,map,1,2026-08-02 09:00:00,119.8,Invictus Gaming,71965553920638607119542065000618740427369545540659518141003521393337025599568,0.72,0.73,0.725,0.01,1223.98,3066.07,4165.63,2467.22,5281.9,7936.14,25,21,1848.0985289999999
2026-08-02 07:00:09,743171,3080880,LoL: LNG Esports vs Invictus Gaming - Game 2 Winner,map,2,2026-08-02 09:00:00,119.8,LNG Esports,76549273220725467370771367175845215565049489935444828207386665588552392209312,0.28,0.29,0.285,0.01,334.21,1014.27,1697.45,126.8,896.23,1121.27,21,24,423.383332
2026-08-02 07:00:09,743171,3080880,LoL: LNG Esports vs Invictus Gaming - Game 2 Winner,map,2,2026-08-02 09:00:00,119.8,Invictus Gaming,83921129708874260420921468313344431939405641512044445687758889891577394990067,0.71,0.72,0.715,0.01,298.14,1967.55,2413.39,897.97,2904.6,5153.34,24,21,423.383332
2026-08-02 07:00:09,743171,3080881,LoL: LNG Esports vs Invictus Gaming (BO3) - LPL Group Nirvana,series,,2026-08-02 09:00:00,119.8,LNG Esports,42376312343244148702517054800435970534226966426765782456212246160972367366970,0.19,0.2,0.195,0.01,13116.08,17325.83,20294.99,6603.34,9577.24,12029.62,19,42,70590.065394
2026-08-02 07:00:09,743171,3080881,LoL: LNG Esports vs Invictus Gaming (BO3) - LPL Group Nirvana,series,,2026-08-02 09:00:00,119.8,Invictus Gaming,23818387220746886062702515996267579270146808784810394793683184771658748923702,0.8,0.81,0.805,0.01,24929.34,35111.97,42634.92,57301.96,78868.24,96063.34,42,19,70590.065394
2026-08-02 07:00:09,743171,3080882,Games Total: O/U 2.5,total_games,,2026-08-02 09:00:00,119.8,Over,91449071381159482795499887899364442590608472505615819428064467090219361194129,0.39,0.4,0.395,0.01,32.35,1110.81,4611.87,1066.33,2497.19,2652.95,23,20,902.023402
2026-08-02 07:00:09,743171,3080882,Games Total: O/U 2.5,total_games,,2026-08-02 09:00:00,119.8,Under,56170572704130524676216288154558868415591430091818797288491529440426994625144,0.6,0.61,0.605,0.01,1566.44,3507.46,3705.7,52.65,1922.99,8447.41,20,23,902.023402
2026-08-02 07:00:09,743171,3080883,Game Handicap: IG (-1.5) vs LNG Esports (+1.5),handicap,,2026-08-02 09:00:00,119.8,Invictus Gaming,91884913425086256262705087330379768585679464610226744776920867862232802215099,0.54,0.55,0.545,0.01,1099.92,6394.34,10627.81,3830.43,5350.71,5435.49,20,23,6704.420526000001
2026-08-02 07:00:09,743171,3080883,Game Handicap: IG (-1.5) vs LNG Esports (+1.5),handicap,,2026-08-02 09:00:00,119.8,LNG Esports,55170188512241736941715579510241463883553070207290595544481024201987942204619,0.45,0.46,0.455,0.01,3009.94,4144.81,4202.03,974.07,5930.72,10211.65,23,20,6704.420526000001
2026-08-02 07:00:09,743171,3080884,Game 1: Both Teams Slay Baron Nashor?,prop,1,2026-08-02 09:00:00,119.8,Yes,34051338981457278493986008320570414361796596385227821490982211972647034903219,0.06,0.31,0.185,0.25,120.33,123.06,138.68,137.8,137.8,137.8,6,11,
2026-08-02 07:00:09,743171,3080884,Game 1: Both Teams Slay Baron Nashor?,prop,1,2026-08-02 09:00:00,119.8,No,22297528220041845594004972239448649467614155997048021810255009773452909046856,0.69,0.94,0.815,0.25,306.72,306.72,306.72,1891.86,1974.0,3506.97,11,6,
2026-08-02 07:00:09,743171,3080885,Game 1: Both Teams Slay a Dragon?,prop,1,2026-08-02 09:00:00,119.8,Yes,106151792218177315751885506881227688386721755394858569959160604477277812465888,0.62,0.77,0.695,0.15,251.7,251.7,251.7,761.23,761.23,769.76,13,13,
2026-08-02 07:00:09,743171,3080885,Game 1: Both Teams Slay a Dragon?,prop,1,2026-08-02 09:00:00,119.8,No,87927703368793780706798485666986471440151252105437577129906943224954568339156,0.23,0.38,0.305,0.15,215.99,215.99,217.99,154.26,154.26,154.26,13,13,
2026-08-02 07:00:09,743171,3080886,Game 1: Both Teams Destroy Inhibitors?,prop,1,2026-08-02 09:00:00,119.8,Yes,34309964158091363489316299281143011260820151049098736296521959742845393694531,0.04,0.25,0.145,0.21,0.71,5.34,5.34,102.24,102.24,102.24,4,13,
2026-08-02 07:00:09,743171,3080886,Game 1: Both Teams Destroy Inhibitors?,prop,1,2026-08-02 09:00:00,119.8,No,86446009235354077419817500540124598486454579143723053291968556723184700104514,0.75,0.96,0.855,0.21,306.72,306.72,306.72,19.06,359.72,359.72,13,4,
2026-08-02 07:00:09,743171,3080887,Game 1: Any Player Quadra Kill?,prop,1,2026-08-02 09:00:00,119.8,Yes,16032834088381709212160914854769113683906679474190249486118151708415812085353,0.07,0.5,0.285,0.43,283.36,283.36,287.86,283.36,283.36,283.36,4,11,
2026-08-02 07:00:09,743171,3080887,Game 1: Any Player Quadra Kill?,prop,1,2026-08-02 09:00:00,119.8,No,19217134519424401962085857804607599577628458274081966258394833819367360942023,0.5,0.93,0.715,0.43,283.36,283.36,283.36,3764.64,3764.64,3951.81,11,4,
2026-08-02 07:00:09,743171,3080888,Game 1: Any Player Penta Kill?,prop,1,2026-08-02 09:00:00,119.8,Yes,185144793074665783226302126842846844677051914674113849656610397883061694039,0.02,0.49,0.255,0.47,283.96,283.96,283.96,302.47,302.47,302.47,2,11,
2026-08-02 07:00:09,743171,3080888,Game 1: Any Player Penta Kill?,prop,1,2026-08-02 09:00:00,119.8,No,57128768459580464957219560179356546810571590135433442802219810682724397459336,0.51,0.98,0.745,0.47,303.25,303.25,303.25,28087.04,28087.04,28087.04,11,2,
2026-08-02 07:00:09,743171,3080889,Game 1: Odd/Even Total Kills?,odd_even,1,2026-08-02 09:00:00,119.8,Odd,48218130253324300996195980966731180159554051270168260208515843382161761968575,0.49,0.51,0.5,0.02,127.39,149.37,433.99,133.65,159.46,507.32,12,12,
2026-08-02 07:00:09,743171,3080889,Game 1: Odd/Even Total Kills?,odd_even,1,2026-08-02 09:00:00,119.8,Even,59500506137628470906851888180765854439639815513665372093153344057987734291410,0.49,0.51,0.5,0.02,127.39,149.37,433.99,133.65,159.46,507.32,12,12,
2026-08-02 07:00:09,743171,3080890,Game 2: Both Teams Slay Baron Nashor?,prop,2,2026-08-02 09:00:00,119.8,Yes,38771315095208335224976872754188881259646614995718569945440733941563172328671,0.06,0.31,0.185,0.25,120.33,123.06,138.77,137.8,137.8,137.8,6,11,
2026-08-02 07:00:09,743171,3080890,Game 2: Both Teams Slay Baron Nashor?,prop,2,2026-08-02 09:00:00,119.8,No,108803668491182996837603862297644304800157763391612368018956973445451172755496,0.69,0.94,0.815,0.25,306.72,306.72,306.72,1891.86,1974.0,3515.88,11,6,
2026-08-02 07:00:09,743171,3080891,Game 2: Both Teams Slay a Dragon?,prop,2,2026-08-02 09:00:00,119.8,Yes,84534990004299275896440102423142890690095695216677311002820521227339633761635,0.55,0.77,0.66,0.22,306.72,306.72,306.72,761.23,761.23,769.76,13,12,
2026-08-02 07:00:09,743171,3080891,Game 2: Both Teams Slay a Dragon?,prop,2,2026-08-02 09:00:00,119.8,No,44675126460827447331087863813212120760273712432385250168000125858664241630017,0.23,0.45,0.34,0.22,215.99,215.99,217.99,250.95,250.95,250.95,12,13,
2026-08-02 07:00:09,743171,3080892,Game 2: Both Teams Destroy Inhibitors?,prop,2,2026-08-02 09:00:00,119.8,Yes,114102845265038100480782593257203209794901873158150307625471715728000052872174,0.04,0.25,0.145,0.21,1.09,5.54,5.54,102.24,102.24,102.24,4,12,
2026-08-02 07:00:09,743171,3080892,Game 2: Both Teams Destroy Inhibitors?,prop,2,2026-08-02 09:00:00,119.8,No,94871315313914126728202903205244749712837417559054111273776322338505471613491,0.75,0.96,0.855,0.21,306.72,306.72,306.72,31.13,360.47,360.47,12,4,
2026-08-02 07:00:09,743171,3080893,Game 2: Any Player Quadra Kill?,prop,2,2026-08-02 09:00:00,119.8,Yes,57905006688094222818030688073883212276777689077788670105511471139070843530803,0.07,0.5,0.285,0.43,283.36,283.36,287.86,283.36,283.36,283.36,4,11,
2026-08-02 07:00:09,743171,3080893,Game 2: Any Player Quadra Kill?,prop,2,2026-08-02 09:00:00,119.8,No,114066702084353566764798554471631632824137037728952509914491397842656420059010,0.5,0.93,0.715,0.43,283.36,283.36,283.36,3764.64,3764.64,3951.81,11,4,
2026-08-02 07:00:09,743171,3080894,Game 2: Any Player Penta Kill?,prop,2,2026-08-02 09:00:00,119.8,Yes,28757050355869817025741165051027865413949617310379714386507688948492100036034,0.02,0.49,0.255,0.47,283.96,283.96,283.96,302.47,302.47,302.47,2,11,
2026-08-02 07:00:09,743171,3080894,Game 2: Any Player Penta Kill?,prop,2,2026-08-02 09:00:00,119.8,No,69963070497586266732146872486887361681071141154440836131774892089342939661624,0.51,0.98,0.745,0.47,303.25,303.25,303.25,28087.04,28087.04,28087.04,11,2,
2026-08-02 07:00:09,743171,3080895,Game 2: Odd/Even Total Kills?,odd_even,2,2026-08-02 09:00:00,119.8,Odd,13591379414424060138784846886635604619914772696527344997672262128152968333763,0.49,0.51,0.5,0.02,127.39,149.37,433.99,133.65,159.46,507.32,12,12,
2026-08-02 07:00:09,743171,3080895,Game 2: Odd/Even Total Kills?,odd_even,2,2026-08-02 09:00:00,119.8,Even,82376420046513825036996346363838109509618966024273716754332521320359654315139,0.49,0.51,0.5,0.02,127.39,149.37,433.99,133.65,159.46,507.32,12,12,
2026-08-02 07:00:09,743171,3080896,Game 3: Both Teams Slay Baron Nashor?,prop,3,2026-08-02 09:00:00,119.8,Yes,43058724801095349461575204278248067512535619195056365784858591911556849882599,0.07,0.95,0.51,0.88,283.79,284.55,288.55,20.42,132.44,352.67,6,5,
2026-08-02 07:00:09,743171,3080896,Game 3: Both Teams Slay Baron Nashor?,prop,3,2026-08-02 09:00:00,119.8,No,13403694906561572021182856611081009107969528046380292044689456074894594588633,0.05,0.93,0.49,0.88,0.95,3.32,5.54,4445.05,4463.29,4625.96,5,6,
2026-08-02 07:00:09,743171,3080897,Game 3: Both Teams Slay a Dragon?,prop,3,2026-08-02 09:00:00,119.8,Yes,95934833420408487066676515367990394305626822679884803502374041244654654377423,0.05,0.78,0.415,0.73,0.87,3.31,5.54,1143.97,1143.97,1160.57,5,10,
2026-08-02 07:00:09,743171,3080897,Game 3: Both Teams Slay a Dragon?,prop,3,2026-08-02 09:00:00,119.8,No,109092078623885203709046207603114289353136946479228925545794073647298736571558,0.22,0.95,0.585,0.73,305.36,305.36,308.76,18.92,133.39,354.56,10,5,
2026-08-02 07:00:09,743171,3080898,Game 3: Both Teams Destroy Inhibitors?,prop,3,2026-08-02 09:00:00,119.8,Yes,82086147600691603611628748523578430898515084502790714316502140904123731219515,0.05,0.95,0.5,0.9,284.35,286.68,288.9,20.42,132.44,352.68,5,5,
2026-08-02 07:00:09,743171,3080898,Game 3: Both Teams Destroy Inhibitors?,prop,3,2026-08-02 09:00:00,119.8,No,57080078987421236952819750648401667548223534181692992953945813047040670194075,0.05,0.95,0.5,0.9,0.95,3.32,5.54,6821.77,6932.4,7152.4,5,5,
2026-08-02 07:00:09,743171,3080899,Game 3: Any Player Quadra Kill?,prop,3,2026-08-02 09:00:00,119.8,Yes,17479258016738558003675075009785218467463581479312410199178804584195423655430,0.07,0.98,0.525,0.91,283.36,283.36,287.86,232.4,232.4,232.4,4,2,
2026-08-02 07:00:09,743171,3080899,Game 3: Any Player Quadra Kill?,prop,3,2026-08-02 09:00:00,119.8,No,71930022793056900703938572650857967394482518406209496724003846565725302701297,0.02,0.93,0.475,0.91,2.6,2.6,2.6,3764.64,3764.64,3951.81,2,4,
2026-08-02 07:00:09,743171,3080900,Game 3: Any Player Penta Kill?,prop,3,2026-08-02 09:00:00,119.8,Yes,20863541200087242531589893761704057993976845234001397188844460939118282307638,0.05,0.98,0.515,0.93,28.65,29.15,312.61,232.4,232.4,232.4,3,2,
2026-08-02 07:00:09,743171,3080900,Game 3: Any Player Penta Kill?,prop,3,2026-08-02 09:00:00,119.8,No,104010494454991993251580594802164548586480447757321666507808496530002724003041,0.02,0.95,0.485,0.93,2.6,2.6,2.6,544.35,568.85,28631.39,2,3,
2026-08-02 07:00:09,743171,3080901,Game 3: Odd/Even Total Kills?,odd_even,3,2026-08-02 09:00:00,119.8,Odd,14353960755531159426094281564157590168539200311909831171635853684376241553965,0.49,0.51,0.5,0.02,127.39,149.37,433.99,133.65,159.46,507.32,12,13,
2026-08-02 07:00:09,743171,3080901,Game 3: Odd/Even Total Kills?,odd_even,3,2026-08-02 09:00:00,119.8,Even,35272242988350380178489105940811110158120807760119232825874523117957186916933,0.49,0.51,0.5,0.02,127.39,149.37,433.99,133.65,159.46,507.32,13,12,
2026-08-02 07:00:09,743171,3247351,First Blood in Game 2?,first_blood,2,2026-08-02 09:00:00,119.8,LNG Esports,60243159247222898548944078335655951584712100938145240094198819772203882869361,0.41,0.51,0.46,0.1,52.38,275.08,275.08,234.21,234.21,234.21,12,10,
2026-08-02 07:00:09,743171,3247351,First Blood in Game 2?,first_blood,2,2026-08-02 09:00:00,119.8,Invictus Gaming,30010388318090560346974523143556330989233851275035946796810430270242543637571,0.49,0.59,0.54,0.1,225.03,225.03,225.03,77.62,425.97,425.97,10,12,
2026-08-02 07:00:09,743171,3247350,First Blood in Game 1?,first_blood,1,2026-08-02 09:00:00,119.8,LNG Esports,6837022236050262449582216364135211599181821772518110651667211228541869348145,0.41,0.51,0.46,0.1,52.38,275.08,275.08,234.21,234.21,234.21,12,10,
2026-08-02 07:00:09,743171,3247350,First Blood in Game 1?,first_blood,1,2026-08-02 09:00:00,119.8,Invictus Gaming,89550996007494518611684100726972460226325627586035404916832798355508487357348,0.49,0.59,0.54,0.1,225.03,225.03,225.03,77.62,425.97,425.97,10,12,
2026-08-02 07:00:09,743171,3247352,Total Kills Over/Under 30.5 in Game 2?,total_kills,2,2026-08-02 09:00:00,119.8,Over,88298484595281914352239059870292338667222484521731211318661838576444918679687,0.42,0.48,0.45,0.06,374.14,374.14,374.14,692.73,4975.81,4975.81,12,14,69.611698
2026-08-02 07:00:09,743171,3247352,Total Kills Over/Under 30.5 in Game 2?,total_kills,2,2026-08-02 09:00:00,119.8,Under,38217417125598701285917566785225117131207297438256940711948323672696406231456,0.52,0.58,0.55,0.06,723.05,4838.16,4838.16,516.68,516.68,516.68,14,12,69.611698
2026-08-02 07:00:09,743171,3247353,Total Kills Over/Under 30.5 in Game 1?,total_kills,1,2026-08-02 09:00:00,119.8,Over,50106188925521078535282573965611606854996840223325430071085270132003555909260,0.41,0.44,0.425,0.03,20.5,421.07,421.07,593.04,4273.03,4642.97,10,12,16.413792
2026-08-02 07:00:09,743171,3247353,Total Kills Over/Under 30.5 in Game 1?,total_kills,1,2026-08-02 09:00:00,119.8,Under,75541867021947396106730952542539720001153212109669926230486401340538156123951,0.56,0.59,0.575,0.03,727.04,5047.04,5439.92,29.5,656.03,656.03,12,10,16.413792
2026-08-02 07:00:09,743171,3247354,Total Kills Over/Under 27.5 in Game 2?,total_kills,2,2026-08-02 09:00:00,119.8,Over,51146540352557297178527941122655826755968886808628579134513850317472805832603,0.57,0.6,0.585,0.03,28.5,416.53,416.53,39.87,93.03,807.99,10,14,
2026-08-02 07:00:09,743171,3247354,Total Kills Over/Under 27.5 in Game 2?,total_kills,2,2026-08-02 09:00:00,119.8,Under,63016173037310715849691062634003262606205900177631212934439242359284953820507,0.4,0.43,0.415,0.03,25.75,56.97,450.49,21.5,338.98,338.98,14,10,
2026-08-02 07:00:09,743171,3247355,Total Kills Over/Under 27.5 in Game 1?,total_kills,1,2026-08-02 09:00:00,119.8,Over,42198956340145679217446932380790459403280756645167729912328189878281220990092,0.56,0.6,0.58,0.04,13.8,13.8,219.82,38.61,539.5,539.5,14,14,215.974129
2026-08-02 07:00:09,743171,3247355,Total Kills Over/Under 27.5 in Game 1?,total_kills,1,2026-08-02 09:00:00,119.8,Under,20063801928328775496333872326406277649479489739628732463076882597980683577347,0.4,0.44,0.42,0.04,24.77,322.49,322.49,11.2,11.2,201.37,14,14,215.974129
2026-08-02 07:00:09,743172,3080902,LoL: Top Esports vs JD Gaming - Game 1 Winner,map,1,2026-08-02 11:00:00,239.8,Top Esports,46851770809127513157027236214484810929313295071190614902453044216924020709657,0.53,0.54,0.535,0.01,382.8,2232.65,3911.35,1882.63,3284.64,4732.79,21,21,56.547501
2026-08-02 07:00:09,743172,3080902,LoL: Top Esports vs JD Gaming - Game 1 Winner,map,1,2026-08-02 11:00:00,239.8,JD Gaming,18326167462984126987876398098101946807144555888956694919647859332891586741741,0.46,0.47,0.465,0.01,1544.65,2632.89,3657.42,343.04,2184.19,3941.26,21,21,56.547501
2026-08-02 07:00:09,743172,3080903,LoL: Top Esports vs JD Gaming - Game 2 Winner,map,2,2026-08-02 11:00:00,239.8,Top Esports,76046193107618265010185586294013386960807526519711363349964461150961941374096,0.53,0.54,0.535,0.01,419.4,2479.25,3540.67,1882.58,3284.59,4573.73,20,20,35.85185
2026-08-02 07:00:09,743172,3080903,LoL: Top Esports vs JD Gaming - Game 2 Winner,map,2,2026-08-02 11:00:00,239.8,JD Gaming,112417477089009047304146162324213653393754143899903566843840606522005774223782,0.46,0.47,0.465,0.01,1544.7,2632.94,3542.15,376.44,2427.59,3542.19,20,20,35.85185
2026-08-02 07:00:09,743172,3080904,LoL: Top Esports vs JD Gaming (BO3) - LPL Group Ascend,series,,2026-08-02 11:00:00,239.8,Top Esports,3100041782343501938261031293548661835880478843437146079213654280863394865134,0.53,0.54,0.535,0.01,22513.77,31374.47,36739.67,15598.96,23364.78,30025.65,23,22,53604.380331000015
2026-08-02 07:00:09,743172,3080904,LoL: Top Esports vs JD Gaming (BO3) - LPL Group Ascend,series,,2026-08-02 11:00:00,239.8,JD Gaming,10384789353912962118747837055304021323534057265179161083019061938612961391489,0.46,0.47,0.465,0.01,12811.06,18817.25,23544.09,20301.37,29057.83,34815.48,22,23,53604.380331000015
2026-08-02 07:00:09,743172,3080905,Games Total: O/U 2.5,total_games,,2026-08-02 11:00:00,239.8,Over,22214722228566830554386435974150227791111163055480545546784097895033948251070,0.49,0.5,0.495,0.01,2.45,945.11,3787.36,9436.77,13174.84,13910.64,21,18,290.622197
2026-08-02 07:00:09,743172,3080905,Games Total: O/U 2.5,total_games,,2026-08-02 11:00:00,239.8,Under,6480821877096879247890792331358359253513270511115709604199105936530280926484,0.5,0.51,0.505,0.01,9414.61,12823.04,13443.24,2.55,1078.53,4564.67,18,21,290.622197
2026-08-02 07:00:09,743172,3080906,Game Handicap: TES (-1.5) vs JD Gaming (+1.5),handicap,,2026-08-02 11:00:00,239.8,Top Esports,91520151290900516068069630582384488710228121482995953890193830377303992311851,0.28,0.29,0.285,0.01,4.2,2148.23,2172.23,59.75,9907.3,12441.3,16,18,341.93951000000004
2026-08-02 07:00:09,743172,3080906,Game Handicap: TES (-1.5) vs JD Gaming (+1.5),handicap,,2026-08-02 11:00:00,239.8,JD Gaming,11110710504122733429625920902871429766064683822056606798088558388202506384953,0.71,0.72,0.715,0.01,140.25,21347.7,26475.09,10.8,6442.13,6518.13,18,16,341.93951000000004
2026-08-02 07:00:09,743172,3080907,Game 1: Both Teams Slay Baron Nashor?,prop,1,2026-08-02 11:00:00,239.8,Yes,75432260183621300224063637629962918151888732205521973252804410085921519708639,0.06,0.34,0.2,0.28,127.73,128.93,166.75,158.0,158.0,158.0,5,11,
2026-08-02 07:00:09,743172,3080907,Game 1: Both Teams Slay Baron Nashor?,prop,1,2026-08-02 11:00:00,239.8,No,41783964989358222581176586007474720406752308900906247323277953441782489005727,0.66,0.94,0.8,0.28,306.72,306.72,306.72,2001.1,2035.74,5204.13,11,5,
2026-08-02 07:00:09,743172,3080908,Game 1: Both Teams Slay a Dragon?,prop,1,2026-08-02 11:00:00,239.8,Yes,108452581067172687320145226727985132378107800403817956611199879851556518065310,0.73,0.89,0.81,0.16,238.53,238.53,238.53,1114.44,1114.44,1114.44,12,6,
2026-08-02 07:00:09,743172,3080908,Game 1: Both Teams Slay a Dragon?,prop,1,2026-08-02 11:00:00,239.8,No,48537658218800272629178748347860828007455615440443689175863852004875053428517,0.11,0.27,0.19,0.16,137.74,137.74,137.74,88.22,88.22,88.22,6,12,
2026-08-02 07:00:09,743172,3080909,Game 1: Both Teams Destroy Inhibitors?,prop,1,2026-08-02 11:00:00,239.8,Yes,51420553938050447742809119471570685613840044694344833309383509208239796407769,0.05,0.27,0.16,0.22,0.91,1.33,109.41,113.44,113.44,113.44,4,11,
2026-08-02 07:00:09,743172,3080909,Game 1: Both Teams Destroy Inhibitors?,prop,1,2026-08-02 11:00:00,239.8,No,103751056828887380630738392821725358559432402553406012271524742338905605358336,0.73,0.95,0.84,0.22,306.72,306.72,306.72,19.74,40.3,10739.91,11,4,
2026-08-02 07:00:09,743172,3080910,Game 1: Any Player Quadra Kill?,prop,1,2026-08-02 11:00:00,239.8,Yes,29520879781209007843261823546961147399085974100682344928562083985794317267577,0.06,0.5,0.28,0.44,283.36,283.36,326.95,283.36,283.36,283.36,3,10,
2026-08-02 07:00:09,743172,3080910,Game 1: Any Player Quadra Kill?,prop,1,2026-08-02 11:00:00,239.8,No,24027947038792258026586374372667740799164196144042714327433608029335948560145,0.5,0.94,0.72,0.44,283.36,283.36,283.36,4439.3,4439.3,8161.2,10,3,
2026-08-02 07:00:09,743172,3080911,Game 1: Any Player Penta Kill?,prop,1,2026-08-02 11:00:00,239.8,Yes,65140711957778656428427198953783566831242467220383811506547540976545329378468,0.02,0.49,0.255,0.47,283.96,283.96,283.96,302.47,302.47,302.47,2,10,
2026-08-02 07:00:09,743172,3080911,Game 1: Any Player Penta Kill?,prop,1,2026-08-02 11:00:00,239.8,No,70337725153082765788860990639765255380880981438294541576556610511722629600367,0.51,0.98,0.745,0.47,303.25,303.25,303.25,28087.04,28087.04,28087.04,10,2,
2026-08-02 07:00:09,743172,3080912,Game 1: Odd/Even Total Kills?,odd_even,1,2026-08-02 11:00:00,239.8,Odd,63537470686800212830760639421411337025666652148937862300072903542393161743647,0.49,0.51,0.5,0.02,127.39,149.37,433.99,133.65,159.46,507.32,13,13,
2026-08-02 07:00:09,743172,3080912,Game 1: Odd/Even Total Kills?,odd_even,1,2026-08-02 11:00:00,239.8,Even,97066325479198719837479772226092514184274344705186139518081755388455592750022,0.49,0.51,0.5,0.02,127.39,149.37,433.99,133.65,159.46,507.32,13,13,
2026-08-02 07:00:09,743172,3080913,Game 2: Both Teams Slay Baron Nashor?,prop,2,2026-08-02 11:00:00,239.8,Yes,75164847599048857447972600699634614594964996869135499094703958411556020577281,0.06,0.33,0.195,0.27,128.2,128.93,166.87,151.07,151.07,151.07,6,12,
2026-08-02 07:00:09,743172,3080913,Game 2: Both Teams Slay Baron Nashor?,prop,2,2026-08-02 11:00:00,239.8,No,50004558005540967272347260235092225543340072034211281689726585952829164225176,0.67,0.94,0.805,0.27,306.72,306.72,306.72,2010.01,2029.73,5209.77,12,6,
2026-08-02 07:00:09,743172,3080914,Game 2: Both Teams Slay a Dragon?,prop,2,2026-08-02 11:00:00,239.8,Yes,100335132202623954574600585633461808911625747001329527351988649666368402289406,0.64,0.89,0.765,0.25,306.72,306.72,306.72,1114.44,1114.44,1114.44,11,6,
2026-08-02 07:00:09,743172,3080914,Game 2: Both Teams Slay a Dragon?,prop,2,2026-08-02 11:00:00,239.8,No,67446499862682210682365738436441285971474949124342075640834358315044725110290,0.11,0.36,0.235,0.25,137.74,137.74,137.74,172.53,172.53,172.53,6,11,
2026-08-02 07:00:09,743172,3080915,Game 2: Both Teams Destroy Inhibitors?,prop,2,2026-08-02 11:00:00,239.8,Yes,51322057991716509136397026952959244473166895337699091505600859716366992986382,0.04,0.27,0.155,0.23,0.89,108.89,108.89,113.44,113.44,113.44,4,12,
2026-08-02 07:00:09,743172,3080915,Game 2: Both Teams Destroy Inhibitors?,prop,2,2026-08-02 11:00:00,239.8,No,79201383233302550794784437613256743316169430296732383848615013983948340750799,0.73,0.96,0.845,0.23,306.72,306.72,306.72,25.26,10696.19,10696.19,12,4,
2026-08-02 07:00:09,743172,3080916,Game 2: Any Player Quadra Kill?,prop,2,2026-08-02 11:00:00,239.8,Yes,64887998582759033731183524947305858961296962267716496128451376134880452930326,0.06,0.5,0.28,0.44,283.36,283.36,327.07,283.36,283.36,283.36,3,10,
2026-08-02 07:00:09,743172,3080916,Game 2: Any Player Quadra Kill?,prop,2,2026-08-02 11:00:00,239.8,No,58539202262164754485158745860575592749397232139398222235199542674585686744613,0.5,0.94,0.72,0.44,283.36,283.36,283.36,4439.3,4439.3,8173.08,10,3,
2026-08-02 07:00:09,743172,3080917,Game 2: Any Player Penta Kill?,prop,2,2026-08-02 11:00:00,239.8,Yes,87665210221613114119006939290093523924005862387890529231024526388175575893939,0.02,0.49,0.255,0.47,283.96,283.96,283.96,302.47,302.47,302.47,2,10,
2026-08-02 07:00:09,743172,3080917,Game 2: Any Player Penta Kill?,prop,2,2026-08-02 11:00:00,239.8,No,98815429330471747423922491321014888993701042610118185674174588160441862585322,0.51,0.98,0.745,0.47,303.25,303.25,303.25,28087.04,28087.04,28087.04,10,2,
2026-08-02 07:00:09,743172,3080918,Game 2: Odd/Even Total Kills?,odd_even,2,2026-08-02 11:00:00,239.8,Odd,103505292004998978275792998292760673562632429135900349612121659453039239444417,0.49,0.51,0.5,0.02,102.33,124.31,408.93,106.5,132.31,480.17,12,12,
2026-08-02 07:00:09,743172,3080918,Game 2: Odd/Even Total Kills?,odd_even,2,2026-08-02 11:00:00,239.8,Even,58517766982170398544701698680618801565421528922623234394813398682079365078833,0.49,0.51,0.5,0.02,102.33,124.31,408.93,106.5,132.31,480.17,12,12,
2026-08-02 07:00:09,743172,3080919,Game 3: Both Teams Slay Baron Nashor?,prop,3,2026-08-02 11:00:00,239.8,Yes,7763770048172814891105975713030209327931833201156043319595455880813704530416,0.07,0.95,0.51,0.88,283.76,284.24,295.97,20.64,20.64,78.06,6,3,
2026-08-02 07:00:09,743172,3080919,Game 3: Both Teams Slay Baron Nashor?,prop,3,2026-08-02 11:00:00,239.8,No,36300327673888036025250935760187072540042988872016956746934342783497033847951,0.05,0.93,0.49,0.88,0.96,0.96,1.54,4444.59,4456.11,5025.15,3,6,
2026-08-02 07:00:09,743172,3080920,Game 3: Both Teams Slay a Dragon?,prop,3,2026-08-02 11:00:00,239.8,Yes,6424726131496751058391746061003216993608423967734740353564431327806980884661,0.05,0.79,0.42,0.74,0.93,1.05,1.54,1065.97,1065.97,1065.97,4,10,
2026-08-02 07:00:09,743172,3080920,Game 3: Both Teams Slay a Dragon?,prop,3,2026-08-02 11:00:00,239.8,No,106948559999821874183296417813837450798320927965303338414069875755368665138573,0.21,0.95,0.58,0.74,283.36,283.36,283.36,20.14,25.6,74.55,10,4,
2026-08-02 07:00:09,743172,3080921,Game 3: Both Teams Destroy Inhibitors?,prop,3,2026-08-02 11:00:00,239.8,Yes,55084221527738889595675899880455870333974027304176403245331426013793273023538,0.05,0.95,0.5,0.9,284.35,284.46,284.9,20.64,20.64,78.06,4,3,
2026-08-02 07:00:09,743172,3080921,Game 3: Both Teams Destroy Inhibitors?,prop,3,2026-08-02 11:00:00,239.8,No,61591233894390230097514395016282247586116174955237897598983954260588576425164,0.05,0.95,0.5,0.9,0.96,0.96,1.54,6821.76,6827.58,6870.66,3,4,
2026-08-02 07:00:09,743172,3080922,Game 3: Any Player Quadra Kill?,prop,3,2026-08-02 11:00:00,239.8,Yes,111235675966221644860584481964831241278598095632773869324540853435094704819516,0.06,0.98,0.52,0.92,283.36,283.36,306.71,34.4,34.4,34.4,3,2,
2026-08-02 07:00:09,743172,3080922,Game 3: Any Player Quadra Kill?,prop,3,2026-08-02 11:00:00,239.8,No,76933630960622615784467905463664427337192564016308583393119257458086995547992,0.02,0.94,0.48,0.92,0.6,0.6,0.6,4439.3,4439.3,6157.44,2,3,
2026-08-02 07:00:09,743172,3080923,Game 3: Any Player Penta Kill?,prop,3,2026-08-02 11:00:00,239.8,Yes,72012111891152232175520850808434415047474269542696450717532618807621604865837,0.05,0.98,0.515,0.93,28.65,29.15,312.61,34.4,34.4,34.4,3,2,
2026-08-02 07:00:09,743172,3080923,Game 3: Any Player Penta Kill?,prop,3,2026-08-02 11:00:00,239.8,No,59535669203523466165239845186982603995492485810863815680206990868324711003159,0.02,0.95,0.485,0.93,0.6,0.6,0.6,544.35,568.85,28631.39,2,3,
2026-08-02 07:00:09,743172,3080924,Game 3: Odd/Even Total Kills?,odd_even,3,2026-08-02 11:00:00,239.8,Odd,46294025618744397945763129770122945221761360595243325720341782825723240735101,0.49,0.51,0.5,0.02,127.39,149.37,433.99,133.65,159.46,507.32,12,12,
2026-08-02 07:00:09,743172,3080924,Game 3: Odd/Even Total Kills?,odd_even,3,2026-08-02 11:00:00,239.8,Even,74659719347599270631279555451358852037319276053460230060257524917228946189886,0.49,0.51,0.5,0.02,127.39,149.37,433.99,133.65,159.46,507.32,12,12,
2026-08-02 07:00:09,743172,3244639,First Blood in Game 1?,first_blood,1,2026-08-02 11:00:00,239.8,Top Esports,6602796225007847250368714083162703890562833780921990948500062077778931809489,0.46,0.55,0.505,0.09,193.8,193.8,193.8,225.43,225.43,225.43,10,14,
2026-08-02 07:00:09,743172,3244639,First Blood in Game 1?,first_blood,1,2026-08-02 11:00:00,239.8,JD Gaming,87489902991861330312706242496958385539820689848655573262041583513321693862900,0.45,0.54,0.495,0.09,184.45,184.45,184.45,227.5,227.5,227.5,14,10,
2026-08-02 07:00:09,743172,3244640,First Blood in Game 2?,first_blood,2,2026-08-02 11:00:00,239.8,Top Esports,24137663207718203527062477161349904762088503792733617922037256863446926332459,0.46,0.55,0.505,0.09,193.8,193.8,193.8,225.43,225.43,225.43,11,14,
2026-08-02 07:00:09,743172,3244640,First Blood in Game 2?,first_blood,2,2026-08-02 11:00:00,239.8,JD Gaming,111647699125322064032765543565883745277538324784955298847038372968540277723837,0.45,0.54,0.495,0.09,184.45,184.45,184.45,227.5,227.5,227.5,14,11,
2026-08-02 07:00:09,743172,3244641,Total Kills Over/Under 30.5 in Game 2?,total_kills,2,2026-08-02 11:00:00,239.8,Over,30552644106679742528310884231067636756108135098737347522269552333729709327523,0.44,0.48,0.46,0.04,22.0,405.89,405.89,39.31,490.1,490.1,14,14,36.296195
2026-08-02 07:00:09,743172,3244641,Total Kills Over/Under 30.5 in Game 2?,total_kills,2,2026-08-02 11:00:00,239.8,Under,75341305486715097291844018581808328160946914691465414713245427616828717287563,0.52,0.56,0.54,0.04,41.94,476.4,476.4,28.0,558.13,558.13,14,14,36.296195
2026-08-02 07:00:09,743172,3244642,Total Kills Over/Under 30.5 in Game 1?,total_kills,1,2026-08-02 11:00:00,239.8,Over,5848797803159527143714539846892831173692586338288791944321302473798025897787,0.45,0.47,0.46,0.02,26.62,431.74,431.74,37.19,61.69,463.59,14,15,31.066194999999997
2026-08-02 07:00:09,743172,3244642,Total Kills Over/Under 30.5 in Game 1?,total_kills,1,2026-08-02 11:00:00,239.8,Under,53934747156330759828139575831881063278651797825727054390721736738195498852307,0.53,0.55,0.54,0.02,40.94,66.44,445.28,32.74,581.11,581.11,15,14,31.066194999999997
2026-08-02 07:00:09,743172,3244644,Total Kills Over/Under 27.5 in Game 2?,total_kills,2,2026-08-02 11:00:00,239.8,Over,55217915603201848763758014714972177885314093034262781059127811984269931994496,0.57,0.6,0.585,0.03,419.41,419.41,419.41,20.88,51.88,94.53,10,14,
2026-08-02 07:00:09,743172,3244644,Total Kills Over/Under 27.5 in Game 2?,total_kills,2,2026-08-02 11:00:00,239.8,Under,5734772476214070556104771703646922422218159851416754113236200342344326474857,0.4,0.43,0.415,0.03,13.5,32.5,55.47,328.64,328.64,328.64,14,10,
2026-08-02 07:00:09,743172,3244643,Total Kills Over/Under 27.5 in Game 1?,total_kills,1,2026-08-02 11:00:00,239.8,Over,101446290186737648802628688467106060643552953184861797884239412071806897706381,0.58,0.62,0.6,0.04,29.0,444.18,444.18,35.07,81.14,859.77,13,14,7.555554
2026-08-02 07:00:09,743172,3244643,Total Kills Over/Under 27.5 in Game 1?,total_kills,1,2026-08-02 11:00:00,239.8,Under,90781551002908263110403899832252227846112278104835636670642311985212809522279,0.38,0.42,0.4,0.04,20.95,46.3,438.59,21.0,347.21,347.21,14,13,7.555554
2026-08-02 07:00:09,777488,3242490,LoL: Team Secret Whales vs CTBC Flying Oyster - Game 1 Winner,map,1,2026-08-02 09:00:00,119.8,Team Secret Whales,57816135160094022782874503244385532147531078139344598994417283900284035426820,0.69,0.7,0.695,0.01,2244.82,2752.44,3419.72,644.63,2239.19,2294.69,27,20,5583.445763
2026-08-02 07:00:09,777488,3242490,LoL: Team Secret Whales vs CTBC Flying Oyster - Game 1 Winner,map,1,2026-08-02 09:00:00,119.8,CTBC Flying Oyster,84525189896438327520655187935169481308459424715925764328357460907711373179800,0.3,0.31,0.305,0.01,264.85,880.0,898.5,1026.29,1283.67,1651.0,20,27,5583.445763
2026-08-02 07:00:09,777488,3242491,LoL: Team Secret Whales vs CTBC Flying Oyster - Game 2 Winner,map,2,2026-08-02 09:00:00,119.8,Team Secret Whales,76754270586622647838553050894322356828736663824016826309100304606981037399491,0.69,0.7,0.695,0.01,12489.0,12769.05,13410.98,1222.57,2244.14,2299.64,20,19,3969.806478
2026-08-02 07:00:09,777488,3242491,LoL: Team Secret Whales vs CTBC Flying Oyster - Game 2 Winner,map,2,2026-08-02 09:00:00,119.8,CTBC Flying Oyster,56489067258837645781761923067126853043573144817614127530708055679301943559747,0.3,0.31,0.305,0.01,511.63,907.52,926.02,5619.5,5761.45,6114.52,19,20,3969.806478
2026-08-02 07:00:09,777488,3242492,LoL: Team Secret Whales vs CTBC Flying Oyster - Game 3 Winner,map,3,2026-08-02 09:00:00,119.8,Team Secret Whales,84515801993639805002213409467397361469609977446389163532328974026080706324919,0.68,0.69,0.685,0.01,3125.71,3333.34,3894.39,86.41,1848.71,1921.71,22,20,4822.664734999999
2026-08-02 07:00:09,777488,3242492,LoL: Team Secret Whales vs CTBC Flying Oyster - Game 3 Winner,map,3,2026-08-02 09:00:00,119.8,CTBC Flying Oyster,47042936553385792822224572984994946197580344579724406299806966214605938841010,0.31,0.32,0.315,0.01,37.44,738.06,765.06,1486.14,1594.51,1912.64,20,22,4822.664734999999
2026-08-02 07:00:09,777488,3242493,LoL: Team Secret Whales vs CTBC Flying Oyster - Game 4 Winner,map,4,2026-08-02 09:00:00,119.8,Team Secret Whales,17395249853885279779595095236555902153584780476668506281725665988013712809726,0.61,0.64,0.625,0.03,9.1,9.1,9.1,64.09,67.39,67.39,14,16,
2026-08-02 07:00:09,777488,3242493,LoL: Team Secret Whales vs CTBC Flying Oyster - Game 4 Winner,map,4,2026-08-02 09:00:00,119.8,CTBC Flying Oyster,23823319113389303220072115291412712888961208930402594759139448658235209413419,0.36,0.39,0.375,0.03,34.66,36.36,36.36,5.9,5.9,5.9,16,14,
2026-08-02 07:00:09,777488,3242494,LoL: Team Secret Whales vs CTBC Flying Oyster (BO5) - LCP Group Stage,series,,2026-08-02 09:00:00,119.8,Team Secret Whales,112783488403942180959201845594818467757376330196707325388108787976324977051994,0.77,0.78,0.775,0.01,3286.98,7614.55,7996.25,1469.29,4473.67,5488.97,30,20,13367.572239999998
2026-08-02 07:00:09,777488,3242494,LoL: Team Secret Whales vs CTBC Flying Oyster (BO5) - LCP Group Stage,series,,2026-08-02 09:00:00,119.8,CTBC Flying Oyster,80452513973028868846592325693720987068814405760226652643682462266126569090751,0.22,0.23,0.225,0.01,399.74,1121.38,1335.59,1024.82,2485.63,2633.93,20,30,13367.572239999998
2026-08-02 07:00:09,777488,3242495,Games Total: O/U 3.5,total_games,,2026-08-02 09:00:00,119.8,Over,72300793668187151319904900646523978702528656649138144719405721411224244932759,0.61,0.62,0.615,0.01,979.88,2087.88,2327.28,6218.66,6347.56,7097.4,20,20,17291.862281000005
2026-08-02 07:00:09,777488,3242495,Games Total: O/U 3.5,total_games,,2026-08-02 09:00:00,119.8,Under,108846093590840099798675088484086990239416212941859949463132166956349912927328,0.38,0.39,0.385,0.01,3811.44,3882.54,4265.98,651.56,1421.52,1602.12,20,21,17291.862281000005
2026-08-02 07:00:09,777488,3242496,Games Total: O/U 4.5,total_games,,2026-08-02 09:00:00,119.8,Over,41270598835424749763955996134684705831927348554403922237902670916734253760669,0.27,0.28,0.275,0.01,292.26,346.21,562.92,122.19,2071.42,2129.97,15,20,441.68341699999996
2026-08-02 07:00:09,777488,3242496,Games Total: O/U 4.5,total_games,,2026-08-02 09:00:00,119.8,Under,58036605262601096265076118672464791582934640975043365706485191229520811754504,0.72,0.73,0.725,0.01,311.11,4658.12,4778.74,828.74,999.57,1762.96,20,15,441.68341699999996
2026-08-02 07:00:09,777488,3242497,Game Handicap: TSW (-1.5) vs CTBC Flying Oyster (+1.5),handicap,,2026-08-02 09:00:00,119.8,Team Secret Whales,32382395346852847254940176658456928989693539675636369896177890938863430973471,0.59,0.6,0.595,0.01,447.39,560.39,560.39,268.9,373.47,888.87,20,19,976.906004
2026-08-02 07:00:09,777488,3242497,Game Handicap: TSW (-1.5) vs CTBC Flying Oyster (+1.5),handicap,,2026-08-02 09:00:00,119.8,CTBC Flying Oyster,100488374296241339245601316885665517849468025397031180189081751660277427925981,0.4,0.41,0.405,0.01,174.43,237.44,516.18,313.61,400.61,400.61,19,20,976.906004
2026-08-02 07:00:09,777488,3242498,Game Handicap: TSW (-2.5) vs CTBC Flying Oyster (+2.5),handicap,,2026-08-02 09:00:00,119.8,Team Secret Whales,113785065335733646850554173514575073744283113436526505373350557814155497649710,0.32,0.34,0.33,0.02,615.34,669.24,698.94,4006.25,4161.76,4161.76,17,14,12.121211
2026-08-02 07:00:09,777488,3242498,Game Handicap: TSW (-2.5) vs CTBC Flying Oyster (+2.5),handicap,,2026-08-02 09:00:00,119.8,CTBC Flying Oyster,48978565648481124587937191466931712596305440574862248418236250218292279628778,0.66,0.68,0.67,0.02,7444.75,7709.54,7709.54,1368.86,1494.96,1575.26,14,17,12.121211
2026-08-02 07:00:09,777488,3242499,First Blood in Game 1?,first_blood,1,2026-08-02 09:00:00,119.8,Team Secret Whales,76176078641731935731407391491918258824551828061896501211344144386956805092975,0.08,0.93,0.505,0.85,16.37,28.85,31.09,233.0,509.69,684.7,8,7,
2026-08-02 07:00:09,777488,3242499,First Blood in Game 1?,first_blood,1,2026-08-02 09:00:00,119.8,CTBC Flying Oyster,79926504409492097448700203434558369884286074924495139692775212278480677723997,0.07,0.92,0.495,0.85,17.0,29.57,33.82,188.95,385.93,456.39,7,8,
2026-08-02 07:00:09,777488,3242500,First Blood in Game 2?,first_blood,2,2026-08-02 09:00:00,119.8,Team Secret Whales,36489252949572354156656199551729160308186523946897457577059925673343287272299,0.06,0.91,0.485,0.85,12.47,14.47,16.96,216.5,216.5,274.26,4,6,
2026-08-02 07:00:09,777488,3242500,First Blood in Game 2?,first_blood,2,2026-08-02 09:00:00,119.8,CTBC Flying Oyster,41441351191959256667490566084942834037356753172268181893268992272913894336542,0.09,0.94,0.515,0.85,21.0,21.0,23.51,196.94,261.61,507.58,6,4,
2026-08-02 07:00:09,777488,3242501,First Blood in Game 3?,first_blood,3,2026-08-02 09:00:00,119.8,Team Secret Whales,51387227749511496517739619622948981783625570831940292175844395205249838839414,0.09,0.93,0.51,0.84,21.0,21.0,23.49,193.3,193.3,366.11,6,5,
2026-08-02 07:00:09,777488,3242501,First Blood in Game 3?,first_blood,3,2026-08-02 09:00:00,119.8,CTBC Flying Oyster,84632537644270832286015097395506359851243798486843821606676215361948288717549,0.07,0.91,0.49,0.84,14.47,14.47,18.78,216.5,216.5,273.88,5,6,
2026-08-02 07:00:09,777488,3242502,First Blood in Game 4?,first_blood,4,2026-08-02 09:00:00,119.8,Team Secret Whales,26403362042709478831403732734420297091029668631643299281933862415028319195845,0.07,0.94,0.505,0.87,14.42,14.42,18.7,197.74,262.41,492.61,5,5,
2026-08-02 07:00:09,777488,3242502,First Blood in Game 4?,first_blood,4,2026-08-02 09:00:00,119.8,CTBC Flying Oyster,78664000157232051786555474526526297891608214826219451729845556414941361620072,0.06,0.93,0.495,0.87,12.51,14.51,17.01,192.57,192.57,364.29,5,5,
2026-08-02 07:00:09,777488,3242503,First Blood in Game 5?,first_blood,5,2026-08-02 09:00:00,119.8,Team Secret Whales,834669630360787795479739857530823000511290028945919271243926672811370607927,0.06,0.95,0.505,0.89,12.47,14.47,16.95,204.5,315.56,527.33,5,4,
2026-08-02 07:00:09,777488,3242503,First Blood in Game 5?,first_blood,5,2026-08-02 09:00:00,119.8,CTBC Flying Oyster,65911608945563935626405953820602536931093222068386319298304085216125067913390,0.05,0.94,0.495,0.89,10.6,12.87,15.01,196.94,261.61,491.8,4,5,
2026-08-02 07:00:09,777488,3242504,Game 1: Both Teams Slay Baron Nashor?,prop,1,2026-08-02 09:00:00,119.8,Yes,82109122910205671204306244277178071377513852655530705652340200553652435919932,0.06,0.5,0.28,0.44,283.68,285.96,308.41,283.36,283.36,283.36,6,12,
2026-08-02 07:00:09,777488,3242504,Game 1: Both Teams Slay Baron Nashor?,prop,1,2026-08-02 09:00:00,119.8,No,8656473897653034280876081254915519555589552805581412905695564407944608476083,0.5,0.94,0.72,0.44,283.36,283.36,283.36,5388.77,5460.2,7675.51,12,6,
2026-08-02 07:00:09,777488,3242505,Game 1: Both Teams Slay a Dragon?,prop,1,2026-08-02 09:00:00,119.8,Yes,32626544758206927715646495093041485141420312943142351104342214354013341427211,0.5,0.8,0.65,0.3,283.36,283.36,283.36,1133.44,1133.44,1234.44,9,9,
2026-08-02 07:00:09,777488,3242505,Game 1: Both Teams Slay a Dragon?,prop,1,2026-08-02 09:00:00,119.8,No,80774928191498242889000864528879279007331491946982563338725522451307658906911,0.2,0.5,0.35,0.3,283.36,283.36,302.36,283.36,283.36,283.36,9,9,
2026-08-02 07:00:09,777488,3242506,Game 1: Both Teams Destroy Inhibitors?,prop,1,2026-08-02 09:00:00,119.8,Yes,57878958722771259702191587377488008562321366597374420142934676314494035042365,0.04,0.5,0.27,0.46,283.82,288.37,288.37,283.36,283.36,283.36,4,12,
2026-08-02 07:00:09,777488,3242506,Game 1: Both Teams Destroy Inhibitors?,prop,1,2026-08-02 09:00:00,119.8,No,21832488090938789009014145975002941333458675765934334105525825321941495893189,0.5,0.96,0.73,0.46,283.36,283.36,283.36,9172.97,9507.0,9507.0,12,4,
2026-08-02 07:00:09,777488,3242507,Game 1: Any Player Quadra Kill?,prop,1,2026-08-02 09:00:00,119.8,Yes,67477697003412425735721846146861340830375928748646316394267430844610313516048,0.04,0.5,0.27,0.46,283.36,287.41,287.41,283.36,283.36,283.36,3,11,
2026-08-02 07:00:09,777488,3242507,Game 1: Any Player Quadra Kill?,prop,1,2026-08-02 09:00:00,119.8,No,28230089652834458564403191383477251350363400530987830673659176513834216998402,0.5,0.96,0.73,0.46,283.36,283.36,283.36,6800.64,7101.59,7101.59,11,3,
2026-08-02 07:00:09,777488,3242508,Game 1: Any Player Penta Kill?,prop,1,2026-08-02 09:00:00,119.8,Yes,107955397088245341609588127643872420201219088994892330576848052323418067304337,0.01,0.5,0.255,0.49,283.41,283.41,283.41,283.36,283.36,283.36,1,10,
2026-08-02 07:00:09,777488,3242508,Game 1: Any Player Penta Kill?,prop,1,2026-08-02 09:00:00,119.8,No,2298327095866923872370786527525373223496154978975697230366979542666694010210,0.5,0.99,0.745,0.49,283.36,283.36,283.36,28057.59,28057.59,28057.59,10,1,
2026-08-02 07:00:09,777488,3242509,Game 1: Odd/Even Total Kills?,odd_even,1,2026-08-02 09:00:00,119.8,Odd,35669069441156880233120397229339609857600763115115367527463035031810099918812,0.49,0.51,0.5,0.02,40.16,40.16,324.77,42.13,42.13,390.0,11,11,
2026-08-02 07:00:09,777488,3242509,Game 1: Odd/Even Total Kills?,odd_even,1,2026-08-02 09:00:00,119.8,Even,34134996380998562744373466212898094506013127989415722436188379079216550283869,0.49,0.51,0.5,0.02,40.16,40.16,324.77,42.13,42.13,390.0,11,11,
2026-08-02 07:00:09,777488,3242510,Game 2: Both Teams Slay Baron Nashor?,prop,2,2026-08-02 09:00:00,119.8,Yes,55612768283885555444235128339818004633987486785078428271354240018837438415172,0.06,0.5,0.28,0.44,283.68,285.96,308.61,283.36,283.36,283.36,6,12,
2026-08-02 07:00:09,777488,3242510,Game 2: Both Teams Slay Baron Nashor?,prop,2,2026-08-02 09:00:00,119.8,No,68013453411200942378083783109699621850836566027632710988233618904681638059009,0.5,0.94,0.72,0.44,283.36,283.36,283.36,5388.77,5460.2,7695.31,12,6,
2026-08-02 07:00:09,777488,3242511,Game 2: Both Teams Slay a Dragon?,prop,2,2026-08-02 09:00:00,119.8,Yes,25268472604044033644155788644394470811008223675152420568627576739918797975853,0.5,0.8,0.65,0.3,283.36,283.36,283.36,1133.44,1133.44,1234.44,9,9,
2026-08-02 07:00:09,777488,3242511,Game 2: Both Teams Slay a Dragon?,prop,2,2026-08-02 09:00:00,119.8,No,77287086054106107892849953648996922577643407952016836727589125254557669820384,0.2,0.5,0.35,0.3,283.36,283.36,302.36,283.36,283.36,283.36,9,9,
2026-08-02 07:00:09,777488,3242512,Game 2: Both Teams Destroy Inhibitors?,prop,2,2026-08-02 09:00:00,119.8,Yes,63116409037166805607386548449789060242417387308976504409836409960705425478823,0.04,0.5,0.27,0.46,283.82,288.37,288.37,283.36,283.36,283.36,4,12,
2026-08-02 07:00:09,777488,3242512,Game 2: Both Teams Destroy Inhibitors?,prop,2,2026-08-02 09:00:00,119.8,No,39912666918280641726206692277388061035907575339250897177186125313578834705787,0.5,0.96,0.73,0.46,283.36,283.36,283.36,9172.97,9507.0,9507.0,12,4,
2026-08-02 07:00:09,777488,3242513,Game 2: Any Player Quadra Kill?,prop,2,2026-08-02 09:00:00,119.8,Yes,4263276727264114878405602649464265427324668856183212750657142386269218822063,0.04,0.5,0.27,0.46,283.36,287.41,287.41,283.36,283.36,283.36,3,11,
2026-08-02 07:00:09,777488,3242513,Game 2: Any Player Quadra Kill?,prop,2,2026-08-02 09:00:00,119.8,No,69576406192413665870026391300739965527689631644663907015579261971162988093260,0.5,0.96,0.73,0.46,283.36,283.36,283.36,6800.64,7101.59,7101.59,11,3,
2026-08-02 07:00:09,777488,3242514,Game 2: Any Player Penta Kill?,prop,2,2026-08-02 09:00:00,119.8,Yes,43770092129906284304701955036555378708763006374885907543692653722330039935327,0.01,0.5,0.255,0.49,283.41,283.41,283.41,283.36,283.36,283.36,1,10,
2026-08-02 07:00:09,777488,3242514,Game 2: Any Player Penta Kill?,prop,2,2026-08-02 09:00:00,119.8,No,74726305910172583187002718614853277500984547126354509426874700736506549207136,0.5,0.99,0.745,0.49,283.36,283.36,283.36,28057.59,28057.59,28057.59,10,1,
2026-08-02 07:00:09,777488,3242515,Game 2: Odd/Even Total Kills?,odd_even,2,2026-08-02 09:00:00,119.8,Odd,103037412618351337232072591960970068480196116485177890660027371606071064402503,0.49,0.51,0.5,0.02,40.16,40.16,324.77,42.13,42.13,390.0,11,11,
2026-08-02 07:00:09,777488,3242515,Game 2: Odd/Even Total Kills?,odd_even,2,2026-08-02 09:00:00,119.8,Even,21504247401034643293987946442807585229564406903469081575863274634549998426270,0.49,0.51,0.5,0.02,40.16,40.16,324.77,42.13,42.13,390.0,11,11,
2026-08-02 07:00:09,777488,3242516,Game 3: Both Teams Slay Baron Nashor?,prop,3,2026-08-02 09:00:00,119.8,Yes,77261832545549908030973621817519973235104059699203340241975578117008694094853,0.23,0.5,0.365,0.27,2.3,3.33,7.15,283.36,283.36,283.36,12,12,
2026-08-02 07:00:09,777488,3242516,Game 3: Both Teams Slay Baron Nashor?,prop,3,2026-08-02 09:00:00,119.8,No,29942351581814803281652827273469223353222947387494284759002648389231015275294,0.5,0.77,0.635,0.27,283.36,283.36,283.36,7.7,11.8,28.64,12,12,
2026-08-02 07:00:09,777488,3242517,Game 3: Both Teams Slay a Dragon?,prop,3,2026-08-02 09:00:00,119.8,Yes,70360398388455874266173213101286288923272398726265240438392772127722997448610,0.5,0.8,0.65,0.3,283.36,283.36,283.36,1133.44,1133.44,1234.44,9,9,
2026-08-02 07:00:09,777488,3242517,Game 3: Both Teams Slay a Dragon?,prop,3,2026-08-02 09:00:00,119.8,No,52845035201587624459438845665250473929029108844112614651935527390501033762970,0.2,0.5,0.35,0.3,283.36,283.36,302.36,283.36,283.36,283.36,9,9,
2026-08-02 07:00:09,777488,3242518,Game 3: Both Teams Destroy Inhibitors?,prop,3,2026-08-02 09:00:00,119.8,Yes,48977884461727248822212570858195208609516394659009807088507571955717291664697,0.04,0.5,0.27,0.46,283.82,288.37,288.37,283.36,283.36,283.36,4,12,
2026-08-02 07:00:09,777488,3242518,Game 3: Both Teams Destroy Inhibitors?,prop,3,2026-08-02 09:00:00,119.8,No,3671363479438694358741463992296651772042853610335646218578791290024782364582,0.5,0.96,0.73,0.46,283.36,283.36,283.36,9172.97,9507.0,9507.0,12,4,
2026-08-02 07:00:09,777488,3242519,Game 3: Any Player Quadra Kill?,prop,3,2026-08-02 09:00:00,119.8,Yes,34118162061878728840353980643835530411234963147751984212557794644941270882141,0.04,0.5,0.27,0.46,283.36,287.41,287.41,283.36,283.36,283.36,3,11,
2026-08-02 07:00:09,777488,3242519,Game 3: Any Player Quadra Kill?,prop,3,2026-08-02 09:00:00,119.8,No,86065855012286708999355496026724666479399944731814351003162910211369043270293,0.5,0.96,0.73,0.46,283.36,283.36,283.36,6800.64,7101.59,7101.59,11,3,
2026-08-02 07:00:09,777488,3242520,Game 3: Any Player Penta Kill?,prop,3,2026-08-02 09:00:00,119.8,Yes,7866906399859507715969236577162534049067328151038482266868129384413531393152,0.01,0.5,0.255,0.49,283.41,283.41,283.41,283.36,283.36,283.36,1,10,
2026-08-02 07:00:09,777488,3242520,Game 3: Any Player Penta Kill?,prop,3,2026-08-02 09:00:00,119.8,No,102658700344398947639358052865470104625417791083949106731139967674354429925933,0.5,0.99,0.745,0.49,283.36,283.36,283.36,28057.59,28057.59,28057.59,10,1,
2026-08-02 07:00:09,777488,3242521,Game 3: Odd/Even Total Kills?,odd_even,3,2026-08-02 09:00:00,119.8,Odd,1920707057826196000729146751630790521705346214735121429259525852560003610959,0.49,0.51,0.5,0.02,40.16,40.16,324.77,42.13,42.13,390.0,11,11,
2026-08-02 07:00:09,777488,3242521,Game 3: Odd/Even Total Kills?,odd_even,3,2026-08-02 09:00:00,119.8,Even,88647646668802236136158789088602771719271626586223927818625588950998518629396,0.49,0.51,0.5,0.02,40.16,40.16,324.77,42.13,42.13,390.0,11,11,
2026-08-02 07:00:09,777488,3242522,Game 4: Both Teams Slay Baron Nashor?,prop,4,2026-08-02 09:00:00,119.8,Yes,6873310937397978516694146619025168230374666020537337469477629007465955183743,0.06,0.96,0.51,0.9,284.24,286.24,288.87,32.65,358.81,358.81,5,4,
2026-08-02 07:00:09,777488,3242522,Game 4: Both Teams Slay Baron Nashor?,prop,4,2026-08-02 09:00:00,119.8,No,18528193578631301586757620009046134047287063337847150764636556627738796525677,0.04,0.94,0.49,0.9,1.13,5.49,5.49,5399.27,5463.94,5700.97,4,5,
2026-08-02 07:00:09,777488,3242523,Game 4: Both Teams Slay a Dragon?,prop,4,2026-08-02 09:00:00,119.8,Yes,96239155610116234593629625855692533038529442254365233884566866984317744705509,0.47,0.78,0.625,0.31,283.36,283.36,283.36,1004.64,1004.64,1087.64,10,9,
2026-08-02 07:00:09,777488,3242523,Game 4: Both Teams Slay a Dragon?,prop,4,2026-08-02 09:00:00,119.8,No,90285335797042713137455027317662316028781926407963078036017792314080482210785,0.22,0.53,0.375,0.31,283.36,283.36,300.36,319.53,319.53,319.53,9,10,
2026-08-02 07:00:09,777488,3242524,Game 4: Both Teams Destroy Inhibitors?,prop,4,2026-08-02 09:00:00,119.8,Yes,48163120894888470133224563494374860224939916137694150453600458084315949778552,0.05,0.96,0.505,0.91,0.85,286.63,288.85,32.65,358.81,358.81,5,4,
2026-08-02 07:00:09,777488,3242524,Game 4: Both Teams Destroy Inhibitors?,prop,4,2026-08-02 09:00:00,119.8,No,65932431344977836134599434113874579109665373405269201721000578030796735615779,0.04,0.95,0.495,0.91,1.13,5.49,5.49,18.64,9295.78,9515.21,4,5,
2026-08-02 07:00:09,777488,3242525,Game 4: Any Player Quadra Kill?,prop,4,2026-08-02 09:00:00,119.8,Yes,48766357627137420502706105015132880346460432230442156319595602374969708661549,0.04,0.99,0.515,0.95,283.84,287.89,287.89,54.45,54.45,54.45,3,1,
2026-08-02 07:00:09,777488,3242525,Game 4: Any Player Quadra Kill?,prop,4,2026-08-02 09:00:00,119.8,No,18525403907568398358634442213038306406008025802557700810805310510796193654593,0.01,0.96,0.485,0.95,0.55,0.55,0.55,6812.16,7113.11,7113.11,1,3,
2026-08-02 07:00:09,777488,3242526,Game 4: Any Player Penta Kill?,prop,4,2026-08-02 09:00:00,119.8,Yes,19394836216636086747323946701502339652056897814910961334615459750970271377627,0.02,0.99,0.505,0.97,283.91,283.91,283.91,54.45,54.45,54.45,2,1,
2026-08-02 07:00:09,777488,3242526,Game 4: Any Player Penta Kill?,prop,4,2026-08-02 09:00:00,119.8,No,77617476762299404152229581594197755071733954493565526877252600348180953619678,0.01,0.98,0.495,0.97,0.55,0.55,0.55,28082.09,28082.09,28082.09,1,2,
2026-08-02 07:00:09,777488,3242527,Game 4: Odd/Even Total Kills?,odd_even,4,2026-08-02 09:00:00,119.8,Odd,75890811262287504237425106759452740916618553387886440572460885740958767693338,0.49,0.51,0.5,0.02,40.16,40.16,324.77,42.13,42.13,390.0,11,11,
2026-08-02 07:00:09,777488,3242527,Game 4: Odd/Even Total Kills?,odd_even,4,2026-08-02 09:00:00,119.8,Even,40203519400324083604706318923535091108485909332610733820589745001578236397688,0.49,0.51,0.5,0.02,40.16,40.16,324.77,42.13,42.13,390.0,11,11,
2026-08-02 07:00:09,777488,3242528,Game 5: Both Teams Slay Baron Nashor?,prop,5,2026-08-02 09:00:00,119.8,Yes,104186574846046194155309906600223084379965802712970170251970070918848843932951,0.06,0.96,0.51,0.9,284.31,286.31,288.87,32.65,358.81,358.81,5,4,
2026-08-02 07:00:09,777488,3242528,Game 5: Both Teams Slay Baron Nashor?,prop,5,2026-08-02 09:00:00,119.8,No,44568387720142730000305788491821524810776472201185044840726633879733839536191,0.04,0.94,0.49,0.9,1.13,5.49,5.49,5400.34,5465.01,5698.16,4,5,
2026-08-02 07:00:09,777488,3242529,Game 5: Both Teams Slay a Dragon?,prop,5,2026-08-02 09:00:00,119.8,Yes,54544138229268547953418063615196800890163147773712824803820035680061760701050,0.47,0.78,0.625,0.31,283.36,283.36,283.36,1004.64,1004.64,1087.64,11,9,
2026-08-02 07:00:09,777488,3242529,Game 5: Both Teams Slay a Dragon?,prop,5,2026-08-02 09:00:00,119.8,No,53447488034486623877755199848802236783776818988628965858466891919045843609954,0.22,0.53,0.375,0.31,283.36,283.36,300.36,319.53,319.53,319.53,9,11,
2026-08-02 07:00:09,777488,3242530,Game 5: Both Teams Destroy Inhibitors?,prop,5,2026-08-02 09:00:00,119.8,Yes,84869567834213737240677422708123444482993918363118298390918236083835009666609,0.05,0.96,0.505,0.91,0.89,286.71,288.85,32.65,358.81,358.81,5,4,
2026-08-02 07:00:09,777488,3242530,Game 5: Both Teams Destroy Inhibitors?,prop,5,2026-08-02 09:00:00,119.8,No,104976994634744610010863109018357776671427542050125895407506044873394977608708,0.04,0.95,0.495,0.91,1.13,5.49,5.49,19.3,9298.79,9510.79,4,5,
2026-08-02 07:00:09,777488,3242531,Game 5: Any Player Quadra Kill?,prop,5,2026-08-02 09:00:00,119.8,Yes,112263471871122883811989362359978174259181855748395775051704344415387145260011,0.04,0.99,0.515,0.95,283.84,287.89,287.89,54.45,54.45,54.45,3,1,
2026-08-02 07:00:09,777488,3242531,Game 5: Any Player Quadra Kill?,prop,5,2026-08-02 09:00:00,119.8,No,23403007836943947744681510349247280485072978781656882287837068216480509913554,0.01,0.96,0.485,0.95,0.55,0.55,0.55,6812.16,7113.11,7113.11,1,3,
2026-08-02 07:00:09,777488,3242532,Game 5: Any Player Penta Kill?,prop,5,2026-08-02 09:00:00,119.8,Yes,7891418895463379286896718967151686623053177620483355975797781050656729426108,0.02,0.99,0.505,0.97,283.91,283.91,283.91,54.45,54.45,54.45,2,1,
2026-08-02 07:00:09,777488,3242532,Game 5: Any Player Penta Kill?,prop,5,2026-08-02 09:00:00,119.8,No,40631958773724129659751950295215568541920435781148650011271912559562887183213,0.01,0.98,0.495,0.97,0.55,0.55,0.55,28082.09,28082.09,28082.09,1,2,
2026-08-02 07:00:09,777488,3242533,Game 5: Odd/Even Total Kills?,odd_even,5,2026-08-02 09:00:00,119.8,Odd,4903397286428577336062410414826833960093510373539643042803989813745818534711,0.49,0.51,0.5,0.02,40.16,40.16,324.77,42.13,42.13,390.0,11,11,
2026-08-02 07:00:09,777488,3242533,Game 5: Odd/Even Total Kills?,odd_even,5,2026-08-02 09:00:00,119.8,Even,111090787906032420752717008529204938088570636434274863773273409629924503578782,0.49,0.51,0.5,0.02,40.16,40.16,324.77,42.13,42.13,390.0,11,11,
2026-08-02 07:00:09,784454,3279335,LoL: Lausanne-Sport Esports vs Lille Esport (BO1) - Nexus League Regular Season,series,,2026-08-02 11:00:00,239.8,Lausanne-Sport Esports,99473693816433436640599597272820629709891850344949800062178901931971517918859,0.47,0.51,0.49,0.04,227.86,416.86,564.37,207.6,685.31,738.66,24,16,8.33
2026-08-02 07:00:09,784454,3279335,LoL: Lausanne-Sport Esports vs Lille Esport (BO1) - Nexus League Regular Season,series,,2026-08-02 11:00:00,239.8,Lille Esport,817789370808442914580635242466941526079789923006159850696894060669625038585,0.49,0.53,0.51,0.04,192.4,606.2,649.85,263.14,495.51,691.54,16,24,8.33
2026-08-02 07:00:09,784454,3279336,Game 1: Both Teams Slay Baron Nashor?,prop,1,2026-08-02 11:00:00,239.8,Yes,55902381800627531355833752514143215492698454037546646498430281097111920188521,0.06,0.5,0.28,0.44,283.36,283.36,304.0,283.36,283.36,283.36,3,7,
2026-08-02 07:00:09,784454,3279336,Game 1: Both Teams Slay Baron Nashor?,prop,1,2026-08-02 11:00:00,239.8,No,29672130403878024151349046128053522847556791428243592659255222009626050117893,0.5,0.94,0.72,0.44,283.36,283.36,283.36,4439.3,4439.3,6439.61,7,3,
2026-08-02 07:00:09,784454,3279337,Game 1: Both Teams Slay a Dragon?,prop,1,2026-08-02 11:00:00,239.8,Yes,17119151870950402285087342558395175380711906446640911012961856203235959648714,0.5,0.8,0.65,0.3,283.36,283.36,283.36,1133.44,1133.44,1150.44,7,7,
2026-08-02 07:00:09,784454,3279337,Game 1: Both Teams Slay a Dragon?,prop,1,2026-08-02 11:00:00,239.8,No,113639245628381365619733456314148552479554541347938913263069970674144530537011,0.2,0.5,0.35,0.3,283.36,283.36,286.36,283.36,283.36,283.36,7,7,
2026-08-02 07:00:09,784454,3279338,Game 1: Both Teams Destroy Inhibitors?,prop,1,2026-08-02 11:00:00,239.8,Yes,84257537483049847277466872644370686159179025875193944024518237924780025042131,0.05,0.5,0.275,0.45,283.75,284.16,304.69,283.36,283.36,283.36,4,7,
2026-08-02 07:00:09,784454,3279338,Game 1: Both Teams Destroy Inhibitors?,prop,1,2026-08-02 11:00:00,239.8,No,17512970349175966036185638585777782357196988069898006727673109234980829196689,0.5,0.95,0.725,0.45,283.36,283.36,283.36,6807.99,6828.43,8860.49,7,4,
2026-08-02 07:00:09,784454,3279339,Game 1: Any Player Quadra Kill?,prop,1,2026-08-02 11:00:00,239.8,Yes,100195580565681381355894995964091091984821043688528614303186896474559892170773,0.04,0.5,0.27,0.46,283.36,283.41,283.41,283.36,283.36,283.36,2,7,
2026-08-02 07:00:09,784454,3279339,Game 1: Any Player Quadra Kill?,prop,1,2026-08-02 11:00:00,239.8,No,100002284771695156212403639615967612485024240997907737595652834691242696166373,0.5,0.96,0.73,0.46,283.36,283.36,283.36,6800.64,6805.59,6805.59,7,2,
2026-08-02 07:00:09,784454,3279340,Game 1: Any Player Penta Kill?,prop,1,2026-08-02 11:00:00,239.8,Yes,108553955533062190722462560962697635922300727715950859581495777172582856352860,0.01,0.5,0.255,0.49,283.41,283.41,283.41,283.36,283.36,283.36,1,6,
2026-08-02 07:00:09,784454,3279340,Game 1: Any Player Penta Kill?,prop,1,2026-08-02 11:00:00,239.8,No,99429016337898751571198984643766201021703430902614317375747854069649372016546,0.5,0.99,0.745,0.49,283.36,283.36,283.36,28057.59,28057.59,28057.59,6,1,
2026-08-02 07:00:09,784454,3279341,Game 1: Odd/Even Total Kills?,odd_even,1,2026-08-02 11:00:00,239.8,Odd,26084554044742122208541577919387140827516672517649992527852152062483236887771,0.49,0.51,0.5,0.02,7.76,7.76,7.76,8.07,8.07,8.07,10,10,
2026-08-02 07:00:09,784454,3279341,Game 1: Odd/Even Total Kills?,odd_even,1,2026-08-02 11:00:00,239.8,Even,61741879617992978800893084572683048258686760432520729278313723134457915265838,0.49,0.51,0.5,0.02,7.76,7.76,7.76,8.07,8.07,8.07,10,10,
2026-08-02 07:07:26,720804,2985831,LoL: DN SOOPers vs HANJIN BRION - Game 1 Winner,map,1,2026-08-02 08:00:00,52.6,DN SOOPers,42936850482651914409277495257882545988254142261829548050889622816919312279771,0.35,0.36,0.355,0.01,8690.33,15424.15,18245.58,15288.09,20322.27,21377.2,26,27,4521.096912999999
2026-08-02 07:07:26,720804,2985831,LoL: DN SOOPers vs HANJIN BRION - Game 1 Winner,map,1,2026-08-02 08:00:00,52.6,HANJIN BRION,72300873521014331315996822988962847480647045255728209596012804322177150285029,0.64,0.65,0.645,0.01,27087.94,35161.04,36679.11,16844.27,30524.5,37001.71,27,26,4521.096912999999
2026-08-02 07:07:26,720804,2985832,LoL: DN SOOPers vs HANJIN BRION - Game 2 Winner,map,2,2026-08-02 08:00:00,52.6,DN SOOPers,6293002078450018823745497893356590572289968249157219729289882040976874389242,0.33,0.34,0.335,0.01,2949.18,5544.59,5762.96,9584.7,10617.73,11900.56,26,36,13583.249449000003
2026-08-02 07:07:26,720804,2985832,LoL: DN SOOPers vs HANJIN BRION - Game 2 Winner,map,2,2026-08-02 08:00:00,52.6,HANJIN BRION,51651805320304444180996920139489385195635313821107581113327476476510601730075,0.66,0.67,0.665,0.01,17868.75,19645.53,21652.0,5994.43,11950.02,12484.65,36,26,13583.249449000003
2026-08-02 07:07:26,720804,2985833,LoL: DN SOOPers vs HANJIN BRION (BO3) - LCK Round 3-4 Rise Group,series,,2026-08-02 08:00:00,52.6,DN SOOPers,83920944565793264579009568668732470958333402189187686836848086059640655328512,0.29,0.3,0.295,0.01,28901.79,40913.48,46050.25,32166.22,48306.25,50126.59,20,63,136936.84531799998
2026-08-02 07:07:26,720804,2985833,LoL: DN SOOPers vs HANJIN BRION (BO3) - LCK Round 3-4 Rise Group,series,,2026-08-02 08:00:00,52.6,HANJIN BRION,90142340307548158680285244846463054791996473929800648630886781972830446829292,0.7,0.71,0.705,0.01,74410.52,108325.64,111799.32,72719.24,105655.17,121782.73,63,20,136936.84531799998
2026-08-02 07:07:26,720804,2985834,Games Total: O/U 2.5,total_games,,2026-08-02 08:00:00,52.6,Over,115763001589981841934227916705643778300336986478747747006478743351017049320215,0.43,0.44,0.435,0.01,46.25,3199.04,3296.15,44.0,11436.92,13773.12,17,15,599.5266379999999
2026-08-02 07:07:26,720804,2985834,Games Total: O/U 2.5,total_games,,2026-08-02 08:00:00,52.6,Under,91801222121802541444761121490344327534075944391096953237840309703647468371038,0.56,0.57,0.565,0.01,56.0,12973.78,15432.66,63.75,4712.16,4864.05,15,17,599.5266379999999
2026-08-02 07:07:26,720804,2985835,Game Handicap: BRO (-1.5) vs DN SOOPers (+1.5),handicap,,2026-08-02 08:00:00,52.6,HANJIN BRION,2478818261239720677086675483799167438612949482205213347168593674700102622629,0.43,0.44,0.435,0.01,20569.29,22143.7,26066.02,31028.69,51499.99,57015.43,25,27,61055.956469
2026-08-02 07:07:26,720804,2985835,Game Handicap: BRO (-1.5) vs DN SOOPers (+1.5),handicap,,2026-08-02 08:00:00,52.6,DN SOOPers,94834555477028424709848351439230010185388394524770172258089704477087868641163,0.56,0.57,0.565,0.01,38255.08,61815.08,67555.64,28054.81,30381.81,36760.31,27,25,61055.956469
2026-08-02 07:07:26,720804,2985836,Game 1: Both Teams Slay Baron Nashor?,prop,1,2026-08-02 08:00:00,52.6,Yes,44915640594729569087625676620306222412980590579084678991395292033371931560827,0.07,0.49,0.28,0.42,1.45,1.97,2.57,4.07,4.07,4.07,5,5,
2026-08-02 07:07:26,720804,2985836,Game 1: Both Teams Slay Baron Nashor?,prop,1,2026-08-02 08:00:00,52.6,No,37113967443673178032629187181708940461213139311985080295449837338299072323374,0.51,0.93,0.72,0.42,4.23,4.23,4.23,19.25,31.71,53.31,5,5,
2026-08-02 07:07:26,720804,2985837,Game 1: Both Teams Slay a Dragon?,prop,1,2026-08-02 08:00:00,52.6,Yes,81561078706992361174610681826983342457210813688240521193883827615449787089945,0.51,0.78,0.645,0.27,4.28,4.28,4.28,8.58,8.58,8.58,5,5,
2026-08-02 07:07:26,720804,2985837,Game 1: Both Teams Slay a Dragon?,prop,1,2026-08-02 08:00:00,52.6,No,9907281152142873042160819340133770082139172884764291314030269990598666965984,0.22,0.49,0.355,0.27,2.42,2.42,2.42,4.12,4.12,4.12,5,5,
2026-08-02 07:07:26,720804,2985838,Game 1: Both Teams Destroy Inhibitors?,prop,1,2026-08-02 08:00:00,52.6,Yes,71475961584450706233230360574834962522669953698100028735480553421773518962446,0.06,0.49,0.275,0.43,1.45,2.48,2.99,4.07,4.07,4.07,4,5,
2026-08-02 07:07:26,720804,2985838,Game 1: Both Teams Destroy Inhibitors?,prop,1,2026-08-02 08:00:00,52.6,No,96176116817715510739061517798906786856670574020691174289854703473183525042907,0.51,0.94,0.725,0.43,4.23,4.23,4.23,22.75,51.34,102.35,5,4,
2026-08-02 07:07:26,720804,2985839,Game 1: Any Player Quadra Kill?,prop,1,2026-08-02 08:00:00,52.6,Yes,16493390525368333199018739796614614378465922969488141913346132696092540481996,0.02,0.98,0.5,0.96,0.6,0.6,0.6,34.4,34.4,34.4,2,2,
2026-08-02 07:07:26,720804,2985839,Game 1: Any Player Quadra Kill?,prop,1,2026-08-02 08:00:00,52.6,No,56347653585494781062554189637614748771006399122103141423346716304631011312144,0.02,0.98,0.5,0.96,0.6,0.6,0.6,34.4,34.4,34.4,2,2,
2026-08-02 07:07:26,720804,2985840,Game 1: Any Player Penta Kill?,prop,1,2026-08-02 08:00:00,52.6,Yes,49668406403014705401245867535537092853662595481221175539691493508867265252416,0.02,0.5,0.26,0.48,0.6,0.6,0.6,20.0,20.0,20.0,2,4,
2026-08-02 07:07:26,720804,2985840,Game 1: Any Player Penta Kill?,prop,1,2026-08-02 08:00:00,52.6,No,392322018462975303761146965828888407897620802810361622816977224642104664346,0.5,0.98,0.74,0.48,20.0,20.0,20.0,34.4,34.4,34.4,4,2,
2026-08-02 07:07:26,720804,2985841,Game 1: Odd/Even Total Kills?,odd_even,1,2026-08-02 08:00:00,52.6,Odd,64592549155132161597723277379753760434816316220798779424330799858113165111831,0.49,0.51,0.5,0.02,102.33,102.33,386.94,104.05,104.05,451.91,6,6,9.80392
2026-08-02 07:07:26,720804,2985841,Game 1: Odd/Even Total Kills?,odd_even,1,2026-08-02 08:00:00,52.6,Even,22354129330778337787211517449131111296157517049169544234741909359794225096802,0.49,0.51,0.5,0.02,99.97,99.97,384.59,106.5,106.5,454.37,6,6,9.80392
2026-08-02 07:07:26,720804,2985842,Game 2: Both Teams Slay Baron Nashor?,prop,2,2026-08-02 08:00:00,52.6,Yes,57194722881652722287778928856899256552760339229401704787654609080883199550511,0.07,0.49,0.28,0.42,1.45,1.97,2.59,4.12,4.12,4.12,5,5,
2026-08-02 07:07:26,720804,2985842,Game 2: Both Teams Slay Baron Nashor?,prop,2,2026-08-02 08:00:00,52.6,No,59374135450969641428260528220646082053630355448275032123355014422228661214328,0.51,0.93,0.72,0.42,4.28,4.28,4.28,19.25,31.73,54.09,5,5,
2026-08-02 07:07:26,720804,2985843,Game 2: Both Teams Slay a Dragon?,prop,2,2026-08-02 08:00:00,52.6,Yes,16761207663700929763930895000870044109436239314614467819259826218322025602414,0.51,0.78,0.645,0.27,4.23,4.23,4.23,8.58,8.58,8.58,5,5,
2026-08-02 07:07:26,720804,2985843,Game 2: Both Teams Slay a Dragon?,prop,2,2026-08-02 08:00:00,52.6,No,91053011289502335373332454164570546553687856896383620203832129814970866007559,0.22,0.49,0.355,0.27,2.42,2.42,2.42,4.07,4.07,4.07,5,5,
2026-08-02 07:07:26,720804,2985844,Game 2: Both Teams Destroy Inhibitors?,prop,2,2026-08-02 08:00:00,52.6,Yes,72080657131222492875722184018671784613358675618683575643423920669409123373805,0.06,0.49,0.275,0.43,1.45,2.46,2.99,4.07,4.07,4.07,4,5,
2026-08-02 07:07:26,720804,2985844,Game 2: Both Teams Destroy Inhibitors?,prop,2,2026-08-02 08:00:00,52.6,No,76575595827436686508796323618238841350839192478819249193882303206472590522650,0.51,0.94,0.725,0.43,4.23,4.23,4.23,22.75,51.05,103.27,5,4,
2026-08-02 07:07:26,720804,2985845,Game 2: Any Player Quadra Kill?,prop,2,2026-08-02 08:00:00,52.6,Yes,76246363645423051975364496046855254236794026710696233410148462217483517468912,0.02,0.98,0.5,0.96,0.6,0.6,0.6,34.4,34.4,34.4,2,2,
2026-08-02 07:07:26,720804,2985845,Game 2: Any Player Quadra Kill?,prop,2,2026-08-02 08:00:00,52.6,No,82952967493967711298009068236655995385276954244991565434629591429951419785253,0.02,0.98,0.5,0.96,0.6,0.6,0.6,34.4,34.4,34.4,2,2,
2026-08-02 07:07:26,720804,2985846,Game 2: Any Player Penta Kill?,prop,2,2026-08-02 08:00:00,52.6,Yes,32202589203000764524594958432996792352023689136584650862389425963534626513896,0.02,0.47,0.245,0.45,0.6,0.6,0.6,21.08,21.08,21.08,2,5,
2026-08-02 07:07:26,720804,2985846,Game 2: Any Player Penta Kill?,prop,2,2026-08-02 08:00:00,52.6,No,41247326107088233542428794448520019157752700819922175251278359525383173138072,0.53,0.98,0.755,0.45,23.62,23.62,23.62,34.4,34.4,34.4,5,2,
2026-08-02 07:07:26,720804,2985847,Game 2: Odd/Even Total Kills?,odd_even,2,2026-08-02 08:00:00,52.6,Odd,14101125707317252499556366876532811859229089743435541998693959506889109440513,0.49,0.51,0.5,0.02,102.33,102.33,386.94,106.5,106.5,454.37,4,4,
2026-08-02 07:07:26,720804,2985847,Game 2: Odd/Even Total Kills?,odd_even,2,2026-08-02 08:00:00,52.6,Even,112433670667782516872456707749946291262697470726766165959272619193571438860014,0.49,0.51,0.5,0.02,102.33,102.33,386.94,106.5,106.5,454.37,4,4,
2026-08-02 07:07:26,720804,2985848,Game 3: Both Teams Slay Baron Nashor?,prop,3,2026-08-02 08:00:00,52.6,Yes,104136964712435805736220279460301224337589608756593979191221375998315537578826,0.07,0.95,0.51,0.88,1.52,2.07,2.55,32.85,64.22,106.06,4,5,
2026-08-02 07:07:26,720804,2985848,Game 3: Both Teams Slay Baron Nashor?,prop,3,2026-08-02 08:00:00,52.6,No,58227032133651406364524656801923559562496425913687094624385449611629670118018,0.05,0.93,0.49,0.88,1.48,2.4,2.82,20.18,33.38,48.9,5,4,
2026-08-02 07:07:26,720804,2985849,Game 3: Both Teams Slay a Dragon?,prop,3,2026-08-02 08:00:00,52.6,Yes,62359769166445215506801265907978402615199925175015226504522160105921437334234,0.05,0.78,0.415,0.73,1.51,2.28,2.75,8.58,8.58,8.58,4,4,
2026-08-02 07:07:26,720804,2985849,Game 3: Both Teams Slay a Dragon?,prop,3,2026-08-02 08:00:00,52.6,No,83654870348198823667332595091134305392760162249370758365244315399177123554265,0.22,0.95,0.585,0.73,2.42,2.42,2.42,33.6,58.57,105.09,4,4,
2026-08-02 07:07:26,720804,2985850,Game 3: Both Teams Destroy Inhibitors?,prop,3,2026-08-02 08:00:00,52.6,Yes,15560581673514295406323370069329485324079403980988726489321483925152219020603,0.07,0.95,0.51,0.88,1.9,2.19,2.67,32.47,66.36,108.2,5,5,
2026-08-02 07:07:26,720804,2985850,Game 3: Both Teams Destroy Inhibitors?,prop,3,2026-08-02 08:00:00,52.6,No,35084658982496356177161118423351755624835829136464432164708520782096827818976,0.05,0.93,0.49,0.88,1.46,2.46,2.88,28.73,35.72,51.24,5,5,
2026-08-02 07:07:26,720804,2985851,Game 3: Any Player Quadra Kill?,prop,3,2026-08-02 08:00:00,52.6,Yes,75468224762988852590066020869645592387061629400786739342571011064205596141274,0.02,0.98,0.5,0.96,0.6,0.6,0.6,34.4,34.4,34.4,2,2,
2026-08-02 07:07:26,720804,2985851,Game 3: Any Player Quadra Kill?,prop,3,2026-08-02 08:00:00,52.6,No,74647852821951903964313502511589443983089513099015021935729078044895223408021,0.02,0.98,0.5,0.96,0.6,0.6,0.6,34.4,34.4,34.4,2,2,
2026-08-02 07:07:26,720804,2985852,Game 3: Any Player Penta Kill?,prop,3,2026-08-02 08:00:00,52.6,Yes,107684476421773351543830332455122213678091807083550082965983665787711393740939,0.17,0.98,0.575,0.81,2.88,2.88,2.88,34.4,34.4,34.4,5,2,
2026-08-02 07:07:26,720804,2985852,Game 3: Any Player Penta Kill?,prop,3,2026-08-02 08:00:00,52.6,No,106156280359148725335259783092663119689979144099409849171363101956551129219138,0.02,0.83,0.425,0.81,0.6,0.6,0.6,14.82,14.82,14.82,2,5,
2026-08-02 07:07:26,720804,2985853,Game 3: Odd/Even Total Kills?,odd_even,3,2026-08-02 08:00:00,52.6,Odd,75183633087080408500425823268702677619156746674341626211978771280711642562797,0.49,0.51,0.5,0.02,102.33,102.33,386.94,106.5,106.5,454.37,5,4,
2026-08-02 07:07:26,720804,2985853,Game 3: Odd/Even Total Kills?,odd_even,3,2026-08-02 08:00:00,52.6,Even,28081118088313904661731832500271423416547915012124693594931517615532487909024,0.49,0.51,0.5,0.02,102.33,102.33,386.94,106.5,106.5,454.37,4,5,
2026-08-02 07:07:26,721080,2986370,LoL: KT Rolster vs Hanwha Life Esports - Game 1 Winner,map,1,2026-08-02 10:00:00,172.6,KT Rolster,34594325533642117507642159322716124599857225738062374685984504761227139366952,0.29,0.3,0.295,0.01,17278.62,19131.07,20672.45,1856.25,3512.09,3935.92,25,48,9160.683058
2026-08-02 07:07:26,721080,2986370,LoL: KT Rolster vs Hanwha Life Esports - Game 1 Winner,map,1,2026-08-02 10:00:00,172.6,Hanwha Life Esports,103969060068663202958737267818166908632490830090734143973682451698126351422318,0.7,0.71,0.705,0.01,4208.57,7708.73,8500.72,42357.91,47443.31,52073.93,48,25,9160.683058
2026-08-02 07:07:26,721080,2986371,LoL: KT Rolster vs Hanwha Life Esports - Game 2 Winner,map,2,2026-08-02 10:00:00,172.6,KT Rolster,39965242555365450547409177975991606172186665712705629250514283318127082005363,0.29,0.3,0.295,0.01,17213.54,18957.17,20497.3,463.64,2113.4,2520.01,25,34,4788.684639
2026-08-02 07:07:26,721080,2986371,LoL: KT Rolster vs Hanwha Life Esports - Game 2 Winner,map,2,2026-08-02 10:00:00,172.6,Hanwha Life Esports,33690771233587419806093213105105619933054597488040019806430350107735916987607,0.7,0.71,0.705,0.01,1077.55,4564.79,5324.5,42197.88,46985.1,51611.97,34,25,4788.684639
2026-08-02 07:07:26,721080,2986372,LoL: KT Rolster vs Hanwha Life Esports (BO3) - LCK Round 3-4 Legend Group,series,,2026-08-02 10:00:00,172.6,KT Rolster,42643993102653849154226829403774324173651687095442113167701765177299747004343,0.23,0.24,0.235,0.01,67358.94,73288.54,81343.89,37004.41,44174.25,55050.58,22,54,80098.39866399995
2026-08-02 07:07:26,721080,2986372,LoL: KT Rolster vs Hanwha Life Esports (BO3) - LCK Round 3-4 Legend Group,series,,2026-08-02 10:00:00,172.6,Hanwha Life Esports,86222734336247731664864731734281512829733267574920066804362888057386190851592,0.76,0.77,0.765,0.01,115486.39,135519.04,162727.41,228558.52,251598.08,287188.42,54,22,80098.39866399995
2026-08-02 07:07:26,721080,2986373,Games Total: O/U 2.5,total_games,,2026-08-02 10:00:00,172.6,Over,63672276910572687576121825250397124939009059775063162590377500959696972992300,0.41,0.42,0.415,0.01,1156.81,4350.44,8943.55,11624.85,22564.74,29005.43,28,32,4586.888937
2026-08-02 07:07:26,721080,2986373,Games Total: O/U 2.5,total_games,,2026-08-02 10:00:00,172.6,Under,79875767970364534665650111364334339973831867074710937278033421408518954931264,0.58,0.59,0.585,0.01,15643.13,29076.31,36562.07,1730.87,6866.32,14944.86,32,28,4586.888937
2026-08-02 07:07:26,721080,2986374,Game Handicap: HLE (-1.5) vs KT Rolster (+1.5),handicap,,2026-08-02 10:00:00,172.6,Hanwha Life Esports,90359543367658056432356794620654914204787357372426502077089159155115893371056,0.49,0.5,0.495,0.01,6639.25,15741.47,21805.87,10165.06,13685.47,16685.17,33,28,9735.871961
2026-08-02 07:07:26,721080,2986374,Game Handicap: HLE (-1.5) vs KT Rolster (+1.5),handicap,,2026-08-02 10:00:00,172.6,KT Rolster,37860344211327312251897046288311142624279126319609539398379622577284409045289,0.5,0.51,0.505,0.01,10141.42,13337.03,15892.33,7054.14,17497.92,24920.06,28,33,9735.871961
2026-08-02 07:07:26,721080,2986375,Game 1: Both Teams Slay Baron Nashor?,prop,1,2026-08-02 10:00:00,172.6,Yes,104345867989692261393050694900698216922976549364510130468036520586580143630553,0.07,0.25,0.16,0.18,117.67,120.14,136.41,94.28,94.28,94.28,7,18,
2026-08-02 07:07:26,721080,2986375,Game 1: Both Teams Slay Baron Nashor?,prop,1,2026-08-02 10:00:00,172.6,No,6079862688075335512164816124943298458614347580598637103172963867177694690692,0.75,0.93,0.84,0.18,282.84,282.84,282.84,1840.03,1896.98,2648.29,18,7,
2026-08-02 07:07:26,721080,2986376,Game 1: Both Teams Slay a Dragon?,prop,1,2026-08-02 10:00:00,172.6,Yes,42973340741734498935010306063596765823965728917263155647396897925065859016416,0.66,0.78,0.72,0.12,182.77,182.77,182.77,792.52,792.52,801.63,19,14,2.435895
2026-08-02 07:07:26,721080,2986376,Game 1: Both Teams Slay a Dragon?,prop,1,2026-08-02 10:00:00,172.6,No,21419732133763773940818944461143665527900650117271110847467532375118994395132,0.22,0.34,0.28,0.12,212.04,212.04,214.04,94.15,94.15,94.15,14,19,2.435895
2026-08-02 07:07:26,721080,2986377,Game 1: Both Teams Destroy Inhibitors?,prop,1,2026-08-02 10:00:00,172.6,Yes,94367415131501593832941389121611884595863799818484887495972159055633778627748,0.06,0.2,0.13,0.14,1.45,6.5,11.55,74.8,74.8,74.8,5,18,
2026-08-02 07:07:26,721080,2986377,Game 1: Both Teams Destroy Inhibitors?,prop,1,2026-08-02 10:00:00,172.6,No,82467783284892218535513158472162488367372152555545671506505040262251666995648,0.8,0.94,0.87,0.14,299.22,299.22,299.22,22.75,181.3,665.46,18,5,
2026-08-02 07:07:26,721080,2986378,Game 1: Any Player Quadra Kill?,prop,1,2026-08-02 10:00:00,172.6,Yes,39385159136667283969880976595801020915086981291080625485204800502842888488067,0.07,0.5,0.285,0.43,283.36,283.36,299.24,283.36,283.36,283.36,4,16,
2026-08-02 07:07:26,721080,2986378,Game 1: Any Player Quadra Kill?,prop,1,2026-08-02 10:00:00,172.6,No,31527164120936708237252299435039247838725890059170462239118829978120180887351,0.5,0.93,0.715,0.43,283.36,283.36,283.36,3764.64,3764.64,4509.26,16,4,
2026-08-02 07:07:26,721080,2986379,Game 1: Any Player Penta Kill?,prop,1,2026-08-02 10:00:00,172.6,Yes,40713313279867128503829853271150938580625030308357140787701214681547937729481,0.01,0.47,0.24,0.46,283.96,283.96,283.96,21.08,304.44,304.44,1,17,
2026-08-02 07:07:26,721080,2986379,Game 1: Any Player Penta Kill?,prop,1,2026-08-02 10:00:00,172.6,No,62324754847347008882603875011731439134692059874571645658510717689613890450027,0.53,0.99,0.76,0.46,23.62,306.98,306.98,28112.04,28112.04,28112.04,17,1,
2026-08-02 07:07:26,721080,2986380,Game 1: Odd/Even Total Kills?,odd_even,1,2026-08-02 10:00:00,172.6,Odd,30348296157278420141569268078351484012475346779116653429916228586079115531029,0.49,0.51,0.5,0.02,127.39,149.37,433.99,130.58,157.03,504.89,20,20,9.80392
2026-08-02 07:07:26,721080,2986380,Game 1: Odd/Even Total Kills?,odd_even,1,2026-08-02 10:00:00,172.6,Even,48602473535589365406930861301610196184831867601675589284756141674608750469803,0.49,0.51,0.5,0.02,124.45,146.99,431.61,133.65,159.46,507.32,20,20,9.80392
2026-08-02 07:07:26,721080,2986381,Game 2: Both Teams Slay Baron Nashor?,prop,2,2026-08-02 10:00:00,172.6,Yes,1245757252097993466296331383565874896213614610692471919534463471310424389467,0.07,0.25,0.16,0.18,117.67,120.14,136.41,94.28,94.28,94.28,7,18,
2026-08-02 07:07:26,721080,2986381,Game 2: Both Teams Slay Baron Nashor?,prop,2,2026-08-02 10:00:00,172.6,No,395762692039928235985558389583486150754999905835974431192948408243566378966,0.75,0.93,0.84,0.18,282.84,282.84,282.84,1840.03,1896.98,2648.29,18,7,
2026-08-02 07:07:26,721080,2986382,Game 2: Both Teams Slay a Dragon?,prop,2,2026-08-02 10:00:00,172.6,Yes,16893863549421259811745102806726064332275772288917958505583017718868898456990,0.6,0.78,0.69,0.18,306.72,306.72,306.72,794.42,794.42,803.53,19,14,
2026-08-02 07:07:26,721080,2986382,Game 2: Both Teams Slay a Dragon?,prop,2,2026-08-02 10:00:00,172.6,No,64657224681459787018356822084362236830472822980635175881452728918048695742664,0.22,0.4,0.31,0.18,212.58,212.58,214.58,204.48,204.48,204.48,14,19,
2026-08-02 07:07:26,721080,2986383,Game 2: Both Teams Destroy Inhibitors?,prop,2,2026-08-02 10:00:00,172.6,Yes,13750293712684638415053709682196794442325385807769193657959548172492255618417,0.06,0.2,0.13,0.14,1.45,6.5,11.54,74.8,74.8,74.8,5,18,
2026-08-02 07:07:26,721080,2986383,Game 2: Both Teams Destroy Inhibitors?,prop,2,2026-08-02 10:00:00,172.6,No,1078194083765815778330339210649730105284046225659107001950156196438600253250,0.8,0.94,0.87,0.14,299.22,299.22,299.22,22.75,181.3,664.47,18,5,
2026-08-02 07:07:26,721080,2986384,Game 2: Any Player Quadra Kill?,prop,2,2026-08-02 10:00:00,172.6,Yes,79951289875475743534629830302583769408704203745718796844505245983592656540753,0.07,0.5,0.285,0.43,283.36,283.36,299.24,283.36,283.36,283.36,4,16,
2026-08-02 07:07:26,721080,2986384,Game 2: Any Player Quadra Kill?,prop,2,2026-08-02 10:00:00,172.6,No,37845630014581547224653506851779696836520710021404371942827047993057219365562,0.5,0.93,0.715,0.43,283.36,283.36,283.36,3764.64,3764.64,4509.26,16,4,
2026-08-02 07:07:26,721080,2986385,Game 2: Any Player Penta Kill?,prop,2,2026-08-02 10:00:00,172.6,Yes,57654238363329149355239216886899571669225456971905444547725873212339493766604,0.02,0.49,0.255,0.47,283.96,283.96,283.96,302.47,302.47,302.47,2,16,
2026-08-02 07:07:26,721080,2986385,Game 2: Any Player Penta Kill?,prop,2,2026-08-02 10:00:00,172.6,No,7916920208278111586619816517604648630034753228320714455532312485569021098938,0.51,0.98,0.745,0.47,303.25,303.25,303.25,28087.04,28087.04,28087.04,16,2,
2026-08-02 07:07:26,721080,2986386,Game 2: Odd/Even Total Kills?,odd_even,2,2026-08-02 10:00:00,172.6,Odd,230171925225418495218247562834714364218163859484990041274711892456692466187,0.49,0.51,0.5,0.02,127.39,149.37,433.99,133.65,159.46,507.32,19,19,
2026-08-02 07:07:26,721080,2986386,Game 2: Odd/Even Total Kills?,odd_even,2,2026-08-02 10:00:00,172.6,Even,28238814948844013516724124493740353752522478372393317841739714049312218284906,0.49,0.51,0.5,0.02,127.39,149.37,433.99,133.65,159.46,507.32,19,19,
2026-08-02 07:07:26,721080,2986387,Game 3: Both Teams Slay Baron Nashor?,prop,3,2026-08-02 10:00:00,172.6,Yes,101238031167342276670149059369518993263703686122469937355543260922456896959391,0.07,0.95,0.51,0.88,285.27,285.53,301.57,32.5,169.17,388.71,6,5,
2026-08-02 07:07:26,721080,2986387,Game 3: Both Teams Slay Baron Nashor?,prop,3,2026-08-02 10:00:00,172.6,No,99018760730460059819699234987174946581894253990030525033804225752196466495767,0.05,0.93,0.49,0.88,1.46,4.6,6.81,4464.72,4470.81,5215.59,5,6,
2026-08-02 07:07:26,721080,2986388,Game 3: Both Teams Slay a Dragon?,prop,3,2026-08-02 10:00:00,172.6,Yes,5632532769136403007275438416288402420720692898120854842662607196495637247912,0.05,0.78,0.415,0.73,1.44,4.65,6.87,1152.55,1152.55,1169.15,5,14,
2026-08-02 07:07:26,721080,2986388,Game 3: Both Teams Slay a Dragon?,prop,3,2026-08-02 10:00:00,172.6,No,92800177529879733825678885878741848969846282622349002430823268067215508275629,0.22,0.95,0.585,0.73,307.78,307.78,311.18,32.14,171.53,391.7,14,5,
2026-08-02 07:07:26,721080,2986389,Game 3: Both Teams Destroy Inhibitors?,prop,3,2026-08-02 10:00:00,172.6,Yes,89580719086090598232788531546698999200083540254855964101359635057664525480482,0.07,0.95,0.51,0.88,1.86,285.48,290.07,32.88,171.21,390.74,6,5,
2026-08-02 07:07:26,721080,2986389,Game 3: Both Teams Destroy Inhibitors?,prop,3,2026-08-02 10:00:00,172.6,No,80407421672704252821754535218772277001442166229525090217101253269700185493713,0.05,0.93,0.49,0.88,1.48,4.66,6.88,28.1,6835.0,7018.64,5,6,
2026-08-02 07:07:26,721080,2986390,Game 3: Any Player Quadra Kill?,prop,3,2026-08-02 10:00:00,172.6,Yes,87833253138772782923700654226601495288969012948514728611993242981634160416544,0.07,0.99,0.53,0.92,283.36,283.36,298.74,59.4,59.4,59.4,4,1,
2026-08-02 07:07:26,721080,2986390,Game 3: Any Player Quadra Kill?,prop,3,2026-08-02 10:00:00,172.6,No,66821089537312411908543764018491266400379730963833492109914016791939757351866,0.01,0.93,0.47,0.92,0.6,0.6,0.6,3764.64,3764.64,4484.76,1,4,
2026-08-02 07:07:26,721080,2986391,Game 3: Any Player Penta Kill?,prop,3,2026-08-02 10:00:00,172.6,Yes,58558755059175506929649023019994126599646655868974660611223338388543470437553,0.17,0.98,0.575,0.81,2.88,2.88,2.88,232.4,232.4,232.4,5,2,
2026-08-02 07:07:26,721080,2986391,Game 3: Any Player Penta Kill?,prop,3,2026-08-02 10:00:00,172.6,No,91607662923460085786489419427091729139559442983846517426184623922202399691924,0.02,0.83,0.425,0.81,2.6,2.6,2.6,14.82,14.82,14.82,2,5,
2026-08-02 07:07:26,721080,2986392,Game 3: Odd/Even Total Kills?,odd_even,3,2026-08-02 10:00:00,172.6,Odd,16355459824280043176337744013007287271582517215531065265685880989257306103618,0.49,0.51,0.5,0.02,127.39,149.37,433.99,133.65,159.46,507.32,19,19,
2026-08-02 07:07:26,721080,2986392,Game 3: Odd/Even Total Kills?,odd_even,3,2026-08-02 10:00:00,172.6,Even,81089390213377589409076648125214395970684470077535699040305552310299757769816,0.49,0.51,0.5,0.02,127.39,149.37,433.99,133.65,159.46,507.32,19,19,
2026-08-02 07:07:26,743170,3080856,LoL: ThunderTalk Gaming vs Team WE - Game 1 Winner,map,1,2026-08-02 07:00:00,-7.4,ThunderTalk Gaming,72496135746065500247901246672311988779275411906571209759439852708611576071027,0.36,0.37,0.365,0.01,3774.18,4285.98,7815.58,3062.43,4331.33,4365.36,26,47,8446.078069
2026-08-02 07:07:26,743170,3080856,LoL: ThunderTalk Gaming vs Team WE - Game 1 Winner,map,1,2026-08-02 07:00:00,-7.4,Team WE,86406897272144859430606590863571410444264660567962881318145059910183257772933,0.63,0.64,0.635,0.01,5138.18,7046.93,7095.9,6763.43,7786.62,15417.02,47,26,8446.078069
2026-08-02 07:07:26,743170,3080857,LoL: ThunderTalk Gaming vs Team WE - Game 2 Winner,map,2,2026-08-02 07:00:00,-7.4,ThunderTalk Gaming,76752916551697359157851234269297016591012843522959969977805224055761398575042,0.37,0.38,0.375,0.01,133.13,583.95,1078.95,190.0,357.0,404.81,21,18,573.0009289999999
2026-08-02 07:07:26,743170,3080857,LoL: ThunderTalk Gaming vs Team WE - Game 2 Winner,map,2,2026-08-02 07:00:00,-7.4,Team WE,65010317623213437982030806655308793500445270659341039623165426683797274071506,0.62,0.63,0.625,0.01,310.0,553.0,616.57,234.78,1089.58,2094.58,18,21,573.0009289999999
2026-08-02 07:07:26,743170,3080858,LoL: ThunderTalk Gaming vs Team WE (BO3) - LPL Group Ascend,series,,2026-08-02 07:00:00,-7.4,ThunderTalk Gaming,102071153892246039627048034194967021680193759805083679061162745293075874048047,0.29,0.3,0.295,0.01,10617.46,16222.3,17167.28,22492.8,23914.47,24310.74,23,52,191681.83603699997
2026-08-02 07:07:26,743170,3080858,LoL: ThunderTalk Gaming vs Team WE (BO3) - LPL Group Ascend,series,,2026-08-02 07:00:00,-7.4,Team WE,107302480629937459746801418935680895835862951318163699611993485492174680492656,0.7,0.71,0.705,0.01,50821.2,53775.92,54710.73,26528.17,41830.92,44754.22,52,23,191681.83603699997
2026-08-02 07:07:26,743170,3080859,Games Total: O/U 2.5,total_games,,2026-08-02 07:00:00,-7.4,Over,107594494912723104964093717822186803561399283167752733293344196473822150830801,0.42,0.45,0.435,0.03,2835.19,2835.19,2862.94,2250.0,5962.39,5962.39,13,14,2307.599738
2026-08-02 07:07:26,743170,3080859,Games Total: O/U 2.5,total_games,,2026-08-02 07:00:00,-7.4,Under,13195949740986299733115750603639707489456064739889325747062719688400177484721,0.55,0.58,0.565,0.03,2750.0,6936.31,6936.31,3915.27,3915.27,3962.52,14,13,2307.599738
2026-08-02 07:07:26,743170,3080860,Game Handicap: WE (-1.5) vs ThunderTalk Gaming (+1.5),handicap,,2026-08-02 07:00:00,-7.4,Team WE,72898904332442991379697379372607989319613847572204270780556694513998511299687,0.38,0.43,0.405,0.05,403.18,403.18,403.18,9495.73,9495.73,9495.73,12,23,31793.120862999996
2026-08-02 07:07:26,743170,3080860,Game Handicap: WE (-1.5) vs ThunderTalk Gaming (+1.5),handicap,,2026-08-02 07:00:00,-7.4,ThunderTalk Gaming,50834236677980205127685734657806100902200221308325695417181113975675617751500,0.57,0.62,0.595,0.05,12122.24,12122.24,12122.24,657.82,657.82,657.82,23,12,31793.120862999996
2026-08-02 07:07:26,743170,3080861,Game 1: Both Teams Slay Baron Nashor?,prop,1,2026-08-02 07:00:00,-7.4,Yes,576199460582024193100725101261977861313235933865014426802032541129552297770,,,,,0.0,0.0,0.0,0.0,0.0,0.0,0,0,
2026-08-02 07:07:26,743170,3080861,Game 1: Both Teams Slay Baron Nashor?,prop,1,2026-08-02 07:00:00,-7.4,No,39148998634785957714637765512152768766586838959238901897071669687131023587459,,,,,0.0,0.0,0.0,0.0,0.0,0.0,0,0,
2026-08-02 07:07:26,743170,3080862,Game 1: Both Teams Slay a Dragon?,prop,1,2026-08-02 07:00:00,-7.4,Yes,12798444312028531986523161040093625635680994958660481961288482187110266231846,,,,,0.0,0.0,0.0,0.0,0.0,0.0,0,0,6.405061
2026-08-02 07:07:26,743170,3080862,Game 1: Both Teams Slay a Dragon?,prop,1,2026-08-02 07:00:00,-7.4,No,77088962572483445588626120910059447941522620776186008716249040366097850926880,,,,,0.0,0.0,0.0,0.0,0.0,0.0,0,0,6.405061
2026-08-02 07:07:26,743170,3080863,Game 1: Both Teams Destroy Inhibitors?,prop,1,2026-08-02 07:00:00,-7.4,Yes,23431616529800285954157853389995618720561419057686883100386442761747625637104,,,,,0.0,0.0,0.0,0.0,0.0,0.0,0,0,
2026-08-02 07:07:26,743170,3080863,Game 1: Both Teams Destroy Inhibitors?,prop,1,2026-08-02 07:00:00,-7.4,No,66554463746156474753360063073089192961440136242626809840747100770144773363381,,,,,0.0,0.0,0.0,0.0,0.0,0.0,0,0,
2026-08-02 07:07:26,743170,3080864,Game 1: Any Player Quadra Kill?,prop,1,2026-08-02 07:00:00,-7.4,Yes,22455107191123144705981038449625131671221453070883782041240941374293880968288,,,,,0.0,0.0,0.0,0.0,0.0,0.0,0,0,
2026-08-02 07:07:26,743170,3080864,Game 1: Any Player Quadra Kill?,prop,1,2026-08-02 07:00:00,-7.4,No,57661462033981889980416103903558356629279739546061415204700512894530729898269,,,,,0.0,0.0,0.0,0.0,0.0,0.0,0,0,
2026-08-02 07:07:26,743170,3080865,Game 1: Any Player Penta Kill?,prop,1,2026-08-02 07:00:00,-7.4,Yes,38163109940135782122194759258784261278998733099801323596701954770736607626752,,,,,0.0,0.0,0.0,0.0,0.0,0.0,0,0,
2026-08-02 07:07:26,743170,3080865,Game 1: Any Player Penta Kill?,prop,1,2026-08-02 07:00:00,-7.4,No,18263507673053474198234050929721878908174235128213603833935283248455845943858,,,,,0.0,0.0,0.0,0.0,0.0,0.0,0,0,
2026-08-02 07:07:26,743170,3080866,Game 1: Odd/Even Total Kills?,odd_even,1,2026-08-02 07:00:00,-7.4,Odd,85798990390253236886572130022554634660940011863431591207755224338342575313983,,,,,0.0,0.0,0.0,0.0,0.0,0.0,0,0,
2026-08-02 07:07:26,743170,3080866,Game 1: Odd/Even Total Kills?,odd_even,1,2026-08-02 07:00:00,-7.4,Even,47936515113103876354401977929271863637215537317870382878338698939378687308220,,,,,0.0,0.0,0.0,0.0,0.0,0.0,0,0,
2026-08-02 07:07:26,743170,3080867,Game 2: Both Teams Slay Baron Nashor?,prop,2,2026-08-02 07:00:00,-7.4,Yes,60281269953928099872331843176728418985547710930507954182708820022609808669897,,,,,0.0,0.0,0.0,0.0,0.0,0.0,0,0,
2026-08-02 07:07:26,743170,3080867,Game 2: Both Teams Slay Baron Nashor?,prop,2,2026-08-02 07:00:00,-7.4,No,54226307805103642247368181146777059036318134178988043479524344500872140305962,,,,,0.0,0.0,0.0,0.0,0.0,0.0,0,0,
2026-08-02 07:07:26,743170,3080868,Game 2: Both Teams Slay a Dragon?,prop,2,2026-08-02 07:00:00,-7.4,Yes,29739434282903929326119644557308650803403459184094521455401480492552851758792,,,,,0.0,0.0,0.0,0.0,0.0,0.0,0,0,6.405061
2026-08-02 07:07:26,743170,3080868,Game 2: Both Teams Slay a Dragon?,prop,2,2026-08-02 07:00:00,-7.4,No,115189779164715499661096663266273794100452504398581109422822509223165504997016,,,,,0.0,0.0,0.0,0.0,0.0,0.0,0,0,6.405061
2026-08-02 07:07:26,743170,3080869,Game 2: Both Teams Destroy Inhibitors?,prop,2,2026-08-02 07:00:00,-7.4,Yes,88990911960391494970969025618777169053962523897236517506343545936592821417150,,,,,0.0,0.0,0.0,0.0,0.0,0.0,0,0,
2026-08-02 07:07:26,743170,3080869,Game 2: Both Teams Destroy Inhibitors?,prop,2,2026-08-02 07:00:00,-7.4,No,10524318344677108875682344365087472988103237322063807998004848565189515778420,,,,,0.0,0.0,0.0,0.0,0.0,0.0,0,0,
2026-08-02 07:07:26,743170,3080870,Game 2: Any Player Quadra Kill?,prop,2,2026-08-02 07:00:00,-7.4,Yes,60151038950673183831317840708733437193639535219371433492499517893097352170958,,,,,0.0,0.0,0.0,0.0,0.0,0.0,0,0,
2026-08-02 07:07:26,743170,3080870,Game 2: Any Player Quadra Kill?,prop,2,2026-08-02 07:00:00,-7.4,No,96670306229134967862342679387306668871486431855351232811714354282383437049694,,,,,0.0,0.0,0.0,0.0,0.0,0.0,0,0,
2026-08-02 07:07:26,743170,3080871,Game 2: Any Player Penta Kill?,prop,2,2026-08-02 07:00:00,-7.4,Yes,85436915482113046069979555825963002631887797266173136356295138827309011750777,,,,,0.0,0.0,0.0,0.0,0.0,0.0,0,0,
2026-08-02 07:07:26,743170,3080871,Game 2: Any Player Penta Kill?,prop,2,2026-08-02 07:00:00,-7.4,No,18077218119331989121746877984118590164679237634729750935595601490676077255075,,,,,0.0,0.0,0.0,0.0,0.0,0.0,0,0,
2026-08-02 07:07:26,743170,3080872,Game 2: Odd/Even Total Kills?,odd_even,2,2026-08-02 07:00:00,-7.4,Odd,34489811684252406008666584709129492333999413412636899041454268250718879985571,,,,,0.0,0.0,0.0,0.0,0.0,0.0,0,0,
2026-08-02 07:07:26,743170,3080872,Game 2: Odd/Even Total Kills?,odd_even,2,2026-08-02 07:00:00,-7.4,Even,54240670553404029184267189483971374359932954287994832023836725546285071185760,,,,,0.0,0.0,0.0,0.0,0.0,0.0,0,0,
2026-08-02 07:07:26,743170,3080873,Game 3: Both Teams Slay Baron Nashor?,prop,3,2026-08-02 07:00:00,-7.4,Yes,57811859513176873940762138997441201835014358696460679905995989548048354540264,,,,,0.0,0.0,0.0,0.0,0.0,0.0,0,0,
2026-08-02 07:07:26,743170,3080873,Game 3: Both Teams Slay Baron Nashor?,prop,3,2026-08-02 07:00:00,-7.4,No,51295536053704709752778560732608776452578283468330820057353695324319173655698,,,,,0.0,0.0,0.0,0.0,0.0,0.0,0,0,
2026-08-02 07:07:26,743170,3080874,Game 3: Both Teams Slay a Dragon?,prop,3,2026-08-02 07:00:00,-7.4,Yes,58179717417989811646094036412121479543745227457593444191940365470656571742504,,,,,0.0,0.0,0.0,0.0,0.0,0.0,0,0,
2026-08-02 07:07:26,743170,3080874,Game 3: Both Teams Slay a Dragon?,prop,3,2026-08-02 07:00:00,-7.4,No,87343980035439006519000360405908787631260216234022290897341333211611511248508,,,,,0.0,0.0,0.0,0.0,0.0,0.0,0,0,
2026-08-02 07:07:26,743170,3080875,Game 3: Both Teams Destroy Inhibitors?,prop,3,2026-08-02 07:00:00,-7.4,Yes,74678058446583988767533004421742293971027577469169916019811692511985126363708,,,,,0.0,0.0,0.0,0.0,0.0,0.0,0,0,
2026-08-02 07:07:26,743170,3080875,Game 3: Both Teams Destroy Inhibitors?,prop,3,2026-08-02 07:00:00,-7.4,No,82798674080384483807860851761423273009124194055854717645716960582960189361391,,,,,0.0,0.0,0.0,0.0,0.0,0.0,0,0,
2026-08-02 07:07:26,743170,3080876,Game 3: Any Player Quadra Kill?,prop,3,2026-08-02 07:00:00,-7.4,Yes,58611970458737825773401922102759993341146813236760305689783843601007398487475,,,,,0.0,0.0,0.0,0.0,0.0,0.0,0,0,
2026-08-02 07:07:26,743170,3080876,Game 3: Any Player Quadra Kill?,prop,3,2026-08-02 07:00:00,-7.4,No,74171810259521672240665790528210581675653866689973453247559598379119949082738,,,,,0.0,0.0,0.0,0.0,0.0,0.0,0,0,
2026-08-02 07:07:26,743170,3080877,Game 3: Any Player Penta Kill?,prop,3,2026-08-02 07:00:00,-7.4,Yes,97607285599517336378648008255312059463093287548866171938351083344468544698733,,,,,0.0,0.0,0.0,0.0,0.0,0.0,0,0,
2026-08-02 07:07:26,743170,3080877,Game 3: Any Player Penta Kill?,prop,3,2026-08-02 07:00:00,-7.4,No,82175050981495448282087797319073848820595273522692792734078876229291900381358,,,,,0.0,0.0,0.0,0.0,0.0,0.0,0,0,
2026-08-02 07:07:26,743170,3080878,Game 3: Odd/Even Total Kills?,odd_even,3,2026-08-02 07:00:00,-7.4,Odd,113990004661101788122433090480026356333967410198432683291909606912670499759571,,,,,0.0,0.0,0.0,0.0,0.0,0.0,0,0,
2026-08-02 07:07:26,743170,3080878,Game 3: Odd/Even Total Kills?,odd_even,3,2026-08-02 07:00:00,-7.4,Even,53396382081016235460482594245617775159364750738670615857179991954098728405392,,,,,0.0,0.0,0.0,0.0,0.0,0.0,0,0,
2026-08-02 07:07:26,743170,3247363,First Blood in Game 1?,first_blood,1,2026-08-02 07:00:00,-7.4,ThunderTalk Gaming,37857650446906043848386849190232009781019679134557605636863633397679278721948,,0.97,,,0.0,0.0,0.0,484.99,484.99,484.99,0,1,146.54044599999997
2026-08-02 07:07:26,743170,3247363,First Blood in Game 1?,first_blood,1,2026-08-02 07:00:00,-7.4,Team WE,104852352619923993034857752108294319586139334267455221962018021958633239346502,0.03,,,,15.0,15.0,15.0,0.0,0.0,0.0,1,0,146.54044599999997
2026-08-02 07:07:26,743170,3247364,First Blood in Game 2?,first_blood,2,2026-08-02 07:00:00,-7.4,ThunderTalk Gaming,49805343744222079587811403498521461301652487360378428401792515699102072258747,,,,,0.0,0.0,0.0,0.0,0.0,0.0,0,0,16.833332
2026-08-02 07:07:26,743170,3247364,First Blood in Game 2?,first_blood,2,2026-08-02 07:00:00,-7.4,Team WE,34975173646955613892802071928251257769371851774569031753455446770178410293492,,,,,0.0,0.0,0.0,0.0,0.0,0.0,0,0,16.833332
2026-08-02 07:07:26,743170,3247365,Total Kills Over/Under 30.5 in Game 1?,total_kills,1,2026-08-02 07:00:00,-7.4,Over,20089612397959481715540428001947492272136532425413320288741789644696953347047,0.45,0.81,0.63,0.36,17.29,17.29,17.29,12.15,12.15,12.15,4,3,555.322907
2026-08-02 07:07:26,743170,3247365,Total Kills Over/Under 30.5 in Game 1?,total_kills,1,2026-08-02 07:00:00,-7.4,Under,48583361312674351102955994336714978409432370604740795969667004880847883586088,0.19,0.55,0.37,0.36,2.85,2.85,2.85,21.14,21.14,21.14,3,4,555.322907
2026-08-02 07:07:26,743170,3247366,Total Kills Over/Under 30.5 in Game 2?,total_kills,2,2026-08-02 07:00:00,-7.4,Over,102341512262568194433893674327876736367357950404093760308808076682839535952801,0.42,,,,21.0,21.0,21.0,0.0,0.0,0.0,1,0,22.962263
2026-08-02 07:07:26,743170,3247366,Total Kills Over/Under 30.5 in Game 2?,total_kills,2,2026-08-02 07:00:00,-7.4,Under,81591286331832699111309387511420548545728045115256401081280741169608168963352,,0.58,,,0.0,0.0,0.0,29.0,29.0,29.0,0,1,22.962263
2026-08-02 07:07:26,743171,3080879,LoL: LNG Esports vs Invictus Gaming - Game 1 Winner,map,1,2026-08-02 09:00:00,112.6,LNG Esports,33102627209976729109354268861299671731479736827582842424085157250507560907381,0.27,0.28,0.275,0.01,882.39,1805.16,2595.71,502.75,1308.38,1830.64,23,35,1848.0985289999999
2026-08-02 07:07:26,743171,3080879,LoL: LNG Esports vs Invictus Gaming - Game 1 Winner,map,1,2026-08-02 09:00:00,112.6,Invictus Gaming,71965553920638607119542065000618740427369545540659518141003521393337025599568,0.72,0.73,0.725,0.01,1234.68,3057.54,4157.1,2463.52,5278.2,8010.44,35,23,1848.0985289999999
2026-08-02 07:07:26,743171,3080880,LoL: LNG Esports vs Invictus Gaming - Game 2 Winner,map,2,2026-08-02 09:00:00,112.6,LNG Esports,76549273220725467370771367175845215565049489935444828207386665588552392209312,0.28,0.29,0.285,0.01,334.21,1012.97,1696.15,133.3,902.72,1127.76,24,27,423.383332
2026-08-02 07:07:26,743171,3080880,LoL: LNG Esports vs Invictus Gaming - Game 2 Winner,map,2,2026-08-02 09:00:00,112.6,Invictus Gaming,83921129708874260420921468313344431939405641512044445687758889891577394990067,0.71,0.72,0.715,0.01,314.03,1983.45,2429.29,897.97,2900.9,5149.64,27,24,423.383332
2026-08-02 07:07:26,743171,3080881,LoL: LNG Esports vs Invictus Gaming (BO3) - LPL Group Nirvana,series,,2026-08-02 09:00:00,112.6,LNG Esports,42376312343244148702517054800435970534226966426765782456212246160972367366970,0.19,0.2,0.195,0.01,13078.4,20202.04,24721.55,7846.97,13226.57,16961.99,19,60,70590.065394
2026-08-02 07:07:26,743171,3080881,LoL: LNG Esports vs Invictus Gaming (BO3) - LPL Group Nirvana,series,,2026-08-02 09:00:00,112.6,Invictus Gaming,23818387220746886062702515996267579270146808784810394793683184771658748923702,0.8,0.81,0.805,0.01,29599.97,48068.9,59654.82,57141.36,93248.75,119585.5,60,19,70590.065394
2026-08-02 07:07:26,743171,3080882,Games Total: O/U 2.5,total_games,,2026-08-02 09:00:00,112.6,Over,91449071381159482795499887899364442590608472505615819428064467090219361194129,0.39,0.4,0.395,0.01,32.35,1877.9,6065.3,1066.33,3042.26,3517.09,24,24,902.023402
2026-08-02 07:07:26,743171,3080882,Games Total: O/U 2.5,total_games,,2026-08-02 09:00:00,112.6,Under,56170572704130524676216288154558868415591430091818797288491529440426994625144,0.6,0.61,0.605,0.01,1566.44,4250.39,4846.56,52.65,3276.9,11107.98,24,24,902.023402
2026-08-02 07:07:26,743171,3080883,Game Handicap: IG (-1.5) vs LNG Esports (+1.5),handicap,,2026-08-02 09:00:00,112.6,Invictus Gaming,91884913425086256262705087330379768585679464610226744776920867862232802215099,0.54,0.55,0.545,0.01,1099.92,6394.34,10627.81,3833.18,5353.46,5438.24,28,31,6704.420526000001
2026-08-02 07:07:26,743171,3080883,Game Handicap: IG (-1.5) vs LNG Esports (+1.5),handicap,,2026-08-02 09:00:00,112.6,LNG Esports,55170188512241736941715579510241463883553070207290595544481024201987942204619,0.45,0.46,0.455,0.01,3012.19,4147.06,4204.28,974.07,5930.72,10211.65,31,28,6704.420526000001
2026-08-02 07:07:26,743171,3080884,Game 1: Both Teams Slay Baron Nashor?,prop,1,2026-08-02 09:00:00,112.6,Yes,34051338981457278493986008320570414361796596385227821490982211972647034903219,0.06,0.31,0.185,0.25,120.33,123.06,138.64,137.8,137.8,137.8,6,13,
2026-08-02 07:07:26,743171,3080884,Game 1: Both Teams Slay Baron Nashor?,prop,1,2026-08-02 09:00:00,112.6,No,22297528220041845594004972239448649467614155997048021810255009773452909046856,0.69,0.94,0.815,0.25,306.72,306.72,306.72,1891.86,1974.0,3503.01,13,6,
2026-08-02 07:07:26,743171,3080885,Game 1: Both Teams Slay a Dragon?,prop,1,2026-08-02 09:00:00,112.6,Yes,106151792218177315751885506881227688386721755394858569959160604477277812465888,0.62,0.77,0.695,0.15,251.7,251.7,251.7,761.23,761.23,769.76,14,13,
2026-08-02 07:07:26,743171,3080885,Game 1: Both Teams Slay a Dragon?,prop,1,2026-08-02 09:00:00,112.6,No,87927703368793780706798485666986471440151252105437577129906943224954568339156,0.23,0.38,0.305,0.15,215.99,215.99,217.99,154.26,154.26,154.26,13,14,
2026-08-02 07:07:26,743171,3080886,Game 1: Both Teams Destroy Inhibitors?,prop,1,2026-08-02 09:00:00,112.6,Yes,34309964158091363489316299281143011260820151049098736296521959742845393694531,0.04,0.25,0.145,0.21,1.1,5.54,5.54,102.24,102.24,102.24,4,13,
2026-08-02 07:07:26,743171,3080886,Game 1: Both Teams Destroy Inhibitors?,prop,1,2026-08-02 09:00:00,112.6,No,86446009235354077419817500540124598486454579143723053291968556723184700104514,0.75,0.96,0.855,0.21,306.72,306.72,306.72,31.59,360.01,360.01,13,4,
2026-08-02 07:07:26,743171,3080887,Game 1: Any Player Quadra Kill?,prop,1,2026-08-02 09:00:00,112.6,Yes,16032834088381709212160914854769113683906679474190249486118151708415812085353,0.07,0.5,0.285,0.43,283.36,283.36,287.86,283.36,283.36,283.36,4,11,
2026-08-02 07:07:26,743171,3080887,Game 1: Any Player Quadra Kill?,prop,1,2026-08-02 09:00:00,112.6,No,19217134519424401962085857804607599577628458274081966258394833819367360942023,0.5,0.93,0.715,0.43,283.36,283.36,283.36,3764.64,3764.64,3951.81,11,4,
2026-08-02 07:07:26,743171,3080888,Game 1: Any Player Penta Kill?,prop,1,2026-08-02 09:00:00,112.6,Yes,185144793074665783226302126842846844677051914674113849656610397883061694039,0.02,0.49,0.255,0.47,283.96,283.96,283.96,302.47,302.47,302.47,2,11,
2026-08-02 07:07:26,743171,3080888,Game 1: Any Player Penta Kill?,prop,1,2026-08-02 09:00:00,112.6,No,57128768459580464957219560179356546810571590135433442802219810682724397459336,0.51,0.98,0.745,0.47,303.25,303.25,303.25,28087.04,28087.04,28087.04,11,2,
2026-08-02 07:07:26,743171,3080889,Game 1: Odd/Even Total Kills?,odd_even,1,2026-08-02 09:00:00,112.6,Odd,48218130253324300996195980966731180159554051270168260208515843382161761968575,0.49,0.51,0.5,0.02,127.39,149.37,433.99,133.65,159.46,507.32,14,14,
2026-08-02 07:07:26,743171,3080889,Game 1: Odd/Even Total Kills?,odd_even,1,2026-08-02 09:00:00,112.6,Even,59500506137628470906851888180765854439639815513665372093153344057987734291410,0.49,0.51,0.5,0.02,127.39,149.37,433.99,133.65,159.46,507.32,14,14,
2026-08-02 07:07:26,743171,3080890,Game 2: Both Teams Slay Baron Nashor?,prop,2,2026-08-02 09:00:00,112.6,Yes,38771315095208335224976872754188881259646614995718569945440733941563172328671,0.06,0.31,0.185,0.25,120.33,123.06,138.83,137.8,137.8,137.8,6,12,
2026-08-02 07:07:26,743171,3080890,Game 2: Both Teams Slay Baron Nashor?,prop,2,2026-08-02 09:00:00,112.6,No,108803668491182996837603862297644304800157763391612368018956973445451172755496,0.69,0.94,0.815,0.25,306.72,306.72,306.72,1891.86,1974.0,3521.82,12,6,
2026-08-02 07:07:26,743171,3080891,Game 2: Both Teams Slay a Dragon?,prop,2,2026-08-02 09:00:00,112.6,Yes,84534990004299275896440102423142890690095695216677311002820521227339633761635,0.55,0.77,0.66,0.22,306.72,306.72,306.72,761.23,761.23,769.76,13,12,
2026-08-02 07:07:26,743171,3080891,Game 2: Both Teams Slay a Dragon?,prop,2,2026-08-02 09:00:00,112.6,No,44675126460827447331087863813212120760273712432385250168000125858664241630017,0.23,0.45,0.34,0.22,215.99,215.99,217.99,250.95,250.95,250.95,12,13,
2026-08-02 07:07:26,743171,3080892,Game 2: Both Teams Destroy Inhibitors?,prop,2,2026-08-02 09:00:00,112.6,Yes,114102845265038100480782593257203209794901873158150307625471715728000052872174,0.04,0.25,0.145,0.21,1.09,5.54,5.54,102.24,102.24,102.24,4,12,
2026-08-02 07:07:26,743171,3080892,Game 2: Both Teams Destroy Inhibitors?,prop,2,2026-08-02 09:00:00,112.6,No,94871315313914126728202903205244749712837417559054111273776322338505471613491,0.75,0.96,0.855,0.21,306.72,306.72,306.72,31.14,360.48,360.48,12,4,
2026-08-02 07:07:26,743171,3080893,Game 2: Any Player Quadra Kill?,prop,2,2026-08-02 09:00:00,112.6,Yes,57905006688094222818030688073883212276777689077788670105511471139070843530803,0.07,0.5,0.285,0.43,283.36,283.36,287.86,283.36,283.36,283.36,4,11,
2026-08-02 07:07:26,743171,3080893,Game 2: Any Player Quadra Kill?,prop,2,2026-08-02 09:00:00,112.6,No,114066702084353566764798554471631632824137037728952509914491397842656420059010,0.5,0.93,0.715,0.43,283.36,283.36,283.36,3764.64,3764.64,3951.81,11,4,
2026-08-02 07:07:26,743171,3080894,Game 2: Any Player Penta Kill?,prop,2,2026-08-02 09:00:00,112.6,Yes,28757050355869817025741165051027865413949617310379714386507688948492100036034,0.02,0.49,0.255,0.47,283.96,283.96,283.96,302.47,302.47,302.47,2,11,
2026-08-02 07:07:26,743171,3080894,Game 2: Any Player Penta Kill?,prop,2,2026-08-02 09:00:00,112.6,No,69963070497586266732146872486887361681071141154440836131774892089342939661624,0.51,0.98,0.745,0.47,303.25,303.25,303.25,28087.04,28087.04,28087.04,11,2,
2026-08-02 07:07:26,743171,3080895,Game 2: Odd/Even Total Kills?,odd_even,2,2026-08-02 09:00:00,112.6,Odd,13591379414424060138784846886635604619914772696527344997672262128152968333763,0.49,0.51,0.5,0.02,127.39,149.37,433.99,133.65,159.46,507.32,14,14,
2026-08-02 07:07:26,743171,3080895,Game 2: Odd/Even Total Kills?,odd_even,2,2026-08-02 09:00:00,112.6,Even,82376420046513825036996346363838109509618966024273716754332521320359654315139,0.49,0.51,0.5,0.02,127.39,149.37,433.99,133.65,159.46,507.32,14,14,
2026-08-02 07:07:26,743171,3080896,Game 3: Both Teams Slay Baron Nashor?,prop,3,2026-08-02 09:00:00,112.6,Yes,43058724801095349461575204278248067512535619195056365784858591911556849882599,0.07,0.95,0.51,0.88,283.76,284.5,288.5,20.42,132.45,352.65,6,5,
2026-08-02 07:07:26,743171,3080896,Game 3: Both Teams Slay Baron Nashor?,prop,3,2026-08-02 09:00:00,112.6,No,13403694906561572021182856611081009107969528046380292044689456074894594588633,0.05,0.93,0.49,0.88,0.95,3.32,5.54,4444.66,4462.44,4625.11,5,6,
2026-08-02 07:07:26,743171,3080897,Game 3: Both Teams Slay a Dragon?,prop,3,2026-08-02 09:00:00,112.6,Yes,95934833420408487066676515367990394305626822679884803502374041244654654377423,0.05,0.78,0.415,0.73,0.87,3.31,5.54,1143.97,1143.97,1160.57,5,10,
2026-08-02 07:07:26,743171,3080897,Game 3: Both Teams Slay a Dragon?,prop,3,2026-08-02 09:00:00,112.6,No,109092078623885203709046207603114289353136946479228925545794073647298736571558,0.22,0.95,0.585,0.73,305.36,305.36,308.76,18.92,133.39,354.56,10,5,
2026-08-02 07:07:26,743171,3080898,Game 3: Both Teams Destroy Inhibitors?,prop,3,2026-08-02 09:00:00,112.6,Yes,82086147600691603611628748523578430898515084502790714316502140904123731219515,0.05,0.95,0.5,0.9,284.35,286.68,288.9,20.42,132.45,352.65,5,5,
2026-08-02 07:07:26,743171,3080898,Game 3: Both Teams Destroy Inhibitors?,prop,3,2026-08-02 09:00:00,112.6,No,57080078987421236952819750648401667548223534181692992953945813047040670194075,0.05,0.95,0.5,0.9,0.95,3.32,5.54,6821.77,6932.4,7152.4,5,5,
2026-08-02 07:07:26,743171,3080899,Game 3: Any Player Quadra Kill?,prop,3,2026-08-02 09:00:00,112.6,Yes,17479258016738558003675075009785218467463581479312410199178804584195423655430,0.07,0.98,0.525,0.91,283.36,283.36,287.86,232.4,232.4,232.4,4,2,
2026-08-02 07:07:26,743171,3080899,Game 3: Any Player Quadra Kill?,prop,3,2026-08-02 09:00:00,112.6,No,71930022793056900703938572650857967394482518406209496724003846565725302701297,0.02,0.93,0.475,0.91,2.6,2.6,2.6,3764.64,3764.64,3951.81,2,4,
2026-08-02 07:07:26,743171,3080900,Game 3: Any Player Penta Kill?,prop,3,2026-08-02 09:00:00,112.6,Yes,20863541200087242531589893761704057993976845234001397188844460939118282307638,0.05,0.98,0.515,0.93,28.65,29.15,312.61,232.4,232.4,232.4,3,2,
2026-08-02 07:07:26,743171,3080900,Game 3: Any Player Penta Kill?,prop,3,2026-08-02 09:00:00,112.6,No,104010494454991993251580594802164548586480447757321666507808496530002724003041,0.02,0.95,0.485,0.93,2.6,2.6,2.6,544.35,568.85,28631.39,2,3,
2026-08-02 07:07:26,743171,3080901,Game 3: Odd/Even Total Kills?,odd_even,3,2026-08-02 09:00:00,112.6,Odd,14353960755531159426094281564157590168539200311909831171635853684376241553965,0.49,0.51,0.5,0.02,127.39,149.37,433.99,133.65,159.46,507.32,14,14,
2026-08-02 07:07:26,743171,3080901,Game 3: Odd/Even Total Kills?,odd_even,3,2026-08-02 09:00:00,112.6,Even,35272242988350380178489105940811110158120807760119232825874523117957186916933,0.49,0.51,0.5,0.02,127.39,149.37,433.99,133.65,159.46,507.32,14,14,
2026-08-02 07:07:26,743171,3247351,First Blood in Game 2?,first_blood,2,2026-08-02 09:00:00,112.6,LNG Esports,60243159247222898548944078335655951584712100938145240094198819772203882869361,0.41,0.51,0.46,0.1,52.38,275.08,275.08,234.21,234.21,234.21,13,11,
2026-08-02 07:07:26,743171,3247351,First Blood in Game 2?,first_blood,2,2026-08-02 09:00:00,112.6,Invictus Gaming,30010388318090560346974523143556330989233851275035946796810430270242543637571,0.49,0.59,0.54,0.1,225.03,225.03,225.03,77.62,425.97,425.97,11,13,
2026-08-02 07:07:26,743171,3247350,First Blood in Game 1?,first_blood,1,2026-08-02 09:00:00,112.6,LNG Esports,6837022236050262449582216364135211599181821772518110651667211228541869348145,0.41,0.51,0.46,0.1,52.38,275.08,275.08,234.21,234.21,234.21,13,11,
2026-08-02 07:07:26,743171,3247350,First Blood in Game 1?,first_blood,1,2026-08-02 09:00:00,112.6,Invictus Gaming,89550996007494518611684100726972460226325627586035404916832798355508487357348,0.49,0.59,0.54,0.1,225.03,225.03,225.03,77.62,425.97,425.97,11,13,
2026-08-02 07:07:26,743171,3247352,Total Kills Over/Under 30.5 in Game 2?,total_kills,2,2026-08-02 09:00:00,112.6,Over,88298484595281914352239059870292338667222484521731211318661838576444918679687,0.44,0.48,0.46,0.04,22.0,396.14,396.14,716.73,4999.81,4999.81,13,14,69.611698
2026-08-02 07:07:26,743171,3247352,Total Kills Over/Under 30.5 in Game 2?,total_kills,2,2026-08-02 09:00:00,112.6,Under,38217417125598701285917566785225117131207297438256940711948323672696406231456,0.52,0.56,0.54,0.04,749.05,4864.16,4864.16,28.0,544.68,544.68,14,13,69.611698
2026-08-02 07:07:26,743171,3247353,Total Kills Over/Under 30.5 in Game 1?,total_kills,1,2026-08-02 09:00:00,112.6,Over,50106188925521078535282573965611606854996840223325430071085270132003555909260,0.41,0.44,0.425,0.03,20.5,421.07,421.07,593.04,4296.03,4643.84,11,14,16.413792
2026-08-02 07:07:26,743171,3247353,Total Kills Over/Under 30.5 in Game 1?,total_kills,1,2026-08-02 09:00:00,112.6,Under,75541867021947396106730952542539720001153212109669926230486401340538156123951,0.56,0.59,0.575,0.03,727.04,5074.04,5450.84,29.5,656.03,656.03,14,11,16.413792
2026-08-02 07:07:26,743171,3247354,Total Kills Over/Under 27.5 in Game 2?,total_kills,2,2026-08-02 09:00:00,112.6,Over,51146540352557297178527941122655826755968886808628579134513850317472805832603,0.57,0.6,0.585,0.03,28.5,416.53,416.53,9.37,62.53,777.49,13,14,
2026-08-02 07:07:26,743171,3247354,Total Kills Over/Under 27.5 in Game 2?,total_kills,2,2026-08-02 09:00:00,112.6,Under,63016173037310715849691062634003262606205900177631212934439242359284953820507,0.4,0.43,0.415,0.03,6.25,37.47,430.99,21.5,338.98,338.98,12,13,
2026-08-02 07:07:26,743171,3247355,Total Kills Over/Under 27.5 in Game 1?,total_kills,1,2026-08-02 09:00:00,112.6,Over,42198956340145679217446932380790459403280756645167729912328189878281220990092,0.56,0.59,0.575,0.03,41.3,41.3,247.32,32.5,520.76,520.76,14,14,215.974129
2026-08-02 07:07:26,743171,3247355,Total Kills Over/Under 27.5 in Game 1?,total_kills,1,2026-08-02 09:00:00,112.6,Under,20063801928328775496333872326406277649479489739628732463076882597980683577347,0.41,0.44,0.425,0.03,22.5,322.7,322.7,33.7,33.7,223.87,14,14,215.974129
2026-08-02 07:07:26,743172,3080902,LoL: Top Esports vs JD Gaming - Game 1 Winner,map,1,2026-08-02 11:00:00,232.6,Top Esports,46851770809127513157027236214484810929313295071190614902453044216924020709657,0.53,0.54,0.535,0.01,382.8,2232.65,3911.35,1882.63,3284.64,4732.79,21,21,56.547501
2026-08-02 07:07:26,743172,3080902,LoL: Top Esports vs JD Gaming - Game 1 Winner,map,1,2026-08-02 11:00:00,232.6,JD Gaming,18326167462984126987876398098101946807144555888956694919647859332891586741741,0.46,0.47,0.465,0.01,1544.65,2632.89,3657.42,343.04,2184.19,3941.26,21,21,56.547501
2026-08-02 07:07:26,743172,3080903,LoL: Top Esports vs JD Gaming - Game 2 Winner,map,2,2026-08-02 11:00:00,232.6,Top Esports,76046193107618265010185586294013386960807526519711363349964461150961941374096,0.53,0.54,0.535,0.01,419.4,2479.25,3540.67,1882.58,3284.59,4573.73,19,21,35.85185
2026-08-02 07:07:26,743172,3080903,LoL: Top Esports vs JD Gaming - Game 2 Winner,map,2,2026-08-02 11:00:00,232.6,JD Gaming,112417477089009047304146162324213653393754143899903566843840606522005774223782,0.46,0.47,0.465,0.01,1544.7,2632.94,3542.15,376.44,2427.59,3542.19,21,19,35.85185
2026-08-02 07:07:26,743172,3080904,LoL: Top Esports vs JD Gaming (BO3) - LPL Group Ascend,series,,2026-08-02 11:00:00,232.6,Top Esports,3100041782343501938261031293548661835880478843437146079213654280863394865134,0.53,0.54,0.535,0.01,26172.49,39901.48,47623.59,15411.38,28847.35,41135.92,34,33,53604.380331000015
2026-08-02 07:07:26,743172,3080904,LoL: Top Esports vs JD Gaming (BO3) - LPL Group Ascend,series,,2026-08-02 11:00:00,232.6,JD Gaming,10384789353912962118747837055304021323534057265179161083019061938612961391489,0.46,0.47,0.465,0.01,12650.91,23026.95,31746.09,23680.0,37208.17,45418.91,33,34,53604.380331000015
2026-08-02 07:07:26,743172,3080905,Games Total: O/U 2.5,total_games,,2026-08-02 11:00:00,232.6,Over,22214722228566830554386435974150227791111163055480545546784097895033948251070,0.49,0.5,0.495,0.01,5.33,1668.56,5267.29,9436.77,15441.4,17798.84,23,19,290.622197
2026-08-02 07:07:26,743172,3080905,Games Total: O/U 2.5,total_games,,2026-08-02 11:00:00,232.6,Under,6480821877096879247890792331358359253513270511115709604199105936530280926484,0.5,0.51,0.505,0.01,9414.61,14885.48,16860.04,5.67,1921.08,6348.53,19,23,290.622197
2026-08-02 07:07:26,743172,3080906,Game Handicap: TES (-1.5) vs JD Gaming (+1.5),handicap,,2026-08-02 11:00:00,232.6,Top Esports,91520151290900516068069630582384488710228121482995953890193830377303992311851,0.26,0.29,0.275,0.03,2145.33,2169.33,2172.33,59.75,9909.47,12439.51,17,21,341.93951000000004
2026-08-02 07:07:26,743172,3080906,Game Handicap: TES (-1.5) vs JD Gaming (+1.5),handicap,,2026-08-02 11:00:00,232.6,JD Gaming,11110710504122733429625920902871429766064683822056606798088558388202506384953,0.71,0.74,0.725,0.03,140.25,21352.53,26471.88,6435.03,6511.03,6522.31,21,17,341.93951000000004
2026-08-02 07:07:26,743172,3080907,Game 1: Both Teams Slay Baron Nashor?,prop,1,2026-08-02 11:00:00,232.6,Yes,75432260183621300224063637629962918151888732205521973252804410085921519708639,0.06,0.34,0.2,0.28,127.73,128.93,166.88,158.0,158.0,158.0,5,11,
2026-08-02 07:07:26,743172,3080907,Game 1: Both Teams Slay Baron Nashor?,prop,1,2026-08-02 11:00:00,232.6,No,41783964989358222581176586007474720406752308900906247323277953441782489005727,0.66,0.94,0.8,0.28,306.72,306.72,306.72,2001.1,2035.74,5217.0,11,5,
2026-08-02 07:07:26,743172,3080908,Game 1: Both Teams Slay a Dragon?,prop,1,2026-08-02 11:00:00,232.6,Yes,108452581067172687320145226727985132378107800403817956611199879851556518065310,0.73,0.89,0.81,0.16,238.53,238.53,238.53,1114.44,1114.44,1114.44,12,6,
2026-08-02 07:07:26,743172,3080908,Game 1: Both Teams Slay a Dragon?,prop,1,2026-08-02 11:00:00,232.6,No,48537658218800272629178748347860828007455615440443689175863852004875053428517,0.11,0.27,0.19,0.16,137.74,137.74,137.74,88.22,88.22,88.22,6,12,
2026-08-02 07:07:26,743172,3080909,Game 1: Both Teams Destroy Inhibitors?,prop,1,2026-08-02 11:00:00,232.6,Yes,51420553938050447742809119471570685613840044694344833309383509208239796407769,0.05,0.27,0.16,0.22,0.91,1.33,109.41,113.44,113.44,113.44,4,11,
2026-08-02 07:07:26,743172,3080909,Game 1: Both Teams Destroy Inhibitors?,prop,1,2026-08-02 11:00:00,232.6,No,103751056828887380630738392821725358559432402553406012271524742338905605358336,0.73,0.95,0.84,0.22,306.72,306.72,306.72,19.74,40.3,10739.91,11,4,
2026-08-02 07:07:26,743172,3080910,Game 1: Any Player Quadra Kill?,prop,1,2026-08-02 11:00:00,232.6,Yes,29520879781209007843261823546961147399085974100682344928562083985794317267577,0.06,0.5,0.28,0.44,283.36,283.36,326.85,283.36,283.36,283.36,3,10,
2026-08-02 07:07:26,743172,3080910,Game 1: Any Player Quadra Kill?,prop,1,2026-08-02 11:00:00,232.6,No,24027947038792258026586374372667740799164196144042714327433608029335948560145,0.5,0.94,0.72,0.44,283.36,283.36,283.36,4439.3,4439.3,8151.3,10,3,
2026-08-02 07:07:26,743172,3080911,Game 1: Any Player Penta Kill?,prop,1,2026-08-02 11:00:00,232.6,Yes,65140711957778656428427198953783566831242467220383811506547540976545329378468,0.02,0.49,0.255,0.47,283.96,283.96,283.96,302.47,302.47,302.47,2,10,
2026-08-02 07:07:26,743172,3080911,Game 1: Any Player Penta Kill?,prop,1,2026-08-02 11:00:00,232.6,No,70337725153082765788860990639765255380880981438294541576556610511722629600367,0.51,0.98,0.745,0.47,303.25,303.25,303.25,28087.04,28087.04,28087.04,10,2,
2026-08-02 07:07:26,743172,3080912,Game 1: Odd/Even Total Kills?,odd_even,1,2026-08-02 11:00:00,232.6,Odd,63537470686800212830760639421411337025666652148937862300072903542393161743647,0.49,0.51,0.5,0.02,127.39,149.37,433.99,133.65,159.46,507.32,13,14,
2026-08-02 07:07:26,743172,3080912,Game 1: Odd/Even Total Kills?,odd_even,1,2026-08-02 11:00:00,232.6,Even,97066325479198719837479772226092514184274344705186139518081755388455592750022,0.49,0.51,0.5,0.02,127.39,149.37,433.99,133.65,159.46,507.32,14,13,
2026-08-02 07:07:26,743172,3080913,Game 2: Both Teams Slay Baron Nashor?,prop,2,2026-08-02 11:00:00,232.6,Yes,75164847599048857447972600699634614594964996869135499094703958411556020577281,0.06,0.33,0.195,0.27,128.2,128.93,166.75,151.07,151.07,151.07,6,12,
2026-08-02 07:07:26,743172,3080913,Game 2: Both Teams Slay Baron Nashor?,prop,2,2026-08-02 11:00:00,232.6,No,50004558005540967272347260235092225543340072034211281689726585952829164225176,0.67,0.94,0.805,0.27,306.72,306.72,306.72,2010.01,2029.73,5197.89,12,6,
2026-08-02 07:07:26,743172,3080914,Game 2: Both Teams Slay a Dragon?,prop,2,2026-08-02 11:00:00,232.6,Yes,100335132202623954574600585633461808911625747001329527351988649666368402289406,0.64,0.89,0.765,0.25,306.72,306.72,306.72,1114.44,1114.44,1114.44,11,6,
2026-08-02 07:07:26,743172,3080914,Game 2: Both Teams Slay a Dragon?,prop,2,2026-08-02 11:00:00,232.6,No,67446499862682210682365738436441285971474949124342075640834358315044725110290,0.11,0.36,0.235,0.25,137.74,137.74,137.74,172.53,172.53,172.53,6,11,
2026-08-02 07:07:26,743172,3080915,Game 2: Both Teams Destroy Inhibitors?,prop,2,2026-08-02 11:00:00,232.6,Yes,51322057991716509136397026952959244473166895337699091505600859716366992986382,0.04,0.27,0.155,0.23,0.89,108.46,108.46,113.44,113.44,113.44,3,12,
2026-08-02 07:07:26,743172,3080915,Game 2: Both Teams Destroy Inhibitors?,prop,2,2026-08-02 11:00:00,232.6,No,79201383233302550794784437613256743316169430296732383848615013983948340750799,0.73,0.96,0.845,0.23,306.72,306.72,306.72,25.26,10675.25,10675.25,12,3,
2026-08-02 07:07:26,743172,3080916,Game 2: Any Player Quadra Kill?,prop,2,2026-08-02 11:00:00,232.6,Yes,64887998582759033731183524947305858961296962267716496128451376134880452930326,0.06,0.5,0.28,0.44,283.36,283.36,326.77,283.36,283.36,283.36,3,10,
2026-08-02 07:07:26,743172,3080916,Game 2: Any Player Quadra Kill?,prop,2,2026-08-02 11:00:00,232.6,No,58539202262164754485158745860575592749397232139398222235199542674585686744613,0.5,0.94,0.72,0.44,283.36,283.36,283.36,4439.3,4439.3,8143.38,10,3,
2026-08-02 07:07:26,743172,3080917,Game 2: Any Player Penta Kill?,prop,2,2026-08-02 11:00:00,232.6,Yes,87665210221613114119006939290093523924005862387890529231024526388175575893939,0.02,0.49,0.255,0.47,283.96,283.96,283.96,302.47,302.47,302.47,2,10,
2026-08-02 07:07:26,743172,3080917,Game 2: Any Player Penta Kill?,prop,2,2026-08-02 11:00:00,232.6,No,98815429330471747423922491321014888993701042610118185674174588160441862585322,0.51,0.98,0.745,0.47,303.25,303.25,303.25,28087.04,28087.04,28087.04,10,2,
2026-08-02 07:07:26,743172,3080918,Game 2: Odd/Even Total Kills?,odd_even,2,2026-08-02 11:00:00,232.6,Odd,103505292004998978275792998292760673562632429135900349612121659453039239444417,0.49,0.51,0.5,0.02,127.39,149.37,433.99,133.65,159.46,507.32,14,14,
2026-08-02 07:07:26,743172,3080918,Game 2: Odd/Even Total Kills?,odd_even,2,2026-08-02 11:00:00,232.6,Even,58517766982170398544701698680618801565421528922623234394813398682079365078833,0.49,0.51,0.5,0.02,127.39,149.37,433.99,133.65,159.46,507.32,14,14,
2026-08-02 07:07:26,743172,3080919,Game 3: Both Teams Slay Baron Nashor?,prop,3,2026-08-02 11:00:00,232.6,Yes,7763770048172814891105975713030209327931833201156043319595455880813704530416,0.07,0.95,0.51,0.88,283.76,284.24,295.97,20.64,20.64,78.06,6,3,
2026-08-02 07:07:26,743172,3080919,Game 3: Both Teams Slay Baron Nashor?,prop,3,2026-08-02 11:00:00,232.6,No,36300327673888036025250935760187072540042988872016956746934342783497033847951,0.05,0.93,0.49,0.88,0.96,0.96,1.54,4444.59,4456.11,5025.15,3,6,
2026-08-02 07:07:26,743172,3080920,Game 3: Both Teams Slay a Dragon?,prop,3,2026-08-02 11:00:00,232.6,Yes,6424726131496751058391746061003216993608423967734740353564431327806980884661,0.05,0.79,0.42,0.74,0.93,0.93,1.54,1065.97,1065.97,1065.97,3,10,
2026-08-02 07:07:26,743172,3080920,Game 3: Both Teams Slay a Dragon?,prop,3,2026-08-02 11:00:00,232.6,No,106948559999821874183296417813837450798320927965303338414069875755368665138573,0.21,0.95,0.58,0.74,283.36,283.36,283.36,20.14,20.14,80.17,10,3,
2026-08-02 07:07:26,743172,3080921,Game 3: Both Teams Destroy Inhibitors?,prop,3,2026-08-02 11:00:00,232.6,Yes,55084221527738889595675899880455870333974027304176403245331426013793273023538,0.05,0.95,0.5,0.9,284.35,284.46,284.9,20.64,20.64,78.06,4,3,
2026-08-02 07:07:26,743172,3080921,Game 3: Both Teams Destroy Inhibitors?,prop,3,2026-08-02 11:00:00,232.6,No,61591233894390230097514395016282247586116174955237897598983954260588576425164,0.05,0.95,0.5,0.9,0.96,0.96,1.54,6821.76,6827.58,6870.66,3,4,
2026-08-02 07:07:26,743172,3080922,Game 3: Any Player Quadra Kill?,prop,3,2026-08-02 11:00:00,232.6,Yes,111235675966221644860584481964831241278598095632773869324540853435094704819516,0.06,0.98,0.52,0.92,283.36,283.36,306.71,34.4,34.4,34.4,3,2,
2026-08-02 07:07:26,743172,3080922,Game 3: Any Player Quadra Kill?,prop,3,2026-08-02 11:00:00,232.6,No,76933630960622615784467905463664427337192564016308583393119257458086995547992,0.02,0.94,0.48,0.92,0.6,0.6,0.6,4439.3,4439.3,6157.44,2,3,
2026-08-02 07:07:26,743172,3080923,Game 3: Any Player Penta Kill?,prop,3,2026-08-02 11:00:00,232.6,Yes,72012111891152232175520850808434415047474269542696450717532618807621604865837,0.05,0.98,0.515,0.93,28.65,29.15,312.61,34.4,34.4,34.4,3,2,
2026-08-02 07:07:26,743172,3080923,Game 3: Any Player Penta Kill?,prop,3,2026-08-02 11:00:00,232.6,No,59535669203523466165239845186982603995492485810863815680206990868324711003159,0.02,0.95,0.485,0.93,0.6,0.6,0.6,544.35,568.85,28631.39,2,3,
2026-08-02 07:07:26,743172,3080924,Game 3: Odd/Even Total Kills?,odd_even,3,2026-08-02 11:00:00,232.6,Odd,46294025618744397945763129770122945221761360595243325720341782825723240735101,0.49,0.51,0.5,0.02,127.39,149.37,433.99,133.65,159.46,507.32,13,13,
2026-08-02 07:07:26,743172,3080924,Game 3: Odd/Even Total Kills?,odd_even,3,2026-08-02 11:00:00,232.6,Even,74659719347599270631279555451358852037319276053460230060257524917228946189886,0.49,0.51,0.5,0.02,127.39,149.37,433.99,133.65,159.46,507.32,13,13,
2026-08-02 07:07:26,743172,3244639,First Blood in Game 1?,first_blood,1,2026-08-02 11:00:00,232.6,Top Esports,6602796225007847250368714083162703890562833780921990948500062077778931809489,0.46,0.55,0.505,0.09,193.8,193.8,193.8,225.43,225.43,225.43,11,15,
2026-08-02 07:07:26,743172,3244639,First Blood in Game 1?,first_blood,1,2026-08-02 11:00:00,232.6,JD Gaming,87489902991861330312706242496958385539820689848655573262041583513321693862900,0.45,0.54,0.495,0.09,184.45,184.45,184.45,227.5,227.5,227.5,15,11,
2026-08-02 07:07:26,743172,3244640,First Blood in Game 2?,first_blood,2,2026-08-02 11:00:00,232.6,Top Esports,24137663207718203527062477161349904762088503792733617922037256863446926332459,0.46,0.55,0.505,0.09,193.8,193.8,193.8,225.43,225.43,225.43,11,15,
2026-08-02 07:07:26,743172,3244640,First Blood in Game 2?,first_blood,2,2026-08-02 11:00:00,232.6,JD Gaming,111647699125322064032765543565883745277538324784955298847038372968540277723837,0.45,0.54,0.495,0.09,184.45,184.45,184.45,227.5,227.5,227.5,15,11,
2026-08-02 07:07:26,743172,3244641,Total Kills Over/Under 30.5 in Game 2?,total_kills,2,2026-08-02 11:00:00,232.6,Over,30552644106679742528310884231067636756108135098737347522269552333729709327523,0.45,0.47,0.46,0.02,26.21,410.1,410.1,31.34,73.53,489.95,13,14,36.296195
2026-08-02 07:07:26,743172,3244641,Total Kills Over/Under 30.5 in Game 2?,total_kills,2,2026-08-02 11:00:00,232.6,Under,75341305486715097291844018581808328160946914691465414713245427616828717287563,0.53,0.55,0.54,0.02,34.28,76.47,476.55,33.15,563.28,563.28,14,13,36.296195
2026-08-02 07:07:26,743172,3244642,Total Kills Over/Under 30.5 in Game 1?,total_kills,1,2026-08-02 11:00:00,232.6,Over,5848797803159527143714539846892831173692586338288791944321302473798025897787,0.46,0.48,0.47,0.02,26.81,226.8,431.92,7.5,257.85,451.59,14,14,31.066194999999997
2026-08-02 07:07:26,743172,3244642,Total Kills Over/Under 30.5 in Game 1?,total_kills,1,2026-08-02 11:00:00,232.6,Under,53934747156330759828139575831881063278651797825727054390721736738195498852307,0.52,0.54,0.53,0.02,8.12,250.31,429.15,32.55,297.67,580.93,14,14,31.066194999999997
2026-08-02 07:07:26,743172,3244644,Total Kills Over/Under 27.5 in Game 2?,total_kills,2,2026-08-02 11:00:00,232.6,Over,55217915603201848763758014714972177885314093034262781059127811984269931994496,0.57,0.61,0.59,0.04,419.41,419.41,419.41,49.3,69.3,888.8,12,14,
2026-08-02 07:07:26,743172,3244644,Total Kills Over/Under 27.5 in Game 2?,total_kills,2,2026-08-02 11:00:00,232.6,Under,5734772476214070556104771703646922422218159851416754113236200342344326474857,0.39,0.43,0.41,0.04,30.7,41.95,465.16,328.64,328.64,328.64,14,12,
2026-08-02 07:07:26,743172,3244643,Total Kills Over/Under 27.5 in Game 1?,total_kills,1,2026-08-02 11:00:00,232.6,Over,101446290186737648802628688467106060643552953184861797884239412071806897706381,0.58,0.62,0.6,0.04,29.0,444.18,444.18,32.11,81.27,859.91,13,15,7.555554
2026-08-02 07:07:26,743172,3244643,Total Kills Over/Under 27.5 in Game 1?,total_kills,1,2026-08-02 11:00:00,232.6,Under,90781551002908263110403899832252227846112278104835636670642311985212809522279,0.38,0.42,0.4,0.04,19.22,46.16,438.44,21.0,347.21,347.21,15,13,7.555554
2026-08-02 07:07:26,777488,3242490,LoL: Team Secret Whales vs CTBC Flying Oyster - Game 1 Winner,map,1,2026-08-02 09:00:00,112.6,Team Secret Whales,57816135160094022782874503244385532147531078139344598994417283900284035426820,0.69,0.7,0.695,0.01,2244.82,2752.44,3419.72,644.63,2239.19,2294.69,42,20,5583.445763
2026-08-02 07:07:26,777488,3242490,LoL: Team Secret Whales vs CTBC Flying Oyster - Game 1 Winner,map,1,2026-08-02 09:00:00,112.6,CTBC Flying Oyster,84525189896438327520655187935169481308459424715925764328357460907711373179800,0.3,0.31,0.305,0.01,264.85,880.0,898.5,1026.29,1283.67,1651.0,20,42,5583.445763
2026-08-02 07:07:26,777488,3242491,LoL: Team Secret Whales vs CTBC Flying Oyster - Game 2 Winner,map,2,2026-08-02 09:00:00,112.6,Team Secret Whales,76754270586622647838553050894322356828736663824016826309100304606981037399491,0.69,0.7,0.695,0.01,12481.21,12673.48,13315.41,1214.17,2235.74,2291.24,28,21,3969.806478
2026-08-02 07:07:26,777488,3242491,LoL: Team Secret Whales vs CTBC Flying Oyster - Game 2 Winner,map,2,2026-08-02 09:00:00,112.6,CTBC Flying Oyster,56489067258837645781761923067126853043573144817614127530708055679301943559747,0.3,0.31,0.305,0.01,508.03,903.92,922.42,5615.99,5712.72,6065.79,21,28,3969.806478
2026-08-02 07:07:26,777488,3242492,LoL: Team Secret Whales vs CTBC Flying Oyster - Game 3 Winner,map,3,2026-08-02 09:00:00,112.6,Team Secret Whales,84515801993639805002213409467397361469609977446389163532328974026080706324919,0.68,0.69,0.685,0.01,3104.46,3312.09,3873.14,86.41,1848.71,1921.71,33,25,4822.664734999999
2026-08-02 07:07:26,777488,3242492,LoL: Team Secret Whales vs CTBC Flying Oyster - Game 3 Winner,map,3,2026-08-02 09:00:00,112.6,CTBC Flying Oyster,47042936553385792822224572984994946197580344579724406299806966214605938841010,0.31,0.32,0.315,0.01,37.44,738.06,765.06,1476.14,1584.51,1902.64,25,33,4822.664734999999
2026-08-02 07:07:26,777488,3242493,LoL: Team Secret Whales vs CTBC Flying Oyster - Game 4 Winner,map,4,2026-08-02 09:00:00,112.6,Team Secret Whales,17395249853885279779595095236555902153584780476668506281725665988013712809726,0.6,0.64,0.62,0.04,3.0,3.0,3.0,64.09,265.39,265.39,16,17,
2026-08-02 07:07:26,777488,3242493,LoL: Team Secret Whales vs CTBC Flying Oyster - Game 4 Winner,map,4,2026-08-02 09:00:00,112.6,CTBC Flying Oyster,23823319113389303220072115291412712888961208930402594759139448658235209413419,0.36,0.4,0.38,0.04,34.66,138.36,138.36,2.0,2.0,2.0,17,16,
2026-08-02 07:07:26,777488,3242494,LoL: Team Secret Whales vs CTBC Flying Oyster (BO5) - LCP Group Stage,series,,2026-08-02 09:00:00,112.6,Team Secret Whales,112783488403942180959201845594818467757376330196707325388108787976324977051994,0.77,0.78,0.775,0.01,5893.37,12273.59,12655.49,1331.04,4209.77,9034.86,46,20,13367.572239999998
2026-08-02 07:07:26,777488,3242494,LoL: Team Secret Whales vs CTBC Flying Oyster (BO5) - LCP Group Stage,series,,2026-08-02 09:00:00,112.6,CTBC Flying Oyster,80452513973028868846592325693720987068814405760226652643682462266126569090751,0.22,0.23,0.225,0.01,362.99,1055.34,2087.23,1840.56,4012.54,4160.64,20,46,13367.572239999998
2026-08-02 07:07:26,777488,3242495,Games Total: O/U 3.5,total_games,,2026-08-02 09:00:00,112.6,Over,72300793668187151319904900646523978702528656649138144719405721411224244932759,0.61,0.62,0.615,0.01,1265.21,2846.62,2846.62,6148.65,6225.55,7460.7,33,26,17291.862281000005
2026-08-02 07:07:26,777488,3242495,Games Total: O/U 3.5,total_games,,2026-08-02 09:00:00,112.6,Under,108846093590840099798675088484086990239416212941859949463132166956349912927328,0.38,0.39,0.385,0.01,3768.53,3811.63,4423.14,843.23,1952.78,1952.78,26,33,17291.862281000005
2026-08-02 07:07:26,777488,3242496,Games Total: O/U 4.5,total_games,,2026-08-02 09:00:00,112.6,Over,41270598835424749763955996134684705831927348554403922237902670916734253760669,0.26,0.29,0.275,0.03,56.25,247.72,871.15,103.03,2290.13,2792.67,19,25,441.68341699999996
2026-08-02 07:07:26,777488,3242496,Games Total: O/U 4.5,total_games,,2026-08-02 09:00:00,112.6,Under,58036605262601096265076118672464791582934640975043365706485191229520811754504,0.71,0.74,0.725,0.03,243.27,5079.5,6073.9,166.75,795.87,3082.43,25,19,441.68341699999996
2026-08-02 07:07:26,777488,3242497,Game Handicap: TSW (-1.5) vs CTBC Flying Oyster (+1.5),handicap,,2026-08-02 09:00:00,112.6,Team Secret Whales,32382395346852847254940176658456928989693539675636369896177890938863430973471,0.59,0.6,0.595,0.01,447.39,560.39,560.39,268.9,373.47,888.87,21,21,976.906004
2026-08-02 07:07:26,777488,3242497,Game Handicap: TSW (-1.5) vs CTBC Flying Oyster (+1.5),handicap,,2026-08-02 09:00:00,112.6,CTBC Flying Oyster,100488374296241339245601316885665517849468025397031180189081751660277427925981,0.4,0.41,0.405,0.01,174.43,237.44,516.18,313.61,400.61,400.61,21,21,976.906004
2026-08-02 07:07:26,777488,3242498,Game Handicap: TSW (-2.5) vs CTBC Flying Oyster (+2.5),handicap,,2026-08-02 09:00:00,112.6,Team Secret Whales,113785065335733646850554173514575073744283113436526505373350557814155497649710,0.32,0.34,0.33,0.02,615.34,669.24,698.94,4006.25,4161.76,4161.76,16,15,12.121211
2026-08-02 07:07:26,777488,3242498,Game Handicap: TSW (-2.5) vs CTBC Flying Oyster (+2.5),handicap,,2026-08-02 09:00:00,112.6,CTBC Flying Oyster,48978565648481124587937191466931712596305440574862248418236250218292279628778,0.66,0.68,0.67,0.02,7444.75,7709.54,7709.54,1368.86,1494.96,1575.26,15,16,12.121211
2026-08-02 07:07:26,777488,3242499,First Blood in Game 1?,first_blood,1,2026-08-02 09:00:00,112.6,Team Secret Whales,76176078641731935731407391491918258824551828061896501211344144386956805092975,0.08,0.93,0.505,0.85,19.0,19.0,21.0,192.89,240.89,348.38,4,6,
2026-08-02 07:07:26,777488,3242499,First Blood in Game 1?,first_blood,1,2026-08-02 09:00:00,112.6,CTBC Flying Oyster,79926504409492097448700203434558369884286074924495139692775212278480677723997,0.07,0.92,0.495,0.85,14.44,16.44,18.73,223.85,223.85,271.85,6,4,
2026-08-02 07:07:26,777488,3242500,First Blood in Game 2?,first_blood,2,2026-08-02 09:00:00,112.6,Team Secret Whales,36489252949572354156656199551729160308186523946897457577059925673343287272299,0.08,0.92,0.5,0.84,19.0,19.0,21.69,189.36,189.36,260.29,6,6,
2026-08-02 07:07:26,777488,3242500,First Blood in Game 2?,first_blood,2,2026-08-02 09:00:00,112.6,CTBC Flying Oyster,41441351191959256667490566084942834037356753172268181893268992272913894336542,0.08,0.92,0.5,0.84,16.4,16.4,18.66,223.85,223.85,305.16,6,6,
2026-08-02 07:07:26,777488,3242501,First Blood in Game 3?,first_blood,3,2026-08-02 09:00:00,112.6,Team Secret Whales,51387227749511496517739619622948981783625570831940292175844395205249838839414,0.06,0.91,0.485,0.85,12.49,14.49,16.96,216.5,216.5,225.92,4,5,
2026-08-02 07:07:26,777488,3242501,First Blood in Game 3?,first_blood,3,2026-08-02 09:00:00,112.6,CTBC Flying Oyster,84632537644270832286015097395506359851243798486843821606676215361948288717549,0.09,0.94,0.515,0.85,21.0,21.0,21.5,197.38,262.05,505.74,5,4,
2026-08-02 07:07:26,777488,3242502,First Blood in Game 4?,first_blood,4,2026-08-02 09:00:00,112.6,Team Secret Whales,26403362042709478831403732734420297091029668631643299281933862415028319195845,0.08,0.94,0.51,0.86,16.4,16.4,18.66,197.74,262.41,492.62,5,5,
2026-08-02 07:07:26,777488,3242502,First Blood in Game 4?,first_blood,4,2026-08-02 09:00:00,112.6,CTBC Flying Oyster,78664000157232051786555474526526297891608214826219451729845556414941361620072,0.06,0.92,0.49,0.86,12.51,14.51,17.01,189.35,189.35,243.6,5,5,
2026-08-02 07:07:26,777488,3242503,First Blood in Game 5?,first_blood,5,2026-08-02 09:00:00,112.6,Team Secret Whales,834669630360787795479739857530823000511290028945919271243926672811370607927,0.06,0.95,0.505,0.89,12.47,14.47,16.95,206.4,304.4,534.74,5,4,
2026-08-02 07:07:26,777488,3242503,First Blood in Game 5?,first_blood,5,2026-08-02 09:00:00,112.6,CTBC Flying Oyster,65911608945563935626405953820602536931093222068386319298304085216125067913390,0.05,0.94,0.495,0.89,10.68,12.68,15.01,196.94,261.61,491.8,4,5,
2026-08-02 07:07:26,777488,3242504,Game 1: Both Teams Slay Baron Nashor?,prop,1,2026-08-02 09:00:00,112.6,Yes,82109122910205671204306244277178071377513852655530705652340200553652435919932,0.06,0.5,0.28,0.44,283.68,285.96,308.41,283.36,283.36,283.36,6,12,
2026-08-02 07:07:26,777488,3242504,Game 1: Both Teams Slay Baron Nashor?,prop,1,2026-08-02 09:00:00,112.6,No,8656473897653034280876081254915519555589552805581412905695564407944608476083,0.5,0.94,0.72,0.44,283.36,283.36,283.36,5388.77,5460.2,7675.51,12,6,
2026-08-02 07:07:26,777488,3242505,Game 1: Both Teams Slay a Dragon?,prop,1,2026-08-02 09:00:00,112.6,Yes,32626544758206927715646495093041485141420312943142351104342214354013341427211,0.5,0.8,0.65,0.3,283.36,283.36,283.36,1133.44,1133.44,1234.44,9,9,
2026-08-02 07:07:26,777488,3242505,Game 1: Both Teams Slay a Dragon?,prop,1,2026-08-02 09:00:00,112.6,No,80774928191498242889000864528879279007331491946982563338725522451307658906911,0.2,0.5,0.35,0.3,283.36,283.36,302.36,283.36,283.36,283.36,9,9,
2026-08-02 07:07:26,777488,3242506,Game 1: Both Teams Destroy Inhibitors?,prop,1,2026-08-02 09:00:00,112.6,Yes,57878958722771259702191587377488008562321366597374420142934676314494035042365,0.03,0.5,0.265,0.47,283.69,285.91,285.91,283.36,283.36,283.36,3,12,
2026-08-02 07:07:26,777488,3242506,Game 1: Both Teams Destroy Inhibitors?,prop,1,2026-08-02 09:00:00,112.6,No,21832488090938789009014145975002941333458675765934334105525825321941495893189,0.5,0.97,0.735,0.47,283.36,283.36,283.36,9178.12,9398.0,9398.0,12,3,
2026-08-02 07:07:26,777488,3242507,Game 1: Any Player Quadra Kill?,prop,1,2026-08-02 09:00:00,112.6,Yes,67477697003412425735721846146861340830375928748646316394267430844610313516048,0.04,0.5,0.27,0.46,283.36,287.41,287.41,283.36,283.36,283.36,3,11,
2026-08-02 07:07:26,777488,3242507,Game 1: Any Player Quadra Kill?,prop,1,2026-08-02 09:00:00,112.6,No,28230089652834458564403191383477251350363400530987830673659176513834216998402,0.5,0.96,0.73,0.46,283.36,283.36,283.36,6800.64,7101.59,7101.59,11,3,
2026-08-02 07:07:26,777488,3242508,Game 1: Any Player Penta Kill?,prop,1,2026-08-02 09:00:00,112.6,Yes,107955397088245341609588127643872420201219088994892330576848052323418067304337,0.01,0.5,0.255,0.49,283.41,283.41,283.41,283.36,283.36,283.36,1,10,
2026-08-02 07:07:26,777488,3242508,Game 1: Any Player Penta Kill?,prop,1,2026-08-02 09:00:00,112.6,No,2298327095866923872370786527525373223496154978975697230366979542666694010210,0.5,0.99,0.745,0.49,283.36,283.36,283.36,28057.59,28057.59,28057.59,10,1,
2026-08-02 07:07:26,777488,3242509,Game 1: Odd/Even Total Kills?,odd_even,1,2026-08-02 09:00:00,112.6,Odd,35669069441156880233120397229339609857600763115115367527463035031810099918812,0.49,0.51,0.5,0.02,40.16,40.16,324.77,42.13,42.13,390.0,13,13,
2026-08-02 07:07:26,777488,3242509,Game 1: Odd/Even Total Kills?,odd_even,1,2026-08-02 09:00:00,112.6,Even,34134996380998562744373466212898094506013127989415722436188379079216550283869,0.49,0.51,0.5,0.02,40.16,40.16,324.77,42.13,42.13,390.0,13,13,
2026-08-02 07:07:26,777488,3242510,Game 2: Both Teams Slay Baron Nashor?,prop,2,2026-08-02 09:00:00,112.6,Yes,55612768283885555444235128339818004633987486785078428271354240018837438415172,0.06,0.5,0.28,0.44,283.68,285.96,308.73,283.36,283.36,283.36,6,12,
2026-08-02 07:07:26,777488,3242510,Game 2: Both Teams Slay Baron Nashor?,prop,2,2026-08-02 09:00:00,112.6,No,68013453411200942378083783109699621850836566027632710988233618904681638059009,0.5,0.94,0.72,0.44,283.36,283.36,283.36,5388.77,5460.2,7707.19,12,6,
2026-08-02 07:07:26,777488,3242511,Game 2: Both Teams Slay a Dragon?,prop,2,2026-08-02 09:00:00,112.6,Yes,25268472604044033644155788644394470811008223675152420568627576739918797975853,0.5,0.8,0.65,0.3,283.36,283.36,283.36,1133.44,1133.44,1234.44,9,9,
2026-08-02 07:07:26,777488,3242511,Game 2: Both Teams Slay a Dragon?,prop,2,2026-08-02 09:00:00,112.6,No,77287086054106107892849953648996922577643407952016836727589125254557669820384,0.2,0.5,0.35,0.3,283.36,283.36,302.36,283.36,283.36,283.36,9,9,
2026-08-02 07:07:26,777488,3242512,Game 2: Both Teams Destroy Inhibitors?,prop,2,2026-08-02 09:00:00,112.6,Yes,63116409037166805607386548449789060242417387308976504409836409960705425478823,0.03,0.5,0.265,0.47,283.69,285.91,285.91,283.36,283.36,283.36,3,12,
2026-08-02 07:07:26,777488,3242512,Game 2: Both Teams Destroy Inhibitors?,prop,2,2026-08-02 09:00:00,112.6,No,39912666918280641726206692277388061035907575339250897177186125313578834705787,0.5,0.97,0.735,0.47,283.36,283.36,283.36,9178.12,9398.0,9398.0,12,3,
2026-08-02 07:07:26,777488,3242513,Game 2: Any Player Quadra Kill?,prop,2,2026-08-02 09:00:00,112.6,Yes,4263276727264114878405602649464265427324668856183212750657142386269218822063,0.04,0.5,0.27,0.46,283.36,287.41,287.41,283.36,283.36,283.36,3,11,
2026-08-02 07:07:26,777488,3242513,Game 2: Any Player Quadra Kill?,prop,2,2026-08-02 09:00:00,112.6,No,69576406192413665870026391300739965527689631644663907015579261971162988093260,0.5,0.96,0.73,0.46,283.36,283.36,283.36,6800.64,7101.59,7101.59,11,3,
2026-08-02 07:07:26,777488,3242514,Game 2: Any Player Penta Kill?,prop,2,2026-08-02 09:00:00,112.6,Yes,43770092129906284304701955036555378708763006374885907543692653722330039935327,0.01,0.5,0.255,0.49,283.41,283.41,283.41,283.36,283.36,283.36,1,10,
2026-08-02 07:07:26,777488,3242514,Game 2: Any Player Penta Kill?,prop,2,2026-08-02 09:00:00,112.6,No,74726305910172583187002718614853277500984547126354509426874700736506549207136,0.5,0.99,0.745,0.49,283.36,283.36,283.36,28057.59,28057.59,28057.59,10,1,
2026-08-02 07:07:26,777488,3242515,Game 2: Odd/Even Total Kills?,odd_even,2,2026-08-02 09:00:00,112.6,Odd,103037412618351337232072591960970068480196116485177890660027371606071064402503,0.49,0.51,0.5,0.02,40.16,40.16,324.77,42.13,42.13,390.0,12,13,
2026-08-02 07:07:26,777488,3242515,Game 2: Odd/Even Total Kills?,odd_even,2,2026-08-02 09:00:00,112.6,Even,21504247401034643293987946442807585229564406903469081575863274634549998426270,0.49,0.51,0.5,0.02,40.16,40.16,324.77,42.13,42.13,390.0,13,12,
2026-08-02 07:07:26,777488,3242516,Game 3: Both Teams Slay Baron Nashor?,prop,3,2026-08-02 09:00:00,112.6,Yes,77261832545549908030973621817519973235104059699203340241975578117008694094853,0.23,0.5,0.365,0.27,2.3,3.33,7.15,283.36,283.36,283.36,12,12,
2026-08-02 07:07:26,777488,3242516,Game 3: Both Teams Slay Baron Nashor?,prop,3,2026-08-02 09:00:00,112.6,No,29942351581814803281652827273469223353222947387494284759002648389231015275294,0.5,0.77,0.635,0.27,283.36,283.36,283.36,7.7,11.8,28.64,12,12,
2026-08-02 07:07:26,777488,3242517,Game 3: Both Teams Slay a Dragon?,prop,3,2026-08-02 09:00:00,112.6,Yes,70360398388455874266173213101286288923272398726265240438392772127722997448610,0.5,0.8,0.65,0.3,283.36,283.36,283.36,1133.44,1133.44,1234.44,9,9,
2026-08-02 07:07:26,777488,3242517,Game 3: Both Teams Slay a Dragon?,prop,3,2026-08-02 09:00:00,112.6,No,52845035201587624459438845665250473929029108844112614651935527390501033762970,0.2,0.5,0.35,0.3,283.36,283.36,302.36,283.36,283.36,283.36,9,9,
2026-08-02 07:07:26,777488,3242518,Game 3: Both Teams Destroy Inhibitors?,prop,3,2026-08-02 09:00:00,112.6,Yes,48977884461727248822212570858195208609516394659009807088507571955717291664697,0.03,0.5,0.265,0.47,283.69,285.91,285.91,283.36,283.36,283.36,3,12,
2026-08-02 07:07:26,777488,3242518,Game 3: Both Teams Destroy Inhibitors?,prop,3,2026-08-02 09:00:00,112.6,No,3671363479438694358741463992296651772042853610335646218578791290024782364582,0.5,0.97,0.735,0.47,283.36,283.36,283.36,9178.12,9398.0,9398.0,12,3,
2026-08-02 07:07:26,777488,3242519,Game 3: Any Player Quadra Kill?,prop,3,2026-08-02 09:00:00,112.6,Yes,34118162061878728840353980643835530411234963147751984212557794644941270882141,0.04,0.5,0.27,0.46,283.36,287.41,287.41,283.36,283.36,283.36,3,11,
2026-08-02 07:07:26,777488,3242519,Game 3: Any Player Quadra Kill?,prop,3,2026-08-02 09:00:00,112.6,No,86065855012286708999355496026724666479399944731814351003162910211369043270293,0.5,0.96,0.73,0.46,283.36,283.36,283.36,6800.64,7101.59,7101.59,11,3,
2026-08-02 07:07:26,777488,3242520,Game 3: Any Player Penta Kill?,prop,3,2026-08-02 09:00:00,112.6,Yes,7866906399859507715969236577162534049067328151038482266868129384413531393152,0.01,0.5,0.255,0.49,283.41,283.41,283.41,283.36,283.36,283.36,1,10,
2026-08-02 07:07:26,777488,3242520,Game 3: Any Player Penta Kill?,prop,3,2026-08-02 09:00:00,112.6,No,102658700344398947639358052865470104625417791083949106731139967674354429925933,0.5,0.99,0.745,0.49,283.36,283.36,283.36,28057.59,28057.59,28057.59,10,1,
2026-08-02 07:07:26,777488,3242521,Game 3: Odd/Even Total Kills?,odd_even,3,2026-08-02 09:00:00,112.6,Odd,1920707057826196000729146751630790521705346214735121429259525852560003610959,0.49,0.51,0.5,0.02,40.16,40.16,324.77,42.13,42.13,390.0,12,13,
2026-08-02 07:07:26,777488,3242521,Game 3: Odd/Even Total Kills?,odd_even,3,2026-08-02 09:00:00,112.6,Even,88647646668802236136158789088602771719271626586223927818625588950998518629396,0.49,0.51,0.5,0.02,40.16,40.16,324.77,42.13,42.13,390.0,13,12,
2026-08-02 07:07:26,777488,3242522,Game 4: Both Teams Slay Baron Nashor?,prop,4,2026-08-02 09:00:00,112.6,Yes,6873310937397978516694146619025168230374666020537337469477629007465955183743,0.06,0.96,0.51,0.9,284.31,284.6,288.87,27.71,257.4,257.4,5,4,
2026-08-02 07:07:26,777488,3242522,Game 4: Both Teams Slay Baron Nashor?,prop,4,2026-08-02 09:00:00,112.6,No,18528193578631301586757620009046134047287063337847150764636556627738796525677,0.04,0.94,0.49,0.9,0.99,3.49,3.49,5400.31,5409.68,5727.22,4,5,
2026-08-02 07:07:26,777488,3242523,Game 4: Both Teams Slay a Dragon?,prop,4,2026-08-02 09:00:00,112.6,Yes,96239155610116234593629625855692533038529442254365233884566866984317744705509,0.47,0.78,0.625,0.31,283.36,283.36,283.36,1004.64,1004.64,1087.64,11,9,
2026-08-02 07:07:26,777488,3242523,Game 4: Both Teams Slay a Dragon?,prop,4,2026-08-02 09:00:00,112.6,No,90285335797042713137455027317662316028781926407963078036017792314080482210785,0.22,0.53,0.375,0.31,283.36,283.36,300.36,319.53,319.53,319.53,9,11,
2026-08-02 07:07:26,777488,3242524,Game 4: Both Teams Destroy Inhibitors?,prop,4,2026-08-02 09:00:00,112.6,Yes,48163120894888470133224563494374860224939916137694150453600458084315949778552,0.05,0.96,0.505,0.91,0.97,286.7,288.85,27.71,355.4,355.4,5,4,
2026-08-02 07:07:26,777488,3242524,Game 4: Both Teams Destroy Inhibitors?,prop,4,2026-08-02 09:00:00,112.6,No,65932431344977836134599434113874579109665373405269201721000578030796735615779,0.04,0.95,0.495,0.91,0.99,5.49,5.49,20.85,9294.56,9507.69,4,5,
2026-08-02 07:07:26,777488,3242525,Game 4: Any Player Quadra Kill?,prop,4,2026-08-02 09:00:00,112.6,Yes,48766357627137420502706105015132880346460432230442156319595602374969708661549,0.04,0.99,0.515,0.95,283.84,287.89,287.89,54.45,54.45,54.45,3,1,
2026-08-02 07:07:26,777488,3242525,Game 4: Any Player Quadra Kill?,prop,4,2026-08-02 09:00:00,112.6,No,18525403907568398358634442213038306406008025802557700810805310510796193654593,0.01,0.96,0.485,0.95,0.55,0.55,0.55,6812.16,7113.11,7113.11,1,3,
2026-08-02 07:07:26,777488,3242526,Game 4: Any Player Penta Kill?,prop,4,2026-08-02 09:00:00,112.6,Yes,19394836216636086747323946701502339652056897814910961334615459750970271377627,0.02,0.99,0.505,0.97,283.91,283.91,283.91,54.45,54.45,54.45,2,1,
2026-08-02 07:07:26,777488,3242526,Game 4: Any Player Penta Kill?,prop,4,2026-08-02 09:00:00,112.6,No,77617476762299404152229581594197755071733954493565526877252600348180953619678,0.01,0.98,0.495,0.97,0.55,0.55,0.55,28082.09,28082.09,28082.09,1,2,
2026-08-02 07:07:26,777488,3242527,Game 4: Odd/Even Total Kills?,odd_even,4,2026-08-02 09:00:00,112.6,Odd,75890811262287504237425106759452740916618553387886440572460885740958767693338,0.49,0.51,0.5,0.02,40.16,40.16,324.77,42.13,42.13,390.0,13,13,
2026-08-02 07:07:26,777488,3242527,Game 4: Odd/Even Total Kills?,odd_even,4,2026-08-02 09:00:00,112.6,Even,40203519400324083604706318923535091108485909332610733820589745001578236397688,0.49,0.51,0.5,0.02,40.16,40.16,324.77,42.13,42.13,390.0,13,13,
2026-08-02 07:07:26,777488,3242528,Game 5: Both Teams Slay Baron Nashor?,prop,5,2026-08-02 09:00:00,112.6,Yes,104186574846046194155309906600223084379965802712970170251970070918848843932951,0.06,0.96,0.51,0.9,284.31,286.6,288.76,27.71,257.4,257.4,5,4,
2026-08-02 07:07:26,777488,3242528,Game 5: Both Teams Slay Baron Nashor?,prop,5,2026-08-02 09:00:00,112.6,No,44568387720142730000305788491821524810776472201185044840726633879733839536191,0.04,0.94,0.49,0.9,0.99,3.49,3.49,5400.41,5474.57,5682.69,4,5,
2026-08-02 07:07:26,777488,3242529,Game 5: Both Teams Slay a Dragon?,prop,5,2026-08-02 09:00:00,112.6,Yes,54544138229268547953418063615196800890163147773712824803820035680061760701050,0.47,0.78,0.625,0.31,283.36,283.36,283.36,1004.64,1004.64,1087.64,11,8,
2026-08-02 07:07:26,777488,3242529,Game 5: Both Teams Slay a Dragon?,prop,5,2026-08-02 09:00:00,112.6,No,53447488034486623877755199848802236783776818988628965858466891919045843609954,0.22,0.53,0.375,0.31,283.36,283.36,300.36,319.53,319.53,319.53,8,11,
2026-08-02 07:07:26,777488,3242530,Game 5: Both Teams Destroy Inhibitors?,prop,5,2026-08-02 09:00:00,112.6,Yes,84869567834213737240677422708123444482993918363118298390918236083835009666609,0.05,0.96,0.505,0.91,0.98,286.71,288.85,27.71,257.4,257.4,5,4,
2026-08-02 07:07:26,777488,3242530,Game 5: Both Teams Destroy Inhibitors?,prop,5,2026-08-02 09:00:00,112.6,No,104976994634744610010863109018357776671427542050125895407506044873394977608708,0.04,0.95,0.495,0.91,0.99,3.49,3.49,20.97,9294.87,9506.87,4,5,
2026-08-02 07:07:26,777488,3242531,Game 5: Any Player Quadra Kill?,prop,5,2026-08-02 09:00:00,112.6,Yes,112263471871122883811989362359978174259181855748395775051704344415387145260011,0.04,0.99,0.515,0.95,283.84,287.89,287.89,54.45,54.45,54.45,3,1,
2026-08-02 07:07:26,777488,3242531,Game 5: Any Player Quadra Kill?,prop,5,2026-08-02 09:00:00,112.6,No,23403007836943947744681510349247280485072978781656882287837068216480509913554,0.01,0.96,0.485,0.95,0.55,0.55,0.55,6812.16,7113.11,7113.11,1,3,
2026-08-02 07:07:26,777488,3242532,Game 5: Any Player Penta Kill?,prop,5,2026-08-02 09:00:00,112.6,Yes,7891418895463379286896718967151686623053177620483355975797781050656729426108,0.02,0.99,0.505,0.97,283.91,283.91,283.91,54.45,54.45,54.45,2,1,
2026-08-02 07:07:26,777488,3242532,Game 5: Any Player Penta Kill?,prop,5,2026-08-02 09:00:00,112.6,No,40631958773724129659751950295215568541920435781148650011271912559562887183213,0.01,0.98,0.495,0.97,0.55,0.55,0.55,28082.09,28082.09,28082.09,1,2,
2026-08-02 07:07:26,777488,3242533,Game 5: Odd/Even Total Kills?,odd_even,5,2026-08-02 09:00:00,112.6,Odd,4903397286428577336062410414826833960093510373539643042803989813745818534711,0.49,0.51,0.5,0.02,40.16,40.16,324.77,42.13,42.13,390.0,12,13,
2026-08-02 07:07:26,777488,3242533,Game 5: Odd/Even Total Kills?,odd_even,5,2026-08-02 09:00:00,112.6,Even,111090787906032420752717008529204938088570636434274863773273409629924503578782,0.49,0.51,0.5,0.02,40.16,40.16,324.77,42.13,42.13,390.0,13,12,
2026-08-02 07:07:26,784454,3279335,LoL: Lausanne-Sport Esports vs Lille Esport (BO1) - Nexus League Regular Season,series,,2026-08-02 11:00:00,232.6,Lausanne-Sport Esports,99473693816433436640599597272820629709891850344949800062178901931971517918859,0.48,0.5,0.49,0.02,59.5,73.6,92.31,68.18,363.94,645.21,22,17,8.33
2026-08-02 07:07:26,784454,3279335,LoL: Lausanne-Sport Esports vs Lille Esport (BO1) - Nexus League Regular Season,series,,2026-08-02 11:00:00,232.6,Lille Esport,817789370808442914580635242466941526079789923006159850696894060669625038585,0.5,0.52,0.51,0.02,65.82,331.7,571.3,65.5,82.52,106.81,17,22,8.33
2026-08-02 07:07:26,784454,3279336,Game 1: Both Teams Slay Baron Nashor?,prop,1,2026-08-02 11:00:00,232.6,Yes,55902381800627531355833752514143215492698454037546646498430281097111920188521,0.06,0.5,0.28,0.44,283.36,283.36,304.16,283.36,283.36,283.36,3,7,
2026-08-02 07:07:26,784454,3279336,Game 1: Both Teams Slay Baron Nashor?,prop,1,2026-08-02 11:00:00,232.6,No,29672130403878024151349046128053522847556791428243592659255222009626050117893,0.5,0.94,0.72,0.44,283.36,283.36,283.36,4439.3,4439.3,6455.45,7,3,
2026-08-02 07:07:26,784454,3279337,Game 1: Both Teams Slay a Dragon?,prop,1,2026-08-02 11:00:00,232.6,Yes,17119151870950402285087342558395175380711906446640911012961856203235959648714,0.5,0.8,0.65,0.3,283.36,283.36,283.36,1133.44,1133.44,1150.44,7,6,
2026-08-02 07:07:26,784454,3279337,Game 1: Both Teams Slay a Dragon?,prop,1,2026-08-02 11:00:00,232.6,No,113639245628381365619733456314148552479554541347938913263069970674144530537011,0.2,0.5,0.35,0.3,283.36,283.36,286.36,283.36,283.36,283.36,6,7,
2026-08-02 07:07:26,784454,3279338,Game 1: Both Teams Destroy Inhibitors?,prop,1,2026-08-02 11:00:00,232.6,Yes,84257537483049847277466872644370686159179025875193944024518237924780025042131,0.05,0.5,0.275,0.45,283.75,284.16,304.75,283.36,283.36,283.36,4,7,
2026-08-02 07:07:26,784454,3279338,Game 1: Both Teams Destroy Inhibitors?,prop,1,2026-08-02 11:00:00,232.6,No,17512970349175966036185638585777782357196988069898006727673109234980829196689,0.5,0.95,0.725,0.45,283.36,283.36,283.36,6807.99,6828.43,8866.43,7,4,
2026-08-02 07:07:26,784454,3279339,Game 1: Any Player Quadra Kill?,prop,1,2026-08-02 11:00:00,232.6,Yes,100195580565681381355894995964091091984821043688528614303186896474559892170773,0.04,0.5,0.27,0.46,283.36,283.41,283.41,283.36,283.36,283.36,2,7,
2026-08-02 07:07:26,784454,3279339,Game 1: Any Player Quadra Kill?,prop,1,2026-08-02 11:00:00,232.6,No,100002284771695156212403639615967612485024240997907737595652834691242696166373,0.5,0.96,0.73,0.46,283.36,283.36,283.36,6800.64,6805.59,6805.59,7,2,
2026-08-02 07:07:26,784454,3279340,Game 1: Any Player Penta Kill?,prop,1,2026-08-02 11:00:00,232.6,Yes,108553955533062190722462560962697635922300727715950859581495777172582856352860,0.01,0.5,0.255,0.49,283.41,283.41,283.41,283.36,283.36,283.36,1,6,
2026-08-02 07:07:26,784454,3279340,Game 1: Any Player Penta Kill?,prop,1,2026-08-02 11:00:00,232.6,No,99429016337898751571198984643766201021703430902614317375747854069649372016546,0.5,0.99,0.745,0.49,283.36,283.36,283.36,28057.59,28057.59,28057.59,6,1,
2026-08-02 07:07:26,784454,3279341,Game 1: Odd/Even Total Kills?,odd_even,1,2026-08-02 11:00:00,232.6,Odd,26084554044742122208541577919387140827516672517649992527852152062483236887771,0.49,0.51,0.5,0.02,7.76,7.76,7.76,8.07,8.07,8.07,10,10,
2026-08-02 07:07:26,784454,3279341,Game 1: Odd/Even Total Kills?,odd_even,1,2026-08-02 11:00:00,232.6,Even,61741879617992978800893084572683048258686760432520729278313723134457915265838,0.49,0.51,0.5,0.02,7.76,7.76,7.76,8.07,8.07,8.07,10,10,
2026-08-02 07:14:45,720804,2985831,LoL: DN SOOPers vs HANJIN BRION - Game 1 Winner,map,1,2026-08-02 08:00:00,45.2,DN SOOPers,42936850482651914409277495257882545988254142261829548050889622816919312279771,0.35,0.36,0.355,0.01,8180.33,14644.41,17402.87,14469.26,19103.95,20158.88,24,26,4521.096912999999
2026-08-02 07:14:45,720804,2985831,LoL: DN SOOPers vs HANJIN BRION - Game 1 Winner,map,1,2026-08-02 08:00:00,45.2,HANJIN BRION,72300873521014331315996822988962847480647045255728209596012804322177150285029,0.64,0.65,0.645,0.01,25693.05,33122.77,34640.84,15854.27,28986.24,35300.42,26,24,4521.096912999999
2026-08-02 07:14:45,720804,2985832,LoL: DN SOOPers vs HANJIN BRION - Game 2 Winner,map,2,2026-08-02 08:00:00,45.2,DN SOOPers,6293002078450018823745497893356590572289968249157219729289882040976874389242,0.33,0.34,0.335,0.01,3682.52,6219.67,6219.67,9584.7,10614.03,11888.18,24,36,13583.249449000003
2026-08-02 07:14:45,720804,2985832,LoL: DN SOOPers vs HANJIN BRION - Game 2 Winner,map,2,2026-08-02 08:00:00,45.2,HANJIN BRION,51651805320304444180996920139489385195635313821107581113327476476510601730075,0.66,0.67,0.665,0.01,17868.75,19639.23,21632.38,7491.09,13294.84,13294.84,36,24,13583.249449000003
2026-08-02 07:14:45,720804,2985833,LoL: DN SOOPers vs HANJIN BRION (BO3) - LCK Round 3-4 Rise Group,series,,2026-08-02 08:00:00,45.2,DN SOOPers,83920944565793264579009568668732470958333402189187686836848086059640655328512,0.29,0.3,0.295,0.01,46826.05,58556.23,63693.0,48748.86,54120.32,55947.46,19,63,136936.84531799998
2026-08-02 07:14:45,720804,2985833,LoL: DN SOOPers vs HANJIN BRION (BO3) - LCK Round 3-4 Rise Group,series,,2026-08-02 08:00:00,45.2,HANJIN BRION,90142340307548158680285244846463054791996473929800648630886781972830446829292,0.7,0.71,0.705,0.01,111797.76,122839.29,126326.17,118819.3,150982.74,167110.3,63,19,136936.84531799998
2026-08-02 07:14:45,720804,2985834,Games Total: O/U 2.5,total_games,,2026-08-02 08:00:00,45.2,Over,115763001589981841934227916705643778300336986478747747006478743351017049320215,0.43,0.44,0.435,0.01,46.25,3083.84,3280.79,44.0,11436.92,13874.56,15,15,599.5266379999999
2026-08-02 07:14:45,720804,2985834,Games Total: O/U 2.5,total_games,,2026-08-02 08:00:00,45.2,Under,91801222121802541444761121490344327534075944391096953237840309703647468371038,0.56,0.57,0.565,0.01,56.0,12973.78,15543.22,63.75,4539.36,4847.41,15,15,599.5266379999999
2026-08-02 07:14:45,720804,2985835,Game Handicap: BRO (-1.5) vs DN SOOPers (+1.5),handicap,,2026-08-02 08:00:00,45.2,HANJIN BRION,2478818261239720677086675483799167438612949482205213347168593674700102622629,0.43,0.44,0.435,0.01,19518.98,20821.2,24731.04,30603.83,50758.13,56273.57,25,26,61055.956469
2026-08-02 07:14:45,720804,2985835,Game Handicap: BRO (-1.5) vs DN SOOPers (+1.5),handicap,,2026-08-02 08:00:00,45.2,DN SOOPers,94834555477028424709848351439230010185388394524770172258089704477087868641163,0.56,0.57,0.565,0.01,37735.7,60929.57,66670.13,26606.86,28535.42,34894.4,26,25,61055.956469
2026-08-02 07:14:45,720804,2985836,Game 1: Both Teams Slay Baron Nashor?,prop,1,2026-08-02 08:00:00,45.2,Yes,44915640594729569087625676620306222412980590579084678991395292033371931560827,0.07,0.49,0.28,0.42,1.45,1.97,2.45,4.07,4.07,4.07,4,5,
2026-08-02 07:14:45,720804,2985836,Game 1: Both Teams Slay Baron Nashor?,prop,1,2026-08-02 08:00:00,45.2,No,37113967443673178032629187181708940461213139311985080295449837338299072323374,0.51,0.93,0.72,0.42,4.23,4.23,4.23,19.25,31.71,47.23,5,4,
2026-08-02 07:14:45,720804,2985837,Game 1: Both Teams Slay a Dragon?,prop,1,2026-08-02 08:00:00,45.2,Yes,81561078706992361174610681826983342457210813688240521193883827615449787089945,0.51,0.78,0.645,0.27,4.28,4.28,4.28,8.58,8.58,8.58,5,5,
2026-08-02 07:14:45,720804,2985837,Game 1: Both Teams Slay a Dragon?,prop,1,2026-08-02 08:00:00,45.2,No,9907281152142873042160819340133770082139172884764291314030269990598666965984,0.22,0.49,0.355,0.27,2.42,2.42,2.42,4.12,4.12,4.12,5,5,
2026-08-02 07:14:45,720804,2985838,Game 1: Both Teams Destroy Inhibitors?,prop,1,2026-08-02 08:00:00,45.2,Yes,71475961584450706233230360574834962522669953698100028735480553421773518962446,0.06,0.49,0.275,0.43,1.45,2.48,2.99,4.07,4.07,4.07,4,5,
2026-08-02 07:14:45,720804,2985838,Game 1: Both Teams Destroy Inhibitors?,prop,1,2026-08-02 08:00:00,45.2,No,96176116817715510739061517798906786856670574020691174289854703473183525042907,0.51,0.94,0.725,0.43,4.23,4.23,4.23,22.75,51.34,102.35,5,4,
2026-08-02 07:14:45,720804,2985839,Game 1: Any Player Quadra Kill?,prop,1,2026-08-02 08:00:00,45.2,Yes,16493390525368333199018739796614614378465922969488141913346132696092540481996,0.02,0.98,0.5,0.96,0.6,0.6,0.6,34.4,34.4,34.4,2,2,
2026-08-02 07:14:45,720804,2985839,Game 1: Any Player Quadra Kill?,prop,1,2026-08-02 08:00:00,45.2,No,56347653585494781062554189637614748771006399122103141423346716304631011312144,0.02,0.98,0.5,0.96,0.6,0.6,0.6,34.4,34.4,34.4,2,2,
2026-08-02 07:14:45,720804,2985840,Game 1: Any Player Penta Kill?,prop,1,2026-08-02 08:00:00,45.2,Yes,49668406403014705401245867535537092853662595481221175539691493508867265252416,0.02,0.5,0.26,0.48,0.6,0.6,0.6,20.0,20.0,20.0,2,4,
2026-08-02 07:14:45,720804,2985840,Game 1: Any Player Penta Kill?,prop,1,2026-08-02 08:00:00,45.2,No,392322018462975303761146965828888407897620802810361622816977224642104664346,0.5,0.98,0.74,0.48,20.0,20.0,20.0,34.4,34.4,34.4,4,2,
2026-08-02 07:14:45,720804,2985841,Game 1: Odd/Even Total Kills?,odd_even,1,2026-08-02 08:00:00,45.2,Odd,64592549155132161597723277379753760434816316220798779424330799858113165111831,0.49,0.51,0.5,0.02,102.33,102.33,386.94,104.05,104.05,451.91,6,6,9.80392
2026-08-02 07:14:45,720804,2985841,Game 1: Odd/Even Total Kills?,odd_even,1,2026-08-02 08:00:00,45.2,Even,22354129330778337787211517449131111296157517049169544234741909359794225096802,0.49,0.51,0.5,0.02,99.97,99.97,384.59,106.5,106.5,454.37,6,6,9.80392
2026-08-02 07:14:45,720804,2985842,Game 2: Both Teams Slay Baron Nashor?,prop,2,2026-08-02 08:00:00,45.2,Yes,57194722881652722287778928856899256552760339229401704787654609080883199550511,0.07,0.49,0.28,0.42,1.45,1.97,2.59,4.12,4.12,4.12,5,5,
2026-08-02 07:14:45,720804,2985842,Game 2: Both Teams Slay Baron Nashor?,prop,2,2026-08-02 08:00:00,45.2,No,59374135450969641428260528220646082053630355448275032123355014422228661214328,0.51,0.93,0.72,0.42,4.28,4.28,4.28,19.25,31.73,54.09,5,5,
2026-08-02 07:14:45,720804,2985843,Game 2: Both Teams Slay a Dragon?,prop,2,2026-08-02 08:00:00,45.2,Yes,16761207663700929763930895000870044109436239314614467819259826218322025602414,0.51,0.78,0.645,0.27,4.23,4.23,4.23,8.58,8.58,8.58,5,5,
2026-08-02 07:14:45,720804,2985843,Game 2: Both Teams Slay a Dragon?,prop,2,2026-08-02 08:00:00,45.2,No,91053011289502335373332454164570546553687856896383620203832129814970866007559,0.22,0.49,0.355,0.27,2.42,2.42,2.42,4.07,4.07,4.07,5,5,
2026-08-02 07:14:45,720804,2985844,Game 2: Both Teams Destroy Inhibitors?,prop,2,2026-08-02 08:00:00,45.2,Yes,72080657131222492875722184018671784613358675618683575643423920669409123373805,0.06,0.49,0.275,0.43,1.45,2.46,2.99,4.07,4.07,4.07,4,4,
2026-08-02 07:14:45,720804,2985844,Game 2: Both Teams Destroy Inhibitors?,prop,2,2026-08-02 08:00:00,45.2,No,76575595827436686508796323618238841350839192478819249193882303206472590522650,0.51,0.94,0.725,0.43,4.23,4.23,4.23,22.75,51.05,103.27,4,4,
2026-08-02 07:14:45,720804,2985845,Game 2: Any Player Quadra Kill?,prop,2,2026-08-02 08:00:00,45.2,Yes,76246363645423051975364496046855254236794026710696233410148462217483517468912,0.02,0.98,0.5,0.96,0.6,0.6,0.6,34.4,34.4,34.4,2,2,
2026-08-02 07:14:45,720804,2985845,Game 2: Any Player Quadra Kill?,prop,2,2026-08-02 08:00:00,45.2,No,82952967493967711298009068236655995385276954244991565434629591429951419785253,0.02,0.98,0.5,0.96,0.6,0.6,0.6,34.4,34.4,34.4,2,2,
2026-08-02 07:14:45,720804,2985846,Game 2: Any Player Penta Kill?,prop,2,2026-08-02 08:00:00,45.2,Yes,32202589203000764524594958432996792352023689136584650862389425963534626513896,0.02,0.47,0.245,0.45,0.6,0.6,0.6,21.08,21.08,21.08,2,5,
2026-08-02 07:14:45,720804,2985846,Game 2: Any Player Penta Kill?,prop,2,2026-08-02 08:00:00,45.2,No,41247326107088233542428794448520019157752700819922175251278359525383173138072,0.53,0.98,0.755,0.45,23.62,23.62,23.62,34.4,34.4,34.4,5,2,
2026-08-02 07:14:45,720804,2985847,Game 2: Odd/Even Total Kills?,odd_even,2,2026-08-02 08:00:00,45.2,Odd,14101125707317252499556366876532811859229089743435541998693959506889109440513,0.49,0.51,0.5,0.02,102.33,102.33,386.94,106.5,106.5,454.37,5,5,
2026-08-02 07:14:45,720804,2985847,Game 2: Odd/Even Total Kills?,odd_even,2,2026-08-02 08:00:00,45.2,Even,112433670667782516872456707749946291262697470726766165959272619193571438860014,0.49,0.51,0.5,0.02,102.33,102.33,386.94,106.5,106.5,454.37,5,5,
2026-08-02 07:14:45,720804,2985848,Game 3: Both Teams Slay Baron Nashor?,prop,3,2026-08-02 08:00:00,45.2,Yes,104136964712435805736220279460301224337589608756593979191221375998315537578826,0.07,0.95,0.51,0.88,1.52,2.07,2.55,32.85,64.22,106.06,4,5,
2026-08-02 07:14:45,720804,2985848,Game 3: Both Teams Slay Baron Nashor?,prop,3,2026-08-02 08:00:00,45.2,No,58227032133651406364524656801923559562496425913687094624385449611629670118018,0.05,0.93,0.49,0.88,1.48,2.4,2.82,20.18,33.38,48.9,5,4,
2026-08-02 07:14:45,720804,2985849,Game 3: Both Teams Slay a Dragon?,prop,3,2026-08-02 08:00:00,45.2,Yes,62359769166445215506801265907978402615199925175015226504522160105921437334234,0.05,0.78,0.415,0.73,1.51,2.28,2.75,8.58,8.58,8.58,4,4,
2026-08-02 07:14:45,720804,2985849,Game 3: Both Teams Slay a Dragon?,prop,3,2026-08-02 08:00:00,45.2,No,83654870348198823667332595091134305392760162249370758365244315399177123554265,0.22,0.95,0.585,0.73,2.42,2.42,2.42,33.6,58.57,105.09,4,4,
2026-08-02 07:14:45,720804,2985850,Game 3: Both Teams Destroy Inhibitors?,prop,3,2026-08-02 08:00:00,45.2,Yes,15560581673514295406323370069329485324079403980988726489321483925152219020603,0.07,0.95,0.51,0.88,1.9,2.19,2.67,32.47,66.36,108.2,5,5,
2026-08-02 07:14:45,720804,2985850,Game 3: Both Teams Destroy Inhibitors?,prop,3,2026-08-02 08:00:00,45.2,No,35084658982496356177161118423351755624835829136464432164708520782096827818976,0.05,0.93,0.49,0.88,1.46,2.46,2.88,28.73,35.72,51.24,5,5,
2026-08-02 07:14:45,720804,2985851,Game 3: Any Player Quadra Kill?,prop,3,2026-08-02 08:00:00,45.2,Yes,75468224762988852590066020869645592387061629400786739342571011064205596141274,0.02,0.98,0.5,0.96,0.6,0.6,0.6,34.4,34.4,34.4,2,2,
2026-08-02 07:14:45,720804,2985851,Game 3: Any Player Quadra Kill?,prop,3,2026-08-02 08:00:00,45.2,No,74647852821951903964313502511589443983089513099015021935729078044895223408021,0.02,0.98,0.5,0.96,0.6,0.6,0.6,34.4,34.4,34.4,2,2,
2026-08-02 07:14:45,720804,2985852,Game 3: Any Player Penta Kill?,prop,3,2026-08-02 08:00:00,45.2,Yes,107684476421773351543830332455122213678091807083550082965983665787711393740939,0.17,0.98,0.575,0.81,2.88,2.88,2.88,34.4,34.4,34.4,5,2,
2026-08-02 07:14:45,720804,2985852,Game 3: Any Player Penta Kill?,prop,3,2026-08-02 08:00:00,45.2,No,106156280359148725335259783092663119689979144099409849171363101956551129219138,0.02,0.83,0.425,0.81,0.6,0.6,0.6,14.82,14.82,14.82,2,5,
2026-08-02 07:14:45,720804,2985853,Game 3: Odd/Even Total Kills?,odd_even,3,2026-08-02 08:00:00,45.2,Odd,75183633087080408500425823268702677619156746674341626211978771280711642562797,0.49,0.51,0.5,0.02,102.33,102.33,386.94,106.5,106.5,454.37,5,5,
2026-08-02 07:14:45,720804,2985853,Game 3: Odd/Even Total Kills?,odd_even,3,2026-08-02 08:00:00,45.2,Even,28081118088313904661731832500271423416547915012124693594931517615532487909024,0.49,0.51,0.5,0.02,102.33,102.33,386.94,106.5,106.5,454.37,5,5,
2026-08-02 07:14:45,721080,2986370,LoL: KT Rolster vs Hanwha Life Esports - Game 1 Winner,map,1,2026-08-02 10:00:00,165.2,KT Rolster,34594325533642117507642159322716124599857225738062374685984504761227139366952,0.29,0.3,0.295,0.01,21197.57,25610.99,29477.87,1856.25,3512.09,4877.04,25,50,9160.683058
2026-08-02 07:14:45,721080,2986370,LoL: KT Rolster vs Hanwha Life Esports - Game 1 Winner,map,1,2026-08-02 10:00:00,165.2,Hanwha Life Esports,103969060068663202958737267818166908632490830090734143973682451698126351422318,0.7,0.71,0.705,0.01,4208.57,7708.73,10295.6,52112.96,64308.39,75915.51,50,25,9160.683058
2026-08-02 07:14:45,721080,2986371,LoL: KT Rolster vs Hanwha Life Esports - Game 2 Winner,map,2,2026-08-02 10:00:00,165.2,KT Rolster,39965242555365450547409177975991606172186665712705629250514283318127082005363,0.29,0.3,0.295,0.01,21111.99,25328.07,29176.2,438.84,2115.0,3133.51,24,35,4788.684639
2026-08-02 07:14:45,721080,2986371,LoL: KT Rolster vs Hanwha Life Esports - Game 2 Winner,map,2,2026-08-02 10:00:00,165.2,Hanwha Life Esports,33690771233587419806093213105105619933054597488040019806430350107735916987607,0.7,0.71,0.705,0.01,1022.35,4563.19,6489.0,51901.43,63548.2,75099.07,35,24,4788.684639
2026-08-02 07:14:45,721080,2986372,LoL: KT Rolster vs Hanwha Life Esports (BO3) - LCK Round 3-4 Legend Group,series,,2026-08-02 10:00:00,165.2,KT Rolster,42643993102653849154226829403774324173651687095442113167701765177299747004343,0.23,0.24,0.235,0.01,68794.64,74724.23,82779.58,35573.15,42743.09,51445.29,22,51,80098.39866399995
2026-08-02 07:14:45,721080,2986372,LoL: KT Rolster vs Hanwha Life Esports (BO3) - LCK Round 3-4 Legend Group,series,,2026-08-02 10:00:00,165.2,Hanwha Life Esports,86222734336247731664864731734281512829733267574920066804362888057386190851592,0.76,0.77,0.765,0.01,110786.69,130819.24,152704.74,233364.96,256404.53,291994.87,51,22,80098.39866399995
2026-08-02 07:14:45,721080,2986373,Games Total: O/U 2.5,total_games,,2026-08-02 10:00:00,165.2,Over,63672276910572687576121825250397124939009059775063162590377500959696972992300,0.41,0.42,0.415,0.01,1183.21,4376.84,8969.95,11483.39,26306.53,30438.02,28,31,4586.888937
2026-08-02 07:14:45,721080,2986373,Games Total: O/U 2.5,total_games,,2026-08-02 10:00:00,165.2,Under,79875767970364534665650111364334339973831867074710937278033421408518954931264,0.58,0.59,0.585,0.01,15447.78,33750.71,38525.67,1770.47,6905.92,14984.46,31,28,4586.888937
2026-08-02 07:14:45,721080,2986374,Game Handicap: HLE (-1.5) vs KT Rolster (+1.5),handicap,,2026-08-02 10:00:00,165.2,Hanwha Life Esports,90359543367658056432356794620654914204787357372426502077089159155115893371056,0.49,0.5,0.495,0.01,3658.48,15797.52,25739.2,13080.88,19521.8,22521.5,35,29,9735.871961
2026-08-02 07:14:45,721080,2986374,Game Handicap: HLE (-1.5) vs KT Rolster (+1.5),handicap,,2026-08-02 10:00:00,165.2,KT Rolster,37860344211327312251897046288311142624279126319609539398379622577284409045289,0.5,0.51,0.505,0.01,13006.99,18835.09,21390.39,3951.3,17912.26,30170.12,29,35,9735.871961
2026-08-02 07:14:45,721080,2986375,Game 1: Both Teams Slay Baron Nashor?,prop,1,2026-08-02 10:00:00,165.2,Yes,104345867989692261393050694900698216922976549364510130468036520586580143630553,0.07,0.25,0.16,0.18,117.67,120.14,136.41,94.28,94.28,94.28,7,18,
2026-08-02 07:14:45,721080,2986375,Game 1: Both Teams Slay Baron Nashor?,prop,1,2026-08-02 10:00:00,165.2,No,6079862688075335512164816124943298458614347580598637103172963867177694690692,0.75,0.93,0.84,0.18,282.84,282.84,282.84,1840.03,1896.98,2648.29,18,7,
2026-08-02 07:14:45,721080,2986376,Game 1: Both Teams Slay a Dragon?,prop,1,2026-08-02 10:00:00,165.2,Yes,42973340741734498935010306063596765823965728917263155647396897925065859016416,0.66,0.78,0.72,0.12,182.77,182.77,182.77,792.52,792.52,801.63,19,14,2.435895
2026-08-02 07:14:45,721080,2986376,Game 1: Both Teams Slay a Dragon?,prop,1,2026-08-02 10:00:00,165.2,No,21419732133763773940818944461143665527900650117271110847467532375118994395132,0.22,0.34,0.28,0.12,212.04,212.04,214.04,94.15,94.15,94.15,14,19,2.435895
2026-08-02 07:14:45,721080,2986377,Game 1: Both Teams Destroy Inhibitors?,prop,1,2026-08-02 10:00:00,165.2,Yes,94367415131501593832941389121611884595863799818484887495972159055633778627748,0.06,0.2,0.13,0.14,1.45,6.5,11.55,74.8,74.8,74.8,5,18,
2026-08-02 07:14:45,721080,2986377,Game 1: Both Teams Destroy Inhibitors?,prop,1,2026-08-02 10:00:00,165.2,No,82467783284892218535513158472162488367372152555545671506505040262251666995648,0.8,0.94,0.87,0.14,299.22,299.22,299.22,22.75,181.3,665.46,18,5,
2026-08-02 07:14:45,721080,2986378,Game 1: Any Player Quadra Kill?,prop,1,2026-08-02 10:00:00,165.2,Yes,39385159136667283969880976595801020915086981291080625485204800502842888488067,0.07,0.5,0.285,0.43,283.36,283.36,299.24,283.36,283.36,283.36,4,16,
2026-08-02 07:14:45,721080,2986378,Game 1: Any Player Quadra Kill?,prop,1,2026-08-02 10:00:00,165.2,No,31527164120936708237252299435039247838725890059170462239118829978120180887351,0.5,0.93,0.715,0.43,283.36,283.36,283.36,3764.64,3764.64,4509.26,16,4,
2026-08-02 07:14:45,721080,2986379,Game 1: Any Player Penta Kill?,prop,1,2026-08-02 10:00:00,165.2,Yes,40713313279867128503829853271150938580625030308357140787701214681547937729481,0.01,0.47,0.24,0.46,283.96,283.96,283.96,21.08,304.44,304.44,1,17,
2026-08-02 07:14:45,721080,2986379,Game 1: Any Player Penta Kill?,prop,1,2026-08-02 10:00:00,165.2,No,62324754847347008882603875011731439134692059874571645658510717689613890450027,0.53,0.99,0.76,0.46,23.62,306.98,306.98,28112.04,28112.04,28112.04,17,1,
2026-08-02 07:14:45,721080,2986380,Game 1: Odd/Even Total Kills?,odd_even,1,2026-08-02 10:00:00,165.2,Odd,30348296157278420141569268078351484012475346779116653429916228586079115531029,0.49,0.51,0.5,0.02,127.39,149.37,433.99,130.58,157.03,504.89,20,20,9.80392
2026-08-02 07:14:45,721080,2986380,Game 1: Odd/Even Total Kills?,odd_even,1,2026-08-02 10:00:00,165.2,Even,48602473535589365406930861301610196184831867601675589284756141674608750469803,0.49,0.51,0.5,0.02,124.45,146.99,431.61,133.65,159.46,507.32,20,20,9.80392
2026-08-02 07:14:45,721080,2986381,Game 2: Both Teams Slay Baron Nashor?,prop,2,2026-08-02 10:00:00,165.2,Yes,1245757252097993466296331383565874896213614610692471919534463471310424389467,0.07,0.25,0.16,0.18,117.67,120.14,136.41,94.28,94.28,94.28,7,18,
2026-08-02 07:14:45,721080,2986381,Game 2: Both Teams Slay Baron Nashor?,prop,2,2026-08-02 10:00:00,165.2,No,395762692039928235985558389583486150754999905835974431192948408243566378966,0.75,0.93,0.84,0.18,282.84,282.84,282.84,1840.03,1896.98,2648.29,18,7,
2026-08-02 07:14:45,721080,2986382,Game 2: Both Teams Slay a Dragon?,prop,2,2026-08-02 10:00:00,165.2,Yes,16893863549421259811745102806726064332275772288917958505583017718868898456990,0.6,0.78,0.69,0.18,306.72,306.72,306.72,794.42,794.42,803.53,19,14,
2026-08-02 07:14:45,721080,2986382,Game 2: Both Teams Slay a Dragon?,prop,2,2026-08-02 10:00:00,165.2,No,64657224681459787018356822084362236830472822980635175881452728918048695742664,0.22,0.4,0.31,0.18,212.58,212.58,214.58,204.48,204.48,204.48,14,19,
2026-08-02 07:14:45,721080,2986383,Game 2: Both Teams Destroy Inhibitors?,prop,2,2026-08-02 10:00:00,165.2,Yes,13750293712684638415053709682196794442325385807769193657959548172492255618417,0.06,0.2,0.13,0.14,1.45,6.5,11.54,74.8,74.8,74.8,5,18,
2026-08-02 07:14:45,721080,2986383,Game 2: Both Teams Destroy Inhibitors?,prop,2,2026-08-02 10:00:00,165.2,No,1078194083765815778330339210649730105284046225659107001950156196438600253250,0.8,0.94,0.87,0.14,299.22,299.22,299.22,22.75,181.3,664.47,18,5,
2026-08-02 07:14:45,721080,2986384,Game 2: Any Player Quadra Kill?,prop,2,2026-08-02 10:00:00,165.2,Yes,79951289875475743534629830302583769408704203745718796844505245983592656540753,0.07,0.5,0.285,0.43,283.36,283.36,299.24,283.36,283.36,283.36,4,16,
2026-08-02 07:14:45,721080,2986384,Game 2: Any Player Quadra Kill?,prop,2,2026-08-02 10:00:00,165.2,No,37845630014581547224653506851779696836520710021404371942827047993057219365562,0.5,0.93,0.715,0.43,283.36,283.36,283.36,3764.64,3764.64,4509.26,16,4,
2026-08-02 07:14:45,721080,2986385,Game 2: Any Player Penta Kill?,prop,2,2026-08-02 10:00:00,165.2,Yes,57654238363329149355239216886899571669225456971905444547725873212339493766604,0.02,0.49,0.255,0.47,283.96,283.96,283.96,302.47,302.47,302.47,2,16,
2026-08-02 07:14:45,721080,2986385,Game 2: Any Player Penta Kill?,prop,2,2026-08-02 10:00:00,165.2,No,7916920208278111586619816517604648630034753228320714455532312485569021098938,0.51,0.98,0.745,0.47,303.25,303.25,303.25,28087.04,28087.04,28087.04,16,2,
2026-08-02 07:14:45,721080,2986386,Game 2: Odd/Even Total Kills?,odd_even,2,2026-08-02 10:00:00,165.2,Odd,230171925225418495218247562834714364218163859484990041274711892456692466187,0.49,0.51,0.5,0.02,127.39,149.37,433.99,133.65,159.46,507.32,19,20,
2026-08-02 07:14:45,721080,2986386,Game 2: Odd/Even Total Kills?,odd_even,2,2026-08-02 10:00:00,165.2,Even,28238814948844013516724124493740353752522478372393317841739714049312218284906,0.49,0.51,0.5,0.02,127.39,149.37,433.99,133.65,159.46,507.32,20,19,
2026-08-02 07:14:45,721080,2986387,Game 3: Both Teams Slay Baron Nashor?,prop,3,2026-08-02 10:00:00,165.2,Yes,101238031167342276670149059369518993263703686122469937355543260922456896959391,0.07,0.95,0.51,0.88,285.27,285.53,301.57,32.5,169.17,388.71,6,5,
2026-08-02 07:14:45,721080,2986387,Game 3: Both Teams Slay Baron Nashor?,prop,3,2026-08-02 10:00:00,165.2,No,99018760730460059819699234987174946581894253990030525033804225752196466495767,0.05,0.93,0.49,0.88,1.46,4.6,6.81,4464.72,4470.81,5215.59,5,6,
2026-08-02 07:14:45,721080,2986388,Game 3: Both Teams Slay a Dragon?,prop,3,2026-08-02 10:00:00,165.2,Yes,5632532769136403007275438416288402420720692898120854842662607196495637247912,0.05,0.78,0.415,0.73,1.44,4.65,6.87,1152.55,1152.55,1169.15,5,14,
2026-08-02 07:14:45,721080,2986388,Game 3: Both Teams Slay a Dragon?,prop,3,2026-08-02 10:00:00,165.2,No,92800177529879733825678885878741848969846282622349002430823268067215508275629,0.22,0.95,0.585,0.73,307.78,307.78,311.18,32.14,171.53,391.7,14,5,
2026-08-02 07:14:45,721080,2986389,Game 3: Both Teams Destroy Inhibitors?,prop,3,2026-08-02 10:00:00,165.2,Yes,89580719086090598232788531546698999200083540254855964101359635057664525480482,0.07,0.95,0.51,0.88,1.86,285.48,290.07,32.88,171.21,390.74,6,5,
2026-08-02 07:14:45,721080,2986389,Game 3: Both Teams Destroy Inhibitors?,prop,3,2026-08-02 10:00:00,165.2,No,80407421672704252821754535218772277001442166229525090217101253269700185493713,0.05,0.93,0.49,0.88,1.48,4.66,6.88,28.1,6835.0,7018.64,5,6,
2026-08-02 07:14:45,721080,2986390,Game 3: Any Player Quadra Kill?,prop,3,2026-08-02 10:00:00,165.2,Yes,87833253138772782923700654226601495288969012948514728611993242981634160416544,0.07,0.99,0.53,0.92,283.36,283.36,298.74,59.4,59.4,59.4,4,1,
2026-08-02 07:14:45,721080,2986390,Game 3: Any Player Quadra Kill?,prop,3,2026-08-02 10:00:00,165.2,No,66821089537312411908543764018491266400379730963833492109914016791939757351866,0.01,0.93,0.47,0.92,0.6,0.6,0.6,3764.64,3764.64,4484.76,1,4,
2026-08-02 07:14:45,721080,2986391,Game 3: Any Player Penta Kill?,prop,3,2026-08-02 10:00:00,165.2,Yes,58558755059175506929649023019994126599646655868974660611223338388543470437553,0.17,0.98,0.575,0.81,2.88,2.88,2.88,232.4,232.4,232.4,5,2,
2026-08-02 07:14:45,721080,2986391,Game 3: Any Player Penta Kill?,prop,3,2026-08-02 10:00:00,165.2,No,91607662923460085786489419427091729139559442983846517426184623922202399691924,0.02,0.83,0.425,0.81,2.6,2.6,2.6,14.82,14.82,14.82,2,5,
2026-08-02 07:14:45,721080,2986392,Game 3: Odd/Even Total Kills?,odd_even,3,2026-08-02 10:00:00,165.2,Odd,16355459824280043176337744013007287271582517215531065265685880989257306103618,0.49,0.51,0.5,0.02,127.39,149.37,433.99,133.65,159.46,507.32,20,20,
2026-08-02 07:14:45,721080,2986392,Game 3: Odd/Even Total Kills?,odd_even,3,2026-08-02 10:00:00,165.2,Even,81089390213377589409076648125214395970684470077535699040305552310299757769816,0.49,0.51,0.5,0.02,127.39,149.37,433.99,133.65,159.46,507.32,20,20,
2026-08-02 07:14:45,743170,3080856,LoL: ThunderTalk Gaming vs Team WE - Game 1 Winner,map,1,2026-08-02 07:00:00,-14.8,ThunderTalk Gaming,72496135746065500247901246672311988779275411906571209759439852708611576071027,0.27,0.29,0.28,0.02,1169.04,1323.23,1323.23,8116.09,11128.18,13792.48,23,59,8446.078069
2026-08-02 07:14:45,743170,3080856,LoL: ThunderTalk Gaming vs Team WE - Game 1 Winner,map,1,2026-08-02 07:00:00,-14.8,Team WE,86406897272144859430606590863571410444264660567962881318145059910183257772933,0.71,0.72,0.715,0.01,19423.8,23739.38,29134.25,3235.66,3378.71,3731.58,58,24,8446.078069
2026-08-02 07:14:45,743170,3080857,LoL: ThunderTalk Gaming vs Team WE - Game 2 Winner,map,2,2026-08-02 07:00:00,-14.8,ThunderTalk Gaming,76752916551697359157851234269297016591012843522959969977805224055761398575042,0.34,0.35,0.345,0.01,675.83,2636.52,3547.42,2628.9,2675.15,2777.72,17,26,573.0009289999999
2026-08-02 07:14:45,743170,3080857,LoL: ThunderTalk Gaming vs Team WE - Game 2 Winner,map,2,2026-08-02 07:00:00,-14.8,Team WE,65010317623213437982030806655308793500445270659341039623165426683797274071506,0.65,0.66,0.655,0.01,4705.23,4783.98,4944.41,1361.03,5531.76,7742.35,26,17,573.0009289999999
2026-08-02 07:14:45,743170,3080858,LoL: ThunderTalk Gaming vs Team WE (BO3) - LPL Group Ascend,series,,2026-08-02 07:00:00,-14.8,ThunderTalk Gaming,102071153892246039627048034194967021680193759805083679061162745293075874048047,0.27,0.28,0.275,0.01,1332.17,1372.92,1552.81,5326.64,30913.43,31020.73,25,56,191681.83603699997
2026-08-02 07:14:45,743170,3080858,LoL: ThunderTalk Gaming vs Team WE (BO3) - LPL Group Ascend,series,,2026-08-02 07:00:00,-14.8,Team WE,107302480629937459746801418935680895835862951318163699611993485492174680492656,0.72,0.73,0.725,0.01,13217.58,70185.97,70413.67,3734.76,3857.01,4481.76,56,25,191681.83603699997
2026-08-02 07:14:45,743170,3080859,Games Total: O/U 2.5,total_games,,2026-08-02 07:00:00,-14.8,Over,107594494912723104964093717822186803561399283167752733293344196473822150830801,0.42,0.45,0.435,0.03,4.2,4.2,4.2,2227.84,2227.84,2239.53,11,15,2307.599738
2026-08-02 07:14:45,743170,3080859,Games Total: O/U 2.5,total_games,,2026-08-02 07:00:00,-14.8,Under,13195949740986299733115750603639707489456064739889325747062719688400177484721,0.55,0.58,0.565,0.03,2722.91,2722.91,2734.98,5.8,5.8,5.8,15,11,2307.599738
2026-08-02 07:14:45,743170,3080860,Game Handicap: WE (-1.5) vs ThunderTalk Gaming (+1.5),handicap,,2026-08-02 07:00:00,-14.8,Team WE,72898904332442991379697379372607989319613847572204270780556694513998511299687,0.46,0.49,0.475,0.03,38.35,38.35,87.85,3852.38,3852.38,3852.38,14,16,31793.120862999996
2026-08-02 07:14:45,743170,3080860,Game Handicap: WE (-1.5) vs ThunderTalk Gaming (+1.5),handicap,,2026-08-02 07:00:00,-14.8,ThunderTalk Gaming,50834236677980205127685734657806100902200221308325695417181113975675617751500,0.51,0.54,0.525,0.03,4009.62,4009.62,4009.62,45.01,45.01,113.37,16,14,31793.120862999996
2026-08-02 07:14:45,743170,3080861,Game 1: Both Teams Slay Baron Nashor?,prop,1,2026-08-02 07:00:00,-14.8,Yes,576199460582024193100725101261977861313235933865014426802032541129552297770,,,,,0.0,0.0,0.0,0.0,0.0,0.0,0,0,
2026-08-02 07:14:45,743170,3080861,Game 1: Both Teams Slay Baron Nashor?,prop,1,2026-08-02 07:00:00,-14.8,No,39148998634785957714637765512152768766586838959238901897071669687131023587459,,,,,0.0,0.0,0.0,0.0,0.0,0.0,0,0,
2026-08-02 07:14:45,743170,3080862,Game 1: Both Teams Slay a Dragon?,prop,1,2026-08-02 07:00:00,-14.8,Yes,12798444312028531986523161040093625635680994958660481961288482187110266231846,,,,,0.0,0.0,0.0,0.0,0.0,0.0,0,0,6.405061
2026-08-02 07:14:45,743170,3080862,Game 1: Both Teams Slay a Dragon?,prop,1,2026-08-02 07:00:00,-14.8,No,77088962572483445588626120910059447941522620776186008716249040366097850926880,,,,,0.0,0.0,0.0,0.0,0.0,0.0,0,0,6.405061
2026-08-02 07:14:45,743170,3080863,Game 1: Both Teams Destroy Inhibitors?,prop,1,2026-08-02 07:00:00,-14.8,Yes,23431616529800285954157853389995618720561419057686883100386442761747625637104,,,,,0.0,0.0,0.0,0.0,0.0,0.0,0,0,
2026-08-02 07:14:45,743170,3080863,Game 1: Both Teams Destroy Inhibitors?,prop,1,2026-08-02 07:00:00,-14.8,No,66554463746156474753360063073089192961440136242626809840747100770144773363381,,,,,0.0,0.0,0.0,0.0,0.0,0.0,0,0,
2026-08-02 07:14:45,743170,3080864,Game 1: Any Player Quadra Kill?,prop,1,2026-08-02 07:00:00,-14.8,Yes,22455107191123144705981038449625131671221453070883782041240941374293880968288,,,,,0.0,0.0,0.0,0.0,0.0,0.0,0,0,
2026-08-02 07:14:45,743170,3080864,Game 1: Any Player Quadra Kill?,prop,1,2026-08-02 07:00:00,-14.8,No,57661462033981889980416103903558356629279739546061415204700512894530729898269,,,,,0.0,0.0,0.0,0.0,0.0,0.0,0,0,
2026-08-02 07:14:45,743170,3080865,Game 1: Any Player Penta Kill?,prop,1,2026-08-02 07:00:00,-14.8,Yes,38163109940135782122194759258784261278998733099801323596701954770736607626752,,,,,0.0,0.0,0.0,0.0,0.0,0.0,0,0,
2026-08-02 07:14:45,743170,3080865,Game 1: Any Player Penta Kill?,prop,1,2026-08-02 07:00:00,-14.8,No,18263507673053474198234050929721878908174235128213603833935283248455845943858,,,,,0.0,0.0,0.0,0.0,0.0,0.0,0,0,
2026-08-02 07:14:45,743170,3080866,Game 1: Odd/Even Total Kills?,odd_even,1,2026-08-02 07:00:00,-14.8,Odd,85798990390253236886572130022554634660940011863431591207755224338342575313983,,,,,0.0,0.0,0.0,0.0,0.0,0.0,0,0,
2026-08-02 07:14:45,743170,3080866,Game 1: Odd/Even Total Kills?,odd_even,1,2026-08-02 07:00:00,-14.8,Even,47936515113103876354401977929271863637215537317870382878338698939378687308220,,,,,0.0,0.0,0.0,0.0,0.0,0.0,0,0,
2026-08-02 07:14:45,743170,3080867,Game 2: Both Teams Slay Baron Nashor?,prop,2,2026-08-02 07:00:00,-14.8,Yes,60281269953928099872331843176728418985547710930507954182708820022609808669897,,,,,0.0,0.0,0.0,0.0,0.0,0.0,0,0,
2026-08-02 07:14:45,743170,3080867,Game 2: Both Teams Slay Baron Nashor?,prop,2,2026-08-02 07:00:00,-14.8,No,54226307805103642247368181146777059036318134178988043479524344500872140305962,,,,,0.0,0.0,0.0,0.0,0.0,0.0,0,0,
2026-08-02 07:14:45,743170,3080868,Game 2: Both Teams Slay a Dragon?,prop,2,2026-08-02 07:00:00,-14.8,Yes,29739434282903929326119644557308650803403459184094521455401480492552851758792,,,,,0.0,0.0,0.0,0.0,0.0,0.0,0,0,6.405061
2026-08-02 07:14:45,743170,3080868,Game 2: Both Teams Slay a Dragon?,prop,2,2026-08-02 07:00:00,-14.8,No,115189779164715499661096663266273794100452504398581109422822509223165504997016,,,,,0.0,0.0,0.0,0.0,0.0,0.0,0,0,6.405061
2026-08-02 07:14:45,743170,3080869,Game 2: Both Teams Destroy Inhibitors?,prop,2,2026-08-02 07:00:00,-14.8,Yes,88990911960391494970969025618777169053962523897236517506343545936592821417150,,,,,0.0,0.0,0.0,0.0,0.0,0.0,0,0,
2026-08-02 07:14:45,743170,3080869,Game 2: Both Teams Destroy Inhibitors?,prop,2,2026-08-02 07:00:00,-14.8,No,10524318344677108875682344365087472988103237322063807998004848565189515778420,,,,,0.0,0.0,0.0,0.0,0.0,0.0,0,0,
2026-08-02 07:14:45,743170,3080870,Game 2: Any Player Quadra Kill?,prop,2,2026-08-02 07:00:00,-14.8,Yes,60151038950673183831317840708733437193639535219371433492499517893097352170958,,,,,0.0,0.0,0.0,0.0,0.0,0.0,0,0,
2026-08-02 07:14:45,743170,3080870,Game 2: Any Player Quadra Kill?,prop,2,2026-08-02 07:00:00,-14.8,No,96670306229134967862342679387306668871486431855351232811714354282383437049694,,,,,0.0,0.0,0.0,0.0,0.0,0.0,0,0,
2026-08-02 07:14:45,743170,3080871,Game 2: Any Player Penta Kill?,prop,2,2026-08-02 07:00:00,-14.8,Yes,85436915482113046069979555825963002631887797266173136356295138827309011750777,,,,,0.0,0.0,0.0,0.0,0.0,0.0,0,0,
2026-08-02 07:14:45,743170,3080871,Game 2: Any Player Penta Kill?,prop,2,2026-08-02 07:00:00,-14.8,No,18077218119331989121746877984118590164679237634729750935595601490676077255075,,,,,0.0,0.0,0.0,0.0,0.0,0.0,0,0,
2026-08-02 07:14:45,743170,3080872,Game 2: Odd/Even Total Kills?,odd_even,2,2026-08-02 07:00:00,-14.8,Odd,34489811684252406008666584709129492333999413412636899041454268250718879985571,,,,,0.0,0.0,0.0,0.0,0.0,0.0,0,0,
2026-08-02 07:14:45,743170,3080872,Game 2: Odd/Even Total Kills?,odd_even,2,2026-08-02 07:00:00,-14.8,Even,54240670553404029184267189483971374359932954287994832023836725546285071185760,,,,,0.0,0.0,0.0,0.0,0.0,0.0,0,0,
2026-08-02 07:14:45,743170,3080873,Game 3: Both Teams Slay Baron Nashor?,prop,3,2026-08-02 07:00:00,-14.8,Yes,57811859513176873940762138997441201835014358696460679905995989548048354540264,,,,,0.0,0.0,0.0,0.0,0.0,0.0,0,0,
2026-08-02 07:14:45,743170,3080873,Game 3: Both Teams Slay Baron Nashor?,prop,3,2026-08-02 07:00:00,-14.8,No,51295536053704709752778560732608776452578283468330820057353695324319173655698,,,,,0.0,0.0,0.0,0.0,0.0,0.0,0,0,
2026-08-02 07:14:45,743170,3080874,Game 3: Both Teams Slay a Dragon?,prop,3,2026-08-02 07:00:00,-14.8,Yes,58179717417989811646094036412121479543745227457593444191940365470656571742504,,,,,0.0,0.0,0.0,0.0,0.0,0.0,0,0,
2026-08-02 07:14:45,743170,3080874,Game 3: Both Teams Slay a Dragon?,prop,3,2026-08-02 07:00:00,-14.8,No,87343980035439006519000360405908787631260216234022290897341333211611511248508,,,,,0.0,0.0,0.0,0.0,0.0,0.0,0,0,
2026-08-02 07:14:45,743170,3080875,Game 3: Both Teams Destroy Inhibitors?,prop,3,2026-08-02 07:00:00,-14.8,Yes,74678058446583988767533004421742293971027577469169916019811692511985126363708,,,,,0.0,0.0,0.0,0.0,0.0,0.0,0,0,
2026-08-02 07:14:45,743170,3080875,Game 3: Both Teams Destroy Inhibitors?,prop,3,2026-08-02 07:00:00,-14.8,No,82798674080384483807860851761423273009124194055854717645716960582960189361391,,,,,0.0,0.0,0.0,0.0,0.0,0.0,0,0,
2026-08-02 07:14:45,743170,3080876,Game 3: Any Player Quadra Kill?,prop,3,2026-08-02 07:00:00,-14.8,Yes,58611970458737825773401922102759993341146813236760305689783843601007398487475,,,,,0.0,0.0,0.0,0.0,0.0,0.0,0,0,
2026-08-02 07:14:45,743170,3080876,Game 3: Any Player Quadra Kill?,prop,3,2026-08-02 07:00:00,-14.8,No,74171810259521672240665790528210581675653866689973453247559598379119949082738,,,,,0.0,0.0,0.0,0.0,0.0,0.0,0,0,
2026-08-02 07:14:45,743170,3080877,Game 3: Any Player Penta Kill?,prop,3,2026-08-02 07:00:00,-14.8,Yes,97607285599517336378648008255312059463093287548866171938351083344468544698733,,,,,0.0,0.0,0.0,0.0,0.0,0.0,0,0,
2026-08-02 07:14:45,743170,3080877,Game 3: Any Player Penta Kill?,prop,3,2026-08-02 07:00:00,-14.8,No,82175050981495448282087797319073848820595273522692792734078876229291900381358,,,,,0.0,0.0,0.0,0.0,0.0,0.0,0,0,
2026-08-02 07:14:45,743170,3080878,Game 3: Odd/Even Total Kills?,odd_even,3,2026-08-02 07:00:00,-14.8,Odd,113990004661101788122433090480026356333967410198432683291909606912670499759571,,,,,0.0,0.0,0.0,0.0,0.0,0.0,0,0,
2026-08-02 07:14:45,743170,3080878,Game 3: Odd/Even Total Kills?,odd_even,3,2026-08-02 07:00:00,-14.8,Even,53396382081016235460482594245617775159364750738670615857179991954098728405392,,,,,0.0,0.0,0.0,0.0,0.0,0.0,0,0,
2026-08-02 07:14:45,743170,3247363,First Blood in Game 1?,first_blood,1,2026-08-02 07:00:00,-14.8,ThunderTalk Gaming,37857650446906043848386849190232009781019679134557605636863633397679278721948,0.04,0.96,0.5,0.92,15.15,15.15,15.15,364.85,364.85,364.85,2,2,146.54044599999997
2026-08-02 07:14:45,743170,3247363,First Blood in Game 1?,first_blood,1,2026-08-02 07:00:00,-14.8,Team WE,104852352619923993034857752108294319586139334267455221962018021958633239346502,0.04,0.96,0.5,0.92,15.15,15.15,15.15,364.85,364.85,364.85,2,2,146.54044599999997
2026-08-02 07:14:45,743170,3247364,First Blood in Game 2?,first_blood,2,2026-08-02 07:00:00,-14.8,ThunderTalk Gaming,49805343744222079587811403498521461301652487360378428401792515699102072258747,0.03,0.97,0.5,0.94,0.15,0.15,0.15,4.85,4.85,4.85,1,1,16.833332
2026-08-02 07:14:45,743170,3247364,First Blood in Game 2?,first_blood,2,2026-08-02 07:00:00,-14.8,Team WE,34975173646955613892802071928251257769371851774569031753455446770178410293492,0.03,0.97,0.5,0.94,0.15,0.15,0.15,4.85,4.85,4.85,1,1,16.833332
2026-08-02 07:14:45,743170,3247365,Total Kills Over/Under 30.5 in Game 1?,total_kills,1,2026-08-02 07:00:00,-14.8,Over,20089612397959481715540428001947492272136532425413320288741789644696953347047,0.56,0.7,0.63,0.14,112.0,112.0,112.0,140.0,140.0,140.0,4,1,555.322907
2026-08-02 07:14:45,743170,3247365,Total Kills Over/Under 30.5 in Game 1?,total_kills,1,2026-08-02 07:00:00,-14.8,Under,48583361312674351102955994336714978409432370604740795969667004880847883586088,0.3,0.44,0.37,0.14,60.0,60.0,60.0,88.0,88.0,88.0,1,4,555.322907
2026-08-02 07:14:45,743170,3247366,Total Kills Over/Under 30.5 in Game 2?,total_kills,2,2026-08-02 07:00:00,-14.8,Over,102341512262568194433893674327876736367357950404093760308808076682839535952801,0.5,0.95,0.725,0.45,30.0,30.0,30.0,23.75,43.25,43.25,7,3,22.962263
2026-08-02 07:14:45,743170,3247366,Total Kills Over/Under 30.5 in Game 2?,total_kills,2,2026-08-02 07:00:00,-14.8,Under,81591286331832699111309387511420548545728045115256401081280741169608168963352,0.05,0.5,0.275,0.45,1.25,1.75,1.75,30.0,30.0,30.0,3,7,22.962263
2026-08-02 07:14:45,743171,3080879,LoL: LNG Esports vs Invictus Gaming - Game 1 Winner,map,1,2026-08-02 09:00:00,105.2,LNG Esports,33102627209976729109354268861299671731479736827582842424085157250507560907381,0.27,0.28,0.275,0.01,885.63,1783.4,2544.59,499.85,1279.52,1801.78,22,37,1848.0985289999999
2026-08-02 07:14:45,743171,3080879,LoL: LNG Esports vs Invictus Gaming - Game 1 Winner,map,1,2026-08-02 09:00:00,105.2,Invictus Gaming,71965553920638607119542065000618740427369545540659518141003521393337025599568,0.72,0.73,0.725,0.01,1227.58,2988.4,4087.96,2472.28,5211.96,7841.56,37,22,1848.0985289999999
2026-08-02 07:14:45,743171,3080880,LoL: LNG Esports vs Invictus Gaming - Game 2 Winner,map,2,2026-08-02 09:00:00,105.2,LNG Esports,76549273220725467370771367175845215565049489935444828207386665588552392209312,0.28,0.29,0.285,0.01,334.21,986.98,1670.47,123.7,872.04,1097.08,24,26,423.383332
2026-08-02 07:14:45,743171,3080880,LoL: LNG Esports vs Invictus Gaming - Game 2 Winner,map,2,2026-08-02 09:00:00,105.2,Invictus Gaming,83921129708874260420921468313344431939405641512044445687758889891577394990067,0.71,0.72,0.715,0.01,291.63,1914.13,2359.97,897.97,2826.9,5075.33,26,24,423.383332
2026-08-02 07:14:45,743171,3080881,LoL: LNG Esports vs Invictus Gaming (BO3) - LPL Group Nirvana,series,,2026-08-02 09:00:00,105.2,LNG Esports,42376312343244148702517054800435970534226966426765782456212246160972367366970,0.19,0.2,0.195,0.01,14151.43,20076.76,23843.34,11281.63,16648.84,19101.22,19,59,70590.065394
2026-08-02 07:14:45,743171,3080881,LoL: LNG Esports vs Invictus Gaming (BO3) - LPL Group Nirvana,series,,2026-08-02 09:00:00,105.2,Invictus Gaming,23818387220746886062702515996267579270146808784810394793683184771658748923702,0.8,0.81,0.805,0.01,43341.48,61764.8,69287.75,62078.76,92337.46,114049.14,59,19,70590.065394
2026-08-02 07:14:45,743171,3080882,Games Total: O/U 2.5,total_games,,2026-08-02 09:00:00,105.2,Over,91449071381159482795499887899364442590608472505615819428064467090219361194129,0.39,0.4,0.395,0.01,32.35,1870.03,6068.63,1063.05,3052.42,3527.25,23,24,902.023402
2026-08-02 07:14:45,743171,3080882,Games Total: O/U 2.5,total_games,,2026-08-02 09:00:00,105.2,Under,56170572704130524676216288154558868415591430091818797288491529440426994625144,0.6,0.61,0.605,0.01,1561.52,4264.03,4860.2,52.65,3263.52,11115.4,24,23,902.023402
2026-08-02 07:14:45,743171,3080883,Game Handicap: IG (-1.5) vs LNG Esports (+1.5),handicap,,2026-08-02 09:00:00,105.2,Invictus Gaming,91884913425086256262705087330379768585679464610226744776920867862232802215099,0.54,0.55,0.545,0.01,1082.96,5212.76,9446.23,3833.18,5341.23,5407.13,29,32,6704.420526000001
2026-08-02 07:14:45,743171,3080883,Game Handicap: IG (-1.5) vs LNG Esports (+1.5),handicap,,2026-08-02 09:00:00,105.2,LNG Esports,55170188512241736941715579510241463883553070207290595544481024201987942204619,0.45,0.46,0.455,0.01,3012.19,4135.98,4180.08,959.03,4798.7,9079.63,32,29,6704.420526000001
2026-08-02 07:14:45,743171,3080884,Game 1: Both Teams Slay Baron Nashor?,prop,1,2026-08-02 09:00:00,105.2,Yes,34051338981457278493986008320570414361796596385227821490982211972647034903219,0.06,0.31,0.185,0.25,120.33,123.06,138.64,137.8,137.8,137.8,6,9,
2026-08-02 07:14:45,743171,3080884,Game 1: Both Teams Slay Baron Nashor?,prop,1,2026-08-02 09:00:00,105.2,No,22297528220041845594004972239448649467614155997048021810255009773452909046856,0.69,0.94,0.815,0.25,306.72,306.72,306.72,1891.86,1974.0,3503.01,9,6,
2026-08-02 07:14:45,743171,3080885,Game 1: Both Teams Slay a Dragon?,prop,1,2026-08-02 09:00:00,105.2,Yes,106151792218177315751885506881227688386721755394858569959160604477277812465888,0.62,0.78,0.7,0.16,251.7,251.7,251.7,684.23,692.76,692.76,12,12,
2026-08-02 07:14:45,743171,3080885,Game 1: Both Teams Slay a Dragon?,prop,1,2026-08-02 09:00:00,105.2,No,87927703368793780706798485666986471440151252105437577129906943224954568339156,0.22,0.38,0.3,0.16,192.99,194.99,194.99,154.26,154.26,154.26,12,12,
2026-08-02 07:14:45,743171,3080886,Game 1: Both Teams Destroy Inhibitors?,prop,1,2026-08-02 09:00:00,105.2,Yes,34309964158091363489316299281143011260820151049098736296521959742845393694531,0.04,0.25,0.145,0.21,1.1,5.54,5.54,102.24,102.24,102.24,4,12,
2026-08-02 07:14:45,743171,3080886,Game 1: Both Teams Destroy Inhibitors?,prop,1,2026-08-02 09:00:00,105.2,No,86446009235354077419817500540124598486454579143723053291968556723184700104514,0.75,0.96,0.855,0.21,306.72,306.72,306.72,31.59,360.01,360.01,12,4,
2026-08-02 07:14:45,743171,3080887,Game 1: Any Player Quadra Kill?,prop,1,2026-08-02 09:00:00,105.2,Yes,16032834088381709212160914854769113683906679474190249486118151708415812085353,0.07,0.5,0.285,0.43,283.36,283.36,287.86,283.36,283.36,283.36,4,10,
2026-08-02 07:14:45,743171,3080887,Game 1: Any Player Quadra Kill?,prop,1,2026-08-02 09:00:00,105.2,No,19217134519424401962085857804607599577628458274081966258394833819367360942023,0.5,0.93,0.715,0.43,283.36,283.36,283.36,3764.64,3764.64,3951.81,10,4,
2026-08-02 07:14:45,743171,3080888,Game 1: Any Player Penta Kill?,prop,1,2026-08-02 09:00:00,105.2,Yes,185144793074665783226302126842846844677051914674113849656610397883061694039,0.02,0.49,0.255,0.47,283.94,283.94,283.94,302.47,302.47,302.47,2,11,
2026-08-02 07:14:45,743171,3080888,Game 1: Any Player Penta Kill?,prop,1,2026-08-02 09:00:00,105.2,No,57128768459580464957219560179356546810571590135433442802219810682724397459336,0.51,0.98,0.745,0.47,303.25,303.25,303.25,28085.99,28085.99,28085.99,11,2,
2026-08-02 07:14:45,743171,3080889,Game 1: Odd/Even Total Kills?,odd_even,1,2026-08-02 09:00:00,105.2,Odd,48218130253324300996195980966731180159554051270168260208515843382161761968575,0.49,0.51,0.5,0.02,102.33,102.33,386.94,106.5,106.5,454.37,12,12,
2026-08-02 07:14:45,743171,3080889,Game 1: Odd/Even Total Kills?,odd_even,1,2026-08-02 09:00:00,105.2,Even,59500506137628470906851888180765854439639815513665372093153344057987734291410,0.49,0.51,0.5,0.02,102.33,102.33,386.94,106.5,106.5,454.37,12,12,
2026-08-02 07:14:45,743171,3080890,Game 2: Both Teams Slay Baron Nashor?,prop,2,2026-08-02 09:00:00,105.2,Yes,38771315095208335224976872754188881259646614995718569945440733941563172328671,0.06,0.31,0.185,0.25,120.33,123.06,138.83,137.8,137.8,137.8,6,10,
2026-08-02 07:14:45,743171,3080890,Game 2: Both Teams Slay Baron Nashor?,prop,2,2026-08-02 09:00:00,105.2,No,108803668491182996837603862297644304800157763391612368018956973445451172755496,0.69,0.94,0.815,0.25,306.72,306.72,306.72,1891.86,1974.0,3521.82,10,6,
2026-08-02 07:14:45,743171,3080891,Game 2: Both Teams Slay a Dragon?,prop,2,2026-08-02 09:00:00,105.2,Yes,84534990004299275896440102423142890690095695216677311002820521227339633761635,0.55,0.78,0.665,0.23,306.72,306.72,306.72,684.23,692.76,692.76,12,11,
2026-08-02 07:14:45,743171,3080891,Game 2: Both Teams Slay a Dragon?,prop,2,2026-08-02 09:00:00,105.2,No,44675126460827447331087863813212120760273712432385250168000125858664241630017,0.22,0.45,0.335,0.23,192.99,194.99,194.99,250.95,250.95,250.95,11,12,
2026-08-02 07:14:45,743171,3080892,Game 2: Both Teams Destroy Inhibitors?,prop,2,2026-08-02 09:00:00,105.2,Yes,114102845265038100480782593257203209794901873158150307625471715728000052872174,0.04,0.25,0.145,0.21,1.09,5.54,5.54,102.24,102.24,102.24,4,10,
2026-08-02 07:14:45,743171,3080892,Game 2: Both Teams Destroy Inhibitors?,prop,2,2026-08-02 09:00:00,105.2,No,94871315313914126728202903205244749712837417559054111273776322338505471613491,0.75,0.96,0.855,0.21,306.72,306.72,306.72,31.14,360.48,360.48,10,4,
2026-08-02 07:14:45,743171,3080893,Game 2: Any Player Quadra Kill?,prop,2,2026-08-02 09:00:00,105.2,Yes,57905006688094222818030688073883212276777689077788670105511471139070843530803,0.07,0.5,0.285,0.43,283.36,283.36,287.86,283.36,283.36,283.36,4,10,
2026-08-02 07:14:45,743171,3080893,Game 2: Any Player Quadra Kill?,prop,2,2026-08-02 09:00:00,105.2,No,114066702084353566764798554471631632824137037728952509914491397842656420059010,0.5,0.93,0.715,0.43,283.36,283.36,283.36,3764.64,3764.64,3951.81,10,4,
2026-08-02 07:14:45,743171,3080894,Game 2: Any Player Penta Kill?,prop,2,2026-08-02 09:00:00,105.2,Yes,28757050355869817025741165051027865413949617310379714386507688948492100036034,0.02,0.49,0.255,0.47,283.96,283.96,283.96,302.47,302.47,302.47,2,11,
2026-08-02 07:14:45,743171,3080894,Game 2: Any Player Penta Kill?,prop,2,2026-08-02 09:00:00,105.2,No,69963070497586266732146872486887361681071141154440836131774892089342939661624,0.51,0.98,0.745,0.47,303.25,303.25,303.25,28087.04,28087.04,28087.04,11,2,
2026-08-02 07:14:45,743171,3080895,Game 2: Odd/Even Total Kills?,odd_even,2,2026-08-02 09:00:00,105.2,Odd,13591379414424060138784846886635604619914772696527344997672262128152968333763,0.49,0.51,0.5,0.02,102.33,102.33,386.94,106.5,106.5,454.37,12,12,
2026-08-02 07:14:45,743171,3080895,Game 2: Odd/Even Total Kills?,odd_even,2,2026-08-02 09:00:00,105.2,Even,82376420046513825036996346363838109509618966024273716754332521320359654315139,0.49,0.51,0.5,0.02,102.33,102.33,386.94,106.5,106.5,454.37,12,12,
2026-08-02 07:14:45,743171,3080896,Game 3: Both Teams Slay Baron Nashor?,prop,3,2026-08-02 09:00:00,105.2,Yes,43058724801095349461575204278248067512535619195056365784858591911556849882599,0.07,0.95,0.51,0.88,283.76,284.5,288.5,20.42,132.45,352.65,6,5,
2026-08-02 07:14:45,743171,3080896,Game 3: Both Teams Slay Baron Nashor?,prop,3,2026-08-02 09:00:00,105.2,No,13403694906561572021182856611081009107969528046380292044689456074894594588633,0.05,0.93,0.49,0.88,0.95,3.32,5.54,4444.66,4462.44,4625.11,5,6,
2026-08-02 07:14:45,743171,3080897,Game 3: Both Teams Slay a Dragon?,prop,3,2026-08-02 09:00:00,105.2,Yes,95934833420408487066676515367990394305626822679884803502374041244654654377423,0.05,0.79,0.42,0.74,0.87,3.31,5.54,1065.97,1065.97,1082.57,5,8,
2026-08-02 07:14:45,743171,3080897,Game 3: Both Teams Slay a Dragon?,prop,3,2026-08-02 09:00:00,105.2,No,109092078623885203709046207603114289353136946479228925545794073647298736571558,0.21,0.95,0.58,0.74,283.36,283.36,286.76,18.92,133.39,354.56,8,5,
2026-08-02 07:14:45,743171,3080898,Game 3: Both Teams Destroy Inhibitors?,prop,3,2026-08-02 09:00:00,105.2,Yes,82086147600691603611628748523578430898515084502790714316502140904123731219515,0.05,0.95,0.5,0.9,284.35,286.68,288.9,20.42,132.45,352.65,5,5,
2026-08-02 07:14:45,743171,3080898,Game 3: Both Teams Destroy Inhibitors?,prop,3,2026-08-02 09:00:00,105.2,No,57080078987421236952819750648401667548223534181692992953945813047040670194075,0.05,0.95,0.5,0.9,0.95,3.32,5.54,6821.77,6932.4,7152.4,5,5,
2026-08-02 07:14:45,743171,3080899,Game 3: Any Player Quadra Kill?,prop,3,2026-08-02 09:00:00,105.2,Yes,17479258016738558003675075009785218467463581479312410199178804584195423655430,0.07,0.98,0.525,0.91,283.36,283.36,287.86,232.4,232.4,232.4,4,2,
2026-08-02 07:14:45,743171,3080899,Game 3: Any Player Quadra Kill?,prop,3,2026-08-02 09:00:00,105.2,No,71930022793056900703938572650857967394482518406209496724003846565725302701297,0.02,0.93,0.475,0.91,2.6,2.6,2.6,3764.64,3764.64,3951.81,2,4,
2026-08-02 07:14:45,743171,3080900,Game 3: Any Player Penta Kill?,prop,3,2026-08-02 09:00:00,105.2,Yes,20863541200087242531589893761704057993976845234001397188844460939118282307638,0.05,0.98,0.515,0.93,28.65,29.15,312.61,232.4,232.4,232.4,3,2,
2026-08-02 07:14:45,743171,3080900,Game 3: Any Player Penta Kill?,prop,3,2026-08-02 09:00:00,105.2,No,104010494454991993251580594802164548586480447757321666507808496530002724003041,0.02,0.95,0.485,0.93,2.6,2.6,2.6,544.35,568.85,28631.39,2,3,
2026-08-02 07:14:45,743171,3080901,Game 3: Odd/Even Total Kills?,odd_even,3,2026-08-02 09:00:00,105.2,Odd,14353960755531159426094281564157590168539200311909831171635853684376241553965,0.49,0.51,0.5,0.02,102.33,102.33,386.94,106.5,106.5,454.37,12,12,
2026-08-02 07:14:45,743171,3080901,Game 3: Odd/Even Total Kills?,odd_even,3,2026-08-02 09:00:00,105.2,Even,35272242988350380178489105940811110158120807760119232825874523117957186916933,0.49,0.51,0.5,0.02,102.33,102.33,386.94,106.5,106.5,454.37,12,12,
2026-08-02 07:14:45,743171,3247351,First Blood in Game 2?,first_blood,2,2026-08-02 09:00:00,105.2,LNG Esports,60243159247222898548944078335655951584712100938145240094198819772203882869361,0.4,0.51,0.455,0.11,234.71,234.71,234.71,234.21,234.21,234.21,12,10,
2026-08-02 07:14:45,743171,3247351,First Blood in Game 2?,first_blood,2,2026-08-02 09:00:00,105.2,Invictus Gaming,30010388318090560346974523143556330989233851275035946796810430270242543637571,0.49,0.6,0.545,0.11,225.03,225.03,225.03,366.34,366.34,366.34,10,12,
2026-08-02 07:14:45,743171,3247350,First Blood in Game 1?,first_blood,1,2026-08-02 09:00:00,105.2,LNG Esports,6837022236050262449582216364135211599181821772518110651667211228541869348145,0.4,0.51,0.455,0.11,234.71,234.71,234.71,234.21,234.21,234.21,11,10,
2026-08-02 07:14:45,743171,3247350,First Blood in Game 1?,first_blood,1,2026-08-02 09:00:00,105.2,Invictus Gaming,89550996007494518611684100726972460226325627586035404916832798355508487357348,0.49,0.6,0.545,0.11,225.03,225.03,225.03,366.34,366.34,366.34,10,11,
2026-08-02 07:14:45,743171,3247352,Total Kills Over/Under 30.5 in Game 2?,total_kills,2,2026-08-02 09:00:00,105.2,Over,88298484595281914352239059870292338667222484521731211318661838576444918679687,0.42,0.49,0.455,0.07,374.14,374.14,374.14,644.73,4927.81,4927.81,12,13,69.611698
2026-08-02 07:14:45,743171,3247352,Total Kills Over/Under 30.5 in Game 2?,total_kills,2,2026-08-02 09:00:00,105.2,Under,38217417125598701285917566785225117131207297438256940711948323672696406231456,0.51,0.58,0.545,0.07,671.05,4786.16,4786.16,516.68,516.68,516.68,13,12,69.611698
2026-08-02 07:14:45,743171,3247353,Total Kills Over/Under 30.5 in Game 1?,total_kills,1,2026-08-02 09:00:00,105.2,Over,50106188925521078535282573965611606854996840223325430071085270132003555909260,0.41,0.45,0.43,0.04,20.5,421.07,421.07,4229.03,4576.84,4576.84,11,12,16.413792
2026-08-02 07:14:45,743171,3247353,Total Kills Over/Under 30.5 in Game 1?,total_kills,1,2026-08-02 09:00:00,105.2,Under,75541867021947396106730952542539720001153212109669926230486401340538156123951,0.55,0.59,0.57,0.04,4991.04,5367.84,5367.84,29.5,656.03,656.03,12,11,16.413792
2026-08-02 07:14:45,743171,3247354,Total Kills Over/Under 27.5 in Game 2?,total_kills,2,2026-08-02 09:00:00,105.2,Over,51146540352557297178527941122655826755968886808628579134513850317472805832603,0.57,0.62,0.595,0.05,28.5,416.53,416.53,31.0,745.96,745.96,13,11,
2026-08-02 07:14:45,743171,3247354,Total Kills Over/Under 27.5 in Game 2?,total_kills,2,2026-08-02 09:00:00,105.2,Under,63016173037310715849691062634003262606205900177631212934439242359284953820507,0.38,0.43,0.405,0.05,19.0,412.52,412.52,21.5,338.98,338.98,11,13,
2026-08-02 07:14:45,743171,3247355,Total Kills Over/Under 27.5 in Game 1?,total_kills,1,2026-08-02 09:00:00,105.2,Over,42198956340145679217446932380790459403280756645167729912328189878281220990092,0.55,0.6,0.575,0.05,11.0,217.02,217.02,3.0,429.85,429.85,13,12,215.974129
2026-08-02 07:14:45,743171,3247355,Total Kills Over/Under 27.5 in Game 1?,total_kills,1,2026-08-02 09:00:00,105.2,Under,20063801928328775496333872326406277649479489739628732463076882597980683577347,0.4,0.45,0.425,0.05,2.0,263.61,263.61,9.0,199.17,199.17,12,13,215.974129
2026-08-02 07:14:45,743172,3080902,LoL: Top Esports vs JD Gaming - Game 1 Winner,map,1,2026-08-02 11:00:00,225.2,Top Esports,46851770809127513157027236214484810929313295071190614902453044216924020709657,0.53,0.54,0.535,0.01,382.8,2104.33,3905.91,1900.23,3284.0,4732.15,21,21,56.547501
2026-08-02 07:14:45,743172,3080902,LoL: Top Esports vs JD Gaming - Game 1 Winner,map,1,2026-08-02 11:00:00,225.2,JD Gaming,18326167462984126987876398098101946807144555888956694919647859332891586741741,0.46,0.47,0.465,0.01,1559.05,2633.53,3658.06,343.04,2056.51,3946.7,21,21,56.547501
2026-08-02 07:14:45,743172,3080903,LoL: Top Esports vs JD Gaming - Game 2 Winner,map,2,2026-08-02 11:00:00,225.2,Top Esports,76046193107618265010185586294013386960807526519711363349964461150961941374096,0.53,0.54,0.535,0.01,419.4,2350.93,3535.23,1900.18,3283.95,4573.09,19,21,35.85185
2026-08-02 07:14:45,743172,3080903,LoL: Top Esports vs JD Gaming - Game 2 Winner,map,2,2026-08-02 11:00:00,225.2,JD Gaming,112417477089009047304146162324213653393754143899903566843840606522005774223782,0.46,0.47,0.465,0.01,1559.1,2633.58,3542.79,376.44,2299.91,3547.63,21,19,35.85185
2026-08-02 07:14:45,743172,3080904,LoL: Top Esports vs JD Gaming (BO3) - LPL Group Ascend,series,,2026-08-02 11:00:00,225.2,Top Esports,3100041782343501938261031293548661835880478843437146079213654280863394865134,0.53,0.54,0.535,0.01,25798.52,39530.76,47252.87,17152.41,30614.65,40046.76,32,35,53604.380331000015
2026-08-02 07:14:45,743172,3080904,LoL: Top Esports vs JD Gaming (BO3) - LPL Group Ascend,series,,2026-08-02 11:00:00,225.2,JD Gaming,10384789353912962118747837055304021323534057265179161083019061938612961391489,0.46,0.47,0.465,0.01,14064.79,24461.56,31195.16,23348.14,36880.06,45090.8,35,32,53604.380331000015
2026-08-02 07:14:45,743172,3080905,Games Total: O/U 2.5,total_games,,2026-08-02 11:00:00,225.2,Over,22214722228566830554386435974150227791111163055480545546784097895033948251070,0.49,0.5,0.495,0.01,15.62,1678.85,4946.26,9326.77,15307.48,17664.92,23,19,290.622197
2026-08-02 07:14:45,743172,3080905,Games Total: O/U 2.5,total_games,,2026-08-02 11:00:00,225.2,Under,6480821877096879247890792331358359253513270511115709604199105936530280926484,0.5,0.51,0.505,0.01,9304.61,14753.4,16727.96,16.88,1932.29,5938.06,19,23,290.622197
2026-08-02 07:14:45,743172,3080906,Game Handicap: TES (-1.5) vs JD Gaming (+1.5),handicap,,2026-08-02 11:00:00,225.2,Top Esports,91520151290900516068069630582384488710228121482995953890193830377303992311851,0.28,0.3,0.29,0.02,626.82,2849.48,2873.48,3222.68,12953.27,13238.17,19,20,341.93951000000004
2026-08-02 07:14:45,743172,3080906,Game Handicap: TES (-1.5) vs JD Gaming (+1.5),handicap,,2026-08-02 11:00:00,225.2,JD Gaming,11110710504122733429625920902871429766064683822056606798088558388202506384953,0.7,0.72,0.71,0.02,7176.05,27624.46,28169.95,1639.18,8295.52,8371.52,20,19,341.93951000000004
2026-08-02 07:14:45,743172,3080907,Game 1: Both Teams Slay Baron Nashor?,prop,1,2026-08-02 11:00:00,225.2,Yes,75432260183621300224063637629962918151888732205521973252804410085921519708639,0.06,0.34,0.2,0.28,127.73,128.93,166.88,158.0,158.0,158.0,5,10,
2026-08-02 07:14:45,743172,3080907,Game 1: Both Teams Slay Baron Nashor?,prop,1,2026-08-02 11:00:00,225.2,No,41783964989358222581176586007474720406752308900906247323277953441782489005727,0.66,0.94,0.8,0.28,306.72,306.72,306.72,2001.1,2035.74,5217.0,10,5,
2026-08-02 07:14:45,743172,3080908,Game 1: Both Teams Slay a Dragon?,prop,1,2026-08-02 11:00:00,225.2,Yes,108452581067172687320145226727985132378107800403817956611199879851556518065310,0.73,0.89,0.81,0.16,238.53,238.53,238.53,1114.44,1114.44,1114.44,11,6,
2026-08-02 07:14:45,743172,3080908,Game 1: Both Teams Slay a Dragon?,prop,1,2026-08-02 11:00:00,225.2,No,48537658218800272629178748347860828007455615440443689175863852004875053428517,0.11,0.27,0.19,0.16,137.74,137.74,137.74,88.22,88.22,88.22,6,11,
2026-08-02 07:14:45,743172,3080909,Game 1: Both Teams Destroy Inhibitors?,prop,1,2026-08-02 11:00:00,225.2,Yes,51420553938050447742809119471570685613840044694344833309383509208239796407769,0.05,0.27,0.16,0.22,0.91,1.33,109.41,113.44,113.44,113.44,4,10,
2026-08-02 07:14:45,743172,3080909,Game 1: Both Teams Destroy Inhibitors?,prop,1,2026-08-02 11:00:00,225.2,No,103751056828887380630738392821725358559432402553406012271524742338905605358336,0.73,0.95,0.84,0.22,306.72,306.72,306.72,19.74,40.3,10739.91,10,4,
2026-08-02 07:14:45,743172,3080910,Game 1: Any Player Quadra Kill?,prop,1,2026-08-02 11:00:00,225.2,Yes,29520879781209007843261823546961147399085974100682344928562083985794317267577,0.06,0.5,0.28,0.44,283.36,283.36,326.85,283.36,283.36,283.36,3,9,
2026-08-02 07:14:45,743172,3080910,Game 1: Any Player Quadra Kill?,prop,1,2026-08-02 11:00:00,225.2,No,24027947038792258026586374372667740799164196144042714327433608029335948560145,0.5,0.94,0.72,0.44,283.36,283.36,283.36,4439.3,4439.3,8151.3,9,3,
2026-08-02 07:14:45,743172,3080911,Game 1: Any Player Penta Kill?,prop,1,2026-08-02 11:00:00,225.2,Yes,65140711957778656428427198953783566831242467220383811506547540976545329378468,0.02,0.49,0.255,0.47,283.96,283.96,283.96,302.47,302.47,302.47,2,10,
2026-08-02 07:14:45,743172,3080911,Game 1: Any Player Penta Kill?,prop,1,2026-08-02 11:00:00,225.2,No,70337725153082765788860990639765255380880981438294541576556610511722629600367,0.51,0.98,0.745,0.47,303.25,303.25,303.25,28087.04,28087.04,28087.04,10,2,
2026-08-02 07:14:45,743172,3080912,Game 1: Odd/Even Total Kills?,odd_even,1,2026-08-02 11:00:00,225.2,Odd,63537470686800212830760639421411337025666652148937862300072903542393161743647,0.49,0.51,0.5,0.02,127.39,149.37,433.99,133.65,159.46,507.32,13,14,
2026-08-02 07:14:45,743172,3080912,Game 1: Odd/Even Total Kills?,odd_even,1,2026-08-02 11:00:00,225.2,Even,97066325479198719837479772226092514184274344705186139518081755388455592750022,0.49,0.51,0.5,0.02,127.39,149.37,433.99,133.65,159.46,507.32,14,13,
2026-08-02 07:14:45,743172,3080913,Game 2: Both Teams Slay Baron Nashor?,prop,2,2026-08-02 11:00:00,225.2,Yes,75164847599048857447972600699634614594964996869135499094703958411556020577281,0.06,0.33,0.195,0.27,128.2,128.93,166.75,151.07,151.07,151.07,6,12,
2026-08-02 07:14:45,743172,3080913,Game 2: Both Teams Slay Baron Nashor?,prop,2,2026-08-02 11:00:00,225.2,No,50004558005540967272347260235092225543340072034211281689726585952829164225176,0.67,0.94,0.805,0.27,306.72,306.72,306.72,2010.01,2029.73,5197.89,12,6,
2026-08-02 07:14:45,743172,3080914,Game 2: Both Teams Slay a Dragon?,prop,2,2026-08-02 11:00:00,225.2,Yes,100335132202623954574600585633461808911625747001329527351988649666368402289406,0.64,0.89,0.765,0.25,306.72,306.72,306.72,1114.44,1114.44,1114.44,11,6,
2026-08-02 07:14:45,743172,3080914,Game 2: Both Teams Slay a Dragon?,prop,2,2026-08-02 11:00:00,225.2,No,67446499862682210682365738436441285971474949124342075640834358315044725110290,0.11,0.36,0.235,0.25,137.74,137.74,137.74,172.53,172.53,172.53,6,11,
2026-08-02 07:14:45,743172,3080915,Game 2: Both Teams Destroy Inhibitors?,prop,2,2026-08-02 11:00:00,225.2,Yes,51322057991716509136397026952959244473166895337699091505600859716366992986382,0.04,0.27,0.155,0.23,0.89,108.89,108.89,113.44,113.44,113.44,4,12,
2026-08-02 07:14:45,743172,3080915,Game 2: Both Teams Destroy Inhibitors?,prop,2,2026-08-02 11:00:00,225.2,No,79201383233302550794784437613256743316169430296732383848615013983948340750799,0.73,0.96,0.845,0.23,306.72,306.72,306.72,25.26,10696.19,10696.19,12,4,
2026-08-02 07:14:45,743172,3080916,Game 2: Any Player Quadra Kill?,prop,2,2026-08-02 11:00:00,225.2,Yes,64887998582759033731183524947305858961296962267716496128451376134880452930326,0.06,0.5,0.28,0.44,283.36,283.36,326.77,283.36,283.36,283.36,3,10,
2026-08-02 07:14:45,743172,3080916,Game 2: Any Player Quadra Kill?,prop,2,2026-08-02 11:00:00,225.2,No,58539202262164754485158745860575592749397232139398222235199542674585686744613,0.5,0.94,0.72,0.44,283.36,283.36,283.36,4439.3,4439.3,8143.38,10,3,
2026-08-02 07:14:45,743172,3080917,Game 2: Any Player Penta Kill?,prop,2,2026-08-02 11:00:00,225.2,Yes,87665210221613114119006939290093523924005862387890529231024526388175575893939,0.02,0.49,0.255,0.47,283.96,283.96,283.96,302.47,302.47,302.47,2,10,
2026-08-02 07:14:45,743172,3080917,Game 2: Any Player Penta Kill?,prop,2,2026-08-02 11:00:00,225.2,No,98815429330471747423922491321014888993701042610118185674174588160441862585322,0.51,0.98,0.745,0.47,303.25,303.25,303.25,28087.04,28087.04,28087.04,10,2,
2026-08-02 07:14:45,743172,3080918,Game 2: Odd/Even Total Kills?,odd_even,2,2026-08-02 11:00:00,225.2,Odd,103505292004998978275792998292760673562632429135900349612121659453039239444417,0.49,0.51,0.5,0.02,127.39,149.37,433.99,133.65,159.46,507.32,14,14,
2026-08-02 07:14:45,743172,3080918,Game 2: Odd/Even Total Kills?,odd_even,2,2026-08-02 11:00:00,225.2,Even,58517766982170398544701698680618801565421528922623234394813398682079365078833,0.49,0.51,0.5,0.02,127.39,149.37,433.99,133.65,159.46,507.32,14,14,
2026-08-02 07:14:45,743172,3080919,Game 3: Both Teams Slay Baron Nashor?,prop,3,2026-08-02 11:00:00,225.2,Yes,7763770048172814891105975713030209327931833201156043319595455880813704530416,0.07,0.95,0.51,0.88,283.76,284.24,295.97,20.64,20.64,78.06,6,3,
2026-08-02 07:14:45,743172,3080919,Game 3: Both Teams Slay Baron Nashor?,prop,3,2026-08-02 11:00:00,225.2,No,36300327673888036025250935760187072540042988872016956746934342783497033847951,0.05,0.93,0.49,0.88,0.96,0.96,1.54,4444.59,4456.11,5025.15,3,6,
2026-08-02 07:14:45,743172,3080920,Game 3: Both Teams Slay a Dragon?,prop,3,2026-08-02 11:00:00,225.2,Yes,6424726131496751058391746061003216993608423967734740353564431327806980884661,0.05,0.79,0.42,0.74,0.93,1.05,1.54,1065.97,1065.97,1065.97,4,10,
2026-08-02 07:14:45,743172,3080920,Game 3: Both Teams Slay a Dragon?,prop,3,2026-08-02 11:00:00,225.2,No,106948559999821874183296417813837450798320927965303338414069875755368665138573,0.21,0.95,0.58,0.74,283.36,283.36,283.36,20.14,25.61,74.57,10,4,
2026-08-02 07:14:45,743172,3080921,Game 3: Both Teams Destroy Inhibitors?,prop,3,2026-08-02 11:00:00,225.2,Yes,55084221527738889595675899880455870333974027304176403245331426013793273023538,0.05,0.95,0.5,0.9,284.35,284.46,284.9,20.64,20.64,78.06,4,3,
2026-08-02 07:14:45,743172,3080921,Game 3: Both Teams Destroy Inhibitors?,prop,3,2026-08-02 11:00:00,225.2,No,61591233894390230097514395016282247586116174955237897598983954260588576425164,0.05,0.95,0.5,0.9,0.96,0.96,1.54,6821.76,6827.58,6870.66,3,4,
2026-08-02 07:14:45,743172,3080922,Game 3: Any Player Quadra Kill?,prop,3,2026-08-02 11:00:00,225.2,Yes,111235675966221644860584481964831241278598095632773869324540853435094704819516,0.06,0.98,0.52,0.92,283.36,283.36,306.71,34.4,34.4,34.4,3,2,
2026-08-02 07:14:45,743172,3080922,Game 3: Any Player Quadra Kill?,prop,3,2026-08-02 11:00:00,225.2,No,76933630960622615784467905463664427337192564016308583393119257458086995547992,0.02,0.94,0.48,0.92,0.6,0.6,0.6,4439.3,4439.3,6157.44,2,3,
2026-08-02 07:14:45,743172,3080923,Game 3: Any Player Penta Kill?,prop,3,2026-08-02 11:00:00,225.2,Yes,72012111891152232175520850808434415047474269542696450717532618807621604865837,0.05,0.98,0.515,0.93,28.65,29.15,312.61,34.4,34.4,34.4,3,2,
2026-08-02 07:14:45,743172,3080923,Game 3: Any Player Penta Kill?,prop,3,2026-08-02 11:00:00,225.2,No,59535669203523466165239845186982603995492485810863815680206990868324711003159,0.02,0.95,0.485,0.93,0.6,0.6,0.6,544.35,568.85,28631.39,2,3,
2026-08-02 07:14:45,743172,3080924,Game 3: Odd/Even Total Kills?,odd_even,3,2026-08-02 11:00:00,225.2,Odd,46294025618744397945763129770122945221761360595243325720341782825723240735101,0.49,0.51,0.5,0.02,127.39,149.37,433.99,133.65,159.46,507.32,13,13,
2026-08-02 07:14:45,743172,3080924,Game 3: Odd/Even Total Kills?,odd_even,3,2026-08-02 11:00:00,225.2,Even,74659719347599270631279555451358852037319276053460230060257524917228946189886,0.49,0.51,0.5,0.02,127.39,149.37,433.99,133.65,159.46,507.32,13,13,
2026-08-02 07:14:45,743172,3244639,First Blood in Game 1?,first_blood,1,2026-08-02 11:00:00,225.2,Top Esports,6602796225007847250368714083162703890562833780921990948500062077778931809489,0.46,0.55,0.505,0.09,193.8,193.8,193.8,225.43,225.43,225.43,11,15,
2026-08-02 07:14:45,743172,3244639,First Blood in Game 1?,first_blood,1,2026-08-02 11:00:00,225.2,JD Gaming,87489902991861330312706242496958385539820689848655573262041583513321693862900,0.45,0.54,0.495,0.09,184.45,184.45,184.45,227.5,227.5,227.5,15,11,
2026-08-02 07:14:45,743172,3244640,First Blood in Game 2?,first_blood,2,2026-08-02 11:00:00,225.2,Top Esports,24137663207718203527062477161349904762088503792733617922037256863446926332459,0.46,0.55,0.505,0.09,193.8,193.8,193.8,225.43,225.43,225.43,11,15,
2026-08-02 07:14:45,743172,3244640,First Blood in Game 2?,first_blood,2,2026-08-02 11:00:00,225.2,JD Gaming,111647699125322064032765543565883745277538324784955298847038372968540277723837,0.45,0.54,0.495,0.09,184.45,184.45,184.45,227.5,227.5,227.5,15,11,
2026-08-02 07:14:45,743172,3244641,Total Kills Over/Under 30.5 in Game 2?,total_kills,2,2026-08-02 11:00:00,225.2,Over,30552644106679742528310884231067636756108135098737347522269552333729709327523,0.45,0.47,0.46,0.02,4.21,388.1,388.1,7.34,49.53,465.95,12,13,36.296195
2026-08-02 07:14:45,743172,3244641,Total Kills Over/Under 30.5 in Game 2?,total_kills,2,2026-08-02 11:00:00,225.2,Under,75341305486715097291844018581808328160946914691465414713245427616828717287563,0.53,0.55,0.54,0.02,8.28,50.47,450.55,5.15,535.28,535.28,13,12,36.296195
2026-08-02 07:14:45,743172,3244642,Total Kills Over/Under 30.5 in Game 1?,total_kills,1,2026-08-02 11:00:00,225.2,Over,5848797803159527143714539846892831173692586338288791944321302473798025897787,0.46,0.49,0.475,0.03,4.31,204.3,409.42,74.19,476.09,476.09,13,14,31.066194999999997
2026-08-02 07:14:45,743172,3244642,Total Kills Over/Under 30.5 in Game 1?,total_kills,1,2026-08-02 11:00:00,225.2,Under,53934747156330759828139575831881063278651797825727054390721736738195498852307,0.51,0.54,0.525,0.03,75.81,454.65,454.65,5.05,270.17,553.43,14,13,31.066194999999997
2026-08-02 07:14:45,743172,3244644,Total Kills Over/Under 27.5 in Game 2?,total_kills,2,2026-08-02 11:00:00,225.2,Over,55217915603201848763758014714972177885314093034262781059127811984269931994496,0.58,0.61,0.595,0.03,29.0,419.91,419.91,40.53,40.53,870.19,11,13,
2026-08-02 07:14:45,743172,3244644,Total Kills Over/Under 27.5 in Game 2?,total_kills,2,2026-08-02 11:00:00,225.2,Under,5734772476214070556104771703646922422218159851416754113236200342344326474857,0.39,0.42,0.405,0.03,25.09,25.09,453.77,21.0,328.14,328.14,13,11,
2026-08-02 07:14:45,743172,3244643,Total Kills Over/Under 27.5 in Game 1?,total_kills,1,2026-08-02 11:00:00,225.2,Over,101446290186737648802628688467106060643552953184861797884239412071806897706381,0.56,0.61,0.585,0.05,415.18,415.18,415.18,23.06,60.75,478.66,12,16,7.555554
2026-08-02 07:14:45,743172,3244643,Total Kills Over/Under 27.5 in Game 1?,total_kills,1,2026-08-02 11:00:00,225.2,Under,90781551002908263110403899832252227846112278104835636670642311985212809522279,0.39,0.44,0.415,0.05,14.38,36.03,252.0,326.21,326.21,326.21,16,12,7.555554
2026-08-02 07:14:45,777488,3242490,LoL: Team Secret Whales vs CTBC Flying Oyster - Game 1 Winner,map,1,2026-08-02 09:00:00,105.2,Team Secret Whales,57816135160094022782874503244385532147531078139344598994417283900284035426820,0.69,0.7,0.695,0.01,2198.59,2311.32,2978.6,197.46,2381.84,2437.34,46,21,5583.445763
2026-08-02 07:14:45,777488,3242490,LoL: Team Secret Whales vs CTBC Flying Oyster - Game 1 Winner,map,1,2026-08-02 09:00:00,105.2,CTBC Flying Oyster,84525189896438327520655187935169481308459424715925764328357460907711373179800,0.3,0.31,0.305,0.01,82.54,926.54,945.04,1005.52,1062.79,1430.12,21,46,5583.445763
2026-08-02 07:14:45,777488,3242491,LoL: Team Secret Whales vs CTBC Flying Oyster - Game 2 Winner,map,2,2026-08-02 09:00:00,105.2,Team Secret Whales,76754270586622647838553050894322356828736663824016826309100304606981037399491,0.69,0.7,0.695,0.01,12434.98,12568.17,13210.1,1226.07,2239.0,2294.5,28,21,3969.806478
2026-08-02 07:14:45,777488,3242491,LoL: Team Secret Whales vs CTBC Flying Oyster - Game 2 Winner,map,2,2026-08-02 09:00:00,105.2,CTBC Flying Oyster,56489067258837645781761923067126853043573144817614127530708055679301943559747,0.3,0.31,0.305,0.01,513.13,905.66,924.16,5595.22,5663.03,6016.1,21,28,3969.806478
2026-08-02 07:14:45,777488,3242492,LoL: Team Secret Whales vs CTBC Flying Oyster - Game 3 Winner,map,3,2026-08-02 09:00:00,105.2,Team Secret Whales,84515801993639805002213409467397361469609977446389163532328974026080706324919,0.68,0.69,0.685,0.01,3104.46,3201.09,3813.34,94.69,1836.92,1909.92,36,23,4822.664734999999
2026-08-02 07:14:45,777488,3242492,LoL: Team Secret Whales vs CTBC Flying Oyster - Game 3 Winner,map,3,2026-08-02 09:00:00,105.2,CTBC Flying Oyster,47042936553385792822224572984994946197580344579724406299806966214605938841010,0.31,0.32,0.315,0.01,41.16,733.85,760.85,1476.14,1527.51,1874.44,23,36,4822.664734999999
2026-08-02 07:14:45,777488,3242493,LoL: Team Secret Whales vs CTBC Flying Oyster - Game 4 Winner,map,4,2026-08-02 09:00:00,105.2,Team Secret Whales,17395249853885279779595095236555902153584780476668506281725665988013712809726,0.6,0.64,0.62,0.04,3.0,3.0,3.0,64.09,265.39,265.39,16,16,
2026-08-02 07:14:45,777488,3242493,LoL: Team Secret Whales vs CTBC Flying Oyster - Game 4 Winner,map,4,2026-08-02 09:00:00,105.2,CTBC Flying Oyster,23823319113389303220072115291412712888961208930402594759139448658235209413419,0.36,0.4,0.38,0.04,34.66,138.36,138.36,2.0,2.0,2.0,16,15,
2026-08-02 07:14:45,777488,3242494,LoL: Team Secret Whales vs CTBC Flying Oyster (BO5) - LCP Group Stage,series,,2026-08-02 09:00:00,105.2,Team Secret Whales,112783488403942180959201845594818467757376330196707325388108787976324977051994,0.77,0.78,0.775,0.01,5538.17,11936.15,12803.5,1706.29,5431.36,6735.3,47,20,13367.572239999998
2026-08-02 07:14:45,777488,3242494,LoL: Team Secret Whales vs CTBC Flying Oyster (BO5) - LCP Group Stage,series,,2026-08-02 09:00:00,105.2,CTBC Flying Oyster,80452513973028868846592325693720987068814405760226652643682462266126569090751,0.22,0.23,0.225,0.01,462.74,1358.96,1636.53,1734.46,3912.68,4240.33,20,47,13367.572239999998
2026-08-02 07:14:45,777488,3242495,Games Total: O/U 3.5,total_games,,2026-08-02 09:00:00,105.2,Over,72300793668187151319904900646523978702528656649138144719405721411224244932759,0.61,0.62,0.615,0.01,1265.21,2860.54,2860.54,6148.65,6161.55,7389.11,33,26,17291.862281000005
2026-08-02 07:14:45,777488,3242495,Games Total: O/U 3.5,total_games,,2026-08-02 09:00:00,105.2,Under,108846093590840099798675088484086990239416212941859949463132166956349912927328,0.38,0.39,0.385,0.01,3768.53,3775.63,4383.39,843.23,1962.86,1962.86,26,33,17291.862281000005
2026-08-02 07:14:45,777488,3242496,Games Total: O/U 4.5,total_games,,2026-08-02 09:00:00,105.2,Over,41270598835424749763955996134684705831927348554403922237902670916734253760669,0.26,0.29,0.275,0.03,50.0,196.52,819.96,49.83,2261.73,2764.27,19,24,441.68341699999996
2026-08-02 07:14:45,777488,3242496,Games Total: O/U 4.5,total_games,,2026-08-02 09:00:00,105.2,Under,58036605262601096265076118672464791582934640975043365706485191229520811754504,0.71,0.74,0.725,0.03,116.47,5007.9,6002.3,148.0,624.31,2910.86,24,19,441.68341699999996
2026-08-02 07:14:45,777488,3242497,Game Handicap: TSW (-1.5) vs CTBC Flying Oyster (+1.5),handicap,,2026-08-02 09:00:00,105.2,Team Secret Whales,32382395346852847254940176658456928989693539675636369896177890938863430973471,0.59,0.6,0.595,0.01,786.99,842.99,842.99,268.9,311.47,826.87,20,20,976.906004
2026-08-02 07:14:45,777488,3242497,Game Handicap: TSW (-1.5) vs CTBC Flying Oyster (+1.5),handicap,,2026-08-02 09:00:00,105.2,CTBC Flying Oyster,100488374296241339245601316885665517849468025397031180189081751660277427925981,0.4,0.41,0.405,0.01,174.43,199.44,478.18,549.61,593.61,593.61,20,20,976.906004
2026-08-02 07:14:45,777488,3242498,Game Handicap: TSW (-2.5) vs CTBC Flying Oyster (+2.5),handicap,,2026-08-02 09:00:00,105.2,Team Secret Whales,113785065335733646850554173514575073744283113436526505373350557814155497649710,0.32,0.34,0.33,0.02,584.34,638.24,667.94,3971.25,4126.76,4126.76,16,15,12.121211
2026-08-02 07:14:45,777488,3242498,Game Handicap: TSW (-2.5) vs CTBC Flying Oyster (+2.5),handicap,,2026-08-02 09:00:00,105.2,CTBC Flying Oyster,48978565648481124587937191466931712596305440574862248418236250218292279628778,0.66,0.68,0.67,0.02,7379.75,7644.54,7644.54,1299.86,1425.96,1506.26,15,16,12.121211
2026-08-02 07:14:45,777488,3242499,First Blood in Game 1?,first_blood,1,2026-08-02 09:00:00,105.2,Team Secret Whales,76176078641731935731407391491918258824551828061896501211344144386956805092975,0.06,0.93,0.495,0.87,12.47,14.47,16.95,192.94,192.94,365.08,4,5,
2026-08-02 07:14:45,777488,3242499,First Blood in Game 1?,first_blood,1,2026-08-02 09:00:00,105.2,CTBC Flying Oyster,79926504409492097448700203434558369884286074924495139692775212278480677723997,0.07,0.94,0.505,0.87,14.44,14.44,18.74,196.94,261.61,507.56,5,4,
2026-08-02 07:14:45,777488,3242500,First Blood in Game 2?,first_blood,2,2026-08-02 09:00:00,105.2,Team Secret Whales,36489252949572354156656199551729160308186523946897457577059925673343287272299,0.08,0.95,0.515,0.87,19.0,19.0,21.69,196.26,323.33,536.72,5,4,
2026-08-02 07:14:45,777488,3242500,First Blood in Game 2?,first_blood,2,2026-08-02 09:00:00,105.2,CTBC Flying Oyster,41441351191959256667490566084942834037356753172268181893268992272913894336542,0.05,0.92,0.485,0.87,10.26,12.85,15.01,223.85,223.85,288.49,4,5,
2026-08-02 07:14:45,777488,3242501,First Blood in Game 3?,first_blood,3,2026-08-02 09:00:00,105.2,Team Secret Whales,51387227749511496517739619622948981783625570831940292175844395205249838839414,0.06,0.91,0.485,0.85,12.49,14.49,16.95,216.5,216.5,282.23,5,5,
2026-08-02 07:14:45,777488,3242501,First Blood in Game 3?,first_blood,3,2026-08-02 09:00:00,105.2,CTBC Flying Oyster,84632537644270832286015097395506359851243798486843821606676215361948288717549,0.09,0.94,0.515,0.85,21.0,21.0,23.74,197.38,262.05,489.17,5,5,
2026-08-02 07:14:45,777488,3242502,First Blood in Game 4?,first_blood,4,2026-08-02 09:00:00,105.2,Team Secret Whales,26403362042709478831403732734420297091029668631643299281933862415028319195845,0.06,0.93,0.495,0.87,12.47,14.47,16.95,192.89,192.89,365.05,5,5,
2026-08-02 07:14:45,777488,3242502,First Blood in Game 4?,first_blood,4,2026-08-02 09:00:00,105.2,CTBC Flying Oyster,78664000157232051786555474526526297891608214826219451729845556414941361620072,0.07,0.94,0.505,0.87,14.44,14.44,18.73,196.94,261.61,491.8,5,5,
2026-08-02 07:14:45,777488,3242503,First Blood in Game 5?,first_blood,5,2026-08-02 09:00:00,105.2,Team Secret Whales,834669630360787795479739857530823000511290028945919271243926672811370607927,0.06,0.95,0.505,0.89,12.47,14.47,16.95,203.68,314.01,530.65,5,4,
2026-08-02 07:14:45,777488,3242503,First Blood in Game 5?,first_blood,5,2026-08-02 09:00:00,105.2,CTBC Flying Oyster,65911608945563935626405953820602536931093222068386319298304085216125067913390,0.05,0.94,0.495,0.89,10.57,12.82,15.01,196.94,261.61,491.8,4,5,
2026-08-02 07:14:45,777488,3242504,Game 1: Both Teams Slay Baron Nashor?,prop,1,2026-08-02 09:00:00,105.2,Yes,82109122910205671204306244277178071377513852655530705652340200553652435919932,0.06,0.5,0.28,0.44,283.68,285.96,308.75,283.36,283.36,283.36,6,12,
2026-08-02 07:14:45,777488,3242504,Game 1: Both Teams Slay Baron Nashor?,prop,1,2026-08-02 09:00:00,105.2,No,8656473897653034280876081254915519555589552805581412905695564407944608476083,0.5,0.94,0.72,0.44,283.36,283.36,283.36,5388.77,5460.2,7709.17,12,6,
2026-08-02 07:14:45,777488,3242505,Game 1: Both Teams Slay a Dragon?,prop,1,2026-08-02 09:00:00,105.2,Yes,32626544758206927715646495093041485141420312943142351104342214354013341427211,0.5,0.8,0.65,0.3,283.36,283.36,283.36,1133.44,1133.44,1234.44,9,9,
2026-08-02 07:14:45,777488,3242505,Game 1: Both Teams Slay a Dragon?,prop,1,2026-08-02 09:00:00,105.2,No,80774928191498242889000864528879279007331491946982563338725522451307658906911,0.2,0.5,0.35,0.3,283.36,283.36,302.36,283.36,283.36,283.36,9,9,
2026-08-02 07:14:45,777488,3242506,Game 1: Both Teams Destroy Inhibitors?,prop,1,2026-08-02 09:00:00,105.2,Yes,57878958722771259702191587377488008562321366597374420142934676314494035042365,0.04,0.5,0.27,0.46,283.82,288.37,288.37,283.36,283.36,283.36,4,12,
2026-08-02 07:14:45,777488,3242506,Game 1: Both Teams Destroy Inhibitors?,prop,1,2026-08-02 09:00:00,105.2,No,21832488090938789009014145975002941333458675765934334105525825321941495893189,0.5,0.96,0.73,0.46,283.36,283.36,283.36,9172.97,9507.0,9507.0,12,4,
2026-08-02 07:14:45,777488,3242507,Game 1: Any Player Quadra Kill?,prop,1,2026-08-02 09:00:00,105.2,Yes,67477697003412425735721846146861340830375928748646316394267430844610313516048,0.04,0.5,0.27,0.46,283.36,287.41,287.41,283.36,283.36,283.36,3,11,
2026-08-02 07:14:45,777488,3242507,Game 1: Any Player Quadra Kill?,prop,1,2026-08-02 09:00:00,105.2,No,28230089652834458564403191383477251350363400530987830673659176513834216998402,0.5,0.96,0.73,0.46,283.36,283.36,283.36,6800.64,7101.59,7101.59,11,3,
2026-08-02 07:14:45,777488,3242508,Game 1: Any Player Penta Kill?,prop,1,2026-08-02 09:00:00,105.2,Yes,107955397088245341609588127643872420201219088994892330576848052323418067304337,0.01,0.5,0.255,0.49,283.41,283.41,283.41,283.36,283.36,283.36,1,10,
2026-08-02 07:14:45,777488,3242508,Game 1: Any Player Penta Kill?,prop,1,2026-08-02 09:00:00,105.2,No,2298327095866923872370786527525373223496154978975697230366979542666694010210,0.5,0.99,0.745,0.49,283.36,283.36,283.36,28057.59,28057.59,28057.59,10,1,
2026-08-02 07:14:45,777488,3242509,Game 1: Odd/Even Total Kills?,odd_even,1,2026-08-02 09:00:00,105.2,Odd,35669069441156880233120397229339609857600763115115367527463035031810099918812,0.49,0.51,0.5,0.02,40.16,40.16,324.77,42.13,42.13,390.0,13,13,
2026-08-02 07:14:45,777488,3242509,Game 1: Odd/Even Total Kills?,odd_even,1,2026-08-02 09:00:00,105.2,Even,34134996380998562744373466212898094506013127989415722436188379079216550283869,0.49,0.51,0.5,0.02,40.16,40.16,324.77,42.13,42.13,390.0,13,13,
2026-08-02 07:14:45,777488,3242510,Game 2: Both Teams Slay Baron Nashor?,prop,2,2026-08-02 09:00:00,105.2,Yes,55612768283885555444235128339818004633987486785078428271354240018837438415172,0.06,0.5,0.28,0.44,283.68,285.96,308.73,283.36,283.36,283.36,6,12,
2026-08-02 07:14:45,777488,3242510,Game 2: Both Teams Slay Baron Nashor?,prop,2,2026-08-02 09:00:00,105.2,No,68013453411200942378083783109699621850836566027632710988233618904681638059009,0.5,0.94,0.72,0.44,283.36,283.36,283.36,5388.77,5460.2,7707.19,12,6,
2026-08-02 07:14:45,777488,3242511,Game 2: Both Teams Slay a Dragon?,prop,2,2026-08-02 09:00:00,105.2,Yes,25268472604044033644155788644394470811008223675152420568627576739918797975853,0.5,0.8,0.65,0.3,283.36,283.36,283.36,1133.44,1133.44,1234.44,9,9,
2026-08-02 07:14:45,777488,3242511,Game 2: Both Teams Slay a Dragon?,prop,2,2026-08-02 09:00:00,105.2,No,77287086054106107892849953648996922577643407952016836727589125254557669820384,0.2,0.5,0.35,0.3,283.36,283.36,302.36,283.36,283.36,283.36,9,9,
2026-08-02 07:14:45,777488,3242512,Game 2: Both Teams Destroy Inhibitors?,prop,2,2026-08-02 09:00:00,105.2,Yes,63116409037166805607386548449789060242417387308976504409836409960705425478823,0.04,0.5,0.27,0.46,283.82,286.37,286.37,283.36,283.36,283.36,4,12,
2026-08-02 07:14:45,777488,3242512,Game 2: Both Teams Destroy Inhibitors?,prop,2,2026-08-02 09:00:00,105.2,No,39912666918280641726206692277388061035907575339250897177186125313578834705787,0.5,0.96,0.73,0.46,283.36,283.36,283.36,9172.97,9409.0,9409.0,12,4,
2026-08-02 07:14:45,777488,3242513,Game 2: Any Player Quadra Kill?,prop,2,2026-08-02 09:00:00,105.2,Yes,4263276727264114878405602649464265427324668856183212750657142386269218822063,0.04,0.5,0.27,0.46,283.36,287.41,287.41,283.36,283.36,283.36,3,11,
2026-08-02 07:14:45,777488,3242513,Game 2: Any Player Quadra Kill?,prop,2,2026-08-02 09:00:00,105.2,No,69576406192413665870026391300739965527689631644663907015579261971162988093260,0.5,0.96,0.73,0.46,283.36,283.36,283.36,6800.64,7101.59,7101.59,11,3,
2026-08-02 07:14:45,777488,3242514,Game 2: Any Player Penta Kill?,prop,2,2026-08-02 09:00:00,105.2,Yes,43770092129906284304701955036555378708763006374885907543692653722330039935327,0.01,0.5,0.255,0.49,283.41,283.41,283.41,283.36,283.36,283.36,1,10,
2026-08-02 07:14:45,777488,3242514,Game 2: Any Player Penta Kill?,prop,2,2026-08-02 09:00:00,105.2,No,74726305910172583187002718614853277500984547126354509426874700736506549207136,0.5,0.99,0.745,0.49,283.36,283.36,283.36,28057.59,28057.59,28057.59,10,1,
2026-08-02 07:14:45,777488,3242515,Game 2: Odd/Even Total Kills?,odd_even,2,2026-08-02 09:00:00,105.2,Odd,103037412618351337232072591960970068480196116485177890660027371606071064402503,0.49,0.51,0.5,0.02,40.16,40.16,324.77,42.13,42.13,390.0,13,13,
2026-08-02 07:14:45,777488,3242515,Game 2: Odd/Even Total Kills?,odd_even,2,2026-08-02 09:00:00,105.2,Even,21504247401034643293987946442807585229564406903469081575863274634549998426270,0.49,0.51,0.5,0.02,40.16,40.16,324.77,42.13,42.13,390.0,13,13,
2026-08-02 07:14:45,777488,3242516,Game 3: Both Teams Slay Baron Nashor?,prop,3,2026-08-02 09:00:00,105.2,Yes,77261832545549908030973621817519973235104059699203340241975578117008694094853,0.23,0.5,0.365,0.27,2.3,3.33,7.15,283.36,283.36,283.36,12,12,
2026-08-02 07:14:45,777488,3242516,Game 3: Both Teams Slay Baron Nashor?,prop,3,2026-08-02 09:00:00,105.2,No,29942351581814803281652827273469223353222947387494284759002648389231015275294,0.5,0.77,0.635,0.27,283.36,283.36,283.36,7.7,11.8,28.64,12,12,
2026-08-02 07:14:45,777488,3242517,Game 3: Both Teams Slay a Dragon?,prop,3,2026-08-02 09:00:00,105.2,Yes,70360398388455874266173213101286288923272398726265240438392772127722997448610,0.5,0.8,0.65,0.3,283.36,283.36,283.36,1133.44,1133.44,1234.44,10,9,
2026-08-02 07:14:45,777488,3242517,Game 3: Both Teams Slay a Dragon?,prop,3,2026-08-02 09:00:00,105.2,No,52845035201587624459438845665250473929029108844112614651935527390501033762970,0.2,0.5,0.35,0.3,283.36,283.36,302.36,283.36,283.36,283.36,9,10,
2026-08-02 07:14:45,777488,3242518,Game 3: Both Teams Destroy Inhibitors?,prop,3,2026-08-02 09:00:00,105.2,Yes,48977884461727248822212570858195208609516394659009807088507571955717291664697,0.04,0.5,0.27,0.46,283.82,286.37,286.37,283.36,283.36,283.36,4,12,
2026-08-02 07:14:45,777488,3242518,Game 3: Both Teams Destroy Inhibitors?,prop,3,2026-08-02 09:00:00,105.2,No,3671363479438694358741463992296651772042853610335646218578791290024782364582,0.5,0.96,0.73,0.46,283.36,283.36,283.36,9172.97,9409.0,9409.0,12,4,
2026-08-02 07:14:45,777488,3242519,Game 3: Any Player Quadra Kill?,prop,3,2026-08-02 09:00:00,105.2,Yes,34118162061878728840353980643835530411234963147751984212557794644941270882141,0.04,0.5,0.27,0.46,283.36,287.41,287.41,283.36,283.36,283.36,3,11,
2026-08-02 07:14:45,777488,3242519,Game 3: Any Player Quadra Kill?,prop,3,2026-08-02 09:00:00,105.2,No,86065855012286708999355496026724666479399944731814351003162910211369043270293,0.5,0.96,0.73,0.46,283.36,283.36,283.36,6800.64,7101.59,7101.59,11,3,
2026-08-02 07:14:45,777488,3242520,Game 3: Any Player Penta Kill?,prop,3,2026-08-02 09:00:00,105.2,Yes,7866906399859507715969236577162534049067328151038482266868129384413531393152,0.01,0.5,0.255,0.49,283.41,283.41,283.41,283.36,283.36,283.36,1,10,
2026-08-02 07:14:45,777488,3242520,Game 3: Any Player Penta Kill?,prop,3,2026-08-02 09:00:00,105.2,No,102658700344398947639358052865470104625417791083949106731139967674354429925933,0.5,0.99,0.745,0.49,283.36,283.36,283.36,28057.59,28057.59,28057.59,10,1,
2026-08-02 07:14:45,777488,3242521,Game 3: Odd/Even Total Kills?,odd_even,3,2026-08-02 09:00:00,105.2,Odd,1920707057826196000729146751630790521705346214735121429259525852560003610959,0.49,0.51,0.5,0.02,40.16,40.16,324.77,42.13,42.13,390.0,13,13,
2026-08-02 07:14:45,777488,3242521,Game 3: Odd/Even Total Kills?,odd_even,3,2026-08-02 09:00:00,105.2,Even,88647646668802236136158789088602771719271626586223927818625588950998518629396,0.49,0.51,0.5,0.02,40.16,40.16,324.77,42.13,42.13,390.0,13,13,
2026-08-02 07:14:45,777488,3242522,Game 4: Both Teams Slay Baron Nashor?,prop,4,2026-08-02 09:00:00,105.2,Yes,6873310937397978516694146619025168230374666020537337469477629007465955183743,0.06,0.96,0.51,0.9,284.31,284.6,288.87,27.71,257.4,257.4,5,4,
2026-08-02 07:14:45,777488,3242522,Game 4: Both Teams Slay Baron Nashor?,prop,4,2026-08-02 09:00:00,105.2,No,18528193578631301586757620009046134047287063337847150764636556627738796525677,0.04,0.94,0.49,0.9,0.99,3.49,3.49,5400.31,5409.68,5732.45,4,5,
2026-08-02 07:14:45,777488,3242523,Game 4: Both Teams Slay a Dragon?,prop,4,2026-08-02 09:00:00,105.2,Yes,96239155610116234593629625855692533038529442254365233884566866984317744705509,0.47,0.78,0.625,0.31,283.36,283.36,283.36,1004.64,1004.64,1087.64,11,8,
2026-08-02 07:14:45,777488,3242523,Game 4: Both Teams Slay a Dragon?,prop,4,2026-08-02 09:00:00,105.2,No,90285335797042713137455027317662316028781926407963078036017792314080482210785,0.22,0.53,0.375,0.31,283.36,283.36,300.36,319.53,319.53,319.53,8,11,
2026-08-02 07:14:45,777488,3242524,Game 4: Both Teams Destroy Inhibitors?,prop,4,2026-08-02 09:00:00,105.2,Yes,48163120894888470133224563494374860224939916137694150453600458084315949778552,0.05,0.96,0.505,0.91,0.97,286.7,288.85,35.81,351.23,351.23,5,4,
2026-08-02 07:14:45,777488,3242524,Game 4: Both Teams Destroy Inhibitors?,prop,4,2026-08-02 09:00:00,105.2,No,65932431344977836134599434113874579109665373405269201721000578030796735615779,0.04,0.95,0.495,0.91,1.24,5.49,5.49,20.85,9294.56,9507.69,4,5,
2026-08-02 07:14:45,777488,3242525,Game 4: Any Player Quadra Kill?,prop,4,2026-08-02 09:00:00,105.2,Yes,48766357627137420502706105015132880346460432230442156319595602374969708661549,0.04,0.99,0.515,0.95,283.84,287.89,287.89,54.45,54.45,54.45,3,1,
2026-08-02 07:14:45,777488,3242525,Game 4: Any Player Quadra Kill?,prop,4,2026-08-02 09:00:00,105.2,No,18525403907568398358634442213038306406008025802557700810805310510796193654593,0.01,0.96,0.485,0.95,0.55,0.55,0.55,6812.16,7113.11,7113.11,1,3,
2026-08-02 07:14:45,777488,3242526,Game 4: Any Player Penta Kill?,prop,4,2026-08-02 09:00:00,105.2,Yes,19394836216636086747323946701502339652056897814910961334615459750970271377627,0.02,0.99,0.505,0.97,283.91,283.91,283.91,54.45,54.45,54.45,2,1,
2026-08-02 07:14:45,777488,3242526,Game 4: Any Player Penta Kill?,prop,4,2026-08-02 09:00:00,105.2,No,77617476762299404152229581594197755071733954493565526877252600348180953619678,0.01,0.98,0.495,0.97,0.55,0.55,0.55,28082.09,28082.09,28082.09,1,2,
2026-08-02 07:14:45,777488,3242527,Game 4: Odd/Even Total Kills?,odd_even,4,2026-08-02 09:00:00,105.2,Odd,75890811262287504237425106759452740916618553387886440572460885740958767693338,0.49,0.51,0.5,0.02,40.16,40.16,324.77,42.13,42.13,390.0,13,13,
2026-08-02 07:14:45,777488,3242527,Game 4: Odd/Even Total Kills?,odd_even,4,2026-08-02 09:00:00,105.2,Even,40203519400324083604706318923535091108485909332610733820589745001578236397688,0.49,0.51,0.5,0.02,40.16,40.16,324.77,42.13,42.13,390.0,13,13,
2026-08-02 07:14:45,777488,3242528,Game 5: Both Teams Slay Baron Nashor?,prop,5,2026-08-02 09:00:00,105.2,Yes,104186574846046194155309906600223084379965802712970170251970070918848843932951,0.06,0.96,0.51,0.9,284.31,286.31,288.87,27.71,257.4,257.4,5,4,
2026-08-02 07:14:45,777488,3242528,Game 5: Both Teams Slay Baron Nashor?,prop,5,2026-08-02 09:00:00,105.2,No,44568387720142730000305788491821524810776472201185044840726633879733839536191,0.04,0.94,0.49,0.9,0.99,3.49,3.49,5400.41,5465.08,5698.5,4,5,
2026-08-02 07:14:45,777488,3242529,Game 5: Both Teams Slay a Dragon?,prop,5,2026-08-02 09:00:00,105.2,Yes,54544138229268547953418063615196800890163147773712824803820035680061760701050,0.47,0.78,0.625,0.31,283.36,283.36,283.36,1004.64,1004.64,1087.64,11,9,
2026-08-02 07:14:45,777488,3242529,Game 5: Both Teams Slay a Dragon?,prop,5,2026-08-02 09:00:00,105.2,No,53447488034486623877755199848802236783776818988628965858466891919045843609954,0.22,0.53,0.375,0.31,283.36,283.36,300.36,319.53,319.53,319.53,9,11,
2026-08-02 07:14:45,777488,3242530,Game 5: Both Teams Destroy Inhibitors?,prop,5,2026-08-02 09:00:00,105.2,Yes,84869567834213737240677422708123444482993918363118298390918236083835009666609,0.05,0.96,0.505,0.91,0.98,286.71,288.85,27.71,257.4,257.4,5,4,
2026-08-02 07:14:45,777488,3242530,Game 5: Both Teams Destroy Inhibitors?,prop,5,2026-08-02 09:00:00,105.2,No,104976994634744610010863109018357776671427542050125895407506044873394977608708,0.04,0.95,0.495,0.91,0.99,3.49,3.49,20.97,9294.87,9506.87,4,5,
2026-08-02 07:14:45,777488,3242531,Game 5: Any Player Quadra Kill?,prop,5,2026-08-02 09:00:00,105.2,Yes,112263471871122883811989362359978174259181855748395775051704344415387145260011,0.04,0.99,0.515,0.95,283.84,287.89,287.89,54.45,54.45,54.45,3,1,
2026-08-02 07:14:45,777488,3242531,Game 5: Any Player Quadra Kill?,prop,5,2026-08-02 09:00:00,105.2,No,23403007836943947744681510349247280485072978781656882287837068216480509913554,0.01,0.96,0.485,0.95,0.55,0.55,0.55,6812.16,7113.11,7113.11,1,3,
2026-08-02 07:14:45,777488,3242532,Game 5: Any Player Penta Kill?,prop,5,2026-08-02 09:00:00,105.2,Yes,7891418895463379286896718967151686623053177620483355975797781050656729426108,0.02,0.99,0.505,0.97,283.91,283.91,283.91,54.45,54.45,54.45,2,1,
2026-08-02 07:14:45,777488,3242532,Game 5: Any Player Penta Kill?,prop,5,2026-08-02 09:00:00,105.2,No,40631958773724129659751950295215568541920435781148650011271912559562887183213,0.01,0.98,0.495,0.97,0.55,0.55,0.55,28082.09,28082.09,28082.09,1,2,
2026-08-02 07:14:45,777488,3242533,Game 5: Odd/Even Total Kills?,odd_even,5,2026-08-02 09:00:00,105.2,Odd,4903397286428577336062410414826833960093510373539643042803989813745818534711,0.49,0.51,0.5,0.02,40.16,40.16,324.77,42.13,42.13,390.0,13,13,
2026-08-02 07:14:45,777488,3242533,Game 5: Odd/Even Total Kills?,odd_even,5,2026-08-02 09:00:00,105.2,Even,111090787906032420752717008529204938088570636434274863773273409629924503578782,0.49,0.51,0.5,0.02,40.16,40.16,324.77,42.13,42.13,390.0,13,13,
2026-08-02 07:14:45,784454,3279335,LoL: Lausanne-Sport Esports vs Lille Esport (BO1) - Nexus League Regular Season,series,,2026-08-02 11:00:00,225.2,Lausanne-Sport Esports,99473693816433436640599597272820629709891850344949800062178901931971517918859,0.49,0.53,0.51,0.04,70.36,234.11,248.02,159.61,672.11,709.83,22,17,8.33
2026-08-02 07:14:45,784454,3279335,LoL: Lausanne-Sport Esports vs Lille Esport (BO1) - Nexus League Regular Season,series,,2026-08-02 11:00:00,225.2,Lille Esport,817789370808442914580635242466941526079789923006159850696894060669625038585,0.47,0.51,0.49,0.04,136.14,545.26,573.54,74.64,264.76,282.22,17,22,8.33
2026-08-02 07:14:45,784454,3279336,Game 1: Both Teams Slay Baron Nashor?,prop,1,2026-08-02 11:00:00,225.2,Yes,55902381800627531355833752514143215492698454037546646498430281097111920188521,0.06,0.5,0.28,0.44,283.36,283.36,304.16,283.36,283.36,283.36,3,9,
2026-08-02 07:14:45,784454,3279336,Game 1: Both Teams Slay Baron Nashor?,prop,1,2026-08-02 11:00:00,225.2,No,29672130403878024151349046128053522847556791428243592659255222009626050117893,0.5,0.94,0.72,0.44,283.36,283.36,283.36,4439.3,4439.3,6455.45,9,3,
2026-08-02 07:14:45,784454,3279337,Game 1: Both Teams Slay a Dragon?,prop,1,2026-08-02 11:00:00,225.2,Yes,17119151870950402285087342558395175380711906446640911012961856203235959648714,0.5,0.8,0.65,0.3,283.36,283.36,283.36,1133.44,1133.44,1150.44,7,6,
2026-08-02 07:14:45,784454,3279337,Game 1: Both Teams Slay a Dragon?,prop,1,2026-08-02 11:00:00,225.2,No,113639245628381365619733456314148552479554541347938913263069970674144530537011,0.2,0.5,0.35,0.3,283.36,283.36,286.36,283.36,283.36,283.36,6,7,
2026-08-02 07:14:45,784454,3279338,Game 1: Both Teams Destroy Inhibitors?,prop,1,2026-08-02 11:00:00,225.2,Yes,84257537483049847277466872644370686159179025875193944024518237924780025042131,0.05,0.5,0.275,0.45,283.75,284.16,304.75,283.36,283.36,283.36,4,9,
2026-08-02 07:14:45,784454,3279338,Game 1: Both Teams Destroy Inhibitors?,prop,1,2026-08-02 11:00:00,225.2,No,17512970349175966036185638585777782357196988069898006727673109234980829196689,0.5,0.95,0.725,0.45,283.36,283.36,283.36,6807.99,6828.43,8866.43,9,4,
2026-08-02 07:14:45,784454,3279339,Game 1: Any Player Quadra Kill?,prop,1,2026-08-02 11:00:00,225.2,Yes,100195580565681381355894995964091091984821043688528614303186896474559892170773,0.04,0.5,0.27,0.46,283.36,283.41,283.41,283.36,283.36,283.36,2,8,
2026-08-02 07:14:45,784454,3279339,Game 1: Any Player Quadra Kill?,prop,1,2026-08-02 11:00:00,225.2,No,100002284771695156212403639615967612485024240997907737595652834691242696166373,0.5,0.96,0.73,0.46,283.36,283.36,283.36,6800.64,6805.59,6805.59,8,2,
2026-08-02 07:14:45,784454,3279340,Game 1: Any Player Penta Kill?,prop,1,2026-08-02 11:00:00,225.2,Yes,108553955533062190722462560962697635922300727715950859581495777172582856352860,0.01,0.5,0.255,0.49,283.41,283.41,283.41,283.36,283.36,283.36,1,7,
2026-08-02 07:14:45,784454,3279340,Game 1: Any Player Penta Kill?,prop,1,2026-08-02 11:00:00,225.2,No,99429016337898751571198984643766201021703430902614317375747854069649372016546,0.5,0.99,0.745,0.49,283.36,283.36,283.36,28057.59,28057.59,28057.59,7,1,
2026-08-02 07:14:45,784454,3279341,Game 1: Odd/Even Total Kills?,odd_even,1,2026-08-02 11:00:00,225.2,Odd,26084554044742122208541577919387140827516672517649992527852152062483236887771,0.49,0.51,0.5,0.02,7.76,7.76,7.76,8.07,8.07,8.07,9,9,
2026-08-02 07:14:45,784454,3279341,Game 1: Odd/Even Total Kills?,odd_even,1,2026-08-02 11:00:00,225.2,Even,61741879617992978800893084572683048258686760432520729278313723134457915265838,0.49,0.51,0.5,0.02,7.76,7.76,7.76,8.07,8.07,8.07,9,9,
2026-08-02 07:22:01,720804,2985831,LoL: DN SOOPers vs HANJIN BRION - Game 1 Winner,map,1,2026-08-02 08:00:00,38.0,DN SOOPers,42936850482651914409277495257882545988254142261829548050889622816919312279771,0.35,0.36,0.355,0.01,8877.65,15352.3,18061.25,12308.26,16955.43,18010.36,25,26,4521.096912999999
2026-08-02 07:22:01,720804,2985831,LoL: DN SOOPers vs HANJIN BRION - Game 1 Winner,map,1,2026-08-02 08:00:00,38.0,HANJIN BRION,72300873521014331315996822988962847480647045255728209596012804322177150285029,0.64,0.65,0.645,0.01,21851.27,29300.51,30818.58,17149.3,30302.7,36501.39,26,25,4521.096912999999
2026-08-02 07:22:01,720804,2985832,LoL: DN SOOPers vs HANJIN BRION - Game 2 Winner,map,2,2026-08-02 08:00:00,38.0,DN SOOPers,6293002078450018823745497893356590572289968249157219729289882040976874389242,0.33,0.34,0.335,0.01,4188.08,6676.33,6676.33,9584.7,10614.03,11900.66,24,36,13583.249449000003
2026-08-02 07:22:01,720804,2985832,LoL: DN SOOPers vs HANJIN BRION - Game 2 Winner,map,2,2026-08-02 08:00:00,38.0,HANJIN BRION,51651805320304444180996920139489385195635313821107581113327476476510601730075,0.66,0.67,0.665,0.01,17868.75,19639.23,21651.9,8517.53,14207.18,14207.18,36,24,13583.249449000003
2026-08-02 07:22:01,720804,2985833,LoL: DN SOOPers vs HANJIN BRION (BO3) - LCK Round 3-4 Rise Group,series,,2026-08-02 08:00:00,38.0,DN SOOPers,83920944565793264579009568668732470958333402189187686836848086059640655328512,0.29,0.3,0.295,0.01,47260.48,58993.58,64130.36,47986.32,53374.74,55201.88,20,63,136936.84531799998
2026-08-02 07:22:01,720804,2985833,LoL: DN SOOPers vs HANJIN BRION (BO3) - LCK Round 3-4 Rise Group,series,,2026-08-02 08:00:00,38.0,HANJIN BRION,90142340307548158680285244846463054791996473929800648630886781972830446829292,0.7,0.71,0.705,0.01,110019.18,121095.75,124582.63,119883.6,152056.12,168183.67,63,20,136936.84531799998
2026-08-02 07:22:01,720804,2985834,Games Total: O/U 2.5,total_games,,2026-08-02 08:00:00,38.0,Over,115763001589981841934227916705643778300336986478747747006478743351017049320215,0.43,0.44,0.435,0.01,920.65,3938.24,4038.08,44.0,11436.92,13890.24,16,16,599.5266379999999
2026-08-02 07:22:01,720804,2985834,Games Total: O/U 2.5,total_games,,2026-08-02 08:00:00,38.0,Under,91801222121802541444761121490344327534075944391096953237840309703647468371038,0.56,0.57,0.565,0.01,56.0,12973.78,15559.54,1269.35,5716.96,5873.12,16,16,599.5266379999999
2026-08-02 07:22:01,720804,2985835,Game Handicap: BRO (-1.5) vs DN SOOPers (+1.5),handicap,,2026-08-02 08:00:00,38.0,HANJIN BRION,2478818261239720677086675483799167438612949482205213347168593674700102622629,0.43,0.44,0.435,0.01,17838.98,19141.2,23063.52,30432.52,50586.82,56102.26,25,27,61055.956469
2026-08-02 07:22:01,720804,2985835,Game Handicap: BRO (-1.5) vs DN SOOPers (+1.5),handicap,,2026-08-02 08:00:00,38.0,DN SOOPers,94834555477028424709848351439230010185388394524770172258089704477087868641163,0.56,0.57,0.565,0.01,37528.3,60722.17,66462.73,24286.86,26215.42,32593.92,27,25,61055.956469
2026-08-02 07:22:01,720804,2985836,Game 1: Both Teams Slay Baron Nashor?,prop,1,2026-08-02 08:00:00,38.0,Yes,44915640594729569087625676620306222412980590579084678991395292033371931560827,0.07,0.49,0.28,0.42,1.45,1.97,2.45,4.07,4.07,4.07,4,5,
2026-08-02 07:22:01,720804,2985836,Game 1: Both Teams Slay Baron Nashor?,prop,1,2026-08-02 08:00:00,38.0,No,37113967443673178032629187181708940461213139311985080295449837338299072323374,0.51,0.93,0.72,0.42,4.23,4.23,4.23,19.25,31.71,47.23,5,4,
2026-08-02 07:22:01,720804,2985837,Game 1: Both Teams Slay a Dragon?,prop,1,2026-08-02 08:00:00,38.0,Yes,81561078706992361174610681826983342457210813688240521193883827615449787089945,0.51,0.78,0.645,0.27,4.28,4.28,4.28,8.58,8.58,8.58,5,5,
2026-08-02 07:22:01,720804,2985837,Game 1: Both Teams Slay a Dragon?,prop,1,2026-08-02 08:00:00,38.0,No,9907281152142873042160819340133770082139172884764291314030269990598666965984,0.22,0.49,0.355,0.27,2.42,2.42,2.42,4.12,4.12,4.12,5,5,
2026-08-02 07:22:01,720804,2985838,Game 1: Both Teams Destroy Inhibitors?,prop,1,2026-08-02 08:00:00,38.0,Yes,71475961584450706233230360574834962522669953698100028735480553421773518962446,0.06,0.49,0.275,0.43,1.45,2.48,2.99,4.07,4.07,4.07,4,5,
2026-08-02 07:22:01,720804,2985838,Game 1: Both Teams Destroy Inhibitors?,prop,1,2026-08-02 08:00:00,38.0,No,96176116817715510739061517798906786856670574020691174289854703473183525042907,0.51,0.94,0.725,0.43,4.23,4.23,4.23,22.75,51.34,102.35,5,4,
2026-08-02 07:22:01,720804,2985839,Game 1: Any Player Quadra Kill?,prop,1,2026-08-02 08:00:00,38.0,Yes,16493390525368333199018739796614614378465922969488141913346132696092540481996,0.02,0.98,0.5,0.96,0.6,0.6,0.6,34.4,34.4,34.4,2,2,
2026-08-02 07:22:01,720804,2985839,Game 1: Any Player Quadra Kill?,prop,1,2026-08-02 08:00:00,38.0,No,56347653585494781062554189637614748771006399122103141423346716304631011312144,0.02,0.98,0.5,0.96,0.6,0.6,0.6,34.4,34.4,34.4,2,2,
2026-08-02 07:22:01,720804,2985840,Game 1: Any Player Penta Kill?,prop,1,2026-08-02 08:00:00,38.0,Yes,49668406403014705401245867535537092853662595481221175539691493508867265252416,0.02,0.5,0.26,0.48,0.6,0.6,0.6,20.0,20.0,20.0,2,4,
2026-08-02 07:22:01,720804,2985840,Game 1: Any Player Penta Kill?,prop,1,2026-08-02 08:00:00,38.0,No,392322018462975303761146965828888407897620802810361622816977224642104664346,0.5,0.98,0.74,0.48,20.0,20.0,20.0,34.4,34.4,34.4,4,2,
2026-08-02 07:22:01,720804,2985841,Game 1: Odd/Even Total Kills?,odd_even,1,2026-08-02 08:00:00,38.0,Odd,64592549155132161597723277379753760434816316220798779424330799858113165111831,0.49,0.51,0.5,0.02,102.33,102.33,386.94,104.05,104.05,451.91,6,6,9.80392
2026-08-02 07:22:01,720804,2985841,Game 1: Odd/Even Total Kills?,odd_even,1,2026-08-02 08:00:00,38.0,Even,22354129330778337787211517449131111296157517049169544234741909359794225096802,0.49,0.51,0.5,0.02,99.97,99.97,384.59,106.5,106.5,454.37,6,6,9.80392
2026-08-02 07:22:01,720804,2985842,Game 2: Both Teams Slay Baron Nashor?,prop,2,2026-08-02 08:00:00,38.0,Yes,57194722881652722287778928856899256552760339229401704787654609080883199550511,0.07,0.49,0.28,0.42,1.45,1.9,2.52,4.12,4.12,4.12,5,5,
2026-08-02 07:22:01,720804,2985842,Game 2: Both Teams Slay Baron Nashor?,prop,2,2026-08-02 08:00:00,38.0,No,59374135450969641428260528220646082053630355448275032123355014422228661214328,0.51,0.93,0.72,0.42,4.28,4.28,4.28,19.25,30.1,52.46,5,5,
2026-08-02 07:22:01,720804,2985843,Game 2: Both Teams Slay a Dragon?,prop,2,2026-08-02 08:00:00,38.0,Yes,16761207663700929763930895000870044109436239314614467819259826218322025602414,0.51,0.78,0.645,0.27,4.23,4.23,4.23,8.58,8.58,8.58,5,5,
2026-08-02 07:22:01,720804,2985843,Game 2: Both Teams Slay a Dragon?,prop,2,2026-08-02 08:00:00,38.0,No,91053011289502335373332454164570546553687856896383620203832129814970866007559,0.22,0.49,0.355,0.27,2.42,2.42,2.42,4.07,4.07,4.07,5,5,
2026-08-02 07:22:01,720804,2985844,Game 2: Both Teams Destroy Inhibitors?,prop,2,2026-08-02 08:00:00,38.0,Yes,72080657131222492875722184018671784613358675618683575643423920669409123373805,0.06,0.49,0.275,0.43,1.45,2.46,2.99,4.07,4.07,4.07,4,4,
2026-08-02 07:22:01,720804,2985844,Game 2: Both Teams Destroy Inhibitors?,prop,2,2026-08-02 08:00:00,38.0,No,76575595827436686508796323618238841350839192478819249193882303206472590522650,0.51,0.94,0.725,0.43,4.23,4.23,4.23,22.75,51.05,103.27,4,4,
2026-08-02 07:22:01,720804,2985845,Game 2: Any Player Quadra Kill?,prop,2,2026-08-02 08:00:00,38.0,Yes,76246363645423051975364496046855254236794026710696233410148462217483517468912,0.02,0.98,0.5,0.96,0.6,0.6,0.6,34.4,34.4,34.4,2,2,
2026-08-02 07:22:01,720804,2985845,Game 2: Any Player Quadra Kill?,prop,2,2026-08-02 08:00:00,38.0,No,82952967493967711298009068236655995385276954244991565434629591429951419785253,0.02,0.98,0.5,0.96,0.6,0.6,0.6,34.4,34.4,34.4,2,2,
2026-08-02 07:22:01,720804,2985846,Game 2: Any Player Penta Kill?,prop,2,2026-08-02 08:00:00,38.0,Yes,32202589203000764524594958432996792352023689136584650862389425963534626513896,0.02,0.47,0.245,0.45,0.6,0.6,0.6,21.08,21.08,21.08,2,5,
2026-08-02 07:22:01,720804,2985846,Game 2: Any Player Penta Kill?,prop,2,2026-08-02 08:00:00,38.0,No,41247326107088233542428794448520019157752700819922175251278359525383173138072,0.53,0.98,0.755,0.45,23.62,23.62,23.62,34.4,34.4,34.4,5,2,
2026-08-02 07:22:01,720804,2985847,Game 2: Odd/Even Total Kills?,odd_even,2,2026-08-02 08:00:00,38.0,Odd,14101125707317252499556366876532811859229089743435541998693959506889109440513,0.49,0.51,0.5,0.02,102.33,102.33,386.94,106.5,106.5,454.37,5,5,
2026-08-02 07:22:01,720804,2985847,Game 2: Odd/Even Total Kills?,odd_even,2,2026-08-02 08:00:00,38.0,Even,112433670667782516872456707749946291262697470726766165959272619193571438860014,0.49,0.51,0.5,0.02,102.33,102.33,386.94,106.5,106.5,454.37,5,5,
2026-08-02 07:22:01,720804,2985848,Game 3: Both Teams Slay Baron Nashor?,prop,3,2026-08-02 08:00:00,38.0,Yes,104136964712435805736220279460301224337589608756593979191221375998315537578826,0.07,0.95,0.51,0.88,1.52,2.07,2.55,32.85,64.12,106.16,4,5,
2026-08-02 07:22:01,720804,2985848,Game 3: Both Teams Slay Baron Nashor?,prop,3,2026-08-02 08:00:00,38.0,No,58227032133651406364524656801923559562496425913687094624385449611629670118018,0.05,0.93,0.49,0.88,1.48,2.39,2.82,20.18,33.38,48.9,5,4,
2026-08-02 07:22:01,720804,2985849,Game 3: Both Teams Slay a Dragon?,prop,3,2026-08-02 08:00:00,38.0,Yes,62359769166445215506801265907978402615199925175015226504522160105921437334234,0.05,0.78,0.415,0.73,1.51,2.28,2.75,8.58,8.58,8.58,4,4,
2026-08-02 07:22:01,720804,2985849,Game 3: Both Teams Slay a Dragon?,prop,3,2026-08-02 08:00:00,38.0,No,83654870348198823667332595091134305392760162249370758365244315399177123554265,0.22,0.95,0.585,0.73,2.42,2.42,2.42,33.6,58.57,105.09,4,4,
2026-08-02 07:22:01,720804,2985850,Game 3: Both Teams Destroy Inhibitors?,prop,3,2026-08-02 08:00:00,38.0,Yes,15560581673514295406323370069329485324079403980988726489321483925152219020603,0.07,0.95,0.51,0.88,1.9,2.19,2.67,32.47,66.25,108.3,5,5,
2026-08-02 07:22:01,720804,2985850,Game 3: Both Teams Destroy Inhibitors?,prop,3,2026-08-02 08:00:00,38.0,No,35084658982496356177161118423351755624835829136464432164708520782096827818976,0.05,0.93,0.49,0.88,1.46,2.46,2.88,28.72,35.71,51.23,5,5,
2026-08-02 07:22:01,720804,2985851,Game 3: Any Player Quadra Kill?,prop,3,2026-08-02 08:00:00,38.0,Yes,75468224762988852590066020869645592387061629400786739342571011064205596141274,0.02,0.98,0.5,0.96,0.6,0.6,0.6,34.4,34.4,34.4,2,2,
2026-08-02 07:22:01,720804,2985851,Game 3: Any Player Quadra Kill?,prop,3,2026-08-02 08:00:00,38.0,No,74647852821951903964313502511589443983089513099015021935729078044895223408021,0.02,0.98,0.5,0.96,0.6,0.6,0.6,34.4,34.4,34.4,2,2,
2026-08-02 07:22:01,720804,2985852,Game 3: Any Player Penta Kill?,prop,3,2026-08-02 08:00:00,38.0,Yes,107684476421773351543830332455122213678091807083550082965983665787711393740939,0.17,0.98,0.575,0.81,2.88,2.88,2.88,34.4,34.4,34.4,5,2,
2026-08-02 07:22:01,720804,2985852,Game 3: Any Player Penta Kill?,prop,3,2026-08-02 08:00:00,38.0,No,106156280359148725335259783092663119689979144099409849171363101956551129219138,0.02,0.83,0.425,0.81,0.6,0.6,0.6,14.82,14.82,14.82,2,5,
2026-08-02 07:22:01,720804,2985853,Game 3: Odd/Even Total Kills?,odd_even,3,2026-08-02 08:00:00,38.0,Odd,75183633087080408500425823268702677619156746674341626211978771280711642562797,0.49,0.51,0.5,0.02,102.33,102.33,386.94,106.5,106.5,454.37,5,5,
2026-08-02 07:22:01,720804,2985853,Game 3: Odd/Even Total Kills?,odd_even,3,2026-08-02 08:00:00,38.0,Even,28081118088313904661731832500271423416547915012124693594931517615532487909024,0.49,0.51,0.5,0.02,102.33,102.33,386.94,106.5,106.5,454.37,5,5,
2026-08-02 07:22:01,721080,2986370,LoL: KT Rolster vs Hanwha Life Esports - Game 1 Winner,map,1,2026-08-02 10:00:00,158.0,KT Rolster,34594325533642117507642159322716124599857225738062374685984504761227139366952,0.29,0.3,0.295,0.01,21197.57,25528.83,29395.71,1855.24,3511.08,4876.04,25,49,9160.683058
2026-08-02 07:22:01,721080,2986370,LoL: KT Rolster vs Hanwha Life Esports - Game 1 Winner,map,1,2026-08-02 10:00:00,158.0,Hanwha Life Esports,103969060068663202958737267818166908632490830090734143973682451698126351422318,0.7,0.71,0.705,0.01,4206.24,7706.4,10293.26,52112.96,64074.55,75681.67,49,25,9160.683058
2026-08-02 07:22:01,721080,2986371,LoL: KT Rolster vs Hanwha Life Esports - Game 2 Winner,map,2,2026-08-02 10:00:00,158.0,KT Rolster,39965242555365450547409177975991606172186665712705629250514283318127082005363,0.29,0.3,0.295,0.01,21111.99,25341.07,29189.2,438.84,2115.0,3133.51,24,37,4788.684639
2026-08-02 07:22:01,721080,2986371,LoL: KT Rolster vs Hanwha Life Esports - Game 2 Winner,map,2,2026-08-02 10:00:00,158.0,Hanwha Life Esports,33690771233587419806093213105105619933054597488040019806430350107735916987607,0.7,0.71,0.705,0.01,1022.35,4563.19,6489.0,51901.43,63585.2,75136.07,37,24,4788.684639
2026-08-02 07:22:01,721080,2986372,LoL: KT Rolster vs Hanwha Life Esports (BO3) - LCK Round 3-4 Legend Group,series,,2026-08-02 10:00:00,158.0,KT Rolster,42643993102653849154226829403774324173651687095442113167701765177299747004343,0.23,0.24,0.235,0.01,68785.44,74717.03,82781.38,35381.15,42551.09,51253.29,22,52,80098.39866399995
2026-08-02 07:22:01,721080,2986372,LoL: KT Rolster vs Hanwha Life Esports (BO3) - LCK Round 3-4 Legend Group,series,,2026-08-02 10:00:00,158.0,Hanwha Life Esports,86222734336247731664864731734281512829733267574920066804362888057386190851592,0.76,0.77,0.765,0.01,110178.69,130211.24,152096.74,233334.18,256381.75,291972.09,52,22,80098.39866399995
2026-08-02 07:22:01,721080,2986373,Games Total: O/U 2.5,total_games,,2026-08-02 10:00:00,158.0,Over,63672276910572687576121825250397124939009059775063162590377500959696972992300,0.41,0.42,0.415,0.01,1183.21,4376.84,8969.95,11480.38,26303.53,30435.02,28,31,4586.888937
2026-08-02 07:22:01,721080,2986373,Games Total: O/U 2.5,total_games,,2026-08-02 10:00:00,158.0,Under,79875767970364534665650111364334339973831867074710937278033421408518954931264,0.58,0.59,0.585,0.01,15443.64,33746.56,38521.52,1770.47,6905.92,14984.46,31,28,4586.888937
2026-08-02 07:22:01,721080,2986374,Game Handicap: HLE (-1.5) vs KT Rolster (+1.5),handicap,,2026-08-02 10:00:00,158.0,Hanwha Life Esports,90359543367658056432356794620654914204787357372426502077089159155115893371056,0.49,0.5,0.495,0.01,3650.97,15790.01,25731.69,13080.88,19521.8,22521.5,35,29,9735.871961
2026-08-02 07:22:01,721080,2986374,Game Handicap: HLE (-1.5) vs KT Rolster (+1.5),handicap,,2026-08-02 10:00:00,158.0,KT Rolster,37860344211327312251897046288311142624279126319609539398379622577284409045289,0.5,0.51,0.505,0.01,13006.99,18835.09,21390.39,3943.48,17904.44,30162.3,29,35,9735.871961
2026-08-02 07:22:01,721080,2986375,Game 1: Both Teams Slay Baron Nashor?,prop,1,2026-08-02 10:00:00,158.0,Yes,104345867989692261393050694900698216922976549364510130468036520586580143630553,0.07,0.25,0.16,0.18,117.67,120.14,136.13,94.28,94.28,94.28,7,18,
2026-08-02 07:22:01,721080,2986375,Game 1: Both Teams Slay Baron Nashor?,prop,1,2026-08-02 10:00:00,158.0,No,6079862688075335512164816124943298458614347580598637103172963867177694690692,0.75,0.93,0.84,0.18,282.84,282.84,282.84,1840.03,1896.98,2639.39,18,7,
2026-08-02 07:22:01,721080,2986376,Game 1: Both Teams Slay a Dragon?,prop,1,2026-08-02 10:00:00,158.0,Yes,42973340741734498935010306063596765823965728917263155647396897925065859016416,0.66,0.78,0.72,0.12,182.77,182.77,182.77,714.52,714.52,723.63,18,14,2.435895
2026-08-02 07:22:01,721080,2986376,Game 1: Both Teams Slay a Dragon?,prop,1,2026-08-02 10:00:00,158.0,No,21419732133763773940818944461143665527900650117271110847467532375118994395132,0.22,0.34,0.28,0.12,190.04,190.04,192.04,94.15,94.15,94.15,14,18,2.435895
2026-08-02 07:22:01,721080,2986377,Game 1: Both Teams Destroy Inhibitors?,prop,1,2026-08-02 10:00:00,158.0,Yes,94367415131501593832941389121611884595863799818484887495972159055633778627748,0.06,0.2,0.13,0.14,1.45,6.5,11.56,74.8,74.8,74.8,5,17,
2026-08-02 07:22:01,721080,2986377,Game 1: Both Teams Destroy Inhibitors?,prop,1,2026-08-02 10:00:00,158.0,No,82467783284892218535513158472162488367372152555545671506505040262251666995648,0.8,0.94,0.87,0.14,299.22,299.22,299.22,22.75,181.3,666.45,17,5,
2026-08-02 07:22:01,721080,2986378,Game 1: Any Player Quadra Kill?,prop,1,2026-08-02 10:00:00,158.0,Yes,39385159136667283969880976595801020915086981291080625485204800502842888488067,0.07,0.5,0.285,0.43,283.36,283.36,299.24,283.36,283.36,283.36,4,15,
2026-08-02 07:22:01,721080,2986378,Game 1: Any Player Quadra Kill?,prop,1,2026-08-02 10:00:00,158.0,No,31527164120936708237252299435039247838725890059170462239118829978120180887351,0.5,0.93,0.715,0.43,283.36,283.36,283.36,3764.64,3764.64,4509.26,15,4,
2026-08-02 07:22:01,721080,2986379,Game 1: Any Player Penta Kill?,prop,1,2026-08-02 10:00:00,158.0,Yes,40713313279867128503829853271150938580625030308357140787701214681547937729481,0.01,0.47,0.24,0.46,283.96,283.96,283.96,21.08,304.44,304.44,1,17,
2026-08-02 07:22:01,721080,2986379,Game 1: Any Player Penta Kill?,prop,1,2026-08-02 10:00:00,158.0,No,62324754847347008882603875011731439134692059874571645658510717689613890450027,0.53,0.99,0.76,0.46,23.62,306.98,306.98,28112.04,28112.04,28112.04,17,1,
2026-08-02 07:22:01,721080,2986380,Game 1: Odd/Even Total Kills?,odd_even,1,2026-08-02 10:00:00,158.0,Odd,30348296157278420141569268078351484012475346779116653429916228586079115531029,0.49,0.51,0.5,0.02,102.33,102.33,386.94,104.05,104.05,451.91,18,18,9.80392
2026-08-02 07:22:01,721080,2986380,Game 1: Odd/Even Total Kills?,odd_even,1,2026-08-02 10:00:00,158.0,Even,48602473535589365406930861301610196184831867601675589284756141674608750469803,0.49,0.51,0.5,0.02,99.97,99.97,384.59,106.5,106.5,454.37,18,18,9.80392
2026-08-02 07:22:01,721080,2986381,Game 2: Both Teams Slay Baron Nashor?,prop,2,2026-08-02 10:00:00,158.0,Yes,1245757252097993466296331383565874896213614610692471919534463471310424389467,0.07,0.25,0.16,0.18,117.67,120.14,136.13,94.28,94.28,94.28,7,17,
2026-08-02 07:22:01,721080,2986381,Game 2: Both Teams Slay Baron Nashor?,prop,2,2026-08-02 10:00:00,158.0,No,395762692039928235985558389583486150754999905835974431192948408243566378966,0.75,0.93,0.84,0.18,282.84,282.84,282.84,1840.03,1896.98,2639.39,17,7,
2026-08-02 07:22:01,721080,2986382,Game 2: Both Teams Slay a Dragon?,prop,2,2026-08-02 10:00:00,158.0,Yes,16893863549421259811745102806726064332275772288917958505583017718868898456990,0.6,0.78,0.69,0.18,306.72,306.72,306.72,716.42,716.42,725.53,17,14,
2026-08-02 07:22:01,721080,2986382,Game 2: Both Teams Slay a Dragon?,prop,2,2026-08-02 10:00:00,158.0,No,64657224681459787018356822084362236830472822980635175881452728918048695742664,0.22,0.4,0.31,0.18,190.58,190.58,192.58,204.48,204.48,204.48,14,17,
2026-08-02 07:22:01,721080,2986383,Game 2: Both Teams Destroy Inhibitors?,prop,2,2026-08-02 10:00:00,158.0,Yes,13750293712684638415053709682196794442325385807769193657959548172492255618417,0.06,0.2,0.13,0.14,1.45,6.5,11.53,74.8,74.8,74.8,5,17,
2026-08-02 07:22:01,721080,2986383,Game 2: Both Teams Destroy Inhibitors?,prop,2,2026-08-02 10:00:00,158.0,No,1078194083765815778330339210649730105284046225659107001950156196438600253250,0.8,0.94,0.87,0.14,299.22,299.22,299.22,22.75,181.3,663.48,17,5,
2026-08-02 07:22:01,721080,2986384,Game 2: Any Player Quadra Kill?,prop,2,2026-08-02 10:00:00,158.0,Yes,79951289875475743534629830302583769408704203745718796844505245983592656540753,0.07,0.5,0.285,0.43,283.36,283.36,299.24,283.36,283.36,283.36,4,15,
2026-08-02 07:22:01,721080,2986384,Game 2: Any Player Quadra Kill?,prop,2,2026-08-02 10:00:00,158.0,No,37845630014581547224653506851779696836520710021404371942827047993057219365562,0.5,0.93,0.715,0.43,283.36,283.36,283.36,3764.64,3764.64,4509.26,15,4,
2026-08-02 07:22:01,721080,2986385,Game 2: Any Player Penta Kill?,prop,2,2026-08-02 10:00:00,158.0,Yes,57654238363329149355239216886899571669225456971905444547725873212339493766604,0.02,0.49,0.255,0.47,283.96,283.96,283.96,302.47,302.47,302.47,2,16,
2026-08-02 07:22:01,721080,2986385,Game 2: Any Player Penta Kill?,prop,2,2026-08-02 10:00:00,158.0,No,7916920208278111586619816517604648630034753228320714455532312485569021098938,0.51,0.98,0.745,0.47,303.25,303.25,303.25,28087.04,28087.04,28087.04,16,2,
2026-08-02 07:22:01,721080,2986386,Game 2: Odd/Even Total Kills?,odd_even,2,2026-08-02 10:00:00,158.0,Odd,230171925225418495218247562834714364218163859484990041274711892456692466187,0.49,0.51,0.5,0.02,102.33,102.33,386.94,106.5,106.5,454.37,17,18,
2026-08-02 07:22:01,721080,2986386,Game 2: Odd/Even Total Kills?,odd_even,2,2026-08-02 10:00:00,158.0,Even,28238814948844013516724124493740353752522478372393317841739714049312218284906,0.49,0.51,0.5,0.02,102.33,102.33,386.94,106.5,106.5,454.37,18,17,
2026-08-02 07:22:01,721080,2986387,Game 3: Both Teams Slay Baron Nashor?,prop,3,2026-08-02 10:00:00,158.0,Yes,101238031167342276670149059369518993263703686122469937355543260922456896959391,0.07,0.95,0.51,0.88,284.81,284.81,300.67,32.5,169.17,388.71,5,5,
2026-08-02 07:22:01,721080,2986387,Game 3: Both Teams Slay Baron Nashor?,prop,3,2026-08-02 10:00:00,158.0,No,99018760730460059819699234987174946581894253990030525033804225752196466495767,0.05,0.93,0.49,0.88,1.46,4.6,6.81,4458.55,4458.55,5194.19,5,5,
2026-08-02 07:22:01,721080,2986388,Game 3: Both Teams Slay a Dragon?,prop,3,2026-08-02 10:00:00,158.0,Yes,5632532769136403007275438416288402420720692898120854842662607196495637247912,0.05,0.78,0.415,0.73,1.44,4.65,6.87,1074.55,1074.55,1091.15,5,14,
2026-08-02 07:22:01,721080,2986388,Game 3: Both Teams Slay a Dragon?,prop,3,2026-08-02 10:00:00,158.0,No,92800177529879733825678885878741848969846282622349002430823268067215508275629,0.22,0.95,0.585,0.73,285.78,285.78,289.18,32.14,171.53,391.7,14,5,
2026-08-02 07:22:01,721080,2986389,Game 3: Both Teams Destroy Inhibitors?,prop,3,2026-08-02 10:00:00,158.0,Yes,89580719086090598232788531546698999200083540254855964101359635057664525480482,0.07,0.95,0.51,0.88,1.86,285.48,290.07,32.88,171.21,390.74,6,5,
2026-08-02 07:22:01,721080,2986389,Game 3: Both Teams Destroy Inhibitors?,prop,3,2026-08-02 10:00:00,158.0,No,80407421672704252821754535218772277001442166229525090217101253269700185493713,0.05,0.93,0.49,0.88,1.48,4.66,6.88,28.1,6835.0,7018.64,5,6,
2026-08-02 07:22:01,721080,2986390,Game 3: Any Player Quadra Kill?,prop,3,2026-08-02 10:00:00,158.0,Yes,87833253138772782923700654226601495288969012948514728611993242981634160416544,0.07,0.99,0.53,0.92,283.36,283.36,298.74,59.4,59.4,59.4,4,1,
2026-08-02 07:22:01,721080,2986390,Game 3: Any Player Quadra Kill?,prop,3,2026-08-02 10:00:00,158.0,No,66821089537312411908543764018491266400379730963833492109914016791939757351866,0.01,0.93,0.47,0.92,0.6,0.6,0.6,3764.64,3764.64,4484.76,1,4,
2026-08-02 07:22:01,721080,2986391,Game 3: Any Player Penta Kill?,prop,3,2026-08-02 10:00:00,158.0,Yes,58558755059175506929649023019994126599646655868974660611223338388543470437553,0.17,0.98,0.575,0.81,2.88,2.88,2.88,232.4,232.4,232.4,5,2,
2026-08-02 07:22:01,721080,2986391,Game 3: Any Player Penta Kill?,prop,3,2026-08-02 10:00:00,158.0,No,91607662923460085786489419427091729139559442983846517426184623922202399691924,0.02,0.83,0.425,0.81,2.6,2.6,2.6,14.82,14.82,14.82,2,5,
2026-08-02 07:22:01,721080,2986392,Game 3: Odd/Even Total Kills?,odd_even,3,2026-08-02 10:00:00,158.0,Odd,16355459824280043176337744013007287271582517215531065265685880989257306103618,0.49,0.51,0.5,0.02,102.33,102.33,386.94,106.5,106.5,454.37,18,18,
2026-08-02 07:22:01,721080,2986392,Game 3: Odd/Even Total Kills?,odd_even,3,2026-08-02 10:00:00,158.0,Even,81089390213377589409076648125214395970684470077535699040305552310299757769816,0.49,0.51,0.5,0.02,102.33,102.33,386.94,106.5,106.5,454.37,18,18,
2026-08-02 07:22:01,743170,3080856,LoL: ThunderTalk Gaming vs Team WE - Game 1 Winner,map,1,2026-08-02 07:00:00,-22.0,ThunderTalk Gaming,72496135746065500247901246672311988779275411906571209759439852708611576071027,0.39,0.4,0.395,0.01,2509.25,3332.25,3871.8,180.83,620.01,2181.81,36,52,8446.078069
2026-08-02 07:22:01,743170,3080856,LoL: ThunderTalk Gaming vs Team WE - Game 1 Winner,map,1,2026-08-02 07:00:00,-22.0,Team WE,86406897272144859430606590863571410444264660567962881318145059910183257772933,0.6,0.61,0.605,0.01,254.35,876.34,2825.12,4006.77,5408.77,6432.28,51,36,8446.078069
2026-08-02 07:22:01,743170,3080857,LoL: ThunderTalk Gaming vs Team WE - Game 2 Winner,map,2,2026-08-02 07:00:00,-22.0,ThunderTalk Gaming,76752916551697359157851234269297016591012843522959969977805224055761398575042,0.33,0.34,0.335,0.01,4948.01,7654.73,10200.68,3444.65,3608.53,3687.75,19,30,573.0009289999999
2026-08-02 07:22:01,743170,3080857,LoL: ThunderTalk Gaming vs Team WE - Game 2 Winner,map,2,2026-08-02 07:00:00,-22.0,Team WE,65010317623213437982030806655308793500445270659341039623165426683797274071506,0.66,0.67,0.665,0.01,6657.25,6948.6,7072.5,10467.95,16782.9,23034.95,30,19,573.0009289999999
2026-08-02 07:22:01,743170,3080858,LoL: ThunderTalk Gaming vs Team WE (BO3) - LPL Group Ascend,series,,2026-08-02 07:00:00,-22.0,ThunderTalk Gaming,102071153892246039627048034194967021680193759805083679061162745293075874048047,0.29,0.3,0.295,0.01,1161.06,4329.19,4678.99,8979.66,9333.97,9506.65,28,56,191681.83603699997
2026-08-02 07:22:01,743170,3080858,LoL: ThunderTalk Gaming vs Team WE (BO3) - LPL Group Ascend,series,,2026-08-02 07:00:00,-22.0,Team WE,107302480629937459746801418935680895835862951318163699611993485492174680492656,0.7,0.71,0.705,0.01,20052.97,20781.14,21108.09,2983.96,11978.12,13039.32,56,28,191681.83603699997
2026-08-02 07:22:01,743170,3080859,Games Total: O/U 2.5,total_games,,2026-08-02 07:00:00,-22.0,Over,107594494912723104964093717822186803561399283167752733293344196473822150830801,0.4,0.5,0.45,0.1,3.95,8.18,8.18,10.96,16.16,16.16,17,15,2307.599738
2026-08-02 07:22:01,743170,3080859,Games Total: O/U 2.5,total_games,,2026-08-02 07:00:00,-22.0,Under,13195949740986299733115750603639707489456064739889325747062719688400177484721,0.5,0.6,0.55,0.1,16.65,21.45,21.45,18.33,18.33,18.33,15,17,2307.599738
2026-08-02 07:22:01,743170,3080860,Game Handicap: WE (-1.5) vs ThunderTalk Gaming (+1.5),handicap,,2026-08-02 07:00:00,-22.0,Team WE,72898904332442991379697379372607989319613847572204270780556694513998511299687,0.44,0.59,0.515,0.15,8.7,23.25,49.28,29.7,111.27,159.27,15,14,31793.120862999996
2026-08-02 07:22:01,743170,3080860,Game Handicap: WE (-1.5) vs ThunderTalk Gaming (+1.5),handicap,,2026-08-02 07:00:00,-22.0,ThunderTalk Gaming,50834236677980205127685734657806100902200221308325695417181113975675617751500,0.41,0.56,0.485,0.15,20.3,70.3,97.3,11.3,25.95,72.41,14,15,31793.120862999996
2026-08-02 07:22:01,743170,3080861,Game 1: Both Teams Slay Baron Nashor?,prop,1,2026-08-02 07:00:00,-22.0,Yes,576199460582024193100725101261977861313235933865014426802032541129552297770,,,,,0.0,0.0,0.0,0.0,0.0,0.0,0,0,
2026-08-02 07:22:01,743170,3080861,Game 1: Both Teams Slay Baron Nashor?,prop,1,2026-08-02 07:00:00,-22.0,No,39148998634785957714637765512152768766586838959238901897071669687131023587459,,,,,0.0,0.0,0.0,0.0,0.0,0.0,0,0,
2026-08-02 07:22:01,743170,3080862,Game 1: Both Teams Slay a Dragon?,prop,1,2026-08-02 07:00:00,-22.0,Yes,12798444312028531986523161040093625635680994958660481961288482187110266231846,,,,,0.0,0.0,0.0,0.0,0.0,0.0,0,0,6.405061
2026-08-02 07:22:01,743170,3080862,Game 1: Both Teams Slay a Dragon?,prop,1,2026-08-02 07:00:00,-22.0,No,77088962572483445588626120910059447941522620776186008716249040366097850926880,,,,,0.0,0.0,0.0,0.0,0.0,0.0,0,0,6.405061
2026-08-02 07:22:01,743170,3080863,Game 1: Both Teams Destroy Inhibitors?,prop,1,2026-08-02 07:00:00,-22.0,Yes,23431616529800285954157853389995618720561419057686883100386442761747625637104,,,,,0.0,0.0,0.0,0.0,0.0,0.0,0,0,
2026-08-02 07:22:01,743170,3080863,Game 1: Both Teams Destroy Inhibitors?,prop,1,2026-08-02 07:00:00,-22.0,No,66554463746156474753360063073089192961440136242626809840747100770144773363381,,,,,0.0,0.0,0.0,0.0,0.0,0.0,0,0,
2026-08-02 07:22:01,743170,3080864,Game 1: Any Player Quadra Kill?,prop,1,2026-08-02 07:00:00,-22.0,Yes,22455107191123144705981038449625131671221453070883782041240941374293880968288,,,,,0.0,0.0,0.0,0.0,0.0,0.0,0,0,
2026-08-02 07:22:01,743170,3080864,Game 1: Any Player Quadra Kill?,prop,1,2026-08-02 07:00:00,-22.0,No,57661462033981889980416103903558356629279739546061415204700512894530729898269,,,,,0.0,0.0,0.0,0.0,0.0,0.0,0,0,
2026-08-02 07:22:01,743170,3080865,Game 1: Any Player Penta Kill?,prop,1,2026-08-02 07:00:00,-22.0,Yes,38163109940135782122194759258784261278998733099801323596701954770736607626752,,,,,0.0,0.0,0.0,0.0,0.0,0.0,0,0,
2026-08-02 07:22:01,743170,3080865,Game 1: Any Player Penta Kill?,prop,1,2026-08-02 07:00:00,-22.0,No,18263507673053474198234050929721878908174235128213603833935283248455845943858,,,,,0.0,0.0,0.0,0.0,0.0,0.0,0,0,
2026-08-02 07:22:01,743170,3080866,Game 1: Odd/Even Total Kills?,odd_even,1,2026-08-02 07:00:00,-22.0,Odd,85798990390253236886572130022554634660940011863431591207755224338342575313983,,,,,0.0,0.0,0.0,0.0,0.0,0.0,0,0,
2026-08-02 07:22:01,743170,3080866,Game 1: Odd/Even Total Kills?,odd_even,1,2026-08-02 07:00:00,-22.0,Even,47936515113103876354401977929271863637215537317870382878338698939378687308220,,,,,0.0,0.0,0.0,0.0,0.0,0.0,0,0,
2026-08-02 07:22:01,743170,3080867,Game 2: Both Teams Slay Baron Nashor?,prop,2,2026-08-02 07:00:00,-22.0,Yes,60281269953928099872331843176728418985547710930507954182708820022609808669897,,,,,0.0,0.0,0.0,0.0,0.0,0.0,0,0,
2026-08-02 07:22:01,743170,3080867,Game 2: Both Teams Slay Baron Nashor?,prop,2,2026-08-02 07:00:00,-22.0,No,54226307805103642247368181146777059036318134178988043479524344500872140305962,,,,,0.0,0.0,0.0,0.0,0.0,0.0,0,0,
2026-08-02 07:22:01,743170,3080868,Game 2: Both Teams Slay a Dragon?,prop,2,2026-08-02 07:00:00,-22.0,Yes,29739434282903929326119644557308650803403459184094521455401480492552851758792,,,,,0.0,0.0,0.0,0.0,0.0,0.0,0,0,6.405061
2026-08-02 07:22:01,743170,3080868,Game 2: Both Teams Slay a Dragon?,prop,2,2026-08-02 07:00:00,-22.0,No,115189779164715499661096663266273794100452504398581109422822509223165504997016,,,,,0.0,0.0,0.0,0.0,0.0,0.0,0,0,6.405061
2026-08-02 07:22:01,743170,3080869,Game 2: Both Teams Destroy Inhibitors?,prop,2,2026-08-02 07:00:00,-22.0,Yes,88990911960391494970969025618777169053962523897236517506343545936592821417150,,,,,0.0,0.0,0.0,0.0,0.0,0.0,0,0,
2026-08-02 07:22:01,743170,3080869,Game 2: Both Teams Destroy Inhibitors?,prop,2,2026-08-02 07:00:00,-22.0,No,10524318344677108875682344365087472988103237322063807998004848565189515778420,,,,,0.0,0.0,0.0,0.0,0.0,0.0,0,0,
2026-08-02 07:22:01,743170,3080870,Game 2: Any Player Quadra Kill?,prop,2,2026-08-02 07:00:00,-22.0,Yes,60151038950673183831317840708733437193639535219371433492499517893097352170958,,,,,0.0,0.0,0.0,0.0,0.0,0.0,0,0,
2026-08-02 07:22:01,743170,3080870,Game 2: Any Player Quadra Kill?,prop,2,2026-08-02 07:00:00,-22.0,No,96670306229134967862342679387306668871486431855351232811714354282383437049694,,,,,0.0,0.0,0.0,0.0,0.0,0.0,0,0,
2026-08-02 07:22:01,743170,3080871,Game 2: Any Player Penta Kill?,prop,2,2026-08-02 07:00:00,-22.0,Yes,85436915482113046069979555825963002631887797266173136356295138827309011750777,,,,,0.0,0.0,0.0,0.0,0.0,0.0,0,0,
2026-08-02 07:22:01,743170,3080871,Game 2: Any Player Penta Kill?,prop,2,2026-08-02 07:00:00,-22.0,No,18077218119331989121746877984118590164679237634729750935595601490676077255075,,,,,0.0,0.0,0.0,0.0,0.0,0.0,0,0,
2026-08-02 07:22:01,743170,3080872,Game 2: Odd/Even Total Kills?,odd_even,2,2026-08-02 07:00:00,-22.0,Odd,34489811684252406008666584709129492333999413412636899041454268250718879985571,,,,,0.0,0.0,0.0,0.0,0.0,0.0,0,0,
2026-08-02 07:22:01,743170,3080872,Game 2: Odd/Even Total Kills?,odd_even,2,2026-08-02 07:00:00,-22.0,Even,54240670553404029184267189483971374359932954287994832023836725546285071185760,,,,,0.0,0.0,0.0,0.0,0.0,0.0,0,0,
2026-08-02 07:22:01,743170,3080873,Game 3: Both Teams Slay Baron Nashor?,prop,3,2026-08-02 07:00:00,-22.0,Yes,57811859513176873940762138997441201835014358696460679905995989548048354540264,,,,,0.0,0.0,0.0,0.0,0.0,0.0,0,0,
2026-08-02 07:22:01,743170,3080873,Game 3: Both Teams Slay Baron Nashor?,prop,3,2026-08-02 07:00:00,-22.0,No,51295536053704709752778560732608776452578283468330820057353695324319173655698,,,,,0.0,0.0,0.0,0.0,0.0,0.0,0,0,
2026-08-02 07:22:01,743170,3080874,Game 3: Both Teams Slay a Dragon?,prop,3,2026-08-02 07:00:00,-22.0,Yes,58179717417989811646094036412121479543745227457593444191940365470656571742504,,,,,0.0,0.0,0.0,0.0,0.0,0.0,0,0,
2026-08-02 07:22:01,743170,3080874,Game 3: Both Teams Slay a Dragon?,prop,3,2026-08-02 07:00:00,-22.0,No,87343980035439006519000360405908787631260216234022290897341333211611511248508,,,,,0.0,0.0,0.0,0.0,0.0,0.0,0,0,
2026-08-02 07:22:01,743170,3080875,Game 3: Both Teams Destroy Inhibitors?,prop,3,2026-08-02 07:00:00,-22.0,Yes,74678058446583988767533004421742293971027577469169916019811692511985126363708,,,,,0.0,0.0,0.0,0.0,0.0,0.0,0,0,
2026-08-02 07:22:01,743170,3080875,Game 3: Both Teams Destroy Inhibitors?,prop,3,2026-08-02 07:00:00,-22.0,No,82798674080384483807860851761423273009124194055854717645716960582960189361391,,,,,0.0,0.0,0.0,0.0,0.0,0.0,0,0,
2026-08-02 07:22:01,743170,3080876,Game 3: Any Player Quadra Kill?,prop,3,2026-08-02 07:00:00,-22.0,Yes,58611970458737825773401922102759993341146813236760305689783843601007398487475,,,,,0.0,0.0,0.0,0.0,0.0,0.0,0,0,
2026-08-02 07:22:01,743170,3080876,Game 3: Any Player Quadra Kill?,prop,3,2026-08-02 07:00:00,-22.0,No,74171810259521672240665790528210581675653866689973453247559598379119949082738,,,,,0.0,0.0,0.0,0.0,0.0,0.0,0,0,
2026-08-02 07:22:01,743170,3080877,Game 3: Any Player Penta Kill?,prop,3,2026-08-02 07:00:00,-22.0,Yes,97607285599517336378648008255312059463093287548866171938351083344468544698733,,,,,0.0,0.0,0.0,0.0,0.0,0.0,0,0,
2026-08-02 07:22:01,743170,3080877,Game 3: Any Player Penta Kill?,prop,3,2026-08-02 07:00:00,-22.0,No,82175050981495448282087797319073848820595273522692792734078876229291900381358,,,,,0.0,0.0,0.0,0.0,0.0,0.0,0,0,
2026-08-02 07:22:01,743170,3080878,Game 3: Odd/Even Total Kills?,odd_even,3,2026-08-02 07:00:00,-22.0,Odd,113990004661101788122433090480026356333967410198432683291909606912670499759571,,,,,0.0,0.0,0.0,0.0,0.0,0.0,0,0,
2026-08-02 07:22:01,743170,3080878,Game 3: Odd/Even Total Kills?,odd_even,3,2026-08-02 07:00:00,-22.0,Even,53396382081016235460482594245617775159364750738670615857179991954098728405392,,,,,0.0,0.0,0.0,0.0,0.0,0.0,0,0,
2026-08-02 07:22:01,743170,3247363,First Blood in Game 1?,first_blood,1,2026-08-02 07:00:00,-22.0,ThunderTalk Gaming,37857650446906043848386849190232009781019679134557605636863633397679278721948,0.001,0.009,0.005,0.008,0.02,0.02,0.02,9.36,9.36,19.36,1,15,146.54044599999997
2026-08-02 07:22:01,743170,3247363,First Blood in Game 1?,first_blood,1,2026-08-02 07:00:00,-22.0,Team WE,104852352619923993034857752108294319586139334267455221962018021958633239346502,0.991,0.999,0.995,0.008,946.81,946.81,1136.81,19.98,19.98,19.98,15,1,146.54044599999997
2026-08-02 07:22:01,743170,3247364,First Blood in Game 2?,first_blood,2,2026-08-02 07:00:00,-22.0,ThunderTalk Gaming,49805343744222079587811403498521461301652487360378428401792515699102072258747,0.03,0.49,0.26,0.46,0.15,0.15,0.15,494.9,494.9,494.9,1,2,16.833332
2026-08-02 07:22:01,743170,3247364,First Blood in Game 2?,first_blood,2,2026-08-02 07:00:00,-22.0,Team WE,34975173646955613892802071928251257769371851774569031753455446770178410293492,0.51,0.97,0.74,0.46,515.1,515.1,515.1,4.85,4.85,4.85,2,1,16.833332
2026-08-02 07:22:01,743170,3247365,Total Kills Over/Under 30.5 in Game 1?,total_kills,1,2026-08-02 07:00:00,-22.0,Over,20089612397959481715540428001947492272136532425413320288741789644696953347047,0.51,0.65,0.58,0.14,183.4,183.4,183.4,130.0,130.0,130.0,7,1,555.322907
2026-08-02 07:22:01,743170,3247365,Total Kills Over/Under 30.5 in Game 1?,total_kills,1,2026-08-02 07:00:00,-22.0,Under,48583361312674351102955994336714978409432370604740795969667004880847883586088,0.35,0.49,0.42,0.14,70.0,70.0,70.0,183.26,183.26,183.26,1,6,555.322907
2026-08-02 07:22:01,743170,3247366,Total Kills Over/Under 30.5 in Game 2?,total_kills,2,2026-08-02 07:00:00,-22.0,Over,102341512262568194433893674327876736367357950404093760308808076682839535952801,0.5,0.56,0.53,0.06,532.0,532.0,532.0,566.15,566.15,566.15,4,4,22.962263
2026-08-02 07:22:01,743170,3247366,Total Kills Over/Under 30.5 in Game 2?,total_kills,2,2026-08-02 07:00:00,-22.0,Under,81591286331832699111309387511420548545728045115256401081280741169608168963352,0.44,0.5,0.47,0.06,444.84,444.84,444.84,532.0,532.0,532.0,4,4,22.962263
2026-08-02 07:22:01,743171,3080879,LoL: LNG Esports vs Invictus Gaming - Game 1 Winner,map,1,2026-08-02 09:00:00,98.0,LNG Esports,33102627209976729109354268861299671731479736827582842424085157250507560907381,0.27,0.28,0.275,0.01,876.48,2447.43,3501.25,502.75,1685.95,2593.23,22,35,1848.0985289999999
2026-08-02 07:22:01,743171,3080879,LoL: LNG Esports vs Invictus Gaming - Game 1 Winner,map,1,2026-08-02 09:00:00,98.0,Invictus Gaming,71965553920638607119542065000618740427369545540659518141003521393337025599568,0.72,0.73,0.725,0.01,1234.68,3914.97,5813.51,2446.43,7276.93,10896.33,35,22,1848.0985289999999
2026-08-02 07:22:01,743171,3080880,LoL: LNG Esports vs Invictus Gaming - Game 2 Winner,map,2,2026-08-02 09:00:00,98.0,LNG Esports,76549273220725467370771367175845215565049489935444828207386665588552392209312,0.28,0.29,0.285,0.01,334.21,1152.98,2274.8,190.6,1180.63,1539.32,24,28,423.383332
2026-08-02 07:22:01,743171,3080880,LoL: LNG Esports vs Invictus Gaming - Game 2 Winner,map,2,2026-08-02 09:00:00,98.0,Invictus Gaming,83921129708874260420921468313344431939405641512044445687758889891577394990067,0.71,0.72,0.715,0.01,447.73,2597.54,3314.73,897.97,3324.9,7004.0,28,24,423.383332
2026-08-02 07:22:01,743171,3080881,LoL: LNG Esports vs Invictus Gaming (BO3) - LPL Group Nirvana,series,,2026-08-02 09:00:00,98.0,LNG Esports,42376312343244148702517054800435970534226966426765782456212246160972367366970,0.19,0.2,0.195,0.01,10577.64,16490.56,20286.48,10677.23,16943.27,19395.65,19,56,70590.065394
2026-08-02 07:22:01,743171,3080881,LoL: LNG Esports vs Invictus Gaming (BO3) - LPL Group Nirvana,series,,2026-08-02 09:00:00,98.0,Invictus Gaming,23818387220746886062702515996267579270146808784810394793683184771658748923702,0.8,0.81,0.805,0.01,40924.12,62550.61,70073.56,47247.55,77445.66,99334.0,56,19,70590.065394
2026-08-02 07:22:01,743171,3080882,Games Total: O/U 2.5,total_games,,2026-08-02 09:00:00,98.0,Over,91449071381159482795499887899364442590608472505615819428064467090219361194129,0.39,0.4,0.395,0.01,31.39,2103.7,6302.31,1405.35,3381.67,3856.5,25,25,902.023402
2026-08-02 07:22:01,743171,3080882,Games Total: O/U 2.5,total_games,,2026-08-02 09:00:00,98.0,Under,56170572704130524676216288154558868415591430091818797288491529440426994625144,0.6,0.61,0.605,0.01,2063.96,4757.18,5353.35,51.15,3660.39,11512.26,25,25,902.023402
2026-08-02 07:22:01,743171,3080883,Game Handicap: IG (-1.5) vs LNG Esports (+1.5),handicap,,2026-08-02 09:00:00,98.0,Invictus Gaming,91884913425086256262705087330379768585679464610226744776920867862232802215099,0.54,0.55,0.545,0.01,1082.96,6519.9,12208.67,3833.18,6611.56,7456.2,28,32,6704.420526000001
2026-08-02 07:22:01,743171,3080883,Game Handicap: IG (-1.5) vs LNG Esports (+1.5),handicap,,2026-08-02 09:00:00,98.0,LNG Esports,55170188512241736941715579510241463883553070207290595544481024201987942204619,0.45,0.46,0.455,0.01,3012.19,5084.96,5659.32,959.03,6033.56,11799.19,32,28,6704.420526000001
2026-08-02 07:22:01,743171,3080884,Game 1: Both Teams Slay Baron Nashor?,prop,1,2026-08-02 09:00:00,98.0,Yes,34051338981457278493986008320570414361796596385227821490982211972647034903219,0.06,0.31,0.185,0.25,120.33,123.06,138.79,137.8,137.8,137.8,6,9,
2026-08-02 07:22:01,743171,3080884,Game 1: Both Teams Slay Baron Nashor?,prop,1,2026-08-02 09:00:00,98.0,No,22297528220041845594004972239448649467614155997048021810255009773452909046856,0.69,0.94,0.815,0.25,306.72,306.72,306.72,1891.86,1974.0,3517.86,9,6,
2026-08-02 07:22:01,743171,3080885,Game 1: Both Teams Slay a Dragon?,prop,1,2026-08-02 09:00:00,98.0,Yes,106151792218177315751885506881227688386721755394858569959160604477277812465888,0.62,0.78,0.7,0.16,251.7,251.7,251.7,684.23,692.76,692.76,12,12,
2026-08-02 07:22:01,743171,3080885,Game 1: Both Teams Slay a Dragon?,prop,1,2026-08-02 09:00:00,98.0,No,87927703368793780706798485666986471440151252105437577129906943224954568339156,0.22,0.38,0.3,0.16,192.99,194.99,194.99,154.26,154.26,154.26,12,12,
2026-08-02 07:22:01,743171,3080886,Game 1: Both Teams Destroy Inhibitors?,prop,1,2026-08-02 09:00:00,98.0,Yes,34309964158091363489316299281143011260820151049098736296521959742845393694531,0.04,0.25,0.145,0.21,1.1,5.54,5.54,102.24,102.24,102.24,4,12,
2026-08-02 07:22:01,743171,3080886,Game 1: Both Teams Destroy Inhibitors?,prop,1,2026-08-02 09:00:00,98.0,No,86446009235354077419817500540124598486454579143723053291968556723184700104514,0.75,0.96,0.855,0.21,306.72,306.72,306.72,31.59,360.01,360.01,12,4,
2026-08-02 07:22:01,743171,3080887,Game 1: Any Player Quadra Kill?,prop,1,2026-08-02 09:00:00,98.0,Yes,16032834088381709212160914854769113683906679474190249486118151708415812085353,0.07,0.5,0.285,0.43,283.36,283.36,287.86,283.36,283.36,283.36,4,10,
2026-08-02 07:22:01,743171,3080887,Game 1: Any Player Quadra Kill?,prop,1,2026-08-02 09:00:00,98.0,No,19217134519424401962085857804607599577628458274081966258394833819367360942023,0.5,0.93,0.715,0.43,283.36,283.36,283.36,3764.64,3764.64,3951.81,10,4,
2026-08-02 07:22:01,743171,3080888,Game 1: Any Player Penta Kill?,prop,1,2026-08-02 09:00:00,98.0,Yes,185144793074665783226302126842846844677051914674113849656610397883061694039,0.02,0.49,0.255,0.47,283.94,283.94,283.94,302.47,302.47,302.47,2,11,
2026-08-02 07:22:01,743171,3080888,Game 1: Any Player Penta Kill?,prop,1,2026-08-02 09:00:00,98.0,No,57128768459580464957219560179356546810571590135433442802219810682724397459336,0.51,0.98,0.745,0.47,303.25,303.25,303.25,28085.99,28085.99,28085.99,11,2,
2026-08-02 07:22:01,743171,3080889,Game 1: Odd/Even Total Kills?,odd_even,1,2026-08-02 09:00:00,98.0,Odd,48218130253324300996195980966731180159554051270168260208515843382161761968575,0.49,0.51,0.5,0.02,112.41,112.41,397.02,117.42,117.42,465.29,13,13,
2026-08-02 07:22:01,743171,3080889,Game 1: Odd/Even Total Kills?,odd_even,1,2026-08-02 09:00:00,98.0,Even,59500506137628470906851888180765854439639815513665372093153344057987734291410,0.49,0.51,0.5,0.02,112.41,112.41,397.02,117.42,117.42,465.29,13,13,
2026-08-02 07:22:01,743171,3080890,Game 2: Both Teams Slay Baron Nashor?,prop,2,2026-08-02 09:00:00,98.0,Yes,38771315095208335224976872754188881259646614995718569945440733941563172328671,0.06,0.31,0.185,0.25,120.33,123.06,138.89,137.8,137.8,137.8,6,10,
2026-08-02 07:22:01,743171,3080890,Game 2: Both Teams Slay Baron Nashor?,prop,2,2026-08-02 09:00:00,98.0,No,108803668491182996837603862297644304800157763391612368018956973445451172755496,0.69,0.94,0.815,0.25,306.72,306.72,306.72,1891.86,1974.0,3527.76,10,6,
2026-08-02 07:22:01,743171,3080891,Game 2: Both Teams Slay a Dragon?,prop,2,2026-08-02 09:00:00,98.0,Yes,84534990004299275896440102423142890690095695216677311002820521227339633761635,0.55,0.78,0.665,0.23,306.72,306.72,306.72,684.23,692.76,692.76,12,11,
2026-08-02 07:22:01,743171,3080891,Game 2: Both Teams Slay a Dragon?,prop,2,2026-08-02 09:00:00,98.0,No,44675126460827447331087863813212120760273712432385250168000125858664241630017,0.22,0.45,0.335,0.23,192.99,194.99,194.99,250.95,250.95,250.95,11,12,
2026-08-02 07:22:01,743171,3080892,Game 2: Both Teams Destroy Inhibitors?,prop,2,2026-08-02 09:00:00,98.0,Yes,114102845265038100480782593257203209794901873158150307625471715728000052872174,0.04,0.25,0.145,0.21,1.09,5.54,5.54,102.24,102.24,102.24,4,11,
2026-08-02 07:22:01,743171,3080892,Game 2: Both Teams Destroy Inhibitors?,prop,2,2026-08-02 09:00:00,98.0,No,94871315313914126728202903205244749712837417559054111273776322338505471613491,0.75,0.96,0.855,0.21,306.72,306.72,306.72,31.14,360.48,360.48,11,4,
2026-08-02 07:22:01,743171,3080893,Game 2: Any Player Quadra Kill?,prop,2,2026-08-02 09:00:00,98.0,Yes,57905006688094222818030688073883212276777689077788670105511471139070843530803,0.07,0.5,0.285,0.43,283.36,283.36,287.86,283.36,283.36,283.36,4,10,
2026-08-02 07:22:01,743171,3080893,Game 2: Any Player Quadra Kill?,prop,2,2026-08-02 09:00:00,98.0,No,114066702084353566764798554471631632824137037728952509914491397842656420059010,0.5,0.93,0.715,0.43,283.36,283.36,283.36,3764.64,3764.64,3951.81,10,4,
2026-08-02 07:22:01,743171,3080894,Game 2: Any Player Penta Kill?,prop,2,2026-08-02 09:00:00,98.0,Yes,28757050355869817025741165051027865413949617310379714386507688948492100036034,0.02,0.49,0.255,0.47,283.96,283.96,283.96,302.47,302.47,302.47,2,11,
2026-08-02 07:22:01,743171,3080894,Game 2: Any Player Penta Kill?,prop,2,2026-08-02 09:00:00,98.0,No,69963070497586266732146872486887361681071141154440836131774892089342939661624,0.51,0.98,0.745,0.47,303.25,303.25,303.25,28087.04,28087.04,28087.04,11,2,
2026-08-02 07:22:01,743171,3080895,Game 2: Odd/Even Total Kills?,odd_even,2,2026-08-02 09:00:00,98.0,Odd,13591379414424060138784846886635604619914772696527344997672262128152968333763,0.49,0.51,0.5,0.02,112.41,112.41,397.02,117.42,117.42,465.29,13,13,
2026-08-02 07:22:01,743171,3080895,Game 2: Odd/Even Total Kills?,odd_even,2,2026-08-02 09:00:00,98.0,Even,82376420046513825036996346363838109509618966024273716754332521320359654315139,0.49,0.51,0.5,0.02,112.41,112.41,397.02,117.42,117.42,465.29,13,13,
2026-08-02 07:22:01,743171,3080896,Game 3: Both Teams Slay Baron Nashor?,prop,3,2026-08-02 09:00:00,98.0,Yes,43058724801095349461575204278248067512535619195056365784858591911556849882599,0.07,0.95,0.51,0.88,283.76,284.5,288.5,20.42,132.45,352.65,6,5,
2026-08-02 07:22:01,743171,3080896,Game 3: Both Teams Slay Baron Nashor?,prop,3,2026-08-02 09:00:00,98.0,No,13403694906561572021182856611081009107969528046380292044689456074894594588633,0.05,0.93,0.49,0.88,0.95,3.32,5.54,4444.66,4462.44,4625.11,5,6,
2026-08-02 07:22:01,743171,3080897,Game 3: Both Teams Slay a Dragon?,prop,3,2026-08-02 09:00:00,98.0,Yes,95934833420408487066676515367990394305626822679884803502374041244654654377423,0.05,0.79,0.42,0.74,0.87,3.31,5.54,1065.97,1065.97,1082.57,5,9,
2026-08-02 07:22:01,743171,3080897,Game 3: Both Teams Slay a Dragon?,prop,3,2026-08-02 09:00:00,98.0,No,109092078623885203709046207603114289353136946479228925545794073647298736571558,0.21,0.95,0.58,0.74,283.36,283.36,286.76,18.92,133.39,354.56,9,5,
2026-08-02 07:22:01,743171,3080898,Game 3: Both Teams Destroy Inhibitors?,prop,3,2026-08-02 09:00:00,98.0,Yes,82086147600691603611628748523578430898515084502790714316502140904123731219515,0.05,0.95,0.5,0.9,284.35,286.68,288.9,20.42,132.45,352.65,5,5,
2026-08-02 07:22:01,743171,3080898,Game 3: Both Teams Destroy Inhibitors?,prop,3,2026-08-02 09:00:00,98.0,No,57080078987421236952819750648401667548223534181692992953945813047040670194075,0.05,0.95,0.5,0.9,0.95,3.32,5.54,6821.77,6932.4,7152.4,5,5,
2026-08-02 07:22:01,743171,3080899,Game 3: Any Player Quadra Kill?,prop,3,2026-08-02 09:00:00,98.0,Yes,17479258016738558003675075009785218467463581479312410199178804584195423655430,0.07,0.98,0.525,0.91,283.36,283.36,287.86,232.4,232.4,232.4,4,2,
2026-08-02 07:22:01,743171,3080899,Game 3: Any Player Quadra Kill?,prop,3,2026-08-02 09:00:00,98.0,No,71930022793056900703938572650857967394482518406209496724003846565725302701297,0.02,0.93,0.475,0.91,2.6,2.6,2.6,3764.64,3764.64,3951.81,2,4,
2026-08-02 07:22:01,743171,3080900,Game 3: Any Player Penta Kill?,prop,3,2026-08-02 09:00:00,98.0,Yes,20863541200087242531589893761704057993976845234001397188844460939118282307638,0.05,0.98,0.515,0.93,28.65,29.15,312.61,232.4,232.4,232.4,3,2,
2026-08-02 07:22:01,743171,3080900,Game 3: Any Player Penta Kill?,prop,3,2026-08-02 09:00:00,98.0,No,104010494454991993251580594802164548586480447757321666507808496530002724003041,0.02,0.95,0.485,0.93,2.6,2.6,2.6,544.35,568.85,28631.39,2,3,
2026-08-02 07:22:01,743171,3080901,Game 3: Odd/Even Total Kills?,odd_even,3,2026-08-02 09:00:00,98.0,Odd,14353960755531159426094281564157590168539200311909831171635853684376241553965,0.49,0.51,0.5,0.02,112.41,173.59,458.2,117.42,189.24,537.11,14,14,
2026-08-02 07:22:01,743171,3080901,Game 3: Odd/Even Total Kills?,odd_even,3,2026-08-02 09:00:00,98.0,Even,35272242988350380178489105940811110158120807760119232825874523117957186916933,0.49,0.51,0.5,0.02,112.41,173.59,458.2,117.42,189.24,537.11,14,14,
2026-08-02 07:22:01,743171,3247351,First Blood in Game 2?,first_blood,2,2026-08-02 09:00:00,98.0,LNG Esports,60243159247222898548944078335655951584712100938145240094198819772203882869361,0.4,0.51,0.455,0.11,234.71,234.71,234.71,234.21,234.21,234.21,11,10,
2026-08-02 07:22:01,743171,3247351,First Blood in Game 2?,first_blood,2,2026-08-02 09:00:00,98.0,Invictus Gaming,30010388318090560346974523143556330989233851275035946796810430270242543637571,0.49,0.6,0.545,0.11,225.03,225.03,225.03,366.34,366.34,366.34,10,11,
2026-08-02 07:22:01,743171,3247350,First Blood in Game 1?,first_blood,1,2026-08-02 09:00:00,98.0,LNG Esports,6837022236050262449582216364135211599181821772518110651667211228541869348145,0.4,0.51,0.455,0.11,234.71,234.71,234.71,234.21,234.21,234.21,11,10,
2026-08-02 07:22:01,743171,3247350,First Blood in Game 1?,first_blood,1,2026-08-02 09:00:00,98.0,Invictus Gaming,89550996007494518611684100726972460226325627586035404916832798355508487357348,0.49,0.6,0.545,0.11,225.03,225.03,225.03,366.34,366.34,366.34,10,11,
2026-08-02 07:22:01,743171,3247352,Total Kills Over/Under 30.5 in Game 2?,total_kills,2,2026-08-02 09:00:00,98.0,Over,88298484595281914352239059870292338667222484521731211318661838576444918679687,0.44,0.48,0.46,0.04,22.0,396.14,396.14,668.73,4951.81,4951.81,13,14,69.611698
2026-08-02 07:22:01,743171,3247352,Total Kills Over/Under 30.5 in Game 2?,total_kills,2,2026-08-02 09:00:00,98.0,Under,38217417125598701285917566785225117131207297438256940711948323672696406231456,0.52,0.56,0.54,0.04,697.05,4812.16,4812.16,28.0,544.68,544.68,14,13,69.611698
2026-08-02 07:22:01,743171,3247353,Total Kills Over/Under 30.5 in Game 1?,total_kills,1,2026-08-02 09:00:00,98.0,Over,50106188925521078535282573965611606854996840223325430071085270132003555909260,0.41,0.45,0.43,0.04,20.5,421.07,421.07,4252.03,4599.84,4599.84,11,12,16.413792
2026-08-02 07:22:01,743171,3247353,Total Kills Over/Under 30.5 in Game 1?,total_kills,1,2026-08-02 09:00:00,98.0,Under,75541867021947396106730952542539720001153212109669926230486401340538156123951,0.55,0.59,0.57,0.04,5018.04,5394.84,5394.84,29.5,656.03,656.03,12,11,16.413792
2026-08-02 07:22:01,743171,3247354,Total Kills Over/Under 27.5 in Game 2?,total_kills,2,2026-08-02 09:00:00,98.0,Over,51146540352557297178527941122655826755968886808628579134513850317472805832603,0.55,0.64,0.595,0.09,388.03,388.03,388.03,714.96,714.96,714.96,9,10,
2026-08-02 07:22:01,743171,3247354,Total Kills Over/Under 27.5 in Game 2?,total_kills,2,2026-08-02 09:00:00,98.0,Under,63016173037310715849691062634003262606205900177631212934439242359284953820507,0.36,0.45,0.405,0.09,393.52,393.52,393.52,317.48,317.48,317.48,10,9,
2026-08-02 07:22:01,743171,3247355,Total Kills Over/Under 27.5 in Game 1?,total_kills,1,2026-08-02 09:00:00,98.0,Over,42198956340145679217446932380790459403280756645167729912328189878281220990092,0.55,0.58,0.565,0.03,38.5,244.52,244.52,29.0,142.9,457.03,13,14,215.974129
2026-08-02 07:22:01,743171,3247355,Total Kills Over/Under 27.5 in Game 1?,total_kills,1,2026-08-02 09:00:00,98.0,Under,20063801928328775496333872326406277649479489739628732463076882597980683577347,0.42,0.45,0.435,0.03,21.0,93.91,286.43,31.5,221.67,221.67,14,13,215.974129
2026-08-02 07:22:01,743172,3080902,LoL: Top Esports vs JD Gaming - Game 1 Winner,map,1,2026-08-02 11:00:00,218.0,Top Esports,46851770809127513157027236214484810929313295071190614902453044216924020709657,0.53,0.54,0.535,0.01,382.8,2104.33,3905.91,1900.23,3284.0,4732.15,21,21,56.547501
2026-08-02 07:22:01,743172,3080902,LoL: Top Esports vs JD Gaming - Game 1 Winner,map,1,2026-08-02 11:00:00,218.0,JD Gaming,18326167462984126987876398098101946807144555888956694919647859332891586741741,0.46,0.47,0.465,0.01,1559.05,2633.53,3658.06,343.04,2056.51,3946.7,21,21,56.547501
2026-08-02 07:22:01,743172,3080903,LoL: Top Esports vs JD Gaming - Game 2 Winner,map,2,2026-08-02 11:00:00,218.0,Top Esports,76046193107618265010185586294013386960807526519711363349964461150961941374096,0.53,0.54,0.535,0.01,419.4,2350.93,3535.23,1900.18,3283.95,4573.09,21,21,35.85185
2026-08-02 07:22:01,743172,3080903,LoL: Top Esports vs JD Gaming - Game 2 Winner,map,2,2026-08-02 11:00:00,218.0,JD Gaming,112417477089009047304146162324213653393754143899903566843840606522005774223782,0.46,0.47,0.465,0.01,1559.1,2633.58,3542.79,376.44,2299.91,3547.63,21,21,35.85185
2026-08-02 07:22:01,743172,3080904,LoL: Top Esports vs JD Gaming (BO3) - LPL Group Ascend,series,,2026-08-02 11:00:00,218.0,Top Esports,3100041782343501938261031293548661835880478843437146079213654280863394865134,0.53,0.54,0.535,0.01,26792.76,41091.62,48813.72,19365.13,32884.36,42316.47,32,35,53604.380331000015
2026-08-02 07:22:01,743172,3080904,LoL: Top Esports vs JD Gaming (BO3) - LPL Group Ascend,series,,2026-08-02 11:00:00,218.0,JD Gaming,10384789353912962118747837055304021323534057265179161083019061938612961391489,0.46,0.47,0.465,0.01,15949.69,26389.47,33123.07,24248.7,38325.0,46535.75,35,32,53604.380331000015
2026-08-02 07:22:01,743172,3080905,Games Total: O/U 2.5,total_games,,2026-08-02 11:00:00,218.0,Over,22214722228566830554386435974150227791111163055480545546784097895033948251070,0.49,0.5,0.495,0.01,33.38,1704.78,4797.24,9324.77,15243.16,17661.08,22,19,290.622197
2026-08-02 07:22:01,743172,3080905,Games Total: O/U 2.5,total_games,,2026-08-02 11:00:00,218.0,Under,6480821877096879247890792331358359253513270511115709604199105936530280926484,0.5,0.51,0.505,0.01,9302.61,14694.07,16720.15,36.12,1960.74,5752.67,19,22,290.622197
2026-08-02 07:22:01,743172,3080906,Game Handicap: TES (-1.5) vs JD Gaming (+1.5),handicap,,2026-08-02 11:00:00,218.0,Top Esports,91520151290900516068069630582384488710228121482995953890193830377303992311851,0.27,0.3,0.285,0.03,30.9,2201.9,2201.9,2826.2,12220.59,12505.48,18,20,341.93951000000004
2026-08-02 07:22:01,743172,3080906,Game Handicap: TES (-1.5) vs JD Gaming (+1.5),handicap,,2026-08-02 11:00:00,218.0,JD Gaming,11110710504122733429625920902871429766064683822056606798088558388202506384953,0.7,0.73,0.715,0.03,6291.14,26033.75,26579.25,84.1,6601.1,6601.1,20,18,341.93951000000004
2026-08-02 07:22:01,743172,3080907,Game 1: Both Teams Slay Baron Nashor?,prop,1,2026-08-02 11:00:00,218.0,Yes,75432260183621300224063637629962918151888732205521973252804410085921519708639,0.06,0.34,0.2,0.28,127.73,128.93,166.84,158.0,158.0,158.0,5,10,
2026-08-02 07:22:01,743172,3080907,Game 1: Both Teams Slay Baron Nashor?,prop,1,2026-08-02 11:00:00,218.0,No,41783964989358222581176586007474720406752308900906247323277953441782489005727,0.66,0.94,0.8,0.28,306.72,306.72,306.72,2001.1,2035.74,5213.04,10,5,
2026-08-02 07:22:01,743172,3080908,Game 1: Both Teams Slay a Dragon?,prop,1,2026-08-02 11:00:00,218.0,Yes,108452581067172687320145226727985132378107800403817956611199879851556518065310,0.73,0.89,0.81,0.16,238.53,238.53,238.53,1114.44,1114.44,1114.44,12,6,
2026-08-02 07:22:01,743172,3080908,Game 1: Both Teams Slay a Dragon?,prop,1,2026-08-02 11:00:00,218.0,No,48537658218800272629178748347860828007455615440443689175863852004875053428517,0.11,0.27,0.19,0.16,137.74,137.74,137.74,88.22,88.22,88.22,6,12,
2026-08-02 07:22:01,743172,3080909,Game 1: Both Teams Destroy Inhibitors?,prop,1,2026-08-02 11:00:00,218.0,Yes,51420553938050447742809119471570685613840044694344833309383509208239796407769,0.05,0.27,0.16,0.22,0.91,1.33,109.41,113.44,113.44,113.44,4,11,
2026-08-02 07:22:01,743172,3080909,Game 1: Both Teams Destroy Inhibitors?,prop,1,2026-08-02 11:00:00,218.0,No,103751056828887380630738392821725358559432402553406012271524742338905605358336,0.73,0.95,0.84,0.22,306.72,306.72,306.72,19.74,40.3,10739.91,11,4,
2026-08-02 07:22:01,743172,3080910,Game 1: Any Player Quadra Kill?,prop,1,2026-08-02 11:00:00,218.0,Yes,29520879781209007843261823546961147399085974100682344928562083985794317267577,0.06,0.5,0.28,0.44,283.36,283.36,326.97,283.36,283.36,283.36,3,10,
2026-08-02 07:22:01,743172,3080910,Game 1: Any Player Quadra Kill?,prop,1,2026-08-02 11:00:00,218.0,No,24027947038792258026586374372667740799164196144042714327433608029335948560145,0.5,0.94,0.72,0.44,283.36,283.36,283.36,4439.3,4439.3,8163.18,10,3,
2026-08-02 07:22:01,743172,3080911,Game 1: Any Player Penta Kill?,prop,1,2026-08-02 11:00:00,218.0,Yes,65140711957778656428427198953783566831242467220383811506547540976545329378468,0.02,0.49,0.255,0.47,283.96,283.96,283.96,302.47,302.47,302.47,2,10,
2026-08-02 07:22:01,743172,3080911,Game 1: Any Player Penta Kill?,prop,1,2026-08-02 11:00:00,218.0,No,70337725153082765788860990639765255380880981438294541576556610511722629600367,0.51,0.98,0.745,0.47,303.25,303.25,303.25,28087.04,28087.04,28087.04,10,2,
2026-08-02 07:22:01,743172,3080912,Game 1: Odd/Even Total Kills?,odd_even,1,2026-08-02 11:00:00,218.0,Odd,63537470686800212830760639421411337025666652148937862300072903542393161743647,0.49,0.51,0.5,0.02,127.39,149.37,433.99,133.65,159.46,507.32,13,14,
2026-08-02 07:22:01,743172,3080912,Game 1: Odd/Even Total Kills?,odd_even,1,2026-08-02 11:00:00,218.0,Even,97066325479198719837479772226092514184274344705186139518081755388455592750022,0.49,0.51,0.5,0.02,127.39,149.37,433.99,133.65,159.46,507.32,14,13,
2026-08-02 07:22:01,743172,3080913,Game 2: Both Teams Slay Baron Nashor?,prop,2,2026-08-02 11:00:00,218.0,Yes,75164847599048857447972600699634614594964996869135499094703958411556020577281,0.06,0.33,0.195,0.27,128.2,128.93,166.84,151.07,151.07,151.07,6,12,
2026-08-02 07:22:01,743172,3080913,Game 2: Both Teams Slay Baron Nashor?,prop,2,2026-08-02 11:00:00,218.0,No,50004558005540967272347260235092225543340072034211281689726585952829164225176,0.67,0.94,0.805,0.27,306.72,306.72,306.72,2010.01,2029.73,5206.8,12,6,
2026-08-02 07:22:01,743172,3080914,Game 2: Both Teams Slay a Dragon?,prop,2,2026-08-02 11:00:00,218.0,Yes,100335132202623954574600585633461808911625747001329527351988649666368402289406,0.64,0.89,0.765,0.25,306.72,306.72,306.72,1114.44,1114.44,1114.44,11,6,
2026-08-02 07:22:01,743172,3080914,Game 2: Both Teams Slay a Dragon?,prop,2,2026-08-02 11:00:00,218.0,No,67446499862682210682365738436441285971474949124342075640834358315044725110290,0.11,0.36,0.235,0.25,137.74,137.74,137.74,172.53,172.53,172.53,6,11,
2026-08-02 07:22:01,743172,3080915,Game 2: Both Teams Destroy Inhibitors?,prop,2,2026-08-02 11:00:00,218.0,Yes,51322057991716509136397026952959244473166895337699091505600859716366992986382,0.04,0.27,0.155,0.23,0.89,108.89,108.89,113.44,113.44,113.44,4,12,
2026-08-02 07:22:01,743172,3080915,Game 2: Both Teams Destroy Inhibitors?,prop,2,2026-08-02 11:00:00,218.0,No,79201383233302550794784437613256743316169430296732383848615013983948340750799,0.73,0.96,0.845,0.23,306.72,306.72,306.72,25.26,10696.19,10696.19,12,4,
2026-08-02 07:22:01,743172,3080916,Game 2: Any Player Quadra Kill?,prop,2,2026-08-02 11:00:00,218.0,Yes,64887998582759033731183524947305858961296962267716496128451376134880452930326,0.06,0.5,0.28,0.44,283.36,283.36,327.03,283.36,283.36,283.36,3,10,
2026-08-02 07:22:01,743172,3080916,Game 2: Any Player Quadra Kill?,prop,2,2026-08-02 11:00:00,218.0,No,58539202262164754485158745860575592749397232139398222235199542674585686744613,0.5,0.94,0.72,0.44,283.36,283.36,283.36,4439.3,4439.3,8169.12,10,3,
2026-08-02 07:22:01,743172,3080917,Game 2: Any Player Penta Kill?,prop,2,2026-08-02 11:00:00,218.0,Yes,87665210221613114119006939290093523924005862387890529231024526388175575893939,0.02,0.49,0.255,0.47,283.96,283.96,283.96,302.47,302.47,302.47,2,10,
2026-08-02 07:22:01,743172,3080917,Game 2: Any Player Penta Kill?,prop,2,2026-08-02 11:00:00,218.0,No,98815429330471747423922491321014888993701042610118185674174588160441862585322,0.51,0.98,0.745,0.47,303.25,303.25,303.25,28087.04,28087.04,28087.04,10,2,
2026-08-02 07:22:01,743172,3080918,Game 2: Odd/Even Total Kills?,odd_even,2,2026-08-02 11:00:00,218.0,Odd,103505292004998978275792998292760673562632429135900349612121659453039239444417,0.49,0.51,0.5,0.02,127.39,149.37,433.99,133.65,159.46,507.32,14,14,
2026-08-02 07:22:01,743172,3080918,Game 2: Odd/Even Total Kills?,odd_even,2,2026-08-02 11:00:00,218.0,Even,58517766982170398544701698680618801565421528922623234394813398682079365078833,0.49,0.51,0.5,0.02,127.39,149.37,433.99,133.65,159.46,507.32,14,14,
2026-08-02 07:22:01,743172,3080919,Game 3: Both Teams Slay Baron Nashor?,prop,3,2026-08-02 11:00:00,218.0,Yes,7763770048172814891105975713030209327931833201156043319595455880813704530416,0.07,0.95,0.51,0.88,283.76,284.24,295.97,20.64,20.64,78.06,6,3,
2026-08-02 07:22:01,743172,3080919,Game 3: Both Teams Slay Baron Nashor?,prop,3,2026-08-02 11:00:00,218.0,No,36300327673888036025250935760187072540042988872016956746934342783497033847951,0.05,0.93,0.49,0.88,0.96,0.96,1.54,4444.59,4456.11,5025.15,3,6,
2026-08-02 07:22:01,743172,3080920,Game 3: Both Teams Slay a Dragon?,prop,3,2026-08-02 11:00:00,218.0,Yes,6424726131496751058391746061003216993608423967734740353564431327806980884661,0.05,0.79,0.42,0.74,0.93,1.05,1.54,1065.97,1065.97,1065.97,4,10,
2026-08-02 07:22:01,743172,3080920,Game 3: Both Teams Slay a Dragon?,prop,3,2026-08-02 11:00:00,218.0,No,106948559999821874183296417813837450798320927965303338414069875755368665138573,0.21,0.95,0.58,0.74,283.36,283.36,283.36,20.14,25.61,74.57,10,4,
2026-08-02 07:22:01,743172,3080921,Game 3: Both Teams Destroy Inhibitors?,prop,3,2026-08-02 11:00:00,218.0,Yes,55084221527738889595675899880455870333974027304176403245331426013793273023538,0.05,0.95,0.5,0.9,284.35,284.46,284.9,20.64,20.64,78.06,4,3,
2026-08-02 07:22:01,743172,3080921,Game 3: Both Teams Destroy Inhibitors?,prop,3,2026-08-02 11:00:00,218.0,No,61591233894390230097514395016282247586116174955237897598983954260588576425164,0.05,0.95,0.5,0.9,0.96,0.96,1.54,6821.76,6827.58,6870.66,3,4,
2026-08-02 07:22:01,743172,3080922,Game 3: Any Player Quadra Kill?,prop,3,2026-08-02 11:00:00,218.0,Yes,111235675966221644860584481964831241278598095632773869324540853435094704819516,0.06,0.98,0.52,0.92,283.36,283.36,306.71,34.4,34.4,34.4,3,2,
2026-08-02 07:22:01,743172,3080922,Game 3: Any Player Quadra Kill?,prop,3,2026-08-02 11:00:00,218.0,No,76933630960622615784467905463664427337192564016308583393119257458086995547992,0.02,0.94,0.48,0.92,0.6,0.6,0.6,4439.3,4439.3,6157.44,2,3,
2026-08-02 07:22:01,743172,3080923,Game 3: Any Player Penta Kill?,prop,3,2026-08-02 11:00:00,218.0,Yes,72012111891152232175520850808434415047474269542696450717532618807621604865837,0.05,0.98,0.515,0.93,28.65,29.15,312.61,34.4,34.4,34.4,3,2,
2026-08-02 07:22:01,743172,3080923,Game 3: Any Player Penta Kill?,prop,3,2026-08-02 11:00:00,218.0,No,59535669203523466165239845186982603995492485810863815680206990868324711003159,0.02,0.95,0.485,0.93,0.6,0.6,0.6,544.35,568.85,28631.39,2,3,
2026-08-02 07:22:01,743172,3080924,Game 3: Odd/Even Total Kills?,odd_even,3,2026-08-02 11:00:00,218.0,Odd,46294025618744397945763129770122945221761360595243325720341782825723240735101,0.49,0.51,0.5,0.02,127.39,149.37,433.99,133.65,159.46,507.32,13,13,
2026-08-02 07:22:01,743172,3080924,Game 3: Odd/Even Total Kills?,odd_even,3,2026-08-02 11:00:00,218.0,Even,74659719347599270631279555451358852037319276053460230060257524917228946189886,0.49,0.51,0.5,0.02,127.39,149.37,433.99,133.65,159.46,507.32,13,13,
2026-08-02 07:22:01,743172,3244639,First Blood in Game 1?,first_blood,1,2026-08-02 11:00:00,218.0,Top Esports,6602796225007847250368714083162703890562833780921990948500062077778931809489,0.46,0.55,0.505,0.09,193.8,193.8,193.8,225.43,225.43,225.43,11,15,
2026-08-02 07:22:01,743172,3244639,First Blood in Game 1?,first_blood,1,2026-08-02 11:00:00,218.0,JD Gaming,87489902991861330312706242496958385539820689848655573262041583513321693862900,0.45,0.54,0.495,0.09,184.45,184.45,184.45,227.5,227.5,227.5,15,11,
2026-08-02 07:22:01,743172,3244640,First Blood in Game 2?,first_blood,2,2026-08-02 11:00:00,218.0,Top Esports,24137663207718203527062477161349904762088503792733617922037256863446926332459,0.46,0.55,0.505,0.09,193.8,193.8,193.8,225.43,225.43,225.43,11,15,
2026-08-02 07:22:01,743172,3244640,First Blood in Game 2?,first_blood,2,2026-08-02 11:00:00,218.0,JD Gaming,111647699125322064032765543565883745277538324784955298847038372968540277723837,0.45,0.54,0.495,0.09,184.45,184.45,184.45,227.5,227.5,227.5,15,11,
2026-08-02 07:22:01,743172,3244641,Total Kills Over/Under 30.5 in Game 2?,total_kills,2,2026-08-02 11:00:00,218.0,Over,30552644106679742528310884231067636756108135098737347522269552333729709327523,0.42,0.47,0.445,0.05,383.89,383.89,383.89,55.05,104.74,521.15,13,15,36.296195
2026-08-02 07:22:01,743172,3244641,Total Kills Over/Under 30.5 in Game 2?,total_kills,2,2026-08-02 11:00:00,218.0,Under,75341305486715097291844018581808328160946914691465414713245427616828717287563,0.53,0.58,0.555,0.05,59.95,110.26,510.35,530.13,530.13,530.13,15,13,36.296195
2026-08-02 07:22:01,743172,3244642,Total Kills Over/Under 30.5 in Game 1?,total_kills,1,2026-08-02 11:00:00,218.0,Over,5848797803159527143714539846892831173692586338288791944321302473798025897787,0.46,0.49,0.475,0.03,27.31,227.3,432.42,74.34,476.25,476.25,13,14,31.066194999999997
2026-08-02 07:22:01,743172,3244642,Total Kills Over/Under 30.5 in Game 1?,total_kills,1,2026-08-02 11:00:00,218.0,Under,53934747156330759828139575831881063278651797825727054390721736738195498852307,0.51,0.54,0.525,0.03,75.66,454.49,454.49,32.05,297.17,580.43,14,13,31.066194999999997
2026-08-02 07:22:01,743172,3244644,Total Kills Over/Under 27.5 in Game 2?,total_kills,2,2026-08-02 11:00:00,218.0,Over,55217915603201848763758014714972177885314093034262781059127811984269931994496,0.58,0.61,0.595,0.03,29.0,419.91,419.91,9.53,9.53,839.19,11,12,
2026-08-02 07:22:01,743172,3244644,Total Kills Over/Under 27.5 in Game 2?,total_kills,2,2026-08-02 11:00:00,218.0,Under,5734772476214070556104771703646922422218159851416754113236200342344326474857,0.39,0.42,0.405,0.03,6.09,6.09,434.77,21.0,328.14,328.14,12,11,
2026-08-02 07:22:01,743172,3244643,Total Kills Over/Under 27.5 in Game 1?,total_kills,1,2026-08-02 11:00:00,218.0,Over,101446290186737648802628688467106060643552953184861797884239412071806897706381,0.58,0.62,0.6,0.04,29.0,444.18,444.18,32.11,81.27,859.91,13,15,7.555554
2026-08-02 07:22:01,743172,3244643,Total Kills Over/Under 27.5 in Game 1?,total_kills,1,2026-08-02 11:00:00,218.0,Under,90781551002908263110403899832252227846112278104835636670642311985212809522279,0.38,0.42,0.4,0.04,19.22,46.16,438.44,21.0,347.21,347.21,15,13,7.555554
2026-08-02 07:22:01,777488,3242490,LoL: Team Secret Whales vs CTBC Flying Oyster - Game 1 Winner,map,1,2026-08-02 09:00:00,98.0,Team Secret Whales,57816135160094022782874503244385532147531078139344598994417283900284035426820,0.69,0.7,0.695,0.01,2195.14,2307.87,3635.22,213.08,3785.24,5130.56,48,23,5583.445763
2026-08-02 07:22:01,777488,3242490,LoL: Team Secret Whales vs CTBC Flying Oyster - Game 1 Winner,map,1,2026-08-02 09:00:00,98.0,CTBC Flying Oyster,84525189896438327520655187935169481308459424715925764328357460907711373179800,0.3,0.31,0.305,0.01,88.92,1458.14,1929.82,1003.97,1061.24,1790.5,23,48,5583.445763
2026-08-02 07:22:01,777488,3242491,LoL: Team Secret Whales vs CTBC Flying Oyster - Game 2 Winner,map,2,2026-08-02 09:00:00,98.0,Team Secret Whales,76754270586622647838553050894322356828736663824016826309100304606981037399491,0.69,0.7,0.695,0.01,12434.98,12568.17,14694.53,1797.99,3748.69,5001.76,31,23,3969.806478
2026-08-02 07:22:01,777488,3242491,LoL: Team Secret Whales vs CTBC Flying Oyster - Game 2 Winner,map,2,2026-08-02 09:00:00,98.0,CTBC Flying Oyster,56489067258837645781761923067126853043573144817614127530708055679301943559747,0.3,0.31,0.305,0.01,751.21,1496.17,1935.1,5595.22,5663.03,6827.67,23,31,3969.806478
2026-08-02 07:22:01,777488,3242492,LoL: Team Secret Whales vs CTBC Flying Oyster - Game 3 Winner,map,3,2026-08-02 09:00:00,98.0,Team Secret Whales,84515801993639805002213409467397361469609977446389163532328974026080706324919,0.68,0.69,0.685,0.01,3084.31,3647.79,4809.48,87.69,2832.53,4532.99,36,25,4822.664734999999
2026-08-02 07:22:01,777488,3242492,LoL: Team Secret Whales vs CTBC Flying Oyster - Game 3 Winner,map,3,2026-08-02 09:00:00,98.0,CTBC Flying Oyster,47042936553385792822224572984994946197580344579724406299806966214605938841010,0.31,0.32,0.315,0.01,38.16,1131.24,1738.57,1466.29,1767.81,2436.37,25,36,4822.664734999999
2026-08-02 07:22:01,777488,3242493,LoL: Team Secret Whales vs CTBC Flying Oyster - Game 4 Winner,map,4,2026-08-02 09:00:00,98.0,Team Secret Whales,17395249853885279779595095236555902153584780476668506281725665988013712809726,0.61,0.65,0.63,0.04,9.1,9.1,177.1,207.8,207.8,207.8,15,13,
2026-08-02 07:22:01,777488,3242493,LoL: Team Secret Whales vs CTBC Flying Oyster - Game 4 Winner,map,4,2026-08-02 09:00:00,98.0,CTBC Flying Oyster,23823319113389303220072115291412712888961208930402594759139448658235209413419,0.35,0.39,0.37,0.04,107.2,107.2,107.2,5.9,5.9,137.9,13,15,
2026-08-02 07:22:01,777488,3242494,LoL: Team Secret Whales vs CTBC Flying Oyster (BO5) - LCP Group Stage,series,,2026-08-02 09:00:00,98.0,Team Secret Whales,112783488403942180959201845594818467757376330196707325388108787976324977051994,0.77,0.78,0.775,0.01,5454.47,11852.45,12719.8,1706.29,5431.36,6776.3,42,21,13367.572239999998
2026-08-02 07:22:01,777488,3242494,LoL: Team Secret Whales vs CTBC Flying Oyster (BO5) - LCP Group Stage,series,,2026-08-02 09:00:00,98.0,CTBC Flying Oyster,80452513973028868846592325693720987068814405760226652643682462266126569090751,0.22,0.23,0.225,0.01,462.74,1358.96,1649.13,1709.46,3887.68,4215.33,21,42,13367.572239999998
2026-08-02 07:22:01,777488,3242495,Games Total: O/U 3.5,total_games,,2026-08-02 09:00:00,98.0,Over,72300793668187151319904900646523978702528656649138144719405721411224244932759,0.61,0.62,0.615,0.01,1259.16,2851.54,2851.54,6148.65,6161.55,7387.99,34,28,17291.862281000005
2026-08-02 07:22:01,777488,3242495,Games Total: O/U 3.5,total_games,,2026-08-02 09:00:00,98.0,Under,108846093590840099798675088484086990239416212941859949463132166956349912927328,0.38,0.39,0.385,0.01,3768.53,3775.63,4382.85,839.28,1956.86,1956.86,28,34,17291.862281000005
2026-08-02 07:22:01,777488,3242496,Games Total: O/U 4.5,total_games,,2026-08-02 09:00:00,98.0,Over,41270598835424749763955996134684705831927348554403922237902670916734253760669,0.26,0.29,0.275,0.03,60.86,367.45,906.89,49.83,1964.45,2558.07,21,26,441.68341699999996
2026-08-02 07:22:01,777488,3242496,Games Total: O/U 4.5,total_games,,2026-08-02 09:00:00,98.0,Under,58036605262601096265076118672464791582934640975043365706485191229520811754504,0.71,0.74,0.725,0.03,116.47,4376.18,5555.5,180.94,1177.8,3148.35,26,21,441.68341699999996
2026-08-02 07:22:01,777488,3242497,Game Handicap: TSW (-1.5) vs CTBC Flying Oyster (+1.5),handicap,,2026-08-02 09:00:00,98.0,Team Secret Whales,32382395346852847254940176658456928989693539675636369896177890938863430973471,0.59,0.6,0.595,0.01,888.49,1064.9,1119.9,268.9,365.02,1081.78,23,22,976.906004
2026-08-02 07:22:01,777488,3242497,Game Handicap: TSW (-1.5) vs CTBC Flying Oyster (+1.5),handicap,,2026-08-02 09:00:00,98.0,CTBC Flying Oyster,100488374296241339245601316885665517849468025397031180189081751660277427925981,0.4,0.41,0.405,0.01,174.43,230.89,621.27,623.11,759.7,804.7,22,23,976.906004
2026-08-02 07:22:01,777488,3242498,Game Handicap: TSW (-2.5) vs CTBC Flying Oyster (+2.5),handicap,,2026-08-02 09:00:00,98.0,Team Secret Whales,113785065335733646850554173514575073744283113436526505373350557814155497649710,0.32,0.34,0.33,0.02,584.34,748.86,876.54,4383.33,5283.44,5283.44,17,18,12.121211
2026-08-02 07:22:01,777488,3242498,Game Handicap: TSW (-2.5) vs CTBC Flying Oyster (+2.5),handicap,,2026-08-02 09:00:00,98.0,CTBC Flying Oyster,48978565648481124587937191466931712596305440574862248418236250218292279628778,0.66,0.68,0.67,0.02,8149.67,9709.86,9709.86,1299.86,1689.34,2027.66,18,17,12.121211
2026-08-02 07:22:01,777488,3242499,First Blood in Game 1?,first_blood,1,2026-08-02 09:00:00,98.0,Team Secret Whales,76176078641731935731407391491918258824551828061896501211344144386956805092975,0.08,0.94,0.51,0.86,19.0,19.47,21.47,197.48,262.15,493.98,6,5,
2026-08-02 07:22:01,777488,3242499,First Blood in Game 1?,first_blood,1,2026-08-02 09:00:00,98.0,CTBC Flying Oyster,79926504409492097448700203434558369884286074924495139692775212278480677723997,0.06,0.92,0.49,0.86,12.5,14.5,17.01,223.85,232.79,280.79,5,6,
2026-08-02 07:22:01,777488,3242500,First Blood in Game 2?,first_blood,2,2026-08-02 09:00:00,98.0,Team Secret Whales,36489252949572354156656199551729160308186523946897457577059925673343287272299,0.06,0.93,0.495,0.87,12.47,14.47,16.95,233.0,510.23,685.72,5,7,
2026-08-02 07:22:01,777488,3242500,First Blood in Game 2?,first_blood,2,2026-08-02 09:00:00,98.0,CTBC Flying Oyster,41441351191959256667490566084942834037356753172268181893268992272913894336542,0.07,0.94,0.505,0.87,17.0,29.59,33.85,196.94,261.61,491.8,7,5,
2026-08-02 07:22:01,777488,3242501,First Blood in Game 3?,first_blood,3,2026-08-02 09:00:00,98.0,Team Secret Whales,51387227749511496517739619622948981783625570831940292175844395205249838839414,0.08,0.94,0.51,0.86,19.39,19.39,21.64,197.48,262.15,493.98,5,5,
2026-08-02 07:22:01,777488,3242501,First Blood in Game 3?,first_blood,3,2026-08-02 09:00:00,98.0,CTBC Flying Oyster,84632537644270832286015097395506359851243798486843821606676215361948288717549,0.06,0.92,0.49,0.86,12.5,14.5,17.01,229.02,229.02,283.07,5,5,
2026-08-02 07:22:01,777488,3242502,First Blood in Game 4?,first_blood,4,2026-08-02 09:00:00,98.0,Team Secret Whales,26403362042709478831403732734420297091029668631643299281933862415028319195845,0.06,0.94,0.5,0.88,12.47,14.47,16.95,197.67,269.58,494.95,5,4,
2026-08-02 07:22:01,777488,3242502,First Blood in Game 4?,first_blood,4,2026-08-02 09:00:00,98.0,CTBC Flying Oyster,78664000157232051786555474526526297891608214826219451729845556414941361620072,0.06,0.94,0.5,0.88,12.51,14.73,17.01,196.94,261.61,491.8,4,5,
2026-08-02 07:22:01,777488,3242503,First Blood in Game 5?,first_blood,5,2026-08-02 09:00:00,98.0,Team Secret Whales,834669630360787795479739857530823000511290028945919271243926672811370607927,0.06,0.95,0.505,0.89,12.47,14.47,16.95,203.68,314.01,530.65,5,4,
2026-08-02 07:22:01,777488,3242503,First Blood in Game 5?,first_blood,5,2026-08-02 09:00:00,98.0,CTBC Flying Oyster,65911608945563935626405953820602536931093222068386319298304085216125067913390,0.05,0.94,0.495,0.89,10.57,12.82,15.01,196.94,261.61,491.8,4,5,
2026-08-02 07:22:01,777488,3242504,Game 1: Both Teams Slay Baron Nashor?,prop,1,2026-08-02 09:00:00,98.0,Yes,82109122910205671204306244277178071377513852655530705652340200553652435919932,0.05,0.5,0.275,0.45,283.64,285.79,308.43,283.36,283.36,283.36,4,10,
2026-08-02 07:22:01,777488,3242504,Game 1: Both Teams Slay Baron Nashor?,prop,1,2026-08-02 09:00:00,98.0,No,8656473897653034280876081254915519555589552805581412905695564407944608476083,0.5,0.95,0.725,0.45,283.36,283.36,283.36,5390.6,5495.62,7737.57,10,4,
2026-08-02 07:22:01,777488,3242505,Game 1: Both Teams Slay a Dragon?,prop,1,2026-08-02 09:00:00,98.0,Yes,32626544758206927715646495093041485141420312943142351104342214354013341427211,0.5,0.8,0.65,0.3,283.36,283.36,283.36,1133.44,1133.44,1150.44,8,8,
2026-08-02 07:22:01,777488,3242505,Game 1: Both Teams Slay a Dragon?,prop,1,2026-08-02 09:00:00,98.0,No,80774928191498242889000864528879279007331491946982563338725522451307658906911,0.2,0.5,0.35,0.3,283.36,283.36,286.36,283.36,283.36,283.36,8,8,
2026-08-02 07:22:01,777488,3242506,Game 1: Both Teams Destroy Inhibitors?,prop,1,2026-08-02 09:00:00,98.0,Yes,57878958722771259702191587377488008562321366597374420142934676314494035042365,0.04,0.5,0.27,0.46,283.82,288.26,288.26,283.36,283.36,283.36,4,10,
2026-08-02 07:22:01,777488,3242506,Game 1: Both Teams Destroy Inhibitors?,prop,1,2026-08-02 09:00:00,98.0,No,21832488090938789009014145975002941333458675765934334105525825321941495893189,0.5,0.96,0.73,0.46,283.36,283.36,283.36,9172.97,9501.52,9501.52,10,4,
2026-08-02 07:22:01,777488,3242507,Game 1: Any Player Quadra Kill?,prop,1,2026-08-02 09:00:00,98.0,Yes,67477697003412425735721846146861340830375928748646316394267430844610313516048,0.04,0.5,0.27,0.46,283.36,287.41,287.41,283.36,283.36,283.36,3,10,
2026-08-02 07:22:01,777488,3242507,Game 1: Any Player Quadra Kill?,prop,1,2026-08-02 09:00:00,98.0,No,28230089652834458564403191383477251350363400530987830673659176513834216998402,0.5,0.96,0.73,0.46,283.36,283.36,283.36,6800.64,7101.59,7101.59,10,3,
2026-08-02 07:22:01,777488,3242508,Game 1: Any Player Penta Kill?,prop,1,2026-08-02 09:00:00,98.0,Yes,107955397088245341609588127643872420201219088994892330576848052323418067304337,0.01,0.5,0.255,0.49,283.41,283.41,283.41,283.36,283.36,283.36,1,10,
2026-08-02 07:22:01,777488,3242508,Game 1: Any Player Penta Kill?,prop,1,2026-08-02 09:00:00,98.0,No,2298327095866923872370786527525373223496154978975697230366979542666694010210,0.5,0.99,0.745,0.49,283.36,283.36,283.36,28057.59,28057.59,28057.59,10,1,
2026-08-02 07:22:01,777488,3242509,Game 1: Odd/Even Total Kills?,odd_even,1,2026-08-02 09:00:00,98.0,Odd,35669069441156880233120397229339609857600763115115367527463035031810099918812,0.49,0.51,0.5,0.02,32.26,32.26,316.87,33.57,33.57,381.44,12,12,
2026-08-02 07:22:01,777488,3242509,Game 1: Odd/Even Total Kills?,odd_even,1,2026-08-02 09:00:00,98.0,Even,34134996380998562744373466212898094506013127989415722436188379079216550283869,0.49,0.51,0.5,0.02,32.26,32.26,316.87,33.57,33.57,381.44,12,12,
2026-08-02 07:22:01,777488,3242510,Game 2: Both Teams Slay Baron Nashor?,prop,2,2026-08-02 09:00:00,98.0,Yes,55612768283885555444235128339818004633987486785078428271354240018837438415172,0.05,0.5,0.275,0.45,283.64,285.79,308.09,283.36,283.36,283.36,4,11,
2026-08-02 07:22:01,777488,3242510,Game 2: Both Teams Slay Baron Nashor?,prop,2,2026-08-02 09:00:00,98.0,No,68013453411200942378083783109699621850836566027632710988233618904681638059009,0.5,0.95,0.725,0.45,283.36,283.36,283.36,5390.6,5495.62,7703.91,11,4,
2026-08-02 07:22:01,777488,3242511,Game 2: Both Teams Slay a Dragon?,prop,2,2026-08-02 09:00:00,98.0,Yes,25268472604044033644155788644394470811008223675152420568627576739918797975853,0.5,0.8,0.65,0.3,283.36,283.36,283.36,1133.44,1133.44,1150.44,8,8,
2026-08-02 07:22:01,777488,3242511,Game 2: Both Teams Slay a Dragon?,prop,2,2026-08-02 09:00:00,98.0,No,77287086054106107892849953648996922577643407952016836727589125254557669820384,0.2,0.5,0.35,0.3,283.36,283.36,286.36,283.36,283.36,283.36,8,8,
2026-08-02 07:22:01,777488,3242512,Game 2: Both Teams Destroy Inhibitors?,prop,2,2026-08-02 09:00:00,98.0,Yes,63116409037166805607386548449789060242417387308976504409836409960705425478823,0.04,0.5,0.27,0.46,283.82,288.26,288.26,283.36,283.36,283.36,4,10,
2026-08-02 07:22:01,777488,3242512,Game 2: Both Teams Destroy Inhibitors?,prop,2,2026-08-02 09:00:00,98.0,No,39912666918280641726206692277388061035907575339250897177186125313578834705787,0.5,0.96,0.73,0.46,283.36,283.36,283.36,9172.97,9501.52,9501.52,10,4,
2026-08-02 07:22:01,777488,3242513,Game 2: Any Player Quadra Kill?,prop,2,2026-08-02 09:00:00,98.0,Yes,4263276727264114878405602649464265427324668856183212750657142386269218822063,0.04,0.5,0.27,0.46,283.36,287.41,287.41,283.36,283.36,283.36,3,10,
2026-08-02 07:22:01,777488,3242513,Game 2: Any Player Quadra Kill?,prop,2,2026-08-02 09:00:00,98.0,No,69576406192413665870026391300739965527689631644663907015579261971162988093260,0.5,0.96,0.73,0.46,283.36,283.36,283.36,6800.64,7101.59,7101.59,10,3,
2026-08-02 07:22:01,777488,3242514,Game 2: Any Player Penta Kill?,prop,2,2026-08-02 09:00:00,98.0,Yes,43770092129906284304701955036555378708763006374885907543692653722330039935327,0.01,0.5,0.255,0.49,283.41,283.41,283.41,283.36,283.36,283.36,1,10,
2026-08-02 07:22:01,777488,3242514,Game 2: Any Player Penta Kill?,prop,2,2026-08-02 09:00:00,98.0,No,74726305910172583187002718614853277500984547126354509426874700736506549207136,0.5,0.99,0.745,0.49,283.36,283.36,283.36,28057.59,28057.59,28057.59,10,1,
2026-08-02 07:22:01,777488,3242515,Game 2: Odd/Even Total Kills?,odd_even,2,2026-08-02 09:00:00,98.0,Odd,103037412618351337232072591960970068480196116485177890660027371606071064402503,0.49,0.51,0.5,0.02,32.26,32.26,316.87,33.57,33.57,381.44,12,12,
2026-08-02 07:22:01,777488,3242515,Game 2: Odd/Even Total Kills?,odd_even,2,2026-08-02 09:00:00,98.0,Even,21504247401034643293987946442807585229564406903469081575863274634549998426270,0.49,0.51,0.5,0.02,32.26,32.26,316.87,33.57,33.57,381.44,12,12,
2026-08-02 07:22:01,777488,3242516,Game 3: Both Teams Slay Baron Nashor?,prop,3,2026-08-02 09:00:00,98.0,Yes,77261832545549908030973621817519973235104059699203340241975578117008694094853,0.23,0.5,0.365,0.27,2.3,2.3,4.3,283.36,283.36,283.36,9,10,
2026-08-02 07:22:01,777488,3242516,Game 3: Both Teams Slay Baron Nashor?,prop,3,2026-08-02 09:00:00,98.0,No,29942351581814803281652827273469223353222947387494284759002648389231015275294,0.5,0.77,0.635,0.27,283.36,283.36,283.36,7.7,7.7,16.23,10,9,
2026-08-02 07:22:01,777488,3242517,Game 3: Both Teams Slay a Dragon?,prop,3,2026-08-02 09:00:00,98.0,Yes,70360398388455874266173213101286288923272398726265240438392772127722997448610,0.5,0.8,0.65,0.3,283.36,283.36,283.36,1133.44,1133.44,1150.44,8,8,
2026-08-02 07:22:01,777488,3242517,Game 3: Both Teams Slay a Dragon?,prop,3,2026-08-02 09:00:00,98.0,No,52845035201587624459438845665250473929029108844112614651935527390501033762970,0.2,0.5,0.35,0.3,283.36,283.36,286.36,283.36,283.36,283.36,8,8,
2026-08-02 07:22:01,777488,3242518,Game 3: Both Teams Destroy Inhibitors?,prop,3,2026-08-02 09:00:00,98.0,Yes,48977884461727248822212570858195208609516394659009807088507571955717291664697,0.04,0.5,0.27,0.46,283.82,288.26,288.26,283.36,283.36,283.36,4,10,
2026-08-02 07:22:01,777488,3242518,Game 3: Both Teams Destroy Inhibitors?,prop,3,2026-08-02 09:00:00,98.0,No,3671363479438694358741463992296651772042853610335646218578791290024782364582,0.5,0.96,0.73,0.46,283.36,283.36,283.36,9172.97,9501.52,9501.52,10,4,
2026-08-02 07:22:01,777488,3242519,Game 3: Any Player Quadra Kill?,prop,3,2026-08-02 09:00:00,98.0,Yes,34118162061878728840353980643835530411234963147751984212557794644941270882141,0.04,0.5,0.27,0.46,283.36,287.41,287.41,283.36,283.36,283.36,3,10,
2026-08-02 07:22:01,777488,3242519,Game 3: Any Player Quadra Kill?,prop,3,2026-08-02 09:00:00,98.0,No,86065855012286708999355496026724666479399944731814351003162910211369043270293,0.5,0.96,0.73,0.46,283.36,283.36,283.36,6800.64,7101.59,7101.59,10,3,
2026-08-02 07:22:01,777488,3242520,Game 3: Any Player Penta Kill?,prop,3,2026-08-02 09:00:00,98.0,Yes,7866906399859507715969236577162534049067328151038482266868129384413531393152,0.01,0.5,0.255,0.49,283.41,283.41,283.41,283.36,283.36,283.36,1,10,
2026-08-02 07:22:01,777488,3242520,Game 3: Any Player Penta Kill?,prop,3,2026-08-02 09:00:00,98.0,No,102658700344398947639358052865470104625417791083949106731139967674354429925933,0.5,0.99,0.745,0.49,283.36,283.36,283.36,28057.59,28057.59,28057.59,10,1,
2026-08-02 07:22:01,777488,3242521,Game 3: Odd/Even Total Kills?,odd_even,3,2026-08-02 09:00:00,98.0,Odd,1920707057826196000729146751630790521705346214735121429259525852560003610959,0.49,0.51,0.5,0.02,32.26,32.26,316.87,33.57,33.57,381.44,12,12,
2026-08-02 07:22:01,777488,3242521,Game 3: Odd/Even Total Kills?,odd_even,3,2026-08-02 09:00:00,98.0,Even,88647646668802236136158789088602771719271626586223927818625588950998518629396,0.49,0.51,0.5,0.02,32.26,32.26,316.87,33.57,33.57,381.44,12,12,
2026-08-02 07:22:01,777488,3242522,Game 4: Both Teams Slay Baron Nashor?,prop,4,2026-08-02 09:00:00,98.0,Yes,6873310937397978516694146619025168230374666020537337469477629007465955183743,0.06,0.96,0.51,0.9,284.31,286.31,288.87,27.71,262.89,262.89,5,4,
2026-08-02 07:22:01,777488,3242522,Game 4: Both Teams Slay Baron Nashor?,prop,4,2026-08-02 09:00:00,98.0,No,18528193578631301586757620009046134047287063337847150764636556627738796525677,0.04,0.94,0.49,0.9,0.99,3.49,3.49,5400.31,5464.98,5698.17,4,5,
2026-08-02 07:22:01,777488,3242523,Game 4: Both Teams Slay a Dragon?,prop,4,2026-08-02 09:00:00,98.0,Yes,96239155610116234593629625855692533038529442254365233884566866984317744705509,0.47,0.78,0.625,0.31,283.36,283.36,283.36,1004.64,1004.64,1004.64,10,7,
2026-08-02 07:22:01,777488,3242523,Game 4: Both Teams Slay a Dragon?,prop,4,2026-08-02 09:00:00,98.0,No,90285335797042713137455027317662316028781926407963078036017792314080482210785,0.22,0.53,0.375,0.31,283.36,283.36,283.36,319.53,319.53,319.53,7,10,
2026-08-02 07:22:01,777488,3242524,Game 4: Both Teams Destroy Inhibitors?,prop,4,2026-08-02 09:00:00,98.0,Yes,48163120894888470133224563494374860224939916137694150453600458084315949778552,0.05,0.96,0.505,0.91,0.97,286.7,288.85,35.81,347.58,347.58,5,4,
2026-08-02 07:22:01,777488,3242524,Game 4: Both Teams Destroy Inhibitors?,prop,4,2026-08-02 09:00:00,98.0,No,65932431344977836134599434113874579109665373405269201721000578030796735615779,0.04,0.95,0.495,0.91,1.24,5.4,5.4,20.85,9294.56,9507.69,4,5,
2026-08-02 07:22:01,777488,3242525,Game 4: Any Player Quadra Kill?,prop,4,2026-08-02 09:00:00,98.0,Yes,48766357627137420502706105015132880346460432230442156319595602374969708661549,0.04,0.99,0.515,0.95,283.84,287.89,287.89,54.45,54.45,54.45,3,1,
2026-08-02 07:22:01,777488,3242525,Game 4: Any Player Quadra Kill?,prop,4,2026-08-02 09:00:00,98.0,No,18525403907568398358634442213038306406008025802557700810805310510796193654593,0.01,0.96,0.485,0.95,0.55,0.55,0.55,6812.16,7113.11,7113.11,1,3,
2026-08-02 07:22:01,777488,3242526,Game 4: Any Player Penta Kill?,prop,4,2026-08-02 09:00:00,98.0,Yes,19394836216636086747323946701502339652056897814910961334615459750970271377627,0.02,0.99,0.505,0.97,283.91,283.91,283.91,54.45,54.45,54.45,2,1,
2026-08-02 07:22:01,777488,3242526,Game 4: Any Player Penta Kill?,prop,4,2026-08-02 09:00:00,98.0,No,77617476762299404152229581594197755071733954493565526877252600348180953619678,0.01,0.98,0.495,0.97,0.55,0.55,0.55,28082.09,28082.09,28082.09,1,2,
2026-08-02 07:22:01,777488,3242527,Game 4: Odd/Even Total Kills?,odd_even,4,2026-08-02 09:00:00,98.0,Odd,75890811262287504237425106759452740916618553387886440572460885740958767693338,0.49,0.51,0.5,0.02,32.26,32.26,316.87,33.57,33.57,381.44,12,12,
2026-08-02 07:22:01,777488,3242527,Game 4: Odd/Even Total Kills?,odd_even,4,2026-08-02 09:00:00,98.0,Even,40203519400324083604706318923535091108485909332610733820589745001578236397688,0.49,0.51,0.5,0.02,32.26,32.26,316.87,33.57,33.57,381.44,12,12,
2026-08-02 07:22:01,777488,3242528,Game 5: Both Teams Slay Baron Nashor?,prop,5,2026-08-02 09:00:00,98.0,Yes,104186574846046194155309906600223084379965802712970170251970070918848843932951,0.06,0.96,0.51,0.9,284.31,286.31,288.87,27.71,262.89,262.89,5,4,
2026-08-02 07:22:01,777488,3242528,Game 5: Both Teams Slay Baron Nashor?,prop,5,2026-08-02 09:00:00,98.0,No,44568387720142730000305788491821524810776472201185044840726633879733839536191,0.04,0.94,0.49,0.9,0.99,3.49,3.49,5400.41,5465.08,5698.5,4,5,
2026-08-02 07:22:01,777488,3242529,Game 5: Both Teams Slay a Dragon?,prop,5,2026-08-02 09:00:00,98.0,Yes,54544138229268547953418063615196800890163147773712824803820035680061760701050,0.47,0.78,0.625,0.31,283.36,283.36,283.36,1004.64,1004.64,1004.64,10,8,
2026-08-02 07:22:01,777488,3242529,Game 5: Both Teams Slay a Dragon?,prop,5,2026-08-02 09:00:00,98.0,No,53447488034486623877755199848802236783776818988628965858466891919045843609954,0.22,0.53,0.375,0.31,283.36,283.36,283.36,319.53,319.53,319.53,8,10,
2026-08-02 07:22:01,777488,3242530,Game 5: Both Teams Destroy Inhibitors?,prop,5,2026-08-02 09:00:00,98.0,Yes,84869567834213737240677422708123444482993918363118298390918236083835009666609,0.05,0.96,0.505,0.91,0.98,286.71,288.85,27.71,253.76,253.76,5,4,
2026-08-02 07:22:01,777488,3242530,Game 5: Both Teams Destroy Inhibitors?,prop,5,2026-08-02 09:00:00,98.0,No,104976994634744610010863109018357776671427542050125895407506044873394977608708,0.04,0.95,0.495,0.91,0.99,3.4,3.4,20.97,9294.87,9506.91,4,5,
2026-08-02 07:22:01,777488,3242531,Game 5: Any Player Quadra Kill?,prop,5,2026-08-02 09:00:00,98.0,Yes,112263471871122883811989362359978174259181855748395775051704344415387145260011,0.04,0.99,0.515,0.95,283.84,287.89,287.89,54.45,54.45,54.45,3,1,
2026-08-02 07:22:01,777488,3242531,Game 5: Any Player Quadra Kill?,prop,5,2026-08-02 09:00:00,98.0,No,23403007836943947744681510349247280485072978781656882287837068216480509913554,0.01,0.96,0.485,0.95,0.55,0.55,0.55,6812.16,7113.11,7113.11,1,3,
2026-08-02 07:22:01,777488,3242532,Game 5: Any Player Penta Kill?,prop,5,2026-08-02 09:00:00,98.0,Yes,7891418895463379286896718967151686623053177620483355975797781050656729426108,0.02,0.99,0.505,0.97,283.91,283.91,283.91,54.45,54.45,54.45,2,1,
2026-08-02 07:22:01,777488,3242532,Game 5: Any Player Penta Kill?,prop,5,2026-08-02 09:00:00,98.0,No,40631958773724129659751950295215568541920435781148650011271912559562887183213,0.01,0.98,0.495,0.97,0.55,0.55,0.55,28082.09,28082.09,28082.09,1,2,
2026-08-02 07:22:01,777488,3242533,Game 5: Odd/Even Total Kills?,odd_even,5,2026-08-02 09:00:00,98.0,Odd,4903397286428577336062410414826833960093510373539643042803989813745818534711,0.49,0.51,0.5,0.02,32.26,32.26,316.87,33.57,33.57,381.44,12,12,
2026-08-02 07:22:01,777488,3242533,Game 5: Odd/Even Total Kills?,odd_even,5,2026-08-02 09:00:00,98.0,Even,111090787906032420752717008529204938088570636434274863773273409629924503578782,0.49,0.51,0.5,0.02,32.26,32.26,316.87,33.57,33.57,381.44,12,12,
2026-08-02 07:22:01,784454,3279335,LoL: Lausanne-Sport Esports vs Lille Esport (BO1) - Nexus League Regular Season,series,,2026-08-02 11:00:00,218.0,Lausanne-Sport Esports,99473693816433436640599597272820629709891850344949800062178901931971517918859,0.49,0.53,0.51,0.04,181.04,729.89,743.79,182.9,667.27,704.99,22,18,8.33
2026-08-02 07:22:01,784454,3279335,LoL: Lausanne-Sport Esports vs Lille Esport (BO1) - Nexus League Regular Season,series,,2026-08-02 11:00:00,218.0,Lille Esport,817789370808442914580635242466941526079789923006159850696894060669625038585,0.47,0.51,0.49,0.04,157.1,544.1,572.38,193.96,828.98,846.45,18,22,8.33
2026-08-02 07:22:01,784454,3279336,Game 1: Both Teams Slay Baron Nashor?,prop,1,2026-08-02 11:00:00,218.0,Yes,55902381800627531355833752514143215492698454037546646498430281097111920188521,0.06,0.5,0.28,0.44,283.36,283.36,304.16,283.36,283.36,283.36,3,9,
2026-08-02 07:22:01,784454,3279336,Game 1: Both Teams Slay Baron Nashor?,prop,1,2026-08-02 11:00:00,218.0,No,29672130403878024151349046128053522847556791428243592659255222009626050117893,0.5,0.94,0.72,0.44,283.36,283.36,283.36,4439.3,4439.3,6455.45,9,3,
2026-08-02 07:22:01,784454,3279337,Game 1: Both Teams Slay a Dragon?,prop,1,2026-08-02 11:00:00,218.0,Yes,17119151870950402285087342558395175380711906446640911012961856203235959648714,0.5,0.8,0.65,0.3,283.36,283.36,283.36,1133.44,1133.44,1150.44,7,7,
2026-08-02 07:22:01,784454,3279337,Game 1: Both Teams Slay a Dragon?,prop,1,2026-08-02 11:00:00,218.0,No,113639245628381365619733456314148552479554541347938913263069970674144530537011,0.2,0.5,0.35,0.3,283.36,283.36,286.36,283.36,283.36,283.36,7,7,
2026-08-02 07:22:01,784454,3279338,Game 1: Both Teams Destroy Inhibitors?,prop,1,2026-08-02 11:00:00,218.0,Yes,84257537483049847277466872644370686159179025875193944024518237924780025042131,0.05,0.5,0.275,0.45,283.75,284.16,304.49,283.36,283.36,283.36,4,9,
2026-08-02 07:22:01,784454,3279338,Game 1: Both Teams Destroy Inhibitors?,prop,1,2026-08-02 11:00:00,218.0,No,17512970349175966036185638585777782357196988069898006727673109234980829196689,0.5,0.95,0.725,0.45,283.36,283.36,283.36,6807.99,6828.43,8840.69,9,4,
2026-08-02 07:22:01,784454,3279339,Game 1: Any Player Quadra Kill?,prop,1,2026-08-02 11:00:00,218.0,Yes,100195580565681381355894995964091091984821043688528614303186896474559892170773,0.04,0.5,0.27,0.46,283.36,283.41,283.41,283.36,283.36,283.36,2,8,
2026-08-02 07:22:01,784454,3279339,Game 1: Any Player Quadra Kill?,prop,1,2026-08-02 11:00:00,218.0,No,100002284771695156212403639615967612485024240997907737595652834691242696166373,0.5,0.96,0.73,0.46,283.36,283.36,283.36,6800.64,6805.59,6805.59,8,2,
2026-08-02 07:22:01,784454,3279340,Game 1: Any Player Penta Kill?,prop,1,2026-08-02 11:00:00,218.0,Yes,108553955533062190722462560962697635922300727715950859581495777172582856352860,0.01,0.5,0.255,0.49,283.41,283.41,283.41,283.36,283.36,283.36,1,7,
2026-08-02 07:22:01,784454,3279340,Game 1: Any Player Penta Kill?,prop,1,2026-08-02 11:00:00,218.0,No,99429016337898751571198984643766201021703430902614317375747854069649372016546,0.5,0.99,0.745,0.49,283.36,283.36,283.36,28057.59,28057.59,28057.59,7,1,
2026-08-02 07:22:01,784454,3279341,Game 1: Odd/Even Total Kills?,odd_even,1,2026-08-02 11:00:00,218.0,Odd,26084554044742122208541577919387140827516672517649992527852152062483236887771,0.49,0.51,0.5,0.02,7.76,7.76,7.76,8.07,8.07,8.07,8,7,
2026-08-02 07:22:01,784454,3279341,Game 1: Odd/Even Total Kills?,odd_even,1,2026-08-02 11:00:00,218.0,Even,61741879617992978800893084572683048258686760432520729278313723134457915265838,0.49,0.51,0.5,0.02,7.76,7.76,7.76,8.07,8.07,8.07,7,8,
