ts_utc,event_id,market_id,question,market_kind,game_no,start_time,mins_to_start,outcome,token_id,best_bid,best_ask,mid,spread,bid_depth_1c,bid_depth_3c,bid_depth_5c,ask_cost_1c,ask_cost_3c,ask_cost_5c,n_bid_levels,n_ask_levels,volume
2026-09-02 06:18:48,936147,4000244,LoL: Hanwha Life Esports vs T1 - Game 1 Winner,map,1,2026-09-02 08:00:00,101.2,Hanwha Life Esports,10734641664948630564119188299000087308360542360331775061020614529623331903474,0.6,0.61,0.605,0.01,12370.87,20702.38,36445.58,10455.29,17654.86,18582.36,35,26,46355.56118800001
2026-09-02 06:18:48,936147,4000244,LoL: Hanwha Life Esports vs T1 - Game 1 Winner,map,1,2026-09-02 08:00:00,101.2,T1,9094132034109894688217527755278872327846224632546120485727243231953736941529,0.39,0.4,0.395,0.01,6567.65,10679.6,11177.1,8596.45,14845.73,27369.2,26,35,46355.56118800001
2026-09-02 06:18:48,936147,4000245,LoL: Hanwha Life Esports vs T1 - Game 2 Winner,map,2,2026-09-02 08:00:00,101.2,Hanwha Life Esports,94843214769480383766507322942929739937927603798324353905843922528772735706377,0.57,0.58,0.575,0.01,2567.06,6517.3,10822.9,314.23,8784.06,17549.21,27,25,418.06119
2026-09-02 06:18:48,936147,4000245,LoL: Hanwha Life Esports vs T1 - Game 2 Winner,map,2,2026-09-02 08:00:00,101.2,T1,35453714793284653962184719425495820838338551092982505677958700922100536194952,0.42,0.43,0.425,0.01,220.47,5822.19,11070.11,1978.86,5237.1,9076.5,25,27,418.06119
2026-09-02 06:18:48,936147,4000246,LoL: Hanwha Life Esports vs T1 - Game 3 Winner,map,3,2026-09-02 08:00:00,101.2,Hanwha Life Esports,82037966500134222625616994256887508972151143645499372020158235428006475330639,0.58,0.59,0.585,0.01,1547.66,5971.61,10586.79,1205.93,7243.19,12751.79,29,27,792.9544689999999
2026-09-02 06:18:48,936147,4000246,LoL: Hanwha Life Esports vs T1 - Game 3 Winner,map,3,2026-09-02 08:00:00,101.2,T1,108991451262166710988960567529218336671208754468579999539092984751820670537254,0.41,0.42,0.415,0.01,814.36,4563.11,7779.51,1147.91,4731.13,8795.58,27,29,792.9544689999999
2026-09-02 06:18:48,936147,4000247,LoL: Hanwha Life Esports vs T1 - Game 4 Winner,map,4,2026-09-02 08:00:00,101.2,Hanwha Life Esports,27185823859237477385754211221130737493942244739337847080115422256098738912468,0.56,0.57,0.565,0.01,139.96,139.96,139.96,11.72,11943.92,11943.92,19,18,41.36
2026-09-02 06:18:48,936147,4000247,LoL: Hanwha Life Esports vs T1 - Game 4 Winner,map,4,2026-09-02 08:00:00,101.2,T1,43792453713203242020422589829133156049817281040504463852728066738713044326183,0.43,0.44,0.435,0.01,8.84,7963.64,7963.64,109.97,109.97,109.97,18,19,41.36
2026-09-02 06:18:48,936147,4000248,LoL: Hanwha Life Esports vs T1 (BO5) - LCK Playoffs,series,,2026-09-02 08:00:00,101.2,Hanwha Life Esports,17602226504684346368510501060478122888791385343970378097785516838620659389931,0.64,0.65,0.645,0.01,82061.68,98014.9,105444.3,117080.53,138372.14,146736.5,43,27,278394.5736079999
2026-09-02 06:18:48,936147,4000248,LoL: Hanwha Life Esports vs T1 (BO5) - LCK Playoffs,series,,2026-09-02 08:00:00,101.2,T1,42819687634672881483617510271698078404051708570906741617482740253212535042722,0.35,0.36,0.355,0.01,60938.8,71333.09,75024.68,48005.46,57941.65,62899.25,27,43,278394.5736079999
2026-09-02 06:18:48,936147,4000249,Games Total: O/U 3.5,total_games,,2026-09-02 08:00:00,101.2,Over,80317462208036634370611667592517910559057172613751725938330061477906689644871,0.73,0.74,0.735,0.01,43.7,23035.7,23335.05,27526.29,32860.03,34445.63,35,19,15682.325439999999
2026-09-02 06:18:48,936147,4000249,Games Total: O/U 3.5,total_games,,2026-09-02 08:00:00,101.2,Under,32337683298076683289688582842018186880600108799426881067326201389847076015253,0.26,0.27,0.265,0.01,9296.1,10961.36,11395.76,16.3,9841.37,9977.37,19,35,15682.325439999999
2026-09-02 06:18:48,936147,4000250,Games Total: O/U 4.5,total_games,,2026-09-02 08:00:00,101.2,Over,67028205767593121936564281252261131409439995798362533668702004769898532565964,0.34,0.35,0.345,0.01,2689.11,3824.1,11425.1,2973.58,4887.86,5518.05,22,25,3243.117597
2026-09-02 06:18:48,936147,4000250,Games Total: O/U 4.5,total_games,,2026-09-02 08:00:00,101.2,Under,111556133117845474158087232516235709277283000020725048691506879574040151376855,0.65,0.66,0.655,0.01,5481.17,8660.89,9634.01,5390.95,7841.67,25760.67,25,22,3243.117597
2026-09-02 06:18:48,936147,4000251,Game Handicap: HLE (-1.5) vs T1 (+1.5),handicap,,2026-09-02 08:00:00,101.2,Hanwha Life Esports,10493141932962614934205140811035465300295049925312106570287434531813044973483,0.44,0.45,0.445,0.01,14229.03,21185.12,21965.12,21739.78,46962.78,49729.34,23,30,64446.34722000001
2026-09-02 06:18:48,936147,4000251,Game Handicap: HLE (-1.5) vs T1 (+1.5),handicap,,2026-09-02 08:00:00,101.2,T1,29009672247611046844750391779148532624046214593989504759848221828337202221082,0.55,0.56,0.555,0.01,25904.17,54339.83,57117.27,18805.42,28677.47,29897.47,30,23,64446.34722000001
2026-09-02 06:18:48,936147,4000252,Game Handicap: HLE (-2.5) vs T1 (+2.5),handicap,,2026-09-02 08:00:00,101.2,Hanwha Life Esports,102345138897645643338528677118468766881362327402363406508705558284865003191841,0.2,0.21,0.205,0.01,620.33,1665.25,5207.25,5858.12,11726.26,13037.26,19,32,3805.7385230000004
2026-09-02 06:18:48,936147,4000252,Game Handicap: HLE (-2.5) vs T1 (+2.5),handicap,,2026-09-02 08:00:00,101.2,T1,76305669832292268029604931991271246661418893929410638142532260939620551316786,0.79,0.8,0.795,0.01,20874.14,40512.55,44245.55,2526.11,7625.19,26283.19,32,19,3805.7385230000004
2026-09-02 06:18:48,936147,4000253,Game 1: Both Teams Slay Baron Nashor?,prop,1,2026-09-02 08:00:00,101.2,Yes,93146086577102256204298678979505953849078074539389252153335299070591798600887,0.07,0.97,0.52,0.9,1.95,1.95,2.07,51.99,274.82,274.82,4,3,
2026-09-02 06:18:48,936147,4000253,Game 1: Both Teams Slay Baron Nashor?,prop,1,2026-09-02 08:00:00,101.2,No,62397396836471728045186329952381396277894364048690199148787370308406079873504,0.03,0.93,0.48,0.9,1.13,3.38,3.38,29.53,29.53,35.23,3,4,
2026-09-02 06:18:48,936147,4000254,Game 1: Both Teams Slay a Dragon?,prop,1,2026-09-02 08:00:00,101.2,Yes,38524487372856719802058239041752978100838775077444134383580158056000817208489,0.02,0.92,0.47,0.9,3.28,3.28,3.28,14.02,14.02,14.02,2,3,
2026-09-02 06:18:48,936147,4000254,Game 1: Both Teams Slay a Dragon?,prop,1,2026-09-02 08:00:00,101.2,No,15204516028080642533081196459812008766087030818357039258317298224193212619102,0.08,0.98,0.53,0.9,1.11,1.11,1.11,279.11,279.11,279.11,3,2,
2026-09-02 06:18:48,936147,4000255,Game 1: Both Teams Destroy Inhibitors?,prop,1,2026-09-02 08:00:00,101.2,Yes,53326448950994422414452555514016403317591022200780864858814246245395755848871,0.07,0.97,0.52,0.9,1.05,1.05,1.17,51.99,274.82,274.82,4,3,
2026-09-02 06:18:48,936147,4000255,Game 1: Both Teams Destroy Inhibitors?,prop,1,2026-09-02 08:00:00,101.2,No,34007568137061088623455577434729876802246079637640607021932381235812612134452,0.03,0.93,0.48,0.9,1.13,3.38,3.38,15.43,15.43,21.13,3,4,
2026-09-02 06:18:48,936147,4000256,Game 1: Any Player Quadra Kill?,prop,1,2026-09-02 08:00:00,101.2,Yes,22474955096840959331217225348561101760744235175341307948306551935778821508463,0.04,0.49,0.265,0.45,176.0,176.2,176.2,200.11,200.11,200.11,2,9,
2026-09-02 06:18:48,936147,4000256,Game 1: Any Player Quadra Kill?,prop,1,2026-09-02 08:00:00,101.2,No,70010116755066730675945204508545288178944029331833502803576435564774033662176,0.51,0.96,0.735,0.45,201.1,201.1,201.1,4224.0,4243.8,4243.8,9,2,
2026-09-02 06:18:48,936147,4000257,Game 1: Any Player Penta Kill?,prop,1,2026-09-02 08:00:00,101.2,Yes,32392061463244664374011371719265930175195324793425576808866777706255798484197,0.01,0.12,0.065,0.11,176.2,176.2,176.2,5.36,6.11,6.11,1,14,
2026-09-02 06:18:48,936147,4000257,Game 1: Any Player Penta Kill?,prop,1,2026-09-02 08:00:00,101.2,No,77640614084664768219957861274368510980436867180076340853011873020180879444145,0.88,0.99,0.935,0.11,37.64,41.89,41.89,17443.8,17443.8,17443.8,14,1,
2026-09-02 06:18:48,936147,4000258,Game 1: Odd/Even Total Kills?,odd_even,1,2026-09-02 08:00:00,101.2,Odd,108827565179165251510087675872073156578050684689138105722270806193090503838530,0.49,0.51,0.5,0.02,105.76,110.46,395.07,115.17,115.17,463.04,11,10,
2026-09-02 06:18:48,936147,4000258,Game 1: Odd/Even Total Kills?,odd_even,1,2026-09-02 08:00:00,101.2,Even,7301611815750266505212013035576664627539129145219944939954043282024608538667,0.49,0.51,0.5,0.02,110.66,110.66,395.27,110.07,115.37,463.24,10,11,
2026-09-02 06:18:48,936147,4000259,Game 2: Both Teams Slay Baron Nashor?,prop,2,2026-09-02 08:00:00,101.2,Yes,26580941611231775497434268916596647138639915367438578117383630553602803147665,0.02,0.98,0.5,0.96,1.28,1.28,1.28,279.11,279.11,279.11,2,2,
2026-09-02 06:18:48,936147,4000259,Game 2: Both Teams Slay Baron Nashor?,prop,2,2026-09-02 08:00:00,101.2,No,100795195782021149211222639897723696752492161528664336793375063544818455196843,0.02,0.98,0.5,0.96,3.28,3.28,3.28,116.72,116.72,116.72,2,2,
2026-09-02 06:18:48,936147,4000260,Game 2: Both Teams Slay a Dragon?,prop,2,2026-09-02 08:00:00,101.2,Yes,7647165211636560008480877295863658589900544927319086094514582071550471788190,0.02,0.97,0.495,0.95,3.28,3.28,3.28,21.16,108.28,108.28,2,3,
2026-09-02 06:18:48,936147,4000260,Game 2: Both Teams Slay a Dragon?,prop,2,2026-09-02 08:00:00,101.2,No,38312652442522943276833285095228363825405853198565948971681938085472588119443,0.03,0.98,0.505,0.95,0.5,1.38,1.38,279.11,279.11,279.11,3,2,
2026-09-02 06:18:48,936147,4000261,Game 2: Both Teams Destroy Inhibitors?,prop,2,2026-09-02 08:00:00,101.2,Yes,77459052452756213722987039745546396756742907735368245858946392762245699388078,0.02,0.92,0.47,0.9,1.28,1.28,1.28,14.02,33.02,95.67,2,7,
2026-09-02 06:18:48,936147,4000261,Game 2: Both Teams Destroy Inhibitors?,prop,2,2026-09-02 08:00:00,101.2,No,42982741775104988732603152913859566937731426765614068324359357599623861430770,0.08,0.98,0.53,0.9,1.11,2.11,4.56,116.72,116.72,116.72,7,2,
2026-09-02 06:18:48,936147,4000262,Game 2: Any Player Quadra Kill?,prop,2,2026-09-02 08:00:00,101.2,Yes,23114827239613606199039909863609846703766555028821666365191768631882396210122,0.04,0.49,0.265,0.45,176.0,176.2,176.2,200.11,200.11,200.11,2,9,
2026-09-02 06:18:48,936147,4000262,Game 2: Any Player Quadra Kill?,prop,2,2026-09-02 08:00:00,101.2,No,34882982611710593206012495650602357875797866389249437605106387682496237435474,0.51,0.96,0.735,0.45,201.1,201.1,201.1,4224.0,4243.8,4243.8,9,2,
2026-09-02 06:18:48,936147,4000263,Game 2: Any Player Penta Kill?,prop,2,2026-09-02 08:00:00,101.2,Yes,89851463602513363280889458150548056901497390671549082559791975153304669274722,0.01,0.18,0.095,0.17,176.2,176.2,176.2,9.01,9.01,9.01,1,11,
2026-09-02 06:18:48,936147,4000263,Game 2: Any Player Penta Kill?,prop,2,2026-09-02 08:00:00,101.2,No,76657167681598317018276771830467170760474532730191942904005791001648898016932,0.82,0.99,0.905,0.17,39.68,39.68,39.68,17443.8,17443.8,17443.8,11,1,
2026-09-02 06:18:48,936147,4000264,Game 2: Odd/Even Total Kills?,odd_even,2,2026-09-02 08:00:00,101.2,Odd,19926948821479151314149954395913489860320517308762150293129985004501391652978,0.49,0.51,0.5,0.02,110.66,110.66,395.27,110.07,110.07,457.94,10,11,
2026-09-02 06:18:48,936147,4000264,Game 2: Odd/Even Total Kills?,odd_even,2,2026-09-02 08:00:00,101.2,Even,17406923566277180510326582743311914999596667583010759580438423117266479779042,0.49,0.51,0.5,0.02,105.76,105.76,390.37,115.17,115.17,463.04,11,10,
2026-09-02 06:18:48,936147,4000265,Game 3: Both Teams Slay Baron Nashor?,prop,3,2026-09-02 08:00:00,101.2,Yes,72898465988016784668140978566035896190823170737719888998748173305878130784604,0.02,0.92,0.47,0.9,1.28,1.28,1.28,14.02,33.02,95.67,2,7,
2026-09-02 06:18:48,936147,4000265,Game 3: Both Teams Slay Baron Nashor?,prop,3,2026-09-02 08:00:00,101.2,No,61259761980766796434812314349518047220625334534850126709327053650372878721670,0.08,0.98,0.53,0.9,1.11,2.11,4.56,116.72,116.72,116.72,7,2,
2026-09-02 06:18:48,936147,4000266,Game 3: Both Teams Slay a Dragon?,prop,3,2026-09-02 08:00:00,101.2,Yes,29016659931195283658010080437169080773576593221502697360172267529196401779876,0.08,0.97,0.525,0.89,1.11,1.11,3.56,21.16,108.28,108.28,6,3,
2026-09-02 06:18:48,936147,4000266,Game 3: Both Teams Slay a Dragon?,prop,3,2026-09-02 08:00:00,101.2,No,52507303645384853045196468877499699191744879457368034686349865378835646923976,0.03,0.92,0.475,0.89,0.5,1.38,1.38,14.02,14.02,76.67,3,6,
2026-09-02 06:18:48,936147,4000267,Game 3: Both Teams Destroy Inhibitors?,prop,3,2026-09-02 08:00:00,101.2,Yes,52838954315541697946222845860350452741407966206108720498751207436944088637555,0.02,0.95,0.485,0.93,1.28,1.28,1.28,20.53,131.47,354.3,2,4,
2026-09-02 06:18:48,936147,4000267,Game 3: Both Teams Destroy Inhibitors?,prop,3,2026-09-02 08:00:00,101.2,No,93441612593317368859448449646562250985004074665722706329348452699701514031784,0.05,0.98,0.515,0.93,1.08,3.43,5.68,116.72,116.72,116.72,4,2,
2026-09-02 06:18:48,936147,4000268,Game 3: Any Player Quadra Kill?,prop,3,2026-09-02 08:00:00,101.2,Yes,38020405566695788965357251388580004323154327078778903318213145141050275756230,0.04,0.49,0.265,0.45,176.0,176.2,176.2,200.11,200.11,200.11,2,9,
2026-09-02 06:18:48,936147,4000268,Game 3: Any Player Quadra Kill?,prop,3,2026-09-02 08:00:00,101.2,No,28597079920160132826239354664061191026796075799515942859737365191978222948485,0.51,0.96,0.735,0.45,201.1,201.1,201.1,4224.0,4243.8,4243.8,9,2,
2026-09-02 06:18:48,936147,4000269,Game 3: Any Player Penta Kill?,prop,3,2026-09-02 08:00:00,101.2,Yes,25818450087468056279221103871364684091155449026608761409094787974585674423410,0.01,0.13,0.07,0.12,176.2,176.2,176.2,6.25,6.25,6.25,1,11,
2026-09-02 06:18:48,936147,4000269,Game 3: Any Player Penta Kill?,prop,3,2026-09-02 08:00:00,101.2,No,64211900886481376166420643612395215537917925498332191046420283524442916982158,0.87,0.99,0.93,0.12,40.01,40.01,40.01,17443.8,17443.8,17443.8,11,1,
2026-09-02 06:18:48,936147,4000270,Game 3: Odd/Even Total Kills?,odd_even,3,2026-09-02 08:00:00,101.2,Odd,15654742314760403571803525417370265516875090435320723584018977422757338284070,0.49,0.51,0.5,0.02,105.76,105.76,390.37,115.17,115.17,463.04,11,10,
2026-09-02 06:18:48,936147,4000270,Game 3: Odd/Even Total Kills?,odd_even,3,2026-09-02 08:00:00,101.2,Even,104857101644586659489302816521904903492103117744635602743997701460522299917261,0.49,0.51,0.5,0.02,110.66,110.66,395.27,110.07,110.07,457.94,10,11,
2026-09-02 06:18:48,936147,4000271,Game 4: Both Teams Slay Baron Nashor?,prop,4,2026-09-02 08:00:00,101.2,Yes,62356408012604828982178064882292340995533506140242027840256196017857030363017,0.08,0.98,0.53,0.9,1.33,178.08,178.08,279.11,279.11,279.11,6,2,
2026-09-02 06:18:48,936147,4000271,Game 4: Both Teams Slay Baron Nashor?,prop,4,2026-09-02 08:00:00,101.2,No,91788636055428683920593421680640488891536883071261256377394394977967840429645,0.02,0.92,0.47,0.9,3.28,3.28,3.28,16.28,2787.86,2787.86,2,6,
2026-09-02 06:18:48,936147,4000272,Game 4: Both Teams Slay a Dragon?,prop,4,2026-09-02 08:00:00,101.2,Yes,83203584164114158027263022883878642041746836654633144827555848117337293604207,0.02,0.8,0.41,0.78,3.28,3.28,3.28,724.0,724.0,724.0,2,4,
2026-09-02 06:18:48,936147,4000272,Game 4: Both Teams Slay a Dragon?,prop,4,2026-09-02 08:00:00,101.2,No,82053351462248981559153275457047015911859357018207289862363439393992037932129,0.2,0.98,0.59,0.78,181.0,181.0,181.0,279.11,279.11,279.11,4,2,
2026-09-02 06:18:48,936147,4000273,Game 4: Both Teams Destroy Inhibitors?,prop,4,2026-09-02 08:00:00,101.2,Yes,14826823168300530105843175396594851843132589180193264039518519229938686751123,0.04,0.98,0.51,0.94,177.02,177.58,177.58,279.11,279.11,279.11,4,2,
2026-09-02 06:18:48,936147,4000273,Game 4: Both Teams Destroy Inhibitors?,prop,4,2026-09-02 08:00:00,101.2,No,4642309791893536667792231855163585184601093249526876723384717111754720262130,0.02,0.96,0.49,0.94,3.28,3.28,3.28,5715.26,5764.03,5764.03,2,4,
2026-09-02 06:18:48,936147,4000274,Game 4: Any Player Quadra Kill?,prop,4,2026-09-02 08:00:00,101.2,Yes,13041789329235213382067252372510043708510064265822781385156997562156671755813,0.04,0.99,0.515,0.95,176.0,176.2,176.2,19.8,19.8,19.8,2,1,
2026-09-02 06:18:48,936147,4000274,Game 4: Any Player Quadra Kill?,prop,4,2026-09-02 08:00:00,101.2,No,61906078143322210428853001145404023129978821493304810408028713073041212560729,0.01,0.96,0.485,0.95,0.2,0.2,0.2,4224.0,4243.8,4243.8,1,2,
2026-09-02 06:18:48,936147,4000275,Game 4: Any Player Penta Kill?,prop,4,2026-09-02 08:00:00,101.2,Yes,32432357688111543882377174835903355401662311457669476969295888963199694824422,0.01,0.99,0.5,0.98,176.2,176.2,176.2,19.8,19.8,19.8,1,1,
2026-09-02 06:18:48,936147,4000275,Game 4: Any Player Penta Kill?,prop,4,2026-09-02 08:00:00,101.2,No,4617799256852857197864126938133010426073689697060245242862641752640679129341,0.01,0.99,0.5,0.98,0.2,0.2,0.2,17443.8,17443.8,17443.8,1,1,
2026-09-02 06:18:48,936147,4000276,Game 4: Odd/Even Total Kills?,odd_even,4,2026-09-02 08:00:00,101.2,Odd,82445579597676482715334501121107741150121968755312650663555776789237825622300,0.49,0.51,0.5,0.02,110.66,110.66,395.27,110.07,115.47,463.34,11,11,
2026-09-02 06:18:48,936147,4000276,Game 4: Odd/Even Total Kills?,odd_even,4,2026-09-02 08:00:00,101.2,Even,59910329812851235339134266389493787978247416660833129937616581052783787806167,0.49,0.51,0.5,0.02,105.76,110.36,394.97,115.17,115.17,463.04,11,11,
2026-09-02 06:18:48,936147,4000277,Game 5: Both Teams Slay Baron Nashor?,prop,5,2026-09-02 08:00:00,101.2,Yes,77066018604040233379350338588590607299672009487600977752104134984252506121329,0.08,0.98,0.53,0.9,1.39,177.39,177.39,279.11,279.11,279.11,4,2,
2026-09-02 06:18:48,936147,4000277,Game 5: Both Teams Slay Baron Nashor?,prop,5,2026-09-02 08:00:00,101.2,No,113061198307446667308409918664161274242165665872982030214940590114781938909980,0.02,0.92,0.47,0.9,3.28,3.28,3.28,16.99,2774.32,2774.32,2,4,
2026-09-02 06:18:48,936147,4000278,Game 5: Both Teams Slay a Dragon?,prop,5,2026-09-02 08:00:00,101.2,Yes,50386225583647348218613825701655315521963805588620670730405925093860797793941,0.02,0.8,0.41,0.78,3.28,3.28,3.28,724.0,724.0,724.0,2,4,
2026-09-02 06:18:48,936147,4000278,Game 5: Both Teams Slay a Dragon?,prop,5,2026-09-02 08:00:00,101.2,No,65958101632974750482890282331167872972565380466300029511943073805016369825775,0.2,0.98,0.59,0.78,181.0,181.0,181.0,279.11,279.11,279.11,4,2,
2026-09-02 06:18:48,936147,4000279,Game 5: Both Teams Destroy Inhibitors?,prop,5,2026-09-02 08:00:00,101.2,Yes,60691868901076204506867129421738065547322249199404378327558804806221191518482,0.04,0.97,0.505,0.93,177.03,177.58,177.58,51.99,274.82,274.82,4,3,
2026-09-02 06:18:48,936147,4000279,Game 5: Both Teams Destroy Inhibitors?,prop,5,2026-09-02 08:00:00,101.2,No,107034670060567856747157098300876215376953838511509290890193796534679888290723,0.03,0.96,0.495,0.93,1.13,3.38,3.38,5715.26,5764.04,5764.04,3,4,
2026-09-02 06:18:48,936147,4000280,Game 5: Any Player Quadra Kill?,prop,5,2026-09-02 08:00:00,101.2,Yes,37622554544210168597016813527601142861708502761444229672227664382988517507012,0.04,0.99,0.515,0.95,176.0,176.2,176.2,19.8,19.8,19.8,2,1,
2026-09-02 06:18:48,936147,4000280,Game 5: Any Player Quadra Kill?,prop,5,2026-09-02 08:00:00,101.2,No,101771071393268507976536828407881635603923230098768507605348504845564201246418,0.01,0.96,0.485,0.95,0.2,0.2,0.2,4224.0,4243.8,4243.8,1,2,
2026-09-02 06:18:48,936147,4000281,Game 5: Any Player Penta Kill?,prop,5,2026-09-02 08:00:00,101.2,Yes,81884775513417691672953009208263232746237849336120942457457532759198344325709,0.29,0.99,0.64,0.7,4.25,4.25,4.25,19.8,19.8,19.8,4,1,
2026-09-02 06:18:48,936147,4000281,Game 5: Any Player Penta Kill?,prop,5,2026-09-02 08:00:00,101.2,No,72962711808804327573383515612746519999121753888127582650328110970406725796328,0.01,0.71,0.36,0.7,0.2,0.2,0.2,10.75,10.75,10.75,1,4,
2026-09-02 06:18:48,936147,4000282,Game 5: Odd/Even Total Kills?,odd_even,5,2026-09-02 08:00:00,101.2,Odd,63563863948193257516939853810980814506303010879650466407377239673922979120326,0.49,0.51,0.5,0.02,105.76,105.76,390.37,115.17,115.17,463.04,11,10,
2026-09-02 06:18:48,936147,4000282,Game 5: Odd/Even Total Kills?,odd_even,5,2026-09-02 08:00:00,101.2,Even,31397966625285258767459017025370175525895361521471797809472815622525603577625,0.49,0.51,0.5,0.02,110.66,110.66,395.27,110.07,110.07,457.94,10,11,
2026-09-02 06:18:48,936147,4055085,First Blood in Game 3?,first_blood,3,2026-09-02 08:00:00,101.2,Hanwha Life Esports,6451594758063050554390912016674836600356185004196255157849974731344110647386,0.07,0.98,0.525,0.91,0.46,0.76,4.76,267.05,267.05,267.05,5,2,
2026-09-02 06:18:48,936147,4055085,First Blood in Game 3?,first_blood,3,2026-09-02 08:00:00,101.2,T1,111671302443544193400921226285483470020924072924889955867898625329207475298195,0.02,0.93,0.475,0.91,3.18,3.18,3.18,6.11,13.25,175.92,2,5,
2026-09-02 06:18:48,936147,4055087,First Blood in Game 4?,first_blood,4,2026-09-02 08:00:00,101.2,Hanwha Life Esports,44456964354108569655867710024564302868904938042276290336260913514858184823376,0.02,0.98,0.5,0.96,2.37,2.37,2.37,269.35,269.35,269.35,2,2,
2026-09-02 06:18:48,936147,4055087,First Blood in Game 4?,first_blood,4,2026-09-02 08:00:00,101.2,T1,76518710650883538954404102697795011890927096984046628336172266898783561358704,0.02,0.98,0.5,0.96,3.18,3.18,3.18,229.7,229.7,229.7,2,2,
2026-09-02 06:18:48,936147,4055086,First Blood in Game 2?,first_blood,2,2026-09-02 08:00:00,101.2,Hanwha Life Esports,35223590030147782354795494036844700343050892452741564936833152758460370456534,0.02,0.98,0.5,0.96,3.18,3.18,3.18,269.35,269.35,269.35,2,2,
2026-09-02 06:18:48,936147,4055086,First Blood in Game 2?,first_blood,2,2026-09-02 08:00:00,101.2,T1,106973616542563433069735706581115924011405901433670876316339191848137336057195,0.02,0.98,0.5,0.96,3.18,3.18,3.18,269.35,269.35,269.35,2,2,
2026-09-02 06:18:48,936147,4055088,First Blood in Game 1?,first_blood,1,2026-09-02 08:00:00,101.2,Hanwha Life Esports,6734115328655613916670197138642585102833552985709517992186776949945439452651,0.5,0.75,0.625,0.25,305.2,305.2,305.2,7.5,11.83,878.28,11,9,
2026-09-02 06:18:48,936147,4055088,First Blood in Game 1?,first_blood,1,2026-09-02 08:00:00,101.2,T1,46791261602673605151459395071771041257748824118660002290919023281937929398557,0.25,0.5,0.375,0.25,2.5,3.72,220.49,305.3,305.3,305.3,9,11,
2026-09-02 06:18:48,936147,4055089,Total Kills Over/Under 27.5 in Game 3?,total_kills,3,2026-09-02 08:00:00,101.2,Over,50616430506705087897681647196718146017577716130384022997173216917826703310026,0.56,0.58,0.57,0.02,867.37,867.37,867.37,909.16,2311.94,2311.94,27,18,6155.792965999999
2026-09-02 06:18:48,936147,4055089,Total Kills Over/Under 27.5 in Game 3?,total_kills,3,2026-09-02 08:00:00,101.2,Under,55550770098276678307197609580896886259143674423848398992865344330286825227241,0.42,0.44,0.43,0.02,631.9,1567.09,1567.09,681.61,681.61,681.61,18,27,6155.792965999999
2026-09-02 06:18:48,936147,4055090,Total Kills Over/Under 24.5 in Game 4?,total_kills,4,2026-09-02 08:00:00,101.2,Over,50937948202535216666099489933019249094813003234790028978062979140763968241350,0.5,0.98,0.74,0.48,56.02,56.02,56.02,274.68,274.68,274.68,9,2,
2026-09-02 06:18:48,936147,4055090,Total Kills Over/Under 24.5 in Game 4?,total_kills,4,2026-09-02 08:00:00,101.2,Under,82790280916601472675958827250914597214041032387568744996207353240021196821931,0.02,0.5,0.26,0.48,3.27,3.27,3.27,56.15,56.15,56.15,2,9,
2026-09-02 06:18:48,936147,4055092,Total Kills Over/Under 27.5 in Game 1?,total_kills,1,2026-09-02 08:00:00,101.2,Over,114058681503214293966788885801573541974530629733277803804341358373124587463134,0.57,0.59,0.58,0.02,9.79,3001.13,3001.13,2217.87,2217.87,2217.87,28,16,5944.363414
2026-09-02 06:18:48,936147,4055092,Total Kills Over/Under 27.5 in Game 1?,total_kills,1,2026-09-02 08:00:00,101.2,Under,21408934269837174665866968434746455120787958707568100175761023291654701885732,0.41,0.43,0.42,0.02,1483.68,1483.68,1483.68,7.56,2460.48,2460.48,16,28,5944.363414
2026-09-02 06:18:48,936147,4055091,Total Kills Over/Under 27.5 in Game 2?,total_kills,2,2026-09-02 08:00:00,101.2,Over,29572624698451375099490457589006933490436512891007706168731140171251928387948,0.52,0.58,0.55,0.06,1277.33,2346.83,2346.83,483.15,1857.9,1857.9,25,17,5008.826838
2026-09-02 06:18:48,936147,4055091,Total Kills Over/Under 27.5 in Game 2?,total_kills,2,2026-09-02 08:00:00,101.2,Under,12802913080296758871246561850481235290764757727562319189118152924456489918965,0.42,0.48,0.45,0.06,336.08,1215.03,1215.03,1226.26,2295.76,2295.76,17,25,5008.826838
2026-09-02 06:18:48,936147,4055093,Total Kills Over/Under 27.5 in Game 4?,total_kills,4,2026-09-02 08:00:00,101.2,Over,44684731289280816949050731630888842831358234224068234967091902258366469917544,0.4,0.99,0.695,0.59,32.0,32.0,32.0,106.92,106.92,106.92,6,1,
2026-09-02 06:18:48,936147,4055093,Total Kills Over/Under 27.5 in Game 4?,total_kills,4,2026-09-02 08:00:00,101.2,Under,18586723199912527744436187003870377599099726122064196226794794950393327684565,0.01,0.6,0.305,0.59,1.08,1.08,1.08,48.0,48.0,48.0,1,6,
2026-09-02 06:18:48,936147,4055094,Total Kills Over/Under 24.5 in Game 3?,total_kills,3,2026-09-02 08:00:00,101.2,Over,60419029194322599109502232725144838069075057110504558087907518068397627928602,0.67,0.76,0.715,0.09,167.49,167.49,167.49,152.0,167.05,171.11,10,12,123.17073
2026-09-02 06:18:48,936147,4055094,Total Kills Over/Under 24.5 in Game 3?,total_kills,3,2026-09-02 08:00:00,101.2,Under,55368970242395556386896319902906582248387755687561050449261077374383461775588,0.24,0.33,0.285,0.09,48.0,52.0,52.95,82.57,82.57,82.57,12,10,123.17073
2026-09-02 06:18:48,936147,4055095,Total Kills Over/Under 24.5 in Game 2?,total_kills,2,2026-09-02 08:00:00,101.2,Over,89070087442125703399649573813340602678009036476143503524794827166960613745678,0.7,0.77,0.735,0.07,190.42,190.42,190.42,13.39,27.21,36.32,11,12,121.42857
2026-09-02 06:18:48,936147,4055095,Total Kills Over/Under 24.5 in Game 2?,total_kills,2,2026-09-02 08:00:00,101.2,Under,99662990254382299993439618179836862401378421343854774850808929203233884338029,0.23,0.3,0.265,0.07,4.0,7.56,9.56,85.2,85.2,85.2,12,11,121.42857
2026-09-02 06:18:48,936147,4055096,Total Kills Over/Under 24.5 in Game 1?,total_kills,1,2026-09-02 08:00:00,101.2,Over,70576898803566127666107944114399469021804224373235543306362698958964445128829,0.68,0.78,0.73,0.1,153.87,153.87,153.87,14.51,14.51,269.62,12,11,125.769953
2026-09-02 06:18:48,936147,4055096,Total Kills Over/Under 24.5 in Game 1?,total_kills,1,2026-09-02 08:00:00,101.2,Under,36403691426434302394786586218755871489976678966422192558513810298433439047497,0.22,0.32,0.27,0.1,4.09,4.09,60.09,72.41,72.41,72.41,11,12,125.769953
2026-09-02 06:18:48,936147,4059386,Total Kills Over/Under 30.5 in Game 1?,total_kills,1,2026-09-02 08:00:00,101.2,Over,27563047472284349159145124070497736444752851592398947811153508318500279378284,0.39,0.43,0.41,0.04,4.4,4.4,4.4,135.35,138.46,2488.46,13,12,477.833049
2026-09-02 06:18:48,936147,4059386,Total Kills Over/Under 30.5 in Game 1?,total_kills,1,2026-09-02 08:00:00,101.2,Under,103806489000291695503284220898756155085098642314498145055405923981803690742938,0.57,0.61,0.59,0.04,172.32,176.13,2826.13,7.05,7.05,7.05,12,13,477.833049
2026-09-02 06:18:48,936147,4059387,Total Kills Over/Under 30.5 in Game 2?,total_kills,2,2026-09-02 08:00:00,101.2,Over,250960629603093735033332993997821567495732901004711577017014896526444517552,0.36,0.46,0.41,0.1,715.2,715.2,715.2,1985.38,1988.78,1997.42,10,13,858.1854619999999
2026-09-02 06:18:48,936147,4059387,Total Kills Over/Under 30.5 in Game 2?,total_kills,2,2026-09-02 08:00:00,101.2,Under,48381236362340560053851779496224028346112141678610455464569321577481897653475,0.54,0.64,0.59,0.1,2239.25,2242.79,2251.27,1327.66,1327.66,1327.66,13,10,858.1854619999999
2026-09-02 06:18:48,936147,4059389,Total Kills Over/Under 30.5 in Game 4?,total_kills,4,2026-09-02 08:00:00,101.2,Over,38530469248668392139381861431814913862781782593421421431190604075800209612127,0.45,0.99,0.72,0.54,11.15,11.15,11.15,9.68,9.68,9.68,15,1,305.8002
2026-09-02 06:18:48,936147,4059389,Total Kills Over/Under 30.5 in Game 4?,total_kills,4,2026-09-02 08:00:00,101.2,Under,100893473430155116004655675892784973889071738137065348904718068135586115562931,0.01,0.55,0.28,0.54,0.1,0.1,0.1,13.85,13.85,13.85,1,15,305.8002
2026-09-02 06:18:48,936147,4059388,Total Kills Over/Under 30.5 in Game 3?,total_kills,3,2026-09-02 08:00:00,101.2,Over,80955956645851227563872338523728413776626690764104558653678938481490121865495,0.37,0.42,0.395,0.05,8.08,750.43,750.43,6.38,6.38,2191.2,11,11,432.236315
2026-09-02 06:18:48,936147,4059388,Total Kills Over/Under 30.5 in Game 3?,total_kills,3,2026-09-02 08:00:00,101.2,Under,5748869005347059788849380089240844382658411548108429750418420986444868563514,0.58,0.63,0.605,0.05,8.62,8.62,2472.47,13.91,1392.57,1392.57,11,11,432.236315
2026-09-02 06:24:39,936147,4000244,LoL: Hanwha Life Esports vs T1 - Game 1 Winner,map,1,2026-09-02 08:00:00,95.3,Hanwha Life Esports,10734641664948630564119188299000087308360542360331775061020614529623331903474,0.59,0.6,0.595,0.01,13276.75,31862.82,40897.36,7686.9,13486.88,18893.13,34,27,46450.397252
2026-09-02 06:24:39,936147,4000244,LoL: Hanwha Life Esports vs T1 - Game 1 Winner,map,1,2026-09-02 08:00:00,95.3,T1,9094132034109894688217527755278872327846224632546120485727243231953736941529,0.4,0.41,0.405,0.01,4934.84,8437.14,11455.89,9281.24,23650.23,31184.87,27,34,46450.397252
2026-09-02 06:24:39,936147,4000245,LoL: Hanwha Life Esports vs T1 - Game 2 Winner,map,2,2026-09-02 08:00:00,95.3,Hanwha Life Esports,94843214769480383766507322942929739937927603798324353905843922528772735706377,0.57,0.58,0.575,0.01,2567.06,6517.3,10822.9,314.23,8784.06,17524.26,26,24,418.06119
2026-09-02 06:24:39,936147,4000245,LoL: Hanwha Life Esports vs T1 - Game 2 Winner,map,2,2026-09-02 08:00:00,95.3,T1,35453714793284653962184719425495820838338551092982505677958700922100536194952,0.42,0.43,0.425,0.01,220.47,5822.19,11055.45,1978.86,5237.1,9076.5,24,26,418.06119
2026-09-02 06:24:39,936147,4000246,LoL: Hanwha Life Esports vs T1 - Game 3 Winner,map,3,2026-09-02 08:00:00,95.3,Hanwha Life Esports,82037966500134222625616994256887508972151143645499372020158235428006475330639,0.58,0.59,0.585,0.01,1547.66,5971.61,10554.39,1205.93,7243.19,12713.39,29,27,792.954469
2026-09-02 06:24:39,936147,4000246,LoL: Hanwha Life Esports vs T1 - Game 3 Winner,map,3,2026-09-02 08:00:00,95.3,T1,108991451262166710988960567529218336671208754468579999539092984751820670537254,0.41,0.42,0.415,0.01,814.36,4563.11,7757.91,1147.91,4731.13,8767.98,27,29,792.954469
2026-09-02 06:24:39,936147,4000247,LoL: Hanwha Life Esports vs T1 - Game 4 Winner,map,4,2026-09-02 08:00:00,95.3,Hanwha Life Esports,27185823859237477385754211221130737493942244739337847080115422256098738912468,0.56,0.57,0.565,0.01,139.96,139.96,139.96,11.72,11943.92,11943.92,19,18,41.36
2026-09-02 06:24:39,936147,4000247,LoL: Hanwha Life Esports vs T1 - Game 4 Winner,map,4,2026-09-02 08:00:00,95.3,T1,43792453713203242020422589829133156049817281040504463852728066738713044326183,0.43,0.44,0.435,0.01,8.84,7963.64,7963.64,109.97,109.97,109.97,18,19,41.36
2026-09-02 06:24:39,936147,4000248,LoL: Hanwha Life Esports vs T1 (BO5) - LCK Playoffs,series,,2026-09-02 08:00:00,95.3,Hanwha Life Esports,17602226504684346368510501060478122888791385343970378097785516838620659389931,0.64,0.65,0.645,0.01,82130.51,98092.82,105486.22,117539.48,138831.09,147139.93,45,27,349773.7162909999
2026-09-02 06:24:39,936147,4000248,LoL: Hanwha Life Esports vs T1 (BO5) - LCK Playoffs,series,,2026-09-02 08:00:00,95.3,T1,42819687634672881483617510271698078404051708570906741617482740253212535042722,0.35,0.36,0.355,0.01,61170.06,71564.35,75238.15,48043.86,57985.95,62919.55,27,45,349773.7162909999
2026-09-02 06:24:39,936147,4000249,Games Total: O/U 3.5,total_games,,2026-09-02 08:00:00,95.3,Over,80317462208036634370611667592517910559057172613751725938330061477906689644871,0.73,0.74,0.735,0.01,43.7,23035.7,23294.25,27526.29,28290.03,28305.63,33,17,15710.730842999998
2026-09-02 06:24:39,936147,4000249,Games Total: O/U 3.5,total_games,,2026-09-02 08:00:00,95.3,Under,32337683298076683289688582842018186880600108799426881067326201389847076015253,0.26,0.27,0.265,0.01,9296.1,10731.36,11165.76,16.3,9841.37,9958.17,19,35,15710.730842999998
2026-09-02 06:24:39,936147,4000250,Games Total: O/U 4.5,total_games,,2026-09-02 08:00:00,95.3,Over,67028205767593121936564281252261131409439995798362533668702004769898532565964,0.34,0.35,0.345,0.01,2689.11,3824.1,11430.1,3148.58,5062.86,5693.05,22,25,3243.117597
2026-09-02 06:24:39,936147,4000250,Games Total: O/U 4.5,total_games,,2026-09-02 08:00:00,95.3,Under,111556133117845474158087232516235709277283000020725048691506879574040151376855,0.65,0.66,0.655,0.01,5806.17,8985.89,9959.01,5390.95,7841.67,25755.67,25,22,3243.117597
2026-09-02 06:24:39,936147,4000251,Game Handicap: HLE (-1.5) vs T1 (+1.5),handicap,,2026-09-02 08:00:00,95.3,Hanwha Life Esports,10493141932962614934205140811035465300295049925312106570287434531813044973483,0.44,0.45,0.445,0.01,13792.11,21215.61,21995.61,21727.63,46950.63,49843.36,23,30,64500.40364700001
2026-09-02 06:24:39,936147,4000251,Game Handicap: HLE (-1.5) vs T1 (+1.5),handicap,,2026-09-02 08:00:00,95.3,T1,29009672247611046844750391779148532624046214593989504759848221828337202221082,0.55,0.56,0.555,0.01,25889.32,54324.98,57228.59,17994.17,28538.81,29758.81,30,23,64500.40364700001
2026-09-02 06:24:39,936147,4000252,Game Handicap: HLE (-2.5) vs T1 (+2.5),handicap,,2026-09-02 08:00:00,95.3,Hanwha Life Esports,102345138897645643338528677118468766881362327402363406508705558284865003191841,0.2,0.21,0.205,0.01,610.63,1660.55,5202.55,5858.12,11726.26,13167.26,19,32,3855.738523
2026-09-02 06:24:39,936147,4000252,Game Handicap: HLE (-2.5) vs T1 (+2.5),handicap,,2026-09-02 08:00:00,95.3,T1,76305669832292268029604931991271246661418893929410638142532260939620551316786,0.79,0.8,0.795,0.01,20874.14,40512.55,44245.55,2487.31,7171.39,25829.39,32,19,3855.738523
2026-09-02 06:24:39,936147,4000253,Game 1: Both Teams Slay Baron Nashor?,prop,1,2026-09-02 08:00:00,95.3,Yes,93146086577102256204298678979505953849078074539389252153335299070591798600887,0.07,0.97,0.52,0.9,1.95,1.95,2.07,51.99,274.82,274.82,4,3,
2026-09-02 06:24:39,936147,4000253,Game 1: Both Teams Slay Baron Nashor?,prop,1,2026-09-02 08:00:00,95.3,No,62397396836471728045186329952381396277894364048690199148787370308406079873504,0.03,0.93,0.48,0.9,1.13,3.38,3.38,29.53,29.53,35.23,3,4,
2026-09-02 06:24:39,936147,4000254,Game 1: Both Teams Slay a Dragon?,prop,1,2026-09-02 08:00:00,95.3,Yes,38524487372856719802058239041752978100838775077444134383580158056000817208489,0.02,0.92,0.47,0.9,3.28,3.28,3.28,14.02,14.02,14.02,2,3,
2026-09-02 06:24:39,936147,4000254,Game 1: Both Teams Slay a Dragon?,prop,1,2026-09-02 08:00:00,95.3,No,15204516028080642533081196459812008766087030818357039258317298224193212619102,0.08,0.98,0.53,0.9,1.11,1.11,1.11,279.11,279.11,279.11,3,2,
2026-09-02 06:24:39,936147,4000255,Game 1: Both Teams Destroy Inhibitors?,prop,1,2026-09-02 08:00:00,95.3,Yes,53326448950994422414452555514016403317591022200780864858814246245395755848871,0.07,0.97,0.52,0.9,1.05,1.05,1.17,51.99,274.82,274.82,4,3,
2026-09-02 06:24:39,936147,4000255,Game 1: Both Teams Destroy Inhibitors?,prop,1,2026-09-02 08:00:00,95.3,No,34007568137061088623455577434729876802246079637640607021932381235812612134452,0.03,0.93,0.48,0.9,1.13,3.38,3.38,15.43,15.43,21.13,3,4,
2026-09-02 06:24:39,936147,4000256,Game 1: Any Player Quadra Kill?,prop,1,2026-09-02 08:00:00,95.3,Yes,22474955096840959331217225348561101760744235175341307948306551935778821508463,0.04,0.49,0.265,0.45,176.0,176.2,176.2,200.11,200.11,200.11,2,9,
2026-09-02 06:24:39,936147,4000256,Game 1: Any Player Quadra Kill?,prop,1,2026-09-02 08:00:00,95.3,No,70010116755066730675945204508545288178944029331833502803576435564774033662176,0.51,0.96,0.735,0.45,201.1,201.1,201.1,4224.0,4243.8,4243.8,9,2,
2026-09-02 06:24:39,936147,4000257,Game 1: Any Player Penta Kill?,prop,1,2026-09-02 08:00:00,95.3,Yes,32392061463244664374011371719265930175195324793425576808866777706255798484197,0.01,0.12,0.065,0.11,176.2,176.2,176.2,5.36,6.11,6.11,1,14,
2026-09-02 06:24:39,936147,4000257,Game 1: Any Player Penta Kill?,prop,1,2026-09-02 08:00:00,95.3,No,77640614084664768219957861274368510980436867180076340853011873020180879444145,0.88,0.99,0.935,0.11,37.64,41.89,41.89,17443.8,17443.8,17443.8,14,1,
2026-09-02 06:24:39,936147,4000258,Game 1: Odd/Even Total Kills?,odd_even,1,2026-09-02 08:00:00,95.3,Odd,108827565179165251510087675872073156578050684689138105722270806193090503838530,0.49,0.51,0.5,0.02,105.76,110.46,395.07,115.17,115.17,463.04,11,10,
2026-09-02 06:24:39,936147,4000258,Game 1: Odd/Even Total Kills?,odd_even,1,2026-09-02 08:00:00,95.3,Even,7301611815750266505212013035576664627539129145219944939954043282024608538667,0.49,0.51,0.5,0.02,110.66,110.66,395.27,110.07,115.37,463.24,10,11,
2026-09-02 06:24:39,936147,4000259,Game 2: Both Teams Slay Baron Nashor?,prop,2,2026-09-02 08:00:00,95.3,Yes,26580941611231775497434268916596647138639915367438578117383630553602803147665,0.02,0.98,0.5,0.96,1.28,1.28,1.28,279.11,279.11,279.11,2,2,
2026-09-02 06:24:39,936147,4000259,Game 2: Both Teams Slay Baron Nashor?,prop,2,2026-09-02 08:00:00,95.3,No,100795195782021149211222639897723696752492161528664336793375063544818455196843,0.02,0.98,0.5,0.96,3.28,3.28,3.28,116.72,116.72,116.72,2,2,
2026-09-02 06:24:39,936147,4000260,Game 2: Both Teams Slay a Dragon?,prop,2,2026-09-02 08:00:00,95.3,Yes,7647165211636560008480877295863658589900544927319086094514582071550471788190,0.02,0.97,0.495,0.95,3.28,3.28,3.28,21.16,108.28,108.28,2,3,
2026-09-02 06:24:39,936147,4000260,Game 2: Both Teams Slay a Dragon?,prop,2,2026-09-02 08:00:00,95.3,No,38312652442522943276833285095228363825405853198565948971681938085472588119443,0.03,0.98,0.505,0.95,0.5,1.38,1.38,279.11,279.11,279.11,3,2,
2026-09-02 06:24:39,936147,4000261,Game 2: Both Teams Destroy Inhibitors?,prop,2,2026-09-02 08:00:00,95.3,Yes,77459052452756213722987039745546396756742907735368245858946392762245699388078,0.02,0.92,0.47,0.9,1.28,1.28,1.28,14.02,33.02,95.67,2,7,
2026-09-02 06:24:39,936147,4000261,Game 2: Both Teams Destroy Inhibitors?,prop,2,2026-09-02 08:00:00,95.3,No,42982741775104988732603152913859566937731426765614068324359357599623861430770,0.08,0.98,0.53,0.9,1.11,2.11,4.56,116.72,116.72,116.72,7,2,
2026-09-02 06:24:39,936147,4000262,Game 2: Any Player Quadra Kill?,prop,2,2026-09-02 08:00:00,95.3,Yes,23114827239613606199039909863609846703766555028821666365191768631882396210122,0.04,0.49,0.265,0.45,176.0,176.2,176.2,200.11,200.11,200.11,2,9,
2026-09-02 06:24:39,936147,4000262,Game 2: Any Player Quadra Kill?,prop,2,2026-09-02 08:00:00,95.3,No,34882982611710593206012495650602357875797866389249437605106387682496237435474,0.51,0.96,0.735,0.45,201.1,201.1,201.1,4224.0,4243.8,4243.8,9,2,
2026-09-02 06:24:39,936147,4000263,Game 2: Any Player Penta Kill?,prop,2,2026-09-02 08:00:00,95.3,Yes,89851463602513363280889458150548056901497390671549082559791975153304669274722,0.01,0.1,0.055,0.09,176.2,176.2,176.2,4.67,4.67,4.67,1,11,
2026-09-02 06:24:39,936147,4000263,Game 2: Any Player Penta Kill?,prop,2,2026-09-02 08:00:00,95.3,No,76657167681598317018276771830467170760474532730191942904005791001648898016932,0.9,0.99,0.945,0.09,39.8,39.8,39.8,17443.8,17443.8,17443.8,11,1,
2026-09-02 06:24:39,936147,4000264,Game 2: Odd/Even Total Kills?,odd_even,2,2026-09-02 08:00:00,95.3,Odd,19926948821479151314149954395913489860320517308762150293129985004501391652978,0.49,0.51,0.5,0.02,110.66,110.66,395.27,110.07,110.07,457.94,10,11,
2026-09-02 06:24:39,936147,4000264,Game 2: Odd/Even Total Kills?,odd_even,2,2026-09-02 08:00:00,95.3,Even,17406923566277180510326582743311914999596667583010759580438423117266479779042,0.49,0.51,0.5,0.02,105.76,105.76,390.37,115.17,115.17,463.04,11,10,
2026-09-02 06:24:39,936147,4000265,Game 3: Both Teams Slay Baron Nashor?,prop,3,2026-09-02 08:00:00,95.3,Yes,72898465988016784668140978566035896190823170737719888998748173305878130784604,0.02,0.92,0.47,0.9,1.28,1.28,1.28,14.02,33.02,95.67,2,7,
2026-09-02 06:24:39,936147,4000265,Game 3: Both Teams Slay Baron Nashor?,prop,3,2026-09-02 08:00:00,95.3,No,61259761980766796434812314349518047220625334534850126709327053650372878721670,0.08,0.98,0.53,0.9,1.11,2.11,4.56,116.72,116.72,116.72,7,2,
2026-09-02 06:24:39,936147,4000266,Game 3: Both Teams Slay a Dragon?,prop,3,2026-09-02 08:00:00,95.3,Yes,29016659931195283658010080437169080773576593221502697360172267529196401779876,0.08,0.97,0.525,0.89,1.11,1.11,3.56,21.16,108.28,108.28,6,3,
2026-09-02 06:24:39,936147,4000266,Game 3: Both Teams Slay a Dragon?,prop,3,2026-09-02 08:00:00,95.3,No,52507303645384853045196468877499699191744879457368034686349865378835646923976,0.03,0.92,0.475,0.89,0.5,1.38,1.38,14.02,14.02,76.67,3,6,
2026-09-02 06:24:39,936147,4000267,Game 3: Both Teams Destroy Inhibitors?,prop,3,2026-09-02 08:00:00,95.3,Yes,52838954315541697946222845860350452741407966206108720498751207436944088637555,0.02,0.96,0.49,0.94,1.28,1.28,1.28,33.77,359.5,359.5,2,4,
2026-09-02 06:24:39,936147,4000267,Game 3: Both Teams Destroy Inhibitors?,prop,3,2026-09-02 08:00:00,95.3,No,93441612593317368859448449646562250985004074665722706329348452699701514031784,0.04,0.98,0.51,0.94,1.13,5.48,5.48,116.72,116.72,116.72,4,2,
2026-09-02 06:24:39,936147,4000268,Game 3: Any Player Quadra Kill?,prop,3,2026-09-02 08:00:00,95.3,Yes,38020405566695788965357251388580004323154327078778903318213145141050275756230,0.04,0.49,0.265,0.45,176.0,176.2,176.2,200.11,200.11,200.11,2,9,
2026-09-02 06:24:39,936147,4000268,Game 3: Any Player Quadra Kill?,prop,3,2026-09-02 08:00:00,95.3,No,28597079920160132826239354664061191026796075799515942859737365191978222948485,0.51,0.96,0.735,0.45,201.1,201.1,201.1,4224.0,4243.8,4243.8,9,2,
2026-09-02 06:24:39,936147,4000269,Game 3: Any Player Penta Kill?,prop,3,2026-09-02 08:00:00,95.3,Yes,25818450087468056279221103871364684091155449026608761409094787974585674423410,0.01,0.31,0.16,0.3,176.2,176.2,176.2,15.39,18.79,18.79,1,11,
2026-09-02 06:24:39,936147,4000269,Game 3: Any Player Penta Kill?,prop,3,2026-09-02 08:00:00,95.3,No,64211900886481376166420643612395215537917925498332191046420283524442916982158,0.69,0.99,0.84,0.3,33.61,40.21,40.21,17443.8,17443.8,17443.8,11,1,
2026-09-02 06:24:39,936147,4000270,Game 3: Odd/Even Total Kills?,odd_even,3,2026-09-02 08:00:00,95.3,Odd,15654742314760403571803525417370265516875090435320723584018977422757338284070,0.49,0.51,0.5,0.02,105.76,105.76,390.37,115.17,115.17,463.04,11,10,
2026-09-02 06:24:39,936147,4000270,Game 3: Odd/Even Total Kills?,odd_even,3,2026-09-02 08:00:00,95.3,Even,104857101644586659489302816521904903492103117744635602743997701460522299917261,0.49,0.51,0.5,0.02,110.66,110.66,395.27,110.07,110.07,457.94,10,11,
2026-09-02 06:24:39,936147,4000271,Game 4: Both Teams Slay Baron Nashor?,prop,4,2026-09-02 08:00:00,95.3,Yes,62356408012604828982178064882292340995533506140242027840256196017857030363017,0.08,0.98,0.53,0.9,1.33,178.08,178.08,279.11,279.11,279.11,6,2,
2026-09-02 06:24:39,936147,4000271,Game 4: Both Teams Slay Baron Nashor?,prop,4,2026-09-02 08:00:00,95.3,No,91788636055428683920593421680640488891536883071261256377394394977967840429645,0.02,0.92,0.47,0.9,3.28,3.28,3.28,16.28,2787.86,2787.86,2,6,
2026-09-02 06:24:39,936147,4000272,Game 4: Both Teams Slay a Dragon?,prop,4,2026-09-02 08:00:00,95.3,Yes,83203584164114158027263022883878642041746836654633144827555848117337293604207,0.02,0.8,0.41,0.78,3.28,3.28,3.28,724.0,724.0,724.0,2,4,
2026-09-02 06:24:39,936147,4000272,Game 4: Both Teams Slay a Dragon?,prop,4,2026-09-02 08:00:00,95.3,No,82053351462248981559153275457047015911859357018207289862363439393992037932129,0.2,0.98,0.59,0.78,181.0,181.0,181.0,279.11,279.11,279.11,4,2,
2026-09-02 06:24:39,936147,4000273,Game 4: Both Teams Destroy Inhibitors?,prop,4,2026-09-02 08:00:00,95.3,Yes,14826823168300530105843175396594851843132589180193264039518519229938686751123,0.04,0.98,0.51,0.94,177.07,177.58,177.58,279.11,279.11,279.11,3,2,
2026-09-02 06:24:39,936147,4000273,Game 4: Both Teams Destroy Inhibitors?,prop,4,2026-09-02 08:00:00,95.3,No,4642309791893536667792231855163585184601093249526876723384717111754720262130,0.02,0.96,0.49,0.94,3.28,3.28,3.28,5716.45,5766.49,5766.49,2,3,
2026-09-02 06:24:39,936147,4000274,Game 4: Any Player Quadra Kill?,prop,4,2026-09-02 08:00:00,95.3,Yes,13041789329235213382067252372510043708510064265822781385156997562156671755813,0.04,0.99,0.515,0.95,176.0,176.2,176.2,19.8,19.8,19.8,2,1,
2026-09-02 06:24:39,936147,4000274,Game 4: Any Player Quadra Kill?,prop,4,2026-09-02 08:00:00,95.3,No,61906078143322210428853001145404023129978821493304810408028713073041212560729,0.01,0.96,0.485,0.95,0.2,0.2,0.2,4224.0,4243.8,4243.8,1,2,
2026-09-02 06:24:39,936147,4000275,Game 4: Any Player Penta Kill?,prop,4,2026-09-02 08:00:00,95.3,Yes,32432357688111543882377174835903355401662311457669476969295888963199694824422,0.01,0.99,0.5,0.98,176.2,176.2,176.2,19.8,19.8,19.8,1,1,
2026-09-02 06:24:39,936147,4000275,Game 4: Any Player Penta Kill?,prop,4,2026-09-02 08:00:00,95.3,No,4617799256852857197864126938133010426073689697060245242862641752640679129341,0.01,0.99,0.5,0.98,0.2,0.2,0.2,17443.8,17443.8,17443.8,1,1,
2026-09-02 06:24:39,936147,4000276,Game 4: Odd/Even Total Kills?,odd_even,4,2026-09-02 08:00:00,95.3,Odd,82445579597676482715334501121107741150121968755312650663555776789237825622300,0.49,0.51,0.5,0.02,110.66,110.66,395.27,110.07,115.47,463.34,11,11,
2026-09-02 06:24:39,936147,4000276,Game 4: Odd/Even Total Kills?,odd_even,4,2026-09-02 08:00:00,95.3,Even,59910329812851235339134266389493787978247416660833129937616581052783787806167,0.49,0.51,0.5,0.02,105.76,110.36,394.97,115.17,115.17,463.04,11,11,
2026-09-02 06:24:39,936147,4000277,Game 5: Both Teams Slay Baron Nashor?,prop,5,2026-09-02 08:00:00,95.3,Yes,77066018604040233379350338588590607299672009487600977752104134984252506121329,0.08,0.98,0.53,0.9,1.39,177.39,177.39,279.11,279.11,279.11,4,2,
2026-09-02 06:24:39,936147,4000277,Game 5: Both Teams Slay Baron Nashor?,prop,5,2026-09-02 08:00:00,95.3,No,113061198307446667308409918664161274242165665872982030214940590114781938909980,0.02,0.92,0.47,0.9,3.28,3.28,3.28,16.99,2774.32,2774.32,2,4,
2026-09-02 06:24:39,936147,4000278,Game 5: Both Teams Slay a Dragon?,prop,5,2026-09-02 08:00:00,95.3,Yes,50386225583647348218613825701655315521963805588620670730405925093860797793941,0.02,0.8,0.41,0.78,3.28,3.28,3.28,724.0,724.0,724.0,2,4,
2026-09-02 06:24:39,936147,4000278,Game 5: Both Teams Slay a Dragon?,prop,5,2026-09-02 08:00:00,95.3,No,65958101632974750482890282331167872972565380466300029511943073805016369825775,0.2,0.98,0.59,0.78,181.0,181.0,181.0,279.11,279.11,279.11,4,2,
2026-09-02 06:24:39,936147,4000279,Game 5: Both Teams Destroy Inhibitors?,prop,5,2026-09-02 08:00:00,95.3,Yes,60691868901076204506867129421738065547322249199404378327558804806221191518482,0.04,0.97,0.505,0.93,177.04,177.58,177.58,51.99,274.82,274.82,3,3,
2026-09-02 06:24:39,936147,4000279,Game 5: Both Teams Destroy Inhibitors?,prop,5,2026-09-02 08:00:00,95.3,No,107034670060567856747157098300876215376953838511509290890193796534679888290723,0.03,0.96,0.495,0.93,1.13,3.38,3.38,5715.74,5768.69,5768.69,3,3,
2026-09-02 06:24:39,936147,4000280,Game 5: Any Player Quadra Kill?,prop,5,2026-09-02 08:00:00,95.3,Yes,37622554544210168597016813527601142861708502761444229672227664382988517507012,0.04,0.99,0.515,0.95,176.0,176.2,176.2,19.8,19.8,19.8,2,1,
2026-09-02 06:24:39,936147,4000280,Game 5: Any Player Quadra Kill?,prop,5,2026-09-02 08:00:00,95.3,No,101771071393268507976536828407881635603923230098768507605348504845564201246418,0.01,0.96,0.485,0.95,0.2,0.2,0.2,4224.0,4243.8,4243.8,1,2,
2026-09-02 06:24:39,936147,4000281,Game 5: Any Player Penta Kill?,prop,5,2026-09-02 08:00:00,95.3,Yes,81884775513417691672953009208263232746237849336120942457457532759198344325709,0.29,0.99,0.64,0.7,4.25,4.25,4.25,19.8,19.8,19.8,4,1,
2026-09-02 06:24:39,936147,4000281,Game 5: Any Player Penta Kill?,prop,5,2026-09-02 08:00:00,95.3,No,72962711808804327573383515612746519999121753888127582650328110970406725796328,0.01,0.71,0.36,0.7,0.2,0.2,0.2,10.75,10.75,10.75,1,4,
2026-09-02 06:24:39,936147,4000282,Game 5: Odd/Even Total Kills?,odd_even,5,2026-09-02 08:00:00,95.3,Odd,63563863948193257516939853810980814506303010879650466407377239673922979120326,0.49,0.51,0.5,0.02,105.76,105.76,390.37,115.17,115.17,463.04,11,10,
2026-09-02 06:24:39,936147,4000282,Game 5: Odd/Even Total Kills?,odd_even,5,2026-09-02 08:00:00,95.3,Even,31397966625285258767459017025370175525895361521471797809472815622525603577625,0.49,0.51,0.5,0.02,110.66,110.66,395.27,110.07,110.07,457.94,10,11,
2026-09-02 06:24:39,936147,4055085,First Blood in Game 3?,first_blood,3,2026-09-02 08:00:00,95.3,Hanwha Life Esports,6451594758063050554390912016674836600356185004196255157849974731344110647386,0.02,0.98,0.5,0.96,3.18,3.18,3.18,267.05,267.05,267.05,2,2,
2026-09-02 06:24:39,936147,4055085,First Blood in Game 3?,first_blood,3,2026-09-02 08:00:00,95.3,T1,111671302443544193400921226285483470020924072924889955867898625329207475298195,0.02,0.98,0.5,0.96,3.18,3.18,3.18,269.35,269.35,269.35,2,2,
2026-09-02 06:24:39,936147,4055087,First Blood in Game 4?,first_blood,4,2026-09-02 08:00:00,95.3,Hanwha Life Esports,44456964354108569655867710024564302868904938042276290336260913514858184823376,0.02,0.98,0.5,0.96,3.18,3.18,3.18,269.35,269.35,269.35,2,2,
2026-09-02 06:24:39,936147,4055087,First Blood in Game 4?,first_blood,4,2026-09-02 08:00:00,95.3,T1,76518710650883538954404102697795011890927096984046628336172266898783561358704,0.02,0.98,0.5,0.96,3.18,3.18,3.18,269.35,269.35,269.35,2,2,
2026-09-02 06:24:39,936147,4055086,First Blood in Game 2?,first_blood,2,2026-09-02 08:00:00,95.3,Hanwha Life Esports,35223590030147782354795494036844700343050892452741564936833152758460370456534,0.02,0.98,0.5,0.96,3.18,3.18,3.18,269.35,269.35,269.35,2,2,
2026-09-02 06:24:39,936147,4055086,First Blood in Game 2?,first_blood,2,2026-09-02 08:00:00,95.3,T1,106973616542563433069735706581115924011405901433670876316339191848137336057195,0.02,0.98,0.5,0.96,3.18,3.18,3.18,269.35,269.35,269.35,2,2,
2026-09-02 06:24:39,936147,4055088,First Blood in Game 1?,first_blood,1,2026-09-02 08:00:00,95.3,Hanwha Life Esports,6734115328655613916670197138642585102833552985709517992186776949945439452651,0.5,0.75,0.625,0.25,305.2,305.2,305.2,7.5,11.83,21.48,11,9,
2026-09-02 06:24:39,936147,4055088,First Blood in Game 1?,first_blood,1,2026-09-02 08:00:00,95.3,T1,46791261602673605151459395071771041257748824118660002290919023281937929398557,0.25,0.5,0.375,0.25,2.5,3.72,6.29,305.3,305.3,305.3,9,11,
2026-09-02 06:24:39,936147,4055089,Total Kills Over/Under 27.5 in Game 3?,total_kills,3,2026-09-02 08:00:00,95.3,Over,50616430506705087897681647196718146017577716130384022997173216917826703310026,0.56,0.58,0.57,0.02,867.37,867.37,867.37,250.51,1653.29,1653.29,27,18,6155.792965999999
2026-09-02 06:24:39,936147,4055089,Total Kills Over/Under 27.5 in Game 3?,total_kills,3,2026-09-02 08:00:00,95.3,Under,55550770098276678307197609580896886259143674423848398992865344330286825227241,0.42,0.44,0.43,0.02,180.97,1116.16,1116.16,681.61,681.61,681.61,18,27,6155.792965999999
2026-09-02 06:24:39,936147,4055090,Total Kills Over/Under 24.5 in Game 4?,total_kills,4,2026-09-02 08:00:00,95.3,Over,50937948202535216666099489933019249094813003234790028978062979140763968241350,0.5,0.98,0.74,0.48,56.02,56.02,56.02,274.68,274.68,274.68,9,2,
2026-09-02 06:24:39,936147,4055090,Total Kills Over/Under 24.5 in Game 4?,total_kills,4,2026-09-02 08:00:00,95.3,Under,82790280916601472675958827250914597214041032387568744996207353240021196821931,0.02,0.5,0.26,0.48,3.27,3.27,3.27,56.15,56.15,56.15,2,9,
2026-09-02 06:24:39,936147,4055092,Total Kills Over/Under 27.5 in Game 1?,total_kills,1,2026-09-02 08:00:00,95.3,Over,114058681503214293966788885801573541974530629733277803804341358373124587463134,0.57,0.59,0.58,0.02,4.19,195.01,195.01,2453.87,2453.87,2453.87,28,16,5944.363414
2026-09-02 06:24:39,936147,4055092,Total Kills Over/Under 27.5 in Game 1?,total_kills,1,2026-09-02 08:00:00,95.3,Under,21408934269837174665866968434746455120787958707568100175761023291654701885732,0.41,0.43,0.42,0.02,1647.68,1647.68,1647.68,3.16,165.22,165.22,16,28,5944.363414
2026-09-02 06:24:39,936147,4055091,Total Kills Over/Under 27.5 in Game 2?,total_kills,2,2026-09-02 08:00:00,95.3,Over,29572624698451375099490457589006933490436512891007706168731140171251928387948,0.52,0.58,0.55,0.06,3938.6,5008.1,5008.1,232.0,1621.76,1621.76,25,19,5008.826838
2026-09-02 06:24:39,936147,4055091,Total Kills Over/Under 27.5 in Game 2?,total_kills,2,2026-09-02 08:00:00,95.3,Under,12802913080296758871246561850481235290764757727562319189118152924456489918965,0.42,0.48,0.45,0.06,168.0,1056.94,1056.94,3682.81,4752.31,4752.31,19,25,5008.826838
2026-09-02 06:24:39,936147,4055093,Total Kills Over/Under 27.5 in Game 4?,total_kills,4,2026-09-02 08:00:00,95.3,Over,44684731289280816949050731630888842831358234224068234967091902258366469917544,0.4,0.58,0.49,0.18,32.0,32.0,32.0,232.0,232.0,232.0,7,9,
2026-09-02 06:24:39,936147,4055093,Total Kills Over/Under 27.5 in Game 4?,total_kills,4,2026-09-02 08:00:00,95.3,Under,18586723199912527744436187003870377599099726122064196226794794950393327684565,0.42,0.6,0.51,0.18,168.0,168.0,168.0,48.0,48.0,48.0,9,7,
2026-09-02 06:24:39,936147,4055094,Total Kills Over/Under 24.5 in Game 3?,total_kills,3,2026-09-02 08:00:00,95.3,Over,60419029194322599109502232725144838069075057110504558087907518068397627928602,0.67,0.76,0.715,0.09,167.49,167.49,167.49,152.0,167.05,171.1,10,12,123.17073
2026-09-02 06:24:39,936147,4055094,Total Kills Over/Under 24.5 in Game 3?,total_kills,3,2026-09-02 08:00:00,95.3,Under,55368970242395556386896319902906582248387755687561050449261077374383461775588,0.24,0.33,0.285,0.09,48.0,52.0,52.95,82.57,82.57,82.57,12,10,123.17073
2026-09-02 06:24:39,936147,4055095,Total Kills Over/Under 24.5 in Game 2?,total_kills,2,2026-09-02 08:00:00,95.3,Over,89070087442125703399649573813340602678009036476143503524794827166960613745678,0.69,0.77,0.73,0.08,171.07,171.07,171.07,20.17,27.03,36.14,11,11,121.42857
2026-09-02 06:24:39,936147,4055095,Total Kills Over/Under 24.5 in Game 2?,total_kills,2,2026-09-02 08:00:00,95.3,Under,99662990254382299993439618179836862401378421343854774850808929203233884338029,0.23,0.31,0.27,0.08,5.91,7.74,9.74,77.14,77.14,77.14,11,11,121.42857
2026-09-02 06:24:39,936147,4055096,Total Kills Over/Under 24.5 in Game 1?,total_kills,1,2026-09-02 08:00:00,95.3,Over,70576898803566127666107944114399469021804224373235543306362698958964445128829,0.68,0.78,0.73,0.1,153.87,153.87,153.87,14.51,14.51,269.62,12,11,125.769953
2026-09-02 06:24:39,936147,4055096,Total Kills Over/Under 24.5 in Game 1?,total_kills,1,2026-09-02 08:00:00,95.3,Under,36403691426434302394786586218755871489976678966422192558513810298433439047497,0.22,0.32,0.27,0.1,4.09,4.09,60.09,72.41,72.41,72.41,11,12,125.769953
2026-09-02 06:24:39,936147,4059386,Total Kills Over/Under 30.5 in Game 1?,total_kills,1,2026-09-02 08:00:00,95.3,Over,27563047472284349159145124070497736444752851592398947811153508318500279378284,0.39,0.43,0.41,0.04,4.4,4.4,4.4,135.35,138.46,2488.46,13,12,526.6702549999999
2026-09-02 06:24:39,936147,4059386,Total Kills Over/Under 30.5 in Game 1?,total_kills,1,2026-09-02 08:00:00,95.3,Under,103806489000291695503284220898756155085098642314498145055405923981803690742938,0.57,0.61,0.59,0.04,172.32,176.13,2826.13,7.05,7.05,7.05,12,13,526.6702549999999
2026-09-02 06:24:39,936147,4059387,Total Kills Over/Under 30.5 in Game 2?,total_kills,2,2026-09-02 08:00:00,95.3,Over,250960629603093735033332993997821567495732901004711577017014896526444517552,0.36,0.46,0.41,0.1,715.2,715.2,715.2,1985.38,1992.52,1996.68,10,13,858.1854619999999
2026-09-02 06:24:39,936147,4059387,Total Kills Over/Under 30.5 in Game 2?,total_kills,2,2026-09-02 08:00:00,95.3,Under,48381236362340560053851779496224028346112141678610455464569321577481897653475,0.54,0.64,0.59,0.1,2239.25,2246.83,2250.83,1327.66,1327.66,1327.66,13,10,858.1854619999999
2026-09-02 06:24:39,936147,4059389,Total Kills Over/Under 30.5 in Game 4?,total_kills,4,2026-09-02 08:00:00,95.3,Over,38530469248668392139381861431814913862781782593421421431190604075800209612127,0.45,0.99,0.72,0.54,11.15,11.15,11.15,9.68,9.68,9.68,15,1,305.8002
2026-09-02 06:24:39,936147,4059389,Total Kills Over/Under 30.5 in Game 4?,total_kills,4,2026-09-02 08:00:00,95.3,Under,100893473430155116004655675892784973889071738137065348904718068135586115562931,0.01,0.55,0.28,0.54,0.1,0.1,0.1,13.85,13.85,13.85,1,15,305.8002
2026-09-02 06:24:39,936147,4059388,Total Kills Over/Under 30.5 in Game 3?,total_kills,3,2026-09-02 08:00:00,95.3,Over,80955956645851227563872338523728413776626690764104558653678938481490121865495,0.37,0.42,0.395,0.05,8.08,750.43,750.43,6.38,6.38,2191.2,11,11,432.236315
2026-09-02 06:24:39,936147,4059388,Total Kills Over/Under 30.5 in Game 3?,total_kills,3,2026-09-02 08:00:00,95.3,Under,5748869005347059788849380089240844382658411548108429750418420986444868563514,0.58,0.63,0.605,0.05,8.62,8.62,2472.47,13.91,1392.57,1392.57,11,11,432.236315
2026-09-02 06:30:33,936147,4000244,LoL: Hanwha Life Esports vs T1 - Game 1 Winner,map,1,2026-09-02 08:00:00,89.4,Hanwha Life Esports,10734641664948630564119188299000087308360542360331775061020614529623331903474,0.59,0.6,0.595,0.01,19384.53,37400.6,46435.14,11895.77,17034.33,22440.58,34,23,46450.397252
2026-09-02 06:30:33,936147,4000244,LoL: Hanwha Life Esports vs T1 - Game 1 Winner,map,1,2026-09-02 08:00:00,89.4,T1,9094132034109894688217527755278872327846224632546120485727243231953736941529,0.4,0.41,0.405,0.01,7740.76,10852.59,13871.34,13524.26,27463.25,34997.89,23,34,46450.397252
2026-09-02 06:30:33,936147,4000245,LoL: Hanwha Life Esports vs T1 - Game 2 Winner,map,2,2026-09-02 08:00:00,89.4,Hanwha Life Esports,94843214769480383766507322942929739937927603798324353905843922528772735706377,0.57,0.58,0.575,0.01,2567.06,6517.3,10822.9,314.23,8784.06,17524.26,25,22,418.06119
2026-09-02 06:30:33,936147,4000245,LoL: Hanwha Life Esports vs T1 - Game 2 Winner,map,2,2026-09-02 08:00:00,89.4,T1,35453714793284653962184719425495820838338551092982505677958700922100536194952,0.42,0.43,0.425,0.01,220.47,5822.19,11055.45,1978.86,5237.1,9076.5,22,25,418.06119
2026-09-02 06:30:33,936147,4000246,LoL: Hanwha Life Esports vs T1 - Game 3 Winner,map,3,2026-09-02 08:00:00,89.4,Hanwha Life Esports,82037966500134222625616994256887508972151143645499372020158235428006475330639,0.58,0.59,0.585,0.01,1547.66,5971.61,10554.39,1205.93,7243.19,12713.39,26,25,792.954469
2026-09-02 06:30:33,936147,4000246,LoL: Hanwha Life Esports vs T1 - Game 3 Winner,map,3,2026-09-02 08:00:00,89.4,T1,108991451262166710988960567529218336671208754468579999539092984751820670537254,0.41,0.42,0.415,0.01,814.36,4563.11,7757.91,1147.91,4731.13,8767.98,25,26,792.954469
2026-09-02 06:30:33,936147,4000247,LoL: Hanwha Life Esports vs T1 - Game 4 Winner,map,4,2026-09-02 08:00:00,89.4,Hanwha Life Esports,27185823859237477385754211221130737493942244739337847080115422256098738912468,0.56,0.57,0.565,0.01,139.96,139.96,139.96,11.72,11943.92,11943.92,18,15,41.36
2026-09-02 06:30:33,936147,4000247,LoL: Hanwha Life Esports vs T1 - Game 4 Winner,map,4,2026-09-02 08:00:00,89.4,T1,43792453713203242020422589829133156049817281040504463852728066738713044326183,0.43,0.44,0.435,0.01,8.84,7963.64,7963.64,109.97,109.97,109.97,15,18,41.36
2026-09-02 06:30:33,936147,4000248,LoL: Hanwha Life Esports vs T1 (BO5) - LCK Playoffs,series,,2026-09-02 08:00:00,89.4,Hanwha Life Esports,17602226504684346368510501060478122888791385343970378097785516838620659389931,0.64,0.65,0.645,0.01,127002.4,142834.61,150228.01,117337.44,139302.42,147611.26,42,26,349773.7162909999
2026-09-02 06:30:33,936147,4000248,LoL: Hanwha Life Esports vs T1 (BO5) - LCK Playoffs,series,,2026-09-02 08:00:00,89.4,T1,42819687634672881483617510271698078404051708570906741617482740253212535042722,0.35,0.36,0.355,0.01,61061.27,71772.44,75446.24,73150.0,83012.19,87945.79,26,42,349773.7162909999
2026-09-02 06:30:33,936147,4000249,Games Total: O/U 3.5,total_games,,2026-09-02 08:00:00,89.4,Over,80317462208036634370611667592517910559057172613751725938330061477906689644871,0.73,0.74,0.735,0.01,69.92,23061.92,23320.47,27501.26,34179.73,35765.33,35,15,15710.730842999998
2026-09-02 06:30:33,936147,4000249,Games Total: O/U 3.5,total_games,,2026-09-02 08:00:00,89.4,Under,32337683298076683289688582842018186880600108799426881067326201389847076015253,0.26,0.27,0.265,0.01,9287.31,11354.23,11788.63,26.0,9851.07,9967.87,15,35,15710.730842999998
2026-09-02 06:30:33,936147,4000250,Games Total: O/U 4.5,total_games,,2026-09-02 08:00:00,89.4,Over,67028205767593121936564281252261131409439995798362533668702004769898532565964,0.34,0.35,0.345,0.01,2689.11,4444.1,12050.1,3054.78,4932.06,5562.25,20,23,3243.117597
2026-09-02 06:30:33,936147,4000250,Games Total: O/U 4.5,total_games,,2026-09-02 08:00:00,89.4,Under,111556133117845474158087232516235709277283000020725048691506879574040151376855,0.65,0.66,0.655,0.01,5631.97,8748.69,9721.81,5390.95,9221.67,27135.67,23,20,3243.117597
2026-09-02 06:30:33,936147,4000251,Game Handicap: HLE (-1.5) vs T1 (+1.5),handicap,,2026-09-02 08:00:00,89.4,Hanwha Life Esports,10493141932962614934205140811035465300295049925312106570287434531813044973483,0.44,0.45,0.445,0.01,14191.2,22454.7,23234.7,21729.88,46952.88,49845.61,21,30,64500.40364700001
2026-09-02 06:30:33,936147,4000251,Game Handicap: HLE (-1.5) vs T1 (+1.5),handicap,,2026-09-02 08:00:00,89.4,T1,29009672247611046844750391779148532624046214593989504759848221828337202221082,0.55,0.56,0.555,0.01,25892.07,54327.73,57231.34,18526.34,30230.98,31450.98,29,21,64500.40364700001
2026-09-02 06:30:33,936147,4000252,Game Handicap: HLE (-2.5) vs T1 (+2.5),handicap,,2026-09-02 08:00:00,89.4,Hanwha Life Esports,102345138897645643338528677118468766881362327402363406508705558284865003191841,0.2,0.21,0.205,0.01,607.83,2940.45,6482.45,5851.42,11719.56,13160.56,18,32,3855.738523
2026-09-02 06:30:33,936147,4000252,Game Handicap: HLE (-2.5) vs T1 (+2.5),handicap,,2026-09-02 08:00:00,89.4,T1,76305669832292268029604931991271246661418893929410638142532260939620551316786,0.79,0.8,0.795,0.01,20848.93,40487.34,44590.34,2476.11,13571.41,32229.41,32,16,3855.738523
2026-09-02 06:30:33,936147,4000253,Game 1: Both Teams Slay Baron Nashor?,prop,1,2026-09-02 08:00:00,89.4,Yes,93146086577102256204298678979505953849078074539389252153335299070591798600887,0.07,0.97,0.52,0.9,1.95,1.95,2.07,21.17,229.07,229.07,4,3,
2026-09-02 06:30:33,936147,4000253,Game 1: Both Teams Slay Baron Nashor?,prop,1,2026-09-02 08:00:00,89.4,No,62397396836471728045186329952381396277894364048690199148787370308406079873504,0.03,0.93,0.48,0.9,0.5,2.6,2.6,29.53,29.53,35.23,3,4,
2026-09-02 06:30:33,936147,4000254,Game 1: Both Teams Slay a Dragon?,prop,1,2026-09-02 08:00:00,89.4,Yes,38524487372856719802058239041752978100838775077444134383580158056000817208489,0.02,0.92,0.47,0.9,3.28,3.28,3.28,14.02,14.02,14.02,2,3,
2026-09-02 06:30:33,936147,4000254,Game 1: Both Teams Slay a Dragon?,prop,1,2026-09-02 08:00:00,89.4,No,15204516028080642533081196459812008766087030818357039258317298224193212619102,0.08,0.98,0.53,0.9,1.11,1.11,1.11,279.11,279.11,279.11,3,2,
2026-09-02 06:30:33,936147,4000255,Game 1: Both Teams Destroy Inhibitors?,prop,1,2026-09-02 08:00:00,89.4,Yes,53326448950994422414452555514016403317591022200780864858814246245395755848871,0.07,0.97,0.52,0.9,1.05,1.05,1.17,51.99,274.82,274.82,4,3,
2026-09-02 06:30:33,936147,4000255,Game 1: Both Teams Destroy Inhibitors?,prop,1,2026-09-02 08:00:00,89.4,No,34007568137061088623455577434729876802246079637640607021932381235812612134452,0.03,0.93,0.48,0.9,1.13,3.38,3.38,15.43,15.43,21.13,3,4,
2026-09-02 06:30:33,936147,4000256,Game 1: Any Player Quadra Kill?,prop,1,2026-09-02 08:00:00,89.4,Yes,22474955096840959331217225348561101760744235175341307948306551935778821508463,0.04,0.49,0.265,0.45,176.0,176.2,176.2,200.11,200.11,200.11,2,6,
2026-09-02 06:30:33,936147,4000256,Game 1: Any Player Quadra Kill?,prop,1,2026-09-02 08:00:00,89.4,No,70010116755066730675945204508545288178944029331833502803576435564774033662176,0.51,0.96,0.735,0.45,201.1,201.1,201.1,4224.0,4243.8,4243.8,6,2,
2026-09-02 06:30:33,936147,4000257,Game 1: Any Player Penta Kill?,prop,1,2026-09-02 08:00:00,89.4,Yes,32392061463244664374011371719265930175195324793425576808866777706255798484197,0.01,0.14,0.075,0.13,176.2,176.2,176.2,3.97,3.97,3.97,1,10,
2026-09-02 06:30:33,936147,4000257,Game 1: Any Player Penta Kill?,prop,1,2026-09-02 08:00:00,89.4,No,77640614084664768219957861274368510980436867180076340853011873020180879444145,0.86,0.99,0.925,0.13,24.03,24.03,24.03,17443.8,17443.8,17443.8,10,1,
2026-09-02 06:30:33,936147,4000258,Game 1: Odd/Even Total Kills?,odd_even,1,2026-09-02 08:00:00,89.4,Odd,108827565179165251510087675872073156578050684689138105722270806193090503838530,0.49,0.51,0.5,0.02,105.76,110.46,395.07,115.17,115.17,463.04,8,7,
2026-09-02 06:30:33,936147,4000258,Game 1: Odd/Even Total Kills?,odd_even,1,2026-09-02 08:00:00,89.4,Even,7301611815750266505212013035576664627539129145219944939954043282024608538667,0.49,0.51,0.5,0.02,110.66,110.66,395.27,110.07,115.37,463.24,7,8,
2026-09-02 06:30:33,936147,4000259,Game 2: Both Teams Slay Baron Nashor?,prop,2,2026-09-02 08:00:00,89.4,Yes,26580941611231775497434268916596647138639915367438578117383630553602803147665,0.02,0.98,0.5,0.96,1.28,1.28,1.28,279.11,279.11,279.11,2,2,
2026-09-02 06:30:33,936147,4000259,Game 2: Both Teams Slay Baron Nashor?,prop,2,2026-09-02 08:00:00,89.4,No,100795195782021149211222639897723696752492161528664336793375063544818455196843,0.02,0.98,0.5,0.96,3.28,3.28,3.28,116.72,116.72,116.72,2,2,
2026-09-02 06:30:33,936147,4000260,Game 2: Both Teams Slay a Dragon?,prop,2,2026-09-02 08:00:00,89.4,Yes,7647165211636560008480877295863658589900544927319086094514582071550471788190,0.02,0.98,0.5,0.96,3.28,3.28,3.28,116.72,116.72,116.72,2,2,
2026-09-02 06:30:33,936147,4000260,Game 2: Both Teams Slay a Dragon?,prop,2,2026-09-02 08:00:00,89.4,No,38312652442522943276833285095228363825405853198565948971681938085472588119443,0.02,0.98,0.5,0.96,1.28,1.28,1.28,279.11,279.11,279.11,2,2,
2026-09-02 06:30:33,936147,4000261,Game 2: Both Teams Destroy Inhibitors?,prop,2,2026-09-02 08:00:00,89.4,Yes,77459052452756213722987039745546396756742907735368245858946392762245699388078,0.02,0.92,0.47,0.9,1.28,1.28,1.28,14.6,33.6,94.61,2,7,
2026-09-02 06:30:33,936147,4000261,Game 2: Both Teams Destroy Inhibitors?,prop,2,2026-09-02 08:00:00,89.4,No,42982741775104988732603152913859566937731426765614068324359357599623861430770,0.08,0.98,0.53,0.9,1.16,2.16,4.56,116.72,116.72,116.72,7,2,
2026-09-02 06:30:33,936147,4000262,Game 2: Any Player Quadra Kill?,prop,2,2026-09-02 08:00:00,89.4,Yes,23114827239613606199039909863609846703766555028821666365191768631882396210122,0.04,0.49,0.265,0.45,176.0,176.2,176.2,200.11,200.11,200.11,2,6,
2026-09-02 06:30:33,936147,4000262,Game 2: Any Player Quadra Kill?,prop,2,2026-09-02 08:00:00,89.4,No,34882982611710593206012495650602357875797866389249437605106387682496237435474,0.51,0.96,0.735,0.45,201.1,201.1,201.1,4224.0,4243.8,4243.8,6,2,
2026-09-02 06:30:33,936147,4000263,Game 2: Any Player Penta Kill?,prop,2,2026-09-02 08:00:00,89.4,Yes,89851463602513363280889458150548056901497390671549082559791975153304669274722,0.01,0.28,0.145,0.27,176.2,176.2,176.2,15.09,15.09,15.09,1,8,
2026-09-02 06:30:33,936147,4000263,Game 2: Any Player Penta Kill?,prop,2,2026-09-02 08:00:00,89.4,No,76657167681598317018276771830467170760474532730191942904005791001648898016932,0.72,0.99,0.855,0.27,37.91,37.91,37.91,17443.8,17443.8,17443.8,8,1,
2026-09-02 06:30:33,936147,4000264,Game 2: Odd/Even Total Kills?,odd_even,2,2026-09-02 08:00:00,89.4,Odd,19926948821479151314149954395913489860320517308762150293129985004501391652978,0.49,0.51,0.5,0.02,110.66,110.66,395.27,110.07,110.07,457.94,7,8,
2026-09-02 06:30:33,936147,4000264,Game 2: Odd/Even Total Kills?,odd_even,2,2026-09-02 08:00:00,89.4,Even,17406923566277180510326582743311914999596667583010759580438423117266479779042,0.49,0.51,0.5,0.02,105.76,105.76,390.37,115.17,115.17,463.04,8,7,
2026-09-02 06:30:33,936147,4000265,Game 3: Both Teams Slay Baron Nashor?,prop,3,2026-09-02 08:00:00,89.4,Yes,72898465988016784668140978566035896190823170737719888998748173305878130784604,0.02,0.92,0.47,0.9,1.28,1.28,1.28,14.6,33.6,94.61,2,7,
2026-09-02 06:30:33,936147,4000265,Game 3: Both Teams Slay Baron Nashor?,prop,3,2026-09-02 08:00:00,89.4,No,61259761980766796434812314349518047220625334534850126709327053650372878721670,0.08,0.98,0.53,0.9,1.16,2.16,4.56,116.72,116.72,116.72,7,2,
2026-09-02 06:30:33,936147,4000266,Game 3: Both Teams Slay a Dragon?,prop,3,2026-09-02 08:00:00,89.4,Yes,29016659931195283658010080437169080773576593221502697360172267529196401779876,0.08,0.97,0.525,0.89,1.11,1.11,3.57,21.17,108.27,108.27,6,3,
2026-09-02 06:30:33,936147,4000266,Game 3: Both Teams Slay a Dragon?,prop,3,2026-09-02 08:00:00,89.4,No,52507303645384853045196468877499699191744879457368034686349865378835646923976,0.03,0.92,0.475,0.89,0.5,1.38,1.38,14.02,14.02,76.73,3,6,
2026-09-02 06:30:33,936147,4000267,Game 3: Both Teams Destroy Inhibitors?,prop,3,2026-09-02 08:00:00,89.4,Yes,52838954315541697946222845860350452741407966206108720498751207436944088637555,0.02,0.95,0.485,0.93,1.28,1.28,1.28,19.97,132.62,355.45,2,4,
2026-09-02 06:30:33,936147,4000267,Game 3: Both Teams Destroy Inhibitors?,prop,3,2026-09-02 08:00:00,89.4,No,93441612593317368859448449646562250985004074665722706329348452699701514031784,0.05,0.98,0.515,0.93,1.05,3.43,5.68,116.72,116.72,116.72,4,2,
2026-09-02 06:30:33,936147,4000268,Game 3: Any Player Quadra Kill?,prop,3,2026-09-02 08:00:00,89.4,Yes,38020405566695788965357251388580004323154327078778903318213145141050275756230,0.04,0.49,0.265,0.45,176.0,176.2,176.2,200.11,200.11,200.11,2,6,
2026-09-02 06:30:33,936147,4000268,Game 3: Any Player Quadra Kill?,prop,3,2026-09-02 08:00:00,89.4,No,28597079920160132826239354664061191026796075799515942859737365191978222948485,0.51,0.96,0.735,0.45,201.1,201.1,201.1,4224.0,4243.8,4243.8,6,2,
2026-09-02 06:30:33,936147,4000269,Game 3: Any Player Penta Kill?,prop,3,2026-09-02 08:00:00,89.4,Yes,25818450087468056279221103871364684091155449026608761409094787974585674423410,0.01,0.23,0.12,0.22,176.2,176.2,176.2,11.98,11.98,11.98,1,8,
2026-09-02 06:30:33,936147,4000269,Game 3: Any Player Penta Kill?,prop,3,2026-09-02 08:00:00,89.4,No,64211900886481376166420643612395215537917925498332191046420283524442916982158,0.77,0.99,0.88,0.22,39.02,39.02,39.02,17443.8,17443.8,17443.8,8,1,
2026-09-02 06:30:33,936147,4000270,Game 3: Odd/Even Total Kills?,odd_even,3,2026-09-02 08:00:00,89.4,Odd,15654742314760403571803525417370265516875090435320723584018977422757338284070,0.49,0.51,0.5,0.02,105.76,105.76,390.37,115.17,115.17,463.04,8,7,
2026-09-02 06:30:33,936147,4000270,Game 3: Odd/Even Total Kills?,odd_even,3,2026-09-02 08:00:00,89.4,Even,104857101644586659489302816521904903492103117744635602743997701460522299917261,0.49,0.51,0.5,0.02,110.66,110.66,395.27,110.07,110.07,457.94,7,8,
2026-09-02 06:30:33,936147,4000271,Game 4: Both Teams Slay Baron Nashor?,prop,4,2026-09-02 08:00:00,89.4,Yes,62356408012604828982178064882292340995533506140242027840256196017857030363017,0.08,0.98,0.53,0.9,1.33,178.08,178.08,279.11,279.11,279.11,6,2,
2026-09-02 06:30:33,936147,4000271,Game 4: Both Teams Slay Baron Nashor?,prop,4,2026-09-02 08:00:00,89.4,No,91788636055428683920593421680640488891536883071261256377394394977967840429645,0.02,0.92,0.47,0.9,3.28,3.28,3.28,16.28,2787.86,2787.86,2,6,
2026-09-02 06:30:33,936147,4000272,Game 4: Both Teams Slay a Dragon?,prop,4,2026-09-02 08:00:00,89.4,Yes,83203584164114158027263022883878642041746836654633144827555848117337293604207,0.02,0.8,0.41,0.78,3.28,3.28,3.28,724.0,724.0,724.0,2,4,
2026-09-02 06:30:33,936147,4000272,Game 4: Both Teams Slay a Dragon?,prop,4,2026-09-02 08:00:00,89.4,No,82053351462248981559153275457047015911859357018207289862363439393992037932129,0.2,0.98,0.59,0.78,181.0,181.0,181.0,279.11,279.11,279.11,4,2,
2026-09-02 06:30:33,936147,4000273,Game 4: Both Teams Destroy Inhibitors?,prop,4,2026-09-02 08:00:00,89.4,Yes,14826823168300530105843175396594851843132589180193264039518519229938686751123,0.05,0.98,0.515,0.93,176.97,177.14,177.58,279.1,279.1,279.1,4,2,
2026-09-02 06:30:33,936147,4000273,Game 4: Both Teams Destroy Inhibitors?,prop,4,2026-09-02 08:00:00,89.4,No,4642309791893536667792231855163585184601093249526876723384717111754720262130,0.02,0.95,0.485,0.93,3.28,3.28,3.28,4244.41,4252.93,4296.2,2,4,
2026-09-02 06:30:33,936147,4000274,Game 4: Any Player Quadra Kill?,prop,4,2026-09-02 08:00:00,89.4,Yes,13041789329235213382067252372510043708510064265822781385156997562156671755813,0.04,0.99,0.515,0.95,176.0,176.2,176.2,19.8,19.8,19.8,2,1,
2026-09-02 06:30:33,936147,4000274,Game 4: Any Player Quadra Kill?,prop,4,2026-09-02 08:00:00,89.4,No,61906078143322210428853001145404023129978821493304810408028713073041212560729,0.01,0.96,0.485,0.95,0.2,0.2,0.2,4224.0,4243.8,4243.8,1,2,
2026-09-02 06:30:33,936147,4000275,Game 4: Any Player Penta Kill?,prop,4,2026-09-02 08:00:00,89.4,Yes,32432357688111543882377174835903355401662311457669476969295888963199694824422,0.01,0.99,0.5,0.98,176.2,176.2,176.2,19.8,19.8,19.8,1,1,
2026-09-02 06:30:33,936147,4000275,Game 4: Any Player Penta Kill?,prop,4,2026-09-02 08:00:00,89.4,No,4617799256852857197864126938133010426073689697060245242862641752640679129341,0.01,0.99,0.5,0.98,0.2,0.2,0.2,17443.8,17443.8,17443.8,1,1,
2026-09-02 06:30:33,936147,4000276,Game 4: Odd/Even Total Kills?,odd_even,4,2026-09-02 08:00:00,89.4,Odd,82445579597676482715334501121107741150121968755312650663555776789237825622300,0.49,0.51,0.5,0.02,110.66,110.66,395.27,110.07,115.47,463.34,8,8,
2026-09-02 06:30:33,936147,4000276,Game 4: Odd/Even Total Kills?,odd_even,4,2026-09-02 08:00:00,89.4,Even,59910329812851235339134266389493787978247416660833129937616581052783787806167,0.49,0.51,0.5,0.02,105.76,110.36,394.97,115.17,115.17,463.04,8,8,
2026-09-02 06:30:33,936147,4000277,Game 5: Both Teams Slay Baron Nashor?,prop,5,2026-09-02 08:00:00,89.4,Yes,77066018604040233379350338588590607299672009487600977752104134984252506121329,0.08,0.98,0.53,0.9,1.39,177.39,177.39,279.11,279.11,279.11,4,2,
2026-09-02 06:30:33,936147,4000277,Game 5: Both Teams Slay Baron Nashor?,prop,5,2026-09-02 08:00:00,89.4,No,113061198307446667308409918664161274242165665872982030214940590114781938909980,0.02,0.92,0.47,0.9,3.28,3.28,3.28,16.99,2774.32,2774.32,2,4,
2026-09-02 06:30:33,936147,4000278,Game 5: Both Teams Slay a Dragon?,prop,5,2026-09-02 08:00:00,89.4,Yes,50386225583647348218613825701655315521963805588620670730405925093860797793941,0.02,0.8,0.41,0.78,3.28,3.28,3.28,724.0,724.0,724.0,2,4,
2026-09-02 06:30:33,936147,4000278,Game 5: Both Teams Slay a Dragon?,prop,5,2026-09-02 08:00:00,89.4,No,65958101632974750482890282331167872972565380466300029511943073805016369825775,0.2,0.98,0.59,0.78,181.0,181.0,181.0,280.43,280.43,280.43,4,2,
2026-09-02 06:30:33,936147,4000279,Game 5: Both Teams Destroy Inhibitors?,prop,5,2026-09-02 08:00:00,89.4,Yes,60691868901076204506867129421738065547322249199404378327558804806221191518482,0.05,0.97,0.51,0.92,176.97,177.1,177.58,19.5,227.4,227.4,4,3,
2026-09-02 06:30:33,936147,4000279,Game 5: Both Teams Destroy Inhibitors?,prop,5,2026-09-02 08:00:00,89.4,No,107034670060567856747157098300876215376953838511509290890193796534679888290723,0.03,0.95,0.49,0.92,0.5,2.6,2.6,4244.41,4250.67,4298.5,3,4,
2026-09-02 06:30:33,936147,4000280,Game 5: Any Player Quadra Kill?,prop,5,2026-09-02 08:00:00,89.4,Yes,37622554544210168597016813527601142861708502761444229672227664382988517507012,0.04,0.99,0.515,0.95,176.0,176.2,176.2,19.8,19.8,19.8,2,1,
2026-09-02 06:30:33,936147,4000280,Game 5: Any Player Quadra Kill?,prop,5,2026-09-02 08:00:00,89.4,No,101771071393268507976536828407881635603923230098768507605348504845564201246418,0.01,0.96,0.485,0.95,0.2,0.2,0.2,4224.0,4243.8,4243.8,1,2,
2026-09-02 06:30:33,936147,4000281,Game 5: Any Player Penta Kill?,prop,5,2026-09-02 08:00:00,89.4,Yes,81884775513417691672953009208263232746237849336120942457457532759198344325709,0.29,0.99,0.64,0.7,4.25,4.25,4.25,19.8,19.8,19.8,4,1,
2026-09-02 06:30:33,936147,4000281,Game 5: Any Player Penta Kill?,prop,5,2026-09-02 08:00:00,89.4,No,72962711808804327573383515612746519999121753888127582650328110970406725796328,0.01,0.71,0.36,0.7,0.2,0.2,0.2,10.75,10.75,10.75,1,4,
2026-09-02 06:30:33,936147,4000282,Game 5: Odd/Even Total Kills?,odd_even,5,2026-09-02 08:00:00,89.4,Odd,63563863948193257516939853810980814506303010879650466407377239673922979120326,0.49,0.51,0.5,0.02,105.76,105.76,390.37,115.17,115.17,463.04,8,7,
2026-09-02 06:30:33,936147,4000282,Game 5: Odd/Even Total Kills?,odd_even,5,2026-09-02 08:00:00,89.4,Even,31397966625285258767459017025370175525895361521471797809472815622525603577625,0.49,0.51,0.5,0.02,110.66,110.66,395.27,110.07,110.07,457.94,7,8,
2026-09-02 06:30:33,936147,4055085,First Blood in Game 3?,first_blood,3,2026-09-02 08:00:00,89.4,Hanwha Life Esports,6451594758063050554390912016674836600356185004196255157849974731344110647386,0.02,0.98,0.5,0.96,3.18,3.18,3.18,267.05,267.05,267.05,2,2,
2026-09-02 06:30:33,936147,4055085,First Blood in Game 3?,first_blood,3,2026-09-02 08:00:00,89.4,T1,111671302443544193400921226285483470020924072924889955867898625329207475298195,0.02,0.98,0.5,0.96,3.18,3.18,3.18,269.35,269.35,269.35,2,2,
2026-09-02 06:30:33,936147,4055087,First Blood in Game 4?,first_blood,4,2026-09-02 08:00:00,89.4,Hanwha Life Esports,44456964354108569655867710024564302868904938042276290336260913514858184823376,0.02,0.98,0.5,0.96,3.18,3.18,3.18,269.35,269.35,269.35,2,2,
2026-09-02 06:30:33,936147,4055087,First Blood in Game 4?,first_blood,4,2026-09-02 08:00:00,89.4,T1,76518710650883538954404102697795011890927096984046628336172266898783561358704,0.02,0.98,0.5,0.96,3.18,3.18,3.18,269.35,269.35,269.35,2,2,
2026-09-02 06:30:33,936147,4055086,First Blood in Game 2?,first_blood,2,2026-09-02 08:00:00,89.4,Hanwha Life Esports,35223590030147782354795494036844700343050892452741564936833152758460370456534,0.02,0.98,0.5,0.96,3.18,3.18,3.18,269.35,269.35,269.35,2,2,
2026-09-02 06:30:33,936147,4055086,First Blood in Game 2?,first_blood,2,2026-09-02 08:00:00,89.4,T1,106973616542563433069735706581115924011405901433670876316339191848137336057195,0.02,0.98,0.5,0.96,3.18,3.18,3.18,269.35,269.35,269.35,2,2,
2026-09-02 06:30:33,936147,4055088,First Blood in Game 1?,first_blood,1,2026-09-02 08:00:00,89.4,Hanwha Life Esports,6734115328655613916670197138642585102833552985709517992186776949945439452651,0.5,0.79,0.645,0.29,305.2,305.2,305.2,3.95,20.15,26.25,8,8,
2026-09-02 06:30:33,936147,4055088,First Blood in Game 1?,first_blood,1,2026-09-02 08:00:00,89.4,T1,46791261602673605151459395071771041257748824118660002290919023281937929398557,0.21,0.5,0.355,0.29,1.05,4.85,6.01,305.3,305.3,305.3,8,8,
2026-09-02 06:30:33,936147,4055089,Total Kills Over/Under 27.5 in Game 3?,total_kills,3,2026-09-02 08:00:00,89.4,Over,50616430506705087897681647196718146017577716130384022997173216917826703310026,0.56,0.58,0.57,0.02,867.37,867.37,867.37,250.51,1653.29,1653.29,26,16,6155.792965999999
2026-09-02 06:30:33,936147,4055089,Total Kills Over/Under 27.5 in Game 3?,total_kills,3,2026-09-02 08:00:00,89.4,Under,55550770098276678307197609580896886259143674423848398992865344330286825227241,0.42,0.44,0.43,0.02,180.97,1116.16,1116.16,681.61,681.61,681.61,16,26,6155.792965999999
2026-09-02 06:30:33,936147,4055090,Total Kills Over/Under 24.5 in Game 4?,total_kills,4,2026-09-02 08:00:00,89.4,Over,50937948202535216666099489933019249094813003234790028978062979140763968241350,0.5,0.98,0.74,0.48,56.02,56.02,56.02,274.68,274.68,274.68,6,2,
2026-09-02 06:30:33,936147,4055090,Total Kills Over/Under 24.5 in Game 4?,total_kills,4,2026-09-02 08:00:00,89.4,Under,82790280916601472675958827250914597214041032387568744996207353240021196821931,0.02,0.5,0.26,0.48,3.27,3.27,3.27,56.15,56.15,56.15,2,6,
2026-09-02 06:30:33,936147,4055092,Total Kills Over/Under 27.5 in Game 1?,total_kills,1,2026-09-02 08:00:00,89.4,Over,114058681503214293966788885801573541974530629733277803804341358373124587463134,0.57,0.59,0.58,0.02,4.19,195.01,195.01,2453.87,2453.87,2453.87,25,15,5944.363414
2026-09-02 06:30:33,936147,4055092,Total Kills Over/Under 27.5 in Game 1?,total_kills,1,2026-09-02 08:00:00,89.4,Under,21408934269837174665866968434746455120787958707568100175761023291654701885732,0.41,0.43,0.42,0.02,1647.68,1647.68,1647.68,3.16,165.22,165.22,15,25,5944.363414
2026-09-02 06:30:33,936147,4055091,Total Kills Over/Under 27.5 in Game 2?,total_kills,2,2026-09-02 08:00:00,89.4,Over,29572624698451375099490457589006933490436512891007706168731140171251928387948,0.52,0.58,0.55,0.06,1277.33,2350.49,2354.09,240.78,1630.53,1630.53,23,18,5008.826838
2026-09-02 06:30:33,936147,4055091,Total Kills Over/Under 27.5 in Game 2?,total_kills,2,2026-09-02 08:00:00,89.4,Under,12802913080296758871246561850481235290764757727562319189118152924456489918965,0.42,0.48,0.45,0.06,174.22,1063.17,1063.17,1226.26,2299.56,2303.46,18,23,5008.826838
2026-09-02 06:30:33,936147,4055093,Total Kills Over/Under 27.5 in Game 4?,total_kills,4,2026-09-02 08:00:00,89.4,Over,44684731289280816949050731630888842831358234224068234967091902258366469917544,0.4,0.58,0.49,0.18,32.0,32.0,32.0,232.0,232.0,232.0,5,5,
2026-09-02 06:30:33,936147,4055093,Total Kills Over/Under 27.5 in Game 4?,total_kills,4,2026-09-02 08:00:00,89.4,Under,18586723199912527744436187003870377599099726122064196226794794950393327684565,0.42,0.6,0.51,0.18,168.0,168.0,168.0,48.0,48.0,48.0,5,5,
2026-09-02 06:30:33,936147,4055094,Total Kills Over/Under 24.5 in Game 3?,total_kills,3,2026-09-02 08:00:00,89.4,Over,60419029194322599109502232725144838069075057110504558087907518068397627928602,0.67,0.76,0.715,0.09,167.49,167.49,167.49,162.56,177.61,177.61,8,9,123.17073
2026-09-02 06:30:33,936147,4055094,Total Kills Over/Under 24.5 in Game 3?,total_kills,3,2026-09-02 08:00:00,89.4,Under,55368970242395556386896319902906582248387755687561050449261077374383461775588,0.24,0.33,0.285,0.09,51.23,55.23,55.23,82.57,82.57,82.57,9,8,123.17073
2026-09-02 06:30:33,936147,4055095,Total Kills Over/Under 24.5 in Game 2?,total_kills,2,2026-09-02 08:00:00,89.4,Over,89070087442125703399649573813340602678009036476143503524794827166960613745678,0.69,0.77,0.73,0.08,163.16,163.16,163.16,20.17,27.03,27.03,9,10,121.42857
2026-09-02 06:30:33,936147,4055095,Total Kills Over/Under 24.5 in Game 2?,total_kills,2,2026-09-02 08:00:00,89.4,Under,99662990254382299993439618179836862401378421343854774850808929203233884338029,0.23,0.31,0.27,0.08,5.91,7.74,7.74,73.42,73.42,73.42,10,9,121.42857
2026-09-02 06:30:33,936147,4055096,Total Kills Over/Under 24.5 in Game 1?,total_kills,1,2026-09-02 08:00:00,89.4,Over,70576898803566127666107944114399469021804224373235543306362698958964445128829,0.68,0.78,0.73,0.1,153.87,153.87,153.87,14.51,14.51,260.51,9,9,125.769953
2026-09-02 06:30:33,936147,4055096,Total Kills Over/Under 24.5 in Game 1?,total_kills,1,2026-09-02 08:00:00,89.4,Under,36403691426434302394786586218755871489976678966422192558513810298433439047497,0.22,0.32,0.27,0.1,4.09,4.09,58.09,72.41,72.41,72.41,9,9,125.769953
2026-09-02 06:30:33,936147,4059386,Total Kills Over/Under 30.5 in Game 1?,total_kills,1,2026-09-02 08:00:00,89.4,Over,27563047472284349159145124070497736444752851592398947811153508318500279378284,0.38,0.43,0.405,0.05,2.39,2.39,2.39,153.36,153.36,2503.36,9,9,526.6702549999999
2026-09-02 06:30:33,936147,4059386,Total Kills Over/Under 30.5 in Game 1?,total_kills,1,2026-09-02 08:00:00,89.4,Under,103806489000291695503284220898756155085098642314498145055405923981803690742938,0.57,0.62,0.595,0.05,196.31,196.31,2846.31,3.89,3.89,3.89,9,9,526.6702549999999
2026-09-02 06:30:33,936147,4059387,Total Kills Over/Under 30.5 in Game 2?,total_kills,2,2026-09-02 08:00:00,89.4,Over,250960629603093735033332993997821567495732901004711577017014896526444517552,0.35,0.46,0.405,0.11,700.0,700.0,700.0,1985.38,1992.52,1996.68,9,9,858.1854619999999
2026-09-02 06:30:33,936147,4059387,Total Kills Over/Under 30.5 in Game 2?,total_kills,2,2026-09-02 08:00:00,89.4,Under,48381236362340560053851779496224028346112141678610455464569321577481897653475,0.54,0.65,0.595,0.11,2239.25,2246.83,2250.83,1300.0,1300.0,1300.0,9,9,858.1854619999999
2026-09-02 06:30:33,936147,4059389,Total Kills Over/Under 30.5 in Game 4?,total_kills,4,2026-09-02 08:00:00,89.4,Over,38530469248668392139381861431814913862781782593421421431190604075800209612127,0.35,,,,8.65,8.65,17.65,0.0,0.0,0.0,11,0,305.8002
2026-09-02 06:30:33,936147,4059389,Total Kills Over/Under 30.5 in Game 4?,total_kills,4,2026-09-02 08:00:00,89.4,Under,100893473430155116004655675892784973889071738137065348904718068135586115562931,,0.65,,,0.0,0.0,0.0,16.35,16.35,37.35,0,11,305.8002
2026-09-02 06:30:33,936147,4059388,Total Kills Over/Under 30.5 in Game 3?,total_kills,3,2026-09-02 08:00:00,89.4,Over,80955956645851227563872338523728413776626690764104558653678938481490121865495,0.37,0.46,0.415,0.09,4.07,746.42,746.42,2184.82,2184.82,2184.82,8,6,432.236315
2026-09-02 06:30:33,936147,4059388,Total Kills Over/Under 30.5 in Game 3?,total_kills,3,2026-09-02 08:00:00,89.4,Under,5748869005347059788849380089240844382658411548108429750418420986444868563514,0.54,0.63,0.585,0.09,2463.85,2463.85,2463.85,6.93,1385.58,1385.58,6,8,432.236315
2026-09-02 06:36:23,936147,4000244,LoL: Hanwha Life Esports vs T1 - Game 1 Winner,map,1,2026-09-02 08:00:00,83.6,Hanwha Life Esports,10734641664948630564119188299000087308360542360331775061020614529623331903474,0.59,0.6,0.595,0.01,19078.33,37094.4,46128.94,8002.27,13108.56,18514.81,32,22,46908.19646400001
2026-09-02 06:36:23,936147,4000244,LoL: Hanwha Life Esports vs T1 - Game 1 Winner,map,1,2026-09-02 08:00:00,83.6,T1,9094132034109894688217527755278872327846224632546120485727243231953736941529,0.4,0.41,0.405,0.01,5284.26,8375.88,11394.63,13302.74,27241.73,34776.37,22,32,46908.19646400001
2026-09-02 06:36:23,936147,4000245,LoL: Hanwha Life Esports vs T1 - Game 2 Winner,map,2,2026-09-02 08:00:00,83.6,Hanwha Life Esports,94843214769480383766507322942929739937927603798324353905843922528772735706377,0.57,0.58,0.575,0.01,2567.06,6517.3,10822.9,314.23,8784.06,18322.2,22,22,418.06119
2026-09-02 06:36:23,936147,4000245,LoL: Hanwha Life Esports vs T1 - Game 2 Winner,map,2,2026-09-02 08:00:00,83.6,T1,35453714793284653962184719425495820838338551092982505677958700922100536194952,0.42,0.43,0.425,0.01,220.47,5822.19,11544.51,1978.86,5237.1,9076.5,22,22,418.06119
2026-09-02 06:36:23,936147,4000246,LoL: Hanwha Life Esports vs T1 - Game 3 Winner,map,3,2026-09-02 08:00:00,83.6,Hanwha Life Esports,82037966500134222625616994256887508972151143645499372020158235428006475330639,0.58,0.59,0.585,0.01,1547.66,5971.61,10527.02,1205.93,8168.68,13638.88,23,21,792.9544689999999
2026-09-02 06:36:23,936147,4000246,LoL: Hanwha Life Esports vs T1 - Game 3 Winner,map,3,2026-09-02 08:00:00,83.6,T1,108991451262166710988960567529218336671208754468579999539092984751820670537254,0.41,0.42,0.415,0.01,814.36,5221.43,8416.23,1147.91,4731.13,8743.99,21,23,792.9544689999999
2026-09-02 06:36:23,936147,4000247,LoL: Hanwha Life Esports vs T1 - Game 4 Winner,map,4,2026-09-02 08:00:00,83.6,Hanwha Life Esports,27185823859237477385754211221130737493942244739337847080115422256098738912468,0.56,0.57,0.565,0.01,139.96,139.96,139.96,11.72,13111.71,13111.71,15,16,41.36
2026-09-02 06:36:23,936147,4000247,LoL: Hanwha Life Esports vs T1 - Game 4 Winner,map,4,2026-09-02 08:00:00,83.6,T1,43792453713203242020422589829133156049817281040504463852728066738713044326183,0.43,0.44,0.435,0.01,8.84,8775.15,8775.15,109.97,109.97,109.97,16,15,41.36
2026-09-02 06:36:23,936147,4000248,LoL: Hanwha Life Esports vs T1 (BO5) - LCK Playoffs,series,,2026-09-02 08:00:00,83.6,Hanwha Life Esports,17602226504684346368510501060478122888791385343970378097785516838620659389931,0.64,0.65,0.645,0.01,192204.63,208021.34,215414.74,118605.33,141947.06,150255.9,43,25,369716.82241599984
2026-09-02 06:36:23,936147,4000248,LoL: Hanwha Life Esports vs T1 (BO5) - LCK Playoffs,series,,2026-09-02 08:00:00,83.6,T1,42819687634672881483617510271698078404051708570906741617482740253212535042722,0.35,0.36,0.355,0.01,61713.62,73073.04,76746.84,109825.86,119678.55,124612.15,25,43,369716.82241599984
2026-09-02 06:36:23,936147,4000249,Games Total: O/U 3.5,total_games,,2026-09-02 08:00:00,83.6,Over,80317462208036634370611667592517910559057172613751725938330061477906689644871,0.73,0.74,0.735,0.01,799.92,23791.92,24050.47,28149.38,35001.56,36587.16,32,14,16619.372481
2026-09-02 06:36:23,936147,4000249,Games Total: O/U 3.5,total_games,,2026-09-02 08:00:00,83.6,Under,32337683298076683289688582842018186880600108799426881067326201389847076015253,0.26,0.27,0.265,0.01,9512.84,11631.66,12066.06,296.0,10121.07,10237.87,14,32,16619.372481
2026-09-02 06:36:23,936147,4000250,Games Total: O/U 4.5,total_games,,2026-09-02 08:00:00,83.6,Over,67028205767593121936564281252261131409439995798362533668702004769898532565964,0.34,0.35,0.345,0.01,27563.67,29318.65,36924.65,3050.39,4825.89,5456.09,19,20,3462.6327469999997
2026-09-02 06:36:23,936147,4000250,Games Total: O/U 4.5,total_games,,2026-09-02 08:00:00,83.6,Under,111556133117845474158087232516235709277283000020725048691506879574040151376855,0.65,0.66,0.655,0.01,5622.41,8573.07,9546.18,55882.72,59713.45,77627.45,20,19,3462.6327469999997
2026-09-02 06:36:23,936147,4000251,Game Handicap: HLE (-1.5) vs T1 (+1.5),handicap,,2026-09-02 08:00:00,83.6,Hanwha Life Esports,10493141932962614934205140811035465300295049925312106570287434531813044973483,0.44,0.45,0.445,0.01,47986.39,55409.89,56189.89,21833.05,47056.05,49948.78,17,26,65017.30840600001
2026-09-02 06:36:23,936147,4000251,Game Handicap: HLE (-1.5) vs T1 (+1.5),handicap,,2026-09-02 08:00:00,83.6,T1,29009672247611046844750391779148532624046214593989504759848221828337202221082,0.55,0.56,0.555,0.01,26013.18,54448.84,57352.45,63323.26,73867.9,75087.9,26,17,65017.30840600001
2026-09-02 06:36:23,936147,4000252,Game Handicap: HLE (-2.5) vs T1 (+2.5),handicap,,2026-09-02 08:00:00,83.6,Hanwha Life Esports,102345138897645643338528677118468766881362327402363406508705558284865003191841,0.2,0.21,0.205,0.01,607.33,20457.15,23999.15,5851.42,11719.56,13160.56,16,26,4345.873283000002
2026-09-02 06:36:23,936147,4000252,Game Handicap: HLE (-2.5) vs T1 (+2.5),handicap,,2026-09-02 08:00:00,83.6,T1,76305669832292268029604931991271246661418893929410638142532260939620551316786,0.79,0.8,0.795,0.01,20848.93,40487.34,40520.34,2474.11,88652.21,105620.21,21,12,4345.873283000002
2026-09-02 06:36:23,936147,4000253,Game 1: Both Teams Slay Baron Nashor?,prop,1,2026-09-02 08:00:00,83.6,Yes,93146086577102256204298678979505953849078074539389252153335299070591798600887,0.07,0.97,0.52,0.9,1.95,1.95,2.07,16.26,113.29,113.29,4,3,
2026-09-02 06:36:23,936147,4000253,Game 1: Both Teams Slay Baron Nashor?,prop,1,2026-09-02 08:00:00,83.6,No,62397396836471728045186329952381396277894364048690199148787370308406079873504,0.03,0.93,0.48,0.9,0.4,1.38,1.38,29.53,29.53,35.23,3,4,
2026-09-02 06:36:23,936147,4000254,Game 1: Both Teams Slay a Dragon?,prop,1,2026-09-02 08:00:00,83.6,Yes,38524487372856719802058239041752978100838775077444134383580158056000817208489,0.02,0.92,0.47,0.9,1.28,1.28,1.28,14.02,14.02,14.02,2,4,
2026-09-02 06:36:23,936147,4000254,Game 1: Both Teams Slay a Dragon?,prop,1,2026-09-02 08:00:00,83.6,No,15204516028080642533081196459812008766087030818357039258317298224193212619102,0.08,0.98,0.53,0.9,1.11,1.11,1.11,116.7,116.7,116.7,4,2,
2026-09-02 06:36:23,936147,4000255,Game 1: Both Teams Destroy Inhibitors?,prop,1,2026-09-02 08:00:00,83.6,Yes,53326448950994422414452555514016403317591022200780864858814246245395755848871,0.07,0.97,0.52,0.9,1.05,1.05,1.05,21.16,108.31,108.31,3,3,
2026-09-02 06:36:23,936147,4000255,Game 1: Both Teams Destroy Inhibitors?,prop,1,2026-09-02 08:00:00,83.6,No,34007568137061088623455577434729876802246079637640607021932381235812612134452,0.03,0.93,0.48,0.9,0.5,1.38,1.38,15.43,15.43,15.43,3,3,
2026-09-02 06:36:23,936147,4000256,Game 1: Any Player Quadra Kill?,prop,1,2026-09-02 08:00:00,83.6,Yes,22474955096840959331217225348561101760744235175341307948306551935778821508463,0.04,0.49,0.265,0.45,176.0,176.2,176.2,200.11,200.11,200.11,2,3,
2026-09-02 06:36:23,936147,4000256,Game 1: Any Player Quadra Kill?,prop,1,2026-09-02 08:00:00,83.6,No,70010116755066730675945204508545288178944029331833502803576435564774033662176,0.51,0.96,0.735,0.45,201.1,201.1,201.1,4224.0,4243.8,4243.8,3,2,
2026-09-02 06:36:23,936147,4000257,Game 1: Any Player Penta Kill?,prop,1,2026-09-02 08:00:00,83.6,Yes,32392061463244664374011371719265930175195324793425576808866777706255798484197,0.01,0.14,0.075,0.13,176.2,176.2,176.2,3.97,3.97,3.97,1,7,
2026-09-02 06:36:23,936147,4000257,Game 1: Any Player Penta Kill?,prop,1,2026-09-02 08:00:00,83.6,No,77640614084664768219957861274368510980436867180076340853011873020180879444145,0.86,0.99,0.925,0.13,24.03,24.03,24.03,17443.8,17443.8,17443.8,7,1,
2026-09-02 06:36:23,936147,4000258,Game 1: Odd/Even Total Kills?,odd_even,1,2026-09-02 08:00:00,83.6,Odd,108827565179165251510087675872073156578050684689138105722270806193090503838530,0.49,0.51,0.5,0.02,105.76,110.46,395.07,115.17,115.17,463.04,5,4,
2026-09-02 06:36:23,936147,4000258,Game 1: Odd/Even Total Kills?,odd_even,1,2026-09-02 08:00:00,83.6,Even,7301611815750266505212013035576664627539129145219944939954043282024608538667,0.49,0.51,0.5,0.02,110.66,110.66,395.27,110.07,115.37,463.24,4,5,
2026-09-02 06:36:23,936147,4000259,Game 2: Both Teams Slay Baron Nashor?,prop,2,2026-09-02 08:00:00,83.6,Yes,26580941611231775497434268916596647138639915367438578117383630553602803147665,0.02,0.98,0.5,0.96,1.28,1.28,1.28,116.71,116.71,116.71,2,2,
2026-09-02 06:36:23,936147,4000259,Game 2: Both Teams Slay Baron Nashor?,prop,2,2026-09-02 08:00:00,83.6,No,100795195782021149211222639897723696752492161528664336793375063544818455196843,0.02,0.98,0.5,0.96,1.28,1.28,1.28,116.72,116.72,116.72,2,2,
2026-09-02 06:36:23,936147,4000260,Game 2: Both Teams Slay a Dragon?,prop,2,2026-09-02 08:00:00,83.6,Yes,7647165211636560008480877295863658589900544927319086094514582071550471788190,0.02,0.98,0.5,0.96,1.28,1.28,1.28,116.72,116.72,116.72,2,2,
2026-09-02 06:36:23,936147,4000260,Game 2: Both Teams Slay a Dragon?,prop,2,2026-09-02 08:00:00,83.6,No,38312652442522943276833285095228363825405853198565948971681938085472588119443,0.02,0.98,0.5,0.96,1.28,1.28,1.28,116.72,116.72,116.72,2,2,
2026-09-02 06:36:23,936147,4000261,Game 2: Both Teams Destroy Inhibitors?,prop,2,2026-09-02 08:00:00,83.6,Yes,77459052452756213722987039745546396756742907735368245858946392762245699388078,0.02,0.92,0.47,0.9,1.28,1.28,1.28,14.6,14.6,14.6,2,3,
2026-09-02 06:36:23,936147,4000261,Game 2: Both Teams Destroy Inhibitors?,prop,2,2026-09-02 08:00:00,83.6,No,42982741775104988732603152913859566937731426765614068324359357599623861430770,0.08,0.98,0.53,0.9,1.16,1.16,1.16,116.72,116.72,116.72,3,2,
2026-09-02 06:36:23,936147,4000262,Game 2: Any Player Quadra Kill?,prop,2,2026-09-02 08:00:00,83.6,Yes,23114827239613606199039909863609846703766555028821666365191768631882396210122,0.04,0.49,0.265,0.45,176.0,176.2,176.2,200.11,200.11,200.11,2,3,
2026-09-02 06:36:23,936147,4000262,Game 2: Any Player Quadra Kill?,prop,2,2026-09-02 08:00:00,83.6,No,34882982611710593206012495650602357875797866389249437605106387682496237435474,0.51,0.96,0.735,0.45,201.1,201.1,201.1,4224.0,4243.8,4243.8,3,2,
2026-09-02 06:36:23,936147,4000263,Game 2: Any Player Penta Kill?,prop,2,2026-09-02 08:00:00,83.6,Yes,89851463602513363280889458150548056901497390671549082559791975153304669274722,0.01,0.22,0.115,0.21,176.2,176.2,176.2,11.47,11.47,11.47,1,5,
2026-09-02 06:36:23,936147,4000263,Game 2: Any Player Penta Kill?,prop,2,2026-09-02 08:00:00,83.6,No,76657167681598317018276771830467170760474532730191942904005791001648898016932,0.78,0.99,0.885,0.21,39.53,39.53,39.53,17443.8,17443.8,17443.8,5,1,
2026-09-02 06:36:23,936147,4000264,Game 2: Odd/Even Total Kills?,odd_even,2,2026-09-02 08:00:00,83.6,Odd,19926948821479151314149954395913489860320517308762150293129985004501391652978,0.49,0.51,0.5,0.02,110.56,110.56,395.17,110.07,110.07,457.94,5,5,
2026-09-02 06:36:23,936147,4000264,Game 2: Odd/Even Total Kills?,odd_even,2,2026-09-02 08:00:00,83.6,Even,17406923566277180510326582743311914999596667583010759580438423117266479779042,0.49,0.51,0.5,0.02,105.76,105.76,390.37,115.27,115.27,463.14,5,5,
2026-09-02 06:36:23,936147,4000265,Game 3: Both Teams Slay Baron Nashor?,prop,3,2026-09-02 08:00:00,83.6,Yes,72898465988016784668140978566035896190823170737719888998748173305878130784604,0.02,0.92,0.47,0.9,1.28,1.28,1.28,14.6,14.6,14.6,2,3,
2026-09-02 06:36:23,936147,4000265,Game 3: Both Teams Slay Baron Nashor?,prop,3,2026-09-02 08:00:00,83.6,No,61259761980766796434812314349518047220625334534850126709327053650372878721670,0.08,0.98,0.53,0.9,1.16,1.16,1.16,116.72,116.72,116.72,3,2,
2026-09-02 06:36:23,936147,4000266,Game 3: Both Teams Slay a Dragon?,prop,3,2026-09-02 08:00:00,83.6,Yes,29016659931195283658010080437169080773576593221502697360172267529196401779876,0.08,0.97,0.525,0.89,1.11,1.11,1.11,21.17,108.27,108.27,4,3,
2026-09-02 06:36:23,936147,4000266,Game 3: Both Teams Slay a Dragon?,prop,3,2026-09-02 08:00:00,83.6,No,52507303645384853045196468877499699191744879457368034686349865378835646923976,0.03,0.92,0.475,0.89,0.5,1.38,1.38,14.02,14.02,14.02,3,4,
2026-09-02 06:36:23,936147,4000267,Game 3: Both Teams Destroy Inhibitors?,prop,3,2026-09-02 08:00:00,83.6,Yes,52838954315541697946222845860350452741407966206108720498751207436944088637555,0.02,0.97,0.495,0.95,1.28,1.28,1.28,15.96,113.92,113.92,2,3,
2026-09-02 06:36:23,936147,4000267,Game 3: Both Teams Destroy Inhibitors?,prop,3,2026-09-02 08:00:00,83.6,No,93441612593317368859448449646562250985004074665722706329348452699701514031784,0.03,0.98,0.505,0.95,0.39,1.38,1.38,116.72,116.72,116.72,3,2,
2026-09-02 06:36:23,936147,4000268,Game 3: Any Player Quadra Kill?,prop,3,2026-09-02 08:00:00,83.6,Yes,38020405566695788965357251388580004323154327078778903318213145141050275756230,0.04,0.49,0.265,0.45,176.0,176.2,176.2,200.11,200.11,200.11,2,3,
2026-09-02 06:36:23,936147,4000268,Game 3: Any Player Quadra Kill?,prop,3,2026-09-02 08:00:00,83.6,No,28597079920160132826239354664061191026796075799515942859737365191978222948485,0.51,0.96,0.735,0.45,201.1,201.1,201.1,4224.0,4243.8,4243.8,3,2,
2026-09-02 06:36:23,936147,4000269,Game 3: Any Player Penta Kill?,prop,3,2026-09-02 08:00:00,83.6,Yes,25818450087468056279221103871364684091155449026608761409094787974585674423410,0.01,0.15,0.08,0.14,176.2,176.2,176.2,7.41,7.41,7.41,1,5,
2026-09-02 06:36:23,936147,4000269,Game 3: Any Player Penta Kill?,prop,3,2026-09-02 08:00:00,83.6,No,64211900886481376166420643612395215537917925498332191046420283524442916982158,0.85,0.99,0.92,0.14,40.39,40.39,40.39,17443.8,17443.8,17443.8,5,1,
2026-09-02 06:36:23,936147,4000270,Game 3: Odd/Even Total Kills?,odd_even,3,2026-09-02 08:00:00,83.6,Odd,15654742314760403571803525417370265516875090435320723584018977422757338284070,0.49,0.51,0.5,0.02,105.76,105.76,390.37,115.17,115.17,463.04,5,4,
2026-09-02 06:36:23,936147,4000270,Game 3: Odd/Even Total Kills?,odd_even,3,2026-09-02 08:00:00,83.6,Even,104857101644586659489302816521904903492103117744635602743997701460522299917261,0.49,0.51,0.5,0.02,110.66,110.66,395.27,110.07,110.07,457.94,4,5,
2026-09-02 06:36:23,936147,4000271,Game 4: Both Teams Slay Baron Nashor?,prop,4,2026-09-02 08:00:00,83.6,Yes,62356408012604828982178064882292340995533506140242027840256196017857030363017,0.08,0.98,0.53,0.9,1.33,178.08,178.08,116.7,116.7,116.7,6,2,
2026-09-02 06:36:23,936147,4000271,Game 4: Both Teams Slay Baron Nashor?,prop,4,2026-09-02 08:00:00,83.6,No,91788636055428683920593421680640488891536883071261256377394394977967840429645,0.02,0.92,0.47,0.9,1.28,1.28,1.28,16.28,2787.86,2787.86,2,6,
2026-09-02 06:36:23,936147,4000272,Game 4: Both Teams Slay a Dragon?,prop,4,2026-09-02 08:00:00,83.6,Yes,83203584164114158027263022883878642041746836654633144827555848117337293604207,0.02,0.8,0.41,0.78,1.28,1.28,1.28,724.0,724.0,724.0,2,4,
2026-09-02 06:36:23,936147,4000272,Game 4: Both Teams Slay a Dragon?,prop,4,2026-09-02 08:00:00,83.6,No,82053351462248981559153275457047015911859357018207289862363439393992037932129,0.2,0.98,0.59,0.78,181.0,181.0,181.0,116.7,116.7,116.7,4,2,
2026-09-02 06:36:23,936147,4000273,Game 4: Both Teams Destroy Inhibitors?,prop,4,2026-09-02 08:00:00,83.6,Yes,14826823168300530105843175396594851843132589180193264039518519229938686751123,0.05,0.98,0.515,0.93,176.97,177.14,177.58,116.69,116.69,116.69,4,2,
2026-09-02 06:36:23,936147,4000273,Game 4: Both Teams Destroy Inhibitors?,prop,4,2026-09-02 08:00:00,83.6,No,4642309791893536667792231855163585184601093249526876723384717111754720262130,0.02,0.95,0.485,0.93,1.28,1.28,1.28,4244.41,4252.93,4296.2,2,4,
2026-09-02 06:36:23,936147,4000274,Game 4: Any Player Quadra Kill?,prop,4,2026-09-02 08:00:00,83.6,Yes,13041789329235213382067252372510043708510064265822781385156997562156671755813,0.04,0.99,0.515,0.95,176.0,176.2,176.2,19.8,19.8,19.8,2,1,
2026-09-02 06:36:23,936147,4000274,Game 4: Any Player Quadra Kill?,prop,4,2026-09-02 08:00:00,83.6,No,61906078143322210428853001145404023129978821493304810408028713073041212560729,0.01,0.96,0.485,0.95,0.2,0.2,0.2,4224.0,4243.8,4243.8,1,2,
2026-09-02 06:36:23,936147,4000275,Game 4: Any Player Penta Kill?,prop,4,2026-09-02 08:00:00,83.6,Yes,32432357688111543882377174835903355401662311457669476969295888963199694824422,0.01,0.99,0.5,0.98,176.2,176.2,176.2,19.8,19.8,19.8,1,1,
2026-09-02 06:36:23,936147,4000275,Game 4: Any Player Penta Kill?,prop,4,2026-09-02 08:00:00,83.6,No,4617799256852857197864126938133010426073689697060245242862641752640679129341,0.01,0.99,0.5,0.98,0.2,0.2,0.2,17443.8,17443.8,17443.8,1,1,
2026-09-02 06:36:23,936147,4000276,Game 4: Odd/Even Total Kills?,odd_even,4,2026-09-02 08:00:00,83.6,Odd,82445579597676482715334501121107741150121968755312650663555776789237825622300,0.49,0.51,0.5,0.02,110.56,110.56,395.17,110.07,115.47,463.34,6,5,
2026-09-02 06:36:23,936147,4000276,Game 4: Odd/Even Total Kills?,odd_even,4,2026-09-02 08:00:00,83.6,Even,59910329812851235339134266389493787978247416660833129937616581052783787806167,0.49,0.51,0.5,0.02,105.76,110.36,394.97,115.27,115.27,463.14,5,6,
2026-09-02 06:36:23,936147,4000277,Game 5: Both Teams Slay Baron Nashor?,prop,5,2026-09-02 08:00:00,83.6,Yes,77066018604040233379350338588590607299672009487600977752104134984252506121329,0.08,0.98,0.53,0.9,1.39,177.39,177.39,116.7,116.7,116.7,4,2,
2026-09-02 06:36:23,936147,4000277,Game 5: Both Teams Slay Baron Nashor?,prop,5,2026-09-02 08:00:00,83.6,No,113061198307446667308409918664161274242165665872982030214940590114781938909980,0.02,0.92,0.47,0.9,1.28,1.28,1.28,16.99,2774.32,2774.32,2,4,
2026-09-02 06:36:23,936147,4000278,Game 5: Both Teams Slay a Dragon?,prop,5,2026-09-02 08:00:00,83.6,Yes,50386225583647348218613825701655315521963805588620670730405925093860797793941,0.02,0.8,0.41,0.78,1.28,1.28,1.28,724.0,724.0,724.0,2,4,
2026-09-02 06:36:23,936147,4000278,Game 5: Both Teams Slay a Dragon?,prop,5,2026-09-02 08:00:00,83.6,No,65958101632974750482890282331167872972565380466300029511943073805016369825775,0.2,0.98,0.59,0.78,181.0,181.0,181.0,116.71,116.71,116.71,4,2,
2026-09-02 06:36:23,936147,4000279,Game 5: Both Teams Destroy Inhibitors?,prop,5,2026-09-02 08:00:00,83.6,Yes,60691868901076204506867129421738065547322249199404378327558804806221191518482,0.05,0.97,0.51,0.92,176.97,177.1,177.58,21.16,108.29,108.29,4,3,
2026-09-02 06:36:23,936147,4000279,Game 5: Both Teams Destroy Inhibitors?,prop,5,2026-09-02 08:00:00,83.6,No,107034670060567856747157098300876215376953838511509290890193796534679888290723,0.03,0.95,0.49,0.92,0.5,1.38,1.38,4244.41,4250.67,4298.5,3,4,
2026-09-02 06:36:23,936147,4000280,Game 5: Any Player Quadra Kill?,prop,5,2026-09-02 08:00:00,83.6,Yes,37622554544210168597016813527601142861708502761444229672227664382988517507012,0.04,0.99,0.515,0.95,176.0,176.2,176.2,19.8,19.8,19.8,2,1,
2026-09-02 06:36:23,936147,4000280,Game 5: Any Player Quadra Kill?,prop,5,2026-09-02 08:00:00,83.6,No,101771071393268507976536828407881635603923230098768507605348504845564201246418,0.01,0.96,0.485,0.95,0.2,0.2,0.2,4224.0,4243.8,4243.8,1,2,
2026-09-02 06:36:23,936147,4000281,Game 5: Any Player Penta Kill?,prop,5,2026-09-02 08:00:00,83.6,Yes,81884775513417691672953009208263232746237849336120942457457532759198344325709,0.29,0.99,0.64,0.7,4.25,4.25,4.25,19.8,19.8,19.8,4,1,
2026-09-02 06:36:23,936147,4000281,Game 5: Any Player Penta Kill?,prop,5,2026-09-02 08:00:00,83.6,No,72962711808804327573383515612746519999121753888127582650328110970406725796328,0.01,0.71,0.36,0.7,0.2,0.2,0.2,10.75,10.75,10.75,1,4,
2026-09-02 06:36:23,936147,4000282,Game 5: Odd/Even Total Kills?,odd_even,5,2026-09-02 08:00:00,83.6,Odd,63563863948193257516939853810980814506303010879650466407377239673922979120326,0.49,0.51,0.5,0.02,105.76,105.76,390.37,115.17,115.17,463.04,5,4,
2026-09-02 06:36:23,936147,4000282,Game 5: Odd/Even Total Kills?,odd_even,5,2026-09-02 08:00:00,83.6,Even,31397966625285258767459017025370175525895361521471797809472815622525603577625,0.49,0.51,0.5,0.02,110.66,110.66,395.27,110.07,110.07,457.94,4,5,
2026-09-02 06:36:23,936147,4055085,First Blood in Game 3?,first_blood,3,2026-09-02 08:00:00,83.6,Hanwha Life Esports,6451594758063050554390912016674836600356185004196255157849974731344110647386,0.02,0.98,0.5,0.96,1.18,1.18,1.18,105.85,105.85,105.85,2,2,
2026-09-02 06:36:23,936147,4055085,First Blood in Game 3?,first_blood,3,2026-09-02 08:00:00,83.6,T1,111671302443544193400921226285483470020924072924889955867898625329207475298195,0.02,0.98,0.5,0.96,1.12,1.12,1.12,111.82,111.82,111.82,2,2,
2026-09-02 06:36:23,936147,4055087,First Blood in Game 4?,first_blood,4,2026-09-02 08:00:00,83.6,Hanwha Life Esports,44456964354108569655867710024564302868904938042276290336260913514858184823376,0.02,0.98,0.5,0.96,1.18,1.18,1.18,111.17,111.17,111.17,2,2,
2026-09-02 06:36:23,936147,4055087,First Blood in Game 4?,first_blood,4,2026-09-02 08:00:00,83.6,T1,76518710650883538954404102697795011890927096984046628336172266898783561358704,0.02,0.98,0.5,0.96,1.18,1.18,1.18,111.82,111.82,111.82,2,2,
2026-09-02 06:36:23,936147,4055086,First Blood in Game 2?,first_blood,2,2026-09-02 08:00:00,83.6,Hanwha Life Esports,35223590030147782354795494036844700343050892452741564936833152758460370456534,0.02,0.98,0.5,0.96,1.18,1.18,1.18,111.82,111.82,111.82,2,2,
2026-09-02 06:36:23,936147,4055086,First Blood in Game 2?,first_blood,2,2026-09-02 08:00:00,83.6,T1,106973616542563433069735706581115924011405901433670876316339191848137336057195,0.02,0.98,0.5,0.96,1.18,1.18,1.18,109.46,109.46,109.46,2,2,
2026-09-02 06:36:23,936147,4055088,First Blood in Game 1?,first_blood,1,2026-09-02 08:00:00,83.6,Hanwha Life Esports,6734115328655613916670197138642585102833552985709517992186776949945439452651,0.5,0.97,0.735,0.47,305.2,305.2,305.2,415.45,470.0,470.0,5,3,
2026-09-02 06:36:23,936147,4055088,First Blood in Game 1?,first_blood,1,2026-09-02 08:00:00,83.6,T1,46791261602673605151459395071771041257748824118660002290919023281937929398557,0.03,0.5,0.265,0.47,8.72,9.27,9.27,305.3,305.3,305.3,3,5,
2026-09-02 06:36:23,936147,4055089,Total Kills Over/Under 27.5 in Game 3?,total_kills,3,2026-09-02 08:00:00,83.6,Over,50616430506705087897681647196718146017577716130384022997173216917826703310026,0.57,0.58,0.575,0.01,864.25,867.47,867.47,250.51,1653.29,1653.29,26,14,6155.792965999999
2026-09-02 06:36:23,936147,4055089,Total Kills Over/Under 27.5 in Game 3?,total_kills,3,2026-09-02 08:00:00,83.6,Under,55550770098276678307197609580896886259143674423848398992865344330286825227241,0.42,0.43,0.425,0.01,180.97,1116.16,1116.16,678.87,681.51,681.51,14,26,6155.792965999999
2026-09-02 06:36:23,936147,4055090,Total Kills Over/Under 24.5 in Game 4?,total_kills,4,2026-09-02 08:00:00,83.6,Over,50937948202535216666099489933019249094813003234790028978062979140763968241350,0.5,0.98,0.74,0.48,56.02,56.02,56.02,119.15,119.15,119.15,3,2,
2026-09-02 06:36:23,936147,4055090,Total Kills Over/Under 24.5 in Game 4?,total_kills,4,2026-09-02 08:00:00,83.6,Under,82790280916601472675958827250914597214041032387568744996207353240021196821931,0.02,0.5,0.26,0.48,1.27,1.27,1.27,56.15,56.15,56.15,2,3,
2026-09-02 06:36:23,936147,4055092,Total Kills Over/Under 27.5 in Game 1?,total_kills,1,2026-09-02 08:00:00,83.6,Over,114058681503214293966788885801573541974530629733277803804341358373124587463134,0.54,0.59,0.565,0.05,187.61,187.61,199.86,2430.65,2430.65,2430.65,23,13,5944.363414
2026-09-02 06:36:23,936147,4055092,Total Kills Over/Under 27.5 in Game 1?,total_kills,1,2026-09-02 08:00:00,83.6,Under,21408934269837174665866968434746455120787958707568100175761023291654701885732,0.41,0.46,0.435,0.05,1631.54,1631.54,1631.54,160.21,160.21,172.96,13,23,5944.363414
2026-09-02 06:36:23,936147,4055091,Total Kills Over/Under 27.5 in Game 2?,total_kills,2,2026-09-02 08:00:00,83.6,Over,29572624698451375099490457589006933490436512891007706168731140171251928387948,0.52,0.57,0.545,0.05,1285.19,2357.89,2357.89,354.62,369.62,1744.38,19,16,5008.826838
2026-09-02 06:36:23,936147,4055091,Total Kills Over/Under 27.5 in Game 2?,total_kills,2,2026-09-02 08:00:00,83.6,Under,12802913080296758871246561850481235290764757727562319189118152924456489918965,0.43,0.48,0.455,0.05,260.38,270.38,1149.32,1233.62,2306.31,2306.31,16,19,5008.826838
2026-09-02 06:36:23,936147,4055093,Total Kills Over/Under 27.5 in Game 4?,total_kills,4,2026-09-02 08:00:00,83.6,Over,44684731289280816949050731630888842831358234224068234967091902258366469917544,0.4,0.58,0.49,0.18,32.0,32.0,32.0,232.0,232.0,232.0,4,4,
2026-09-02 06:36:23,936147,4055093,Total Kills Over/Under 27.5 in Game 4?,total_kills,4,2026-09-02 08:00:00,83.6,Under,18586723199912527744436187003870377599099726122064196226794794950393327684565,0.42,0.6,0.51,0.18,168.0,168.0,168.0,48.0,48.0,48.0,4,4,
2026-09-02 06:36:23,936147,4055094,Total Kills Over/Under 24.5 in Game 3?,total_kills,3,2026-09-02 08:00:00,83.6,Over,60419029194322599109502232725144838069075057110504558087907518068397627928602,0.67,0.78,0.725,0.11,167.49,167.49,167.49,30.0,30.0,30.0,5,5,123.17073
2026-09-02 06:36:23,936147,4055094,Total Kills Over/Under 24.5 in Game 3?,total_kills,3,2026-09-02 08:00:00,83.6,Under,55368970242395556386896319902906582248387755687561050449261077374383461775588,0.22,0.33,0.275,0.11,8.09,8.09,8.09,82.57,82.57,82.57,5,5,123.17073
2026-09-02 06:36:23,936147,4055095,Total Kills Over/Under 24.5 in Game 2?,total_kills,2,2026-09-02 08:00:00,83.6,Over,89070087442125703399649573813340602678009036476143503524794827166960613745678,0.69,0.74,0.715,0.05,157.96,162.13,162.13,148.0,165.24,172.02,6,6,121.42857
2026-09-02 06:36:23,936147,4055095,Total Kills Over/Under 24.5 in Game 2?,total_kills,2,2026-09-02 08:00:00,83.6,Under,99662990254382299993439618179836862401378421343854774850808929203233884338029,0.26,0.31,0.285,0.05,52.0,57.15,59.06,70.97,73.11,73.11,6,6,121.42857
2026-09-02 06:36:23,936147,4055096,Total Kills Over/Under 24.5 in Game 1?,total_kills,1,2026-09-02 08:00:00,83.6,Over,70576898803566127666107944114399469021804224373235543306362698958964445128829,0.68,0.76,0.72,0.08,153.87,153.87,153.87,36.48,50.99,50.99,6,6,125.769953
2026-09-02 06:36:23,936147,4055096,Total Kills Over/Under 24.5 in Game 1?,total_kills,1,2026-09-02 08:00:00,83.6,Under,36403691426434302394786586218755871489976678966422192558513810298433439047497,0.24,0.32,0.28,0.08,11.52,15.61,15.61,72.41,72.41,72.41,6,6,125.769953
2026-09-02 06:36:23,936147,4059386,Total Kills Over/Under 30.5 in Game 1?,total_kills,1,2026-09-02 08:00:00,83.6,Over,27563047472284349159145124070497736444752851592398947811153508318500279378284,0.38,0.43,0.405,0.05,2.39,2.39,2.39,133.15,133.15,2483.15,6,6,526.670255
2026-09-02 06:36:23,936147,4059386,Total Kills Over/Under 30.5 in Game 1?,total_kills,1,2026-09-02 08:00:00,83.6,Under,103806489000291695503284220898756155085098642314498145055405923981803690742938,0.57,0.62,0.595,0.05,169.52,169.52,2819.52,3.89,3.89,3.89,6,6,526.670255
2026-09-02 06:36:23,936147,4059387,Total Kills Over/Under 30.5 in Game 2?,total_kills,2,2026-09-02 08:00:00,83.6,Over,250960629603093735033332993997821567495732901004711577017014896526444517552,0.35,0.43,0.39,0.08,700.0,700.0,700.0,86.0,99.8,2079.49,7,8,858.1854619999999
2026-09-02 06:36:23,936147,4059387,Total Kills Over/Under 30.5 in Game 2?,total_kills,2,2026-09-02 08:00:00,83.6,Under,48381236362340560053851779496224028346112141678610455464569321577481897653475,0.57,0.65,0.61,0.08,114.0,130.2,2362.46,1300.0,1300.0,1300.0,8,7,858.1854619999999
2026-09-02 06:36:23,936147,4059389,Total Kills Over/Under 30.5 in Game 4?,total_kills,4,2026-09-02 08:00:00,83.6,Over,38530469248668392139381861431814913862781782593421421431190604075800209612127,0.26,,,,50.54,50.54,50.54,0.0,0.0,0.0,6,0,305.8002
2026-09-02 06:36:23,936147,4059389,Total Kills Over/Under 30.5 in Game 4?,total_kills,4,2026-09-02 08:00:00,83.6,Under,100893473430155116004655675892784973889071738137065348904718068135586115562931,,0.74,,,0.0,0.0,0.0,147.68,147.68,147.68,0,6,305.8002
2026-09-02 06:36:23,936147,4059388,Total Kills Over/Under 30.5 in Game 3?,total_kills,3,2026-09-02 08:00:00,83.6,Over,80955956645851227563872338523728413776626690764104558653678938481490121865495,0.35,0.44,0.395,0.09,742.35,742.35,742.35,88.0,2272.82,2272.82,5,5,432.236315
2026-09-02 06:36:23,936147,4059388,Total Kills Over/Under 30.5 in Game 3?,total_kills,3,2026-09-02 08:00:00,83.6,Under,5748869005347059788849380089240844382658411548108429750418420986444868563514,0.56,0.65,0.605,0.09,112.0,2575.85,2575.85,1378.65,1378.65,1378.65,5,5,432.236315
2026-09-02 06:42:16,936147,4000244,LoL: Hanwha Life Esports vs T1 - Game 1 Winner,map,1,2026-09-02 08:00:00,77.7,Hanwha Life Esports,10734641664948630564119188299000087308360542360331775061020614529623331903474,0.59,0.6,0.595,0.01,19086.77,34299.99,42294.53,7995.75,19362.04,20278.29,32,22,46908.19646400001
2026-09-02 06:42:16,936147,4000244,LoL: Hanwha Life Esports vs T1 - Game 1 Winner,map,1,2026-09-02 08:00:00,77.7,T1,9094132034109894688217527755278872327846224632546120485727243231953736941529,0.4,0.41,0.405,0.01,5280.05,12111.67,12620.42,13307.77,25044.61,31619.25,22,32,46908.19646400001
2026-09-02 06:42:16,936147,4000245,LoL: Hanwha Life Esports vs T1 - Game 2 Winner,map,2,2026-09-02 08:00:00,77.7,Hanwha Life Esports,94843214769480383766507322942929739937927603798324353905843922528772735706377,0.57,0.58,0.575,0.01,2569.91,6520.15,10825.75,314.23,11828.44,18266.58,22,22,418.06119
2026-09-02 06:42:16,936147,4000245,LoL: Hanwha Life Esports vs T1 - Game 2 Winner,map,2,2026-09-02 08:00:00,77.7,T1,35453714793284653962184719425495820838338551092982505677958700922100536194952,0.42,0.43,0.425,0.01,220.47,7777.81,11600.13,1981.01,5239.25,9078.65,22,22,418.06119
2026-09-02 06:42:16,936147,4000246,LoL: Hanwha Life Esports vs T1 - Game 3 Winner,map,3,2026-09-02 08:00:00,77.7,Hanwha Life Esports,82037966500134222625616994256887508972151143645499372020158235428006475330639,0.58,0.59,0.585,0.01,1547.66,5971.61,10548.02,1652.98,8256.85,13727.05,23,22,792.9544689999999
2026-09-02 06:42:16,936147,4000246,LoL: Hanwha Life Esports vs T1 - Game 3 Winner,map,3,2026-09-02 08:00:00,77.7,T1,108991451262166710988960567529218336671208754468579999539092984751820670537254,0.41,0.42,0.415,0.01,1112.31,5276.88,8471.68,1147.91,4731.13,8762.6,22,23,792.9544689999999
2026-09-02 06:42:16,936147,4000247,LoL: Hanwha Life Esports vs T1 - Game 4 Winner,map,4,2026-09-02 08:00:00,77.7,Hanwha Life Esports,27185823859237477385754211221130737493942244739337847080115422256098738912468,0.56,0.57,0.565,0.01,139.96,145.26,145.26,11611.72,12779.51,12779.51,16,16,41.36
2026-09-02 06:42:16,936147,4000247,LoL: Hanwha Life Esports vs T1 - Game 4 Winner,map,4,2026-09-02 08:00:00,77.7,T1,43792453713203242020422589829133156049817281040504463852728066738713044326183,0.43,0.44,0.435,0.01,8408.84,9220.35,9220.35,109.97,114.67,114.67,16,16,41.36
2026-09-02 06:42:16,936147,4000248,LoL: Hanwha Life Esports vs T1 (BO5) - LCK Playoffs,series,,2026-09-02 08:00:00,77.7,Hanwha Life Esports,17602226504684346368510501060478122888791385343970378097785516838620659389931,0.64,0.65,0.645,0.01,132990.23,148806.94,156200.34,111866.61,135235.73,143274.75,43,25,369716.82241599984
2026-09-02 06:42:16,936147,4000248,LoL: Hanwha Life Esports vs T1 (BO5) - LCK Playoffs,series,,2026-09-02 08:00:00,77.7,T1,42819687634672881483617510271698078404051708570906741617482740253212535042722,0.35,0.36,0.355,0.01,58244.05,69616.58,73169.7,76518.55,86371.24,91304.84,25,43,369716.82241599984
2026-09-02 06:42:16,936147,4000249,Games Total: O/U 3.5,total_games,,2026-09-02 08:00:00,77.7,Over,80317462208036634370611667592517910559057172613751725938330061477906689644871,0.73,0.74,0.735,0.01,799.92,23801.15,24059.7,28149.38,34958.44,36544.04,32,14,16619.372481
2026-09-02 06:42:16,936147,4000249,Games Total: O/U 3.5,total_games,,2026-09-02 08:00:00,77.7,Under,32337683298076683289688582842018186880600108799426881067326201389847076015253,0.26,0.27,0.265,0.01,9512.84,11618.78,12053.18,296.0,10124.84,10241.64,14,32,16619.372481
2026-09-02 06:42:16,936147,4000250,Games Total: O/U 4.5,total_games,,2026-09-02 08:00:00,77.7,Over,67028205767593121936564281252261131409439995798362533668702004769898532565964,0.34,0.35,0.345,0.01,2813.67,4568.65,12174.65,3049.89,4065.39,5475.59,19,19,3462.6327469999997
2026-09-02 06:42:16,936147,4000250,Games Total: O/U 4.5,total_games,,2026-09-02 08:00:00,77.7,Under,111556133117845474158087232516235709277283000020725048691506879574040151376855,0.65,0.66,0.655,0.01,5622.91,7333.57,9526.68,5632.72,9463.45,27377.45,19,19,3462.6327469999997
2026-09-02 06:42:16,936147,4000251,Game Handicap: HLE (-1.5) vs T1 (+1.5),handicap,,2026-09-02 08:00:00,77.7,Hanwha Life Esports,10493141932962614934205140811035465300295049925312106570287434531813044973483,0.44,0.45,0.445,0.01,9468.72,18152.22,18942.22,21833.05,47056.05,50398.78,20,26,65017.30840600001
2026-09-02 06:42:16,936147,4000251,Game Handicap: HLE (-1.5) vs T1 (+1.5),handicap,,2026-09-02 08:00:00,77.7,T1,29009672247611046844750391779148532624046214593989504759848221828337202221082,0.55,0.56,0.555,0.01,26013.18,54448.84,57902.45,12290.43,24575.07,25785.07,26,20,65017.30840600001
2026-09-02 06:42:16,936147,4000252,Game Handicap: HLE (-2.5) vs T1 (+2.5),handicap,,2026-09-02 08:00:00,77.7,Hanwha Life Esports,102345138897645643338528677118468766881362327402363406508705558284865003191841,0.2,0.21,0.205,0.01,159.73,2144.56,5686.56,5601.07,11440.6,12870.6,16,25,4345.873283000002
2026-09-02 06:42:16,936147,4000252,Game Handicap: HLE (-2.5) vs T1 (+2.5),handicap,,2026-09-02 08:00:00,77.7,T1,76305669832292268029604931991271246661418893929410638142532260939620551316786,0.79,0.8,0.795,0.01,19893.17,39440.97,43510.97,644.04,9997.13,28655.13,25,16,4345.873283000002
2026-09-02 06:42:16,936147,4000253,Game 1: Both Teams Slay Baron Nashor?,prop,1,2026-09-02 08:00:00,77.7,Yes,93146086577102256204298678979505953849078074539389252153335299070591798600887,0.07,0.98,0.525,0.91,1.95,1.95,2.07,116.61,116.61,116.61,4,2,
2026-09-02 06:42:16,936147,4000253,Game 1: Both Teams Slay Baron Nashor?,prop,1,2026-09-02 08:00:00,77.7,No,62397396836471728045186329952381396277894364048690199148787370308406079873504,0.02,0.93,0.475,0.91,1.38,1.38,1.38,29.53,29.53,35.23,2,4,
2026-09-02 06:42:16,936147,4000254,Game 1: Both Teams Slay a Dragon?,prop,1,2026-09-02 08:00:00,77.7,Yes,38524487372856719802058239041752978100838775077444134383580158056000817208489,0.02,0.92,0.47,0.9,1.28,1.28,1.28,13.9,13.9,13.9,2,4,
2026-09-02 06:42:16,936147,4000254,Game 1: Both Teams Slay a Dragon?,prop,1,2026-09-02 08:00:00,77.7,No,15204516028080642533081196459812008766087030818357039258317298224193212619102,0.08,0.98,0.53,0.9,1.1,1.1,1.1,116.7,116.7,116.7,4,2,
2026-09-02 06:42:16,936147,4000255,Game 1: Both Teams Destroy Inhibitors?,prop,1,2026-09-02 08:00:00,77.7,Yes,53326448950994422414452555514016403317591022200780864858814246245395755848871,0.07,0.97,0.52,0.9,1.05,1.05,1.05,21.16,108.31,108.31,3,3,
2026-09-02 06:42:16,936147,4000255,Game 1: Both Teams Destroy Inhibitors?,prop,1,2026-09-02 08:00:00,77.7,No,34007568137061088623455577434729876802246079637640607021932381235812612134452,0.03,0.93,0.48,0.9,0.5,1.38,1.38,15.43,15.43,15.43,3,3,
2026-09-02 06:42:16,936147,4000256,Game 1: Any Player Quadra Kill?,prop,1,2026-09-02 08:00:00,77.7,Yes,22474955096840959331217225348561101760744235175341307948306551935778821508463,0.04,0.49,0.265,0.45,176.0,176.2,176.2,200.11,200.11,200.11,2,3,
2026-09-02 06:42:16,936147,4000256,Game 1: Any Player Quadra Kill?,prop,1,2026-09-02 08:00:00,77.7,No,70010116755066730675945204508545288178944029331833502803576435564774033662176,0.51,0.96,0.735,0.45,201.1,201.1,201.1,4224.0,4243.8,4243.8,3,2,
2026-09-02 06:42:16,936147,4000257,Game 1: Any Player Penta Kill?,prop,1,2026-09-02 08:00:00,77.7,Yes,32392061463244664374011371719265930175195324793425576808866777706255798484197,0.01,0.14,0.075,0.13,176.2,176.2,176.2,3.97,3.97,3.97,1,7,
2026-09-02 06:42:16,936147,4000257,Game 1: Any Player Penta Kill?,prop,1,2026-09-02 08:00:00,77.7,No,77640614084664768219957861274368510980436867180076340853011873020180879444145,0.86,0.99,0.925,0.13,24.03,24.03,24.03,17443.8,17443.8,17443.8,7,1,
2026-09-02 06:42:16,936147,4000258,Game 1: Odd/Even Total Kills?,odd_even,1,2026-09-02 08:00:00,77.7,Odd,108827565179165251510087675872073156578050684689138105722270806193090503838530,0.49,0.51,0.5,0.02,105.76,110.46,395.07,115.17,115.17,463.04,5,4,
2026-09-02 06:42:16,936147,4000258,Game 1: Odd/Even Total Kills?,odd_even,1,2026-09-02 08:00:00,77.7,Even,7301611815750266505212013035576664627539129145219944939954043282024608538667,0.49,0.51,0.5,0.02,110.66,110.66,395.27,110.07,115.37,463.24,4,5,
2026-09-02 06:42:16,936147,4000259,Game 2: Both Teams Slay Baron Nashor?,prop,2,2026-09-02 08:00:00,77.7,Yes,26580941611231775497434268916596647138639915367438578117383630553602803147665,0.02,0.98,0.5,0.96,1.28,1.28,1.28,116.71,116.71,116.71,2,2,
2026-09-02 06:42:16,936147,4000259,Game 2: Both Teams Slay Baron Nashor?,prop,2,2026-09-02 08:00:00,77.7,No,100795195782021149211222639897723696752492161528664336793375063544818455196843,0.02,0.98,0.5,0.96,1.28,1.28,1.28,116.72,116.72,116.72,2,2,
2026-09-02 06:42:16,936147,4000260,Game 2: Both Teams Slay a Dragon?,prop,2,2026-09-02 08:00:00,77.7,Yes,7647165211636560008480877295863658589900544927319086094514582071550471788190,0.02,0.98,0.5,0.96,1.28,1.28,1.28,116.72,116.72,116.72,2,2,
2026-09-02 06:42:16,936147,4000260,Game 2: Both Teams Slay a Dragon?,prop,2,2026-09-02 08:00:00,77.7,No,38312652442522943276833285095228363825405853198565948971681938085472588119443,0.02,0.98,0.5,0.96,1.28,1.28,1.28,116.72,116.72,116.72,2,2,
2026-09-02 06:42:16,936147,4000261,Game 2: Both Teams Destroy Inhibitors?,prop,2,2026-09-02 08:00:00,77.7,Yes,77459052452756213722987039745546396756742907735368245858946392762245699388078,0.02,0.92,0.47,0.9,1.28,1.28,1.28,14.6,14.6,14.6,2,3,
2026-09-02 06:42:16,936147,4000261,Game 2: Both Teams Destroy Inhibitors?,prop,2,2026-09-02 08:00:00,77.7,No,42982741775104988732603152913859566937731426765614068324359357599623861430770,0.08,0.98,0.53,0.9,1.16,1.16,1.16,116.72,116.72,116.72,3,2,
2026-09-02 06:42:16,936147,4000262,Game 2: Any Player Quadra Kill?,prop,2,2026-09-02 08:00:00,77.7,Yes,23114827239613606199039909863609846703766555028821666365191768631882396210122,0.04,0.49,0.265,0.45,176.0,176.2,176.2,200.11,200.11,200.11,2,3,
2026-09-02 06:42:16,936147,4000262,Game 2: Any Player Quadra Kill?,prop,2,2026-09-02 08:00:00,77.7,No,34882982611710593206012495650602357875797866389249437605106387682496237435474,0.51,0.96,0.735,0.45,201.1,201.1,201.1,4224.0,4243.8,4243.8,3,2,
2026-09-02 06:42:16,936147,4000263,Game 2: Any Player Penta Kill?,prop,2,2026-09-02 08:00:00,77.7,Yes,89851463602513363280889458150548056901497390671549082559791975153304669274722,0.01,0.14,0.075,0.13,176.2,176.2,176.2,6.75,6.75,6.75,1,5,
2026-09-02 06:42:16,936147,4000263,Game 2: Any Player Penta Kill?,prop,2,2026-09-02 08:00:00,77.7,No,76657167681598317018276771830467170760474532730191942904005791001648898016932,0.86,0.99,0.925,0.13,39.77,39.77,39.77,17443.8,17443.8,17443.8,5,1,
2026-09-02 06:42:16,936147,4000264,Game 2: Odd/Even Total Kills?,odd_even,2,2026-09-02 08:00:00,77.7,Odd,19926948821479151314149954395913489860320517308762150293129985004501391652978,0.49,0.51,0.5,0.02,110.56,110.56,395.17,110.07,110.07,457.94,5,5,
2026-09-02 06:42:16,936147,4000264,Game 2: Odd/Even Total Kills?,odd_even,2,2026-09-02 08:00:00,77.7,Even,17406923566277180510326582743311914999596667583010759580438423117266479779042,0.49,0.51,0.5,0.02,105.76,105.76,390.37,115.27,115.27,463.14,5,5,
2026-09-02 06:42:16,936147,4000265,Game 3: Both Teams Slay Baron Nashor?,prop,3,2026-09-02 08:00:00,77.7,Yes,72898465988016784668140978566035896190823170737719888998748173305878130784604,0.02,0.92,0.47,0.9,1.28,1.28,1.28,14.6,14.6,14.6,2,3,
2026-09-02 06:42:16,936147,4000265,Game 3: Both Teams Slay Baron Nashor?,prop,3,2026-09-02 08:00:00,77.7,No,61259761980766796434812314349518047220625334534850126709327053650372878721670,0.08,0.98,0.53,0.9,1.16,1.16,1.16,116.72,116.72,116.72,3,2,
2026-09-02 06:42:16,936147,4000266,Game 3: Both Teams Slay a Dragon?,prop,3,2026-09-02 08:00:00,77.7,Yes,29016659931195283658010080437169080773576593221502697360172267529196401779876,0.08,0.97,0.525,0.89,1.11,1.11,1.11,21.17,108.27,108.27,3,3,
2026-09-02 06:42:16,936147,4000266,Game 3: Both Teams Slay a Dragon?,prop,3,2026-09-02 08:00:00,77.7,No,52507303645384853045196468877499699191744879457368034686349865378835646923976,0.03,0.92,0.475,0.89,0.5,1.38,1.38,14.02,14.02,14.02,3,3,
2026-09-02 06:42:16,936147,4000267,Game 3: Both Teams Destroy Inhibitors?,prop,3,2026-09-02 08:00:00,77.7,Yes,52838954315541697946222845860350452741407966206108720498751207436944088637555,0.02,0.97,0.495,0.95,1.28,1.28,1.28,15.96,113.92,113.92,2,3,
2026-09-02 06:42:16,936147,4000267,Game 3: Both Teams Destroy Inhibitors?,prop,3,2026-09-02 08:00:00,77.7,No,93441612593317368859448449646562250985004074665722706329348452699701514031784,0.03,0.98,0.505,0.95,0.39,1.38,1.38,116.72,116.72,116.72,3,2,
2026-09-02 06:42:16,936147,4000268,Game 3: Any Player Quadra Kill?,prop,3,2026-09-02 08:00:00,77.7,Yes,38020405566695788965357251388580004323154327078778903318213145141050275756230,0.04,0.49,0.265,0.45,176.0,176.2,176.2,200.11,200.11,200.11,2,3,
2026-09-02 06:42:16,936147,4000268,Game 3: Any Player Quadra Kill?,prop,3,2026-09-02 08:00:00,77.7,No,28597079920160132826239354664061191026796075799515942859737365191978222948485,0.51,0.96,0.735,0.45,201.1,201.1,201.1,4224.0,4243.8,4243.8,3,2,
2026-09-02 06:42:16,936147,4000269,Game 3: Any Player Penta Kill?,prop,3,2026-09-02 08:00:00,77.7,Yes,25818450087468056279221103871364684091155449026608761409094787974585674423410,0.01,0.31,0.16,0.3,176.2,176.2,176.2,15.39,18.79,18.79,1,5,
2026-09-02 06:42:16,936147,4000269,Game 3: Any Player Penta Kill?,prop,3,2026-09-02 08:00:00,77.7,No,64211900886481376166420643612395215537917925498332191046420283524442916982158,0.69,0.99,0.84,0.3,33.61,40.21,40.21,17443.8,17443.8,17443.8,5,1,
2026-09-02 06:42:16,936147,4000270,Game 3: Odd/Even Total Kills?,odd_even,3,2026-09-02 08:00:00,77.7,Odd,15654742314760403571803525417370265516875090435320723584018977422757338284070,0.49,0.51,0.5,0.02,105.76,105.76,390.37,115.17,115.17,463.04,5,4,
2026-09-02 06:42:16,936147,4000270,Game 3: Odd/Even Total Kills?,odd_even,3,2026-09-02 08:00:00,77.7,Even,104857101644586659489302816521904903492103117744635602743997701460522299917261,0.49,0.51,0.5,0.02,110.66,110.66,395.27,110.07,110.07,457.94,4,5,
2026-09-02 06:42:16,936147,4000271,Game 4: Both Teams Slay Baron Nashor?,prop,4,2026-09-02 08:00:00,77.7,Yes,62356408012604828982178064882292340995533506140242027840256196017857030363017,0.08,0.98,0.53,0.9,1.33,178.08,178.08,116.7,116.7,116.7,6,2,
2026-09-02 06:42:16,936147,4000271,Game 4: Both Teams Slay Baron Nashor?,prop,4,2026-09-02 08:00:00,77.7,No,91788636055428683920593421680640488891536883071261256377394394977967840429645,0.02,0.92,0.47,0.9,1.28,1.28,1.28,16.28,2787.86,2787.86,2,6,
2026-09-02 06:42:16,936147,4000272,Game 4: Both Teams Slay a Dragon?,prop,4,2026-09-02 08:00:00,77.7,Yes,83203584164114158027263022883878642041746836654633144827555848117337293604207,0.02,0.8,0.41,0.78,1.11,1.11,1.11,724.0,724.0,724.0,2,4,
2026-09-02 06:42:16,936147,4000272,Game 4: Both Teams Slay a Dragon?,prop,4,2026-09-02 08:00:00,77.7,No,82053351462248981559153275457047015911859357018207289862363439393992037932129,0.2,0.98,0.59,0.78,181.0,181.0,181.0,100.07,100.07,100.07,4,2,
2026-09-02 06:42:16,936147,4000273,Game 4: Both Teams Destroy Inhibitors?,prop,4,2026-09-02 08:00:00,77.7,Yes,14826823168300530105843175396594851843132589180193264039518519229938686751123,0.05,0.98,0.515,0.93,176.97,177.14,177.58,116.69,116.69,116.69,4,2,
2026-09-02 06:42:16,936147,4000273,Game 4: Both Teams Destroy Inhibitors?,prop,4,2026-09-02 08:00:00,77.7,No,4642309791893536667792231855163585184601093249526876723384717111754720262130,0.02,0.95,0.485,0.93,1.28,1.28,1.28,4244.41,4252.93,4296.2,2,4,
2026-09-02 06:42:16,936147,4000274,Game 4: Any Player Quadra Kill?,prop,4,2026-09-02 08:00:00,77.7,Yes,13041789329235213382067252372510043708510064265822781385156997562156671755813,0.04,0.99,0.515,0.95,176.0,176.2,176.2,19.8,19.8,19.8,2,1,
2026-09-02 06:42:16,936147,4000274,Game 4: Any Player Quadra Kill?,prop,4,2026-09-02 08:00:00,77.7,No,61906078143322210428853001145404023129978821493304810408028713073041212560729,0.01,0.96,0.485,0.95,0.2,0.2,0.2,4224.0,4243.8,4243.8,1,2,
2026-09-02 06:42:16,936147,4000275,Game 4: Any Player Penta Kill?,prop,4,2026-09-02 08:00:00,77.7,Yes,32432357688111543882377174835903355401662311457669476969295888963199694824422,0.01,0.99,0.5,0.98,176.2,176.2,176.2,19.8,19.8,19.8,1,1,
2026-09-02 06:42:16,936147,4000275,Game 4: Any Player Penta Kill?,prop,4,2026-09-02 08:00:00,77.7,No,4617799256852857197864126938133010426073689697060245242862641752640679129341,0.01,0.99,0.5,0.98,0.2,0.2,0.2,17443.8,17443.8,17443.8,1,1,
2026-09-02 06:42:16,936147,4000276,Game 4: Odd/Even Total Kills?,odd_even,4,2026-09-02 08:00:00,77.7,Odd,82445579597676482715334501121107741150121968755312650663555776789237825622300,0.49,0.51,0.5,0.02,110.56,110.56,395.17,110.07,115.47,463.34,6,5,
2026-09-02 06:42:16,936147,4000276,Game 4: Odd/Even Total Kills?,odd_even,4,2026-09-02 08:00:00,77.7,Even,59910329812851235339134266389493787978247416660833129937616581052783787806167,0.49,0.51,0.5,0.02,105.76,110.36,394.97,115.27,115.27,463.14,5,6,
2026-09-02 06:42:16,936147,4000277,Game 5: Both Teams Slay Baron Nashor?,prop,5,2026-09-02 08:00:00,77.7,Yes,77066018604040233379350338588590607299672009487600977752104134984252506121329,0.08,0.98,0.53,0.9,0.8,176.8,176.8,116.7,116.7,116.7,3,2,
2026-09-02 06:42:16,936147,4000277,Game 5: Both Teams Slay Baron Nashor?,prop,5,2026-09-02 08:00:00,77.7,No,113061198307446667308409918664161274242165665872982030214940590114781938909980,0.02,0.92,0.47,0.9,1.28,1.28,1.28,9.2,2766.53,2766.53,2,3,
2026-09-02 06:42:16,936147,4000278,Game 5: Both Teams Slay a Dragon?,prop,5,2026-09-02 08:00:00,77.7,Yes,50386225583647348218613825701655315521963805588620670730405925093860797793941,0.02,0.8,0.41,0.78,1.28,1.28,1.28,724.0,724.0,724.0,2,4,
2026-09-02 06:42:16,936147,4000278,Game 5: Both Teams Slay a Dragon?,prop,5,2026-09-02 08:00:00,77.7,No,65958101632974750482890282331167872972565380466300029511943073805016369825775,0.2,0.98,0.59,0.78,181.0,181.0,181.0,116.71,116.71,116.71,4,2,
2026-09-02 06:42:16,936147,4000279,Game 5: Both Teams Destroy Inhibitors?,prop,5,2026-09-02 08:00:00,77.7,Yes,60691868901076204506867129421738065547322249199404378327558804806221191518482,0.05,0.97,0.51,0.92,176.97,177.1,177.58,21.16,108.29,108.29,4,3,
2026-09-02 06:42:16,936147,4000279,Game 5: Both Teams Destroy Inhibitors?,prop,5,2026-09-02 08:00:00,77.7,No,107034670060567856747157098300876215376953838511509290890193796534679888290723,0.03,0.95,0.49,0.92,0.5,1.38,1.38,4244.41,4250.67,4298.5,3,4,
2026-09-02 06:42:16,936147,4000280,Game 5: Any Player Quadra Kill?,prop,5,2026-09-02 08:00:00,77.7,Yes,37622554544210168597016813527601142861708502761444229672227664382988517507012,0.04,0.99,0.515,0.95,176.0,176.2,176.2,19.8,19.8,19.8,2,1,
2026-09-02 06:42:16,936147,4000280,Game 5: Any Player Quadra Kill?,prop,5,2026-09-02 08:00:00,77.7,No,101771071393268507976536828407881635603923230098768507605348504845564201246418,0.01,0.96,0.485,0.95,0.2,0.2,0.2,4224.0,4243.8,4243.8,1,2,
2026-09-02 06:42:16,936147,4000281,Game 5: Any Player Penta Kill?,prop,5,2026-09-02 08:00:00,77.7,Yes,81884775513417691672953009208263232746237849336120942457457532759198344325709,0.29,0.99,0.64,0.7,4.25,4.25,4.25,19.8,19.8,19.8,4,1,
2026-09-02 06:42:16,936147,4000281,Game 5: Any Player Penta Kill?,prop,5,2026-09-02 08:00:00,77.7,No,72962711808804327573383515612746519999121753888127582650328110970406725796328,0.01,0.71,0.36,0.7,0.2,0.2,0.2,10.75,10.75,10.75,1,4,
2026-09-02 06:42:16,936147,4000282,Game 5: Odd/Even Total Kills?,odd_even,5,2026-09-02 08:00:00,77.7,Odd,63563863948193257516939853810980814506303010879650466407377239673922979120326,0.49,0.51,0.5,0.02,105.76,105.76,390.37,115.17,115.17,463.04,5,4,
2026-09-02 06:42:16,936147,4000282,Game 5: Odd/Even Total Kills?,odd_even,5,2026-09-02 08:00:00,77.7,Even,31397966625285258767459017025370175525895361521471797809472815622525603577625,0.49,0.51,0.5,0.02,110.66,110.66,395.27,110.07,110.07,457.94,4,5,
2026-09-02 06:42:16,936147,4055085,First Blood in Game 3?,first_blood,3,2026-09-02 08:00:00,77.7,Hanwha Life Esports,6451594758063050554390912016674836600356185004196255157849974731344110647386,0.02,0.98,0.5,0.96,1.18,1.18,1.18,111.82,111.82,111.82,2,2,
2026-09-02 06:42:16,936147,4055085,First Blood in Game 3?,first_blood,3,2026-09-02 08:00:00,77.7,T1,111671302443544193400921226285483470020924072924889955867898625329207475298195,0.02,0.98,0.5,0.96,1.18,1.18,1.18,111.82,111.82,111.82,2,2,
2026-09-02 06:42:16,936147,4055087,First Blood in Game 4?,first_blood,4,2026-09-02 08:00:00,77.7,Hanwha Life Esports,44456964354108569655867710024564302868904938042276290336260913514858184823376,0.02,0.98,0.5,0.96,1.18,1.18,1.18,111.17,111.17,111.17,2,2,
2026-09-02 06:42:16,936147,4055087,First Blood in Game 4?,first_blood,4,2026-09-02 08:00:00,77.7,T1,76518710650883538954404102697795011890927096984046628336172266898783561358704,0.02,0.98,0.5,0.96,1.18,1.18,1.18,111.82,111.82,111.82,2,2,
2026-09-02 06:42:16,936147,4055086,First Blood in Game 2?,first_blood,2,2026-09-02 08:00:00,77.7,Hanwha Life Esports,35223590030147782354795494036844700343050892452741564936833152758460370456534,0.02,0.98,0.5,0.96,1.18,1.18,1.18,111.82,111.82,111.82,2,2,
2026-09-02 06:42:16,936147,4055086,First Blood in Game 2?,first_blood,2,2026-09-02 08:00:00,77.7,T1,106973616542563433069735706581115924011405901433670876316339191848137336057195,0.02,0.98,0.5,0.96,1.18,1.18,1.18,109.46,109.46,109.46,2,2,
2026-09-02 06:42:16,936147,4055088,First Blood in Game 1?,first_blood,1,2026-09-02 08:00:00,77.7,Hanwha Life Esports,6734115328655613916670197138642585102833552985709517992186776949945439452651,0.5,0.97,0.735,0.47,305.2,305.2,305.2,423.64,461.65,461.65,4,3,
2026-09-02 06:42:16,936147,4055088,First Blood in Game 1?,first_blood,1,2026-09-02 08:00:00,77.7,T1,46791261602673605151459395071771041257748824118660002290919023281937929398557,0.03,0.5,0.265,0.47,8.88,9.27,9.27,305.3,305.3,305.3,3,4,
2026-09-02 06:42:16,936147,4055089,Total Kills Over/Under 27.5 in Game 3?,total_kills,3,2026-09-02 08:00:00,77.7,Over,50616430506705087897681647196718146017577716130384022997173216917826703310026,0.57,0.58,0.575,0.01,864.25,867.47,867.47,250.51,1653.29,1653.29,26,14,6155.792965999999
2026-09-02 06:42:16,936147,4055089,Total Kills Over/Under 27.5 in Game 3?,total_kills,3,2026-09-02 08:00:00,77.7,Under,55550770098276678307197609580896886259143674423848398992865344330286825227241,0.42,0.43,0.425,0.01,180.97,1116.16,1116.16,678.87,681.51,681.51,14,26,6155.792965999999
2026-09-02 06:42:16,936147,4055090,Total Kills Over/Under 24.5 in Game 4?,total_kills,4,2026-09-02 08:00:00,77.7,Over,50937948202535216666099489933019249094813003234790028978062979140763968241350,0.5,0.98,0.74,0.48,56.02,56.02,56.02,119.15,119.15,119.15,3,2,
2026-09-02 06:42:16,936147,4055090,Total Kills Over/Under 24.5 in Game 4?,total_kills,4,2026-09-02 08:00:00,77.7,Under,82790280916601472675958827250914597214041032387568744996207353240021196821931,0.02,0.5,0.26,0.48,1.27,1.27,1.27,56.15,56.15,56.15,2,3,
2026-09-02 06:42:16,936147,4055092,Total Kills Over/Under 27.5 in Game 1?,total_kills,1,2026-09-02 08:00:00,77.7,Over,114058681503214293966788885801573541974530629733277803804341358373124587463134,0.54,0.59,0.565,0.05,187.61,187.61,199.86,2430.65,2430.65,2430.65,23,13,5944.363414
2026-09-02 06:42:16,936147,4055092,Total Kills Over/Under 27.5 in Game 1?,total_kills,1,2026-09-02 08:00:00,77.7,Under,21408934269837174665866968434746455120787958707568100175761023291654701885732,0.41,0.46,0.435,0.05,1631.54,1631.54,1631.54,160.21,160.21,172.96,13,23,5944.363414
2026-09-02 06:42:16,936147,4055091,Total Kills Over/Under 27.5 in Game 2?,total_kills,2,2026-09-02 08:00:00,77.7,Over,29572624698451375099490457589006933490436512891007706168731140171251928387948,0.52,0.57,0.545,0.05,1279.99,2352.7,2352.7,354.62,369.62,1744.38,19,16,5008.826838
2026-09-02 06:42:16,936147,4055091,Total Kills Over/Under 27.5 in Game 2?,total_kills,2,2026-09-02 08:00:00,77.7,Under,12802913080296758871246561850481235290764757727562319189118152924456489918965,0.43,0.48,0.455,0.05,260.38,270.38,1149.32,1228.82,2301.53,2301.53,16,19,5008.826838
2026-09-02 06:42:16,936147,4055093,Total Kills Over/Under 27.5 in Game 4?,total_kills,4,2026-09-02 08:00:00,77.7,Over,44684731289280816949050731630888842831358234224068234967091902258366469917544,0.4,0.58,0.49,0.18,32.0,32.0,32.0,232.0,232.0,232.0,4,4,
2026-09-02 06:42:16,936147,4055093,Total Kills Over/Under 27.5 in Game 4?,total_kills,4,2026-09-02 08:00:00,77.7,Under,18586723199912527744436187003870377599099726122064196226794794950393327684565,0.42,0.6,0.51,0.18,168.0,168.0,168.0,48.0,48.0,48.0,4,4,
2026-09-02 06:42:16,936147,4055094,Total Kills Over/Under 24.5 in Game 3?,total_kills,3,2026-09-02 08:00:00,77.7,Over,60419029194322599109502232725144838069075057110504558087907518068397627928602,0.67,0.75,0.71,0.08,167.49,167.49,167.49,153.84,157.76,172.81,5,7,123.17073
2026-09-02 06:42:16,936147,4055094,Total Kills Over/Under 24.5 in Game 3?,total_kills,3,2026-09-02 08:00:00,77.7,Under,55368970242395556386896319902906582248387755687561050449261077374383461775588,0.25,0.33,0.29,0.08,51.21,52.39,56.39,82.57,82.57,82.57,7,5,123.17073
2026-09-02 06:42:16,936147,4055095,Total Kills Over/Under 24.5 in Game 2?,total_kills,2,2026-09-02 08:00:00,77.7,Over,89070087442125703399649573813340602678009036476143503524794827166960613745678,0.69,0.74,0.715,0.05,161.4,161.4,161.4,148.0,165.24,169.19,6,6,121.42857
2026-09-02 06:42:16,936147,4055095,Total Kills Over/Under 24.5 in Game 2?,total_kills,2,2026-09-02 08:00:00,77.7,Under,99662990254382299993439618179836862401378421343854774850808929203233884338029,0.26,0.31,0.285,0.05,52.0,57.15,58.26,72.59,72.59,72.59,6,6,121.42857
2026-09-02 06:42:16,936147,4055096,Total Kills Over/Under 24.5 in Game 1?,total_kills,1,2026-09-02 08:00:00,77.7,Over,70576898803566127666107944114399469021804224373235543306362698958964445128829,0.68,0.76,0.72,0.08,153.87,153.87,153.87,36.48,50.99,50.99,6,6,125.769953
2026-09-02 06:42:16,936147,4055096,Total Kills Over/Under 24.5 in Game 1?,total_kills,1,2026-09-02 08:00:00,77.7,Under,36403691426434302394786586218755871489976678966422192558513810298433439047497,0.24,0.32,0.28,0.08,11.52,15.61,15.61,72.41,72.41,72.41,6,6,125.769953
2026-09-02 06:42:16,936147,4059386,Total Kills Over/Under 30.5 in Game 1?,total_kills,1,2026-09-02 08:00:00,77.7,Over,27563047472284349159145124070497736444752851592398947811153508318500279378284,0.38,0.43,0.405,0.05,2.39,2.39,2.39,242.8,242.8,2592.8,6,6,526.670255
2026-09-02 06:42:16,936147,4059386,Total Kills Over/Under 30.5 in Game 1?,total_kills,1,2026-09-02 08:00:00,77.7,Under,103806489000291695503284220898756155085098642314498145055405923981803690742938,0.57,0.62,0.595,0.05,314.87,314.87,2964.87,3.89,3.89,3.89,6,6,526.670255
2026-09-02 06:42:16,936147,4059387,Total Kills Over/Under 30.5 in Game 2?,total_kills,2,2026-09-02 08:00:00,77.7,Over,250960629603093735033332993997821567495732901004711577017014896526444517552,0.35,0.43,0.39,0.08,700.0,700.0,700.0,86.0,99.8,2079.49,7,8,858.1854619999999
2026-09-02 06:42:16,936147,4059387,Total Kills Over/Under 30.5 in Game 2?,total_kills,2,2026-09-02 08:00:00,77.7,Under,48381236362340560053851779496224028346112141678610455464569321577481897653475,0.57,0.65,0.61,0.08,114.0,130.2,2362.46,1300.0,1300.0,1300.0,8,7,858.1854619999999
2026-09-02 06:42:16,936147,4059389,Total Kills Over/Under 30.5 in Game 4?,total_kills,4,2026-09-02 08:00:00,77.7,Over,38530469248668392139381861431814913862781782593421421431190604075800209612127,0.26,,,,50.54,50.54,50.54,0.0,0.0,0.0,6,0,305.8002
2026-09-02 06:42:16,936147,4059389,Total Kills Over/Under 30.5 in Game 4?,total_kills,4,2026-09-02 08:00:00,77.7,Under,100893473430155116004655675892784973889071738137065348904718068135586115562931,,0.74,,,0.0,0.0,0.0,147.68,147.68,147.68,0,6,305.8002
2026-09-02 06:42:16,936147,4059388,Total Kills Over/Under 30.5 in Game 3?,total_kills,3,2026-09-02 08:00:00,77.7,Over,80955956645851227563872338523728413776626690764104558653678938481490121865495,0.35,0.44,0.395,0.09,742.35,742.35,742.35,88.0,2272.82,2272.82,5,5,432.236315
2026-09-02 06:42:16,936147,4059388,Total Kills Over/Under 30.5 in Game 3?,total_kills,3,2026-09-02 08:00:00,77.7,Under,5748869005347059788849380089240844382658411548108429750418420986444868563514,0.56,0.65,0.605,0.09,112.0,2575.85,2575.85,1378.65,1378.65,1378.65,5,5,432.236315
2026-09-02 06:48:07,936147,4000244,LoL: Hanwha Life Esports vs T1 - Game 1 Winner,map,1,2026-09-02 08:00:00,71.9,Hanwha Life Esports,10734641664948630564119188299000087308360542360331775061020614529623331903474,0.59,0.6,0.595,0.01,18829.17,34042.39,42036.93,12011.11,20277.4,21193.65,32,22,46908.19646400001
2026-09-02 06:48:07,936147,4000244,LoL: Hanwha Life Esports vs T1 - Game 1 Winner,map,1,2026-09-02 08:00:00,71.9,T1,9094132034109894688217527755278872327846224632546120485727243231953736941529,0.4,0.41,0.405,0.01,7872.69,12804.31,13313.06,13129.34,24866.18,31440.82,22,32,46908.19646400001
2026-09-02 06:48:07,936147,4000245,LoL: Hanwha Life Esports vs T1 - Game 2 Winner,map,2,2026-09-02 08:00:00,71.9,Hanwha Life Esports,94843214769480383766507322942929739937927603798324353905843922528772735706377,0.57,0.58,0.575,0.01,2568.58,6428.19,10733.79,313.73,11827.94,18444.79,22,22,418.06119
2026-09-02 06:48:07,936147,4000245,LoL: Hanwha Life Esports vs T1 - Game 2 Winner,map,2,2026-09-02 08:00:00,71.9,T1,35453714793284653962184719425495820838338551092982505677958700922100536194952,0.42,0.43,0.425,0.01,220.97,7778.31,11710.17,1980.01,5161.42,9000.82,22,22,418.06119
2026-09-02 06:48:07,936147,4000246,LoL: Hanwha Life Esports vs T1 - Game 3 Winner,map,3,2026-09-02 08:00:00,71.9,Hanwha Life Esports,82037966500134222625616994256887508972151143645499372020158235428006475330639,0.58,0.59,0.585,0.01,1546.28,5970.22,10581.19,1652.98,8418.71,13888.91,23,22,792.9544689999999
2026-09-02 06:48:07,936147,4000246,LoL: Hanwha Life Esports vs T1 - Game 3 Winner,map,3,2026-09-02 08:00:00,71.9,T1,108991451262166710988960567529218336671208754468579999539092984751820670537254,0.41,0.42,0.415,0.01,1112.31,5376.09,8570.89,1146.9,4730.13,8791.04,22,23,792.9544689999999
2026-09-02 06:48:07,936147,4000247,LoL: Hanwha Life Esports vs T1 - Game 4 Winner,map,4,2026-09-02 08:00:00,71.9,Hanwha Life Esports,27185823859237477385754211221130737493942244739337847080115422256098738912468,0.56,0.57,0.565,0.01,138.68,143.98,143.98,11611.72,12779.51,12779.51,16,16,41.36
2026-09-02 06:48:07,936147,4000247,LoL: Hanwha Life Esports vs T1 - Game 4 Winner,map,4,2026-09-02 08:00:00,71.9,T1,43792453713203242020422589829133156049817281040504463852728066738713044326183,0.43,0.44,0.435,0.01,8408.84,9220.35,9220.35,108.97,113.67,113.67,16,16,41.36
2026-09-02 06:48:07,936147,4000248,LoL: Hanwha Life Esports vs T1 (BO5) - LCK Playoffs,series,,2026-09-02 08:00:00,71.9,Hanwha Life Esports,17602226504684346368510501060478122888791385343970378097785516838620659389931,0.64,0.65,0.645,0.01,88232.52,104037.04,111430.44,111682.07,128310.77,136003.94,44,24,369716.82241599984
2026-09-02 06:48:07,936147,4000248,LoL: Hanwha Life Esports vs T1 (BO5) - LCK Playoffs,series,,2026-09-02 08:00:00,71.9,T1,42819687634672881483617510271698078404051708570906741617482740253212535042722,0.35,0.36,0.355,0.01,58148.84,66202.29,69541.26,50251.25,60096.13,65029.73,24,44,369716.82241599984
2026-09-02 06:48:07,936147,4000249,Games Total: O/U 3.5,total_games,,2026-09-02 08:00:00,71.9,Over,80317462208036634370611667592517910559057172613751725938330061477906689644871,0.73,0.74,0.735,0.01,799.92,23801.15,24059.7,28051.58,33085.98,36231.58,32,14,16619.372481
2026-09-02 06:48:07,936147,4000249,Games Total: O/U 3.5,total_games,,2026-09-02 08:00:00,71.9,Under,32337683298076683289688582842018186880600108799426881067326201389847076015253,0.26,0.27,0.265,0.01,9477.8,11053.65,11928.05,296.0,10124.84,10241.64,14,32,16619.372481
2026-09-02 06:48:07,936147,4000250,Games Total: O/U 4.5,total_games,,2026-09-02 08:00:00,71.9,Over,67028205767593121936564281252261131409439995798362533668702004769898532565964,0.34,0.35,0.345,0.01,2813.67,4568.65,12169.65,3030.85,4904.06,5534.25,19,20,3462.6327469999997
2026-09-02 06:48:07,936147,4000250,Games Total: O/U 4.5,total_games,,2026-09-02 08:00:00,71.9,Under,111556133117845474158087232516235709277283000020725048691506879574040151376855,0.65,0.66,0.655,0.01,5587.55,8697.61,9670.73,5632.72,9463.45,27382.45,20,19,3462.6327469999997
2026-09-02 06:48:07,936147,4000251,Game Handicap: HLE (-1.5) vs T1 (+1.5),handicap,,2026-09-02 08:00:00,71.9,Hanwha Life Esports,10493141932962614934205140811035465300295049925312106570287434531813044973483,0.44,0.45,0.445,0.01,9755.46,18438.95,19218.95,21833.05,47144.67,50317.84,17,26,65017.30840600001
2026-09-02 06:48:07,936147,4000251,Game Handicap: HLE (-1.5) vs T1 (+1.5),handicap,,2026-09-02 08:00:00,71.9,T1,29009672247611046844750391779148532624046214593989504759848221828337202221082,0.55,0.56,0.555,0.01,26013.18,54554.22,57733.39,12562.1,24846.75,26066.75,26,17,65017.30840600001
2026-09-02 06:48:07,936147,4000252,Game Handicap: HLE (-2.5) vs T1 (+2.5),handicap,,2026-09-02 08:00:00,71.9,Hanwha Life Esports,102345138897645643338528677118468766881362327402363406508705558284865003191841,0.2,0.21,0.205,0.01,302.23,2322.06,5864.06,5535.07,11436.04,11577.04,14,27,4345.873283000002
2026-09-02 06:48:07,936147,4000252,Game Handicap: HLE (-2.5) vs T1 (+2.5),handicap,,2026-09-02 08:00:00,71.9,T1,76305669832292268029604931991271246661418893929410638142532260939620551316786,0.79,0.8,0.795,0.01,19659.17,39401.53,39804.53,1251.54,10819.63,29477.63,27,14,4345.873283000002
2026-09-02 06:48:07,936147,4000253,Game 1: Both Teams Slay Baron Nashor?,prop,1,2026-09-02 08:00:00,71.9,Yes,93146086577102256204298678979505953849078074539389252153335299070591798600887,0.07,0.98,0.525,0.91,1.95,1.95,2.07,116.61,116.61,116.61,4,2,
2026-09-02 06:48:07,936147,4000253,Game 1: Both Teams Slay Baron Nashor?,prop,1,2026-09-02 08:00:00,71.9,No,62397396836471728045186329952381396277894364048690199148787370308406079873504,0.02,0.93,0.475,0.91,1.38,1.38,1.38,29.53,29.53,35.23,2,4,
2026-09-02 06:48:07,936147,4000254,Game 1: Both Teams Slay a Dragon?,prop,1,2026-09-02 08:00:00,71.9,Yes,38524487372856719802058239041752978100838775077444134383580158056000817208489,0.02,0.92,0.47,0.9,1.28,1.28,1.28,13.9,13.9,13.9,2,4,
2026-09-02 06:48:07,936147,4000254,Game 1: Both Teams Slay a Dragon?,prop,1,2026-09-02 08:00:00,71.9,No,15204516028080642533081196459812008766087030818357039258317298224193212619102,0.08,0.98,0.53,0.9,1.1,1.1,1.1,116.7,116.7,116.7,4,2,
2026-09-02 06:48:07,936147,4000255,Game 1: Both Teams Destroy Inhibitors?,prop,1,2026-09-02 08:00:00,71.9,Yes,53326448950994422414452555514016403317591022200780864858814246245395755848871,0.07,0.97,0.52,0.9,1.05,1.05,1.05,21.16,108.31,108.31,3,3,
2026-09-02 06:48:07,936147,4000255,Game 1: Both Teams Destroy Inhibitors?,prop,1,2026-09-02 08:00:00,71.9,No,34007568137061088623455577434729876802246079637640607021932381235812612134452,0.03,0.93,0.48,0.9,0.5,1.38,1.38,15.43,15.43,15.43,3,3,
2026-09-02 06:48:07,936147,4000256,Game 1: Any Player Quadra Kill?,prop,1,2026-09-02 08:00:00,71.9,Yes,22474955096840959331217225348561101760744235175341307948306551935778821508463,0.04,0.49,0.265,0.45,176.0,176.2,176.2,200.11,200.11,200.11,2,3,
2026-09-02 06:48:07,936147,4000256,Game 1: Any Player Quadra Kill?,prop,1,2026-09-02 08:00:00,71.9,No,70010116755066730675945204508545288178944029331833502803576435564774033662176,0.51,0.96,0.735,0.45,201.1,201.1,201.1,4224.0,4243.8,4243.8,3,2,
2026-09-02 06:48:07,936147,4000257,Game 1: Any Player Penta Kill?,prop,1,2026-09-02 08:00:00,71.9,Yes,32392061463244664374011371719265930175195324793425576808866777706255798484197,0.01,0.12,0.065,0.11,176.2,176.2,176.2,5.36,6.11,6.11,1,8,
2026-09-02 06:48:07,936147,4000257,Game 1: Any Player Penta Kill?,prop,1,2026-09-02 08:00:00,71.9,No,77640614084664768219957861274368510980436867180076340853011873020180879444145,0.88,0.99,0.935,0.11,37.64,41.89,41.89,17443.8,17443.8,17443.8,8,1,
2026-09-02 06:48:07,936147,4000258,Game 1: Odd/Even Total Kills?,odd_even,1,2026-09-02 08:00:00,71.9,Odd,108827565179165251510087675872073156578050684689138105722270806193090503838530,0.49,0.51,0.5,0.02,105.76,110.46,395.07,115.17,115.17,463.04,5,4,
2026-09-02 06:48:07,936147,4000258,Game 1: Odd/Even Total Kills?,odd_even,1,2026-09-02 08:00:00,71.9,Even,7301611815750266505212013035576664627539129145219944939954043282024608538667,0.49,0.51,0.5,0.02,110.66,110.66,395.27,110.07,115.37,463.24,4,5,
2026-09-02 06:48:07,936147,4000259,Game 2: Both Teams Slay Baron Nashor?,prop,2,2026-09-02 08:00:00,71.9,Yes,26580941611231775497434268916596647138639915367438578117383630553602803147665,0.02,0.98,0.5,0.96,1.28,1.28,1.28,116.71,116.71,116.71,2,2,
2026-09-02 06:48:07,936147,4000259,Game 2: Both Teams Slay Baron Nashor?,prop,2,2026-09-02 08:00:00,71.9,No,100795195782021149211222639897723696752492161528664336793375063544818455196843,0.02,0.98,0.5,0.96,1.28,1.28,1.28,116.72,116.72,116.72,2,2,
2026-09-02 06:48:07,936147,4000260,Game 2: Both Teams Slay a Dragon?,prop,2,2026-09-02 08:00:00,71.9,Yes,7647165211636560008480877295863658589900544927319086094514582071550471788190,0.02,0.98,0.5,0.96,1.28,1.28,1.28,116.72,116.72,116.72,2,2,
2026-09-02 06:48:07,936147,4000260,Game 2: Both Teams Slay a Dragon?,prop,2,2026-09-02 08:00:00,71.9,No,38312652442522943276833285095228363825405853198565948971681938085472588119443,0.02,0.98,0.5,0.96,1.28,1.28,1.28,116.72,116.72,116.72,2,2,
2026-09-02 06:48:07,936147,4000261,Game 2: Both Teams Destroy Inhibitors?,prop,2,2026-09-02 08:00:00,71.9,Yes,77459052452756213722987039745546396756742907735368245858946392762245699388078,0.02,0.92,0.47,0.9,1.28,1.28,1.28,14.6,14.6,14.6,2,3,
2026-09-02 06:48:07,936147,4000261,Game 2: Both Teams Destroy Inhibitors?,prop,2,2026-09-02 08:00:00,71.9,No,42982741775104988732603152913859566937731426765614068324359357599623861430770,0.08,0.98,0.53,0.9,1.16,1.16,1.16,116.72,116.72,116.72,3,2,
2026-09-02 06:48:07,936147,4000262,Game 2: Any Player Quadra Kill?,prop,2,2026-09-02 08:00:00,71.9,Yes,23114827239613606199039909863609846703766555028821666365191768631882396210122,0.04,0.49,0.265,0.45,176.0,176.2,176.2,200.11,200.11,200.11,2,3,
2026-09-02 06:48:07,936147,4000262,Game 2: Any Player Quadra Kill?,prop,2,2026-09-02 08:00:00,71.9,No,34882982611710593206012495650602357875797866389249437605106387682496237435474,0.51,0.96,0.735,0.45,201.1,201.1,201.1,4224.0,4243.8,4243.8,3,2,
2026-09-02 06:48:07,936147,4000263,Game 2: Any Player Penta Kill?,prop,2,2026-09-02 08:00:00,71.9,Yes,89851463602513363280889458150548056901497390671549082559791975153304669274722,0.01,0.32,0.165,0.31,176.2,176.2,176.2,15.88,19.38,19.38,1,5,
2026-09-02 06:48:07,936147,4000263,Game 2: Any Player Penta Kill?,prop,2,2026-09-02 08:00:00,71.9,No,76657167681598317018276771830467170760474532730191942904005791001648898016932,0.68,0.99,0.835,0.31,33.12,39.62,39.62,17443.8,17443.8,17443.8,5,1,
2026-09-02 06:48:07,936147,4000264,Game 2: Odd/Even Total Kills?,odd_even,2,2026-09-02 08:00:00,71.9,Odd,19926948821479151314149954395913489860320517308762150293129985004501391652978,0.49,0.51,0.5,0.02,110.56,110.56,395.17,110.07,110.07,457.94,5,5,
2026-09-02 06:48:07,936147,4000264,Game 2: Odd/Even Total Kills?,odd_even,2,2026-09-02 08:00:00,71.9,Even,17406923566277180510326582743311914999596667583010759580438423117266479779042,0.49,0.51,0.5,0.02,105.76,105.76,390.37,115.27,115.27,463.14,5,5,
2026-09-02 06:48:07,936147,4000265,Game 3: Both Teams Slay Baron Nashor?,prop,3,2026-09-02 08:00:00,71.9,Yes,72898465988016784668140978566035896190823170737719888998748173305878130784604,0.02,0.92,0.47,0.9,1.28,1.28,1.28,14.6,14.6,14.6,2,3,
2026-09-02 06:48:07,936147,4000265,Game 3: Both Teams Slay Baron Nashor?,prop,3,2026-09-02 08:00:00,71.9,No,61259761980766796434812314349518047220625334534850126709327053650372878721670,0.08,0.98,0.53,0.9,1.16,1.16,1.16,116.72,116.72,116.72,3,2,
2026-09-02 06:48:07,936147,4000266,Game 3: Both Teams Slay a Dragon?,prop,3,2026-09-02 08:00:00,71.9,Yes,29016659931195283658010080437169080773576593221502697360172267529196401779876,0.08,0.97,0.525,0.89,1.11,1.11,1.11,21.17,108.27,108.27,4,3,
2026-09-02 06:48:07,936147,4000266,Game 3: Both Teams Slay a Dragon?,prop,3,2026-09-02 08:00:00,71.9,No,52507303645384853045196468877499699191744879457368034686349865378835646923976,0.03,0.92,0.475,0.89,0.5,1.38,1.38,14.02,14.02,14.02,3,4,
2026-09-02 06:48:07,936147,4000267,Game 3: Both Teams Destroy Inhibitors?,prop,3,2026-09-02 08:00:00,71.9,Yes,52838954315541697946222845860350452741407966206108720498751207436944088637555,0.02,0.97,0.495,0.95,1.28,1.28,1.28,15.96,113.92,113.92,2,3,
2026-09-02 06:48:07,936147,4000267,Game 3: Both Teams Destroy Inhibitors?,prop,3,2026-09-02 08:00:00,71.9,No,93441612593317368859448449646562250985004074665722706329348452699701514031784,0.03,0.98,0.505,0.95,0.39,1.38,1.38,116.72,116.72,116.72,3,2,
2026-09-02 06:48:07,936147,4000268,Game 3: Any Player Quadra Kill?,prop,3,2026-09-02 08:00:00,71.9,Yes,38020405566695788965357251388580004323154327078778903318213145141050275756230,0.04,0.49,0.265,0.45,176.0,176.2,176.2,200.11,200.11,200.11,2,3,
2026-09-02 06:48:07,936147,4000268,Game 3: Any Player Quadra Kill?,prop,3,2026-09-02 08:00:00,71.9,No,28597079920160132826239354664061191026796075799515942859737365191978222948485,0.51,0.96,0.735,0.45,201.1,201.1,201.1,4224.0,4243.8,4243.8,3,2,
2026-09-02 06:48:07,936147,4000269,Game 3: Any Player Penta Kill?,prop,3,2026-09-02 08:00:00,71.9,Yes,25818450087468056279221103871364684091155449026608761409094787974585674423410,0.01,0.25,0.13,0.24,176.2,176.2,176.2,13.25,13.25,13.25,1,5,
2026-09-02 06:48:07,936147,4000269,Game 3: Any Player Penta Kill?,prop,3,2026-09-02 08:00:00,71.9,No,64211900886481376166420643612395215537917925498332191046420283524442916982158,0.75,0.99,0.87,0.24,38.75,38.75,38.75,17443.8,17443.8,17443.8,5,1,
2026-09-02 06:48:07,936147,4000270,Game 3: Odd/Even Total Kills?,odd_even,3,2026-09-02 08:00:00,71.9,Odd,15654742314760403571803525417370265516875090435320723584018977422757338284070,0.49,0.51,0.5,0.02,105.76,105.76,390.37,115.17,115.17,463.04,5,4,
2026-09-02 06:48:07,936147,4000270,Game 3: Odd/Even Total Kills?,odd_even,3,2026-09-02 08:00:00,71.9,Even,104857101644586659489302816521904903492103117744635602743997701460522299917261,0.49,0.51,0.5,0.02,110.66,110.66,395.27,110.07,110.07,457.94,4,5,
2026-09-02 06:48:07,936147,4000271,Game 4: Both Teams Slay Baron Nashor?,prop,4,2026-09-02 08:00:00,71.9,Yes,62356408012604828982178064882292340995533506140242027840256196017857030363017,0.08,0.98,0.53,0.9,1.33,178.08,178.08,116.7,116.7,116.7,6,2,
2026-09-02 06:48:07,936147,4000271,Game 4: Both Teams Slay Baron Nashor?,prop,4,2026-09-02 08:00:00,71.9,No,91788636055428683920593421680640488891536883071261256377394394977967840429645,0.02,0.92,0.47,0.9,1.28,1.28,1.28,16.28,2787.86,2787.86,2,6,
2026-09-02 06:48:07,936147,4000272,Game 4: Both Teams Slay a Dragon?,prop,4,2026-09-02 08:00:00,71.9,Yes,83203584164114158027263022883878642041746836654633144827555848117337293604207,0.02,0.8,0.41,0.78,1.28,1.28,1.28,724.0,724.0,724.0,2,4,
2026-09-02 06:48:07,936147,4000272,Game 4: Both Teams Slay a Dragon?,prop,4,2026-09-02 08:00:00,71.9,No,82053351462248981559153275457047015911859357018207289862363439393992037932129,0.2,0.98,0.59,0.78,181.0,181.0,181.0,116.71,116.71,116.71,4,2,
2026-09-02 06:48:07,936147,4000273,Game 4: Both Teams Destroy Inhibitors?,prop,4,2026-09-02 08:00:00,71.9,Yes,14826823168300530105843175396594851843132589180193264039518519229938686751123,0.05,0.98,0.515,0.93,176.97,176.97,177.58,116.69,116.69,116.69,3,2,
2026-09-02 06:48:07,936147,4000273,Game 4: Both Teams Destroy Inhibitors?,prop,4,2026-09-02 08:00:00,71.9,No,4642309791893536667792231855163585184601093249526876723384717111754720262130,0.02,0.95,0.485,0.93,1.28,1.28,1.28,4244.41,4244.41,4304.9,2,3,
2026-09-02 06:48:07,936147,4000274,Game 4: Any Player Quadra Kill?,prop,4,2026-09-02 08:00:00,71.9,Yes,13041789329235213382067252372510043708510064265822781385156997562156671755813,0.04,0.99,0.515,0.95,176.0,176.2,176.2,19.8,19.8,19.8,2,1,
2026-09-02 06:48:07,936147,4000274,Game 4: Any Player Quadra Kill?,prop,4,2026-09-02 08:00:00,71.9,No,61906078143322210428853001145404023129978821493304810408028713073041212560729,0.01,0.96,0.485,0.95,0.2,0.2,0.2,4224.0,4243.8,4243.8,1,2,
2026-09-02 06:48:07,936147,4000275,Game 4: Any Player Penta Kill?,prop,4,2026-09-02 08:00:00,71.9,Yes,32432357688111543882377174835903355401662311457669476969295888963199694824422,0.01,0.99,0.5,0.98,176.2,176.2,176.2,19.8,19.8,19.8,1,1,
2026-09-02 06:48:07,936147,4000275,Game 4: Any Player Penta Kill?,prop,4,2026-09-02 08:00:00,71.9,No,4617799256852857197864126938133010426073689697060245242862641752640679129341,0.01,0.99,0.5,0.98,0.2,0.2,0.2,17443.8,17443.8,17443.8,1,1,
2026-09-02 06:48:07,936147,4000276,Game 4: Odd/Even Total Kills?,odd_even,4,2026-09-02 08:00:00,71.9,Odd,82445579597676482715334501121107741150121968755312650663555776789237825622300,0.49,0.51,0.5,0.02,110.56,110.56,395.17,110.07,115.47,463.34,6,5,
2026-09-02 06:48:07,936147,4000276,Game 4: Odd/Even Total Kills?,odd_even,4,2026-09-02 08:00:00,71.9,Even,59910329812851235339134266389493787978247416660833129937616581052783787806167,0.49,0.51,0.5,0.02,105.76,110.36,394.97,115.27,115.27,463.14,5,6,
2026-09-02 06:48:07,936147,4000277,Game 5: Both Teams Slay Baron Nashor?,prop,5,2026-09-02 08:00:00,71.9,Yes,77066018604040233379350338588590607299672009487600977752104134984252506121329,0.08,0.98,0.53,0.9,1.39,177.39,177.39,116.7,116.7,116.7,4,2,
2026-09-02 06:48:07,936147,4000277,Game 5: Both Teams Slay Baron Nashor?,prop,5,2026-09-02 08:00:00,71.9,No,113061198307446667308409918664161274242165665872982030214940590114781938909980,0.02,0.92,0.47,0.9,1.28,1.28,1.28,17.08,2774.41,2774.41,2,4,
2026-09-02 06:48:07,936147,4000278,Game 5: Both Teams Slay a Dragon?,prop,5,2026-09-02 08:00:00,71.9,Yes,50386225583647348218613825701655315521963805588620670730405925093860797793941,0.02,0.8,0.41,0.78,1.28,1.28,1.28,724.0,724.0,724.0,2,4,
2026-09-02 06:48:07,936147,4000278,Game 5: Both Teams Slay a Dragon?,prop,5,2026-09-02 08:00:00,71.9,No,65958101632974750482890282331167872972565380466300029511943073805016369825775,0.2,0.98,0.59,0.78,181.0,181.0,181.0,116.71,116.71,116.71,4,2,
2026-09-02 06:48:07,936147,4000279,Game 5: Both Teams Destroy Inhibitors?,prop,5,2026-09-02 08:00:00,71.9,Yes,60691868901076204506867129421738065547322249199404378327558804806221191518482,0.05,0.97,0.51,0.92,176.97,177.1,177.58,21.16,108.29,108.29,4,3,
2026-09-02 06:48:07,936147,4000279,Game 5: Both Teams Destroy Inhibitors?,prop,5,2026-09-02 08:00:00,71.9,No,107034670060567856747157098300876215376953838511509290890193796534679888290723,0.03,0.95,0.49,0.92,0.5,1.38,1.38,4244.41,4250.67,4298.51,3,4,
2026-09-02 06:48:07,936147,4000280,Game 5: Any Player Quadra Kill?,prop,5,2026-09-02 08:00:00,71.9,Yes,37622554544210168597016813527601142861708502761444229672227664382988517507012,0.04,0.99,0.515,0.95,176.0,176.2,176.2,19.8,19.8,19.8,2,1,
2026-09-02 06:48:07,936147,4000280,Game 5: Any Player Quadra Kill?,prop,5,2026-09-02 08:00:00,71.9,No,101771071393268507976536828407881635603923230098768507605348504845564201246418,0.01,0.96,0.485,0.95,0.2,0.2,0.2,4224.0,4243.8,4243.8,1,2,
2026-09-02 06:48:07,936147,4000281,Game 5: Any Player Penta Kill?,prop,5,2026-09-02 08:00:00,71.9,Yes,81884775513417691672953009208263232746237849336120942457457532759198344325709,0.29,0.99,0.64,0.7,4.25,4.25,4.25,19.8,19.8,19.8,4,1,
2026-09-02 06:48:07,936147,4000281,Game 5: Any Player Penta Kill?,prop,5,2026-09-02 08:00:00,71.9,No,72962711808804327573383515612746519999121753888127582650328110970406725796328,0.01,0.71,0.36,0.7,0.2,0.2,0.2,10.75,10.75,10.75,1,4,
2026-09-02 06:48:07,936147,4000282,Game 5: Odd/Even Total Kills?,odd_even,5,2026-09-02 08:00:00,71.9,Odd,63563863948193257516939853810980814506303010879650466407377239673922979120326,0.49,0.51,0.5,0.02,105.76,105.76,390.37,115.17,115.17,463.04,5,4,
2026-09-02 06:48:07,936147,4000282,Game 5: Odd/Even Total Kills?,odd_even,5,2026-09-02 08:00:00,71.9,Even,31397966625285258767459017025370175525895361521471797809472815622525603577625,0.49,0.51,0.5,0.02,110.66,110.66,395.27,110.07,110.07,457.94,4,5,
2026-09-02 06:48:07,936147,4055085,First Blood in Game 3?,first_blood,3,2026-09-02 08:00:00,71.9,Hanwha Life Esports,6451594758063050554390912016674836600356185004196255157849974731344110647386,0.02,0.98,0.5,0.96,1.18,1.18,1.18,111.82,111.82,111.82,2,2,
2026-09-02 06:48:07,936147,4055085,First Blood in Game 3?,first_blood,3,2026-09-02 08:00:00,71.9,T1,111671302443544193400921226285483470020924072924889955867898625329207475298195,0.02,0.98,0.5,0.96,1.18,1.18,1.18,111.82,111.82,111.82,2,2,
2026-09-02 06:48:07,936147,4055087,First Blood in Game 4?,first_blood,4,2026-09-02 08:00:00,71.9,Hanwha Life Esports,44456964354108569655867710024564302868904938042276290336260913514858184823376,0.01,0.98,0.495,0.97,1.18,1.18,1.18,111.17,111.17,111.17,1,2,
2026-09-02 06:48:07,936147,4055087,First Blood in Game 4?,first_blood,4,2026-09-02 08:00:00,71.9,T1,76518710650883538954404102697795011890927096984046628336172266898783561358704,0.02,0.99,0.505,0.97,1.18,1.18,1.18,116.82,116.82,116.82,2,1,
2026-09-02 06:48:07,936147,4055086,First Blood in Game 2?,first_blood,2,2026-09-02 08:00:00,71.9,Hanwha Life Esports,35223590030147782354795494036844700343050892452741564936833152758460370456534,0.02,0.98,0.5,0.96,1.18,1.18,1.18,111.82,111.82,111.82,2,2,
2026-09-02 06:48:07,936147,4055086,First Blood in Game 2?,first_blood,2,2026-09-02 08:00:00,71.9,T1,106973616542563433069735706581115924011405901433670876316339191848137336057195,0.02,0.98,0.5,0.96,1.18,1.18,1.18,109.46,109.46,109.46,2,2,
2026-09-02 06:48:07,936147,4055088,First Blood in Game 1?,first_blood,1,2026-09-02 08:00:00,71.9,Hanwha Life Esports,6734115328655613916670197138642585102833552985709517992186776949945439452651,0.5,0.97,0.735,0.47,305.2,305.2,305.2,423.64,461.65,461.65,4,3,
2026-09-02 06:48:07,936147,4055088,First Blood in Game 1?,first_blood,1,2026-09-02 08:00:00,71.9,T1,46791261602673605151459395071771041257748824118660002290919023281937929398557,0.03,0.5,0.265,0.47,8.88,9.27,9.27,305.3,305.3,305.3,3,4,
2026-09-02 06:48:07,936147,4055089,Total Kills Over/Under 27.5 in Game 3?,total_kills,3,2026-09-02 08:00:00,71.9,Over,50616430506705087897681647196718146017577716130384022997173216917826703310026,0.57,0.58,0.575,0.01,861.59,864.81,864.81,250.51,1654.1,1654.1,26,14,6155.792965999999
2026-09-02 06:48:07,936147,4055089,Total Kills Over/Under 27.5 in Game 3?,total_kills,3,2026-09-02 08:00:00,71.9,Under,55550770098276678307197609580896886259143674423848398992865344330286825227241,0.42,0.43,0.425,0.01,180.97,1116.71,1116.71,676.87,679.51,679.51,14,26,6155.792965999999
2026-09-02 06:48:07,936147,4055090,Total Kills Over/Under 24.5 in Game 4?,total_kills,4,2026-09-02 08:00:00,71.9,Over,50937948202535216666099489933019249094813003234790028978062979140763968241350,0.5,0.98,0.74,0.48,50.0,50.0,50.0,61.94,61.94,61.94,3,2,
2026-09-02 06:48:07,936147,4055090,Total Kills Over/Under 24.5 in Game 4?,total_kills,4,2026-09-02 08:00:00,71.9,Under,82790280916601472675958827250914597214041032387568744996207353240021196821931,0.02,0.5,0.26,0.48,1.03,1.03,1.03,50.0,50.0,50.0,2,3,
2026-09-02 06:48:07,936147,4055092,Total Kills Over/Under 27.5 in Game 1?,total_kills,1,2026-09-02 08:00:00,71.9,Over,114058681503214293966788885801573541974530629733277803804341358373124587463134,0.54,0.59,0.565,0.05,187.61,187.61,199.86,2430.65,2430.65,2430.65,22,13,5944.363414
2026-09-02 06:48:07,936147,4055092,Total Kills Over/Under 27.5 in Game 1?,total_kills,1,2026-09-02 08:00:00,71.9,Under,21408934269837174665866968434746455120787958707568100175761023291654701885732,0.41,0.46,0.435,0.05,1631.54,1631.54,1631.54,160.21,160.21,172.96,13,22,5944.363414
2026-09-02 06:48:07,936147,4055091,Total Kills Over/Under 27.5 in Game 2?,total_kills,2,2026-09-02 08:00:00,71.9,Over,29572624698451375099490457589006933490436512891007706168731140171251928387948,0.52,0.56,0.54,0.04,1283.02,2355.77,2355.77,122.0,354.0,1743.76,21,17,5008.826838
2026-09-02 06:48:07,936147,4055091,Total Kills Over/Under 27.5 in Game 2?,total_kills,2,2026-09-02 08:00:00,71.9,Under,12802913080296758871246561850481235290764757727562319189118152924456489918965,0.44,0.48,0.46,0.04,92.15,260.15,1149.09,1231.62,2304.37,2304.37,17,21,5008.826838
2026-09-02 06:48:07,936147,4055093,Total Kills Over/Under 27.5 in Game 4?,total_kills,4,2026-09-02 08:00:00,71.9,Over,44684731289280816949050731630888842831358234224068234967091902258366469917544,0.4,0.58,0.49,0.18,32.0,32.0,32.0,232.0,232.0,235.21,4,4,
2026-09-02 06:48:07,936147,4055093,Total Kills Over/Under 27.5 in Game 4?,total_kills,4,2026-09-02 08:00:00,71.9,Under,18586723199912527744436187003870377599099726122064196226794794950393327684565,0.42,0.6,0.51,0.18,168.0,168.0,169.89,48.0,48.0,48.0,4,4,
2026-09-02 06:48:07,936147,4055094,Total Kills Over/Under 24.5 in Game 3?,total_kills,3,2026-09-02 08:00:00,71.9,Over,60419029194322599109502232725144838069075057110504558087907518068397627928602,0.67,0.76,0.715,0.09,169.45,169.45,169.45,159.78,174.83,174.83,5,6,123.17073
2026-09-02 06:48:07,936147,4055094,Total Kills Over/Under 24.5 in Game 3?,total_kills,3,2026-09-02 08:00:00,71.9,Under,55368970242395556386896319902906582248387755687561050449261077374383461775588,0.24,0.33,0.285,0.09,50.39,54.39,54.39,83.54,83.54,83.54,6,5,123.17073
2026-09-02 06:48:07,936147,4055095,Total Kills Over/Under 24.5 in Game 2?,total_kills,2,2026-09-02 08:00:00,71.9,Over,89070087442125703399649573813340602678009036476143503524794827166960613745678,0.69,0.74,0.715,0.05,161.4,161.4,161.4,148.0,169.12,169.12,6,6,121.42857
2026-09-02 06:48:07,936147,4055095,Total Kills Over/Under 24.5 in Game 2?,total_kills,2,2026-09-02 08:00:00,71.9,Under,99662990254382299993439618179836862401378421343854774850808929203233884338029,0.26,0.31,0.285,0.05,52.0,58.38,58.38,72.59,72.59,72.59,6,6,121.42857
2026-09-02 06:48:07,936147,4055096,Total Kills Over/Under 24.5 in Game 1?,total_kills,1,2026-09-02 08:00:00,71.9,Over,70576898803566127666107944114399469021804224373235543306362698958964445128829,0.68,0.76,0.72,0.08,149.6,149.6,149.6,36.48,50.99,50.99,6,6,125.769953
2026-09-02 06:48:07,936147,4055096,Total Kills Over/Under 24.5 in Game 1?,total_kills,1,2026-09-02 08:00:00,71.9,Under,36403691426434302394786586218755871489976678966422192558513810298433439047497,0.24,0.32,0.28,0.08,11.52,15.61,15.61,70.4,70.4,70.4,6,6,125.769953
2026-09-02 06:48:07,936147,4059386,Total Kills Over/Under 30.5 in Game 1?,total_kills,1,2026-09-02 08:00:00,71.9,Over,27563047472284349159145124070497736444752851592398947811153508318500279378284,0.34,0.43,0.385,0.09,68.0,688.0,688.0,239.93,239.93,2589.93,6,6,526.670255
2026-09-02 06:48:07,936147,4059386,Total Kills Over/Under 30.5 in Game 1?,total_kills,1,2026-09-02 08:00:00,71.9,Under,103806489000291695503284220898756155085098642314498145055405923981803690742938,0.57,0.66,0.615,0.09,311.08,311.08,2961.08,132.0,1512.0,1512.0,6,6,526.670255
2026-09-02 06:48:07,936147,4059387,Total Kills Over/Under 30.5 in Game 2?,total_kills,2,2026-09-02 08:00:00,71.9,Over,250960629603093735033332993997821567495732901004711577017014896526444517552,0.36,0.43,0.395,0.07,709.76,709.76,709.76,86.0,99.8,2079.18,6,6,858.1854619999999
2026-09-02 06:48:07,936147,4059387,Total Kills Over/Under 30.5 in Game 2?,total_kills,2,2026-09-02 08:00:00,71.9,Under,48381236362340560053851779496224028346112141678610455464569321577481897653475,0.57,0.64,0.605,0.07,114.0,130.2,2362.26,1317.77,1317.77,1317.77,6,6,858.1854619999999
2026-09-02 06:48:07,936147,4059389,Total Kills Over/Under 30.5 in Game 4?,total_kills,4,2026-09-02 08:00:00,71.9,Over,38530469248668392139381861431814913862781782593421421431190604075800209612127,0.26,,,,50.54,50.54,50.54,0.0,0.0,0.0,6,0,305.8002
2026-09-02 06:48:07,936147,4059389,Total Kills Over/Under 30.5 in Game 4?,total_kills,4,2026-09-02 08:00:00,71.9,Under,100893473430155116004655675892784973889071738137065348904718068135586115562931,,0.74,,,0.0,0.0,0.0,147.68,147.68,147.68,0,6,305.8002
2026-09-02 06:48:07,936147,4059388,Total Kills Over/Under 30.5 in Game 3?,total_kills,3,2026-09-02 08:00:00,71.9,Over,80955956645851227563872338523728413776626690764104558653678938481490121865495,0.36,0.43,0.395,0.07,746.84,746.84,746.84,86.0,88.3,2273.23,6,7,432.236315
2026-09-02 06:48:07,936147,4059388,Total Kills Over/Under 30.5 in Game 3?,total_kills,3,2026-09-02 08:00:00,71.9,Under,5748869005347059788849380089240844382658411548108429750418420986444868563514,0.57,0.64,0.605,0.07,114.0,116.7,2580.46,1386.82,1386.82,1386.82,7,6,432.236315
2026-09-02 06:53:59,936147,4000244,LoL: Hanwha Life Esports vs T1 - Game 1 Winner,map,1,2026-09-02 08:00:00,66.0,Hanwha Life Esports,10734641664948630564119188299000087308360542360331775061020614529623331903474,0.59,0.6,0.595,0.01,17535.12,29877.95,38978.4,23440.15,28785.15,29701.4,33,22,46950.892392
2026-09-02 06:53:59,936147,4000244,LoL: Hanwha Life Esports vs T1 - Game 1 Winner,map,1,2026-09-02 08:00:00,66.0,T1,9094132034109894688217527755278872327846224632546120485727243231953736941529,0.4,0.41,0.405,0.01,15511.27,18666.27,19175.02,12199.64,21752.47,29231.95,22,33,46950.892392
2026-09-02 06:53:59,936147,4000245,LoL: Hanwha Life Esports vs T1 - Game 2 Winner,map,2,2026-09-02 08:00:00,66.0,Hanwha Life Esports,94843214769480383766507322942929739937927603798324353905843922528772735706377,0.57,0.58,0.575,0.01,1438.58,5827.3,10072.9,1089.33,12091.54,18364.39,23,22,418.06119
2026-09-02 06:53:59,936147,4000245,LoL: Hanwha Life Esports vs T1 - Game 2 Winner,map,2,2026-09-02 08:00:00,66.0,T1,35453714793284653962184719425495820838338551092982505677958700922100536194952,0.42,0.43,0.425,0.01,765.37,8014.71,11840.57,1110.01,4797.7,8697.1,22,23,418.06119
2026-09-02 06:53:59,936147,4000246,LoL: Hanwha Life Esports vs T1 - Game 3 Winner,map,3,2026-09-02 08:00:00,66.0,Hanwha Life Esports,82037966500134222625616994256887508972151143645499372020158235428006475330639,0.58,0.59,0.585,0.01,783.08,3176.22,6679.68,3142.91,12291.46,13666.66,25,22,792.9544689999999
2026-09-02 06:53:59,936147,4000246,LoL: Hanwha Life Esports vs T1 - Game 3 Winner,map,3,2026-09-02 08:00:00,66.0,T1,108991451262166710988960567529218336671208754468579999539092984751820670537254,0.41,0.42,0.415,0.01,2122.38,7814.34,8604.14,590.1,2524.13,5530.5,22,25,792.9544689999999
2026-09-02 06:53:59,936147,4000247,LoL: Hanwha Life Esports vs T1 - Game 4 Winner,map,4,2026-09-02 08:00:00,66.0,Hanwha Life Esports,27185823859237477385754211221130737493942244739337847080115422256098738912468,0.56,0.57,0.565,0.01,138.68,143.98,143.98,11611.72,12779.51,12779.51,16,16,41.36
2026-09-02 06:53:59,936147,4000247,LoL: Hanwha Life Esports vs T1 - Game 4 Winner,map,4,2026-09-02 08:00:00,66.0,T1,43792453713203242020422589829133156049817281040504463852728066738713044326183,0.43,0.44,0.435,0.01,8408.84,9220.35,9220.35,108.97,113.67,113.67,16,16,41.36
2026-09-02 06:53:59,936147,4000248,LoL: Hanwha Life Esports vs T1 (BO5) - LCK Playoffs,series,,2026-09-02 08:00:00,66.0,Hanwha Life Esports,17602226504684346368510501060478122888791385343970378097785516838620659389931,0.64,0.65,0.645,0.01,130793.14,145512.98,157096.38,110070.24,128970.62,138515.69,43,24,372818.48204699985
2026-09-02 06:53:59,936147,4000248,LoL: Hanwha Life Esports vs T1 (BO5) - LCK Playoffs,series,,2026-09-02 08:00:00,66.0,T1,42819687634672881483617510271698078404051708570906741617482740253212535042722,0.35,0.36,0.355,0.01,57247.32,66343.79,70485.86,75248.62,84332.38,92075.98,24,43,372818.48204699985
2026-09-02 06:53:59,936147,4000249,Games Total: O/U 3.5,total_games,,2026-09-02 08:00:00,66.0,Over,80317462208036634370611667592517910559057172613751725938330061477906689644871,0.73,0.74,0.735,0.01,2155.68,25274.98,25533.53,28051.08,33097.8,36227.8,32,14,17011.264368999997
2026-09-02 06:53:59,936147,4000249,Games Total: O/U 3.5,total_games,,2026-09-02 08:00:00,66.0,Under,32337683298076683289688582842018186880600108799426881067326201389847076015253,0.26,0.27,0.265,0.01,9478.3,11057.83,11927.83,823.24,10701.01,10817.81,14,32,17011.264368999997
2026-09-02 06:53:59,936147,4000250,Games Total: O/U 4.5,total_games,,2026-09-02 08:00:00,66.0,Over,67028205767593121936564281252261131409439995798362533668702004769898532565964,0.34,0.35,0.345,0.01,2813.67,4584.15,12185.15,3065.85,4198.06,5608.25,19,20,3530.9756030000003
2026-09-02 06:53:59,936147,4000250,Games Total: O/U 4.5,total_games,,2026-09-02 08:00:00,66.0,Under,111556133117845474158087232516235709277283000020725048691506879574040151376855,0.65,0.66,0.655,0.01,5652.55,7553.61,9746.73,5632.72,9497.95,27416.95,20,19,3530.9756030000003
2026-09-02 06:53:59,936147,4000251,Game Handicap: HLE (-1.5) vs T1 (+1.5),handicap,,2026-09-02 08:00:00,66.0,Hanwha Life Esports,10493141932962614934205140811035465300295049925312106570287434531813044973483,0.44,0.45,0.445,0.01,10287.66,19386.81,20176.81,23191.83,48558.91,51758.91,20,26,66068.52268900003
2026-09-02 06:53:59,936147,4000251,Game Handicap: HLE (-1.5) vs T1 (+1.5),handicap,,2026-09-02 08:00:00,66.0,T1,29009672247611046844750391779148532624046214593989504759848221828337202221082,0.55,0.56,0.555,0.01,27596.65,56193.5,59493.5,13384.9,26252.09,27462.09,26,20,66068.52268900003
2026-09-02 06:53:59,936147,4000252,Game Handicap: HLE (-2.5) vs T1 (+2.5),handicap,,2026-09-02 08:00:00,66.0,Hanwha Life Esports,102345138897645643338528677118468766881362327402363406508705558284865003191841,0.2,0.21,0.205,0.01,149.91,2129.73,5671.73,5601.07,11440.6,12870.6,16,34,5850.873283000002
2026-09-02 06:53:59,936147,4000252,Game Handicap: HLE (-2.5) vs T1 (+2.5),handicap,,2026-09-02 08:00:00,66.0,T1,76305669832292268029604931991271246661418893929410638142532260939620551316786,0.79,0.8,0.795,0.01,19893.17,39440.97,43510.97,637.52,9995.62,28653.62,34,16,5850.873283000002
2026-09-02 06:53:59,936147,4000253,Game 1: Both Teams Slay Baron Nashor?,prop,1,2026-09-02 08:00:00,66.0,Yes,93146086577102256204298678979505953849078074539389252153335299070591798600887,0.07,0.98,0.525,0.91,1.95,1.95,2.07,116.61,116.61,116.61,4,2,
2026-09-02 06:53:59,936147,4000253,Game 1: Both Teams Slay Baron Nashor?,prop,1,2026-09-02 08:00:00,66.0,No,62397396836471728045186329952381396277894364048690199148787370308406079873504,0.02,0.93,0.475,0.91,1.38,1.38,1.38,29.53,29.53,35.23,2,4,
2026-09-02 06:53:59,936147,4000254,Game 1: Both Teams Slay a Dragon?,prop,1,2026-09-02 08:00:00,66.0,Yes,38524487372856719802058239041752978100838775077444134383580158056000817208489,0.02,0.93,0.475,0.91,1.28,1.28,1.28,9.3,9.3,14.87,2,3,
2026-09-02 06:53:59,936147,4000254,Game 1: Both Teams Slay a Dragon?,prop,1,2026-09-02 08:00:00,66.0,No,15204516028080642533081196459812008766087030818357039258317298224193212619102,0.07,0.98,0.525,0.91,0.7,0.7,0.81,116.7,116.7,116.7,3,2,
2026-09-02 06:53:59,936147,4000255,Game 1: Both Teams Destroy Inhibitors?,prop,1,2026-09-02 08:00:00,66.0,Yes,53326448950994422414452555514016403317591022200780864858814246245395755848871,0.07,0.97,0.52,0.9,1.05,1.05,1.18,21.16,108.31,108.31,4,3,
2026-09-02 06:53:59,936147,4000255,Game 1: Both Teams Destroy Inhibitors?,prop,1,2026-09-02 08:00:00,66.0,No,34007568137061088623455577434729876802246079637640607021932381235812612134452,0.03,0.93,0.48,0.9,0.5,1.38,1.38,15.43,15.43,21.83,3,4,
2026-09-02 06:53:59,936147,4000256,Game 1: Any Player Quadra Kill?,prop,1,2026-09-02 08:00:00,66.0,Yes,22474955096840959331217225348561101760744235175341307948306551935778821508463,0.04,0.49,0.265,0.45,176.0,176.2,176.2,200.11,200.11,200.11,2,3,
2026-09-02 06:53:59,936147,4000256,Game 1: Any Player Quadra Kill?,prop,1,2026-09-02 08:00:00,66.0,No,70010116755066730675945204508545288178944029331833502803576435564774033662176,0.51,0.96,0.735,0.45,201.1,201.1,201.1,4224.0,4243.8,4243.8,3,2,
2026-09-02 06:53:59,936147,4000257,Game 1: Any Player Penta Kill?,prop,1,2026-09-02 08:00:00,66.0,Yes,32392061463244664374011371719265930175195324793425576808866777706255798484197,0.01,0.1,0.055,0.09,176.2,176.2,176.2,4.67,4.67,5.42,1,8,
2026-09-02 06:53:59,936147,4000257,Game 1: Any Player Penta Kill?,prop,1,2026-09-02 08:00:00,66.0,No,77640614084664768219957861274368510980436867180076340853011873020180879444145,0.9,0.99,0.945,0.09,39.8,39.8,44.05,17443.8,17443.8,17443.8,8,1,
2026-09-02 06:53:59,936147,4000258,Game 1: Odd/Even Total Kills?,odd_even,1,2026-09-02 08:00:00,66.0,Odd,108827565179165251510087675872073156578050684689138105722270806193090503838530,0.49,0.51,0.5,0.02,105.76,110.46,395.07,115.17,115.17,463.04,5,4,
2026-09-02 06:53:59,936147,4000258,Game 1: Odd/Even Total Kills?,odd_even,1,2026-09-02 08:00:00,66.0,Even,7301611815750266505212013035576664627539129145219944939954043282024608538667,0.49,0.51,0.5,0.02,110.66,110.66,395.27,110.07,115.37,463.24,4,5,
2026-09-02 06:53:59,936147,4000259,Game 2: Both Teams Slay Baron Nashor?,prop,2,2026-09-02 08:00:00,66.0,Yes,26580941611231775497434268916596647138639915367438578117383630553602803147665,0.02,0.98,0.5,0.96,1.28,1.28,1.28,116.71,116.71,116.71,2,2,
2026-09-02 06:53:59,936147,4000259,Game 2: Both Teams Slay Baron Nashor?,prop,2,2026-09-02 08:00:00,66.0,No,100795195782021149211222639897723696752492161528664336793375063544818455196843,0.02,0.98,0.5,0.96,1.28,1.28,1.28,116.72,116.72,116.72,2,2,
2026-09-02 06:53:59,936147,4000260,Game 2: Both Teams Slay a Dragon?,prop,2,2026-09-02 08:00:00,66.0,Yes,7647165211636560008480877295863658589900544927319086094514582071550471788190,0.02,0.98,0.5,0.96,1.28,1.28,1.28,116.72,116.72,116.72,2,2,
2026-09-02 06:53:59,936147,4000260,Game 2: Both Teams Slay a Dragon?,prop,2,2026-09-02 08:00:00,66.0,No,38312652442522943276833285095228363825405853198565948971681938085472588119443,0.02,0.98,0.5,0.96,1.28,1.28,1.28,116.72,116.72,116.72,2,2,
2026-09-02 06:53:59,936147,4000261,Game 2: Both Teams Destroy Inhibitors?,prop,2,2026-09-02 08:00:00,66.0,Yes,77459052452756213722987039745546396756742907735368245858946392762245699388078,0.02,0.92,0.47,0.9,1.28,1.28,1.28,14.6,14.6,14.6,2,3,
2026-09-02 06:53:59,936147,4000261,Game 2: Both Teams Destroy Inhibitors?,prop,2,2026-09-02 08:00:00,66.0,No,42982741775104988732603152913859566937731426765614068324359357599623861430770,0.08,0.98,0.53,0.9,1.16,1.16,1.16,116.72,116.72,116.72,3,2,
2026-09-02 06:53:59,936147,4000262,Game 2: Any Player Quadra Kill?,prop,2,2026-09-02 08:00:00,66.0,Yes,23114827239613606199039909863609846703766555028821666365191768631882396210122,0.04,0.49,0.265,0.45,176.0,176.2,176.2,200.11,200.11,200.11,2,3,
2026-09-02 06:53:59,936147,4000262,Game 2: Any Player Quadra Kill?,prop,2,2026-09-02 08:00:00,66.0,No,34882982611710593206012495650602357875797866389249437605106387682496237435474,0.51,0.96,0.735,0.45,201.1,201.1,201.1,4224.0,4243.8,4243.8,3,2,
2026-09-02 06:53:59,936147,4000263,Game 2: Any Player Penta Kill?,prop,2,2026-09-02 08:00:00,66.0,Yes,89851463602513363280889458150548056901497390671549082559791975153304669274722,0.01,0.26,0.135,0.25,176.2,176.2,176.2,13.77,13.77,13.77,1,5,
2026-09-02 06:53:59,936147,4000263,Game 2: Any Player Penta Kill?,prop,2,2026-09-02 08:00:00,66.0,No,76657167681598317018276771830467170760474532730191942904005791001648898016932,0.74,0.99,0.865,0.25,38.23,38.23,38.23,17443.8,17443.8,17443.8,5,1,
2026-09-02 06:53:59,936147,4000264,Game 2: Odd/Even Total Kills?,odd_even,2,2026-09-02 08:00:00,66.0,Odd,19926948821479151314149954395913489860320517308762150293129985004501391652978,0.49,0.51,0.5,0.02,110.56,110.56,395.17,110.07,110.07,457.94,5,5,
2026-09-02 06:53:59,936147,4000264,Game 2: Odd/Even Total Kills?,odd_even,2,2026-09-02 08:00:00,66.0,Even,17406923566277180510326582743311914999596667583010759580438423117266479779042,0.49,0.51,0.5,0.02,105.76,105.76,390.37,115.27,115.27,463.14,5,5,
2026-09-02 06:53:59,936147,4000265,Game 3: Both Teams Slay Baron Nashor?,prop,3,2026-09-02 08:00:00,66.0,Yes,72898465988016784668140978566035896190823170737719888998748173305878130784604,0.02,0.92,0.47,0.9,1.28,1.28,1.28,14.6,14.6,14.6,2,3,
2026-09-02 06:53:59,936147,4000265,Game 3: Both Teams Slay Baron Nashor?,prop,3,2026-09-02 08:00:00,66.0,No,61259761980766796434812314349518047220625334534850126709327053650372878721670,0.08,0.98,0.53,0.9,1.16,1.16,1.16,116.72,116.72,116.72,3,2,
2026-09-02 06:53:59,936147,4000266,Game 3: Both Teams Slay a Dragon?,prop,3,2026-09-02 08:00:00,66.0,Yes,29016659931195283658010080437169080773576593221502697360172267529196401779876,0.08,0.97,0.525,0.89,1.11,1.11,1.11,21.17,108.27,108.27,4,3,
2026-09-02 06:53:59,936147,4000266,Game 3: Both Teams Slay a Dragon?,prop,3,2026-09-02 08:00:00,66.0,No,52507303645384853045196468877499699191744879457368034686349865378835646923976,0.03,0.92,0.475,0.89,0.5,1.38,1.38,14.02,14.02,14.02,3,4,
2026-09-02 06:53:59,936147,4000267,Game 3: Both Teams Destroy Inhibitors?,prop,3,2026-09-02 08:00:00,66.0,Yes,52838954315541697946222845860350452741407966206108720498751207436944088637555,0.02,0.97,0.495,0.95,1.28,1.28,1.28,15.96,113.92,113.92,2,3,
2026-09-02 06:53:59,936147,4000267,Game 3: Both Teams Destroy Inhibitors?,prop,3,2026-09-02 08:00:00,66.0,No,93441612593317368859448449646562250985004074665722706329348452699701514031784,0.03,0.98,0.505,0.95,0.39,1.38,1.38,116.72,116.72,116.72,3,2,
2026-09-02 06:53:59,936147,4000268,Game 3: Any Player Quadra Kill?,prop,3,2026-09-02 08:00:00,66.0,Yes,38020405566695788965357251388580004323154327078778903318213145141050275756230,0.04,0.49,0.265,0.45,176.0,176.2,176.2,200.11,200.11,200.11,2,3,
2026-09-02 06:53:59,936147,4000268,Game 3: Any Player Quadra Kill?,prop,3,2026-09-02 08:00:00,66.0,No,28597079920160132826239354664061191026796075799515942859737365191978222948485,0.51,0.96,0.735,0.45,201.1,201.1,201.1,4224.0,4243.8,4243.8,3,2,
2026-09-02 06:53:59,936147,4000269,Game 3: Any Player Penta Kill?,prop,3,2026-09-02 08:00:00,66.0,Yes,25818450087468056279221103871364684091155449026608761409094787974585674423410,0.01,0.17,0.09,0.16,176.2,176.2,176.2,8.47,8.47,8.47,1,5,
2026-09-02 06:53:59,936147,4000269,Game 3: Any Player Penta Kill?,prop,3,2026-09-02 08:00:00,66.0,No,64211900886481376166420643612395215537917925498332191046420283524442916982158,0.83,0.99,0.91,0.16,39.92,39.92,39.92,17443.8,17443.8,17443.8,5,1,
2026-09-02 06:53:59,936147,4000270,Game 3: Odd/Even Total Kills?,odd_even,3,2026-09-02 08:00:00,66.0,Odd,15654742314760403571803525417370265516875090435320723584018977422757338284070,0.49,0.51,0.5,0.02,105.76,105.76,390.37,115.17,115.17,463.04,5,4,
2026-09-02 06:53:59,936147,4000270,Game 3: Odd/Even Total Kills?,odd_even,3,2026-09-02 08:00:00,66.0,Even,104857101644586659489302816521904903492103117744635602743997701460522299917261,0.49,0.51,0.5,0.02,110.66,110.66,395.27,110.07,110.07,457.94,4,5,
2026-09-02 06:53:59,936147,4000271,Game 4: Both Teams Slay Baron Nashor?,prop,4,2026-09-02 08:00:00,66.0,Yes,62356408012604828982178064882292340995533506140242027840256196017857030363017,0.08,0.98,0.53,0.9,1.33,178.08,178.08,116.7,116.7,116.7,6,2,
2026-09-02 06:53:59,936147,4000271,Game 4: Both Teams Slay Baron Nashor?,prop,4,2026-09-02 08:00:00,66.0,No,91788636055428683920593421680640488891536883071261256377394394977967840429645,0.02,0.92,0.47,0.9,1.28,1.28,1.28,16.28,2787.86,2787.86,2,6,
2026-09-02 06:53:59,936147,4000272,Game 4: Both Teams Slay a Dragon?,prop,4,2026-09-02 08:00:00,66.0,Yes,83203584164114158027263022883878642041746836654633144827555848117337293604207,0.02,0.8,0.41,0.78,1.28,1.28,1.28,724.0,724.0,724.0,2,4,
2026-09-02 06:53:59,936147,4000272,Game 4: Both Teams Slay a Dragon?,prop,4,2026-09-02 08:00:00,66.0,No,82053351462248981559153275457047015911859357018207289862363439393992037932129,0.2,0.98,0.59,0.78,181.0,181.0,181.0,116.71,116.71,116.71,4,2,
2026-09-02 06:53:59,936147,4000273,Game 4: Both Teams Destroy Inhibitors?,prop,4,2026-09-02 08:00:00,66.0,Yes,14826823168300530105843175396594851843132589180193264039518519229938686751123,0.05,0.98,0.515,0.93,176.97,176.97,177.58,116.69,116.69,116.69,3,2,
2026-09-02 06:53:59,936147,4000273,Game 4: Both Teams Destroy Inhibitors?,prop,4,2026-09-02 08:00:00,66.0,No,4642309791893536667792231855163585184601093249526876723384717111754720262130,0.02,0.95,0.485,0.93,1.28,1.28,1.28,4244.41,4244.41,4304.9,2,3,
2026-09-02 06:53:59,936147,4000274,Game 4: Any Player Quadra Kill?,prop,4,2026-09-02 08:00:00,66.0,Yes,13041789329235213382067252372510043708510064265822781385156997562156671755813,0.04,0.99,0.515,0.95,176.0,176.2,176.2,19.8,19.8,19.8,2,1,
2026-09-02 06:53:59,936147,4000274,Game 4: Any Player Quadra Kill?,prop,4,2026-09-02 08:00:00,66.0,No,61906078143322210428853001145404023129978821493304810408028713073041212560729,0.01,0.96,0.485,0.95,0.2,0.2,0.2,4224.0,4243.8,4243.8,1,2,
2026-09-02 06:53:59,936147,4000275,Game 4: Any Player Penta Kill?,prop,4,2026-09-02 08:00:00,66.0,Yes,32432357688111543882377174835903355401662311457669476969295888963199694824422,0.01,0.99,0.5,0.98,176.2,176.2,176.2,19.8,19.8,19.8,1,1,
2026-09-02 06:53:59,936147,4000275,Game 4: Any Player Penta Kill?,prop,4,2026-09-02 08:00:00,66.0,No,4617799256852857197864126938133010426073689697060245242862641752640679129341,0.01,0.99,0.5,0.98,0.2,0.2,0.2,17443.8,17443.8,17443.8,1,1,
2026-09-02 06:53:59,936147,4000276,Game 4: Odd/Even Total Kills?,odd_even,4,2026-09-02 08:00:00,66.0,Odd,82445579597676482715334501121107741150121968755312650663555776789237825622300,0.49,0.51,0.5,0.02,110.56,110.56,395.17,110.07,115.47,463.34,5,5,
2026-09-02 06:53:59,936147,4000276,Game 4: Odd/Even Total Kills?,odd_even,4,2026-09-02 08:00:00,66.0,Even,59910329812851235339134266389493787978247416660833129937616581052783787806167,0.49,0.51,0.5,0.02,105.76,110.36,394.97,115.27,115.27,463.14,5,5,
2026-09-02 06:53:59,936147,4000277,Game 5: Both Teams Slay Baron Nashor?,prop,5,2026-09-02 08:00:00,66.0,Yes,77066018604040233379350338588590607299672009487600977752104134984252506121329,0.08,0.98,0.53,0.9,1.39,177.39,177.39,116.7,116.7,116.7,4,2,
2026-09-02 06:53:59,936147,4000277,Game 5: Both Teams Slay Baron Nashor?,prop,5,2026-09-02 08:00:00,66.0,No,113061198307446667308409918664161274242165665872982030214940590114781938909980,0.02,0.92,0.47,0.9,1.28,1.28,1.28,17.08,2774.41,2774.41,2,4,
2026-09-02 06:53:59,936147,4000278,Game 5: Both Teams Slay a Dragon?,prop,5,2026-09-02 08:00:00,66.0,Yes,50386225583647348218613825701655315521963805588620670730405925093860797793941,0.02,0.8,0.41,0.78,1.28,1.28,1.28,724.0,724.0,724.0,2,4,
2026-09-02 06:53:59,936147,4000278,Game 5: Both Teams Slay a Dragon?,prop,5,2026-09-02 08:00:00,66.0,No,65958101632974750482890282331167872972565380466300029511943073805016369825775,0.2,0.98,0.59,0.78,181.0,181.0,181.0,116.71,116.71,116.71,4,2,
2026-09-02 06:53:59,936147,4000279,Game 5: Both Teams Destroy Inhibitors?,prop,5,2026-09-02 08:00:00,66.0,Yes,60691868901076204506867129421738065547322249199404378327558804806221191518482,0.05,0.97,0.51,0.92,176.97,177.1,177.49,21.16,108.29,108.29,4,3,
2026-09-02 06:53:59,936147,4000279,Game 5: Both Teams Destroy Inhibitors?,prop,5,2026-09-02 08:00:00,66.0,No,107034670060567856747157098300876215376953838511509290890193796534679888290723,0.03,0.95,0.49,0.92,0.5,1.38,1.38,4244.41,4250.67,4289.2,3,4,
2026-09-02 06:53:59,936147,4000280,Game 5: Any Player Quadra Kill?,prop,5,2026-09-02 08:00:00,66.0,Yes,37622554544210168597016813527601142861708502761444229672227664382988517507012,0.04,0.99,0.515,0.95,176.0,176.2,176.2,19.8,19.8,19.8,2,1,
2026-09-02 06:53:59,936147,4000280,Game 5: Any Player Quadra Kill?,prop,5,2026-09-02 08:00:00,66.0,No,101771071393268507976536828407881635603923230098768507605348504845564201246418,0.01,0.96,0.485,0.95,0.2,0.2,0.2,4224.0,4243.8,4243.8,1,2,
2026-09-02 06:53:59,936147,4000281,Game 5: Any Player Penta Kill?,prop,5,2026-09-02 08:00:00,66.0,Yes,81884775513417691672953009208263232746237849336120942457457532759198344325709,0.29,0.99,0.64,0.7,4.25,4.25,4.25,19.8,19.8,19.8,4,1,
2026-09-02 06:53:59,936147,4000281,Game 5: Any Player Penta Kill?,prop,5,2026-09-02 08:00:00,66.0,No,72962711808804327573383515612746519999121753888127582650328110970406725796328,0.01,0.71,0.36,0.7,0.2,0.2,0.2,10.75,10.75,10.75,1,4,
2026-09-02 06:53:59,936147,4000282,Game 5: Odd/Even Total Kills?,odd_even,5,2026-09-02 08:00:00,66.0,Odd,63563863948193257516939853810980814506303010879650466407377239673922979120326,0.49,0.51,0.5,0.02,105.76,105.76,390.37,115.17,115.17,463.04,5,4,
2026-09-02 06:53:59,936147,4000282,Game 5: Odd/Even Total Kills?,odd_even,5,2026-09-02 08:00:00,66.0,Even,31397966625285258767459017025370175525895361521471797809472815622525603577625,0.49,0.51,0.5,0.02,110.66,110.66,395.27,110.07,110.07,457.94,4,5,
2026-09-02 06:53:59,936147,4055085,First Blood in Game 3?,first_blood,3,2026-09-02 08:00:00,66.0,Hanwha Life Esports,6451594758063050554390912016674836600356185004196255157849974731344110647386,0.02,0.98,0.5,0.96,1.18,1.18,1.18,111.82,111.82,111.82,2,2,
2026-09-02 06:53:59,936147,4055085,First Blood in Game 3?,first_blood,3,2026-09-02 08:00:00,66.0,T1,111671302443544193400921226285483470020924072924889955867898625329207475298195,0.02,0.98,0.5,0.96,1.18,1.18,1.18,111.82,111.82,111.82,2,2,
2026-09-02 06:53:59,936147,4055087,First Blood in Game 4?,first_blood,4,2026-09-02 08:00:00,66.0,Hanwha Life Esports,44456964354108569655867710024564302868904938042276290336260913514858184823376,0.01,0.98,0.495,0.97,1.18,1.18,1.18,111.17,111.17,111.17,1,2,
2026-09-02 06:53:59,936147,4055087,First Blood in Game 4?,first_blood,4,2026-09-02 08:00:00,66.0,T1,76518710650883538954404102697795011890927096984046628336172266898783561358704,0.02,0.99,0.505,0.97,1.18,1.18,1.18,116.82,116.82,116.82,2,1,
2026-09-02 06:53:59,936147,4055086,First Blood in Game 2?,first_blood,2,2026-09-02 08:00:00,66.0,Hanwha Life Esports,35223590030147782354795494036844700343050892452741564936833152758460370456534,0.02,0.98,0.5,0.96,1.18,1.18,1.18,111.82,111.82,111.82,2,2,
2026-09-02 06:53:59,936147,4055086,First Blood in Game 2?,first_blood,2,2026-09-02 08:00:00,66.0,T1,106973616542563433069735706581115924011405901433670876316339191848137336057195,0.02,0.98,0.5,0.96,1.18,1.18,1.18,109.46,109.46,109.46,2,2,
2026-09-02 06:53:59,936147,4055088,First Blood in Game 1?,first_blood,1,2026-09-02 08:00:00,66.0,Hanwha Life Esports,6734115328655613916670197138642585102833552985709517992186776949945439452651,0.5,0.97,0.735,0.47,305.2,305.2,305.2,423.64,461.65,461.65,4,3,
2026-09-02 06:53:59,936147,4055088,First Blood in Game 1?,first_blood,1,2026-09-02 08:00:00,66.0,T1,46791261602673605151459395071771041257748824118660002290919023281937929398557,0.03,0.5,0.265,0.47,8.88,9.27,9.27,305.3,305.3,305.3,3,4,
2026-09-02 06:53:59,936147,4055089,Total Kills Over/Under 27.5 in Game 3?,total_kills,3,2026-09-02 08:00:00,66.0,Over,50616430506705087897681647196718146017577716130384022997173216917826703310026,0.57,0.58,0.575,0.01,861.59,864.81,864.81,250.51,1654.1,1654.1,26,14,6155.792965999999
2026-09-02 06:53:59,936147,4055089,Total Kills Over/Under 27.5 in Game 3?,total_kills,3,2026-09-02 08:00:00,66.0,Under,55550770098276678307197609580896886259143674423848398992865344330286825227241,0.42,0.43,0.425,0.01,180.97,1116.71,1116.71,676.87,679.51,679.51,14,26,6155.792965999999
2026-09-02 06:53:59,936147,4055090,Total Kills Over/Under 24.5 in Game 4?,total_kills,4,2026-09-02 08:00:00,66.0,Over,50937948202535216666099489933019249094813003234790028978062979140763968241350,0.5,0.99,0.745,0.49,50.0,50.0,50.0,106.91,106.91,106.91,2,1,
2026-09-02 06:53:59,936147,4055090,Total Kills Over/Under 24.5 in Game 4?,total_kills,4,2026-09-02 08:00:00,66.0,Under,82790280916601472675958827250914597214041032387568744996207353240021196821931,0.01,0.5,0.255,0.49,1.08,1.08,1.08,50.0,50.0,50.0,1,2,
2026-09-02 06:53:59,936147,4055092,Total Kills Over/Under 27.5 in Game 1?,total_kills,1,2026-09-02 08:00:00,66.0,Over,114058681503214293966788885801573541974530629733277803804341358373124587463134,0.54,0.59,0.565,0.05,187.61,187.61,199.86,2430.65,2430.65,2430.65,23,13,5983.719345
2026-09-02 06:53:59,936147,4055092,Total Kills Over/Under 27.5 in Game 1?,total_kills,1,2026-09-02 08:00:00,66.0,Under,21408934269837174665866968434746455120787958707568100175761023291654701885732,0.41,0.46,0.435,0.05,1631.54,1631.54,1631.54,160.21,160.21,172.96,13,23,5983.719345
2026-09-02 06:53:59,936147,4055091,Total Kills Over/Under 27.5 in Game 2?,total_kills,2,2026-09-02 08:00:00,66.0,Over,29572624698451375099490457589006933490436512891007706168731140171251928387948,0.52,0.58,0.55,0.06,1280.43,2349.93,2349.93,241.03,1630.79,1630.79,21,16,5008.826838
2026-09-02 06:53:59,936147,4055091,Total Kills Over/Under 27.5 in Game 2?,total_kills,2,2026-09-02 08:00:00,66.0,Under,12802913080296758871246561850481235290764757727562319189118152924456489918965,0.42,0.48,0.45,0.06,174.41,1063.35,1063.35,1229.22,2298.72,2298.72,16,21,5008.826838
2026-09-02 06:53:59,936147,4055093,Total Kills Over/Under 27.5 in Game 4?,total_kills,4,2026-09-02 08:00:00,66.0,Over,44684731289280816949050731630888842831358234224068234967091902258366469917544,0.4,0.58,0.49,0.18,32.0,32.0,32.0,232.0,232.0,235.21,4,4,
2026-09-02 06:53:59,936147,4055093,Total Kills Over/Under 27.5 in Game 4?,total_kills,4,2026-09-02 08:00:00,66.0,Under,18586723199912527744436187003870377599099726122064196226794794950393327684565,0.42,0.6,0.51,0.18,168.0,168.0,169.89,48.0,48.0,48.0,4,4,
2026-09-02 06:53:59,936147,4055094,Total Kills Over/Under 24.5 in Game 3?,total_kills,3,2026-09-02 08:00:00,66.0,Over,60419029194322599109502232725144838069075057110504558087907518068397627928602,0.67,0.75,0.71,0.08,169.45,169.45,169.45,157.67,157.67,172.72,5,6,123.17073
2026-09-02 06:53:59,936147,4055094,Total Kills Over/Under 24.5 in Game 3?,total_kills,3,2026-09-02 08:00:00,66.0,Under,55368970242395556386896319902906582248387755687561050449261077374383461775588,0.25,0.33,0.29,0.08,52.49,52.49,56.49,83.54,83.54,83.54,6,5,123.17073
2026-09-02 06:53:59,936147,4055095,Total Kills Over/Under 24.5 in Game 2?,total_kills,2,2026-09-02 08:00:00,66.0,Over,89070087442125703399649573813340602678009036476143503524794827166960613745678,0.69,0.74,0.715,0.05,161.4,161.4,161.4,148.0,169.22,169.22,6,6,121.42857
2026-09-02 06:53:59,936147,4055095,Total Kills Over/Under 24.5 in Game 2?,total_kills,2,2026-09-02 08:00:00,66.0,Under,99662990254382299993439618179836862401378421343854774850808929203233884338029,0.26,0.31,0.285,0.05,52.0,58.4,58.4,72.59,72.59,72.59,6,6,121.42857
2026-09-02 06:53:59,936147,4055096,Total Kills Over/Under 24.5 in Game 1?,total_kills,1,2026-09-02 08:00:00,66.0,Over,70576898803566127666107944114399469021804224373235543306362698958964445128829,0.68,0.76,0.72,0.08,149.6,149.6,149.6,36.48,50.99,50.99,6,6,125.769953
2026-09-02 06:53:59,936147,4055096,Total Kills Over/Under 24.5 in Game 1?,total_kills,1,2026-09-02 08:00:00,66.0,Under,36403691426434302394786586218755871489976678966422192558513810298433439047497,0.24,0.32,0.28,0.08,11.52,15.61,15.61,70.4,70.4,70.4,6,6,125.769953
2026-09-02 06:53:59,936147,4059386,Total Kills Over/Under 30.5 in Game 1?,total_kills,1,2026-09-02 08:00:00,66.0,Over,27563047472284349159145124070497736444752851592398947811153508318500279378284,0.34,0.43,0.385,0.09,68.0,688.0,688.0,234.94,234.94,2584.94,6,6,533.330255
2026-09-02 06:53:59,936147,4059386,Total Kills Over/Under 30.5 in Game 1?,total_kills,1,2026-09-02 08:00:00,66.0,Under,103806489000291695503284220898756155085098642314498145055405923981803690742938,0.57,0.66,0.615,0.09,304.46,304.46,2954.46,132.0,1512.0,1512.0,6,6,533.330255
2026-09-02 06:53:59,936147,4059387,Total Kills Over/Under 30.5 in Game 2?,total_kills,2,2026-09-02 08:00:00,66.0,Over,250960629603093735033332993997821567495732901004711577017014896526444517552,0.36,0.43,0.395,0.07,709.76,709.76,709.76,86.0,102.9,2082.24,6,6,858.1854619999999
2026-09-02 06:53:59,936147,4059387,Total Kills Over/Under 30.5 in Game 2?,total_kills,2,2026-09-02 08:00:00,66.0,Under,48381236362340560053851779496224028346112141678610455464569321577481897653475,0.57,0.64,0.605,0.07,114.0,133.83,2365.87,1317.77,1317.77,1317.77,6,6,858.1854619999999
2026-09-02 06:53:59,936147,4059389,Total Kills Over/Under 30.5 in Game 4?,total_kills,4,2026-09-02 08:00:00,66.0,Over,38530469248668392139381861431814913862781782593421421431190604075800209612127,0.26,,,,50.54,50.54,50.54,0.0,0.0,0.0,4,0,305.8002
2026-09-02 06:53:59,936147,4059389,Total Kills Over/Under 30.5 in Game 4?,total_kills,4,2026-09-02 08:00:00,66.0,Under,100893473430155116004655675892784973889071738137065348904718068135586115562931,,0.74,,,0.0,0.0,0.0,147.68,147.68,147.68,0,4,305.8002
2026-09-02 06:53:59,936147,4059388,Total Kills Over/Under 30.5 in Game 3?,total_kills,3,2026-09-02 08:00:00,66.0,Over,80955956645851227563872338523728413776626690764104558653678938481490121865495,0.36,0.43,0.395,0.07,746.84,746.84,746.84,86.0,88.3,2273.23,6,7,432.236315
2026-09-02 06:53:59,936147,4059388,Total Kills Over/Under 30.5 in Game 3?,total_kills,3,2026-09-02 08:00:00,66.0,Under,5748869005347059788849380089240844382658411548108429750418420986444868563514,0.57,0.64,0.605,0.07,114.0,116.7,2580.45,1386.82,1386.82,1386.82,7,6,432.236315
2026-09-02 06:59:50,936147,4000244,LoL: Hanwha Life Esports vs T1 - Game 1 Winner,map,1,2026-09-02 08:00:00,60.2,Hanwha Life Esports,10734641664948630564119188299000087308360542360331775061020614529623331903474,0.59,0.6,0.595,0.01,16760.73,28543.56,35868.2,27595.14,32880.14,33806.39,33,19,46950.892392
2026-09-02 06:59:50,936147,4000244,LoL: Hanwha Life Esports vs T1 - Game 1 Winner,map,1,2026-09-02 08:00:00,60.2,T1,9094132034109894688217527755278872327846224632546120485727243231953736941529,0.4,0.41,0.405,0.01,18347.94,21562.94,22061.69,11662.35,20775.18,26874.46,19,33,46950.892392
2026-09-02 06:59:50,936147,4000245,LoL: Hanwha Life Esports vs T1 - Game 2 Winner,map,2,2026-09-02 08:00:00,60.2,Hanwha Life Esports,94843214769480383766507322942929739937927603798324353905843922528772735706377,0.57,0.58,0.575,0.01,539.38,4140.54,8386.14,830.91,10855.92,16854.11,22,19,418.06119
2026-09-02 06:59:50,936147,4000245,LoL: Hanwha Life Esports vs T1 - Game 2 Winner,map,2,2026-09-02 08:00:00,60.2,T1,35453714793284653962184719425495820838338551092982505677958700922100536194952,0.42,0.43,0.425,0.01,585.79,7250.33,10907.85,409.21,3466.38,7365.78,19,22,418.06119
2026-09-02 06:59:50,936147,4000246,LoL: Hanwha Life Esports vs T1 - Game 3 Winner,map,3,2026-09-02 08:00:00,60.2,Hanwha Life Esports,82037966500134222625616994256887508972151143645499372020158235428006475330639,0.58,0.59,0.585,0.01,599.04,1193.67,4961.16,6135.41,12325.59,13199.06,24,20,792.9544689999999
2026-09-02 06:59:50,936147,4000246,LoL: Hanwha Life Esports vs T1 - Game 3 Winner,map,3,2026-09-02 08:00:00,60.2,T1,108991451262166710988960567529218336671208754468579999539092984751820670537254,0.41,0.42,0.415,0.01,4129.88,7944.12,8453.65,451.31,931.78,4163.06,20,24,792.9544689999999
2026-09-02 06:59:50,936147,4000247,LoL: Hanwha Life Esports vs T1 - Game 4 Winner,map,4,2026-09-02 08:00:00,60.2,Hanwha Life Esports,27185823859237477385754211221130737493942244739337847080115422256098738912468,0.56,0.57,0.565,0.01,138.68,143.98,143.98,11611.72,12779.51,12779.51,15,15,41.36
2026-09-02 06:59:50,936147,4000247,LoL: Hanwha Life Esports vs T1 - Game 4 Winner,map,4,2026-09-02 08:00:00,60.2,T1,43792453713203242020422589829133156049817281040504463852728066738713044326183,0.43,0.44,0.435,0.01,8408.84,9220.35,9220.35,108.97,113.67,113.67,15,15,41.36
2026-09-02 06:59:50,936147,4000248,LoL: Hanwha Life Esports vs T1 (BO5) - LCK Playoffs,series,,2026-09-02 08:00:00,60.2,Hanwha Life Esports,17602226504684346368510501060478122888791385343970378097785516838620659389931,0.64,0.65,0.645,0.01,68853.83,85369.17,96892.57,114285.97,129002.35,138173.85,43,24,372818.48204699985
2026-09-02 06:59:50,936147,4000248,LoL: Hanwha Life Esports vs T1 (BO5) - LCK Playoffs,series,,2026-09-02 08:00:00,60.2,T1,42819687634672881483617510271698078404051708570906741617482740253212535042722,0.35,0.36,0.355,0.01,59478.86,66579.33,70640.52,39212.06,49525.32,57328.92,24,43,372818.48204699985
2026-09-02 06:59:50,936147,4000249,Games Total: O/U 3.5,total_games,,2026-09-02 08:00:00,60.2,Over,80317462208036634370611667592517910559057172613751725938330061477906689644871,0.73,0.74,0.735,0.01,2159.33,25278.63,25537.18,26948.95,32065.35,35210.95,29,14,17011.264368999997
2026-09-02 06:59:50,936147,4000249,Games Total: O/U 3.5,total_games,,2026-09-02 08:00:00,60.2,Under,32337683298076683289688582842018186880600108799426881067326201389847076015253,0.26,0.27,0.265,0.01,9090.39,10625.79,11500.19,824.59,10702.36,10819.16,14,29,17011.264368999997
2026-09-02 06:59:50,936147,4000250,Games Total: O/U 4.5,total_games,,2026-09-02 08:00:00,60.2,Over,67028205767593121936564281252261131409439995798362533668702004769898532565964,0.34,0.35,0.345,0.01,3483.67,4614.15,11490.15,2705.85,4228.06,5638.25,18,20,3530.9756030000003
2026-09-02 06:59:50,936147,4000250,Games Total: O/U 4.5,total_games,,2026-09-02 08:00:00,60.2,Under,111556133117845474158087232516235709277283000020725048691506879574040151376855,0.65,0.66,0.655,0.01,5012.55,7523.61,9716.73,6962.72,9467.95,25611.95,20,18,3530.9756030000003
2026-09-02 06:59:50,936147,4000251,Game Handicap: HLE (-1.5) vs T1 (+1.5),handicap,,2026-09-02 08:00:00,60.2,Hanwha Life Esports,10493141932962614934205140811035465300295049925312106570287434531813044973483,0.44,0.45,0.445,0.01,8085.71,18864.86,20044.86,23163.26,51165.34,52155.34,20,24,66068.52268900003
2026-09-02 06:59:50,936147,4000251,Game Handicap: HLE (-1.5) vs T1 (+1.5),handicap,,2026-09-02 08:00:00,60.2,T1,29009672247611046844750391779148532624046214593989504759848221828337202221082,0.55,0.56,0.555,0.01,27595.06,59056.91,60066.91,10485.84,25673.03,27493.03,24,20,66068.52268900003
2026-09-02 06:59:50,936147,4000252,Game Handicap: HLE (-2.5) vs T1 (+2.5),handicap,,2026-09-02 08:00:00,60.2,Hanwha Life Esports,102345138897645643338528677118468766881362327402363406508705558284865003191841,0.2,0.21,0.205,0.01,148.91,1278.73,5460.73,5601.07,11440.6,13130.6,14,34,5850.873283000002
2026-09-02 06:59:50,936147,4000252,Game Handicap: HLE (-2.5) vs T1 (+2.5),handicap,,2026-09-02 08:00:00,60.2,T1,76305669832292268029604931991271246661418893929410638142532260939620551316786,0.79,0.8,0.795,0.01,19893.17,39440.97,44250.97,633.52,5841.62,27859.62,34,15,5850.873283000002
2026-09-02 06:59:50,936147,4000253,Game 1: Both Teams Slay Baron Nashor?,prop,1,2026-09-02 08:00:00,60.2,Yes,93146086577102256204298678979505953849078074539389252153335299070591798600887,0.07,0.98,0.525,0.91,1.95,1.95,2.07,116.62,116.62,116.62,4,2,
2026-09-02 06:59:50,936147,4000253,Game 1: Both Teams Slay Baron Nashor?,prop,1,2026-09-02 08:00:00,60.2,No,62397396836471728045186329952381396277894364048690199148787370308406079873504,0.02,0.93,0.475,0.91,1.38,1.38,1.38,29.53,29.53,35.23,2,4,
2026-09-02 06:59:50,936147,4000254,Game 1: Both Teams Slay a Dragon?,prop,1,2026-09-02 08:00:00,60.2,Yes,38524487372856719802058239041752978100838775077444134383580158056000817208489,0.02,0.93,0.475,0.91,1.28,1.28,1.28,9.3,9.3,14.87,2,3,
2026-09-02 06:59:50,936147,4000254,Game 1: Both Teams Slay a Dragon?,prop,1,2026-09-02 08:00:00,60.2,No,15204516028080642533081196459812008766087030818357039258317298224193212619102,0.07,0.98,0.525,0.91,0.7,0.7,0.81,116.7,116.7,116.7,3,2,
2026-09-02 06:59:50,936147,4000255,Game 1: Both Teams Destroy Inhibitors?,prop,1,2026-09-02 08:00:00,60.2,Yes,53326448950994422414452555514016403317591022200780864858814246245395755848871,0.07,0.97,0.52,0.9,1.05,1.05,1.18,21.16,108.31,108.31,4,3,
2026-09-02 06:59:50,936147,4000255,Game 1: Both Teams Destroy Inhibitors?,prop,1,2026-09-02 08:00:00,60.2,No,34007568137061088623455577434729876802246079637640607021932381235812612134452,0.03,0.93,0.48,0.9,0.5,1.38,1.38,15.43,15.43,21.83,3,4,
2026-09-02 06:59:50,936147,4000256,Game 1: Any Player Quadra Kill?,prop,1,2026-09-02 08:00:00,60.2,Yes,22474955096840959331217225348561101760744235175341307948306551935778821508463,0.01,0.99,0.5,0.98,0.2,0.2,0.2,19.8,19.8,19.8,1,1,
2026-09-02 06:59:50,936147,4000256,Game 1: Any Player Quadra Kill?,prop,1,2026-09-02 08:00:00,60.2,No,70010116755066730675945204508545288178944029331833502803576435564774033662176,0.01,0.99,0.5,0.98,0.2,0.2,0.2,19.8,19.8,19.8,1,1,
2026-09-02 06:59:50,936147,4000257,Game 1: Any Player Penta Kill?,prop,1,2026-09-02 08:00:00,60.2,Yes,32392061463244664374011371719265930175195324793425576808866777706255798484197,0.01,0.14,0.075,0.13,0.2,0.2,0.2,3.97,3.97,3.97,1,6,
2026-09-02 06:59:50,936147,4000257,Game 1: Any Player Penta Kill?,prop,1,2026-09-02 08:00:00,60.2,No,77640614084664768219957861274368510980436867180076340853011873020180879444145,0.86,0.99,0.925,0.13,24.03,24.03,24.03,19.8,19.8,19.8,6,1,
2026-09-02 06:59:50,936147,4000258,Game 1: Odd/Even Total Kills?,odd_even,1,2026-09-02 08:00:00,60.2,Odd,108827565179165251510087675872073156578050684689138105722270806193090503838530,0.49,0.51,0.5,0.02,105.76,110.46,395.07,115.17,115.17,463.04,4,3,
2026-09-02 06:59:50,936147,4000258,Game 1: Odd/Even Total Kills?,odd_even,1,2026-09-02 08:00:00,60.2,Even,7301611815750266505212013035576664627539129145219944939954043282024608538667,0.49,0.51,0.5,0.02,110.66,110.66,395.27,110.07,115.37,463.24,3,4,
2026-09-02 06:59:50,936147,4000259,Game 2: Both Teams Slay Baron Nashor?,prop,2,2026-09-02 08:00:00,60.2,Yes,26580941611231775497434268916596647138639915367438578117383630553602803147665,0.02,0.98,0.5,0.96,1.28,1.28,1.28,116.71,116.71,116.71,2,2,
2026-09-02 06:59:50,936147,4000259,Game 2: Both Teams Slay Baron Nashor?,prop,2,2026-09-02 08:00:00,60.2,No,100795195782021149211222639897723696752492161528664336793375063544818455196843,0.02,0.98,0.5,0.96,1.28,1.28,1.28,116.72,116.72,116.72,2,2,
2026-09-02 06:59:50,936147,4000260,Game 2: Both Teams Slay a Dragon?,prop,2,2026-09-02 08:00:00,60.2,Yes,7647165211636560008480877295863658589900544927319086094514582071550471788190,0.02,0.98,0.5,0.96,1.28,1.28,1.28,116.72,116.72,116.72,2,2,
2026-09-02 06:59:50,936147,4000260,Game 2: Both Teams Slay a Dragon?,prop,2,2026-09-02 08:00:00,60.2,No,38312652442522943276833285095228363825405853198565948971681938085472588119443,0.02,0.98,0.5,0.96,1.28,1.28,1.28,116.72,116.72,116.72,2,2,
2026-09-02 06:59:50,936147,4000261,Game 2: Both Teams Destroy Inhibitors?,prop,2,2026-09-02 08:00:00,60.2,Yes,77459052452756213722987039745546396756742907735368245858946392762245699388078,0.02,0.92,0.47,0.9,1.28,1.28,1.28,14.6,14.6,14.6,2,3,
2026-09-02 06:59:50,936147,4000261,Game 2: Both Teams Destroy Inhibitors?,prop,2,2026-09-02 08:00:00,60.2,No,42982741775104988732603152913859566937731426765614068324359357599623861430770,0.08,0.98,0.53,0.9,1.16,1.16,1.16,116.72,116.72,116.72,3,2,
2026-09-02 06:59:50,936147,4000262,Game 2: Any Player Quadra Kill?,prop,2,2026-09-02 08:00:00,60.2,Yes,23114827239613606199039909863609846703766555028821666365191768631882396210122,0.01,0.99,0.5,0.98,0.2,0.2,0.2,19.8,19.8,19.8,1,1,
2026-09-02 06:59:50,936147,4000262,Game 2: Any Player Quadra Kill?,prop,2,2026-09-02 08:00:00,60.2,No,34882982611710593206012495650602357875797866389249437605106387682496237435474,0.01,0.99,0.5,0.98,0.2,0.2,0.2,19.8,19.8,19.8,1,1,
2026-09-02 06:59:50,936147,4000263,Game 2: Any Player Penta Kill?,prop,2,2026-09-02 08:00:00,60.2,Yes,89851463602513363280889458150548056901497390671549082559791975153304669274722,0.01,0.18,0.095,0.17,0.2,0.2,0.2,9.01,9.01,9.01,1,4,
2026-09-02 06:59:50,936147,4000263,Game 2: Any Player Penta Kill?,prop,2,2026-09-02 08:00:00,60.2,No,76657167681598317018276771830467170760474532730191942904005791001648898016932,0.82,0.99,0.905,0.17,39.68,39.68,39.68,19.8,19.8,19.8,4,1,
2026-09-02 06:59:50,936147,4000264,Game 2: Odd/Even Total Kills?,odd_even,2,2026-09-02 08:00:00,60.2,Odd,19926948821479151314149954395913489860320517308762150293129985004501391652978,0.49,0.51,0.5,0.02,105.76,110.36,394.97,115.17,115.17,463.04,4,3,
2026-09-02 06:59:50,936147,4000264,Game 2: Odd/Even Total Kills?,odd_even,2,2026-09-02 08:00:00,60.2,Even,17406923566277180510326582743311914999596667583010759580438423117266479779042,0.49,0.51,0.5,0.02,110.66,110.66,395.27,110.07,115.47,463.34,3,4,
2026-09-02 06:59:50,936147,4000265,Game 3: Both Teams Slay Baron Nashor?,prop,3,2026-09-02 08:00:00,60.2,Yes,72898465988016784668140978566035896190823170737719888998748173305878130784604,0.02,0.92,0.47,0.9,1.28,1.28,1.28,14.6,14.6,14.6,2,3,
2026-09-02 06:59:50,936147,4000265,Game 3: Both Teams Slay Baron Nashor?,prop,3,2026-09-02 08:00:00,60.2,No,61259761980766796434812314349518047220625334534850126709327053650372878721670,0.08,0.98,0.53,0.9,1.16,1.16,1.16,116.72,116.72,116.72,3,2,
2026-09-02 06:59:50,936147,4000266,Game 3: Both Teams Slay a Dragon?,prop,3,2026-09-02 08:00:00,60.2,Yes,29016659931195283658010080437169080773576593221502697360172267529196401779876,0.08,0.97,0.525,0.89,1.11,1.11,1.11,21.17,108.27,108.27,4,3,
2026-09-02 06:59:50,936147,4000266,Game 3: Both Teams Slay a Dragon?,prop,3,2026-09-02 08:00:00,60.2,No,52507303645384853045196468877499699191744879457368034686349865378835646923976,0.03,0.92,0.475,0.89,0.5,1.38,1.38,14.02,14.02,14.02,3,4,
2026-09-02 06:59:50,936147,4000267,Game 3: Both Teams Destroy Inhibitors?,prop,3,2026-09-02 08:00:00,60.2,Yes,52838954315541697946222845860350452741407966206108720498751207436944088637555,0.02,0.97,0.495,0.95,1.28,1.28,1.28,15.96,113.92,113.92,2,3,
2026-09-02 06:59:50,936147,4000267,Game 3: Both Teams Destroy Inhibitors?,prop,3,2026-09-02 08:00:00,60.2,No,93441612593317368859448449646562250985004074665722706329348452699701514031784,0.03,0.98,0.505,0.95,0.39,1.38,1.38,116.72,116.72,116.72,3,2,
2026-09-02 06:59:50,936147,4000268,Game 3: Any Player Quadra Kill?,prop,3,2026-09-02 08:00:00,60.2,Yes,38020405566695788965357251388580004323154327078778903318213145141050275756230,0.01,0.99,0.5,0.98,0.2,0.2,0.2,19.8,19.8,19.8,1,1,
2026-09-02 06:59:50,936147,4000268,Game 3: Any Player Quadra Kill?,prop,3,2026-09-02 08:00:00,60.2,No,28597079920160132826239354664061191026796075799515942859737365191978222948485,0.01,0.99,0.5,0.98,0.2,0.2,0.2,19.8,19.8,19.8,1,1,
2026-09-02 06:59:50,936147,4000269,Game 3: Any Player Penta Kill?,prop,3,2026-09-02 08:00:00,60.2,Yes,25818450087468056279221103871364684091155449026608761409094787974585674423410,0.01,0.33,0.17,0.32,0.2,0.2,0.2,13.3,13.3,13.3,1,3,
2026-09-02 06:59:50,936147,4000269,Game 3: Any Player Penta Kill?,prop,3,2026-09-02 08:00:00,60.2,No,64211900886481376166420643612395215537917925498332191046420283524442916982158,0.67,0.99,0.83,0.32,26.7,26.7,26.7,19.8,19.8,19.8,3,1,
2026-09-02 06:59:50,936147,4000270,Game 3: Odd/Even Total Kills?,odd_even,3,2026-09-02 08:00:00,60.2,Odd,15654742314760403571803525417370265516875090435320723584018977422757338284070,0.49,0.51,0.5,0.02,105.76,105.76,390.37,115.17,115.17,463.04,4,3,
2026-09-02 06:59:50,936147,4000270,Game 3: Odd/Even Total Kills?,odd_even,3,2026-09-02 08:00:00,60.2,Even,104857101644586659489302816521904903492103117744635602743997701460522299917261,0.49,0.51,0.5,0.02,110.66,110.66,395.27,110.07,110.07,457.94,3,4,
2026-09-02 06:59:50,936147,4000271,Game 4: Both Teams Slay Baron Nashor?,prop,4,2026-09-02 08:00:00,60.2,Yes,62356408012604828982178064882292340995533506140242027840256196017857030363017,0.08,0.98,0.53,0.9,0.8,2.29,2.29,116.7,116.7,116.7,4,2,
2026-09-02 06:59:50,936147,4000271,Game 4: Both Teams Slay Baron Nashor?,prop,4,2026-09-02 08:00:00,60.2,No,91788636055428683920593421680640488891536883071261256377394394977967840429645,0.02,0.92,0.47,0.9,1.28,1.28,1.28,9.2,34.97,34.97,2,4,
2026-09-02 06:59:50,936147,4000272,Game 4: Both Teams Slay a Dragon?,prop,4,2026-09-02 08:00:00,60.2,Yes,83203584164114158027263022883878642041746836654633144827555848117337293604207,0.02,0.97,0.495,0.95,1.28,1.28,1.28,16.92,111.94,111.94,2,3,
2026-09-02 06:59:50,936147,4000272,Game 4: Both Teams Slay a Dragon?,prop,4,2026-09-02 08:00:00,60.2,No,82053351462248981559153275457047015911859357018207289862363439393992037932129,0.03,0.98,0.505,0.95,0.42,1.38,1.38,116.71,116.71,116.71,3,2,
2026-09-02 06:59:50,936147,4000273,Game 4: Both Teams Destroy Inhibitors?,prop,4,2026-09-02 08:00:00,60.2,Yes,14826823168300530105843175396594851843132589180193264039518519229938686751123,0.02,0.98,0.5,0.96,1.28,1.28,1.28,116.69,116.69,116.69,2,2,
2026-09-02 06:59:50,936147,4000273,Game 4: Both Teams Destroy Inhibitors?,prop,4,2026-09-02 08:00:00,60.2,No,4642309791893536667792231855163585184601093249526876723384717111754720262130,0.02,0.98,0.5,0.96,1.28,1.28,1.28,116.71,116.71,116.71,2,2,
2026-09-02 06:59:50,936147,4000274,Game 4: Any Player Quadra Kill?,prop,4,2026-09-02 08:00:00,60.2,Yes,13041789329235213382067252372510043708510064265822781385156997562156671755813,0.01,0.99,0.5,0.98,0.2,0.2,0.2,19.8,19.8,19.8,1,1,
2026-09-02 06:59:50,936147,4000274,Game 4: Any Player Quadra Kill?,prop,4,2026-09-02 08:00:00,60.2,No,61906078143322210428853001145404023129978821493304810408028713073041212560729,0.01,0.99,0.5,0.98,0.2,0.2,0.2,19.8,19.8,19.8,1,1,
2026-09-02 06:59:50,936147,4000275,Game 4: Any Player Penta Kill?,prop,4,2026-09-02 08:00:00,60.2,Yes,32432357688111543882377174835903355401662311457669476969295888963199694824422,0.01,0.99,0.5,0.98,0.2,0.2,0.2,19.8,19.8,19.8,1,1,
2026-09-02 06:59:50,936147,4000275,Game 4: Any Player Penta Kill?,prop,4,2026-09-02 08:00:00,60.2,No,4617799256852857197864126938133010426073689697060245242862641752640679129341,0.01,0.99,0.5,0.98,0.2,0.2,0.2,19.8,19.8,19.8,1,1,
2026-09-02 06:59:50,936147,4000276,Game 4: Odd/Even Total Kills?,odd_even,4,2026-09-02 08:00:00,60.2,Odd,82445579597676482715334501121107741150121968755312650663555776789237825622300,0.49,0.51,0.5,0.02,105.76,110.36,394.97,110.07,115.47,463.34,4,4,
2026-09-02 06:59:50,936147,4000276,Game 4: Odd/Even Total Kills?,odd_even,4,2026-09-02 08:00:00,60.2,Even,59910329812851235339134266389493787978247416660833129937616581052783787806167,0.49,0.51,0.5,0.02,105.76,110.36,394.97,110.07,115.47,463.34,4,4,
2026-09-02 06:59:50,936147,4000277,Game 5: Both Teams Slay Baron Nashor?,prop,5,2026-09-02 08:00:00,60.2,Yes,77066018604040233379350338588590607299672009487600977752104134984252506121329,0.08,0.98,0.53,0.9,0.8,0.8,0.8,116.7,116.7,116.7,2,2,
2026-09-02 06:59:50,936147,4000277,Game 5: Both Teams Slay Baron Nashor?,prop,5,2026-09-02 08:00:00,60.2,No,113061198307446667308409918664161274242165665872982030214940590114781938909980,0.02,0.92,0.47,0.9,1.28,1.28,1.28,9.2,9.2,9.2,2,2,
2026-09-02 06:59:50,936147,4000278,Game 5: Both Teams Slay a Dragon?,prop,5,2026-09-02 08:00:00,60.2,Yes,50386225583647348218613825701655315521963805588620670730405925093860797793941,0.02,0.97,0.495,0.95,1.28,1.28,1.28,16.92,111.94,111.94,2,3,
2026-09-02 06:59:50,936147,4000278,Game 5: Both Teams Slay a Dragon?,prop,5,2026-09-02 08:00:00,60.2,No,65958101632974750482890282331167872972565380466300029511943073805016369825775,0.03,0.98,0.505,0.95,0.42,1.38,1.38,116.71,116.71,116.71,3,2,
2026-09-02 06:59:50,936147,4000279,Game 5: Both Teams Destroy Inhibitors?,prop,5,2026-09-02 08:00:00,60.2,Yes,60691868901076204506867129421738065547322249199404378327558804806221191518482,0.03,0.97,0.5,0.94,0.52,1.38,1.38,21.16,108.29,108.29,3,3,
2026-09-02 06:59:50,936147,4000279,Game 5: Both Teams Destroy Inhibitors?,prop,5,2026-09-02 08:00:00,60.2,No,107034670060567856747157098300876215376953838511509290890193796534679888290723,0.03,0.97,0.5,0.94,0.5,1.38,1.38,22.22,107.51,107.51,3,3,
2026-09-02 06:59:50,936147,4000280,Game 5: Any Player Quadra Kill?,prop,5,2026-09-02 08:00:00,60.2,Yes,37622554544210168597016813527601142861708502761444229672227664382988517507012,0.05,0.99,0.52,0.94,20.5,20.5,20.6,19.8,19.8,19.8,2,1,
2026-09-02 06:59:50,936147,4000280,Game 5: Any Player Quadra Kill?,prop,5,2026-09-02 08:00:00,60.2,No,101771071393268507976536828407881635603923230098768507605348504845564201246418,0.01,0.95,0.48,0.94,0.2,0.2,0.2,389.5,389.5,399.4,1,2,
2026-09-02 06:59:50,936147,4000281,Game 5: Any Player Penta Kill?,prop,5,2026-09-02 08:00:00,60.2,Yes,81884775513417691672953009208263232746237849336120942457457532759198344325709,0.29,0.99,0.64,0.7,4.25,4.25,4.25,19.8,19.8,19.8,4,1,
2026-09-02 06:59:50,936147,4000281,Game 5: Any Player Penta Kill?,prop,5,2026-09-02 08:00:00,60.2,No,72962711808804327573383515612746519999121753888127582650328110970406725796328,0.01,0.71,0.36,0.7,0.2,0.2,0.2,10.75,10.75,10.75,1,4,
2026-09-02 06:59:50,936147,4000282,Game 5: Odd/Even Total Kills?,odd_even,5,2026-09-02 08:00:00,60.2,Odd,63563863948193257516939853810980814506303010879650466407377239673922979120326,0.49,0.51,0.5,0.02,105.76,105.76,390.37,115.17,115.17,463.04,4,3,
2026-09-02 06:59:50,936147,4000282,Game 5: Odd/Even Total Kills?,odd_even,5,2026-09-02 08:00:00,60.2,Even,31397966625285258767459017025370175525895361521471797809472815622525603577625,0.49,0.51,0.5,0.02,110.66,110.66,395.27,110.07,110.07,457.94,3,4,
2026-09-02 06:59:50,936147,4055085,First Blood in Game 3?,first_blood,3,2026-09-02 08:00:00,60.2,Hanwha Life Esports,6451594758063050554390912016674836600356185004196255157849974731344110647386,0.02,0.98,0.5,0.96,1.18,1.18,1.18,111.82,111.82,111.82,2,2,
2026-09-02 06:59:50,936147,4055085,First Blood in Game 3?,first_blood,3,2026-09-02 08:00:00,60.2,T1,111671302443544193400921226285483470020924072924889955867898625329207475298195,0.02,0.98,0.5,0.96,1.18,1.18,1.18,111.82,111.82,111.82,2,2,
2026-09-02 06:59:50,936147,4055087,First Blood in Game 4?,first_blood,4,2026-09-02 08:00:00,60.2,Hanwha Life Esports,44456964354108569655867710024564302868904938042276290336260913514858184823376,0.01,0.98,0.495,0.97,1.18,1.18,1.18,111.17,111.17,111.17,1,2,
2026-09-02 06:59:50,936147,4055087,First Blood in Game 4?,first_blood,4,2026-09-02 08:00:00,60.2,T1,76518710650883538954404102697795011890927096984046628336172266898783561358704,0.02,0.99,0.505,0.97,1.18,1.18,1.18,116.82,116.82,116.82,2,1,
2026-09-02 06:59:50,936147,4055086,First Blood in Game 2?,first_blood,2,2026-09-02 08:00:00,60.2,Hanwha Life Esports,35223590030147782354795494036844700343050892452741564936833152758460370456534,0.02,0.98,0.5,0.96,1.18,1.18,1.18,111.82,111.82,111.82,2,2,
2026-09-02 06:59:50,936147,4055086,First Blood in Game 2?,first_blood,2,2026-09-02 08:00:00,60.2,T1,106973616542563433069735706581115924011405901433670876316339191848137336057195,0.02,0.98,0.5,0.96,1.18,1.18,1.18,109.46,109.46,109.46,2,2,
2026-09-02 06:59:50,936147,4055088,First Blood in Game 1?,first_blood,1,2026-09-02 08:00:00,60.2,Hanwha Life Esports,6734115328655613916670197138642585102833552985709517992186776949945439452651,0.5,0.98,0.74,0.48,305.2,305.2,305.2,108.47,108.47,108.47,3,2,
2026-09-02 06:59:50,936147,4055088,First Blood in Game 1?,first_blood,1,2026-09-02 08:00:00,60.2,T1,46791261602673605151459395071771041257748824118660002290919023281937929398557,0.02,0.5,0.26,0.48,1.18,1.18,1.18,305.3,305.3,305.3,2,3,
2026-09-02 06:59:50,936147,4055089,Total Kills Over/Under 27.5 in Game 3?,total_kills,3,2026-09-02 08:00:00,60.2,Over,50616430506705087897681647196718146017577716130384022997173216917826703310026,0.57,0.58,0.575,0.01,861.64,864.86,864.86,250.51,1654.1,1654.1,27,13,6155.792965999999
2026-09-02 06:59:50,936147,4055089,Total Kills Over/Under 27.5 in Game 3?,total_kills,3,2026-09-02 08:00:00,60.2,Under,55550770098276678307197609580896886259143674423848398992865344330286825227241,0.42,0.43,0.425,0.01,180.97,1116.71,1116.71,676.82,679.46,679.46,13,27,6155.792965999999
2026-09-02 06:59:50,936147,4055090,Total Kills Over/Under 24.5 in Game 4?,total_kills,4,2026-09-02 08:00:00,60.2,Over,50937948202535216666099489933019249094813003234790028978062979140763968241350,0.5,0.99,0.745,0.49,50.0,50.0,50.0,106.92,106.92,106.92,4,1,
2026-09-02 06:59:50,936147,4055090,Total Kills Over/Under 24.5 in Game 4?,total_kills,4,2026-09-02 08:00:00,60.2,Under,82790280916601472675958827250914597214041032387568744996207353240021196821931,0.01,0.5,0.255,0.49,1.08,1.08,1.08,50.0,50.0,50.0,1,4,
2026-09-02 06:59:50,936147,4055092,Total Kills Over/Under 27.5 in Game 1?,total_kills,1,2026-09-02 08:00:00,60.2,Over,114058681503214293966788885801573541974530629733277803804341358373124587463134,0.54,0.59,0.565,0.05,185.26,185.26,197.51,2430.65,2430.65,2430.65,24,12,5983.719345
2026-09-02 06:59:50,936147,4055092,Total Kills Over/Under 27.5 in Game 1?,total_kills,1,2026-09-02 08:00:00,60.2,Under,21408934269837174665866968434746455120787958707568100175761023291654701885732,0.41,0.46,0.435,0.05,1631.54,1631.54,1631.54,158.21,158.21,170.96,12,24,5983.719345
2026-09-02 06:59:50,936147,4055091,Total Kills Over/Under 27.5 in Game 2?,total_kills,2,2026-09-02 08:00:00,60.2,Over,29572624698451375099490457589006933490436512891007706168731140171251928387948,0.52,0.57,0.545,0.05,1277.82,2350.58,2350.58,358.81,373.81,1748.57,19,15,5008.826838
2026-09-02 06:59:50,936147,4055091,Total Kills Over/Under 27.5 in Game 2?,total_kills,2,2026-09-02 08:00:00,60.2,Under,12802913080296758871246561850481235290764757727562319189118152924456489918965,0.43,0.48,0.455,0.05,263.54,273.54,1152.48,1226.82,2299.57,2299.57,15,19,5008.826838
2026-09-02 06:59:50,936147,4055093,Total Kills Over/Under 27.5 in Game 4?,total_kills,4,2026-09-02 08:00:00,60.2,Over,44684731289280816949050731630888842831358234224068234967091902258366469917544,0.4,0.58,0.49,0.18,32.0,32.0,32.0,232.0,232.0,235.21,4,4,
2026-09-02 06:59:50,936147,4055093,Total Kills Over/Under 27.5 in Game 4?,total_kills,4,2026-09-02 08:00:00,60.2,Under,18586723199912527744436187003870377599099726122064196226794794950393327684565,0.42,0.6,0.51,0.18,168.0,168.0,169.89,48.0,48.0,48.0,4,4,
2026-09-02 06:59:50,936147,4055094,Total Kills Over/Under 24.5 in Game 3?,total_kills,3,2026-09-02 08:00:00,60.2,Over,60419029194322599109502232725144838069075057110504558087907518068397627928602,0.67,0.75,0.71,0.08,169.45,169.45,169.45,157.58,157.58,172.63,5,5,123.17073
2026-09-02 06:59:50,936147,4055094,Total Kills Over/Under 24.5 in Game 3?,total_kills,3,2026-09-02 08:00:00,60.2,Under,55368970242395556386896319902906582248387755687561050449261077374383461775588,0.25,0.33,0.29,0.08,52.46,52.46,56.46,83.54,83.54,83.54,5,5,123.17073
2026-09-02 06:59:50,936147,4055095,Total Kills Over/Under 24.5 in Game 2?,total_kills,2,2026-09-02 08:00:00,60.2,Over,89070087442125703399649573813340602678009036476143503524794827166960613745678,0.69,0.74,0.715,0.05,161.4,161.4,161.4,148.0,169.12,169.12,6,5,121.42857
2026-09-02 06:59:50,936147,4055095,Total Kills Over/Under 24.5 in Game 2?,total_kills,2,2026-09-02 08:00:00,60.2,Under,99662990254382299993439618179836862401378421343854774850808929203233884338029,0.26,0.31,0.285,0.05,52.0,58.37,58.37,72.59,72.59,72.59,5,6,121.42857
2026-09-02 06:59:50,936147,4055096,Total Kills Over/Under 24.5 in Game 1?,total_kills,1,2026-09-02 08:00:00,60.2,Over,70576898803566127666107944114399469021804224373235543306362698958964445128829,0.68,0.76,0.72,0.08,149.6,149.6,149.6,36.48,50.99,50.99,6,5,125.769953
2026-09-02 06:59:50,936147,4055096,Total Kills Over/Under 24.5 in Game 1?,total_kills,1,2026-09-02 08:00:00,60.2,Under,36403691426434302394786586218755871489976678966422192558513810298433439047497,0.24,0.32,0.28,0.08,11.52,15.61,15.61,70.4,70.4,70.4,5,6,125.769953
2026-09-02 06:59:50,936147,4059386,Total Kills Over/Under 30.5 in Game 1?,total_kills,1,2026-09-02 08:00:00,60.2,Over,27563047472284349159145124070497736444752851592398947811153508318500279378284,0.34,0.43,0.385,0.09,67.32,687.32,687.32,233.94,233.94,2583.94,5,6,533.330255
2026-09-02 06:59:50,936147,4059386,Total Kills Over/Under 30.5 in Game 1?,total_kills,1,2026-09-02 08:00:00,60.2,Under,103806489000291695503284220898756155085098642314498145055405923981803690742938,0.57,0.66,0.615,0.09,303.13,303.13,2953.13,130.68,1510.68,1510.68,6,5,533.330255
2026-09-02 06:59:50,936147,4059387,Total Kills Over/Under 30.5 in Game 2?,total_kills,2,2026-09-02 08:00:00,60.2,Over,250960629603093735033332993997821567495732901004711577017014896526444517552,0.36,0.43,0.395,0.07,709.76,709.76,709.76,86.0,101.9,2081.28,4,6,858.1854619999999
2026-09-02 06:59:50,936147,4059387,Total Kills Over/Under 30.5 in Game 2?,total_kills,2,2026-09-02 08:00:00,60.2,Under,48381236362340560053851779496224028346112141678610455464569321577481897653475,0.57,0.64,0.605,0.07,114.0,132.67,2364.74,1317.77,1317.77,1317.77,6,4,858.1854619999999
2026-09-02 06:59:50,936147,4059389,Total Kills Over/Under 30.5 in Game 4?,total_kills,4,2026-09-02 08:00:00,60.2,Over,38530469248668392139381861431814913862781782593421421431190604075800209612127,0.26,0.6,0.43,0.34,50.54,50.54,50.54,128.84,128.84,128.84,6,1,305.8002
2026-09-02 06:59:50,936147,4059389,Total Kills Over/Under 30.5 in Game 4?,total_kills,4,2026-09-02 08:00:00,60.2,Under,100893473430155116004655675892784973889071738137065348904718068135586115562931,0.4,0.74,0.57,0.34,85.9,85.9,85.9,147.68,147.68,147.68,1,6,305.8002
2026-09-02 06:59:50,936147,4059388,Total Kills Over/Under 30.5 in Game 3?,total_kills,3,2026-09-02 08:00:00,60.2,Over,80955956645851227563872338523728413776626690764104558653678938481490121865495,0.36,0.43,0.395,0.07,746.84,746.84,746.84,86.0,87.3,2272.23,5,7,432.236315
2026-09-02 06:59:50,936147,4059388,Total Kills Over/Under 30.5 in Game 3?,total_kills,3,2026-09-02 08:00:00,60.2,Under,5748869005347059788849380089240844382658411548108429750418420986444868563514,0.57,0.64,0.605,0.07,114.0,115.52,2579.28,1386.82,1386.82,1386.82,7,5,432.236315
2026-09-02 07:05:44,936147,4000244,LoL: Hanwha Life Esports vs T1 - Game 1 Winner,map,1,2026-09-02 08:00:00,54.3,Hanwha Life Esports,10734641664948630564119188299000087308360542360331775061020614529623331903474,0.59,0.6,0.595,0.01,16761.23,28130.24,37309.88,21789.54,27134.54,29087.59,32,22,46950.892392
2026-09-02 07:05:44,936147,4000244,LoL: Hanwha Life Esports vs T1 - Game 1 Winner,map,1,2026-09-02 08:00:00,54.3,T1,9094132034109894688217527755278872327846224632546120485727243231953736941529,0.4,0.41,0.405,0.01,14410.87,17565.87,18657.81,11661.85,20462.5,28006.78,22,32,46950.892392
2026-09-02 07:05:44,936147,4000245,LoL: Hanwha Life Esports vs T1 - Game 2 Winner,map,2,2026-09-02 08:00:00,54.3,Hanwha Life Esports,94843214769480383766507322942929739937927603798324353905843922528772735706377,0.57,0.58,0.575,0.01,390.95,4412.74,8718.34,339.85,9966.66,16024.85,21,21,418.06119
2026-09-02 07:05:44,936147,4000245,LoL: Hanwha Life Esports vs T1 - Game 2 Winner,map,2,2026-09-02 08:00:00,54.3,T1,35453714793284653962184719425495820838338551092982505677958700922100536194952,0.42,0.43,0.425,0.01,239.89,6572.29,10169.81,302.15,3625.66,7465.06,21,21,418.06119
2026-09-02 07:05:44,936147,4000246,LoL: Hanwha Life Esports vs T1 - Game 3 Winner,map,3,2026-09-02 08:00:00,54.3,Hanwha Life Esports,82037966500134222625616994256887508972151143645499372020158235428006475330639,0.58,0.59,0.585,0.01,188.64,3541.87,8330.15,2538.92,7449.1,12695.41,22,21,792.9544689999999
2026-09-02 07:05:44,936147,4000246,LoL: Hanwha Life Esports vs T1 - Game 3 Winner,map,3,2026-09-02 08:00:00,54.3,T1,108991451262166710988960567529218336671208754468579999539092984751820670537254,0.41,0.42,0.415,0.01,1715.37,4809.61,7872.6,141.71,2879.04,7091.02,21,22,792.9544689999999
2026-09-02 07:05:44,936147,4000247,LoL: Hanwha Life Esports vs T1 - Game 4 Winner,map,4,2026-09-02 08:00:00,54.3,Hanwha Life Esports,27185823859237477385754211221130737493942244739337847080115422256098738912468,0.56,0.57,0.565,0.01,138.68,138.68,138.68,11611.72,12779.51,12779.51,14,15,41.36
2026-09-02 07:05:44,936147,4000247,LoL: Hanwha Life Esports vs T1 - Game 4 Winner,map,4,2026-09-02 08:00:00,54.3,T1,43792453713203242020422589829133156049817281040504463852728066738713044326183,0.43,0.44,0.435,0.01,8408.84,9220.35,9220.35,108.97,108.97,108.97,15,14,41.36
2026-09-02 07:05:44,936147,4000248,LoL: Hanwha Life Esports vs T1 (BO5) - LCK Playoffs,series,,2026-09-02 08:00:00,54.3,Hanwha Life Esports,17602226504684346368510501060478122888791385343970378097785516838620659389931,0.64,0.65,0.645,0.01,114284.44,131380.13,142963.53,109620.58,124327.36,133600.3,43,24,372818.48204699985
2026-09-02 07:05:44,936147,4000248,LoL: Hanwha Life Esports vs T1 (BO5) - LCK Playoffs,series,,2026-09-02 08:00:00,54.3,T1,42819687634672881483617510271698078404051708570906741617482740253212535042722,0.35,0.36,0.355,0.01,56975.83,64070.9,68090.65,65642.33,76182.24,83925.84,24,43,372818.48204699985
2026-09-02 07:05:44,936147,4000249,Games Total: O/U 3.5,total_games,,2026-09-02 08:00:00,54.3,Over,80317462208036634370611667592517910559057172613751725938330061477906689644871,0.73,0.74,0.735,0.01,803.57,22538.37,22796.92,26163.31,31229.71,34375.31,29,14,17011.264368999997
2026-09-02 07:05:44,936147,4000249,Games Total: O/U 3.5,total_games,,2026-09-02 08:00:00,54.3,Under,32337683298076683289688582842018186880600108799426881067326201389847076015253,0.26,0.27,0.265,0.01,8815.03,10400.43,11274.83,297.35,9609.62,9726.42,14,29,17011.264368999997
2026-09-02 07:05:44,936147,4000250,Games Total: O/U 4.5,total_games,,2026-09-02 08:00:00,54.3,Over,67028205767593121936564281252261131409439995798362533668702004769898532565964,0.34,0.35,0.345,0.01,3483.67,4381.65,11982.65,2443.35,3965.56,4979.26,18,20,3530.9756030000003
2026-09-02 07:05:44,936147,4000250,Games Total: O/U 4.5,total_games,,2026-09-02 08:00:00,54.3,Under,111556133117845474158087232516235709277283000020725048691506879574040151376855,0.65,0.66,0.655,0.01,4525.05,7036.11,8620.64,6962.72,8950.45,26869.45,20,18,3530.9756030000003
2026-09-02 07:05:44,936147,4000251,Game Handicap: HLE (-1.5) vs T1 (+1.5),handicap,,2026-09-02 08:00:00,54.3,Hanwha Life Esports,10493141932962614934205140811035465300295049925312106570287434531813044973483,0.44,0.45,0.445,0.01,9975.56,19074.71,19864.71,22051.69,47658.77,50608.77,21,25,66068.52268900003
2026-09-02 07:05:44,936147,4000251,Game Handicap: HLE (-1.5) vs T1 (+1.5),handicap,,2026-09-02 08:00:00,54.3,T1,29009672247611046844750391779148532624046214593989504759848221828337202221082,0.55,0.56,0.555,0.01,26236.4,55093.25,58143.25,12990.99,25858.18,27068.18,25,21,66068.52268900003
2026-09-02 07:05:44,936147,4000252,Game Handicap: HLE (-2.5) vs T1 (+2.5),handicap,,2026-09-02 08:00:00,54.3,Hanwha Life Esports,102345138897645643338528677118468766881362327402363406508705558284865003191841,0.2,0.21,0.205,0.01,22.8,1884.32,5426.32,5454.07,11293.6,12723.6,15,34,5850.873283000002
2026-09-02 07:05:44,936147,4000252,Game Handicap: HLE (-2.5) vs T1 (+2.5),handicap,,2026-09-02 08:00:00,54.3,T1,76305669832292268029604931991271246661418893929410638142532260939620551316786,0.79,0.8,0.795,0.01,19340.17,38887.97,42957.97,94.85,8914.03,27572.03,34,15,5850.873283000002
2026-09-02 07:05:44,936147,4000253,Game 1: Both Teams Slay Baron Nashor?,prop,1,2026-09-02 08:00:00,54.3,Yes,93146086577102256204298678979505953849078074539389252153335299070591798600887,0.07,0.98,0.525,0.91,1.95,1.95,2.07,116.61,116.61,116.61,4,2,
2026-09-02 07:05:44,936147,4000253,Game 1: Both Teams Slay Baron Nashor?,prop,1,2026-09-02 08:00:00,54.3,No,62397396836471728045186329952381396277894364048690199148787370308406079873504,0.02,0.93,0.475,0.91,1.38,1.38,1.38,29.53,29.53,35.23,2,4,
2026-09-02 07:05:44,936147,4000254,Game 1: Both Teams Slay a Dragon?,prop,1,2026-09-02 08:00:00,54.3,Yes,38524487372856719802058239041752978100838775077444134383580158056000817208489,0.02,0.93,0.475,0.91,1.28,1.28,1.28,9.3,9.3,14.87,2,3,
2026-09-02 07:05:44,936147,4000254,Game 1: Both Teams Slay a Dragon?,prop,1,2026-09-02 08:00:00,54.3,No,15204516028080642533081196459812008766087030818357039258317298224193212619102,0.07,0.98,0.525,0.91,0.7,0.7,0.81,116.7,116.7,116.7,3,2,
2026-09-02 07:05:44,936147,4000255,Game 1: Both Teams Destroy Inhibitors?,prop,1,2026-09-02 08:00:00,54.3,Yes,53326448950994422414452555514016403317591022200780864858814246245395755848871,0.07,0.97,0.52,0.9,1.05,1.05,1.18,21.16,108.31,108.31,4,3,
2026-09-02 07:05:44,936147,4000255,Game 1: Both Teams Destroy Inhibitors?,prop,1,2026-09-02 08:00:00,54.3,No,34007568137061088623455577434729876802246079637640607021932381235812612134452,0.03,0.93,0.48,0.9,0.5,1.38,1.38,15.43,15.43,21.83,3,4,
2026-09-02 07:05:44,936147,4000256,Game 1: Any Player Quadra Kill?,prop,1,2026-09-02 08:00:00,54.3,Yes,22474955096840959331217225348561101760744235175341307948306551935778821508463,0.01,0.99,0.5,0.98,0.2,0.2,0.2,19.8,19.8,19.8,1,1,
2026-09-02 07:05:44,936147,4000256,Game 1: Any Player Quadra Kill?,prop,1,2026-09-02 08:00:00,54.3,No,70010116755066730675945204508545288178944029331833502803576435564774033662176,0.01,0.99,0.5,0.98,0.2,0.2,0.2,19.8,19.8,19.8,1,1,
2026-09-02 07:05:44,936147,4000257,Game 1: Any Player Penta Kill?,prop,1,2026-09-02 08:00:00,54.3,Yes,32392061463244664374011371719265930175195324793425576808866777706255798484197,0.01,0.14,0.075,0.13,0.2,0.2,0.2,3.97,3.97,3.97,1,6,
2026-09-02 07:05:44,936147,4000257,Game 1: Any Player Penta Kill?,prop,1,2026-09-02 08:00:00,54.3,No,77640614084664768219957861274368510980436867180076340853011873020180879444145,0.86,0.99,0.925,0.13,24.03,24.03,24.03,19.8,19.8,19.8,6,1,
2026-09-02 07:05:44,936147,4000258,Game 1: Odd/Even Total Kills?,odd_even,1,2026-09-02 08:00:00,54.3,Odd,108827565179165251510087675872073156578050684689138105722270806193090503838530,0.49,0.51,0.5,0.02,105.76,110.46,395.07,115.17,115.17,463.04,4,3,
2026-09-02 07:05:44,936147,4000258,Game 1: Odd/Even Total Kills?,odd_even,1,2026-09-02 08:00:00,54.3,Even,7301611815750266505212013035576664627539129145219944939954043282024608538667,0.49,0.51,0.5,0.02,110.66,110.66,395.27,110.07,115.37,463.24,3,4,
2026-09-02 07:05:44,936147,4000259,Game 2: Both Teams Slay Baron Nashor?,prop,2,2026-09-02 08:00:00,54.3,Yes,26580941611231775497434268916596647138639915367438578117383630553602803147665,0.02,0.98,0.5,0.96,1.28,1.28,1.28,116.71,116.71,116.71,2,2,
2026-09-02 07:05:44,936147,4000259,Game 2: Both Teams Slay Baron Nashor?,prop,2,2026-09-02 08:00:00,54.3,No,100795195782021149211222639897723696752492161528664336793375063544818455196843,0.02,0.98,0.5,0.96,1.28,1.28,1.28,116.72,116.72,116.72,2,2,
2026-09-02 07:05:44,936147,4000260,Game 2: Both Teams Slay a Dragon?,prop,2,2026-09-02 08:00:00,54.3,Yes,7647165211636560008480877295863658589900544927319086094514582071550471788190,0.02,0.98,0.5,0.96,1.28,1.28,1.28,116.72,116.72,116.72,2,2,
2026-09-02 07:05:44,936147,4000260,Game 2: Both Teams Slay a Dragon?,prop,2,2026-09-02 08:00:00,54.3,No,38312652442522943276833285095228363825405853198565948971681938085472588119443,0.02,0.98,0.5,0.96,1.28,1.28,1.28,116.72,116.72,116.72,2,2,
2026-09-02 07:05:44,936147,4000261,Game 2: Both Teams Destroy Inhibitors?,prop,2,2026-09-02 08:00:00,54.3,Yes,77459052452756213722987039745546396756742907735368245858946392762245699388078,0.02,0.92,0.47,0.9,1.28,1.28,1.28,14.6,14.6,14.6,2,3,
2026-09-02 07:05:44,936147,4000261,Game 2: Both Teams Destroy Inhibitors?,prop,2,2026-09-02 08:00:00,54.3,No,42982741775104988732603152913859566937731426765614068324359357599623861430770,0.08,0.98,0.53,0.9,1.16,1.16,1.16,116.72,116.72,116.72,3,2,
2026-09-02 07:05:44,936147,4000262,Game 2: Any Player Quadra Kill?,prop,2,2026-09-02 08:00:00,54.3,Yes,23114827239613606199039909863609846703766555028821666365191768631882396210122,0.01,0.99,0.5,0.98,0.2,0.2,0.2,19.8,19.8,19.8,1,1,
2026-09-02 07:05:44,936147,4000262,Game 2: Any Player Quadra Kill?,prop,2,2026-09-02 08:00:00,54.3,No,34882982611710593206012495650602357875797866389249437605106387682496237435474,0.01,0.99,0.5,0.98,0.2,0.2,0.2,19.8,19.8,19.8,1,1,
2026-09-02 07:05:44,936147,4000263,Game 2: Any Player Penta Kill?,prop,2,2026-09-02 08:00:00,54.3,Yes,89851463602513363280889458150548056901497390671549082559791975153304669274722,0.01,0.12,0.065,0.11,0.2,0.2,0.2,5.75,5.75,5.75,1,4,
2026-09-02 07:05:44,936147,4000263,Game 2: Any Player Penta Kill?,prop,2,2026-09-02 08:00:00,54.3,No,76657167681598317018276771830467170760474532730191942904005791001648898016932,0.88,0.99,0.935,0.11,40.23,40.23,40.23,19.8,19.8,19.8,4,1,
2026-09-02 07:05:44,936147,4000264,Game 2: Odd/Even Total Kills?,odd_even,2,2026-09-02 08:00:00,54.3,Odd,19926948821479151314149954395913489860320517308762150293129985004501391652978,0.49,0.51,0.5,0.02,105.76,110.36,394.97,115.17,115.17,463.04,4,3,
2026-09-02 07:05:44,936147,4000264,Game 2: Odd/Even Total Kills?,odd_even,2,2026-09-02 08:00:00,54.3,Even,17406923566277180510326582743311914999596667583010759580438423117266479779042,0.49,0.51,0.5,0.02,110.66,110.66,395.27,110.07,115.47,463.34,3,4,
2026-09-02 07:05:44,936147,4000265,Game 3: Both Teams Slay Baron Nashor?,prop,3,2026-09-02 08:00:00,54.3,Yes,72898465988016784668140978566035896190823170737719888998748173305878130784604,0.02,0.92,0.47,0.9,1.28,1.28,1.28,14.6,14.6,14.6,2,3,
2026-09-02 07:05:44,936147,4000265,Game 3: Both Teams Slay Baron Nashor?,prop,3,2026-09-02 08:00:00,54.3,No,61259761980766796434812314349518047220625334534850126709327053650372878721670,0.08,0.98,0.53,0.9,1.16,1.16,1.16,116.72,116.72,116.72,3,2,
2026-09-02 07:05:44,936147,4000266,Game 3: Both Teams Slay a Dragon?,prop,3,2026-09-02 08:00:00,54.3,Yes,29016659931195283658010080437169080773576593221502697360172267529196401779876,0.08,0.97,0.525,0.89,1.11,1.11,1.11,21.17,108.27,108.27,4,3,
2026-09-02 07:05:44,936147,4000266,Game 3: Both Teams Slay a Dragon?,prop,3,2026-09-02 08:00:00,54.3,No,52507303645384853045196468877499699191744879457368034686349865378835646923976,0.03,0.92,0.475,0.89,0.5,1.38,1.38,14.02,14.02,14.02,3,4,
2026-09-02 07:05:44,936147,4000267,Game 3: Both Teams Destroy Inhibitors?,prop,3,2026-09-02 08:00:00,54.3,Yes,52838954315541697946222845860350452741407966206108720498751207436944088637555,0.02,0.97,0.495,0.95,1.28,1.28,1.28,15.96,113.92,113.92,2,3,
2026-09-02 07:05:44,936147,4000267,Game 3: Both Teams Destroy Inhibitors?,prop,3,2026-09-02 08:00:00,54.3,No,93441612593317368859448449646562250985004074665722706329348452699701514031784,0.03,0.98,0.505,0.95,0.39,1.38,1.38,116.72,116.72,116.72,3,2,
2026-09-02 07:05:44,936147,4000268,Game 3: Any Player Quadra Kill?,prop,3,2026-09-02 08:00:00,54.3,Yes,38020405566695788965357251388580004323154327078778903318213145141050275756230,0.01,0.99,0.5,0.98,0.2,0.2,0.2,19.8,19.8,19.8,1,1,
2026-09-02 07:05:44,936147,4000268,Game 3: Any Player Quadra Kill?,prop,3,2026-09-02 08:00:00,54.3,No,28597079920160132826239354664061191026796075799515942859737365191978222948485,0.01,0.99,0.5,0.98,0.2,0.2,0.2,19.8,19.8,19.8,1,1,
2026-09-02 07:05:44,936147,4000269,Game 3: Any Player Penta Kill?,prop,3,2026-09-02 08:00:00,54.3,Yes,25818450087468056279221103871364684091155449026608761409094787974585674423410,0.01,0.31,0.16,0.3,0.2,0.2,0.2,18.59,18.59,18.59,1,3,
2026-09-02 07:05:44,936147,4000269,Game 3: Any Player Penta Kill?,prop,3,2026-09-02 08:00:00,54.3,No,64211900886481376166420643612395215537917925498332191046420283524442916982158,0.69,0.99,0.84,0.3,40.41,40.41,40.41,19.8,19.8,19.8,3,1,
2026-09-02 07:05:44,936147,4000270,Game 3: Odd/Even Total Kills?,odd_even,3,2026-09-02 08:00:00,54.3,Odd,15654742314760403571803525417370265516875090435320723584018977422757338284070,0.49,0.51,0.5,0.02,105.76,105.76,390.37,115.17,115.17,463.04,4,3,
2026-09-02 07:05:44,936147,4000270,Game 3: Odd/Even Total Kills?,odd_even,3,2026-09-02 08:00:00,54.3,Even,104857101644586659489302816521904903492103117744635602743997701460522299917261,0.49,0.51,0.5,0.02,110.66,110.66,395.27,110.07,110.07,457.94,3,4,
2026-09-02 07:05:44,936147,4000271,Game 4: Both Teams Slay Baron Nashor?,prop,4,2026-09-02 08:00:00,54.3,Yes,62356408012604828982178064882292340995533506140242027840256196017857030363017,0.08,0.98,0.53,0.9,0.8,2.29,2.29,116.7,116.7,116.7,4,2,
2026-09-02 07:05:44,936147,4000271,Game 4: Both Teams Slay Baron Nashor?,prop,4,2026-09-02 08:00:00,54.3,No,91788636055428683920593421680640488891536883071261256377394394977967840429645,0.02,0.92,0.47,0.9,1.28,1.28,1.28,9.2,34.97,34.97,2,4,
2026-09-02 07:05:44,936147,4000272,Game 4: Both Teams Slay a Dragon?,prop,4,2026-09-02 08:00:00,54.3,Yes,83203584164114158027263022883878642041746836654633144827555848117337293604207,0.02,0.97,0.495,0.95,1.28,1.28,1.28,16.92,111.94,111.94,2,3,
2026-09-02 07:05:44,936147,4000272,Game 4: Both Teams Slay a Dragon?,prop,4,2026-09-02 08:00:00,54.3,No,82053351462248981559153275457047015911859357018207289862363439393992037932129,0.03,0.98,0.505,0.95,0.42,1.38,1.38,116.71,116.71,116.71,3,2,
2026-09-02 07:05:44,936147,4000273,Game 4: Both Teams Destroy Inhibitors?,prop,4,2026-09-02 08:00:00,54.3,Yes,14826823168300530105843175396594851843132589180193264039518519229938686751123,0.02,0.98,0.5,0.96,1.28,1.28,1.28,116.69,116.69,116.69,2,2,
2026-09-02 07:05:44,936147,4000273,Game 4: Both Teams Destroy Inhibitors?,prop,4,2026-09-02 08:00:00,54.3,No,4642309791893536667792231855163585184601093249526876723384717111754720262130,0.02,0.98,0.5,0.96,1.28,1.28,1.28,116.71,116.71,116.71,2,2,
2026-09-02 07:05:44,936147,4000274,Game 4: Any Player Quadra Kill?,prop,4,2026-09-02 08:00:00,54.3,Yes,13041789329235213382067252372510043708510064265822781385156997562156671755813,0.01,0.99,0.5,0.98,0.2,0.2,0.2,19.8,19.8,19.8,1,1,
2026-09-02 07:05:44,936147,4000274,Game 4: Any Player Quadra Kill?,prop,4,2026-09-02 08:00:00,54.3,No,61906078143322210428853001145404023129978821493304810408028713073041212560729,0.01,0.99,0.5,0.98,0.2,0.2,0.2,19.8,19.8,19.8,1,1,
2026-09-02 07:05:44,936147,4000275,Game 4: Any Player Penta Kill?,prop,4,2026-09-02 08:00:00,54.3,Yes,32432357688111543882377174835903355401662311457669476969295888963199694824422,0.01,0.99,0.5,0.98,0.2,0.2,0.2,19.8,19.8,19.8,1,1,
2026-09-02 07:05:44,936147,4000275,Game 4: Any Player Penta Kill?,prop,4,2026-09-02 08:00:00,54.3,No,4617799256852857197864126938133010426073689697060245242862641752640679129341,0.01,0.99,0.5,0.98,0.2,0.2,0.2,19.8,19.8,19.8,1,1,
2026-09-02 07:05:44,936147,4000276,Game 4: Odd/Even Total Kills?,odd_even,4,2026-09-02 08:00:00,54.3,Odd,82445579597676482715334501121107741150121968755312650663555776789237825622300,0.49,0.51,0.5,0.02,105.76,110.36,394.97,110.07,115.47,463.34,4,4,
2026-09-02 07:05:44,936147,4000276,Game 4: Odd/Even Total Kills?,odd_even,4,2026-09-02 08:00:00,54.3,Even,59910329812851235339134266389493787978247416660833129937616581052783787806167,0.49,0.51,0.5,0.02,105.76,110.36,394.97,110.07,115.47,463.34,4,4,
2026-09-02 07:05:44,936147,4000277,Game 5: Both Teams Slay Baron Nashor?,prop,5,2026-09-02 08:00:00,54.3,Yes,77066018604040233379350338588590607299672009487600977752104134984252506121329,0.08,0.98,0.53,0.9,0.8,0.8,0.8,116.7,116.7,116.7,2,2,
2026-09-02 07:05:44,936147,4000277,Game 5: Both Teams Slay Baron Nashor?,prop,5,2026-09-02 08:00:00,54.3,No,113061198307446667308409918664161274242165665872982030214940590114781938909980,0.02,0.92,0.47,0.9,1.28,1.28,1.28,9.2,9.2,9.2,2,2,
2026-09-02 07:05:44,936147,4000278,Game 5: Both Teams Slay a Dragon?,prop,5,2026-09-02 08:00:00,54.3,Yes,50386225583647348218613825701655315521963805588620670730405925093860797793941,0.02,0.97,0.495,0.95,1.28,1.28,1.28,16.92,111.94,111.94,2,3,
2026-09-02 07:05:44,936147,4000278,Game 5: Both Teams Slay a Dragon?,prop,5,2026-09-02 08:00:00,54.3,No,65958101632974750482890282331167872972565380466300029511943073805016369825775,0.03,0.98,0.505,0.95,0.42,1.38,1.38,116.71,116.71,116.71,3,2,
2026-09-02 07:05:44,936147,4000279,Game 5: Both Teams Destroy Inhibitors?,prop,5,2026-09-02 08:00:00,54.3,Yes,60691868901076204506867129421738065547322249199404378327558804806221191518482,0.03,0.97,0.5,0.94,0.39,1.38,1.38,21.16,108.29,108.29,3,3,
2026-09-02 07:05:44,936147,4000279,Game 5: Both Teams Destroy Inhibitors?,prop,5,2026-09-02 08:00:00,54.3,No,107034670060567856747157098300876215376953838511509290890193796534679888290723,0.03,0.97,0.5,0.94,0.5,1.38,1.38,15.96,113.9,113.9,3,3,
2026-09-02 07:05:44,936147,4000280,Game 5: Any Player Quadra Kill?,prop,5,2026-09-02 08:00:00,54.3,Yes,37622554544210168597016813527601142861708502761444229672227664382988517507012,0.05,0.99,0.52,0.94,20.5,20.5,20.6,19.8,19.8,19.8,2,1,
2026-09-02 07:05:44,936147,4000280,Game 5: Any Player Quadra Kill?,prop,5,2026-09-02 08:00:00,54.3,No,101771071393268507976536828407881635603923230098768507605348504845564201246418,0.01,0.95,0.48,0.94,0.2,0.2,0.2,389.5,389.5,399.4,1,2,
2026-09-02 07:05:44,936147,4000281,Game 5: Any Player Penta Kill?,prop,5,2026-09-02 08:00:00,54.3,Yes,81884775513417691672953009208263232746237849336120942457457532759198344325709,0.29,0.99,0.64,0.7,4.25,4.25,4.25,19.8,19.8,19.8,4,1,
2026-09-02 07:05:44,936147,4000281,Game 5: Any Player Penta Kill?,prop,5,2026-09-02 08:00:00,54.3,No,72962711808804327573383515612746519999121753888127582650328110970406725796328,0.01,0.71,0.36,0.7,0.2,0.2,0.2,10.75,10.75,10.75,1,4,
2026-09-02 07:05:44,936147,4000282,Game 5: Odd/Even Total Kills?,odd_even,5,2026-09-02 08:00:00,54.3,Odd,63563863948193257516939853810980814506303010879650466407377239673922979120326,0.49,0.51,0.5,0.02,105.76,105.76,390.37,115.17,115.17,463.04,4,3,
2026-09-02 07:05:44,936147,4000282,Game 5: Odd/Even Total Kills?,odd_even,5,2026-09-02 08:00:00,54.3,Even,31397966625285258767459017025370175525895361521471797809472815622525603577625,0.49,0.51,0.5,0.02,110.66,110.66,395.27,110.07,110.07,457.94,3,4,
2026-09-02 07:05:44,936147,4055085,First Blood in Game 3?,first_blood,3,2026-09-02 08:00:00,54.3,Hanwha Life Esports,6451594758063050554390912016674836600356185004196255157849974731344110647386,0.02,0.98,0.5,0.96,1.18,1.18,1.18,111.82,111.82,111.82,2,2,
2026-09-02 07:05:44,936147,4055085,First Blood in Game 3?,first_blood,3,2026-09-02 08:00:00,54.3,T1,111671302443544193400921226285483470020924072924889955867898625329207475298195,0.02,0.98,0.5,0.96,1.18,1.18,1.18,111.81,111.81,111.81,2,2,
2026-09-02 07:05:44,936147,4055087,First Blood in Game 4?,first_blood,4,2026-09-02 08:00:00,54.3,Hanwha Life Esports,44456964354108569655867710024564302868904938042276290336260913514858184823376,0.01,0.98,0.495,0.97,1.18,1.18,1.18,111.82,111.82,111.82,1,2,
2026-09-02 07:05:44,936147,4055087,First Blood in Game 4?,first_blood,4,2026-09-02 08:00:00,54.3,T1,76518710650883538954404102697795011890927096984046628336172266898783561358704,0.02,0.99,0.505,0.97,1.18,1.18,1.18,116.82,116.82,116.82,2,1,
2026-09-02 07:05:44,936147,4055086,First Blood in Game 2?,first_blood,2,2026-09-02 08:00:00,54.3,Hanwha Life Esports,35223590030147782354795494036844700343050892452741564936833152758460370456534,0.02,0.98,0.5,0.96,1.18,1.18,1.18,111.82,111.82,111.82,2,2,
2026-09-02 07:05:44,936147,4055086,First Blood in Game 2?,first_blood,2,2026-09-02 08:00:00,54.3,T1,106973616542563433069735706581115924011405901433670876316339191848137336057195,0.02,0.98,0.5,0.96,1.18,1.18,1.18,109.46,109.46,109.46,2,2,
2026-09-02 07:05:44,936147,4055088,First Blood in Game 1?,first_blood,1,2026-09-02 08:00:00,54.3,Hanwha Life Esports,6734115328655613916670197138642585102833552985709517992186776949945439452651,0.5,0.99,0.745,0.49,305.2,305.2,305.2,116.82,116.82,116.82,3,1,
2026-09-02 07:05:44,936147,4055088,First Blood in Game 1?,first_blood,1,2026-09-02 08:00:00,54.3,T1,46791261602673605151459395071771041257748824118660002290919023281937929398557,0.01,0.5,0.255,0.49,1.18,1.18,1.18,305.3,305.3,305.3,1,3,
2026-09-02 07:05:44,936147,4055089,Total Kills Over/Under 27.5 in Game 3?,total_kills,3,2026-09-02 08:00:00,54.3,Over,50616430506705087897681647196718146017577716130384022997173216917826703310026,0.57,0.58,0.575,0.01,861.64,864.86,864.86,250.51,1654.1,1654.1,27,12,6155.792965999999
2026-09-02 07:05:44,936147,4055089,Total Kills Over/Under 27.5 in Game 3?,total_kills,3,2026-09-02 08:00:00,54.3,Under,55550770098276678307197609580896886259143674423848398992865344330286825227241,0.42,0.43,0.425,0.01,180.97,1116.71,1116.71,676.82,679.46,679.46,12,27,6155.792965999999
2026-09-02 07:05:44,936147,4055090,Total Kills Over/Under 24.5 in Game 4?,total_kills,4,2026-09-02 08:00:00,54.3,Over,50937948202535216666099489933019249094813003234790028978062979140763968241350,0.5,0.99,0.745,0.49,50.0,50.0,50.0,84.07,84.07,84.07,4,1,
2026-09-02 07:05:44,936147,4055090,Total Kills Over/Under 24.5 in Game 4?,total_kills,4,2026-09-02 08:00:00,54.3,Under,82790280916601472675958827250914597214041032387568744996207353240021196821931,0.01,0.5,0.255,0.49,0.85,0.85,0.85,50.0,50.0,50.0,1,4,
2026-09-02 07:05:44,936147,4055092,Total Kills Over/Under 27.5 in Game 1?,total_kills,1,2026-09-02 08:00:00,54.3,Over,114058681503214293966788885801573541974530629733277803804341358373124587463134,0.54,0.59,0.565,0.05,185.26,185.26,197.51,2430.65,2430.65,2430.65,24,12,5983.719345
2026-09-02 07:05:44,936147,4055092,Total Kills Over/Under 27.5 in Game 1?,total_kills,1,2026-09-02 08:00:00,54.3,Under,21408934269837174665866968434746455120787958707568100175761023291654701885732,0.41,0.46,0.435,0.05,1631.54,1631.54,1631.54,158.21,158.21,170.96,12,24,5983.719345
2026-09-02 07:05:44,936147,4055091,Total Kills Over/Under 27.5 in Game 2?,total_kills,2,2026-09-02 08:00:00,54.3,Over,29572624698451375099490457589006933490436512891007706168731140171251928387948,0.52,0.56,0.54,0.04,1277.82,2350.61,2350.61,122.06,354.06,1743.82,23,16,5008.826838
2026-09-02 07:05:44,936147,4055091,Total Kills Over/Under 27.5 in Game 2?,total_kills,2,2026-09-02 08:00:00,54.3,Under,12802913080296758871246561850481235290764757727562319189118152924456489918965,0.44,0.48,0.46,0.04,92.2,260.2,1149.14,1226.82,2299.61,2299.61,16,23,5008.826838
2026-09-02 07:05:44,936147,4055093,Total Kills Over/Under 27.5 in Game 4?,total_kills,4,2026-09-02 08:00:00,54.3,Over,44684731289280816949050731630888842831358234224068234967091902258366469917544,0.4,0.58,0.49,0.18,32.0,32.0,32.0,232.0,232.0,235.21,4,4,
2026-09-02 07:05:44,936147,4055093,Total Kills Over/Under 27.5 in Game 4?,total_kills,4,2026-09-02 08:00:00,54.3,Under,18586723199912527744436187003870377599099726122064196226794794950393327684565,0.42,0.6,0.51,0.18,168.0,168.0,169.89,48.0,48.0,48.0,4,4,
2026-09-02 07:05:44,936147,4055094,Total Kills Over/Under 24.5 in Game 3?,total_kills,3,2026-09-02 08:00:00,54.3,Over,60419029194322599109502232725144838069075057110504558087907518068397627928602,0.67,0.79,0.73,0.12,169.45,169.45,169.45,20.01,27.28,27.28,5,4,123.17073
2026-09-02 07:05:44,936147,4055094,Total Kills Over/Under 24.5 in Game 3?,total_kills,3,2026-09-02 08:00:00,54.3,Under,55368970242395556386896319902906582248387755687561050449261077374383461775588,0.21,0.33,0.27,0.12,5.24,6.94,6.94,83.54,83.54,83.54,4,5,123.17073
2026-09-02 07:05:44,936147,4055095,Total Kills Over/Under 24.5 in Game 2?,total_kills,2,2026-09-02 08:00:00,54.3,Over,89070087442125703399649573813340602678009036476143503524794827166960613745678,0.69,0.74,0.715,0.05,161.4,161.4,161.4,148.0,169.11,169.11,6,4,121.42857
2026-09-02 07:05:44,936147,4055095,Total Kills Over/Under 24.5 in Game 2?,total_kills,2,2026-09-02 08:00:00,54.3,Under,99662990254382299993439618179836862401378421343854774850808929203233884338029,0.26,0.31,0.285,0.05,52.0,58.37,58.37,72.59,72.59,72.59,4,6,121.42857
2026-09-02 07:05:44,936147,4055096,Total Kills Over/Under 24.5 in Game 1?,total_kills,1,2026-09-02 08:00:00,54.3,Over,70576898803566127666107944114399469021804224373235543306362698958964445128829,0.68,0.76,0.72,0.08,149.6,149.6,149.6,36.48,50.99,50.99,6,4,125.769953
2026-09-02 07:05:44,936147,4055096,Total Kills Over/Under 24.5 in Game 1?,total_kills,1,2026-09-02 08:00:00,54.3,Under,36403691426434302394786586218755871489976678966422192558513810298433439047497,0.24,0.32,0.28,0.08,11.52,15.61,15.61,70.4,70.4,70.4,4,6,125.769953
2026-09-02 07:05:44,936147,4059386,Total Kills Over/Under 30.5 in Game 1?,total_kills,1,2026-09-02 08:00:00,54.3,Over,27563047472284349159145124070497736444752851592398947811153508318500279378284,0.34,0.43,0.385,0.09,67.32,687.32,687.32,144.79,144.79,2494.79,5,6,533.330255
2026-09-02 07:05:44,936147,4059386,Total Kills Over/Under 30.5 in Game 1?,total_kills,1,2026-09-02 08:00:00,54.3,Under,103806489000291695503284220898756155085098642314498145055405923981803690742938,0.57,0.66,0.615,0.09,184.95,184.95,2834.95,130.68,1510.68,1510.68,6,5,533.330255
2026-09-02 07:05:44,936147,4059387,Total Kills Over/Under 30.5 in Game 2?,total_kills,2,2026-09-02 08:00:00,54.3,Over,250960629603093735033332993997821567495732901004711577017014896526444517552,0.36,0.43,0.395,0.07,709.76,709.76,709.76,86.0,101.9,2081.26,5,6,858.1854619999999
2026-09-02 07:05:44,936147,4059387,Total Kills Over/Under 30.5 in Game 2?,total_kills,2,2026-09-02 08:00:00,54.3,Under,48381236362340560053851779496224028346112141678610455464569321577481897653475,0.57,0.64,0.605,0.07,114.0,132.66,2364.7,1317.77,1317.77,1317.77,6,5,858.1854619999999
2026-09-02 07:05:44,936147,4059389,Total Kills Over/Under 30.5 in Game 4?,total_kills,4,2026-09-02 08:00:00,54.3,Over,38530469248668392139381861431814913862781782593421421431190604075800209612127,0.26,0.6,0.43,0.34,50.54,50.54,50.54,128.84,128.84,128.84,6,1,305.8002
2026-09-02 07:05:44,936147,4059389,Total Kills Over/Under 30.5 in Game 4?,total_kills,4,2026-09-02 08:00:00,54.3,Under,100893473430155116004655675892784973889071738137065348904718068135586115562931,0.4,0.74,0.57,0.34,85.9,85.9,85.9,147.68,147.68,147.68,1,6,305.8002
2026-09-02 07:05:44,936147,4059388,Total Kills Over/Under 30.5 in Game 3?,total_kills,3,2026-09-02 08:00:00,54.3,Over,80955956645851227563872338523728413776626690764104558653678938481490121865495,0.36,0.46,0.41,0.1,746.84,746.84,746.84,2183.82,2186.68,2189.21,4,6,432.236315
2026-09-02 07:05:44,936147,4059388,Total Kills Over/Under 30.5 in Game 3?,total_kills,3,2026-09-02 08:00:00,54.3,Under,5748869005347059788849380089240844382658411548108429750418420986444868563514,0.54,0.64,0.59,0.1,2462.67,2465.65,2468.17,1386.82,1386.82,1386.82,6,4,432.236315
2026-09-02 07:11:36,936147,4000244,LoL: Hanwha Life Esports vs T1 - Game 1 Winner,map,1,2026-09-02 08:00:00,48.4,Hanwha Life Esports,10734641664948630564119188299000087308360542360331775061020614529623331903474,0.59,0.6,0.595,0.01,16519.26,28448.26,38727.91,21730.7,27075.7,29028.74,33,22,52476.160679
2026-09-02 07:11:36,936147,4000244,LoL: Hanwha Life Esports vs T1 - Game 1 Winner,map,1,2026-09-02 08:00:00,48.4,T1,9094132034109894688217527755278872327846224632546120485727243231953736941529,0.4,0.41,0.405,0.01,14371.64,17526.64,18618.59,11494.54,20735.2,29179.47,22,33,52476.160679
2026-09-02 07:11:36,936147,4000245,LoL: Hanwha Life Esports vs T1 - Game 2 Winner,map,2,2026-09-02 08:00:00,48.4,Hanwha Life Esports,94843214769480383766507322942929739937927603798324353905843922528772735706377,0.57,0.58,0.575,0.01,1110.55,6078.34,10383.94,1092.25,11751.06,17809.25,21,21,420.38677
2026-09-02 07:11:36,936147,4000245,LoL: Hanwha Life Esports vs T1 - Game 2 Winner,map,2,2026-09-02 08:00:00,48.4,T1,35453714793284653962184719425495820838338551092982505677958700922100536194952,0.42,0.43,0.425,0.01,767.49,7787.89,11385.41,862.55,4960.06,8799.46,21,21,420.38677
2026-09-02 07:11:36,936147,4000246,LoL: Hanwha Life Esports vs T1 - Game 3 Winner,map,3,2026-09-02 08:00:00,48.4,Hanwha Life Esports,82037966500134222625616994256887508972151143645499372020158235428006475330639,0.58,0.59,0.585,0.01,188.64,5176.87,9965.15,2538.92,7449.1,12695.41,22,21,795.3354199999999
2026-09-02 07:11:36,936147,4000246,LoL: Hanwha Life Esports vs T1 - Game 3 Winner,map,3,2026-09-02 08:00:00,48.4,T1,108991451262166710988960567529218336671208754468579999539092984751820670537254,0.41,0.42,0.415,0.01,1715.37,4809.61,7872.6,141.71,4198.58,8410.56,21,22,795.3354199999999
2026-09-02 07:11:36,936147,4000247,LoL: Hanwha Life Esports vs T1 - Game 4 Winner,map,4,2026-09-02 08:00:00,48.4,Hanwha Life Esports,27185823859237477385754211221130737493942244739337847080115422256098738912468,0.56,0.57,0.565,0.01,133.68,133.68,133.68,11611.72,11611.72,11611.72,14,14,43.632726
2026-09-02 07:11:36,936147,4000247,LoL: Hanwha Life Esports vs T1 - Game 4 Winner,map,4,2026-09-02 08:00:00,48.4,T1,43792453713203242020422589829133156049817281040504463852728066738713044326183,0.43,0.44,0.435,0.01,8408.84,8408.84,8408.84,108.97,108.97,108.97,14,14,43.632726
2026-09-02 07:11:36,936147,4000248,LoL: Hanwha Life Esports vs T1 (BO5) - LCK Playoffs,series,,2026-09-02 08:00:00,48.4,Hanwha Life Esports,17602226504684346368510501060478122888791385343970378097785516838620659389931,0.64,0.65,0.645,0.01,115783.41,130386.98,142120.38,107415.48,126324.42,135286.16,43,24,378403.8099519996
2026-09-02 07:11:36,936147,4000248,LoL: Hanwha Life Esports vs T1 (BO5) - LCK Playoffs,series,,2026-09-02 08:00:00,48.4,T1,42819687634672881483617510271698078404051708570906741617482740253212535042722,0.35,0.36,0.355,0.01,55796.67,64926.77,68807.72,66485.5,75481.53,83325.13,24,43,378403.8099519996
2026-09-02 07:11:36,936147,4000249,Games Total: O/U 3.5,total_games,,2026-09-02 08:00:00,48.4,Over,80317462208036634370611667592517910559057172613751725938330061477906689644871,0.73,0.74,0.735,0.01,876.57,22668.17,22926.72,25806.25,30872.64,34018.24,31,14,17268.021122
2026-09-02 07:11:36,936147,4000249,Games Total: O/U 3.5,total_games,,2026-09-02 08:00:00,48.4,Under,32337683298076683289688582842018186880600108799426881067326201389847076015253,0.26,0.27,0.265,0.01,8689.57,10274.98,11149.38,324.35,9659.82,9776.62,14,31,17268.021122
2026-09-02 07:11:36,936147,4000250,Games Total: O/U 4.5,total_games,,2026-09-02 08:00:00,48.4,Over,67028205767593121936564281252261131409439995798362533668702004769898532565964,0.34,0.35,0.345,0.01,3491.83,4389.81,11990.81,2443.35,3824.95,4838.66,18,20,3530.975603
2026-09-02 07:11:36,936147,4000250,Games Total: O/U 4.5,total_games,,2026-09-02 08:00:00,48.4,Under,111556133117845474158087232516235709277283000020725048691506879574040151376855,0.65,0.66,0.655,0.01,4525.05,6806.71,8391.23,6978.56,8966.29,26885.29,20,18,3530.975603
2026-09-02 07:11:36,936147,4000251,Game Handicap: HLE (-1.5) vs T1 (+1.5),handicap,,2026-09-02 08:00:00,48.4,Hanwha Life Esports,10493141932962614934205140811035465300295049925312106570287434531813044973483,0.44,0.45,0.445,0.01,9901.7,19000.85,19790.85,21314.05,46921.13,49871.13,20,26,67809.32522400001
2026-09-02 07:11:36,936147,4000251,Game Handicap: HLE (-1.5) vs T1 (+1.5),handicap,,2026-09-02 08:00:00,48.4,T1,29009672247611046844750391779148532624046214593989504759848221828337202221082,0.55,0.56,0.555,0.01,25334.82,54191.67,57241.67,12896.98,25764.17,26974.17,26,20,67809.32522400001
2026-09-02 07:11:36,936147,4000252,Game Handicap: HLE (-2.5) vs T1 (+2.5),handicap,,2026-09-02 08:00:00,48.4,Hanwha Life Esports,102345138897645643338528677118468766881362327402363406508705558284865003191841,0.19,0.2,0.195,0.01,672.25,5108.73,5678.73,202.51,11471.62,11482.18,14,35,5850.873283000001
2026-09-02 07:11:36,936147,4000252,Game Handicap: HLE (-2.5) vs T1 (+2.5),handicap,,2026-09-02 08:00:00,48.4,T1,76305669832292268029604931991271246661418893929410638142532260939620551316786,0.8,0.81,0.805,0.01,764.7,39566.83,39600.27,3061.06,25968.58,29398.58,35,14,5850.873283000001
2026-09-02 07:11:36,936147,4000253,Game 1: Both Teams Slay Baron Nashor?,prop,1,2026-09-02 08:00:00,48.4,Yes,93146086577102256204298678979505953849078074539389252153335299070591798600887,0.07,0.98,0.525,0.91,1.95,1.95,2.07,116.61,116.61,116.61,4,2,
2026-09-02 07:11:36,936147,4000253,Game 1: Both Teams Slay Baron Nashor?,prop,1,2026-09-02 08:00:00,48.4,No,62397396836471728045186329952381396277894364048690199148787370308406079873504,0.02,0.93,0.475,0.91,1.38,1.38,1.38,29.53,29.53,35.23,2,4,
2026-09-02 07:11:36,936147,4000254,Game 1: Both Teams Slay a Dragon?,prop,1,2026-09-02 08:00:00,48.4,Yes,38524487372856719802058239041752978100838775077444134383580158056000817208489,0.02,0.93,0.475,0.91,1.28,1.28,1.28,9.3,9.3,14.87,2,3,
2026-09-02 07:11:36,936147,4000254,Game 1: Both Teams Slay a Dragon?,prop,1,2026-09-02 08:00:00,48.4,No,15204516028080642533081196459812008766087030818357039258317298224193212619102,0.07,0.98,0.525,0.91,0.7,0.7,0.81,116.7,116.7,116.7,3,2,
2026-09-02 07:11:36,936147,4000255,Game 1: Both Teams Destroy Inhibitors?,prop,1,2026-09-02 08:00:00,48.4,Yes,53326448950994422414452555514016403317591022200780864858814246245395755848871,0.07,0.97,0.52,0.9,1.05,1.05,1.18,21.16,108.31,108.31,4,3,
2026-09-02 07:11:36,936147,4000255,Game 1: Both Teams Destroy Inhibitors?,prop,1,2026-09-02 08:00:00,48.4,No,34007568137061088623455577434729876802246079637640607021932381235812612134452,0.03,0.93,0.48,0.9,0.5,1.38,1.38,15.43,15.43,21.83,3,4,
2026-09-02 07:11:36,936147,4000256,Game 1: Any Player Quadra Kill?,prop,1,2026-09-02 08:00:00,48.4,Yes,22474955096840959331217225348561101760744235175341307948306551935778821508463,0.01,0.99,0.5,0.98,0.2,0.2,0.2,19.8,19.8,19.8,1,1,
2026-09-02 07:11:36,936147,4000256,Game 1: Any Player Quadra Kill?,prop,1,2026-09-02 08:00:00,48.4,No,70010116755066730675945204508545288178944029331833502803576435564774033662176,0.01,0.99,0.5,0.98,0.2,0.2,0.2,19.8,19.8,19.8,1,1,
2026-09-02 07:11:36,936147,4000257,Game 1: Any Player Penta Kill?,prop,1,2026-09-02 08:00:00,48.4,Yes,32392061463244664374011371719265930175195324793425576808866777706255798484197,0.01,0.1,0.055,0.09,0.2,0.2,0.2,4.67,4.67,5.42,1,7,
2026-09-02 07:11:36,936147,4000257,Game 1: Any Player Penta Kill?,prop,1,2026-09-02 08:00:00,48.4,No,77640614084664768219957861274368510980436867180076340853011873020180879444145,0.9,0.99,0.945,0.09,39.8,39.8,44.05,19.8,19.8,19.8,7,1,
2026-09-02 07:11:36,936147,4000258,Game 1: Odd/Even Total Kills?,odd_even,1,2026-09-02 08:00:00,48.4,Odd,108827565179165251510087675872073156578050684689138105722270806193090503838530,0.49,0.51,0.5,0.02,105.76,110.46,395.07,115.17,115.17,463.04,4,3,
2026-09-02 07:11:36,936147,4000258,Game 1: Odd/Even Total Kills?,odd_even,1,2026-09-02 08:00:00,48.4,Even,7301611815750266505212013035576664627539129145219944939954043282024608538667,0.49,0.51,0.5,0.02,110.66,110.66,395.27,110.07,115.37,463.24,3,4,
2026-09-02 07:11:36,936147,4000259,Game 2: Both Teams Slay Baron Nashor?,prop,2,2026-09-02 08:00:00,48.4,Yes,26580941611231775497434268916596647138639915367438578117383630553602803147665,0.02,0.98,0.5,0.96,1.28,1.28,1.28,116.71,116.71,116.71,2,2,
2026-09-02 07:11:36,936147,4000259,Game 2: Both Teams Slay Baron Nashor?,prop,2,2026-09-02 08:00:00,48.4,No,100795195782021149211222639897723696752492161528664336793375063544818455196843,0.02,0.98,0.5,0.96,1.28,1.28,1.28,116.72,116.72,116.72,2,2,
2026-09-02 07:11:36,936147,4000260,Game 2: Both Teams Slay a Dragon?,prop,2,2026-09-02 08:00:00,48.4,Yes,7647165211636560008480877295863658589900544927319086094514582071550471788190,0.02,0.98,0.5,0.96,1.28,1.28,1.28,116.72,116.72,116.72,2,2,
2026-09-02 07:11:36,936147,4000260,Game 2: Both Teams Slay a Dragon?,prop,2,2026-09-02 08:00:00,48.4,No,38312652442522943276833285095228363825405853198565948971681938085472588119443,0.02,0.98,0.5,0.96,1.28,1.28,1.28,116.72,116.72,116.72,2,2,
2026-09-02 07:11:36,936147,4000261,Game 2: Both Teams Destroy Inhibitors?,prop,2,2026-09-02 08:00:00,48.4,Yes,77459052452756213722987039745546396756742907735368245858946392762245699388078,0.02,0.92,0.47,0.9,1.28,1.28,1.28,14.6,14.6,14.6,2,3,
2026-09-02 07:11:36,936147,4000261,Game 2: Both Teams Destroy Inhibitors?,prop,2,2026-09-02 08:00:00,48.4,No,42982741775104988732603152913859566937731426765614068324359357599623861430770,0.08,0.98,0.53,0.9,1.16,1.16,1.16,116.72,116.72,116.72,3,2,
2026-09-02 07:11:36,936147,4000262,Game 2: Any Player Quadra Kill?,prop,2,2026-09-02 08:00:00,48.4,Yes,23114827239613606199039909863609846703766555028821666365191768631882396210122,0.01,0.99,0.5,0.98,0.2,0.2,0.2,19.8,19.8,19.8,1,1,
2026-09-02 07:11:36,936147,4000262,Game 2: Any Player Quadra Kill?,prop,2,2026-09-02 08:00:00,48.4,No,34882982611710593206012495650602357875797866389249437605106387682496237435474,0.01,0.99,0.5,0.98,0.2,0.2,0.2,19.8,19.8,19.8,1,1,
2026-09-02 07:11:36,936147,4000263,Game 2: Any Player Penta Kill?,prop,2,2026-09-02 08:00:00,48.4,Yes,89851463602513363280889458150548056901497390671549082559791975153304669274722,0.01,0.32,0.165,0.31,0.2,0.2,0.2,19.18,29.38,29.38,1,4,
2026-09-02 07:11:36,936147,4000263,Game 2: Any Player Penta Kill?,prop,2,2026-09-02 08:00:00,48.4,No,76657167681598317018276771830467170760474532730191942904005791001648898016932,0.68,0.99,0.835,0.31,39.82,59.62,59.62,19.8,19.8,19.8,4,1,
2026-09-02 07:11:36,936147,4000264,Game 2: Odd/Even Total Kills?,odd_even,2,2026-09-02 08:00:00,48.4,Odd,19926948821479151314149954395913489860320517308762150293129985004501391652978,0.49,0.51,0.5,0.02,105.76,110.36,394.97,115.17,115.17,463.04,4,3,
2026-09-02 07:11:36,936147,4000264,Game 2: Odd/Even Total Kills?,odd_even,2,2026-09-02 08:00:00,48.4,Even,17406923566277180510326582743311914999596667583010759580438423117266479779042,0.49,0.51,0.5,0.02,110.66,110.66,395.27,110.07,115.47,463.34,3,4,
2026-09-02 07:11:36,936147,4000265,Game 3: Both Teams Slay Baron Nashor?,prop,3,2026-09-02 08:00:00,48.4,Yes,72898465988016784668140978566035896190823170737719888998748173305878130784604,0.02,0.92,0.47,0.9,1.28,1.28,1.28,14.6,14.6,14.6,2,3,
2026-09-02 07:11:36,936147,4000265,Game 3: Both Teams Slay Baron Nashor?,prop,3,2026-09-02 08:00:00,48.4,No,61259761980766796434812314349518047220625334534850126709327053650372878721670,0.08,0.98,0.53,0.9,1.16,1.16,1.16,116.72,116.72,116.72,3,2,
2026-09-02 07:11:36,936147,4000266,Game 3: Both Teams Slay a Dragon?,prop,3,2026-09-02 08:00:00,48.4,Yes,29016659931195283658010080437169080773576593221502697360172267529196401779876,0.08,0.97,0.525,0.89,1.11,1.11,1.11,21.17,108.27,108.27,4,3,
2026-09-02 07:11:36,936147,4000266,Game 3: Both Teams Slay a Dragon?,prop,3,2026-09-02 08:00:00,48.4,No,52507303645384853045196468877499699191744879457368034686349865378835646923976,0.03,0.92,0.475,0.89,0.5,1.38,1.38,14.02,14.02,14.02,3,4,
2026-09-02 07:11:36,936147,4000267,Game 3: Both Teams Destroy Inhibitors?,prop,3,2026-09-02 08:00:00,48.4,Yes,52838954315541697946222845860350452741407966206108720498751207436944088637555,0.02,0.97,0.495,0.95,1.28,1.28,1.28,15.96,113.92,113.92,2,3,
2026-09-02 07:11:36,936147,4000267,Game 3: Both Teams Destroy Inhibitors?,prop,3,2026-09-02 08:00:00,48.4,No,93441612593317368859448449646562250985004074665722706329348452699701514031784,0.03,0.98,0.505,0.95,0.39,1.38,1.38,116.72,116.72,116.72,3,2,
2026-09-02 07:11:36,936147,4000268,Game 3: Any Player Quadra Kill?,prop,3,2026-09-02 08:00:00,48.4,Yes,38020405566695788965357251388580004323154327078778903318213145141050275756230,0.01,0.99,0.5,0.98,0.2,0.2,0.2,19.8,19.8,19.8,1,1,
2026-09-02 07:11:36,936147,4000268,Game 3: Any Player Quadra Kill?,prop,3,2026-09-02 08:00:00,48.4,No,28597079920160132826239354664061191026796075799515942859737365191978222948485,0.01,0.99,0.5,0.98,0.2,0.2,0.2,19.8,19.8,19.8,1,1,
2026-09-02 07:11:36,936147,4000269,Game 3: Any Player Penta Kill?,prop,3,2026-09-02 08:00:00,48.4,Yes,25818450087468056279221103871364684091155449026608761409094787974585674423410,0.01,0.29,0.15,0.28,0.2,0.2,0.2,17.12,17.12,17.12,1,3,
2026-09-02 07:11:36,936147,4000269,Game 3: Any Player Penta Kill?,prop,3,2026-09-02 08:00:00,48.4,No,64211900886481376166420643612395215537917925498332191046420283524442916982158,0.71,0.99,0.85,0.28,40.88,40.88,40.88,19.8,19.8,19.8,3,1,
2026-09-02 07:11:36,936147,4000270,Game 3: Odd/Even Total Kills?,odd_even,3,2026-09-02 08:00:00,48.4,Odd,15654742314760403571803525417370265516875090435320723584018977422757338284070,0.49,0.51,0.5,0.02,105.76,105.76,390.37,115.17,115.17,463.04,4,3,
2026-09-02 07:11:36,936147,4000270,Game 3: Odd/Even Total Kills?,odd_even,3,2026-09-02 08:00:00,48.4,Even,104857101644586659489302816521904903492103117744635602743997701460522299917261,0.49,0.51,0.5,0.02,110.66,110.66,395.27,110.07,110.07,457.94,3,4,
2026-09-02 07:11:36,936147,4000271,Game 4: Both Teams Slay Baron Nashor?,prop,4,2026-09-02 08:00:00,48.4,Yes,62356408012604828982178064882292340995533506140242027840256196017857030363017,0.08,0.98,0.53,0.9,0.8,2.29,2.29,116.7,116.7,116.7,4,2,
2026-09-02 07:11:36,936147,4000271,Game 4: Both Teams Slay Baron Nashor?,prop,4,2026-09-02 08:00:00,48.4,No,91788636055428683920593421680640488891536883071261256377394394977967840429645,0.02,0.92,0.47,0.9,1.28,1.28,1.28,9.2,34.97,34.97,2,4,
2026-09-02 07:11:36,936147,4000272,Game 4: Both Teams Slay a Dragon?,prop,4,2026-09-02 08:00:00,48.4,Yes,83203584164114158027263022883878642041746836654633144827555848117337293604207,0.02,0.97,0.495,0.95,1.28,1.28,1.28,16.92,111.94,111.94,2,3,
2026-09-02 07:11:36,936147,4000272,Game 4: Both Teams Slay a Dragon?,prop,4,2026-09-02 08:00:00,48.4,No,82053351462248981559153275457047015911859357018207289862363439393992037932129,0.03,0.98,0.505,0.95,0.42,1.38,1.38,116.71,116.71,116.71,3,2,
2026-09-02 07:11:36,936147,4000273,Game 4: Both Teams Destroy Inhibitors?,prop,4,2026-09-02 08:00:00,48.4,Yes,14826823168300530105843175396594851843132589180193264039518519229938686751123,0.02,0.98,0.5,0.96,1.28,1.28,1.28,116.69,116.69,116.69,2,2,
2026-09-02 07:11:36,936147,4000273,Game 4: Both Teams Destroy Inhibitors?,prop,4,2026-09-02 08:00:00,48.4,No,4642309791893536667792231855163585184601093249526876723384717111754720262130,0.02,0.98,0.5,0.96,1.28,1.28,1.28,116.73,116.73,116.73,2,2,
2026-09-02 07:11:36,936147,4000274,Game 4: Any Player Quadra Kill?,prop,4,2026-09-02 08:00:00,48.4,Yes,13041789329235213382067252372510043708510064265822781385156997562156671755813,0.01,0.99,0.5,0.98,0.2,0.2,0.2,19.8,19.8,19.8,1,1,
2026-09-02 07:11:36,936147,4000274,Game 4: Any Player Quadra Kill?,prop,4,2026-09-02 08:00:00,48.4,No,61906078143322210428853001145404023129978821493304810408028713073041212560729,0.01,0.99,0.5,0.98,0.2,0.2,0.2,19.8,19.8,19.8,1,1,
2026-09-02 07:11:36,936147,4000275,Game 4: Any Player Penta Kill?,prop,4,2026-09-02 08:00:00,48.4,Yes,32432357688111543882377174835903355401662311457669476969295888963199694824422,0.01,0.99,0.5,0.98,0.2,0.2,0.2,19.8,19.8,19.8,1,1,
2026-09-02 07:11:36,936147,4000275,Game 4: Any Player Penta Kill?,prop,4,2026-09-02 08:00:00,48.4,No,4617799256852857197864126938133010426073689697060245242862641752640679129341,0.01,0.99,0.5,0.98,0.2,0.2,0.2,19.8,19.8,19.8,1,1,
2026-09-02 07:11:36,936147,4000276,Game 4: Odd/Even Total Kills?,odd_even,4,2026-09-02 08:00:00,48.4,Odd,82445579597676482715334501121107741150121968755312650663555776789237825622300,0.49,0.51,0.5,0.02,105.76,110.36,394.97,110.07,115.47,463.34,4,4,
2026-09-02 07:11:36,936147,4000276,Game 4: Odd/Even Total Kills?,odd_even,4,2026-09-02 08:00:00,48.4,Even,59910329812851235339134266389493787978247416660833129937616581052783787806167,0.49,0.51,0.5,0.02,105.76,110.36,394.97,110.07,115.47,463.34,4,4,
2026-09-02 07:11:36,936147,4000277,Game 5: Both Teams Slay Baron Nashor?,prop,5,2026-09-02 08:00:00,48.4,Yes,77066018604040233379350338588590607299672009487600977752104134984252506121329,0.08,0.98,0.53,0.9,0.8,0.8,0.8,116.7,116.7,116.7,2,2,
2026-09-02 07:11:36,936147,4000277,Game 5: Both Teams Slay Baron Nashor?,prop,5,2026-09-02 08:00:00,48.4,No,113061198307446667308409918664161274242165665872982030214940590114781938909980,0.02,0.92,0.47,0.9,1.28,1.28,1.28,9.2,9.2,9.2,2,2,
2026-09-02 07:11:36,936147,4000278,Game 5: Both Teams Slay a Dragon?,prop,5,2026-09-02 08:00:00,48.4,Yes,50386225583647348218613825701655315521963805588620670730405925093860797793941,0.02,0.97,0.495,0.95,1.28,1.28,1.28,16.92,111.94,111.94,2,3,
2026-09-02 07:11:36,936147,4000278,Game 5: Both Teams Slay a Dragon?,prop,5,2026-09-02 08:00:00,48.4,No,65958101632974750482890282331167872972565380466300029511943073805016369825775,0.03,0.98,0.505,0.95,0.42,1.38,1.38,116.71,116.71,116.71,3,2,
2026-09-02 07:11:36,936147,4000279,Game 5: Both Teams Destroy Inhibitors?,prop,5,2026-09-02 08:00:00,48.4,Yes,60691868901076204506867129421738065547322249199404378327558804806221191518482,0.03,0.97,0.5,0.94,0.39,1.38,1.38,21.16,108.29,108.29,3,3,
2026-09-02 07:11:36,936147,4000279,Game 5: Both Teams Destroy Inhibitors?,prop,5,2026-09-02 08:00:00,48.4,No,107034670060567856747157098300876215376953838511509290890193796534679888290723,0.03,0.97,0.5,0.94,0.5,1.38,1.38,15.96,113.92,113.92,3,3,
2026-09-02 07:11:36,936147,4000280,Game 5: Any Player Quadra Kill?,prop,5,2026-09-02 08:00:00,48.4,Yes,37622554544210168597016813527601142861708502761444229672227664382988517507012,0.05,0.99,0.52,0.94,20.5,20.5,20.6,19.8,19.8,19.8,2,1,
2026-09-02 07:11:36,936147,4000280,Game 5: Any Player Quadra Kill?,prop,5,2026-09-02 08:00:00,48.4,No,101771071393268507976536828407881635603923230098768507605348504845564201246418,0.01,0.95,0.48,0.94,0.2,0.2,0.2,389.5,389.5,399.4,1,2,
2026-09-02 07:11:36,936147,4000281,Game 5: Any Player Penta Kill?,prop,5,2026-09-02 08:00:00,48.4,Yes,81884775513417691672953009208263232746237849336120942457457532759198344325709,0.29,0.99,0.64,0.7,4.25,4.25,4.25,19.8,19.8,19.8,4,1,
2026-09-02 07:11:36,936147,4000281,Game 5: Any Player Penta Kill?,prop,5,2026-09-02 08:00:00,48.4,No,72962711808804327573383515612746519999121753888127582650328110970406725796328,0.01,0.71,0.36,0.7,0.2,0.2,0.2,10.75,10.75,10.75,1,4,
2026-09-02 07:11:36,936147,4000282,Game 5: Odd/Even Total Kills?,odd_even,5,2026-09-02 08:00:00,48.4,Odd,63563863948193257516939853810980814506303010879650466407377239673922979120326,0.49,0.51,0.5,0.02,105.76,105.76,390.37,115.17,115.17,463.04,4,3,
2026-09-02 07:11:36,936147,4000282,Game 5: Odd/Even Total Kills?,odd_even,5,2026-09-02 08:00:00,48.4,Even,31397966625285258767459017025370175525895361521471797809472815622525603577625,0.49,0.51,0.5,0.02,110.66,110.66,395.27,110.07,110.07,457.94,3,4,
2026-09-02 07:11:36,936147,4055085,First Blood in Game 3?,first_blood,3,2026-09-02 08:00:00,48.4,Hanwha Life Esports,6451594758063050554390912016674836600356185004196255157849974731344110647386,0.01,0.98,0.495,0.97,1.12,1.12,1.12,111.82,111.82,111.82,1,2,
2026-09-02 07:11:36,936147,4055085,First Blood in Game 3?,first_blood,3,2026-09-02 08:00:00,48.4,T1,111671302443544193400921226285483470020924072924889955867898625329207475298195,0.02,0.99,0.505,0.97,1.18,1.18,1.18,110.44,110.44,110.44,2,1,
2026-09-02 07:11:36,936147,4055087,First Blood in Game 4?,first_blood,4,2026-09-02 08:00:00,48.4,Hanwha Life Esports,44456964354108569655867710024564302868904938042276290336260913514858184823376,0.01,0.98,0.495,0.97,1.18,1.18,1.18,111.82,111.82,111.82,1,2,
2026-09-02 07:11:36,936147,4055087,First Blood in Game 4?,first_blood,4,2026-09-02 08:00:00,48.4,T1,76518710650883538954404102697795011890927096984046628336172266898783561358704,0.02,0.99,0.505,0.97,1.18,1.18,1.18,116.82,116.82,116.82,2,1,
2026-09-02 07:11:36,936147,4055086,First Blood in Game 2?,first_blood,2,2026-09-02 08:00:00,48.4,Hanwha Life Esports,35223590030147782354795494036844700343050892452741564936833152758460370456534,0.02,0.98,0.5,0.96,1.18,1.18,1.18,111.82,111.82,111.82,2,2,
2026-09-02 07:11:36,936147,4055086,First Blood in Game 2?,first_blood,2,2026-09-02 08:00:00,48.4,T1,106973616542563433069735706581115924011405901433670876316339191848137336057195,0.02,0.98,0.5,0.96,1.18,1.18,1.18,109.46,109.46,109.46,2,2,
2026-09-02 07:11:36,936147,4055088,First Blood in Game 1?,first_blood,1,2026-09-02 08:00:00,48.4,Hanwha Life Esports,6734115328655613916670197138642585102833552985709517992186776949945439452651,0.5,0.99,0.745,0.49,305.2,305.2,305.2,116.82,116.82,116.82,3,1,
2026-09-02 07:11:36,936147,4055088,First Blood in Game 1?,first_blood,1,2026-09-02 08:00:00,48.4,T1,46791261602673605151459395071771041257748824118660002290919023281937929398557,0.01,0.5,0.255,0.49,1.18,1.18,1.18,305.3,305.3,305.3,1,3,
2026-09-02 07:11:36,936147,4055089,Total Kills Over/Under 27.5 in Game 3?,total_kills,3,2026-09-02 08:00:00,48.4,Over,50616430506705087897681647196718146017577716130384022997173216917826703310026,0.57,0.58,0.575,0.01,861.64,864.86,864.86,250.51,1654.1,1654.1,27,12,6160.444126999999
2026-09-02 07:11:36,936147,4055089,Total Kills Over/Under 27.5 in Game 3?,total_kills,3,2026-09-02 08:00:00,48.4,Under,55550770098276678307197609580896886259143674423848398992865344330286825227241,0.42,0.43,0.425,0.01,180.97,1116.71,1116.71,676.82,679.46,679.46,12,27,6160.444126999999
2026-09-02 07:11:36,936147,4055090,Total Kills Over/Under 24.5 in Game 4?,total_kills,4,2026-09-02 08:00:00,48.4,Over,50937948202535216666099489933019249094813003234790028978062979140763968241350,0.5,0.99,0.745,0.49,50.0,50.0,50.0,106.92,106.92,106.92,4,1,
2026-09-02 07:11:36,936147,4055090,Total Kills Over/Under 24.5 in Game 4?,total_kills,4,2026-09-02 08:00:00,48.4,Under,82790280916601472675958827250914597214041032387568744996207353240021196821931,0.01,0.5,0.255,0.49,1.08,1.08,1.08,50.0,50.0,50.0,1,4,
2026-09-02 07:11:36,936147,4055092,Total Kills Over/Under 27.5 in Game 1?,total_kills,1,2026-09-02 08:00:00,48.4,Over,114058681503214293966788885801573541974530629733277803804341358373124587463134,0.54,0.59,0.565,0.05,185.26,185.26,197.51,2430.65,2430.65,2430.65,24,12,5988.06717
2026-09-02 07:11:36,936147,4055092,Total Kills Over/Under 27.5 in Game 1?,total_kills,1,2026-09-02 08:00:00,48.4,Under,21408934269837174665866968434746455120787958707568100175761023291654701885732,0.41,0.46,0.435,0.05,1631.54,1631.54,1631.54,158.21,158.21,170.96,12,24,5988.06717
2026-09-02 07:11:36,936147,4055091,Total Kills Over/Under 27.5 in Game 2?,total_kills,2,2026-09-02 08:00:00,48.4,Over,29572624698451375099490457589006933490436512891007706168731140171251928387948,0.52,0.57,0.545,0.05,1277.82,2350.62,2350.62,350.4,365.4,1740.16,19,15,5012.993503
2026-09-02 07:11:36,936147,4055091,Total Kills Over/Under 27.5 in Game 2?,total_kills,2,2026-09-02 08:00:00,48.4,Under,12802913080296758871246561850481235290764757727562319189118152924456489918965,0.43,0.48,0.455,0.05,257.32,267.32,1146.26,1226.82,2299.61,2299.61,15,19,5012.993503
2026-09-02 07:11:36,936147,4055093,Total Kills Over/Under 27.5 in Game 4?,total_kills,4,2026-09-02 08:00:00,48.4,Over,44684731289280816949050731630888842831358234224068234967091902258366469917544,0.4,0.58,0.49,0.18,32.0,32.0,32.0,232.0,232.0,235.21,4,4,
2026-09-02 07:11:36,936147,4055093,Total Kills Over/Under 27.5 in Game 4?,total_kills,4,2026-09-02 08:00:00,48.4,Under,18586723199912527744436187003870377599099726122064196226794794950393327684565,0.42,0.6,0.51,0.18,168.0,168.0,169.89,48.0,48.0,48.0,4,4,
2026-09-02 07:11:36,936147,4055094,Total Kills Over/Under 24.5 in Game 3?,total_kills,3,2026-09-02 08:00:00,48.4,Over,60419029194322599109502232725144838069075057110504558087907518068397627928602,0.67,0.75,0.71,0.08,169.45,169.45,169.45,157.65,157.65,172.7,5,4,123.17073
2026-09-02 07:11:36,936147,4055094,Total Kills Over/Under 24.5 in Game 3?,total_kills,3,2026-09-02 08:00:00,48.4,Under,55368970242395556386896319902906582248387755687561050449261077374383461775588,0.25,0.33,0.29,0.08,52.48,52.48,56.48,83.54,83.54,83.54,4,5,123.17073
2026-09-02 07:11:36,936147,4055095,Total Kills Over/Under 24.5 in Game 2?,total_kills,2,2026-09-02 08:00:00,48.4,Over,89070087442125703399649573813340602678009036476143503524794827166960613745678,0.69,0.74,0.715,0.05,161.4,161.4,161.4,148.0,169.12,169.12,6,4,121.42857
2026-09-02 07:11:36,936147,4055095,Total Kills Over/Under 24.5 in Game 2?,total_kills,2,2026-09-02 08:00:00,48.4,Under,99662990254382299993439618179836862401378421343854774850808929203233884338029,0.26,0.31,0.285,0.05,52.0,58.37,58.37,72.59,72.59,72.59,4,6,121.42857
2026-09-02 07:11:36,936147,4055096,Total Kills Over/Under 24.5 in Game 1?,total_kills,1,2026-09-02 08:00:00,48.4,Over,70576898803566127666107944114399469021804224373235543306362698958964445128829,0.68,0.76,0.72,0.08,149.6,149.6,149.6,36.48,50.99,50.99,6,4,125.769953
2026-09-02 07:11:36,936147,4055096,Total Kills Over/Under 24.5 in Game 1?,total_kills,1,2026-09-02 08:00:00,48.4,Under,36403691426434302394786586218755871489976678966422192558513810298433439047497,0.24,0.32,0.28,0.08,11.52,15.61,15.61,70.4,70.4,70.4,4,6,125.769953
2026-09-02 07:11:36,936147,4059386,Total Kills Over/Under 30.5 in Game 1?,total_kills,1,2026-09-02 08:00:00,48.4,Over,27563047472284349159145124070497736444752851592398947811153508318500279378284,0.34,0.43,0.385,0.09,67.32,695.32,695.32,226.6,238.1,2588.1,5,7,549.580485
2026-09-02 07:11:36,936147,4059386,Total Kills Over/Under 30.5 in Game 1?,total_kills,1,2026-09-02 08:00:00,48.4,Under,103806489000291695503284220898756155085098642314498145055405923981803690742938,0.57,0.66,0.615,0.09,293.4,306.9,2956.9,130.68,1527.68,1527.68,7,5,549.580485
2026-09-02 07:11:36,936147,4059387,Total Kills Over/Under 30.5 in Game 2?,total_kills,2,2026-09-02 08:00:00,48.4,Over,250960629603093735033332993997821567495732901004711577017014896526444517552,0.36,0.43,0.395,0.07,709.76,709.76,709.76,86.0,101.9,2081.28,4,6,860.3593739999999
2026-09-02 07:11:36,936147,4059387,Total Kills Over/Under 30.5 in Game 2?,total_kills,2,2026-09-02 08:00:00,48.4,Under,48381236362340560053851779496224028346112141678610455464569321577481897653475,0.57,0.64,0.605,0.07,114.0,132.67,2364.74,1317.77,1317.77,1317.77,6,4,860.3593739999999
2026-09-02 07:11:36,936147,4059389,Total Kills Over/Under 30.5 in Game 4?,total_kills,4,2026-09-02 08:00:00,48.4,Over,38530469248668392139381861431814913862781782593421421431190604075800209612127,0.26,0.6,0.43,0.34,50.54,50.54,50.54,128.84,128.84,128.84,6,1,305.8002
2026-09-02 07:11:36,936147,4059389,Total Kills Over/Under 30.5 in Game 4?,total_kills,4,2026-09-02 08:00:00,48.4,Under,100893473430155116004655675892784973889071738137065348904718068135586115562931,0.4,0.74,0.57,0.34,85.9,85.9,85.9,147.68,147.68,147.68,1,6,305.8002
2026-09-02 07:11:36,936147,4059388,Total Kills Over/Under 30.5 in Game 3?,total_kills,3,2026-09-02 08:00:00,48.4,Over,80955956645851227563872338523728413776626690764104558653678938481490121865495,0.36,0.43,0.395,0.07,746.84,746.84,746.84,86.0,87.3,2272.22,4,7,434.41022699999996
2026-09-02 07:11:36,936147,4059388,Total Kills Over/Under 30.5 in Game 3?,total_kills,3,2026-09-02 08:00:00,48.4,Under,5748869005347059788849380089240844382658411548108429750418420986444868563514,0.57,0.64,0.605,0.07,114.0,115.52,2579.27,1386.82,1386.82,1386.82,7,4,434.41022699999996
2026-09-02 07:17:29,936147,4000244,LoL: Hanwha Life Esports vs T1 - Game 1 Winner,map,1,2026-09-02 08:00:00,42.5,Hanwha Life Esports,10734641664948630564119188299000087308360542360331775061020614529623331903474,0.59,0.6,0.595,0.01,16509.73,28438.73,38718.38,21347.3,26692.3,28645.34,31,22,52476.160679
2026-09-02 07:17:29,936147,4000244,LoL: Hanwha Life Esports vs T1 - Game 1 Winner,map,1,2026-09-02 08:00:00,42.5,T1,9094132034109894688217527755278872327846224632546120485727243231953736941529,0.4,0.41,0.405,0.01,14116.04,17271.04,18362.99,11487.07,20727.73,29172.0,22,31,52476.160679
2026-09-02 07:17:29,936147,4000245,LoL: Hanwha Life Esports vs T1 - Game 2 Winner,map,2,2026-09-02 08:00:00,42.5,Hanwha Life Esports,94843214769480383766507322942929739937927603798324353905843922528772735706377,0.57,0.58,0.575,0.01,1102.19,6053.36,10358.76,15847.83,26506.64,32564.83,20,21,420.38677
2026-09-02 07:17:29,936147,4000245,LoL: Hanwha Life Esports vs T1 - Game 2 Winner,map,2,2026-09-02 08:00:00,42.5,T1,35453714793284653962184719425495820838338551092982505677958700922100536194952,0.42,0.43,0.425,0.01,11452.53,18472.93,22070.45,856.26,4939.72,8779.32,21,20,420.38677
2026-09-02 07:17:29,936147,4000246,LoL: Hanwha Life Esports vs T1 - Game 3 Winner,map,3,2026-09-02 08:00:00,42.5,Hanwha Life Esports,82037966500134222625616994256887508972151143645499372020158235428006475330639,0.58,0.59,0.585,0.01,348.24,5229.3,10017.58,2488.95,7800.88,13047.19,21,21,795.3354199999999
2026-09-02 07:17:29,936147,4000246,LoL: Hanwha Life Esports vs T1 - Game 3 Winner,map,3,2026-09-02 08:00:00,42.5,T1,108991451262166710988960567529218336671208754468579999539092984751820670537254,0.41,0.42,0.415,0.01,1680.64,5021.13,8084.12,262.11,4231.29,8443.27,21,21,795.3354199999999
2026-09-02 07:17:29,936147,4000247,LoL: Hanwha Life Esports vs T1 - Game 4 Winner,map,4,2026-09-02 08:00:00,42.5,Hanwha Life Esports,27185823859237477385754211221130737493942244739337847080115422256098738912468,0.56,0.57,0.565,0.01,138.68,138.68,138.68,11611.72,11611.72,11611.72,13,14,43.632726
2026-09-02 07:17:29,936147,4000247,LoL: Hanwha Life Esports vs T1 - Game 4 Winner,map,4,2026-09-02 08:00:00,42.5,T1,43792453713203242020422589829133156049817281040504463852728066738713044326183,0.43,0.44,0.435,0.01,8408.84,8408.84,8408.84,108.97,108.97,108.97,14,13,43.632726
2026-09-02 07:17:29,936147,4000248,LoL: Hanwha Life Esports vs T1 (BO5) - LCK Playoffs,series,,2026-09-02 08:00:00,42.5,Hanwha Life Esports,17602226504684346368510501060478122888791385343970378097785516838620659389931,0.64,0.65,0.645,0.01,119032.07,134745.93,146479.33,92114.91,111023.85,119985.59,42,23,378403.8099519996
2026-09-02 07:17:29,936147,4000248,LoL: Hanwha Life Esports vs T1 (BO5) - LCK Playoffs,series,,2026-09-02 08:00:00,42.5,T1,42819687634672881483617510271698078404051708570906741617482740253212535042722,0.35,0.36,0.355,0.01,47865.84,56995.94,60876.89,68312.87,78013.61,85857.21,23,42,378403.8099519996
2026-09-02 07:17:29,936147,4000249,Games Total: O/U 3.5,total_games,,2026-09-02 08:00:00,42.5,Over,80317462208036634370611667592517910559057172613751725938330061477906689644871,0.73,0.74,0.735,0.01,1075.86,22902.46,23161.01,25706.24,30772.64,33918.24,29,13,17268.021122
2026-09-02 07:17:29,936147,4000249,Games Total: O/U 3.5,total_games,,2026-09-02 08:00:00,42.5,Under,32337683298076683289688582842018186880600108799426881067326201389847076015253,0.26,0.27,0.265,0.01,8654.44,10239.84,11114.24,398.06,9748.53,9865.33,13,29,17268.021122
2026-09-02 07:17:29,936147,4000250,Games Total: O/U 4.5,total_games,,2026-09-02 08:00:00,42.5,Over,67028205767593121936564281252261131409439995798362533668702004769898532565964,0.34,0.35,0.345,0.01,3508.83,4406.81,12007.81,2370.02,3757.24,4771.15,16,20,3530.975603
2026-09-02 07:17:29,936147,4000250,Games Total: O/U 4.5,total_games,,2026-09-02 08:00:00,42.5,Under,111556133117845474158087232516235709277283000020725048691506879574040151376855,0.65,0.66,0.655,0.01,4388.85,6681.01,8265.33,7011.56,8999.29,26918.29,20,16,3530.975603
2026-09-02 07:17:29,936147,4000251,Game Handicap: HLE (-1.5) vs T1 (+1.5),handicap,,2026-09-02 08:00:00,42.5,Hanwha Life Esports,10493141932962614934205140811035465300295049925312106570287434531813044973483,0.44,0.45,0.445,0.01,10206.51,18838.26,19628.26,21212.0,46819.08,49769.08,20,26,67809.32522400001
2026-09-02 07:17:29,936147,4000251,Game Handicap: HLE (-1.5) vs T1 (+1.5),handicap,,2026-09-02 08:00:00,42.5,T1,29009672247611046844750391779148532624046214593989504759848221828337202221082,0.55,0.56,0.555,0.01,25210.01,54066.86,57116.86,13284.92,25479.51,26689.51,26,20,67809.32522400001
2026-09-02 07:17:29,936147,4000252,Game Handicap: HLE (-2.5) vs T1 (+2.5),handicap,,2026-09-02 08:00:00,42.5,Hanwha Life Esports,102345138897645643338528677118468766881362327402363406508705558284865003191841,0.19,0.2,0.195,0.01,672.25,5108.73,5678.73,202.51,11471.62,11482.18,14,34,5850.873283000001
2026-09-02 07:17:29,936147,4000252,Game Handicap: HLE (-2.5) vs T1 (+2.5),handicap,,2026-09-02 08:00:00,42.5,T1,76305669832292268029604931991271246661418893929410638142532260939620551316786,0.8,0.81,0.805,0.01,764.7,39566.83,39600.27,3061.06,25968.58,29398.58,34,14,5850.873283000001
2026-09-02 07:17:29,936147,4000253,Game 1: Both Teams Slay Baron Nashor?,prop,1,2026-09-02 08:00:00,42.5,Yes,93146086577102256204298678979505953849078074539389252153335299070591798600887,0.07,0.98,0.525,0.91,1.95,1.95,2.07,116.61,116.61,116.61,4,2,
2026-09-02 07:17:29,936147,4000253,Game 1: Both Teams Slay Baron Nashor?,prop,1,2026-09-02 08:00:00,42.5,No,62397396836471728045186329952381396277894364048690199148787370308406079873504,0.02,0.93,0.475,0.91,1.38,1.38,1.38,29.53,29.53,35.23,2,4,
2026-09-02 07:17:29,936147,4000254,Game 1: Both Teams Slay a Dragon?,prop,1,2026-09-02 08:00:00,42.5,Yes,38524487372856719802058239041752978100838775077444134383580158056000817208489,0.02,0.93,0.475,0.91,1.28,1.28,1.28,9.3,9.3,9.3,2,2,
2026-09-02 07:17:29,936147,4000254,Game 1: Both Teams Slay a Dragon?,prop,1,2026-09-02 08:00:00,42.5,No,15204516028080642533081196459812008766087030818357039258317298224193212619102,0.07,0.98,0.525,0.91,0.7,0.7,0.7,116.71,116.71,116.71,2,2,
2026-09-02 07:17:29,936147,4000255,Game 1: Both Teams Destroy Inhibitors?,prop,1,2026-09-02 08:00:00,42.5,Yes,53326448950994422414452555514016403317591022200780864858814246245395755848871,0.07,0.98,0.525,0.91,1.05,1.05,1.18,116.62,116.62,116.62,4,2,
2026-09-02 07:17:29,936147,4000255,Game 1: Both Teams Destroy Inhibitors?,prop,1,2026-09-02 08:00:00,42.5,No,34007568137061088623455577434729876802246079637640607021932381235812612134452,0.02,0.93,0.475,0.91,1.38,1.38,1.38,15.43,15.43,21.83,2,4,
2026-09-02 07:17:29,936147,4000256,Game 1: Any Player Quadra Kill?,prop,1,2026-09-02 08:00:00,42.5,Yes,22474955096840959331217225348561101760744235175341307948306551935778821508463,0.01,0.99,0.5,0.98,0.2,0.2,0.2,19.8,19.8,19.8,1,1,
2026-09-02 07:17:29,936147,4000256,Game 1: Any Player Quadra Kill?,prop,1,2026-09-02 08:00:00,42.5,No,70010116755066730675945204508545288178944029331833502803576435564774033662176,0.01,0.99,0.5,0.98,0.2,0.2,0.2,19.8,19.8,19.8,1,1,
2026-09-02 07:17:29,936147,4000257,Game 1: Any Player Penta Kill?,prop,1,2026-09-02 08:00:00,42.5,Yes,32392061463244664374011371719265930175195324793425576808866777706255798484197,0.01,0.14,0.075,0.13,0.2,0.2,0.2,3.97,3.97,3.97,1,7,
2026-09-02 07:17:29,936147,4000257,Game 1: Any Player Penta Kill?,prop,1,2026-09-02 08:00:00,42.5,No,77640614084664768219957861274368510980436867180076340853011873020180879444145,0.86,0.99,0.925,0.13,24.03,24.03,24.03,19.8,19.8,19.8,7,1,
2026-09-02 07:17:29,936147,4000258,Game 1: Odd/Even Total Kills?,odd_even,1,2026-09-02 08:00:00,42.5,Odd,108827565179165251510087675872073156578050684689138105722270806193090503838530,0.49,0.51,0.5,0.02,105.76,110.46,395.07,115.17,115.17,463.04,4,3,
2026-09-02 07:17:29,936147,4000258,Game 1: Odd/Even Total Kills?,odd_even,1,2026-09-02 08:00:00,42.5,Even,7301611815750266505212013035576664627539129145219944939954043282024608538667,0.49,0.51,0.5,0.02,110.66,110.66,395.27,110.07,115.37,463.24,3,4,
2026-09-02 07:17:29,936147,4000259,Game 2: Both Teams Slay Baron Nashor?,prop,2,2026-09-02 08:00:00,42.5,Yes,26580941611231775497434268916596647138639915367438578117383630553602803147665,0.02,0.98,0.5,0.96,1.28,1.28,1.28,116.72,116.72,116.72,2,2,
2026-09-02 07:17:29,936147,4000259,Game 2: Both Teams Slay Baron Nashor?,prop,2,2026-09-02 08:00:00,42.5,No,100795195782021149211222639897723696752492161528664336793375063544818455196843,0.02,0.98,0.5,0.96,1.28,1.28,1.28,116.72,116.72,116.72,2,2,
2026-09-02 07:17:29,936147,4000260,Game 2: Both Teams Slay a Dragon?,prop,2,2026-09-02 08:00:00,42.5,Yes,7647165211636560008480877295863658589900544927319086094514582071550471788190,0.02,0.98,0.5,0.96,1.28,1.28,1.28,116.72,116.72,116.72,2,2,
2026-09-02 07:17:29,936147,4000260,Game 2: Both Teams Slay a Dragon?,prop,2,2026-09-02 08:00:00,42.5,No,38312652442522943276833285095228363825405853198565948971681938085472588119443,0.02,0.98,0.5,0.96,1.28,1.28,1.28,116.72,116.72,116.72,2,2,
2026-09-02 07:17:29,936147,4000261,Game 2: Both Teams Destroy Inhibitors?,prop,2,2026-09-02 08:00:00,42.5,Yes,77459052452756213722987039745546396756742907735368245858946392762245699388078,0.02,0.92,0.47,0.9,1.28,1.28,1.28,14.02,14.02,14.02,2,4,
2026-09-02 07:17:29,936147,4000261,Game 2: Both Teams Destroy Inhibitors?,prop,2,2026-09-02 08:00:00,42.5,No,42982741775104988732603152913859566937731426765614068324359357599623861430770,0.08,0.98,0.53,0.9,1.11,1.11,1.11,116.72,116.72,116.72,4,2,
2026-09-02 07:17:29,936147,4000262,Game 2: Any Player Quadra Kill?,prop,2,2026-09-02 08:00:00,42.5,Yes,23114827239613606199039909863609846703766555028821666365191768631882396210122,0.01,0.99,0.5,0.98,0.2,0.2,0.2,19.8,19.8,19.8,1,1,
2026-09-02 07:17:29,936147,4000262,Game 2: Any Player Quadra Kill?,prop,2,2026-09-02 08:00:00,42.5,No,34882982611710593206012495650602357875797866389249437605106387682496237435474,0.01,0.99,0.5,0.98,0.2,0.2,0.2,19.8,19.8,19.8,1,1,
2026-09-02 07:17:29,936147,4000263,Game 2: Any Player Penta Kill?,prop,2,2026-09-02 08:00:00,42.5,Yes,89851463602513363280889458150548056901497390671549082559791975153304669274722,0.01,0.3,0.155,0.29,0.2,0.2,0.2,18.0,18.0,18.0,1,3,
2026-09-02 07:17:29,936147,4000263,Game 2: Any Player Penta Kill?,prop,2,2026-09-02 08:00:00,42.5,No,76657167681598317018276771830467170760474532730191942904005791001648898016932,0.7,0.99,0.845,0.29,41.0,41.0,41.0,19.8,19.8,19.8,3,1,
2026-09-02 07:17:29,936147,4000264,Game 2: Odd/Even Total Kills?,odd_even,2,2026-09-02 08:00:00,42.5,Odd,19926948821479151314149954395913489860320517308762150293129985004501391652978,0.49,0.51,0.5,0.02,105.76,110.36,394.97,115.17,115.17,463.04,4,3,
2026-09-02 07:17:29,936147,4000264,Game 2: Odd/Even Total Kills?,odd_even,2,2026-09-02 08:00:00,42.5,Even,17406923566277180510326582743311914999596667583010759580438423117266479779042,0.49,0.51,0.5,0.02,110.66,110.66,395.27,110.07,115.47,463.34,3,4,
2026-09-02 07:17:29,936147,4000265,Game 3: Both Teams Slay Baron Nashor?,prop,3,2026-09-02 08:00:00,42.5,Yes,72898465988016784668140978566035896190823170737719888998748173305878130784604,0.02,0.92,0.47,0.9,1.28,1.28,1.28,14.02,14.02,14.02,2,4,
2026-09-02 07:17:29,936147,4000265,Game 3: Both Teams Slay Baron Nashor?,prop,3,2026-09-02 08:00:00,42.5,No,61259761980766796434812314349518047220625334534850126709327053650372878721670,0.08,0.98,0.53,0.9,1.11,1.11,1.11,116.72,116.72,116.72,4,2,
2026-09-02 07:17:29,936147,4000266,Game 3: Both Teams Slay a Dragon?,prop,3,2026-09-02 08:00:00,42.5,Yes,29016659931195283658010080437169080773576593221502697360172267529196401779876,0.07,0.98,0.525,0.91,0.7,0.7,0.82,116.72,116.72,116.72,3,2,
2026-09-02 07:17:29,936147,4000266,Game 3: Both Teams Slay a Dragon?,prop,3,2026-09-02 08:00:00,42.5,No,52507303645384853045196468877499699191744879457368034686349865378835646923976,0.02,0.93,0.475,0.91,1.28,1.28,1.28,9.3,9.3,15.29,2,3,
2026-09-02 07:17:29,936147,4000267,Game 3: Both Teams Destroy Inhibitors?,prop,3,2026-09-02 08:00:00,42.5,Yes,52838954315541697946222845860350452741407966206108720498751207436944088637555,0.02,0.98,0.5,0.96,1.28,1.28,1.28,116.62,116.62,116.62,2,2,
2026-09-02 07:17:29,936147,4000267,Game 3: Both Teams Destroy Inhibitors?,prop,3,2026-09-02 08:00:00,42.5,No,93441612593317368859448449646562250985004074665722706329348452699701514031784,0.02,0.98,0.5,0.96,1.38,1.38,1.38,116.72,116.72,116.72,2,2,
2026-09-02 07:17:29,936147,4000268,Game 3: Any Player Quadra Kill?,prop,3,2026-09-02 08:00:00,42.5,Yes,38020405566695788965357251388580004323154327078778903318213145141050275756230,0.01,0.99,0.5,0.98,0.2,0.2,0.2,19.8,19.8,19.8,1,1,
2026-09-02 07:17:29,936147,4000268,Game 3: Any Player Quadra Kill?,prop,3,2026-09-02 08:00:00,42.5,No,28597079920160132826239354664061191026796075799515942859737365191978222948485,0.01,0.99,0.5,0.98,0.2,0.2,0.2,19.8,19.8,19.8,1,1,
2026-09-02 07:17:29,936147,4000269,Game 3: Any Player Penta Kill?,prop,3,2026-09-02 08:00:00,42.5,Yes,25818450087468056279221103871364684091155449026608761409094787974585674423410,0.01,0.21,0.11,0.2,0.2,0.2,0.2,10.75,10.75,10.75,1,4,
2026-09-02 07:17:29,936147,4000269,Game 3: Any Player Penta Kill?,prop,3,2026-09-02 08:00:00,42.5,No,64211900886481376166420643612395215537917925498332191046420283524442916982158,0.79,0.99,0.89,0.2,39.25,39.25,39.25,19.8,19.8,19.8,4,1,
2026-09-02 07:17:29,936147,4000270,Game 3: Odd/Even Total Kills?,odd_even,3,2026-09-02 08:00:00,42.5,Odd,15654742314760403571803525417370265516875090435320723584018977422757338284070,0.49,0.51,0.5,0.02,105.76,105.76,390.37,115.17,115.17,463.04,4,3,
2026-09-02 07:17:29,936147,4000270,Game 3: Odd/Even Total Kills?,odd_even,3,2026-09-02 08:00:00,42.5,Even,104857101644586659489302816521904903492103117744635602743997701460522299917261,0.49,0.51,0.5,0.02,110.66,110.66,395.27,110.07,110.07,457.94,3,4,
2026-09-02 07:17:29,936147,4000271,Game 4: Both Teams Slay Baron Nashor?,prop,4,2026-09-02 08:00:00,42.5,Yes,62356408012604828982178064882292340995533506140242027840256196017857030363017,0.08,0.98,0.53,0.9,0.8,2.29,2.29,116.72,116.72,116.72,4,2,
2026-09-02 07:17:29,936147,4000271,Game 4: Both Teams Slay Baron Nashor?,prop,4,2026-09-02 08:00:00,42.5,No,91788636055428683920593421680640488891536883071261256377394394977967840429645,0.02,0.92,0.47,0.9,1.28,1.28,1.28,9.2,34.97,34.97,2,4,
2026-09-02 07:17:29,936147,4000272,Game 4: Both Teams Slay a Dragon?,prop,4,2026-09-02 08:00:00,42.5,Yes,83203584164114158027263022883878642041746836654633144827555848117337293604207,0.02,0.97,0.495,0.95,1.28,1.28,1.28,21.16,108.28,108.28,2,3,
2026-09-02 07:17:29,936147,4000272,Game 4: Both Teams Slay a Dragon?,prop,4,2026-09-02 08:00:00,42.5,No,82053351462248981559153275457047015911859357018207289862363439393992037932129,0.03,0.98,0.505,0.95,0.5,1.38,1.38,116.72,116.72,116.72,3,2,
2026-09-02 07:17:29,936147,4000273,Game 4: Both Teams Destroy Inhibitors?,prop,4,2026-09-02 08:00:00,42.5,Yes,14826823168300530105843175396594851843132589180193264039518519229938686751123,0.02,0.98,0.5,0.96,1.28,1.28,1.28,116.71,116.71,116.71,2,2,
2026-09-02 07:17:29,936147,4000273,Game 4: Both Teams Destroy Inhibitors?,prop,4,2026-09-02 08:00:00,42.5,No,4642309791893536667792231855163585184601093249526876723384717111754720262130,0.02,0.98,0.5,0.96,1.28,1.28,1.28,116.73,116.73,116.73,2,2,
2026-09-02 07:17:29,936147,4000274,Game 4: Any Player Quadra Kill?,prop,4,2026-09-02 08:00:00,42.5,Yes,13041789329235213382067252372510043708510064265822781385156997562156671755813,0.01,0.99,0.5,0.98,0.2,0.2,0.2,19.8,19.8,19.8,1,1,
2026-09-02 07:17:29,936147,4000274,Game 4: Any Player Quadra Kill?,prop,4,2026-09-02 08:00:00,42.5,No,61906078143322210428853001145404023129978821493304810408028713073041212560729,0.01,0.99,0.5,0.98,0.2,0.2,0.2,19.8,19.8,19.8,1,1,
2026-09-02 07:17:29,936147,4000275,Game 4: Any Player Penta Kill?,prop,4,2026-09-02 08:00:00,42.5,Yes,32432357688111543882377174835903355401662311457669476969295888963199694824422,0.01,0.99,0.5,0.98,0.2,0.2,0.2,19.8,19.8,19.8,1,1,
2026-09-02 07:17:29,936147,4000275,Game 4: Any Player Penta Kill?,prop,4,2026-09-02 08:00:00,42.5,No,4617799256852857197864126938133010426073689697060245242862641752640679129341,0.01,0.99,0.5,0.98,0.2,0.2,0.2,19.8,19.8,19.8,1,1,
2026-09-02 07:17:29,936147,4000276,Game 4: Odd/Even Total Kills?,odd_even,4,2026-09-02 08:00:00,42.5,Odd,82445579597676482715334501121107741150121968755312650663555776789237825622300,0.49,0.51,0.5,0.02,105.76,110.36,394.97,110.07,115.47,463.34,4,4,
2026-09-02 07:17:29,936147,4000276,Game 4: Odd/Even Total Kills?,odd_even,4,2026-09-02 08:00:00,42.5,Even,59910329812851235339134266389493787978247416660833129937616581052783787806167,0.49,0.51,0.5,0.02,105.76,110.36,394.97,110.07,115.47,463.34,4,4,
2026-09-02 07:17:29,936147,4000277,Game 5: Both Teams Slay Baron Nashor?,prop,5,2026-09-02 08:00:00,42.5,Yes,77066018604040233379350338588590607299672009487600977752104134984252506121329,0.08,0.98,0.53,0.9,0.8,0.8,0.8,116.72,116.72,116.72,2,2,
2026-09-02 07:17:29,936147,4000277,Game 5: Both Teams Slay Baron Nashor?,prop,5,2026-09-02 08:00:00,42.5,No,113061198307446667308409918664161274242165665872982030214940590114781938909980,0.02,0.92,0.47,0.9,1.28,1.28,1.28,9.2,9.2,9.2,2,2,
2026-09-02 07:17:29,936147,4000278,Game 5: Both Teams Slay a Dragon?,prop,5,2026-09-02 08:00:00,42.5,Yes,50386225583647348218613825701655315521963805588620670730405925093860797793941,0.02,0.97,0.495,0.95,1.28,1.28,1.28,21.16,108.28,108.28,2,3,
2026-09-02 07:17:29,936147,4000278,Game 5: Both Teams Slay a Dragon?,prop,5,2026-09-02 08:00:00,42.5,No,65958101632974750482890282331167872972565380466300029511943073805016369825775,0.03,0.98,0.505,0.95,0.5,1.38,1.38,116.73,116.73,116.73,3,2,
2026-09-02 07:17:29,936147,4000279,Game 5: Both Teams Destroy Inhibitors?,prop,5,2026-09-02 08:00:00,42.5,Yes,60691868901076204506867129421738065547322249199404378327558804806221191518482,0.03,0.97,0.5,0.94,0.39,1.38,1.38,21.16,108.28,108.28,3,3,
2026-09-02 07:17:29,936147,4000279,Game 5: Both Teams Destroy Inhibitors?,prop,5,2026-09-02 08:00:00,42.5,No,107034670060567856747157098300876215376953838511509290890193796534679888290723,0.03,0.97,0.5,0.94,0.5,1.38,1.38,15.96,113.92,113.92,3,3,
2026-09-02 07:17:29,936147,4000280,Game 5: Any Player Quadra Kill?,prop,5,2026-09-02 08:00:00,42.5,Yes,37622554544210168597016813527601142861708502761444229672227664382988517507012,0.05,0.99,0.52,0.94,20.5,20.5,20.6,19.8,19.8,19.8,2,1,
2026-09-02 07:17:29,936147,4000280,Game 5: Any Player Quadra Kill?,prop,5,2026-09-02 08:00:00,42.5,No,101771071393268507976536828407881635603923230098768507605348504845564201246418,0.01,0.95,0.48,0.94,0.2,0.2,0.2,389.5,389.5,399.4,1,2,
2026-09-02 07:17:29,936147,4000281,Game 5: Any Player Penta Kill?,prop,5,2026-09-02 08:00:00,42.5,Yes,81884775513417691672953009208263232746237849336120942457457532759198344325709,0.29,0.99,0.64,0.7,4.25,4.25,4.25,19.8,19.8,19.8,4,1,
2026-09-02 07:17:29,936147,4000281,Game 5: Any Player Penta Kill?,prop,5,2026-09-02 08:00:00,42.5,No,72962711808804327573383515612746519999121753888127582650328110970406725796328,0.01,0.71,0.36,0.7,0.2,0.2,0.2,10.75,10.75,10.75,1,4,
2026-09-02 07:17:29,936147,4000282,Game 5: Odd/Even Total Kills?,odd_even,5,2026-09-02 08:00:00,42.5,Odd,63563863948193257516939853810980814506303010879650466407377239673922979120326,0.49,0.51,0.5,0.02,105.76,110.36,394.97,115.17,115.17,463.04,4,3,
2026-09-02 07:17:29,936147,4000282,Game 5: Odd/Even Total Kills?,odd_even,5,2026-09-02 08:00:00,42.5,Even,31397966625285258767459017025370175525895361521471797809472815622525603577625,0.49,0.51,0.5,0.02,110.66,110.66,395.27,110.07,115.47,463.34,3,4,
2026-09-02 07:17:29,936147,4055085,First Blood in Game 3?,first_blood,3,2026-09-02 08:00:00,42.5,Hanwha Life Esports,6451594758063050554390912016674836600356185004196255157849974731344110647386,0.01,0.98,0.495,0.97,1.18,1.18,1.18,105.85,105.85,105.85,1,2,
2026-09-02 07:17:29,936147,4055085,First Blood in Game 3?,first_blood,3,2026-09-02 08:00:00,42.5,T1,111671302443544193400921226285483470020924072924889955867898625329207475298195,0.02,0.99,0.505,0.97,1.12,1.12,1.12,116.82,116.82,116.82,2,1,
2026-09-02 07:17:29,936147,4055087,First Blood in Game 4?,first_blood,4,2026-09-02 08:00:00,42.5,Hanwha Life Esports,44456964354108569655867710024564302868904938042276290336260913514858184823376,0.02,0.98,0.5,0.96,1.18,1.18,1.18,111.82,111.82,111.82,2,2,
2026-09-02 07:17:29,936147,4055087,First Blood in Game 4?,first_blood,4,2026-09-02 08:00:00,42.5,T1,76518710650883538954404102697795011890927096984046628336172266898783561358704,0.02,0.98,0.5,0.96,1.18,1.18,1.18,111.82,111.82,111.82,2,2,
2026-09-02 07:17:29,936147,4055086,First Blood in Game 2?,first_blood,2,2026-09-02 08:00:00,42.5,Hanwha Life Esports,35223590030147782354795494036844700343050892452741564936833152758460370456534,0.02,0.98,0.5,0.96,1.23,1.23,1.23,111.82,111.82,111.82,2,2,
2026-09-02 07:17:29,936147,4055086,First Blood in Game 2?,first_blood,2,2026-09-02 08:00:00,42.5,T1,106973616542563433069735706581115924011405901433670876316339191848137336057195,0.02,0.98,0.5,0.96,1.18,1.18,1.18,114.67,114.67,114.67,2,2,
2026-09-02 07:17:29,936147,4055088,First Blood in Game 1?,first_blood,1,2026-09-02 08:00:00,42.5,Hanwha Life Esports,6734115328655613916670197138642585102833552985709517992186776949945439452651,0.5,0.99,0.745,0.49,305.2,305.2,305.2,116.82,116.82,116.82,3,1,
2026-09-02 07:17:29,936147,4055088,First Blood in Game 1?,first_blood,1,2026-09-02 08:00:00,42.5,T1,46791261602673605151459395071771041257748824118660002290919023281937929398557,0.01,0.5,0.255,0.49,1.18,1.18,1.18,305.3,305.3,305.3,1,3,
2026-09-02 07:17:29,936147,4055089,Total Kills Over/Under 27.5 in Game 3?,total_kills,3,2026-09-02 08:00:00,42.5,Over,50616430506705087897681647196718146017577716130384022997173216917826703310026,0.57,0.58,0.575,0.01,847.34,857.32,857.32,250.51,1654.1,1654.1,26,13,6160.444126999999
2026-09-02 07:17:29,936147,4055089,Total Kills Over/Under 27.5 in Game 3?,total_kills,3,2026-09-02 08:00:00,42.5,Under,55550770098276678307197609580896886259143674423848398992865344330286825227241,0.42,0.43,0.425,0.01,180.97,1116.71,1116.71,665.58,673.97,673.97,13,26,6160.444126999999
2026-09-02 07:17:29,936147,4055090,Total Kills Over/Under 24.5 in Game 4?,total_kills,4,2026-09-02 08:00:00,42.5,Over,50937948202535216666099489933019249094813003234790028978062979140763968241350,0.5,0.99,0.745,0.49,50.0,50.0,50.0,106.92,106.92,106.92,4,1,
2026-09-02 07:17:29,936147,4055090,Total Kills Over/Under 24.5 in Game 4?,total_kills,4,2026-09-02 08:00:00,42.5,Under,82790280916601472675958827250914597214041032387568744996207353240021196821931,0.01,0.5,0.255,0.49,1.08,1.08,1.08,50.0,50.0,50.0,1,4,
2026-09-02 07:17:29,936147,4055092,Total Kills Over/Under 27.5 in Game 1?,total_kills,1,2026-09-02 08:00:00,42.5,Over,114058681503214293966788885801573541974530629733277803804341358373124587463134,0.54,0.59,0.565,0.05,185.26,185.26,197.51,2430.65,2430.65,2430.65,23,12,5988.06717
2026-09-02 07:17:29,936147,4055092,Total Kills Over/Under 27.5 in Game 1?,total_kills,1,2026-09-02 08:00:00,42.5,Under,21408934269837174665866968434746455120787958707568100175761023291654701885732,0.41,0.46,0.435,0.05,1631.54,1631.54,1631.54,158.21,158.21,170.96,12,23,5988.06717
2026-09-02 07:17:29,936147,4055091,Total Kills Over/Under 27.5 in Game 2?,total_kills,2,2026-09-02 08:00:00,42.5,Over,29572624698451375099490457589006933490436512891007706168731140171251928387948,0.52,0.58,0.55,0.06,4128.56,5198.06,5198.06,234.95,1629.4,1629.4,20,15,5012.993503
2026-09-02 07:17:29,936147,4055091,Total Kills Over/Under 27.5 in Game 2?,total_kills,2,2026-09-02 08:00:00,42.5,Under,12802913080296758871246561850481235290764757727562319189118152924456489918965,0.42,0.48,0.45,0.06,170.05,1062.12,1062.12,3858.26,4927.76,4927.76,15,20,5012.993503
2026-09-02 07:17:29,936147,4055093,Total Kills Over/Under 27.5 in Game 4?,total_kills,4,2026-09-02 08:00:00,42.5,Over,44684731289280816949050731630888842831358234224068234967091902258366469917544,0.4,0.58,0.49,0.18,32.0,32.0,33.88,242.45,242.45,242.45,4,3,
2026-09-02 07:17:29,936147,4055093,Total Kills Over/Under 27.5 in Game 4?,total_kills,4,2026-09-02 08:00:00,42.5,Under,18586723199912527744436187003870377599099726122064196226794794950393327684565,0.42,0.6,0.51,0.18,175.47,175.47,175.47,48.0,48.0,51.49,3,4,
2026-09-02 07:17:29,936147,4055094,Total Kills Over/Under 24.5 in Game 3?,total_kills,3,2026-09-02 08:00:00,42.5,Over,60419029194322599109502232725144838069075057110504558087907518068397627928602,0.67,0.76,0.715,0.09,169.45,169.45,169.45,159.85,174.9,174.9,5,4,123.17073
2026-09-02 07:17:29,936147,4055094,Total Kills Over/Under 24.5 in Game 3?,total_kills,3,2026-09-02 08:00:00,42.5,Under,55368970242395556386896319902906582248387755687561050449261077374383461775588,0.24,0.33,0.285,0.09,50.41,54.41,54.41,83.54,83.54,83.54,4,5,123.17073
2026-09-02 07:17:29,936147,4055095,Total Kills Over/Under 24.5 in Game 2?,total_kills,2,2026-09-02 08:00:00,42.5,Over,89070087442125703399649573813340602678009036476143503524794827166960613745678,0.69,0.77,0.73,0.08,161.4,161.4,161.4,24.1,24.1,24.1,6,3,121.42857
2026-09-02 07:17:29,936147,4055095,Total Kills Over/Under 24.5 in Game 2?,total_kills,2,2026-09-02 08:00:00,42.5,Under,99662990254382299993439618179836862401378421343854774850808929203233884338029,0.23,0.31,0.27,0.08,7.09,7.09,7.09,72.59,72.59,72.59,3,6,121.42857
2026-09-02 07:17:29,936147,4055096,Total Kills Over/Under 24.5 in Game 1?,total_kills,1,2026-09-02 08:00:00,42.5,Over,70576898803566127666107944114399469021804224373235543306362698958964445128829,0.68,0.78,0.73,0.1,149.6,149.6,149.6,14.51,14.51,260.51,6,3,125.769953
2026-09-02 07:17:29,936147,4055096,Total Kills Over/Under 24.5 in Game 1?,total_kills,1,2026-09-02 08:00:00,42.5,Under,36403691426434302394786586218755871489976678966422192558513810298433439047497,0.22,0.32,0.27,0.1,4.09,4.09,58.09,70.4,70.4,70.4,3,6,125.769953
2026-09-02 07:17:29,936147,4059386,Total Kills Over/Under 30.5 in Game 1?,total_kills,1,2026-09-02 08:00:00,42.5,Over,27563047472284349159145124070497736444752851592398947811153508318500279378284,0.32,0.43,0.375,0.11,627.4,627.4,627.4,143.11,154.61,2504.61,4,7,549.580485
2026-09-02 07:17:29,936147,4059386,Total Kills Over/Under 30.5 in Game 1?,total_kills,1,2026-09-02 08:00:00,42.5,Under,103806489000291695503284220898756155085098642314498145055405923981803690742938,0.57,0.68,0.625,0.11,182.6,196.1,2846.1,1396.08,1396.08,1396.08,7,4,549.580485
2026-09-02 07:17:29,936147,4059387,Total Kills Over/Under 30.5 in Game 2?,total_kills,2,2026-09-02 08:00:00,42.5,Over,250960629603093735033332993997821567495732901004711577017014896526444517552,0.35,0.46,0.405,0.11,703.45,703.45,703.45,1977.47,1977.47,1984.18,4,6,860.3593739999999
2026-09-02 07:17:29,936147,4059387,Total Kills Over/Under 30.5 in Game 2?,total_kills,2,2026-09-02 08:00:00,42.5,Under,48381236362340560053851779496224028346112141678610455464569321577481897653475,0.54,0.65,0.595,0.11,2229.98,2229.98,2236.43,1306.56,1306.56,1306.56,6,4,860.3593739999999
2026-09-02 07:17:29,936147,4059389,Total Kills Over/Under 30.5 in Game 4?,total_kills,4,2026-09-02 08:00:00,42.5,Over,38530469248668392139381861431814913862781782593421421431190604075800209612127,0.26,0.6,0.43,0.34,50.54,50.54,50.54,128.84,128.84,128.84,6,1,305.8002
2026-09-02 07:17:29,936147,4059389,Total Kills Over/Under 30.5 in Game 4?,total_kills,4,2026-09-02 08:00:00,42.5,Under,100893473430155116004655675892784973889071738137065348904718068135586115562931,0.4,0.74,0.57,0.34,85.9,85.9,85.9,147.68,147.68,147.68,1,6,305.8002
2026-09-02 07:17:29,936147,4059388,Total Kills Over/Under 30.5 in Game 3?,total_kills,3,2026-09-02 08:00:00,42.5,Over,80955956645851227563872338523728413776626690764104558653678938481490121865495,0.36,0.43,0.395,0.07,746.84,746.84,746.84,94.45,95.75,2278.27,4,8,434.41022699999996
2026-09-02 07:17:29,936147,4059388,Total Kills Over/Under 30.5 in Game 3?,total_kills,3,2026-09-02 08:00:00,42.5,Under,5748869005347059788849380089240844382658411548108429750418420986444868563514,0.57,0.64,0.605,0.07,120.55,122.07,2583.22,1386.82,1386.82,1386.82,8,4,434.41022699999996
2026-09-02 11:37:46,929750,3969301,LoL: Bushido Wildcats vs SU Esports - Game 1 Winner,map,1,2026-09-02 15:00:00,202.2,Bushido Wildcats,98653860263004258369650629196722772543496191971471172148393295744481941989467,0.45,0.47,0.46,0.02,33.24,392.24,792.14,100.08,718.1,1056.66,32,23,605.1935619999999
2026-09-02 11:37:46,929750,3969301,LoL: Bushido Wildcats vs SU Esports - Game 1 Winner,map,1,2026-09-02 15:00:00,202.2,SU Esports,18775600224246023131994417408878103015203494383473768792771396148242192992983,0.53,0.55,0.54,0.02,109.92,735.0,1060.28,41.76,530.38,1107.07,23,32,605.1935619999999
2026-09-02 11:37:46,929750,3969302,LoL: Bushido Wildcats vs SU Esports - Game 2 Winner,map,2,2026-09-02 15:00:00,202.2,Bushido Wildcats,68603561524821146601214362692338809850963345001918270771181075017930976881493,0.43,0.45,0.44,0.02,403.79,460.53,1396.2,163.2,228.13,788.79,23,23,
2026-09-02 11:37:46,929750,3969302,LoL: Bushido Wildcats vs SU Esports - Game 2 Winner,map,2,2026-09-02 15:00:00,202.2,SU Esports,88923975739375952253488023807666068430362825915448135155410285122146935971739,0.55,0.57,0.56,0.02,197.8,268.34,839.64,549.21,632.08,2098.12,23,23,
2026-09-02 11:37:46,929750,3969303,LoL: Bushido Wildcats vs SU Esports - Game 3 Winner,map,3,2026-09-02 15:00:00,202.2,Bushido Wildcats,24363029888921996246498273958788880668705836660261193318336431638854318155375,0.46,0.49,0.475,0.03,45.7,244.94,791.64,755.24,811.44,811.44,25,18,
2026-09-02 11:37:46,929750,3969303,LoL: Bushido Wildcats vs SU Esports - Game 3 Winner,map,3,2026-09-02 15:00:00,202.2,SU Esports,77264861432692066416968853434914186334605324862188236569906335106815818236190,0.51,0.54,0.525,0.03,759.2,813.19,813.19,55.35,316.87,1072.77,18,25,
2026-09-02 11:37:46,929750,3969304,LoL: Bushido Wildcats vs SU Esports - Game 4 Winner,map,4,2026-09-02 15:00:00,202.2,Bushido Wildcats,38823351735374400287586743645423760635445817094054826118458504012636494357632,0.09,0.92,0.505,0.83,3.0,3.67,6.92,53.77,63.27,128.17,7,7,
2026-09-02 11:37:46,929750,3969304,LoL: Bushido Wildcats vs SU Esports - Game 4 Winner,map,4,2026-09-02 15:00:00,202.2,SU Esports,55525384566411293745715684717503322543542995738679554015061693152460092355161,0.08,0.91,0.495,0.83,4.21,4.71,7.31,30.33,40.76,112.51,7,7,
2026-09-02 11:37:46,929750,3969305,LoL: Bushido Wildcats vs SU Esports (BO5) - TCL Playoffs,series,,2026-09-02 15:00:00,202.2,Bushido Wildcats,44819353750921275010378198013179618686943345951848334422751810333495227567001,0.38,0.39,0.385,0.01,5024.04,5049.24,5379.24,1086.85,1095.15,1713.87,25,37,37773.632358
2026-09-02 11:37:46,929750,3969305,LoL: Bushido Wildcats vs SU Esports (BO5) - TCL Playoffs,series,,2026-09-02 15:00:00,202.2,SU Esports,87316154734404865399933355133099831173557694920050008864653733969855460018432,0.61,0.62,0.615,0.01,1686.13,1697.82,2491.92,8253.94,8298.74,8968.74,37,25,37773.632358
2026-09-02 11:37:46,929750,3969306,Games Total: O/U 3.5,total_games,,2026-09-02 15:00:00,202.2,Over,113802155422496249671899287371033049296018630872108234363065274707720542384961,0.44,0.7,0.57,0.26,244.56,252.98,252.98,219.5,579.5,594.5,13,17,
2026-09-02 11:37:46,929750,3969306,Games Total: O/U 3.5,total_games,,2026-09-02 15:00:00,202.2,Under,44089641228358134441173029190574187741300480737774003933494682124134588652589,0.3,0.56,0.43,0.26,90.5,230.5,235.5,323.04,334.65,334.65,17,13,
2026-09-02 11:37:46,929750,3969307,Games Total: O/U 4.5,total_games,,2026-09-02 15:00:00,202.2,Over,20045169228777896716922220847181544560872013564943700628429661376865743688265,0.35,0.37,0.36,0.02,262.6,612.6,612.6,390.85,390.85,518.59,18,17,
2026-09-02 11:37:46,929750,3969307,Games Total: O/U 4.5,total_games,,2026-09-02 15:00:00,202.2,Under,68838528901834174827815707420186760520761171018105524199430352651659403415833,0.63,0.65,0.64,0.02,664.15,664.15,847.73,502.4,1214.9,1214.9,17,18,
2026-09-02 11:37:46,929750,3969308,Game Handicap: BW (-1.5) vs SU Esports (+1.5),handicap,,2026-09-02 15:00:00,202.2,Bushido Wildcats,107474873889390492151871636085940715241699168028673003698019854143939278498227,0.07,0.29,0.18,0.22,2.75,5.49,9.63,14.11,14.11,14.11,7,10,
2026-09-02 11:37:46,929750,3969308,Game Handicap: BW (-1.5) vs SU Esports (+1.5),handicap,,2026-09-02 15:00:00,202.2,SU Esports,25134550338229498676235384536684460992654891507351841150107475035235531865312,0.71,0.93,0.82,0.22,34.53,34.53,34.53,37.59,90.96,260.62,10,7,
2026-09-02 11:37:46,929750,3969309,Game Handicap: BW (-2.5) vs SU Esports (+2.5),handicap,,2026-09-02 15:00:00,202.2,Bushido Wildcats,23117410052454098703949711532976155946336103831754318955109192689816305983637,0.05,0.37,0.21,0.32,2.49,5.01,7.22,14.04,14.04,14.04,5,12,
2026-09-02 11:37:46,929750,3969309,Game Handicap: BW (-2.5) vs SU Esports (+2.5),handicap,,2026-09-02 15:00:00,202.2,SU Esports,79337017755125866121492251202065033002076792990340131322804537845968931827332,0.63,0.95,0.79,0.32,23.76,23.76,23.76,49.37,166.07,384.89,12,5,
2026-09-02 11:37:46,929750,3969310,Game 1: Both Teams Slay Baron Nashor?,prop,1,2026-09-02 15:00:00,202.2,Yes,63307523082284310386060349403286719554650909837669558413392919106898489430170,0.06,0.47,0.265,0.41,176.6,176.6,177.78,7.99,205.06,205.06,3,11,
2026-09-02 11:37:46,929750,3969310,Game 1: Both Teams Slay Baron Nashor?,prop,1,2026-09-02 15:00:00,202.2,No,48261035292735772594784586118069729002326559423767315455352483459062573157843,0.53,0.94,0.735,0.41,9.01,206.94,206.94,2766.73,2766.73,2878.37,11,3,
2026-09-02 11:37:46,929750,3969311,Game 1: Both Teams Slay a Dragon?,prop,1,2026-09-02 15:00:00,202.2,Yes,58586591189649813881828432925278288783081320059612450268629447477541161222448,0.5,0.74,0.62,0.24,176.0,176.0,176.0,11.54,45.73,673.63,10,5,
2026-09-02 11:37:46,929750,3969311,Game 1: Both Teams Slay a Dragon?,prop,1,2026-09-02 15:00:00,202.2,No,22365800230407283512468780413001314261007577489558148787585199157570488129193,0.26,0.5,0.38,0.24,4.06,14.27,191.37,176.0,176.0,176.0,5,10,
2026-09-02 11:37:46,929750,3969312,Game 1: Both Teams Destroy Inhibitors?,prop,1,2026-09-02 15:00:00,202.2,Yes,98962364336022926682655368753628096978268134247281435271016972163198596410994,0.06,0.47,0.265,0.41,1.14,177.14,177.93,7.99,205.06,205.06,4,11,
2026-09-02 11:37:46,929750,3969312,Game 1: Both Teams Destroy Inhibitors?,prop,1,2026-09-02 15:00:00,202.2,No,22495045272107480663326335201401397442985940819410237630497328939791190733866,0.53,0.94,0.735,0.41,9.01,206.94,206.94,20.44,4244.44,4322.17,11,4,
2026-09-02 11:37:46,929750,3969313,Game 1: Any Player Quadra Kill?,prop,1,2026-09-02 15:00:00,202.2,Yes,98604671410216444143398697253838271071148266785519250479280897088581988260115,0.04,0.49,0.265,0.45,176.0,176.2,176.2,193.15,193.15,193.15,2,10,
2026-09-02 11:37:46,929750,3969313,Game 1: Any Player Quadra Kill?,prop,1,2026-09-02 15:00:00,202.2,No,49592222339460666620340143889202073854896921796641194533425000152163396327524,0.51,0.96,0.735,0.45,193.85,193.85,193.85,4224.0,4243.8,4243.8,10,2,
2026-09-02 11:37:46,929750,3969314,Game 1: Any Player Penta Kill?,prop,1,2026-09-02 15:00:00,202.2,Yes,54343530200852034378951467150934377357812086555903055447508525916276749373513,0.01,0.3,0.155,0.29,176.2,176.2,176.2,16.45,16.45,19.95,1,13,
2026-09-02 11:37:46,929750,3969314,Game 1: Any Player Penta Kill?,prop,1,2026-09-02 15:00:00,202.2,No,85705882969092762471089381074462047927081943229988284813498097574081176304975,0.7,0.99,0.845,0.29,37.55,37.55,44.05,17443.8,17443.8,17443.8,13,1,
2026-09-02 11:37:46,929750,3969315,Game 1: Odd/Even Total Kills?,odd_even,1,2026-09-02 15:00:00,202.2,Odd,87302126714103311046593255532631713318559158690119324689002998543942929633971,0.49,0.51,0.5,0.02,7.76,7.76,7.76,8.07,8.07,8.07,13,15,
2026-09-02 11:37:46,929750,3969315,Game 1: Odd/Even Total Kills?,odd_even,1,2026-09-02 15:00:00,202.2,Even,75840151787922952046173154325045774296753718212852744066701606006929633685487,0.49,0.51,0.5,0.02,7.76,7.76,7.76,8.07,8.07,8.07,15,13,
2026-09-02 11:37:46,929750,3969316,Game 2: Both Teams Slay Baron Nashor?,prop,2,2026-09-02 15:00:00,202.2,Yes,12614435079985703910094168592964859633984581581315881605438051110325828059859,0.06,0.47,0.265,0.41,176.6,176.6,177.78,7.99,205.06,205.06,3,11,
2026-09-02 11:37:46,929750,3969316,Game 2: Both Teams Slay Baron Nashor?,prop,2,2026-09-02 15:00:00,202.2,No,43610785229413382196619228583456201416931374817599774857074367262721144384110,0.53,0.94,0.735,0.41,9.01,206.94,206.94,2766.73,2766.73,2878.16,11,3,
2026-09-02 11:37:46,929750,3969317,Game 2: Both Teams Slay a Dragon?,prop,2,2026-09-02 15:00:00,202.2,Yes,11958976157545778743483069943283436538646827026429146459845108653536938358997,0.5,0.74,0.62,0.24,176.0,176.0,176.0,11.54,45.73,673.63,11,5,
2026-09-02 11:37:46,929750,3969317,Game 2: Both Teams Slay a Dragon?,prop,2,2026-09-02 15:00:00,202.2,No,64983060915214575771786636893144988218239575936926295372234293617664063595578,0.26,0.5,0.38,0.24,4.06,14.27,191.37,176.0,176.0,176.0,5,11,
2026-09-02 11:37:46,929750,3969318,Game 2: Both Teams Destroy Inhibitors?,prop,2,2026-09-02 15:00:00,202.2,Yes,82454346528738772760532846374576063044155864145419667146222549643626699614434,0.06,0.47,0.265,0.41,1.17,177.17,177.93,7.99,205.06,205.06,4,11,
2026-09-02 11:37:46,929750,3969318,Game 2: Both Teams Destroy Inhibitors?,prop,2,2026-09-02 15:00:00,202.2,No,113254061067917852293693481762132131786538661013450103046948963321564738458188,0.53,0.94,0.735,0.41,9.01,206.94,206.94,20.77,4244.77,4320.37,11,4,
2026-09-02 11:37:46,929750,3969319,Game 2: Any Player Quadra Kill?,prop,2,2026-09-02 15:00:00,202.2,Yes,112804696190280554679400218637360822846740905939016565532359693663892601217631,0.04,0.49,0.265,0.45,176.0,176.2,176.2,217.65,217.65,217.65,2,9,
2026-09-02 11:37:46,929750,3969319,Game 2: Any Player Quadra Kill?,prop,2,2026-09-02 15:00:00,202.2,No,100787334009915105276187494756939588442865220303283920850995733991064300458802,0.51,0.96,0.735,0.45,219.35,219.35,219.35,4224.0,4243.8,4243.8,9,2,
2026-09-02 11:37:46,929750,3969320,Game 2: Any Player Penta Kill?,prop,2,2026-09-02 15:00:00,202.2,Yes,2377400133317761722295209032972241818276130624786310894214629896486769811251,0.01,0.15,0.08,0.14,176.2,176.2,176.2,7.6,7.6,7.6,1,14,
2026-09-02 11:37:46,929750,3969320,Game 2: Any Player Penta Kill?,prop,2,2026-09-02 15:00:00,202.2,No,43551469045473829896773831342870073229002030970788358790701577795145457125317,0.85,0.99,0.92,0.14,41.4,41.4,41.4,17443.8,17443.8,17443.8,14,1,
2026-09-02 11:37:46,929750,3969321,Game 2: Odd/Even Total Kills?,odd_even,2,2026-09-02 15:00:00,202.2,Odd,85022913983577571368813990772167166012243638646060998456109386544038469091378,0.49,0.51,0.5,0.02,7.76,35.41,320.02,8.07,8.07,8.07,14,14,
2026-09-02 11:37:46,929750,3969321,Game 2: Odd/Even Total Kills?,odd_even,2,2026-09-02 15:00:00,202.2,Even,98057071721698663849772141876192706307091273587801731528850490600868486342523,0.49,0.51,0.5,0.02,7.76,7.76,7.76,8.07,40.42,388.29,14,14,
2026-09-02 11:37:46,929750,3969322,Game 3: Both Teams Slay Baron Nashor?,prop,3,2026-09-02 15:00:00,202.2,Yes,58268641495044249145088753299203454841197557617356141965341279496335231613859,0.06,0.47,0.265,0.41,176.6,176.6,177.78,7.99,205.06,205.06,3,11,
2026-09-02 11:37:46,929750,3969322,Game 3: Both Teams Slay Baron Nashor?,prop,3,2026-09-02 15:00:00,202.2,No,37712918206791939533576186183955775387343706368670050873685158873350996198007,0.53,0.94,0.735,0.41,9.01,206.94,206.94,2766.73,2766.73,2878.29,11,3,
2026-09-02 11:37:46,929750,3969323,Game 3: Both Teams Slay a Dragon?,prop,3,2026-09-02 15:00:00,202.2,Yes,69496562190696714730405216908077276252246137234880332826614024832347032142087,0.5,0.74,0.62,0.24,176.0,176.0,176.0,11.54,45.73,673.63,11,5,
2026-09-02 11:37:46,929750,3969323,Game 3: Both Teams Slay a Dragon?,prop,3,2026-09-02 15:00:00,202.2,No,89488172784155388633490532647380909312862556219681193860879454297446674640989,0.26,0.5,0.38,0.24,4.06,14.27,191.37,176.0,176.0,176.0,5,11,
2026-09-02 11:37:46,929750,3969324,Game 3: Both Teams Destroy Inhibitors?,prop,3,2026-09-02 15:00:00,202.2,Yes,72856832787356150710701054176467408820130269244359542205168798535969282687509,0.06,0.47,0.265,0.41,1.14,177.14,177.93,7.99,205.06,205.06,5,11,
2026-09-02 11:37:46,929750,3969324,Game 3: Both Teams Destroy Inhibitors?,prop,3,2026-09-02 15:00:00,202.2,No,77841336591372537722411623220794256738698463606925394349869040746194378810088,0.53,0.94,0.735,0.41,9.01,206.94,206.94,20.3,4244.3,4315.08,11,5,
2026-09-02 11:37:46,929750,3969325,Game 3: Any Player Quadra Kill?,prop,3,2026-09-02 15:00:00,202.2,Yes,1803136502781870334141723776144835699733812778675278272605229872428817387101,0.04,0.49,0.265,0.45,176.0,176.2,176.2,193.15,193.15,193.15,2,9,
2026-09-02 11:37:46,929750,3969325,Game 3: Any Player Quadra Kill?,prop,3,2026-09-02 15:00:00,202.2,No,12938718005757019869740383811621070321842443704403402530160916986978899585319,0.51,0.96,0.735,0.45,193.85,193.85,193.85,4224.0,4243.8,4243.8,9,2,
2026-09-02 11:37:46,929750,3969326,Game 3: Any Player Penta Kill?,prop,3,2026-09-02 15:00:00,202.2,Yes,10380082971993646580941383671286163528782368183427794986927964082236498486150,0.01,0.27,0.14,0.26,176.2,176.2,176.2,14.29,14.29,14.29,1,13,
2026-09-02 11:37:46,929750,3969326,Game 3: Any Player Penta Kill?,prop,3,2026-09-02 15:00:00,202.2,No,32601056762249140658114638126493403391504111720863000057778957036642646733211,0.73,0.99,0.86,0.26,37.71,37.71,37.71,17443.8,17443.8,17443.8,13,1,
2026-09-02 11:37:46,929750,3969327,Game 3: Odd/Even Total Kills?,odd_even,3,2026-09-02 15:00:00,202.2,Odd,57606176917730560833376190487632214580468829342233253770302634576408031498533,0.49,0.51,0.5,0.02,7.76,35.36,319.97,8.07,8.07,8.07,13,14,
2026-09-02 11:37:46,929750,3969327,Game 3: Odd/Even Total Kills?,odd_even,3,2026-09-02 15:00:00,202.2,Even,84139773805312487608157454232082052124750694087783738404216429224839783759597,0.49,0.51,0.5,0.02,7.76,7.76,7.76,8.07,40.47,388.34,14,13,
2026-09-02 11:37:46,929750,3969328,Game 4: Both Teams Slay Baron Nashor?,prop,4,2026-09-02 15:00:00,202.2,Yes,72248984804075252242230257333893781836415024046815645622924479733954074479246,0.07,0.98,0.525,0.91,177.15,177.15,177.25,278.15,278.15,278.15,4,2,
2026-09-02 11:37:46,929750,3969328,Game 4: Both Teams Slay Baron Nashor?,prop,4,2026-09-02 15:00:00,202.2,No,69561041155846638866208150478870855113099781828872864872522956854963499823731,0.02,0.93,0.475,0.91,3.38,3.38,3.38,2772.62,2772.62,2777.52,2,4,
2026-09-02 11:37:46,929750,3969329,Game 4: Both Teams Slay a Dragon?,prop,4,2026-09-02 15:00:00,202.2,Yes,104054978700370326906155745354721185880109184522695314102375055243626050877538,0.02,0.74,0.38,0.72,3.28,3.28,3.28,11.84,45.72,669.72,2,5,
2026-09-02 11:37:46,929750,3969329,Game 4: Both Teams Slay a Dragon?,prop,4,2026-09-02 15:00:00,202.2,No,3715405261079145801951444396868119579525782875643974934396903638783901001243,0.26,0.98,0.62,0.72,4.16,14.28,190.28,278.41,278.41,278.41,5,2,
2026-09-02 11:37:46,929750,3969330,Game 4: Both Teams Destroy Inhibitors?,prop,4,2026-09-02 15:00:00,202.2,Yes,76060125193854725260895220823075302333015594090592603646563775646539653768357,0.05,0.97,0.51,0.92,177.11,177.11,177.68,52.0,274.83,274.83,3,3,
2026-09-02 11:37:46,929750,3969330,Game 4: Both Teams Destroy Inhibitors?,prop,4,2026-09-02 15:00:00,202.2,No,79150070028109043735180253913131873428721400621041511709136157103505937660172,0.03,0.95,0.49,0.92,1.13,3.38,3.38,4245.01,4245.01,4301.8,3,3,
2026-09-02 11:37:46,929750,3969331,Game 4: Any Player Quadra Kill?,prop,4,2026-09-02 15:00:00,202.2,Yes,4832467301417658826820337312976629812940443139049798588151679877174904244154,0.04,0.99,0.515,0.95,176.0,176.3,176.3,19.8,19.8,19.8,3,1,
2026-09-02 11:37:46,929750,3969331,Game 4: Any Player Quadra Kill?,prop,4,2026-09-02 15:00:00,202.2,No,79599610709403291324961946892614917511106891919835066892534054488948247665667,0.01,0.96,0.485,0.95,0.2,0.2,0.2,4224.0,4243.7,4243.7,1,3,
2026-09-02 11:37:46,929750,3969332,Game 4: Any Player Penta Kill?,prop,4,2026-09-02 15:00:00,202.2,Yes,103881829443600186645616598178258533410757800033183401203193233141112068200109,0.01,0.99,0.5,0.98,176.2,176.2,176.2,19.8,19.8,19.8,1,1,
2026-09-02 11:37:46,929750,3969332,Game 4: Any Player Penta Kill?,prop,4,2026-09-02 15:00:00,202.2,No,17506123045611399943302962080344876725639154516622377812997254198845810260511,0.01,0.99,0.5,0.98,0.2,0.2,0.2,17443.8,17443.8,17443.8,1,1,
2026-09-02 11:37:46,929750,3969333,Game 4: Odd/Even Total Kills?,odd_even,4,2026-09-02 15:00:00,202.2,Odd,44167570349264131254529346137591196977451964281333803780664162868523359101642,0.49,0.51,0.5,0.02,7.76,12.36,12.36,8.07,8.07,8.07,13,13,
2026-09-02 11:37:46,929750,3969333,Game 4: Odd/Even Total Kills?,odd_even,4,2026-09-02 15:00:00,202.2,Even,4479521798295077740971577673310498030650442100638170670604579681404061919184,0.49,0.51,0.5,0.02,7.76,7.76,7.76,8.07,13.47,13.47,13,13,
2026-09-02 11:37:46,929750,3969334,Game 5: Both Teams Slay Baron Nashor?,prop,5,2026-09-02 15:00:00,202.2,Yes,27197324878462690668448134321558375593293574967587244341462627922401362090431,0.07,0.97,0.52,0.9,177.15,177.15,177.25,51.16,275.68,275.68,4,3,
2026-09-02 11:37:46,929750,3969334,Game 5: Both Teams Slay Baron Nashor?,prop,5,2026-09-02 15:00:00,202.2,No,43787815100561391074739471921859045128547267272732881012397532494068010849605,0.03,0.93,0.48,0.9,1.11,3.38,3.38,2772.61,2772.61,2777.51,3,4,
2026-09-02 11:37:46,929750,3969335,Game 5: Both Teams Slay a Dragon?,prop,5,2026-09-02 15:00:00,202.2,Yes,106301386821291136217483774583311709710629260764969124482184015697331856276533,0.02,0.75,0.385,0.73,3.28,3.28,3.28,30.81,684.84,684.84,2,6,
2026-09-02 11:37:46,929750,3969335,Game 5: Both Teams Slay a Dragon?,prop,5,2026-09-02 15:00:00,202.2,No,56664647404079680924034161868074974843533557571308753264852322546352760586601,0.25,0.98,0.615,0.73,10.19,195.16,195.16,281.43,281.43,281.43,6,2,
2026-09-02 11:37:46,929750,3969336,Game 5: Both Teams Destroy Inhibitors?,prop,5,2026-09-02 15:00:00,202.2,Yes,71182551208923075126645546448234699313274613607167134388282335118110357213714,0.05,0.97,0.51,0.92,177.1,177.1,177.68,51.99,274.82,274.82,3,3,
2026-09-02 11:37:46,929750,3969336,Game 5: Both Teams Destroy Inhibitors?,prop,5,2026-09-02 15:00:00,202.2,No,115769217230837912453845317778933573560879515450887976224396260632648170684051,0.03,0.95,0.49,0.92,1.13,3.38,3.38,4244.9,4244.9,4302.28,3,3,
2026-09-02 11:37:46,929750,3969337,Game 5: Any Player Quadra Kill?,prop,5,2026-09-02 15:00:00,202.2,Yes,93245613721690595230841615892226156938758578196557909872802666039671542653555,0.08,0.99,0.535,0.91,183.51,183.51,183.51,19.8,19.8,19.8,3,1,
2026-09-02 11:37:46,929750,3969337,Game 5: Any Player Quadra Kill?,prop,5,2026-09-02 15:00:00,202.2,No,54835819274807933706694434652547109475680608248393305553122027196094263922280,0.01,0.92,0.465,0.91,0.2,0.2,0.2,2424.65,2424.65,2424.65,1,3,
2026-09-02 11:37:46,929750,3969338,Game 5: Any Player Penta Kill?,prop,5,2026-09-02 15:00:00,202.2,Yes,27680160569107858866278475539924120233264595503723338667869232991708959127353,0.31,0.99,0.65,0.68,4.55,4.55,4.55,19.8,19.8,19.8,4,1,
2026-09-02 11:37:46,929750,3969338,Game 5: Any Player Penta Kill?,prop,5,2026-09-02 15:00:00,202.2,No,25391690188378247227103787662821055252318754473058723349886180110063437544818,0.01,0.69,0.35,0.68,0.2,0.2,0.2,10.45,10.45,10.45,1,4,
2026-09-02 11:37:46,929750,3969339,Game 5: Odd/Even Total Kills?,odd_even,5,2026-09-02 15:00:00,202.2,Odd,96779017250041067041822683668878552321569402491520487512068105555116184475294,0.49,0.51,0.5,0.02,7.76,7.76,7.76,8.07,8.07,8.07,14,12,
2026-09-02 11:37:46,929750,3969339,Game 5: Odd/Even Total Kills?,odd_even,5,2026-09-02 15:00:00,202.2,Even,15610303819978358244197948569803718663386711468933265189148052332245014253815,0.49,0.51,0.5,0.02,7.76,7.76,7.76,8.07,8.07,8.07,12,14,
2026-09-02 11:37:46,929750,4060774,Game Handicap: SU (-1.5) vs Bushido Wildcats (+1.5),handicap,,2026-09-02 15:00:00,202.2,SU Esports,58168506406652833974754409687514077377358132536371092636109813275069006873231,0.4,0.42,0.41,0.02,432.22,454.12,454.12,441.5,496.95,496.95,15,12,
2026-09-02 11:37:46,929750,4060774,Game Handicap: SU (-1.5) vs Bushido Wildcats (+1.5),handicap,,2026-09-02 15:00:00,202.2,Bushido Wildcats,69096139570196663469472613657461620983337690505033725775474541187201720972848,0.58,0.6,0.59,0.02,608.5,676.28,676.28,650.39,687.55,687.55,12,15,
2026-09-02 11:37:46,929750,4060775,Game Handicap: SU (-2.5) vs Bushido Wildcats (+2.5),handicap,,2026-09-02 15:00:00,202.2,SU Esports,12110225508835770293146651743864989875930346193322699714198285622433131451002,0.16,0.18,0.17,0.02,116.4,116.4,118.4,189.5,189.5,202.81,11,14,
2026-09-02 11:37:46,929750,4060775,Game Handicap: SU (-2.5) vs Bushido Wildcats (+2.5),handicap,,2026-09-02 15:00:00,202.2,Bushido Wildcats,31901422416261352791978753547351376843527821812378436024545698415535015567654,0.82,0.84,0.83,0.02,860.5,860.5,905.29,611.1,611.1,627.28,14,11,
2026-09-02 11:37:46,929800,3969524,LoL: WLGaming Esports vs Team Phantasma - Game 1 Winner,map,1,2026-09-02 13:00:00,82.2,WLGaming Esports,105764914030255529233151045118155753929884354870322623086535014304280760194275,0.41,0.44,0.425,0.03,148.4,504.27,695.76,80.3,270.32,318.17,21,21,791.95983
2026-09-02 11:37:46,929800,3969524,LoL: WLGaming Esports vs Team Phantasma - Game 1 Winner,map,1,2026-09-02 13:00:00,82.2,Team Phantasma,13470891265778522620198471071947137650265706569873678220080476272114490811424,0.56,0.59,0.575,0.03,98.44,320.67,370.69,222.1,787.56,1116.79,21,21,791.95983
2026-09-02 11:37:46,929800,3969525,LoL: WLGaming Esports vs Team Phantasma - Game 2 Winner,map,2,2026-09-02 13:00:00,82.2,WLGaming Esports,20549579797415826088984345456389136209691553653718637044889482089558705879788,0.42,0.44,0.43,0.02,200.28,637.86,637.86,4.4,113.14,274.91,27,31,7608.8646
2026-09-02 11:37:46,929800,3969525,LoL: WLGaming Esports vs Team Phantasma - Game 2 Winner,map,2,2026-09-02 13:00:00,82.2,Team Phantasma,53866295440369710260486668033381061042984372815736390790423995141089851502606,0.56,0.58,0.57,0.02,5.6,128.44,303.68,284.67,945.9,945.9,31,27,7608.8646
2026-09-02 11:37:46,929800,3969526,LoL: WLGaming Esports vs Team Phantasma - Game 3 Winner,map,3,2026-09-02 13:00:00,82.2,WLGaming Esports,108208065166893356485529559709642169182087281059947668062114487444588768147353,0.41,0.44,0.425,0.03,151.65,371.38,634.72,2.2,70.68,70.68,25,23,5858.647419999999
2026-09-02 11:37:46,929800,3969526,LoL: WLGaming Esports vs Team Phantasma - Game 3 Winner,map,3,2026-09-02 13:00:00,82.2,Team Phantasma,34153745867830835036477312719892078087544937297369541087078544017015761710860,0.56,0.59,0.575,0.03,2.8,83.18,83.18,226.59,571.53,1019.92,23,25,5858.647419999999
2026-09-02 11:37:46,929800,3969530,LoL: WLGaming Esports vs Team Phantasma - Game 4 Winner,map,4,2026-09-02 13:00:00,82.2,WLGaming Esports,55298515542414650336403718939215548395105002567842842403055228901433935622899,0.06,0.49,0.275,0.43,5.78,183.54,203.62,2272.47,2272.47,2272.47,5,6,
2026-09-02 11:37:46,929800,3969530,LoL: WLGaming Esports vs Team Phantasma - Game 4 Winner,map,4,2026-09-02 13:00:00,82.2,Team Phantasma,36384621202938716665017914355915734764781505520434086585800495224345745564302,0.51,0.94,0.725,0.43,2274.53,2274.53,2274.53,108.59,4374.83,6340.98,6,5,
2026-09-02 11:37:46,929800,3969531,LoL: WLGaming Esports vs Team Phantasma (BO5) - HLL Playoffs,series,,2026-09-02 13:00:00,82.2,WLGaming Esports,8818897408116091621883146884328540096911329986127876883159000500285758375384,0.36,0.37,0.365,0.01,290.8,983.78,1450.32,85.54,278.18,364.57,29,32,2529.0266329999995
2026-09-02 11:37:46,929800,3969531,LoL: WLGaming Esports vs Team Phantasma (BO5) - HLL Playoffs,series,,2026-09-02 13:00:00,82.2,Team Phantasma,57750597415545250527930697024470510221818127984964310078242152227472280726473,0.63,0.64,0.635,0.01,139.82,440.82,561.14,539.2,1897.68,2895.0,32,29,2529.0266329999995
2026-09-02 11:37:46,929800,3969532,Games Total: O/U 3.5,total_games,,2026-09-02 13:00:00,82.2,Over,93250225714590196396858393959849789968547549465909542374082836242828025659120,0.67,0.69,0.68,0.02,6.7,39.2,39.2,561.14,564.74,578.97,8,19,12
2026-09-02 11:37:46,929800,3969532,Games Total: O/U 3.5,total_games,,2026-09-02 13:00:00,82.2,Under,96438222581836202835058304217101960127936178913830447435699970875081968550987,0.31,0.33,0.32,0.02,244.86,246.26,251.26,3.3,20.8,20.8,19,8,12
2026-09-02 11:37:46,929800,3969535,Games Total: O/U 4.5,total_games,,2026-09-02 13:00:00,82.2,Over,34680593274389067705546293246851161733688869463834488180438027563379234529061,0.34,0.35,0.345,0.01,272.1,273.7,273.7,3.5,22.0,22.0,20,11,
2026-09-02 11:37:46,929800,3969535,Games Total: O/U 4.5,total_games,,2026-09-02 13:00:00,82.2,Under,17085947997113203708803144242394963807940464813098740496889888102761808585437,0.65,0.66,0.655,0.01,6.5,38.0,38.0,542.9,546.3,546.3,11,20,
2026-09-02 11:37:46,929800,3969537,Game 1: Both Teams Slay Baron Nashor?,prop,1,2026-09-02 13:00:00,82.2,Yes,37500792168149451660543394666564370909290142094323899044361395287855870680333,0.06,0.49,0.275,0.43,176.6,176.6,177.78,193.15,193.15,193.15,3,4,
2026-09-02 11:37:46,929800,3969537,Game 1: Both Teams Slay Baron Nashor?,prop,1,2026-09-02 13:00:00,82.2,No,69925634327370880204679580877152252982696801475387075976049084669540942064980,0.51,0.94,0.725,0.43,193.85,193.85,193.85,2766.73,2766.73,2878.37,4,3,
2026-09-02 11:37:46,929800,3969538,Game 1: Both Teams Slay a Dragon?,prop,1,2026-09-02 13:00:00,82.2,Yes,105514644162890263353843778405663690265007929571644404315880677268738016152918,0.5,0.77,0.635,0.27,176.0,176.0,176.0,650.95,650.95,650.95,4,4,
2026-09-02 11:37:46,929800,3969538,Game 1: Both Teams Slay a Dragon?,prop,1,2026-09-02 13:00:00,82.2,No,52897422218273639591762118087979941948824722461231778858848716888042864754951,0.23,0.5,0.365,0.27,184.05,184.05,184.05,176.0,176.0,176.0,4,4,
2026-09-02 11:37:46,929800,3969540,Game 1: Both Teams Destroy Inhibitors?,prop,1,2026-09-02 13:00:00,82.2,Yes,87858579846066815316962214821162769022632163415266033762873122095666756780549,0.06,0.49,0.275,0.43,0.88,176.88,177.68,193.15,193.15,193.15,5,4,
2026-09-02 11:37:46,929800,3969540,Game 1: Both Teams Destroy Inhibitors?,prop,1,2026-09-02 13:00:00,82.2,No,18442838014128757398212850037594557808782358156936232889413001025525996102313,0.51,0.94,0.725,0.43,193.85,193.85,193.85,15.44,4239.44,4310.28,4,5,
2026-09-02 11:37:46,929800,3969543,Game 1: Any Player Quadra Kill?,prop,1,2026-09-02 13:00:00,82.2,Yes,66305792442065929203317009690416226341957664197628933038976372853240785184915,0.04,0.49,0.265,0.45,176.0,176.2,176.2,193.15,193.15,193.15,2,3,
2026-09-02 11:37:46,929800,3969543,Game 1: Any Player Quadra Kill?,prop,1,2026-09-02 13:00:00,82.2,No,83665164367194780272207082506120295477117577409974710681793947693879040320181,0.51,0.96,0.735,0.45,193.85,193.85,193.85,4224.0,4243.8,4243.8,3,2,
2026-09-02 11:37:46,929800,3969548,Game 1: Any Player Penta Kill?,prop,1,2026-09-02 13:00:00,82.2,Yes,91267675425852538608908783562454067131440385851853057331997687108028366391638,0.01,0.2,0.105,0.19,176.2,176.2,176.2,1.0,1.0,1.0,1,6,
2026-09-02 11:37:46,929800,3969548,Game 1: Any Player Penta Kill?,prop,1,2026-09-02 13:00:00,82.2,No,99929235182165114085447029715311940042090373164977301024981688128444382379672,0.8,0.99,0.895,0.19,4.0,4.0,4.0,17443.8,17443.8,17443.8,6,1,
2026-09-02 11:37:46,929800,3969551,Game 1: Odd/Even Total Kills?,odd_even,1,2026-09-02 13:00:00,82.2,Odd,60092152476330349332772229346727668061591354937782244036748757673166851567826,0.49,0.51,0.5,0.02,7.76,7.76,7.76,13.17,13.17,361.04,8,5,
2026-09-02 11:37:46,929800,3969551,Game 1: Odd/Even Total Kills?,odd_even,1,2026-09-02 13:00:00,82.2,Even,101347593224766411136705615015309284486121676617715199244498251010717266770564,0.49,0.51,0.5,0.02,12.66,12.66,297.27,8.07,8.07,8.07,5,8,
2026-09-02 11:37:46,929800,3969555,Game 2: Both Teams Slay Baron Nashor?,prop,2,2026-09-02 13:00:00,82.2,Yes,87538218579882448722104356200297806216345849512061277731697662695400408488938,0.06,0.49,0.275,0.43,176.6,176.6,177.78,193.15,193.15,193.15,3,4,
2026-09-02 11:37:46,929800,3969555,Game 2: Both Teams Slay Baron Nashor?,prop,2,2026-09-02 13:00:00,82.2,No,55011881637485886053760547088060556056642610148478570909783110949046155150622,0.51,0.94,0.725,0.43,193.85,193.85,193.85,2766.73,2766.73,2878.44,4,3,
2026-09-02 11:37:46,929800,3969558,Game 2: Both Teams Slay a Dragon?,prop,2,2026-09-02 13:00:00,82.2,Yes,60903007170150152854802399460854342228323725607856672926780314912356466705635,0.5,0.76,0.63,0.26,176.0,176.0,176.0,11.4,635.4,635.4,4,4,
2026-09-02 11:37:46,929800,3969558,Game 2: Both Teams Slay a Dragon?,prop,2,2026-09-02 13:00:00,82.2,No,43594563945451768596577528222313610966554796160413583950216800428816112090304,0.24,0.5,0.37,0.26,3.6,179.6,179.6,176.0,176.0,176.0,4,4,
2026-09-02 11:37:46,929800,3969562,Game 2: Both Teams Destroy Inhibitors?,prop,2,2026-09-02 13:00:00,82.2,Yes,3702501617386104361944265118009262777789413059044464467837835634474327405470,0.06,0.49,0.275,0.43,0.87,176.87,177.68,193.15,193.15,193.15,5,4,
2026-09-02 11:37:46,929800,3969562,Game 2: Both Teams Destroy Inhibitors?,prop,2,2026-09-02 13:00:00,82.2,No,2961277665624008905398798820215806288632886819976178894917113263652499991511,0.51,0.94,0.725,0.43,193.85,193.85,193.85,15.28,4239.28,4310.99,4,5,
2026-09-02 11:37:46,929800,3969563,Game 2: Any Player Quadra Kill?,prop,2,2026-09-02 13:00:00,82.2,Yes,36631391829133526257806157973110704624043723827425946320236484803407510340591,0.04,0.49,0.265,0.45,176.0,176.2,176.2,193.15,193.15,193.15,2,3,
2026-09-02 11:37:46,929800,3969563,Game 2: Any Player Quadra Kill?,prop,2,2026-09-02 13:00:00,82.2,No,19785211005655573745213178327963872758997174622318094409652914119107857689259,0.51,0.96,0.735,0.45,193.85,193.85,193.85,4224.0,4243.8,4243.8,3,2,
2026-09-02 11:37:46,929800,3969564,Game 2: Any Player Penta Kill?,prop,2,2026-09-02 13:00:00,82.2,Yes,45413728559309217927878311743871202805026229721095464839949184917273206929907,0.01,0.49,0.25,0.48,176.2,176.2,176.2,193.15,304.81,304.81,1,5,
2026-09-02 11:37:46,929800,3969564,Game 2: Any Player Penta Kill?,prop,2,2026-09-02 13:00:00,82.2,No,69932345386594594623236066835059889495435846983288561095735272276762314019780,0.51,0.99,0.75,0.48,193.85,296.93,296.93,17443.8,17443.8,17443.8,5,1,
2026-09-02 11:37:46,929800,3969565,Game 2: Odd/Even Total Kills?,odd_even,2,2026-09-02 13:00:00,82.2,Odd,25463061324528119465136060411738780177378306762760262611415631812631743906805,0.49,0.51,0.5,0.02,7.76,7.76,7.76,13.17,13.17,361.04,6,4,
2026-09-02 11:37:46,929800,3969565,Game 2: Odd/Even Total Kills?,odd_even,2,2026-09-02 13:00:00,82.2,Even,21756610181416111986197841031224545103003091325895620875224678781271044702090,0.49,0.51,0.5,0.02,12.66,12.66,297.27,8.07,8.07,8.07,4,6,
2026-09-02 11:37:46,929800,3969566,Game 3: Both Teams Slay Baron Nashor?,prop,3,2026-09-02 13:00:00,82.2,Yes,33310896788194736886491744058851062529414270603493614279574610826649870959980,0.06,0.49,0.275,0.43,176.6,176.6,177.78,193.15,193.15,193.15,3,4,
2026-09-02 11:37:46,929800,3969566,Game 3: Both Teams Slay Baron Nashor?,prop,3,2026-09-02 13:00:00,82.2,No,67976796219638092017479590010952106765948189901185029031295536325750268634702,0.51,0.94,0.725,0.43,193.85,193.85,193.85,2766.73,2766.73,2878.41,4,3,
2026-09-02 11:37:46,929800,3969569,Game 3: Both Teams Slay a Dragon?,prop,3,2026-09-02 13:00:00,82.2,Yes,105434419809451506711222478498682538406421185506871328943779049074580976529466,0.5,0.77,0.635,0.27,176.0,176.0,176.0,654.8,654.8,654.8,4,4,
2026-09-02 11:37:46,929800,3969569,Game 3: Both Teams Slay a Dragon?,prop,3,2026-09-02 13:00:00,82.2,No,33797114958650758041436706645080757279244365078783435293242312867773569461259,0.23,0.5,0.365,0.27,185.2,185.2,185.2,176.0,176.0,176.0,4,4,
2026-09-02 11:37:46,929800,3969571,Game 3: Both Teams Destroy Inhibitors?,prop,3,2026-09-02 13:00:00,82.2,Yes,36739722780361018669356653057241170947402161332839880331995906238597523159239,0.06,0.49,0.275,0.43,0.88,176.88,177.68,193.15,193.15,193.15,5,4,
2026-09-02 11:37:46,929800,3969571,Game 3: Both Teams Destroy Inhibitors?,prop,3,2026-09-02 13:00:00,82.2,No,71606451074054956422560086873742926476149037955313300662542501981489078606661,0.51,0.94,0.725,0.43,193.85,193.85,193.85,15.43,4239.43,4308.51,4,5,
2026-09-02 11:37:46,929800,3969572,Game 3: Any Player Quadra Kill?,prop,3,2026-09-02 13:00:00,82.2,Yes,91429379634924843159394175928963618621319929463870522603383829114515417218406,0.04,0.49,0.265,0.45,176.0,176.2,176.2,193.15,193.15,193.15,2,3,
2026-09-02 11:37:46,929800,3969572,Game 3: Any Player Quadra Kill?,prop,3,2026-09-02 13:00:00,82.2,No,23049258868196876094390077868542671365131158621256562031696458582973765397717,0.51,0.96,0.735,0.45,193.85,193.85,193.85,4224.0,4243.8,4243.8,3,2,
2026-09-02 11:37:46,929800,3969573,Game 3: Any Player Penta Kill?,prop,3,2026-09-02 13:00:00,82.2,Yes,1586010037570475966570112315020486500004041945939587468877706475779729533609,0.01,0.49,0.25,0.48,176.2,176.2,176.2,193.15,304.81,304.81,1,5,
2026-09-02 11:37:46,929800,3969573,Game 3: Any Player Penta Kill?,prop,3,2026-09-02 13:00:00,82.2,No,58167126367390471284755053133468111706945782302770811096329362991686026683569,0.51,0.99,0.75,0.48,193.85,296.93,296.93,17443.8,17443.8,17443.8,5,1,
2026-09-02 11:37:46,929800,3969576,Game 3: Odd/Even Total Kills?,odd_even,3,2026-09-02 13:00:00,82.2,Odd,11642876271564815239506733700561606273237887961986847814994486637267689966631,0.49,0.51,0.5,0.02,7.76,7.76,7.76,13.17,13.17,361.04,7,5,
2026-09-02 11:37:46,929800,3969576,Game 3: Odd/Even Total Kills?,odd_even,3,2026-09-02 13:00:00,82.2,Even,90614360785648837055962161873340072660180486964131912187566844522974873270995,0.49,0.51,0.5,0.02,12.66,12.66,297.27,8.07,8.07,8.07,5,7,
2026-09-02 11:37:46,929800,3969578,Game 4: Both Teams Slay Baron Nashor?,prop,4,2026-09-02 13:00:00,82.2,Yes,1880392032610453144686988046417446335545651974422738340160360647608388953384,0.07,0.98,0.525,0.91,176.96,176.96,176.96,116.73,116.73,116.73,3,2,
2026-09-02 11:37:46,929800,3969578,Game 4: Both Teams Slay Baron Nashor?,prop,4,2026-09-02 13:00:00,82.2,No,14362540013213024089519573653742908043849999189120488721814014025822748718277,0.02,0.93,0.475,0.91,1.28,1.28,1.28,2771.48,2771.48,2771.48,2,3,
2026-09-02 11:37:46,929800,3969579,Game 4: Both Teams Slay a Dragon?,prop,4,2026-09-02 13:00:00,82.2,Yes,81408768791968690577251350310133242207165719261859381051312279483112353673222,0.02,0.77,0.395,0.75,1.28,1.28,1.28,647.1,647.1,647.1,2,3,
2026-09-02 11:37:46,929800,3969579,Game 4: Both Teams Slay a Dragon?,prop,4,2026-09-02 13:00:00,82.2,No,7054265406572550815235641475664773574711889869924128284672026828047160668316,0.23,0.98,0.605,0.75,182.9,182.9,182.9,116.72,116.72,116.72,3,2,
2026-09-02 11:37:46,929800,3969580,Game 4: Both Teams Destroy Inhibitors?,prop,4,2026-09-02 13:00:00,82.2,Yes,33519346993934168036171414810787416539899624729492892307800504678267200686081,0.05,0.97,0.51,0.92,177.06,177.16,177.68,21.12,108.36,108.36,4,3,
2026-09-02 11:37:46,929800,3969580,Game 4: Both Teams Destroy Inhibitors?,prop,4,2026-09-02 13:00:00,82.2,No,72979627990732843055619379828592652621084574438644344131898743963387608028275,0.03,0.95,0.49,0.92,0.5,1.38,1.38,4244.23,4249.13,4300.07,3,4,
2026-09-02 11:37:46,929800,3969584,Game 4: Any Player Quadra Kill?,prop,4,2026-09-02 13:00:00,82.2,Yes,39706028228522007352409137430051557703658743329753719735392969596383541069279,0.04,0.99,0.515,0.95,176.0,176.2,176.2,19.8,19.8,19.8,2,1,
2026-09-02 11:37:46,929800,3969584,Game 4: Any Player Quadra Kill?,prop,4,2026-09-02 13:00:00,82.2,No,27317235971513868153786544035301727412620771291811485781232838845571775877324,0.01,0.96,0.485,0.95,0.2,0.2,0.2,4224.0,4243.8,4243.8,1,2,
2026-09-02 11:37:46,929800,3969585,Game 4: Any Player Penta Kill?,prop,4,2026-09-02 13:00:00,82.2,Yes,31888336596356065174119424571818778173605781017750432190716664837050169008409,0.01,0.99,0.5,0.98,176.2,176.2,176.2,19.8,19.8,19.8,1,1,
2026-09-02 11:37:46,929800,3969585,Game 4: Any Player Penta Kill?,prop,4,2026-09-02 13:00:00,82.2,No,45654077636228172609366755403228719913389241351990314513054867350861660821626,0.01,0.99,0.5,0.98,0.2,0.2,0.2,17443.8,17443.8,17443.8,1,1,
2026-09-02 11:37:46,929800,3969586,Game 4: Odd/Even Total Kills?,odd_even,4,2026-09-02 13:00:00,82.2,Odd,43140393396065906603563075823627612382165195993788967616470838406745097574996,0.49,0.51,0.5,0.02,7.76,7.76,7.76,13.17,13.17,361.04,8,5,
2026-09-02 11:37:46,929800,3969586,Game 4: Odd/Even Total Kills?,odd_even,4,2026-09-02 13:00:00,82.2,Even,101234148250489329951594013251978918035066182824635920210698441674089203447039,0.49,0.51,0.5,0.02,12.66,12.66,297.27,8.07,8.07,8.07,5,8,
2026-09-02 11:37:46,929800,3969589,Game 5: Both Teams Slay Baron Nashor?,prop,5,2026-09-02 13:00:00,82.2,Yes,25440080327824362441633754940444010387500862209930201626287459958988329379400,0.07,0.97,0.52,0.9,176.96,176.96,177.2,22.0,107.5,107.5,4,3,
2026-09-02 11:37:46,929800,3969589,Game 5: Both Teams Slay Baron Nashor?,prop,5,2026-09-02 13:00:00,82.2,No,55699409053011541062132458105579946888494654911170433025303655818871452548136,0.03,0.93,0.48,0.9,0.52,1.38,1.38,2771.47,2771.47,2783.44,3,4,
2026-09-02 11:37:46,929800,3969592,Game 5: Both Teams Slay a Dragon?,prop,5,2026-09-02 13:00:00,82.2,Yes,16671019712795423209738727390569005572385414966726194398054380256962238712469,0.02,0.77,0.395,0.75,1.28,1.28,1.28,647.1,647.1,647.1,2,3,
2026-09-02 11:37:46,929800,3969592,Game 5: Both Teams Slay a Dragon?,prop,5,2026-09-02 13:00:00,82.2,No,40689239025439255399679885614289097132893815103048424601165895485133214846332,0.23,0.98,0.605,0.75,182.9,182.9,182.9,116.72,116.72,116.72,3,2,
2026-09-02 11:37:46,929800,3969596,Game 5: Both Teams Destroy Inhibitors?,prop,5,2026-09-02 13:00:00,82.2,Yes,52970912564956350014516695721849538045007671570234961942126562401576049226917,0.05,0.97,0.51,0.92,177.15,177.15,177.68,16.26,113.3,113.3,3,3,
2026-09-02 11:37:46,929800,3969596,Game 5: Both Teams Destroy Inhibitors?,prop,5,2026-09-02 13:00:00,82.2,No,32562797082345541754805683912639584791411795327107397039017571619235619487696,0.03,0.95,0.49,0.92,0.4,1.38,1.38,4245.93,4245.93,4298.0,3,3,
2026-09-02 11:37:46,929800,3969600,Game 5: Any Player Quadra Kill?,prop,5,2026-09-02 13:00:00,82.2,Yes,89406618510026715279411319062659136351444722523004867465459265363739946553451,0.04,0.99,0.515,0.95,176.0,176.2,176.2,19.8,19.8,19.8,2,1,
2026-09-02 11:37:46,929800,3969600,Game 5: Any Player Quadra Kill?,prop,5,2026-09-02 13:00:00,82.2,No,40201625697540182268233859505325306368645632639226255409518310322899809407363,0.01,0.96,0.485,0.95,0.2,0.2,0.2,4224.0,4243.8,4243.8,1,2,
2026-09-02 11:37:46,929800,3969603,Game 5: Any Player Penta Kill?,prop,5,2026-09-02 13:00:00,82.2,Yes,97484358486393486749088594433006002573219377095018076334810850327602150221836,0.01,0.99,0.5,0.98,176.2,176.2,176.2,19.8,19.8,19.8,1,1,
2026-09-02 11:37:46,929800,3969603,Game 5: Any Player Penta Kill?,prop,5,2026-09-02 13:00:00,82.2,No,94431647263200112783972369762022853090239606670742481251716537560901948638245,0.01,0.99,0.5,0.98,0.2,0.2,0.2,17443.8,17443.8,17443.8,1,1,
2026-09-02 11:37:46,929800,3969606,Game 5: Odd/Even Total Kills?,odd_even,5,2026-09-02 13:00:00,82.2,Odd,53077074963024871543440577543931159518820725148683838244987632365759563287123,0.49,0.51,0.5,0.02,7.76,7.76,7.76,13.17,13.17,361.04,7,4,
2026-09-02 11:37:46,929800,3969606,Game 5: Odd/Even Total Kills?,odd_even,5,2026-09-02 13:00:00,82.2,Even,24525030925164104618645967968154890146246316230548558655079047408871083499254,0.49,0.51,0.5,0.02,12.66,12.66,297.27,8.07,8.07,8.07,4,7,
2026-09-02 11:37:46,948490,4063626,LoL: NightBirds vs Bohemian Guardians - Game 1 Winner,map,1,2026-09-02 14:00:00,142.2,NightBirds,97836654616785467909043119407154654656254233900476173101759148790564238663163,0.951,0.98,0.9655,0.029,1065.78,1146.63,1237.63,2159.94,2225.42,2225.42,12,5,215
2026-09-02 11:37:46,948490,4063626,LoL: NightBirds vs Bohemian Guardians - Game 1 Winner,map,1,2026-09-02 14:00:00,142.2,Bohemian Guardians,74235202240068146253827600246855301035732211757651883998375811031273609449993,0.02,0.049,0.0345,0.029,27.55,27.61,27.61,56.08,62.43,71.43,5,12,215
2026-09-02 11:37:46,948490,4063627,LoL: NightBirds vs Bohemian Guardians - Game 2 Winner,map,2,2026-09-02 14:00:00,142.2,NightBirds,99422944403236570812360919552296167936966741347458918151064337648964446782284,0.951,0.96,0.9555,0.009,306.85,311.55,607.84,101.27,891.83,973.36,41,8,2232.81
2026-09-02 11:37:46,948490,4063627,LoL: NightBirds vs Bohemian Guardians - Game 2 Winner,map,2,2026-09-02 14:00:00,142.2,Bohemian Guardians,32368162727234980198050557174389586661065577760926225083024423253921905726400,0.04,0.049,0.0445,0.009,4.11,17.78,17.86,16.14,16.45,43.11,8,41,2232.81
2026-09-02 11:37:46,948490,4063628,LoL: NightBirds vs Bohemian Guardians (BO3) - Hitpoint Masters Regular Season,series,,2026-09-02 14:00:00,142.2,NightBirds,30895334223723346523638916009325232856151610424485102543487403000425315630592,0.95,0.981,0.9655,0.031,43.68,515.49,538.76,2617.5,2711.59,2711.59,40,6,1928.3926860000001
2026-09-02 11:37:46,948490,4063628,LoL: NightBirds vs Bohemian Guardians (BO3) - Hitpoint Masters Regular Season,series,,2026-09-02 14:00:00,142.2,Bohemian Guardians,20555346431567603405368730702282489462115240530236076300416792004352893532113,0.019,0.05,0.0345,0.031,34.23,34.67,34.67,2.72,36.23,38.48,6,40,1928.3926860000001
2026-09-02 11:37:46,948490,4063629,Games Total: O/U 2.5,total_games,,2026-09-02 14:00:00,142.2,Over,42683997916254988075573300142108672707314671463194107700193977013180500078568,0.04,0.07,0.055,0.03,0.69,9.03,9.03,11.32,15.18,15.18,4,13,52.370000000000005
2026-09-02 11:37:46,948490,4063629,Games Total: O/U 2.5,total_games,,2026-09-02 14:00:00,142.2,Under,69787945537873900442987295596084632733897791012385132626914198092741855722071,0.93,0.96,0.945,0.03,146.31,185.3,185.3,20.61,634.5,634.5,13,4,52.370000000000005
2026-09-02 11:37:46,948490,4063630,Game 1: Both Teams Slay Baron Nashor?,prop,1,2026-09-02 14:00:00,142.2,Yes,70474898349391143150049738547729721436686725807982573138831702889158964537995,0.03,0.47,0.25,0.44,176.71,177.06,177.06,2.35,200.4,200.4,3,11,
2026-09-02 11:37:46,948490,4063630,Game 1: Both Teams Slay Baron Nashor?,prop,1,2026-09-02 14:00:00,142.2,No,17178084845899111234266516283548633357537623333514039251553684618761797002089,0.53,0.97,0.75,0.44,2.65,201.6,201.6,8649.53,8683.86,8683.86,11,3,
2026-09-02 11:37:46,948490,4063631,Game 1: Both Teams Slay a Dragon?,prop,1,2026-09-02 14:00:00,142.2,Yes,94701229203587003603754660054164215258266918243152848563432402756032391948969,0.49,0.73,0.61,0.24,176.0,176.0,176.0,58.9,569.23,569.23,9,4,
2026-09-02 11:37:46,948490,4063631,Game 1: Both Teams Slay a Dragon?,prop,1,2026-09-02 14:00:00,142.2,No,33821834534843368616263458934747044935936666129851690355497197847175897384440,0.27,0.51,0.39,0.24,21.1,191.21,191.21,183.18,183.18,183.18,4,9,
2026-09-02 11:37:46,948490,4063632,Game 1: Both Teams Destroy Inhibitors?,prop,1,2026-09-02 14:00:00,142.2,Yes,114935455453518004258152460326484089055023680115648830755041330352257869542395,0.02,0.48,0.25,0.46,177.06,177.06,177.06,36.45,212.45,212.45,2,10,
2026-09-02 11:37:46,948490,4063632,Game 1: Both Teams Destroy Inhibitors?,prop,1,2026-09-02 14:00:00,142.2,No,60452275655097792142036894322155961811916963078770287028187827774020001667925,0.52,0.98,0.75,0.46,38.55,214.55,214.55,17492.91,17492.91,17492.91,10,2,
2026-09-02 11:37:46,948490,4063633,Game 1: Any Player Quadra Kill?,prop,1,2026-09-02 14:00:00,142.2,Yes,4925843584822075616383454552537188293935051378741142379047804350986788059668,0.04,0.47,0.255,0.43,176.0,176.1,176.1,2.35,200.4,200.4,2,10,
2026-09-02 11:37:46,948490,4063633,Game 1: Any Player Quadra Kill?,prop,1,2026-09-02 14:00:00,142.2,No,109657960006796413311857933877911633171588006992737287020943244303630598978288,0.53,0.96,0.745,0.43,2.65,201.6,201.6,4224.0,4233.9,4233.9,10,2,
2026-09-02 11:37:46,948490,4063634,Game 1: Any Player Penta Kill?,prop,1,2026-09-02 14:00:00,142.2,Yes,60416872000166110181462057159094112132620885130836607095733325852648767777225,0.01,0.49,0.25,0.48,176.1,176.1,176.1,188.25,188.25,188.25,1,9,
2026-09-02 11:37:46,948490,4063634,Game 1: Any Player Penta Kill?,prop,1,2026-09-02 14:00:00,142.2,No,102840342558468058823619720645299442337818820832021114213730482315679750664325,0.51,0.99,0.75,0.48,188.75,188.75,188.75,17433.9,17433.9,17433.9,9,1,
2026-09-02 11:37:46,948490,4063635,Game 1: Odd/Even Total Kills?,odd_even,1,2026-09-02 14:00:00,142.2,Odd,91532939355545262951731211044438013416844370747099547202790080726778515654778,0.49,0.51,0.5,0.02,7.76,7.76,7.76,8.07,8.07,8.07,11,14,
2026-09-02 11:37:46,948490,4063635,Game 1: Odd/Even Total Kills?,odd_even,1,2026-09-02 14:00:00,142.2,Even,57280300459994213232585482031886455809534336514809086941810465095870352021387,0.49,0.51,0.5,0.02,7.76,7.76,7.76,8.07,8.07,8.07,14,11,
2026-09-02 11:37:46,948490,4063636,Game 2: Both Teams Slay Baron Nashor?,prop,2,2026-09-02 14:00:00,142.2,Yes,17559460883654624718702768684190834926623609673803056759564489237294956743857,0.03,0.47,0.25,0.44,176.45,176.77,176.77,2.35,200.4,200.4,3,11,
2026-09-02 11:37:46,948490,4063636,Game 2: Both Teams Slay Baron Nashor?,prop,2,2026-09-02 14:00:00,142.2,No,745175015442576313176307234650597305898353786115730362775254083026237072959,0.53,0.97,0.75,0.44,2.65,201.6,201.6,8638.45,8670.54,8670.54,11,3,
2026-09-02 11:37:46,948490,4063637,Game 2: Both Teams Slay a Dragon?,prop,2,2026-09-02 14:00:00,142.2,Yes,29821531775559253589957218463153282222486187789540844700002829311736797756402,0.49,0.73,0.61,0.24,176.0,176.0,176.0,58.89,569.22,569.22,8,5,
2026-09-02 11:37:46,948490,4063637,Game 2: Both Teams Slay a Dragon?,prop,2,2026-09-02 14:00:00,142.2,No,24816386209741280693583374227115737341984124550111617035503641620259263169570,0.27,0.51,0.39,0.24,21.11,191.22,191.22,183.18,183.18,183.18,5,8,
2026-09-02 11:37:46,948490,4063638,Game 2: Both Teams Destroy Inhibitors?,prop,2,2026-09-02 14:00:00,142.2,Yes,35588900126150552878211384405635267475400010570723026930239346645861325596320,0.02,0.48,0.25,0.46,177.06,177.06,177.06,36.45,212.45,212.45,2,10,
2026-09-02 11:37:46,948490,4063638,Game 2: Both Teams Destroy Inhibitors?,prop,2,2026-09-02 14:00:00,142.2,No,37784940249809334256160939478612780884151561981971289340851862515958399630712,0.52,0.98,0.75,0.46,38.55,214.55,214.55,17490.86,17490.86,17490.86,10,2,
2026-09-02 11:37:46,948490,4063639,Game 2: Any Player Quadra Kill?,prop,2,2026-09-02 14:00:00,142.2,Yes,64135711075786431323259111367603669341635742423341012490141877325492898110933,0.04,0.48,0.26,0.44,176.0,176.1,176.1,36.45,212.45,212.45,2,10,
2026-09-02 11:37:46,948490,4063639,Game 2: Any Player Quadra Kill?,prop,2,2026-09-02 14:00:00,142.2,No,10730309485907392578858865858623201220964135740704875056967559001520882723910,0.52,0.96,0.74,0.44,38.55,214.55,214.55,4224.0,4233.9,4233.9,10,2,
2026-09-02 11:37:46,948490,4063640,Game 2: Any Player Penta Kill?,prop,2,2026-09-02 14:00:00,142.2,Yes,82173241003031942528853929654486351587680848985007757333898999674390590480648,0.01,0.49,0.25,0.48,176.1,176.1,176.1,211.81,211.81,211.81,1,9,
2026-09-02 11:37:46,948490,4063640,Game 2: Any Player Penta Kill?,prop,2,2026-09-02 14:00:00,142.2,No,100657111663390882999913800340753785096952244859362623899802583439901939078318,0.51,0.99,0.75,0.48,212.21,212.21,212.21,17433.9,17433.9,17433.9,9,1,
2026-09-02 11:37:46,948490,4063641,Game 2: Odd/Even Total Kills?,odd_even,2,2026-09-02 14:00:00,142.2,Odd,59643176034665420562569175018983503819403252836074117144279053958977001807243,0.49,0.51,0.5,0.02,7.76,7.76,7.76,8.07,8.07,8.07,13,12,
2026-09-02 11:37:46,948490,4063641,Game 2: Odd/Even Total Kills?,odd_even,2,2026-09-02 14:00:00,142.2,Even,73796214150382423002451295405439767761556788874837830595384855874494990033841,0.49,0.51,0.5,0.02,7.76,7.76,7.76,8.07,8.07,8.07,12,13,
2026-09-02 11:37:46,948490,4063642,Game 3: Both Teams Slay Baron Nashor?,prop,3,2026-09-02 14:00:00,142.2,Yes,88114315637508409110957767332311765179175865671083883005241425902477664572955,0.03,0.98,0.505,0.95,176.78,177.06,177.06,259.91,259.91,259.91,3,2,
2026-09-02 11:37:46,948490,4063642,Game 3: Both Teams Slay Baron Nashor?,prop,3,2026-09-02 14:00:00,142.2,No,34705158512999195315410556761610474254548534272785460776192584583626269138976,0.02,0.97,0.495,0.95,3.06,3.06,3.06,8651.06,8678.82,8678.82,2,3,
2026-09-02 11:37:46,948490,4063643,Game 3: Both Teams Slay a Dragon?,prop,3,2026-09-02 14:00:00,142.2,Yes,97759276234272266515685071483398509136446111900198874437583399647610280409472,0.49,0.72,0.605,0.23,176.0,176.0,176.0,12.3,555.19,555.19,8,6,
2026-09-02 11:37:46,948490,4063643,Game 3: Both Teams Slay a Dragon?,prop,3,2026-09-02 14:00:00,142.2,No,100230082031143020355009937591250825685714537429331660564271034569876684287992,0.28,0.51,0.395,0.23,4.7,186.25,186.25,183.18,183.18,183.18,6,8,
2026-09-02 11:37:46,948490,4063644,Game 3: Both Teams Destroy Inhibitors?,prop,3,2026-09-02 14:00:00,142.2,Yes,33878830872863980634589075214612627282465720930277453655171806585451997947914,0.02,0.98,0.5,0.96,177.06,177.06,177.06,262.4,262.4,262.4,2,2,
2026-09-02 11:37:46,948490,4063644,Game 3: Both Teams Destroy Inhibitors?,prop,3,2026-09-02 14:00:00,142.2,No,51740356454735551255104652221384477903051457189009487409389888306913611778098,0.02,0.98,0.5,0.96,3.06,3.06,3.06,17489.44,17489.44,17489.44,2,2,
2026-09-02 11:37:46,948490,4063645,Game 3: Any Player Quadra Kill?,prop,3,2026-09-02 14:00:00,142.2,Yes,49610635939131281481768859345782469683899515535385147492795757403297929654034,0.04,0.99,0.515,0.95,176.0,176.1,176.1,9.9,9.9,9.9,2,1,
2026-09-02 11:37:46,948490,4063645,Game 3: Any Player Quadra Kill?,prop,3,2026-09-02 14:00:00,142.2,No,41707149238898616709000771541976484960660993175601566548303265630470408571063,0.01,0.96,0.485,0.95,0.1,0.1,0.1,4224.0,4233.9,4233.9,1,2,
2026-09-02 11:37:46,948490,4063646,Game 3: Any Player Penta Kill?,prop,3,2026-09-02 14:00:00,142.2,Yes,35101037769724914177503626912326829644783907468100584013725200446414658644276,0.01,0.99,0.5,0.98,176.1,176.1,176.1,9.9,9.9,9.9,1,1,
2026-09-02 11:37:46,948490,4063646,Game 3: Any Player Penta Kill?,prop,3,2026-09-02 14:00:00,142.2,No,110441571980795351901680758135783380201272622445386373401825364419146286167355,0.01,0.99,0.5,0.98,0.1,0.1,0.1,17433.9,17433.9,17433.9,1,1,
2026-09-02 11:37:46,948490,4063647,Game 3: Odd/Even Total Kills?,odd_even,3,2026-09-02 14:00:00,142.2,Odd,18975077378780682009177637594274070295328275609759585352555807697895671961277,0.49,0.51,0.5,0.02,7.76,7.76,7.76,8.07,8.07,8.07,12,11,
2026-09-02 11:37:46,948490,4063647,Game 3: Odd/Even Total Kills?,odd_even,3,2026-09-02 14:00:00,142.2,Even,57644026394563273925241035012345620029476234660604213978403936479913176417956,0.49,0.51,0.5,0.02,7.76,7.76,7.76,8.07,8.07,8.07,11,12,
2026-09-02 11:37:46,949795,4070710,LoL: ⁠Movistar KOI Fénix vs UCAM Esports Club - Game 1 Winner,map,1,2026-09-02 15:00:00,202.2,⁠Movistar KOI Fénix,11072668476505730583301850094732819725767091228276133308917416856952946878916,0.56,0.57,0.565,0.01,579.6,871.5,1038.22,6748.6,10318.1,10730.2,16,20,
2026-09-02 11:37:46,949795,4070710,LoL: ⁠Movistar KOI Fénix vs UCAM Esports Club - Game 1 Winner,map,1,2026-09-02 15:00:00,202.2,UCAM Esports Club,72677599177449265954148859501528143063323693873444804661682416143268068588156,0.43,0.44,0.435,0.01,5081.4,7461.9,7714.8,455.4,711.67,868.35,20,16,
2026-09-02 11:37:46,949795,4070711,LoL: ⁠Movistar KOI Fénix vs UCAM Esports Club - Game 2 Winner,map,2,2026-09-02 15:00:00,202.2,⁠Movistar KOI Fénix,40527155153480004152138467291892788399604417697425823600985533569468862134746,0.56,0.57,0.565,0.01,439.35,549.09,831.39,1196.1,5060.6,5162.7,16,21,
2026-09-02 11:37:46,949795,4070711,LoL: ⁠Movistar KOI Fénix vs UCAM Esports Club - Game 2 Winner,map,2,2026-09-02 15:00:00,202.2,UCAM Esports Club,41039438257466072942601736792291787446225557576888178415468088757733707459444,0.43,0.44,0.435,0.01,883.9,3469.4,3532.3,345.65,441.08,704.45,21,16,
2026-09-02 11:37:46,949795,4070712,LoL: ⁠Movistar KOI Fénix vs UCAM Esports Club - Game 3 Winner,map,3,2026-09-02 15:00:00,202.2,⁠Movistar KOI Fénix,95186640058501624048301844833644897164662477912622100439556285839275660552365,0.55,0.56,0.555,0.01,566.5,798.35,818.75,5722.65,6800.65,10426.66,16,20,7.289423
2026-09-02 11:37:46,949795,4070712,LoL: ⁠Movistar KOI Fénix vs UCAM Esports Club - Game 3 Winner,map,3,2026-09-02 15:00:00,202.2,UCAM Esports Club,110426588827381142408901821759745041446792874046011634330188666343365268957357,0.44,0.45,0.445,0.01,4317.35,5089.35,7504.34,463.5,674.88,694.48,20,16,7.289423
2026-09-02 11:37:46,949795,4070713,LoL: ⁠Movistar KOI Fénix vs UCAM Esports Club - Game 4 Winner,map,4,2026-09-02 15:00:00,202.2,⁠Movistar KOI Fénix,72229191448487875263786075813229211716475863627118308516350252791421042813687,0.06,0.93,0.495,0.87,0.99,3.24,5.76,53.84,332.02,504.92,6,7,
2026-09-02 11:37:46,949795,4070713,LoL: ⁠Movistar KOI Fénix vs UCAM Esports Club - Game 4 Winner,map,4,2026-09-02 15:00:00,202.2,UCAM Esports Club,5205367514538553399772947952908922969760952516380115789147270250303413505136,0.07,0.94,0.505,0.87,3.52,16.25,20.46,17.13,87.93,326.28,7,6,
2026-09-02 11:37:46,949795,4070714,LoL: ⁠Movistar KOI Fénix vs UCAM Esports Club (BO5) - LES Final Four,series,,2026-09-02 15:00:00,202.2,⁠Movistar KOI Fénix,29318714266265293771367257413211942596904927488945065293906826918495398755055,0.6,0.61,0.605,0.01,777.77,1903.83,2253.05,12129.34,16295.47,18351.47,29,23,12357.694354999998
2026-09-02 11:37:46,949795,4070714,LoL: ⁠Movistar KOI Fénix vs UCAM Esports Club (BO5) - LES Final Four,series,,2026-09-02 15:00:00,202.2,UCAM Esports Club,111039682995669519871430052666279497734674198308228243269952860092186402557856,0.39,0.4,0.395,0.01,7641.0,9987.73,11048.62,521.23,1353.85,1635.02,23,29,12357.694354999998
2026-09-02 11:37:46,949795,4070715,Games Total: O/U 3.5,total_games,,2026-09-02 15:00:00,202.2,Over,100251648937977623817876493162771513835062731143605755869648161632513786609065,0.7,0.71,0.705,0.01,6.95,6.95,6.95,541.05,581.25,674.3,12,21,97.965516
2026-09-02 11:37:46,949795,4070715,Games Total: O/U 3.5,total_games,,2026-09-02 15:00:00,202.2,Under,8856522332947187862721126134331418895291998766552306820969792438558166647052,0.29,0.3,0.295,0.01,213.95,228.75,258.65,3.05,3.05,3.05,21,12,97.965516
2026-09-02 11:37:46,949795,4070716,Games Total: O/U 4.5,total_games,,2026-09-02 15:00:00,202.2,Over,25774229003803028742380083616240110408769496892058350425637108305636354916133,0.34,0.35,0.345,0.01,552.74,571.16,706.24,350.0,368.5,524.99,17,14,82.48601
2026-09-02 11:37:46,949795,4070716,Games Total: O/U 4.5,total_games,,2026-09-02 15:00:00,202.2,Under,5852281562279974193610164245713763207319467798126674575451524370827149301018,0.65,0.66,0.655,0.01,650.0,681.5,916.37,1114.77,1155.76,1481.57,14,17,82.48601
2026-09-02 11:37:46,949795,4070717,Game Handicap: MKF (-1.5) vs UCAM Esports Club (+1.5),handicap,,2026-09-02 15:00:00,202.2,⁠Movistar KOI Fénix,26222499209140518104167354485963699111729237788666073800538826951830379295476,0.41,0.42,0.415,0.01,662.22,662.22,662.22,422.15,4950.91,5016.68,11,13,231
2026-09-02 11:37:46,949795,4070717,Game Handicap: MKF (-1.5) vs UCAM Esports Club (+1.5),handicap,,2026-09-02 15:00:00,202.2,UCAM Esports Club,59635232142286109126350534928107578379358160766579176166407143781888504821880,0.58,0.59,0.585,0.01,582.85,6345.59,6422.8,962.43,962.43,962.43,13,11,231
2026-09-02 11:37:46,949795,4070718,Game Handicap: MKF (-2.5) vs UCAM Esports Club (+2.5),handicap,,2026-09-02 15:00:00,202.2,⁠Movistar KOI Fénix,7686456128839416451443978534462183275080186509570290929662494011239628323512,0.18,0.19,0.185,0.01,279.22,298.23,314.7,191.0,237.7,248.42,15,14,139.052628
2026-09-02 11:37:46,949795,4070718,Game Handicap: MKF (-2.5) vs UCAM Esports Club (+2.5),handicap,,2026-09-02 15:00:00,202.2,UCAM Esports Club,56416313718032387825690902695677015345537825870806605165334782125249571305144,0.81,0.82,0.815,0.01,814.0,987.3,1021.23,1354.78,1454.59,1555.77,14,15,139.052628
2026-09-02 11:37:46,949795,4070719,Game 1: Both Teams Slay Baron Nashor?,prop,1,2026-09-02 15:00:00,202.2,Yes,94654826457795041921384085511008812231073411715859019284013857953904408502383,0.06,0.49,0.275,0.43,176.0,176.0,177.18,188.25,188.25,188.25,3,11,
2026-09-02 11:37:46,949795,4070719,Game 1: Both Teams Slay Baron Nashor?,prop,1,2026-09-02 15:00:00,202.2,No,92454577343803663889569534519033994522109140582549947286444602234983744310382,0.51,0.94,0.725,0.43,188.75,188.75,188.75,2757.33,2757.33,2868.92,11,3,
2026-09-02 11:37:46,949795,4070720,Game 1: Both Teams Slay a Dragon?,prop,1,2026-09-02 15:00:00,202.2,Yes,52995419414731723857830737412958489384947373118883063208710130797968521285784,0.5,0.78,0.64,0.28,176.0,176.0,176.0,724.49,724.49,724.49,8,4,
2026-09-02 11:37:46,949795,4070720,Game 1: Both Teams Slay a Dragon?,prop,1,2026-09-02 15:00:00,202.2,No,52107237750505763236938845368228082620822803163569788505287651415715077395422,0.22,0.5,0.36,0.28,193.6,193.6,193.6,176.0,176.0,176.0,4,8,
2026-09-02 11:37:46,949795,4070721,Game 1: Both Teams Destroy Inhibitors?,prop,1,2026-09-02 15:00:00,202.2,Yes,115262225611141163174190771272749428226007958851145289881026010743562713339654,0.05,0.49,0.27,0.44,176.77,176.88,177.43,188.25,188.25,188.25,4,11,
2026-09-02 11:37:46,949795,4070721,Game 1: Both Teams Destroy Inhibitors?,prop,1,2026-09-02 15:00:00,202.2,No,98228153631618345015504764093727296005773123790002372137098582065679894880610,0.51,0.95,0.73,0.44,188.75,188.75,188.75,4238.61,4243.95,4298.6,11,4,
2026-09-02 11:37:46,949795,4070722,Game 1: Any Player Quadra Kill?,prop,1,2026-09-02 15:00:00,202.2,Yes,18583006206457101409734411668309487554386689575141809979684272007836041573036,0.04,0.47,0.255,0.43,176.0,176.1,176.1,2.35,200.4,200.4,2,10,
2026-09-02 11:37:46,949795,4070722,Game 1: Any Player Quadra Kill?,prop,1,2026-09-02 15:00:00,202.2,No,99882126930318761691006305415056094137303102477560167486957942503728695843538,0.53,0.96,0.745,0.43,2.65,201.6,201.6,4224.0,4233.9,4233.9,10,2,
2026-09-02 11:37:46,949795,4070723,Game 1: Any Player Penta Kill?,prop,1,2026-09-02 15:00:00,202.2,Yes,40790288749344278784108025765674661841808211091359021651999637006045088238395,0.01,0.49,0.25,0.48,176.1,176.1,176.1,188.25,188.25,188.25,1,9,
2026-09-02 11:37:46,949795,4070723,Game 1: Any Player Penta Kill?,prop,1,2026-09-02 15:00:00,202.2,No,93339236014769760145209182692585943867132135045300642617293895019170260301641,0.51,0.99,0.75,0.48,188.75,188.75,188.75,17433.9,17433.9,17433.9,9,1,
2026-09-02 11:37:46,949795,4070724,Game 1: Odd/Even Total Kills?,odd_even,1,2026-09-02 15:00:00,202.2,Odd,52778964914753201087744777949092485607164543338589570562458491237215786473504,0.49,0.51,0.5,0.02,7.76,7.76,7.76,8.07,8.07,8.07,11,11,
2026-09-02 11:37:46,949795,4070724,Game 1: Odd/Even Total Kills?,odd_even,1,2026-09-02 15:00:00,202.2,Even,95208246088465697732426483334048966022358902740645460485106518047165255281575,0.49,0.51,0.5,0.02,7.76,7.76,7.76,8.07,8.07,8.07,11,11,
2026-09-02 11:37:46,949795,4070725,Game 2: Both Teams Slay Baron Nashor?,prop,2,2026-09-02 15:00:00,202.2,Yes,109139785246926000663751242985177426577103762602114323077427754663077174462617,0.06,0.49,0.275,0.43,176.0,176.0,177.18,188.25,188.25,188.25,3,10,
2026-09-02 11:37:46,949795,4070725,Game 2: Both Teams Slay Baron Nashor?,prop,2,2026-09-02 15:00:00,202.2,No,56216763010147483913805991218945744335162197694508384566164596795733868089580,0.51,0.94,0.725,0.43,188.75,188.75,188.75,2757.33,2757.33,2867.81,10,3,
2026-09-02 11:37:46,949795,4070726,Game 2: Both Teams Slay a Dragon?,prop,2,2026-09-02 15:00:00,202.2,Yes,45175996764499928586398971072165732591919787707225129930748005411106370780864,0.5,0.78,0.64,0.28,176.0,176.0,176.0,724.49,724.49,724.49,8,3,
2026-09-02 11:37:46,949795,4070726,Game 2: Both Teams Slay a Dragon?,prop,2,2026-09-02 15:00:00,202.2,No,57696864909575511439668868727382842355089939958372866664914506751718857702167,0.22,0.5,0.36,0.28,193.6,193.6,193.6,176.0,176.0,176.0,3,8,
2026-09-02 11:37:46,949795,4070727,Game 2: Both Teams Destroy Inhibitors?,prop,2,2026-09-02 15:00:00,202.2,Yes,101634220980671359924460090186772648350053376325729554983760867295263816339892,0.05,0.49,0.27,0.44,176.79,176.89,177.43,188.25,188.25,188.25,4,11,
2026-09-02 11:37:46,949795,4070727,Game 2: Both Teams Destroy Inhibitors?,prop,2,2026-09-02 15:00:00,202.2,No,54455397815221930926810008668482649913546757037079005838455483966938219708653,0.51,0.95,0.73,0.44,188.75,188.75,188.75,4238.99,4244.1,4297.2,11,4,
2026-09-02 11:37:46,949795,4070728,Game 2: Any Player Quadra Kill?,prop,2,2026-09-02 15:00:00,202.2,Yes,87996679133327376815209218113937207380369090243056535085488092839271519725608,0.04,0.49,0.265,0.45,176.0,176.1,176.1,188.25,188.25,188.25,2,10,
2026-09-02 11:37:46,949795,4070728,Game 2: Any Player Quadra Kill?,prop,2,2026-09-02 15:00:00,202.2,No,18110896915391939643787415175781515081728293815971833603131505674555588398063,0.51,0.96,0.735,0.45,188.75,188.75,188.75,4224.0,4233.9,4233.9,10,2,
2026-09-02 11:37:46,949795,4070729,Game 2: Any Player Penta Kill?,prop,2,2026-09-02 15:00:00,202.2,Yes,83467643171057451216475105804760915522460783386563427919229258078139321669687,0.01,0.49,0.25,0.48,176.1,176.1,176.1,188.25,231.03,231.03,1,10,
2026-09-02 11:37:46,949795,4070729,Game 2: Any Player Penta Kill?,prop,2,2026-09-02 15:00:00,202.2,No,107427133465369416408419424306833094973047639794269251874695765330467641210846,0.51,0.99,0.75,0.48,188.75,229.85,229.85,17433.9,17433.9,17433.9,10,1,
2026-09-02 11:37:46,949795,4070730,Game 2: Odd/Even Total Kills?,odd_even,2,2026-09-02 15:00:00,202.2,Odd,88456060868869423221491694123468741662673900398472180445759389181444037939526,0.49,0.51,0.5,0.02,7.76,7.76,7.76,8.07,8.07,8.07,12,11,
2026-09-02 11:37:46,949795,4070730,Game 2: Odd/Even Total Kills?,odd_even,2,2026-09-02 15:00:00,202.2,Even,5447184450818157966965486137094386135723624845927310546052596382275709489458,0.49,0.51,0.5,0.02,7.76,7.76,7.76,8.07,8.07,8.07,11,12,
2026-09-02 11:37:46,949795,4070731,Game 3: Both Teams Slay Baron Nashor?,prop,3,2026-09-02 15:00:00,202.2,Yes,67936481863927197765497960588669921665118347986288349110053634780107570529805,0.06,0.49,0.275,0.43,176.0,176.0,177.18,188.25,188.25,188.25,3,11,
2026-09-02 11:37:46,949795,4070731,Game 3: Both Teams Slay Baron Nashor?,prop,3,2026-09-02 15:00:00,202.2,No,79969218547605939763510612170988555578811184711157808846987034264904268419894,0.51,0.94,0.725,0.43,188.75,188.75,188.75,2757.33,2757.33,2866.74,11,3,
2026-09-02 11:37:46,949795,4070732,Game 3: Both Teams Slay a Dragon?,prop,3,2026-09-02 15:00:00,202.2,Yes,38867270390048387494000905082854300748387196018724055908690603294548857972531,0.5,0.78,0.64,0.28,176.0,176.0,176.0,724.49,724.49,724.49,8,3,
2026-09-02 11:37:46,949795,4070732,Game 3: Both Teams Slay a Dragon?,prop,3,2026-09-02 15:00:00,202.2,No,77205538924881218507241453945975259772423685031881449635177169237252380738812,0.22,0.5,0.36,0.28,193.6,193.6,193.6,176.0,176.0,176.0,3,8,
2026-09-02 11:37:46,949795,4070733,Game 3: Both Teams Destroy Inhibitors?,prop,3,2026-09-02 15:00:00,202.2,Yes,113409198741002505026976769507641997362410257774428378961228898112498534249005,0.05,0.49,0.27,0.44,176.77,176.9,177.43,188.25,188.25,188.25,4,11,
2026-09-02 11:37:46,949795,4070733,Game 3: Both Teams Destroy Inhibitors?,prop,3,2026-09-02 15:00:00,202.2,No,115730483323590729471608252481372013982822921924894346018277132949525880474656,0.51,0.95,0.73,0.44,188.75,188.75,188.75,4238.63,4244.79,4297.65,11,4,
2026-09-02 11:37:46,949795,4070734,Game 3: Any Player Quadra Kill?,prop,3,2026-09-02 15:00:00,202.2,Yes,56464024203016727427064240896906587462924622881496039616627060844937883325346,0.04,0.47,0.255,0.43,176.0,176.1,176.1,2.35,200.4,200.4,2,10,
2026-09-02 11:37:46,949795,4070734,Game 3: Any Player Quadra Kill?,prop,3,2026-09-02 15:00:00,202.2,No,86314912513898523744087061188448607745210828465895323370759479248856207469617,0.53,0.96,0.745,0.43,2.65,201.6,201.6,4224.0,4233.9,4233.9,10,2,
2026-09-02 11:37:46,949795,4070735,Game 3: Any Player Penta Kill?,prop,3,2026-09-02 15:00:00,202.2,Yes,22603865688163713484372891858443268988507753588502431569632561952845185401711,0.01,0.49,0.25,0.48,176.1,176.1,176.1,190.7,190.7,190.7,1,9,
2026-09-02 11:37:46,949795,4070735,Game 3: Any Player Penta Kill?,prop,3,2026-09-02 15:00:00,202.2,No,37892699768412359976341449853165951130008398771381962139948619953957178868837,0.51,0.99,0.75,0.48,191.3,191.3,191.3,17433.9,17433.9,17433.9,9,1,
2026-09-02 11:37:46,949795,4070736,Game 3: Odd/Even Total Kills?,odd_even,3,2026-09-02 15:00:00,202.2,Odd,12371866395494844101436703068965094988406118440905819515708477372780554778030,0.49,0.51,0.5,0.02,7.76,7.76,7.76,8.07,8.07,8.07,12,12,
2026-09-02 11:37:46,949795,4070736,Game 3: Odd/Even Total Kills?,odd_even,3,2026-09-02 15:00:00,202.2,Even,57568898553233919328234825447443042526022025718059507171298769508075635461445,0.49,0.51,0.5,0.02,7.76,7.76,7.76,8.07,8.07,8.07,12,12,
2026-09-02 11:37:46,949795,4070737,Game 4: Both Teams Slay Baron Nashor?,prop,4,2026-09-02 15:00:00,202.2,Yes,71384486250444698971162735396772424850061955644313804792773577678063714898488,0.07,0.98,0.525,0.91,176.45,176.45,176.59,269.21,269.21,269.21,4,2,
2026-09-02 11:37:46,949795,4070737,Game 4: Both Teams Slay Baron Nashor?,prop,4,2026-09-02 15:00:00,202.2,No,103159134292205783585224697534086662072278307066256319276314491674816319493370,0.02,0.93,0.475,0.91,3.18,3.18,3.18,2763.36,2763.36,2770.08,2,4,
2026-09-02 11:37:46,949795,4070738,Game 4: Both Teams Slay a Dragon?,prop,4,2026-09-02 15:00:00,202.2,Yes,55209243224155390954760050133312404098199709055724614874984843100579169123892,0.02,0.78,0.4,0.76,3.18,3.18,3.18,681.59,681.59,681.59,2,4,
2026-09-02 11:37:46,949795,4070738,Game 4: Both Teams Slay a Dragon?,prop,4,2026-09-02 15:00:00,202.2,No,44511311912997378421117773873257369228650031493491887640500841059731221523922,0.22,0.98,0.6,0.76,181.5,181.5,181.5,270.53,270.53,270.53,4,2,
2026-09-02 11:37:46,949795,4070739,Game 4: Both Teams Destroy Inhibitors?,prop,4,2026-09-02 15:00:00,202.2,Yes,23703586997760331113787752409905820368339040086310108015610345797517668779389,0.05,0.98,0.515,0.93,176.57,176.69,177.18,269.21,269.21,269.21,4,2,
2026-09-02 11:37:46,949795,4070739,Game 4: Both Teams Destroy Inhibitors?,prop,4,2026-09-02 15:00:00,202.2,No,62343051926308060643419167296999926909977740107698190965430162862030404972683,0.02,0.95,0.485,0.93,3.18,3.18,3.18,4234.89,4240.64,4289.11,2,4,
2026-09-02 11:37:46,949795,4070740,Game 4: Any Player Quadra Kill?,prop,4,2026-09-02 15:00:00,202.2,Yes,78789674566831897755399583475329990878442388879543440076538644495966107607795,0.04,0.99,0.515,0.95,176.0,176.1,176.1,9.9,9.9,9.9,2,1,
2026-09-02 11:37:46,949795,4070740,Game 4: Any Player Quadra Kill?,prop,4,2026-09-02 15:00:00,202.2,No,2884823518393107624085996360677238378111182062965164278376523194778920841014,0.01,0.96,0.485,0.95,0.1,0.1,0.1,4224.0,4233.9,4233.9,1,2,
2026-09-02 11:37:46,949795,4070741,Game 4: Any Player Penta Kill?,prop,4,2026-09-02 15:00:00,202.2,Yes,23580523442547038542956952490719506184922680728916167225583772261303921221944,0.01,0.99,0.5,0.98,176.1,176.1,176.1,9.9,9.9,9.9,1,1,
2026-09-02 11:37:46,949795,4070741,Game 4: Any Player Penta Kill?,prop,4,2026-09-02 15:00:00,202.2,No,637088716602844535085856556979677648803576632397746445292854252972313128707,0.01,0.99,0.5,0.98,0.1,0.1,0.1,17433.9,17433.9,17433.9,1,1,
2026-09-02 11:37:46,949795,4070742,Game 4: Odd/Even Total Kills?,odd_even,4,2026-09-02 15:00:00,202.2,Odd,95633255456806658753479533450801580462420630595087692283810126072969367669238,0.49,0.51,0.5,0.02,7.76,7.76,7.76,8.07,8.07,8.07,12,12,
2026-09-02 11:37:46,949795,4070742,Game 4: Odd/Even Total Kills?,odd_even,4,2026-09-02 15:00:00,202.2,Even,40157601345641242005629234244046069864271171602834075052166127941330915517826,0.49,0.51,0.5,0.02,7.76,7.76,7.76,8.07,8.07,8.07,12,12,
2026-09-02 11:37:46,949795,4070743,Game 5: Both Teams Slay Baron Nashor?,prop,5,2026-09-02 15:00:00,202.2,Yes,37685860448488010291862400418999172459716776786977432475249418756414967602131,0.07,0.98,0.525,0.91,176.45,176.45,176.6,269.21,269.21,269.21,4,2,
2026-09-02 11:37:46,949795,4070743,Game 5: Both Teams Slay Baron Nashor?,prop,5,2026-09-02 15:00:00,202.2,No,76784124127151212794287054278544154465844978454253439256314228674118167116108,0.02,0.93,0.475,0.91,3.18,3.18,3.18,2763.36,2763.36,2770.36,2,4,
2026-09-02 11:37:46,949795,4070744,Game 5: Both Teams Slay a Dragon?,prop,5,2026-09-02 15:00:00,202.2,Yes,89235403393297403307277676237203267985387913048338856466887038094443669579220,0.02,0.78,0.4,0.76,3.18,3.18,3.18,681.59,681.59,681.59,2,4,
2026-09-02 11:37:46,949795,4070744,Game 5: Both Teams Slay a Dragon?,prop,5,2026-09-02 15:00:00,202.2,No,8296254108909574055576010374838340305356516001787831078793484807818939708751,0.22,0.98,0.6,0.76,181.5,181.5,181.5,270.53,270.53,270.53,4,2,
2026-09-02 11:37:46,949795,4070745,Game 5: Both Teams Destroy Inhibitors?,prop,5,2026-09-02 15:00:00,202.2,Yes,106025736443231289034562446747995685238367841159114289660629408699757673720520,0.05,0.98,0.515,0.93,176.65,176.65,177.18,269.21,269.21,269.21,3,2,
2026-09-02 11:37:46,949795,4070745,Game 5: Both Teams Destroy Inhibitors?,prop,5,2026-09-02 15:00:00,202.2,No,21668127109108995352633252887044323015797204527621819883380805361260449008458,0.02,0.95,0.485,0.93,3.18,3.18,3.18,4236.44,4236.44,4288.45,2,3,
2026-09-02 11:37:46,949795,4070746,Game 5: Any Player Quadra Kill?,prop,5,2026-09-02 15:00:00,202.2,Yes,76149332903454888378428208399141970212340351581685900698890427507531748246071,0.04,0.99,0.515,0.95,176.0,176.1,176.1,9.9,9.9,9.9,2,1,
2026-09-02 11:37:46,949795,4070746,Game 5: Any Player Quadra Kill?,prop,5,2026-09-02 15:00:00,202.2,No,104466611206011586918800703455884633057932196990332366719358490314108975930000,0.01,0.96,0.485,0.95,0.1,0.1,0.1,4224.0,4233.9,4233.9,1,2,
2026-09-02 11:37:46,949795,4070747,Game 5: Any Player Penta Kill?,prop,5,2026-09-02 15:00:00,202.2,Yes,95735919793426598344948664182529764975080670969817106864711748802692766990807,0.01,0.99,0.5,0.98,176.1,176.1,176.1,9.9,9.9,9.9,1,1,
2026-09-02 11:37:46,949795,4070747,Game 5: Any Player Penta Kill?,prop,5,2026-09-02 15:00:00,202.2,No,105592100829695868394303779416659057270292101055370580901904379936342410637122,0.01,0.99,0.5,0.98,0.1,0.1,0.1,17433.9,17433.9,17433.9,1,1,
2026-09-02 11:37:46,949795,4070748,Game 5: Odd/Even Total Kills?,odd_even,5,2026-09-02 15:00:00,202.2,Odd,24549233275460721321034409158423523075398620999376535924422267622818803298640,0.49,0.51,0.5,0.02,7.76,7.76,7.76,8.07,8.07,8.07,11,12,
2026-09-02 11:37:46,949795,4070748,Game 5: Odd/Even Total Kills?,odd_even,5,2026-09-02 15:00:00,202.2,Even,48434703786661500048846460332110667639919366198510461016067076382680706887859,0.49,0.51,0.5,0.02,7.76,7.76,7.76,8.07,8.07,8.07,12,11,
2026-09-02 11:37:46,950966,4093958,LoL: Barcząca Esports vs Orbit Anonymo - Game 1 Winner,map,1,2026-09-02 15:00:00,202.2,Barcząca Esports,29795383102143865510314620720709776658099125129849966572978739689204820133247,0.51,0.54,0.525,0.03,65.52,610.3,696.1,70.98,619.99,732.2,14,19,
2026-09-02 11:37:46,950966,4093958,LoL: Barcząca Esports vs Orbit Anonymo - Game 1 Winner,map,1,2026-09-02 15:00:00,202.2,Orbit Anonymo,60952824639139886926506209435737492383170391441093848292611076939741989835169,0.46,0.49,0.475,0.03,59.02,477.58,558.84,64.48,651.2,747.96,19,14,
2026-09-02 11:37:46,950966,4093959,LoL: Barcząca Esports vs Orbit Anonymo - Game 2 Winner,map,2,2026-09-02 15:00:00,202.2,Barcząca Esports,115662949463080705296041003513692938755074533177411901003629778414800549278000,0.51,0.54,0.525,0.03,62.85,564.53,670.33,71.14,533.4,720.91,16,18,
2026-09-02 11:37:46,950966,4093959,LoL: Barcząca Esports vs Orbit Anonymo - Game 2 Winner,map,2,2026-09-02 15:00:00,202.2,Orbit Anonymo,51528965879335693039016930385612967281533713656500718615622776624367874091814,0.46,0.49,0.475,0.03,58.86,409.22,543.12,62.15,602.14,722.38,18,16,
2026-09-02 11:37:46,950966,4093960,LoL: Barcząca Esports vs Orbit Anonymo (BO3) - Rift Legends Gauntlet Stage,series,,2026-09-02 15:00:00,202.2,Barcząca Esports,15964400420147129406836695460348464558529584686155909966717145964842800794124,0.54,0.56,0.55,0.02,205.81,405.7,802.01,468.06,1252.23,1576.23,17,18,119.61702
2026-09-02 11:37:46,950966,4093960,LoL: Barcząca Esports vs Orbit Anonymo (BO3) - Rift Legends Gauntlet Stage,series,,2026-09-02 15:00:00,202.2,Orbit Anonymo,98159901504236207898853844350484092908562391700869781298786543342484644873949,0.44,0.46,0.45,0.02,356.1,903.99,1119.99,177.11,364.66,761.77,18,17,119.61702
2026-09-02 11:37:46,950966,4093961,Games Total: O/U 2.5,total_games,,2026-09-02 15:00:00,202.2,Over,9977082283937560557041109574959853859184568303715757963659911414935525133483,0.48,0.49,0.485,0.01,26.4,26.4,28.6,27.0,51.17,75.21,16,15,
2026-09-02 11:37:46,950966,4093961,Games Total: O/U 2.5,total_games,,2026-09-02 15:00:00,202.2,Under,77003613668434913659192545482486374005330107717155427269933179626490635957382,0.51,0.52,0.515,0.01,28.0,51.23,71.8,28.6,28.6,31.4,15,16,
2026-09-02 11:37:46,950966,4093962,Game 1: Both Teams Slay Baron Nashor?,prop,1,2026-09-02 15:00:00,202.2,Yes,100847128775950978159484956103362172846736753351367583404097055096220265580733,0.06,0.49,0.275,0.43,176.0,176.0,177.18,188.25,188.25,188.25,2,11,
2026-09-02 11:37:46,950966,4093962,Game 1: Both Teams Slay Baron Nashor?,prop,1,2026-09-02 15:00:00,202.2,No,53789563290280243262648259064339909942356752466713314022920953830635338431061,0.51,0.94,0.725,0.43,188.75,188.75,188.75,2757.33,2757.33,2874.14,11,2,
2026-09-02 11:37:46,950966,4093963,Game 1: Both Teams Slay a Dragon?,prop,1,2026-09-02 15:00:00,202.2,Yes,100756963702740820659565003264782338746335997449397834219321904060420719608084,0.5,0.78,0.64,0.28,176.0,176.0,176.0,62.9,766.9,766.9,8,4,
2026-09-02 11:37:46,950966,4093963,Game 1: Both Teams Slay a Dragon?,prop,1,2026-09-02 15:00:00,202.2,No,110908910631487537103978656429543898367196598283009420375040819850049933038797,0.22,0.5,0.36,0.28,17.1,193.1,193.1,176.0,176.0,176.0,4,8,
2026-09-02 11:37:46,950966,4093964,Game 1: Both Teams Destroy Inhibitors?,prop,1,2026-09-02 15:00:00,202.2,Yes,10409541393612468829585372407069878411592978673081840136476737490004997623277,0.05,0.49,0.27,0.44,176.41,176.57,177.04,188.25,188.25,188.25,4,11,
2026-09-02 11:37:46,950966,4093964,Game 1: Both Teams Destroy Inhibitors?,prop,1,2026-09-02 15:00:00,202.2,No,54980107051457895827573947589985079334719234236591191710491304806091491348003,0.51,0.95,0.73,0.44,188.75,188.75,188.75,4231.83,4239.43,4286.35,11,4,
2026-09-02 11:37:46,950966,4093965,Game 1: Any Player Quadra Kill?,prop,1,2026-09-02 15:00:00,202.2,Yes,114408134162596423137681072785145127668594875778739062648130505620740404658427,0.04,0.48,0.26,0.44,176.0,176.1,176.1,36.45,212.45,212.45,2,10,
2026-09-02 11:37:46,950966,4093965,Game 1: Any Player Quadra Kill?,prop,1,2026-09-02 15:00:00,202.2,No,79966864022375915793424459638246916117161231912029264905315407652122708877722,0.52,0.96,0.74,0.44,38.55,214.55,214.55,4224.0,4233.9,4233.9,10,2,
2026-09-02 11:37:46,950966,4093966,Game 1: Any Player Penta Kill?,prop,1,2026-09-02 15:00:00,202.2,Yes,29699401879292871778290358569722411876783525172149205510821908059951291668796,0.01,0.49,0.25,0.48,0.1,0.1,0.1,185.8,196.02,196.02,1,10,
2026-09-02 11:37:46,950966,4093966,Game 1: Any Player Penta Kill?,prop,1,2026-09-02 15:00:00,202.2,No,20666139653063672896350530737227172458675952568234813542321769187217336536832,0.51,0.99,0.75,0.48,186.2,196.01,196.01,9.9,9.9,9.9,10,1,
2026-09-02 11:37:46,950966,4093967,Game 1: Odd/Even Total Kills?,odd_even,1,2026-09-02 15:00:00,202.2,Odd,61508028233284380923688476595688171899849737559243666808826428801668425624400,0.49,0.51,0.5,0.02,7.76,7.76,7.76,8.07,8.07,8.07,13,14,
2026-09-02 11:37:46,950966,4093967,Game 1: Odd/Even Total Kills?,odd_even,1,2026-09-02 15:00:00,202.2,Even,7792098322768775574979626841181187675911073166783496753611511681282521222766,0.49,0.51,0.5,0.02,7.76,7.76,7.76,8.07,8.07,8.07,14,13,
2026-09-02 11:37:46,950966,4093968,Game 2: Both Teams Slay Baron Nashor?,prop,2,2026-09-02 15:00:00,202.2,Yes,56203012934336179321607500892523692209969520325273835741435180034756931247919,0.06,0.49,0.275,0.43,176.0,176.0,177.18,188.25,188.25,188.25,3,10,
2026-09-02 11:37:46,950966,4093968,Game 2: Both Teams Slay Baron Nashor?,prop,2,2026-09-02 15:00:00,202.2,No,84619648134480479326450216493476663392200540672667356615520103085897418735103,0.51,0.94,0.725,0.43,188.75,188.75,188.75,2757.33,2757.33,2868.7,10,3,
2026-09-02 11:37:46,950966,4093969,Game 2: Both Teams Slay a Dragon?,prop,2,2026-09-02 15:00:00,202.2,Yes,88052563532750599764643732467648628967006545066027809349156929599135887222182,0.5,0.79,0.645,0.29,176.0,176.0,176.0,767.2,767.2,767.2,8,3,
2026-09-02 11:37:46,950966,4093969,Game 2: Both Teams Slay a Dragon?,prop,2,2026-09-02 15:00:00,202.2,No,96581409509857092208467817264377227403797106950460190302081789175001469905503,0.21,0.5,0.355,0.29,192.8,192.8,192.8,176.0,176.0,176.0,3,8,
2026-09-02 11:37:46,950966,4093970,Game 2: Both Teams Destroy Inhibitors?,prop,2,2026-09-02 15:00:00,202.2,Yes,73595999869731214961155884023679027748029814324903609989866986956293703526804,0.05,0.49,0.27,0.44,176.71,176.84,177.43,188.25,188.25,188.25,4,11,
2026-09-02 11:37:46,950966,4093970,Game 2: Both Teams Destroy Inhibitors?,prop,2,2026-09-02 15:00:00,202.2,No,54327850701326210290387055516118219711394756920059200514530607794362128593747,0.51,0.95,0.73,0.44,188.75,188.75,188.75,4237.54,4243.68,4302.3,11,4,
2026-09-02 11:37:46,950966,4093971,Game 2: Any Player Quadra Kill?,prop,2,2026-09-02 15:00:00,202.2,Yes,39093232370335438840088476550486663824031692270627637707574328877246258140769,0.04,0.49,0.265,0.45,176.0,176.1,176.1,188.25,188.25,188.25,2,10,
2026-09-02 11:37:46,950966,4093971,Game 2: Any Player Quadra Kill?,prop,2,2026-09-02 15:00:00,202.2,No,6082346912767671090748712699215047206177723229876643348165388894218333173953,0.51,0.96,0.735,0.45,188.75,188.75,188.75,4224.0,4233.9,4233.9,10,2,
2026-09-02 11:37:46,950966,4093972,Game 2: Any Player Penta Kill?,prop,2,2026-09-02 15:00:00,202.2,Yes,83070288372130290373136417980033419907047327984363649610657361695606484217817,0.01,0.49,0.25,0.48,0.1,0.1,0.1,188.25,198.47,198.47,1,10,
2026-09-02 11:37:46,950966,4093972,Game 2: Any Player Penta Kill?,prop,2,2026-09-02 15:00:00,202.2,No,5594600117434360651024091048213515187985270199167495345664406961344346789754,0.51,0.99,0.75,0.48,188.75,198.56,198.56,9.9,9.9,9.9,10,1,
2026-09-02 11:37:46,950966,4093973,Game 2: Odd/Even Total Kills?,odd_even,2,2026-09-02 15:00:00,202.2,Odd,101028750341498608592713983587713868410929772438926679814481119515882535899686,0.49,0.51,0.5,0.02,7.76,7.76,7.76,8.07,8.07,8.07,13,14,
2026-09-02 11:37:46,950966,4093973,Game 2: Odd/Even Total Kills?,odd_even,2,2026-09-02 15:00:00,202.2,Even,2601871484719654379093040768911096557439964971900194660146588426643430697759,0.49,0.51,0.5,0.02,7.76,7.76,7.76,8.07,8.07,8.07,14,13,
2026-09-02 11:37:46,950966,4093974,Game 3: Both Teams Slay Baron Nashor?,prop,3,2026-09-02 15:00:00,202.2,Yes,15194779528839736656561798572316811164895726836719390530493161087298554219650,0.07,0.99,0.53,0.92,176.45,176.45,176.45,116.81,116.81,116.81,3,1,
2026-09-02 11:37:46,950966,4093974,Game 3: Both Teams Slay Baron Nashor?,prop,3,2026-09-02 15:00:00,202.2,No,4855295118687644005251613144047448353158659758474729334343709542333475826085,0.01,0.93,0.47,0.92,1.18,1.18,1.18,2763.31,2763.31,2763.31,1,3,
2026-09-02 11:37:46,950966,4093975,Game 3: Both Teams Slay a Dragon?,prop,3,2026-09-02 15:00:00,202.2,Yes,68656173736424973616279590774994280678574601901357477692476197364933838097765,0.01,0.78,0.395,0.77,1.18,1.18,1.18,55.05,759.05,759.05,1,4,
2026-09-02 11:37:46,950966,4093975,Game 3: Both Teams Slay a Dragon?,prop,3,2026-09-02 15:00:00,202.2,No,97895032223336937573676535556916913978756332400095935984520163165650735459671,0.22,0.99,0.605,0.77,14.95,190.95,190.95,116.82,116.82,116.82,4,1,
2026-09-02 11:37:46,950966,4093976,Game 3: Both Teams Destroy Inhibitors?,prop,3,2026-09-02 15:00:00,202.2,Yes,66918764419972819299754733571791040308515246874996080035782468368124812977169,0.05,0.98,0.515,0.93,176.64,176.64,177.18,269.21,269.21,269.21,3,2,
2026-09-02 11:37:46,950966,4093976,Game 3: Both Teams Destroy Inhibitors?,prop,3,2026-09-02 15:00:00,202.2,No,92249015230949621844576020854596929742521899571076540938404381150807399371559,0.02,0.95,0.485,0.93,3.18,3.18,3.18,4236.17,4236.17,4289.58,2,3,
2026-09-02 11:37:46,950966,4093977,Game 3: Any Player Quadra Kill?,prop,3,2026-09-02 15:00:00,202.2,Yes,87737840052207076042598286952451940773263575661599499549827467469521464201281,0.04,0.99,0.515,0.95,176.0,176.1,176.1,9.9,9.9,9.9,2,1,
2026-09-02 11:37:46,950966,4093977,Game 3: Any Player Quadra Kill?,prop,3,2026-09-02 15:00:00,202.2,No,43782754060738034757820578730899277244889130069510428677777605284233496938483,0.01,0.96,0.485,0.95,0.1,0.1,0.1,4224.0,4233.9,4233.9,1,2,
2026-09-02 11:37:46,950966,4093978,Game 3: Any Player Penta Kill?,prop,3,2026-09-02 15:00:00,202.2,Yes,55062851547789273804686593327527583878416892484728173271272629694682556530078,0.01,0.99,0.5,0.98,0.1,0.1,0.1,9.9,9.9,9.9,1,1,
2026-09-02 11:37:46,950966,4093978,Game 3: Any Player Penta Kill?,prop,3,2026-09-02 15:00:00,202.2,No,33419833559149709336776249202111858479610198103710561747224242550066380742556,0.01,0.99,0.5,0.98,0.1,0.1,0.1,9.9,9.9,9.9,1,1,
2026-09-02 11:37:46,950966,4093980,Game 3: Odd/Even Total Kills?,odd_even,3,2026-09-02 15:00:00,202.2,Odd,18072181541873373076824041580350389435357442557504025598876978860655607729704,0.49,0.51,0.5,0.02,7.76,7.76,7.76,8.07,8.07,8.07,12,14,
2026-09-02 11:37:46,950966,4093980,Game 3: Odd/Even Total Kills?,odd_even,3,2026-09-02 15:00:00,202.2,Even,53954960067703360294063210198745099445669495245924132350984521986967947990099,0.49,0.51,0.5,0.02,7.76,7.76,7.76,8.07,8.07,8.07,14,12,
2026-09-02 11:37:46,950966,4109055,Game Handicap: BCE (-1.5) vs Anonymo Esports (+1.5),handicap,,2026-09-02 15:00:00,202.2,Barcząca Esports,36566502244739324453161198760609627973408948984366586217081673750773925934172,0.29,0.35,0.32,0.06,14.5,14.5,14.5,72.8,72.8,72.8,13,12,
2026-09-02 11:37:46,950966,4109055,Game Handicap: BCE (-1.5) vs Anonymo Esports (+1.5),handicap,,2026-09-02 15:00:00,202.2,Anonymo Esports,84777037275374038152786615092669530359700234411723256294178866042992836726216,0.65,0.71,0.68,0.06,135.2,135.2,135.2,35.5,35.5,35.5,12,13,
2026-09-02 11:44:54,929750,3969301,LoL: Bushido Wildcats vs SU Esports - Game 1 Winner,map,1,2026-09-02 15:00:00,195.1,Bushido Wildcats,98653860263004258369650629196722772543496191971471172148393295744481941989467,0.45,0.47,0.46,0.02,33.24,392.24,792.14,100.08,718.1,1056.66,32,23,605.1935619999999
2026-09-02 11:44:54,929750,3969301,LoL: Bushido Wildcats vs SU Esports - Game 1 Winner,map,1,2026-09-02 15:00:00,195.1,SU Esports,18775600224246023131994417408878103015203494383473768792771396148242192992983,0.53,0.55,0.54,0.02,109.92,735.0,1060.28,41.76,530.38,1107.07,23,32,605.1935619999999
2026-09-02 11:44:54,929750,3969302,LoL: Bushido Wildcats vs SU Esports - Game 2 Winner,map,2,2026-09-02 15:00:00,195.1,Bushido Wildcats,68603561524821146601214362692338809850963345001918270771181075017930976881493,0.43,0.45,0.44,0.02,403.79,460.53,1354.72,163.2,228.13,741.81,23,23,
2026-09-02 11:44:54,929750,3969302,LoL: Bushido Wildcats vs SU Esports - Game 2 Winner,map,2,2026-09-02 15:00:00,195.1,SU Esports,88923975739375952253488023807666068430362825915448135155410285122146935971739,0.55,0.57,0.56,0.02,197.8,268.34,790.75,549.21,632.08,2033.25,23,23,
2026-09-02 11:44:54,929750,3969303,LoL: Bushido Wildcats vs SU Esports - Game 3 Winner,map,3,2026-09-02 15:00:00,195.1,Bushido Wildcats,24363029888921996246498273958788880668705836660261193318336431638854318155375,0.46,0.49,0.475,0.03,45.97,242.64,789.33,755.24,811.44,811.44,26,18,
2026-09-02 11:44:54,929750,3969303,LoL: Bushido Wildcats vs SU Esports - Game 3 Winner,map,3,2026-09-02 15:00:00,195.1,SU Esports,77264861432692066416968853434914186334605324862188236569906335106815818236190,0.51,0.54,0.525,0.03,759.2,813.19,813.19,55.68,313.84,1069.75,18,26,
2026-09-02 11:44:54,929750,3969304,LoL: Bushido Wildcats vs SU Esports - Game 4 Winner,map,4,2026-09-02 15:00:00,195.1,Bushido Wildcats,38823351735374400287586743645423760635445817094054826118458504012636494357632,0.09,0.92,0.505,0.83,3.0,3.67,6.92,53.77,63.27,128.17,7,7,
2026-09-02 11:44:54,929750,3969304,LoL: Bushido Wildcats vs SU Esports - Game 4 Winner,map,4,2026-09-02 15:00:00,195.1,SU Esports,55525384566411293745715684717503322543542995738679554015061693152460092355161,0.08,0.91,0.495,0.83,4.21,4.71,7.31,30.33,40.76,112.51,7,7,
2026-09-02 11:44:54,929750,3969305,LoL: Bushido Wildcats vs SU Esports (BO5) - TCL Playoffs,series,,2026-09-02 15:00:00,195.1,Bushido Wildcats,44819353750921275010378198013179618686943345951848334422751810333495227567001,0.38,0.39,0.385,0.01,5024.04,5049.24,5379.24,926.85,1103.15,1721.87,25,37,37773.632358
2026-09-02 11:44:54,929750,3969305,LoL: Bushido Wildcats vs SU Esports (BO5) - TCL Playoffs,series,,2026-09-02 15:00:00,195.1,SU Esports,87316154734404865399933355133099831173557694920050008864653733969855460018432,0.61,0.62,0.615,0.01,1446.13,1689.82,2483.92,8253.94,8298.74,8968.74,37,25,37773.632358
2026-09-02 11:44:54,929750,3969306,Games Total: O/U 3.5,total_games,,2026-09-02 15:00:00,195.1,Over,113802155422496249671899287371033049296018630872108234363065274707720542384961,0.44,0.7,0.57,0.26,231.63,231.63,231.63,219.5,579.5,594.5,12,16,
2026-09-02 11:44:54,929750,3969306,Games Total: O/U 3.5,total_games,,2026-09-02 15:00:00,195.1,Under,44089641228358134441173029190574187741300480737774003933494682124134588652589,0.3,0.56,0.43,0.26,90.5,230.5,235.5,306.3,306.3,306.3,16,12,
2026-09-02 11:44:54,929750,3969307,Games Total: O/U 4.5,total_games,,2026-09-02 15:00:00,195.1,Over,20045169228777896716922220847181544560872013564943700628429661376865743688265,0.35,0.37,0.36,0.02,262.6,612.6,612.6,390.85,390.85,510.33,18,15,
2026-09-02 11:44:54,929750,3969307,Games Total: O/U 4.5,total_games,,2026-09-02 15:00:00,195.1,Under,68838528901834174827815707420186760520761171018105524199430352651659403415833,0.63,0.65,0.64,0.02,664.15,664.15,672.93,502.4,1214.9,1214.9,15,18,
2026-09-02 11:44:54,929750,3969308,Game Handicap: BW (-1.5) vs SU Esports (+1.5),handicap,,2026-09-02 15:00:00,195.1,Bushido Wildcats,107474873889390492151871636085940715241699168028673003698019854143939278498227,0.07,0.29,0.18,0.22,28.46,31.2,35.34,14.11,14.11,14.11,7,10,
2026-09-02 11:44:54,929750,3969308,Game Handicap: BW (-1.5) vs SU Esports (+1.5),handicap,,2026-09-02 15:00:00,195.1,SU Esports,25134550338229498676235384536684460992654891507351841150107475035235531865312,0.71,0.93,0.82,0.22,34.53,34.53,34.53,379.13,432.5,602.16,10,7,
2026-09-02 11:44:54,929750,3969309,Game Handicap: BW (-2.5) vs SU Esports (+2.5),handicap,,2026-09-02 15:00:00,195.1,Bushido Wildcats,23117410052454098703949711532976155946336103831754318955109192689816305983637,0.06,0.35,0.205,0.29,24.46,27.09,29.58,18.21,20.13,20.13,6,12,
2026-09-02 11:44:54,929750,3969309,Game Handicap: BW (-2.5) vs SU Esports (+2.5),handicap,,2026-09-02 15:00:00,195.1,SU Esports,79337017755125866121492251202065033002076792990340131322804537845968931827332,0.65,0.94,0.795,0.29,33.82,36.95,36.95,384.65,464.51,697.11,12,6,
2026-09-02 11:44:54,929750,3969310,Game 1: Both Teams Slay Baron Nashor?,prop,1,2026-09-02 15:00:00,195.1,Yes,63307523082284310386060349403286719554650909837669558413392919106898489430170,0.06,0.49,0.275,0.43,176.6,176.6,177.78,193.15,193.15,193.15,3,11,
2026-09-02 11:44:54,929750,3969310,Game 1: Both Teams Slay Baron Nashor?,prop,1,2026-09-02 15:00:00,195.1,No,48261035292735772594784586118069729002326559423767315455352483459062573157843,0.51,0.94,0.725,0.43,193.85,193.85,193.85,2766.73,2766.73,2878.37,11,3,
2026-09-02 11:44:54,929750,3969311,Game 1: Both Teams Slay a Dragon?,prop,1,2026-09-02 15:00:00,195.1,Yes,58586591189649813881828432925278288783081320059612450268629447477541161222448,0.5,0.77,0.635,0.27,176.0,176.0,176.0,654.85,654.85,654.85,10,4,
2026-09-02 11:44:54,929750,3969311,Game 1: Both Teams Slay a Dragon?,prop,1,2026-09-02 15:00:00,195.1,No,22365800230407283512468780413001314261007577489558148787585199157570488129193,0.23,0.5,0.365,0.27,185.15,185.15,185.15,176.0,176.0,176.0,4,10,
2026-09-02 11:44:54,929750,3969312,Game 1: Both Teams Destroy Inhibitors?,prop,1,2026-09-02 15:00:00,195.1,Yes,98962364336022926682655368753628096978268134247281435271016972163198596410994,0.06,0.49,0.275,0.43,1.14,177.14,177.93,193.15,193.15,193.15,4,11,
2026-09-02 11:44:54,929750,3969312,Game 1: Both Teams Destroy Inhibitors?,prop,1,2026-09-02 15:00:00,195.1,No,22495045272107480663326335201401397442985940819410237630497328939791190733866,0.51,0.94,0.725,0.43,193.85,193.85,193.85,20.44,4244.44,4322.17,11,4,
2026-09-02 11:44:54,929750,3969313,Game 1: Any Player Quadra Kill?,prop,1,2026-09-02 15:00:00,195.1,Yes,98604671410216444143398697253838271071148266785519250479280897088581988260115,0.04,0.48,0.26,0.44,176.0,176.2,176.2,41.23,217.23,217.23,2,10,
2026-09-02 11:44:54,929750,3969313,Game 1: Any Player Quadra Kill?,prop,1,2026-09-02 15:00:00,195.1,No,49592222339460666620340143889202073854896921796641194533425000152163396327524,0.52,0.96,0.74,0.44,43.77,219.77,219.77,4224.0,4243.8,4243.8,10,2,
2026-09-02 11:44:54,929750,3969314,Game 1: Any Player Penta Kill?,prop,1,2026-09-02 15:00:00,195.1,Yes,54343530200852034378951467150934377357812086555903055447508525916276749373513,0.01,0.24,0.125,0.23,176.2,176.2,176.2,12.49,12.49,12.49,1,12,
2026-09-02 11:44:54,929750,3969314,Game 1: Any Player Penta Kill?,prop,1,2026-09-02 15:00:00,195.1,No,85705882969092762471089381074462047927081943229988284813498097574081176304975,0.76,0.99,0.875,0.23,38.51,38.51,38.51,17443.8,17443.8,17443.8,12,1,
2026-09-02 11:44:54,929750,3969315,Game 1: Odd/Even Total Kills?,odd_even,1,2026-09-02 15:00:00,195.1,Odd,87302126714103311046593255532631713318559158690119324689002998543942929633971,0.49,0.51,0.5,0.02,7.76,7.76,7.76,8.07,8.07,8.07,12,15,
2026-09-02 11:44:54,929750,3969315,Game 1: Odd/Even Total Kills?,odd_even,1,2026-09-02 15:00:00,195.1,Even,75840151787922952046173154325045774296753718212852744066701606006929633685487,0.49,0.51,0.5,0.02,7.76,7.76,7.76,8.07,8.07,8.07,15,12,
2026-09-02 11:44:54,929750,3969316,Game 2: Both Teams Slay Baron Nashor?,prop,2,2026-09-02 15:00:00,195.1,Yes,12614435079985703910094168592964859633984581581315881605438051110325828059859,0.06,0.49,0.275,0.43,176.6,176.6,177.78,193.15,193.15,193.15,3,11,
2026-09-02 11:44:54,929750,3969316,Game 2: Both Teams Slay Baron Nashor?,prop,2,2026-09-02 15:00:00,195.1,No,43610785229413382196619228583456201416931374817599774857074367262721144384110,0.51,0.94,0.725,0.43,193.85,193.85,193.85,2766.73,2766.73,2878.16,11,3,
2026-09-02 11:44:54,929750,3969317,Game 2: Both Teams Slay a Dragon?,prop,2,2026-09-02 15:00:00,195.1,Yes,11958976157545778743483069943283436538646827026429146459845108653536938358997,0.5,0.77,0.635,0.27,176.0,176.0,176.0,654.85,654.85,654.85,11,4,
2026-09-02 11:44:54,929750,3969317,Game 2: Both Teams Slay a Dragon?,prop,2,2026-09-02 15:00:00,195.1,No,64983060915214575771786636893144988218239575936926295372234293617664063595578,0.23,0.5,0.365,0.27,185.15,185.15,185.15,176.0,176.0,176.0,4,11,
2026-09-02 11:44:54,929750,3969318,Game 2: Both Teams Destroy Inhibitors?,prop,2,2026-09-02 15:00:00,195.1,Yes,82454346528738772760532846374576063044155864145419667146222549643626699614434,0.06,0.49,0.275,0.43,1.17,177.17,177.93,193.15,193.15,193.15,5,11,
2026-09-02 11:44:54,929750,3969318,Game 2: Both Teams Destroy Inhibitors?,prop,2,2026-09-02 15:00:00,195.1,No,113254061067917852293693481762132131786538661013450103046948963321564738458188,0.51,0.94,0.725,0.43,193.85,193.85,193.85,20.77,4244.77,4312.82,11,5,
2026-09-02 11:44:54,929750,3969319,Game 2: Any Player Quadra Kill?,prop,2,2026-09-02 15:00:00,195.1,Yes,112804696190280554679400218637360822846740905939016565532359693663892601217631,0.04,0.48,0.26,0.44,176.0,176.2,176.2,41.23,217.23,217.23,2,10,
2026-09-02 11:44:54,929750,3969319,Game 2: Any Player Quadra Kill?,prop,2,2026-09-02 15:00:00,195.1,No,100787334009915105276187494756939588442865220303283920850995733991064300458802,0.52,0.96,0.74,0.44,43.77,219.77,219.77,4224.0,4243.8,4243.8,10,2,
2026-09-02 11:44:54,929750,3969320,Game 2: Any Player Penta Kill?,prop,2,2026-09-02 15:00:00,195.1,Yes,2377400133317761722295209032972241818276130624786310894214629896486769811251,0.01,0.21,0.11,0.2,176.2,176.2,176.2,9.51,9.51,9.51,1,12,
2026-09-02 11:44:54,929750,3969320,Game 2: Any Player Penta Kill?,prop,2,2026-09-02 15:00:00,195.1,No,43551469045473829896773831342870073229002030970788358790701577795145457125317,0.79,0.99,0.89,0.2,34.84,34.84,34.84,17443.8,17443.8,17443.8,12,1,
2026-09-02 11:44:54,929750,3969321,Game 2: Odd/Even Total Kills?,odd_even,2,2026-09-02 15:00:00,195.1,Odd,85022913983577571368813990772167166012243638646060998456109386544038469091378,0.49,0.51,0.5,0.02,7.76,30.76,319.87,8.07,8.07,8.07,13,14,
2026-09-02 11:44:54,929750,3969321,Game 2: Odd/Even Total Kills?,odd_even,2,2026-09-02 15:00:00,195.1,Even,98057071721698663849772141876192706307091273587801731528850490600868486342523,0.49,0.51,0.5,0.02,7.76,7.76,7.76,8.07,35.07,388.44,14,13,
2026-09-02 11:44:54,929750,3969322,Game 3: Both Teams Slay Baron Nashor?,prop,3,2026-09-02 15:00:00,195.1,Yes,58268641495044249145088753299203454841197557617356141965341279496335231613859,0.06,0.49,0.275,0.43,176.6,176.6,177.78,193.15,193.15,193.15,3,11,
2026-09-02 11:44:54,929750,3969322,Game 3: Both Teams Slay Baron Nashor?,prop,3,2026-09-02 15:00:00,195.1,No,37712918206791939533576186183955775387343706368670050873685158873350996198007,0.51,0.94,0.725,0.43,193.85,193.85,193.85,2766.73,2766.73,2878.29,11,3,
2026-09-02 11:44:54,929750,3969323,Game 3: Both Teams Slay a Dragon?,prop,3,2026-09-02 15:00:00,195.1,Yes,69496562190696714730405216908077276252246137234880332826614024832347032142087,0.5,0.77,0.635,0.27,176.0,176.0,176.0,654.85,654.85,654.85,11,4,
2026-09-02 11:44:54,929750,3969323,Game 3: Both Teams Slay a Dragon?,prop,3,2026-09-02 15:00:00,195.1,No,89488172784155388633490532647380909312862556219681193860879454297446674640989,0.23,0.5,0.365,0.27,185.15,185.15,185.15,176.0,176.0,176.0,4,11,
2026-09-02 11:44:54,929750,3969324,Game 3: Both Teams Destroy Inhibitors?,prop,3,2026-09-02 15:00:00,195.1,Yes,72856832787356150710701054176467408820130269244359542205168798535969282687509,0.06,0.49,0.275,0.43,1.14,177.14,177.93,193.15,193.15,193.15,5,11,
2026-09-02 11:44:54,929750,3969324,Game 3: Both Teams Destroy Inhibitors?,prop,3,2026-09-02 15:00:00,195.1,No,77841336591372537722411623220794256738698463606925394349869040746194378810088,0.51,0.94,0.725,0.43,193.85,193.85,193.85,20.3,4244.3,4315.08,11,5,
2026-09-02 11:44:54,929750,3969325,Game 3: Any Player Quadra Kill?,prop,3,2026-09-02 15:00:00,195.1,Yes,1803136502781870334141723776144835699733812778675278272605229872428817387101,0.04,0.48,0.26,0.44,176.0,176.2,176.2,41.23,217.23,217.23,2,10,
2026-09-02 11:44:54,929750,3969325,Game 3: Any Player Quadra Kill?,prop,3,2026-09-02 15:00:00,195.1,No,12938718005757019869740383811621070321842443704403402530160916986978899585319,0.52,0.96,0.74,0.44,43.77,219.77,219.77,4224.0,4243.8,4243.8,10,2,
2026-09-02 11:44:54,929750,3969326,Game 3: Any Player Penta Kill?,prop,3,2026-09-02 15:00:00,195.1,Yes,10380082971993646580941383671286163528782368183427794986927964082236498486150,0.01,0.21,0.11,0.2,176.2,176.2,176.2,10.75,10.75,10.75,1,12,
2026-09-02 11:44:54,929750,3969326,Game 3: Any Player Penta Kill?,prop,3,2026-09-02 15:00:00,195.1,No,32601056762249140658114638126493403391504111720863000057778957036642646733211,0.79,0.99,0.89,0.2,39.25,39.25,39.25,17443.8,17443.8,17443.8,12,1,
2026-09-02 11:44:54,929750,3969327,Game 3: Odd/Even Total Kills?,odd_even,3,2026-09-02 15:00:00,195.1,Odd,57606176917730560833376190487632214580468829342233253770302634576408031498533,0.49,0.51,0.5,0.02,7.76,30.76,319.87,8.07,8.07,8.07,13,14,
2026-09-02 11:44:54,929750,3969327,Game 3: Odd/Even Total Kills?,odd_even,3,2026-09-02 15:00:00,195.1,Even,84139773805312487608157454232082052124750694087783738404216429224839783759597,0.49,0.51,0.5,0.02,7.76,7.76,7.76,8.07,35.07,388.44,14,13,
2026-09-02 11:44:54,929750,3969328,Game 4: Both Teams Slay Baron Nashor?,prop,4,2026-09-02 15:00:00,195.1,Yes,72248984804075252242230257333893781836415024046815645622924479733954074479246,0.07,0.97,0.52,0.9,177.15,177.15,177.25,51.9,274.73,274.73,4,3,
2026-09-02 11:44:54,929750,3969328,Game 4: Both Teams Slay Baron Nashor?,prop,4,2026-09-02 15:00:00,195.1,No,69561041155846638866208150478870855113099781828872864872522956854963499823731,0.03,0.93,0.48,0.9,1.13,3.38,3.38,2772.62,2772.62,2777.52,3,4,
2026-09-02 11:44:54,929750,3969329,Game 4: Both Teams Slay a Dragon?,prop,4,2026-09-02 15:00:00,195.1,Yes,104054978700370326906155745354721185880109184522695314102375055243626050877538,0.02,0.77,0.395,0.75,3.28,3.28,3.28,647.1,647.1,647.1,2,4,
2026-09-02 11:44:54,929750,3969329,Game 4: Both Teams Slay a Dragon?,prop,4,2026-09-02 15:00:00,195.1,No,3715405261079145801951444396868119579525782875643974934396903638783901001243,0.23,0.98,0.605,0.75,182.9,182.9,182.9,278.41,278.41,278.41,4,2,
2026-09-02 11:44:54,929750,3969330,Game 4: Both Teams Destroy Inhibitors?,prop,4,2026-09-02 15:00:00,195.1,Yes,76060125193854725260895220823075302333015594090592603646563775646539653768357,0.05,0.97,0.51,0.92,177.11,177.11,177.68,52.0,264.91,264.91,3,3,
2026-09-02 11:44:54,929750,3969330,Game 4: Both Teams Destroy Inhibitors?,prop,4,2026-09-02 15:00:00,195.1,No,79150070028109043735180253913131873428721400621041511709136157103505937660172,0.03,0.95,0.49,0.92,1.13,3.28,3.28,4245.01,4245.01,4301.8,3,3,
2026-09-02 11:44:54,929750,3969331,Game 4: Any Player Quadra Kill?,prop,4,2026-09-02 15:00:00,195.1,Yes,4832467301417658826820337312976629812940443139049798588151679877174904244154,0.04,0.99,0.515,0.95,176.0,176.3,176.3,19.8,19.8,19.8,3,1,
2026-09-02 11:44:54,929750,3969331,Game 4: Any Player Quadra Kill?,prop,4,2026-09-02 15:00:00,195.1,No,79599610709403291324961946892614917511106891919835066892534054488948247665667,0.01,0.96,0.485,0.95,0.2,0.2,0.2,4224.0,4243.7,4243.7,1,3,
2026-09-02 11:44:54,929750,3969332,Game 4: Any Player Penta Kill?,prop,4,2026-09-02 15:00:00,195.1,Yes,103881829443600186645616598178258533410757800033183401203193233141112068200109,0.01,0.99,0.5,0.98,176.2,176.2,176.2,19.8,19.8,19.8,1,1,
2026-09-02 11:44:54,929750,3969332,Game 4: Any Player Penta Kill?,prop,4,2026-09-02 15:00:00,195.1,No,17506123045611399943302962080344876725639154516622377812997254198845810260511,0.01,0.99,0.5,0.98,0.2,0.2,0.2,17443.8,17443.8,17443.8,1,1,
2026-09-02 11:44:54,929750,3969333,Game 4: Odd/Even Total Kills?,odd_even,4,2026-09-02 15:00:00,195.1,Odd,44167570349264131254529346137591196977451964281333803780664162868523359101642,0.49,0.51,0.5,0.02,7.76,7.76,292.37,8.07,8.07,8.07,11,11,
2026-09-02 11:44:54,929750,3969333,Game 4: Odd/Even Total Kills?,odd_even,4,2026-09-02 15:00:00,195.1,Even,4479521798295077740971577673310498030650442100638170670604579681404061919184,0.49,0.51,0.5,0.02,7.76,7.76,7.76,8.07,8.07,355.94,11,11,
2026-09-02 11:44:54,929750,3969334,Game 5: Both Teams Slay Baron Nashor?,prop,5,2026-09-02 15:00:00,195.1,Yes,27197324878462690668448134321558375593293574967587244341462627922401362090431,0.07,0.97,0.52,0.9,177.15,177.15,177.25,51.16,275.68,275.68,4,3,
2026-09-02 11:44:54,929750,3969334,Game 5: Both Teams Slay Baron Nashor?,prop,5,2026-09-02 15:00:00,195.1,No,43787815100561391074739471921859045128547267272732881012397532494068010849605,0.03,0.93,0.48,0.9,1.11,3.38,3.38,2772.61,2772.61,2777.51,3,4,
2026-09-02 11:44:54,929750,3969335,Game 5: Both Teams Slay a Dragon?,prop,5,2026-09-02 15:00:00,195.1,Yes,106301386821291136217483774583311709710629260764969124482184015697331856276533,0.02,0.74,0.38,0.72,3.28,3.28,3.28,11.94,61.02,685.02,2,7,
2026-09-02 11:44:54,929750,3969335,Game 5: Both Teams Slay a Dragon?,prop,5,2026-09-02 15:00:00,195.1,No,56664647404079680924034161868074974843533557571308753264852322546352760586601,0.26,0.98,0.62,0.72,4.06,18.98,194.98,281.43,281.43,281.43,7,2,
2026-09-02 11:44:54,929750,3969336,Game 5: Both Teams Destroy Inhibitors?,prop,5,2026-09-02 15:00:00,195.1,Yes,71182551208923075126645546448234699313274613607167134388282335118110357213714,0.05,0.97,0.51,0.92,177.1,177.1,177.68,51.99,274.82,274.82,3,3,
2026-09-02 11:44:54,929750,3969336,Game 5: Both Teams Destroy Inhibitors?,prop,5,2026-09-02 15:00:00,195.1,No,115769217230837912453845317778933573560879515450887976224396260632648170684051,0.03,0.95,0.49,0.92,1.13,3.38,3.38,4244.9,4244.9,4302.28,3,3,
2026-09-02 11:44:54,929750,3969337,Game 5: Any Player Quadra Kill?,prop,5,2026-09-02 15:00:00,195.1,Yes,93245613721690595230841615892226156938758578196557909872802666039671542653555,0.08,0.99,0.535,0.91,183.51,183.51,183.51,19.8,19.8,19.8,3,1,
2026-09-02 11:44:54,929750,3969337,Game 5: Any Player Quadra Kill?,prop,5,2026-09-02 15:00:00,195.1,No,54835819274807933706694434652547109475680608248393305553122027196094263922280,0.01,0.92,0.465,0.91,0.2,0.2,0.2,2424.65,2424.65,2424.65,1,3,
2026-09-02 11:44:54,929750,3969338,Game 5: Any Player Penta Kill?,prop,5,2026-09-02 15:00:00,195.1,Yes,27680160569107858866278475539924120233264595503723338667869232991708959127353,0.31,0.99,0.65,0.68,4.55,4.55,4.55,19.8,19.8,19.8,4,1,
2026-09-02 11:44:54,929750,3969338,Game 5: Any Player Penta Kill?,prop,5,2026-09-02 15:00:00,195.1,No,25391690188378247227103787662821055252318754473058723349886180110063437544818,0.01,0.69,0.35,0.68,0.2,0.2,0.2,10.45,10.45,10.45,1,4,
2026-09-02 11:44:54,929750,3969339,Game 5: Odd/Even Total Kills?,odd_even,5,2026-09-02 15:00:00,195.1,Odd,96779017250041067041822683668878552321569402491520487512068105555116184475294,0.49,0.51,0.5,0.02,7.76,7.76,7.76,8.07,8.07,8.07,12,11,
2026-09-02 11:44:54,929750,3969339,Game 5: Odd/Even Total Kills?,odd_even,5,2026-09-02 15:00:00,195.1,Even,15610303819978358244197948569803718663386711468933265189148052332245014253815,0.49,0.51,0.5,0.02,7.76,7.76,7.76,8.07,8.07,8.07,11,12,
2026-09-02 11:44:54,929750,4060774,Game Handicap: SU (-1.5) vs Bushido Wildcats (+1.5),handicap,,2026-09-02 15:00:00,195.1,SU Esports,58168506406652833974754409687514077377358132536371092636109813275069006873231,0.4,0.42,0.41,0.02,432.22,454.12,454.12,441.5,496.95,496.95,15,12,
2026-09-02 11:44:54,929750,4060774,Game Handicap: SU (-1.5) vs Bushido Wildcats (+1.5),handicap,,2026-09-02 15:00:00,195.1,Bushido Wildcats,69096139570196663469472613657461620983337690505033725775474541187201720972848,0.58,0.6,0.59,0.02,608.5,676.28,676.28,650.39,687.55,687.55,12,15,
2026-09-02 11:44:54,929750,4060775,Game Handicap: SU (-2.5) vs Bushido Wildcats (+2.5),handicap,,2026-09-02 15:00:00,195.1,SU Esports,12110225508835770293146651743864989875930346193322699714198285622433131451002,0.17,0.18,0.175,0.01,206.4,213.9,213.9,180.0,190.0,203.31,13,14,
2026-09-02 11:44:54,929750,4060775,Game Handicap: SU (-2.5) vs Bushido Wildcats (+2.5),handicap,,2026-09-02 15:00:00,195.1,Bushido Wildcats,31901422416261352791978753547351376843527821812378436024545698415535015567654,0.82,0.83,0.825,0.01,820.0,860.0,904.79,1021.1,1063.6,1063.6,14,13,
2026-09-02 11:44:54,929800,3969524,LoL: WLGaming Esports vs Team Phantasma - Game 1 Winner,map,1,2026-09-02 13:00:00,75.1,WLGaming Esports,105764914030255529233151045118155753929884354870322623086535014304280760194275,0.41,0.44,0.425,0.03,148.4,504.27,605.32,60.05,77.79,125.65,19,20,791.95983
2026-09-02 11:44:54,929800,3969524,LoL: WLGaming Esports vs Team Phantasma - Game 1 Winner,map,1,2026-09-02 13:00:00,75.1,Team Phantasma,13470891265778522620198471071947137650265706569873678220080476272114490811424,0.56,0.59,0.575,0.03,73.69,93.69,143.7,222.1,787.56,959.6,20,19,791.95983
2026-09-02 11:44:54,929800,3969525,LoL: WLGaming Esports vs Team Phantasma - Game 2 Winner,map,2,2026-09-02 13:00:00,75.1,WLGaming Esports,20549579797415826088984345456389136209691553653718637044889482089558705879788,0.42,0.44,0.43,0.02,200.28,502.88,502.88,4.4,113.14,274.91,27,30,7608.8646
2026-09-02 11:44:54,929800,3969525,LoL: WLGaming Esports vs Team Phantasma - Game 2 Winner,map,2,2026-09-02 13:00:00,75.1,Team Phantasma,53866295440369710260486668033381061042984372815736390790423995141089851502606,0.56,0.58,0.57,0.02,5.6,128.44,303.68,284.67,738.57,738.57,30,27,7608.8646
2026-09-02 11:44:54,929800,3969526,LoL: WLGaming Esports vs Team Phantasma - Game 3 Winner,map,3,2026-09-02 13:00:00,75.1,WLGaming Esports,108208065166893356485529559709642169182087281059947668062114487444588768147353,0.41,0.44,0.425,0.03,151.65,371.38,634.72,2.2,70.68,70.68,24,22,5858.647419999999
2026-09-02 11:44:54,929800,3969526,LoL: WLGaming Esports vs Team Phantasma - Game 3 Winner,map,3,2026-09-02 13:00:00,75.1,Team Phantasma,34153745867830835036477312719892078087544937297369541087078544017015761710860,0.56,0.59,0.575,0.03,2.8,83.18,83.18,226.59,571.53,1019.92,22,24,5858.647419999999
2026-09-02 11:44:54,929800,3969530,LoL: WLGaming Esports vs Team Phantasma - Game 4 Winner,map,4,2026-09-02 13:00:00,75.1,WLGaming Esports,55298515542414650336403718939215548395105002567842842403055228901433935622899,0.06,0.49,0.275,0.43,5.78,183.54,203.62,2272.47,2272.47,2272.47,5,6,
2026-09-02 11:44:54,929800,3969530,LoL: WLGaming Esports vs Team Phantasma - Game 4 Winner,map,4,2026-09-02 13:00:00,75.1,Team Phantasma,36384621202938716665017914355915734764781505520434086585800495224345745564302,0.51,0.94,0.725,0.43,2274.53,2274.53,2274.53,108.59,4374.83,6340.98,6,5,
2026-09-02 11:44:54,929800,3969531,LoL: WLGaming Esports vs Team Phantasma (BO5) - HLL Playoffs,series,,2026-09-02 13:00:00,75.1,WLGaming Esports,8818897408116091621883146884328540096911329986127876883159000500285758375384,0.36,0.37,0.365,0.01,288.2,981.84,1346.57,86.54,214.7,301.1,30,31,2529.0266329999995
2026-09-02 11:44:54,929800,3969531,LoL: WLGaming Esports vs Team Phantasma (BO5) - HLL Playoffs,series,,2026-09-02 13:00:00,75.1,Team Phantasma,57750597415545250527930697024470510221818127984964310078242152227472280726473,0.63,0.64,0.635,0.01,141.46,341.61,461.92,534.8,1894.62,2672.58,31,30,2529.0266329999995
2026-09-02 11:44:54,929800,3969532,Games Total: O/U 3.5,total_games,,2026-09-02 13:00:00,75.1,Over,93250225714590196396858393959849789968547549465909542374082836242828025659120,0.67,0.69,0.68,0.02,6.7,39.2,39.2,561.14,564.74,578.97,8,18,12
2026-09-02 11:44:54,929800,3969532,Games Total: O/U 3.5,total_games,,2026-09-02 13:00:00,75.1,Under,96438222581836202835058304217101960127936178913830447435699970875081968550987,0.31,0.33,0.32,0.02,244.86,246.26,251.26,3.3,20.8,20.8,18,8,12
2026-09-02 11:44:54,929800,3969535,Games Total: O/U 4.5,total_games,,2026-09-02 13:00:00,75.1,Over,34680593274389067705546293246851161733688869463834488180438027563379234529061,0.34,0.35,0.345,0.01,272.1,273.7,273.7,3.5,22.0,22.0,18,10,
2026-09-02 11:44:54,929800,3969535,Games Total: O/U 4.5,total_games,,2026-09-02 13:00:00,75.1,Under,17085947997113203708803144242394963807940464813098740496889888102761808585437,0.65,0.66,0.655,0.01,6.5,38.0,38.0,542.9,546.3,546.3,10,18,
2026-09-02 11:44:54,929800,3969537,Game 1: Both Teams Slay Baron Nashor?,prop,1,2026-09-02 13:00:00,75.1,Yes,37500792168149451660543394666564370909290142094323899044361395287855870680333,0.06,0.49,0.275,0.43,176.6,176.6,177.78,193.15,193.15,193.15,3,3,
2026-09-02 11:44:54,929800,3969537,Game 1: Both Teams Slay Baron Nashor?,prop,1,2026-09-02 13:00:00,75.1,No,69925634327370880204679580877152252982696801475387075976049084669540942064980,0.51,0.94,0.725,0.43,193.85,193.85,193.85,2766.73,2766.73,2878.37,3,3,
2026-09-02 11:44:54,929800,3969538,Game 1: Both Teams Slay a Dragon?,prop,1,2026-09-02 13:00:00,75.1,Yes,105514644162890263353843778405663690265007929571644404315880677268738016152918,0.5,0.77,0.635,0.27,176.0,176.0,176.0,616.16,616.16,616.16,3,3,
2026-09-02 11:44:54,929800,3969538,Game 1: Both Teams Slay a Dragon?,prop,1,2026-09-02 13:00:00,75.1,No,52897422218273639591762118087979941948824722461231778858848716888042864754951,0.23,0.5,0.365,0.27,184.05,184.05,184.05,176.0,176.0,176.0,3,3,
2026-09-02 11:44:54,929800,3969540,Game 1: Both Teams Destroy Inhibitors?,prop,1,2026-09-02 13:00:00,75.1,Yes,87858579846066815316962214821162769022632163415266033762873122095666756780549,0.06,0.49,0.275,0.43,0.88,176.88,177.68,193.15,193.15,193.15,5,4,
2026-09-02 11:44:54,929800,3969540,Game 1: Both Teams Destroy Inhibitors?,prop,1,2026-09-02 13:00:00,75.1,No,18442838014128757398212850037594557808782358156936232889413001025525996102313,0.51,0.94,0.725,0.43,193.85,193.85,193.85,15.44,4239.44,4311.34,4,5,
2026-09-02 11:44:54,929800,3969543,Game 1: Any Player Quadra Kill?,prop,1,2026-09-02 13:00:00,75.1,Yes,66305792442065929203317009690416226341957664197628933038976372853240785184915,0.04,0.49,0.265,0.45,176.0,176.2,176.2,193.15,193.15,193.15,2,3,
2026-09-02 11:44:54,929800,3969543,Game 1: Any Player Quadra Kill?,prop,1,2026-09-02 13:00:00,75.1,No,83665164367194780272207082506120295477117577409974710681793947693879040320181,0.51,0.96,0.735,0.45,193.85,193.85,193.85,4224.0,4243.8,4243.8,3,2,
2026-09-02 11:44:54,929800,3969548,Game 1: Any Player Penta Kill?,prop,1,2026-09-02 13:00:00,75.1,Yes,91267675425852538608908783562454067131440385851853057331997687108028366391638,0.01,0.2,0.105,0.19,176.2,176.2,176.2,1.0,1.0,1.0,1,6,
2026-09-02 11:44:54,929800,3969548,Game 1: Any Player Penta Kill?,prop,1,2026-09-02 13:00:00,75.1,No,99929235182165114085447029715311940042090373164977301024981688128444382379672,0.8,0.99,0.895,0.19,4.0,4.0,4.0,17443.8,17443.8,17443.8,6,1,
2026-09-02 11:44:54,929800,3969551,Game 1: Odd/Even Total Kills?,odd_even,1,2026-09-02 13:00:00,75.1,Odd,60092152476330349332772229346727668061591354937782244036748757673166851567826,0.49,0.51,0.5,0.02,7.76,7.76,7.76,13.17,13.17,361.04,8,4,
2026-09-02 11:44:54,929800,3969551,Game 1: Odd/Even Total Kills?,odd_even,1,2026-09-02 13:00:00,75.1,Even,101347593224766411136705615015309284486121676617715199244498251010717266770564,0.49,0.51,0.5,0.02,12.66,12.66,297.27,8.07,8.07,8.07,4,8,
2026-09-02 11:44:54,929800,3969555,Game 2: Both Teams Slay Baron Nashor?,prop,2,2026-09-02 13:00:00,75.1,Yes,87538218579882448722104356200297806216345849512061277731697662695400408488938,0.06,0.49,0.275,0.43,176.6,176.6,177.78,193.15,193.15,193.15,3,3,
2026-09-02 11:44:54,929800,3969555,Game 2: Both Teams Slay Baron Nashor?,prop,2,2026-09-02 13:00:00,75.1,No,55011881637485886053760547088060556056642610148478570909783110949046155150622,0.51,0.94,0.725,0.43,193.85,193.85,193.85,2766.73,2766.73,2878.44,3,3,
2026-09-02 11:44:54,929800,3969558,Game 2: Both Teams Slay a Dragon?,prop,2,2026-09-02 13:00:00,75.1,Yes,60903007170150152854802399460854342228323725607856672926780314912356466705635,0.5,0.76,0.63,0.26,176.0,176.0,176.0,615.81,615.81,615.81,3,4,
2026-09-02 11:44:54,929800,3969558,Game 2: Both Teams Slay a Dragon?,prop,2,2026-09-02 13:00:00,75.1,No,43594563945451768596577528222313610966554796160413583950216800428816112090304,0.24,0.5,0.37,0.26,184.4,184.4,184.4,176.0,176.0,176.0,4,3,
2026-09-02 11:44:54,929800,3969562,Game 2: Both Teams Destroy Inhibitors?,prop,2,2026-09-02 13:00:00,75.1,Yes,3702501617386104361944265118009262777789413059044464467837835634474327405470,0.06,0.49,0.275,0.43,0.87,176.87,177.6,193.15,193.15,193.15,5,3,
2026-09-02 11:44:54,929800,3969562,Game 2: Both Teams Destroy Inhibitors?,prop,2,2026-09-02 13:00:00,75.1,No,2961277665624008905398798820215806288632886819976178894917113263652499991511,0.51,0.94,0.725,0.43,193.85,193.85,193.85,15.28,4239.28,4302.81,3,5,
2026-09-02 11:44:54,929800,3969563,Game 2: Any Player Quadra Kill?,prop,2,2026-09-02 13:00:00,75.1,Yes,36631391829133526257806157973110704624043723827425946320236484803407510340591,0.04,0.49,0.265,0.45,176.0,176.2,176.2,193.15,193.15,193.15,2,3,
2026-09-02 11:44:54,929800,3969563,Game 2: Any Player Quadra Kill?,prop,2,2026-09-02 13:00:00,75.1,No,19785211005655573745213178327963872758997174622318094409652914119107857689259,0.51,0.96,0.735,0.45,193.85,193.85,193.85,4224.0,4243.8,4243.8,3,2,
2026-09-02 11:44:54,929800,3969564,Game 2: Any Player Penta Kill?,prop,2,2026-09-02 13:00:00,75.1,Yes,45413728559309217927878311743871202805026229721095464839949184917273206929907,0.01,0.49,0.25,0.48,176.2,176.2,176.2,193.15,261.51,261.51,1,5,
2026-09-02 11:44:54,929800,3969564,Game 2: Any Player Penta Kill?,prop,2,2026-09-02 13:00:00,75.1,No,69932345386594594623236066835059889495435846983288561095735272276762314019780,0.51,0.99,0.75,0.48,193.85,259.52,259.52,17443.8,17443.8,17443.8,5,1,
2026-09-02 11:44:54,929800,3969565,Game 2: Odd/Even Total Kills?,odd_even,2,2026-09-02 13:00:00,75.1,Odd,25463061324528119465136060411738780177378306762760262611415631812631743906805,0.49,0.51,0.5,0.02,7.76,7.76,7.76,13.17,13.17,361.04,6,5,
2026-09-02 11:44:54,929800,3969565,Game 2: Odd/Even Total Kills?,odd_even,2,2026-09-02 13:00:00,75.1,Even,21756610181416111986197841031224545103003091325895620875224678781271044702090,0.49,0.51,0.5,0.02,12.66,12.66,297.27,8.07,8.07,8.07,5,6,
2026-09-02 11:44:54,929800,3969566,Game 3: Both Teams Slay Baron Nashor?,prop,3,2026-09-02 13:00:00,75.1,Yes,33310896788194736886491744058851062529414270603493614279574610826649870959980,0.06,0.49,0.275,0.43,176.6,176.6,177.78,193.15,193.15,193.15,3,4,
2026-09-02 11:44:54,929800,3969566,Game 3: Both Teams Slay Baron Nashor?,prop,3,2026-09-02 13:00:00,75.1,No,67976796219638092017479590010952106765948189901185029031295536325750268634702,0.51,0.94,0.725,0.43,193.85,193.85,193.85,2766.73,2766.73,2878.41,4,3,
2026-09-02 11:44:54,929800,3969569,Game 3: Both Teams Slay a Dragon?,prop,3,2026-09-02 13:00:00,75.1,Yes,105434419809451506711222478498682538406421185506871328943779049074580976529466,0.5,0.77,0.635,0.27,176.0,176.0,176.0,620.01,620.01,620.01,3,3,
2026-09-02 11:44:54,929800,3969569,Game 3: Both Teams Slay a Dragon?,prop,3,2026-09-02 13:00:00,75.1,No,33797114958650758041436706645080757279244365078783435293242312867773569461259,0.23,0.5,0.365,0.27,185.2,185.2,185.2,176.0,176.0,176.0,3,3,
2026-09-02 11:44:54,929800,3969571,Game 3: Both Teams Destroy Inhibitors?,prop,3,2026-09-02 13:00:00,75.1,Yes,36739722780361018669356653057241170947402161332839880331995906238597523159239,0.06,0.49,0.275,0.43,0.88,176.88,177.68,193.15,193.15,193.15,5,4,
2026-09-02 11:44:54,929800,3969571,Game 3: Both Teams Destroy Inhibitors?,prop,3,2026-09-02 13:00:00,75.1,No,71606451074054956422560086873742926476149037955313300662542501981489078606661,0.51,0.94,0.725,0.43,193.85,193.85,193.85,15.43,4239.43,4308.51,4,5,
2026-09-02 11:44:54,929800,3969572,Game 3: Any Player Quadra Kill?,prop,3,2026-09-02 13:00:00,75.1,Yes,91429379634924843159394175928963618621319929463870522603383829114515417218406,0.04,0.49,0.265,0.45,176.0,176.2,176.2,193.15,193.15,193.15,2,3,
2026-09-02 11:44:54,929800,3969572,Game 3: Any Player Quadra Kill?,prop,3,2026-09-02 13:00:00,75.1,No,23049258868196876094390077868542671365131158621256562031696458582973765397717,0.51,0.96,0.735,0.45,193.85,193.85,193.85,4224.0,4243.8,4243.8,3,2,
2026-09-02 11:44:54,929800,3969573,Game 3: Any Player Penta Kill?,prop,3,2026-09-02 13:00:00,75.1,Yes,1586010037570475966570112315020486500004041945939587468877706475779729533609,0.01,0.49,0.25,0.48,176.2,176.2,176.2,193.15,261.51,261.51,1,5,
2026-09-02 11:44:54,929800,3969573,Game 3: Any Player Penta Kill?,prop,3,2026-09-02 13:00:00,75.1,No,58167126367390471284755053133468111706945782302770811096329362991686026683569,0.51,0.99,0.75,0.48,193.85,259.52,259.52,17443.8,17443.8,17443.8,5,1,
2026-09-02 11:44:54,929800,3969576,Game 3: Odd/Even Total Kills?,odd_even,3,2026-09-02 13:00:00,75.1,Odd,11642876271564815239506733700561606273237887961986847814994486637267689966631,0.49,0.51,0.5,0.02,7.76,7.76,7.76,13.17,13.17,361.04,6,4,
2026-09-02 11:44:54,929800,3969576,Game 3: Odd/Even Total Kills?,odd_even,3,2026-09-02 13:00:00,75.1,Even,90614360785648837055962161873340072660180486964131912187566844522974873270995,0.49,0.51,0.5,0.02,12.66,12.66,297.27,8.07,8.07,8.07,4,6,
2026-09-02 11:44:54,929800,3969578,Game 4: Both Teams Slay Baron Nashor?,prop,4,2026-09-02 13:00:00,75.1,Yes,1880392032610453144686988046417446335545651974422738340160360647608388953384,0.07,0.99,0.53,0.92,177.07,177.07,177.17,93.82,93.82,93.82,4,1,
2026-09-02 11:44:54,929800,3969578,Game 4: Both Teams Slay Baron Nashor?,prop,4,2026-09-02 13:00:00,75.1,No,14362540013213024089519573653742908043849999189120488721814014025822748718277,0.01,0.93,0.47,0.92,0.95,0.95,0.95,2772.93,2772.93,2777.98,1,4,
2026-09-02 11:44:54,929800,3969579,Game 4: Both Teams Slay a Dragon?,prop,4,2026-09-02 13:00:00,75.1,Yes,81408768791968690577251350310133242207165719261859381051312279483112353673222,0.02,0.76,0.39,0.74,1.13,1.13,1.13,612.01,612.01,612.01,2,4,
2026-09-02 11:44:54,929800,3969579,Game 4: Both Teams Slay a Dragon?,prop,4,2026-09-02 13:00:00,75.1,No,7054265406572550815235641475664773574711889869924128284672026828047160668316,0.24,0.98,0.61,0.74,183.2,183.2,183.2,101.54,101.54,101.54,4,2,
2026-09-02 11:44:54,929800,3969580,Game 4: Both Teams Destroy Inhibitors?,prop,4,2026-09-02 13:00:00,75.1,Yes,33519346993934168036171414810787416539899624729492892307800504678267200686081,0.05,0.98,0.515,0.93,177.15,177.15,177.58,116.68,116.68,116.68,3,2,
2026-09-02 11:44:54,929800,3969580,Game 4: Both Teams Destroy Inhibitors?,prop,4,2026-09-02 13:00:00,75.1,No,72979627990732843055619379828592652621084574438644344131898743963387608028275,0.02,0.95,0.485,0.93,1.38,1.38,1.38,4245.92,4245.92,4288.52,2,3,
2026-09-02 11:44:54,929800,3969584,Game 4: Any Player Quadra Kill?,prop,4,2026-09-02 13:00:00,75.1,Yes,39706028228522007352409137430051557703658743329753719735392969596383541069279,0.04,0.99,0.515,0.95,176.0,176.2,176.2,19.8,19.8,19.8,2,1,
2026-09-02 11:44:54,929800,3969584,Game 4: Any Player Quadra Kill?,prop,4,2026-09-02 13:00:00,75.1,No,27317235971513868153786544035301727412620771291811485781232838845571775877324,0.01,0.96,0.485,0.95,0.2,0.2,0.2,4224.0,4243.8,4243.8,1,2,
2026-09-02 11:44:54,929800,3969585,Game 4: Any Player Penta Kill?,prop,4,2026-09-02 13:00:00,75.1,Yes,31888336596356065174119424571818778173605781017750432190716664837050169008409,0.01,0.99,0.5,0.98,176.2,176.2,176.2,19.8,19.8,19.8,1,1,
2026-09-02 11:44:54,929800,3969585,Game 4: Any Player Penta Kill?,prop,4,2026-09-02 13:00:00,75.1,No,45654077636228172609366755403228719913389241351990314513054867350861660821626,0.01,0.99,0.5,0.98,0.2,0.2,0.2,17443.8,17443.8,17443.8,1,1,
2026-09-02 11:44:54,929800,3969586,Game 4: Odd/Even Total Kills?,odd_even,4,2026-09-02 13:00:00,75.1,Odd,43140393396065906603563075823627612382165195993788967616470838406745097574996,0.49,0.51,0.5,0.02,7.76,7.76,7.76,13.17,13.17,361.04,8,6,
2026-09-02 11:44:54,929800,3969586,Game 4: Odd/Even Total Kills?,odd_even,4,2026-09-02 13:00:00,75.1,Even,101234148250489329951594013251978918035066182824635920210698441674089203447039,0.49,0.51,0.5,0.02,12.66,12.66,297.27,8.07,8.07,8.07,6,8,
2026-09-02 11:44:54,929800,3969589,Game 5: Both Teams Slay Baron Nashor?,prop,5,2026-09-02 13:00:00,75.1,Yes,25440080327824362441633754940444010387500862209930201626287459958988329379400,0.07,0.97,0.52,0.9,177.09,177.09,177.2,22.0,107.5,107.5,4,3,
2026-09-02 11:44:54,929800,3969589,Game 5: Both Teams Slay Baron Nashor?,prop,5,2026-09-02 13:00:00,75.1,No,55699409053011541062132458105579946888494654911170433025303655818871452548136,0.03,0.93,0.48,0.9,0.52,1.38,1.38,2773.27,2773.27,2778.58,3,4,
2026-09-02 11:44:54,929800,3969592,Game 5: Both Teams Slay a Dragon?,prop,5,2026-09-02 13:00:00,75.1,Yes,16671019712795423209738727390569005572385414966726194398054380256962238712469,0.02,0.76,0.39,0.74,1.13,1.13,1.13,615.81,615.81,615.81,2,3,
2026-09-02 11:44:54,929800,3969592,Game 5: Both Teams Slay a Dragon?,prop,5,2026-09-02 13:00:00,75.1,No,40689239025439255399679885614289097132893815103048424601165895485133214846332,0.24,0.98,0.61,0.74,184.4,184.4,184.4,101.54,101.54,101.54,3,2,
2026-09-02 11:44:54,929800,3969596,Game 5: Both Teams Destroy Inhibitors?,prop,5,2026-09-02 13:00:00,75.1,Yes,52970912564956350014516695721849538045007671570234961942126562401576049226917,0.05,0.97,0.51,0.92,177.15,177.15,177.68,16.26,113.3,113.3,3,3,
2026-09-02 11:44:54,929800,3969596,Game 5: Both Teams Destroy Inhibitors?,prop,5,2026-09-02 13:00:00,75.1,No,32562797082345541754805683912639584791411795327107397039017571619235619487696,0.03,0.95,0.49,0.92,0.4,1.38,1.38,4245.93,4245.93,4298.0,3,3,
2026-09-02 11:44:54,929800,3969600,Game 5: Any Player Quadra Kill?,prop,5,2026-09-02 13:00:00,75.1,Yes,89406618510026715279411319062659136351444722523004867465459265363739946553451,0.04,0.99,0.515,0.95,176.0,176.2,176.2,19.8,19.8,19.8,2,1,
2026-09-02 11:44:54,929800,3969600,Game 5: Any Player Quadra Kill?,prop,5,2026-09-02 13:00:00,75.1,No,40201625697540182268233859505325306368645632639226255409518310322899809407363,0.01,0.96,0.485,0.95,0.2,0.2,0.2,4224.0,4243.8,4243.8,1,2,
2026-09-02 11:44:54,929800,3969603,Game 5: Any Player Penta Kill?,prop,5,2026-09-02 13:00:00,75.1,Yes,97484358486393486749088594433006002573219377095018076334810850327602150221836,0.01,0.99,0.5,0.98,176.2,176.2,176.2,19.8,19.8,19.8,1,1,
2026-09-02 11:44:54,929800,3969603,Game 5: Any Player Penta Kill?,prop,5,2026-09-02 13:00:00,75.1,No,94431647263200112783972369762022853090239606670742481251716537560901948638245,0.01,0.99,0.5,0.98,0.2,0.2,0.2,17443.8,17443.8,17443.8,1,1,
2026-09-02 11:44:54,929800,3969606,Game 5: Odd/Even Total Kills?,odd_even,5,2026-09-02 13:00:00,75.1,Odd,53077074963024871543440577543931159518820725148683838244987632365759563287123,0.49,0.51,0.5,0.02,7.76,7.76,7.76,13.17,13.17,361.04,7,5,
2026-09-02 11:44:54,929800,3969606,Game 5: Odd/Even Total Kills?,odd_even,5,2026-09-02 13:00:00,75.1,Even,24525030925164104618645967968154890146246316230548558655079047408871083499254,0.49,0.51,0.5,0.02,12.66,12.66,297.27,8.07,8.07,8.07,5,7,
2026-09-02 11:44:54,948490,4063626,LoL: NightBirds vs Bohemian Guardians - Game 1 Winner,map,1,2026-09-02 14:00:00,135.1,NightBirds,97836654616785467909043119407154654656254233900476173101759148790564238663163,0.95,0.989,0.9695,0.039,1051.52,1056.17,1147.17,1617.82,1617.82,1617.82,10,3,215
2026-09-02 11:44:54,948490,4063626,LoL: NightBirds vs Bohemian Guardians - Game 1 Winner,map,1,2026-09-02 14:00:00,135.1,Bohemian Guardians,74235202240068146253827600246855301035732211757651883998375811031273609449993,0.011,0.05,0.0305,0.039,15.83,15.83,15.83,55.34,55.69,64.69,3,10,215
2026-09-02 11:44:54,948490,4063627,LoL: NightBirds vs Bohemian Guardians - Game 2 Winner,map,2,2026-09-02 14:00:00,135.1,NightBirds,99422944403236570812360919552296167936966741347458918151064337648964446782284,0.951,0.96,0.9555,0.009,306.85,311.55,691.83,101.27,891.83,973.36,40,8,2232.81
2026-09-02 11:44:54,948490,4063627,LoL: NightBirds vs Bohemian Guardians - Game 2 Winner,map,2,2026-09-02 14:00:00,135.1,Bohemian Guardians,32368162727234980198050557174389586661065577760926225083024423253921905726400,0.04,0.049,0.0445,0.009,4.11,17.78,17.86,16.14,16.45,50.71,8,40,2232.81
2026-09-02 11:44:54,948490,4063628,LoL: NightBirds vs Bohemian Guardians (BO3) - Hitpoint Masters Regular Season,series,,2026-09-02 14:00:00,135.1,NightBirds,30895334223723346523638916009325232856151610424485102543487403000425315630592,0.95,0.981,0.9655,0.031,9.45,433.77,457.03,2661.15,2745.85,2745.85,39,6,1928.3926860000001
2026-09-02 11:44:54,948490,4063628,LoL: NightBirds vs Bohemian Guardians (BO3) - Hitpoint Masters Regular Season,series,,2026-09-02 14:00:00,135.1,Bohemian Guardians,20555346431567603405368730702282489462115240530236076300416792004352893532113,0.019,0.05,0.0345,0.031,35.07,35.51,35.51,0.55,30.84,33.1,6,39,1928.3926860000001
2026-09-02 11:44:54,948490,4063629,Games Total: O/U 2.5,total_games,,2026-09-02 14:00:00,135.1,Over,42683997916254988075573300142108672707314671463194107700193977013180500078568,0.04,0.07,0.055,0.03,0.69,9.03,9.03,7.53,11.39,11.39,4,12,52.370000000000005
2026-09-02 11:44:54,948490,4063629,Games Total: O/U 2.5,total_games,,2026-09-02 14:00:00,135.1,Under,69787945537873900442987295596084632733897791012385132626914198092741855722071,0.93,0.96,0.945,0.03,100.1,139.09,139.09,20.61,634.5,634.5,12,4,52.370000000000005
2026-09-02 11:44:54,948490,4063630,Game 1: Both Teams Slay Baron Nashor?,prop,1,2026-09-02 14:00:00,135.1,Yes,70474898349391143150049738547729721436686725807982573138831702889158964537995,0.03,0.47,0.25,0.44,176.71,177.06,177.06,2.35,200.4,200.4,3,10,
2026-09-02 11:44:54,948490,4063630,Game 1: Both Teams Slay Baron Nashor?,prop,1,2026-09-02 14:00:00,135.1,No,17178084845899111234266516283548633357537623333514039251553684618761797002089,0.53,0.97,0.75,0.44,2.65,201.6,201.6,8649.53,8683.86,8683.86,10,3,
2026-09-02 11:44:54,948490,4063631,Game 1: Both Teams Slay a Dragon?,prop,1,2026-09-02 14:00:00,135.1,Yes,94701229203587003603754660054164215258266918243152848563432402756032391948969,0.49,0.73,0.61,0.24,176.0,176.0,176.0,58.9,569.23,569.23,9,4,
2026-09-02 11:44:54,948490,4063631,Game 1: Both Teams Slay a Dragon?,prop,1,2026-09-02 14:00:00,135.1,No,33821834534843368616263458934747044935936666129851690355497197847175897384440,0.27,0.51,0.39,0.24,21.1,191.21,191.21,183.18,183.18,183.18,4,9,
2026-09-02 11:44:54,948490,4063632,Game 1: Both Teams Destroy Inhibitors?,prop,1,2026-09-02 14:00:00,135.1,Yes,114935455453518004258152460326484089055023680115648830755041330352257869542395,0.02,0.48,0.25,0.46,177.06,177.06,177.06,36.45,212.45,212.45,2,10,
2026-09-02 11:44:54,948490,4063632,Game 1: Both Teams Destroy Inhibitors?,prop,1,2026-09-02 14:00:00,135.1,No,60452275655097792142036894322155961811916963078770287028187827774020001667925,0.52,0.98,0.75,0.46,38.55,214.55,214.55,17492.91,17492.91,17492.91,10,2,
2026-09-02 11:44:54,948490,4063633,Game 1: Any Player Quadra Kill?,prop,1,2026-09-02 14:00:00,135.1,Yes,4925843584822075616383454552537188293935051378741142379047804350986788059668,0.04,0.47,0.255,0.43,176.0,176.1,176.1,2.35,200.4,200.4,2,10,
2026-09-02 11:44:54,948490,4063633,Game 1: Any Player Quadra Kill?,prop,1,2026-09-02 14:00:00,135.1,No,109657960006796413311857933877911633171588006992737287020943244303630598978288,0.53,0.96,0.745,0.43,2.65,201.6,201.6,4224.0,4233.9,4233.9,10,2,
2026-09-02 11:44:54,948490,4063634,Game 1: Any Player Penta Kill?,prop,1,2026-09-02 14:00:00,135.1,Yes,60416872000166110181462057159094112132620885130836607095733325852648767777225,0.01,0.49,0.25,0.48,176.1,176.1,176.1,190.7,190.7,190.7,1,9,
2026-09-02 11:44:54,948490,4063634,Game 1: Any Player Penta Kill?,prop,1,2026-09-02 14:00:00,135.1,No,102840342558468058823619720645299442337818820832021114213730482315679750664325,0.51,0.99,0.75,0.48,191.3,191.3,191.3,17433.9,17433.9,17433.9,9,1,
2026-09-02 11:44:54,948490,4063635,Game 1: Odd/Even Total Kills?,odd_even,1,2026-09-02 14:00:00,135.1,Odd,91532939355545262951731211044438013416844370747099547202790080726778515654778,0.49,0.51,0.5,0.02,7.76,7.76,7.76,8.07,8.07,8.07,13,15,
2026-09-02 11:44:54,948490,4063635,Game 1: Odd/Even Total Kills?,odd_even,1,2026-09-02 14:00:00,135.1,Even,57280300459994213232585482031886455809534336514809086941810465095870352021387,0.49,0.51,0.5,0.02,7.76,7.76,7.76,8.07,8.07,8.07,15,13,
2026-09-02 11:44:54,948490,4063636,Game 2: Both Teams Slay Baron Nashor?,prop,2,2026-09-02 14:00:00,135.1,Yes,17559460883654624718702768684190834926623609673803056759564489237294956743857,0.03,0.47,0.25,0.44,176.63,177.06,177.06,2.35,200.4,200.4,3,11,
2026-09-02 11:44:54,948490,4063636,Game 2: Both Teams Slay Baron Nashor?,prop,2,2026-09-02 14:00:00,135.1,No,745175015442576313176307234650597305898353786115730362775254083026237072959,0.53,0.97,0.75,0.44,2.65,201.6,201.6,8644.44,8686.78,8686.78,11,3,
2026-09-02 11:44:54,948490,4063637,Game 2: Both Teams Slay a Dragon?,prop,2,2026-09-02 14:00:00,135.1,Yes,29821531775559253589957218463153282222486187789540844700002829311736797756402,0.49,0.73,0.61,0.24,176.0,176.0,176.0,58.89,569.22,569.22,8,5,
2026-09-02 11:44:54,948490,4063637,Game 2: Both Teams Slay a Dragon?,prop,2,2026-09-02 14:00:00,135.1,No,24816386209741280693583374227115737341984124550111617035503641620259263169570,0.27,0.51,0.39,0.24,21.11,191.22,191.22,183.18,183.18,183.18,5,8,
2026-09-02 11:44:54,948490,4063638,Game 2: Both Teams Destroy Inhibitors?,prop,2,2026-09-02 14:00:00,135.1,Yes,35588900126150552878211384405635267475400010570723026930239346645861325596320,0.02,0.48,0.25,0.46,177.06,177.06,177.06,36.45,212.45,212.45,2,10,
2026-09-02 11:44:54,948490,4063638,Game 2: Both Teams Destroy Inhibitors?,prop,2,2026-09-02 14:00:00,135.1,No,37784940249809334256160939478612780884151561981971289340851862515958399630712,0.52,0.98,0.75,0.46,38.55,214.55,214.55,17490.86,17490.86,17490.86,10,2,
2026-09-02 11:44:54,948490,4063639,Game 2: Any Player Quadra Kill?,prop,2,2026-09-02 14:00:00,135.1,Yes,64135711075786431323259111367603669341635742423341012490141877325492898110933,0.04,0.48,0.26,0.44,176.0,176.1,176.1,36.45,212.45,212.45,2,10,
2026-09-02 11:44:54,948490,4063639,Game 2: Any Player Quadra Kill?,prop,2,2026-09-02 14:00:00,135.1,No,10730309485907392578858865858623201220964135740704875056967559001520882723910,0.52,0.96,0.74,0.44,38.55,214.55,214.55,4224.0,4233.9,4233.9,10,2,
2026-09-02 11:44:54,948490,4063640,Game 2: Any Player Penta Kill?,prop,2,2026-09-02 14:00:00,135.1,Yes,82173241003031942528853929654486351587680848985007757333898999674390590480648,0.01,0.49,0.25,0.48,176.1,176.1,176.1,214.26,214.26,214.26,1,9,
2026-09-02 11:44:54,948490,4063640,Game 2: Any Player Penta Kill?,prop,2,2026-09-02 14:00:00,135.1,No,100657111663390882999913800340753785096952244859362623899802583439901939078318,0.51,0.99,0.75,0.48,214.76,214.76,214.76,17433.9,17433.9,17433.9,9,1,
2026-09-02 11:44:54,948490,4063641,Game 2: Odd/Even Total Kills?,odd_even,2,2026-09-02 14:00:00,135.1,Odd,59643176034665420562569175018983503819403252836074117144279053958977001807243,0.49,0.51,0.5,0.02,7.76,7.76,7.76,8.07,8.07,8.07,12,12,
2026-09-02 11:44:54,948490,4063641,Game 2: Odd/Even Total Kills?,odd_even,2,2026-09-02 14:00:00,135.1,Even,73796214150382423002451295405439767761556788874837830595384855874494990033841,0.49,0.51,0.5,0.02,7.76,7.76,7.76,8.07,8.07,8.07,12,12,
2026-09-02 11:44:54,948490,4063642,Game 3: Both Teams Slay Baron Nashor?,prop,3,2026-09-02 14:00:00,135.1,Yes,88114315637508409110957767332311765179175865671083883005241425902477664572955,0.03,0.98,0.505,0.95,176.78,177.06,177.06,259.91,259.91,259.91,3,2,
2026-09-02 11:44:54,948490,4063642,Game 3: Both Teams Slay Baron Nashor?,prop,3,2026-09-02 14:00:00,135.1,No,34705158512999195315410556761610474254548534272785460776192584583626269138976,0.02,0.97,0.495,0.95,3.06,3.06,3.06,8651.06,8678.82,8678.82,2,3,
2026-09-02 11:44:54,948490,4063643,Game 3: Both Teams Slay a Dragon?,prop,3,2026-09-02 14:00:00,135.1,Yes,97759276234272266515685071483398509136446111900198874437583399647610280409472,0.49,0.72,0.605,0.23,176.0,176.0,176.0,12.3,555.19,555.19,8,6,
2026-09-02 11:44:54,948490,4063643,Game 3: Both Teams Slay a Dragon?,prop,3,2026-09-02 14:00:00,135.1,No,100230082031143020355009937591250825685714537429331660564271034569876684287992,0.28,0.51,0.395,0.23,4.7,186.25,186.25,183.18,183.18,183.18,6,8,
2026-09-02 11:44:54,948490,4063644,Game 3: Both Teams Destroy Inhibitors?,prop,3,2026-09-02 14:00:00,135.1,Yes,33878830872863980634589075214612627282465720930277453655171806585451997947914,0.02,0.98,0.5,0.96,177.06,177.06,177.06,262.4,262.4,262.4,2,2,
2026-09-02 11:44:54,948490,4063644,Game 3: Both Teams Destroy Inhibitors?,prop,3,2026-09-02 14:00:00,135.1,No,51740356454735551255104652221384477903051457189009487409389888306913611778098,0.02,0.98,0.5,0.96,3.06,3.06,3.06,17489.44,17489.44,17489.44,2,2,
2026-09-02 11:44:54,948490,4063645,Game 3: Any Player Quadra Kill?,prop,3,2026-09-02 14:00:00,135.1,Yes,49610635939131281481768859345782469683899515535385147492795757403297929654034,0.04,0.99,0.515,0.95,176.0,176.1,176.1,9.9,9.9,9.9,2,1,
2026-09-02 11:44:54,948490,4063645,Game 3: Any Player Quadra Kill?,prop,3,2026-09-02 14:00:00,135.1,No,41707149238898616709000771541976484960660993175601566548303265630470408571063,0.01,0.96,0.485,0.95,0.1,0.1,0.1,4224.0,4233.9,4233.9,1,2,
2026-09-02 11:44:54,948490,4063646,Game 3: Any Player Penta Kill?,prop,3,2026-09-02 14:00:00,135.1,Yes,35101037769724914177503626912326829644783907468100584013725200446414658644276,0.01,0.99,0.5,0.98,176.1,176.1,176.1,9.9,9.9,9.9,1,1,
2026-09-02 11:44:54,948490,4063646,Game 3: Any Player Penta Kill?,prop,3,2026-09-02 14:00:00,135.1,No,110441571980795351901680758135783380201272622445386373401825364419146286167355,0.01,0.99,0.5,0.98,0.1,0.1,0.1,17433.9,17433.9,17433.9,1,1,
2026-09-02 11:44:54,948490,4063647,Game 3: Odd/Even Total Kills?,odd_even,3,2026-09-02 14:00:00,135.1,Odd,18975077378780682009177637594274070295328275609759585352555807697895671961277,0.49,0.51,0.5,0.02,7.76,7.76,7.76,8.07,8.07,8.07,13,12,
2026-09-02 11:44:54,948490,4063647,Game 3: Odd/Even Total Kills?,odd_even,3,2026-09-02 14:00:00,135.1,Even,57644026394563273925241035012345620029476234660604213978403936479913176417956,0.49,0.51,0.5,0.02,7.76,7.76,7.76,8.07,8.07,8.07,12,13,
2026-09-02 11:44:54,949795,4070710,LoL: ⁠Movistar KOI Fénix vs UCAM Esports Club - Game 1 Winner,map,1,2026-09-02 15:00:00,195.1,⁠Movistar KOI Fénix,11072668476505730583301850094732819725767091228276133308917416856952946878916,0.56,0.57,0.565,0.01,579.6,871.5,1043.98,6748.6,10618.1,11154.2,17,22,
2026-09-02 11:44:54,949795,4070710,LoL: ⁠Movistar KOI Fénix vs UCAM Esports Club - Game 1 Winner,map,1,2026-09-02 15:00:00,195.1,UCAM Esports Club,72677599177449265954148859501528143063323693873444804661682416143268068588156,0.43,0.44,0.435,0.01,5081.4,7661.9,7990.8,455.4,711.67,873.68,22,17,
2026-09-02 11:44:54,949795,4070711,LoL: ⁠Movistar KOI Fénix vs UCAM Esports Club - Game 2 Winner,map,2,2026-09-02 15:00:00,195.1,⁠Movistar KOI Fénix,40527155153480004152138467291892788399604417697425823600985533569468862134746,0.56,0.57,0.565,0.01,439.35,549.09,643.04,1196.1,5060.6,5467.7,17,24,
2026-09-02 11:44:54,949795,4070711,LoL: ⁠Movistar KOI Fénix vs UCAM Esports Club - Game 2 Winner,map,2,2026-09-02 15:00:00,195.1,UCAM Esports Club,41039438257466072942601736792291787446225557576888178415468088757733707459444,0.43,0.44,0.435,0.01,883.9,3469.4,3727.3,345.65,441.08,530.6,24,17,
2026-09-02 11:44:54,949795,4070712,LoL: ⁠Movistar KOI Fénix vs UCAM Esports Club - Game 3 Winner,map,3,2026-09-02 15:00:00,195.1,⁠Movistar KOI Fénix,95186640058501624048301844833644897164662477912622100439556285839275660552365,0.55,0.56,0.555,0.01,566.5,639.11,659.51,5722.65,6800.65,10191.66,15,25,7.289423
2026-09-02 11:44:54,949795,4070712,LoL: ⁠Movistar KOI Fénix vs UCAM Esports Club - Game 3 Winner,map,3,2026-09-02 15:00:00,195.1,UCAM Esports Club,110426588827381142408901821759745041446792874046011634330188666343365268957357,0.44,0.45,0.445,0.01,4317.35,5089.35,7339.34,463.5,527.89,547.49,25,15,7.289423
2026-09-02 11:44:54,949795,4070713,LoL: ⁠Movistar KOI Fénix vs UCAM Esports Club - Game 4 Winner,map,4,2026-09-02 15:00:00,195.1,⁠Movistar KOI Fénix,72229191448487875263786075813229211716475863627118308516350252791421042813687,0.06,0.93,0.495,0.87,0.99,3.24,5.76,53.84,332.02,504.92,6,7,
2026-09-02 11:44:54,949795,4070713,LoL: ⁠Movistar KOI Fénix vs UCAM Esports Club - Game 4 Winner,map,4,2026-09-02 15:00:00,195.1,UCAM Esports Club,5205367514538553399772947952908922969760952516380115789147270250303413505136,0.07,0.94,0.505,0.87,3.52,16.25,20.46,17.13,87.93,326.28,7,6,
2026-09-02 11:44:54,949795,4070714,LoL: ⁠Movistar KOI Fénix vs UCAM Esports Club (BO5) - LES Final Four,series,,2026-09-02 15:00:00,195.1,⁠Movistar KOI Fénix,29318714266265293771367257413211942596904927488945065293906826918495398755055,0.6,0.61,0.605,0.01,762.77,1888.83,2238.05,12119.34,16793.91,19691.62,29,25,12357.694354999998
2026-09-02 11:44:54,949795,4070714,LoL: ⁠Movistar KOI Fénix vs UCAM Esports Club (BO5) - LES Final Four,series,,2026-09-02 15:00:00,195.1,UCAM Esports Club,111039682995669519871430052666279497734674198308228243269952860092186402557856,0.39,0.4,0.395,0.01,7634.6,10267.33,11776.83,511.23,1343.85,1625.02,25,29,12357.694354999998
2026-09-02 11:44:54,949795,4070715,Games Total: O/U 3.5,total_games,,2026-09-02 15:00:00,195.1,Over,100251648937977623817876493162771513835062731143605755869648161632513786609065,0.7,0.71,0.705,0.01,6.95,6.95,6.95,541.05,581.25,674.3,12,23,97.965516
2026-09-02 11:44:54,949795,4070715,Games Total: O/U 3.5,total_games,,2026-09-02 15:00:00,195.1,Under,8856522332947187862721126134331418895291998766552306820969792438558166647052,0.29,0.3,0.295,0.01,213.95,228.75,258.65,3.05,3.05,3.05,23,12,97.965516
2026-09-02 11:44:54,949795,4070716,Games Total: O/U 4.5,total_games,,2026-09-02 15:00:00,195.1,Over,25774229003803028742380083616240110408769496892058350425637108305636354916133,0.34,0.35,0.345,0.01,552.74,571.16,1006.24,350.0,368.5,370.45,19,12,82.48601
2026-09-02 11:44:54,949795,4070716,Games Total: O/U 4.5,total_games,,2026-09-02 15:00:00,195.1,Under,5852281562279974193610164245713763207319467798126674575451524370827149301018,0.65,0.66,0.655,0.01,650.0,650.0,884.87,1114.77,1155.76,2181.57,12,19,82.48601
2026-09-02 11:44:54,949795,4070717,Game Handicap: MKF (-1.5) vs UCAM Esports Club (+1.5),handicap,,2026-09-02 15:00:00,195.1,⁠Movistar KOI Fénix,26222499209140518104167354485963699111729237788666073800538826951830379295476,0.41,0.42,0.415,0.01,642.22,1032.22,1143.22,422.15,4928.41,4994.18,17,12,231
2026-09-02 11:44:54,949795,4070717,Game Handicap: MKF (-1.5) vs UCAM Esports Club (+1.5),handicap,,2026-09-02 15:00:00,195.1,UCAM Esports Club,59635232142286109126350534928107578379358160766579176166407143781888504821880,0.58,0.59,0.585,0.01,582.85,6318.09,6395.3,932.43,1542.43,1731.43,12,17,231
2026-09-02 11:44:54,949795,4070718,Game Handicap: MKF (-2.5) vs UCAM Esports Club (+2.5),handicap,,2026-09-02 15:00:00,195.1,⁠Movistar KOI Fénix,7686456128839416451443978534462183275080186509570290929662494011239628323512,0.18,0.19,0.185,0.01,270.72,589.73,676.2,191.0,226.7,237.42,16,13,139.052628
2026-09-02 11:44:54,949795,4070718,Game Handicap: MKF (-2.5) vs UCAM Esports Club (+2.5),handicap,,2026-09-02 15:00:00,195.1,UCAM Esports Club,56416313718032387825690902695677015345537825870806605165334782125249571305144,0.81,0.82,0.815,0.01,814.0,948.3,982.23,1313.28,3113.09,3644.27,13,16,139.052628
2026-09-02 11:44:54,949795,4070719,Game 1: Both Teams Slay Baron Nashor?,prop,1,2026-09-02 15:00:00,195.1,Yes,94654826457795041921384085511008812231073411715859019284013857953904408502383,0.06,0.48,0.27,0.42,176.0,176.0,177.18,36.7,212.7,212.7,3,11,
2026-09-02 11:44:54,949795,4070719,Game 1: Both Teams Slay Baron Nashor?,prop,1,2026-09-02 15:00:00,195.1,No,92454577343803663889569534519033994522109140582549947286444602234983744310382,0.52,0.94,0.73,0.42,38.3,214.3,214.3,2757.33,2757.33,2868.92,11,3,
2026-09-02 11:44:54,949795,4070720,Game 1: Both Teams Slay a Dragon?,prop,1,2026-09-02 15:00:00,195.1,Yes,52995419414731723857830737412958489384947373118883063208710130797968521285784,0.5,0.77,0.635,0.27,176.0,176.0,176.0,62.09,724.18,724.18,8,5,
2026-09-02 11:44:54,949795,4070720,Game 1: Both Teams Slay a Dragon?,prop,1,2026-09-02 15:00:00,195.1,No,52107237750505763236938845368228082620822803163569788505287651415715077395422,0.23,0.5,0.365,0.27,17.91,193.91,193.91,176.0,176.0,176.0,5,8,
2026-09-02 11:44:54,949795,4070721,Game 1: Both Teams Destroy Inhibitors?,prop,1,2026-09-02 15:00:00,195.1,Yes,115262225611141163174190771272749428226007958851145289881026010743562713339654,0.05,0.48,0.265,0.43,176.77,176.88,177.43,36.7,212.7,212.7,4,11,
2026-09-02 11:44:54,949795,4070721,Game 1: Both Teams Destroy Inhibitors?,prop,1,2026-09-02 15:00:00,195.1,No,98228153631618345015504764093727296005773123790002372137098582065679894880610,0.52,0.95,0.735,0.43,38.3,214.3,214.3,4238.61,4243.95,4298.6,11,4,
2026-09-02 11:44:54,949795,4070722,Game 1: Any Player Quadra Kill?,prop,1,2026-09-02 15:00:00,195.1,Yes,18583006206457101409734411668309487554386689575141809979684272007836041573036,0.04,0.49,0.265,0.45,176.0,176.1,176.1,188.25,188.25,188.25,2,10,
2026-09-02 11:44:54,949795,4070722,Game 1: Any Player Quadra Kill?,prop,1,2026-09-02 15:00:00,195.1,No,99882126930318761691006305415056094137303102477560167486957942503728695843538,0.51,0.96,0.735,0.45,188.75,188.75,188.75,4224.0,4233.9,4233.9,10,2,
2026-09-02 11:44:54,949795,4070723,Game 1: Any Player Penta Kill?,prop,1,2026-09-02 15:00:00,195.1,Yes,40790288749344278784108025765674661841808211091359021651999637006045088238395,0.01,0.49,0.25,0.48,176.1,176.1,176.1,188.25,188.25,188.25,1,10,
2026-09-02 11:44:54,949795,4070723,Game 1: Any Player Penta Kill?,prop,1,2026-09-02 15:00:00,195.1,No,93339236014769760145209182692585943867132135045300642617293895019170260301641,0.51,0.99,0.75,0.48,188.75,188.75,188.75,17433.9,17433.9,17433.9,10,1,
2026-09-02 11:44:54,949795,4070724,Game 1: Odd/Even Total Kills?,odd_even,1,2026-09-02 15:00:00,195.1,Odd,52778964914753201087744777949092485607164543338589570562458491237215786473504,0.49,0.51,0.5,0.02,7.76,7.76,7.76,8.07,8.07,8.07,11,11,
2026-09-02 11:44:54,949795,4070724,Game 1: Odd/Even Total Kills?,odd_even,1,2026-09-02 15:00:00,195.1,Even,95208246088465697732426483334048966022358902740645460485106518047165255281575,0.49,0.51,0.5,0.02,7.76,7.76,7.76,8.07,8.07,8.07,11,11,
2026-09-02 11:44:54,949795,4070725,Game 2: Both Teams Slay Baron Nashor?,prop,2,2026-09-02 15:00:00,195.1,Yes,109139785246926000663751242985177426577103762602114323077427754663077174462617,0.06,0.48,0.27,0.42,176.0,176.0,177.18,36.7,212.7,212.7,3,10,
2026-09-02 11:44:54,949795,4070725,Game 2: Both Teams Slay Baron Nashor?,prop,2,2026-09-02 15:00:00,195.1,No,56216763010147483913805991218945744335162197694508384566164596795733868089580,0.52,0.94,0.73,0.42,38.3,214.3,214.3,2757.33,2757.33,2867.81,10,3,
2026-09-02 11:44:54,949795,4070726,Game 2: Both Teams Slay a Dragon?,prop,2,2026-09-02 15:00:00,195.1,Yes,45175996764499928586398971072165732591919787707225129930748005411106370780864,0.5,0.77,0.635,0.27,176.0,176.0,176.0,58.2,720.29,720.29,8,4,
2026-09-02 11:44:54,949795,4070726,Game 2: Both Teams Slay a Dragon?,prop,2,2026-09-02 15:00:00,195.1,No,57696864909575511439668868727382842355089939958372866664914506751718857702167,0.23,0.5,0.365,0.27,16.8,192.8,192.8,176.0,176.0,176.0,4,8,
2026-09-02 11:44:54,949795,4070727,Game 2: Both Teams Destroy Inhibitors?,prop,2,2026-09-02 15:00:00,195.1,Yes,101634220980671359924460090186772648350053376325729554983760867295263816339892,0.05,0.48,0.265,0.43,176.79,176.89,177.43,36.7,212.7,212.7,4,11,
2026-09-02 11:44:54,949795,4070727,Game 2: Both Teams Destroy Inhibitors?,prop,2,2026-09-02 15:00:00,195.1,No,54455397815221930926810008668482649913546757037079005838455483966938219708653,0.52,0.95,0.735,0.43,38.3,214.3,214.3,4238.99,4244.1,4297.2,11,4,
2026-09-02 11:44:54,949795,4070728,Game 2: Any Player Quadra Kill?,prop,2,2026-09-02 15:00:00,195.1,Yes,87996679133327376815209218113937207380369090243056535085488092839271519725608,0.04,0.48,0.26,0.44,176.0,176.1,176.1,36.7,212.7,212.7,2,10,
2026-09-02 11:44:54,949795,4070728,Game 2: Any Player Quadra Kill?,prop,2,2026-09-02 15:00:00,195.1,No,18110896915391939643787415175781515081728293815971833603131505674555588398063,0.52,0.96,0.74,0.44,38.3,214.3,214.3,4224.0,4233.9,4233.9,10,2,
2026-09-02 11:44:54,949795,4070729,Game 2: Any Player Penta Kill?,prop,2,2026-09-02 15:00:00,195.1,Yes,83467643171057451216475105804760915522460783386563427919229258078139321669687,0.01,0.49,0.25,0.48,176.1,176.1,176.1,185.8,228.58,228.58,1,10,
2026-09-02 11:44:54,949795,4070729,Game 2: Any Player Penta Kill?,prop,2,2026-09-02 15:00:00,195.1,No,107427133465369416408419424306833094973047639794269251874695765330467641210846,0.51,0.99,0.75,0.48,186.2,227.3,227.3,17433.9,17433.9,17433.9,10,1,
2026-09-02 11:44:54,949795,4070730,Game 2: Odd/Even Total Kills?,odd_even,2,2026-09-02 15:00:00,195.1,Odd,88456060868869423221491694123468741662673900398472180445759389181444037939526,0.49,0.51,0.5,0.02,7.76,7.76,7.76,8.07,8.07,8.07,12,11,
2026-09-02 11:44:54,949795,4070730,Game 2: Odd/Even Total Kills?,odd_even,2,2026-09-02 15:00:00,195.1,Even,5447184450818157966965486137094386135723624845927310546052596382275709489458,0.49,0.51,0.5,0.02,7.76,7.76,7.76,8.07,8.07,8.07,11,12,
2026-09-02 11:44:54,949795,4070731,Game 3: Both Teams Slay Baron Nashor?,prop,3,2026-09-02 15:00:00,195.1,Yes,67936481863927197765497960588669921665118347986288349110053634780107570529805,0.06,0.48,0.27,0.42,176.0,176.0,177.18,36.7,212.7,212.7,3,11,
2026-09-02 11:44:54,949795,4070731,Game 3: Both Teams Slay Baron Nashor?,prop,3,2026-09-02 15:00:00,195.1,No,79969218547605939763510612170988555578811184711157808846987034264904268419894,0.52,0.94,0.73,0.42,38.3,214.3,214.3,2757.33,2757.33,2866.74,11,3,
2026-09-02 11:44:54,949795,4070732,Game 3: Both Teams Slay a Dragon?,prop,3,2026-09-02 15:00:00,195.1,Yes,38867270390048387494000905082854300748387196018724055908690603294548857972531,0.5,0.77,0.635,0.27,176.0,176.0,176.0,58.2,720.29,720.29,8,4,
2026-09-02 11:44:54,949795,4070732,Game 3: Both Teams Slay a Dragon?,prop,3,2026-09-02 15:00:00,195.1,No,77205538924881218507241453945975259772423685031881449635177169237252380738812,0.23,0.5,0.365,0.27,16.8,192.8,192.8,176.0,176.0,176.0,4,8,
2026-09-02 11:44:54,949795,4070733,Game 3: Both Teams Destroy Inhibitors?,prop,3,2026-09-02 15:00:00,195.1,Yes,113409198741002505026976769507641997362410257774428378961228898112498534249005,0.05,0.48,0.265,0.43,176.77,176.9,177.43,36.7,212.7,212.7,4,11,
2026-09-02 11:44:54,949795,4070733,Game 3: Both Teams Destroy Inhibitors?,prop,3,2026-09-02 15:00:00,195.1,No,115730483323590729471608252481372013982822921924894346018277132949525880474656,0.52,0.95,0.735,0.43,38.3,214.3,214.3,4238.63,4244.79,4297.65,11,4,
2026-09-02 11:44:54,949795,4070734,Game 3: Any Player Quadra Kill?,prop,3,2026-09-02 15:00:00,195.1,Yes,56464024203016727427064240896906587462924622881496039616627060844937883325346,0.04,0.49,0.265,0.45,176.0,176.1,176.1,188.25,188.25,188.25,2,10,
2026-09-02 11:44:54,949795,4070734,Game 3: Any Player Quadra Kill?,prop,3,2026-09-02 15:00:00,195.1,No,86314912513898523744087061188448607745210828465895323370759479248856207469617,0.51,0.96,0.735,0.45,188.75,188.75,188.75,4224.0,4233.9,4233.9,10,2,
2026-09-02 11:44:54,949795,4070735,Game 3: Any Player Penta Kill?,prop,3,2026-09-02 15:00:00,195.1,Yes,22603865688163713484372891858443268988507753588502431569632561952845185401711,0.01,0.49,0.25,0.48,176.1,176.1,176.1,188.25,188.25,188.25,1,10,
2026-09-02 11:44:54,949795,4070735,Game 3: Any Player Penta Kill?,prop,3,2026-09-02 15:00:00,195.1,No,37892699768412359976341449853165951130008398771381962139948619953957178868837,0.51,0.99,0.75,0.48,188.75,188.75,188.75,17433.9,17433.9,17433.9,10,1,
2026-09-02 11:44:54,949795,4070736,Game 3: Odd/Even Total Kills?,odd_even,3,2026-09-02 15:00:00,195.1,Odd,12371866395494844101436703068965094988406118440905819515708477372780554778030,0.49,0.51,0.5,0.02,7.76,7.76,7.76,8.07,8.07,8.07,12,12,
2026-09-02 11:44:54,949795,4070736,Game 3: Odd/Even Total Kills?,odd_even,3,2026-09-02 15:00:00,195.1,Even,57568898553233919328234825447443042526022025718059507171298769508075635461445,0.49,0.51,0.5,0.02,7.76,7.76,7.76,8.07,8.07,8.07,12,12,
2026-09-02 11:44:54,949795,4070737,Game 4: Both Teams Slay Baron Nashor?,prop,4,2026-09-02 15:00:00,195.1,Yes,71384486250444698971162735396772424850061955644313804792773577678063714898488,0.07,0.98,0.525,0.91,176.45,176.45,176.59,269.21,269.21,269.21,4,2,
2026-09-02 11:44:54,949795,4070737,Game 4: Both Teams Slay Baron Nashor?,prop,4,2026-09-02 15:00:00,195.1,No,103159134292205783585224697534086662072278307066256319276314491674816319493370,0.02,0.93,0.475,0.91,3.18,3.18,3.18,2763.36,2763.36,2770.08,2,4,
2026-09-02 11:44:54,949795,4070738,Game 4: Both Teams Slay a Dragon?,prop,4,2026-09-02 15:00:00,195.1,Yes,55209243224155390954760050133312404098199709055724614874984843100579169123892,0.02,0.77,0.395,0.75,3.18,3.18,3.18,54.35,716.44,716.44,2,5,
2026-09-02 11:44:54,949795,4070738,Game 4: Both Teams Slay a Dragon?,prop,4,2026-09-02 15:00:00,195.1,No,44511311912997378421117773873257369228650031493491887640500841059731221523922,0.23,0.98,0.605,0.75,15.65,191.65,191.65,270.53,270.53,270.53,5,2,
2026-09-02 11:44:54,949795,4070739,Game 4: Both Teams Destroy Inhibitors?,prop,4,2026-09-02 15:00:00,195.1,Yes,23703586997760331113787752409905820368339040086310108015610345797517668779389,0.05,0.98,0.515,0.93,176.57,176.69,177.18,269.21,269.21,269.21,4,2,
2026-09-02 11:44:54,949795,4070739,Game 4: Both Teams Destroy Inhibitors?,prop,4,2026-09-02 15:00:00,195.1,No,62343051926308060643419167296999926909977740107698190965430162862030404972683,0.02,0.95,0.485,0.93,3.18,3.18,3.18,4234.89,4240.64,4289.11,2,4,
2026-09-02 11:44:54,949795,4070740,Game 4: Any Player Quadra Kill?,prop,4,2026-09-02 15:00:00,195.1,Yes,78789674566831897755399583475329990878442388879543440076538644495966107607795,0.04,0.99,0.515,0.95,176.0,176.1,176.1,9.9,9.9,9.9,2,1,
2026-09-02 11:44:54,949795,4070740,Game 4: Any Player Quadra Kill?,prop,4,2026-09-02 15:00:00,195.1,No,2884823518393107624085996360677238378111182062965164278376523194778920841014,0.01,0.96,0.485,0.95,0.1,0.1,0.1,4224.0,4233.9,4233.9,1,2,
2026-09-02 11:44:54,949795,4070741,Game 4: Any Player Penta Kill?,prop,4,2026-09-02 15:00:00,195.1,Yes,23580523442547038542956952490719506184922680728916167225583772261303921221944,0.01,0.99,0.5,0.98,176.1,176.1,176.1,9.9,9.9,9.9,1,1,
2026-09-02 11:44:54,949795,4070741,Game 4: Any Player Penta Kill?,prop,4,2026-09-02 15:00:00,195.1,No,637088716602844535085856556979677648803576632397746445292854252972313128707,0.01,0.99,0.5,0.98,0.1,0.1,0.1,17433.9,17433.9,17433.9,1,1,
2026-09-02 11:44:54,949795,4070742,Game 4: Odd/Even Total Kills?,odd_even,4,2026-09-02 15:00:00,195.1,Odd,95633255456806658753479533450801580462420630595087692283810126072969367669238,0.49,0.51,0.5,0.02,7.76,7.76,7.76,8.07,8.07,8.07,12,12,
2026-09-02 11:44:54,949795,4070742,Game 4: Odd/Even Total Kills?,odd_even,4,2026-09-02 15:00:00,195.1,Even,40157601345641242005629234244046069864271171602834075052166127941330915517826,0.49,0.51,0.5,0.02,7.76,7.76,7.76,8.07,8.07,8.07,12,12,
2026-09-02 11:44:54,949795,4070743,Game 5: Both Teams Slay Baron Nashor?,prop,5,2026-09-02 15:00:00,195.1,Yes,37685860448488010291862400418999172459716776786977432475249418756414967602131,0.07,0.98,0.525,0.91,176.45,176.45,176.6,269.21,269.21,269.21,4,2,
2026-09-02 11:44:54,949795,4070743,Game 5: Both Teams Slay Baron Nashor?,prop,5,2026-09-02 15:00:00,195.1,No,76784124127151212794287054278544154465844978454253439256314228674118167116108,0.02,0.93,0.475,0.91,3.18,3.18,3.18,2763.36,2763.36,2770.36,2,4,
2026-09-02 11:44:54,949795,4070744,Game 5: Both Teams Slay a Dragon?,prop,5,2026-09-02 15:00:00,195.1,Yes,89235403393297403307277676237203267985387913048338856466887038094443669579220,0.02,0.77,0.395,0.75,3.18,3.18,3.18,54.35,716.44,716.44,2,5,
2026-09-02 11:44:54,949795,4070744,Game 5: Both Teams Slay a Dragon?,prop,5,2026-09-02 15:00:00,195.1,No,8296254108909574055576010374838340305356516001787831078793484807818939708751,0.23,0.98,0.605,0.75,15.65,191.65,191.65,270.53,270.53,270.53,5,2,
2026-09-02 11:44:54,949795,4070745,Game 5: Both Teams Destroy Inhibitors?,prop,5,2026-09-02 15:00:00,195.1,Yes,106025736443231289034562446747995685238367841159114289660629408699757673720520,0.05,0.98,0.515,0.93,176.65,176.65,177.18,269.21,269.21,269.21,3,2,
2026-09-02 11:44:54,949795,4070745,Game 5: Both Teams Destroy Inhibitors?,prop,5,2026-09-02 15:00:00,195.1,No,21668127109108995352633252887044323015797204527621819883380805361260449008458,0.02,0.95,0.485,0.93,3.18,3.18,3.18,4236.44,4236.44,4288.45,2,3,
2026-09-02 11:44:54,949795,4070746,Game 5: Any Player Quadra Kill?,prop,5,2026-09-02 15:00:00,195.1,Yes,76149332903454888378428208399141970212340351581685900698890427507531748246071,0.04,0.99,0.515,0.95,176.0,176.1,176.1,9.9,9.9,9.9,2,1,
2026-09-02 11:44:54,949795,4070746,Game 5: Any Player Quadra Kill?,prop,5,2026-09-02 15:00:00,195.1,No,104466611206011586918800703455884633057932196990332366719358490314108975930000,0.01,0.96,0.485,0.95,0.1,0.1,0.1,4224.0,4233.9,4233.9,1,2,
2026-09-02 11:44:54,949795,4070747,Game 5: Any Player Penta Kill?,prop,5,2026-09-02 15:00:00,195.1,Yes,95735919793426598344948664182529764975080670969817106864711748802692766990807,0.01,0.99,0.5,0.98,176.1,176.1,176.1,9.9,9.9,9.9,1,1,
2026-09-02 11:44:54,949795,4070747,Game 5: Any Player Penta Kill?,prop,5,2026-09-02 15:00:00,195.1,No,105592100829695868394303779416659057270292101055370580901904379936342410637122,0.01,0.99,0.5,0.98,0.1,0.1,0.1,17433.9,17433.9,17433.9,1,1,
2026-09-02 11:44:54,949795,4070748,Game 5: Odd/Even Total Kills?,odd_even,5,2026-09-02 15:00:00,195.1,Odd,24549233275460721321034409158423523075398620999376535924422267622818803298640,0.49,0.51,0.5,0.02,7.76,7.76,7.76,8.07,8.07,8.07,11,12,
2026-09-02 11:44:54,949795,4070748,Game 5: Odd/Even Total Kills?,odd_even,5,2026-09-02 15:00:00,195.1,Even,48434703786661500048846460332110667639919366198510461016067076382680706887859,0.49,0.51,0.5,0.02,7.76,7.76,7.76,8.07,8.07,8.07,12,11,
2026-09-02 11:44:54,950966,4093958,LoL: Barcząca Esports vs Orbit Anonymo - Game 1 Winner,map,1,2026-09-02 15:00:00,195.1,Barcząca Esports,29795383102143865510314620720709776658099125129849966572978739689204820133247,0.51,0.54,0.525,0.03,65.52,443.79,529.59,70.98,469.23,699.44,14,23,
2026-09-02 11:44:54,950966,4093958,LoL: Barcząca Esports vs Orbit Anonymo - Game 1 Winner,map,1,2026-09-02 15:00:00,195.1,Orbit Anonymo,60952824639139886926506209435737492383170391441093848292611076939741989835169,0.46,0.49,0.475,0.03,59.02,363.85,527.11,64.48,470.81,567.57,23,14,
2026-09-02 11:44:54,950966,4093959,LoL: Barcząca Esports vs Orbit Anonymo - Game 2 Winner,map,2,2026-09-02 15:00:00,195.1,Barcząca Esports,115662949463080705296041003513692938755074533177411901003629778414800549278000,0.51,0.54,0.525,0.03,62.85,564.53,682.08,65.97,528.23,833.74,16,23,
2026-09-02 11:44:54,950966,4093959,LoL: Barcząca Esports vs Orbit Anonymo - Game 2 Winner,map,2,2026-09-02 15:00:00,195.1,Orbit Anonymo,51528965879335693039016930385612967281533713656500718615622776624367874091814,0.46,0.49,0.475,0.03,54.63,404.99,620.89,62.15,602.14,735.63,23,16,
2026-09-02 11:44:54,950966,4093960,LoL: Barcząca Esports vs Orbit Anonymo (BO3) - Rift Legends Gauntlet Stage,series,,2026-09-02 15:00:00,195.1,Barcząca Esports,15964400420147129406836695460348464558529584686155909966717145964842800794124,0.54,0.55,0.545,0.01,205.81,493.42,1166.91,448.27,1274.42,1866.93,17,24,119.61702
2026-09-02 11:44:54,950966,4093960,LoL: Barcząca Esports vs Orbit Anonymo (BO3) - Rift Legends Gauntlet Stage,series,,2026-09-02 15:00:00,195.1,Orbit Anonymo,98159901504236207898853844350484092908562391700869781298786543342484644873949,0.45,0.46,0.455,0.01,352.48,966.96,1367.05,177.11,448.94,1129.44,24,17,119.61702
2026-09-02 11:44:54,950966,4093961,Games Total: O/U 2.5,total_games,,2026-09-02 15:00:00,195.1,Over,9977082283937560557041109574959853859184568303715757963659911414935525133483,0.48,0.49,0.485,0.01,26.4,26.4,28.6,27.0,43.95,55.61,19,15,
2026-09-02 11:44:54,950966,4093961,Games Total: O/U 2.5,total_games,,2026-09-02 15:00:00,195.1,Under,77003613668434913659192545482486374005330107717155427269933179626490635957382,0.51,0.52,0.515,0.01,28.0,44.05,54.39,28.6,28.6,31.4,15,19,
2026-09-02 11:44:54,950966,4093962,Game 1: Both Teams Slay Baron Nashor?,prop,1,2026-09-02 15:00:00,195.1,Yes,100847128775950978159484956103362172846736753351367583404097055096220265580733,0.06,0.48,0.27,0.42,176.0,176.0,177.18,36.7,212.7,212.7,3,11,
2026-09-02 11:44:54,950966,4093962,Game 1: Both Teams Slay Baron Nashor?,prop,1,2026-09-02 15:00:00,195.1,No,53789563290280243262648259064339909942356752466713314022920953830635338431061,0.52,0.94,0.73,0.42,38.3,214.3,214.3,2757.33,2757.33,2868.2,11,3,
2026-09-02 11:44:54,950966,4093963,Game 1: Both Teams Slay a Dragon?,prop,1,2026-09-02 15:00:00,195.1,Yes,100756963702740820659565003264782338746335997449397834219321904060420719608084,0.5,0.77,0.635,0.27,176.0,176.0,176.0,13.15,751.91,751.91,8,5,
2026-09-02 11:44:54,950966,4093963,Game 1: Both Teams Slay a Dragon?,prop,1,2026-09-02 15:00:00,195.1,No,110908910631487537103978656429543898367196598283009420375040819850049933038797,0.23,0.5,0.365,0.27,3.85,189.09,189.09,176.0,176.0,176.0,5,8,
2026-09-02 11:44:54,950966,4093964,Game 1: Both Teams Destroy Inhibitors?,prop,1,2026-09-02 15:00:00,195.1,Yes,10409541393612468829585372407069878411592978673081840136476737490004997623277,0.05,0.48,0.265,0.43,176.66,176.82,177.43,36.7,212.7,212.7,4,11,
2026-09-02 11:44:54,950966,4093964,Game 1: Both Teams Destroy Inhibitors?,prop,1,2026-09-02 15:00:00,195.1,No,54980107051457895827573947589985079334719234236591191710491304806091491348003,0.52,0.95,0.735,0.43,38.3,214.3,214.3,4236.58,4244.18,4304.83,11,4,
2026-09-02 11:44:54,950966,4093965,Game 1: Any Player Quadra Kill?,prop,1,2026-09-02 15:00:00,195.1,Yes,114408134162596423137681072785145127668594875778739062648130505620740404658427,0.04,0.47,0.255,0.43,176.0,176.1,176.1,2.35,200.4,200.4,2,10,
2026-09-02 11:44:54,950966,4093965,Game 1: Any Player Quadra Kill?,prop,1,2026-09-02 15:00:00,195.1,No,79966864022375915793424459638246916117161231912029264905315407652122708877722,0.53,0.96,0.745,0.43,2.65,201.6,201.6,4224.0,4233.9,4233.9,10,2,
2026-09-02 11:44:54,950966,4093966,Game 1: Any Player Penta Kill?,prop,1,2026-09-02 15:00:00,195.1,Yes,29699401879292871778290358569722411876783525172149205510821908059951291668796,0.01,0.49,0.25,0.48,0.1,0.1,0.1,204.62,204.62,204.62,1,9,
2026-09-02 11:44:54,950966,4093966,Game 1: Any Player Penta Kill?,prop,1,2026-09-02 15:00:00,195.1,No,20666139653063672896350530737227172458675952568234813542321769187217336536832,0.51,0.99,0.75,0.48,205.12,205.12,205.12,9.9,9.9,9.9,9,1,
2026-09-02 11:44:54,950966,4093967,Game 1: Odd/Even Total Kills?,odd_even,1,2026-09-02 15:00:00,195.1,Odd,61508028233284380923688476595688171899849737559243666808826428801668425624400,0.49,0.51,0.5,0.02,7.76,7.76,7.76,8.07,8.07,8.07,13,14,
2026-09-02 11:44:54,950966,4093967,Game 1: Odd/Even Total Kills?,odd_even,1,2026-09-02 15:00:00,195.1,Even,7792098322768775574979626841181187675911073166783496753611511681282521222766,0.49,0.51,0.5,0.02,7.76,7.76,7.76,8.07,8.07,8.07,14,13,
2026-09-02 11:44:54,950966,4093968,Game 2: Both Teams Slay Baron Nashor?,prop,2,2026-09-02 15:00:00,195.1,Yes,56203012934336179321607500892523692209969520325273835741435180034756931247919,0.06,0.48,0.27,0.42,176.0,176.0,177.18,36.7,212.7,212.7,3,11,
2026-09-02 11:44:54,950966,4093968,Game 2: Both Teams Slay Baron Nashor?,prop,2,2026-09-02 15:00:00,195.1,No,84619648134480479326450216493476663392200540672667356615520103085897418735103,0.52,0.94,0.73,0.42,38.3,214.3,214.3,2757.33,2757.33,2868.71,11,3,
2026-09-02 11:44:54,950966,4093969,Game 2: Both Teams Slay a Dragon?,prop,2,2026-09-02 15:00:00,195.1,Yes,88052563532750599764643732467648628967006545066027809349156929599135887222182,0.5,0.78,0.64,0.28,176.0,176.0,176.0,58.95,762.95,762.95,8,4,
2026-09-02 11:44:54,950966,4093969,Game 2: Both Teams Slay a Dragon?,prop,2,2026-09-02 15:00:00,195.1,No,96581409509857092208467817264377227403797106950460190302081789175001469905503,0.22,0.5,0.36,0.28,16.05,192.05,192.05,176.0,176.0,176.0,4,8,
2026-09-02 11:44:54,950966,4093970,Game 2: Both Teams Destroy Inhibitors?,prop,2,2026-09-02 15:00:00,195.1,Yes,73595999869731214961155884023679027748029814324903609989866986956293703526804,0.05,0.48,0.265,0.43,176.71,176.84,177.43,36.7,212.7,212.7,4,11,
2026-09-02 11:44:54,950966,4093970,Game 2: Both Teams Destroy Inhibitors?,prop,2,2026-09-02 15:00:00,195.1,No,54327850701326210290387055516118219711394756920059200514530607794362128593747,0.52,0.95,0.735,0.43,38.3,214.3,214.3,4237.54,4243.68,4302.3,11,4,
2026-09-02 11:44:54,950966,4093971,Game 2: Any Player Quadra Kill?,prop,2,2026-09-02 15:00:00,195.1,Yes,39093232370335438840088476550486663824031692270627637707574328877246258140769,0.04,0.48,0.26,0.44,176.0,176.1,176.1,36.7,212.7,212.7,2,10,
2026-09-02 11:44:54,950966,4093971,Game 2: Any Player Quadra Kill?,prop,2,2026-09-02 15:00:00,195.1,No,6082346912767671090748712699215047206177723229876643348165388894218333173953,0.52,0.96,0.74,0.44,38.3,214.3,214.3,4224.0,4233.9,4233.9,10,2,
2026-09-02 11:44:54,950966,4093972,Game 2: Any Player Penta Kill?,prop,2,2026-09-02 15:00:00,195.1,Yes,83070288372130290373136417980033419907047327984363649610657361695606484217817,0.01,0.49,0.25,0.48,0.1,0.1,0.1,185.8,228.58,228.58,1,10,
2026-09-02 11:44:54,950966,4093972,Game 2: Any Player Penta Kill?,prop,2,2026-09-02 15:00:00,195.1,No,5594600117434360651024091048213515187985270199167495345664406961344346789754,0.51,0.99,0.75,0.48,186.2,227.3,227.3,9.9,9.9,9.9,10,1,
2026-09-02 11:44:54,950966,4093973,Game 2: Odd/Even Total Kills?,odd_even,2,2026-09-02 15:00:00,195.1,Odd,101028750341498608592713983587713868410929772438926679814481119515882535899686,0.49,0.51,0.5,0.02,7.76,7.76,7.76,8.07,8.07,8.07,13,14,
2026-09-02 11:44:54,950966,4093973,Game 2: Odd/Even Total Kills?,odd_even,2,2026-09-02 15:00:00,195.1,Even,2601871484719654379093040768911096557439964971900194660146588426643430697759,0.49,0.51,0.5,0.02,7.76,7.76,7.76,8.07,8.07,8.07,14,13,
2026-09-02 11:44:54,950966,4093974,Game 3: Both Teams Slay Baron Nashor?,prop,3,2026-09-02 15:00:00,195.1,Yes,15194779528839736656561798572316811164895726836719390530493161087298554219650,0.07,0.99,0.53,0.92,176.45,176.45,176.57,116.81,116.81,116.81,4,1,
2026-09-02 11:44:54,950966,4093974,Game 3: Both Teams Slay Baron Nashor?,prop,3,2026-09-02 15:00:00,195.1,No,4855295118687644005251613144047448353158659758474729334343709542333475826085,0.01,0.93,0.47,0.92,1.18,1.18,1.18,2763.31,2763.31,2769.06,1,4,
2026-09-02 11:44:54,950966,4093975,Game 3: Both Teams Slay a Dragon?,prop,3,2026-09-02 15:00:00,195.1,Yes,68656173736424973616279590774994280678574601901357477692476197364933838097765,0.01,0.77,0.39,0.76,1.18,1.18,1.18,3.85,743.4,743.4,1,4,
2026-09-02 11:44:54,950966,4093975,Game 3: Both Teams Slay a Dragon?,prop,3,2026-09-02 15:00:00,195.1,No,97895032223336937573676535556916913978756332400095935984520163165650735459671,0.23,0.99,0.61,0.76,1.15,186.6,186.6,116.82,116.82,116.82,4,1,
2026-09-02 11:44:54,950966,4093976,Game 3: Both Teams Destroy Inhibitors?,prop,3,2026-09-02 15:00:00,195.1,Yes,66918764419972819299754733571791040308515246874996080035782468368124812977169,0.05,0.98,0.515,0.93,176.64,176.85,177.18,269.21,269.21,269.21,4,2,
2026-09-02 11:44:54,950966,4093976,Game 3: Both Teams Destroy Inhibitors?,prop,3,2026-09-02 15:00:00,195.1,No,92249015230949621844576020854596929742521899571076540938404381150807399371559,0.02,0.95,0.485,0.93,3.18,3.18,3.18,4236.17,4246.34,4279.19,2,4,
2026-09-02 11:44:54,950966,4093977,Game 3: Any Player Quadra Kill?,prop,3,2026-09-02 15:00:00,195.1,Yes,87737840052207076042598286952451940773263575661599499549827467469521464201281,0.04,0.99,0.515,0.95,176.0,176.1,176.1,9.9,9.9,9.9,2,1,
2026-09-02 11:44:54,950966,4093977,Game 3: Any Player Quadra Kill?,prop,3,2026-09-02 15:00:00,195.1,No,43782754060738034757820578730899277244889130069510428677777605284233496938483,0.01,0.96,0.485,0.95,0.1,0.1,0.1,4224.0,4233.9,4233.9,1,2,
2026-09-02 11:44:54,950966,4093978,Game 3: Any Player Penta Kill?,prop,3,2026-09-02 15:00:00,195.1,Yes,55062851547789273804686593327527583878416892484728173271272629694682556530078,0.01,0.99,0.5,0.98,0.1,0.1,0.1,9.9,9.9,9.9,1,1,
2026-09-02 11:44:54,950966,4093978,Game 3: Any Player Penta Kill?,prop,3,2026-09-02 15:00:00,195.1,No,33419833559149709336776249202111858479610198103710561747224242550066380742556,0.01,0.99,0.5,0.98,0.1,0.1,0.1,9.9,9.9,9.9,1,1,
2026-09-02 11:44:54,950966,4093980,Game 3: Odd/Even Total Kills?,odd_even,3,2026-09-02 15:00:00,195.1,Odd,18072181541873373076824041580350389435357442557504025598876978860655607729704,0.49,0.51,0.5,0.02,7.76,7.76,7.76,8.07,8.07,8.07,12,14,
2026-09-02 11:44:54,950966,4093980,Game 3: Odd/Even Total Kills?,odd_even,3,2026-09-02 15:00:00,195.1,Even,53954960067703360294063210198745099445669495245924132350984521986967947990099,0.49,0.51,0.5,0.02,7.76,7.76,7.76,8.07,8.07,8.07,14,12,
2026-09-02 11:44:54,950966,4109055,Game Handicap: BCE (-1.5) vs Anonymo Esports (+1.5),handicap,,2026-09-02 15:00:00,195.1,Barcząca Esports,36566502244739324453161198760609627973408948984366586217081673750773925934172,0.25,0.34,0.295,0.09,135.63,250.63,292.63,69.53,69.53,69.53,17,11,
2026-09-02 11:44:54,950966,4109055,Game Handicap: BCE (-1.5) vs Anonymo Esports (+1.5),handicap,,2026-09-02 15:00:00,195.1,Anonymo Esports,84777037275374038152786615092669530359700234411723256294178866042992836726216,0.66,0.75,0.705,0.09,134.97,134.97,134.97,406.89,791.89,949.89,11,17,
